resume_id,embedding_row
R_000000,0
R_000001,1
R_000002,2
R_000003,3
R_000004,4
R_000005,5
R_000006,6
R_000007,7
R_000008,8
R_000009,9
R_000010,10
R_000011,11
R_000012,12
R_000013,13
R_000014,14
R_000015,15
R_000016,16
R_000017,17
R_000018,18
R_000019,19
R_000020,20
R_000021,21
R_000022,22
R_000023,23
R_000024,24
R_000025,25
R_000026,26
R_000027,27
R_000028,28
R_000029,29
R_000030,30
R_000031,31
R_000032,32
R_000033,33
R_000034,34
R_000035,35
R_000036,36
R_000037,37
R_000038,38
R_000039,39
R_000040,40
R_000041,41
R_000042,42
R_000043,43
R_000044,44
R_000045,45
R_000046,46
R_000047,47
R_000048,48
R_000049,49
R_000050,50
R_000051,51
R_000052,52
R_000053,53
R_000054,54
R_000055,55
R_000056,56
R_000057,57
R_000058,58
R_000059,59
R_000060,60
R_000061,61
R_000062,62
R_000063,63
R_000064,64
R_000065,65
R_000066,66
R_000067,67
R_000068,68
R_000069,69
R_000070,70
R_000071,71
R_000072,72
R_000073,73
R_000074,74
R_000075,75
R_000076,76
R_000077,77
R_000078,78
R_000079,79
R_000080,80
R_000081,81
R_000082,82
R_000083,83
R_000084,84
R_000085,85
R_000086,86
R_000087,87
R_000088,88
R_000089,89
R_000090,90
R_000091,91
R_000092,92
R_000093,93
R_000094,94
R_000095,95
R_000096,96
R_000097,97
R_000098,98
R_000099,99
R_000100,100
R_000101,101
R_000102,102
R_000103,103
R_000104,104
R_000105,105
R_000106,106
R_000107,107
R_000108,108
R_000109,109
R_000110,110
R_000111,111
R_000112,112
R_000113,113
R_000114,114
R_000115,115
R_000116,116
R_000117,117
R_000118,118
R_000119,119
R_000120,120
R_000121,121
R_000122,122
R_000123,123
R_000124,124
R_000125,125
R_000126,126
R_000127,127
R_000128,128
R_000129,129
R_000130,130
R_000131,131
R_000132,132
R_000133,133
R_000134,134
R_000135,135
R_000136,136
R_000137,137
R_000138,138
R_000139,139
R_000140,140
R_000141,141
R_000142,142
R_000143,143
R_000144,144
R_000145,145
R_000146,146
R_000147,147
R_000148,148
R_000149,149
R_000150,150
R_000151,151
R_000152,152
R_000153,153
R_000154,154
R_000155,155
R_000156,156
R_000157,157
R_000158,158
R_000159,159
R_000160,160
R_000161,161
R_000162,162
R_000163,163
R_000164,164
R_000165,165
R_000166,166
R_000167,167
R_000168,168
R_000169,169
R_000170,170
R_000171,171
R_000172,172
R_000173,173
R_000174,174
R_000175,175
R_000176,176
R_000177,177
R_000178,178
R_000179,179
R_000180,180
R_000181,181
R_000182,182
R_000183,183
R_000184,184
R_000185,185
R_000186,186
R_000187,187
R_000188,188
R_000189,189
R_000190,190
R_000191,191
R_000192,192
R_000193,193
R_000194,194
R_000195,195
R_000196,196
R_000197,197
R_000198,198
R_000199,199
R_000200,200
R_000201,201
R_000202,202
R_000203,203
R_000204,204
R_000205,205
R_000206,206
R_000207,207
R_000208,208
R_000209,209
R_000210,210
R_000211,211
R_000212,212
R_000213,213
R_000214,214
R_000215,215
R_000216,216
R_000217,217
R_000218,218
R_000219,219
R_000220,220
R_000221,221
R_000222,222
R_000223,223
R_000224,224
R_000225,225
R_000226,226
R_000227,227
R_000228,228
R_000229,229
R_000230,230
R_000231,231
R_000232,232
R_000233,233
R_000234,234
R_000235,235
R_000236,236
R_000237,237
R_000238,238
R_000239,239
R_000240,240
R_000241,241
R_000242,242
R_000243,243
R_000244,244
R_000245,245
R_000246,246
R_000247,247
R_000248,248
R_000249,249
R_000250,250
R_000251,251
R_000252,252
R_000253,253
R_000254,254
R_000255,255
R_000256,256
R_000257,257
R_000258,258
R_000259,259
R_000260,260
R_000261,261
R_000262,262
R_000263,263
R_000264,264
R_000265,265
R_000266,266
R_000267,267
R_000268,268
R_000269,269
R_000270,270
R_000271,271
R_000272,272
R_000273,273
R_000274,274
R_000275,275
R_000276,276
R_000277,277
R_000278,278
R_000279,279
R_000280,280
R_000281,281
R_000282,282
R_000283,283
R_000284,284
R_000285,285
R_000286,286
R_000287,287
R_000288,288
R_000289,289
R_000290,290
R_000291,291
R_000292,292
R_000293,293
R_000294,294
R_000295,295
R_000296,296
R_000297,297
R_000298,298
R_000299,299
R_000300,300
R_000301,301
R_000302,302
R_000303,303
R_000304,304
R_000305,305
R_000306,306
R_000307,307
R_000308,308
R_000309,309
R_000310,310
R_000311,311
R_000312,312
R_000313,313
R_000314,314
R_000315,315
R_000316,316
R_000317,317
R_000318,318
R_000319,319
R_000320,320
R_000321,321
R_000322,322
R_000323,323
R_000324,324
R_000325,325
R_000326,326
R_000327,327
R_000328,328
R_000329,329
R_000330,330
R_000331,331
R_000332,332
R_000333,333
R_000334,334
R_000335,335
R_000336,336
R_000337,337
R_000338,338
R_000339,339
R_000340,340
R_000341,341
R_000342,342
R_000343,343
R_000344,344
R_000345,345
R_000346,346
R_000347,347
R_000348,348
R_000349,349
R_000350,350
R_000351,351
R_000352,352
R_000353,353
R_000354,354
R_000355,355
R_000356,356
R_000357,357
R_000358,358
R_000359,359
R_000360,360
R_000361,361
R_000362,362
R_000363,363
R_000364,364
R_000365,365
R_000366,366
R_000367,367
R_000368,368
R_000369,369
R_000370,370
R_000371,371
R_000372,372
R_000373,373
R_000374,374
R_000375,375
R_000376,376
R_000377,377
R_000378,378
R_000379,379
R_000380,380
R_000381,381
R_000382,382
R_000383,383
R_000384,384
R_000385,385
R_000386,386
R_000387,387
R_000388,388
R_000389,389
R_000390,390
R_000391,391
R_000392,392
R_000393,393
R_000394,394
R_000395,395
R_000396,396
R_000397,397
R_000398,398
R_000399,399
R_000400,400
R_000401,401
R_000402,402
R_000403,403
R_000404,404
R_000405,405
R_000406,406
R_000407,407
R_000408,408
R_000409,409
R_000410,410
R_000411,411
R_000412,412
R_000413,413
R_000414,414
R_000415,415
R_000416,416
R_000417,417
R_000418,418
R_000419,419
R_000420,420
R_000421,421
R_000422,422
R_000423,423
R_000424,424
R_000425,425
R_000426,426
R_000427,427
R_000428,428
R_000429,429
R_000430,430
R_000431,431
R_000432,432
R_000433,433
R_000434,434
R_000435,435
R_000436,436
R_000437,437
R_000438,438
R_000439,439
R_000440,440
R_000441,441
R_000442,442
R_000443,443
R_000444,444
R_000445,445
R_000446,446
R_000447,447
R_000448,448
R_000449,449
R_000450,450
R_000451,451
R_000452,452
R_000453,453
R_000454,454
R_000455,455
R_000456,456
R_000457,457
R_000458,458
R_000459,459
R_000460,460
R_000461,461
R_000462,462
R_000463,463
R_000464,464
R_000465,465
R_000466,466
R_000467,467
R_000468,468
R_000469,469
R_000470,470
R_000471,471
R_000472,472
R_000473,473
R_000474,474
R_000475,475
R_000476,476
R_000477,477
R_000478,478
R_000479,479
R_000480,480
R_000481,481
R_000482,482
R_000483,483
R_000484,484
R_000485,485
R_000486,486
R_000487,487
R_000488,488
R_000489,489
R_000490,490
R_000491,491
R_000492,492
R_000493,493
R_000494,494
R_000495,495
R_000496,496
R_000497,497
R_000498,498
R_000499,499
R_000500,500
R_000501,501
R_000502,502
R_000503,503
R_000504,504
R_000505,505
R_000506,506
R_000507,507
R_000508,508
R_000509,509
R_000510,510
R_000511,511
R_000512,512
R_000513,513
R_000514,514
R_000515,515
R_000516,516
R_000517,517
R_000518,518
R_000519,519
R_000520,520
R_000521,521
R_000522,522
R_000523,523
R_000524,524
R_000525,525
R_000526,526
R_000527,527
R_000528,528
R_000529,529
R_000530,530
R_000531,531
R_000532,532
R_000533,533
R_000534,534
R_000535,535
R_000536,536
R_000537,537
R_000538,538
R_000539,539
R_000540,540
R_000541,541
R_000542,542
R_000543,543
R_000544,544
R_000545,545
R_000546,546
R_000547,547
R_000548,548
R_000549,549
R_000550,550
R_000551,551
R_000552,552
R_000553,553
R_000554,554
R_000555,555
R_000556,556
R_000557,557
R_000558,558
R_000559,559
R_000560,560
R_000561,561
R_000562,562
R_000563,563
R_000564,564
R_000565,565
R_000566,566
R_000567,567
R_000568,568
R_000569,569
R_000570,570
R_000571,571
R_000572,572
R_000573,573
R_000574,574
R_000575,575
R_000576,576
R_000577,577
R_000578,578
R_000579,579
R_000580,580
R_000581,581
R_000582,582
R_000583,583
R_000584,584
R_000585,585
R_000586,586
R_000587,587
R_000588,588
R_000589,589
R_000590,590
R_000591,591
R_000592,592
R_000593,593
R_000594,594
R_000595,595
R_000596,596
R_000597,597
R_000598,598
R_000599,599
R_000600,600
R_000601,601
R_000602,602
R_000603,603
R_000604,604
R_000605,605
R_000606,606
R_000607,607
R_000608,608
R_000609,609
R_000610,610
R_000611,611
R_000612,612
R_000613,613
R_000614,614
R_000615,615
R_000616,616
R_000617,617
R_000618,618
R_000619,619
R_000620,620
R_000621,621
R_000622,622
R_000623,623
R_000624,624
R_000625,625
R_000626,626
R_000627,627
R_000628,628
R_000629,629
R_000630,630
R_000631,631
R_000632,632
R_000633,633
R_000634,634
R_000635,635
R_000636,636
R_000637,637
R_000638,638
R_000639,639
R_000640,640
R_000641,641
R_000642,642
R_000643,643
R_000644,644
R_000645,645
R_000646,646
R_000647,647
R_000648,648
R_000649,649
R_000650,650
R_000651,651
R_000652,652
R_000653,653
R_000654,654
R_000655,655
R_000656,656
R_000657,657
R_000658,658
R_000659,659
R_000660,660
R_000661,661
R_000662,662
R_000663,663
R_000664,664
R_000665,665
R_000666,666
R_000667,667
R_000668,668
R_000669,669
R_000670,670
R_000671,671
R_000672,672
R_000673,673
R_000674,674
R_000675,675
R_000676,676
R_000677,677
R_000678,678
R_000679,679
R_000680,680
R_000681,681
R_000682,682
R_000683,683
R_000684,684
R_000685,685
R_000686,686
R_000687,687
R_000688,688
R_000689,689
R_000690,690
R_000691,691
R_000692,692
R_000693,693
R_000694,694
R_000695,695
R_000696,696
R_000697,697
R_000698,698
R_000699,699
R_000700,700
R_000701,701
R_000702,702
R_000703,703
R_000704,704
R_000705,705
R_000706,706
R_000707,707
R_000708,708
R_000709,709
R_000710,710
R_000711,711
R_000712,712
R_000713,713
R_000714,714
R_000715,715
R_000716,716
R_000717,717
R_000718,718
R_000719,719
R_000720,720
R_000721,721
R_000722,722
R_000723,723
R_000724,724
R_000725,725
R_000726,726
R_000727,727
R_000728,728
R_000729,729
R_000730,730
R_000731,731
R_000732,732
R_000733,733
R_000734,734
R_000735,735
R_000736,736
R_000737,737
R_000738,738
R_000739,739
R_000740,740
R_000741,741
R_000742,742
R_000743,743
R_000744,744
R_000745,745
R_000746,746
R_000747,747
R_000748,748
R_000749,749
R_000750,750
R_000751,751
R_000752,752
R_000753,753
R_000754,754
R_000755,755
R_000756,756
R_000757,757
R_000758,758
R_000759,759
R_000760,760
R_000761,761
R_000762,762
R_000763,763
R_000764,764
R_000765,765
R_000766,766
R_000767,767
R_000768,768
R_000769,769
R_000770,770
R_000771,771
R_000772,772
R_000773,773
R_000774,774
R_000775,775
R_000776,776
R_000777,777
R_000778,778
R_000779,779
R_000780,780
R_000781,781
R_000782,782
R_000783,783
R_000784,784
R_000785,785
R_000786,786
R_000787,787
R_000788,788
R_000789,789
R_000790,790
R_000791,791
R_000792,792
R_000793,793
R_000794,794
R_000795,795
R_000796,796
R_000797,797
R_000798,798
R_000799,799
R_000800,800
R_000801,801
R_000802,802
R_000803,803
R_000804,804
R_000805,805
R_000806,806
R_000807,807
R_000808,808
R_000809,809
R_000810,810
R_000811,811
R_000812,812
R_000813,813
R_000814,814
R_000815,815
R_000816,816
R_000817,817
R_000818,818
R_000819,819
R_000820,820
R_000821,821
R_000822,822
R_000823,823
R_000824,824
R_000825,825
R_000826,826
R_000827,827
R_000828,828
R_000829,829
R_000830,830
R_000831,831
R_000832,832
R_000833,833
R_000834,834
R_000835,835
R_000836,836
R_000837,837
R_000838,838
R_000839,839
R_000840,840
R_000841,841
R_000842,842
R_000843,843
R_000844,844
R_000845,845
R_000846,846
R_000847,847
R_000848,848
R_000849,849
R_000850,850
R_000851,851
R_000852,852
R_000853,853
R_000854,854
R_000855,855
R_000856,856
R_000857,857
R_000858,858
R_000859,859
R_000860,860
R_000861,861
R_000862,862
R_000863,863
R_000864,864
R_000865,865
R_000866,866
R_000867,867
R_000868,868
R_000869,869
R_000870,870
R_000871,871
R_000872,872
R_000873,873
R_000874,874
R_000875,875
R_000876,876
R_000877,877
R_000878,878
R_000879,879
R_000880,880
R_000881,881
R_000882,882
R_000883,883
R_000884,884
R_000885,885
R_000886,886
R_000887,887
R_000888,888
R_000889,889
R_000890,890
R_000891,891
R_000892,892
R_000893,893
R_000894,894
R_000895,895
R_000896,896
R_000897,897
R_000898,898
R_000899,899
R_000900,900
R_000901,901
R_000902,902
R_000903,903
R_000904,904
R_000905,905
R_000906,906
R_000907,907
R_000908,908
R_000909,909
R_000910,910
R_000911,911
R_000912,912
R_000913,913
R_000914,914
R_000915,915
R_000916,916
R_000917,917
R_000918,918
R_000919,919
R_000920,920
R_000921,921
R_000922,922
R_000923,923
R_000924,924
R_000925,925
R_000926,926
R_000927,927
R_000928,928
R_000929,929
R_000930,930
R_000931,931
R_000932,932
R_000933,933
R_000934,934
R_000935,935
R_000936,936
R_000937,937
R_000938,938
R_000939,939
R_000940,940
R_000941,941
R_000942,942
R_000943,943
R_000944,944
R_000945,945
R_000946,946
R_000947,947
R_000948,948
R_000949,949
R_000950,950
R_000951,951
R_000952,952
R_000953,953
R_000954,954
R_000955,955
R_000956,956
R_000957,957
R_000958,958
R_000959,959
R_000960,960
R_000961,961
R_000962,962
R_000963,963
R_000964,964
R_000965,965
R_000966,966
R_000967,967
R_000968,968
R_000969,969
R_000970,970
R_000971,971
R_000972,972
R_000973,973
R_000974,974
R_000975,975
R_000976,976
R_000977,977
R_000978,978
R_000979,979
R_000980,980
R_000981,981
R_000982,982
R_000983,983
R_000984,984
R_000985,985
R_000986,986
R_000987,987
R_000988,988
R_000989,989
R_000990,990
R_000991,991
R_000992,992
R_000993,993
R_000994,994
R_000995,995
R_000996,996
R_000997,997
R_000998,998
R_000999,999
R_001000,1000
R_001001,1001
R_001002,1002
R_001003,1003
R_001004,1004
R_001005,1005
R_001006,1006
R_001007,1007
R_001008,1008
R_001009,1009
R_001010,1010
R_001011,1011
R_001012,1012
R_001013,1013
R_001014,1014
R_001015,1015
R_001016,1016
R_001017,1017
R_001018,1018
R_001019,1019
R_001020,1020
R_001021,1021
R_001022,1022
R_001023,1023
R_001024,1024
R_001025,1025
R_001026,1026
R_001027,1027
R_001028,1028
R_001029,1029
R_001030,1030
R_001031,1031
R_001032,1032
R_001033,1033
R_001034,1034
R_001035,1035
R_001036,1036
R_001037,1037
R_001038,1038
R_001039,1039
R_001040,1040
R_001041,1041
R_001042,1042
R_001043,1043
R_001044,1044
R_001045,1045
R_001046,1046
R_001047,1047
R_001048,1048
R_001049,1049
R_001050,1050
R_001051,1051
R_001052,1052
R_001053,1053
R_001054,1054
R_001055,1055
R_001056,1056
R_001057,1057
R_001058,1058
R_001059,1059
R_001060,1060
R_001061,1061
R_001062,1062
R_001063,1063
R_001064,1064
R_001065,1065
R_001066,1066
R_001067,1067
R_001068,1068
R_001069,1069
R_001070,1070
R_001071,1071
R_001072,1072
R_001073,1073
R_001074,1074
R_001075,1075
R_001076,1076
R_001077,1077
R_001078,1078
R_001079,1079
R_001080,1080
R_001081,1081
R_001082,1082
R_001083,1083
R_001084,1084
R_001085,1085
R_001086,1086
R_001087,1087
R_001088,1088
R_001089,1089
R_001090,1090
R_001091,1091
R_001092,1092
R_001093,1093
R_001094,1094
R_001095,1095
R_001096,1096
R_001097,1097
R_001098,1098
R_001099,1099
R_001100,1100
R_001101,1101
R_001102,1102
R_001103,1103
R_001104,1104
R_001105,1105
R_001106,1106
R_001107,1107
R_001108,1108
R_001109,1109
R_001110,1110
R_001111,1111
R_001112,1112
R_001113,1113
R_001114,1114
R_001115,1115
R_001116,1116
R_001117,1117
R_001118,1118
R_001119,1119
R_001120,1120
R_001121,1121
R_001122,1122
R_001123,1123
R_001124,1124
R_001125,1125
R_001126,1126
R_001127,1127
R_001128,1128
R_001129,1129
R_001130,1130
R_001131,1131
R_001132,1132
R_001133,1133
R_001134,1134
R_001135,1135
R_001136,1136
R_001137,1137
R_001138,1138
R_001139,1139
R_001140,1140
R_001141,1141
R_001142,1142
R_001143,1143
R_001144,1144
R_001145,1145
R_001146,1146
R_001147,1147
R_001148,1148
R_001149,1149
R_001150,1150
R_001151,1151
R_001152,1152
R_001153,1153
R_001154,1154
R_001155,1155
R_001156,1156
R_001157,1157
R_001158,1158
R_001159,1159
R_001160,1160
R_001161,1161
R_001162,1162
R_001163,1163
R_001164,1164
R_001165,1165
R_001166,1166
R_001167,1167
R_001168,1168
R_001169,1169
R_001170,1170
R_001171,1171
R_001172,1172
R_001173,1173
R_001174,1174
R_001175,1175
R_001176,1176
R_001177,1177
R_001178,1178
R_001179,1179
R_001180,1180
R_001181,1181
R_001182,1182
R_001183,1183
R_001184,1184
R_001185,1185
R_001186,1186
R_001187,1187
R_001188,1188
R_001189,1189
R_001190,1190
R_001191,1191
R_001192,1192
R_001193,1193
R_001194,1194
R_001195,1195
R_001196,1196
R_001197,1197
R_001198,1198
R_001199,1199
R_001200,1200
R_001201,1201
R_001202,1202
R_001203,1203
R_001204,1204
R_001205,1205
R_001206,1206
R_001207,1207
R_001208,1208
R_001209,1209
R_001210,1210
R_001211,1211
R_001212,1212
R_001213,1213
R_001214,1214
R_001215,1215
R_001216,1216
R_001217,1217
R_001218,1218
R_001219,1219
R_001220,1220
R_001221,1221
R_001222,1222
R_001223,1223
R_001224,1224
R_001225,1225
R_001226,1226
R_001227,1227
R_001228,1228
R_001229,1229
R_001230,1230
R_001231,1231
R_001232,1232
R_001233,1233
R_001234,1234
R_001235,1235
R_001236,1236
R_001237,1237
R_001238,1238
R_001239,1239
R_001240,1240
R_001241,1241
R_001242,1242
R_001243,1243
R_001244,1244
R_001245,1245
R_001246,1246
R_001247,1247
R_001248,1248
R_001249,1249
R_001250,1250
R_001251,1251
R_001252,1252
R_001253,1253
R_001254,1254
R_001255,1255
R_001256,1256
R_001257,1257
R_001258,1258
R_001259,1259
R_001260,1260
R_001261,1261
R_001262,1262
R_001263,1263
R_001264,1264
R_001265,1265
R_001266,1266
R_001267,1267
R_001268,1268
R_001269,1269
R_001270,1270
R_001271,1271
R_001272,1272
R_001273,1273
R_001274,1274
R_001275,1275
R_001276,1276
R_001277,1277
R_001278,1278
R_001279,1279
R_001280,1280
R_001281,1281
R_001282,1282
R_001283,1283
R_001284,1284
R_001285,1285
R_001286,1286
R_001287,1287
R_001288,1288
R_001289,1289
R_001290,1290
R_001291,1291
R_001292,1292
R_001293,1293
R_001294,1294
R_001295,1295
R_001296,1296
R_001297,1297
R_001298,1298
R_001299,1299
R_001300,1300
R_001301,1301
R_001302,1302
R_001303,1303
R_001304,1304
R_001305,1305
R_001306,1306
R_001307,1307
R_001308,1308
R_001309,1309
R_001310,1310
R_001311,1311
R_001312,1312
R_001313,1313
R_001314,1314
R_001315,1315
R_001316,1316
R_001317,1317
R_001318,1318
R_001319,1319
R_001320,1320
R_001321,1321
R_001322,1322
R_001323,1323
R_001324,1324
R_001325,1325
R_001326,1326
R_001327,1327
R_001328,1328
R_001329,1329
R_001330,1330
R_001331,1331
R_001332,1332
R_001333,1333
R_001334,1334
R_001335,1335
R_001336,1336
R_001337,1337
R_001338,1338
R_001339,1339
R_001340,1340
R_001341,1341
R_001342,1342
R_001343,1343
R_001344,1344
R_001345,1345
R_001346,1346
R_001347,1347
R_001348,1348
R_001349,1349
R_001350,1350
R_001351,1351
R_001352,1352
R_001353,1353
R_001354,1354
R_001355,1355
R_001356,1356
R_001357,1357
R_001358,1358
R_001359,1359
R_001360,1360
R_001361,1361
R_001362,1362
R_001363,1363
R_001364,1364
R_001365,1365
R_001366,1366
R_001367,1367
R_001368,1368
R_001369,1369
R_001370,1370
R_001371,1371
R_001372,1372
R_001373,1373
R_001374,1374
R_001375,1375
R_001376,1376
R_001377,1377
R_001378,1378
R_001379,1379
R_001380,1380
R_001381,1381
R_001382,1382
R_001383,1383
R_001384,1384
R_001385,1385
R_001386,1386
R_001387,1387
R_001388,1388
R_001389,1389
R_001390,1390
R_001391,1391
R_001392,1392
R_001393,1393
R_001394,1394
R_001395,1395
R_001396,1396
R_001397,1397
R_001398,1398
R_001399,1399
R_001400,1400
R_001401,1401
R_001402,1402
R_001403,1403
R_001404,1404
R_001405,1405
R_001406,1406
R_001407,1407
R_001408,1408
R_001409,1409
R_001410,1410
R_001411,1411
R_001412,1412
R_001413,1413
R_001414,1414
R_001415,1415
R_001416,1416
R_001417,1417
R_001418,1418
R_001419,1419
R_001420,1420
R_001421,1421
R_001422,1422
R_001423,1423
R_001424,1424
R_001425,1425
R_001426,1426
R_001427,1427
R_001428,1428
R_001429,1429
R_001430,1430
R_001431,1431
R_001432,1432
R_001433,1433
R_001434,1434
R_001435,1435
R_001436,1436
R_001437,1437
R_001438,1438
R_001439,1439
R_001440,1440
R_001441,1441
R_001442,1442
R_001443,1443
R_001444,1444
R_001445,1445
R_001446,1446
R_001447,1447
R_001448,1448
R_001449,1449
R_001450,1450
R_001451,1451
R_001452,1452
R_001453,1453
R_001454,1454
R_001455,1455
R_001456,1456
R_001457,1457
R_001458,1458
R_001459,1459
R_001460,1460
R_001461,1461
R_001462,1462
R_001463,1463
R_001464,1464
R_001465,1465
R_001466,1466
R_001467,1467
R_001468,1468
R_001469,1469
R_001470,1470
R_001471,1471
R_001472,1472
R_001473,1473
R_001474,1474
R_001475,1475
R_001476,1476
R_001477,1477
R_001478,1478
R_001479,1479
R_001480,1480
R_001481,1481
R_001482,1482
R_001483,1483
R_001484,1484
R_001485,1485
R_001486,1486
R_001487,1487
R_001488,1488
R_001489,1489
R_001490,1490
R_001491,1491
R_001492,1492
R_001493,1493
R_001494,1494
R_001495,1495
R_001496,1496
R_001497,1497
R_001498,1498
R_001499,1499
R_001500,1500
R_001501,1501
R_001502,1502
R_001503,1503
R_001504,1504
R_001505,1505
R_001506,1506
R_001507,1507
R_001508,1508
R_001509,1509
R_001510,1510
R_001511,1511
R_001512,1512
R_001513,1513
R_001514,1514
R_001515,1515
R_001516,1516
R_001517,1517
R_001518,1518
R_001519,1519
R_001520,1520
R_001521,1521
R_001522,1522
R_001523,1523
R_001524,1524
R_001525,1525
R_001526,1526
R_001527,1527
R_001528,1528
R_001529,1529
R_001530,1530
R_001531,1531
R_001532,1532
R_001533,1533
R_001534,1534
R_001535,1535
R_001536,1536
R_001537,1537
R_001538,1538
R_001539,1539
R_001540,1540
R_001541,1541
R_001542,1542
R_001543,1543
R_001544,1544
R_001545,1545
R_001546,1546
R_001547,1547
R_001548,1548
R_001549,1549
R_001550,1550
R_001551,1551
R_001552,1552
R_001553,1553
R_001554,1554
R_001555,1555
R_001556,1556
R_001557,1557
R_001558,1558
R_001559,1559
R_001560,1560
R_001561,1561
R_001562,1562
R_001563,1563
R_001564,1564
R_001565,1565
R_001566,1566
R_001567,1567
R_001568,1568
R_001569,1569
R_001570,1570
R_001571,1571
R_001572,1572
R_001573,1573
R_001574,1574
R_001575,1575
R_001576,1576
R_001577,1577
R_001578,1578
R_001579,1579
R_001580,1580
R_001581,1581
R_001582,1582
R_001583,1583
R_001584,1584
R_001585,1585
R_001586,1586
R_001587,1587
R_001588,1588
R_001589,1589
R_001590,1590
R_001591,1591
R_001592,1592
R_001593,1593
R_001594,1594
R_001595,1595
R_001596,1596
R_001597,1597
R_001598,1598
R_001599,1599
R_001600,1600
R_001601,1601
R_001602,1602
R_001603,1603
R_001604,1604
R_001605,1605
R_001606,1606
R_001607,1607
R_001608,1608
R_001609,1609
R_001610,1610
R_001611,1611
R_001612,1612
R_001613,1613
R_001614,1614
R_001615,1615
R_001616,1616
R_001617,1617
R_001618,1618
R_001619,1619
R_001620,1620
R_001621,1621
R_001622,1622
R_001623,1623
R_001624,1624
R_001625,1625
R_001626,1626
R_001627,1627
R_001628,1628
R_001629,1629
R_001630,1630
R_001631,1631
R_001632,1632
R_001633,1633
R_001634,1634
R_001635,1635
R_001636,1636
R_001637,1637
R_001638,1638
R_001639,1639
R_001640,1640
R_001641,1641
R_001642,1642
R_001643,1643
R_001644,1644
R_001645,1645
R_001646,1646
R_001647,1647
R_001648,1648
R_001649,1649
R_001650,1650
R_001651,1651
R_001652,1652
R_001653,1653
R_001654,1654
R_001655,1655
R_001656,1656
R_001657,1657
R_001658,1658
R_001659,1659
R_001660,1660
R_001661,1661
R_001662,1662
R_001663,1663
R_001664,1664
R_001665,1665
R_001666,1666
R_001667,1667
R_001668,1668
R_001669,1669
R_001670,1670
R_001671,1671
R_001672,1672
R_001673,1673
R_001674,1674
R_001675,1675
R_001676,1676
R_001677,1677
R_001678,1678
R_001679,1679
R_001680,1680
R_001681,1681
R_001682,1682
R_001683,1683
R_001684,1684
R_001685,1685
R_001686,1686
R_001687,1687
R_001688,1688
R_001689,1689
R_001690,1690
R_001691,1691
R_001692,1692
R_001693,1693
R_001694,1694
R_001695,1695
R_001696,1696
R_001697,1697
R_001698,1698
R_001699,1699
R_001700,1700
R_001701,1701
R_001702,1702
R_001703,1703
R_001704,1704
R_001705,1705
R_001706,1706
R_001707,1707
R_001708,1708
R_001709,1709
R_001710,1710
R_001711,1711
R_001712,1712
R_001713,1713
R_001714,1714
R_001715,1715
R_001716,1716
R_001717,1717
R_001718,1718
R_001719,1719
R_001720,1720
R_001721,1721
R_001722,1722
R_001723,1723
R_001724,1724
R_001725,1725
R_001726,1726
R_001727,1727
R_001728,1728
R_001729,1729
R_001730,1730
R_001731,1731
R_001732,1732
R_001733,1733
R_001734,1734
R_001735,1735
R_001736,1736
R_001737,1737
R_001738,1738
R_001739,1739
R_001740,1740
R_001741,1741
R_001742,1742
R_001743,1743
R_001744,1744
R_001745,1745
R_001746,1746
R_001747,1747
R_001748,1748
R_001749,1749
R_001750,1750
R_001751,1751
R_001752,1752
R_001753,1753
R_001754,1754
R_001755,1755
R_001756,1756
R_001757,1757
R_001758,1758
R_001759,1759
R_001760,1760
R_001761,1761
R_001762,1762
R_001763,1763
R_001764,1764
R_001765,1765
R_001766,1766
R_001767,1767
R_001768,1768
R_001769,1769
R_001770,1770
R_001771,1771
R_001772,1772
R_001773,1773
R_001774,1774
R_001775,1775
R_001776,1776
R_001777,1777
R_001778,1778
R_001779,1779
R_001780,1780
R_001781,1781
R_001782,1782
R_001783,1783
R_001784,1784
R_001785,1785
R_001786,1786
R_001787,1787
R_001788,1788
R_001789,1789
R_001790,1790
R_001791,1791
R_001792,1792
R_001793,1793
R_001794,1794
R_001795,1795
R_001796,1796
R_001797,1797
R_001798,1798
R_001799,1799
R_001800,1800
R_001801,1801
R_001802,1802
R_001803,1803
R_001804,1804
R_001805,1805
R_001806,1806
R_001807,1807
R_001808,1808
R_001809,1809
R_001810,1810
R_001811,1811
R_001812,1812
R_001813,1813
R_001814,1814
R_001815,1815
R_001816,1816
R_001817,1817
R_001818,1818
R_001819,1819
R_001820,1820
R_001821,1821
R_001822,1822
R_001823,1823
R_001824,1824
R_001825,1825
R_001826,1826
R_001827,1827
R_001828,1828
R_001829,1829
R_001830,1830
R_001831,1831
R_001832,1832
R_001833,1833
R_001834,1834
R_001835,1835
R_001836,1836
R_001837,1837
R_001838,1838
R_001839,1839
R_001840,1840
R_001841,1841
R_001842,1842
R_001843,1843
R_001844,1844
R_001845,1845
R_001846,1846
R_001847,1847
R_001848,1848
R_001849,1849
R_001850,1850
R_001851,1851
R_001852,1852
R_001853,1853
R_001854,1854
R_001855,1855
R_001856,1856
R_001857,1857
R_001858,1858
R_001859,1859
R_001860,1860
R_001861,1861
R_001862,1862
R_001863,1863
R_001864,1864
R_001865,1865
R_001866,1866
R_001867,1867
R_001868,1868
R_001869,1869
R_001870,1870
R_001871,1871
R_001872,1872
R_001873,1873
R_001874,1874
R_001875,1875
R_001876,1876
R_001877,1877
R_001878,1878
R_001879,1879
R_001880,1880
R_001881,1881
R_001882,1882
R_001883,1883
R_001884,1884
R_001885,1885
R_001886,1886
R_001887,1887
R_001888,1888
R_001889,1889
R_001890,1890
R_001891,1891
R_001892,1892
R_001893,1893
R_001894,1894
R_001895,1895
R_001896,1896
R_001897,1897
R_001898,1898
R_001899,1899
R_001900,1900
R_001901,1901
R_001902,1902
R_001903,1903
R_001904,1904
R_001905,1905
R_001906,1906
R_001907,1907
R_001908,1908
R_001909,1909
R_001910,1910
R_001911,1911
R_001912,1912
R_001913,1913
R_001914,1914
R_001915,1915
R_001916,1916
R_001917,1917
R_001918,1918
R_001919,1919
R_001920,1920
R_001921,1921
R_001922,1922
R_001923,1923
R_001924,1924
R_001925,1925
R_001926,1926
R_001927,1927
R_001928,1928
R_001929,1929
R_001930,1930
R_001931,1931
R_001932,1932
R_001933,1933
R_001934,1934
R_001935,1935
R_001936,1936
R_001937,1937
R_001938,1938
R_001939,1939
R_001940,1940
R_001941,1941
R_001942,1942
R_001943,1943
R_001944,1944
R_001945,1945
R_001946,1946
R_001947,1947
R_001948,1948
R_001949,1949
R_001950,1950
R_001951,1951
R_001952,1952
R_001953,1953
R_001954,1954
R_001955,1955
R_001956,1956
R_001957,1957
R_001958,1958
R_001959,1959
R_001960,1960
R_001961,1961
R_001962,1962
R_001963,1963
R_001964,1964
R_001965,1965
R_001966,1966
R_001967,1967
R_001968,1968
R_001969,1969
R_001970,1970
R_001971,1971
R_001972,1972
R_001973,1973
R_001974,1974
R_001975,1975
R_001976,1976
R_001977,1977
R_001978,1978
R_001979,1979
R_001980,1980
R_001981,1981
R_001982,1982
R_001983,1983
R_001984,1984
R_001985,1985
R_001986,1986
R_001987,1987
R_001988,1988
R_001989,1989
R_001990,1990
R_001991,1991
R_001992,1992
R_001993,1993
R_001994,1994
R_001995,1995
R_001996,1996
R_001997,1997
R_001998,1998
R_001999,1999
R_002000,2000
R_002001,2001
R_002002,2002
R_002003,2003
R_002004,2004
R_002005,2005
R_002006,2006
R_002007,2007
R_002008,2008
R_002009,2009
R_002010,2010
R_002011,2011
R_002012,2012
R_002013,2013
R_002014,2014
R_002015,2015
R_002016,2016
R_002017,2017
R_002018,2018
R_002019,2019
R_002020,2020
R_002021,2021
R_002022,2022
R_002023,2023
R_002024,2024
R_002025,2025
R_002026,2026
R_002027,2027
R_002028,2028
R_002029,2029
R_002030,2030
R_002031,2031
R_002032,2032
R_002033,2033
R_002034,2034
R_002035,2035
R_002036,2036
R_002037,2037
R_002038,2038
R_002039,2039
R_002040,2040
R_002041,2041
R_002042,2042
R_002043,2043
R_002044,2044
R_002045,2045
R_002046,2046
R_002047,2047
R_002048,2048
R_002049,2049
R_002050,2050
R_002051,2051
R_002052,2052
R_002053,2053
R_002054,2054
R_002055,2055
R_002056,2056
R_002057,2057
R_002058,2058
R_002059,2059
R_002060,2060
R_002061,2061
R_002062,2062
R_002063,2063
R_002064,2064
R_002065,2065
R_002066,2066
R_002067,2067
R_002068,2068
R_002069,2069
R_002070,2070
R_002071,2071
R_002072,2072
R_002073,2073
R_002074,2074
R_002075,2075
R_002076,2076
R_002077,2077
R_002078,2078
R_002079,2079
R_002080,2080
R_002081,2081
R_002082,2082
R_002083,2083
R_002084,2084
R_002085,2085
R_002086,2086
R_002087,2087
R_002088,2088
R_002089,2089
R_002090,2090
R_002091,2091
R_002092,2092
R_002093,2093
R_002094,2094
R_002095,2095
R_002096,2096
R_002097,2097
R_002098,2098
R_002099,2099
R_002100,2100
R_002101,2101
R_002102,2102
R_002103,2103
R_002104,2104
R_002105,2105
R_002106,2106
R_002107,2107
R_002108,2108
R_002109,2109
R_002110,2110
R_002111,2111
R_002112,2112
R_002113,2113
R_002114,2114
R_002115,2115
R_002116,2116
R_002117,2117
R_002118,2118
R_002119,2119
R_002120,2120
R_002121,2121
R_002122,2122
R_002123,2123
R_002124,2124
R_002125,2125
R_002126,2126
R_002127,2127
R_002128,2128
R_002129,2129
R_002130,2130
R_002131,2131
R_002132,2132
R_002133,2133
R_002134,2134
R_002135,2135
R_002136,2136
R_002137,2137
R_002138,2138
R_002139,2139
R_002140,2140
R_002141,2141
R_002142,2142
R_002143,2143
R_002144,2144
R_002145,2145
R_002146,2146
R_002147,2147
R_002148,2148
R_002149,2149
R_002150,2150
R_002151,2151
R_002152,2152
R_002153,2153
R_002154,2154
R_002155,2155
R_002156,2156
R_002157,2157
R_002158,2158
R_002159,2159
R_002160,2160
R_002161,2161
R_002162,2162
R_002163,2163
R_002164,2164
R_002165,2165
R_002166,2166
R_002167,2167
R_002168,2168
R_002169,2169
R_002170,2170
R_002171,2171
R_002172,2172
R_002173,2173
R_002174,2174
R_002175,2175
R_002176,2176
R_002177,2177
R_002178,2178
R_002179,2179
R_002180,2180
R_002181,2181
R_002182,2182
R_002183,2183
R_002184,2184
R_002185,2185
R_002186,2186
R_002187,2187
R_002188,2188
R_002189,2189
R_002190,2190
R_002191,2191
R_002192,2192
R_002193,2193
R_002194,2194
R_002195,2195
R_002196,2196
R_002197,2197
R_002198,2198
R_002199,2199
R_002200,2200
R_002201,2201
R_002202,2202
R_002203,2203
R_002204,2204
R_002205,2205
R_002206,2206
R_002207,2207
R_002208,2208
R_002209,2209
R_002210,2210
R_002211,2211
R_002212,2212
R_002213,2213
R_002214,2214
R_002215,2215
R_002216,2216
R_002217,2217
R_002218,2218
R_002219,2219
R_002220,2220
R_002221,2221
R_002222,2222
R_002223,2223
R_002224,2224
R_002225,2225
R_002226,2226
R_002227,2227
R_002228,2228
R_002229,2229
R_002230,2230
R_002231,2231
R_002232,2232
R_002233,2233
R_002234,2234
R_002235,2235
R_002236,2236
R_002237,2237
R_002238,2238
R_002239,2239
R_002240,2240
R_002241,2241
R_002242,2242
R_002243,2243
R_002244,2244
R_002245,2245
R_002246,2246
R_002247,2247
R_002248,2248
R_002249,2249
R_002250,2250
R_002251,2251
R_002252,2252
R_002253,2253
R_002254,2254
R_002255,2255
R_002256,2256
R_002257,2257
R_002258,2258
R_002259,2259
R_002260,2260
R_002261,2261
R_002262,2262
R_002263,2263
R_002264,2264
R_002265,2265
R_002266,2266
R_002267,2267
R_002268,2268
R_002269,2269
R_002270,2270
R_002271,2271
R_002272,2272
R_002273,2273
R_002274,2274
R_002275,2275
R_002276,2276
R_002277,2277
R_002278,2278
R_002279,2279
R_002280,2280
R_002281,2281
R_002282,2282
R_002283,2283
R_002284,2284
R_002285,2285
R_002286,2286
R_002287,2287
R_002288,2288
R_002289,2289
R_002290,2290
R_002291,2291
R_002292,2292
R_002293,2293
R_002294,2294
R_002295,2295
R_002296,2296
R_002297,2297
R_002298,2298
R_002299,2299
R_002300,2300
R_002301,2301
R_002302,2302
R_002303,2303
R_002304,2304
R_002305,2305
R_002306,2306
R_002307,2307
R_002308,2308
R_002309,2309
R_002310,2310
R_002311,2311
R_002312,2312
R_002313,2313
R_002314,2314
R_002315,2315
R_002316,2316
R_002317,2317
R_002318,2318
R_002319,2319
R_002320,2320
R_002321,2321
R_002322,2322
R_002323,2323
R_002324,2324
R_002325,2325
R_002326,2326
R_002327,2327
R_002328,2328
R_002329,2329
R_002330,2330
R_002331,2331
R_002332,2332
R_002333,2333
R_002334,2334
R_002335,2335
R_002336,2336
R_002337,2337
R_002338,2338
R_002339,2339
R_002340,2340
R_002341,2341
R_002342,2342
R_002343,2343
R_002344,2344
R_002345,2345
R_002346,2346
R_002347,2347
R_002348,2348
R_002349,2349
R_002350,2350
R_002351,2351
R_002352,2352
R_002353,2353
R_002354,2354
R_002355,2355
R_002356,2356
R_002357,2357
R_002358,2358
R_002359,2359
R_002360,2360
R_002361,2361
R_002362,2362
R_002363,2363
R_002364,2364
R_002365,2365
R_002366,2366
R_002367,2367
R_002368,2368
R_002369,2369
R_002370,2370
R_002371,2371
R_002372,2372
R_002373,2373
R_002374,2374
R_002375,2375
R_002376,2376
R_002377,2377
R_002378,2378
R_002379,2379
R_002380,2380
R_002381,2381
R_002382,2382
R_002383,2383
R_002384,2384
R_002385,2385
R_002386,2386
R_002387,2387
R_002388,2388
R_002389,2389
R_002390,2390
R_002391,2391
R_002392,2392
R_002393,2393
R_002394,2394
R_002395,2395
R_002396,2396
R_002397,2397
R_002398,2398
R_002399,2399
R_002400,2400
R_002401,2401
R_002402,2402
R_002403,2403
R_002404,2404
R_002405,2405
R_002406,2406
R_002407,2407
R_002408,2408
R_002409,2409
R_002410,2410
R_002411,2411
R_002412,2412
R_002413,2413
R_002414,2414
R_002415,2415
R_002416,2416
R_002417,2417
R_002418,2418
R_002419,2419
R_002420,2420
R_002421,2421
R_002422,2422
R_002423,2423
R_002424,2424
R_002425,2425
R_002426,2426
R_002427,2427
R_002428,2428
R_002429,2429
R_002430,2430
R_002431,2431
R_002432,2432
R_002433,2433
R_002434,2434
R_002435,2435
R_002436,2436
R_002437,2437
R_002438,2438
R_002439,2439
R_002440,2440
R_002441,2441
R_002442,2442
R_002443,2443
R_002444,2444
R_002445,2445
R_002446,2446
R_002447,2447
R_002448,2448
R_002449,2449
R_002450,2450
R_002451,2451
R_002452,2452
R_002453,2453
R_002454,2454
R_002455,2455
R_002456,2456
R_002457,2457
R_002458,2458
R_002459,2459
R_002460,2460
R_002461,2461
R_002462,2462
R_002463,2463
R_002464,2464
R_002465,2465
R_002466,2466
R_002467,2467
R_002468,2468
R_002469,2469
R_002470,2470
R_002471,2471
R_002472,2472
R_002473,2473
R_002474,2474
R_002475,2475
R_002476,2476
R_002477,2477
R_002478,2478
R_002479,2479
R_002480,2480
R_002481,2481
R_002482,2482
R_002483,2483
R_002484,2484
R_002485,2485
R_002486,2486
R_002487,2487
R_002488,2488
R_002489,2489
R_002490,2490
R_002491,2491
R_002492,2492
R_002493,2493
R_002494,2494
R_002495,2495
R_002496,2496
R_002497,2497
R_002498,2498
R_002499,2499
R_002500,2500
R_002501,2501
R_002502,2502
R_002503,2503
R_002504,2504
R_002505,2505
R_002506,2506
R_002507,2507
R_002508,2508
R_002509,2509
R_002510,2510
R_002511,2511
R_002512,2512
R_002513,2513
R_002514,2514
R_002515,2515
R_002516,2516
R_002517,2517
R_002518,2518
R_002519,2519
R_002520,2520
R_002521,2521
R_002522,2522
R_002523,2523
R_002524,2524
R_002525,2525
R_002526,2526
R_002527,2527
R_002528,2528
R_002529,2529
R_002530,2530
R_002531,2531
R_002532,2532
R_002533,2533
R_002534,2534
R_002535,2535
R_002536,2536
R_002537,2537
R_002538,2538
R_002539,2539
R_002540,2540
R_002541,2541
R_002542,2542
R_002543,2543
R_002544,2544
R_002545,2545
R_002546,2546
R_002547,2547
R_002548,2548
R_002549,2549
R_002550,2550
R_002551,2551
R_002552,2552
R_002553,2553
R_002554,2554
R_002555,2555
R_002556,2556
R_002557,2557
R_002558,2558
R_002559,2559
R_002560,2560
R_002561,2561
R_002562,2562
R_002563,2563
R_002564,2564
R_002565,2565
R_002566,2566
R_002567,2567
R_002568,2568
R_002569,2569
R_002570,2570
R_002571,2571
R_002572,2572
R_002573,2573
R_002574,2574
R_002575,2575
R_002576,2576
R_002577,2577
R_002578,2578
R_002579,2579
R_002580,2580
R_002581,2581
R_002582,2582
R_002583,2583
R_002584,2584
R_002585,2585
R_002586,2586
R_002587,2587
R_002588,2588
R_002589,2589
R_002590,2590
R_002591,2591
R_002592,2592
R_002593,2593
R_002594,2594
R_002595,2595
R_002596,2596
R_002597,2597
R_002598,2598
R_002599,2599
R_002600,2600
R_002601,2601
R_002602,2602
R_002603,2603
R_002604,2604
R_002605,2605
R_002606,2606
R_002607,2607
R_002608,2608
R_002609,2609
R_002610,2610
R_002611,2611
R_002612,2612
R_002613,2613
R_002614,2614
R_002615,2615
R_002616,2616
R_002617,2617
R_002618,2618
R_002619,2619
R_002620,2620
R_002621,2621
R_002622,2622
R_002623,2623
R_002624,2624
R_002625,2625
R_002626,2626
R_002627,2627
R_002628,2628
R_002629,2629
R_002630,2630
R_002631,2631
R_002632,2632
R_002633,2633
R_002634,2634
R_002635,2635
R_002636,2636
R_002637,2637
R_002638,2638
R_002639,2639
R_002640,2640
R_002641,2641
R_002642,2642
R_002643,2643
R_002644,2644
R_002645,2645
R_002646,2646
R_002647,2647
R_002648,2648
R_002649,2649
R_002650,2650
R_002651,2651
R_002652,2652
R_002653,2653
R_002654,2654
R_002655,2655
R_002656,2656
R_002657,2657
R_002658,2658
R_002659,2659
R_002660,2660
R_002661,2661
R_002662,2662
R_002663,2663
R_002664,2664
R_002665,2665
R_002666,2666
R_002667,2667
R_002668,2668
R_002669,2669
R_002670,2670
R_002671,2671
R_002672,2672
R_002673,2673
R_002674,2674
R_002675,2675
R_002676,2676
R_002677,2677
R_002678,2678
R_002679,2679
R_002680,2680
R_002681,2681
R_002682,2682
R_002683,2683
R_002684,2684
R_002685,2685
R_002686,2686
R_002687,2687
R_002688,2688
R_002689,2689
R_002690,2690
R_002691,2691
R_002692,2692
R_002693,2693
R_002694,2694
R_002695,2695
R_002696,2696
R_002697,2697
R_002698,2698
R_002699,2699
R_002700,2700
R_002701,2701
R_002702,2702
R_002703,2703
R_002704,2704
R_002705,2705
R_002706,2706
R_002707,2707
R_002708,2708
R_002709,2709
R_002710,2710
R_002711,2711
R_002712,2712
R_002713,2713
R_002714,2714
R_002715,2715
R_002716,2716
R_002717,2717
R_002718,2718
R_002719,2719
R_002720,2720
R_002721,2721
R_002722,2722
R_002723,2723
R_002724,2724
R_002725,2725
R_002726,2726
R_002727,2727
R_002728,2728
R_002729,2729
R_002730,2730
R_002731,2731
R_002732,2732
R_002733,2733
R_002734,2734
R_002735,2735
R_002736,2736
R_002737,2737
R_002738,2738
R_002739,2739
R_002740,2740
R_002741,2741
R_002742,2742
R_002743,2743
R_002744,2744
R_002745,2745
R_002746,2746
R_002747,2747
R_002748,2748
R_002749,2749
R_002750,2750
R_002751,2751
R_002752,2752
R_002753,2753
R_002754,2754
R_002755,2755
R_002756,2756
R_002757,2757
R_002758,2758
R_002759,2759
R_002760,2760
R_002761,2761
R_002762,2762
R_002763,2763
R_002764,2764
R_002765,2765
R_002766,2766
R_002767,2767
R_002768,2768
R_002769,2769
R_002770,2770
R_002771,2771
R_002772,2772
R_002773,2773
R_002774,2774
R_002775,2775
R_002776,2776
R_002777,2777
R_002778,2778
R_002779,2779
R_002780,2780
R_002781,2781
R_002782,2782
R_002783,2783
R_002784,2784
R_002785,2785
R_002786,2786
R_002787,2787
R_002788,2788
R_002789,2789
R_002790,2790
R_002791,2791
R_002792,2792
R_002793,2793
R_002794,2794
R_002795,2795
R_002796,2796
R_002797,2797
R_002798,2798
R_002799,2799
R_002800,2800
R_002801,2801
R_002802,2802
R_002803,2803
R_002804,2804
R_002805,2805
R_002806,2806
R_002807,2807
R_002808,2808
R_002809,2809
R_002810,2810
R_002811,2811
R_002812,2812
R_002813,2813
R_002814,2814
R_002815,2815
R_002816,2816
R_002817,2817
R_002818,2818
R_002819,2819
R_002820,2820
R_002821,2821
R_002822,2822
R_002823,2823
R_002824,2824
R_002825,2825
R_002826,2826
R_002827,2827
R_002828,2828
R_002829,2829
R_002830,2830
R_002831,2831
R_002832,2832
R_002833,2833
R_002834,2834
R_002835,2835
R_002836,2836
R_002837,2837
R_002838,2838
R_002839,2839
R_002840,2840
R_002841,2841
R_002842,2842
R_002843,2843
R_002844,2844
R_002845,2845
R_002846,2846
R_002847,2847
R_002848,2848
R_002849,2849
R_002850,2850
R_002851,2851
R_002852,2852
R_002853,2853
R_002854,2854
R_002855,2855
R_002856,2856
R_002857,2857
R_002858,2858
R_002859,2859
R_002860,2860
R_002861,2861
R_002862,2862
R_002863,2863
R_002864,2864
R_002865,2865
R_002866,2866
R_002867,2867
R_002868,2868
R_002869,2869
R_002870,2870
R_002871,2871
R_002872,2872
R_002873,2873
R_002874,2874
R_002875,2875
R_002876,2876
R_002877,2877
R_002878,2878
R_002879,2879
R_002880,2880
R_002881,2881
R_002882,2882
R_002883,2883
R_002884,2884
R_002885,2885
R_002886,2886
R_002887,2887
R_002888,2888
R_002889,2889
R_002890,2890
R_002891,2891
R_002892,2892
R_002893,2893
R_002894,2894
R_002895,2895
R_002896,2896
R_002897,2897
R_002898,2898
R_002899,2899
R_002900,2900
R_002901,2901
R_002902,2902
R_002903,2903
R_002904,2904
R_002905,2905
R_002906,2906
R_002907,2907
R_002908,2908
R_002909,2909
R_002910,2910
R_002911,2911
R_002912,2912
R_002913,2913
R_002914,2914
R_002915,2915
R_002916,2916
R_002917,2917
R_002918,2918
R_002919,2919
R_002920,2920
R_002921,2921
R_002922,2922
R_002923,2923
R_002924,2924
R_002925,2925
R_002926,2926
R_002927,2927
R_002928,2928
R_002929,2929
R_002930,2930
R_002931,2931
R_002932,2932
R_002933,2933
R_002934,2934
R_002935,2935
R_002936,2936
R_002937,2937
R_002938,2938
R_002939,2939
R_002940,2940
R_002941,2941
R_002942,2942
R_002943,2943
R_002944,2944
R_002945,2945
R_002946,2946
R_002947,2947
R_002948,2948
R_002949,2949
R_002950,2950
R_002951,2951
R_002952,2952
R_002953,2953
R_002954,2954
R_002955,2955
R_002956,2956
R_002957,2957
R_002958,2958
R_002959,2959
R_002960,2960
R_002961,2961
R_002962,2962
R_002963,2963
R_002964,2964
R_002965,2965
R_002966,2966
R_002967,2967
R_002968,2968
R_002969,2969
R_002970,2970
R_002971,2971
R_002972,2972
R_002973,2973
R_002974,2974
R_002975,2975
R_002976,2976
R_002977,2977
R_002978,2978
R_002979,2979
R_002980,2980
R_002981,2981
R_002982,2982
R_002983,2983
R_002984,2984
R_002985,2985
R_002986,2986
R_002987,2987
R_002988,2988
R_002989,2989
R_002990,2990
R_002991,2991
R_002992,2992
R_002993,2993
R_002994,2994
R_002995,2995
R_002996,2996
R_002997,2997
R_002998,2998
R_002999,2999
R_003000,3000
R_003001,3001
R_003002,3002
R_003003,3003
R_003004,3004
R_003005,3005
R_003006,3006
R_003007,3007
R_003008,3008
R_003009,3009
R_003010,3010
R_003011,3011
R_003012,3012
R_003013,3013
R_003014,3014
R_003015,3015
R_003016,3016
R_003017,3017
R_003018,3018
R_003019,3019
R_003020,3020
R_003021,3021
R_003022,3022
R_003023,3023
R_003024,3024
R_003025,3025
R_003026,3026
R_003027,3027
R_003028,3028
R_003029,3029
R_003030,3030
R_003031,3031
R_003032,3032
R_003033,3033
R_003034,3034
R_003035,3035
R_003036,3036
R_003037,3037
R_003038,3038
R_003039,3039
R_003040,3040
R_003041,3041
R_003042,3042
R_003043,3043
R_003044,3044
R_003045,3045
R_003046,3046
R_003047,3047
R_003048,3048
R_003049,3049
R_003050,3050
R_003051,3051
R_003052,3052
R_003053,3053
R_003054,3054
R_003055,3055
R_003056,3056
R_003057,3057
R_003058,3058
R_003059,3059
R_003060,3060
R_003061,3061
R_003062,3062
R_003063,3063
R_003064,3064
R_003065,3065
R_003066,3066
R_003067,3067
R_003068,3068
R_003069,3069
R_003070,3070
R_003071,3071
R_003072,3072
R_003073,3073
R_003074,3074
R_003075,3075
R_003076,3076
R_003077,3077
R_003078,3078
R_003079,3079
R_003080,3080
R_003081,3081
R_003082,3082
R_003083,3083
R_003084,3084
R_003085,3085
R_003086,3086
R_003087,3087
R_003088,3088
R_003089,3089
R_003090,3090
R_003091,3091
R_003092,3092
R_003093,3093
R_003094,3094
R_003095,3095
R_003096,3096
R_003097,3097
R_003098,3098
R_003099,3099
R_003100,3100
R_003101,3101
R_003102,3102
R_003103,3103
R_003104,3104
R_003105,3105
R_003106,3106
R_003107,3107
R_003108,3108
R_003109,3109
R_003110,3110
R_003111,3111
R_003112,3112
R_003113,3113
R_003114,3114
R_003115,3115
R_003116,3116
R_003117,3117
R_003118,3118
R_003119,3119
R_003120,3120
R_003121,3121
R_003122,3122
R_003123,3123
R_003124,3124
R_003125,3125
R_003126,3126
R_003127,3127
R_003128,3128
R_003129,3129
R_003130,3130
R_003131,3131
R_003132,3132
R_003133,3133
R_003134,3134
R_003135,3135
R_003136,3136
R_003137,3137
R_003138,3138
R_003139,3139
R_003140,3140
R_003141,3141
R_003142,3142
R_003143,3143
R_003144,3144
R_003145,3145
R_003146,3146
R_003147,3147
R_003148,3148
R_003149,3149
R_003150,3150
R_003151,3151
R_003152,3152
R_003153,3153
R_003154,3154
R_003155,3155
R_003156,3156
R_003157,3157
R_003158,3158
R_003159,3159
R_003160,3160
R_003161,3161
R_003162,3162
R_003163,3163
R_003164,3164
R_003165,3165
R_003166,3166
R_003167,3167
R_003168,3168
R_003169,3169
R_003170,3170
R_003171,3171
R_003172,3172
R_003173,3173
R_003174,3174
R_003175,3175
R_003176,3176
R_003177,3177
R_003178,3178
R_003179,3179
R_003180,3180
R_003181,3181
R_003182,3182
R_003183,3183
R_003184,3184
R_003185,3185
R_003186,3186
R_003187,3187
R_003188,3188
R_003189,3189
R_003190,3190
R_003191,3191
R_003192,3192
R_003193,3193
R_003194,3194
R_003195,3195
R_003196,3196
R_003197,3197
R_003198,3198
R_003199,3199
R_003200,3200
R_003201,3201
R_003202,3202
R_003203,3203
R_003204,3204
R_003205,3205
R_003206,3206
R_003207,3207
R_003208,3208
R_003209,3209
R_003210,3210
R_003211,3211
R_003212,3212
R_003213,3213
R_003214,3214
R_003215,3215
R_003216,3216
R_003217,3217
R_003218,3218
R_003219,3219
R_003220,3220
R_003221,3221
R_003222,3222
R_003223,3223
R_003224,3224
R_003225,3225
R_003226,3226
R_003227,3227
R_003228,3228
R_003229,3229
R_003230,3230
R_003231,3231
R_003232,3232
R_003233,3233
R_003234,3234
R_003235,3235
R_003236,3236
R_003237,3237
R_003238,3238
R_003239,3239
R_003240,3240
R_003241,3241
R_003242,3242
R_003243,3243
R_003244,3244
R_003245,3245
R_003246,3246
R_003247,3247
R_003248,3248
R_003249,3249
R_003250,3250
R_003251,3251
R_003252,3252
R_003253,3253
R_003254,3254
R_003255,3255
R_003256,3256
R_003257,3257
R_003258,3258
R_003259,3259
R_003260,3260
R_003261,3261
R_003262,3262
R_003263,3263
R_003264,3264
R_003265,3265
R_003266,3266
R_003267,3267
R_003268,3268
R_003269,3269
R_003270,3270
R_003271,3271
R_003272,3272
R_003273,3273
R_003274,3274
R_003275,3275
R_003276,3276
R_003277,3277
R_003278,3278
R_003279,3279
R_003280,3280
R_003281,3281
R_003282,3282
R_003283,3283
R_003284,3284
R_003285,3285
R_003286,3286
R_003287,3287
R_003288,3288
R_003289,3289
R_003290,3290
R_003291,3291
R_003292,3292
R_003293,3293
R_003294,3294
R_003295,3295
R_003296,3296
R_003297,3297
R_003298,3298
R_003299,3299
R_003300,3300
R_003301,3301
R_003302,3302
R_003303,3303
R_003304,3304
R_003305,3305
R_003306,3306
R_003307,3307
R_003308,3308
R_003309,3309
R_003310,3310
R_003311,3311
R_003312,3312
R_003313,3313
R_003314,3314
R_003315,3315
R_003316,3316
R_003317,3317
R_003318,3318
R_003319,3319
R_003320,3320
R_003321,3321
R_003322,3322
R_003323,3323
R_003324,3324
R_003325,3325
R_003326,3326
R_003327,3327
R_003328,3328
R_003329,3329
R_003330,3330
R_003331,3331
R_003332,3332
R_003333,3333
R_003334,3334
R_003335,3335
R_003336,3336
R_003337,3337
R_003338,3338
R_003339,3339
R_003340,3340
R_003341,3341
R_003342,3342
R_003343,3343
R_003344,3344
R_003345,3345
R_003346,3346
R_003347,3347
R_003348,3348
R_003349,3349
R_003350,3350
R_003351,3351
R_003352,3352
R_003353,3353
R_003354,3354
R_003355,3355
R_003356,3356
R_003357,3357
R_003358,3358
R_003359,3359
R_003360,3360
R_003361,3361
R_003362,3362
R_003363,3363
R_003364,3364
R_003365,3365
R_003366,3366
R_003367,3367
R_003368,3368
R_003369,3369
R_003370,3370
R_003371,3371
R_003372,3372
R_003373,3373
R_003374,3374
R_003375,3375
R_003376,3376
R_003377,3377
R_003378,3378
R_003379,3379
R_003380,3380
R_003381,3381
R_003382,3382
R_003383,3383
R_003384,3384
R_003385,3385
R_003386,3386
R_003387,3387
R_003388,3388
R_003389,3389
R_003390,3390
R_003391,3391
R_003392,3392
R_003393,3393
R_003394,3394
R_003395,3395
R_003396,3396
R_003397,3397
R_003398,3398
R_003399,3399
R_003400,3400
R_003401,3401
R_003402,3402
R_003403,3403
R_003404,3404
R_003405,3405
R_003406,3406
R_003407,3407
R_003408,3408
R_003409,3409
R_003410,3410
R_003411,3411
R_003412,3412
R_003413,3413
R_003414,3414
R_003415,3415
R_003416,3416
R_003417,3417
R_003418,3418
R_003419,3419
R_003420,3420
R_003421,3421
R_003422,3422
R_003423,3423
R_003424,3424
R_003425,3425
R_003426,3426
R_003427,3427
R_003428,3428
R_003429,3429
R_003430,3430
R_003431,3431
R_003432,3432
R_003433,3433
R_003434,3434
R_003435,3435
R_003436,3436
R_003437,3437
R_003438,3438
R_003439,3439
R_003440,3440
R_003441,3441
R_003442,3442
R_003443,3443
R_003444,3444
R_003445,3445
R_003446,3446
R_003447,3447
R_003448,3448
R_003449,3449
R_003450,3450
R_003451,3451
R_003452,3452
R_003453,3453
R_003454,3454
R_003455,3455
R_003456,3456
R_003457,3457
R_003458,3458
R_003459,3459
R_003460,3460
R_003461,3461
R_003462,3462
R_003463,3463
R_003464,3464
R_003465,3465
R_003466,3466
R_003467,3467
R_003468,3468
R_003469,3469
R_003470,3470
R_003471,3471
R_003472,3472
R_003473,3473
R_003474,3474
R_003475,3475
R_003476,3476
R_003477,3477
R_003478,3478
R_003479,3479
R_003480,3480
R_003481,3481
R_003482,3482
R_003483,3483
R_003484,3484
R_003485,3485
R_003486,3486
R_003487,3487
R_003488,3488
R_003489,3489
R_003490,3490
R_003491,3491
R_003492,3492
R_003493,3493
R_003494,3494
R_003495,3495
R_003496,3496
R_003497,3497
R_003498,3498
R_003499,3499
R_003500,3500
R_003501,3501
R_003502,3502
R_003503,3503
R_003504,3504
R_003505,3505
R_003506,3506
R_003507,3507
R_003508,3508
R_003509,3509
R_003510,3510
R_003511,3511
R_003512,3512
R_003513,3513
R_003514,3514
R_003515,3515
R_003516,3516
R_003517,3517
R_003518,3518
R_003519,3519
R_003520,3520
R_003521,3521
R_003522,3522
R_003523,3523
R_003524,3524
R_003525,3525
R_003526,3526
R_003527,3527
R_003528,3528
R_003529,3529
R_003530,3530
R_003531,3531
R_003532,3532
R_003533,3533
R_003534,3534
R_003535,3535
R_003536,3536
R_003537,3537
R_003538,3538
R_003539,3539
R_003540,3540
R_003541,3541
R_003542,3542
R_003543,3543
R_003544,3544
R_003545,3545
R_003546,3546
R_003547,3547
R_003548,3548
R_003549,3549
R_003550,3550
R_003551,3551
R_003552,3552
R_003553,3553
R_003554,3554
R_003555,3555
R_003556,3556
R_003557,3557
R_003558,3558
R_003559,3559
R_003560,3560
R_003561,3561
R_003562,3562
R_003563,3563
R_003564,3564
R_003565,3565
R_003566,3566
R_003567,3567
R_003568,3568
R_003569,3569
R_003570,3570
R_003571,3571
R_003572,3572
R_003573,3573
R_003574,3574
R_003575,3575
R_003576,3576
R_003577,3577
R_003578,3578
R_003579,3579
R_003580,3580
R_003581,3581
R_003582,3582
R_003583,3583
R_003584,3584
R_003585,3585
R_003586,3586
R_003587,3587
R_003588,3588
R_003589,3589
R_003590,3590
R_003591,3591
R_003592,3592
R_003593,3593
R_003594,3594
R_003595,3595
R_003596,3596
R_003597,3597
R_003598,3598
R_003599,3599
R_003600,3600
R_003601,3601
R_003602,3602
R_003603,3603
R_003604,3604
R_003605,3605
R_003606,3606
R_003607,3607
R_003608,3608
R_003609,3609
R_003610,3610
R_003611,3611
R_003612,3612
R_003613,3613
R_003614,3614
R_003615,3615
R_003616,3616
R_003617,3617
R_003618,3618
R_003619,3619
R_003620,3620
R_003621,3621
R_003622,3622
R_003623,3623
R_003624,3624
R_003625,3625
R_003626,3626
R_003627,3627
R_003628,3628
R_003629,3629
R_003630,3630
R_003631,3631
R_003632,3632
R_003633,3633
R_003634,3634
R_003635,3635
R_003636,3636
R_003637,3637
R_003638,3638
R_003639,3639
R_003640,3640
R_003641,3641
R_003642,3642
R_003643,3643
R_003644,3644
R_003645,3645
R_003646,3646
R_003647,3647
R_003648,3648
R_003649,3649
R_003650,3650
R_003651,3651
R_003652,3652
R_003653,3653
R_003654,3654
R_003655,3655
R_003656,3656
R_003657,3657
R_003658,3658
R_003659,3659
R_003660,3660
R_003661,3661
R_003662,3662
R_003663,3663
R_003664,3664
R_003665,3665
R_003666,3666
R_003667,3667
R_003668,3668
R_003669,3669
R_003670,3670
R_003671,3671
R_003672,3672
R_003673,3673
R_003674,3674
R_003675,3675
R_003676,3676
R_003677,3677
R_003678,3678
R_003679,3679
R_003680,3680
R_003681,3681
R_003682,3682
R_003683,3683
R_003684,3684
R_003685,3685
R_003686,3686
R_003687,3687
R_003688,3688
R_003689,3689
R_003690,3690
R_003691,3691
R_003692,3692
R_003693,3693
R_003694,3694
R_003695,3695
R_003696,3696
R_003697,3697
R_003698,3698
R_003699,3699
R_003700,3700
R_003701,3701
R_003702,3702
R_003703,3703
R_003704,3704
R_003705,3705
R_003706,3706
R_003707,3707
R_003708,3708
R_003709,3709
R_003710,3710
R_003711,3711
R_003712,3712
R_003713,3713
R_003714,3714
R_003715,3715
R_003716,3716
R_003717,3717
R_003718,3718
R_003719,3719
R_003720,3720
R_003721,3721
R_003722,3722
R_003723,3723
R_003724,3724
R_003725,3725
R_003726,3726
R_003727,3727
R_003728,3728
R_003729,3729
R_003730,3730
R_003731,3731
R_003732,3732
R_003733,3733
R_003734,3734
R_003735,3735
R_003736,3736
R_003737,3737
R_003738,3738
R_003739,3739
R_003740,3740
R_003741,3741
R_003742,3742
R_003743,3743
R_003744,3744
R_003745,3745
R_003746,3746
R_003747,3747
R_003748,3748
R_003749,3749
R_003750,3750
R_003751,3751
R_003752,3752
R_003753,3753
R_003754,3754
R_003755,3755
R_003756,3756
R_003757,3757
R_003758,3758
R_003759,3759
R_003760,3760
R_003761,3761
R_003762,3762
R_003763,3763
R_003764,3764
R_003765,3765
R_003766,3766
R_003767,3767
R_003768,3768
R_003769,3769
R_003770,3770
R_003771,3771
R_003772,3772
R_003773,3773
R_003774,3774
R_003775,3775
R_003776,3776
R_003777,3777
R_003778,3778
R_003779,3779
R_003780,3780
R_003781,3781
R_003782,3782
R_003783,3783
R_003784,3784
R_003785,3785
R_003786,3786
R_003787,3787
R_003788,3788
R_003789,3789
R_003790,3790
R_003791,3791
R_003792,3792
R_003793,3793
R_003794,3794
R_003795,3795
R_003796,3796
R_003797,3797
R_003798,3798
R_003799,3799
R_003800,3800
R_003801,3801
R_003802,3802
R_003803,3803
R_003804,3804
R_003805,3805
R_003806,3806
R_003807,3807
R_003808,3808
R_003809,3809
R_003810,3810
R_003811,3811
R_003812,3812
R_003813,3813
R_003814,3814
R_003815,3815
R_003816,3816
R_003817,3817
R_003818,3818
R_003819,3819
R_003820,3820
R_003821,3821
R_003822,3822
R_003823,3823
R_003824,3824
R_003825,3825
R_003826,3826
R_003827,3827
R_003828,3828
R_003829,3829
R_003830,3830
R_003831,3831
R_003832,3832
R_003833,3833
R_003834,3834
R_003835,3835
R_003836,3836
R_003837,3837
R_003838,3838
R_003839,3839
R_003840,3840
R_003841,3841
R_003842,3842
R_003843,3843
R_003844,3844
R_003845,3845
R_003846,3846
R_003847,3847
R_003848,3848
R_003849,3849
R_003850,3850
R_003851,3851
R_003852,3852
R_003853,3853
R_003854,3854
R_003855,3855
R_003856,3856
R_003857,3857
R_003858,3858
R_003859,3859
R_003860,3860
R_003861,3861
R_003862,3862
R_003863,3863
R_003864,3864
R_003865,3865
R_003866,3866
R_003867,3867
R_003868,3868
R_003869,3869
R_003870,3870
R_003871,3871
R_003872,3872
R_003873,3873
R_003874,3874
R_003875,3875
R_003876,3876
R_003877,3877
R_003878,3878
R_003879,3879
R_003880,3880
R_003881,3881
R_003882,3882
R_003883,3883
R_003884,3884
R_003885,3885
R_003886,3886
R_003887,3887
R_003888,3888
R_003889,3889
R_003890,3890
R_003891,3891
R_003892,3892
R_003893,3893
R_003894,3894
R_003895,3895
R_003896,3896
R_003897,3897
R_003898,3898
R_003899,3899
R_003900,3900
R_003901,3901
R_003902,3902
R_003903,3903
R_003904,3904
R_003905,3905
R_003906,3906
R_003907,3907
R_003908,3908
R_003909,3909
R_003910,3910
R_003911,3911
R_003912,3912
R_003913,3913
R_003914,3914
R_003915,3915
R_003916,3916
R_003917,3917
R_003918,3918
R_003919,3919
R_003920,3920
R_003921,3921
R_003922,3922
R_003923,3923
R_003924,3924
R_003925,3925
R_003926,3926
R_003927,3927
R_003928,3928
R_003929,3929
R_003930,3930
R_003931,3931
R_003932,3932
R_003933,3933
R_003934,3934
R_003935,3935
R_003936,3936
R_003937,3937
R_003938,3938
R_003939,3939
R_003940,3940
R_003941,3941
R_003942,3942
R_003943,3943
R_003944,3944
R_003945,3945
R_003946,3946
R_003947,3947
R_003948,3948
R_003949,3949
R_003950,3950
R_003951,3951
R_003952,3952
R_003953,3953
R_003954,3954
R_003955,3955
R_003956,3956
R_003957,3957
R_003958,3958
R_003959,3959
R_003960,3960
R_003961,3961
R_003962,3962
R_003963,3963
R_003964,3964
R_003965,3965
R_003966,3966
R_003967,3967
R_003968,3968
R_003969,3969
R_003970,3970
R_003971,3971
R_003972,3972
R_003973,3973
R_003974,3974
R_003975,3975
R_003976,3976
R_003977,3977
R_003978,3978
R_003979,3979
R_003980,3980
R_003981,3981
R_003982,3982
R_003983,3983
R_003984,3984
R_003985,3985
R_003986,3986
R_003987,3987
R_003988,3988
R_003989,3989
R_003990,3990
R_003991,3991
R_003992,3992
R_003993,3993
R_003994,3994
R_003995,3995
R_003996,3996
R_003997,3997
R_003998,3998
R_003999,3999
R_004000,4000
R_004001,4001
R_004002,4002
R_004003,4003
R_004004,4004
R_004005,4005
R_004006,4006
R_004007,4007
R_004008,4008
R_004009,4009
R_004010,4010
R_004011,4011
R_004012,4012
R_004013,4013
R_004014,4014
R_004015,4015
R_004016,4016
R_004017,4017
R_004018,4018
R_004019,4019
R_004020,4020
R_004021,4021
R_004022,4022
R_004023,4023
R_004024,4024
R_004025,4025
R_004026,4026
R_004027,4027
R_004028,4028
R_004029,4029
R_004030,4030
R_004031,4031
R_004032,4032
R_004033,4033
R_004034,4034
R_004035,4035
R_004036,4036
R_004037,4037
R_004038,4038
R_004039,4039
R_004040,4040
R_004041,4041
R_004042,4042
R_004043,4043
R_004044,4044
R_004045,4045
R_004046,4046
R_004047,4047
R_004048,4048
R_004049,4049
R_004050,4050
R_004051,4051
R_004052,4052
R_004053,4053
R_004054,4054
R_004055,4055
R_004056,4056
R_004057,4057
R_004058,4058
R_004059,4059
R_004060,4060
R_004061,4061
R_004062,4062
R_004063,4063
R_004064,4064
R_004065,4065
R_004066,4066
R_004067,4067
R_004068,4068
R_004069,4069
R_004070,4070
R_004071,4071
R_004072,4072
R_004073,4073
R_004074,4074
R_004075,4075
R_004076,4076
R_004077,4077
R_004078,4078
R_004079,4079
R_004080,4080
R_004081,4081
R_004082,4082
R_004083,4083
R_004084,4084
R_004085,4085
R_004086,4086
R_004087,4087
R_004088,4088
R_004089,4089
R_004090,4090
R_004091,4091
R_004092,4092
R_004093,4093
R_004094,4094
R_004095,4095
R_004096,4096
R_004097,4097
R_004098,4098
R_004099,4099
R_004100,4100
R_004101,4101
R_004102,4102
R_004103,4103
R_004104,4104
R_004105,4105
R_004106,4106
R_004107,4107
R_004108,4108
R_004109,4109
R_004110,4110
R_004111,4111
R_004112,4112
R_004113,4113
R_004114,4114
R_004115,4115
R_004116,4116
R_004117,4117
R_004118,4118
R_004119,4119
R_004120,4120
R_004121,4121
R_004122,4122
R_004123,4123
R_004124,4124
R_004125,4125
R_004126,4126
R_004127,4127
R_004128,4128
R_004129,4129
R_004130,4130
R_004131,4131
R_004132,4132
R_004133,4133
R_004134,4134
R_004135,4135
R_004136,4136
R_004137,4137
R_004138,4138
R_004139,4139
R_004140,4140
R_004141,4141
R_004142,4142
R_004143,4143
R_004144,4144
R_004145,4145
R_004146,4146
R_004147,4147
R_004148,4148
R_004149,4149
R_004150,4150
R_004151,4151
R_004152,4152
R_004153,4153
R_004154,4154
R_004155,4155
R_004156,4156
R_004157,4157
R_004158,4158
R_004159,4159
R_004160,4160
R_004161,4161
R_004162,4162
R_004163,4163
R_004164,4164
R_004165,4165
R_004166,4166
R_004167,4167
R_004168,4168
R_004169,4169
R_004170,4170
R_004171,4171
R_004172,4172
R_004173,4173
R_004174,4174
R_004175,4175
R_004176,4176
R_004177,4177
R_004178,4178
R_004179,4179
R_004180,4180
R_004181,4181
R_004182,4182
R_004183,4183
R_004184,4184
R_004185,4185
R_004186,4186
R_004187,4187
R_004188,4188
R_004189,4189
R_004190,4190
R_004191,4191
R_004192,4192
R_004193,4193
R_004194,4194
R_004195,4195
R_004196,4196
R_004197,4197
R_004198,4198
R_004199,4199
R_004200,4200
R_004201,4201
R_004202,4202
R_004203,4203
R_004204,4204
R_004205,4205
R_004206,4206
R_004207,4207
R_004208,4208
R_004209,4209
R_004210,4210
R_004211,4211
R_004212,4212
R_004213,4213
R_004214,4214
R_004215,4215
R_004216,4216
R_004217,4217
R_004218,4218
R_004219,4219
R_004220,4220
R_004221,4221
R_004222,4222
R_004223,4223
R_004224,4224
R_004225,4225
R_004226,4226
R_004227,4227
R_004228,4228
R_004229,4229
R_004230,4230
R_004231,4231
R_004232,4232
R_004233,4233
R_004234,4234
R_004235,4235
R_004236,4236
R_004237,4237
R_004238,4238
R_004239,4239
R_004240,4240
R_004241,4241
R_004242,4242
R_004243,4243
R_004244,4244
R_004245,4245
R_004246,4246
R_004247,4247
R_004248,4248
R_004249,4249
R_004250,4250
R_004251,4251
R_004252,4252
R_004253,4253
R_004254,4254
R_004255,4255
R_004256,4256
R_004257,4257
R_004258,4258
R_004259,4259
R_004260,4260
R_004261,4261
R_004262,4262
R_004263,4263
R_004264,4264
R_004265,4265
R_004266,4266
R_004267,4267
R_004268,4268
R_004269,4269
R_004270,4270
R_004271,4271
R_004272,4272
R_004273,4273
R_004274,4274
R_004275,4275
R_004276,4276
R_004277,4277
R_004278,4278
R_004279,4279
R_004280,4280
R_004281,4281
R_004282,4282
R_004283,4283
R_004284,4284
R_004285,4285
R_004286,4286
R_004287,4287
R_004288,4288
R_004289,4289
R_004290,4290
R_004291,4291
R_004292,4292
R_004293,4293
R_004294,4294
R_004295,4295
R_004296,4296
R_004297,4297
R_004298,4298
R_004299,4299
R_004300,4300
R_004301,4301
R_004302,4302
R_004303,4303
R_004304,4304
R_004305,4305
R_004306,4306
R_004307,4307
R_004308,4308
R_004309,4309
R_004310,4310
R_004311,4311
R_004312,4312
R_004313,4313
R_004314,4314
R_004315,4315
R_004316,4316
R_004317,4317
R_004318,4318
R_004319,4319
R_004320,4320
R_004321,4321
R_004322,4322
R_004323,4323
R_004324,4324
R_004325,4325
R_004326,4326
R_004327,4327
R_004328,4328
R_004329,4329
R_004330,4330
R_004331,4331
R_004332,4332
R_004333,4333
R_004334,4334
R_004335,4335
R_004336,4336
R_004337,4337
R_004338,4338
R_004339,4339
R_004340,4340
R_004341,4341
R_004342,4342
R_004343,4343
R_004344,4344
R_004345,4345
R_004346,4346
R_004347,4347
R_004348,4348
R_004349,4349
R_004350,4350
R_004351,4351
R_004352,4352
R_004353,4353
R_004354,4354
R_004355,4355
R_004356,4356
R_004357,4357
R_004358,4358
R_004359,4359
R_004360,4360
R_004361,4361
R_004362,4362
R_004363,4363
R_004364,4364
R_004365,4365
R_004366,4366
R_004367,4367
R_004368,4368
R_004369,4369
R_004370,4370
R_004371,4371
R_004372,4372
R_004373,4373
R_004374,4374
R_004375,4375
R_004376,4376
R_004377,4377
R_004378,4378
R_004379,4379
R_004380,4380
R_004381,4381
R_004382,4382
R_004383,4383
R_004384,4384
R_004385,4385
R_004386,4386
R_004387,4387
R_004388,4388
R_004389,4389
R_004390,4390
R_004391,4391
R_004392,4392
R_004393,4393
R_004394,4394
R_004395,4395
R_004396,4396
R_004397,4397
R_004398,4398
R_004399,4399
R_004400,4400
R_004401,4401
R_004402,4402
R_004403,4403
R_004404,4404
R_004405,4405
R_004406,4406
R_004407,4407
R_004408,4408
R_004409,4409
R_004410,4410
R_004411,4411
R_004412,4412
R_004413,4413
R_004414,4414
R_004415,4415
R_004416,4416
R_004417,4417
R_004418,4418
R_004419,4419
R_004420,4420
R_004421,4421
R_004422,4422
R_004423,4423
R_004424,4424
R_004425,4425
R_004426,4426
R_004427,4427
R_004428,4428
R_004429,4429
R_004430,4430
R_004431,4431
R_004432,4432
R_004433,4433
R_004434,4434
R_004435,4435
R_004436,4436
R_004437,4437
R_004438,4438
R_004439,4439
R_004440,4440
R_004441,4441
R_004442,4442
R_004443,4443
R_004444,4444
R_004445,4445
R_004446,4446
R_004447,4447
R_004448,4448
R_004449,4449
R_004450,4450
R_004451,4451
R_004452,4452
R_004453,4453
R_004454,4454
R_004455,4455
R_004456,4456
R_004457,4457
R_004458,4458
R_004459,4459
R_004460,4460
R_004461,4461
R_004462,4462
R_004463,4463
R_004464,4464
R_004465,4465
R_004466,4466
R_004467,4467
R_004468,4468
R_004469,4469
R_004470,4470
R_004471,4471
R_004472,4472
R_004473,4473
R_004474,4474
R_004475,4475
R_004476,4476
R_004477,4477
R_004478,4478
R_004479,4479
R_004480,4480
R_004481,4481
R_004482,4482
R_004483,4483
R_004484,4484
R_004485,4485
R_004486,4486
R_004487,4487
R_004488,4488
R_004489,4489
R_004490,4490
R_004491,4491
R_004492,4492
R_004493,4493
R_004494,4494
R_004495,4495
R_004496,4496
R_004497,4497
R_004498,4498
R_004499,4499
R_004500,4500
R_004501,4501
R_004502,4502
R_004503,4503
R_004504,4504
R_004505,4505
R_004506,4506
R_004507,4507
R_004508,4508
R_004509,4509
R_004510,4510
R_004511,4511
R_004512,4512
R_004513,4513
R_004514,4514
R_004515,4515
R_004516,4516
R_004517,4517
R_004518,4518
R_004519,4519
R_004520,4520
R_004521,4521
R_004522,4522
R_004523,4523
R_004524,4524
R_004525,4525
R_004526,4526
R_004527,4527
R_004528,4528
R_004529,4529
R_004530,4530
R_004531,4531
R_004532,4532
R_004533,4533
R_004534,4534
R_004535,4535
R_004536,4536
R_004537,4537
R_004538,4538
R_004539,4539
R_004540,4540
R_004541,4541
R_004542,4542
R_004543,4543
R_004544,4544
R_004545,4545
R_004546,4546
R_004547,4547
R_004548,4548
R_004549,4549
R_004550,4550
R_004551,4551
R_004552,4552
R_004553,4553
R_004554,4554
R_004555,4555
R_004556,4556
R_004557,4557
R_004558,4558
R_004559,4559
R_004560,4560
R_004561,4561
R_004562,4562
R_004563,4563
R_004564,4564
R_004565,4565
R_004566,4566
R_004567,4567
R_004568,4568
R_004569,4569
R_004570,4570
R_004571,4571
R_004572,4572
R_004573,4573
R_004574,4574
R_004575,4575
R_004576,4576
R_004577,4577
R_004578,4578
R_004579,4579
R_004580,4580
R_004581,4581
R_004582,4582
R_004583,4583
R_004584,4584
R_004585,4585
R_004586,4586
R_004587,4587
R_004588,4588
R_004589,4589
R_004590,4590
R_004591,4591
R_004592,4592
R_004593,4593
R_004594,4594
R_004595,4595
R_004596,4596
R_004597,4597
R_004598,4598
R_004599,4599
R_004600,4600
R_004601,4601
R_004602,4602
R_004603,4603
R_004604,4604
R_004605,4605
R_004606,4606
R_004607,4607
R_004608,4608
R_004609,4609
R_004610,4610
R_004611,4611
R_004612,4612
R_004613,4613
R_004614,4614
R_004615,4615
R_004616,4616
R_004617,4617
R_004618,4618
R_004619,4619
R_004620,4620
R_004621,4621
R_004622,4622
R_004623,4623
R_004624,4624
R_004625,4625
R_004626,4626
R_004627,4627
R_004628,4628
R_004629,4629
R_004630,4630
R_004631,4631
R_004632,4632
R_004633,4633
R_004634,4634
R_004635,4635
R_004636,4636
R_004637,4637
R_004638,4638
R_004639,4639
R_004640,4640
R_004641,4641
R_004642,4642
R_004643,4643
R_004644,4644
R_004645,4645
R_004646,4646
R_004647,4647
R_004648,4648
R_004649,4649
R_004650,4650
R_004651,4651
R_004652,4652
R_004653,4653
R_004654,4654
R_004655,4655
R_004656,4656
R_004657,4657
R_004658,4658
R_004659,4659
R_004660,4660
R_004661,4661
R_004662,4662
R_004663,4663
R_004664,4664
R_004665,4665
R_004666,4666
R_004667,4667
R_004668,4668
R_004669,4669
R_004670,4670
R_004671,4671
R_004672,4672
R_004673,4673
R_004674,4674
R_004675,4675
R_004676,4676
R_004677,4677
R_004678,4678
R_004679,4679
R_004680,4680
R_004681,4681
R_004682,4682
R_004683,4683
R_004684,4684
R_004685,4685
R_004686,4686
R_004687,4687
R_004688,4688
R_004689,4689
R_004690,4690
R_004691,4691
R_004692,4692
R_004693,4693
R_004694,4694
R_004695,4695
R_004696,4696
R_004697,4697
R_004698,4698
R_004699,4699
R_004700,4700
R_004701,4701
R_004702,4702
R_004703,4703
R_004704,4704
R_004705,4705
R_004706,4706
R_004707,4707
R_004708,4708
R_004709,4709
R_004710,4710
R_004711,4711
R_004712,4712
R_004713,4713
R_004714,4714
R_004715,4715
R_004716,4716
R_004717,4717
R_004718,4718
R_004719,4719
R_004720,4720
R_004721,4721
R_004722,4722
R_004723,4723
R_004724,4724
R_004725,4725
R_004726,4726
R_004727,4727
R_004728,4728
R_004729,4729
R_004730,4730
R_004731,4731
R_004732,4732
R_004733,4733
R_004734,4734
R_004735,4735
R_004736,4736
R_004737,4737
R_004738,4738
R_004739,4739
R_004740,4740
R_004741,4741
R_004742,4742
R_004743,4743
R_004744,4744
R_004745,4745
R_004746,4746
R_004747,4747
R_004748,4748
R_004749,4749
R_004750,4750
R_004751,4751
R_004752,4752
R_004753,4753
R_004754,4754
R_004755,4755
R_004756,4756
R_004757,4757
R_004758,4758
R_004759,4759
R_004760,4760
R_004761,4761
R_004762,4762
R_004763,4763
R_004764,4764
R_004765,4765
R_004766,4766
R_004767,4767
R_004768,4768
R_004769,4769
R_004770,4770
R_004771,4771
R_004772,4772
R_004773,4773
R_004774,4774
R_004775,4775
R_004776,4776
R_004777,4777
R_004778,4778
R_004779,4779
R_004780,4780
R_004781,4781
R_004782,4782
R_004783,4783
R_004784,4784
R_004785,4785
R_004786,4786
R_004787,4787
R_004788,4788
R_004789,4789
R_004790,4790
R_004791,4791
R_004792,4792
R_004793,4793
R_004794,4794
R_004795,4795
R_004796,4796
R_004797,4797
R_004798,4798
R_004799,4799
R_004800,4800
R_004801,4801
R_004802,4802
R_004803,4803
R_004804,4804
R_004805,4805
R_004806,4806
R_004807,4807
R_004808,4808
R_004809,4809
R_004810,4810
R_004811,4811
R_004812,4812
R_004813,4813
R_004814,4814
R_004815,4815
R_004816,4816
R_004817,4817
R_004818,4818
R_004819,4819
R_004820,4820
R_004821,4821
R_004822,4822
R_004823,4823
R_004824,4824
R_004825,4825
R_004826,4826
R_004827,4827
R_004828,4828
R_004829,4829
R_004830,4830
R_004831,4831
R_004832,4832
R_004833,4833
R_004834,4834
R_004835,4835
R_004836,4836
R_004837,4837
R_004838,4838
R_004839,4839
R_004840,4840
R_004841,4841
R_004842,4842
R_004843,4843
R_004844,4844
R_004845,4845
R_004846,4846
R_004847,4847
R_004848,4848
R_004849,4849
R_004850,4850
R_004851,4851
R_004852,4852
R_004853,4853
R_004854,4854
R_004855,4855
R_004856,4856
R_004857,4857
R_004858,4858
R_004859,4859
R_004860,4860
R_004861,4861
R_004862,4862
R_004863,4863
R_004864,4864
R_004865,4865
R_004866,4866
R_004867,4867
R_004868,4868
R_004869,4869
R_004870,4870
R_004871,4871
R_004872,4872
R_004873,4873
R_004874,4874
R_004875,4875
R_004876,4876
R_004877,4877
R_004878,4878
R_004879,4879
R_004880,4880
R_004881,4881
R_004882,4882
R_004883,4883
R_004884,4884
R_004885,4885
R_004886,4886
R_004887,4887
R_004888,4888
R_004889,4889
R_004890,4890
R_004891,4891
R_004892,4892
R_004893,4893
R_004894,4894
R_004895,4895
R_004896,4896
R_004897,4897
R_004898,4898
R_004899,4899
R_004900,4900
R_004901,4901
R_004902,4902
R_004903,4903
R_004904,4904
R_004905,4905
R_004906,4906
R_004907,4907
R_004908,4908
R_004909,4909
R_004910,4910
R_004911,4911
R_004912,4912
R_004913,4913
R_004914,4914
R_004915,4915
R_004916,4916
R_004917,4917
R_004918,4918
R_004919,4919
R_004920,4920
R_004921,4921
R_004922,4922
R_004923,4923
R_004924,4924
R_004925,4925
R_004926,4926
R_004927,4927
R_004928,4928
R_004929,4929
R_004930,4930
R_004931,4931
R_004932,4932
R_004933,4933
R_004934,4934
R_004935,4935
R_004936,4936
R_004937,4937
R_004938,4938
R_004939,4939
R_004940,4940
R_004941,4941
R_004942,4942
R_004943,4943
R_004944,4944
R_004945,4945
R_004946,4946
R_004947,4947
R_004948,4948
R_004949,4949
R_004950,4950
R_004951,4951
R_004952,4952
R_004953,4953
R_004954,4954
R_004955,4955
R_004956,4956
R_004957,4957
R_004958,4958
R_004959,4959
R_004960,4960
R_004961,4961
R_004962,4962
R_004963,4963
R_004964,4964
R_004965,4965
R_004966,4966
R_004967,4967
R_004968,4968
R_004969,4969
R_004970,4970
R_004971,4971
R_004972,4972
R_004973,4973
R_004974,4974
R_004975,4975
R_004976,4976
R_004977,4977
R_004978,4978
R_004979,4979
R_004980,4980
R_004981,4981
R_004982,4982
R_004983,4983
R_004984,4984
R_004985,4985
R_004986,4986
R_004987,4987
R_004988,4988
R_004989,4989
R_004990,4990
R_004991,4991
R_004992,4992
R_004993,4993
R_004994,4994
R_004995,4995
R_004996,4996
R_004997,4997
R_004998,4998
R_004999,4999
R_005000,5000
R_005001,5001
R_005002,5002
R_005003,5003
R_005004,5004
R_005005,5005
R_005006,5006
R_005007,5007
R_005008,5008
R_005009,5009
R_005010,5010
R_005011,5011
R_005012,5012
R_005013,5013
R_005014,5014
R_005015,5015
R_005016,5016
R_005017,5017
R_005018,5018
R_005019,5019
R_005020,5020
R_005021,5021
R_005022,5022
R_005023,5023
R_005024,5024
R_005025,5025
R_005026,5026
R_005027,5027
R_005028,5028
R_005029,5029
R_005030,5030
R_005031,5031
R_005032,5032
R_005033,5033
R_005034,5034
R_005035,5035
R_005036,5036
R_005037,5037
R_005038,5038
R_005039,5039
R_005040,5040
R_005041,5041
R_005042,5042
R_005043,5043
R_005044,5044
R_005045,5045
R_005046,5046
R_005047,5047
R_005048,5048
R_005049,5049
R_005050,5050
R_005051,5051
R_005052,5052
R_005053,5053
R_005054,5054
R_005055,5055
R_005056,5056
R_005057,5057
R_005058,5058
R_005059,5059
R_005060,5060
R_005061,5061
R_005062,5062
R_005063,5063
R_005064,5064
R_005065,5065
R_005066,5066
R_005067,5067
R_005068,5068
R_005069,5069
R_005070,5070
R_005071,5071
R_005072,5072
R_005073,5073
R_005074,5074
R_005075,5075
R_005076,5076
R_005077,5077
R_005078,5078
R_005079,5079
R_005080,5080
R_005081,5081
R_005082,5082
R_005083,5083
R_005084,5084
R_005085,5085
R_005086,5086
R_005087,5087
R_005088,5088
R_005089,5089
R_005090,5090
R_005091,5091
R_005092,5092
R_005093,5093
R_005094,5094
R_005095,5095
R_005096,5096
R_005097,5097
R_005098,5098
R_005099,5099
R_005100,5100
R_005101,5101
R_005102,5102
R_005103,5103
R_005104,5104
R_005105,5105
R_005106,5106
R_005107,5107
R_005108,5108
R_005109,5109
R_005110,5110
R_005111,5111
R_005112,5112
R_005113,5113
R_005114,5114
R_005115,5115
R_005116,5116
R_005117,5117
R_005118,5118
R_005119,5119
R_005120,5120
R_005121,5121
R_005122,5122
R_005123,5123
R_005124,5124
R_005125,5125
R_005126,5126
R_005127,5127
R_005128,5128
R_005129,5129
R_005130,5130
R_005131,5131
R_005132,5132
R_005133,5133
R_005134,5134
R_005135,5135
R_005136,5136
R_005137,5137
R_005138,5138
R_005139,5139
R_005140,5140
R_005141,5141
R_005142,5142
R_005143,5143
R_005144,5144
R_005145,5145
R_005146,5146
R_005147,5147
R_005148,5148
R_005149,5149
R_005150,5150
R_005151,5151
R_005152,5152
R_005153,5153
R_005154,5154
R_005155,5155
R_005156,5156
R_005157,5157
R_005158,5158
R_005159,5159
R_005160,5160
R_005161,5161
R_005162,5162
R_005163,5163
R_005164,5164
R_005165,5165
R_005166,5166
R_005167,5167
R_005168,5168
R_005169,5169
R_005170,5170
R_005171,5171
R_005172,5172
R_005173,5173
R_005174,5174
R_005175,5175
R_005176,5176
R_005177,5177
R_005178,5178
R_005179,5179
R_005180,5180
R_005181,5181
R_005182,5182
R_005183,5183
R_005184,5184
R_005185,5185
R_005186,5186
R_005187,5187
R_005188,5188
R_005189,5189
R_005190,5190
R_005191,5191
R_005192,5192
R_005193,5193
R_005194,5194
R_005195,5195
R_005196,5196
R_005197,5197
R_005198,5198
R_005199,5199
R_005200,5200
R_005201,5201
R_005202,5202
R_005203,5203
R_005204,5204
R_005205,5205
R_005206,5206
R_005207,5207
R_005208,5208
R_005209,5209
R_005210,5210
R_005211,5211
R_005212,5212
R_005213,5213
R_005214,5214
R_005215,5215
R_005216,5216
R_005217,5217
R_005218,5218
R_005219,5219
R_005220,5220
R_005221,5221
R_005222,5222
R_005223,5223
R_005224,5224
R_005225,5225
R_005226,5226
R_005227,5227
R_005228,5228
R_005229,5229
R_005230,5230
R_005231,5231
R_005232,5232
R_005233,5233
R_005234,5234
R_005235,5235
R_005236,5236
R_005237,5237
R_005238,5238
R_005239,5239
R_005240,5240
R_005241,5241
R_005242,5242
R_005243,5243
R_005244,5244
R_005245,5245
R_005246,5246
R_005247,5247
R_005248,5248
R_005249,5249
R_005250,5250
R_005251,5251
R_005252,5252
R_005253,5253
R_005254,5254
R_005255,5255
R_005256,5256
R_005257,5257
R_005258,5258
R_005259,5259
R_005260,5260
R_005261,5261
R_005262,5262
R_005263,5263
R_005264,5264
R_005265,5265
R_005266,5266
R_005267,5267
R_005268,5268
R_005269,5269
R_005270,5270
R_005271,5271
R_005272,5272
R_005273,5273
R_005274,5274
R_005275,5275
R_005276,5276
R_005277,5277
R_005278,5278
R_005279,5279
R_005280,5280
R_005281,5281
R_005282,5282
R_005283,5283
R_005284,5284
R_005285,5285
R_005286,5286
R_005287,5287
R_005288,5288
R_005289,5289
R_005290,5290
R_005291,5291
R_005292,5292
R_005293,5293
R_005294,5294
R_005295,5295
R_005296,5296
R_005297,5297
R_005298,5298
R_005299,5299
R_005300,5300
R_005301,5301
R_005302,5302
R_005303,5303
R_005304,5304
R_005305,5305
R_005306,5306
R_005307,5307
R_005308,5308
R_005309,5309
R_005310,5310
R_005311,5311
R_005312,5312
R_005313,5313
R_005314,5314
R_005315,5315
R_005316,5316
R_005317,5317
R_005318,5318
R_005319,5319
R_005320,5320
R_005321,5321
R_005322,5322
R_005323,5323
R_005324,5324
R_005325,5325
R_005326,5326
R_005327,5327
R_005328,5328
R_005329,5329
R_005330,5330
R_005331,5331
R_005332,5332
R_005333,5333
R_005334,5334
R_005335,5335
R_005336,5336
R_005337,5337
R_005338,5338
R_005339,5339
R_005340,5340
R_005341,5341
R_005342,5342
R_005343,5343
R_005344,5344
R_005345,5345
R_005346,5346
R_005347,5347
R_005348,5348
R_005349,5349
R_005350,5350
R_005351,5351
R_005352,5352
R_005353,5353
R_005354,5354
R_005355,5355
R_005356,5356
R_005357,5357
R_005358,5358
R_005359,5359
R_005360,5360
R_005361,5361
R_005362,5362
R_005363,5363
R_005364,5364
R_005365,5365
R_005366,5366
R_005367,5367
R_005368,5368
R_005369,5369
R_005370,5370
R_005371,5371
R_005372,5372
R_005373,5373
R_005374,5374
R_005375,5375
R_005376,5376
R_005377,5377
R_005378,5378
R_005379,5379
R_005380,5380
R_005381,5381
R_005382,5382
R_005383,5383
R_005384,5384
R_005385,5385
R_005386,5386
R_005387,5387
R_005388,5388
R_005389,5389
R_005390,5390
R_005391,5391
R_005392,5392
R_005393,5393
R_005394,5394
R_005395,5395
R_005396,5396
R_005397,5397
R_005398,5398
R_005399,5399
R_005400,5400
R_005401,5401
R_005402,5402
R_005403,5403
R_005404,5404
R_005405,5405
R_005406,5406
R_005407,5407
R_005408,5408
R_005409,5409
R_005410,5410
R_005411,5411
R_005412,5412
R_005413,5413
R_005414,5414
R_005415,5415
R_005416,5416
R_005417,5417
R_005418,5418
R_005419,5419
R_005420,5420
R_005421,5421
R_005422,5422
R_005423,5423
R_005424,5424
R_005425,5425
R_005426,5426
R_005427,5427
R_005428,5428
R_005429,5429
R_005430,5430
R_005431,5431
R_005432,5432
R_005433,5433
R_005434,5434
R_005435,5435
R_005436,5436
R_005437,5437
R_005438,5438
R_005439,5439
R_005440,5440
R_005441,5441
R_005442,5442
R_005443,5443
R_005444,5444
R_005445,5445
R_005446,5446
R_005447,5447
R_005448,5448
R_005449,5449
R_005450,5450
R_005451,5451
R_005452,5452
R_005453,5453
R_005454,5454
R_005455,5455
R_005456,5456
R_005457,5457
R_005458,5458
R_005459,5459
R_005460,5460
R_005461,5461
R_005462,5462
R_005463,5463
R_005464,5464
R_005465,5465
R_005466,5466
R_005467,5467
R_005468,5468
R_005469,5469
R_005470,5470
R_005471,5471
R_005472,5472
R_005473,5473
R_005474,5474
R_005475,5475
R_005476,5476
R_005477,5477
R_005478,5478
R_005479,5479
R_005480,5480
R_005481,5481
R_005482,5482
R_005483,5483
R_005484,5484
R_005485,5485
R_005486,5486
R_005487,5487
R_005488,5488
R_005489,5489
R_005490,5490
R_005491,5491
R_005492,5492
R_005493,5493
R_005494,5494
R_005495,5495
R_005496,5496
R_005497,5497
R_005498,5498
R_005499,5499
R_005500,5500
R_005501,5501
R_005502,5502
R_005503,5503
R_005504,5504
R_005505,5505
R_005506,5506
R_005507,5507
R_005508,5508
R_005509,5509
R_005510,5510
R_005511,5511
R_005512,5512
R_005513,5513
R_005514,5514
R_005515,5515
R_005516,5516
R_005517,5517
R_005518,5518
R_005519,5519
R_005520,5520
R_005521,5521
R_005522,5522
R_005523,5523
R_005524,5524
R_005525,5525
R_005526,5526
R_005527,5527
R_005528,5528
R_005529,5529
R_005530,5530
R_005531,5531
R_005532,5532
R_005533,5533
R_005534,5534
R_005535,5535
R_005536,5536
R_005537,5537
R_005538,5538
R_005539,5539
R_005540,5540
R_005541,5541
R_005542,5542
R_005543,5543
R_005544,5544
R_005545,5545
R_005546,5546
R_005547,5547
R_005548,5548
R_005549,5549
R_005550,5550
R_005551,5551
R_005552,5552
R_005553,5553
R_005554,5554
R_005555,5555
R_005556,5556
R_005557,5557
R_005558,5558
R_005559,5559
R_005560,5560
R_005561,5561
R_005562,5562
R_005563,5563
R_005564,5564
R_005565,5565
R_005566,5566
R_005567,5567
R_005568,5568
R_005569,5569
R_005570,5570
R_005571,5571
R_005572,5572
R_005573,5573
R_005574,5574
R_005575,5575
R_005576,5576
R_005577,5577
R_005578,5578
R_005579,5579
R_005580,5580
R_005581,5581
R_005582,5582
R_005583,5583
R_005584,5584
R_005585,5585
R_005586,5586
R_005587,5587
R_005588,5588
R_005589,5589
R_005590,5590
R_005591,5591
R_005592,5592
R_005593,5593
R_005594,5594
R_005595,5595
R_005596,5596
R_005597,5597
R_005598,5598
R_005599,5599
R_005600,5600
R_005601,5601
R_005602,5602
R_005603,5603
R_005604,5604
R_005605,5605
R_005606,5606
R_005607,5607
R_005608,5608
R_005609,5609
R_005610,5610
R_005611,5611
R_005612,5612
R_005613,5613
R_005614,5614
R_005615,5615
R_005616,5616
R_005617,5617
R_005618,5618
R_005619,5619
R_005620,5620
R_005621,5621
R_005622,5622
R_005623,5623
R_005624,5624
R_005625,5625
R_005626,5626
R_005627,5627
R_005628,5628
R_005629,5629
R_005630,5630
R_005631,5631
R_005632,5632
R_005633,5633
R_005634,5634
R_005635,5635
R_005636,5636
R_005637,5637
R_005638,5638
R_005639,5639
R_005640,5640
R_005641,5641
R_005642,5642
R_005643,5643
R_005644,5644
R_005645,5645
R_005646,5646
R_005647,5647
R_005648,5648
R_005649,5649
R_005650,5650
R_005651,5651
R_005652,5652
R_005653,5653
R_005654,5654
R_005655,5655
R_005656,5656
R_005657,5657
R_005658,5658
R_005659,5659
R_005660,5660
R_005661,5661
R_005662,5662
R_005663,5663
R_005664,5664
R_005665,5665
R_005666,5666
R_005667,5667
R_005668,5668
R_005669,5669
R_005670,5670
R_005671,5671
R_005672,5672
R_005673,5673
R_005674,5674
R_005675,5675
R_005676,5676
R_005677,5677
R_005678,5678
R_005679,5679
R_005680,5680
R_005681,5681
R_005682,5682
R_005683,5683
R_005684,5684
R_005685,5685
R_005686,5686
R_005687,5687
R_005688,5688
R_005689,5689
R_005690,5690
R_005691,5691
R_005692,5692
R_005693,5693
R_005694,5694
R_005695,5695
R_005696,5696
R_005697,5697
R_005698,5698
R_005699,5699
R_005700,5700
R_005701,5701
R_005702,5702
R_005703,5703
R_005704,5704
R_005705,5705
R_005706,5706
R_005707,5707
R_005708,5708
R_005709,5709
R_005710,5710
R_005711,5711
R_005712,5712
R_005713,5713
R_005714,5714
R_005715,5715
R_005716,5716
R_005717,5717
R_005718,5718
R_005719,5719
R_005720,5720
R_005721,5721
R_005722,5722
R_005723,5723
R_005724,5724
R_005725,5725
R_005726,5726
R_005727,5727
R_005728,5728
R_005729,5729
R_005730,5730
R_005731,5731
R_005732,5732
R_005733,5733
R_005734,5734
R_005735,5735
R_005736,5736
R_005737,5737
R_005738,5738
R_005739,5739
R_005740,5740
R_005741,5741
R_005742,5742
R_005743,5743
R_005744,5744
R_005745,5745
R_005746,5746
R_005747,5747
R_005748,5748
R_005749,5749
R_005750,5750
R_005751,5751
R_005752,5752
R_005753,5753
R_005754,5754
R_005755,5755
R_005756,5756
R_005757,5757
R_005758,5758
R_005759,5759
R_005760,5760
R_005761,5761
R_005762,5762
R_005763,5763
R_005764,5764
R_005765,5765
R_005766,5766
R_005767,5767
R_005768,5768
R_005769,5769
R_005770,5770
R_005771,5771
R_005772,5772
R_005773,5773
R_005774,5774
R_005775,5775
R_005776,5776
R_005777,5777
R_005778,5778
R_005779,5779
R_005780,5780
R_005781,5781
R_005782,5782
R_005783,5783
R_005784,5784
R_005785,5785
R_005786,5786
R_005787,5787
R_005788,5788
R_005789,5789
R_005790,5790
R_005791,5791
R_005792,5792
R_005793,5793
R_005794,5794
R_005795,5795
R_005796,5796
R_005797,5797
R_005798,5798
R_005799,5799
R_005800,5800
R_005801,5801
R_005802,5802
R_005803,5803
R_005804,5804
R_005805,5805
R_005806,5806
R_005807,5807
R_005808,5808
R_005809,5809
R_005810,5810
R_005811,5811
R_005812,5812
R_005813,5813
R_005814,5814
R_005815,5815
R_005816,5816
R_005817,5817
R_005818,5818
R_005819,5819
R_005820,5820
R_005821,5821
R_005822,5822
R_005823,5823
R_005824,5824
R_005825,5825
R_005826,5826
R_005827,5827
R_005828,5828
R_005829,5829
R_005830,5830
R_005831,5831
R_005832,5832
R_005833,5833
R_005834,5834
R_005835,5835
R_005836,5836
R_005837,5837
R_005838,5838
R_005839,5839
R_005840,5840
R_005841,5841
R_005842,5842
R_005843,5843
R_005844,5844
R_005845,5845
R_005846,5846
R_005847,5847
R_005848,5848
R_005849,5849
R_005850,5850
R_005851,5851
R_005852,5852
R_005853,5853
R_005854,5854
R_005855,5855
R_005856,5856
R_005857,5857
R_005858,5858
R_005859,5859
R_005860,5860
R_005861,5861
R_005862,5862
R_005863,5863
R_005864,5864
R_005865,5865
R_005866,5866
R_005867,5867
R_005868,5868
R_005869,5869
R_005870,5870
R_005871,5871
R_005872,5872
R_005873,5873
R_005874,5874
R_005875,5875
R_005876,5876
R_005877,5877
R_005878,5878
R_005879,5879
R_005880,5880
R_005881,5881
R_005882,5882
R_005883,5883
R_005884,5884
R_005885,5885
R_005886,5886
R_005887,5887
R_005888,5888
R_005889,5889
R_005890,5890
R_005891,5891
R_005892,5892
R_005893,5893
R_005894,5894
R_005895,5895
R_005896,5896
R_005897,5897
R_005898,5898
R_005899,5899
R_005900,5900
R_005901,5901
R_005902,5902
R_005903,5903
R_005904,5904
R_005905,5905
R_005906,5906
R_005907,5907
R_005908,5908
R_005909,5909
R_005910,5910
R_005911,5911
R_005912,5912
R_005913,5913
R_005914,5914
R_005915,5915
R_005916,5916
R_005917,5917
R_005918,5918
R_005919,5919
R_005920,5920
R_005921,5921
R_005922,5922
R_005923,5923
R_005924,5924
R_005925,5925
R_005926,5926
R_005927,5927
R_005928,5928
R_005929,5929
R_005930,5930
R_005931,5931
R_005932,5932
R_005933,5933
R_005934,5934
R_005935,5935
R_005936,5936
R_005937,5937
R_005938,5938
R_005939,5939
R_005940,5940
R_005941,5941
R_005942,5942
R_005943,5943
R_005944,5944
R_005945,5945
R_005946,5946
R_005947,5947
R_005948,5948
R_005949,5949
R_005950,5950
R_005951,5951
R_005952,5952
R_005953,5953
R_005954,5954
R_005955,5955
R_005956,5956
R_005957,5957
R_005958,5958
R_005959,5959
R_005960,5960
R_005961,5961
R_005962,5962
R_005963,5963
R_005964,5964
R_005965,5965
R_005966,5966
R_005967,5967
R_005968,5968
R_005969,5969
R_005970,5970
R_005971,5971
R_005972,5972
R_005973,5973
R_005974,5974
R_005975,5975
R_005976,5976
R_005977,5977
R_005978,5978
R_005979,5979
R_005980,5980
R_005981,5981
R_005982,5982
R_005983,5983
R_005984,5984
R_005985,5985
R_005986,5986
R_005987,5987
R_005988,5988
R_005989,5989
R_005990,5990
R_005991,5991
R_005992,5992
R_005993,5993
R_005994,5994
R_005995,5995
R_005996,5996
R_005997,5997
R_005998,5998
R_005999,5999
R_006000,6000
R_006001,6001
R_006002,6002
R_006003,6003
R_006004,6004
R_006005,6005
R_006006,6006
R_006007,6007
R_006008,6008
R_006009,6009
R_006010,6010
R_006011,6011
R_006012,6012
R_006013,6013
R_006014,6014
R_006015,6015
R_006016,6016
R_006017,6017
R_006018,6018
R_006019,6019
R_006020,6020
R_006021,6021
R_006022,6022
R_006023,6023
R_006024,6024
R_006025,6025
R_006026,6026
R_006027,6027
R_006028,6028
R_006029,6029
R_006030,6030
R_006031,6031
R_006032,6032
R_006033,6033
R_006034,6034
R_006035,6035
R_006036,6036
R_006037,6037
R_006038,6038
R_006039,6039
R_006040,6040
R_006041,6041
R_006042,6042
R_006043,6043
R_006044,6044
R_006045,6045
R_006046,6046
R_006047,6047
R_006048,6048
R_006049,6049
R_006050,6050
R_006051,6051
R_006052,6052
R_006053,6053
R_006054,6054
R_006055,6055
R_006056,6056
R_006057,6057
R_006058,6058
R_006059,6059
R_006060,6060
R_006061,6061
R_006062,6062
R_006063,6063
R_006064,6064
R_006065,6065
R_006066,6066
R_006067,6067
R_006068,6068
R_006069,6069
R_006070,6070
R_006071,6071
R_006072,6072
R_006073,6073
R_006074,6074
R_006075,6075
R_006076,6076
R_006077,6077
R_006078,6078
R_006079,6079
R_006080,6080
R_006081,6081
R_006082,6082
R_006083,6083
R_006084,6084
R_006085,6085
R_006086,6086
R_006087,6087
R_006088,6088
R_006089,6089
R_006090,6090
R_006091,6091
R_006092,6092
R_006093,6093
R_006094,6094
R_006095,6095
R_006096,6096
R_006097,6097
R_006098,6098
R_006099,6099
R_006100,6100
R_006101,6101
R_006102,6102
R_006103,6103
R_006104,6104
R_006105,6105
R_006106,6106
R_006107,6107
R_006108,6108
R_006109,6109
R_006110,6110
R_006111,6111
R_006112,6112
R_006113,6113
R_006114,6114
R_006115,6115
R_006116,6116
R_006117,6117
R_006118,6118
R_006119,6119
R_006120,6120
R_006121,6121
R_006122,6122
R_006123,6123
R_006124,6124
R_006125,6125
R_006126,6126
R_006127,6127
R_006128,6128
R_006129,6129
R_006130,6130
R_006131,6131
R_006132,6132
R_006133,6133
R_006134,6134
R_006135,6135
R_006136,6136
R_006137,6137
R_006138,6138
R_006139,6139
R_006140,6140
R_006141,6141
R_006142,6142
R_006143,6143
R_006144,6144
R_006145,6145
R_006146,6146
R_006147,6147
R_006148,6148
R_006149,6149
R_006150,6150
R_006151,6151
R_006152,6152
R_006153,6153
R_006154,6154
R_006155,6155
R_006156,6156
R_006157,6157
R_006158,6158
R_006159,6159
R_006160,6160
R_006161,6161
R_006162,6162
R_006163,6163
R_006164,6164
R_006165,6165
R_006166,6166
R_006167,6167
R_006168,6168
R_006169,6169
R_006170,6170
R_006171,6171
R_006172,6172
R_006173,6173
R_006174,6174
R_006175,6175
R_006176,6176
R_006177,6177
R_006178,6178
R_006179,6179
R_006180,6180
R_006181,6181
R_006182,6182
R_006183,6183
R_006184,6184
R_006185,6185
R_006186,6186
R_006187,6187
R_006188,6188
R_006189,6189
R_006190,6190
R_006191,6191
R_006192,6192
R_006193,6193
R_006194,6194
R_006195,6195
R_006196,6196
R_006197,6197
R_006198,6198
R_006199,6199
R_006200,6200
R_006201,6201
R_006202,6202
R_006203,6203
R_006204,6204
R_006205,6205
R_006206,6206
R_006207,6207
R_006208,6208
R_006209,6209
R_006210,6210
R_006211,6211
R_006212,6212
R_006213,6213
R_006214,6214
R_006215,6215
R_006216,6216
R_006217,6217
R_006218,6218
R_006219,6219
R_006220,6220
R_006221,6221
R_006222,6222
R_006223,6223
R_006224,6224
R_006225,6225
R_006226,6226
R_006227,6227
R_006228,6228
R_006229,6229
R_006230,6230
R_006231,6231
R_006232,6232
R_006233,6233
R_006234,6234
R_006235,6235
R_006236,6236
R_006237,6237
R_006238,6238
R_006239,6239
R_006240,6240
R_006241,6241
R_006242,6242
R_006243,6243
R_006244,6244
R_006245,6245
R_006246,6246
R_006247,6247
R_006248,6248
R_006249,6249
R_006250,6250
R_006251,6251
R_006252,6252
R_006253,6253
R_006254,6254
R_006255,6255
R_006256,6256
R_006257,6257
R_006258,6258
R_006259,6259
R_006260,6260
R_006261,6261
R_006262,6262
R_006263,6263
R_006264,6264
R_006265,6265
R_006266,6266
R_006267,6267
R_006268,6268
R_006269,6269
R_006270,6270
R_006271,6271
R_006272,6272
R_006273,6273
R_006274,6274
R_006275,6275
R_006276,6276
R_006277,6277
R_006278,6278
R_006279,6279
R_006280,6280
R_006281,6281
R_006282,6282
R_006283,6283
R_006284,6284
R_006285,6285
R_006286,6286
R_006287,6287
R_006288,6288
R_006289,6289
R_006290,6290
R_006291,6291
R_006292,6292
R_006293,6293
R_006294,6294
R_006295,6295
R_006296,6296
R_006297,6297
R_006298,6298
R_006299,6299
R_006300,6300
R_006301,6301
R_006302,6302
R_006303,6303
R_006304,6304
R_006305,6305
R_006306,6306
R_006307,6307
R_006308,6308
R_006309,6309
R_006310,6310
R_006311,6311
R_006312,6312
R_006313,6313
R_006314,6314
R_006315,6315
R_006316,6316
R_006317,6317
R_006318,6318
R_006319,6319
R_006320,6320
R_006321,6321
R_006322,6322
R_006323,6323
R_006324,6324
R_006325,6325
R_006326,6326
R_006327,6327
R_006328,6328
R_006329,6329
R_006330,6330
R_006331,6331
R_006332,6332
R_006333,6333
R_006334,6334
R_006335,6335
R_006336,6336
R_006337,6337
R_006338,6338
R_006339,6339
R_006340,6340
R_006341,6341
R_006342,6342
R_006343,6343
R_006344,6344
R_006345,6345
R_006346,6346
R_006347,6347
R_006348,6348
R_006349,6349
R_006350,6350
R_006351,6351
R_006352,6352
R_006353,6353
R_006354,6354
R_006355,6355
R_006356,6356
R_006357,6357
R_006358,6358
R_006359,6359
R_006360,6360
R_006361,6361
R_006362,6362
R_006363,6363
R_006364,6364
R_006365,6365
R_006366,6366
R_006367,6367
R_006368,6368
R_006369,6369
R_006370,6370
R_006371,6371
R_006372,6372
R_006373,6373
R_006374,6374
R_006375,6375
R_006376,6376
R_006377,6377
R_006378,6378
R_006379,6379
R_006380,6380
R_006381,6381
R_006382,6382
R_006383,6383
R_006384,6384
R_006385,6385
R_006386,6386
R_006387,6387
R_006388,6388
R_006389,6389
R_006390,6390
R_006391,6391
R_006392,6392
R_006393,6393
R_006394,6394
R_006395,6395
R_006396,6396
R_006397,6397
R_006398,6398
R_006399,6399
R_006400,6400
R_006401,6401
R_006402,6402
R_006403,6403
R_006404,6404
R_006405,6405
R_006406,6406
R_006407,6407
R_006408,6408
R_006409,6409
R_006410,6410
R_006411,6411
R_006412,6412
R_006413,6413
R_006414,6414
R_006415,6415
R_006416,6416
R_006417,6417
R_006418,6418
R_006419,6419
R_006420,6420
R_006421,6421
R_006422,6422
R_006423,6423
R_006424,6424
R_006425,6425
R_006426,6426
R_006427,6427
R_006428,6428
R_006429,6429
R_006430,6430
R_006431,6431
R_006432,6432
R_006433,6433
R_006434,6434
R_006435,6435
R_006436,6436
R_006437,6437
R_006438,6438
R_006439,6439
R_006440,6440
R_006441,6441
R_006442,6442
R_006443,6443
R_006444,6444
R_006445,6445
R_006446,6446
R_006447,6447
R_006448,6448
R_006449,6449
R_006450,6450
R_006451,6451
R_006452,6452
R_006453,6453
R_006454,6454
R_006455,6455
R_006456,6456
R_006457,6457
R_006458,6458
R_006459,6459
R_006460,6460
R_006461,6461
R_006462,6462
R_006463,6463
R_006464,6464
R_006465,6465
R_006466,6466
R_006467,6467
R_006468,6468
R_006469,6469
R_006470,6470
R_006471,6471
R_006472,6472
R_006473,6473
R_006474,6474
R_006475,6475
R_006476,6476
R_006477,6477
R_006478,6478
R_006479,6479
R_006480,6480
R_006481,6481
R_006482,6482
R_006483,6483
R_006484,6484
R_006485,6485
R_006486,6486
R_006487,6487
R_006488,6488
R_006489,6489
R_006490,6490
R_006491,6491
R_006492,6492
R_006493,6493
R_006494,6494
R_006495,6495
R_006496,6496
R_006497,6497
R_006498,6498
R_006499,6499
R_006500,6500
R_006501,6501
R_006502,6502
R_006503,6503
R_006504,6504
R_006505,6505
R_006506,6506
R_006507,6507
R_006508,6508
R_006509,6509
R_006510,6510
R_006511,6511
R_006512,6512
R_006513,6513
R_006514,6514
R_006515,6515
R_006516,6516
R_006517,6517
R_006518,6518
R_006519,6519
R_006520,6520
R_006521,6521
R_006522,6522
R_006523,6523
R_006524,6524
R_006525,6525
R_006526,6526
R_006527,6527
R_006528,6528
R_006529,6529
R_006530,6530
R_006531,6531
R_006532,6532
R_006533,6533
R_006534,6534
R_006535,6535
R_006536,6536
R_006537,6537
R_006538,6538
R_006539,6539
R_006540,6540
R_006541,6541
R_006542,6542
R_006543,6543
R_006544,6544
R_006545,6545
R_006546,6546
R_006547,6547
R_006548,6548
R_006549,6549
R_006550,6550
R_006551,6551
R_006552,6552
R_006553,6553
R_006554,6554
R_006555,6555
R_006556,6556
R_006557,6557
R_006558,6558
R_006559,6559
R_006560,6560
R_006561,6561
R_006562,6562
R_006563,6563
R_006564,6564
R_006565,6565
R_006566,6566
R_006567,6567
R_006568,6568
R_006569,6569
R_006570,6570
R_006571,6571
R_006572,6572
R_006573,6573
R_006574,6574
R_006575,6575
R_006576,6576
R_006577,6577
R_006578,6578
R_006579,6579
R_006580,6580
R_006581,6581
R_006582,6582
R_006583,6583
R_006584,6584
R_006585,6585
R_006586,6586
R_006587,6587
R_006588,6588
R_006589,6589
R_006590,6590
R_006591,6591
R_006592,6592
R_006593,6593
R_006594,6594
R_006595,6595
R_006596,6596
R_006597,6597
R_006598,6598
R_006599,6599
R_006600,6600
R_006601,6601
R_006602,6602
R_006603,6603
R_006604,6604
R_006605,6605
R_006606,6606
R_006607,6607
R_006608,6608
R_006609,6609
R_006610,6610
R_006611,6611
R_006612,6612
R_006613,6613
R_006614,6614
R_006615,6615
R_006616,6616
R_006617,6617
R_006618,6618
R_006619,6619
R_006620,6620
R_006621,6621
R_006622,6622
R_006623,6623
R_006624,6624
R_006625,6625
R_006626,6626
R_006627,6627
R_006628,6628
R_006629,6629
R_006630,6630
R_006631,6631
R_006632,6632
R_006633,6633
R_006634,6634
R_006635,6635
R_006636,6636
R_006637,6637
R_006638,6638
R_006639,6639
R_006640,6640
R_006641,6641
R_006642,6642
R_006643,6643
R_006644,6644
R_006645,6645
R_006646,6646
R_006647,6647
R_006648,6648
R_006649,6649
R_006650,6650
R_006651,6651
R_006652,6652
R_006653,6653
R_006654,6654
R_006655,6655
R_006656,6656
R_006657,6657
R_006658,6658
R_006659,6659
R_006660,6660
R_006661,6661
R_006662,6662
R_006663,6663
R_006664,6664
R_006665,6665
R_006666,6666
R_006667,6667
R_006668,6668
R_006669,6669
R_006670,6670
R_006671,6671
R_006672,6672
R_006673,6673
R_006674,6674
R_006675,6675
R_006676,6676
R_006677,6677
R_006678,6678
R_006679,6679
R_006680,6680
R_006681,6681
R_006682,6682
R_006683,6683
R_006684,6684
R_006685,6685
R_006686,6686
R_006687,6687
R_006688,6688
R_006689,6689
R_006690,6690
R_006691,6691
R_006692,6692
R_006693,6693
R_006694,6694
R_006695,6695
R_006696,6696
R_006697,6697
R_006698,6698
R_006699,6699
R_006700,6700
R_006701,6701
R_006702,6702
R_006703,6703
R_006704,6704
R_006705,6705
R_006706,6706
R_006707,6707
R_006708,6708
R_006709,6709
R_006710,6710
R_006711,6711
R_006712,6712
R_006713,6713
R_006714,6714
R_006715,6715
R_006716,6716
R_006717,6717
R_006718,6718
R_006719,6719
R_006720,6720
R_006721,6721
R_006722,6722
R_006723,6723
R_006724,6724
R_006725,6725
R_006726,6726
R_006727,6727
R_006728,6728
R_006729,6729
R_006730,6730
R_006731,6731
R_006732,6732
R_006733,6733
R_006734,6734
R_006735,6735
R_006736,6736
R_006737,6737
R_006738,6738
R_006739,6739
R_006740,6740
R_006741,6741
R_006742,6742
R_006743,6743
R_006744,6744
R_006745,6745
R_006746,6746
R_006747,6747
R_006748,6748
R_006749,6749
R_006750,6750
R_006751,6751
R_006752,6752
R_006753,6753
R_006754,6754
R_006755,6755
R_006756,6756
R_006757,6757
R_006758,6758
R_006759,6759
R_006760,6760
R_006761,6761
R_006762,6762
R_006763,6763
R_006764,6764
R_006765,6765
R_006766,6766
R_006767,6767
R_006768,6768
R_006769,6769
R_006770,6770
R_006771,6771
R_006772,6772
R_006773,6773
R_006774,6774
R_006775,6775
R_006776,6776
R_006777,6777
R_006778,6778
R_006779,6779
R_006780,6780
R_006781,6781
R_006782,6782
R_006783,6783
R_006784,6784
R_006785,6785
R_006786,6786
R_006787,6787
R_006788,6788
R_006789,6789
R_006790,6790
R_006791,6791
R_006792,6792
R_006793,6793
R_006794,6794
R_006795,6795
R_006796,6796
R_006797,6797
R_006798,6798
R_006799,6799
R_006800,6800
R_006801,6801
R_006802,6802
R_006803,6803
R_006804,6804
R_006805,6805
R_006806,6806
R_006807,6807
R_006808,6808
R_006809,6809
R_006810,6810
R_006811,6811
R_006812,6812
R_006813,6813
R_006814,6814
R_006815,6815
R_006816,6816
R_006817,6817
R_006818,6818
R_006819,6819
R_006820,6820
R_006821,6821
R_006822,6822
R_006823,6823
R_006824,6824
R_006825,6825
R_006826,6826
R_006827,6827
R_006828,6828
R_006829,6829
R_006830,6830
R_006831,6831
R_006832,6832
R_006833,6833
R_006834,6834
R_006835,6835
R_006836,6836
R_006837,6837
R_006838,6838
R_006839,6839
R_006840,6840
R_006841,6841
R_006842,6842
R_006843,6843
R_006844,6844
R_006845,6845
R_006846,6846
R_006847,6847
R_006848,6848
R_006849,6849
R_006850,6850
R_006851,6851
R_006852,6852
R_006853,6853
R_006854,6854
R_006855,6855
R_006856,6856
R_006857,6857
R_006858,6858
R_006859,6859
R_006860,6860
R_006861,6861
R_006862,6862
R_006863,6863
R_006864,6864
R_006865,6865
R_006866,6866
R_006867,6867
R_006868,6868
R_006869,6869
R_006870,6870
R_006871,6871
R_006872,6872
R_006873,6873
R_006874,6874
R_006875,6875
R_006876,6876
R_006877,6877
R_006878,6878
R_006879,6879
R_006880,6880
R_006881,6881
R_006882,6882
R_006883,6883
R_006884,6884
R_006885,6885
R_006886,6886
R_006887,6887
R_006888,6888
R_006889,6889
R_006890,6890
R_006891,6891
R_006892,6892
R_006893,6893
R_006894,6894
R_006895,6895
R_006896,6896
R_006897,6897
R_006898,6898
R_006899,6899
R_006900,6900
R_006901,6901
R_006902,6902
R_006903,6903
R_006904,6904
R_006905,6905
R_006906,6906
R_006907,6907
R_006908,6908
R_006909,6909
R_006910,6910
R_006911,6911
R_006912,6912
R_006913,6913
R_006914,6914
R_006915,6915
R_006916,6916
R_006917,6917
R_006918,6918
R_006919,6919
R_006920,6920
R_006921,6921
R_006922,6922
R_006923,6923
R_006924,6924
R_006925,6925
R_006926,6926
R_006927,6927
R_006928,6928
R_006929,6929
R_006930,6930
R_006931,6931
R_006932,6932
R_006933,6933
R_006934,6934
R_006935,6935
R_006936,6936
R_006937,6937
R_006938,6938
R_006939,6939
R_006940,6940
R_006941,6941
R_006942,6942
R_006943,6943
R_006944,6944
R_006945,6945
R_006946,6946
R_006947,6947
R_006948,6948
R_006949,6949
R_006950,6950
R_006951,6951
R_006952,6952
R_006953,6953
R_006954,6954
R_006955,6955
R_006956,6956
R_006957,6957
R_006958,6958
R_006959,6959
R_006960,6960
R_006961,6961
R_006962,6962
R_006963,6963
R_006964,6964
R_006965,6965
R_006966,6966
R_006967,6967
R_006968,6968
R_006969,6969
R_006970,6970
R_006971,6971
R_006972,6972
R_006973,6973
R_006974,6974
R_006975,6975
R_006976,6976
R_006977,6977
R_006978,6978
R_006979,6979
R_006980,6980
R_006981,6981
R_006982,6982
R_006983,6983
R_006984,6984
R_006985,6985
R_006986,6986
R_006987,6987
R_006988,6988
R_006989,6989
R_006990,6990
R_006991,6991
R_006992,6992
R_006993,6993
R_006994,6994
R_006995,6995
R_006996,6996
R_006997,6997
R_006998,6998
R_006999,6999
R_007000,7000
R_007001,7001
R_007002,7002
R_007003,7003
R_007004,7004
R_007005,7005
R_007006,7006
R_007007,7007
R_007008,7008
R_007009,7009
R_007010,7010
R_007011,7011
R_007012,7012
R_007013,7013
R_007014,7014
R_007015,7015
R_007016,7016
R_007017,7017
R_007018,7018
R_007019,7019
R_007020,7020
R_007021,7021
R_007022,7022
R_007023,7023
R_007024,7024
R_007025,7025
R_007026,7026
R_007027,7027
R_007028,7028
R_007029,7029
R_007030,7030
R_007031,7031
R_007032,7032
R_007033,7033
R_007034,7034
R_007035,7035
R_007036,7036
R_007037,7037
R_007038,7038
R_007039,7039
R_007040,7040
R_007041,7041
R_007042,7042
R_007043,7043
R_007044,7044
R_007045,7045
R_007046,7046
R_007047,7047
R_007048,7048
R_007049,7049
R_007050,7050
R_007051,7051
R_007052,7052
R_007053,7053
R_007054,7054
R_007055,7055
R_007056,7056
R_007057,7057
R_007058,7058
R_007059,7059
R_007060,7060
R_007061,7061
R_007062,7062
R_007063,7063
R_007064,7064
R_007065,7065
R_007066,7066
R_007067,7067
R_007068,7068
R_007069,7069
R_007070,7070
R_007071,7071
R_007072,7072
R_007073,7073
R_007074,7074
R_007075,7075
R_007076,7076
R_007077,7077
R_007078,7078
R_007079,7079
R_007080,7080
R_007081,7081
R_007082,7082
R_007083,7083
R_007084,7084
R_007085,7085
R_007086,7086
R_007087,7087
R_007088,7088
R_007089,7089
R_007090,7090
R_007091,7091
R_007092,7092
R_007093,7093
R_007094,7094
R_007095,7095
R_007096,7096
R_007097,7097
R_007098,7098
R_007099,7099
R_007100,7100
R_007101,7101
R_007102,7102
R_007103,7103
R_007104,7104
R_007105,7105
R_007106,7106
R_007107,7107
R_007108,7108
R_007109,7109
R_007110,7110
R_007111,7111
R_007112,7112
R_007113,7113
R_007114,7114
R_007115,7115
R_007116,7116
R_007117,7117
R_007118,7118
R_007119,7119
R_007120,7120
R_007121,7121
R_007122,7122
R_007123,7123
R_007124,7124
R_007125,7125
R_007126,7126
R_007127,7127
R_007128,7128
R_007129,7129
R_007130,7130
R_007131,7131
R_007132,7132
R_007133,7133
R_007134,7134
R_007135,7135
R_007136,7136
R_007137,7137
R_007138,7138
R_007139,7139
R_007140,7140
R_007141,7141
R_007142,7142
R_007143,7143
R_007144,7144
R_007145,7145
R_007146,7146
R_007147,7147
R_007148,7148
R_007149,7149
R_007150,7150
R_007151,7151
R_007152,7152
R_007153,7153
R_007154,7154
R_007155,7155
R_007156,7156
R_007157,7157
R_007158,7158
R_007159,7159
R_007160,7160
R_007161,7161
R_007162,7162
R_007163,7163
R_007164,7164
R_007165,7165
R_007166,7166
R_007167,7167
R_007168,7168
R_007169,7169
R_007170,7170
R_007171,7171
R_007172,7172
R_007173,7173
R_007174,7174
R_007175,7175
R_007176,7176
R_007177,7177
R_007178,7178
R_007179,7179
R_007180,7180
R_007181,7181
R_007182,7182
R_007183,7183
R_007184,7184
R_007185,7185
R_007186,7186
R_007187,7187
R_007188,7188
R_007189,7189
R_007190,7190
R_007191,7191
R_007192,7192
R_007193,7193
R_007194,7194
R_007195,7195
R_007196,7196
R_007197,7197
R_007198,7198
R_007199,7199
R_007200,7200
R_007201,7201
R_007202,7202
R_007203,7203
R_007204,7204
R_007205,7205
R_007206,7206
R_007207,7207
R_007208,7208
R_007209,7209
R_007210,7210
R_007211,7211
R_007212,7212
R_007213,7213
R_007214,7214
R_007215,7215
R_007216,7216
R_007217,7217
R_007218,7218
R_007219,7219
R_007220,7220
R_007221,7221
R_007222,7222
R_007223,7223
R_007224,7224
R_007225,7225
R_007226,7226
R_007227,7227
R_007228,7228
R_007229,7229
R_007230,7230
R_007231,7231
R_007232,7232
R_007233,7233
R_007234,7234
R_007235,7235
R_007236,7236
R_007237,7237
R_007238,7238
R_007239,7239
R_007240,7240
R_007241,7241
R_007242,7242
R_007243,7243
R_007244,7244
R_007245,7245
R_007246,7246
R_007247,7247
R_007248,7248
R_007249,7249
R_007250,7250
R_007251,7251
R_007252,7252
R_007253,7253
R_007254,7254
R_007255,7255
R_007256,7256
R_007257,7257
R_007258,7258
R_007259,7259
R_007260,7260
R_007261,7261
R_007262,7262
R_007263,7263
R_007264,7264
R_007265,7265
R_007266,7266
R_007267,7267
R_007268,7268
R_007269,7269
R_007270,7270
R_007271,7271
R_007272,7272
R_007273,7273
R_007274,7274
R_007275,7275
R_007276,7276
R_007277,7277
R_007278,7278
R_007279,7279
R_007280,7280
R_007281,7281
R_007282,7282
R_007283,7283
R_007284,7284
R_007285,7285
R_007286,7286
R_007287,7287
R_007288,7288
R_007289,7289
R_007290,7290
R_007291,7291
R_007292,7292
R_007293,7293
R_007294,7294
R_007295,7295
R_007296,7296
R_007297,7297
R_007298,7298
R_007299,7299
R_007300,7300
R_007301,7301
R_007302,7302
R_007303,7303
R_007304,7304
R_007305,7305
R_007306,7306
R_007307,7307
R_007308,7308
R_007309,7309
R_007310,7310
R_007311,7311
R_007312,7312
R_007313,7313
R_007314,7314
R_007315,7315
R_007316,7316
R_007317,7317
R_007318,7318
R_007319,7319
R_007320,7320
R_007321,7321
R_007322,7322
R_007323,7323
R_007324,7324
R_007325,7325
R_007326,7326
R_007327,7327
R_007328,7328
R_007329,7329
R_007330,7330
R_007331,7331
R_007332,7332
R_007333,7333
R_007334,7334
R_007335,7335
R_007336,7336
R_007337,7337
R_007338,7338
R_007339,7339
R_007340,7340
R_007341,7341
R_007342,7342
R_007343,7343
R_007344,7344
R_007345,7345
R_007346,7346
R_007347,7347
R_007348,7348
R_007349,7349
R_007350,7350
R_007351,7351
R_007352,7352
R_007353,7353
R_007354,7354
R_007355,7355
R_007356,7356
R_007357,7357
R_007358,7358
R_007359,7359
R_007360,7360
R_007361,7361
R_007362,7362
R_007363,7363
R_007364,7364
R_007365,7365
R_007366,7366
R_007367,7367
R_007368,7368
R_007369,7369
R_007370,7370
R_007371,7371
R_007372,7372
R_007373,7373
R_007374,7374
R_007375,7375
R_007376,7376
R_007377,7377
R_007378,7378
R_007379,7379
R_007380,7380
R_007381,7381
R_007382,7382
R_007383,7383
R_007384,7384
R_007385,7385
R_007386,7386
R_007387,7387
R_007388,7388
R_007389,7389
R_007390,7390
R_007391,7391
R_007392,7392
R_007393,7393
R_007394,7394
R_007395,7395
R_007396,7396
R_007397,7397
R_007398,7398
R_007399,7399
R_007400,7400
R_007401,7401
R_007402,7402
R_007403,7403
R_007404,7404
R_007405,7405
R_007406,7406
R_007407,7407
R_007408,7408
R_007409,7409
R_007410,7410
R_007411,7411
R_007412,7412
R_007413,7413
R_007414,7414
R_007415,7415
R_007416,7416
R_007417,7417
R_007418,7418
R_007419,7419
R_007420,7420
R_007421,7421
R_007422,7422
R_007423,7423
R_007424,7424
R_007425,7425
R_007426,7426
R_007427,7427
R_007428,7428
R_007429,7429
R_007430,7430
R_007431,7431
R_007432,7432
R_007433,7433
R_007434,7434
R_007435,7435
R_007436,7436
R_007437,7437
R_007438,7438
R_007439,7439
R_007440,7440
R_007441,7441
R_007442,7442
R_007443,7443
R_007444,7444
R_007445,7445
R_007446,7446
R_007447,7447
R_007448,7448
R_007449,7449
R_007450,7450
R_007451,7451
R_007452,7452
R_007453,7453
R_007454,7454
R_007455,7455
R_007456,7456
R_007457,7457
R_007458,7458
R_007459,7459
R_007460,7460
R_007461,7461
R_007462,7462
R_007463,7463
R_007464,7464
R_007465,7465
R_007466,7466
R_007467,7467
R_007468,7468
R_007469,7469
R_007470,7470
R_007471,7471
R_007472,7472
R_007473,7473
R_007474,7474
R_007475,7475
R_007476,7476
R_007477,7477
R_007478,7478
R_007479,7479
R_007480,7480
R_007481,7481
R_007482,7482
R_007483,7483
R_007484,7484
R_007485,7485
R_007486,7486
R_007487,7487
R_007488,7488
R_007489,7489
R_007490,7490
R_007491,7491
R_007492,7492
R_007493,7493
R_007494,7494
R_007495,7495
R_007496,7496
R_007497,7497
R_007498,7498
R_007499,7499
R_007500,7500
R_007501,7501
R_007502,7502
R_007503,7503
R_007504,7504
R_007505,7505
R_007506,7506
R_007507,7507
R_007508,7508
R_007509,7509
R_007510,7510
R_007511,7511
R_007512,7512
R_007513,7513
R_007514,7514
R_007515,7515
R_007516,7516
R_007517,7517
R_007518,7518
R_007519,7519
R_007520,7520
R_007521,7521
R_007522,7522
R_007523,7523
R_007524,7524
R_007525,7525
R_007526,7526
R_007527,7527
R_007528,7528
R_007529,7529
R_007530,7530
R_007531,7531
R_007532,7532
R_007533,7533
R_007534,7534
R_007535,7535
R_007536,7536
R_007537,7537
R_007538,7538
R_007539,7539
R_007540,7540
R_007541,7541
R_007542,7542
R_007543,7543
R_007544,7544
R_007545,7545
R_007546,7546
R_007547,7547
R_007548,7548
R_007549,7549
R_007550,7550
R_007551,7551
R_007552,7552
R_007553,7553
R_007554,7554
R_007555,7555
R_007556,7556
R_007557,7557
R_007558,7558
R_007559,7559
R_007560,7560
R_007561,7561
R_007562,7562
R_007563,7563
R_007564,7564
R_007565,7565
R_007566,7566
R_007567,7567
R_007568,7568
R_007569,7569
R_007570,7570
R_007571,7571
R_007572,7572
R_007573,7573
R_007574,7574
R_007575,7575
R_007576,7576
R_007577,7577
R_007578,7578
R_007579,7579
R_007580,7580
R_007581,7581
R_007582,7582
R_007583,7583
R_007584,7584
R_007585,7585
R_007586,7586
R_007587,7587
R_007588,7588
R_007589,7589
R_007590,7590
R_007591,7591
R_007592,7592
R_007593,7593
R_007594,7594
R_007595,7595
R_007596,7596
R_007597,7597
R_007598,7598
R_007599,7599
R_007600,7600
R_007601,7601
R_007602,7602
R_007603,7603
R_007604,7604
R_007605,7605
R_007606,7606
R_007607,7607
R_007608,7608
R_007609,7609
R_007610,7610
R_007611,7611
R_007612,7612
R_007613,7613
R_007614,7614
R_007615,7615
R_007616,7616
R_007617,7617
R_007618,7618
R_007619,7619
R_007620,7620
R_007621,7621
R_007622,7622
R_007623,7623
R_007624,7624
R_007625,7625
R_007626,7626
R_007627,7627
R_007628,7628
R_007629,7629
R_007630,7630
R_007631,7631
R_007632,7632
R_007633,7633
R_007634,7634
R_007635,7635
R_007636,7636
R_007637,7637
R_007638,7638
R_007639,7639
R_007640,7640
R_007641,7641
R_007642,7642
R_007643,7643
R_007644,7644
R_007645,7645
R_007646,7646
R_007647,7647
R_007648,7648
R_007649,7649
R_007650,7650
R_007651,7651
R_007652,7652
R_007653,7653
R_007654,7654
R_007655,7655
R_007656,7656
R_007657,7657
R_007658,7658
R_007659,7659
R_007660,7660
R_007661,7661
R_007662,7662
R_007663,7663
R_007664,7664
R_007665,7665
R_007666,7666
R_007667,7667
R_007668,7668
R_007669,7669
R_007670,7670
R_007671,7671
R_007672,7672
R_007673,7673
R_007674,7674
R_007675,7675
R_007676,7676
R_007677,7677
R_007678,7678
R_007679,7679
R_007680,7680
R_007681,7681
R_007682,7682
R_007683,7683
R_007684,7684
R_007685,7685
R_007686,7686
R_007687,7687
R_007688,7688
R_007689,7689
R_007690,7690
R_007691,7691
R_007692,7692
R_007693,7693
R_007694,7694
R_007695,7695
R_007696,7696
R_007697,7697
R_007698,7698
R_007699,7699
R_007700,7700
R_007701,7701
R_007702,7702
R_007703,7703
R_007704,7704
R_007705,7705
R_007706,7706
R_007707,7707
R_007708,7708
R_007709,7709
R_007710,7710
R_007711,7711
R_007712,7712
R_007713,7713
R_007714,7714
R_007715,7715
R_007716,7716
R_007717,7717
R_007718,7718
R_007719,7719
R_007720,7720
R_007721,7721
R_007722,7722
R_007723,7723
R_007724,7724
R_007725,7725
R_007726,7726
R_007727,7727
R_007728,7728
R_007729,7729
R_007730,7730
R_007731,7731
R_007732,7732
R_007733,7733
R_007734,7734
R_007735,7735
R_007736,7736
R_007737,7737
R_007738,7738
R_007739,7739
R_007740,7740
R_007741,7741
R_007742,7742
R_007743,7743
R_007744,7744
R_007745,7745
R_007746,7746
R_007747,7747
R_007748,7748
R_007749,7749
R_007750,7750
R_007751,7751
R_007752,7752
R_007753,7753
R_007754,7754
R_007755,7755
R_007756,7756
R_007757,7757
R_007758,7758
R_007759,7759
R_007760,7760
R_007761,7761
R_007762,7762
R_007763,7763
R_007764,7764
R_007765,7765
R_007766,7766
R_007767,7767
R_007768,7768
R_007769,7769
R_007770,7770
R_007771,7771
R_007772,7772
R_007773,7773
R_007774,7774
R_007775,7775
R_007776,7776
R_007777,7777
R_007778,7778
R_007779,7779
R_007780,7780
R_007781,7781
R_007782,7782
R_007783,7783
R_007784,7784
R_007785,7785
R_007786,7786
R_007787,7787
R_007788,7788
R_007789,7789
R_007790,7790
R_007791,7791
R_007792,7792
R_007793,7793
R_007794,7794
R_007795,7795
R_007796,7796
R_007797,7797
R_007798,7798
R_007799,7799
R_007800,7800
R_007801,7801
R_007802,7802
R_007803,7803
R_007804,7804
R_007805,7805
R_007806,7806
R_007807,7807
R_007808,7808
R_007809,7809
R_007810,7810
R_007811,7811
R_007812,7812
R_007813,7813
R_007814,7814
R_007815,7815
R_007816,7816
R_007817,7817
R_007818,7818
R_007819,7819
R_007820,7820
R_007821,7821
R_007822,7822
R_007823,7823
R_007824,7824
R_007825,7825
R_007826,7826
R_007827,7827
R_007828,7828
R_007829,7829
R_007830,7830
R_007831,7831
R_007832,7832
R_007833,7833
R_007834,7834
R_007835,7835
R_007836,7836
R_007837,7837
R_007838,7838
R_007839,7839
R_007840,7840
R_007841,7841
R_007842,7842
R_007843,7843
R_007844,7844
R_007845,7845
R_007846,7846
R_007847,7847
R_007848,7848
R_007849,7849
R_007850,7850
R_007851,7851
R_007852,7852
R_007853,7853
R_007854,7854
R_007855,7855
R_007856,7856
R_007857,7857
R_007858,7858
R_007859,7859
R_007860,7860
R_007861,7861
R_007862,7862
R_007863,7863
R_007864,7864
R_007865,7865
R_007866,7866
R_007867,7867
R_007868,7868
R_007869,7869
R_007870,7870
R_007871,7871
R_007872,7872
R_007873,7873
R_007874,7874
R_007875,7875
R_007876,7876
R_007877,7877
R_007878,7878
R_007879,7879
R_007880,7880
R_007881,7881
R_007882,7882
R_007883,7883
R_007884,7884
R_007885,7885
R_007886,7886
R_007887,7887
R_007888,7888
R_007889,7889
R_007890,7890
R_007891,7891
R_007892,7892
R_007893,7893
R_007894,7894
R_007895,7895
R_007896,7896
R_007897,7897
R_007898,7898
R_007899,7899
R_007900,7900
R_007901,7901
R_007902,7902
R_007903,7903
R_007904,7904
R_007905,7905
R_007906,7906
R_007907,7907
R_007908,7908
R_007909,7909
R_007910,7910
R_007911,7911
R_007912,7912
R_007913,7913
R_007914,7914
R_007915,7915
R_007916,7916
R_007917,7917
R_007918,7918
R_007919,7919
R_007920,7920
R_007921,7921
R_007922,7922
R_007923,7923
R_007924,7924
R_007925,7925
R_007926,7926
R_007927,7927
R_007928,7928
R_007929,7929
R_007930,7930
R_007931,7931
R_007932,7932
R_007933,7933
R_007934,7934
R_007935,7935
R_007936,7936
R_007937,7937
R_007938,7938
R_007939,7939
R_007940,7940
R_007941,7941
R_007942,7942
R_007943,7943
R_007944,7944
R_007945,7945
R_007946,7946
R_007947,7947
R_007948,7948
R_007949,7949
R_007950,7950
R_007951,7951
R_007952,7952
R_007953,7953
R_007954,7954
R_007955,7955
R_007956,7956
R_007957,7957
R_007958,7958
R_007959,7959
R_007960,7960
R_007961,7961
R_007962,7962
R_007963,7963
R_007964,7964
R_007965,7965
R_007966,7966
R_007967,7967
R_007968,7968
R_007969,7969
R_007970,7970
R_007971,7971
R_007972,7972
R_007973,7973
R_007974,7974
R_007975,7975
R_007976,7976
R_007977,7977
R_007978,7978
R_007979,7979
R_007980,7980
R_007981,7981
R_007982,7982
R_007983,7983
R_007984,7984
R_007985,7985
R_007986,7986
R_007987,7987
R_007988,7988
R_007989,7989
R_007990,7990
R_007991,7991
R_007992,7992
R_007993,7993
R_007994,7994
R_007995,7995
R_007996,7996
R_007997,7997
R_007998,7998
R_007999,7999
R_008000,8000
R_008001,8001
R_008002,8002
R_008003,8003
R_008004,8004
R_008005,8005
R_008006,8006
R_008007,8007
R_008008,8008
R_008009,8009
R_008010,8010
R_008011,8011
R_008012,8012
R_008013,8013
R_008014,8014
R_008015,8015
R_008016,8016
R_008017,8017
R_008018,8018
R_008019,8019
R_008020,8020
R_008021,8021
R_008022,8022
R_008023,8023
R_008024,8024
R_008025,8025
R_008026,8026
R_008027,8027
R_008028,8028
R_008029,8029
R_008030,8030
R_008031,8031
R_008032,8032
R_008033,8033
R_008034,8034
R_008035,8035
R_008036,8036
R_008037,8037
R_008038,8038
R_008039,8039
R_008040,8040
R_008041,8041
R_008042,8042
R_008043,8043
R_008044,8044
R_008045,8045
R_008046,8046
R_008047,8047
R_008048,8048
R_008049,8049
R_008050,8050
R_008051,8051
R_008052,8052
R_008053,8053
R_008054,8054
R_008055,8055
R_008056,8056
R_008057,8057
R_008058,8058
R_008059,8059
R_008060,8060
R_008061,8061
R_008062,8062
R_008063,8063
R_008064,8064
R_008065,8065
R_008066,8066
R_008067,8067
R_008068,8068
R_008069,8069
R_008070,8070
R_008071,8071
R_008072,8072
R_008073,8073
R_008074,8074
R_008075,8075
R_008076,8076
R_008077,8077
R_008078,8078
R_008079,8079
R_008080,8080
R_008081,8081
R_008082,8082
R_008083,8083
R_008084,8084
R_008085,8085
R_008086,8086
R_008087,8087
R_008088,8088
R_008089,8089
R_008090,8090
R_008091,8091
R_008092,8092
R_008093,8093
R_008094,8094
R_008095,8095
R_008096,8096
R_008097,8097
R_008098,8098
R_008099,8099
R_008100,8100
R_008101,8101
R_008102,8102
R_008103,8103
R_008104,8104
R_008105,8105
R_008106,8106
R_008107,8107
R_008108,8108
R_008109,8109
R_008110,8110
R_008111,8111
R_008112,8112
R_008113,8113
R_008114,8114
R_008115,8115
R_008116,8116
R_008117,8117
R_008118,8118
R_008119,8119
R_008120,8120
R_008121,8121
R_008122,8122
R_008123,8123
R_008124,8124
R_008125,8125
R_008126,8126
R_008127,8127
R_008128,8128
R_008129,8129
R_008130,8130
R_008131,8131
R_008132,8132
R_008133,8133
R_008134,8134
R_008135,8135
R_008136,8136
R_008137,8137
R_008138,8138
R_008139,8139
R_008140,8140
R_008141,8141
R_008142,8142
R_008143,8143
R_008144,8144
R_008145,8145
R_008146,8146
R_008147,8147
R_008148,8148
R_008149,8149
R_008150,8150
R_008151,8151
R_008152,8152
R_008153,8153
R_008154,8154
R_008155,8155
R_008156,8156
R_008157,8157
R_008158,8158
R_008159,8159
R_008160,8160
R_008161,8161
R_008162,8162
R_008163,8163
R_008164,8164
R_008165,8165
R_008166,8166
R_008167,8167
R_008168,8168
R_008169,8169
R_008170,8170
R_008171,8171
R_008172,8172
R_008173,8173
R_008174,8174
R_008175,8175
R_008176,8176
R_008177,8177
R_008178,8178
R_008179,8179
R_008180,8180
R_008181,8181
R_008182,8182
R_008183,8183
R_008184,8184
R_008185,8185
R_008186,8186
R_008187,8187
R_008188,8188
R_008189,8189
R_008190,8190
R_008191,8191
R_008192,8192
R_008193,8193
R_008194,8194
R_008195,8195
R_008196,8196
R_008197,8197
R_008198,8198
R_008199,8199
R_008200,8200
R_008201,8201
R_008202,8202
R_008203,8203
R_008204,8204
R_008205,8205
R_008206,8206
R_008207,8207
R_008208,8208
R_008209,8209
R_008210,8210
R_008211,8211
R_008212,8212
R_008213,8213
R_008214,8214
R_008215,8215
R_008216,8216
R_008217,8217
R_008218,8218
R_008219,8219
R_008220,8220
R_008221,8221
R_008222,8222
R_008223,8223
R_008224,8224
R_008225,8225
R_008226,8226
R_008227,8227
R_008228,8228
R_008229,8229
R_008230,8230
R_008231,8231
R_008232,8232
R_008233,8233
R_008234,8234
R_008235,8235
R_008236,8236
R_008237,8237
R_008238,8238
R_008239,8239
R_008240,8240
R_008241,8241
R_008242,8242
R_008243,8243
R_008244,8244
R_008245,8245
R_008246,8246
R_008247,8247
R_008248,8248
R_008249,8249
R_008250,8250
R_008251,8251
R_008252,8252
R_008253,8253
R_008254,8254
R_008255,8255
R_008256,8256
R_008257,8257
R_008258,8258
R_008259,8259
R_008260,8260
R_008261,8261
R_008262,8262
R_008263,8263
R_008264,8264
R_008265,8265
R_008266,8266
R_008267,8267
R_008268,8268
R_008269,8269
R_008270,8270
R_008271,8271
R_008272,8272
R_008273,8273
R_008274,8274
R_008275,8275
R_008276,8276
R_008277,8277
R_008278,8278
R_008279,8279
R_008280,8280
R_008281,8281
R_008282,8282
R_008283,8283
R_008284,8284
R_008285,8285
R_008286,8286
R_008287,8287
R_008288,8288
R_008289,8289
R_008290,8290
R_008291,8291
R_008292,8292
R_008293,8293
R_008294,8294
R_008295,8295
R_008296,8296
R_008297,8297
R_008298,8298
R_008299,8299
R_008300,8300
R_008301,8301
R_008302,8302
R_008303,8303
R_008304,8304
R_008305,8305
R_008306,8306
R_008307,8307
R_008308,8308
R_008309,8309
R_008310,8310
R_008311,8311
R_008312,8312
R_008313,8313
R_008314,8314
R_008315,8315
R_008316,8316
R_008317,8317
R_008318,8318
R_008319,8319
R_008320,8320
R_008321,8321
R_008322,8322
R_008323,8323
R_008324,8324
R_008325,8325
R_008326,8326
R_008327,8327
R_008328,8328
R_008329,8329
R_008330,8330
R_008331,8331
R_008332,8332
R_008333,8333
R_008334,8334
R_008335,8335
R_008336,8336
R_008337,8337
R_008338,8338
R_008339,8339
R_008340,8340
R_008341,8341
R_008342,8342
R_008343,8343
R_008344,8344
R_008345,8345
R_008346,8346
R_008347,8347
R_008348,8348
R_008349,8349
R_008350,8350
R_008351,8351
R_008352,8352
R_008353,8353
R_008354,8354
R_008355,8355
R_008356,8356
R_008357,8357
R_008358,8358
R_008359,8359
R_008360,8360
R_008361,8361
R_008362,8362
R_008363,8363
R_008364,8364
R_008365,8365
R_008366,8366
R_008367,8367
R_008368,8368
R_008369,8369
R_008370,8370
R_008371,8371
R_008372,8372
R_008373,8373
R_008374,8374
R_008375,8375
R_008376,8376
R_008377,8377
R_008378,8378
R_008379,8379
R_008380,8380
R_008381,8381
R_008382,8382
R_008383,8383
R_008384,8384
R_008385,8385
R_008386,8386
R_008387,8387
R_008388,8388
R_008389,8389
R_008390,8390
R_008391,8391
R_008392,8392
R_008393,8393
R_008394,8394
R_008395,8395
R_008396,8396
R_008397,8397
R_008398,8398
R_008399,8399
R_008400,8400
R_008401,8401
R_008402,8402
R_008403,8403
R_008404,8404
R_008405,8405
R_008406,8406
R_008407,8407
R_008408,8408
R_008409,8409
R_008410,8410
R_008411,8411
R_008412,8412
R_008413,8413
R_008414,8414
R_008415,8415
R_008416,8416
R_008417,8417
R_008418,8418
R_008419,8419
R_008420,8420
R_008421,8421
R_008422,8422
R_008423,8423
R_008424,8424
R_008425,8425
R_008426,8426
R_008427,8427
R_008428,8428
R_008429,8429
R_008430,8430
R_008431,8431
R_008432,8432
R_008433,8433
R_008434,8434
R_008435,8435
R_008436,8436
R_008437,8437
R_008438,8438
R_008439,8439
R_008440,8440
R_008441,8441
R_008442,8442
R_008443,8443
R_008444,8444
R_008445,8445
R_008446,8446
R_008447,8447
R_008448,8448
R_008449,8449
R_008450,8450
R_008451,8451
R_008452,8452
R_008453,8453
R_008454,8454
R_008455,8455
R_008456,8456
R_008457,8457
R_008458,8458
R_008459,8459
R_008460,8460
R_008461,8461
R_008462,8462
R_008463,8463
R_008464,8464
R_008465,8465
R_008466,8466
R_008467,8467
R_008468,8468
R_008469,8469
R_008470,8470
R_008471,8471
R_008472,8472
R_008473,8473
R_008474,8474
R_008475,8475
R_008476,8476
R_008477,8477
R_008478,8478
R_008479,8479
R_008480,8480
R_008481,8481
R_008482,8482
R_008483,8483
R_008484,8484
R_008485,8485
R_008486,8486
R_008487,8487
R_008488,8488
R_008489,8489
R_008490,8490
R_008491,8491
R_008492,8492
R_008493,8493
R_008494,8494
R_008495,8495
R_008496,8496
R_008497,8497
R_008498,8498
R_008499,8499
R_008500,8500
R_008501,8501
R_008502,8502
R_008503,8503
R_008504,8504
R_008505,8505
R_008506,8506
R_008507,8507
R_008508,8508
R_008509,8509
R_008510,8510
R_008511,8511
R_008512,8512
R_008513,8513
R_008514,8514
R_008515,8515
R_008516,8516
R_008517,8517
R_008518,8518
R_008519,8519
R_008520,8520
R_008521,8521
R_008522,8522
R_008523,8523
R_008524,8524
R_008525,8525
R_008526,8526
R_008527,8527
R_008528,8528
R_008529,8529
R_008530,8530
R_008531,8531
R_008532,8532
R_008533,8533
R_008534,8534
R_008535,8535
R_008536,8536
R_008537,8537
R_008538,8538
R_008539,8539
R_008540,8540
R_008541,8541
R_008542,8542
R_008543,8543
R_008544,8544
R_008545,8545
R_008546,8546
R_008547,8547
R_008548,8548
R_008549,8549
R_008550,8550
R_008551,8551
R_008552,8552
R_008553,8553
R_008554,8554
R_008555,8555
R_008556,8556
R_008557,8557
R_008558,8558
R_008559,8559
R_008560,8560
R_008561,8561
R_008562,8562
R_008563,8563
R_008564,8564
R_008565,8565
R_008566,8566
R_008567,8567
R_008568,8568
R_008569,8569
R_008570,8570
R_008571,8571
R_008572,8572
R_008573,8573
R_008574,8574
R_008575,8575
R_008576,8576
R_008577,8577
R_008578,8578
R_008579,8579
R_008580,8580
R_008581,8581
R_008582,8582
R_008583,8583
R_008584,8584
R_008585,8585
R_008586,8586
R_008587,8587
R_008588,8588
R_008589,8589
R_008590,8590
R_008591,8591
R_008592,8592
R_008593,8593
R_008594,8594
R_008595,8595
R_008596,8596
R_008597,8597
R_008598,8598
R_008599,8599
R_008600,8600
R_008601,8601
R_008602,8602
R_008603,8603
R_008604,8604
R_008605,8605
R_008606,8606
R_008607,8607
R_008608,8608
R_008609,8609
R_008610,8610
R_008611,8611
R_008612,8612
R_008613,8613
R_008614,8614
R_008615,8615
R_008616,8616
R_008617,8617
R_008618,8618
R_008619,8619
R_008620,8620
R_008621,8621
R_008622,8622
R_008623,8623
R_008624,8624
R_008625,8625
R_008626,8626
R_008627,8627
R_008628,8628
R_008629,8629
R_008630,8630
R_008631,8631
R_008632,8632
R_008633,8633
R_008634,8634
R_008635,8635
R_008636,8636
R_008637,8637
R_008638,8638
R_008639,8639
R_008640,8640
R_008641,8641
R_008642,8642
R_008643,8643
R_008644,8644
R_008645,8645
R_008646,8646
R_008647,8647
R_008648,8648
R_008649,8649
R_008650,8650
R_008651,8651
R_008652,8652
R_008653,8653
R_008654,8654
R_008655,8655
R_008656,8656
R_008657,8657
R_008658,8658
R_008659,8659
R_008660,8660
R_008661,8661
R_008662,8662
R_008663,8663
R_008664,8664
R_008665,8665
R_008666,8666
R_008667,8667
R_008668,8668
R_008669,8669
R_008670,8670
R_008671,8671
R_008672,8672
R_008673,8673
R_008674,8674
R_008675,8675
R_008676,8676
R_008677,8677
R_008678,8678
R_008679,8679
R_008680,8680
R_008681,8681
R_008682,8682
R_008683,8683
R_008684,8684
R_008685,8685
R_008686,8686
R_008687,8687
R_008688,8688
R_008689,8689
R_008690,8690
R_008691,8691
R_008692,8692
R_008693,8693
R_008694,8694
R_008695,8695
R_008696,8696
R_008697,8697
R_008698,8698
R_008699,8699
R_008700,8700
R_008701,8701
R_008702,8702
R_008703,8703
R_008704,8704
R_008705,8705
R_008706,8706
R_008707,8707
R_008708,8708
R_008709,8709
R_008710,8710
R_008711,8711
R_008712,8712
R_008713,8713
R_008714,8714
R_008715,8715
R_008716,8716
R_008717,8717
R_008718,8718
R_008719,8719
R_008720,8720
R_008721,8721
R_008722,8722
R_008723,8723
R_008724,8724
R_008725,8725
R_008726,8726
R_008727,8727
R_008728,8728
R_008729,8729
R_008730,8730
R_008731,8731
R_008732,8732
R_008733,8733
R_008734,8734
R_008735,8735
R_008736,8736
R_008737,8737
R_008738,8738
R_008739,8739
R_008740,8740
R_008741,8741
R_008742,8742
R_008743,8743
R_008744,8744
R_008745,8745
R_008746,8746
R_008747,8747
R_008748,8748
R_008749,8749
R_008750,8750
R_008751,8751
R_008752,8752
R_008753,8753
R_008754,8754
R_008755,8755
R_008756,8756
R_008757,8757
R_008758,8758
R_008759,8759
R_008760,8760
R_008761,8761
R_008762,8762
R_008763,8763
R_008764,8764
R_008765,8765
R_008766,8766
R_008767,8767
R_008768,8768
R_008769,8769
R_008770,8770
R_008771,8771
R_008772,8772
R_008773,8773
R_008774,8774
R_008775,8775
R_008776,8776
R_008777,8777
R_008778,8778
R_008779,8779
R_008780,8780
R_008781,8781
R_008782,8782
R_008783,8783
R_008784,8784
R_008785,8785
R_008786,8786
R_008787,8787
R_008788,8788
R_008789,8789
R_008790,8790
R_008791,8791
R_008792,8792
R_008793,8793
R_008794,8794
R_008795,8795
R_008796,8796
R_008797,8797
R_008798,8798
R_008799,8799
R_008800,8800
R_008801,8801
R_008802,8802
R_008803,8803
R_008804,8804
R_008805,8805
R_008806,8806
R_008807,8807
R_008808,8808
R_008809,8809
R_008810,8810
R_008811,8811
R_008812,8812
R_008813,8813
R_008814,8814
R_008815,8815
R_008816,8816
R_008817,8817
R_008818,8818
R_008819,8819
R_008820,8820
R_008821,8821
R_008822,8822
R_008823,8823
R_008824,8824
R_008825,8825
R_008826,8826
R_008827,8827
R_008828,8828
R_008829,8829
R_008830,8830
R_008831,8831
R_008832,8832
R_008833,8833
R_008834,8834
R_008835,8835
R_008836,8836
R_008837,8837
R_008838,8838
R_008839,8839
R_008840,8840
R_008841,8841
R_008842,8842
R_008843,8843
R_008844,8844
R_008845,8845
R_008846,8846
R_008847,8847
R_008848,8848
R_008849,8849
R_008850,8850
R_008851,8851
R_008852,8852
R_008853,8853
R_008854,8854
R_008855,8855
R_008856,8856
R_008857,8857
R_008858,8858
R_008859,8859
R_008860,8860
R_008861,8861
R_008862,8862
R_008863,8863
R_008864,8864
R_008865,8865
R_008866,8866
R_008867,8867
R_008868,8868
R_008869,8869
R_008870,8870
R_008871,8871
R_008872,8872
R_008873,8873
R_008874,8874
R_008875,8875
R_008876,8876
R_008877,8877
R_008878,8878
R_008879,8879
R_008880,8880
R_008881,8881
R_008882,8882
R_008883,8883
R_008884,8884
R_008885,8885
R_008886,8886
R_008887,8887
R_008888,8888
R_008889,8889
R_008890,8890
R_008891,8891
R_008892,8892
R_008893,8893
R_008894,8894
R_008895,8895
R_008896,8896
R_008897,8897
R_008898,8898
R_008899,8899
R_008900,8900
R_008901,8901
R_008902,8902
R_008903,8903
R_008904,8904
R_008905,8905
R_008906,8906
R_008907,8907
R_008908,8908
R_008909,8909
R_008910,8910
R_008911,8911
R_008912,8912
R_008913,8913
R_008914,8914
R_008915,8915
R_008916,8916
R_008917,8917
R_008918,8918
R_008919,8919
R_008920,8920
R_008921,8921
R_008922,8922
R_008923,8923
R_008924,8924
R_008925,8925
R_008926,8926
R_008927,8927
R_008928,8928
R_008929,8929
R_008930,8930
R_008931,8931
R_008932,8932
R_008933,8933
R_008934,8934
R_008935,8935
R_008936,8936
R_008937,8937
R_008938,8938
R_008939,8939
R_008940,8940
R_008941,8941
R_008942,8942
R_008943,8943
R_008944,8944
R_008945,8945
R_008946,8946
R_008947,8947
R_008948,8948
R_008949,8949
R_008950,8950
R_008951,8951
R_008952,8952
R_008953,8953
R_008954,8954
R_008955,8955
R_008956,8956
R_008957,8957
R_008958,8958
R_008959,8959
R_008960,8960
R_008961,8961
R_008962,8962
R_008963,8963
R_008964,8964
R_008965,8965
R_008966,8966
R_008967,8967
R_008968,8968
R_008969,8969
R_008970,8970
R_008971,8971
R_008972,8972
R_008973,8973
R_008974,8974
R_008975,8975
R_008976,8976
R_008977,8977
R_008978,8978
R_008979,8979
R_008980,8980
R_008981,8981
R_008982,8982
R_008983,8983
R_008984,8984
R_008985,8985
R_008986,8986
R_008987,8987
R_008988,8988
R_008989,8989
R_008990,8990
R_008991,8991
R_008992,8992
R_008993,8993
R_008994,8994
R_008995,8995
R_008996,8996
R_008997,8997
R_008998,8998
R_008999,8999
R_009000,9000
R_009001,9001
R_009002,9002
R_009003,9003
R_009004,9004
R_009005,9005
R_009006,9006
R_009007,9007
R_009008,9008
R_009009,9009
R_009010,9010
R_009011,9011
R_009012,9012
R_009013,9013
R_009014,9014
R_009015,9015
R_009016,9016
R_009017,9017
R_009018,9018
R_009019,9019
R_009020,9020
R_009021,9021
R_009022,9022
R_009023,9023
R_009024,9024
R_009025,9025
R_009026,9026
R_009027,9027
R_009028,9028
R_009029,9029
R_009030,9030
R_009031,9031
R_009032,9032
R_009033,9033
R_009034,9034
R_009035,9035
R_009036,9036
R_009037,9037
R_009038,9038
R_009039,9039
R_009040,9040
R_009041,9041
R_009042,9042
R_009043,9043
R_009044,9044
R_009045,9045
R_009046,9046
R_009047,9047
R_009048,9048
R_009049,9049
R_009050,9050
R_009051,9051
R_009052,9052
R_009053,9053
R_009054,9054
R_009055,9055
R_009056,9056
R_009057,9057
R_009058,9058
R_009059,9059
R_009060,9060
R_009061,9061
R_009062,9062
R_009063,9063
R_009064,9064
R_009065,9065
R_009066,9066
R_009067,9067
R_009068,9068
R_009069,9069
R_009070,9070
R_009071,9071
R_009072,9072
R_009073,9073
R_009074,9074
R_009075,9075
R_009076,9076
R_009077,9077
R_009078,9078
R_009079,9079
R_009080,9080
R_009081,9081
R_009082,9082
R_009083,9083
R_009084,9084
R_009085,9085
R_009086,9086
R_009087,9087
R_009088,9088
R_009089,9089
R_009090,9090
R_009091,9091
R_009092,9092
R_009093,9093
R_009094,9094
R_009095,9095
R_009096,9096
R_009097,9097
R_009098,9098
R_009099,9099
R_009100,9100
R_009101,9101
R_009102,9102
R_009103,9103
R_009104,9104
R_009105,9105
R_009106,9106
R_009107,9107
R_009108,9108
R_009109,9109
R_009110,9110
R_009111,9111
R_009112,9112
R_009113,9113
R_009114,9114
R_009115,9115
R_009116,9116
R_009117,9117
R_009118,9118
R_009119,9119
R_009120,9120
R_009121,9121
R_009122,9122
R_009123,9123
R_009124,9124
R_009125,9125
R_009126,9126
R_009127,9127
R_009128,9128
R_009129,9129
R_009130,9130
R_009131,9131
R_009132,9132
R_009133,9133
R_009134,9134
R_009135,9135
R_009136,9136
R_009137,9137
R_009138,9138
R_009139,9139
R_009140,9140
R_009141,9141
R_009142,9142
R_009143,9143
R_009144,9144
R_009145,9145
R_009146,9146
R_009147,9147
R_009148,9148
R_009149,9149
R_009150,9150
R_009151,9151
R_009152,9152
R_009153,9153
R_009154,9154
R_009155,9155
R_009156,9156
R_009157,9157
R_009158,9158
R_009159,9159
R_009160,9160
R_009161,9161
R_009162,9162
R_009163,9163
R_009164,9164
R_009165,9165
R_009166,9166
R_009167,9167
R_009168,9168
R_009169,9169
R_009170,9170
R_009171,9171
R_009172,9172
R_009173,9173
R_009174,9174
R_009175,9175
R_009176,9176
R_009177,9177
R_009178,9178
R_009179,9179
R_009180,9180
R_009181,9181
R_009182,9182
R_009183,9183
R_009184,9184
R_009185,9185
R_009186,9186
R_009187,9187
R_009188,9188
R_009189,9189
R_009190,9190
R_009191,9191
R_009192,9192
R_009193,9193
R_009194,9194
R_009195,9195
R_009196,9196
R_009197,9197
R_009198,9198
R_009199,9199
R_009200,9200
R_009201,9201
R_009202,9202
R_009203,9203
R_009204,9204
R_009205,9205
R_009206,9206
R_009207,9207
R_009208,9208
R_009209,9209
R_009210,9210
R_009211,9211
R_009212,9212
R_009213,9213
R_009214,9214
R_009215,9215
R_009216,9216
R_009217,9217
R_009218,9218
R_009219,9219
R_009220,9220
R_009221,9221
R_009222,9222
R_009223,9223
R_009224,9224
R_009225,9225
R_009226,9226
R_009227,9227
R_009228,9228
R_009229,9229
R_009230,9230
R_009231,9231
R_009232,9232
R_009233,9233
R_009234,9234
R_009235,9235
R_009236,9236
R_009237,9237
R_009238,9238
R_009239,9239
R_009240,9240
R_009241,9241
R_009242,9242
R_009243,9243
R_009244,9244
R_009245,9245
R_009246,9246
R_009247,9247
R_009248,9248
R_009249,9249
R_009250,9250
R_009251,9251
R_009252,9252
R_009253,9253
R_009254,9254
R_009255,9255
R_009256,9256
R_009257,9257
R_009258,9258
R_009259,9259
R_009260,9260
R_009261,9261
R_009262,9262
R_009263,9263
R_009264,9264
R_009265,9265
R_009266,9266
R_009267,9267
R_009268,9268
R_009269,9269
R_009270,9270
R_009271,9271
R_009272,9272
R_009273,9273
R_009274,9274
R_009275,9275
R_009276,9276
R_009277,9277
R_009278,9278
R_009279,9279
R_009280,9280
R_009281,9281
R_009282,9282
R_009283,9283
R_009284,9284
R_009285,9285
R_009286,9286
R_009287,9287
R_009288,9288
R_009289,9289
R_009290,9290
R_009291,9291
R_009292,9292
R_009293,9293
R_009294,9294
R_009295,9295
R_009296,9296
R_009297,9297
R_009298,9298
R_009299,9299
R_009300,9300
R_009301,9301
R_009302,9302
R_009303,9303
R_009304,9304
R_009305,9305
R_009306,9306
R_009307,9307
R_009308,9308
R_009309,9309
R_009310,9310
R_009311,9311
R_009312,9312
R_009313,9313
R_009314,9314
R_009315,9315
R_009316,9316
R_009317,9317
R_009318,9318
R_009319,9319
R_009320,9320
R_009321,9321
R_009322,9322
R_009323,9323
R_009324,9324
R_009325,9325
R_009326,9326
R_009327,9327
R_009328,9328
R_009329,9329
R_009330,9330
R_009331,9331
R_009332,9332
R_009333,9333
R_009334,9334
R_009335,9335
R_009336,9336
R_009337,9337
R_009338,9338
R_009339,9339
R_009340,9340
R_009341,9341
R_009342,9342
R_009343,9343
R_009344,9344
R_009345,9345
R_009346,9346
R_009347,9347
R_009348,9348
R_009349,9349
R_009350,9350
R_009351,9351
R_009352,9352
R_009353,9353
R_009354,9354
R_009355,9355
R_009356,9356
R_009357,9357
R_009358,9358
R_009359,9359
R_009360,9360
R_009361,9361
R_009362,9362
R_009363,9363
R_009364,9364
R_009365,9365
R_009366,9366
R_009367,9367
R_009368,9368
R_009369,9369
R_009370,9370
R_009371,9371
R_009372,9372
R_009373,9373
R_009374,9374
R_009375,9375
R_009376,9376
R_009377,9377
R_009378,9378
R_009379,9379
R_009380,9380
R_009381,9381
R_009382,9382
R_009383,9383
R_009384,9384
R_009385,9385
R_009386,9386
R_009387,9387
R_009388,9388
R_009389,9389
R_009390,9390
R_009391,9391
R_009392,9392
R_009393,9393
R_009394,9394
R_009395,9395
R_009396,9396
R_009397,9397
R_009398,9398
R_009399,9399
R_009400,9400
R_009401,9401
R_009402,9402
R_009403,9403
R_009404,9404
R_009405,9405
R_009406,9406
R_009407,9407
R_009408,9408
R_009409,9409
R_009410,9410
R_009411,9411
R_009412,9412
R_009413,9413
R_009414,9414
R_009415,9415
R_009416,9416
R_009417,9417
R_009418,9418
R_009419,9419
R_009420,9420
R_009421,9421
R_009422,9422
R_009423,9423
R_009424,9424
R_009425,9425
R_009426,9426
R_009427,9427
R_009428,9428
R_009429,9429
R_009430,9430
R_009431,9431
R_009432,9432
R_009433,9433
R_009434,9434
R_009435,9435
R_009436,9436
R_009437,9437
R_009438,9438
R_009439,9439
R_009440,9440
R_009441,9441
R_009442,9442
R_009443,9443
R_009444,9444
R_009445,9445
R_009446,9446
R_009447,9447
R_009448,9448
R_009449,9449
R_009450,9450
R_009451,9451
R_009452,9452
R_009453,9453
R_009454,9454
R_009455,9455
R_009456,9456
R_009457,9457
R_009458,9458
R_009459,9459
R_009460,9460
R_009461,9461
R_009462,9462
R_009463,9463
R_009464,9464
R_009465,9465
R_009466,9466
R_009467,9467
R_009468,9468
R_009469,9469
R_009470,9470
R_009471,9471
R_009472,9472
R_009473,9473
R_009474,9474
R_009475,9475
R_009476,9476
R_009477,9477
R_009478,9478
R_009479,9479
R_009480,9480
R_009481,9481
R_009482,9482
R_009483,9483
R_009484,9484
R_009485,9485
R_009486,9486
R_009487,9487
R_009488,9488
R_009489,9489
R_009490,9490
R_009491,9491
R_009492,9492
R_009493,9493
R_009494,9494
R_009495,9495
R_009496,9496
R_009497,9497
R_009498,9498
R_009499,9499
R_009500,9500
R_009501,9501
R_009502,9502
R_009503,9503
R_009504,9504
R_009505,9505
R_009506,9506
R_009507,9507
R_009508,9508
R_009509,9509
R_009510,9510
R_009511,9511
R_009512,9512
R_009513,9513
R_009514,9514
R_009515,9515
R_009516,9516
R_009517,9517
R_009518,9518
R_009519,9519
R_009520,9520
R_009521,9521
R_009522,9522
R_009523,9523
R_009524,9524
R_009525,9525
R_009526,9526
R_009527,9527
R_009528,9528
R_009529,9529
R_009530,9530
R_009531,9531
R_009532,9532
R_009533,9533
R_009534,9534
R_009535,9535
R_009536,9536
R_009537,9537
R_009538,9538
R_009539,9539
R_009540,9540
R_009541,9541
R_009542,9542
R_009543,9543
R_009544,9544
R_009545,9545
R_009546,9546
R_009547,9547
R_009548,9548
R_009549,9549
R_009550,9550
R_009551,9551
R_009552,9552
R_009553,9553
R_009554,9554
R_009555,9555
R_009556,9556
R_009557,9557
R_009558,9558
R_009559,9559
R_009560,9560
R_009561,9561
R_009562,9562
R_009563,9563
R_009564,9564
R_009565,9565
R_009566,9566
R_009567,9567
R_009568,9568
R_009569,9569
R_009570,9570
R_009571,9571
R_009572,9572
R_009573,9573
R_009574,9574
R_009575,9575
R_009576,9576
R_009577,9577
R_009578,9578
R_009579,9579
R_009580,9580
R_009581,9581
R_009582,9582
R_009583,9583
R_009584,9584
R_009585,9585
R_009586,9586
R_009587,9587
R_009588,9588
R_009589,9589
R_009590,9590
R_009591,9591
R_009592,9592
R_009593,9593
R_009594,9594
R_009595,9595
R_009596,9596
R_009597,9597
R_009598,9598
R_009599,9599
R_009600,9600
R_009601,9601
R_009602,9602
R_009603,9603
R_009604,9604
R_009605,9605
R_009606,9606
R_009607,9607
R_009608,9608
R_009609,9609
R_009610,9610
R_009611,9611
R_009612,9612
R_009613,9613
R_009614,9614
R_009615,9615
R_009616,9616
R_009617,9617
R_009618,9618
R_009619,9619
R_009620,9620
R_009621,9621
R_009622,9622
R_009623,9623
R_009624,9624
R_009625,9625
R_009626,9626
R_009627,9627
R_009628,9628
R_009629,9629
R_009630,9630
R_009631,9631
R_009632,9632
R_009633,9633
R_009634,9634
R_009635,9635
R_009636,9636
R_009637,9637
R_009638,9638
R_009639,9639
R_009640,9640
R_009641,9641
R_009642,9642
R_009643,9643
R_009644,9644
R_009645,9645
R_009646,9646
R_009647,9647
R_009648,9648
R_009649,9649
R_009650,9650
R_009651,9651
R_009652,9652
R_009653,9653
R_009654,9654
R_009655,9655
R_009656,9656
R_009657,9657
R_009658,9658
R_009659,9659
R_009660,9660
R_009661,9661
R_009662,9662
R_009663,9663
R_009664,9664
R_009665,9665
R_009666,9666
R_009667,9667
R_009668,9668
R_009669,9669
R_009670,9670
R_009671,9671
R_009672,9672
R_009673,9673
R_009674,9674
R_009675,9675
R_009676,9676
R_009677,9677
R_009678,9678
R_009679,9679
R_009680,9680
R_009681,9681
R_009682,9682
R_009683,9683
R_009684,9684
R_009685,9685
R_009686,9686
R_009687,9687
R_009688,9688
R_009689,9689
R_009690,9690
R_009691,9691
R_009692,9692
R_009693,9693
R_009694,9694
R_009695,9695
R_009696,9696
R_009697,9697
R_009698,9698
R_009699,9699
R_009700,9700
R_009701,9701
R_009702,9702
R_009703,9703
R_009704,9704
R_009705,9705
R_009706,9706
R_009707,9707
R_009708,9708
R_009709,9709
R_009710,9710
R_009711,9711
R_009712,9712
R_009713,9713
R_009714,9714
R_009715,9715
R_009716,9716
R_009717,9717
R_009718,9718
R_009719,9719
R_009720,9720
R_009721,9721
R_009722,9722
R_009723,9723
R_009724,9724
R_009725,9725
R_009726,9726
R_009727,9727
R_009728,9728
R_009729,9729
R_009730,9730
R_009731,9731
R_009732,9732
R_009733,9733
R_009734,9734
R_009735,9735
R_009736,9736
R_009737,9737
R_009738,9738
R_009739,9739
R_009740,9740
R_009741,9741
R_009742,9742
R_009743,9743
R_009744,9744
R_009745,9745
R_009746,9746
R_009747,9747
R_009748,9748
R_009749,9749
R_009750,9750
R_009751,9751
R_009752,9752
R_009753,9753
R_009754,9754
R_009755,9755
R_009756,9756
R_009757,9757
R_009758,9758
R_009759,9759
R_009760,9760
R_009761,9761
R_009762,9762
R_009763,9763
R_009764,9764
R_009765,9765
R_009766,9766
R_009767,9767
R_009768,9768
R_009769,9769
R_009770,9770
R_009771,9771
R_009772,9772
R_009773,9773
R_009774,9774
R_009775,9775
R_009776,9776
R_009777,9777
R_009778,9778
R_009779,9779
R_009780,9780
R_009781,9781
R_009782,9782
R_009783,9783
R_009784,9784
R_009785,9785
R_009786,9786
R_009787,9787
R_009788,9788
R_009789,9789
R_009790,9790
R_009791,9791
R_009792,9792
R_009793,9793
R_009794,9794
R_009795,9795
R_009796,9796
R_009797,9797
R_009798,9798
R_009799,9799
R_009800,9800
R_009801,9801
R_009802,9802
R_009803,9803
R_009804,9804
R_009805,9805
R_009806,9806
R_009807,9807
R_009808,9808
R_009809,9809
R_009810,9810
R_009811,9811
R_009812,9812
R_009813,9813
R_009814,9814
R_009815,9815
R_009816,9816
R_009817,9817
R_009818,9818
R_009819,9819
R_009820,9820
R_009821,9821
R_009822,9822
R_009823,9823
R_009824,9824
R_009825,9825
R_009826,9826
R_009827,9827
R_009828,9828
R_009829,9829
R_009830,9830
R_009831,9831
R_009832,9832
R_009833,9833
R_009834,9834
R_009835,9835
R_009836,9836
R_009837,9837
R_009838,9838
R_009839,9839
R_009840,9840
R_009841,9841
R_009842,9842
R_009843,9843
R_009844,9844
R_009845,9845
R_009846,9846
R_009847,9847
R_009848,9848
R_009849,9849
R_009850,9850
R_009851,9851
R_009852,9852
R_009853,9853
R_009854,9854
R_009855,9855
R_009856,9856
R_009857,9857
R_009858,9858
R_009859,9859
R_009860,9860
R_009861,9861
R_009862,9862
R_009863,9863
R_009864,9864
R_009865,9865
R_009866,9866
R_009867,9867
R_009868,9868
R_009869,9869
R_009870,9870
R_009871,9871
R_009872,9872
R_009873,9873
R_009874,9874
R_009875,9875
R_009876,9876
R_009877,9877
R_009878,9878
R_009879,9879
R_009880,9880
R_009881,9881
R_009882,9882
R_009883,9883
R_009884,9884
R_009885,9885
R_009886,9886
R_009887,9887
R_009888,9888
R_009889,9889
R_009890,9890
R_009891,9891
R_009892,9892
R_009893,9893
R_009894,9894
R_009895,9895
R_009896,9896
R_009897,9897
R_009898,9898
R_009899,9899
R_009900,9900
R_009901,9901
R_009902,9902
R_009903,9903
R_009904,9904
R_009905,9905
R_009906,9906
R_009907,9907
R_009908,9908
R_009909,9909
R_009910,9910
R_009911,9911
R_009912,9912
R_009913,9913
R_009914,9914
R_009915,9915
R_009916,9916
R_009917,9917
R_009918,9918
R_009919,9919
R_009920,9920
R_009921,9921
R_009922,9922
R_009923,9923
R_009924,9924
R_009925,9925
R_009926,9926
R_009927,9927
R_009928,9928
R_009929,9929
R_009930,9930
R_009931,9931
R_009932,9932
R_009933,9933
R_009934,9934
R_009935,9935
R_009936,9936
R_009937,9937
R_009938,9938
R_009939,9939
R_009940,9940
R_009941,9941
R_009942,9942
R_009943,9943
R_009944,9944
R_009945,9945
R_009946,9946
R_009947,9947
R_009948,9948
R_009949,9949
R_009950,9950
R_009951,9951
R_009952,9952
R_009953,9953
R_009954,9954
R_009955,9955
R_009956,9956
R_009957,9957
R_009958,9958
R_009959,9959
R_009960,9960
R_009961,9961
R_009962,9962
R_009963,9963
R_009964,9964
R_009965,9965
R_009966,9966
R_009967,9967
R_009968,9968
R_009969,9969
R_009970,9970
R_009971,9971
R_009972,9972
R_009973,9973
R_009974,9974
R_009975,9975
R_009976,9976
R_009977,9977
R_009978,9978
R_009979,9979
R_009980,9980
R_009981,9981
R_009982,9982
R_009983,9983
R_009984,9984
R_009985,9985
R_009986,9986
R_009987,9987
R_009988,9988
R_009989,9989
R_009990,9990
R_009991,9991
R_009992,9992
R_009993,9993
R_009994,9994
R_009995,9995
R_009996,9996
R_009997,9997
R_009998,9998
R_009999,9999
