resume_id,degree,bipartite_degree_centrality,pagerank,is_isolate,component_size,community_global,community_size,n_skills,n_skill_communities,dominant_skill_community,dominant_skill_community_count,dominant_skill_community_share,skill_community_entropy,skill_community_entropy_normalized
R_000000,6,0.0024,4.281005835029092e-05,0,1628,0,1628,7,1,3,7,1.0,-0.0,0.0
R_000001,9,0.0036,5.9278646495954844e-05,0,1550,5,1550,5,1,0,5,1.0,-0.0,0.0
R_000002,9,0.0036,5.7770746208354104e-05,0,1628,0,1628,6,1,3,6,1.0,-0.0,0.0
R_000003,6,0.0024,4.199329851408786e-05,0,1562,3,1562,6,2,6,5,0.8333333333333334,0.4505612088663046,0.6500224216483541
R_000004,5,0.002,3.715684059758992e-05,0,1562,3,1562,5,1,6,5,1.0,-0.0,0.0
R_000005,8,0.0032,5.036474030225191e-05,0,3102,1,1571,7,4,7,3,0.4285714285714285,1.277034259466139,0.9211854965885544
R_000006,41,0.0164,0.0002152432180491532,0,1559,4,1559,7,1,1,7,1.0,-0.0,0.0
R_000007,4,0.0016,3.100262978058833e-05,0,1505,7,1505,5,1,4,5,1.0,-0.0,0.0
R_000008,10,0.004,5.875691552535382e-05,0,1505,7,1505,8,1,4,8,1.0,-0.0,0.0
R_000009,9,0.0036,5.815728247464426e-05,0,1628,0,1628,7,1,3,7,1.0,-0.0,0.0
R_000010,8,0.0032,5.217099665111427e-05,0,1559,4,1559,7,1,1,7,1.0,-0.0,0.0
R_000011,8,0.0032,5.400220455656336e-05,0,1628,0,1628,8,1,3,8,1.0,-0.0,0.0
R_000012,14,0.0056,8.408132739576893e-05,0,1628,0,1628,8,1,3,8,1.0,-0.0,0.0
R_000013,11,0.0044,7.224229583063152e-05,0,1565,2,1565,8,2,5,7,0.875,0.3767701612564367,0.5435644431995964
R_000014,8,0.0032,5.591526928742752e-05,0,1565,2,1565,8,2,5,7,0.875,0.3767701612564367,0.5435644431995964
R_000015,3,0.0012,2.624694917001099e-05,0,3102,1,1571,5,3,7,3,0.6,0.9502705392332348,0.8649735207179272
R_000016,29,0.0116,0.00015821956057507716,0,1559,4,1559,8,1,1,8,1.0,-0.0,0.0
R_000017,11,0.0044,6.424966940588089e-05,0,3102,6,1531,7,1,2,7,1.0,-0.0,0.0
R_000018,2,0.0008,2.299872350415396e-05,0,1550,5,1550,5,1,0,5,1.0,-0.0,0.0
R_000019,12,0.0048,7.388878803002705e-05,0,1562,3,1562,6,3,6,4,0.6666666666666666,0.8675632284814612,0.7896900821428474
R_000020,9,0.0036,5.983847024410592e-05,0,1550,5,1550,6,1,0,6,1.0,-0.0,0.0
R_000021,6,0.0024,4.355759987372766e-05,0,1550,5,1550,8,1,0,8,1.0,-0.0,0.0
R_000022,10,0.004,6.35053187140375e-05,0,1628,0,1628,7,1,3,7,1.0,-0.0,0.0
R_000023,7,0.0028,4.5565402550004705e-05,0,3102,6,1531,6,1,2,6,1.0,-0.0,0.0
R_000024,8,0.0032,5.471938502039579e-05,0,1565,2,1565,5,1,5,5,1.0,-0.0,0.0
R_000025,7,0.0028,4.710504230299763e-05,0,1562,3,1562,7,2,6,6,0.8571428571428571,0.410116318288409,0.5916727785823274
R_000026,16,0.0064,9.452836323388785e-05,0,1628,0,1628,8,1,3,8,1.0,-0.0,0.0
R_000027,11,0.0044,6.869944778465197e-05,0,1628,0,1628,8,1,3,8,1.0,-0.0,0.0
R_000028,4,0.0016,3.22707349644113e-05,0,1559,4,1559,6,1,1,6,1.0,-0.0,0.0
R_000029,12,0.0048,6.803877094151375e-05,0,1505,7,1505,8,1,4,8,1.0,-0.0,0.0
R_000030,7,0.0028,4.591115087126496e-05,0,3102,6,1531,7,1,2,7,1.0,-0.0,0.0
R_000031,8,0.0032,5.0253640934711075e-05,0,3102,1,1571,8,3,7,5,0.625,0.9002560512685369,0.8194483718728035
R_000032,6,0.0024,4.041903381926158e-05,0,1505,7,1505,5,1,4,5,1.0,-0.0,0.0
R_000033,6,0.0024,4.4885821693779934e-05,0,1565,2,1565,7,1,5,7,1.0,-0.0,0.0
R_000034,4,0.0016,3.150875276644232e-05,0,3102,1,1571,6,4,2,2,0.3333333333333333,1.3296613488547582,0.9591479170272448
R_000035,14,0.0056,8.370615728455791e-05,0,1628,0,1628,7,1,3,7,1.0,-0.0,0.0
R_000036,9,0.0036,5.461627471667796e-05,0,1505,7,1505,8,1,4,8,1.0,-0.0,0.0
R_000037,13,0.0052,8.086012358103104e-05,0,1550,5,1550,8,1,0,8,1.0,-0.0,0.0
R_000038,10,0.004,6.270466574240218e-05,0,1628,0,1628,8,1,3,8,1.0,-0.0,0.0
R_000039,9,0.0036,5.455057065392641e-05,0,1505,7,1505,8,1,4,8,1.0,-0.0,0.0
R_000040,7,0.0028,4.833666941500174e-05,0,1550,5,1550,8,1,0,8,1.0,-0.0,0.0
R_000041,3,0.0012,2.720887657076875e-05,0,1562,3,1562,6,2,6,5,0.8333333333333334,0.4505612088663046,0.6500224216483541
R_000042,7,0.0028,4.807934985406327e-05,0,1628,0,1628,8,1,3,8,1.0,-0.0,0.0
R_000043,3,0.0012,2.8057519448054394e-05,0,1550,5,1550,5,1,0,5,1.0,-0.0,0.0
R_000044,7,0.0028,4.532271105338154e-05,0,3102,6,1531,7,1,2,7,1.0,-0.0,0.0
R_000045,7,0.0028,4.729547204908633e-05,0,1562,3,1562,8,3,6,6,0.75,0.7356219397587946,0.6695919455357792
R_000046,6,0.0024,4.484001809655072e-05,0,1565,2,1565,5,2,5,4,0.8,0.5004024235381879,0.7219280948873623
R_000047,10,0.004,6.293201341306252e-05,0,1562,3,1562,6,3,6,4,0.6666666666666666,0.8675632284814612,0.7896900821428474
R_000048,5,0.002,4.028051004929491e-05,0,1565,2,1565,7,2,5,6,0.8571428571428571,0.410116318288409,0.5916727785823274
R_000049,15,0.006,8.708343127710808e-05,0,1562,3,1562,7,2,6,6,0.8571428571428571,0.410116318288409,0.5916727785823274
R_000050,3,0.0012,2.652528102128965e-05,0,3102,1,1571,5,4,2,2,0.4,1.3321790402101223,0.9609640474436812
R_000051,3,0.0012,2.7810337567257634e-05,0,1550,5,1550,6,1,0,6,1.0,-0.0,0.0
R_000052,13,0.0052,7.834608632872185e-05,0,1628,0,1628,8,1,3,8,1.0,-0.0,0.0
R_000053,8,0.0032,5.067411098241985e-05,0,3102,1,1571,7,3,7,4,0.5714285714285714,0.9556998911125344,0.8699155297736259
R_000054,7,0.0028,4.573693387501525e-05,0,1505,7,1505,5,1,4,5,1.0,-0.0,0.0
R_000055,14,0.0056,8.420382910628477e-05,0,1628,0,1628,7,1,3,7,1.0,-0.0,0.0
R_000056,12,0.0048,7.842491731009977e-05,0,1565,2,1565,6,2,5,5,0.8333333333333334,0.4505612088663046,0.6500224216483541
R_000057,4,0.0016,3.227903592712534e-05,0,1559,4,1559,5,1,1,5,1.0,-0.0,0.0
R_000058,3,0.0012,2.6662303659976307e-05,0,3102,6,1531,5,1,2,5,1.0,-0.0,0.0
R_000059,5,0.002,3.698872260204793e-05,0,1559,4,1559,5,1,1,5,1.0,-0.0,0.0
R_000060,7,0.0028,4.910747025723317e-05,0,1550,5,1550,6,1,0,6,1.0,-0.0,0.0
R_000061,11,0.0044,7.052593728285325e-05,0,1550,5,1550,7,1,0,7,1.0,-0.0,0.0
R_000062,12,0.0048,6.891604865689919e-05,0,3102,6,1531,8,1,2,8,1.0,-0.0,0.0
R_000063,2,0.0008,2.2567294332198082e-05,0,1559,4,1559,5,1,1,5,1.0,-0.0,0.0
R_000064,3,0.0012,2.792168958797998e-05,0,1628,0,1628,7,1,3,7,1.0,-0.0,0.0
R_000065,3,0.0012,2.744444903746072e-05,0,1559,4,1559,5,1,1,5,1.0,-0.0,0.0
R_000066,1,0.0004,1.758471803159016e-05,0,1550,5,1550,5,1,0,5,1.0,-0.0,0.0
R_000067,4,0.0016,3.4221915781767655e-05,0,1565,2,1565,5,1,5,5,1.0,-0.0,0.0
R_000068,10,0.004,6.025030431038824e-05,0,3102,6,1531,8,1,2,8,1.0,-0.0,0.0
R_000069,3,0.0012,2.7344580048723606e-05,0,1559,4,1559,5,1,1,5,1.0,-0.0,0.0
R_000070,9,0.0036,5.8865224264605496e-05,0,1628,0,1628,8,1,3,8,1.0,-0.0,0.0
R_000071,7,0.0028,4.893494785818309e-05,0,1550,5,1550,7,1,0,7,1.0,-0.0,0.0
R_000072,19,0.0076,0.00011735740647945975,0,1565,2,1565,8,2,5,7,0.875,0.3767701612564367,0.5435644431995964
R_000073,10,0.004,5.853650619504244e-05,0,1505,7,1505,8,1,4,8,1.0,-0.0,0.0
R_000074,5,0.002,3.701234979728578e-05,0,1559,4,1559,5,1,1,5,1.0,-0.0,0.0
R_000075,11,0.0044,6.457262625041793e-05,0,3102,6,1531,7,1,2,7,1.0,-0.0,0.0
R_000076,4,0.0016,3.174191035118568e-05,0,3102,6,1531,6,1,2,6,1.0,-0.0,0.0
R_000077,12,0.0048,6.930586641890909e-05,0,3102,1,1571,6,3,7,4,0.6666666666666666,0.8675632284814612,0.7896900821428474
R_000078,4,0.0016,3.328867777760386e-05,0,1550,5,1550,6,1,0,6,1.0,-0.0,0.0
R_000079,17,0.0068,9.41380988570911e-05,0,3102,1,1571,7,4,7,4,0.5714285714285714,1.1537419427010902,0.8322488896002307
R_000080,6,0.0024,4.048950515428843e-05,0,3102,1,1571,7,3,7,5,0.7142857142857143,0.796311640173813,0.7248340915057598
R_000081,12,0.0048,7.033599769095005e-05,0,3102,6,1531,6,1,2,6,1.0,-0.0,0.0
R_000082,6,0.0024,4.049601437975584e-05,0,1505,7,1505,5,1,4,5,1.0,-0.0,0.0
R_000083,5,0.002,3.587990062379266e-05,0,3102,6,1531,5,1,2,5,1.0,-0.0,0.0
R_000084,21,0.0084,0.00011075136763898896,0,1505,7,1505,7,1,4,7,1.0,-0.0,0.0
R_000085,5,0.002,3.974006609546183e-05,0,1565,2,1565,8,2,5,7,0.875,0.3767701612564367,0.5435644431995964
R_000086,5,0.002,3.622319498131374e-05,0,1505,7,1505,6,1,4,6,1.0,-0.0,0.0
R_000087,9,0.0036,6.252145222300235e-05,0,1565,2,1565,7,2,5,6,0.8571428571428571,0.410116318288409,0.5916727785823274
R_000088,8,0.0032,4.9979412050853145e-05,0,1505,7,1505,5,1,4,5,1.0,-0.0,0.0
R_000089,6,0.0024,4.2165392223268594e-05,0,1559,4,1559,6,1,1,6,1.0,-0.0,0.0
R_000090,8,0.0032,5.0164794225434134e-05,0,1505,7,1505,6,1,4,6,1.0,-0.0,0.0
R_000091,5,0.002,3.670590819710657e-05,0,3102,1,1571,6,3,7,4,0.6666666666666666,0.8675632284814612,0.7896900821428474
R_000092,3,0.0012,2.7931417718701982e-05,0,1550,5,1550,5,1,0,5,1.0,-0.0,0.0
R_000093,9,0.0036,5.5276069845962704e-05,0,1505,7,1505,7,1,4,7,1.0,-0.0,0.0
R_000094,7,0.0028,4.5133851377249993e-05,0,3102,6,1531,7,1,2,7,1.0,-0.0,0.0
R_000095,4,0.0016,3.264736031742846e-05,0,1628,0,1628,5,1,3,5,1.0,-0.0,0.0
R_000096,6,0.0024,4.112399857241322e-05,0,1505,7,1505,7,1,4,7,1.0,-0.0,0.0
R_000097,6,0.0024,4.212225860444404e-05,0,1559,4,1559,6,1,1,6,1.0,-0.0,0.0
R_000098,4,0.0016,3.096849120150532e-05,0,3102,1,1571,7,4,7,4,0.5714285714285714,1.1537419427010902,0.8322488896002307
R_000099,5,0.002,3.865402740673083e-05,0,1550,5,1550,5,1,0,5,1.0,-0.0,0.0
R_000100,10,0.004,5.94993786037232e-05,0,3102,1,1571,6,3,7,3,0.5,1.0114042647073518,0.920619835714305
R_000101,8,0.0032,5.001273401713364e-05,0,3102,1,1571,6,3,7,4,0.6666666666666666,0.8675632284814612,0.7896900821428474
R_000102,5,0.002,3.59602722385788e-05,0,3102,1,1571,5,1,7,5,1.0,-0.0,0.0
R_000103,18,0.0072,9.680851353845087e-05,0,1505,7,1505,7,1,4,7,1.0,-0.0,0.0
R_000104,3,0.0012,2.7297455473813945e-05,0,1628,0,1628,5,1,3,5,1.0,-0.0,0.0
R_000105,12,0.0048,6.9279945793299e-05,0,3102,1,1571,8,4,7,4,0.5,1.2130075659799042,0.875
R_000106,6,0.0024,4.473756507869195e-05,0,1565,2,1565,6,2,5,5,0.8333333333333334,0.4505612088663046,0.6500224216483541
R_000107,7,0.0028,4.554873408133791e-05,0,1505,7,1505,6,1,4,6,1.0,-0.0,0.0
R_000108,4,0.0016,3.254894559349437e-05,0,1562,3,1562,6,3,6,4,0.6666666666666666,0.8675632284814612,0.7896900821428474
R_000109,23,0.0092,0.00012951132437337686,0,1628,0,1628,8,1,3,8,1.0,-0.0,0.0
R_000110,10,0.004,5.9849821550769914e-05,0,3102,1,1571,7,3,7,5,0.7142857142857143,0.796311640173813,0.7248340915057598
R_000111,2,0.0008,2.259803333800469e-05,0,1559,4,1559,5,1,1,5,1.0,-0.0,0.0
R_000112,12,0.0048,6.923595725698456e-05,0,1505,7,1505,8,1,4,8,1.0,-0.0,0.0
R_000113,7,0.0028,4.4890649198790705e-05,0,1505,7,1505,6,1,4,6,1.0,-0.0,0.0
R_000114,8,0.0032,5.3794008722239314e-05,0,1550,5,1550,5,1,0,5,1.0,-0.0,0.0
R_000115,12,0.0048,7.396462584859636e-05,0,1628,0,1628,7,1,3,7,1.0,-0.0,0.0
R_000116,3,0.0012,2.845072544130288e-05,0,1550,5,1550,7,1,0,7,1.0,-0.0,0.0
R_000117,4,0.0016,3.313010816262346e-05,0,1628,0,1628,6,1,3,6,1.0,-0.0,0.0
R_000118,13,0.0052,7.368358367814377e-05,0,1505,7,1505,8,1,4,8,1.0,-0.0,0.0
R_000119,4,0.0016,3.382766020629613e-05,0,1550,5,1550,6,1,0,6,1.0,-0.0,0.0
R_000120,12,0.0048,7.250926003539372e-05,0,1559,4,1559,7,1,1,7,1.0,-0.0,0.0
R_000121,3,0.0012,2.7136801770897042e-05,0,1562,3,1562,6,3,6,4,0.6666666666666666,0.8675632284814612,0.7896900821428474
R_000122,1,0.0004,1.7737836447424375e-05,0,1565,2,1565,5,1,5,5,1.0,-0.0,0.0
R_000123,2,0.0008,2.3549146257181484e-05,0,1565,2,1565,6,1,5,6,1.0,-0.0,0.0
R_000124,5,0.002,3.954252260821788e-05,0,1565,2,1565,6,1,5,6,1.0,-0.0,0.0
R_000125,6,0.0024,4.096625367904592e-05,0,3102,1,1571,5,2,7,4,0.8,0.5004024235381879,0.7219280948873623
R_000126,9,0.0036,5.584683309360943e-05,0,3102,6,1531,8,1,2,8,1.0,-0.0,0.0
R_000127,4,0.0016,3.339323620847779e-05,0,1550,5,1550,5,1,0,5,1.0,-0.0,0.0
R_000128,10,0.004,6.058901943114803e-05,0,3102,6,1531,6,1,2,6,1.0,-0.0,0.0
R_000129,14,0.0056,7.898526687706783e-05,0,3102,6,1531,6,1,2,6,1.0,-0.0,0.0
R_000130,3,0.0012,2.6571774311906243e-05,0,3102,1,1571,5,3,2,2,0.4,1.0549201679861442,0.9602297178607612
R_000131,3,0.0012,2.868726946375817e-05,0,1565,2,1565,5,2,5,4,0.8,0.5004024235381879,0.7219280948873623
R_000132,18,0.0072,9.734540793023485e-05,0,1505,7,1505,7,1,4,7,1.0,-0.0,0.0
R_000133,29,0.0116,0.00014791379423220976,0,1505,7,1505,7,1,4,7,1.0,-0.0,0.0
R_000134,25,0.01,0.00013079082154091642,0,3102,6,1531,8,1,2,8,1.0,-0.0,0.0
R_000135,3,0.0012,2.7540401304115234e-05,0,1628,0,1628,5,1,3,5,1.0,-0.0,0.0
R_000136,3,0.0012,2.7497136253048386e-05,0,1559,4,1559,5,1,1,5,1.0,-0.0,0.0
R_000137,13,0.0052,7.79056900164356e-05,0,1562,3,1562,8,3,6,6,0.75,0.7356219397587946,0.6695919455357792
R_000138,16,0.0064,8.862827443363802e-05,0,3102,1,1571,6,2,7,4,0.6666666666666666,0.6365141682948128,0.9182958340544894
R_000139,3,0.0012,2.7617933222762037e-05,0,1562,3,1562,5,2,6,4,0.8,0.5004024235381879,0.7219280948873623
R_000140,12,0.0048,6.890040650873722e-05,0,1505,7,1505,8,1,4,8,1.0,-0.0,0.0
R_000141,1,0.0004,1.7206245079571787e-05,0,1559,4,1559,5,1,1,5,1.0,-0.0,0.0
R_000142,7,0.0028,4.529807291707315e-05,0,3102,1,1571,6,4,7,3,0.5,1.242453324894,0.8962406251802889
R_000143,5,0.002,3.6053874912288866e-05,0,1505,7,1505,5,1,4,5,1.0,-0.0,0.0
R_000144,4,0.0016,3.267187361864146e-05,0,1628,0,1628,6,1,3,6,1.0,-0.0,0.0
R_000145,8,0.0032,4.970777043207573e-05,0,3102,6,1531,7,1,2,7,1.0,-0.0,0.0
R_000146,7,0.0028,4.808709031541456e-05,0,1628,0,1628,6,1,3,6,1.0,-0.0,0.0
R_000147,10,0.004,5.974532149778184e-05,0,3102,6,1531,8,1,2,8,1.0,-0.0,0.0
R_000148,13,0.0052,7.424332081388441e-05,0,1505,7,1505,8,1,4,8,1.0,-0.0,0.0
R_000149,3,0.0012,2.8690931053479626e-05,0,1565,2,1565,6,1,5,6,1.0,-0.0,0.0
R_000150,6,0.0024,4.182394693765077e-05,0,1562,3,1562,7,3,6,5,0.7142857142857143,0.796311640173813,0.7248340915057598
R_000151,12,0.0048,7.194995660985903e-05,0,1559,4,1559,8,1,1,8,1.0,-0.0,0.0
R_000152,6,0.0024,4.4100651103140785e-05,0,1550,5,1550,5,1,0,5,1.0,-0.0,0.0
R_000153,8,0.0032,5.3326026721593265e-05,0,1628,0,1628,8,1,3,8,1.0,-0.0,0.0
R_000154,10,0.004,6.241909826120343e-05,0,1559,4,1559,6,1,1,6,1.0,-0.0,0.0
R_000155,4,0.0016,3.3043326785382095e-05,0,1628,0,1628,7,1,3,7,1.0,-0.0,0.0
R_000156,9,0.0036,6.183706448662867e-05,0,1565,2,1565,8,2,5,7,0.875,0.3767701612564367,0.5435644431995964
R_000157,6,0.0024,4.056000262334021e-05,0,3102,1,1571,6,4,2,2,0.3333333333333333,1.3296613488547582,0.9591479170272448
R_000158,10,0.004,6.305457503824082e-05,0,1562,3,1562,8,3,6,6,0.75,0.7356219397587946,0.6695919455357792
R_000159,25,0.01,0.0001305774555803508,0,3102,6,1531,8,1,2,8,1.0,-0.0,0.0
R_000160,6,0.0024,4.441521100618289e-05,0,1565,2,1565,8,2,5,7,0.875,0.3767701612564367,0.5435644431995964
R_000161,6,0.0024,4.511607897999897e-05,0,1565,2,1565,8,2,5,7,0.875,0.3767701612564367,0.5435644431995964
R_000162,13,0.0052,7.357220460954488e-05,0,1505,7,1505,8,1,4,8,1.0,-0.0,0.0
R_000163,10,0.004,6.069234363775783e-05,0,3102,6,1531,8,1,2,8,1.0,-0.0,0.0
R_000164,7,0.0028,4.601526233067669e-05,0,3102,6,1531,6,1,2,6,1.0,-0.0,0.0
R_000165,11,0.0044,6.877907790933034e-05,0,1628,0,1628,7,1,3,7,1.0,-0.0,0.0
R_000166,7,0.0028,4.802669852309403e-05,0,1562,3,1562,8,2,6,7,0.875,0.3767701612564367,0.5435644431995964
R_000167,2,0.0008,2.2552663728158884e-05,0,1550,5,1550,5,1,0,5,1.0,-0.0,0.0
R_000168,6,0.0024,4.213160449936138e-05,0,1559,4,1559,8,1,1,8,1.0,-0.0,0.0
R_000169,5,0.002,3.72419661698041e-05,0,1628,0,1628,6,1,3,6,1.0,-0.0,0.0
R_000170,6,0.0024,4.11601352152256e-05,0,3102,6,1531,5,1,2,5,1.0,-0.0,0.0
R_000171,17,0.0068,9.771928376985408e-05,0,1559,4,1559,8,1,1,8,1.0,-0.0,0.0
R_000172,3,0.0012,2.890925235936446e-05,0,1565,2,1565,5,1,5,5,1.0,-0.0,0.0
R_000173,3,0.0012,2.8559586919521714e-05,0,1565,2,1565,6,2,5,5,0.8333333333333334,0.4505612088663046,0.6500224216483541
R_000174,8,0.0032,5.199100932890136e-05,0,1559,4,1559,6,1,1,6,1.0,-0.0,0.0
R_000175,14,0.0056,8.903756804929893e-05,0,1565,2,1565,8,2,5,7,0.875,0.3767701612564367,0.5435644431995964
R_000176,4,0.0016,3.1748446878967955e-05,0,3102,1,1571,6,4,7,3,0.5,1.242453324894,0.8962406251802889
R_000177,1,0.0004,1.6911139614509103e-05,0,3102,1,1571,5,4,7,2,0.4,1.3321790402101223,0.9609640474436812
R_000178,8,0.0032,5.620567232730859e-05,0,1565,2,1565,7,2,5,6,0.8571428571428571,0.410116318288409,0.5916727785823274
R_000179,9,0.0036,5.725324086955272e-05,0,1562,3,1562,6,2,6,5,0.8333333333333334,0.4505612088663046,0.6500224216483541
R_000180,8,0.0032,5.0936256460260135e-05,0,3102,6,1531,6,1,2,6,1.0,-0.0,0.0
R_000181,12,0.0048,6.985333764264893e-05,0,3102,1,1571,6,3,7,4,0.6666666666666666,0.8675632284814612,0.7896900821428474
R_000182,14,0.0056,8.585222359545991e-05,0,1550,5,1550,8,1,0,8,1.0,-0.0,0.0
R_000183,7,0.0028,4.6826119628035066e-05,0,1559,4,1559,6,1,1,6,1.0,-0.0,0.0
R_000184,5,0.002,3.7148720086748866e-05,0,1562,3,1562,6,2,6,5,0.8333333333333334,0.4505612088663046,0.6500224216483541
R_000185,6,0.0024,4.196544070795114e-05,0,1562,3,1562,6,2,6,5,0.8333333333333334,0.4505612088663046,0.6500224216483541
R_000186,4,0.0016,3.286512829103851e-05,0,1628,0,1628,6,1,3,6,1.0,-0.0,0.0
R_000187,7,0.0028,4.730106111476195e-05,0,1562,3,1562,6,3,6,4,0.6666666666666666,0.8675632284814612,0.7896900821428474
R_000188,15,0.006,8.464080906603536e-05,0,3102,1,1571,8,3,7,5,0.625,0.9002560512685369,0.8194483718728035
R_000189,4,0.0016,3.346516926718148e-05,0,1550,5,1550,7,1,0,7,1.0,-0.0,0.0
R_000190,10,0.004,6.259538161288382e-05,0,1559,4,1559,7,1,1,7,1.0,-0.0,0.0
R_000191,14,0.0056,7.851594267855482e-05,0,1505,7,1505,8,1,4,8,1.0,-0.0,0.0
R_000192,17,0.0068,9.659311174574829e-05,0,1559,4,1559,7,1,1,7,1.0,-0.0,0.0
R_000193,8,0.0032,5.0419968265149963e-05,0,3102,6,1531,6,1,2,6,1.0,-0.0,0.0
R_000194,4,0.0016,3.424553314893682e-05,0,1565,2,1565,5,1,5,5,1.0,-0.0,0.0
R_000195,6,0.0024,4.179059224596451e-05,0,3102,6,1531,7,1,2,7,1.0,-0.0,0.0
R_000196,11,0.0044,6.688125435488569e-05,0,1562,3,1562,6,3,6,4,0.6666666666666666,0.8675632284814612,0.7896900821428474
R_000197,8,0.0032,5.2861671187346974e-05,0,1562,3,1562,5,2,6,4,0.8,0.5004024235381879,0.7219280948873623
R_000198,1,0.0004,1.7697758738033973e-05,0,1628,0,1628,5,1,3,5,1.0,-0.0,0.0
R_000199,4,0.0016,3.332273905712818e-05,0,1550,5,1550,5,1,0,5,1.0,-0.0,0.0
R_000200,10,0.004,6.256489112386667e-05,0,1562,3,1562,8,3,6,6,0.75,0.7356219397587946,0.6695919455357792
R_000201,14,0.0056,8.002030676796723e-05,0,3102,6,1531,8,1,2,8,1.0,-0.0,0.0
R_000202,14,0.0056,8.30929082390358e-05,0,1562,3,1562,8,3,6,6,0.75,0.7356219397587946,0.6695919455357792
R_000203,5,0.002,3.759587695934924e-05,0,1562,3,1562,7,2,6,6,0.8571428571428571,0.410116318288409,0.5916727785823274
R_000204,7,0.0028,4.771288978132914e-05,0,1562,3,1562,7,3,6,5,0.7142857142857143,0.796311640173813,0.7248340915057598
R_000205,11,0.0044,6.739526298712568e-05,0,1559,4,1559,7,1,1,7,1.0,-0.0,0.0
R_000206,8,0.0032,5.53358307889839e-05,0,1565,2,1565,8,2,5,7,0.875,0.3767701612564367,0.5435644431995964
R_000207,34,0.0136,0.00017360171498501925,0,3102,1,1571,7,3,7,4,0.5714285714285714,0.9556998911125344,0.8699155297736259
R_000208,2,0.0008,2.19263865468094e-05,0,1505,7,1505,6,1,4,6,1.0,-0.0,0.0
R_000209,8,0.0032,4.988815837750157e-05,0,1505,7,1505,6,1,4,6,1.0,-0.0,0.0
R_000210,5,0.002,3.58393331222596e-05,0,3102,1,1571,6,3,7,4,0.6666666666666666,0.8675632284814612,0.7896900821428474
R_000211,5,0.002,3.822859129115468e-05,0,1550,5,1550,8,1,0,8,1.0,-0.0,0.0
R_000212,7,0.0028,4.602166780129894e-05,0,3102,1,1571,7,3,7,5,0.7142857142857143,0.796311640173813,0.7248340915057598
R_000213,15,0.006,8.7214943154198e-05,0,1559,4,1559,7,1,1,7,1.0,-0.0,0.0
R_000214,8,0.0032,5.3276211447964135e-05,0,1628,0,1628,6,1,3,6,1.0,-0.0,0.0
R_000215,10,0.004,5.9982256657141255e-05,0,3102,1,1571,6,4,7,3,0.5,1.242453324894,0.8962406251802889
R_000216,7,0.0028,4.5769294973773375e-05,0,3102,6,1531,7,1,2,7,1.0,-0.0,0.0
R_000217,8,0.0032,4.974300542449877e-05,0,1505,7,1505,8,1,4,8,1.0,-0.0,0.0
R_000218,4,0.0016,3.282369992544337e-05,0,1628,0,1628,5,1,3,5,1.0,-0.0,0.0
R_000219,4,0.0016,3.3899599165784345e-05,0,1565,2,1565,7,1,5,7,1.0,-0.0,0.0
R_000220,6,0.0024,4.520523110436085e-05,0,1565,2,1565,8,2,5,7,0.875,0.3767701612564367,0.5435644431995964
R_000221,8,0.0032,4.952887620707284e-05,0,3102,1,1571,5,3,2,2,0.4,1.0549201679861442,0.9602297178607612
R_000222,17,0.0068,0.00010509974621933359,0,1565,2,1565,8,2,5,7,0.875,0.3767701612564367,0.5435644431995964
R_000223,5,0.002,3.59854111586584e-05,0,3102,1,1571,6,3,7,4,0.6666666666666666,0.8675632284814612,0.7896900821428474
R_000224,12,0.0048,7.539320615599496e-05,0,1550,5,1550,8,1,0,8,1.0,-0.0,0.0
R_000225,10,0.004,5.96907726608863e-05,0,3102,1,1571,8,4,7,4,0.5,1.2130075659799042,0.875
R_000226,10,0.004,6.475562299499206e-05,0,1550,5,1550,7,1,0,7,1.0,-0.0,0.0
R_000227,10,0.004,6.30191880953343e-05,0,1628,0,1628,8,1,3,8,1.0,-0.0,0.0
R_000228,6,0.0024,4.465609145622889e-05,0,1565,2,1565,6,2,5,5,0.8333333333333334,0.4505612088663046,0.6500224216483541
R_000229,7,0.0028,4.726507437614911e-05,0,1559,4,1559,6,1,1,6,1.0,-0.0,0.0
R_000230,6,0.0024,4.305881651973621e-05,0,1628,0,1628,5,1,3,5,1.0,-0.0,0.0
R_000231,4,0.0016,3.229049462392867e-05,0,1559,4,1559,6,1,1,6,1.0,-0.0,0.0
R_000232,9,0.0036,5.903389370429009e-05,0,1550,5,1550,7,1,0,7,1.0,-0.0,0.0
R_000233,4,0.0016,3.302065915746327e-05,0,1550,5,1550,5,1,0,5,1.0,-0.0,0.0
R_000234,11,0.0044,7.226982720155423e-05,0,1565,2,1565,8,2,5,7,0.875,0.3767701612564367,0.5435644431995964
R_000235,13,0.0052,7.444844691954143e-05,0,3102,1,1571,8,4,7,4,0.5,1.2130075659799042,0.875
R_000236,3,0.0012,2.7506044158488983e-05,0,1628,0,1628,5,1,3,5,1.0,-0.0,0.0
R_000237,6,0.0024,4.037923749249393e-05,0,1505,7,1505,6,1,4,6,1.0,-0.0,0.0
R_000238,30,0.012,0.00016257267831770513,0,1562,3,1562,8,3,6,6,0.75,0.7356219397587946,0.6695919455357792
R_000239,7,0.0028,4.556334438345379e-05,0,1505,7,1505,7,1,4,7,1.0,-0.0,0.0
R_000240,4,0.0016,3.214179155396057e-05,0,1559,4,1559,5,1,1,5,1.0,-0.0,0.0
R_000241,7,0.0028,4.558132199621987e-05,0,3102,6,1531,5,1,2,5,1.0,-0.0,0.0
R_000242,8,0.0032,5.082073869099897e-05,0,3102,6,1531,5,1,2,5,1.0,-0.0,0.0
R_000243,2,0.0008,2.2462319508797528e-05,0,1562,3,1562,5,2,6,4,0.8,0.5004024235381879,0.7219280948873623
R_000244,10,0.004,5.972277564483467e-05,0,3102,1,1571,7,2,7,5,0.7142857142857143,0.5982695885852573,0.8631205685666311
R_000245,5,0.002,3.975131209889795e-05,0,1565,2,1565,7,1,5,7,1.0,-0.0,0.0
R_000246,9,0.0036,5.879425688740982e-05,0,1628,0,1628,7,1,3,7,1.0,-0.0,0.0
R_000247,5,0.002,3.709451866466512e-05,0,1562,3,1562,6,3,6,4,0.6666666666666666,0.8675632284814612,0.7896900821428474
R_000248,6,0.0024,4.2236294621068685e-05,0,1559,4,1559,7,1,1,7,1.0,-0.0,0.0
R_000249,2,0.0008,2.1906437625470262e-05,0,3102,1,1571,6,2,7,4,0.6666666666666666,0.6365141682948128,0.9182958340544894
R_000250,7,0.0028,4.8782183178987984e-05,0,1628,0,1628,5,1,3,5,1.0,-0.0,0.0
R_000251,10,0.004,6.659984136698713e-05,0,1565,2,1565,7,2,5,6,0.8571428571428571,0.410116318288409,0.5916727785823274
R_000252,8,0.0032,5.440256377258517e-05,0,1550,5,1550,8,1,0,8,1.0,-0.0,0.0
R_000253,9,0.0036,5.495897562554891e-05,0,3102,6,1531,6,1,2,6,1.0,-0.0,0.0
R_000254,3,0.0012,2.8168612346571858e-05,0,1550,5,1550,6,1,0,6,1.0,-0.0,0.0
R_000255,7,0.0028,4.740245006073248e-05,0,1562,3,1562,8,3,6,6,0.75,0.7356219397587946,0.6695919455357792
R_000256,3,0.0012,2.742974416873023e-05,0,1562,3,1562,5,1,6,5,1.0,-0.0,0.0
R_000257,6,0.0024,4.185258738794355e-05,0,1559,4,1559,8,1,1,8,1.0,-0.0,0.0
R_000258,8,0.0032,5.375794967948163e-05,0,1550,5,1550,6,1,0,6,1.0,-0.0,0.0
R_000259,5,0.002,3.9138155762574494e-05,0,1565,2,1565,6,2,5,5,0.8333333333333334,0.4505612088663046,0.6500224216483541
R_000260,7,0.0028,4.683694429174456e-05,0,1562,3,1562,7,3,6,5,0.7142857142857143,0.796311640173813,0.7248340915057598
R_000261,5,0.002,3.653306343324366e-05,0,1505,7,1505,5,1,4,5,1.0,-0.0,0.0
R_000262,16,0.0064,9.41056265834203e-05,0,1628,0,1628,8,1,3,8,1.0,-0.0,0.0
R_000263,9,0.0036,5.8546294287555416e-05,0,1628,0,1628,6,1,3,6,1.0,-0.0,0.0
R_000264,8,0.0032,5.3510526074895426e-05,0,1628,0,1628,6,1,3,6,1.0,-0.0,0.0
R_000265,12,0.0048,6.899371807578841e-05,0,3102,1,1571,7,3,7,5,0.7142857142857143,0.796311640173813,0.7248340915057598
R_000266,4,0.0016,3.314902355816738e-05,0,1550,5,1550,5,1,0,5,1.0,-0.0,0.0
R_000267,15,0.006,8.347760894573786e-05,0,3102,1,1571,8,4,7,4,0.5,1.2130075659799042,0.875
R_000268,4,0.0016,3.147694810289582e-05,0,3102,6,1531,6,1,2,6,1.0,-0.0,0.0
R_000269,11,0.0044,6.428424058312392e-05,0,1505,7,1505,8,1,4,8,1.0,-0.0,0.0
R_000270,3,0.0012,2.734701260674683e-05,0,1562,3,1562,7,3,6,5,0.7142857142857143,0.796311640173813,0.7248340915057598
R_000271,13,0.0052,7.871292356521987e-05,0,1562,3,1562,7,2,6,6,0.8571428571428571,0.410116318288409,0.5916727785823274
R_000272,4,0.0016,3.1140795084700345e-05,0,1505,7,1505,7,1,4,7,1.0,-0.0,0.0
R_000273,2,0.0008,2.231449982317278e-05,0,1628,0,1628,7,1,3,7,1.0,-0.0,0.0
R_000274,9,0.0036,5.748810487935832e-05,0,1559,4,1559,7,1,1,7,1.0,-0.0,0.0
R_000275,17,0.0068,0.00010160579716164694,0,1550,5,1550,8,1,0,8,1.0,-0.0,0.0
R_000276,12,0.0048,7.203794580453627e-05,0,1562,3,1562,8,3,6,6,0.75,0.7356219397587946,0.6695919455357792
R_000277,7,0.0028,4.741440738829888e-05,0,1559,4,1559,8,1,1,8,1.0,-0.0,0.0
R_000278,7,0.0028,5.0694808814170715e-05,0,1565,2,1565,7,2,5,6,0.8571428571428571,0.410116318288409,0.5916727785823274
R_000279,6,0.0024,4.368472072114227e-05,0,1628,0,1628,5,1,3,5,1.0,-0.0,0.0
R_000280,14,0.0056,7.925919903416295e-05,0,3102,6,1531,8,1,2,8,1.0,-0.0,0.0
R_000281,5,0.002,3.909477182951066e-05,0,1565,2,1565,6,1,5,6,1.0,-0.0,0.0
R_000282,7,0.0028,4.736199424856845e-05,0,1562,3,1562,6,3,6,4,0.6666666666666666,0.8675632284814612,0.7896900821428474
R_000283,31,0.0124,0.0001725526110939517,0,1550,5,1550,8,1,0,8,1.0,-0.0,0.0
R_000284,4,0.0016,3.293352463217605e-05,0,1559,4,1559,5,1,1,5,1.0,-0.0,0.0
R_000285,12,0.0048,7.461144099569152e-05,0,1550,5,1550,8,1,0,8,1.0,-0.0,0.0
R_000286,4,0.0016,3.175267595614387e-05,0,3102,6,1531,5,1,2,5,1.0,-0.0,0.0
R_000287,7,0.0028,4.7786394657164926e-05,0,1562,3,1562,7,3,6,5,0.7142857142857143,0.796311640173813,0.7248340915057598
R_000288,5,0.002,3.569503061177794e-05,0,3102,1,1571,5,3,7,3,0.6,0.9502705392332348,0.8649735207179272
R_000289,10,0.004,6.521374868092392e-05,0,1550,5,1550,7,1,0,7,1.0,-0.0,0.0
R_000290,10,0.004,6.2402077120192e-05,0,1559,4,1559,8,1,1,8,1.0,-0.0,0.0
R_000291,2,0.0008,2.2293427807511e-05,0,1559,4,1559,5,1,1,5,1.0,-0.0,0.0
R_000292,6,0.0024,4.309499273260769e-05,0,1628,0,1628,8,1,3,8,1.0,-0.0,0.0
R_000293,12,0.0048,6.939109489368608e-05,0,3102,6,1531,7,1,2,7,1.0,-0.0,0.0
R_000294,11,0.0044,6.85006066858981e-05,0,1628,0,1628,7,1,3,7,1.0,-0.0,0.0
R_000295,15,0.006,8.287864023654744e-05,0,3102,1,1571,8,4,7,4,0.5,1.2130075659799042,0.875
R_000296,4,0.0016,3.111239287717848e-05,0,1505,7,1505,6,1,4,6,1.0,-0.0,0.0
R_000297,5,0.002,3.754523789460847e-05,0,1628,0,1628,6,1,3,6,1.0,-0.0,0.0
R_000298,4,0.0016,3.129149122823544e-05,0,3102,1,1571,6,3,7,3,0.5,1.0114042647073518,0.920619835714305
R_000299,18,0.0072,0.00010153481678543797,0,1562,3,1562,6,3,6,4,0.6666666666666666,0.8675632284814612,0.7896900821428474
R_000300,7,0.0028,5.04906337700959e-05,0,1565,2,1565,8,2,5,7,0.875,0.3767701612564367,0.5435644431995964
R_000301,9,0.0036,5.9110408883664145e-05,0,1550,5,1550,8,1,0,8,1.0,-0.0,0.0
R_000302,4,0.0016,3.126805791773636e-05,0,3102,1,1571,7,4,7,3,0.4285714285714285,1.277034259466139,0.9211854965885544
R_000303,6,0.0024,4.215230499639277e-05,0,1559,4,1559,6,1,1,6,1.0,-0.0,0.0
R_000304,7,0.0028,4.725877227020592e-05,0,1562,3,1562,8,3,6,6,0.75,0.7356219397587946,0.6695919455357792
R_000305,6,0.0024,4.244672829984097e-05,0,1628,0,1628,6,1,3,6,1.0,-0.0,0.0
R_000306,5,0.002,3.722596514296123e-05,0,1628,0,1628,6,1,3,6,1.0,-0.0,0.0
R_000307,5,0.002,3.7001862619578036e-05,0,1559,4,1559,5,1,1,5,1.0,-0.0,0.0
R_000308,12,0.0048,7.740182389331668e-05,0,1565,2,1565,8,2,5,7,0.875,0.3767701612564367,0.5435644431995964
R_000309,15,0.006,8.360157760104958e-05,0,3102,6,1531,8,1,2,8,1.0,-0.0,0.0
R_000310,4,0.0016,3.267110334273774e-05,0,1628,0,1628,5,1,3,5,1.0,-0.0,0.0
R_000311,7,0.0028,4.532649684727983e-05,0,1505,7,1505,7,1,4,7,1.0,-0.0,0.0
R_000312,4,0.0016,3.139581272870446e-05,0,3102,6,1531,7,1,2,7,1.0,-0.0,0.0
R_000313,8,0.0032,4.9602677469951466e-05,0,1505,7,1505,8,1,4,8,1.0,-0.0,0.0
R_000314,12,0.0048,7.453956973778951e-05,0,1628,0,1628,8,1,3,8,1.0,-0.0,0.0
R_000315,8,0.0032,5.7207841377470696e-05,0,1565,2,1565,8,2,5,7,0.875,0.3767701612564367,0.5435644431995964
R_000316,5,0.002,3.741161906513739e-05,0,1628,0,1628,6,1,3,6,1.0,-0.0,0.0
R_000317,7,0.0028,4.5667648299021815e-05,0,3102,6,1531,8,1,2,8,1.0,-0.0,0.0
R_000318,13,0.0052,7.661273673315525e-05,0,1562,3,1562,8,2,6,7,0.875,0.3767701612564367,0.5435644431995964
R_000319,11,0.0044,6.725803180144681e-05,0,1559,4,1559,8,1,1,8,1.0,-0.0,0.0
R_000320,8,0.0032,5.018284454134331e-05,0,3102,1,1571,5,4,7,2,0.4,1.3321790402101223,0.9609640474436812
R_000321,8,0.0032,5.165828232982763e-05,0,1562,3,1562,5,2,6,4,0.8,0.5004024235381879,0.7219280948873623
R_000322,13,0.0052,7.428565358120933e-05,0,1505,7,1505,7,1,4,7,1.0,-0.0,0.0
R_000323,1,0.0004,1.811210640385602e-05,0,1559,4,1559,5,1,1,5,1.0,-0.0,0.0
R_000324,17,0.0068,9.254697657239706e-05,0,1505,7,1505,7,1,4,7,1.0,-0.0,0.0
R_000325,8,0.0032,5.537086436705473e-05,0,1565,2,1565,7,2,5,6,0.8571428571428571,0.410116318288409,0.5916727785823274
R_000326,12,0.0048,7.391545963141557e-05,0,1628,0,1628,7,1,3,7,1.0,-0.0,0.0
R_000327,8,0.0032,5.407351761059529e-05,0,1550,5,1550,6,1,0,6,1.0,-0.0,0.0
R_000328,10,0.004,6.018406809977852e-05,0,3102,6,1531,8,1,2,8,1.0,-0.0,0.0
R_000329,3,0.0012,2.7913399731207317e-05,0,1628,0,1628,5,1,3,5,1.0,-0.0,0.0
R_000330,7,0.0028,4.7763351165509625e-05,0,1628,0,1628,6,1,3,6,1.0,-0.0,0.0
R_000331,1,0.0004,1.7705984458423134e-05,0,1565,2,1565,5,2,5,4,0.8,0.5004024235381879,0.7219280948873623
R_000332,7,0.0028,4.751148983926588e-05,0,1562,3,1562,6,1,6,6,1.0,-0.0,0.0
R_000333,4,0.0016,3.166679639708902e-05,0,3102,6,1531,5,1,2,5,1.0,-0.0,0.0
R_000334,6,0.0024,4.5111992632477776e-05,0,1565,2,1565,6,1,5,6,1.0,-0.0,0.0
R_000335,5,0.002,3.597994336858552e-05,0,3102,1,1571,5,1,7,5,1.0,-0.0,0.0
R_000336,3,0.0012,2.9118013985248013e-05,0,1565,2,1565,5,2,5,4,0.8,0.5004024235381879,0.7219280948873623
R_000337,5,0.002,3.602832185127017e-05,0,1505,7,1505,5,1,4,5,1.0,-0.0,0.0
R_000338,9,0.0036,5.7590189783342676e-05,0,1562,3,1562,5,2,6,4,0.8,0.5004024235381879,0.7219280948873623
R_000339,8,0.0032,5.245972508407257e-05,0,1562,3,1562,7,3,6,5,0.7142857142857143,0.796311640173813,0.7248340915057598
R_000340,9,0.0036,5.5611170236288153e-05,0,3102,6,1531,6,1,2,6,1.0,-0.0,0.0
R_000341,6,0.0024,4.314445142415698e-05,0,1628,0,1628,6,1,3,6,1.0,-0.0,0.0
R_000342,6,0.0024,4.3413228622891126e-05,0,1550,5,1550,7,1,0,7,1.0,-0.0,0.0
R_000343,8,0.0032,5.62237933834998e-05,0,1565,2,1565,8,2,5,7,0.875,0.3767701612564367,0.5435644431995964
R_000344,6,0.0024,4.090066011994289e-05,0,3102,1,1571,5,2,7,4,0.8,0.5004024235381879,0.7219280948873623
R_000345,11,0.0044,7.022803026732086e-05,0,1550,5,1550,7,1,0,7,1.0,-0.0,0.0
R_000346,8,0.0032,4.972728700598251e-05,0,1505,7,1505,6,1,4,6,1.0,-0.0,0.0
R_000347,6,0.0024,4.0734824225861716e-05,0,3102,6,1531,7,1,2,7,1.0,-0.0,0.0
R_000348,9,0.0036,5.860920731099906e-05,0,1628,0,1628,7,1,3,7,1.0,-0.0,0.0
R_000349,6,0.0024,4.337568543197498e-05,0,1550,5,1550,6,1,0,6,1.0,-0.0,0.0
R_000350,6,0.0024,4.5794532158782754e-05,0,1565,2,1565,5,1,5,5,1.0,-0.0,0.0
R_000351,9,0.0036,5.702792831088624e-05,0,1559,4,1559,7,1,1,7,1.0,-0.0,0.0
R_000352,8,0.0032,5.2260881772175985e-05,0,1562,3,1562,5,3,6,3,0.6,0.9502705392332348,0.8649735207179272
R_000353,9,0.0036,5.833821484124231e-05,0,1628,0,1628,6,1,3,6,1.0,-0.0,0.0
R_000354,10,0.004,6.224878861385768e-05,0,1559,4,1559,7,1,1,7,1.0,-0.0,0.0
R_000355,7,0.0028,4.492386182432011e-05,0,3102,6,1531,6,1,2,6,1.0,-0.0,0.0
R_000356,9,0.0036,5.984651916473478e-05,0,1550,5,1550,5,1,0,5,1.0,-0.0,0.0
R_000357,10,0.004,6.334450868084752e-05,0,1628,0,1628,7,1,3,7,1.0,-0.0,0.0
R_000358,10,0.004,6.0124023039110545e-05,0,3102,6,1531,7,1,2,7,1.0,-0.0,0.0
R_000359,5,0.002,3.973485035886574e-05,0,1565,2,1565,7,2,5,6,0.8571428571428571,0.410116318288409,0.5916727785823274
R_000360,9,0.0036,6.106091014301372e-05,0,1565,2,1565,7,2,5,6,0.8571428571428571,0.410116318288409,0.5916727785823274
R_000361,6,0.0024,4.293720101314697e-05,0,1628,0,1628,6,1,3,6,1.0,-0.0,0.0
R_000362,3,0.0012,2.802972900007603e-05,0,1550,5,1550,5,1,0,5,1.0,-0.0,0.0
R_000363,13,0.0052,7.319289795150722e-05,0,1505,7,1505,8,1,4,8,1.0,-0.0,0.0
R_000364,5,0.002,3.8427046811823084e-05,0,1550,5,1550,5,1,0,5,1.0,-0.0,0.0
R_000365,8,0.0032,5.099382433922732e-05,0,3102,6,1531,8,1,2,8,1.0,-0.0,0.0
R_000366,19,0.0076,0.00011153701090027752,0,1550,5,1550,8,1,0,8,1.0,-0.0,0.0
R_000367,9,0.0036,5.7098928498756824e-05,0,1562,3,1562,7,2,6,6,0.8571428571428571,0.410116318288409,0.5916727785823274
R_000368,4,0.0016,3.4052759825204266e-05,0,1565,2,1565,7,1,5,7,1.0,-0.0,0.0
R_000369,9,0.0036,5.746371818200846e-05,0,1562,3,1562,8,2,6,7,0.875,0.3767701612564367,0.5435644431995964
R_000370,4,0.0016,3.466293645849238e-05,0,1565,2,1565,6,1,5,6,1.0,-0.0,0.0
R_000371,8,0.0032,5.0156713084970424e-05,0,3102,1,1571,6,4,2,2,0.3333333333333333,1.3296613488547582,0.9591479170272448
R_000372,9,0.0036,5.538195578166704e-05,0,3102,1,1571,6,4,7,3,0.5,1.242453324894,0.8962406251802889
R_000373,7,0.0028,4.7981158476672323e-05,0,1562,3,1562,6,2,6,5,0.8333333333333334,0.4505612088663046,0.6500224216483541
R_000374,5,0.002,3.8357717766664307e-05,0,1628,0,1628,7,1,3,7,1.0,-0.0,0.0
R_000375,4,0.0016,3.194160523324386e-05,0,3102,1,1571,7,2,7,6,0.8571428571428571,0.410116318288409,0.5916727785823274
R_000376,10,0.004,6.506668455708512e-05,0,1550,5,1550,7,1,0,7,1.0,-0.0,0.0
R_000377,11,0.0044,6.85269217339821e-05,0,1562,3,1562,8,2,6,7,0.875,0.3767701612564367,0.5435644431995964
R_000378,5,0.002,3.709045554537966e-05,0,1559,4,1559,7,1,1,7,1.0,-0.0,0.0
R_000379,9,0.0036,6.228532184183925e-05,0,1565,2,1565,7,2,5,6,0.8571428571428571,0.410116318288409,0.5916727785823274
R_000380,6,0.0024,4.22100792281938e-05,0,1562,3,1562,6,3,6,4,0.6666666666666666,0.8675632284814612,0.7896900821428474
R_000381,4,0.0016,3.229968513949431e-05,0,1559,4,1559,6,1,1,6,1.0,-0.0,0.0
R_000382,6,0.0024,4.339026232128924e-05,0,1550,5,1550,5,1,0,5,1.0,-0.0,0.0
R_000383,5,0.002,3.589767794511785e-05,0,1505,7,1505,7,1,4,7,1.0,-0.0,0.0
R_000384,5,0.002,3.695611474942162e-05,0,1559,4,1559,7,1,1,7,1.0,-0.0,0.0
R_000385,4,0.0016,3.384460253708179e-05,0,1565,2,1565,6,2,5,5,0.8333333333333334,0.4505612088663046,0.6500224216483541
R_000386,3,0.0012,2.677583801639989e-05,0,3102,6,1531,6,1,2,6,1.0,-0.0,0.0
R_000387,16,0.0064,8.76929430644052e-05,0,1505,7,1505,8,1,4,8,1.0,-0.0,0.0
R_000388,14,0.0056,7.95315536549232e-05,0,3102,6,1531,8,1,2,8,1.0,-0.0,0.0
R_000389,4,0.0016,3.1700626362872036e-05,0,3102,6,1531,5,1,2,5,1.0,-0.0,0.0
R_000390,10,0.004,6.376511588616909e-05,0,1562,3,1562,8,3,6,6,0.75,0.7356219397587946,0.6695919455357792
R_000391,16,0.0064,9.370245110864025e-05,0,1628,0,1628,8,1,3,8,1.0,-0.0,0.0
R_000392,9,0.0036,5.672881978841098e-05,0,1559,4,1559,7,1,1,7,1.0,-0.0,0.0
R_000393,5,0.002,3.860810180271386e-05,0,1550,5,1550,6,1,0,6,1.0,-0.0,0.0
R_000394,6,0.0024,4.0578400939770876e-05,0,1505,7,1505,8,1,4,8,1.0,-0.0,0.0
R_000395,4,0.0016,3.114810421224094e-05,0,3102,1,1571,5,4,7,2,0.4,1.3321790402101223,0.9609640474436812
R_000396,4,0.0016,3.383197609841504e-05,0,1550,5,1550,5,1,0,5,1.0,-0.0,0.0
R_000397,6,0.0024,4.445451259254633e-05,0,1565,2,1565,6,1,5,6,1.0,-0.0,0.0
R_000398,10,0.004,6.233345499960357e-05,0,1562,3,1562,6,2,6,5,0.8333333333333334,0.4505612088663046,0.6500224216483541
R_000399,12,0.0048,6.890515248197101e-05,0,1505,7,1505,7,1,4,7,1.0,-0.0,0.0
R_000400,1,0.0004,1.726129702954605e-05,0,1559,4,1559,5,1,1,5,1.0,-0.0,0.0
R_000401,2,0.0008,2.3472602077609687e-05,0,1565,2,1565,7,2,5,6,0.8571428571428571,0.410116318288409,0.5916727785823274
R_000402,4,0.0016,3.1203453534751014e-05,0,3102,1,1571,6,4,7,3,0.5,1.242453324894,0.8962406251802889
R_000403,11,0.0044,6.715342106048318e-05,0,1559,4,1559,7,1,1,7,1.0,-0.0,0.0
R_000404,3,0.0012,2.788665383604456e-05,0,1550,5,1550,5,1,0,5,1.0,-0.0,0.0
R_000405,12,0.0048,6.888535867133107e-05,0,1505,7,1505,7,1,4,7,1.0,-0.0,0.0
R_000406,8,0.0032,5.294515456001906e-05,0,1559,4,1559,5,1,1,5,1.0,-0.0,0.0
R_000407,13,0.0052,8.383881461660756e-05,0,1565,2,1565,8,2,5,7,0.875,0.3767701612564367,0.5435644431995964
R_000408,9,0.0036,5.923695369999321e-05,0,1550,5,1550,8,1,0,8,1.0,-0.0,0.0
R_000409,4,0.0016,3.330022730603141e-05,0,1628,0,1628,6,1,3,6,1.0,-0.0,0.0
R_000410,4,0.0016,3.0491747398108385e-05,0,1505,7,1505,6,1,4,6,1.0,-0.0,0.0
R_000411,10,0.004,6.376176294005703e-05,0,1628,0,1628,8,1,3,8,1.0,-0.0,0.0
R_000412,8,0.0032,5.266949258992953e-05,0,1562,3,1562,5,1,6,5,1.0,-0.0,0.0
R_000413,2,0.0008,2.3074811659672852e-05,0,1565,2,1565,6,2,5,5,0.8333333333333334,0.4505612088663046,0.6500224216483541
R_000414,3,0.0012,2.8631923969561443e-05,0,1565,2,1565,5,2,5,4,0.8,0.5004024235381879,0.7219280948873623
R_000415,11,0.0044,6.35438689196962e-05,0,1505,7,1505,8,1,4,8,1.0,-0.0,0.0
R_000416,8,0.0032,5.04490076222174e-05,0,1505,7,1505,7,1,4,7,1.0,-0.0,0.0
R_000417,5,0.002,3.8140500530978e-05,0,1628,0,1628,5,1,3,5,1.0,-0.0,0.0
R_000418,5,0.002,3.5972738967762335e-05,0,1505,7,1505,5,1,4,5,1.0,-0.0,0.0
R_000419,9,0.0036,5.6005767147396806e-05,0,3102,6,1531,5,1,2,5,1.0,-0.0,0.0
R_000420,4,0.0016,3.1554957451135935e-05,0,3102,1,1571,5,1,7,5,1.0,-0.0,0.0
R_000421,9,0.0036,5.901726093215997e-05,0,1550,5,1550,7,1,0,7,1.0,-0.0,0.0
R_000422,7,0.0028,4.4704961863643704e-05,0,3102,1,1571,7,3,7,4,0.5714285714285714,0.9556998911125344,0.8699155297736259
R_000423,5,0.002,3.5904687496198575e-05,0,1505,7,1505,5,1,4,5,1.0,-0.0,0.0
R_000424,9,0.0036,5.832864461646151e-05,0,1628,0,1628,7,1,3,7,1.0,-0.0,0.0
R_000425,4,0.0016,3.099278405147312e-05,0,3102,1,1571,5,2,7,4,0.8,0.5004024235381879,0.7219280948873623
R_000426,9,0.0036,5.5850537646706556e-05,0,3102,6,1531,7,1,2,7,1.0,-0.0,0.0
R_000427,17,0.0068,9.307634674846908e-05,0,1505,7,1505,8,1,4,8,1.0,-0.0,0.0
R_000428,3,0.0012,2.6503868475707996e-05,0,1505,7,1505,5,1,4,5,1.0,-0.0,0.0
R_000429,13,0.0052,8.017809407175087e-05,0,1550,5,1550,8,1,0,8,1.0,-0.0,0.0
R_000430,6,0.0024,4.045989894564851e-05,0,1505,7,1505,6,1,4,6,1.0,-0.0,0.0
R_000431,8,0.0032,5.290772717677763e-05,0,1562,3,1562,5,2,6,4,0.8,0.5004024235381879,0.7219280948873623
R_000432,1,0.0004,1.725209377966489e-05,0,1562,3,1562,5,2,6,4,0.8,0.5004024235381879,0.7219280948873623
R_000433,8,0.0032,5.091554210937284e-05,0,3102,6,1531,7,1,2,7,1.0,-0.0,0.0
R_000434,11,0.0044,6.736724400194478e-05,0,1562,3,1562,7,1,6,7,1.0,-0.0,0.0
R_000435,4,0.0016,3.3950593427248413e-05,0,1565,2,1565,5,1,5,5,1.0,-0.0,0.0
R_000436,14,0.0056,8.104928645877329e-05,0,1562,3,1562,6,2,6,5,0.8333333333333334,0.4505612088663046,0.6500224216483541
R_000437,6,0.0024,4.210066906123774e-05,0,1559,4,1559,7,1,1,7,1.0,-0.0,0.0
R_000438,9,0.0036,5.809974022519366e-05,0,1559,4,1559,7,1,1,7,1.0,-0.0,0.0
R_000439,15,0.006,8.323302439887755e-05,0,1505,7,1505,6,1,4,6,1.0,-0.0,0.0
R_000440,3,0.0012,2.8086967003401048e-05,0,1550,5,1550,6,1,0,6,1.0,-0.0,0.0
R_000441,8,0.0032,5.2339506484636676e-05,0,1559,4,1559,6,1,1,6,1.0,-0.0,0.0
R_000442,8,0.0032,5.586020623792181e-05,0,1565,2,1565,6,1,5,6,1.0,-0.0,0.0
R_000443,5,0.002,3.605918077057286e-05,0,3102,1,1571,8,4,7,5,0.625,1.073542846408523,0.7743974703476992
R_000444,17,0.0068,0.00010157136813218547,0,1550,5,1550,8,1,0,8,1.0,-0.0,0.0
R_000445,7,0.0028,4.7521043359030235e-05,0,1562,3,1562,6,2,6,5,0.8333333333333334,0.4505612088663046,0.6500224216483541
R_000446,11,0.0044,7.192856641757503e-05,0,1565,2,1565,7,2,5,6,0.8571428571428571,0.410116318288409,0.5916727785823274
R_000447,7,0.0028,4.529215984727801e-05,0,1505,7,1505,5,1,4,5,1.0,-0.0,0.0
R_000448,1,0.0004,1.7256088318336655e-05,0,3102,6,1531,5,1,2,5,1.0,-0.0,0.0
R_000449,9,0.0036,5.924819115329592e-05,0,1550,5,1550,6,1,0,6,1.0,-0.0,0.0
R_000450,11,0.0044,6.682243982170533e-05,0,1559,4,1559,8,1,1,8,1.0,-0.0,0.0
R_000451,6,0.0024,4.347044151792139e-05,0,1550,5,1550,6,1,0,6,1.0,-0.0,0.0
R_000452,10,0.004,6.045055643518303e-05,0,3102,6,1531,7,1,2,7,1.0,-0.0,0.0
R_000453,28,0.0112,0.00015935219841177413,0,1550,5,1550,8,1,0,8,1.0,-0.0,0.0
R_000454,2,0.0008,2.1770672732046122e-05,0,3102,1,1571,8,3,7,6,0.75,0.7356219397587946,0.6695919455357792
R_000455,5,0.002,3.721471353612869e-05,0,1562,3,1562,5,1,6,5,1.0,-0.0,0.0
R_000456,14,0.0056,8.132268787827106e-05,0,1559,4,1559,7,1,1,7,1.0,-0.0,0.0
R_000457,4,0.0016,3.295908547098411e-05,0,1628,0,1628,8,1,3,8,1.0,-0.0,0.0
R_000458,6,0.0024,4.237932511559347e-05,0,1559,4,1559,5,1,1,5,1.0,-0.0,0.0
R_000459,10,0.004,6.665290947380012e-05,0,1565,2,1565,8,2,5,7,0.875,0.3767701612564367,0.5435644431995964
R_000460,10,0.004,5.961471143181425e-05,0,1505,7,1505,7,1,4,7,1.0,-0.0,0.0
R_000461,4,0.0016,3.151263283803291e-05,0,1505,7,1505,7,1,4,7,1.0,-0.0,0.0
R_000462,8,0.0032,4.959053477699962e-05,0,3102,1,1571,6,2,7,5,0.8333333333333334,0.4505612088663046,0.6500224216483541
R_000463,6,0.0024,4.119935722834781e-05,0,3102,6,1531,5,1,2,5,1.0,-0.0,0.0
R_000464,3,0.0012,2.6262326850582312e-05,0,1505,7,1505,7,1,4,7,1.0,-0.0,0.0
R_000465,7,0.0028,4.876267548969378e-05,0,1550,5,1550,8,1,0,8,1.0,-0.0,0.0
R_000466,4,0.0016,3.208190752534022e-05,0,1562,3,1562,6,3,6,4,0.6666666666666666,0.8675632284814612,0.7896900821428474
R_000467,12,0.0048,7.412198669175105e-05,0,1628,0,1628,7,1,3,7,1.0,-0.0,0.0
R_000468,2,0.0008,2.2768411486937087e-05,0,1550,5,1550,5,1,0,5,1.0,-0.0,0.0
R_000469,9,0.0036,5.718919438260812e-05,0,1559,4,1559,7,1,1,7,1.0,-0.0,0.0
R_000470,3,0.0012,2.866624699244627e-05,0,1565,2,1565,5,1,5,5,1.0,-0.0,0.0
R_000471,6,0.0024,4.084925394718233e-05,0,3102,6,1531,5,1,2,5,1.0,-0.0,0.0
R_000472,7,0.0028,4.8837658849700654e-05,0,1628,0,1628,8,1,3,8,1.0,-0.0,0.0
R_000473,7,0.0028,4.768006223554441e-05,0,1628,0,1628,5,1,3,5,1.0,-0.0,0.0
R_000474,8,0.0032,5.337355220907654e-05,0,1628,0,1628,6,1,3,6,1.0,-0.0,0.0
R_000475,7,0.0028,4.7859654100227016e-05,0,1562,3,1562,7,2,6,6,0.8571428571428571,0.410116318288409,0.5916727785823274
R_000476,6,0.0024,4.022207709107826e-05,0,1505,7,1505,6,1,4,6,1.0,-0.0,0.0
R_000477,12,0.0048,7.194098290306633e-05,0,1559,4,1559,7,1,1,7,1.0,-0.0,0.0
R_000478,4,0.0016,3.243132723126587e-05,0,1628,0,1628,6,1,3,6,1.0,-0.0,0.0
R_000479,11,0.0044,6.624467663862864e-05,0,1559,4,1559,8,1,1,8,1.0,-0.0,0.0
R_000480,3,0.0012,2.7002297457006817e-05,0,3102,6,1531,5,1,2,5,1.0,-0.0,0.0
R_000481,4,0.0016,3.1558892936511514e-05,0,3102,6,1531,6,1,2,6,1.0,-0.0,0.0
R_000482,7,0.0028,4.81350639783061e-05,0,1628,0,1628,6,1,3,6,1.0,-0.0,0.0
R_000483,10,0.004,5.9233848649970996e-05,0,3102,1,1571,6,2,7,5,0.8333333333333334,0.4505612088663046,0.6500224216483541
R_000484,8,0.0032,5.3275012769585845e-05,0,1628,0,1628,8,1,3,8,1.0,-0.0,0.0
R_000485,14,0.0056,8.265528635625708e-05,0,1562,3,1562,8,3,6,6,0.75,0.7356219397587946,0.6695919455357792
R_000486,9,0.0036,5.500931110671624e-05,0,3102,6,1531,8,1,2,8,1.0,-0.0,0.0
R_000487,14,0.0056,7.826927787914215e-05,0,3102,6,1531,8,1,2,8,1.0,-0.0,0.0
R_000488,5,0.002,3.7341147692681924e-05,0,1559,4,1559,5,1,1,5,1.0,-0.0,0.0
R_000489,13,0.0052,7.445356733853028e-05,0,3102,1,1571,7,3,7,5,0.7142857142857143,0.796311640173813,0.7248340915057598
R_000490,9,0.0036,5.6749236386112976e-05,0,1562,3,1562,7,2,6,6,0.8571428571428571,0.410116318288409,0.5916727785823274
R_000491,6,0.0024,4.493032493704471e-05,0,1565,2,1565,7,2,5,6,0.8571428571428571,0.410116318288409,0.5916727785823274
R_000492,7,0.0028,4.799719259244716e-05,0,1628,0,1628,5,1,3,5,1.0,-0.0,0.0
R_000493,3,0.0012,2.726814533580634e-05,0,1559,4,1559,6,1,1,6,1.0,-0.0,0.0
R_000494,9,0.0036,5.727547213938538e-05,0,1559,4,1559,7,1,1,7,1.0,-0.0,0.0
R_000495,7,0.0028,4.7724058712977865e-05,0,1628,0,1628,8,1,3,8,1.0,-0.0,0.0
R_000496,6,0.0024,4.623481526326849e-05,0,1565,2,1565,8,2,5,7,0.875,0.3767701612564367,0.5435644431995964
R_000497,6,0.0024,4.4712562952270054e-05,0,1565,2,1565,5,2,5,4,0.8,0.5004024235381879,0.7219280948873623
R_000498,8,0.0032,5.0096810540838586e-05,0,3102,6,1531,7,1,2,7,1.0,-0.0,0.0
R_000499,5,0.002,3.5787449939010435e-05,0,1505,7,1505,6,1,4,6,1.0,-0.0,0.0
R_000500,10,0.004,6.721010117911007e-05,0,1565,2,1565,6,1,5,6,1.0,-0.0,0.0
R_000501,14,0.0056,8.560392777507122e-05,0,1550,5,1550,8,1,0,8,1.0,-0.0,0.0
R_000502,6,0.0024,4.380051230459156e-05,0,1550,5,1550,5,1,0,5,1.0,-0.0,0.0
R_000503,9,0.0036,5.7306460883061814e-05,0,1562,3,1562,8,3,6,6,0.75,0.7356219397587946,0.6695919455357792
R_000504,10,0.004,6.2772235573003e-05,0,1559,4,1559,8,1,1,8,1.0,-0.0,0.0
R_000505,6,0.0024,4.2231081862114895e-05,0,1628,0,1628,5,1,3,5,1.0,-0.0,0.0
R_000506,4,0.0016,3.168224980708057e-05,0,3102,6,1531,6,1,2,6,1.0,-0.0,0.0
R_000507,5,0.002,3.712289297730346e-05,0,1562,3,1562,5,2,6,4,0.8,0.5004024235381879,0.7219280948873623
R_000508,5,0.002,3.735150297483614e-05,0,1559,4,1559,7,1,1,7,1.0,-0.0,0.0
R_000509,4,0.0016,3.1453880552864834e-05,0,3102,1,1571,6,4,2,2,0.3333333333333333,1.3296613488547582,0.9591479170272448
R_000510,12,0.0048,6.854757813923982e-05,0,3102,6,1531,8,1,2,8,1.0,-0.0,0.0
R_000511,8,0.0032,5.33571527196213e-05,0,1628,0,1628,5,1,3,5,1.0,-0.0,0.0
R_000512,10,0.004,5.9660889534668745e-05,0,3102,1,1571,6,4,7,3,0.5,1.242453324894,0.8962406251802889
R_000513,5,0.002,3.5806585574821e-05,0,1505,7,1505,6,1,4,6,1.0,-0.0,0.0
R_000514,5,0.002,3.575180785296291e-05,0,3102,1,1571,7,3,7,4,0.5714285714285714,0.9556998911125344,0.8699155297736259
R_000515,5,0.002,3.577851243596773e-05,0,1505,7,1505,5,1,4,5,1.0,-0.0,0.0
R_000516,2,0.0008,2.240329502491919e-05,0,1628,0,1628,6,1,3,6,1.0,-0.0,0.0
R_000517,12,0.0048,7.30920112706734e-05,0,1628,0,1628,7,1,3,7,1.0,-0.0,0.0
R_000518,6,0.0024,4.223154793727858e-05,0,1559,4,1559,6,1,1,6,1.0,-0.0,0.0
R_000519,5,0.002,3.952229858409035e-05,0,1565,2,1565,7,2,5,6,0.8571428571428571,0.410116318288409,0.5916727785823274
R_000520,7,0.0028,4.5965753195226706e-05,0,3102,6,1531,8,1,2,8,1.0,-0.0,0.0
R_000521,7,0.0028,4.71581454772328e-05,0,1562,3,1562,6,3,6,4,0.6666666666666666,0.8675632284814612,0.7896900821428474
R_000522,5,0.002,3.7803372536076745e-05,0,1628,0,1628,7,1,3,7,1.0,-0.0,0.0
R_000523,3,0.0012,2.6618978852151347e-05,0,3102,1,1571,5,3,7,3,0.6,0.9502705392332348,0.8649735207179272
R_000524,5,0.002,3.820646867099398e-05,0,1550,5,1550,6,1,0,6,1.0,-0.0,0.0
R_000525,11,0.0044,6.468575551437823e-05,0,1505,7,1505,8,1,4,8,1.0,-0.0,0.0
R_000526,9,0.0036,5.4943265552220186e-05,0,3102,6,1531,6,1,2,6,1.0,-0.0,0.0
R_000527,3,0.0012,2.729323877053638e-05,0,1559,4,1559,5,1,1,5,1.0,-0.0,0.0
R_000528,17,0.0068,9.386100065518032e-05,0,3102,6,1531,7,1,2,7,1.0,-0.0,0.0
R_000529,5,0.002,3.7824305587151174e-05,0,1562,3,1562,5,1,6,5,1.0,-0.0,0.0
R_000530,10,0.004,6.438856169774865e-05,0,1550,5,1550,6,1,0,6,1.0,-0.0,0.0
R_000531,18,0.0072,0.00010593304224588813,0,1550,5,1550,6,1,0,6,1.0,-0.0,0.0
R_000532,4,0.0016,3.135572746859618e-05,0,3102,6,1531,5,1,2,5,1.0,-0.0,0.0
R_000533,10,0.004,5.909777620661637e-05,0,3102,6,1531,8,1,2,8,1.0,-0.0,0.0
R_000534,5,0.002,3.788748572486864e-05,0,1562,3,1562,5,1,6,5,1.0,-0.0,0.0
R_000535,4,0.0016,3.1562402022835764e-05,0,3102,1,1571,5,3,7,3,0.6,0.9502705392332348,0.8649735207179272
R_000536,25,0.01,0.00013706860567280136,0,1562,3,1562,7,2,6,6,0.8571428571428571,0.410116318288409,0.5916727785823274
R_000537,5,0.002,3.6616349572116584e-05,0,1505,7,1505,7,1,4,7,1.0,-0.0,0.0
R_000538,9,0.0036,5.547216154445239e-05,0,3102,1,1571,7,4,7,3,0.4285714285714285,1.277034259466139,0.9211854965885544
R_000539,6,0.0024,4.354196731962375e-05,0,1550,5,1550,6,1,0,6,1.0,-0.0,0.0
R_000540,8,0.0032,5.222861315086841e-05,0,1559,4,1559,8,1,1,8,1.0,-0.0,0.0
R_000541,3,0.0012,2.8865416511419215e-05,0,1565,2,1565,5,2,5,4,0.8,0.5004024235381879,0.7219280948873623
R_000542,3,0.0012,2.865711037096899e-05,0,1565,2,1565,5,1,5,5,1.0,-0.0,0.0
R_000543,5,0.002,3.8662348933362236e-05,0,1565,2,1565,6,2,5,5,0.8333333333333334,0.4505612088663046,0.6500224216483541
R_000544,9,0.0036,5.452483680860171e-05,0,1505,7,1505,6,1,4,6,1.0,-0.0,0.0
R_000545,8,0.0032,5.2132600369387066e-05,0,1559,4,1559,7,1,1,7,1.0,-0.0,0.0
R_000546,6,0.0024,4.251166503553261e-05,0,1562,3,1562,5,2,6,4,0.8,0.5004024235381879,0.7219280948873623
R_000547,16,0.0064,9.928317857623102e-05,0,1565,2,1565,8,2,5,7,0.875,0.3767701612564367,0.5435644431995964
R_000548,12,0.0048,7.849775626325415e-05,0,1565,2,1565,8,2,5,7,0.875,0.3767701612564367,0.5435644431995964
R_000549,6,0.0024,4.219338291137508e-05,0,1562,3,1562,6,1,6,6,1.0,-0.0,0.0
R_000550,8,0.0032,5.0487060960698796e-05,0,3102,6,1531,7,1,2,7,1.0,-0.0,0.0
R_000551,11,0.0044,6.452450039387218e-05,0,1505,7,1505,8,1,4,8,1.0,-0.0,0.0
R_000552,5,0.002,3.647503789011172e-05,0,3102,6,1531,5,1,2,5,1.0,-0.0,0.0
R_000553,2,0.0008,2.1726015375504586e-05,0,3102,6,1531,7,1,2,7,1.0,-0.0,0.0
R_000554,7,0.0028,4.6382285221713615e-05,0,3102,6,1531,6,1,2,6,1.0,-0.0,0.0
R_000555,6,0.0024,4.224688934857071e-05,0,1562,3,1562,5,2,6,4,0.8,0.5004024235381879,0.7219280948873623
R_000556,4,0.0016,3.225791472469008e-05,0,1562,3,1562,7,3,6,5,0.7142857142857143,0.796311640173813,0.7248340915057598
R_000557,6,0.0024,4.462491407884931e-05,0,1565,2,1565,7,2,5,6,0.8571428571428571,0.410116318288409,0.5916727785823274
R_000558,8,0.0032,5.154473631577412e-05,0,1559,4,1559,8,1,1,8,1.0,-0.0,0.0
R_000559,6,0.0024,4.270360983191784e-05,0,1562,3,1562,5,3,6,3,0.6,0.9502705392332348,0.8649735207179272
R_000560,9,0.0036,5.791650478960149e-05,0,1628,0,1628,6,1,3,6,1.0,-0.0,0.0
R_000561,4,0.0016,3.250269980749577e-05,0,1628,0,1628,7,1,3,7,1.0,-0.0,0.0
R_000562,4,0.0016,3.14202176343476e-05,0,1505,7,1505,5,1,4,5,1.0,-0.0,0.0
R_000563,4,0.0016,3.238353130567942e-05,0,1559,4,1559,5,1,1,5,1.0,-0.0,0.0
R_000564,1,0.0004,1.7340697015049743e-05,0,3102,6,1531,5,1,2,5,1.0,-0.0,0.0
R_000565,3,0.0012,2.6515837651348125e-05,0,1505,7,1505,6,1,4,6,1.0,-0.0,0.0
R_000566,8,0.0032,5.4110487802628255e-05,0,1550,5,1550,6,1,0,6,1.0,-0.0,0.0
R_000567,5,0.002,3.783393111433284e-05,0,1628,0,1628,8,1,3,8,1.0,-0.0,0.0
R_000568,7,0.0028,5.0936086910579375e-05,0,1565,2,1565,7,2,5,6,0.8571428571428571,0.410116318288409,0.5916727785823274
R_000569,12,0.0048,7.339491142017298e-05,0,1562,3,1562,8,2,6,7,0.875,0.3767701612564367,0.5435644431995964
R_000570,4,0.0016,3.269932208894469e-05,0,1628,0,1628,5,1,3,5,1.0,-0.0,0.0
R_000571,6,0.0024,4.173548092585626e-05,0,1559,4,1559,8,1,1,8,1.0,-0.0,0.0
R_000572,15,0.006,8.353668460708854e-05,0,3102,1,1571,8,3,7,5,0.625,0.9002560512685369,0.8194483718728035
R_000573,9,0.0036,5.7831577767697017e-05,0,1628,0,1628,6,1,3,6,1.0,-0.0,0.0
R_000574,10,0.004,6.751212271603591e-05,0,1565,2,1565,8,2,5,7,0.875,0.3767701612564367,0.5435644431995964
R_000575,11,0.0044,6.907548966727251e-05,0,1628,0,1628,8,1,3,8,1.0,-0.0,0.0
R_000576,7,0.0028,4.7640806183443724e-05,0,1562,3,1562,6,2,6,5,0.8333333333333334,0.4505612088663046,0.6500224216483541
R_000577,5,0.002,3.760921229364053e-05,0,1628,0,1628,6,1,3,6,1.0,-0.0,0.0
R_000578,3,0.0012,2.6538027079485012e-05,0,3102,1,1571,5,3,7,3,0.6,0.9502705392332348,0.8649735207179272
R_000579,7,0.0028,4.913591805887607e-05,0,1550,5,1550,8,1,0,8,1.0,-0.0,0.0
R_000580,15,0.006,8.842708521386348e-05,0,1628,0,1628,7,1,3,7,1.0,-0.0,0.0
R_000581,11,0.0044,6.924169542143207e-05,0,1628,0,1628,6,1,3,6,1.0,-0.0,0.0
R_000582,8,0.0032,4.995221880176892e-05,0,1505,7,1505,7,1,4,7,1.0,-0.0,0.0
R_000583,8,0.0032,4.997965923444206e-05,0,3102,1,1571,6,2,7,5,0.8333333333333334,0.4505612088663046,0.6500224216483541
R_000584,8,0.0032,5.2084624164700466e-05,0,1562,3,1562,7,3,6,5,0.7142857142857143,0.796311640173813,0.7248340915057598
R_000585,12,0.0048,6.904545496186548e-05,0,3102,1,1571,6,3,7,3,0.5,1.0114042647073518,0.920619835714305
R_000586,4,0.0016,3.169743618618418e-05,0,3102,6,1531,6,1,2,6,1.0,-0.0,0.0
R_000587,5,0.002,3.5918577081025365e-05,0,1505,7,1505,6,1,4,6,1.0,-0.0,0.0
R_000588,12,0.0048,7.462208339295715e-05,0,1628,0,1628,6,1,3,6,1.0,-0.0,0.0
R_000589,4,0.0016,3.186983045031872e-05,0,3102,1,1571,5,3,7,3,0.6,0.9502705392332348,0.8649735207179272
R_000590,3,0.0012,2.769128992250258e-05,0,1628,0,1628,5,1,3,5,1.0,-0.0,0.0
R_000591,9,0.0036,5.772644631260326e-05,0,1628,0,1628,7,1,3,7,1.0,-0.0,0.0
R_000592,5,0.002,3.718528468638399e-05,0,1559,4,1559,5,1,1,5,1.0,-0.0,0.0
R_000593,7,0.0028,4.843139409932404e-05,0,1628,0,1628,8,1,3,8,1.0,-0.0,0.0
R_000594,9,0.0036,5.581767155038203e-05,0,3102,1,1571,8,4,7,5,0.625,1.073542846408523,0.7743974703476992
R_000595,13,0.0052,7.408225604490009e-05,0,3102,1,1571,7,3,7,4,0.5714285714285714,0.9556998911125344,0.8699155297736259
R_000596,13,0.0052,8.250291299820708e-05,0,1565,2,1565,7,2,5,6,0.8571428571428571,0.410116318288409,0.5916727785823274
R_000597,7,0.0028,4.624548945849652e-05,0,3102,1,1571,5,3,7,3,0.6,0.9502705392332348,0.8649735207179272
R_000598,6,0.0024,4.049497792138283e-05,0,3102,6,1531,6,1,2,6,1.0,-0.0,0.0
R_000599,2,0.0008,2.1647916070862316e-05,0,1505,7,1505,5,1,4,5,1.0,-0.0,0.0
R_000600,11,0.0044,6.981791814193348e-05,0,1628,0,1628,7,1,3,7,1.0,-0.0,0.0
R_000601,5,0.002,3.5938791771699576e-05,0,3102,1,1571,5,2,7,4,0.8,0.5004024235381879,0.7219280948873623
R_000602,7,0.0028,4.7584136492274294e-05,0,1628,0,1628,6,1,3,6,1.0,-0.0,0.0
R_000603,7,0.0028,4.903812354459354e-05,0,1550,5,1550,8,1,0,8,1.0,-0.0,0.0
R_000604,4,0.0016,3.1225834209404916e-05,0,3102,1,1571,5,2,7,3,0.6,0.6730116670092565,0.9709505944546688
R_000605,24,0.0096,0.0001387697101307356,0,1550,5,1550,7,1,0,7,1.0,-0.0,0.0
R_000606,24,0.0096,0.00012558414264109532,0,3102,1,1571,8,4,7,5,0.625,1.073542846408523,0.7743974703476992
R_000607,5,0.002,3.7992378963119814e-05,0,1562,3,1562,8,3,6,6,0.75,0.7356219397587946,0.6695919455357792
R_000608,6,0.0024,4.1209989799149555e-05,0,3102,6,1531,6,1,2,6,1.0,-0.0,0.0
R_000609,8,0.0032,4.996404423732093e-05,0,3102,6,1531,7,1,2,7,1.0,-0.0,0.0
R_000610,8,0.0032,5.516749388113268e-05,0,1565,2,1565,8,2,5,7,0.875,0.3767701612564367,0.5435644431995964
R_000611,25,0.01,0.00014405489014487395,0,1550,5,1550,7,1,0,7,1.0,-0.0,0.0
R_000612,3,0.0012,2.7491800843794754e-05,0,1562,3,1562,8,3,6,6,0.75,0.7356219397587946,0.6695919455357792
R_000613,10,0.004,5.965553101825825e-05,0,3102,6,1531,5,1,2,5,1.0,-0.0,0.0
R_000614,10,0.004,6.739980036616684e-05,0,1565,2,1565,8,2,5,7,0.875,0.3767701612564367,0.5435644431995964
R_000615,3,0.0012,2.6413198345012228e-05,0,1505,7,1505,6,1,4,6,1.0,-0.0,0.0
R_000616,3,0.0012,2.6624997368002126e-05,0,3102,1,1571,5,3,7,3,0.6,0.9502705392332348,0.8649735207179272
R_000617,6,0.0024,4.524704275208497e-05,0,1565,2,1565,7,2,5,6,0.8571428571428571,0.410116318288409,0.5916727785823274
R_000618,9,0.0036,5.692549727558526e-05,0,1562,3,1562,6,2,6,5,0.8333333333333334,0.4505612088663046,0.6500224216483541
R_000619,8,0.0032,5.008905866789422e-05,0,3102,1,1571,8,3,7,5,0.625,0.9002560512685369,0.8194483718728035
R_000620,6,0.0024,4.365994392299911e-05,0,1628,0,1628,7,1,3,7,1.0,-0.0,0.0
R_000621,16,0.0064,9.198835195189084e-05,0,1559,4,1559,8,1,1,8,1.0,-0.0,0.0
R_000622,5,0.002,3.601737934769745e-05,0,1505,7,1505,6,1,4,6,1.0,-0.0,0.0
R_000623,12,0.0048,7.455426143042634e-05,0,1550,5,1550,8,1,0,8,1.0,-0.0,0.0
R_000624,8,0.0032,5.6282410885691676e-05,0,1565,2,1565,8,1,5,8,1.0,-0.0,0.0
R_000625,19,0.0076,0.00010928103482490648,0,1628,0,1628,8,1,3,8,1.0,-0.0,0.0
R_000626,9,0.0036,5.5244910107755565e-05,0,3102,6,1531,6,1,2,6,1.0,-0.0,0.0
R_000627,3,0.0012,2.8370575351142225e-05,0,1550,5,1550,6,1,0,6,1.0,-0.0,0.0
R_000628,11,0.0044,6.620319526878915e-05,0,3102,1,1571,8,4,7,4,0.5,1.2130075659799042,0.875
R_000629,12,0.0048,7.340843070903529e-05,0,1628,0,1628,7,1,3,7,1.0,-0.0,0.0
R_000630,10,0.004,5.9676199557729624e-05,0,3102,1,1571,6,4,2,2,0.3333333333333333,1.3296613488547582,0.9591479170272448
R_000631,8,0.0032,5.322349442332663e-05,0,1559,4,1559,5,1,1,5,1.0,-0.0,0.0
R_000632,8,0.0032,5.039706726981111e-05,0,3102,6,1531,5,1,2,5,1.0,-0.0,0.0
R_000633,3,0.0012,2.67212097293889e-05,0,3102,6,1531,5,1,2,5,1.0,-0.0,0.0
R_000634,8,0.0032,5.1919803363477476e-05,0,1562,3,1562,7,2,6,6,0.8571428571428571,0.410116318288409,0.5916727785823274
R_000635,8,0.0032,5.3347456817957264e-05,0,1628,0,1628,7,1,3,7,1.0,-0.0,0.0
R_000636,10,0.004,5.967888258836666e-05,0,1505,7,1505,7,1,4,7,1.0,-0.0,0.0
R_000637,8,0.0032,5.378518804735382e-05,0,1628,0,1628,8,1,3,8,1.0,-0.0,0.0
R_000638,9,0.0036,5.4835880126655576e-05,0,1505,7,1505,7,1,4,7,1.0,-0.0,0.0
R_000639,7,0.0028,5.0160119514484634e-05,0,1565,2,1565,6,2,5,5,0.8333333333333334,0.4505612088663046,0.6500224216483541
R_000640,5,0.002,4.0176073088514654e-05,0,1565,2,1565,5,2,5,4,0.8,0.5004024235381879,0.7219280948873623
R_000641,9,0.0036,5.498812978277352e-05,0,3102,6,1531,7,1,2,7,1.0,-0.0,0.0
R_000642,4,0.0016,3.278289574107403e-05,0,1562,3,1562,7,2,6,6,0.8571428571428571,0.410116318288409,0.5916727785823274
R_000643,6,0.0024,4.3120434391196205e-05,0,1628,0,1628,6,1,3,6,1.0,-0.0,0.0
R_000644,2,0.0008,2.1824794166127113e-05,0,3102,1,1571,5,3,7,3,0.6,0.9502705392332348,0.8649735207179272
R_000645,13,0.0052,7.268263399693607e-05,0,3102,1,1571,7,3,7,5,0.7142857142857143,0.796311640173813,0.7248340915057598
R_000646,16,0.0064,9.283545151414611e-05,0,1562,3,1562,8,3,6,6,0.75,0.7356219397587946,0.6695919455357792
R_000647,6,0.0024,4.2038877078346074e-05,0,1559,4,1559,5,1,1,5,1.0,-0.0,0.0
R_000648,5,0.002,3.6028385598529155e-05,0,1505,7,1505,6,1,4,6,1.0,-0.0,0.0
R_000649,4,0.0016,3.275831983937966e-05,0,1628,0,1628,5,1,3,5,1.0,-0.0,0.0
R_000650,7,0.0028,4.688172606624936e-05,0,1559,4,1559,5,1,1,5,1.0,-0.0,0.0
R_000651,6,0.0024,4.263065321267575e-05,0,1628,0,1628,7,1,3,7,1.0,-0.0,0.0
R_000652,14,0.0056,8.222279884646646e-05,0,1559,4,1559,6,1,1,6,1.0,-0.0,0.0
R_000653,9,0.0036,6.135903417712705e-05,0,1565,2,1565,7,2,5,6,0.8571428571428571,0.410116318288409,0.5916727785823274
R_000654,5,0.002,3.690031673706705e-05,0,1562,3,1562,5,3,6,3,0.6,0.9502705392332348,0.8649735207179272
R_000655,8,0.0032,5.67508800940058e-05,0,1565,2,1565,7,2,5,6,0.8571428571428571,0.410116318288409,0.5916727785823274
R_000656,17,0.0068,9.85945390999037e-05,0,1628,0,1628,6,1,3,6,1.0,-0.0,0.0
R_000657,10,0.004,6.325554374081205e-05,0,1562,3,1562,7,2,6,6,0.8571428571428571,0.410116318288409,0.5916727785823274
R_000658,9,0.0036,5.7037746362255524e-05,0,1559,4,1559,7,1,1,7,1.0,-0.0,0.0
R_000659,6,0.0024,4.1425305087971905e-05,0,3102,1,1571,8,4,7,4,0.5,1.2130075659799042,0.875
R_000660,4,0.0016,3.126698601495578e-05,0,3102,1,1571,5,2,7,4,0.8,0.5004024235381879,0.7219280948873623
R_000661,4,0.0016,3.203554806301874e-05,0,1559,4,1559,6,1,1,6,1.0,-0.0,0.0
R_000662,9,0.0036,5.959412134754461e-05,0,1550,5,1550,7,1,0,7,1.0,-0.0,0.0
R_000663,9,0.0036,5.716913136268995e-05,0,1559,4,1559,7,1,1,7,1.0,-0.0,0.0
R_000664,11,0.0044,6.881966187467096e-05,0,1628,0,1628,8,1,3,8,1.0,-0.0,0.0
R_000665,8,0.0032,5.585583694319358e-05,0,1565,2,1565,7,2,5,6,0.8571428571428571,0.410116318288409,0.5916727785823274
R_000666,4,0.0016,3.319991785487573e-05,0,1550,5,1550,6,1,0,6,1.0,-0.0,0.0
R_000667,3,0.0012,2.6762087726913447e-05,0,3102,6,1531,5,1,2,5,1.0,-0.0,0.0
R_000668,11,0.0044,6.756258692138056e-05,0,1559,4,1559,7,1,1,7,1.0,-0.0,0.0
R_000669,7,0.0028,4.7285661678214985e-05,0,1562,3,1562,8,2,6,7,0.875,0.3767701612564367,0.5435644431995964
R_000670,6,0.0024,4.2590659241360846e-05,0,1559,4,1559,5,1,1,5,1.0,-0.0,0.0
R_000671,5,0.002,3.8920740182993876e-05,0,1550,5,1550,5,1,0,5,1.0,-0.0,0.0
R_000672,11,0.0044,6.409722791120044e-05,0,1505,7,1505,7,1,4,7,1.0,-0.0,0.0
R_000673,3,0.0012,2.756622460403234e-05,0,1628,0,1628,5,1,3,5,1.0,-0.0,0.0
R_000674,6,0.0024,4.119909203919794e-05,0,3102,6,1531,6,1,2,6,1.0,-0.0,0.0
R_000675,3,0.0012,2.8131877532468016e-05,0,1550,5,1550,5,1,0,5,1.0,-0.0,0.0
R_000676,8,0.0032,5.017456079271115e-05,0,3102,6,1531,8,1,2,8,1.0,-0.0,0.0
R_000677,10,0.004,6.493807890551207e-05,0,1550,5,1550,8,1,0,8,1.0,-0.0,0.0
R_000678,10,0.004,6.318948275735772e-05,0,1562,3,1562,6,1,6,6,1.0,-0.0,0.0
R_000679,7,0.0028,4.814744812137376e-05,0,1628,0,1628,6,1,3,6,1.0,-0.0,0.0
R_000680,7,0.0028,4.5078209856141624e-05,0,1505,7,1505,7,1,4,7,1.0,-0.0,0.0
R_000681,5,0.002,3.743456939031341e-05,0,1562,3,1562,5,2,6,4,0.8,0.5004024235381879,0.7219280948873623
R_000682,20,0.008,0.00010575819738909423,0,1505,7,1505,8,1,4,8,1.0,-0.0,0.0
R_000683,9,0.0036,5.5858025369854674e-05,0,3102,6,1531,8,1,2,8,1.0,-0.0,0.0
R_000684,5,0.002,3.7045047605907716e-05,0,1562,3,1562,6,2,6,5,0.8333333333333334,0.4505612088663046,0.6500224216483541
R_000685,14,0.0056,8.621092387911728e-05,0,1550,5,1550,7,1,0,7,1.0,-0.0,0.0
R_000686,2,0.0008,2.2787178937206195e-05,0,1550,5,1550,6,1,0,6,1.0,-0.0,0.0
R_000687,7,0.0028,4.522284473703598e-05,0,3102,1,1571,6,3,7,4,0.6666666666666666,0.8675632284814612,0.7896900821428474
R_000688,10,0.004,6.204866813212054e-05,0,1562,3,1562,8,3,6,6,0.75,0.7356219397587946,0.6695919455357792
R_000689,12,0.0048,6.923626013110818e-05,0,1505,7,1505,7,1,4,7,1.0,-0.0,0.0
R_000690,9,0.0036,6.096575900392757e-05,0,1565,2,1565,8,1,5,8,1.0,-0.0,0.0
R_000691,14,0.0056,7.852285135042317e-05,0,1505,7,1505,7,1,4,7,1.0,-0.0,0.0
R_000692,13,0.0052,8.068859078980949e-05,0,1550,5,1550,7,1,0,7,1.0,-0.0,0.0
R_000693,5,0.002,3.73974753630052e-05,0,1559,4,1559,7,1,1,7,1.0,-0.0,0.0
R_000694,6,0.0024,4.40274425596858e-05,0,1550,5,1550,8,1,0,8,1.0,-0.0,0.0
R_000695,4,0.0016,3.460081439941768e-05,0,1565,2,1565,5,1,5,5,1.0,-0.0,0.0
R_000696,4,0.0016,3.272028343278901e-05,0,1550,5,1550,6,1,0,6,1.0,-0.0,0.0
R_000697,13,0.0052,7.683162931701425e-05,0,1559,4,1559,8,1,1,8,1.0,-0.0,0.0
R_000698,13,0.0052,8.044606789683499e-05,0,1550,5,1550,8,1,0,8,1.0,-0.0,0.0
R_000699,2,0.0008,2.228342555160712e-05,0,1559,4,1559,8,1,1,8,1.0,-0.0,0.0
R_000700,7,0.0028,4.59870139972952e-05,0,1505,7,1505,5,1,4,5,1.0,-0.0,0.0
R_000701,7,0.0028,4.7875338369049093e-05,0,1562,3,1562,7,3,6,5,0.7142857142857143,0.796311640173813,0.7248340915057598
R_000702,25,0.01,0.0001484903624033621,0,1565,2,1565,8,1,5,8,1.0,-0.0,0.0
R_000703,7,0.0028,4.917271599434541e-05,0,1550,5,1550,6,1,0,6,1.0,-0.0,0.0
R_000704,11,0.0044,6.418194379020852e-05,0,3102,6,1531,7,1,2,7,1.0,-0.0,0.0
R_000705,10,0.004,6.318978557182972e-05,0,1628,0,1628,8,1,3,8,1.0,-0.0,0.0
R_000706,7,0.0028,4.566043453138317e-05,0,3102,1,1571,7,4,7,3,0.4285714285714285,1.277034259466139,0.9211854965885544
R_000707,9,0.0036,5.770042358085441e-05,0,1562,3,1562,8,2,6,7,0.875,0.3767701612564367,0.5435644431995964
R_000708,2,0.0008,2.3137512225833877e-05,0,1565,2,1565,6,2,5,5,0.8333333333333334,0.4505612088663046,0.6500224216483541
R_000709,4,0.0016,3.194025706963527e-05,0,1559,4,1559,5,1,1,5,1.0,-0.0,0.0
R_000710,4,0.0016,3.128923226543868e-05,0,3102,6,1531,5,1,2,5,1.0,-0.0,0.0
R_000711,5,0.002,3.590806060358928e-05,0,1505,7,1505,5,1,4,5,1.0,-0.0,0.0
R_000712,3,0.0012,2.65634261498299e-05,0,1505,7,1505,5,1,4,5,1.0,-0.0,0.0
R_000713,16,0.0064,9.348852997976497e-05,0,1559,4,1559,8,1,1,8,1.0,-0.0,0.0
R_000714,8,0.0032,5.0176715812809385e-05,0,3102,6,1531,7,1,2,7,1.0,-0.0,0.0
R_000715,5,0.002,3.690571114900205e-05,0,3102,1,1571,5,4,7,2,0.4,1.3321790402101223,0.9609640474436812
R_000716,9,0.0036,5.915668422497824e-05,0,1550,5,1550,8,1,0,8,1.0,-0.0,0.0
R_000717,7,0.0028,4.753826711587547e-05,0,1559,4,1559,5,1,1,5,1.0,-0.0,0.0
R_000718,6,0.0024,4.048886769567165e-05,0,1505,7,1505,7,1,4,7,1.0,-0.0,0.0
R_000719,7,0.0028,4.561499378903901e-05,0,3102,6,1531,6,1,2,6,1.0,-0.0,0.0
R_000720,5,0.002,3.5516671729182745e-05,0,1505,7,1505,6,1,4,6,1.0,-0.0,0.0
R_000721,5,0.002,3.6596507058880615e-05,0,3102,6,1531,6,1,2,6,1.0,-0.0,0.0
R_000722,3,0.0012,2.6581447446326764e-05,0,3102,6,1531,5,1,2,5,1.0,-0.0,0.0
R_000723,3,0.0012,2.719705417696109e-05,0,1562,3,1562,6,2,6,5,0.8333333333333334,0.4505612088663046,0.6500224216483541
R_000724,5,0.002,3.880422593648775e-05,0,1628,0,1628,6,1,3,6,1.0,-0.0,0.0
R_000725,9,0.0036,6.035601624582154e-05,0,1550,5,1550,8,1,0,8,1.0,-0.0,0.0
R_000726,9,0.0036,6.165424471671906e-05,0,1565,2,1565,8,2,5,7,0.875,0.3767701612564367,0.5435644431995964
R_000727,5,0.002,3.853669341194435e-05,0,1550,5,1550,6,1,0,6,1.0,-0.0,0.0
R_000728,27,0.0108,0.0001485687897006175,0,1562,3,1562,8,3,6,6,0.75,0.7356219397587946,0.6695919455357792
R_000729,5,0.002,3.593679713634082e-05,0,3102,6,1531,5,1,2,5,1.0,-0.0,0.0
R_000730,6,0.0024,4.1857113670024154e-05,0,1559,4,1559,8,1,1,8,1.0,-0.0,0.0
R_000731,15,0.006,8.308360873513911e-05,0,3102,1,1571,8,2,7,6,0.75,0.5623351446188083,0.8112781244591328
R_000732,7,0.0028,4.951356237860596e-05,0,1550,5,1550,6,1,0,6,1.0,-0.0,0.0
R_000733,16,0.0064,8.822241119089631e-05,0,1505,7,1505,7,1,4,7,1.0,-0.0,0.0
R_000734,6,0.0024,4.5368771165519304e-05,0,1565,2,1565,5,1,5,5,1.0,-0.0,0.0
R_000735,6,0.0024,4.638053262678506e-05,0,1565,2,1565,6,2,5,5,0.8333333333333334,0.4505612088663046,0.6500224216483541
R_000736,5,0.002,3.9711698046038974e-05,0,1565,2,1565,5,1,5,5,1.0,-0.0,0.0
R_000737,5,0.002,3.53849218940289e-05,0,3102,1,1571,5,3,2,2,0.4,1.0549201679861442,0.9602297178607612
R_000738,3,0.0012,2.7852317981431412e-05,0,1628,0,1628,5,1,3,5,1.0,-0.0,0.0
R_000739,9,0.0036,6.214273985413719e-05,0,1565,2,1565,6,1,5,6,1.0,-0.0,0.0
R_000740,10,0.004,5.9103293844996295e-05,0,3102,1,1571,7,2,7,5,0.7142857142857143,0.5982695885852573,0.8631205685666311
R_000741,6,0.0024,4.304315718344753e-05,0,1628,0,1628,8,1,3,8,1.0,-0.0,0.0
R_000742,7,0.0028,4.5752797863325747e-05,0,1505,7,1505,6,1,4,6,1.0,-0.0,0.0
R_000743,10,0.004,5.8956278261306516e-05,0,3102,1,1571,8,3,7,6,0.75,0.7356219397587946,0.6695919455357792
R_000744,4,0.0016,3.172107519450897e-05,0,1505,7,1505,5,1,4,5,1.0,-0.0,0.0
R_000745,6,0.0024,4.099405411547193e-05,0,3102,6,1531,5,1,2,5,1.0,-0.0,0.0
R_000746,7,0.0028,4.796069955111075e-05,0,1628,0,1628,8,1,3,8,1.0,-0.0,0.0
R_000747,11,0.0044,6.915447883902291e-05,0,1628,0,1628,6,1,3,6,1.0,-0.0,0.0
R_000748,10,0.004,6.424074721518744e-05,0,1550,5,1550,7,1,0,7,1.0,-0.0,0.0
R_000749,5,0.002,3.685849119905855e-05,0,1562,3,1562,6,2,6,5,0.8333333333333334,0.4505612088663046,0.6500224216483541
R_000750,6,0.0024,4.206475299692369e-05,0,1559,4,1559,6,1,1,6,1.0,-0.0,0.0
R_000751,6,0.0024,4.5118949240779103e-05,0,1565,2,1565,7,2,5,6,0.8571428571428571,0.410116318288409,0.5916727785823274
R_000752,15,0.006,9.119592200581394e-05,0,1550,5,1550,8,1,0,8,1.0,-0.0,0.0
R_000753,7,0.0028,4.7656006579106345e-05,0,1628,0,1628,6,1,3,6,1.0,-0.0,0.0
R_000754,16,0.0064,9.945943124914849e-05,0,1565,2,1565,8,2,5,7,0.875,0.3767701612564367,0.5435644431995964
R_000755,6,0.0024,4.3667731920930514e-05,0,1550,5,1550,6,1,0,6,1.0,-0.0,0.0
R_000756,3,0.0012,2.6643065101100104e-05,0,3102,6,1531,5,1,2,5,1.0,-0.0,0.0
R_000757,5,0.002,3.9793248589820166e-05,0,1565,2,1565,5,2,5,4,0.8,0.5004024235381879,0.7219280948873623
R_000758,6,0.0024,4.219461649041668e-05,0,1559,4,1559,6,1,1,6,1.0,-0.0,0.0
R_000759,22,0.0088,0.00012770886807221017,0,1550,5,1550,8,1,0,8,1.0,-0.0,0.0
R_000760,6,0.0024,4.0956902277966316e-05,0,1505,7,1505,6,1,4,6,1.0,-0.0,0.0
R_000761,4,0.0016,3.406221904293287e-05,0,1565,2,1565,5,1,5,5,1.0,-0.0,0.0
R_000762,6,0.0024,4.20897211684357e-05,0,1562,3,1562,8,3,6,6,0.75,0.7356219397587946,0.6695919455357792
R_000763,5,0.002,4.031266356865227e-05,0,1565,2,1565,5,2,5,4,0.8,0.5004024235381879,0.7219280948873623
R_000764,5,0.002,3.5360654309755974e-05,0,1505,7,1505,5,1,4,5,1.0,-0.0,0.0
R_000765,6,0.0024,4.074171694512496e-05,0,3102,1,1571,6,2,7,4,0.6666666666666666,0.6365141682948128,0.9182958340544894
R_000766,3,0.0012,2.7720867344986955e-05,0,1550,5,1550,6,1,0,6,1.0,-0.0,0.0
R_000767,3,0.0012,2.8266219853140105e-05,0,1565,2,1565,6,2,5,5,0.8333333333333334,0.4505612088663046,0.6500224216483541
R_000768,3,0.0012,2.6390879004425863e-05,0,3102,1,1571,6,4,7,3,0.5,1.242453324894,0.8962406251802889
R_000769,7,0.0028,4.791784472959115e-05,0,1559,4,1559,6,1,1,6,1.0,-0.0,0.0
R_000770,10,0.004,5.9136630285943044e-05,0,3102,1,1571,7,4,7,4,0.5714285714285714,1.1537419427010902,0.8322488896002307
R_000771,11,0.0044,6.467747659446904e-05,0,3102,1,1571,8,3,7,5,0.625,0.9002560512685369,0.8194483718728035
R_000772,5,0.002,3.916393067562098e-05,0,1550,5,1550,8,1,0,8,1.0,-0.0,0.0
R_000773,10,0.004,6.499708218038098e-05,0,1550,5,1550,8,1,0,8,1.0,-0.0,0.0
R_000774,3,0.0012,2.8515734392873974e-05,0,1565,2,1565,6,2,5,5,0.8333333333333334,0.4505612088663046,0.6500224216483541
R_000775,5,0.002,3.627610717875636e-05,0,3102,1,1571,5,3,7,3,0.6,0.9502705392332348,0.8649735207179272
R_000776,22,0.0088,0.0001266070913973395,0,1550,5,1550,8,1,0,8,1.0,-0.0,0.0
R_000777,4,0.0016,3.264381549841871e-05,0,1628,0,1628,6,1,3,6,1.0,-0.0,0.0
R_000778,5,0.002,3.797953364849843e-05,0,1628,0,1628,5,1,3,5,1.0,-0.0,0.0
R_000779,3,0.0012,2.647978174255422e-05,0,1505,7,1505,5,1,4,5,1.0,-0.0,0.0
R_000780,7,0.0028,5.100288202023829e-05,0,1565,2,1565,5,1,5,5,1.0,-0.0,0.0
R_000781,6,0.0024,4.346257924305998e-05,0,1550,5,1550,7,1,0,7,1.0,-0.0,0.0
R_000782,10,0.004,6.176979854072753e-05,0,1559,4,1559,8,1,1,8,1.0,-0.0,0.0
R_000783,5,0.002,3.792946949504512e-05,0,1550,5,1550,7,1,0,7,1.0,-0.0,0.0
R_000784,16,0.0064,8.874681008405239e-05,0,3102,1,1571,8,4,7,5,0.625,1.073542846408523,0.7743974703476992
R_000785,7,0.0028,4.692616877260657e-05,0,1562,3,1562,6,2,6,5,0.8333333333333334,0.4505612088663046,0.6500224216483541
R_000786,27,0.0108,0.0001477975381008034,0,1562,3,1562,8,2,6,7,0.875,0.3767701612564367,0.5435644431995964
R_000787,7,0.0028,4.648106002691558e-05,0,3102,6,1531,6,1,2,6,1.0,-0.0,0.0
R_000788,7,0.0028,4.8079921743001666e-05,0,1628,0,1628,6,1,3,6,1.0,-0.0,0.0
R_000789,5,0.002,3.569621285476461e-05,0,3102,1,1571,6,3,7,4,0.6666666666666666,0.8675632284814612,0.7896900821428474
R_000790,6,0.0024,4.05361807858191e-05,0,3102,1,1571,6,3,7,4,0.6666666666666666,0.8675632284814612,0.7896900821428474
R_000791,4,0.0016,3.4221389772322934e-05,0,1565,2,1565,6,1,5,6,1.0,-0.0,0.0
R_000792,6,0.0024,4.2330707265085775e-05,0,1559,4,1559,5,1,1,5,1.0,-0.0,0.0
R_000793,7,0.0028,4.8006442989938556e-05,0,1559,4,1559,7,1,1,7,1.0,-0.0,0.0
R_000794,20,0.008,0.00011820855454024406,0,1550,5,1550,8,1,0,8,1.0,-0.0,0.0
R_000795,6,0.0024,4.1672671213013844e-05,0,1562,3,1562,5,2,6,4,0.8,0.5004024235381879,0.7219280948873623
R_000796,9,0.0036,5.932804798578799e-05,0,1550,5,1550,6,1,0,6,1.0,-0.0,0.0
R_000797,9,0.0036,5.84684735801541e-05,0,1628,0,1628,8,1,3,8,1.0,-0.0,0.0
R_000798,10,0.004,6.029842990210444e-05,0,3102,6,1531,8,1,2,8,1.0,-0.0,0.0
R_000799,5,0.002,3.73349995069868e-05,0,1628,0,1628,6,1,3,6,1.0,-0.0,0.0
R_000800,14,0.0056,8.795717375115474e-05,0,1565,2,1565,7,2,5,6,0.8571428571428571,0.410116318288409,0.5916727785823274
R_000801,10,0.004,5.9388551747437846e-05,0,1505,7,1505,7,1,4,7,1.0,-0.0,0.0
R_000802,3,0.0012,2.775757195825393e-05,0,1550,5,1550,5,1,0,5,1.0,-0.0,0.0
R_000803,8,0.0032,5.345462310729018e-05,0,1628,0,1628,5,1,3,5,1.0,-0.0,0.0
R_000804,3,0.0012,2.736982629317028e-05,0,1559,4,1559,5,1,1,5,1.0,-0.0,0.0
R_000805,4,0.0016,3.414324298365114e-05,0,1565,2,1565,5,1,5,5,1.0,-0.0,0.0
R_000806,6,0.0024,4.0771492099559255e-05,0,1505,7,1505,6,1,4,6,1.0,-0.0,0.0
R_000807,10,0.004,5.997197741096899e-05,0,3102,6,1531,5,1,2,5,1.0,-0.0,0.0
R_000808,13,0.0052,8.28791678875736e-05,0,1565,2,1565,7,2,5,6,0.8571428571428571,0.410116318288409,0.5916727785823274
R_000809,11,0.0044,7.32004854661995e-05,0,1565,2,1565,8,1,5,8,1.0,-0.0,0.0
R_000810,6,0.0024,4.257039305157697e-05,0,1559,4,1559,6,1,1,6,1.0,-0.0,0.0
R_000811,13,0.0052,8.073787694856331e-05,0,1550,5,1550,5,1,0,5,1.0,-0.0,0.0
R_000812,5,0.002,3.596907230578776e-05,0,3102,1,1571,6,2,7,4,0.6666666666666666,0.6365141682948128,0.9182958340544894
R_000813,10,0.004,6.412906610957636e-05,0,1628,0,1628,8,1,3,8,1.0,-0.0,0.0
R_000814,11,0.0044,6.677433206474667e-05,0,1562,3,1562,8,3,6,6,0.75,0.7356219397587946,0.6695919455357792
R_000815,7,0.0028,4.628532322077408e-05,0,3102,1,1571,6,3,7,3,0.5,1.0114042647073518,0.920619835714305
R_000816,9,0.0036,5.405853691471406e-05,0,1505,7,1505,8,1,4,8,1.0,-0.0,0.0
R_000817,3,0.0012,2.656632174499709e-05,0,3102,1,1571,5,3,7,3,0.6,0.9502705392332348,0.8649735207179272
R_000818,14,0.0056,8.015649621424515e-05,0,3102,6,1531,8,1,2,8,1.0,-0.0,0.0
R_000819,13,0.0052,7.422424160362532e-05,0,3102,1,1571,8,3,7,5,0.625,0.9002560512685369,0.8194483718728035
R_000820,6,0.0024,4.358165313874707e-05,0,1550,5,1550,8,1,0,8,1.0,-0.0,0.0
R_000821,5,0.002,3.60777564521383e-05,0,1505,7,1505,5,1,4,5,1.0,-0.0,0.0
R_000822,5,0.002,3.5597239264033694e-05,0,1505,7,1505,5,1,4,5,1.0,-0.0,0.0
R_000823,4,0.0016,3.2911160992857524e-05,0,1628,0,1628,5,1,3,5,1.0,-0.0,0.0
R_000824,3,0.0012,2.8616103116431435e-05,0,1565,2,1565,6,2,5,5,0.8333333333333334,0.4505612088663046,0.6500224216483541
R_000825,8,0.0032,5.008363653034969e-05,0,3102,1,1571,7,3,7,4,0.5714285714285714,0.9556998911125344,0.8699155297736259
R_000826,2,0.0008,2.271327272410436e-05,0,1562,3,1562,5,1,6,5,1.0,-0.0,0.0
R_000827,3,0.0012,2.887878666336002e-05,0,1565,2,1565,5,2,5,4,0.8,0.5004024235381879,0.7219280948873623
R_000828,1,0.0004,1.7212379976972406e-05,0,1559,4,1559,5,1,1,5,1.0,-0.0,0.0
R_000829,8,0.0032,5.002854444403334e-05,0,3102,1,1571,8,3,7,6,0.75,0.7356219397587946,0.6695919455357792
R_000830,12,0.0048,7.043324029171389e-05,0,3102,1,1571,7,2,7,5,0.7142857142857143,0.5982695885852573,0.8631205685666311
R_000831,5,0.002,3.8007001934486145e-05,0,1628,0,1628,5,1,3,5,1.0,-0.0,0.0
R_000832,5,0.002,3.772395853605404e-05,0,1628,0,1628,5,1,3,5,1.0,-0.0,0.0
R_000833,5,0.002,3.638348558912836e-05,0,3102,1,1571,6,3,7,3,0.5,1.0114042647073518,0.920619835714305
R_000834,10,0.004,6.222019432868366e-05,0,1559,4,1559,7,1,1,7,1.0,-0.0,0.0
R_000835,14,0.0056,8.427961238645057e-05,0,1628,0,1628,8,1,3,8,1.0,-0.0,0.0
R_000836,11,0.0044,6.900760449712492e-05,0,1550,5,1550,8,1,0,8,1.0,-0.0,0.0
R_000837,6,0.0024,4.465301053943555e-05,0,1565,2,1565,5,2,5,4,0.8,0.5004024235381879,0.7219280948873623
R_000838,5,0.002,3.5828991828342576e-05,0,1505,7,1505,5,1,4,5,1.0,-0.0,0.0
R_000839,9,0.0036,5.654234258961389e-05,0,1559,4,1559,6,1,1,6,1.0,-0.0,0.0
R_000840,5,0.002,3.708005652267678e-05,0,1562,3,1562,5,2,6,4,0.8,0.5004024235381879,0.7219280948873623
R_000841,11,0.0044,6.722118896160735e-05,0,1559,4,1559,7,1,1,7,1.0,-0.0,0.0
R_000842,4,0.0016,3.246837545271989e-05,0,1628,0,1628,6,1,3,6,1.0,-0.0,0.0
R_000843,5,0.002,3.581150919771891e-05,0,3102,1,1571,6,2,7,5,0.8333333333333334,0.4505612088663046,0.6500224216483541
R_000844,4,0.0016,3.0911254400508664e-05,0,3102,1,1571,5,3,7,3,0.6,0.9502705392332348,0.8649735207179272
R_000845,10,0.004,6.688328495284904e-05,0,1565,2,1565,8,2,5,7,0.875,0.3767701612564367,0.5435644431995964
R_000846,8,0.0032,5.033471421495786e-05,0,1505,7,1505,6,1,4,6,1.0,-0.0,0.0
R_000847,4,0.0016,3.110760487062041e-05,0,1505,7,1505,5,1,4,5,1.0,-0.0,0.0
R_000848,3,0.0012,2.9230651926154048e-05,0,1565,2,1565,5,1,5,5,1.0,-0.0,0.0
R_000849,3,0.0012,2.6495002333430784e-05,0,3102,1,1571,5,4,7,2,0.4,1.3321790402101223,0.9609640474436812
R_000850,3,0.0012,2.7961624611790003e-05,0,1550,5,1550,5,1,0,5,1.0,-0.0,0.0
R_000851,1,0.0004,1.803931646990521e-05,0,1565,2,1565,5,2,5,4,0.8,0.5004024235381879,0.7219280948873623
R_000852,3,0.0012,2.6616851857011448e-05,0,3102,1,1571,6,4,7,3,0.5,1.242453324894,0.8962406251802889
R_000853,5,0.002,3.629253054781391e-05,0,3102,1,1571,5,2,7,4,0.8,0.5004024235381879,0.7219280948873623
R_000854,11,0.0044,7.129480397596629e-05,0,1565,2,1565,7,2,5,6,0.8571428571428571,0.410116318288409,0.5916727785823274
R_000855,9,0.0036,5.4244821343603886e-05,0,1505,7,1505,7,1,4,7,1.0,-0.0,0.0
R_000856,6,0.0024,4.0518881340508855e-05,0,3102,1,1571,5,2,7,4,0.8,0.5004024235381879,0.7219280948873623
R_000857,4,0.0016,3.2692146818185916e-05,0,1550,5,1550,8,1,0,8,1.0,-0.0,0.0
R_000858,12,0.0048,7.1714534893273e-05,0,1562,3,1562,6,3,6,4,0.6666666666666666,0.8675632284814612,0.7896900821428474
R_000859,2,0.0008,2.1732560379278274e-05,0,3102,1,1571,5,2,7,4,0.8,0.5004024235381879,0.7219280948873623
R_000860,8,0.0032,4.9988258245523513e-05,0,1505,7,1505,5,1,4,5,1.0,-0.0,0.0
R_000861,4,0.0016,3.2576975269642234e-05,0,1550,5,1550,5,1,0,5,1.0,-0.0,0.0
R_000862,3,0.0012,2.7981252860811935e-05,0,1628,0,1628,5,1,3,5,1.0,-0.0,0.0
R_000863,13,0.0052,7.742927562658414e-05,0,1559,4,1559,7,1,1,7,1.0,-0.0,0.0
R_000864,7,0.0028,4.5382656869905007e-05,0,3102,1,1571,7,4,7,4,0.5714285714285714,1.1537419427010902,0.8322488896002307
R_000865,4,0.0016,3.230646159659528e-05,0,1559,4,1559,5,1,1,5,1.0,-0.0,0.0
R_000866,12,0.0048,6.951154829803959e-05,0,3102,1,1571,6,2,7,5,0.8333333333333334,0.4505612088663046,0.6500224216483541
R_000867,4,0.0016,3.2528083426619357e-05,0,1559,4,1559,5,1,1,5,1.0,-0.0,0.0
R_000868,6,0.0024,4.103078857653927e-05,0,3102,1,1571,7,3,7,4,0.5714285714285714,0.9556998911125344,0.8699155297736259
R_000869,3,0.0012,2.711764139414858e-05,0,1559,4,1559,5,1,1,5,1.0,-0.0,0.0
R_000870,9,0.0036,5.4785065626245586e-05,0,3102,1,1571,6,2,7,4,0.6666666666666666,0.6365141682948128,0.9182958340544894
R_000871,7,0.0028,4.498307835567206e-05,0,1505,7,1505,7,1,4,7,1.0,-0.0,0.0
R_000872,2,0.0008,2.173818780503729e-05,0,3102,6,1531,5,1,2,5,1.0,-0.0,0.0
R_000873,9,0.0036,5.716598289357516e-05,0,1559,4,1559,7,1,1,7,1.0,-0.0,0.0
R_000874,20,0.008,0.00010635970818243242,0,1505,7,1505,8,1,4,8,1.0,-0.0,0.0
R_000875,18,0.0072,0.0001103940069002177,0,1565,2,1565,8,1,5,8,1.0,-0.0,0.0
R_000876,6,0.0024,4.1941813154237016e-05,0,1562,3,1562,6,2,6,5,0.8333333333333334,0.4505612088663046,0.6500224216483541
R_000877,23,0.0092,0.00012997393784645932,0,1628,0,1628,7,1,3,7,1.0,-0.0,0.0
R_000878,9,0.0036,5.505926582293525e-05,0,3102,1,1571,8,4,7,5,0.625,1.073542846408523,0.7743974703476992
R_000879,7,0.0028,5.056322432776983e-05,0,1565,2,1565,7,2,5,6,0.8571428571428571,0.410116318288409,0.5916727785823274
R_000880,5,0.002,3.9633614324198714e-05,0,1565,2,1565,6,2,5,5,0.8333333333333334,0.4505612088663046,0.6500224216483541
R_000881,0,0.0,1.2023710757614017e-05,1,1,8,1,5,4,7,2,0.4,1.3321790402101223,0.9609640474436812
R_000882,11,0.0044,6.954734044860373e-05,0,1550,5,1550,8,1,0,8,1.0,-0.0,0.0
R_000883,4,0.0016,3.275931837200804e-05,0,1559,4,1559,6,1,1,6,1.0,-0.0,0.0
R_000884,10,0.004,6.464677804654873e-05,0,1550,5,1550,8,1,0,8,1.0,-0.0,0.0
R_000885,5,0.002,3.815772203712067e-05,0,1628,0,1628,5,1,3,5,1.0,-0.0,0.0
R_000886,5,0.002,3.854830872441458e-05,0,1550,5,1550,6,1,0,6,1.0,-0.0,0.0
R_000887,10,0.004,6.022616965975597e-05,0,3102,6,1531,8,1,2,8,1.0,-0.0,0.0
R_000888,4,0.0016,3.40400585895647e-05,0,1565,2,1565,7,2,5,6,0.8571428571428571,0.410116318288409,0.5916727785823274
R_000889,4,0.0016,3.158554526563068e-05,0,3102,6,1531,5,1,2,5,1.0,-0.0,0.0
R_000890,10,0.004,6.673992373161186e-05,0,1565,2,1565,5,1,5,5,1.0,-0.0,0.0
R_000891,6,0.0024,4.484808576723636e-05,0,1565,2,1565,6,1,5,6,1.0,-0.0,0.0
R_000892,4,0.0016,3.472706019369844e-05,0,1565,2,1565,5,1,5,5,1.0,-0.0,0.0
R_000893,15,0.006,8.381911525238793e-05,0,3102,1,1571,8,3,7,5,0.625,0.9002560512685369,0.8194483718728035
R_000894,6,0.0024,4.210767559534893e-05,0,1559,4,1559,7,1,1,7,1.0,-0.0,0.0
R_000895,7,0.0028,4.537867667636286e-05,0,1505,7,1505,7,1,4,7,1.0,-0.0,0.0
R_000896,9,0.0036,5.4702153799496995e-05,0,3102,6,1531,7,1,2,7,1.0,-0.0,0.0
R_000897,8,0.0032,5.291025801020845e-05,0,1562,3,1562,8,3,6,6,0.75,0.7356219397587946,0.6695919455357792
R_000898,7,0.0028,4.946483142548628e-05,0,1550,5,1550,8,1,0,8,1.0,-0.0,0.0
R_000899,3,0.0012,2.870825614231068e-05,0,1565,2,1565,6,2,5,5,0.8333333333333334,0.4505612088663046,0.6500224216483541
R_000900,18,0.0072,0.00010291589281465826,0,1559,4,1559,8,1,1,8,1.0,-0.0,0.0
R_000901,6,0.0024,4.127415955168332e-05,0,1505,7,1505,7,1,4,7,1.0,-0.0,0.0
R_000902,5,0.002,3.573893692109591e-05,0,3102,1,1571,6,3,7,4,0.6666666666666666,0.8675632284814612,0.7896900821428474
R_000903,4,0.0016,3.2039852931353254e-05,0,1559,4,1559,5,1,1,5,1.0,-0.0,0.0
R_000904,9,0.0036,5.52838784855121e-05,0,3102,1,1571,8,3,7,6,0.75,0.7356219397587946,0.6695919455357792
R_000905,12,0.0048,7.773851282425158e-05,0,1565,2,1565,6,1,5,6,1.0,-0.0,0.0
R_000906,1,0.0004,1.789011864124614e-05,0,1565,2,1565,5,1,5,5,1.0,-0.0,0.0
R_000907,5,0.002,3.7175206351206266e-05,0,1559,4,1559,5,1,1,5,1.0,-0.0,0.0
R_000908,26,0.0104,0.00013680560798479474,0,3102,6,1531,8,1,2,8,1.0,-0.0,0.0
R_000909,23,0.0092,0.00012140716064853192,0,3102,1,1571,8,3,7,5,0.625,0.9002560512685369,0.8194483718728035
R_000910,8,0.0032,5.090523557404766e-05,0,3102,6,1531,6,1,2,6,1.0,-0.0,0.0
R_000911,10,0.004,5.9063157826567265e-05,0,1505,7,1505,8,1,4,8,1.0,-0.0,0.0
R_000912,5,0.002,3.6836340191082516e-05,0,1562,3,1562,8,3,6,6,0.75,0.7356219397587946,0.6695919455357792
R_000913,7,0.0028,4.4828586009904554e-05,0,3102,1,1571,5,2,7,4,0.8,0.5004024235381879,0.7219280948873623
R_000914,10,0.004,6.248727488107789e-05,0,1562,3,1562,8,3,6,6,0.75,0.7356219397587946,0.6695919455357792
R_000915,15,0.006,8.460743131248006e-05,0,3102,6,1531,8,1,2,8,1.0,-0.0,0.0
R_000916,7,0.0028,4.657727106583205e-05,0,3102,6,1531,6,1,2,6,1.0,-0.0,0.0
R_000917,4,0.0016,3.236224077285038e-05,0,1562,3,1562,6,3,6,4,0.6666666666666666,0.8675632284814612,0.7896900821428474
R_000918,17,0.0068,0.000101110365384515,0,1550,5,1550,8,1,0,8,1.0,-0.0,0.0
R_000919,4,0.0016,3.172019128810862e-05,0,3102,1,1571,5,3,2,2,0.4,1.0549201679861442,0.9602297178607612
R_000920,5,0.002,3.949367383005924e-05,0,1565,2,1565,8,2,5,7,0.875,0.3767701612564367,0.5435644431995964
R_000921,13,0.0052,7.407610383025817e-05,0,1505,7,1505,8,1,4,8,1.0,-0.0,0.0
R_000922,6,0.0024,4.1859227882182485e-05,0,1559,4,1559,5,1,1,5,1.0,-0.0,0.0
R_000923,10,0.004,6.293739424803186e-05,0,1628,0,1628,8,1,3,8,1.0,-0.0,0.0
R_000924,4,0.0016,3.2688949170072376e-05,0,1559,4,1559,6,1,1,6,1.0,-0.0,0.0
R_000925,4,0.0016,3.260014964786432e-05,0,1628,0,1628,6,1,3,6,1.0,-0.0,0.0
R_000926,4,0.0016,3.237570323785399e-05,0,1562,3,1562,7,3,6,5,0.7142857142857143,0.796311640173813,0.7248340915057598
R_000927,6,0.0024,4.239568874607402e-05,0,1559,4,1559,6,1,1,6,1.0,-0.0,0.0
R_000928,2,0.0008,2.3035172823034172e-05,0,1565,2,1565,5,2,5,4,0.8,0.5004024235381879,0.7219280948873623
R_000929,6,0.0024,4.250265601151071e-05,0,1562,3,1562,6,1,6,6,1.0,-0.0,0.0
R_000930,8,0.0032,5.192617869229637e-05,0,1562,3,1562,7,3,6,5,0.7142857142857143,0.796311640173813,0.7248340915057598
R_000931,8,0.0032,5.3857011835399146e-05,0,1628,0,1628,7,1,3,7,1.0,-0.0,0.0
R_000932,9,0.0036,5.692134589598974e-05,0,1559,4,1559,8,1,1,8,1.0,-0.0,0.0
R_000933,6,0.0024,4.213310880141935e-05,0,1562,3,1562,6,2,6,5,0.8333333333333334,0.4505612088663046,0.6500224216483541
R_000934,1,0.0004,1.69763831696556e-05,0,1505,7,1505,5,1,4,5,1.0,-0.0,0.0
R_000935,6,0.0024,4.4326844911920805e-05,0,1550,5,1550,7,1,0,7,1.0,-0.0,0.0
R_000936,10,0.004,5.988710799299942e-05,0,3102,1,1571,7,2,7,6,0.8571428571428571,0.410116318288409,0.5916727785823274
R_000937,2,0.0008,2.2647050636440748e-05,0,1550,5,1550,5,1,0,5,1.0,-0.0,0.0
R_000938,8,0.0032,5.263931888750571e-05,0,1562,3,1562,8,2,6,7,0.875,0.3767701612564367,0.5435644431995964
R_000939,8,0.0032,5.0984006167149214e-05,0,1505,7,1505,8,1,4,8,1.0,-0.0,0.0
R_000940,6,0.0024,4.1768197170326524e-05,0,1559,4,1559,7,1,1,7,1.0,-0.0,0.0
R_000941,7,0.0028,4.5111847910478127e-05,0,1505,7,1505,6,1,4,6,1.0,-0.0,0.0
R_000942,6,0.0024,4.0805418083315994e-05,0,3102,1,1571,5,3,7,3,0.6,0.9502705392332348,0.8649735207179272
R_000943,10,0.004,6.406068219629417e-05,0,1628,0,1628,7,1,3,7,1.0,-0.0,0.0
R_000944,5,0.002,3.629483070885662e-05,0,3102,6,1531,5,1,2,5,1.0,-0.0,0.0
R_000945,4,0.0016,3.2818563536915656e-05,0,1559,4,1559,5,1,1,5,1.0,-0.0,0.0
R_000946,6,0.0024,4.309397337766745e-05,0,1550,5,1550,7,1,0,7,1.0,-0.0,0.0
R_000947,15,0.006,8.801212761765868e-05,0,1559,4,1559,7,1,1,7,1.0,-0.0,0.0
R_000948,3,0.0012,2.699475756257644e-05,0,1562,3,1562,6,2,6,5,0.8333333333333334,0.4505612088663046,0.6500224216483541
R_000949,9,0.0036,5.517504240778416e-05,0,3102,1,1571,7,4,7,3,0.4285714285714285,1.277034259466139,0.9211854965885544
R_000950,5,0.002,3.8598218802307306e-05,0,1550,5,1550,6,1,0,6,1.0,-0.0,0.0
R_000951,10,0.004,5.926739574877407e-05,0,3102,1,1571,8,4,7,5,0.625,1.073542846408523,0.7743974703476992
R_000952,17,0.0068,9.702702916097564e-05,0,1562,3,1562,8,3,6,6,0.75,0.7356219397587946,0.6695919455357792
R_000953,4,0.0016,3.123555577118243e-05,0,3102,6,1531,7,1,2,7,1.0,-0.0,0.0
R_000954,14,0.0056,8.237761777657558e-05,0,1559,4,1559,8,1,1,8,1.0,-0.0,0.0
R_000955,11,0.0044,6.435562045740094e-05,0,1505,7,1505,7,1,4,7,1.0,-0.0,0.0
R_000956,8,0.0032,5.263771099296775e-05,0,1628,0,1628,7,1,3,7,1.0,-0.0,0.0
R_000957,9,0.0036,5.4589135505757875e-05,0,3102,1,1571,8,4,7,4,0.5,1.2130075659799042,0.875
R_000958,7,0.0028,4.8320549972920136e-05,0,1628,0,1628,7,1,3,7,1.0,-0.0,0.0
R_000959,5,0.002,3.8596510036045205e-05,0,1550,5,1550,6,1,0,6,1.0,-0.0,0.0
R_000960,4,0.0016,3.2398293246447054e-05,0,1628,0,1628,5,1,3,5,1.0,-0.0,0.0
R_000961,6,0.0024,4.47324618666798e-05,0,1565,2,1565,5,1,5,5,1.0,-0.0,0.0
R_000962,7,0.0028,4.9633490951899595e-05,0,1550,5,1550,7,1,0,7,1.0,-0.0,0.0
R_000963,5,0.002,3.527959606255572e-05,0,1505,7,1505,5,1,4,5,1.0,-0.0,0.0
R_000964,10,0.004,5.8963796034710585e-05,0,3102,1,1571,6,2,7,5,0.8333333333333334,0.4505612088663046,0.6500224216483541
R_000965,7,0.0028,5.048502733158887e-05,0,1565,2,1565,6,1,5,6,1.0,-0.0,0.0
R_000966,25,0.01,0.00014089282451546547,0,1628,0,1628,8,1,3,8,1.0,-0.0,0.0
R_000967,6,0.0024,4.2349110701746974e-05,0,1559,4,1559,7,1,1,7,1.0,-0.0,0.0
R_000968,8,0.0032,5.293715749426443e-05,0,1628,0,1628,6,1,3,6,1.0,-0.0,0.0
R_000969,4,0.0016,3.2946797750860514e-05,0,1628,0,1628,6,1,3,6,1.0,-0.0,0.0
R_000970,9,0.0036,5.4656053481264434e-05,0,1505,7,1505,8,1,4,8,1.0,-0.0,0.0
R_000971,11,0.0044,6.832177412214052e-05,0,1628,0,1628,8,1,3,8,1.0,-0.0,0.0
R_000972,17,0.0068,9.855253777953133e-05,0,1562,3,1562,8,2,6,7,0.875,0.3767701612564367,0.5435644431995964
R_000973,4,0.0016,3.271877213740815e-05,0,1628,0,1628,5,1,3,5,1.0,-0.0,0.0
R_000974,10,0.004,6.335790309626785e-05,0,1628,0,1628,6,1,3,6,1.0,-0.0,0.0
R_000975,11,0.0044,7.030067723902959e-05,0,1550,5,1550,8,1,0,8,1.0,-0.0,0.0
R_000976,8,0.0032,5.592461361368882e-05,0,1565,2,1565,6,1,5,6,1.0,-0.0,0.0
R_000977,8,0.0032,5.1748619651647254e-05,0,1559,4,1559,8,1,1,8,1.0,-0.0,0.0
R_000978,16,0.0064,8.713376286207086e-05,0,3102,1,1571,8,4,7,4,0.5,1.2130075659799042,0.875
R_000979,3,0.0012,2.706232181545677e-05,0,1562,3,1562,5,2,6,4,0.8,0.5004024235381879,0.7219280948873623
R_000980,8,0.0032,5.2678268649989224e-05,0,1628,0,1628,5,1,3,5,1.0,-0.0,0.0
R_000981,4,0.0016,3.2175983959972246e-05,0,1562,3,1562,5,2,6,4,0.8,0.5004024235381879,0.7219280948873623
R_000982,7,0.0028,4.7095870332530406e-05,0,1562,3,1562,5,1,6,5,1.0,-0.0,0.0
R_000983,10,0.004,6.256547961094844e-05,0,1562,3,1562,8,3,6,6,0.75,0.7356219397587946,0.6695919455357792
R_000984,6,0.0024,4.254235802017867e-05,0,1628,0,1628,7,1,3,7,1.0,-0.0,0.0
R_000985,2,0.0008,2.169332910185617e-05,0,3102,1,1571,5,4,7,2,0.4,1.3321790402101223,0.9609640474436812
R_000986,7,0.0028,4.926828473800822e-05,0,1628,0,1628,8,1,3,8,1.0,-0.0,0.0
R_000987,9,0.0036,5.802867568332977e-05,0,1628,0,1628,6,1,3,6,1.0,-0.0,0.0
R_000988,4,0.0016,3.401939279948593e-05,0,1565,2,1565,7,2,5,6,0.8571428571428571,0.410116318288409,0.5916727785823274
R_000989,6,0.0024,4.5047176398601866e-05,0,1565,2,1565,5,1,5,5,1.0,-0.0,0.0
R_000990,9,0.0036,5.499995072816696e-05,0,3102,1,1571,8,3,7,5,0.625,0.9002560512685369,0.8194483718728035
R_000991,5,0.002,3.6123258660343035e-05,0,3102,1,1571,6,2,7,5,0.8333333333333334,0.4505612088663046,0.6500224216483541
R_000992,6,0.0024,4.0446849115636255e-05,0,1505,7,1505,6,1,4,6,1.0,-0.0,0.0
R_000993,4,0.0016,3.394479958445487e-05,0,1565,2,1565,5,2,5,4,0.8,0.5004024235381879,0.7219280948873623
R_000994,7,0.0028,4.969217091541237e-05,0,1550,5,1550,7,1,0,7,1.0,-0.0,0.0
R_000995,21,0.0084,0.00011700538512019819,0,1559,4,1559,8,1,1,8,1.0,-0.0,0.0
R_000996,8,0.0032,5.2564858541356064e-05,0,1562,3,1562,5,1,6,5,1.0,-0.0,0.0
R_000997,6,0.0024,4.037419389408502e-05,0,3102,1,1571,6,3,7,4,0.6666666666666666,0.8675632284814612,0.7896900821428474
R_000998,9,0.0036,6.006734072628849e-05,0,1550,5,1550,7,1,0,7,1.0,-0.0,0.0
R_000999,3,0.0012,2.7461524324736928e-05,0,1562,3,1562,5,3,6,3,0.6,0.9502705392332348,0.8649735207179272
R_001000,11,0.0044,6.997514402639654e-05,0,1550,5,1550,7,1,0,7,1.0,-0.0,0.0
R_001001,15,0.006,8.290802476898604e-05,0,1505,7,1505,8,1,4,8,1.0,-0.0,0.0
R_001002,4,0.0016,3.281139964435427e-05,0,1562,3,1562,5,3,6,3,0.6,0.9502705392332348,0.8649735207179272
R_001003,1,0.0004,1.7485280997225433e-05,0,1559,4,1559,6,1,1,6,1.0,-0.0,0.0
R_001004,5,0.002,3.7792496611907406e-05,0,1562,3,1562,5,1,6,5,1.0,-0.0,0.0
R_001005,5,0.002,3.7470290447298806e-05,0,1559,4,1559,5,1,1,5,1.0,-0.0,0.0
R_001006,26,0.0104,0.00014197933241738223,0,1562,3,1562,8,3,6,6,0.75,0.7356219397587946,0.6695919455357792
R_001007,4,0.0016,3.100689539142647e-05,0,3102,6,1531,5,1,2,5,1.0,-0.0,0.0
R_001008,7,0.0028,5.052895323337522e-05,0,1565,2,1565,6,1,5,6,1.0,-0.0,0.0
R_001009,6,0.0024,4.525454211643022e-05,0,1565,2,1565,8,2,5,7,0.875,0.3767701612564367,0.5435644431995964
R_001010,14,0.0056,7.797328997993258e-05,0,3102,1,1571,7,3,7,5,0.7142857142857143,0.796311640173813,0.7248340915057598
R_001011,3,0.0012,2.7858849860839848e-05,0,1550,5,1550,7,1,0,7,1.0,-0.0,0.0
R_001012,3,0.0012,2.7727033767216468e-05,0,1559,4,1559,6,1,1,6,1.0,-0.0,0.0
R_001013,11,0.0044,6.718208390972146e-05,0,1559,4,1559,6,1,1,6,1.0,-0.0,0.0
R_001014,4,0.0016,3.276604959877899e-05,0,1562,3,1562,6,3,6,4,0.6666666666666666,0.8675632284814612,0.7896900821428474
R_001015,10,0.004,5.992312056858713e-05,0,3102,6,1531,6,1,2,6,1.0,-0.0,0.0
R_001016,25,0.01,0.00012938650641888038,0,1505,7,1505,8,1,4,8,1.0,-0.0,0.0
R_001017,9,0.0036,5.69000783140582e-05,0,1562,3,1562,8,2,6,7,0.875,0.3767701612564367,0.5435644431995964
R_001018,7,0.0028,4.548697029178795e-05,0,1505,7,1505,5,1,4,5,1.0,-0.0,0.0
R_001019,11,0.0044,6.455039464089963e-05,0,3102,6,1531,7,1,2,7,1.0,-0.0,0.0
R_001020,8,0.0032,5.121916043819819e-05,0,3102,6,1531,7,1,2,7,1.0,-0.0,0.0
R_001021,13,0.0052,7.725662826781217e-05,0,1559,4,1559,8,1,1,8,1.0,-0.0,0.0
R_001022,37,0.0148,0.00018709171782092752,0,3102,1,1571,8,4,7,4,0.5,1.2130075659799042,0.875
R_001023,6,0.0024,4.514645006838763e-05,0,1565,2,1565,7,1,5,7,1.0,-0.0,0.0
R_001024,7,0.0028,4.5371228411678755e-05,0,3102,6,1531,7,1,2,7,1.0,-0.0,0.0
R_001025,16,0.0064,9.916059602977422e-05,0,1565,2,1565,8,1,5,8,1.0,-0.0,0.0
R_001026,9,0.0036,5.825286966726854e-05,0,1628,0,1628,7,1,3,7,1.0,-0.0,0.0
R_001027,13,0.0052,7.913940787291661e-05,0,1628,0,1628,7,1,3,7,1.0,-0.0,0.0
R_001028,13,0.0052,8.348829784669804e-05,0,1565,2,1565,7,1,5,7,1.0,-0.0,0.0
R_001029,3,0.0012,2.6531151064506635e-05,0,3102,1,1571,6,2,7,4,0.6666666666666666,0.6365141682948128,0.9182958340544894
R_001030,17,0.0068,9.382830273753897e-05,0,3102,6,1531,7,1,2,7,1.0,-0.0,0.0
R_001031,4,0.0016,3.174023845214329e-05,0,3102,1,1571,5,2,7,3,0.6,0.6730116670092565,0.9709505944546688
R_001032,21,0.0084,0.00011304277451829254,0,3102,1,1571,7,4,7,3,0.4285714285714285,1.277034259466139,0.9211854965885544
R_001033,3,0.0012,2.8421670390381524e-05,0,1565,2,1565,5,2,5,4,0.8,0.5004024235381879,0.7219280948873623
R_001034,8,0.0032,4.993803571819307e-05,0,1505,7,1505,7,1,4,7,1.0,-0.0,0.0
R_001035,7,0.0028,4.6682561910895714e-05,0,1562,3,1562,5,1,6,5,1.0,-0.0,0.0
R_001036,6,0.0024,4.260981226228645e-05,0,1628,0,1628,6,1,3,6,1.0,-0.0,0.0
R_001037,12,0.0048,6.987852730194554e-05,0,3102,6,1531,7,1,2,7,1.0,-0.0,0.0
R_001038,15,0.006,8.333092001312055e-05,0,1505,7,1505,8,1,4,8,1.0,-0.0,0.0
R_001039,8,0.0032,5.190419537274044e-05,0,1562,3,1562,8,3,6,6,0.75,0.7356219397587946,0.6695919455357792
R_001040,8,0.0032,4.980521413561975e-05,0,1505,7,1505,6,1,4,6,1.0,-0.0,0.0
R_001041,8,0.0032,5.1849396324026316e-05,0,3102,6,1531,6,1,2,6,1.0,-0.0,0.0
R_001042,5,0.002,3.574318039675822e-05,0,3102,1,1571,6,3,7,3,0.5,1.0114042647073518,0.920619835714305
R_001043,9,0.0036,5.9005696193849865e-05,0,1628,0,1628,7,1,3,7,1.0,-0.0,0.0
R_001044,5,0.002,3.6455751625149255e-05,0,3102,6,1531,6,1,2,6,1.0,-0.0,0.0
R_001045,10,0.004,6.371931412391132e-05,0,1628,0,1628,8,1,3,8,1.0,-0.0,0.0
R_001046,10,0.004,6.536176223886414e-05,0,1550,5,1550,7,1,0,7,1.0,-0.0,0.0
R_001047,10,0.004,6.247206676235137e-05,0,1562,3,1562,7,2,6,6,0.8571428571428571,0.410116318288409,0.5916727785823274
R_001048,11,0.0044,6.427268920577562e-05,0,3102,6,1531,7,1,2,7,1.0,-0.0,0.0
R_001049,10,0.004,6.270374990076643e-05,0,1559,4,1559,5,1,1,5,1.0,-0.0,0.0
R_001050,8,0.0032,5.2476070089648126e-05,0,1562,3,1562,8,3,6,6,0.75,0.7356219397587946,0.6695919455357792
R_001051,12,0.0048,7.205109928998543e-05,0,1559,4,1559,8,1,1,8,1.0,-0.0,0.0
R_001052,5,0.002,3.6596174151991615e-05,0,1505,7,1505,6,1,4,6,1.0,-0.0,0.0
R_001053,9,0.0036,5.522287797734138e-05,0,3102,6,1531,6,1,2,6,1.0,-0.0,0.0
R_001054,5,0.002,3.9870178909682685e-05,0,1565,2,1565,6,2,5,5,0.8333333333333334,0.4505612088663046,0.6500224216483541
R_001055,3,0.0012,2.9032690300828112e-05,0,1565,2,1565,5,1,5,5,1.0,-0.0,0.0
R_001056,9,0.0036,5.924647941532362e-05,0,1550,5,1550,8,1,0,8,1.0,-0.0,0.0
R_001057,9,0.0036,6.001332780986093e-05,0,1550,5,1550,8,1,0,8,1.0,-0.0,0.0
R_001058,4,0.0016,3.3773882460678156e-05,0,1565,2,1565,7,2,5,6,0.8571428571428571,0.410116318288409,0.5916727785823274
R_001059,10,0.004,6.293045857163345e-05,0,1559,4,1559,6,1,1,6,1.0,-0.0,0.0
R_001060,6,0.0024,4.281973283340195e-05,0,1628,0,1628,6,1,3,6,1.0,-0.0,0.0
R_001061,13,0.0052,7.72751896116038e-05,0,1562,3,1562,8,2,6,7,0.875,0.3767701612564367,0.5435644431995964
R_001062,4,0.0016,3.175987578591654e-05,0,3102,6,1531,6,1,2,6,1.0,-0.0,0.0
R_001063,6,0.0024,4.2257998529648444e-05,0,1562,3,1562,6,3,6,4,0.6666666666666666,0.8675632284814612,0.7896900821428474
R_001064,4,0.0016,3.321111674814681e-05,0,1550,5,1550,7,1,0,7,1.0,-0.0,0.0
R_001065,12,0.0048,7.329834032616932e-05,0,1628,0,1628,8,1,3,8,1.0,-0.0,0.0
R_001066,24,0.0096,0.00013606403512375856,0,1550,5,1550,7,1,0,7,1.0,-0.0,0.0
R_001067,6,0.0024,4.2373499074361863e-05,0,1562,3,1562,8,3,6,6,0.75,0.7356219397587946,0.6695919455357792
R_001068,5,0.002,3.730388265247578e-05,0,1562,3,1562,6,2,6,5,0.8333333333333334,0.4505612088663046,0.6500224216483541
R_001069,9,0.0036,5.976291882395716e-05,0,1550,5,1550,7,1,0,7,1.0,-0.0,0.0
R_001070,4,0.0016,3.1756635987667375e-05,0,3102,1,1571,5,2,7,4,0.8,0.5004024235381879,0.7219280948873623
R_001071,3,0.0012,2.6613473605371088e-05,0,1505,7,1505,7,1,4,7,1.0,-0.0,0.0
R_001072,1,0.0004,1.714510720480786e-05,0,3102,6,1531,5,1,2,5,1.0,-0.0,0.0
R_001073,4,0.0016,3.4442016593606826e-05,0,1565,2,1565,5,1,5,5,1.0,-0.0,0.0
R_001074,4,0.0016,3.212848846196266e-05,0,3102,1,1571,5,2,7,3,0.6,0.6730116670092565,0.9709505944546688
R_001075,10,0.004,6.379188182184604e-05,0,1559,4,1559,5,1,1,5,1.0,-0.0,0.0
R_001076,9,0.0036,5.8251265604922545e-05,0,1628,0,1628,6,1,3,6,1.0,-0.0,0.0
R_001077,10,0.004,6.190490898852306e-05,0,1559,4,1559,8,1,1,8,1.0,-0.0,0.0
R_001078,6,0.0024,4.2195823871275e-05,0,1562,3,1562,5,1,6,5,1.0,-0.0,0.0
R_001079,9,0.0036,5.502406575862364e-05,0,1505,7,1505,6,1,4,6,1.0,-0.0,0.0
R_001080,13,0.0052,7.720815896963369e-05,0,1562,3,1562,7,2,6,6,0.8571428571428571,0.410116318288409,0.5916727785823274
R_001081,9,0.0036,5.51228732254336e-05,0,3102,1,1571,7,3,7,5,0.7142857142857143,0.796311640173813,0.7248340915057598
R_001082,8,0.0032,5.038593824372592e-05,0,3102,1,1571,6,3,7,4,0.6666666666666666,0.8675632284814612,0.7896900821428474
R_001083,12,0.0048,6.929345100966236e-05,0,3102,1,1571,8,4,7,5,0.625,1.073542846408523,0.7743974703476992
R_001084,1,0.0004,1.7527050523867506e-05,0,1628,0,1628,5,1,3,5,1.0,-0.0,0.0
R_001085,10,0.004,6.262790597105132e-05,0,1628,0,1628,7,1,3,7,1.0,-0.0,0.0
R_001086,14,0.0056,7.881295446725456e-05,0,3102,6,1531,8,1,2,8,1.0,-0.0,0.0
R_001087,8,0.0032,5.0324795081548743e-05,0,1505,7,1505,5,1,4,5,1.0,-0.0,0.0
R_001088,6,0.0024,4.362958784736145e-05,0,1628,0,1628,5,1,3,5,1.0,-0.0,0.0
R_001089,17,0.0068,9.62021663864348e-05,0,1559,4,1559,7,1,1,7,1.0,-0.0,0.0
R_001090,4,0.0016,3.2735296791709906e-05,0,1562,3,1562,6,2,6,5,0.8333333333333334,0.4505612088663046,0.6500224216483541
R_001091,6,0.0024,4.022518679024604e-05,0,3102,1,1571,5,4,7,2,0.4,1.3321790402101223,0.9609640474436812
R_001092,11,0.0044,6.511833695603697e-05,0,3102,6,1531,8,1,2,8,1.0,-0.0,0.0
R_001093,10,0.004,6.264787980471014e-05,0,1559,4,1559,8,1,1,8,1.0,-0.0,0.0
R_001094,6,0.0024,4.0592395536111405e-05,0,1505,7,1505,6,1,4,6,1.0,-0.0,0.0
R_001095,17,0.0068,9.674163945178433e-05,0,1562,3,1562,8,2,6,7,0.875,0.3767701612564367,0.5435644431995964
R_001096,3,0.0012,2.830149328134942e-05,0,1550,5,1550,6,1,0,6,1.0,-0.0,0.0
R_001097,7,0.0028,4.7116279920150516e-05,0,1562,3,1562,6,3,6,4,0.6666666666666666,0.8675632284814612,0.7896900821428474
R_001098,31,0.0124,0.00015841285742800091,0,1505,7,1505,8,1,4,8,1.0,-0.0,0.0
R_001099,5,0.002,3.6688886952127085e-05,0,3102,6,1531,6,1,2,6,1.0,-0.0,0.0
R_001100,5,0.002,3.620680332847704e-05,0,3102,1,1571,6,3,7,4,0.6666666666666666,0.8675632284814612,0.7896900821428474
R_001101,1,0.0004,1.7379852835404416e-05,0,1559,4,1559,6,1,1,6,1.0,-0.0,0.0
R_001102,5,0.002,3.743482509730492e-05,0,1559,4,1559,6,1,1,6,1.0,-0.0,0.0
R_001103,7,0.0028,4.5540471443135664e-05,0,1505,7,1505,6,1,4,6,1.0,-0.0,0.0
R_001104,12,0.0048,7.170548180372566e-05,0,1559,4,1559,7,1,1,7,1.0,-0.0,0.0
R_001105,20,0.008,0.00010855913022429897,0,3102,6,1531,8,1,2,8,1.0,-0.0,0.0
R_001106,16,0.0064,9.152246386681812e-05,0,1559,4,1559,8,1,1,8,1.0,-0.0,0.0
R_001107,4,0.0016,3.18668944448851e-05,0,3102,6,1531,6,1,2,6,1.0,-0.0,0.0
R_001108,14,0.0056,8.18380132268397e-05,0,1559,4,1559,8,1,1,8,1.0,-0.0,0.0
R_001109,3,0.0012,2.7468738650914517e-05,0,1628,0,1628,5,1,3,5,1.0,-0.0,0.0
R_001110,9,0.0036,6.182427331191825e-05,0,1565,2,1565,7,2,5,6,0.8571428571428571,0.410116318288409,0.5916727785823274
R_001111,3,0.0012,2.7106115348527358e-05,0,1559,4,1559,6,1,1,6,1.0,-0.0,0.0
R_001112,16,0.0064,9.386790978526755e-05,0,1628,0,1628,8,1,3,8,1.0,-0.0,0.0
R_001113,21,0.0084,0.00010987047480264241,0,1505,7,1505,8,1,4,8,1.0,-0.0,0.0
R_001114,7,0.0028,4.5089691831998836e-05,0,3102,1,1571,7,3,7,4,0.5714285714285714,0.9556998911125344,0.8699155297736259
R_001115,10,0.004,6.154667079078747e-05,0,1559,4,1559,7,1,1,7,1.0,-0.0,0.0
R_001116,14,0.0056,8.486265668503846e-05,0,1628,0,1628,8,1,3,8,1.0,-0.0,0.0
R_001117,11,0.0044,6.360665101321446e-05,0,3102,1,1571,7,3,7,4,0.5714285714285714,0.9556998911125344,0.8699155297736259
R_001118,7,0.0028,4.562517334110657e-05,0,1505,7,1505,6,1,4,6,1.0,-0.0,0.0
R_001119,7,0.0028,4.741458205689832e-05,0,1628,0,1628,7,1,3,7,1.0,-0.0,0.0
R_001120,8,0.0032,5.279832241029176e-05,0,1628,0,1628,8,1,3,8,1.0,-0.0,0.0
R_001121,8,0.0032,5.2443949938509045e-05,0,1562,3,1562,7,3,6,5,0.7142857142857143,0.796311640173813,0.7248340915057598
R_001122,4,0.0016,3.2482867279238055e-05,0,1559,4,1559,5,1,1,5,1.0,-0.0,0.0
R_001123,15,0.006,9.124994713953438e-05,0,1550,5,1550,8,1,0,8,1.0,-0.0,0.0
R_001124,8,0.0032,5.419085226152279e-05,0,1550,5,1550,7,1,0,7,1.0,-0.0,0.0
R_001125,4,0.0016,3.3563921103216375e-05,0,1550,5,1550,6,1,0,6,1.0,-0.0,0.0
R_001126,0,0.0,1.2023710757614017e-05,1,1,9,1,5,1,2,5,1.0,-0.0,0.0
R_001127,13,0.0052,8.050830563288567e-05,0,1550,5,1550,8,1,0,8,1.0,-0.0,0.0
R_001128,7,0.0028,4.537629280651563e-05,0,3102,1,1571,7,3,7,4,0.5714285714285714,0.9556998911125344,0.8699155297736259
R_001129,4,0.0016,3.425123905197977e-05,0,1565,2,1565,5,1,5,5,1.0,-0.0,0.0
R_001130,5,0.002,3.873260745347419e-05,0,1550,5,1550,6,1,0,6,1.0,-0.0,0.0
R_001131,8,0.0032,4.9241341109982225e-05,0,1505,7,1505,8,1,4,8,1.0,-0.0,0.0
R_001132,15,0.006,8.673736004396339e-05,0,1559,4,1559,8,1,1,8,1.0,-0.0,0.0
R_001133,11,0.0044,6.692228786241779e-05,0,1562,3,1562,8,3,6,6,0.75,0.7356219397587946,0.6695919455357792
R_001134,17,0.0068,0.00010549505729765123,0,1565,2,1565,8,2,5,7,0.875,0.3767701612564367,0.5435644431995964
R_001135,20,0.008,0.00011080249607145388,0,1562,3,1562,8,2,6,7,0.875,0.3767701612564367,0.5435644431995964
R_001136,9,0.0036,5.641692123154871e-05,0,1562,3,1562,6,2,6,5,0.8333333333333334,0.4505612088663046,0.6500224216483541
R_001137,4,0.0016,3.290655796225022e-05,0,1628,0,1628,5,1,3,5,1.0,-0.0,0.0
R_001138,6,0.0024,4.051300692381938e-05,0,3102,6,1531,6,1,2,6,1.0,-0.0,0.0
R_001139,17,0.0068,9.260583383222157e-05,0,1505,7,1505,8,1,4,8,1.0,-0.0,0.0
R_001140,2,0.0008,2.332284822896513e-05,0,1565,2,1565,7,2,5,6,0.8571428571428571,0.410116318288409,0.5916727785823274
R_001141,5,0.002,3.6536535845332085e-05,0,3102,1,1571,5,3,7,3,0.6,0.9502705392332348,0.8649735207179272
R_001142,6,0.0024,4.312748452449593e-05,0,1550,5,1550,6,1,0,6,1.0,-0.0,0.0
R_001143,15,0.006,8.402589395358181e-05,0,3102,1,1571,8,4,7,5,0.625,1.073542846408523,0.7743974703476992
R_001144,13,0.0052,8.006344866473116e-05,0,1550,5,1550,8,1,0,8,1.0,-0.0,0.0
R_001145,25,0.01,0.00013201889998246138,0,3102,1,1571,7,4,7,4,0.5714285714285714,1.1537419427010902,0.8322488896002307
R_001146,10,0.004,5.997864308261889e-05,0,3102,1,1571,7,4,7,4,0.5714285714285714,1.1537419427010902,0.8322488896002307
R_001147,17,0.0068,9.353913281337452e-05,0,3102,6,1531,8,1,2,8,1.0,-0.0,0.0
R_001148,18,0.0072,9.709417191899864e-05,0,3102,1,1571,8,3,7,6,0.75,0.7356219397587946,0.6695919455357792
R_001149,7,0.0028,5.1319815748126764e-05,0,1565,2,1565,5,1,5,5,1.0,-0.0,0.0
R_001150,2,0.0008,2.2313445771530055e-05,0,1628,0,1628,5,1,3,5,1.0,-0.0,0.0
R_001151,11,0.0044,7.221555271017965e-05,0,1565,2,1565,8,1,5,8,1.0,-0.0,0.0
R_001152,6,0.0024,4.108108278527233e-05,0,3102,6,1531,6,1,2,6,1.0,-0.0,0.0
R_001153,9,0.0036,5.4987512926634584e-05,0,1505,7,1505,8,1,4,8,1.0,-0.0,0.0
R_001154,7,0.0028,5.005860057459443e-05,0,1565,2,1565,6,2,5,5,0.8333333333333334,0.4505612088663046,0.6500224216483541
R_001155,14,0.0056,7.901423156348545e-05,0,1505,7,1505,8,1,4,8,1.0,-0.0,0.0
R_001156,8,0.0032,5.1936186073104514e-05,0,1559,4,1559,6,1,1,6,1.0,-0.0,0.0
R_001157,11,0.0044,6.497880482984714e-05,0,3102,1,1571,8,3,7,5,0.625,0.9002560512685369,0.8194483718728035
R_001158,6,0.0024,4.0757889941282386e-05,0,3102,1,1571,7,3,7,4,0.5714285714285714,0.9556998911125344,0.8699155297736259
R_001159,12,0.0048,7.56568503476845e-05,0,1550,5,1550,7,1,0,7,1.0,-0.0,0.0
R_001160,4,0.0016,3.2075509207530844e-05,0,3102,6,1531,6,1,2,6,1.0,-0.0,0.0
R_001161,8,0.0032,5.055199949068945e-05,0,3102,1,1571,8,4,7,4,0.5,1.2130075659799042,0.875
R_001162,8,0.0032,4.975863945704041e-05,0,1505,7,1505,8,1,4,8,1.0,-0.0,0.0
R_001163,5,0.002,3.811268833301912e-05,0,1550,5,1550,6,1,0,6,1.0,-0.0,0.0
R_001164,4,0.0016,3.121990872888291e-05,0,1505,7,1505,6,1,4,6,1.0,-0.0,0.0
R_001165,16,0.0064,9.207287382592531e-05,0,1559,4,1559,8,1,1,8,1.0,-0.0,0.0
R_001166,9,0.0036,5.8220663725877754e-05,0,1628,0,1628,7,1,3,7,1.0,-0.0,0.0
R_001167,12,0.0048,7.179305396623382e-05,0,1559,4,1559,7,1,1,7,1.0,-0.0,0.0
R_001168,8,0.0032,4.969251351480141e-05,0,3102,6,1531,7,1,2,7,1.0,-0.0,0.0
R_001169,5,0.002,3.597324053263865e-05,0,3102,1,1571,7,4,7,3,0.4285714285714285,1.277034259466139,0.9211854965885544
R_001170,2,0.0008,2.299680167847934e-05,0,1550,5,1550,5,1,0,5,1.0,-0.0,0.0
R_001171,3,0.0012,2.7792713106160826e-05,0,1562,3,1562,5,2,6,4,0.8,0.5004024235381879,0.7219280948873623
R_001172,9,0.0036,5.671243295359807e-05,0,1562,3,1562,7,3,6,5,0.7142857142857143,0.796311640173813,0.7248340915057598
R_001173,1,0.0004,1.7683442665552163e-05,0,1559,4,1559,5,1,1,5,1.0,-0.0,0.0
R_001174,12,0.0048,7.377973307701401e-05,0,1562,3,1562,6,3,6,4,0.6666666666666666,0.8675632284814612,0.7896900821428474
R_001175,6,0.0024,4.2811793057040245e-05,0,1628,0,1628,6,1,3,6,1.0,-0.0,0.0
R_001176,6,0.0024,4.357112438414055e-05,0,1550,5,1550,7,1,0,7,1.0,-0.0,0.0
R_001177,5,0.002,3.8724598202508616e-05,0,1550,5,1550,6,1,0,6,1.0,-0.0,0.0
R_001178,12,0.0048,7.220144515884144e-05,0,1559,4,1559,8,1,1,8,1.0,-0.0,0.0
R_001179,6,0.0024,4.284333307777334e-05,0,1628,0,1628,5,1,3,5,1.0,-0.0,0.0
R_001180,4,0.0016,3.147903599549364e-05,0,3102,1,1571,5,2,7,4,0.8,0.5004024235381879,0.7219280948873623
R_001181,4,0.0016,3.2602773542411e-05,0,1562,3,1562,6,3,6,4,0.6666666666666666,0.8675632284814612,0.7896900821428474
R_001182,9,0.0036,5.5213911369428345e-05,0,1505,7,1505,7,1,4,7,1.0,-0.0,0.0
R_001183,9,0.0036,5.777954417713685e-05,0,1628,0,1628,8,1,3,8,1.0,-0.0,0.0
R_001184,11,0.0044,6.589940697273939e-05,0,3102,6,1531,8,1,2,8,1.0,-0.0,0.0
R_001185,8,0.0032,4.972246184184004e-05,0,1505,7,1505,7,1,4,7,1.0,-0.0,0.0
R_001186,14,0.0056,7.817078401953421e-05,0,1505,7,1505,7,1,4,7,1.0,-0.0,0.0
R_001187,4,0.0016,3.3220240293667285e-05,0,1550,5,1550,6,1,0,6,1.0,-0.0,0.0
R_001188,7,0.0028,4.631670476049889e-05,0,3102,6,1531,6,1,2,6,1.0,-0.0,0.0
R_001189,11,0.0044,6.386859675291635e-05,0,1505,7,1505,7,1,4,7,1.0,-0.0,0.0
R_001190,3,0.0012,2.861585791672345e-05,0,1565,2,1565,6,2,5,5,0.8333333333333334,0.4505612088663046,0.6500224216483541
R_001191,6,0.0024,4.128754065478627e-05,0,3102,6,1531,8,1,2,8,1.0,-0.0,0.0
R_001192,3,0.0012,2.8407892257461466e-05,0,1628,0,1628,5,1,3,5,1.0,-0.0,0.0
R_001193,8,0.0032,5.2304138761515766e-05,0,1559,4,1559,5,1,1,5,1.0,-0.0,0.0
R_001194,17,0.0068,9.764118521541096e-05,0,1562,3,1562,7,2,6,6,0.8571428571428571,0.410116318288409,0.5916727785823274
R_001195,3,0.0012,2.7377417795713545e-05,0,1562,3,1562,6,2,6,5,0.8333333333333334,0.4505612088663046,0.6500224216483541
R_001196,13,0.0052,7.415406767160555e-05,0,3102,6,1531,7,1,2,7,1.0,-0.0,0.0
R_001197,15,0.006,8.234475964916965e-05,0,1505,7,1505,8,1,4,8,1.0,-0.0,0.0
R_001198,3,0.0012,2.833699468346552e-05,0,1550,5,1550,6,1,0,6,1.0,-0.0,0.0
R_001199,1,0.0004,1.72927480002086e-05,0,1628,0,1628,5,1,3,5,1.0,-0.0,0.0
R_001200,9,0.0036,5.511450800379498e-05,0,1505,7,1505,8,1,4,8,1.0,-0.0,0.0
R_001201,3,0.0012,2.7198114536968942e-05,0,1562,3,1562,6,1,6,6,1.0,-0.0,0.0
R_001202,2,0.0008,2.2391195427751584e-05,0,1562,3,1562,6,1,6,6,1.0,-0.0,0.0
R_001203,9,0.0036,5.8979640579472556e-05,0,1628,0,1628,6,1,3,6,1.0,-0.0,0.0
R_001204,10,0.004,6.237605138730756e-05,0,1562,3,1562,6,3,6,4,0.6666666666666666,0.8675632284814612,0.7896900821428474
R_001205,3,0.0012,2.704633372068654e-05,0,3102,6,1531,5,1,2,5,1.0,-0.0,0.0
R_001206,10,0.004,5.9007044337402754e-05,0,1505,7,1505,7,1,4,7,1.0,-0.0,0.0
R_001207,21,0.0084,0.00012200909235539795,0,1550,5,1550,8,1,0,8,1.0,-0.0,0.0
R_001208,4,0.0016,3.2617289583382e-05,0,1559,4,1559,6,1,1,6,1.0,-0.0,0.0
R_001209,3,0.0012,2.655923180376062e-05,0,3102,1,1571,5,4,7,2,0.4,1.3321790402101223,0.9609640474436812
R_001210,10,0.004,6.231435315709967e-05,0,1559,4,1559,7,1,1,7,1.0,-0.0,0.0
R_001211,10,0.004,6.190502412983158e-05,0,1559,4,1559,8,1,1,8,1.0,-0.0,0.0
R_001212,11,0.0044,6.866056155671062e-05,0,1628,0,1628,6,1,3,6,1.0,-0.0,0.0
R_001213,9,0.0036,5.5203858392508414e-05,0,3102,6,1531,6,1,2,6,1.0,-0.0,0.0
R_001214,7,0.0028,4.7464569945233686e-05,0,1559,4,1559,6,1,1,6,1.0,-0.0,0.0
R_001215,4,0.0016,3.2567450434018496e-05,0,1562,3,1562,5,3,6,3,0.6,0.9502705392332348,0.8649735207179272
R_001216,6,0.0024,4.008203976674965e-05,0,3102,1,1571,7,3,7,4,0.5714285714285714,0.9556998911125344,0.8699155297736259
R_001217,10,0.004,6.404869491036178e-05,0,1550,5,1550,7,1,0,7,1.0,-0.0,0.0
R_001218,10,0.004,6.240625005244256e-05,0,1559,4,1559,6,1,1,6,1.0,-0.0,0.0
R_001219,7,0.0028,4.518908042247174e-05,0,1505,7,1505,6,1,4,6,1.0,-0.0,0.0
R_001220,6,0.0024,4.513813026459586e-05,0,1565,2,1565,5,1,5,5,1.0,-0.0,0.0
R_001221,6,0.0024,4.509267879320853e-05,0,1565,2,1565,6,2,5,5,0.8333333333333334,0.4505612088663046,0.6500224216483541
R_001222,2,0.0008,2.215114109246263e-05,0,3102,1,1571,5,3,7,3,0.6,0.9502705392332348,0.8649735207179272
R_001223,10,0.004,5.9844114677847606e-05,0,1505,7,1505,8,1,4,8,1.0,-0.0,0.0
R_001224,8,0.0032,5.2694094709418457e-05,0,1559,4,1559,6,1,1,6,1.0,-0.0,0.0
R_001225,2,0.0008,2.26058331604307e-05,0,1628,0,1628,5,1,3,5,1.0,-0.0,0.0
R_001226,7,0.0028,4.555848797458153e-05,0,1505,7,1505,5,1,4,5,1.0,-0.0,0.0
R_001227,7,0.0028,4.644249913538337e-05,0,3102,1,1571,6,4,7,3,0.5,1.242453324894,0.8962406251802889
R_001228,10,0.004,5.998080681304504e-05,0,3102,6,1531,7,1,2,7,1.0,-0.0,0.0
R_001229,3,0.0012,2.7633975469914003e-05,0,1628,0,1628,5,1,3,5,1.0,-0.0,0.0
R_001230,6,0.0024,4.065130997173592e-05,0,3102,6,1531,5,1,2,5,1.0,-0.0,0.0
R_001231,11,0.0044,7.000819829190703e-05,0,1550,5,1550,7,1,0,7,1.0,-0.0,0.0
R_001232,5,0.002,3.638364421507217e-05,0,1505,7,1505,5,1,4,5,1.0,-0.0,0.0
R_001233,6,0.0024,4.347752789392605e-05,0,1550,5,1550,6,1,0,6,1.0,-0.0,0.0
R_001234,10,0.004,6.167473659563226e-05,0,1562,3,1562,8,2,6,7,0.875,0.3767701612564367,0.5435644431995964
R_001235,8,0.0032,5.2507324576251087e-05,0,1562,3,1562,6,2,6,5,0.8333333333333334,0.4505612088663046,0.6500224216483541
R_001236,8,0.0032,5.242414584634772e-05,0,1562,3,1562,6,3,6,4,0.6666666666666666,0.8675632284814612,0.7896900821428474
R_001237,4,0.0016,3.2558524741435236e-05,0,1559,4,1559,8,1,1,8,1.0,-0.0,0.0
R_001238,4,0.0016,3.312141597802942e-05,0,1559,4,1559,5,1,1,5,1.0,-0.0,0.0
R_001239,9,0.0036,5.5033826269577417e-05,0,3102,6,1531,7,1,2,7,1.0,-0.0,0.0
R_001240,5,0.002,3.620982098855966e-05,0,3102,6,1531,6,1,2,6,1.0,-0.0,0.0
R_001241,1,0.0004,1.749491156147371e-05,0,1565,2,1565,5,2,5,4,0.8,0.5004024235381879,0.7219280948873623
R_001242,6,0.0024,4.2957559039961684e-05,0,1628,0,1628,6,1,3,6,1.0,-0.0,0.0
R_001243,8,0.0032,5.563943339271499e-05,0,1565,2,1565,7,1,5,7,1.0,-0.0,0.0
R_001244,5,0.002,3.7961606494672576e-05,0,1628,0,1628,7,1,3,7,1.0,-0.0,0.0
R_001245,7,0.0028,4.504008960177866e-05,0,3102,1,1571,6,3,7,3,0.5,1.0114042647073518,0.920619835714305
R_001246,7,0.0028,4.709270793221338e-05,0,1559,4,1559,8,1,1,8,1.0,-0.0,0.0
R_001247,26,0.0104,0.0001405714371136777,0,1562,3,1562,8,3,6,6,0.75,0.7356219397587946,0.6695919455357792
R_001248,7,0.0028,4.550008451483773e-05,0,3102,1,1571,6,3,7,3,0.5,1.0114042647073518,0.920619835714305
R_001249,7,0.0028,4.536155933733889e-05,0,3102,1,1571,5,3,7,3,0.6,0.9502705392332348,0.8649735207179272
R_001250,4,0.0016,3.232979216061848e-05,0,1628,0,1628,6,1,3,6,1.0,-0.0,0.0
R_001251,8,0.0032,4.970368796171208e-05,0,1505,7,1505,7,1,4,7,1.0,-0.0,0.0
R_001252,5,0.002,3.7898050061345554e-05,0,1628,0,1628,6,1,3,6,1.0,-0.0,0.0
R_001253,10,0.004,6.472207275966801e-05,0,1628,0,1628,8,1,3,8,1.0,-0.0,0.0
R_001254,6,0.0024,4.2160334376998674e-05,0,1559,4,1559,5,1,1,5,1.0,-0.0,0.0
R_001255,4,0.0016,3.2606967332908523e-05,0,1550,5,1550,7,1,0,7,1.0,-0.0,0.0
R_001256,8,0.0032,5.258215215099588e-05,0,1562,3,1562,8,3,6,6,0.75,0.7356219397587946,0.6695919455357792
R_001257,7,0.0028,4.7446686612791924e-05,0,1559,4,1559,6,1,1,6,1.0,-0.0,0.0
R_001258,3,0.0012,2.789724332657038e-05,0,1550,5,1550,5,1,0,5,1.0,-0.0,0.0
R_001259,11,0.0044,6.654839141889621e-05,0,1559,4,1559,7,1,1,7,1.0,-0.0,0.0
R_001260,5,0.002,3.861022315385603e-05,0,1550,5,1550,6,1,0,6,1.0,-0.0,0.0
R_001261,6,0.0024,4.271363954706932e-05,0,1562,3,1562,6,2,6,5,0.8333333333333334,0.4505612088663046,0.6500224216483541
R_001262,3,0.0012,2.7254699997315968e-05,0,1628,0,1628,5,1,3,5,1.0,-0.0,0.0
R_001263,4,0.0016,3.212864107651122e-05,0,1562,3,1562,6,2,6,5,0.8333333333333334,0.4505612088663046,0.6500224216483541
R_001264,7,0.0028,4.734159160930559e-05,0,1559,4,1559,6,1,1,6,1.0,-0.0,0.0
R_001265,8,0.0032,5.5605634033101785e-05,0,1565,2,1565,8,2,5,7,0.875,0.3767701612564367,0.5435644431995964
R_001266,12,0.0048,7.556943045184913e-05,0,1550,5,1550,7,1,0,7,1.0,-0.0,0.0
R_001267,10,0.004,6.303565028810655e-05,0,1628,0,1628,7,1,3,7,1.0,-0.0,0.0
R_001268,17,0.0068,9.720353176907261e-05,0,1562,3,1562,8,3,6,6,0.75,0.7356219397587946,0.6695919455357792
R_001269,9,0.0036,5.704318313745657e-05,0,1559,4,1559,7,1,1,7,1.0,-0.0,0.0
R_001270,12,0.0048,7.788484608887327e-05,0,1565,2,1565,8,2,5,7,0.875,0.3767701612564367,0.5435644431995964
R_001271,9,0.0036,5.818677204329221e-05,0,1628,0,1628,7,1,3,7,1.0,-0.0,0.0
R_001272,17,0.0068,9.244457828528492e-05,0,1505,7,1505,8,1,4,8,1.0,-0.0,0.0
R_001273,3,0.0012,2.7319184022817906e-05,0,1562,3,1562,5,2,6,4,0.8,0.5004024235381879,0.7219280948873623
R_001274,15,0.006,8.262646845149448e-05,0,1505,7,1505,6,1,4,6,1.0,-0.0,0.0
R_001275,5,0.002,3.9410701074014384e-05,0,1565,2,1565,5,1,5,5,1.0,-0.0,0.0
R_001276,8,0.0032,5.1880711350874646e-05,0,1559,4,1559,8,1,1,8,1.0,-0.0,0.0
R_001277,9,0.0036,5.947834074213626e-05,0,1550,5,1550,8,1,0,8,1.0,-0.0,0.0
R_001278,9,0.0036,5.683944836277643e-05,0,1562,3,1562,7,2,6,6,0.8571428571428571,0.410116318288409,0.5916727785823274
R_001279,6,0.0024,4.14737529946621e-05,0,3102,6,1531,7,1,2,7,1.0,-0.0,0.0
R_001280,3,0.0012,2.7104067462529056e-05,0,1559,4,1559,6,1,1,6,1.0,-0.0,0.0
R_001281,8,0.0032,5.377130397775764e-05,0,1628,0,1628,8,1,3,8,1.0,-0.0,0.0
R_001282,8,0.0032,5.207104654406181e-05,0,1562,3,1562,7,3,6,5,0.7142857142857143,0.796311640173813,0.7248340915057598
R_001283,17,0.0068,9.9884749541882e-05,0,1628,0,1628,7,1,3,7,1.0,-0.0,0.0
R_001284,3,0.0012,2.645992093482188e-05,0,3102,1,1571,6,3,7,4,0.6666666666666666,0.8675632284814612,0.7896900821428474
R_001285,3,0.0012,2.7970605500438083e-05,0,1550,5,1550,5,1,0,5,1.0,-0.0,0.0
R_001286,7,0.0028,5.040866456330229e-05,0,1565,2,1565,6,2,5,5,0.8333333333333334,0.4505612088663046,0.6500224216483541
R_001287,12,0.0048,6.815562138478967e-05,0,3102,1,1571,7,2,7,5,0.7142857142857143,0.5982695885852573,0.8631205685666311
R_001288,8,0.0032,5.274817588989143e-05,0,1628,0,1628,8,1,3,8,1.0,-0.0,0.0
R_001289,2,0.0008,2.1687674371490112e-05,0,3102,1,1571,5,3,7,3,0.6,0.9502705392332348,0.8649735207179272
R_001290,6,0.0024,4.185141259826017e-05,0,1562,3,1562,5,2,6,4,0.8,0.5004024235381879,0.7219280948873623
R_001291,11,0.0044,6.834568546796713e-05,0,1562,3,1562,8,2,6,7,0.875,0.3767701612564367,0.5435644431995964
R_001292,8,0.0032,5.030899625769164e-05,0,1505,7,1505,6,1,4,6,1.0,-0.0,0.0
R_001293,30,0.012,0.00016317503703751536,0,1562,3,1562,8,3,6,6,0.75,0.7356219397587946,0.6695919455357792
R_001294,10,0.004,6.366983345935142e-05,0,1628,0,1628,6,1,3,6,1.0,-0.0,0.0
R_001295,11,0.0044,6.719093769734798e-05,0,1562,3,1562,6,3,6,4,0.6666666666666666,0.8675632284814612,0.7896900821428474
R_001296,7,0.0028,4.7469947935474774e-05,0,1562,3,1562,6,1,6,6,1.0,-0.0,0.0
R_001297,8,0.0032,5.0083334455138695e-05,0,1505,7,1505,6,1,4,6,1.0,-0.0,0.0
R_001298,12,0.0048,6.913181300458068e-05,0,3102,6,1531,8,1,2,8,1.0,-0.0,0.0
R_001299,5,0.002,3.953586048512052e-05,0,1565,2,1565,7,2,5,6,0.8571428571428571,0.410116318288409,0.5916727785823274
R_001300,3,0.0012,2.7226179742236557e-05,0,1559,4,1559,5,1,1,5,1.0,-0.0,0.0
R_001301,4,0.0016,3.2824729591656996e-05,0,1550,5,1550,5,1,0,5,1.0,-0.0,0.0
R_001302,22,0.0088,0.00011675676817189373,0,3102,6,1531,8,1,2,8,1.0,-0.0,0.0
R_001303,5,0.002,3.728263455314925e-05,0,1559,4,1559,5,1,1,5,1.0,-0.0,0.0
R_001304,9,0.0036,5.788170104869168e-05,0,1559,4,1559,7,1,1,7,1.0,-0.0,0.0
R_001305,8,0.0032,5.2767320153604e-05,0,1628,0,1628,8,1,3,8,1.0,-0.0,0.0
R_001306,3,0.0012,2.7898097061104897e-05,0,1550,5,1550,7,1,0,7,1.0,-0.0,0.0
R_001307,5,0.002,3.6508044403433306e-05,0,3102,6,1531,6,1,2,6,1.0,-0.0,0.0
R_001308,8,0.0032,5.013330414257868e-05,0,3102,1,1571,6,2,7,5,0.8333333333333334,0.4505612088663046,0.6500224216483541
R_001309,4,0.0016,3.140988748037463e-05,0,3102,6,1531,6,1,2,6,1.0,-0.0,0.0
R_001310,10,0.004,6.381440113234103e-05,0,1550,5,1550,7,1,0,7,1.0,-0.0,0.0
R_001311,13,0.0052,7.527768282666143e-05,0,3102,6,1531,7,1,2,7,1.0,-0.0,0.0
R_001312,2,0.0008,2.300898521354014e-05,0,1550,5,1550,5,1,0,5,1.0,-0.0,0.0
R_001313,3,0.0012,2.8002697521615466e-05,0,1550,5,1550,5,1,0,5,1.0,-0.0,0.0
R_001314,8,0.0032,5.1607419826475724e-05,0,1562,3,1562,5,2,6,4,0.8,0.5004024235381879,0.7219280948873623
R_001315,16,0.0064,8.864026253384116e-05,0,3102,1,1571,8,3,7,6,0.75,0.7356219397587946,0.6695919455357792
R_001316,0,0.0,1.2023710757614017e-05,1,1,10,1,5,1,2,5,1.0,-0.0,0.0
R_001317,15,0.006,8.934021305871535e-05,0,1628,0,1628,8,1,3,8,1.0,-0.0,0.0
R_001318,6,0.0024,4.069162117820291e-05,0,3102,6,1531,6,1,2,6,1.0,-0.0,0.0
R_001319,5,0.002,3.7965745422498555e-05,0,1628,0,1628,6,1,3,6,1.0,-0.0,0.0
R_001320,5,0.002,3.8669090810684613e-05,0,1550,5,1550,6,1,0,6,1.0,-0.0,0.0
R_001321,9,0.0036,5.4110299898355026e-05,0,3102,1,1571,5,4,2,2,0.4,1.3321790402101223,0.9609640474436812
R_001322,11,0.0044,6.334813980989465e-05,0,1505,7,1505,7,1,4,7,1.0,-0.0,0.0
R_001323,6,0.0024,4.1619659602683836e-05,0,3102,1,1571,6,4,7,3,0.5,1.242453324894,0.8962406251802889
R_001324,8,0.0032,5.377691647566744e-05,0,1550,5,1550,7,1,0,7,1.0,-0.0,0.0
R_001325,17,0.0068,9.775114383891979e-05,0,1559,4,1559,8,1,1,8,1.0,-0.0,0.0
R_001326,31,0.0124,0.00016736360283426443,0,1562,3,1562,8,3,6,6,0.75,0.7356219397587946,0.6695919455357792
R_001327,6,0.0024,4.389466314193833e-05,0,1550,5,1550,6,1,0,6,1.0,-0.0,0.0
R_001328,8,0.0032,5.62715773905837e-05,0,1565,2,1565,6,1,5,6,1.0,-0.0,0.0
R_001329,9,0.0036,5.999984066798017e-05,0,1550,5,1550,5,1,0,5,1.0,-0.0,0.0
R_001330,11,0.0044,6.966465983859278e-05,0,1550,5,1550,7,1,0,7,1.0,-0.0,0.0
R_001331,5,0.002,3.810971241525879e-05,0,1628,0,1628,6,1,3,6,1.0,-0.0,0.0
R_001332,8,0.0032,4.954828658210403e-05,0,1505,7,1505,8,1,4,8,1.0,-0.0,0.0
R_001333,19,0.0076,0.00011623688605953919,0,1565,2,1565,8,2,5,7,0.875,0.3767701612564367,0.5435644431995964
R_001334,4,0.0016,3.16196705272214e-05,0,3102,1,1571,7,4,7,4,0.5714285714285714,1.1537419427010902,0.8322488896002307
R_001335,12,0.0048,7.525431817933928e-05,0,1550,5,1550,8,1,0,8,1.0,-0.0,0.0
R_001336,7,0.0028,4.5133297122959465e-05,0,1505,7,1505,8,1,4,8,1.0,-0.0,0.0
R_001337,5,0.002,3.8513505891029475e-05,0,1550,5,1550,5,1,0,5,1.0,-0.0,0.0
R_001338,6,0.0024,4.0078697414546366e-05,0,1505,7,1505,6,1,4,6,1.0,-0.0,0.0
R_001339,7,0.0028,4.514944832544385e-05,0,1505,7,1505,6,1,4,6,1.0,-0.0,0.0
R_001340,8,0.0032,5.2585676514413085e-05,0,1562,3,1562,8,2,6,7,0.875,0.3767701612564367,0.5435644431995964
R_001341,5,0.002,3.933636701209191e-05,0,1565,2,1565,6,2,5,5,0.8333333333333334,0.4505612088663046,0.6500224216483541
R_001342,22,0.0088,0.00012645014591530462,0,1550,5,1550,8,1,0,8,1.0,-0.0,0.0
R_001343,7,0.0028,4.8554591697667814e-05,0,1628,0,1628,6,1,3,6,1.0,-0.0,0.0
R_001344,2,0.0008,2.283788726313449e-05,0,1550,5,1550,5,1,0,5,1.0,-0.0,0.0
R_001345,3,0.0012,2.6694761272987457e-05,0,3102,1,1571,5,2,7,3,0.6,0.6730116670092565,0.9709505944546688
R_001346,7,0.0028,4.563402073344007e-05,0,3102,6,1531,5,1,2,5,1.0,-0.0,0.0
R_001347,12,0.0048,7.734667725626676e-05,0,1565,2,1565,7,1,5,7,1.0,-0.0,0.0
R_001348,7,0.0028,4.8537301034105066e-05,0,1628,0,1628,7,1,3,7,1.0,-0.0,0.0
R_001349,9,0.0036,6.235414288816703e-05,0,1565,2,1565,7,2,5,6,0.8571428571428571,0.410116318288409,0.5916727785823274
R_001350,3,0.0012,2.7917953839350993e-05,0,1550,5,1550,5,1,0,5,1.0,-0.0,0.0
R_001351,10,0.004,6.337050262836857e-05,0,1628,0,1628,8,1,3,8,1.0,-0.0,0.0
R_001352,6,0.0024,4.2494278167520244e-05,0,1628,0,1628,6,1,3,6,1.0,-0.0,0.0
R_001353,4,0.0016,3.2528549589852e-05,0,1628,0,1628,6,1,3,6,1.0,-0.0,0.0
R_001354,5,0.002,3.973215863208286e-05,0,1565,2,1565,6,2,5,5,0.8333333333333334,0.4505612088663046,0.6500224216483541
R_001355,5,0.002,3.646331159379392e-05,0,3102,6,1531,5,1,2,5,1.0,-0.0,0.0
R_001356,6,0.0024,4.09581090896004e-05,0,3102,1,1571,7,4,7,4,0.5714285714285714,1.1537419427010902,0.8322488896002307
R_001357,7,0.0028,4.584116057290658e-05,0,3102,6,1531,8,1,2,8,1.0,-0.0,0.0
R_001358,15,0.006,9.398824333723366e-05,0,1565,2,1565,8,2,5,7,0.875,0.3767701612564367,0.5435644431995964
R_001359,5,0.002,3.669415815424337e-05,0,1559,4,1559,7,1,1,7,1.0,-0.0,0.0
R_001360,11,0.0044,6.694706408840596e-05,0,1559,4,1559,7,1,1,7,1.0,-0.0,0.0
R_001361,6,0.0024,4.2312595528916475e-05,0,1562,3,1562,7,3,6,5,0.7142857142857143,0.796311640173813,0.7248340915057598
R_001362,3,0.0012,2.8921746815416972e-05,0,1565,2,1565,5,2,5,4,0.8,0.5004024235381879,0.7219280948873623
R_001363,4,0.0016,3.3662024852386964e-05,0,1550,5,1550,6,1,0,6,1.0,-0.0,0.0
R_001364,4,0.0016,3.307132917427577e-05,0,1550,5,1550,7,1,0,7,1.0,-0.0,0.0
R_001365,14,0.0056,7.867715002005673e-05,0,3102,1,1571,8,3,7,5,0.625,0.9002560512685369,0.8194483718728035
R_001366,9,0.0036,5.893398577588584e-05,0,1628,0,1628,6,1,3,6,1.0,-0.0,0.0
R_001367,9,0.0036,5.759012178069233e-05,0,1559,4,1559,8,1,1,8,1.0,-0.0,0.0
R_001368,11,0.0044,6.471239525025635e-05,0,3102,6,1531,7,1,2,7,1.0,-0.0,0.0
R_001369,8,0.0032,5.2289639324420403e-05,0,1562,3,1562,6,2,6,5,0.8333333333333334,0.4505612088663046,0.6500224216483541
R_001370,4,0.0016,3.2016540835266755e-05,0,1562,3,1562,6,3,6,4,0.6666666666666666,0.8675632284814612,0.7896900821428474
R_001371,3,0.0012,2.6336942267319956e-05,0,1505,7,1505,5,1,4,5,1.0,-0.0,0.0
R_001372,2,0.0008,2.2948401978134492e-05,0,1565,2,1565,5,2,5,4,0.8,0.5004024235381879,0.7219280948873623
R_001373,9,0.0036,5.937107915631302e-05,0,1550,5,1550,8,1,0,8,1.0,-0.0,0.0
R_001374,3,0.0012,2.6770470353588227e-05,0,3102,6,1531,5,1,2,5,1.0,-0.0,0.0
R_001375,7,0.0028,4.7016809436114915e-05,0,1559,4,1559,5,1,1,5,1.0,-0.0,0.0
R_001376,5,0.002,3.7650917410974174e-05,0,1628,0,1628,6,1,3,6,1.0,-0.0,0.0
R_001377,8,0.0032,5.407489360796158e-05,0,1550,5,1550,6,1,0,6,1.0,-0.0,0.0
R_001378,6,0.0024,4.063683525355428e-05,0,1505,7,1505,6,1,4,6,1.0,-0.0,0.0
R_001379,4,0.0016,3.198634868238753e-05,0,1559,4,1559,5,1,1,5,1.0,-0.0,0.0
R_001380,9,0.0036,6.109715069061514e-05,0,1565,2,1565,8,2,5,7,0.875,0.3767701612564367,0.5435644431995964
R_001381,8,0.0032,5.4603504940394285e-05,0,1550,5,1550,6,1,0,6,1.0,-0.0,0.0
R_001382,17,0.0068,9.83363371951355e-05,0,1628,0,1628,8,1,3,8,1.0,-0.0,0.0
R_001383,22,0.0088,0.00011871534385815461,0,3102,6,1531,8,1,2,8,1.0,-0.0,0.0
R_001384,4,0.0016,3.200134526201793e-05,0,1562,3,1562,6,2,6,5,0.8333333333333334,0.4505612088663046,0.6500224216483541
R_001385,5,0.002,3.810644884960443e-05,0,1628,0,1628,5,1,3,5,1.0,-0.0,0.0
R_001386,8,0.0032,5.6576934851379144e-05,0,1565,2,1565,8,1,5,8,1.0,-0.0,0.0
R_001387,8,0.0032,5.195776829186319e-05,0,1559,4,1559,5,1,1,5,1.0,-0.0,0.0
R_001388,6,0.0024,4.035267504368558e-05,0,3102,1,1571,6,3,7,4,0.6666666666666666,0.8675632284814612,0.7896900821428474
R_001389,5,0.002,3.7331655003181805e-05,0,1559,4,1559,6,1,1,6,1.0,-0.0,0.0
R_001390,10,0.004,6.029072035413205e-05,0,3102,6,1531,7,1,2,7,1.0,-0.0,0.0
R_001391,1,0.0004,1.769147537614755e-05,0,1565,2,1565,5,1,5,5,1.0,-0.0,0.0
R_001392,10,0.004,5.939860303164487e-05,0,3102,1,1571,7,4,7,4,0.5714285714285714,1.1537419427010902,0.8322488896002307
R_001393,5,0.002,3.800941941953885e-05,0,1628,0,1628,6,1,3,6,1.0,-0.0,0.0
R_001394,3,0.0012,2.781918371862873e-05,0,1628,0,1628,6,1,3,6,1.0,-0.0,0.0
R_001395,6,0.0024,4.05614015681545e-05,0,1505,7,1505,7,1,4,7,1.0,-0.0,0.0
R_001396,14,0.0056,7.908931041614312e-05,0,3102,1,1571,7,3,7,4,0.5714285714285714,0.9556998911125344,0.8699155297736259
R_001397,9,0.0036,5.722915241658567e-05,0,1559,4,1559,6,1,1,6,1.0,-0.0,0.0
R_001398,7,0.0028,4.870184756460299e-05,0,1628,0,1628,6,1,3,6,1.0,-0.0,0.0
R_001399,15,0.006,8.42625425788184e-05,0,3102,6,1531,7,1,2,7,1.0,-0.0,0.0
R_001400,4,0.0016,3.325331945150509e-05,0,1550,5,1550,5,1,0,5,1.0,-0.0,0.0
R_001401,5,0.002,3.9296316713674625e-05,0,1565,2,1565,5,1,5,5,1.0,-0.0,0.0
R_001402,2,0.0008,2.2847652535859006e-05,0,1550,5,1550,6,1,0,6,1.0,-0.0,0.0
R_001403,17,0.0068,9.663707407053366e-05,0,1562,3,1562,8,2,6,7,0.875,0.3767701612564367,0.5435644431995964
R_001404,6,0.0024,4.4997652684788536e-05,0,1565,2,1565,8,2,5,7,0.875,0.3767701612564367,0.5435644431995964
R_001405,3,0.0012,2.6741572783208132e-05,0,1559,4,1559,6,1,1,6,1.0,-0.0,0.0
R_001406,7,0.0028,4.5480115784100974e-05,0,1505,7,1505,7,1,4,7,1.0,-0.0,0.0
R_001407,36,0.0144,0.0001831941945903856,0,3102,6,1531,7,1,2,7,1.0,-0.0,0.0
R_001408,7,0.0028,4.876770249835684e-05,0,1550,5,1550,7,1,0,7,1.0,-0.0,0.0
R_001409,11,0.0044,6.357199161525165e-05,0,1505,7,1505,8,1,4,8,1.0,-0.0,0.0
R_001410,5,0.002,3.850764994518367e-05,0,1550,5,1550,5,1,0,5,1.0,-0.0,0.0
R_001411,10,0.004,6.0279086825654004e-05,0,3102,6,1531,8,1,2,8,1.0,-0.0,0.0
R_001412,7,0.0028,4.559550069905124e-05,0,3102,1,1571,6,2,7,5,0.8333333333333334,0.4505612088663046,0.6500224216483541
R_001413,3,0.0012,2.6768192880354173e-05,0,3102,6,1531,5,1,2,5,1.0,-0.0,0.0
R_001414,8,0.0032,5.0560512899236954e-05,0,3102,1,1571,8,4,7,4,0.5,1.2130075659799042,0.875
R_001415,13,0.0052,8.316230595226365e-05,0,1565,2,1565,7,1,5,7,1.0,-0.0,0.0
R_001416,9,0.0036,5.7076378239418695e-05,0,1562,3,1562,7,3,6,5,0.7142857142857143,0.796311640173813,0.7248340915057598
R_001417,10,0.004,6.005982776525887e-05,0,3102,1,1571,6,3,7,4,0.6666666666666666,0.8675632284814612,0.7896900821428474
R_001418,7,0.0028,4.680937934075066e-05,0,3102,6,1531,7,1,2,7,1.0,-0.0,0.0
R_001419,5,0.002,3.782758491167238e-05,0,1628,0,1628,8,1,3,8,1.0,-0.0,0.0
R_001420,8,0.0032,5.65767663661277e-05,0,1565,2,1565,7,2,5,6,0.8571428571428571,0.410116318288409,0.5916727785823274
R_001421,5,0.002,3.778629625425498e-05,0,1559,4,1559,5,1,1,5,1.0,-0.0,0.0
R_001422,8,0.0032,5.033561423617374e-05,0,3102,1,1571,7,3,7,5,0.7142857142857143,0.796311640173813,0.7248340915057598
R_001423,16,0.0064,9.54859815504959e-05,0,1550,5,1550,7,1,0,7,1.0,-0.0,0.0
R_001424,4,0.0016,3.30626129769471e-05,0,1559,4,1559,6,1,1,6,1.0,-0.0,0.0
R_001425,1,0.0004,1.7690910476564766e-05,0,1565,2,1565,5,1,5,5,1.0,-0.0,0.0
R_001426,8,0.0032,5.267505709157517e-05,0,1559,4,1559,7,1,1,7,1.0,-0.0,0.0
R_001427,9,0.0036,5.849331987031087e-05,0,1628,0,1628,8,1,3,8,1.0,-0.0,0.0
R_001428,6,0.0024,4.54086570176922e-05,0,1565,2,1565,7,2,5,6,0.8571428571428571,0.410116318288409,0.5916727785823274
R_001429,8,0.0032,5.0358773283659905e-05,0,1505,7,1505,5,1,4,5,1.0,-0.0,0.0
R_001430,7,0.0028,4.46031521236151e-05,0,1505,7,1505,6,1,4,6,1.0,-0.0,0.0
R_001431,5,0.002,3.61237299118974e-05,0,1505,7,1505,6,1,4,6,1.0,-0.0,0.0
R_001432,9,0.0036,5.675461634207909e-05,0,1562,3,1562,6,3,6,4,0.6666666666666666,0.8675632284814612,0.7896900821428474
R_001433,25,0.01,0.00013070811497396475,0,3102,1,1571,8,4,7,4,0.5,1.2130075659799042,0.875
R_001434,11,0.0044,6.634168332969469e-05,0,1559,4,1559,7,1,1,7,1.0,-0.0,0.0
R_001435,6,0.0024,4.114128602189941e-05,0,3102,6,1531,6,1,2,6,1.0,-0.0,0.0
R_001436,5,0.002,3.557661080213239e-05,0,1505,7,1505,6,1,4,6,1.0,-0.0,0.0
R_001437,6,0.0024,4.0361301783365525e-05,0,1505,7,1505,5,1,4,5,1.0,-0.0,0.0
R_001438,10,0.004,5.8935185143771934e-05,0,1505,7,1505,7,1,4,7,1.0,-0.0,0.0
R_001439,11,0.0044,6.63891578889577e-05,0,1559,4,1559,6,1,1,6,1.0,-0.0,0.0
R_001440,9,0.0036,5.4923865540065173e-05,0,1505,7,1505,6,1,4,6,1.0,-0.0,0.0
R_001441,5,0.002,3.76356228192935e-05,0,1559,4,1559,5,1,1,5,1.0,-0.0,0.0
R_001442,6,0.0024,4.1967317012211695e-05,0,1559,4,1559,6,1,1,6,1.0,-0.0,0.0
R_001443,3,0.0012,2.886215586684612e-05,0,1565,2,1565,5,2,5,4,0.8,0.5004024235381879,0.7219280948873623
R_001444,3,0.0012,2.8358703322048023e-05,0,1565,2,1565,6,1,5,6,1.0,-0.0,0.0
R_001445,11,0.0044,6.548280552079881e-05,0,3102,6,1531,5,1,2,5,1.0,-0.0,0.0
R_001446,8,0.0032,5.441010856577138e-05,0,1550,5,1550,8,1,0,8,1.0,-0.0,0.0
R_001447,10,0.004,6.253306366337838e-05,0,1562,3,1562,6,2,6,5,0.8333333333333334,0.4505612088663046,0.6500224216483541
R_001448,4,0.0016,3.253059160779928e-05,0,1628,0,1628,6,1,3,6,1.0,-0.0,0.0
R_001449,5,0.002,3.789880649486024e-05,0,1628,0,1628,6,1,3,6,1.0,-0.0,0.0
R_001450,8,0.0032,5.517890113915399e-05,0,1550,5,1550,8,1,0,8,1.0,-0.0,0.0
R_001451,9,0.0036,6.178508981847918e-05,0,1565,2,1565,8,2,5,7,0.875,0.3767701612564367,0.5435644431995964
R_001452,6,0.0024,4.042986489334583e-05,0,1505,7,1505,5,1,4,5,1.0,-0.0,0.0
R_001453,1,0.0004,1.6993004528982364e-05,0,1505,7,1505,5,1,4,5,1.0,-0.0,0.0
R_001454,7,0.0028,4.8374160170048355e-05,0,1628,0,1628,6,1,3,6,1.0,-0.0,0.0
R_001455,6,0.0024,4.4652212624424895e-05,0,1565,2,1565,7,1,5,7,1.0,-0.0,0.0
R_001456,8,0.0032,5.301159279055097e-05,0,1562,3,1562,6,2,6,5,0.8333333333333334,0.4505612088663046,0.6500224216483541
R_001457,7,0.0028,4.5588782651164354e-05,0,3102,6,1531,7,1,2,7,1.0,-0.0,0.0
R_001458,5,0.002,3.8700168252135937e-05,0,1550,5,1550,5,1,0,5,1.0,-0.0,0.0
R_001459,7,0.0028,4.723218660977856e-05,0,1562,3,1562,6,2,6,5,0.8333333333333334,0.4505612088663046,0.6500224216483541
R_001460,11,0.0044,6.880297581767781e-05,0,1628,0,1628,7,1,3,7,1.0,-0.0,0.0
R_001461,7,0.0028,4.566167036327184e-05,0,3102,6,1531,8,1,2,8,1.0,-0.0,0.0
R_001462,10,0.004,6.707429061166361e-05,0,1565,2,1565,7,2,5,6,0.8571428571428571,0.410116318288409,0.5916727785823274
R_001463,5,0.002,3.926639943171136e-05,0,1565,2,1565,6,2,5,5,0.8333333333333334,0.4505612088663046,0.6500224216483541
R_001464,6,0.0024,4.530200975793658e-05,0,1565,2,1565,5,2,5,4,0.8,0.5004024235381879,0.7219280948873623
R_001465,4,0.0016,3.122813858272236e-05,0,3102,6,1531,6,1,2,6,1.0,-0.0,0.0
R_001466,5,0.002,3.749947533766985e-05,0,1562,3,1562,5,2,6,4,0.8,0.5004024235381879,0.7219280948873623
R_001467,6,0.0024,4.1207304223174844e-05,0,3102,1,1571,5,3,7,3,0.6,0.9502705392332348,0.8649735207179272
R_001468,10,0.004,5.984070757987909e-05,0,3102,1,1571,6,4,7,3,0.5,1.242453324894,0.8962406251802889
R_001469,6,0.0024,4.2355074779604055e-05,0,1559,4,1559,5,1,1,5,1.0,-0.0,0.0
R_001470,10,0.004,5.9121936873669815e-05,0,1505,7,1505,8,1,4,8,1.0,-0.0,0.0
R_001471,4,0.0016,3.2497513415854235e-05,0,1562,3,1562,5,1,6,5,1.0,-0.0,0.0
R_001472,2,0.0008,2.277734135703127e-05,0,1562,3,1562,5,2,6,4,0.8,0.5004024235381879,0.7219280948873623
R_001473,10,0.004,6.195237474377328e-05,0,1562,3,1562,7,3,6,5,0.7142857142857143,0.796311640173813,0.7248340915057598
R_001474,4,0.0016,3.151092931383069e-05,0,3102,6,1531,5,1,2,5,1.0,-0.0,0.0
R_001475,10,0.004,5.9061416054793e-05,0,1505,7,1505,7,1,4,7,1.0,-0.0,0.0
R_001476,7,0.0028,4.7626822704679895e-05,0,1562,3,1562,5,2,6,4,0.8,0.5004024235381879,0.7219280948873623
R_001477,12,0.0048,6.874923540239018e-05,0,3102,1,1571,7,2,7,5,0.7142857142857143,0.5982695885852573,0.8631205685666311
R_001478,10,0.004,5.984048938729924e-05,0,3102,1,1571,8,4,7,4,0.5,1.2130075659799042,0.875
R_001479,4,0.0016,3.326235425939266e-05,0,1628,0,1628,5,1,3,5,1.0,-0.0,0.0
R_001480,5,0.002,3.8454757620679884e-05,0,1550,5,1550,6,1,0,6,1.0,-0.0,0.0
R_001481,5,0.002,3.709787827838776e-05,0,1562,3,1562,6,3,6,4,0.6666666666666666,0.8675632284814612,0.7896900821428474
R_001482,9,0.0036,5.562783294026932e-05,0,3102,1,1571,7,3,7,4,0.5714285714285714,0.9556998911125344,0.8699155297736259
R_001483,5,0.002,3.6841201949231306e-05,0,1559,4,1559,6,1,1,6,1.0,-0.0,0.0
R_001484,7,0.0028,4.67482603591449e-05,0,1562,3,1562,6,3,6,4,0.6666666666666666,0.8675632284814612,0.7896900821428474
R_001485,6,0.0024,4.0971588166860144e-05,0,3102,6,1531,5,1,2,5,1.0,-0.0,0.0
R_001486,6,0.0024,4.308044080802295e-05,0,1628,0,1628,8,1,3,8,1.0,-0.0,0.0
R_001487,6,0.0024,4.25774552959606e-05,0,1559,4,1559,5,1,1,5,1.0,-0.0,0.0
R_001488,4,0.0016,3.2641418534900586e-05,0,1628,0,1628,7,1,3,7,1.0,-0.0,0.0
R_001489,5,0.002,3.810173330380323e-05,0,1550,5,1550,5,1,0,5,1.0,-0.0,0.0
R_001490,23,0.0092,0.00011971425972310792,0,1505,7,1505,8,1,4,8,1.0,-0.0,0.0
R_001491,7,0.0028,5.0893912994960784e-05,0,1565,2,1565,8,2,5,7,0.875,0.3767701612564367,0.5435644431995964
R_001492,6,0.0024,4.245903747091942e-05,0,1562,3,1562,7,1,6,7,1.0,-0.0,0.0
R_001493,8,0.0032,5.037340263842202e-05,0,3102,6,1531,8,1,2,8,1.0,-0.0,0.0
R_001494,9,0.0036,5.912105397375836e-05,0,1550,5,1550,8,1,0,8,1.0,-0.0,0.0
R_001495,4,0.0016,3.2295850015615845e-05,0,1559,4,1559,6,1,1,6,1.0,-0.0,0.0
R_001496,25,0.01,0.00014009697685262568,0,1628,0,1628,8,1,3,8,1.0,-0.0,0.0
R_001497,4,0.0016,3.2465129371417945e-05,0,1559,4,1559,5,1,1,5,1.0,-0.0,0.0
R_001498,5,0.002,4.0059632141607184e-05,0,1565,2,1565,6,1,5,6,1.0,-0.0,0.0
R_001499,3,0.0012,2.6491743477552615e-05,0,3102,6,1531,6,1,2,6,1.0,-0.0,0.0
R_001500,13,0.0052,7.392668355940154e-05,0,1505,7,1505,6,1,4,6,1.0,-0.0,0.0
R_001501,8,0.0032,4.97858453163977e-05,0,1505,7,1505,6,1,4,6,1.0,-0.0,0.0
R_001502,4,0.0016,3.416854803257313e-05,0,1565,2,1565,5,2,5,4,0.8,0.5004024235381879,0.7219280948873623
R_001503,5,0.002,3.824294901450072e-05,0,1628,0,1628,5,1,3,5,1.0,-0.0,0.0
R_001504,9,0.0036,5.93023314253645e-05,0,1550,5,1550,6,1,0,6,1.0,-0.0,0.0
R_001505,3,0.0012,2.7242661424487532e-05,0,1562,3,1562,5,2,6,4,0.8,0.5004024235381879,0.7219280948873623
R_001506,11,0.0044,6.824122408054653e-05,0,1628,0,1628,8,1,3,8,1.0,-0.0,0.0
R_001507,4,0.0016,3.267932480568974e-05,0,1628,0,1628,5,1,3,5,1.0,-0.0,0.0
R_001508,10,0.004,6.244369634349397e-05,0,1562,3,1562,6,1,6,6,1.0,-0.0,0.0
R_001509,9,0.0036,5.540624558298101e-05,0,3102,1,1571,8,3,7,5,0.625,0.9002560512685369,0.8194483718728035
R_001510,5,0.002,3.788074483651195e-05,0,1628,0,1628,7,1,3,7,1.0,-0.0,0.0
R_001511,11,0.0044,6.73494882045117e-05,0,1559,4,1559,7,1,1,7,1.0,-0.0,0.0
R_001512,14,0.0056,8.39402593826594e-05,0,1550,5,1550,8,1,0,8,1.0,-0.0,0.0
R_001513,7,0.0028,4.613248508114559e-05,0,3102,1,1571,6,4,7,3,0.5,1.242453324894,0.8962406251802889
R_001514,5,0.002,3.580581879459815e-05,0,3102,1,1571,7,4,7,4,0.5714285714285714,1.1537419427010902,0.8322488896002307
R_001515,7,0.0028,4.786380057898424e-05,0,1562,3,1562,5,1,6,5,1.0,-0.0,0.0
R_001516,12,0.0048,6.928656267509185e-05,0,1505,7,1505,7,1,4,7,1.0,-0.0,0.0
R_001517,8,0.0032,5.0558746683975175e-05,0,3102,1,1571,7,3,7,4,0.5714285714285714,0.9556998911125344,0.8699155297736259
R_001518,10,0.004,6.705694736687599e-05,0,1565,2,1565,6,1,5,6,1.0,-0.0,0.0
R_001519,7,0.0028,4.576733137009319e-05,0,3102,6,1531,7,1,2,7,1.0,-0.0,0.0
R_001520,5,0.002,3.7541989913661986e-05,0,1559,4,1559,5,1,1,5,1.0,-0.0,0.0
R_001521,12,0.0048,7.35426411589716e-05,0,1628,0,1628,8,1,3,8,1.0,-0.0,0.0
R_001522,11,0.0044,6.823868254677366e-05,0,1628,0,1628,8,1,3,8,1.0,-0.0,0.0
R_001523,4,0.0016,3.302000686203103e-05,0,1628,0,1628,8,1,3,8,1.0,-0.0,0.0
R_001524,11,0.0044,6.755542314253655e-05,0,1559,4,1559,8,1,1,8,1.0,-0.0,0.0
R_001525,6,0.0024,4.235682057581548e-05,0,1562,3,1562,6,2,6,5,0.8333333333333334,0.4505612088663046,0.6500224216483541
R_001526,14,0.0056,7.85820316625759e-05,0,1505,7,1505,8,1,4,8,1.0,-0.0,0.0
R_001527,6,0.0024,4.463005779848101e-05,0,1565,2,1565,6,1,5,6,1.0,-0.0,0.0
R_001528,13,0.0052,7.373717687994225e-05,0,1505,7,1505,6,1,4,6,1.0,-0.0,0.0
R_001529,2,0.0008,2.2468763680148154e-05,0,1562,3,1562,6,3,6,4,0.6666666666666666,0.8675632284814612,0.7896900821428474
R_001530,2,0.0008,2.233349194092453e-05,0,1628,0,1628,5,1,3,5,1.0,-0.0,0.0
R_001531,8,0.0032,5.010914480932565e-05,0,3102,6,1531,6,1,2,6,1.0,-0.0,0.0
R_001532,4,0.0016,3.2856132822142375e-05,0,1628,0,1628,6,1,3,6,1.0,-0.0,0.0
R_001533,5,0.002,3.755799370963423e-05,0,1559,4,1559,5,1,1,5,1.0,-0.0,0.0
R_001534,2,0.0008,2.229392068630171e-05,0,1559,4,1559,5,1,1,5,1.0,-0.0,0.0
R_001535,3,0.0012,2.8436986679594267e-05,0,1550,5,1550,5,1,0,5,1.0,-0.0,0.0
R_001536,8,0.0032,5.3579435834296804e-05,0,1550,5,1550,8,1,0,8,1.0,-0.0,0.0
R_001537,7,0.0028,4.8820133970156166e-05,0,1550,5,1550,7,1,0,7,1.0,-0.0,0.0
R_001538,3,0.0012,2.7206253340597737e-05,0,1562,3,1562,5,2,6,4,0.8,0.5004024235381879,0.7219280948873623
R_001539,11,0.0044,7.174104794381671e-05,0,1565,2,1565,7,1,5,7,1.0,-0.0,0.0
R_001540,7,0.0028,4.577948558910045e-05,0,3102,1,1571,8,4,7,5,0.625,1.073542846408523,0.7743974703476992
R_001541,6,0.0024,4.206415608101999e-05,0,1562,3,1562,5,1,6,5,1.0,-0.0,0.0
R_001542,8,0.0032,5.062041252406936e-05,0,3102,6,1531,7,1,2,7,1.0,-0.0,0.0
R_001543,3,0.0012,2.633613130772987e-05,0,1505,7,1505,5,1,4,5,1.0,-0.0,0.0
R_001544,5,0.002,3.574408240242664e-05,0,3102,1,1571,6,2,7,5,0.8333333333333334,0.4505612088663046,0.6500224216483541
R_001545,16,0.0064,9.21110179646287e-05,0,1562,3,1562,6,3,6,4,0.6666666666666666,0.8675632284814612,0.7896900821428474
R_001546,13,0.0052,7.366402964150182e-05,0,3102,1,1571,8,4,7,4,0.5,1.2130075659799042,0.875
R_001547,7,0.0028,4.7345326865567844e-05,0,1559,4,1559,6,1,1,6,1.0,-0.0,0.0
R_001548,4,0.0016,3.1125315798152776e-05,0,3102,1,1571,6,3,7,4,0.6666666666666666,0.8675632284814612,0.7896900821428474
R_001549,10,0.004,6.695347393507103e-05,0,1565,2,1565,7,2,5,6,0.8571428571428571,0.410116318288409,0.5916727785823274
R_001550,12,0.0048,6.970227211012353e-05,0,3102,6,1531,8,1,2,8,1.0,-0.0,0.0
R_001551,6,0.0024,4.2539096062412786e-05,0,1628,0,1628,5,1,3,5,1.0,-0.0,0.0
R_001552,1,0.0004,1.6970459457040737e-05,0,1505,7,1505,5,1,4,5,1.0,-0.0,0.0
R_001553,10,0.004,6.028701367801422e-05,0,1505,7,1505,7,1,4,7,1.0,-0.0,0.0
R_001554,4,0.0016,3.1662837578098454e-05,0,3102,6,1531,6,1,2,6,1.0,-0.0,0.0
R_001555,3,0.0012,2.828591763300982e-05,0,1565,2,1565,5,1,5,5,1.0,-0.0,0.0
R_001556,6,0.0024,4.538824292641557e-05,0,1565,2,1565,7,2,5,6,0.8571428571428571,0.410116318288409,0.5916727785823274
R_001557,11,0.0044,6.746653957802485e-05,0,1562,3,1562,6,2,6,5,0.8333333333333334,0.4505612088663046,0.6500224216483541
R_001558,13,0.0052,7.3582140504579e-05,0,3102,1,1571,8,4,7,5,0.625,1.073542846408523,0.7743974703476992
R_001559,1,0.0004,1.7183707362434975e-05,0,3102,1,1571,5,3,7,3,0.6,0.9502705392332348,0.8649735207179272
R_001560,12,0.0048,6.870361566299771e-05,0,3102,1,1571,8,4,7,5,0.625,1.073542846408523,0.7743974703476992
R_001561,21,0.0084,0.00012131420519015748,0,1628,0,1628,8,1,3,8,1.0,-0.0,0.0
R_001562,2,0.0008,2.1679387110073635e-05,0,1505,7,1505,5,1,4,5,1.0,-0.0,0.0
R_001563,5,0.002,3.857362620690697e-05,0,1550,5,1550,6,1,0,6,1.0,-0.0,0.0
R_001564,4,0.0016,3.243292121616199e-05,0,1562,3,1562,5,1,6,5,1.0,-0.0,0.0
R_001565,6,0.0024,4.0913587212475543e-05,0,3102,1,1571,6,2,7,5,0.8333333333333334,0.4505612088663046,0.6500224216483541
R_001566,10,0.004,5.9719895278503305e-05,0,3102,6,1531,7,1,2,7,1.0,-0.0,0.0
R_001567,4,0.0016,3.3580429530946456e-05,0,1550,5,1550,7,1,0,7,1.0,-0.0,0.0
R_001568,6,0.0024,4.355128166180847e-05,0,1550,5,1550,7,1,0,7,1.0,-0.0,0.0
R_001569,9,0.0036,5.5738392552098934e-05,0,1505,7,1505,7,1,4,7,1.0,-0.0,0.0
R_001570,5,0.002,3.635479822321733e-05,0,3102,1,1571,8,3,7,6,0.75,0.7356219397587946,0.6695919455357792
R_001571,3,0.0012,2.6547495732755154e-05,0,1505,7,1505,5,1,4,5,1.0,-0.0,0.0
R_001572,16,0.0064,9.209817873575544e-05,0,1559,4,1559,8,1,1,8,1.0,-0.0,0.0
R_001573,19,0.0076,0.0001101281452135957,0,1628,0,1628,8,1,3,8,1.0,-0.0,0.0
R_001574,7,0.0028,5.0612707721177556e-05,0,1565,2,1565,6,2,5,5,0.8333333333333334,0.4505612088663046,0.6500224216483541
R_001575,10,0.004,6.199772781787308e-05,0,1562,3,1562,7,2,6,6,0.8571428571428571,0.410116318288409,0.5916727785823274
R_001576,14,0.0056,8.535758363066916e-05,0,1628,0,1628,8,1,3,8,1.0,-0.0,0.0
R_001577,6,0.0024,4.345798332984753e-05,0,1628,0,1628,6,1,3,6,1.0,-0.0,0.0
R_001578,8,0.0032,5.622304139758119e-05,0,1565,2,1565,7,2,5,6,0.8571428571428571,0.410116318288409,0.5916727785823274
R_001579,14,0.0056,8.525212456240807e-05,0,1550,5,1550,7,1,0,7,1.0,-0.0,0.0
R_001580,2,0.0008,2.173322056958297e-05,0,1505,7,1505,5,1,4,5,1.0,-0.0,0.0
R_001581,12,0.0048,6.914237062950241e-05,0,3102,1,1571,7,3,7,4,0.5714285714285714,0.9556998911125344,0.8699155297736259
R_001582,8,0.0032,5.034219457833374e-05,0,3102,1,1571,6,3,7,4,0.6666666666666666,0.8675632284814612,0.7896900821428474
R_001583,11,0.0044,6.761927912095847e-05,0,1562,3,1562,6,2,6,5,0.8333333333333334,0.4505612088663046,0.6500224216483541
R_001584,6,0.0024,4.491132890586348e-05,0,1565,2,1565,7,2,5,6,0.8571428571428571,0.410116318288409,0.5916727785823274
R_001585,3,0.0012,2.6553076889314544e-05,0,3102,6,1531,5,1,2,5,1.0,-0.0,0.0
R_001586,3,0.0012,2.9363716023491797e-05,0,1565,2,1565,6,2,5,5,0.8333333333333334,0.4505612088663046,0.6500224216483541
R_001587,7,0.0028,4.816335059289211e-05,0,1628,0,1628,6,1,3,6,1.0,-0.0,0.0
R_001588,10,0.004,6.224919218655285e-05,0,1562,3,1562,6,3,6,4,0.6666666666666666,0.8675632284814612,0.7896900821428474
R_001589,9,0.0036,6.059130706636503e-05,0,1565,2,1565,7,1,5,7,1.0,-0.0,0.0
R_001590,5,0.002,3.944879912098335e-05,0,1565,2,1565,7,2,5,6,0.8571428571428571,0.410116318288409,0.5916727785823274
R_001591,6,0.0024,4.298733905911957e-05,0,1628,0,1628,7,1,3,7,1.0,-0.0,0.0
R_001592,5,0.002,3.676695765429785e-05,0,1562,3,1562,5,2,6,4,0.8,0.5004024235381879,0.7219280948873623
R_001593,9,0.0036,5.806809755852115e-05,0,1628,0,1628,8,1,3,8,1.0,-0.0,0.0
R_001594,11,0.0044,6.441889109145287e-05,0,3102,1,1571,8,4,7,4,0.5,1.2130075659799042,0.875
R_001595,11,0.0044,6.50028487403809e-05,0,1505,7,1505,7,1,4,7,1.0,-0.0,0.0
R_001596,6,0.0024,4.318697565307271e-05,0,1550,5,1550,6,1,0,6,1.0,-0.0,0.0
R_001597,4,0.0016,3.4079795975264864e-05,0,1565,2,1565,5,2,5,4,0.8,0.5004024235381879,0.7219280948873623
R_001598,6,0.0024,4.261757572946151e-05,0,1628,0,1628,8,1,3,8,1.0,-0.0,0.0
R_001599,15,0.006,8.726681271180568e-05,0,1562,3,1562,8,3,6,6,0.75,0.7356219397587946,0.6695919455357792
R_001600,3,0.0012,2.759719619718957e-05,0,1550,5,1550,5,1,0,5,1.0,-0.0,0.0
R_001601,9,0.0036,5.966546439216514e-05,0,1550,5,1550,7,1,0,7,1.0,-0.0,0.0
R_001602,5,0.002,3.7626912060282735e-05,0,1628,0,1628,5,1,3,5,1.0,-0.0,0.0
R_001603,6,0.0024,4.488954022109362e-05,0,1565,2,1565,8,2,5,7,0.875,0.3767701612564367,0.5435644431995964
R_001604,8,0.0032,5.396794403508327e-05,0,1550,5,1550,6,1,0,6,1.0,-0.0,0.0
R_001605,9,0.0036,5.704493263928592e-05,0,1562,3,1562,6,2,6,5,0.8333333333333334,0.4505612088663046,0.6500224216483541
R_001606,11,0.0044,6.41735141027923e-05,0,3102,1,1571,8,3,7,5,0.625,0.9002560512685369,0.8194483718728035
R_001607,5,0.002,3.627486823400912e-05,0,3102,1,1571,7,3,7,4,0.5714285714285714,0.9556998911125344,0.8699155297736259
R_001608,2,0.0008,2.2479948644121915e-05,0,1550,5,1550,5,1,0,5,1.0,-0.0,0.0
R_001609,8,0.0032,5.012472250011387e-05,0,3102,6,1531,6,1,2,6,1.0,-0.0,0.0
R_001610,12,0.0048,6.979300312657829e-05,0,3102,1,1571,6,4,2,2,0.3333333333333333,1.3296613488547582,0.9591479170272448
R_001611,3,0.0012,2.7025842887654174e-05,0,1559,4,1559,5,1,1,5,1.0,-0.0,0.0
R_001612,7,0.0028,4.583617296483553e-05,0,1505,7,1505,6,1,4,6,1.0,-0.0,0.0
R_001613,15,0.006,8.660593784825774e-05,0,1562,3,1562,7,2,6,6,0.8571428571428571,0.410116318288409,0.5916727785823274
R_001614,11,0.0044,6.649288168063524e-05,0,1559,4,1559,8,1,1,8,1.0,-0.0,0.0
R_001615,6,0.0024,4.479438160904399e-05,0,1565,2,1565,8,2,5,7,0.875,0.3767701612564367,0.5435644431995964
R_001616,9,0.0036,5.516193631774333e-05,0,1505,7,1505,7,1,4,7,1.0,-0.0,0.0
R_001617,17,0.0068,9.401236279463654e-05,0,3102,1,1571,7,3,7,4,0.5714285714285714,0.9556998911125344,0.8699155297736259
R_001618,6,0.0024,4.301512609075679e-05,0,1628,0,1628,6,1,3,6,1.0,-0.0,0.0
R_001619,4,0.0016,3.197642388168999e-05,0,1559,4,1559,6,1,1,6,1.0,-0.0,0.0
R_001620,8,0.0032,5.459348834424712e-05,0,1550,5,1550,8,1,0,8,1.0,-0.0,0.0
R_001621,2,0.0008,2.1639507684801643e-05,0,3102,6,1531,5,1,2,5,1.0,-0.0,0.0
R_001622,5,0.002,3.821055069470725e-05,0,1628,0,1628,6,1,3,6,1.0,-0.0,0.0
R_001623,6,0.0024,4.0539830220725e-05,0,1505,7,1505,5,1,4,5,1.0,-0.0,0.0
R_001624,9,0.0036,5.511160460448451e-05,0,3102,1,1571,7,3,7,5,0.7142857142857143,0.796311640173813,0.7248340915057598
R_001625,11,0.0044,7.235433398614512e-05,0,1565,2,1565,7,2,5,6,0.8571428571428571,0.410116318288409,0.5916727785823274
R_001626,6,0.0024,4.36166901927755e-05,0,1550,5,1550,6,1,0,6,1.0,-0.0,0.0
R_001627,24,0.0096,0.00012471719070361768,0,1505,7,1505,7,1,4,7,1.0,-0.0,0.0
R_001628,7,0.0028,4.875103787548701e-05,0,1550,5,1550,6,1,0,6,1.0,-0.0,0.0
R_001629,11,0.0044,6.445768789056341e-05,0,3102,6,1531,7,1,2,7,1.0,-0.0,0.0
R_001630,2,0.0008,2.2912796512480647e-05,0,1550,5,1550,5,1,0,5,1.0,-0.0,0.0
R_001631,3,0.0012,2.8274842439476164e-05,0,1565,2,1565,5,1,5,5,1.0,-0.0,0.0
R_001632,9,0.0036,5.446248426991345e-05,0,1505,7,1505,6,1,4,6,1.0,-0.0,0.0
R_001633,16,0.0064,9.616326998636197e-05,0,1550,5,1550,8,1,0,8,1.0,-0.0,0.0
R_001634,8,0.0032,5.195275273266776e-05,0,1562,3,1562,8,3,6,6,0.75,0.7356219397587946,0.6695919455357792
R_001635,11,0.0044,6.925479025254046e-05,0,1550,5,1550,8,1,0,8,1.0,-0.0,0.0
R_001636,10,0.004,6.0712202366523574e-05,0,1505,7,1505,8,1,4,8,1.0,-0.0,0.0
R_001637,5,0.002,3.7219246467805804e-05,0,1559,4,1559,5,1,1,5,1.0,-0.0,0.0
R_001638,10,0.004,5.937069699164383e-05,0,1505,7,1505,6,1,4,6,1.0,-0.0,0.0
R_001639,6,0.0024,4.459432637294049e-05,0,1565,2,1565,7,2,5,6,0.8571428571428571,0.410116318288409,0.5916727785823274
R_001640,4,0.0016,3.0905767887897585e-05,0,1505,7,1505,5,1,4,5,1.0,-0.0,0.0
R_001641,7,0.0028,4.828963149587993e-05,0,1628,0,1628,5,1,3,5,1.0,-0.0,0.0
R_001642,18,0.0072,9.779488837344449e-05,0,1505,7,1505,7,1,4,7,1.0,-0.0,0.0
R_001643,27,0.0108,0.0001504814862567137,0,1628,0,1628,7,1,3,7,1.0,-0.0,0.0
R_001644,6,0.0024,4.246204172403876e-05,0,1559,4,1559,6,1,1,6,1.0,-0.0,0.0
R_001645,7,0.0028,4.5897085442554966e-05,0,3102,1,1571,6,3,7,3,0.5,1.0114042647073518,0.920619835714305
R_001646,18,0.0072,0.00010238786088447091,0,1559,4,1559,8,1,1,8,1.0,-0.0,0.0
R_001647,6,0.0024,4.132147495728425e-05,0,3102,1,1571,6,2,7,5,0.8333333333333334,0.4505612088663046,0.6500224216483541
R_001648,4,0.0016,3.339371502499928e-05,0,1550,5,1550,6,1,0,6,1.0,-0.0,0.0
R_001649,11,0.0044,6.440011446083066e-05,0,3102,1,1571,7,3,7,5,0.7142857142857143,0.796311640173813,0.7248340915057598
R_001650,4,0.0016,3.442687557255946e-05,0,1565,2,1565,5,2,5,4,0.8,0.5004024235381879,0.7219280948873623
R_001651,14,0.0056,8.481924143055082e-05,0,1628,0,1628,7,1,3,7,1.0,-0.0,0.0
R_001652,5,0.002,3.970519329752593e-05,0,1565,2,1565,6,1,5,6,1.0,-0.0,0.0
R_001653,7,0.0028,4.881333583801839e-05,0,1550,5,1550,7,1,0,7,1.0,-0.0,0.0
R_001654,10,0.004,5.908900400309064e-05,0,1505,7,1505,6,1,4,6,1.0,-0.0,0.0
R_001655,1,0.0004,1.7706023272819476e-05,0,1565,2,1565,5,1,5,5,1.0,-0.0,0.0
R_001656,9,0.0036,5.7776324279497566e-05,0,1628,0,1628,7,1,3,7,1.0,-0.0,0.0
R_001657,5,0.002,3.6406792787861485e-05,0,3102,6,1531,6,1,2,6,1.0,-0.0,0.0
R_001658,9,0.0036,5.556812533647222e-05,0,3102,1,1571,7,3,7,5,0.7142857142857143,0.796311640173813,0.7248340915057598
R_001659,14,0.0056,7.85018678012414e-05,0,1505,7,1505,8,1,4,8,1.0,-0.0,0.0
R_001660,4,0.0016,3.2099665100455835e-05,0,1562,3,1562,5,2,6,4,0.8,0.5004024235381879,0.7219280948873623
R_001661,7,0.0028,4.8628078669069146e-05,0,1550,5,1550,7,1,0,7,1.0,-0.0,0.0
R_001662,6,0.0024,4.253777383861406e-05,0,1559,4,1559,6,1,1,6,1.0,-0.0,0.0
R_001663,13,0.0052,7.397059364383343e-05,0,3102,1,1571,8,4,7,4,0.5,1.2130075659799042,0.875
R_001664,9,0.0036,5.9251079126563855e-05,0,1628,0,1628,8,1,3,8,1.0,-0.0,0.0
R_001665,9,0.0036,5.528770274616033e-05,0,1505,7,1505,8,1,4,8,1.0,-0.0,0.0
R_001666,5,0.002,3.951757322426329e-05,0,1565,2,1565,6,1,5,6,1.0,-0.0,0.0
R_001667,8,0.0032,5.5660065754116025e-05,0,1565,2,1565,7,1,5,7,1.0,-0.0,0.0
R_001668,3,0.0012,2.7448718809270703e-05,0,1559,4,1559,5,1,1,5,1.0,-0.0,0.0
R_001669,6,0.0024,4.210665387931445e-05,0,1562,3,1562,6,3,6,4,0.6666666666666666,0.8675632284814612,0.7896900821428474
R_001670,7,0.0028,5.0000255905046105e-05,0,1565,2,1565,6,2,5,5,0.8333333333333334,0.4505612088663046,0.6500224216483541
R_001671,4,0.0016,3.2279343771502266e-05,0,1562,3,1562,5,2,6,4,0.8,0.5004024235381879,0.7219280948873623
R_001672,4,0.0016,3.1105553386979606e-05,0,3102,1,1571,5,2,7,3,0.6,0.6730116670092565,0.9709505944546688
R_001673,6,0.0024,4.136266303976725e-05,0,3102,6,1531,6,1,2,6,1.0,-0.0,0.0
R_001674,1,0.0004,1.7012858539172053e-05,0,3102,6,1531,5,1,2,5,1.0,-0.0,0.0
R_001675,3,0.0012,2.736458162440532e-05,0,1628,0,1628,7,1,3,7,1.0,-0.0,0.0
R_001676,4,0.0016,3.197872340596365e-05,0,1559,4,1559,6,1,1,6,1.0,-0.0,0.0
R_001677,11,0.0044,6.884812664974661e-05,0,1550,5,1550,8,1,0,8,1.0,-0.0,0.0
R_001678,10,0.004,5.951199267436606e-05,0,3102,6,1531,8,1,2,8,1.0,-0.0,0.0
R_001679,2,0.0008,2.255505839689801e-05,0,1628,0,1628,5,1,3,5,1.0,-0.0,0.0
R_001680,7,0.0028,4.51959446973708e-05,0,1505,7,1505,6,1,4,6,1.0,-0.0,0.0
R_001681,3,0.0012,2.8614195422452893e-05,0,1550,5,1550,6,1,0,6,1.0,-0.0,0.0
R_001682,6,0.0024,4.234589647774012e-05,0,1559,4,1559,8,1,1,8,1.0,-0.0,0.0
R_001683,9,0.0036,5.4671304754209626e-05,0,3102,1,1571,5,3,7,3,0.6,0.9502705392332348,0.8649735207179272
R_001684,3,0.0012,2.875380885977652e-05,0,1565,2,1565,5,1,5,5,1.0,-0.0,0.0
R_001685,7,0.0028,4.606535930597018e-05,0,3102,1,1571,6,2,7,5,0.8333333333333334,0.4505612088663046,0.6500224216483541
R_001686,4,0.0016,3.150834209297105e-05,0,3102,6,1531,5,1,2,5,1.0,-0.0,0.0
R_001687,8,0.0032,5.667760064755378e-05,0,1565,2,1565,7,2,5,6,0.8571428571428571,0.410116318288409,0.5916727785823274
R_001688,12,0.0048,7.720516673036525e-05,0,1565,2,1565,8,2,5,7,0.875,0.3767701612564367,0.5435644431995964
R_001689,6,0.0024,4.0740199884964516e-05,0,3102,1,1571,5,2,7,4,0.8,0.5004024235381879,0.7219280948873623
R_001690,8,0.0032,5.5663519995300276e-05,0,1565,2,1565,5,1,5,5,1.0,-0.0,0.0
R_001691,6,0.0024,4.022592110096766e-05,0,1505,7,1505,6,1,4,6,1.0,-0.0,0.0
R_001692,4,0.0016,3.221706306758037e-05,0,1559,4,1559,5,1,1,5,1.0,-0.0,0.0
R_001693,1,0.0004,1.7514451314969095e-05,0,1628,0,1628,5,1,3,5,1.0,-0.0,0.0
R_001694,3,0.0012,2.7813136025358098e-05,0,1550,5,1550,5,1,0,5,1.0,-0.0,0.0
R_001695,12,0.0048,7.401969201607893e-05,0,1628,0,1628,6,1,3,6,1.0,-0.0,0.0
R_001696,6,0.0024,4.485128278498545e-05,0,1565,2,1565,7,1,5,7,1.0,-0.0,0.0
R_001697,6,0.0024,4.5114772554263436e-05,0,1565,2,1565,6,1,5,6,1.0,-0.0,0.0
R_001698,6,0.0024,4.241251775447462e-05,0,1562,3,1562,6,3,6,4,0.6666666666666666,0.8675632284814612,0.7896900821428474
R_001699,11,0.0044,6.739167410851625e-05,0,1559,4,1559,8,1,1,8,1.0,-0.0,0.0
R_001700,22,0.0088,0.0001227825231589926,0,1559,4,1559,8,1,1,8,1.0,-0.0,0.0
R_001701,6,0.0024,4.2815880253937174e-05,0,1628,0,1628,6,1,3,6,1.0,-0.0,0.0
R_001702,5,0.002,3.614658780770806e-05,0,3102,6,1531,6,1,2,6,1.0,-0.0,0.0
R_001703,10,0.004,6.184765620191294e-05,0,1559,4,1559,7,1,1,7,1.0,-0.0,0.0
R_001704,6,0.0024,4.482557649782779e-05,0,1565,2,1565,6,2,5,5,0.8333333333333334,0.4505612088663046,0.6500224216483541
R_001705,10,0.004,6.402867536871612e-05,0,1628,0,1628,8,1,3,8,1.0,-0.0,0.0
R_001706,5,0.002,3.793576482214477e-05,0,1628,0,1628,7,1,3,7,1.0,-0.0,0.0
R_001707,8,0.0032,5.092702467238284e-05,0,3102,6,1531,8,1,2,8,1.0,-0.0,0.0
R_001708,4,0.0016,3.2241288629162e-05,0,1628,0,1628,6,1,3,6,1.0,-0.0,0.0
R_001709,9,0.0036,5.959708998798165e-05,0,1550,5,1550,8,1,0,8,1.0,-0.0,0.0
R_001710,6,0.0024,4.054392001161985e-05,0,1505,7,1505,5,1,4,5,1.0,-0.0,0.0
R_001711,18,0.0072,0.00010246079958067343,0,1562,3,1562,8,2,6,7,0.875,0.3767701612564367,0.5435644431995964
R_001712,7,0.0028,4.497466452205485e-05,0,3102,1,1571,8,4,7,5,0.625,1.073542846408523,0.7743974703476992
R_001713,4,0.0016,3.144447466673257e-05,0,3102,1,1571,5,3,7,3,0.6,0.9502705392332348,0.8649735207179272
R_001714,13,0.0052,7.858278485852557e-05,0,1628,0,1628,7,1,3,7,1.0,-0.0,0.0
R_001715,8,0.0032,5.3990569774338967e-05,0,1550,5,1550,7,1,0,7,1.0,-0.0,0.0
R_001716,7,0.0028,4.835860402466121e-05,0,1550,5,1550,7,1,0,7,1.0,-0.0,0.0
R_001717,11,0.0044,6.454082351427865e-05,0,3102,1,1571,7,4,7,3,0.4285714285714285,1.277034259466139,0.9211854965885544
R_001718,17,0.0068,9.295053677277832e-05,0,1505,7,1505,8,1,4,8,1.0,-0.0,0.0
R_001719,7,0.0028,4.6047523939035185e-05,0,1505,7,1505,7,1,4,7,1.0,-0.0,0.0
R_001720,5,0.002,3.719318902167384e-05,0,1559,4,1559,8,1,1,8,1.0,-0.0,0.0
R_001721,5,0.002,3.712803621678513e-05,0,1559,4,1559,6,1,1,6,1.0,-0.0,0.0
R_001722,6,0.0024,4.2103737401563795e-05,0,1562,3,1562,7,2,6,6,0.8571428571428571,0.410116318288409,0.5916727785823274
R_001723,6,0.0024,4.3036573177255556e-05,0,1628,0,1628,8,1,3,8,1.0,-0.0,0.0
R_001724,14,0.0056,7.873981293639709e-05,0,3102,1,1571,8,3,7,5,0.625,0.9002560512685369,0.8194483718728035
R_001725,13,0.0052,7.872167119840853e-05,0,1628,0,1628,7,1,3,7,1.0,-0.0,0.0
R_001726,6,0.0024,4.0591127040883135e-05,0,1505,7,1505,6,1,4,6,1.0,-0.0,0.0
R_001727,2,0.0008,2.2845580427836717e-05,0,1550,5,1550,5,1,0,5,1.0,-0.0,0.0
R_001728,4,0.0016,3.138835062338821e-05,0,1505,7,1505,6,1,4,6,1.0,-0.0,0.0
R_001729,4,0.0016,3.233823523839606e-05,0,1559,4,1559,6,1,1,6,1.0,-0.0,0.0
R_001730,6,0.0024,4.291858848561381e-05,0,1559,4,1559,6,1,1,6,1.0,-0.0,0.0
R_001731,4,0.0016,3.3209567943012884e-05,0,1550,5,1550,5,1,0,5,1.0,-0.0,0.0
R_001732,9,0.0036,5.641803864482971e-05,0,3102,6,1531,6,1,2,6,1.0,-0.0,0.0
R_001733,5,0.002,3.793048956339116e-05,0,1628,0,1628,7,1,3,7,1.0,-0.0,0.0
R_001734,10,0.004,6.267517726926533e-05,0,1559,4,1559,8,1,1,8,1.0,-0.0,0.0
R_001735,9,0.0036,5.907755377586966e-05,0,1550,5,1550,6,1,0,6,1.0,-0.0,0.0
R_001736,2,0.0008,2.2608639264422357e-05,0,1550,5,1550,5,1,0,5,1.0,-0.0,0.0
R_001737,8,0.0032,5.126435947557809e-05,0,3102,6,1531,8,1,2,8,1.0,-0.0,0.0
R_001738,7,0.0028,4.936102144525764e-05,0,1550,5,1550,8,1,0,8,1.0,-0.0,0.0
R_001739,9,0.0036,5.9904980905872215e-05,0,1550,5,1550,7,1,0,7,1.0,-0.0,0.0
R_001740,16,0.0064,8.838837438194168e-05,0,1505,7,1505,7,1,4,7,1.0,-0.0,0.0
R_001741,4,0.0016,3.2404771421369176e-05,0,1628,0,1628,5,1,3,5,1.0,-0.0,0.0
R_001742,6,0.0024,4.513643470038523e-05,0,1565,2,1565,6,1,5,6,1.0,-0.0,0.0
R_001743,8,0.0032,5.092776754343269e-05,0,3102,6,1531,8,1,2,8,1.0,-0.0,0.0
R_001744,6,0.0024,4.378236939270853e-05,0,1628,0,1628,5,1,3,5,1.0,-0.0,0.0
R_001745,3,0.0012,2.7962803043811957e-05,0,1550,5,1550,5,1,0,5,1.0,-0.0,0.0
R_001746,5,0.002,3.747008380623398e-05,0,1628,0,1628,6,1,3,6,1.0,-0.0,0.0
R_001747,12,0.0048,7.230922728971915e-05,0,1559,4,1559,6,1,1,6,1.0,-0.0,0.0
R_001748,4,0.0016,3.223329240079114e-05,0,1559,4,1559,5,1,1,5,1.0,-0.0,0.0
R_001749,4,0.0016,3.4327844269956773e-05,0,1565,2,1565,8,2,5,7,0.875,0.3767701612564367,0.5435644431995964
R_001750,6,0.0024,4.3338258172559974e-05,0,1628,0,1628,6,1,3,6,1.0,-0.0,0.0
R_001751,12,0.0048,7.261624298139745e-05,0,1562,3,1562,8,2,6,7,0.875,0.3767701612564367,0.5435644431995964
R_001752,5,0.002,3.6088075559399724e-05,0,1505,7,1505,5,1,4,5,1.0,-0.0,0.0
R_001753,4,0.0016,3.263024609745705e-05,0,1559,4,1559,5,1,1,5,1.0,-0.0,0.0
R_001754,11,0.0044,6.969137450836905e-05,0,1628,0,1628,7,1,3,7,1.0,-0.0,0.0
R_001755,3,0.0012,2.6654294011832546e-05,0,3102,1,1571,5,3,7,3,0.6,0.9502705392332348,0.8649735207179272
R_001756,11,0.0044,7.24753211582481e-05,0,1565,2,1565,8,2,5,7,0.875,0.3767701612564367,0.5435644431995964
R_001757,9,0.0036,5.859564991133383e-05,0,1628,0,1628,8,1,3,8,1.0,-0.0,0.0
R_001758,4,0.0016,3.1456872272506264e-05,0,3102,1,1571,5,2,7,3,0.6,0.6730116670092565,0.9709505944546688
R_001759,2,0.0008,2.290948897285268e-05,0,1565,2,1565,5,2,5,4,0.8,0.5004024235381879,0.7219280948873623
R_001760,16,0.0064,8.876810499569492e-05,0,3102,6,1531,8,1,2,8,1.0,-0.0,0.0
R_001761,8,0.0032,5.626906102045181e-05,0,1565,2,1565,8,2,5,7,0.875,0.3767701612564367,0.5435644431995964
R_001762,14,0.0056,8.008950912750305e-05,0,3102,1,1571,7,4,7,3,0.4285714285714285,1.277034259466139,0.9211854965885544
R_001763,6,0.0024,4.364259739315277e-05,0,1550,5,1550,6,1,0,6,1.0,-0.0,0.0
R_001764,1,0.0004,1.7690961436339418e-05,0,1550,5,1550,5,1,0,5,1.0,-0.0,0.0
R_001765,7,0.0028,4.680725102925637e-05,0,3102,6,1531,7,1,2,7,1.0,-0.0,0.0
R_001766,5,0.002,3.7730368539873376e-05,0,1628,0,1628,6,1,3,6,1.0,-0.0,0.0
R_001767,11,0.0044,6.77597449109882e-05,0,1562,3,1562,8,2,6,7,0.875,0.3767701612564367,0.5435644431995964
R_001768,6,0.0024,4.360906154555219e-05,0,1550,5,1550,6,1,0,6,1.0,-0.0,0.0
R_001769,5,0.002,3.758532820207322e-05,0,1562,3,1562,5,3,6,3,0.6,0.9502705392332348,0.8649735207179272
R_001770,22,0.0088,0.00011624224690300674,0,3102,1,1571,8,4,7,5,0.625,1.073542846408523,0.7743974703476992
R_001771,3,0.0012,2.8613344511754538e-05,0,1565,2,1565,6,2,5,5,0.8333333333333334,0.4505612088663046,0.6500224216483541
R_001772,9,0.0036,6.127539949674464e-05,0,1565,2,1565,8,1,5,8,1.0,-0.0,0.0
R_001773,11,0.0044,6.76371510516652e-05,0,1562,3,1562,8,3,6,6,0.75,0.7356219397587946,0.6695919455357792
R_001774,6,0.0024,4.131292485691086e-05,0,3102,6,1531,5,1,2,5,1.0,-0.0,0.0
R_001775,3,0.0012,2.6765629348067277e-05,0,1559,4,1559,5,1,1,5,1.0,-0.0,0.0
R_001776,11,0.0044,6.483997713264209e-05,0,3102,1,1571,5,2,7,4,0.8,0.5004024235381879,0.7219280948873623
R_001777,4,0.0016,3.140541979274873e-05,0,3102,6,1531,6,1,2,6,1.0,-0.0,0.0
R_001778,6,0.0024,4.0277558347372874e-05,0,3102,6,1531,7,1,2,7,1.0,-0.0,0.0
R_001779,3,0.0012,2.769266354857144e-05,0,1562,3,1562,5,2,6,4,0.8,0.5004024235381879,0.7219280948873623
R_001780,7,0.0028,4.5899071821683335e-05,0,3102,1,1571,7,3,7,4,0.5714285714285714,0.9556998911125344,0.8699155297736259
R_001781,3,0.0012,2.864079369485965e-05,0,1565,2,1565,5,1,5,5,1.0,-0.0,0.0
R_001782,10,0.004,6.203218689145907e-05,0,1562,3,1562,8,3,6,6,0.75,0.7356219397587946,0.6695919455357792
R_001783,2,0.0008,2.2924179694472646e-05,0,1550,5,1550,5,1,0,5,1.0,-0.0,0.0
R_001784,8,0.0032,5.355670597042717e-05,0,1550,5,1550,6,1,0,6,1.0,-0.0,0.0
R_001785,10,0.004,6.638729909442662e-05,0,1565,2,1565,7,2,5,6,0.8571428571428571,0.410116318288409,0.5916727785823274
R_001786,4,0.0016,3.1497391144325974e-05,0,3102,1,1571,6,3,7,4,0.6666666666666666,0.8675632284814612,0.7896900821428474
R_001787,6,0.0024,4.540679834329429e-05,0,1565,2,1565,7,1,5,7,1.0,-0.0,0.0
R_001788,6,0.0024,4.0984617749383906e-05,0,3102,1,1571,5,4,7,2,0.4,1.3321790402101223,0.9609640474436812
R_001789,8,0.0032,5.610204333913268e-05,0,1565,2,1565,8,2,5,7,0.875,0.3767701612564367,0.5435644431995964
R_001790,6,0.0024,4.503956130827298e-05,0,1565,2,1565,7,2,5,6,0.8571428571428571,0.410116318288409,0.5916727785823274
R_001791,8,0.0032,5.0444860171572005e-05,0,3102,6,1531,6,1,2,6,1.0,-0.0,0.0
R_001792,5,0.002,3.683400568571364e-05,0,1562,3,1562,6,3,6,4,0.6666666666666666,0.8675632284814612,0.7896900821428474
R_001793,3,0.0012,2.7725097255824375e-05,0,1550,5,1550,5,1,0,5,1.0,-0.0,0.0
R_001794,6,0.0024,4.140092560142159e-05,0,1562,3,1562,6,3,6,4,0.6666666666666666,0.8675632284814612,0.7896900821428474
R_001795,4,0.0016,3.132933013170821e-05,0,3102,1,1571,5,4,7,2,0.4,1.3321790402101223,0.9609640474436812
R_001796,10,0.004,6.0460866710152595e-05,0,3102,6,1531,8,1,2,8,1.0,-0.0,0.0
R_001797,8,0.0032,5.2893355016051153e-05,0,1562,3,1562,8,2,6,7,0.875,0.3767701612564367,0.5435644431995964
R_001798,4,0.0016,3.305517527286863e-05,0,1628,0,1628,5,1,3,5,1.0,-0.0,0.0
R_001799,6,0.0024,4.0309355830877346e-05,0,3102,1,1571,6,4,7,3,0.5,1.242453324894,0.8962406251802889
R_001800,8,0.0032,4.964959069168734e-05,0,1505,7,1505,6,1,4,6,1.0,-0.0,0.0
R_001801,8,0.0032,5.262717326548728e-05,0,1559,4,1559,6,1,1,6,1.0,-0.0,0.0
R_001802,5,0.002,3.6814693765815436e-05,0,3102,6,1531,6,1,2,6,1.0,-0.0,0.0
R_001803,10,0.004,6.002341597333947e-05,0,3102,1,1571,7,4,7,3,0.4285714285714285,1.277034259466139,0.9211854965885544
R_001804,8,0.0032,4.961687227682033e-05,0,1505,7,1505,5,1,4,5,1.0,-0.0,0.0
R_001805,9,0.0036,5.647933639501773e-05,0,1559,4,1559,8,1,1,8,1.0,-0.0,0.0
R_001806,8,0.0032,5.270640019783219e-05,0,1628,0,1628,7,1,3,7,1.0,-0.0,0.0
R_001807,13,0.0052,7.413108764423953e-05,0,1505,7,1505,8,1,4,8,1.0,-0.0,0.0
R_001808,21,0.0084,0.00011096578306350678,0,3102,1,1571,8,3,7,5,0.625,0.9002560512685369,0.8194483718728035
R_001809,6,0.0024,4.07915578037352e-05,0,1505,7,1505,6,1,4,6,1.0,-0.0,0.0
R_001810,6,0.0024,4.202531235187401e-05,0,1559,4,1559,8,1,1,8,1.0,-0.0,0.0
R_001811,6,0.0024,4.253857816339444e-05,0,1562,3,1562,7,1,6,7,1.0,-0.0,0.0
R_001812,3,0.0012,2.8242704933087528e-05,0,1565,2,1565,6,2,5,5,0.8333333333333334,0.4505612088663046,0.6500224216483541
R_001813,10,0.004,6.503745243665279e-05,0,1550,5,1550,6,1,0,6,1.0,-0.0,0.0
R_001814,14,0.0056,7.831097222743647e-05,0,3102,1,1571,8,3,7,5,0.625,0.9002560512685369,0.8194483718728035
R_001815,6,0.0024,4.525873835188713e-05,0,1565,2,1565,7,2,5,6,0.8571428571428571,0.410116318288409,0.5916727785823274
R_001816,13,0.0052,7.42972543780337e-05,0,1505,7,1505,8,1,4,8,1.0,-0.0,0.0
R_001817,5,0.002,3.598560785570151e-05,0,1505,7,1505,5,1,4,5,1.0,-0.0,0.0
R_001818,7,0.0028,5.0790935900877725e-05,0,1565,2,1565,8,2,5,7,0.875,0.3767701612564367,0.5435644431995964
R_001819,3,0.0012,2.715274462930456e-05,0,1559,4,1559,5,1,1,5,1.0,-0.0,0.0
R_001820,8,0.0032,5.268422060917247e-05,0,1628,0,1628,8,1,3,8,1.0,-0.0,0.0
R_001821,3,0.0012,2.6651664474373595e-05,0,3102,6,1531,5,1,2,5,1.0,-0.0,0.0
R_001822,8,0.0032,5.2710565618166726e-05,0,1628,0,1628,5,1,3,5,1.0,-0.0,0.0
R_001823,9,0.0036,5.978255881083731e-05,0,1550,5,1550,6,1,0,6,1.0,-0.0,0.0
R_001824,2,0.0008,2.2336351191888566e-05,0,1562,3,1562,5,1,6,5,1.0,-0.0,0.0
R_001825,9,0.0036,5.787036562126098e-05,0,1562,3,1562,6,1,6,6,1.0,-0.0,0.0
R_001826,13,0.0052,7.89033991243085e-05,0,1628,0,1628,8,1,3,8,1.0,-0.0,0.0
R_001827,29,0.0116,0.0001577027194002816,0,1562,3,1562,8,3,6,6,0.75,0.7356219397587946,0.6695919455357792
R_001828,6,0.0024,4.35294912816516e-05,0,1628,0,1628,6,1,3,6,1.0,-0.0,0.0
R_001829,8,0.0032,5.542669970748018e-05,0,1565,2,1565,8,2,5,7,0.875,0.3767701612564367,0.5435644431995964
R_001830,9,0.0036,5.524797357812187e-05,0,3102,1,1571,7,4,7,4,0.5714285714285714,1.1537419427010902,0.8322488896002307
R_001831,13,0.0052,7.775156555958905e-05,0,1628,0,1628,7,1,3,7,1.0,-0.0,0.0
R_001832,7,0.0028,4.5433546201548824e-05,0,1505,7,1505,5,1,4,5,1.0,-0.0,0.0
R_001833,5,0.002,3.652140352940442e-05,0,3102,1,1571,5,2,7,3,0.6,0.6730116670092565,0.9709505944546688
R_001834,4,0.0016,3.3814587486525016e-05,0,1565,2,1565,7,1,5,7,1.0,-0.0,0.0
R_001835,5,0.002,3.549565411894156e-05,0,1505,7,1505,5,1,4,5,1.0,-0.0,0.0
R_001836,14,0.0056,7.918645430427134e-05,0,3102,1,1571,8,3,7,6,0.75,0.7356219397587946,0.6695919455357792
R_001837,4,0.0016,3.169975100165686e-05,0,3102,1,1571,6,3,7,4,0.6666666666666666,0.8675632284814612,0.7896900821428474
R_001838,4,0.0016,3.249422883730921e-05,0,1550,5,1550,6,1,0,6,1.0,-0.0,0.0
R_001839,6,0.0024,4.338328631302515e-05,0,1628,0,1628,5,1,3,5,1.0,-0.0,0.0
R_001840,13,0.0052,7.400166217706326e-05,0,3102,6,1531,7,1,2,7,1.0,-0.0,0.0
R_001841,22,0.0088,0.000132950001188556,0,1565,2,1565,8,1,5,8,1.0,-0.0,0.0
R_001842,14,0.0056,7.77506516747483e-05,0,3102,6,1531,8,1,2,8,1.0,-0.0,0.0
R_001843,7,0.0028,4.4959024548738186e-05,0,1505,7,1505,6,1,4,6,1.0,-0.0,0.0
R_001844,7,0.0028,4.797047733074884e-05,0,1562,3,1562,6,1,6,6,1.0,-0.0,0.0
R_001845,13,0.0052,8.430924889736928e-05,0,1565,2,1565,8,2,5,7,0.875,0.3767701612564367,0.5435644431995964
R_001846,7,0.0028,4.687741923413283e-05,0,1562,3,1562,7,3,6,5,0.7142857142857143,0.796311640173813,0.7248340915057598
R_001847,13,0.0052,7.351013436992333e-05,0,3102,1,1571,8,4,7,4,0.5,1.2130075659799042,0.875
R_001848,4,0.0016,3.1665714783109474e-05,0,3102,6,1531,6,1,2,6,1.0,-0.0,0.0
R_001849,11,0.0044,6.437340624006755e-05,0,3102,6,1531,7,1,2,7,1.0,-0.0,0.0
R_001850,3,0.0012,2.6707095469450434e-05,0,1505,7,1505,5,1,4,5,1.0,-0.0,0.0
R_001851,5,0.002,3.7542236154783765e-05,0,1628,0,1628,5,1,3,5,1.0,-0.0,0.0
R_001852,6,0.0024,4.434411498256645e-05,0,1550,5,1550,5,1,0,5,1.0,-0.0,0.0
R_001853,7,0.0028,5.0064373671461714e-05,0,1565,2,1565,5,2,5,4,0.8,0.5004024235381879,0.7219280948873623
R_001854,7,0.0028,5.046547014760309e-05,0,1565,2,1565,5,1,5,5,1.0,-0.0,0.0
R_001855,7,0.0028,5.0076022816034265e-05,0,1565,2,1565,6,2,5,5,0.8333333333333334,0.4505612088663046,0.6500224216483541
R_001856,5,0.002,3.974893793933391e-05,0,1565,2,1565,6,2,5,5,0.8333333333333334,0.4505612088663046,0.6500224216483541
R_001857,7,0.0028,4.825587304883293e-05,0,1628,0,1628,6,1,3,6,1.0,-0.0,0.0
R_001858,10,0.004,5.929022176083759e-05,0,1505,7,1505,7,1,4,7,1.0,-0.0,0.0
R_001859,5,0.002,3.827847666963986e-05,0,1628,0,1628,6,1,3,6,1.0,-0.0,0.0
R_001860,4,0.0016,3.326948865000786e-05,0,1628,0,1628,5,1,3,5,1.0,-0.0,0.0
R_001861,4,0.0016,3.263392646954078e-05,0,1562,3,1562,5,2,6,4,0.8,0.5004024235381879,0.7219280948873623
R_001862,13,0.0052,7.617083487417496e-05,0,1562,3,1562,7,2,6,6,0.8571428571428571,0.410116318288409,0.5916727785823274
R_001863,6,0.0024,4.076550343743962e-05,0,3102,6,1531,5,1,2,5,1.0,-0.0,0.0
R_001864,13,0.0052,8.325156406323508e-05,0,1565,2,1565,6,2,5,5,0.8333333333333334,0.4505612088663046,0.6500224216483541
R_001865,10,0.004,6.227819656296465e-05,0,1559,4,1559,7,1,1,7,1.0,-0.0,0.0
R_001866,10,0.004,6.054692782112449e-05,0,3102,6,1531,8,1,2,8,1.0,-0.0,0.0
R_001867,8,0.0032,5.0421327546382463e-05,0,1505,7,1505,7,1,4,7,1.0,-0.0,0.0
R_001868,8,0.0032,5.09055720647537e-05,0,3102,1,1571,6,4,7,3,0.5,1.242453324894,0.8962406251802889
R_001869,14,0.0056,7.95230532269007e-05,0,3102,6,1531,8,1,2,8,1.0,-0.0,0.0
R_001870,5,0.002,3.93390869303574e-05,0,1565,2,1565,7,2,5,6,0.8571428571428571,0.410116318288409,0.5916727785823274
R_001871,17,0.0068,9.986485244127054e-05,0,1628,0,1628,8,1,3,8,1.0,-0.0,0.0
R_001872,4,0.0016,3.1780082281587865e-05,0,3102,6,1531,7,1,2,7,1.0,-0.0,0.0
R_001873,7,0.0028,4.526787265942698e-05,0,3102,1,1571,6,3,7,4,0.6666666666666666,0.8675632284814612,0.7896900821428474
R_001874,8,0.0032,5.604361323681286e-05,0,1565,2,1565,7,1,5,7,1.0,-0.0,0.0
R_001875,11,0.0044,6.437469708651376e-05,0,3102,1,1571,8,4,7,4,0.5,1.2130075659799042,0.875
R_001876,3,0.0012,2.7329396822143852e-05,0,1562,3,1562,8,2,6,7,0.875,0.3767701612564367,0.5435644431995964
R_001877,6,0.0024,4.499450337832613e-05,0,1565,2,1565,7,2,5,6,0.8571428571428571,0.410116318288409,0.5916727785823274
R_001878,5,0.002,3.7339417102649995e-05,0,1559,4,1559,6,1,1,6,1.0,-0.0,0.0
R_001879,8,0.0032,5.2228287315074674e-05,0,1562,3,1562,6,2,6,5,0.8333333333333334,0.4505612088663046,0.6500224216483541
R_001880,7,0.0028,4.861542116213262e-05,0,1628,0,1628,6,1,3,6,1.0,-0.0,0.0
R_001881,2,0.0008,2.1786217668143256e-05,0,1505,7,1505,5,1,4,5,1.0,-0.0,0.0
R_001882,7,0.0028,4.748380585052147e-05,0,1628,0,1628,7,1,3,7,1.0,-0.0,0.0
R_001883,12,0.0048,7.290550321431353e-05,0,1628,0,1628,6,1,3,6,1.0,-0.0,0.0
R_001884,9,0.0036,5.878208873527208e-05,0,1628,0,1628,8,1,3,8,1.0,-0.0,0.0
R_001885,20,0.008,0.00011109821624223351,0,1559,4,1559,8,1,1,8,1.0,-0.0,0.0
R_001886,4,0.0016,3.4027309418378877e-05,0,1565,2,1565,8,2,5,7,0.875,0.3767701612564367,0.5435644431995964
R_001887,8,0.0032,4.998914435576532e-05,0,3102,1,1571,7,4,7,4,0.5714285714285714,1.1537419427010902,0.8322488896002307
R_001888,2,0.0008,2.2347744697473156e-05,0,1562,3,1562,6,3,6,4,0.6666666666666666,0.8675632284814612,0.7896900821428474
R_001889,10,0.004,6.252430429022843e-05,0,1562,3,1562,7,2,6,6,0.8571428571428571,0.410116318288409,0.5916727785823274
R_001890,12,0.0048,6.886090323869662e-05,0,1505,7,1505,7,1,4,7,1.0,-0.0,0.0
R_001891,8,0.0032,5.297202222031797e-05,0,1628,0,1628,7,1,3,7,1.0,-0.0,0.0
R_001892,4,0.0016,3.275209062308014e-05,0,1562,3,1562,6,1,6,6,1.0,-0.0,0.0
R_001893,2,0.0008,2.2373201662281652e-05,0,1628,0,1628,5,1,3,5,1.0,-0.0,0.0
R_001894,7,0.0028,4.907818095774589e-05,0,1550,5,1550,6,1,0,6,1.0,-0.0,0.0
R_001895,9,0.0036,6.171992707474226e-05,0,1565,2,1565,8,2,5,7,0.875,0.3767701612564367,0.5435644431995964
R_001896,8,0.0032,5.0059944245473115e-05,0,1505,7,1505,5,1,4,5,1.0,-0.0,0.0
R_001897,6,0.0024,4.2357846812233685e-05,0,1559,4,1559,5,1,1,5,1.0,-0.0,0.0
R_001898,8,0.0032,5.64913135826962e-05,0,1565,2,1565,8,2,5,7,0.875,0.3767701612564367,0.5435644431995964
R_001899,12,0.0048,6.895462435692362e-05,0,1505,7,1505,8,1,4,8,1.0,-0.0,0.0
R_001900,1,0.0004,1.7547893763818692e-05,0,1565,2,1565,5,1,5,5,1.0,-0.0,0.0
R_001901,8,0.0032,5.2018816219240846e-05,0,1562,3,1562,5,2,6,4,0.8,0.5004024235381879,0.7219280948873623
R_001902,5,0.002,3.903776646059812e-05,0,1565,2,1565,5,2,5,4,0.8,0.5004024235381879,0.7219280948873623
R_001903,21,0.0084,0.00011608226051973101,0,1559,4,1559,8,1,1,8,1.0,-0.0,0.0
R_001904,6,0.0024,4.29171611925357e-05,0,1562,3,1562,6,3,6,4,0.6666666666666666,0.8675632284814612,0.7896900821428474
R_001905,13,0.0052,7.336170097612901e-05,0,1505,7,1505,8,1,4,8,1.0,-0.0,0.0
R_001906,4,0.0016,3.238112397154941e-05,0,1559,4,1559,6,1,1,6,1.0,-0.0,0.0
R_001907,5,0.002,3.780323330634207e-05,0,1559,4,1559,5,1,1,5,1.0,-0.0,0.0
R_001908,4,0.0016,3.21826848177723e-05,0,1562,3,1562,6,2,6,5,0.8333333333333334,0.4505612088663046,0.6500224216483541
R_001909,9,0.0036,5.46908360573411e-05,0,3102,1,1571,7,3,7,4,0.5714285714285714,0.9556998911125344,0.8699155297736259
R_001910,7,0.0028,4.6160605143663056e-05,0,3102,6,1531,7,1,2,7,1.0,-0.0,0.0
R_001911,11,0.0044,6.415463741835467e-05,0,1505,7,1505,7,1,4,7,1.0,-0.0,0.0
R_001912,4,0.0016,3.404418469022041e-05,0,1565,2,1565,8,2,5,7,0.875,0.3767701612564367,0.5435644431995964
R_001913,8,0.0032,5.255461346337572e-05,0,1562,3,1562,7,3,6,5,0.7142857142857143,0.796311640173813,0.7248340915057598
R_001914,6,0.0024,4.0975265829432366e-05,0,3102,1,1571,5,3,2,2,0.4,1.0549201679861442,0.9602297178607612
R_001915,9,0.0036,5.478781826203181e-05,0,3102,1,1571,8,4,7,5,0.625,1.073542846408523,0.7743974703476992
R_001916,8,0.0032,5.235068244686374e-05,0,1562,3,1562,5,3,6,3,0.6,0.9502705392332348,0.8649735207179272
R_001917,13,0.0052,8.30209487846703e-05,0,1565,2,1565,5,1,5,5,1.0,-0.0,0.0
R_001918,7,0.0028,5.024533007203457e-05,0,1565,2,1565,5,2,5,4,0.8,0.5004024235381879,0.7219280948873623
R_001919,4,0.0016,3.1766305977039855e-05,0,3102,6,1531,5,1,2,5,1.0,-0.0,0.0
R_001920,0,0.0,1.2023710757614017e-05,1,1,11,1,5,1,2,5,1.0,-0.0,0.0
R_001921,4,0.0016,3.424195771250496e-05,0,1565,2,1565,6,2,5,5,0.8333333333333334,0.4505612088663046,0.6500224216483541
R_001922,3,0.0012,2.872112040696629e-05,0,1565,2,1565,5,1,5,5,1.0,-0.0,0.0
R_001923,9,0.0036,5.4598033608757346e-05,0,1505,7,1505,7,1,4,7,1.0,-0.0,0.0
R_001924,18,0.0072,9.812791285142388e-05,0,3102,6,1531,8,1,2,8,1.0,-0.0,0.0
R_001925,5,0.002,3.542703415297748e-05,0,1505,7,1505,6,1,4,6,1.0,-0.0,0.0
R_001926,17,0.0068,9.657901200624353e-05,0,1559,4,1559,7,1,1,7,1.0,-0.0,0.0
R_001927,3,0.0012,2.737722647880738e-05,0,1562,3,1562,5,2,6,4,0.8,0.5004024235381879,0.7219280948873623
R_001928,9,0.0036,5.514449190164968e-05,0,3102,1,1571,6,2,7,5,0.8333333333333334,0.4505612088663046,0.6500224216483541
R_001929,7,0.0028,4.5729332312988354e-05,0,3102,1,1571,6,3,7,4,0.6666666666666666,0.8675632284814612,0.7896900821428474
R_001930,2,0.0008,2.2324687194532634e-05,0,1562,3,1562,6,1,6,6,1.0,-0.0,0.0
R_001931,9,0.0036,5.877434671734202e-05,0,1550,5,1550,8,1,0,8,1.0,-0.0,0.0
R_001932,6,0.0024,4.262764631749141e-05,0,1562,3,1562,6,3,6,4,0.6666666666666666,0.8675632284814612,0.7896900821428474
R_001933,15,0.006,8.368719480896326e-05,0,3102,1,1571,6,3,7,4,0.6666666666666666,0.8675632284814612,0.7896900821428474
R_001934,3,0.0012,2.870493284348286e-05,0,1565,2,1565,5,2,5,4,0.8,0.5004024235381879,0.7219280948873623
R_001935,9,0.0036,5.453637018499974e-05,0,3102,1,1571,6,3,7,4,0.6666666666666666,0.8675632284814612,0.7896900821428474
R_001936,5,0.002,3.625928703928937e-05,0,3102,1,1571,5,4,7,2,0.4,1.3321790402101223,0.9609640474436812
R_001937,10,0.004,6.0345113855739485e-05,0,3102,1,1571,8,4,7,4,0.5,1.2130075659799042,0.875
R_001938,10,0.004,6.803169453962647e-05,0,1565,2,1565,7,2,5,6,0.8571428571428571,0.410116318288409,0.5916727785823274
R_001939,10,0.004,6.432604907165605e-05,0,1550,5,1550,6,1,0,6,1.0,-0.0,0.0
R_001940,3,0.0012,2.6874499558026057e-05,0,3102,6,1531,5,1,2,5,1.0,-0.0,0.0
R_001941,6,0.0024,4.119419677225487e-05,0,3102,6,1531,5,1,2,5,1.0,-0.0,0.0
R_001942,4,0.0016,3.419825265525701e-05,0,1565,2,1565,6,2,5,5,0.8333333333333334,0.4505612088663046,0.6500224216483541
R_001943,9,0.0036,5.783578346940168e-05,0,1559,4,1559,7,1,1,7,1.0,-0.0,0.0
R_001944,12,0.0048,7.142611290050739e-05,0,1559,4,1559,7,1,1,7,1.0,-0.0,0.0
R_001945,12,0.0048,6.85893732472272e-05,0,1505,7,1505,8,1,4,8,1.0,-0.0,0.0
R_001946,2,0.0008,2.2147706069546353e-05,0,3102,6,1531,5,1,2,5,1.0,-0.0,0.0
R_001947,3,0.0012,2.622085462998528e-05,0,3102,1,1571,6,4,7,3,0.5,1.242453324894,0.8962406251802889
R_001948,11,0.0044,6.432549150255647e-05,0,3102,6,1531,5,1,2,5,1.0,-0.0,0.0
R_001949,9,0.0036,6.0809790796279466e-05,0,1565,2,1565,5,1,5,5,1.0,-0.0,0.0
R_001950,9,0.0036,5.807584303989842e-05,0,1562,3,1562,7,2,6,6,0.8571428571428571,0.410116318288409,0.5916727785823274
R_001951,14,0.0056,8.917949986342408e-05,0,1565,2,1565,7,2,5,6,0.8571428571428571,0.410116318288409,0.5916727785823274
R_001952,3,0.0012,2.7544474511172853e-05,0,1628,0,1628,7,1,3,7,1.0,-0.0,0.0
R_001953,7,0.0028,4.598439549693784e-05,0,3102,6,1531,8,1,2,8,1.0,-0.0,0.0
R_001954,9,0.0036,5.721204469473628e-05,0,1562,3,1562,8,2,6,7,0.875,0.3767701612564367,0.5435644431995964
R_001955,11,0.0044,6.719904093330016e-05,0,1559,4,1559,8,1,1,8,1.0,-0.0,0.0
R_001956,10,0.004,6.398277311863409e-05,0,1550,5,1550,5,1,0,5,1.0,-0.0,0.0
R_001957,5,0.002,3.6400653312822796e-05,0,3102,6,1531,8,1,2,8,1.0,-0.0,0.0
R_001958,5,0.002,3.690246436230503e-05,0,1562,3,1562,6,3,6,4,0.6666666666666666,0.8675632284814612,0.7896900821428474
R_001959,16,0.0064,8.984181882563659e-05,0,3102,6,1531,7,1,2,7,1.0,-0.0,0.0
R_001960,8,0.0032,5.209033469815522e-05,0,1562,3,1562,6,2,6,5,0.8333333333333334,0.4505612088663046,0.6500224216483541
R_001961,9,0.0036,5.796904268915989e-05,0,1628,0,1628,8,1,3,8,1.0,-0.0,0.0
R_001962,7,0.0028,4.877974168466952e-05,0,1550,5,1550,6,1,0,6,1.0,-0.0,0.0
R_001963,3,0.0012,2.8309337443575242e-05,0,1565,2,1565,5,2,5,4,0.8,0.5004024235381879,0.7219280948873623
R_001964,6,0.0024,4.275940903542828e-05,0,1628,0,1628,6,1,3,6,1.0,-0.0,0.0
R_001965,5,0.002,3.6034569628994385e-05,0,1505,7,1505,5,1,4,5,1.0,-0.0,0.0
R_001966,4,0.0016,3.389085592647847e-05,0,1565,2,1565,6,2,5,5,0.8333333333333334,0.4505612088663046,0.6500224216483541
R_001967,4,0.0016,3.256533799013688e-05,0,1628,0,1628,6,1,3,6,1.0,-0.0,0.0
R_001968,11,0.0044,6.913624860278762e-05,0,1628,0,1628,7,1,3,7,1.0,-0.0,0.0
R_001969,12,0.0048,6.968718405585587e-05,0,3102,1,1571,8,4,7,5,0.625,1.073542846408523,0.7743974703476992
R_001970,26,0.0104,0.00013619634975392067,0,3102,1,1571,8,4,7,4,0.5,1.2130075659799042,0.875
R_001971,11,0.0044,6.399951374995478e-05,0,1505,7,1505,6,1,4,6,1.0,-0.0,0.0
R_001972,5,0.002,3.734553447631693e-05,0,1559,4,1559,6,1,1,6,1.0,-0.0,0.0
R_001973,14,0.0056,8.930528135996129e-05,0,1565,2,1565,5,1,5,5,1.0,-0.0,0.0
R_001974,5,0.002,3.719133821461871e-05,0,1559,4,1559,5,1,1,5,1.0,-0.0,0.0
R_001975,7,0.0028,4.934300241246251e-05,0,1550,5,1550,6,1,0,6,1.0,-0.0,0.0
R_001976,14,0.0056,8.234255048002946e-05,0,1562,3,1562,7,2,6,6,0.8571428571428571,0.410116318288409,0.5916727785823274
R_001977,5,0.002,3.6906241873359796e-05,0,3102,1,1571,5,4,7,2,0.4,1.3321790402101223,0.9609640474436812
R_001978,9,0.0036,5.950495690873386e-05,0,1550,5,1550,6,1,0,6,1.0,-0.0,0.0
R_001979,16,0.0064,8.822077655758711e-05,0,3102,1,1571,8,3,7,6,0.75,0.7356219397587946,0.6695919455357792
R_001980,15,0.006,9.370889017391118e-05,0,1565,2,1565,8,2,5,7,0.875,0.3767701612564367,0.5435644431995964
R_001981,4,0.0016,3.12745789860382e-05,0,3102,6,1531,6,1,2,6,1.0,-0.0,0.0
R_001982,5,0.002,3.662253468053441e-05,0,1559,4,1559,6,1,1,6,1.0,-0.0,0.0
R_001983,4,0.0016,3.41514151240408e-05,0,1565,2,1565,5,2,5,4,0.8,0.5004024235381879,0.7219280948873623
R_001984,7,0.0028,4.5696061858448035e-05,0,1505,7,1505,7,1,4,7,1.0,-0.0,0.0
R_001985,11,0.0044,6.929648553118993e-05,0,1550,5,1550,8,1,0,8,1.0,-0.0,0.0
R_001986,12,0.0048,6.979436331069162e-05,0,3102,6,1531,7,1,2,7,1.0,-0.0,0.0
R_001987,15,0.006,9.194340827434938e-05,0,1550,5,1550,8,1,0,8,1.0,-0.0,0.0
R_001988,14,0.0056,8.1537287382153e-05,0,1559,4,1559,8,1,1,8,1.0,-0.0,0.0
R_001989,9,0.0036,6.198241533543367e-05,0,1565,2,1565,7,2,5,6,0.8571428571428571,0.410116318288409,0.5916727785823274
R_001990,4,0.0016,3.116570241471678e-05,0,3102,6,1531,5,2,7,3,0.6,0.6730116670092565,0.9709505944546688
R_001991,7,0.0028,5.1094460693537066e-05,0,1565,2,1565,7,1,5,7,1.0,-0.0,0.0
R_001992,7,0.0028,4.5886866998885114e-05,0,3102,1,1571,6,3,7,4,0.6666666666666666,0.8675632284814612,0.7896900821428474
R_001993,3,0.0012,2.7415872840534463e-05,0,1562,3,1562,7,2,6,6,0.8571428571428571,0.410116318288409,0.5916727785823274
R_001994,5,0.002,3.68511518090893e-05,0,1562,3,1562,7,2,6,6,0.8571428571428571,0.410116318288409,0.5916727785823274
R_001995,9,0.0036,6.0111391302478715e-05,0,1550,5,1550,6,1,0,6,1.0,-0.0,0.0
R_001996,4,0.0016,3.088773915930294e-05,0,3102,1,1571,8,3,7,5,0.625,0.9002560512685369,0.8194483718728035
R_001997,4,0.0016,3.173503818209088e-05,0,1559,4,1559,6,1,1,6,1.0,-0.0,0.0
R_001998,6,0.0024,4.085729795339599e-05,0,1505,7,1505,7,1,4,7,1.0,-0.0,0.0
R_001999,7,0.0028,4.948152045766993e-05,0,1550,5,1550,7,1,0,7,1.0,-0.0,0.0
R_002000,11,0.0044,6.512820150469126e-05,0,3102,6,1531,7,1,2,7,1.0,-0.0,0.0
R_002001,8,0.0032,5.2291384529865074e-05,0,1559,4,1559,6,1,1,6,1.0,-0.0,0.0
R_002002,4,0.0016,3.162151353228982e-05,0,3102,1,1571,5,2,7,4,0.8,0.5004024235381879,0.7219280948873623
R_002003,4,0.0016,3.157580180343445e-05,0,1505,7,1505,5,1,4,5,1.0,-0.0,0.0
R_002004,8,0.0032,5.03788035976468e-05,0,3102,1,1571,6,2,7,5,0.8333333333333334,0.4505612088663046,0.6500224216483541
R_002005,8,0.0032,5.009963978666079e-05,0,3102,1,1571,7,4,7,4,0.5714285714285714,1.1537419427010902,0.8322488896002307
R_002006,4,0.0016,3.1914725100457196e-05,0,3102,6,1531,7,1,2,7,1.0,-0.0,0.0
R_002007,7,0.0028,4.6984742044743715e-05,0,1559,4,1559,7,1,1,7,1.0,-0.0,0.0
R_002008,2,0.0008,2.2367528879310034e-05,0,1562,3,1562,5,2,6,4,0.8,0.5004024235381879,0.7219280948873623
R_002009,5,0.002,3.660022407610482e-05,0,3102,6,1531,8,1,2,8,1.0,-0.0,0.0
R_002010,6,0.0024,4.490528552666447e-05,0,1565,2,1565,6,1,5,6,1.0,-0.0,0.0
R_002011,43,0.0172,0.0002153091180728814,0,1505,7,1505,8,1,4,8,1.0,-0.0,0.0
R_002012,5,0.002,3.562064584763175e-05,0,1505,7,1505,7,1,4,7,1.0,-0.0,0.0
R_002013,1,0.0004,1.7793649455411756e-05,0,1565,2,1565,5,1,5,5,1.0,-0.0,0.0
R_002014,6,0.0024,4.215076404345995e-05,0,1559,4,1559,5,1,1,5,1.0,-0.0,0.0
R_002015,6,0.0024,4.106116189081644e-05,0,3102,6,1531,5,1,2,5,1.0,-0.0,0.0
R_002016,11,0.0044,6.517483916998166e-05,0,3102,6,1531,6,1,2,6,1.0,-0.0,0.0
R_002017,6,0.0024,4.1614388842944624e-05,0,1559,4,1559,6,1,1,6,1.0,-0.0,0.0
R_002018,5,0.002,3.551882380993255e-05,0,1505,7,1505,5,1,4,5,1.0,-0.0,0.0
R_002019,1,0.0004,1.7350535099894094e-05,0,1559,4,1559,6,1,1,6,1.0,-0.0,0.0
R_002020,3,0.0012,2.7541168505380005e-05,0,1559,4,1559,5,1,1,5,1.0,-0.0,0.0
R_002021,11,0.0044,6.940124146525302e-05,0,1550,5,1550,6,1,0,6,1.0,-0.0,0.0
R_002022,8,0.0032,5.5839597400910125e-05,0,1565,2,1565,6,2,5,5,0.8333333333333334,0.4505612088663046,0.6500224216483541
R_002023,10,0.004,6.0764411830781496e-05,0,3102,1,1571,8,3,7,5,0.625,0.9002560512685369,0.8194483718728035
R_002024,8,0.0032,5.3229525184029066e-05,0,1628,0,1628,8,1,3,8,1.0,-0.0,0.0
R_002025,4,0.0016,3.33087034557212e-05,0,1550,5,1550,5,1,0,5,1.0,-0.0,0.0
R_002026,5,0.002,3.624778600389453e-05,0,3102,1,1571,5,2,7,3,0.6,0.6730116670092565,0.9709505944546688
R_002027,5,0.002,3.607546532767624e-05,0,3102,1,1571,8,4,7,5,0.625,1.073542846408523,0.7743974703476992
R_002028,6,0.0024,4.177946631653887e-05,0,1562,3,1562,6,1,6,6,1.0,-0.0,0.0
R_002029,7,0.0028,4.553102220583432e-05,0,3102,1,1571,6,3,7,3,0.5,1.0114042647073518,0.920619835714305
R_002030,7,0.0028,4.548919910731996e-05,0,3102,1,1571,8,4,7,5,0.625,1.073542846408523,0.7743974703476992
R_002031,6,0.0024,4.3360205826538916e-05,0,1628,0,1628,5,1,3,5,1.0,-0.0,0.0
R_002032,11,0.0044,6.606621250165309e-05,0,1562,3,1562,7,3,6,5,0.7142857142857143,0.796311640173813,0.7248340915057598
R_002033,10,0.004,6.353990914720545e-05,0,1628,0,1628,6,1,3,6,1.0,-0.0,0.0
R_002034,9,0.0036,5.494079235149768e-05,0,3102,1,1571,6,3,7,4,0.6666666666666666,0.8675632284814612,0.7896900821428474
R_002035,5,0.002,3.9378802726956e-05,0,1565,2,1565,6,2,5,5,0.8333333333333334,0.4505612088663046,0.6500224216483541
R_002036,4,0.0016,3.2489206262242956e-05,0,1562,3,1562,7,2,6,6,0.8571428571428571,0.410116318288409,0.5916727785823274
R_002037,7,0.0028,4.741242742064762e-05,0,1562,3,1562,8,3,6,6,0.75,0.7356219397587946,0.6695919455357792
R_002038,7,0.0028,5.0541539398666035e-05,0,1565,2,1565,7,2,5,6,0.8571428571428571,0.410116318288409,0.5916727785823274
R_002039,8,0.0032,5.595815319178534e-05,0,1565,2,1565,7,1,5,7,1.0,-0.0,0.0
R_002040,6,0.0024,4.106644536122687e-05,0,3102,6,1531,5,1,2,5,1.0,-0.0,0.0
R_002041,6,0.0024,4.295019240200995e-05,0,1628,0,1628,7,1,3,7,1.0,-0.0,0.0
R_002042,2,0.0008,2.1673680935447806e-05,0,1505,7,1505,5,1,4,5,1.0,-0.0,0.0
R_002043,19,0.0076,0.00011630023278868462,0,1565,2,1565,7,2,5,6,0.8571428571428571,0.410116318288409,0.5916727785823274
R_002044,4,0.0016,3.2697038706006664e-05,0,1628,0,1628,5,1,3,5,1.0,-0.0,0.0
R_002045,7,0.0028,4.9760179295602756e-05,0,1550,5,1550,8,1,0,8,1.0,-0.0,0.0
R_002046,5,0.002,3.785305052137875e-05,0,1628,0,1628,6,1,3,6,1.0,-0.0,0.0
R_002047,3,0.0012,2.7374434399173194e-05,0,1559,4,1559,6,1,1,6,1.0,-0.0,0.0
R_002048,5,0.002,3.903039472564086e-05,0,1550,5,1550,5,1,0,5,1.0,-0.0,0.0
R_002049,7,0.0028,4.5672445634298064e-05,0,3102,1,1571,8,4,7,5,0.625,1.073542846408523,0.7743974703476992
R_002050,14,0.0056,7.860324180659027e-05,0,1505,7,1505,7,1,4,7,1.0,-0.0,0.0
R_002051,9,0.0036,5.980647137129738e-05,0,1550,5,1550,5,1,0,5,1.0,-0.0,0.0
R_002052,7,0.0028,4.630195594033486e-05,0,3102,6,1531,7,1,2,7,1.0,-0.0,0.0
R_002053,3,0.0012,2.787451893998335e-05,0,1628,0,1628,5,1,3,5,1.0,-0.0,0.0
R_002054,3,0.0012,2.7949164180134717e-05,0,1628,0,1628,6,1,3,6,1.0,-0.0,0.0
R_002055,8,0.0032,5.204844754546266e-05,0,1559,4,1559,7,1,1,7,1.0,-0.0,0.0
R_002056,9,0.0036,5.751168525658587e-05,0,1559,4,1559,7,1,1,7,1.0,-0.0,0.0
R_002057,9,0.0036,5.923956217412525e-05,0,1550,5,1550,7,1,0,7,1.0,-0.0,0.0
R_002058,15,0.006,8.330202139696245e-05,0,3102,6,1531,8,1,2,8,1.0,-0.0,0.0
R_002059,6,0.0024,4.104071039326115e-05,0,3102,1,1571,5,4,7,2,0.4,1.3321790402101223,0.9609640474436812
R_002060,22,0.0088,0.00012195973896554395,0,1562,3,1562,8,3,6,6,0.75,0.7356219397587946,0.6695919455357792
R_002061,4,0.0016,3.322683200420834e-05,0,1550,5,1550,5,1,0,5,1.0,-0.0,0.0
R_002062,4,0.0016,3.3070869846575926e-05,0,1550,5,1550,5,1,0,5,1.0,-0.0,0.0
R_002063,10,0.004,5.936840898578532e-05,0,1505,7,1505,8,1,4,8,1.0,-0.0,0.0
R_002064,8,0.0032,5.031938327897632e-05,0,3102,1,1571,8,3,7,5,0.625,0.9002560512685369,0.8194483718728035
R_002065,5,0.002,3.677342016999925e-05,0,3102,1,1571,6,4,7,3,0.5,1.242453324894,0.8962406251802889
R_002066,5,0.002,3.663815865681082e-05,0,3102,6,1531,6,1,2,6,1.0,-0.0,0.0
R_002067,4,0.0016,3.234501934781999e-05,0,1562,3,1562,6,2,6,5,0.8333333333333334,0.4505612088663046,0.6500224216483541
R_002068,6,0.0024,4.392731696553615e-05,0,1550,5,1550,5,1,0,5,1.0,-0.0,0.0
R_002069,9,0.0036,5.469290005697816e-05,0,1505,7,1505,6,1,4,6,1.0,-0.0,0.0
R_002070,8,0.0032,5.249559868976611e-05,0,1562,3,1562,8,3,6,6,0.75,0.7356219397587946,0.6695919455357792
R_002071,11,0.0044,7.219398589387583e-05,0,1565,2,1565,7,2,5,6,0.8571428571428571,0.410116318288409,0.5916727785823274
R_002072,11,0.0044,6.535791553356513e-05,0,3102,1,1571,8,4,7,4,0.5,1.2130075659799042,0.875
R_002073,4,0.0016,3.26255275288581e-05,0,1562,3,1562,6,2,6,5,0.8333333333333334,0.4505612088663046,0.6500224216483541
R_002074,7,0.0028,5.019205423417729e-05,0,1565,2,1565,7,2,5,6,0.8571428571428571,0.410116318288409,0.5916727785823274
R_002075,18,0.0072,0.00010397294378169781,0,1628,0,1628,8,1,3,8,1.0,-0.0,0.0
R_002076,5,0.002,3.858137951617689e-05,0,1550,5,1550,6,1,0,6,1.0,-0.0,0.0
R_002077,11,0.0044,6.439505130298867e-05,0,3102,1,1571,7,3,7,5,0.7142857142857143,0.796311640173813,0.7248340915057598
R_002078,3,0.0012,2.7066449956880723e-05,0,1559,4,1559,5,1,1,5,1.0,-0.0,0.0
R_002079,10,0.004,6.417072575943582e-05,0,1550,5,1550,8,1,0,8,1.0,-0.0,0.0
R_002080,6,0.0024,4.5999017263301416e-05,0,1565,2,1565,5,1,5,5,1.0,-0.0,0.0
R_002081,9,0.0036,5.516713302405296e-05,0,3102,1,1571,6,4,7,3,0.5,1.242453324894,0.8962406251802889
R_002082,6,0.0024,4.3887048686377644e-05,0,1550,5,1550,6,1,0,6,1.0,-0.0,0.0
R_002083,4,0.0016,3.161166925278726e-05,0,3102,1,1571,5,2,7,4,0.8,0.5004024235381879,0.7219280948873623
R_002084,2,0.0008,2.158420636054801e-05,0,1505,7,1505,5,1,4,5,1.0,-0.0,0.0
R_002085,10,0.004,6.168201665702347e-05,0,1559,4,1559,8,1,1,8,1.0,-0.0,0.0
R_002086,14,0.0056,7.907453829613784e-05,0,3102,6,1531,7,1,2,7,1.0,-0.0,0.0
R_002087,5,0.002,3.7629948157700196e-05,0,1628,0,1628,7,1,3,7,1.0,-0.0,0.0
R_002088,10,0.004,5.9769411037993176e-05,0,3102,1,1571,5,2,7,4,0.8,0.5004024235381879,0.7219280948873623
R_002089,37,0.0148,0.00018858212902010901,0,3102,6,1531,8,1,2,8,1.0,-0.0,0.0
R_002090,11,0.0044,6.501875766694746e-05,0,3102,6,1531,7,1,2,7,1.0,-0.0,0.0
R_002091,8,0.0032,5.434948934770076e-05,0,1550,5,1550,8,1,0,8,1.0,-0.0,0.0
R_002092,3,0.0012,2.8050251463579354e-05,0,1628,0,1628,5,1,3,5,1.0,-0.0,0.0
R_002093,6,0.0024,4.250388337676593e-05,0,1628,0,1628,5,1,3,5,1.0,-0.0,0.0
R_002094,6,0.0024,4.186445120992427e-05,0,1562,3,1562,5,3,6,3,0.6,0.9502705392332348,0.8649735207179272
R_002095,8,0.0032,5.151022810272886e-05,0,1559,4,1559,7,1,1,7,1.0,-0.0,0.0
R_002096,12,0.0048,7.385701177148245e-05,0,1628,0,1628,7,1,3,7,1.0,-0.0,0.0
R_002097,2,0.0008,2.2370173825180694e-05,0,1559,4,1559,5,1,1,5,1.0,-0.0,0.0
R_002098,4,0.0016,3.1722880229469424e-05,0,3102,1,1571,7,4,7,4,0.5714285714285714,1.1537419427010902,0.8322488896002307
R_002099,6,0.0024,4.251407254285071e-05,0,1559,4,1559,7,1,1,7,1.0,-0.0,0.0
R_002100,7,0.0028,4.751409601397826e-05,0,1628,0,1628,7,1,3,7,1.0,-0.0,0.0
R_002101,7,0.0028,4.704324859957852e-05,0,1559,4,1559,7,1,1,7,1.0,-0.0,0.0
R_002102,5,0.002,3.76613559241274e-05,0,1628,0,1628,7,1,3,7,1.0,-0.0,0.0
R_002103,5,0.002,3.8428359698907255e-05,0,1550,5,1550,7,1,0,7,1.0,-0.0,0.0
R_002104,11,0.0044,6.339668838656948e-05,0,1505,7,1505,8,1,4,8,1.0,-0.0,0.0
R_002105,3,0.0012,2.812257698507975e-05,0,1550,5,1550,5,1,0,5,1.0,-0.0,0.0
R_002106,12,0.0048,6.90333650263379e-05,0,1505,7,1505,8,1,4,8,1.0,-0.0,0.0
R_002107,13,0.0052,7.374946587887301e-05,0,3102,1,1571,8,3,7,5,0.625,0.9002560512685369,0.8194483718728035
R_002108,3,0.0012,2.749977561900981e-05,0,1628,0,1628,5,1,3,5,1.0,-0.0,0.0
R_002109,6,0.0024,4.094341668330453e-05,0,1505,7,1505,5,1,4,5,1.0,-0.0,0.0
R_002110,13,0.0052,8.254597937223381e-05,0,1565,2,1565,6,2,5,5,0.8333333333333334,0.4505612088663046,0.6500224216483541
R_002111,2,0.0008,2.253650427819518e-05,0,1628,0,1628,7,1,3,7,1.0,-0.0,0.0
R_002112,6,0.0024,4.2477546612421565e-05,0,1559,4,1559,7,1,1,7,1.0,-0.0,0.0
R_002113,2,0.0008,2.3007706128095647e-05,0,1559,4,1559,7,1,1,7,1.0,-0.0,0.0
R_002114,10,0.004,6.488905209897135e-05,0,1550,5,1550,6,1,0,6,1.0,-0.0,0.0
R_002115,3,0.0012,2.7886866877642278e-05,0,1550,5,1550,5,1,0,5,1.0,-0.0,0.0
R_002116,9,0.0036,5.505657300532354e-05,0,1505,7,1505,8,1,4,8,1.0,-0.0,0.0
R_002117,12,0.0048,7.71910994653453e-05,0,1565,2,1565,7,2,5,6,0.8571428571428571,0.410116318288409,0.5916727785823274
R_002118,3,0.0012,2.8961328045522037e-05,0,1565,2,1565,5,2,5,4,0.8,0.5004024235381879,0.7219280948873623
R_002119,2,0.0008,2.268011315478805e-05,0,1628,0,1628,8,1,3,8,1.0,-0.0,0.0
R_002120,8,0.0032,5.0260731527769996e-05,0,3102,6,1531,6,1,2,6,1.0,-0.0,0.0
R_002121,7,0.0028,4.652335294510213e-05,0,3102,6,1531,6,1,2,6,1.0,-0.0,0.0
R_002122,3,0.0012,2.7971634969052266e-05,0,1565,2,1565,5,1,5,5,1.0,-0.0,0.0
R_002123,8,0.0032,5.1540480712386765e-05,0,1562,3,1562,6,2,6,5,0.8333333333333334,0.4505612088663046,0.6500224216483541
R_002124,9,0.0036,5.678558295445559e-05,0,1559,4,1559,6,1,1,6,1.0,-0.0,0.0
R_002125,18,0.0072,9.755134917734482e-05,0,1505,7,1505,7,1,4,7,1.0,-0.0,0.0
R_002126,3,0.0012,2.8793480527727208e-05,0,1565,2,1565,6,2,5,5,0.8333333333333334,0.4505612088663046,0.6500224216483541
R_002127,20,0.008,0.00011138574540029279,0,1559,4,1559,8,1,1,8,1.0,-0.0,0.0
R_002128,10,0.004,6.289202829343409e-05,0,1562,3,1562,6,1,6,6,1.0,-0.0,0.0
R_002129,1,0.0004,1.7340697015049743e-05,0,3102,6,1531,5,1,2,5,1.0,-0.0,0.0
R_002130,8,0.0032,5.290575213795482e-05,0,1628,0,1628,8,1,3,8,1.0,-0.0,0.0
R_002131,5,0.002,3.8518999259498503e-05,0,1550,5,1550,6,1,0,6,1.0,-0.0,0.0
R_002132,5,0.002,3.5669721690271136e-05,0,1505,7,1505,5,1,4,5,1.0,-0.0,0.0
R_002133,5,0.002,3.6400535740565094e-05,0,3102,6,1531,6,1,2,6,1.0,-0.0,0.0
R_002134,4,0.0016,3.120901598829028e-05,0,3102,1,1571,5,2,7,4,0.8,0.5004024235381879,0.7219280948873623
R_002135,5,0.002,3.5672320985481975e-05,0,3102,1,1571,5,2,7,4,0.8,0.5004024235381879,0.7219280948873623
R_002136,21,0.0084,0.00011164164209454318,0,3102,6,1531,8,1,2,8,1.0,-0.0,0.0
R_002137,2,0.0008,2.1803531847860248e-05,0,1505,7,1505,5,1,4,5,1.0,-0.0,0.0
R_002138,4,0.0016,3.1242920096734056e-05,0,3102,6,1531,5,1,2,5,1.0,-0.0,0.0
R_002139,5,0.002,3.8822336674316805e-05,0,1550,5,1550,5,1,0,5,1.0,-0.0,0.0
R_002140,15,0.006,9.15877802109443e-05,0,1550,5,1550,6,1,0,6,1.0,-0.0,0.0
R_002141,6,0.0024,4.3629527200198026e-05,0,1628,0,1628,7,1,3,7,1.0,-0.0,0.0
R_002142,6,0.0024,4.069113649832278e-05,0,3102,6,1531,7,1,2,7,1.0,-0.0,0.0
R_002143,9,0.0036,5.4642548286920344e-05,0,1505,7,1505,6,1,4,6,1.0,-0.0,0.0
R_002144,11,0.0044,6.715312539161491e-05,0,1559,4,1559,6,1,1,6,1.0,-0.0,0.0
R_002145,10,0.004,6.330494236692385e-05,0,1628,0,1628,8,1,3,8,1.0,-0.0,0.0
R_002146,11,0.0044,7.047958090151003e-05,0,1550,5,1550,8,1,0,8,1.0,-0.0,0.0
R_002147,8,0.0032,5.38253456025638e-05,0,1628,0,1628,7,1,3,7,1.0,-0.0,0.0
R_002148,12,0.0048,6.94911491297257e-05,0,3102,1,1571,7,4,7,4,0.5714285714285714,1.1537419427010902,0.8322488896002307
R_002149,6,0.0024,4.241155021902865e-05,0,1628,0,1628,6,1,3,6,1.0,-0.0,0.0
R_002150,5,0.002,3.78087661846493e-05,0,1559,4,1559,6,1,1,6,1.0,-0.0,0.0
R_002151,6,0.0024,4.342180575508031e-05,0,1550,5,1550,8,1,0,8,1.0,-0.0,0.0
R_002152,17,0.0068,9.260358251839136e-05,0,1505,7,1505,7,1,4,7,1.0,-0.0,0.0
R_002153,25,0.01,0.00013124305732122786,0,3102,1,1571,7,3,7,4,0.5714285714285714,0.9556998911125344,0.8699155297736259
R_002154,22,0.0088,0.00012255007355422624,0,1559,4,1559,8,1,1,8,1.0,-0.0,0.0
R_002155,6,0.0024,4.510643669656079e-05,0,1565,2,1565,5,2,5,4,0.8,0.5004024235381879,0.7219280948873623
R_002156,15,0.006,8.38786988537049e-05,0,1505,7,1505,8,1,4,8,1.0,-0.0,0.0
R_002157,2,0.0008,2.1741362673117348e-05,0,3102,1,1571,5,2,7,4,0.8,0.5004024235381879,0.7219280948873623
R_002158,10,0.004,6.210946034030672e-05,0,1562,3,1562,7,3,6,5,0.7142857142857143,0.796311640173813,0.7248340915057598
R_002159,10,0.004,5.950054076650446e-05,0,3102,1,1571,8,4,7,4,0.5,1.2130075659799042,0.875
R_002160,8,0.0032,5.049954619215278e-05,0,3102,1,1571,6,4,7,3,0.5,1.242453324894,0.8962406251802889
R_002161,6,0.0024,4.2443671892195445e-05,0,1559,4,1559,7,1,1,7,1.0,-0.0,0.0
R_002162,17,0.0068,9.750139084519818e-05,0,1562,3,1562,7,3,6,5,0.7142857142857143,0.796311640173813,0.7248340915057598
R_002163,7,0.0028,4.6884449799126595e-05,0,1559,4,1559,7,1,1,7,1.0,-0.0,0.0
R_002164,3,0.0012,2.773173880106153e-05,0,1628,0,1628,5,1,3,5,1.0,-0.0,0.0
R_002165,6,0.0024,4.049829592795794e-05,0,1505,7,1505,6,1,4,6,1.0,-0.0,0.0
R_002166,9,0.0036,5.494885296150864e-05,0,1505,7,1505,8,1,4,8,1.0,-0.0,0.0
R_002167,6,0.0024,4.30452269481941e-05,0,1628,0,1628,6,1,3,6,1.0,-0.0,0.0
R_002168,12,0.0048,6.925616773502624e-05,0,3102,1,1571,7,4,7,3,0.4285714285714285,1.277034259466139,0.9211854965885544
R_002169,10,0.004,6.120708567363709e-05,0,1562,3,1562,8,3,6,6,0.75,0.7356219397587946,0.6695919455357792
R_002170,7,0.0028,4.726365095550377e-05,0,1562,3,1562,6,2,6,5,0.8333333333333334,0.4505612088663046,0.6500224216483541
R_002171,11,0.0044,6.759954667828942e-05,0,1562,3,1562,8,3,6,6,0.75,0.7356219397587946,0.6695919455357792
R_002172,15,0.006,8.283555364736874e-05,0,3102,6,1531,8,1,2,8,1.0,-0.0,0.0
R_002173,12,0.0048,7.52090360447625e-05,0,1550,5,1550,8,1,0,8,1.0,-0.0,0.0
R_002174,6,0.0024,4.070562556055722e-05,0,1505,7,1505,5,1,4,5,1.0,-0.0,0.0
R_002175,10,0.004,6.60935836609743e-05,0,1565,2,1565,8,2,5,7,0.875,0.3767701612564367,0.5435644431995964
R_002176,17,0.0068,0.00010177126269843805,0,1550,5,1550,8,1,0,8,1.0,-0.0,0.0
R_002177,6,0.0024,4.045579347253766e-05,0,1505,7,1505,8,1,4,8,1.0,-0.0,0.0
R_002178,5,0.002,3.8941643443361044e-05,0,1565,2,1565,5,1,5,5,1.0,-0.0,0.0
R_002179,8,0.0032,4.9558214448343003e-05,0,1505,7,1505,7,1,4,7,1.0,-0.0,0.0
R_002180,16,0.0064,9.589562885383214e-05,0,1550,5,1550,7,1,0,7,1.0,-0.0,0.0
R_002181,10,0.004,6.595936883606058e-05,0,1550,5,1550,8,1,0,8,1.0,-0.0,0.0
R_002182,5,0.002,3.626818224721775e-05,0,3102,6,1531,5,1,2,5,1.0,-0.0,0.0
R_002183,5,0.002,3.693347431440468e-05,0,3102,6,1531,5,1,2,5,1.0,-0.0,0.0
R_002184,7,0.0028,4.8643558188543234e-05,0,1550,5,1550,7,1,0,7,1.0,-0.0,0.0
R_002185,8,0.0032,5.025403420538537e-05,0,1505,7,1505,6,1,4,6,1.0,-0.0,0.0
R_002186,4,0.0016,3.3345944260138843e-05,0,1550,5,1550,5,1,0,5,1.0,-0.0,0.0
R_002187,6,0.0024,4.371326542269321e-05,0,1550,5,1550,6,1,0,6,1.0,-0.0,0.0
R_002188,3,0.0012,2.8699548458605914e-05,0,1565,2,1565,7,2,5,6,0.8571428571428571,0.410116318288409,0.5916727785823274
R_002189,3,0.0012,2.6529598513190875e-05,0,3102,1,1571,5,2,7,4,0.8,0.5004024235381879,0.7219280948873623
R_002190,2,0.0008,2.2379275316880727e-05,0,1559,4,1559,5,1,1,5,1.0,-0.0,0.0
R_002191,10,0.004,5.973325553373931e-05,0,3102,1,1571,7,3,7,5,0.7142857142857143,0.796311640173813,0.7248340915057598
R_002192,7,0.0028,4.8662199049278914e-05,0,1550,5,1550,5,1,0,5,1.0,-0.0,0.0
R_002193,7,0.0028,4.8135880974347406e-05,0,1628,0,1628,8,1,3,8,1.0,-0.0,0.0
R_002194,2,0.0008,2.1779487352269078e-05,0,3102,1,1571,5,2,7,3,0.6,0.6730116670092565,0.9709505944546688
R_002195,7,0.0028,5.03248133590063e-05,0,1565,2,1565,7,1,5,7,1.0,-0.0,0.0
R_002196,6,0.0024,4.0761800630566664e-05,0,3102,1,1571,6,3,7,4,0.6666666666666666,0.8675632284814612,0.7896900821428474
R_002197,1,0.0004,1.7214551078504093e-05,0,3102,6,1531,5,1,2,5,1.0,-0.0,0.0
R_002198,7,0.0028,5.098129882112576e-05,0,1565,2,1565,7,2,5,6,0.8571428571428571,0.410116318288409,0.5916727785823274
R_002199,3,0.0012,2.7660964162176174e-05,0,1628,0,1628,5,1,3,5,1.0,-0.0,0.0
R_002200,9,0.0036,5.596192525712286e-05,0,3102,1,1571,6,3,7,3,0.5,1.0114042647073518,0.920619835714305
R_002201,6,0.0024,4.046418839483315e-05,0,3102,1,1571,7,2,7,5,0.7142857142857143,0.5982695885852573,0.8631205685666311
R_002202,8,0.0032,5.378279253914134e-05,0,1628,0,1628,8,1,3,8,1.0,-0.0,0.0
R_002203,6,0.0024,4.092868306913882e-05,0,3102,6,1531,8,1,2,8,1.0,-0.0,0.0
R_002204,5,0.002,3.5948031611234764e-05,0,3102,6,1531,5,1,2,5,1.0,-0.0,0.0
R_002205,13,0.0052,8.048864303815162e-05,0,1550,5,1550,8,1,0,8,1.0,-0.0,0.0
R_002206,7,0.0028,4.5243967159171205e-05,0,1505,7,1505,6,1,4,6,1.0,-0.0,0.0
R_002207,3,0.0012,2.897804594470991e-05,0,1565,2,1565,5,1,5,5,1.0,-0.0,0.0
R_002208,11,0.0044,6.729777697017275e-05,0,1562,3,1562,7,1,6,7,1.0,-0.0,0.0
R_002209,8,0.0032,5.0344428096893185e-05,0,1505,7,1505,8,1,4,8,1.0,-0.0,0.0
R_002210,8,0.0032,5.419588058658488e-05,0,1550,5,1550,7,1,0,7,1.0,-0.0,0.0
R_002211,4,0.0016,3.3053931728980695e-05,0,1550,5,1550,7,1,0,7,1.0,-0.0,0.0
R_002212,16,0.0064,9.218663703035543e-05,0,1562,3,1562,8,2,6,7,0.875,0.3767701612564367,0.5435644431995964
R_002213,7,0.0028,4.719988025236487e-05,0,1562,3,1562,8,2,6,7,0.875,0.3767701612564367,0.5435644431995964
R_002214,12,0.0048,7.227441142494584e-05,0,1562,3,1562,6,2,6,5,0.8333333333333334,0.4505612088663046,0.6500224216483541
R_002215,4,0.0016,3.1220797940026895e-05,0,3102,1,1571,5,2,7,4,0.8,0.5004024235381879,0.7219280948873623
R_002216,1,0.0004,1.773231724962588e-05,0,1565,2,1565,6,1,5,6,1.0,-0.0,0.0
R_002217,6,0.0024,4.0246296944964136e-05,0,3102,6,1531,6,1,2,6,1.0,-0.0,0.0
R_002218,8,0.0032,5.3272034966107945e-05,0,1559,4,1559,8,1,1,8,1.0,-0.0,0.0
R_002219,29,0.0116,0.0001514875041217988,0,3102,6,1531,8,1,2,8,1.0,-0.0,0.0
R_002220,5,0.002,3.7122315764112945e-05,0,1559,4,1559,6,1,1,6,1.0,-0.0,0.0
R_002221,13,0.0052,7.87652168643474e-05,0,1628,0,1628,8,1,3,8,1.0,-0.0,0.0
R_002222,9,0.0036,5.898626221303338e-05,0,1550,5,1550,7,1,0,7,1.0,-0.0,0.0
R_002223,5,0.002,3.7122190874778224e-05,0,1559,4,1559,5,1,1,5,1.0,-0.0,0.0
R_002224,3,0.0012,2.7573694418394676e-05,0,1550,5,1550,5,1,0,5,1.0,-0.0,0.0
R_002225,10,0.004,6.514601087750128e-05,0,1550,5,1550,6,1,0,6,1.0,-0.0,0.0
R_002226,2,0.0008,2.2309111625134377e-05,0,1628,0,1628,5,1,3,5,1.0,-0.0,0.0
R_002227,5,0.002,3.7389943090659864e-05,0,1562,3,1562,5,2,6,4,0.8,0.5004024235381879,0.7219280948873623
R_002228,9,0.0036,5.452319248848432e-05,0,1505,7,1505,6,1,4,6,1.0,-0.0,0.0
R_002229,11,0.0044,7.266203975673205e-05,0,1565,2,1565,7,1,5,7,1.0,-0.0,0.0
R_002230,8,0.0032,5.6329004330393055e-05,0,1565,2,1565,6,2,5,5,0.8333333333333334,0.4505612088663046,0.6500224216483541
R_002231,7,0.0028,4.749630817332049e-05,0,1562,3,1562,7,3,6,5,0.7142857142857143,0.796311640173813,0.7248340915057598
R_002232,7,0.0028,4.855413339584983e-05,0,1550,5,1550,8,1,0,8,1.0,-0.0,0.0
R_002233,11,0.0044,6.661976672881203e-05,0,1562,3,1562,8,2,6,7,0.875,0.3767701612564367,0.5435644431995964
R_002234,4,0.0016,3.402090673933123e-05,0,1565,2,1565,5,1,5,5,1.0,-0.0,0.0
R_002235,16,0.0064,9.541892330519601e-05,0,1550,5,1550,8,1,0,8,1.0,-0.0,0.0
R_002236,6,0.0024,4.088140103581153e-05,0,1505,7,1505,7,1,4,7,1.0,-0.0,0.0
R_002237,11,0.0044,6.472757355057855e-05,0,3102,6,1531,8,1,2,8,1.0,-0.0,0.0
R_002238,5,0.002,3.792147570237312e-05,0,1628,0,1628,5,1,3,5,1.0,-0.0,0.0
R_002239,6,0.0024,4.170201250054397e-05,0,1559,4,1559,5,1,1,5,1.0,-0.0,0.0
R_002240,7,0.0028,4.739208546902841e-05,0,1559,4,1559,5,1,1,5,1.0,-0.0,0.0
R_002241,7,0.0028,4.926183058462637e-05,0,1550,5,1550,8,1,0,8,1.0,-0.0,0.0
R_002242,21,0.0084,0.00011291491719595021,0,3102,1,1571,7,3,7,4,0.5714285714285714,0.9556998911125344,0.8699155297736259
R_002243,8,0.0032,5.379393991517599e-05,0,1628,0,1628,5,1,3,5,1.0,-0.0,0.0
R_002244,1,0.0004,1.730014311275422e-05,0,3102,6,1531,5,1,2,5,1.0,-0.0,0.0
R_002245,8,0.0032,4.986955667543041e-05,0,1505,7,1505,6,1,4,6,1.0,-0.0,0.0
R_002246,3,0.0012,2.6973882397642426e-05,0,1559,4,1559,5,1,1,5,1.0,-0.0,0.0
R_002247,10,0.004,6.180722390399311e-05,0,1559,4,1559,7,1,1,7,1.0,-0.0,0.0
R_002248,4,0.0016,3.2488141789385156e-05,0,1628,0,1628,7,1,3,7,1.0,-0.0,0.0
R_002249,22,0.0088,0.00013199016327112423,0,1565,2,1565,8,2,5,7,0.875,0.3767701612564367,0.5435644431995964
R_002250,7,0.0028,4.8589791951747404e-05,0,1562,3,1562,6,3,6,4,0.6666666666666666,0.8675632284814612,0.7896900821428474
R_002251,8,0.0032,5.3176149144639605e-05,0,1628,0,1628,8,1,3,8,1.0,-0.0,0.0
R_002252,8,0.0032,5.312634247136316e-05,0,1628,0,1628,8,1,3,8,1.0,-0.0,0.0
R_002253,28,0.0112,0.00015931212562091373,0,1550,5,1550,8,1,0,8,1.0,-0.0,0.0
R_002254,6,0.0024,4.3453940379773114e-05,0,1628,0,1628,7,1,3,7,1.0,-0.0,0.0
R_002255,3,0.0012,2.8384143254392586e-05,0,1550,5,1550,5,1,0,5,1.0,-0.0,0.0
R_002256,3,0.0012,2.7700667903871155e-05,0,1559,4,1559,6,1,1,6,1.0,-0.0,0.0
R_002257,4,0.0016,3.137142521617606e-05,0,1505,7,1505,6,1,4,6,1.0,-0.0,0.0
R_002258,3,0.0012,2.8112516511956752e-05,0,1550,5,1550,5,1,0,5,1.0,-0.0,0.0
R_002259,8,0.0032,5.0844162855940616e-05,0,3102,1,1571,7,4,7,3,0.4285714285714285,1.277034259466139,0.9211854965885544
R_002260,7,0.0028,4.517458026832547e-05,0,3102,6,1531,8,1,2,8,1.0,-0.0,0.0
R_002261,8,0.0032,4.987337470675093e-05,0,1505,7,1505,8,1,4,8,1.0,-0.0,0.0
R_002262,24,0.0096,0.00012558413871169568,0,3102,1,1571,8,3,7,5,0.625,0.9002560512685369,0.8194483718728035
R_002263,10,0.004,6.268968278586331e-05,0,1562,3,1562,8,3,6,6,0.75,0.7356219397587946,0.6695919455357792
R_002264,6,0.0024,4.4129103977630377e-05,0,1550,5,1550,8,1,0,8,1.0,-0.0,0.0
R_002265,12,0.0048,7.564075813426781e-05,0,1550,5,1550,8,1,0,8,1.0,-0.0,0.0
R_002266,6,0.0024,4.438389914629353e-05,0,1550,5,1550,5,1,0,5,1.0,-0.0,0.0
R_002267,7,0.0028,4.779431032763271e-05,0,1628,0,1628,7,1,3,7,1.0,-0.0,0.0
R_002268,1,0.0004,1.734978763533419e-05,0,1628,0,1628,7,1,3,7,1.0,-0.0,0.0
R_002269,8,0.0032,5.056290864218047e-05,0,1505,7,1505,5,1,4,5,1.0,-0.0,0.0
R_002270,5,0.002,3.6783645183750775e-05,0,1562,3,1562,7,2,6,6,0.8571428571428571,0.410116318288409,0.5916727785823274
R_002271,4,0.0016,3.228243096094979e-05,0,1562,3,1562,5,1,6,5,1.0,-0.0,0.0
R_002272,9,0.0036,5.459099341313447e-05,0,1505,7,1505,7,1,4,7,1.0,-0.0,0.0
R_002273,13,0.0052,7.341692202313948e-05,0,1505,7,1505,8,1,4,8,1.0,-0.0,0.0
R_002274,13,0.0052,7.453998065980343e-05,0,3102,1,1571,8,4,7,5,0.625,1.073542846408523,0.7743974703476992
R_002275,6,0.0024,4.322294567566014e-05,0,1628,0,1628,8,1,3,8,1.0,-0.0,0.0
R_002276,4,0.0016,3.31684884027513e-05,0,1550,5,1550,5,1,0,5,1.0,-0.0,0.0
R_002277,15,0.006,9.408376925502197e-05,0,1565,2,1565,7,2,5,6,0.8571428571428571,0.410116318288409,0.5916727785823274
R_002278,8,0.0032,5.045504191279419e-05,0,3102,6,1531,8,1,2,8,1.0,-0.0,0.0
R_002279,8,0.0032,5.539664897943971e-05,0,1565,2,1565,7,1,5,7,1.0,-0.0,0.0
R_002280,8,0.0032,5.4165148676796874e-05,0,1550,5,1550,6,1,0,6,1.0,-0.0,0.0
R_002281,7,0.0028,4.7569279323110883e-05,0,1559,4,1559,6,1,1,6,1.0,-0.0,0.0
R_002282,10,0.004,6.390087553389e-05,0,1628,0,1628,8,1,3,8,1.0,-0.0,0.0
R_002283,9,0.0036,5.461076089611667e-05,0,3102,1,1571,7,4,7,4,0.5714285714285714,1.1537419427010902,0.8322488896002307
R_002284,7,0.0028,4.571883426469959e-05,0,3102,1,1571,7,3,7,5,0.7142857142857143,0.796311640173813,0.7248340915057598
R_002285,5,0.002,3.765139501310351e-05,0,1559,4,1559,6,1,1,6,1.0,-0.0,0.0
R_002286,4,0.0016,3.1312367880278304e-05,0,1505,7,1505,5,1,4,5,1.0,-0.0,0.0
R_002287,10,0.004,6.353901848449265e-05,0,1628,0,1628,8,1,3,8,1.0,-0.0,0.0
R_002288,16,0.0064,8.65553799497149e-05,0,1505,7,1505,7,1,4,7,1.0,-0.0,0.0
R_002289,8,0.0032,5.2415341361196646e-05,0,1559,4,1559,6,1,1,6,1.0,-0.0,0.0
R_002290,13,0.0052,7.78398380577737e-05,0,1562,3,1562,6,3,6,4,0.6666666666666666,0.8675632284814612,0.7896900821428474
R_002291,5,0.002,3.806822303462956e-05,0,1628,0,1628,5,1,3,5,1.0,-0.0,0.0
R_002292,10,0.004,6.433307377949698e-05,0,1550,5,1550,8,1,0,8,1.0,-0.0,0.0
R_002293,9,0.0036,5.4839056691427724e-05,0,1505,7,1505,8,1,4,8,1.0,-0.0,0.0
R_002294,6,0.0024,4.075245753542751e-05,0,3102,6,1531,7,1,2,7,1.0,-0.0,0.0
R_002295,9,0.0036,5.4594930723021425e-05,0,3102,1,1571,8,4,7,4,0.5,1.2130075659799042,0.875
R_002296,10,0.004,5.977387452985178e-05,0,3102,1,1571,8,4,7,5,0.625,1.073542846408523,0.7743974703476992
R_002297,5,0.002,3.755184417650567e-05,0,1559,4,1559,5,1,1,5,1.0,-0.0,0.0
R_002298,6,0.0024,4.2793475285350636e-05,0,1628,0,1628,6,1,3,6,1.0,-0.0,0.0
R_002299,8,0.0032,5.027254565708548e-05,0,3102,1,1571,6,4,7,3,0.5,1.242453324894,0.8962406251802889
R_002300,6,0.0024,4.2051690190107006e-05,0,1559,4,1559,7,1,1,7,1.0,-0.0,0.0
R_002301,4,0.0016,3.230370225959866e-05,0,1628,0,1628,8,1,3,8,1.0,-0.0,0.0
R_002302,16,0.0064,9.125436308879604e-05,0,1559,4,1559,7,1,1,7,1.0,-0.0,0.0
R_002303,22,0.0088,0.00011537536736074289,0,1505,7,1505,8,1,4,8,1.0,-0.0,0.0
R_002304,5,0.002,3.91319907377255e-05,0,1550,5,1550,7,1,0,7,1.0,-0.0,0.0
R_002305,10,0.004,5.9883503556851445e-05,0,3102,1,1571,7,4,7,4,0.5714285714285714,1.1537419427010902,0.8322488896002307
R_002306,7,0.0028,4.876319125762651e-05,0,1550,5,1550,8,1,0,8,1.0,-0.0,0.0
R_002307,11,0.0044,6.894765277042055e-05,0,1628,0,1628,8,1,3,8,1.0,-0.0,0.0
R_002308,9,0.0036,5.9414464132529086e-05,0,1550,5,1550,7,1,0,7,1.0,-0.0,0.0
R_002309,16,0.0064,9.448721506066603e-05,0,1628,0,1628,7,1,3,7,1.0,-0.0,0.0
R_002310,3,0.0012,2.6734942351989558e-05,0,3102,6,1531,7,1,2,7,1.0,-0.0,0.0
R_002311,5,0.002,3.694370159662216e-05,0,1559,4,1559,6,1,1,6,1.0,-0.0,0.0
R_002312,7,0.0028,4.534785420832169e-05,0,3102,6,1531,8,1,2,8,1.0,-0.0,0.0
R_002313,9,0.0036,6.065484171020418e-05,0,1565,2,1565,8,2,5,7,0.875,0.3767701612564367,0.5435644431995964
R_002314,5,0.002,3.574676508702524e-05,0,3102,6,1531,6,1,2,6,1.0,-0.0,0.0
R_002315,9,0.0036,5.5244736277389855e-05,0,3102,6,1531,8,1,2,8,1.0,-0.0,0.0
R_002316,6,0.0024,4.0786751515862594e-05,0,3102,1,1571,6,3,7,4,0.6666666666666666,0.8675632284814612,0.7896900821428474
R_002317,14,0.0056,8.904716029915552e-05,0,1565,2,1565,8,2,5,7,0.875,0.3767701612564367,0.5435644431995964
R_002318,7,0.0028,4.5152468105351326e-05,0,1505,7,1505,7,1,4,7,1.0,-0.0,0.0
R_002319,4,0.0016,3.11781298600041e-05,0,3102,1,1571,5,4,2,2,0.4,1.3321790402101223,0.9609640474436812
R_002320,5,0.002,3.567542994716601e-05,0,1505,7,1505,5,1,4,5,1.0,-0.0,0.0
R_002321,3,0.0012,2.7855757054736788e-05,0,1628,0,1628,5,1,3,5,1.0,-0.0,0.0
R_002322,6,0.0024,4.437960939470942e-05,0,1550,5,1550,5,1,0,5,1.0,-0.0,0.0
R_002323,8,0.0032,5.607834793043548e-05,0,1565,2,1565,5,2,5,4,0.8,0.5004024235381879,0.7219280948873623
R_002324,21,0.0084,0.00011219092216415895,0,3102,6,1531,8,1,2,8,1.0,-0.0,0.0
R_002325,11,0.0044,6.457084558808504e-05,0,1505,7,1505,8,1,4,8,1.0,-0.0,0.0
R_002326,3,0.0012,2.6344486137320815e-05,0,3102,1,1571,5,3,7,3,0.6,0.9502705392332348,0.8649735207179272
R_002327,3,0.0012,2.7125723266599493e-05,0,1559,4,1559,5,1,1,5,1.0,-0.0,0.0
R_002328,25,0.01,0.00013591853915793857,0,1559,4,1559,8,1,1,8,1.0,-0.0,0.0
R_002329,7,0.0028,5.05069803956232e-05,0,1565,2,1565,7,2,5,6,0.8571428571428571,0.410116318288409,0.5916727785823274
R_002330,10,0.004,5.8871348834346174e-05,0,1505,7,1505,7,1,4,7,1.0,-0.0,0.0
R_002331,7,0.0028,4.768708976421474e-05,0,1562,3,1562,7,2,6,6,0.8571428571428571,0.410116318288409,0.5916727785823274
R_002332,5,0.002,3.979364684036022e-05,0,1565,2,1565,5,2,5,4,0.8,0.5004024235381879,0.7219280948873623
R_002333,5,0.002,3.930277057541867e-05,0,1565,2,1565,6,2,5,5,0.8333333333333334,0.4505612088663046,0.6500224216483541
R_002334,5,0.002,3.776891627157537e-05,0,1628,0,1628,6,1,3,6,1.0,-0.0,0.0
R_002335,10,0.004,6.370815738180237e-05,0,1628,0,1628,8,1,3,8,1.0,-0.0,0.0
R_002336,5,0.002,3.5718199330058806e-05,0,1505,7,1505,5,1,4,5,1.0,-0.0,0.0
R_002337,5,0.002,3.847120905384687e-05,0,1550,5,1550,8,1,0,8,1.0,-0.0,0.0
R_002338,13,0.0052,8.116915336669324e-05,0,1550,5,1550,8,1,0,8,1.0,-0.0,0.0
R_002339,2,0.0008,2.308768258524241e-05,0,1559,4,1559,5,1,1,5,1.0,-0.0,0.0
R_002340,8,0.0032,4.9970735046275106e-05,0,1505,7,1505,8,1,4,8,1.0,-0.0,0.0
R_002341,5,0.002,4.011381227201567e-05,0,1565,2,1565,6,1,5,6,1.0,-0.0,0.0
R_002342,5,0.002,3.72485770413225e-05,0,1562,3,1562,6,3,6,4,0.6666666666666666,0.8675632284814612,0.7896900821428474
R_002343,8,0.0032,5.2329631952183386e-05,0,1562,3,1562,5,2,6,4,0.8,0.5004024235381879,0.7219280948873623
R_002344,4,0.0016,3.220059811369488e-05,0,1562,3,1562,5,2,6,4,0.8,0.5004024235381879,0.7219280948873623
R_002345,6,0.0024,4.1143874550414985e-05,0,3102,6,1531,7,1,2,7,1.0,-0.0,0.0
R_002346,4,0.0016,3.1050630005466445e-05,0,1505,7,1505,5,1,4,5,1.0,-0.0,0.0
R_002347,6,0.0024,4.1803335342327054e-05,0,1562,3,1562,6,2,6,5,0.8333333333333334,0.4505612088663046,0.6500224216483541
R_002348,3,0.0012,2.6165784082921817e-05,0,1505,7,1505,5,1,4,5,1.0,-0.0,0.0
R_002349,5,0.002,3.8882416102706366e-05,0,1550,5,1550,5,1,0,5,1.0,-0.0,0.0
R_002350,8,0.0032,4.9681369824156854e-05,0,1505,7,1505,7,1,4,7,1.0,-0.0,0.0
R_002351,5,0.002,3.969777310984683e-05,0,1565,2,1565,6,1,5,6,1.0,-0.0,0.0
R_002352,7,0.0028,4.901546418217504e-05,0,1550,5,1550,7,1,0,7,1.0,-0.0,0.0
R_002353,9,0.0036,5.466417439796603e-05,0,1505,7,1505,5,1,4,5,1.0,-0.0,0.0
R_002354,6,0.0024,4.062169941714336e-05,0,3102,1,1571,8,4,7,5,0.625,1.073542846408523,0.7743974703476992
R_002355,7,0.0028,4.7225788688978346e-05,0,1562,3,1562,8,3,6,6,0.75,0.7356219397587946,0.6695919455357792
R_002356,5,0.002,3.581659857261546e-05,0,1505,7,1505,5,1,4,5,1.0,-0.0,0.0
R_002357,12,0.0048,7.199184304749307e-05,0,1559,4,1559,8,1,1,8,1.0,-0.0,0.0
R_002358,7,0.0028,4.476148238232528e-05,0,1505,7,1505,6,1,4,6,1.0,-0.0,0.0
R_002359,6,0.0024,4.512673802076035e-05,0,1565,2,1565,8,2,5,7,0.875,0.3767701612564367,0.5435644431995964
R_002360,5,0.002,3.8808844916934e-05,0,1550,5,1550,5,1,0,5,1.0,-0.0,0.0
R_002361,11,0.0044,6.351944373180042e-05,0,1505,7,1505,8,1,4,8,1.0,-0.0,0.0
R_002362,5,0.002,3.985674608503126e-05,0,1565,2,1565,6,2,5,5,0.8333333333333334,0.4505612088663046,0.6500224216483541
R_002363,9,0.0036,5.531987090734559e-05,0,3102,6,1531,8,1,2,8,1.0,-0.0,0.0
R_002364,5,0.002,3.859062160544977e-05,0,1628,0,1628,5,1,3,5,1.0,-0.0,0.0
R_002365,2,0.0008,2.1516489387439267e-05,0,1505,7,1505,5,1,4,5,1.0,-0.0,0.0
R_002366,13,0.0052,7.39781014082741e-05,0,1505,7,1505,7,1,4,7,1.0,-0.0,0.0
R_002367,10,0.004,6.381916052762779e-05,0,1628,0,1628,7,1,3,7,1.0,-0.0,0.0
R_002368,7,0.0028,4.867912198580181e-05,0,1550,5,1550,5,1,0,5,1.0,-0.0,0.0
R_002369,9,0.0036,5.58278524529879e-05,0,3102,6,1531,7,1,2,7,1.0,-0.0,0.0
R_002370,13,0.0052,8.397030117790745e-05,0,1565,2,1565,7,1,5,7,1.0,-0.0,0.0
R_002371,12,0.0048,7.821425073105078e-05,0,1565,2,1565,8,2,5,7,0.875,0.3767701612564367,0.5435644431995964
R_002372,21,0.0084,0.00011107084467002653,0,1505,7,1505,8,1,4,8,1.0,-0.0,0.0
R_002373,9,0.0036,5.79137161518458e-05,0,1559,4,1559,7,1,1,7,1.0,-0.0,0.0
R_002374,10,0.004,6.193876596893158e-05,0,1562,3,1562,7,3,6,5,0.7142857142857143,0.796311640173813,0.7248340915057598
R_002375,12,0.0048,7.207699819648706e-05,0,1562,3,1562,8,2,6,7,0.875,0.3767701612564367,0.5435644431995964
R_002376,7,0.0028,5.0171387774033517e-05,0,1565,2,1565,7,2,5,6,0.8571428571428571,0.410116318288409,0.5916727785823274
R_002377,8,0.0032,5.0567429818059215e-05,0,1505,7,1505,7,1,4,7,1.0,-0.0,0.0
R_002378,7,0.0028,4.766396889391137e-05,0,1562,3,1562,8,3,6,6,0.75,0.7356219397587946,0.6695919455357792
R_002379,3,0.0012,2.6138645310394597e-05,0,1505,7,1505,5,1,4,5,1.0,-0.0,0.0
R_002380,9,0.0036,5.697792505227261e-05,0,1559,4,1559,5,1,1,5,1.0,-0.0,0.0
R_002381,4,0.0016,3.2816871735444706e-05,0,1628,0,1628,7,1,3,7,1.0,-0.0,0.0
R_002382,7,0.0028,4.756401728721303e-05,0,1562,3,1562,8,3,6,6,0.75,0.7356219397587946,0.6695919455357792
R_002383,24,0.0096,0.0001354947100256448,0,1628,0,1628,8,1,3,8,1.0,-0.0,0.0
R_002384,5,0.002,3.840338075332902e-05,0,1550,5,1550,6,1,0,6,1.0,-0.0,0.0
R_002385,8,0.0032,5.0475207045569505e-05,0,3102,6,1531,5,1,2,5,1.0,-0.0,0.0
R_002386,8,0.0032,5.104191951145722e-05,0,3102,6,1531,6,1,2,6,1.0,-0.0,0.0
R_002387,2,0.0008,2.185916569300812e-05,0,3102,1,1571,5,1,2,5,1.0,-0.0,0.0
R_002388,17,0.0068,9.778356422536979e-05,0,1562,3,1562,8,3,6,6,0.75,0.7356219397587946,0.6695919455357792
R_002389,6,0.0024,4.0973795354204855e-05,0,1505,7,1505,6,1,4,6,1.0,-0.0,0.0
R_002390,11,0.0044,7.191170366179117e-05,0,1565,2,1565,7,2,5,6,0.8571428571428571,0.410116318288409,0.5916727785823274
R_002391,8,0.0032,5.663235036234315e-05,0,1565,2,1565,6,1,5,6,1.0,-0.0,0.0
R_002392,5,0.002,3.824447071023358e-05,0,1550,5,1550,7,1,0,7,1.0,-0.0,0.0
R_002393,10,0.004,6.188686583871448e-05,0,1559,4,1559,6,1,1,6,1.0,-0.0,0.0
R_002394,14,0.0056,7.961066532978622e-05,0,3102,1,1571,7,4,7,3,0.4285714285714285,1.277034259466139,0.9211854965885544
R_002395,29,0.0116,0.00016055867923297088,0,1628,0,1628,8,1,3,8,1.0,-0.0,0.0
R_002396,3,0.0012,2.810189487211402e-05,0,1550,5,1550,5,1,0,5,1.0,-0.0,0.0
R_002397,5,0.002,3.9775523641145145e-05,0,1565,2,1565,8,2,5,7,0.875,0.3767701612564367,0.5435644431995964
R_002398,4,0.0016,3.2660176685610386e-05,0,1628,0,1628,5,1,3,5,1.0,-0.0,0.0
R_002399,9,0.0036,6.142560278052636e-05,0,1565,2,1565,8,2,5,7,0.875,0.3767701612564367,0.5435644431995964
R_002400,6,0.0024,4.097346253207292e-05,0,3102,1,1571,5,2,7,4,0.8,0.5004024235381879,0.7219280948873623
R_002401,4,0.0016,3.158401054504183e-05,0,3102,1,1571,6,4,7,3,0.5,1.242453324894,0.8962406251802889
R_002402,3,0.0012,2.673351614939591e-05,0,3102,6,1531,5,1,2,5,1.0,-0.0,0.0
R_002403,4,0.0016,3.2454688062793405e-05,0,1628,0,1628,6,1,3,6,1.0,-0.0,0.0
R_002404,8,0.0032,5.35651702723878e-05,0,1550,5,1550,7,1,0,7,1.0,-0.0,0.0
R_002405,3,0.0012,2.6557608111321305e-05,0,3102,1,1571,5,3,2,2,0.4,1.0549201679861442,0.9602297178607612
R_002406,11,0.0044,6.452873105706802e-05,0,3102,6,1531,7,1,2,7,1.0,-0.0,0.0
R_002407,9,0.0036,5.7115713277739096e-05,0,1559,4,1559,6,1,1,6,1.0,-0.0,0.0
R_002408,7,0.0028,4.580949536293496e-05,0,3102,6,1531,5,1,2,5,1.0,-0.0,0.0
R_002409,11,0.0044,6.896188832342572e-05,0,1628,0,1628,8,1,3,8,1.0,-0.0,0.0
R_002410,1,0.0004,1.7400335119637074e-05,0,1628,0,1628,5,1,3,5,1.0,-0.0,0.0
R_002411,9,0.0036,6.157926883543779e-05,0,1565,2,1565,7,2,5,6,0.8571428571428571,0.410116318288409,0.5916727785823274
R_002412,4,0.0016,3.260196706556623e-05,0,1628,0,1628,5,1,3,5,1.0,-0.0,0.0
R_002413,8,0.0032,5.0083427770507894e-05,0,3102,6,1531,6,1,2,6,1.0,-0.0,0.0
R_002414,7,0.0028,4.7361851679904664e-05,0,1562,3,1562,7,3,6,5,0.7142857142857143,0.796311640173813,0.7248340915057598
R_002415,11,0.0044,6.977362145481751e-05,0,1550,5,1550,8,1,0,8,1.0,-0.0,0.0
R_002416,12,0.0048,7.00711571574817e-05,0,3102,6,1531,8,1,2,8,1.0,-0.0,0.0
R_002417,3,0.0012,2.7769589302984027e-05,0,1628,0,1628,5,1,3,5,1.0,-0.0,0.0
R_002418,8,0.0032,5.15602822816438e-05,0,1562,3,1562,8,3,6,6,0.75,0.7356219397587946,0.6695919455357792
R_002419,4,0.0016,3.27322434004407e-05,0,1559,4,1559,5,1,1,5,1.0,-0.0,0.0
R_002420,7,0.0028,4.557160728575148e-05,0,1505,7,1505,8,1,4,8,1.0,-0.0,0.0
R_002421,8,0.0032,5.245587647249153e-05,0,1628,0,1628,8,1,3,8,1.0,-0.0,0.0
R_002422,5,0.002,3.712976456181074e-05,0,1559,4,1559,5,1,1,5,1.0,-0.0,0.0
R_002423,6,0.0024,4.103525438702002e-05,0,1559,4,1559,8,1,1,8,1.0,-0.0,0.0
R_002424,7,0.0028,4.957929155727792e-05,0,1550,5,1550,7,1,0,7,1.0,-0.0,0.0
R_002425,8,0.0032,5.583080746906373e-05,0,1565,2,1565,7,1,5,7,1.0,-0.0,0.0
R_002426,6,0.0024,4.326927912856947e-05,0,1550,5,1550,7,1,0,7,1.0,-0.0,0.0
R_002427,8,0.0032,5.248997482714338e-05,0,1562,3,1562,8,3,6,6,0.75,0.7356219397587946,0.6695919455357792
R_002428,1,0.0004,1.7002595969038643e-05,0,3102,1,1571,6,4,7,3,0.5,1.242453324894,0.8962406251802889
R_002429,22,0.0088,0.00012189431049011152,0,1562,3,1562,8,1,6,8,1.0,-0.0,0.0
R_002430,7,0.0028,5.001166620949648e-05,0,1565,2,1565,6,1,5,6,1.0,-0.0,0.0
R_002431,7,0.0028,4.570293051369146e-05,0,3102,1,1571,6,4,2,2,0.3333333333333333,1.3296613488547582,0.9591479170272448
R_002432,3,0.0012,2.7353731649224083e-05,0,1559,4,1559,5,1,1,5,1.0,-0.0,0.0
R_002433,7,0.0028,4.552036713592009e-05,0,1505,7,1505,5,1,4,5,1.0,-0.0,0.0
R_002434,17,0.0068,9.774305282235444e-05,0,1562,3,1562,8,3,6,6,0.75,0.7356219397587946,0.6695919455357792
R_002435,10,0.004,5.968875144218513e-05,0,1505,7,1505,8,1,4,8,1.0,-0.0,0.0
R_002436,17,0.0068,0.00010462012359496182,0,1565,2,1565,7,2,5,6,0.8571428571428571,0.410116318288409,0.5916727785823274
R_002437,6,0.0024,4.249077405589581e-05,0,1562,3,1562,7,3,6,5,0.7142857142857143,0.796311640173813,0.7248340915057598
R_002438,14,0.0056,8.885452533538995e-05,0,1565,2,1565,8,2,5,7,0.875,0.3767701612564367,0.5435644431995964
R_002439,6,0.0024,4.356982224433912e-05,0,1628,0,1628,5,1,3,5,1.0,-0.0,0.0
R_002440,6,0.0024,4.1311662803772524e-05,0,3102,6,1531,6,1,2,6,1.0,-0.0,0.0
R_002441,5,0.002,3.754214299230642e-05,0,1562,3,1562,6,2,6,5,0.8333333333333334,0.4505612088663046,0.6500224216483541
R_002442,8,0.0032,5.1739768313243444e-05,0,1562,3,1562,7,3,6,5,0.7142857142857143,0.796311640173813,0.7248340915057598
R_002443,6,0.0024,4.204171535711763e-05,0,1559,4,1559,6,1,1,6,1.0,-0.0,0.0
R_002444,6,0.0024,4.3588098712620445e-05,0,1550,5,1550,7,1,0,7,1.0,-0.0,0.0
R_002445,7,0.0028,4.542120532208477e-05,0,3102,6,1531,6,1,2,6,1.0,-0.0,0.0
R_002446,5,0.002,3.956465321344313e-05,0,1550,5,1550,8,1,0,8,1.0,-0.0,0.0
R_002447,7,0.0028,4.480300320496724e-05,0,3102,1,1571,7,3,7,4,0.5714285714285714,0.9556998911125344,0.8699155297736259
R_002448,9,0.0036,5.487051316095128e-05,0,3102,1,1571,6,4,7,3,0.5,1.242453324894,0.8962406251802889
R_002449,4,0.0016,3.088033503757373e-05,0,1505,7,1505,5,1,4,5,1.0,-0.0,0.0
R_002450,8,0.0032,5.397295949318049e-05,0,1550,5,1550,7,1,0,7,1.0,-0.0,0.0
R_002451,11,0.0044,7.170433878106516e-05,0,1565,2,1565,8,2,5,7,0.875,0.3767701612564367,0.5435644431995964
R_002452,15,0.006,9.080297109911893e-05,0,1550,5,1550,7,1,0,7,1.0,-0.0,0.0
R_002453,5,0.002,3.708244928234042e-05,0,1559,4,1559,6,1,1,6,1.0,-0.0,0.0
R_002454,9,0.0036,5.586596030469478e-05,0,3102,1,1571,8,4,7,5,0.625,1.073542846408523,0.7743974703476992
R_002455,12,0.0048,7.197417919437016e-05,0,1562,3,1562,6,2,6,5,0.8333333333333334,0.4505612088663046,0.6500224216483541
R_002456,7,0.0028,4.8465127769330615e-05,0,1628,0,1628,6,1,3,6,1.0,-0.0,0.0
R_002457,25,0.01,0.000132984598972745,0,3102,6,1531,8,1,2,8,1.0,-0.0,0.0
R_002458,6,0.0024,4.594101269152294e-05,0,1565,2,1565,7,2,5,6,0.8571428571428571,0.410116318288409,0.5916727785823274
R_002459,13,0.0052,7.363772188414465e-05,0,3102,1,1571,6,2,7,5,0.8333333333333334,0.4505612088663046,0.6500224216483541
R_002460,8,0.0032,5.4479774934790326e-05,0,1550,5,1550,7,1,0,7,1.0,-0.0,0.0
R_002461,5,0.002,3.652863176580403e-05,0,3102,1,1571,5,2,7,4,0.8,0.5004024235381879,0.7219280948873623
R_002462,8,0.0032,4.967447189227097e-05,0,1505,7,1505,5,1,4,5,1.0,-0.0,0.0
R_002463,5,0.002,3.956259194928992e-05,0,1565,2,1565,5,2,5,4,0.8,0.5004024235381879,0.7219280948873623
R_002464,11,0.0044,6.459182391795126e-05,0,3102,6,1531,7,1,2,7,1.0,-0.0,0.0
R_002465,5,0.002,3.544624258877081e-05,0,1505,7,1505,5,1,4,5,1.0,-0.0,0.0
R_002466,4,0.0016,3.269944501065806e-05,0,1628,0,1628,5,1,3,5,1.0,-0.0,0.0
R_002467,12,0.0048,6.955189279496148e-05,0,3102,6,1531,7,1,2,7,1.0,-0.0,0.0
R_002468,9,0.0036,5.973201340937417e-05,0,1550,5,1550,8,1,0,8,1.0,-0.0,0.0
R_002469,7,0.0028,4.71922379809968e-05,0,1562,3,1562,7,2,6,6,0.8571428571428571,0.410116318288409,0.5916727785823274
R_002470,20,0.008,0.00011140619488683772,0,1559,4,1559,7,1,1,7,1.0,-0.0,0.0
R_002471,10,0.004,6.211679564976118e-05,0,1559,4,1559,7,1,1,7,1.0,-0.0,0.0
R_002472,17,0.0068,9.337563820343031e-05,0,3102,1,1571,8,4,7,4,0.5,1.2130075659799042,0.875
R_002473,6,0.0024,4.2839286252443076e-05,0,1628,0,1628,6,1,3,6,1.0,-0.0,0.0
R_002474,8,0.0032,5.032608986249222e-05,0,3102,1,1571,8,4,7,5,0.625,1.073542846408523,0.7743974703476992
R_002475,9,0.0036,5.660401630380057e-05,0,1562,3,1562,8,3,6,6,0.75,0.7356219397587946,0.6695919455357792
R_002476,9,0.0036,5.7795446524791587e-05,0,1559,4,1559,6,1,1,6,1.0,-0.0,0.0
R_002477,14,0.0056,8.200247454448114e-05,0,1562,3,1562,7,3,6,5,0.7142857142857143,0.796311640173813,0.7248340915057598
R_002478,6,0.0024,4.5432371547333964e-05,0,1565,2,1565,5,2,5,4,0.8,0.5004024235381879,0.7219280948873623
R_002479,12,0.0048,7.39604368828837e-05,0,1628,0,1628,8,1,3,8,1.0,-0.0,0.0
R_002480,20,0.008,0.00011203637315875545,0,1562,3,1562,8,2,6,7,0.875,0.3767701612564367,0.5435644431995964
R_002481,10,0.004,5.92974196477704e-05,0,3102,1,1571,6,4,7,3,0.5,1.242453324894,0.8962406251802889
R_002482,8,0.0032,5.2710119394734735e-05,0,1628,0,1628,6,1,3,6,1.0,-0.0,0.0
R_002483,6,0.0024,4.025706343304238e-05,0,1505,7,1505,6,1,4,6,1.0,-0.0,0.0
R_002484,3,0.0012,2.739648175031338e-05,0,1628,0,1628,5,1,3,5,1.0,-0.0,0.0
R_002485,4,0.0016,3.1524352803160694e-05,0,3102,6,1531,6,1,2,6,1.0,-0.0,0.0
R_002486,10,0.004,5.986244895464262e-05,0,3102,1,1571,6,3,7,4,0.6666666666666666,0.8675632284814612,0.7896900821428474
R_002487,9,0.0036,5.489820451464963e-05,0,3102,6,1531,8,1,2,8,1.0,-0.0,0.0
R_002488,2,0.0008,2.2729362576987252e-05,0,1628,0,1628,5,1,3,5,1.0,-0.0,0.0
R_002489,8,0.0032,5.563626896047138e-05,0,1565,2,1565,7,2,5,6,0.8571428571428571,0.410116318288409,0.5916727785823274
R_002490,11,0.0044,6.384133027240895e-05,0,1505,7,1505,7,1,4,7,1.0,-0.0,0.0
R_002491,3,0.0012,2.6575545459712102e-05,0,1505,7,1505,5,1,4,5,1.0,-0.0,0.0
R_002492,8,0.0032,5.282677355236076e-05,0,1562,3,1562,6,2,6,5,0.8333333333333334,0.4505612088663046,0.6500224216483541
R_002493,2,0.0008,2.248482436469977e-05,0,1550,5,1550,5,1,0,5,1.0,-0.0,0.0
R_002494,14,0.0056,7.885299641016902e-05,0,3102,6,1531,7,1,2,7,1.0,-0.0,0.0
R_002495,13,0.0052,7.471770338745167e-05,0,3102,6,1531,8,1,2,8,1.0,-0.0,0.0
R_002496,3,0.0012,2.8737983536114083e-05,0,1565,2,1565,6,2,5,5,0.8333333333333334,0.4505612088663046,0.6500224216483541
R_002497,3,0.0012,2.651396837152985e-05,0,3102,1,1571,5,3,7,3,0.6,0.9502705392332348,0.8649735207179272
R_002498,2,0.0008,2.2984322018624238e-05,0,1550,5,1550,5,1,0,5,1.0,-0.0,0.0
R_002499,4,0.0016,3.291210920399635e-05,0,1628,0,1628,6,1,3,6,1.0,-0.0,0.0
R_002500,5,0.002,3.8352079212470325e-05,0,1550,5,1550,8,1,0,8,1.0,-0.0,0.0
R_002501,4,0.0016,3.2202551720370515e-05,0,1562,3,1562,5,3,6,3,0.6,0.9502705392332348,0.8649735207179272
R_002502,7,0.0028,4.5558874685239785e-05,0,3102,1,1571,6,4,7,3,0.5,1.242453324894,0.8962406251802889
R_002503,10,0.004,6.20443851295453e-05,0,1559,4,1559,6,1,1,6,1.0,-0.0,0.0
R_002504,13,0.0052,7.372890717749476e-05,0,3102,1,1571,8,4,7,4,0.5,1.2130075659799042,0.875
R_002505,12,0.0048,7.185195060124801e-05,0,1562,3,1562,8,3,6,6,0.75,0.7356219397587946,0.6695919455357792
R_002506,5,0.002,3.753202306643919e-05,0,1628,0,1628,5,1,3,5,1.0,-0.0,0.0
R_002507,3,0.0012,2.8594377190374404e-05,0,1565,2,1565,5,2,5,4,0.8,0.5004024235381879,0.7219280948873623
R_002508,2,0.0008,2.2806279048415226e-05,0,1628,0,1628,5,1,3,5,1.0,-0.0,0.0
R_002509,6,0.0024,4.203485418316214e-05,0,1562,3,1562,8,3,6,6,0.75,0.7356219397587946,0.6695919455357792
R_002510,3,0.0012,2.8382851570455428e-05,0,1550,5,1550,6,1,0,6,1.0,-0.0,0.0
R_002511,3,0.0012,2.772832516788771e-05,0,1628,0,1628,5,1,3,5,1.0,-0.0,0.0
R_002512,20,0.008,0.00010738499951186156,0,3102,1,1571,6,2,7,5,0.8333333333333334,0.4505612088663046,0.6500224216483541
R_002513,21,0.0084,0.00011233863738025529,0,3102,1,1571,8,4,7,5,0.625,1.073542846408523,0.7743974703476992
R_002514,8,0.0032,5.459908096305772e-05,0,1550,5,1550,7,1,0,7,1.0,-0.0,0.0
R_002515,6,0.0024,4.228354666193609e-05,0,1559,4,1559,7,1,1,7,1.0,-0.0,0.0
R_002516,7,0.0028,4.5476669756317846e-05,0,3102,6,1531,7,1,2,7,1.0,-0.0,0.0
R_002517,7,0.0028,4.529781725433299e-05,0,3102,6,1531,8,1,2,8,1.0,-0.0,0.0
R_002518,13,0.0052,7.375961126776416e-05,0,3102,1,1571,7,3,7,4,0.5714285714285714,0.9556998911125344,0.8699155297736259
R_002519,11,0.0044,6.719033500591618e-05,0,1559,4,1559,8,1,1,8,1.0,-0.0,0.0
R_002520,9,0.0036,5.815784165721218e-05,0,1628,0,1628,7,1,3,7,1.0,-0.0,0.0
R_002521,7,0.0028,4.536412269624143e-05,0,3102,6,1531,6,1,2,6,1.0,-0.0,0.0
R_002522,3,0.0012,2.6290903972152362e-05,0,1505,7,1505,6,1,4,6,1.0,-0.0,0.0
R_002523,2,0.0008,2.2189996710720157e-05,0,3102,6,1531,5,1,2,5,1.0,-0.0,0.0
R_002524,8,0.0032,5.64398352189723e-05,0,1565,2,1565,8,2,5,7,0.875,0.3767701612564367,0.5435644431995964
R_002525,4,0.0016,3.1483470472435814e-05,0,3102,1,1571,5,3,7,3,0.6,0.9502705392332348,0.8649735207179272
R_002526,14,0.0056,7.849954010141527e-05,0,3102,1,1571,8,4,7,5,0.625,1.073542846408523,0.7743974703476992
R_002527,5,0.002,3.815319595872812e-05,0,1550,5,1550,7,1,0,7,1.0,-0.0,0.0
R_002528,11,0.0044,6.732548180505455e-05,0,1559,4,1559,8,1,1,8,1.0,-0.0,0.0
R_002529,5,0.002,3.562661829091884e-05,0,3102,6,1531,6,1,2,6,1.0,-0.0,0.0
R_002530,5,0.002,3.649050580617835e-05,0,1505,7,1505,5,1,4,5,1.0,-0.0,0.0
R_002531,10,0.004,6.407158209605498e-05,0,1550,5,1550,8,1,0,8,1.0,-0.0,0.0
R_002532,3,0.0012,2.6665421136193612e-05,0,3102,1,1571,5,2,7,4,0.8,0.5004024235381879,0.7219280948873623
R_002533,5,0.002,3.9378902191182874e-05,0,1565,2,1565,7,2,5,6,0.8571428571428571,0.410116318288409,0.5916727785823274
R_002534,9,0.0036,5.947532995718567e-05,0,1550,5,1550,8,1,0,8,1.0,-0.0,0.0
R_002535,4,0.0016,3.4389994507251506e-05,0,1565,2,1565,5,1,5,5,1.0,-0.0,0.0
R_002536,6,0.0024,4.044164848092337e-05,0,3102,6,1531,6,1,2,6,1.0,-0.0,0.0
R_002537,10,0.004,6.494458958250815e-05,0,1550,5,1550,7,1,0,7,1.0,-0.0,0.0
R_002538,10,0.004,5.932262062730097e-05,0,1505,7,1505,8,1,4,8,1.0,-0.0,0.0
R_002539,5,0.002,3.9538191809866635e-05,0,1565,2,1565,7,1,5,7,1.0,-0.0,0.0
R_002540,11,0.0044,6.730971017986183e-05,0,1559,4,1559,8,1,1,8,1.0,-0.0,0.0
R_002541,28,0.0112,0.00015133270733604662,0,1559,4,1559,8,1,1,8,1.0,-0.0,0.0
R_002542,7,0.0028,4.540816880870567e-05,0,3102,1,1571,6,3,7,4,0.6666666666666666,0.8675632284814612,0.7896900821428474
R_002543,2,0.0008,2.272127332067738e-05,0,1628,0,1628,5,1,3,5,1.0,-0.0,0.0
R_002544,2,0.0008,2.355183259543271e-05,0,1565,2,1565,5,2,5,4,0.8,0.5004024235381879,0.7219280948873623
R_002545,12,0.0048,7.76488819367609e-05,0,1565,2,1565,7,2,5,6,0.8571428571428571,0.410116318288409,0.5916727785823274
R_002546,6,0.0024,4.312868772166532e-05,0,1550,5,1550,6,1,0,6,1.0,-0.0,0.0
R_002547,3,0.0012,2.834288590635379e-05,0,1550,5,1550,5,1,0,5,1.0,-0.0,0.0
R_002548,10,0.004,6.181712349675893e-05,0,1559,4,1559,6,1,1,6,1.0,-0.0,0.0
R_002549,6,0.0024,4.424948443334891e-05,0,1565,2,1565,7,1,5,7,1.0,-0.0,0.0
R_002550,8,0.0032,5.230356554954204e-05,0,1562,3,1562,8,2,6,7,0.875,0.3767701612564367,0.5435644431995964
R_002551,6,0.0024,4.186891685554299e-05,0,1562,3,1562,5,1,6,5,1.0,-0.0,0.0
R_002552,4,0.0016,3.2291990085107154e-05,0,3102,6,1531,5,1,2,5,1.0,-0.0,0.0
R_002553,7,0.0028,4.500940862428796e-05,0,3102,1,1571,8,3,7,6,0.75,0.7356219397587946,0.6695919455357792
R_002554,23,0.0092,0.00012175571115730995,0,3102,6,1531,8,1,2,8,1.0,-0.0,0.0
R_002555,6,0.0024,4.3828839036705607e-05,0,1550,5,1550,5,1,0,5,1.0,-0.0,0.0
R_002556,10,0.004,5.888376929709996e-05,0,3102,1,1571,8,4,7,4,0.5,1.2130075659799042,0.875
R_002557,3,0.0012,2.8286645164117253e-05,0,1628,0,1628,5,1,3,5,1.0,-0.0,0.0
R_002558,5,0.002,3.595502896732852e-05,0,1505,7,1505,5,1,4,5,1.0,-0.0,0.0
R_002559,4,0.0016,3.3680595275637454e-05,0,1565,2,1565,7,2,5,6,0.8571428571428571,0.410116318288409,0.5916727785823274
R_002560,6,0.0024,4.292233775157675e-05,0,1562,3,1562,6,2,6,5,0.8333333333333334,0.4505612088663046,0.6500224216483541
R_002561,7,0.0028,4.8504786896092064e-05,0,1550,5,1550,8,1,0,8,1.0,-0.0,0.0
R_002562,9,0.0036,5.7600220819925805e-05,0,1559,4,1559,7,1,1,7,1.0,-0.0,0.0
R_002563,2,0.0008,2.2514298951996894e-05,0,1562,3,1562,5,2,6,4,0.8,0.5004024235381879,0.7219280948873623
R_002564,9,0.0036,5.5857765014727596e-05,0,3102,6,1531,6,1,2,6,1.0,-0.0,0.0
R_002565,6,0.0024,4.3912700760926936e-05,0,1550,5,1550,5,1,0,5,1.0,-0.0,0.0
R_002566,7,0.0028,4.7924538230325384e-05,0,1628,0,1628,6,1,3,6,1.0,-0.0,0.0
R_002567,3,0.0012,2.8946220267010242e-05,0,1565,2,1565,5,1,5,5,1.0,-0.0,0.0
R_002568,8,0.0032,5.349547173273263e-05,0,1628,0,1628,6,1,3,6,1.0,-0.0,0.0
R_002569,11,0.0044,6.733746583145115e-05,0,1562,3,1562,8,2,6,7,0.875,0.3767701612564367,0.5435644431995964
R_002570,6,0.0024,4.1994664634586636e-05,0,3102,6,1531,6,1,2,6,1.0,-0.0,0.0
R_002571,12,0.0048,6.909539939105482e-05,0,1505,7,1505,8,1,4,8,1.0,-0.0,0.0
R_002572,11,0.0044,6.37946869035826e-05,0,3102,1,1571,8,4,7,5,0.625,1.073542846408523,0.7743974703476992
R_002573,10,0.004,6.162251680883329e-05,0,1559,4,1559,8,1,1,8,1.0,-0.0,0.0
R_002574,7,0.0028,4.564500681787533e-05,0,3102,1,1571,6,3,7,4,0.6666666666666666,0.8675632284814612,0.7896900821428474
R_002575,7,0.0028,4.770622452488566e-05,0,1562,3,1562,6,1,6,6,1.0,-0.0,0.0
R_002576,3,0.0012,2.8405566798650342e-05,0,1550,5,1550,5,1,0,5,1.0,-0.0,0.0
R_002577,7,0.0028,4.6797197237830634e-05,0,1559,4,1559,6,1,1,6,1.0,-0.0,0.0
R_002578,17,0.0068,9.643983657179521e-05,0,1559,4,1559,8,1,1,8,1.0,-0.0,0.0
R_002579,10,0.004,6.276816568415856e-05,0,1562,3,1562,8,2,6,7,0.875,0.3767701612564367,0.5435644431995964
R_002580,10,0.004,6.378125621066959e-05,0,1628,0,1628,8,1,3,8,1.0,-0.0,0.0
R_002581,11,0.0044,6.455344493078354e-05,0,1505,7,1505,8,1,4,8,1.0,-0.0,0.0
R_002582,6,0.0024,4.07439477219218e-05,0,1505,7,1505,7,1,4,7,1.0,-0.0,0.0
R_002583,3,0.0012,2.6634241480085558e-05,0,3102,6,1531,7,1,2,7,1.0,-0.0,0.0
R_002584,1,0.0004,1.722738694384814e-05,0,1562,3,1562,6,2,6,5,0.8333333333333334,0.4505612088663046,0.6500224216483541
R_002585,6,0.0024,4.225961486648726e-05,0,1559,4,1559,8,1,1,8,1.0,-0.0,0.0
R_002586,8,0.0032,5.186690490154735e-05,0,1559,4,1559,8,1,1,8,1.0,-0.0,0.0
R_002587,21,0.0084,0.00011648144956658841,0,1559,4,1559,7,1,1,7,1.0,-0.0,0.0
R_002588,3,0.0012,2.8342231222058136e-05,0,1565,2,1565,5,1,5,5,1.0,-0.0,0.0
R_002589,7,0.0028,4.891290432229733e-05,0,1550,5,1550,6,1,0,6,1.0,-0.0,0.0
R_002590,8,0.0032,5.611658741836209e-05,0,1565,2,1565,5,1,5,5,1.0,-0.0,0.0
R_002591,9,0.0036,5.493890982301512e-05,0,3102,1,1571,6,3,7,4,0.6666666666666666,0.8675632284814612,0.7896900821428474
R_002592,7,0.0028,4.760071699094071e-05,0,1562,3,1562,5,1,6,5,1.0,-0.0,0.0
R_002593,4,0.0016,3.185753246057127e-05,0,3102,6,1531,7,1,2,7,1.0,-0.0,0.0
R_002594,15,0.006,8.322306929948194e-05,0,3102,1,1571,8,2,7,6,0.75,0.5623351446188083,0.8112781244591328
R_002595,6,0.0024,4.495116181541535e-05,0,1565,2,1565,6,2,5,5,0.8333333333333334,0.4505612088663046,0.6500224216483541
R_002596,7,0.0028,4.648317576201409e-05,0,3102,6,1531,7,1,2,7,1.0,-0.0,0.0
R_002597,4,0.0016,3.390799566621744e-05,0,1565,2,1565,8,2,5,7,0.875,0.3767701612564367,0.5435644431995964
R_002598,9,0.0036,5.7152114826645294e-05,0,1559,4,1559,6,1,1,6,1.0,-0.0,0.0
R_002599,9,0.0036,5.4911204660083785e-05,0,3102,6,1531,8,1,2,8,1.0,-0.0,0.0
R_002600,6,0.0024,4.144158305047258e-05,0,3102,6,1531,5,1,2,5,1.0,-0.0,0.0
R_002601,6,0.0024,4.1891012507062385e-05,0,1562,3,1562,5,2,6,4,0.8,0.5004024235381879,0.7219280948873623
R_002602,13,0.0052,8.271342529658333e-05,0,1565,2,1565,7,2,5,6,0.8571428571428571,0.410116318288409,0.5916727785823274
R_002603,10,0.004,6.203760075453396e-05,0,1562,3,1562,6,1,6,6,1.0,-0.0,0.0
R_002604,12,0.0048,7.194659105739096e-05,0,1562,3,1562,7,3,6,5,0.7142857142857143,0.796311640173813,0.7248340915057598
R_002605,6,0.0024,4.274856685468702e-05,0,1628,0,1628,5,1,3,5,1.0,-0.0,0.0
R_002606,7,0.0028,4.695317695725164e-05,0,1562,3,1562,7,2,6,6,0.8571428571428571,0.410116318288409,0.5916727785823274
R_002607,5,0.002,3.8787802840820815e-05,0,1628,0,1628,6,1,3,6,1.0,-0.0,0.0
R_002608,10,0.004,6.016602232910231e-05,0,3102,1,1571,8,4,7,4,0.5,1.2130075659799042,0.875
R_002609,12,0.0048,7.746084416104901e-05,0,1565,2,1565,7,2,5,6,0.8571428571428571,0.410116318288409,0.5916727785823274
R_002610,7,0.0028,4.7768889631135714e-05,0,1628,0,1628,7,1,3,7,1.0,-0.0,0.0
R_002611,9,0.0036,5.569128194899382e-05,0,1559,4,1559,7,1,1,7,1.0,-0.0,0.0
R_002612,25,0.01,0.00014397827162035843,0,1550,5,1550,8,1,0,8,1.0,-0.0,0.0
R_002613,8,0.0032,4.970927759850082e-05,0,1505,7,1505,8,1,4,8,1.0,-0.0,0.0
R_002614,15,0.006,8.223992494716389e-05,0,3102,1,1571,8,3,7,6,0.75,0.7356219397587946,0.6695919455357792
R_002615,7,0.0028,4.753872856853465e-05,0,1559,4,1559,7,1,1,7,1.0,-0.0,0.0
R_002616,6,0.0024,4.3719838726933845e-05,0,1559,4,1559,5,1,1,5,1.0,-0.0,0.0
R_002617,11,0.0044,6.457556952898701e-05,0,3102,1,1571,8,3,7,5,0.625,0.9002560512685369,0.8194483718728035
R_002618,7,0.0028,4.44590097096843e-05,0,1505,7,1505,5,1,4,5,1.0,-0.0,0.0
R_002619,10,0.004,6.077183094377053e-05,0,3102,6,1531,7,1,2,7,1.0,-0.0,0.0
R_002620,13,0.0052,7.904173744224613e-05,0,1628,0,1628,8,1,3,8,1.0,-0.0,0.0
R_002621,10,0.004,5.960864344752578e-05,0,1505,7,1505,6,1,4,6,1.0,-0.0,0.0
R_002622,10,0.004,6.183796364215962e-05,0,1559,4,1559,6,1,1,6,1.0,-0.0,0.0
R_002623,9,0.0036,5.417011217903376e-05,0,1505,7,1505,8,1,4,8,1.0,-0.0,0.0
R_002624,20,0.008,0.00011450730472413054,0,1628,0,1628,8,1,3,8,1.0,-0.0,0.0
R_002625,26,0.0104,0.00013582177780302972,0,3102,1,1571,8,4,7,5,0.625,1.073542846408523,0.7743974703476992
R_002626,8,0.0032,5.191936842333095e-05,0,1562,3,1562,6,1,6,6,1.0,-0.0,0.0
R_002627,14,0.0056,8.289937244277841e-05,0,1559,4,1559,7,1,1,7,1.0,-0.0,0.0
R_002628,23,0.0092,0.00012169078232157874,0,3102,1,1571,8,4,7,4,0.5,1.2130075659799042,0.875
R_002629,8,0.0032,4.997073824823929e-05,0,3102,1,1571,8,3,7,5,0.625,0.9002560512685369,0.8194483718728035
R_002630,15,0.006,9.413532254057413e-05,0,1565,2,1565,7,2,5,6,0.8571428571428571,0.410116318288409,0.5916727785823274
R_002631,11,0.0044,6.540252696949648e-05,0,3102,6,1531,7,1,2,7,1.0,-0.0,0.0
R_002632,3,0.0012,2.610604440577536e-05,0,1505,7,1505,5,1,4,5,1.0,-0.0,0.0
R_002633,9,0.0036,5.73644611341694e-05,0,1562,3,1562,7,3,6,5,0.7142857142857143,0.796311640173813,0.7248340915057598
R_002634,10,0.004,5.9738517537394995e-05,0,3102,1,1571,7,3,7,4,0.5714285714285714,0.9556998911125344,0.8699155297736259
R_002635,10,0.004,6.0168758100381736e-05,0,3102,6,1531,6,1,2,6,1.0,-0.0,0.0
R_002636,4,0.0016,3.284472322797446e-05,0,1550,5,1550,5,1,0,5,1.0,-0.0,0.0
R_002637,8,0.0032,5.519649632355549e-05,0,1565,2,1565,8,1,5,8,1.0,-0.0,0.0
R_002638,18,0.0072,0.0001038274963845792,0,1628,0,1628,8,1,3,8,1.0,-0.0,0.0
R_002639,9,0.0036,5.7024628653590584e-05,0,1559,4,1559,7,1,1,7,1.0,-0.0,0.0
R_002640,12,0.0048,6.838630430353362e-05,0,1505,7,1505,8,1,4,8,1.0,-0.0,0.0
R_002641,12,0.0048,7.032241508259344e-05,0,3102,6,1531,8,1,2,8,1.0,-0.0,0.0
R_002642,10,0.004,6.708251457558702e-05,0,1565,2,1565,8,2,5,7,0.875,0.3767701612564367,0.5435644431995964
R_002643,12,0.0048,6.9246953380693e-05,0,3102,6,1531,8,1,2,8,1.0,-0.0,0.0
R_002644,5,0.002,3.718436086168907e-05,0,1562,3,1562,7,2,6,6,0.8571428571428571,0.410116318288409,0.5916727785823274
R_002645,12,0.0048,6.870988850685348e-05,0,1505,7,1505,6,1,4,6,1.0,-0.0,0.0
R_002646,11,0.0044,6.487447114855461e-05,0,3102,6,1531,7,1,2,7,1.0,-0.0,0.0
R_002647,2,0.0008,2.2277737950981494e-05,0,3102,6,1531,5,1,2,5,1.0,-0.0,0.0
R_002648,2,0.0008,2.3180739592092767e-05,0,1565,2,1565,5,1,5,5,1.0,-0.0,0.0
R_002649,7,0.0028,4.748911005172683e-05,0,1562,3,1562,6,2,6,5,0.8333333333333334,0.4505612088663046,0.6500224216483541
R_002650,7,0.0028,4.714659546923297e-05,0,1559,4,1559,5,1,1,5,1.0,-0.0,0.0
R_002651,11,0.0044,6.4798666461361e-05,0,1505,7,1505,6,1,4,6,1.0,-0.0,0.0
R_002652,8,0.0032,5.091169609863999e-05,0,3102,6,1531,7,1,2,7,1.0,-0.0,0.0
R_002653,11,0.0044,6.511666206266701e-05,0,3102,6,1531,7,1,2,7,1.0,-0.0,0.0
R_002654,17,0.0068,9.246602007565814e-05,0,1505,7,1505,7,1,4,7,1.0,-0.0,0.0
R_002655,21,0.0084,0.00011160967062789775,0,1505,7,1505,7,1,4,7,1.0,-0.0,0.0
R_002656,2,0.0008,2.2558713086169238e-05,0,1559,4,1559,6,1,1,6,1.0,-0.0,0.0
R_002657,3,0.0012,2.6100672034147045e-05,0,1505,7,1505,5,1,4,5,1.0,-0.0,0.0
R_002658,8,0.0032,4.9439239614029314e-05,0,1505,7,1505,7,1,4,7,1.0,-0.0,0.0
R_002659,8,0.0032,5.3876444790972036e-05,0,1550,5,1550,8,1,0,8,1.0,-0.0,0.0
R_002660,7,0.0028,5.040300571429645e-05,0,1565,2,1565,6,2,5,5,0.8333333333333334,0.4505612088663046,0.6500224216483541
R_002661,1,0.0004,1.7091647862654213e-05,0,3102,6,1531,5,1,2,5,1.0,-0.0,0.0
R_002662,10,0.004,5.942736184263264e-05,0,1505,7,1505,7,1,4,7,1.0,-0.0,0.0
R_002663,9,0.0036,5.9454539804033345e-05,0,1550,5,1550,8,1,0,8,1.0,-0.0,0.0
R_002664,6,0.0024,4.273663088240085e-05,0,1628,0,1628,6,1,3,6,1.0,-0.0,0.0
R_002665,3,0.0012,2.8144085830343314e-05,0,1628,0,1628,5,1,3,5,1.0,-0.0,0.0
R_002666,5,0.002,3.7922366055742976e-05,0,1628,0,1628,7,1,3,7,1.0,-0.0,0.0
R_002667,7,0.0028,4.69913718330934e-05,0,1559,4,1559,7,1,1,7,1.0,-0.0,0.0
R_002668,12,0.0048,7.2419725679997e-05,0,1562,3,1562,8,3,6,6,0.75,0.7356219397587946,0.6695919455357792
R_002669,7,0.0028,4.7209138541478076e-05,0,1562,3,1562,6,3,6,4,0.6666666666666666,0.8675632284814612,0.7896900821428474
R_002670,4,0.0016,3.311747265278229e-05,0,1628,0,1628,5,1,3,5,1.0,-0.0,0.0
R_002671,20,0.008,0.00011161783108182509,0,1559,4,1559,8,1,1,8,1.0,-0.0,0.0
R_002672,6,0.0024,4.300982875293546e-05,0,1628,0,1628,5,1,3,5,1.0,-0.0,0.0
R_002673,10,0.004,6.30657570797001e-05,0,1562,3,1562,6,2,6,5,0.8333333333333334,0.4505612088663046,0.6500224216483541
R_002674,2,0.0008,2.2955362954280508e-05,0,1550,5,1550,5,1,0,5,1.0,-0.0,0.0
R_002675,4,0.0016,3.298940754595457e-05,0,1550,5,1550,5,1,0,5,1.0,-0.0,0.0
R_002676,8,0.0032,5.1871101734199676e-05,0,1559,4,1559,6,1,1,6,1.0,-0.0,0.0
R_002677,6,0.0024,4.041825793076587e-05,0,1505,7,1505,6,1,4,6,1.0,-0.0,0.0
R_002678,9,0.0036,5.756300518949679e-05,0,1559,4,1559,8,1,1,8,1.0,-0.0,0.0
R_002679,5,0.002,3.851489713840527e-05,0,1550,5,1550,5,1,0,5,1.0,-0.0,0.0
R_002680,6,0.0024,4.313474794976e-05,0,1550,5,1550,8,1,0,8,1.0,-0.0,0.0
R_002681,8,0.0032,5.2667035901982426e-05,0,1562,3,1562,5,2,6,4,0.8,0.5004024235381879,0.7219280948873623
R_002682,4,0.0016,3.449520719812999e-05,0,1565,2,1565,7,2,5,6,0.8571428571428571,0.410116318288409,0.5916727785823274
R_002683,7,0.0028,5.085003086422782e-05,0,1565,2,1565,8,2,5,7,0.875,0.3767701612564367,0.5435644431995964
R_002684,7,0.0028,4.516072031806342e-05,0,1505,7,1505,6,1,4,6,1.0,-0.0,0.0
R_002685,15,0.006,8.391689169257961e-05,0,1505,7,1505,7,1,4,7,1.0,-0.0,0.0
R_002686,6,0.0024,4.325689230244715e-05,0,1628,0,1628,6,1,3,6,1.0,-0.0,0.0
R_002687,7,0.0028,4.958365708924682e-05,0,1550,5,1550,7,1,0,7,1.0,-0.0,0.0
R_002688,4,0.0016,3.122375783139635e-05,0,1505,7,1505,5,1,4,5,1.0,-0.0,0.0
R_002689,8,0.0032,5.204758497441862e-05,0,1562,3,1562,8,1,6,8,1.0,-0.0,0.0
R_002690,16,0.0064,9.416117470800475e-05,0,1628,0,1628,8,1,3,8,1.0,-0.0,0.0
R_002691,6,0.0024,4.488975482587759e-05,0,1565,2,1565,7,1,5,7,1.0,-0.0,0.0
R_002692,5,0.002,3.846839195198778e-05,0,1550,5,1550,8,1,0,8,1.0,-0.0,0.0
R_002693,7,0.0028,4.5993035120468835e-05,0,3102,6,1531,7,1,2,7,1.0,-0.0,0.0
R_002694,8,0.0032,5.361113192581454e-05,0,1628,0,1628,6,1,3,6,1.0,-0.0,0.0
R_002695,9,0.0036,5.941447147255735e-05,0,1550,5,1550,6,1,0,6,1.0,-0.0,0.0
R_002696,6,0.0024,4.062288231836018e-05,0,1505,7,1505,6,1,4,6,1.0,-0.0,0.0
R_002697,18,0.0072,9.720293595402858e-05,0,1505,7,1505,8,1,4,8,1.0,-0.0,0.0
R_002698,13,0.0052,7.73904711376691e-05,0,1562,3,1562,8,3,6,6,0.75,0.7356219397587946,0.6695919455357792
R_002699,15,0.006,8.789623545982275e-05,0,1562,3,1562,7,3,6,5,0.7142857142857143,0.796311640173813,0.7248340915057598
R_002700,10,0.004,5.982092495938524e-05,0,3102,6,1531,8,1,2,8,1.0,-0.0,0.0
R_002701,11,0.0044,6.544004019967246e-05,0,3102,6,1531,8,1,2,8,1.0,-0.0,0.0
R_002702,12,0.0048,6.981000755589953e-05,0,3102,6,1531,8,1,2,8,1.0,-0.0,0.0
R_002703,3,0.0012,2.7964991722503277e-05,0,1550,5,1550,6,1,0,6,1.0,-0.0,0.0
R_002704,3,0.0012,2.671716127365047e-05,0,1505,7,1505,6,1,4,6,1.0,-0.0,0.0
R_002705,10,0.004,5.940251250376711e-05,0,3102,6,1531,8,1,2,8,1.0,-0.0,0.0
R_002706,8,0.0032,5.5582643516481006e-05,0,1565,2,1565,7,1,5,7,1.0,-0.0,0.0
R_002707,5,0.002,3.606785924648737e-05,0,3102,6,1531,5,1,2,5,1.0,-0.0,0.0
R_002708,6,0.0024,4.226399727654222e-05,0,1559,4,1559,8,1,1,8,1.0,-0.0,0.0
R_002709,6,0.0024,4.044389003040618e-05,0,3102,6,1531,6,1,2,6,1.0,-0.0,0.0
R_002710,5,0.002,3.765755544650869e-05,0,1628,0,1628,6,1,3,6,1.0,-0.0,0.0
R_002711,7,0.0028,4.6883903497655894e-05,0,1559,4,1559,8,1,1,8,1.0,-0.0,0.0
R_002712,5,0.002,3.6514608268245996e-05,0,3102,1,1571,5,3,2,2,0.4,1.0549201679861442,0.9602297178607612
R_002713,4,0.0016,3.1331837700932366e-05,0,3102,1,1571,5,3,2,2,0.4,1.0549201679861442,0.9602297178607612
R_002714,14,0.0056,8.255528003590049e-05,0,1559,4,1559,8,1,1,8,1.0,-0.0,0.0
R_002715,5,0.002,3.9478503106130755e-05,0,1565,2,1565,5,1,5,5,1.0,-0.0,0.0
R_002716,7,0.0028,4.70118675920106e-05,0,1559,4,1559,6,1,1,6,1.0,-0.0,0.0
R_002717,9,0.0036,5.485761597169232e-05,0,1505,7,1505,6,1,4,6,1.0,-0.0,0.0
R_002718,7,0.0028,4.7415058329155836e-05,0,1559,4,1559,6,1,1,6,1.0,-0.0,0.0
R_002719,5,0.002,3.7499007561537064e-05,0,1562,3,1562,6,2,6,5,0.8333333333333334,0.4505612088663046,0.6500224216483541
R_002720,9,0.0036,5.5226127648952284e-05,0,3102,1,1571,6,3,7,3,0.5,1.0114042647073518,0.920619835714305
R_002721,9,0.0036,5.906133199046182e-05,0,1550,5,1550,6,1,0,6,1.0,-0.0,0.0
R_002722,7,0.0028,4.675670352620522e-05,0,1559,4,1559,6,1,1,6,1.0,-0.0,0.0
R_002723,11,0.0044,6.456643138710599e-05,0,3102,6,1531,8,1,2,8,1.0,-0.0,0.0
R_002724,30,0.012,0.00016389554730070706,0,1628,0,1628,8,1,3,8,1.0,-0.0,0.0
R_002725,3,0.0012,2.683356929858679e-05,0,3102,1,1571,7,2,7,6,0.8571428571428571,0.410116318288409,0.5916727785823274
R_002726,5,0.002,3.728199578090187e-05,0,1559,4,1559,5,1,1,5,1.0,-0.0,0.0
R_002727,3,0.0012,2.72132428716086e-05,0,1559,4,1559,5,1,1,5,1.0,-0.0,0.0
R_002728,5,0.002,3.7912027148966234e-05,0,1628,0,1628,5,1,3,5,1.0,-0.0,0.0
R_002729,6,0.0024,4.3915511248800356e-05,0,1550,5,1550,7,1,0,7,1.0,-0.0,0.0
R_002730,18,0.0072,9.773223748574451e-05,0,3102,1,1571,8,3,7,5,0.625,0.9002560512685369,0.8194483718728035
R_002731,5,0.002,3.846274672036081e-05,0,1550,5,1550,7,1,0,7,1.0,-0.0,0.0
R_002732,3,0.0012,2.761261624002426e-05,0,1550,5,1550,5,1,0,5,1.0,-0.0,0.0
R_002733,10,0.004,5.9310508847419183e-05,0,1505,7,1505,7,1,4,7,1.0,-0.0,0.0
R_002734,8,0.0032,5.594331606624924e-05,0,1565,2,1565,5,1,5,5,1.0,-0.0,0.0
R_002735,4,0.0016,3.255530910914012e-05,0,1562,3,1562,6,2,6,5,0.8333333333333334,0.4505612088663046,0.6500224216483541
R_002736,5,0.002,3.581056656506849e-05,0,3102,6,1531,5,1,2,5,1.0,-0.0,0.0
R_002737,5,0.002,3.935440786246666e-05,0,1565,2,1565,5,1,5,5,1.0,-0.0,0.0
R_002738,7,0.0028,4.52770634502524e-05,0,3102,6,1531,8,1,2,8,1.0,-0.0,0.0
R_002739,6,0.0024,4.259297989514062e-05,0,1628,0,1628,6,1,3,6,1.0,-0.0,0.0
R_002740,7,0.0028,4.7704350973730414e-05,0,1562,3,1562,6,2,6,5,0.8333333333333334,0.4505612088663046,0.6500224216483541
R_002741,11,0.0044,6.662063643000018e-05,0,1562,3,1562,6,2,6,5,0.8333333333333334,0.4505612088663046,0.6500224216483541
R_002742,8,0.0032,5.1007086260273746e-05,0,3102,1,1571,8,4,7,4,0.5,1.2130075659799042,0.875
R_002743,9,0.0036,5.5274802918410144e-05,0,3102,6,1531,6,1,2,6,1.0,-0.0,0.0
R_002744,4,0.0016,3.123569346741091e-05,0,3102,1,1571,7,3,7,5,0.7142857142857143,0.796311640173813,0.7248340915057598
R_002745,5,0.002,3.873476254340054e-05,0,1550,5,1550,6,1,0,6,1.0,-0.0,0.0
R_002746,33,0.0132,0.0001674828253857048,0,1505,7,1505,8,1,4,8,1.0,-0.0,0.0
R_002747,9,0.0036,5.913739006686098e-05,0,1628,0,1628,8,1,3,8,1.0,-0.0,0.0
R_002748,8,0.0032,4.9859888620604825e-05,0,3102,1,1571,8,4,7,4,0.5,1.2130075659799042,0.875
R_002749,8,0.0032,5.3870033097884016e-05,0,1628,0,1628,8,1,3,8,1.0,-0.0,0.0
R_002750,4,0.0016,3.3777985101893964e-05,0,1565,2,1565,7,2,5,6,0.8571428571428571,0.410116318288409,0.5916727785823274
R_002751,6,0.0024,4.4078410547585166e-05,0,1550,5,1550,5,1,0,5,1.0,-0.0,0.0
R_002752,11,0.0044,6.463559630406551e-05,0,1505,7,1505,8,1,4,8,1.0,-0.0,0.0
R_002753,6,0.0024,4.320753944908191e-05,0,1628,0,1628,5,1,3,5,1.0,-0.0,0.0
R_002754,12,0.0048,7.119644634258189e-05,0,1562,3,1562,7,3,6,5,0.7142857142857143,0.796311640173813,0.7248340915057598
R_002755,2,0.0008,2.2586590139963213e-05,0,1550,5,1550,6,1,0,6,1.0,-0.0,0.0
R_002756,3,0.0012,2.873726895658045e-05,0,1565,2,1565,5,2,5,4,0.8,0.5004024235381879,0.7219280948873623
R_002757,4,0.0016,3.193251840741828e-05,0,1562,3,1562,5,2,6,4,0.8,0.5004024235381879,0.7219280948873623
R_002758,6,0.0024,4.0911461966545437e-05,0,1505,7,1505,6,1,4,6,1.0,-0.0,0.0
R_002759,18,0.0072,0.0001017250385978417,0,1562,3,1562,8,2,6,7,0.875,0.3767701612564367,0.5435644431995964
R_002760,4,0.0016,3.175474517754606e-05,0,3102,6,1531,5,1,2,5,1.0,-0.0,0.0
R_002761,8,0.0032,5.392068853998258e-05,0,1628,0,1628,6,1,3,6,1.0,-0.0,0.0
R_002762,1,0.0004,1.726142467960299e-05,0,1562,3,1562,5,3,6,3,0.6,0.9502705392332348,0.8649735207179272
R_002763,4,0.0016,3.2357141011393767e-05,0,1628,0,1628,5,1,3,5,1.0,-0.0,0.0
R_002764,8,0.0032,5.362040938615342e-05,0,1550,5,1550,8,1,0,8,1.0,-0.0,0.0
R_002765,6,0.0024,4.338627628276736e-05,0,1550,5,1550,7,1,0,7,1.0,-0.0,0.0
R_002766,14,0.0056,7.74857706213718e-05,0,1505,7,1505,8,1,4,8,1.0,-0.0,0.0
R_002767,16,0.0064,8.840220462589899e-05,0,3102,6,1531,7,1,2,7,1.0,-0.0,0.0
R_002768,10,0.004,6.169844376850623e-05,0,1562,3,1562,6,2,6,5,0.8333333333333334,0.4505612088663046,0.6500224216483541
R_002769,11,0.0044,6.902807765594236e-05,0,1628,0,1628,8,1,3,8,1.0,-0.0,0.0
R_002770,3,0.0012,2.6156558381749006e-05,0,3102,1,1571,5,3,7,3,0.6,0.9502705392332348,0.8649735207179272
R_002771,9,0.0036,5.888048408478823e-05,0,1628,0,1628,8,1,3,8,1.0,-0.0,0.0
R_002772,9,0.0036,5.7399774970521414e-05,0,1562,3,1562,6,2,6,5,0.8333333333333334,0.4505612088663046,0.6500224216483541
R_002773,6,0.0024,4.4968117023717655e-05,0,1565,2,1565,5,1,5,5,1.0,-0.0,0.0
R_002774,14,0.0056,8.41811347151024e-05,0,1628,0,1628,8,1,3,8,1.0,-0.0,0.0
R_002775,6,0.0024,4.4987368124787226e-05,0,1565,2,1565,6,2,5,5,0.8333333333333334,0.4505612088663046,0.6500224216483541
R_002776,8,0.0032,4.9992464101592035e-05,0,3102,1,1571,7,3,7,5,0.7142857142857143,0.796311640173813,0.7248340915057598
R_002777,6,0.0024,4.576605056654696e-05,0,1565,2,1565,6,2,5,5,0.8333333333333334,0.4505612088663046,0.6500224216483541
R_002778,14,0.0056,7.966978902010531e-05,0,3102,1,1571,7,4,7,4,0.5714285714285714,1.1537419427010902,0.8322488896002307
R_002779,5,0.002,3.801186654544619e-05,0,1628,0,1628,8,1,3,8,1.0,-0.0,0.0
R_002780,4,0.0016,3.4160027380822895e-05,0,1565,2,1565,7,2,5,6,0.8571428571428571,0.410116318288409,0.5916727785823274
R_002781,8,0.0032,5.199850827905625e-05,0,1559,4,1559,6,1,1,6,1.0,-0.0,0.0
R_002782,18,0.0072,9.718415506602824e-05,0,1505,7,1505,8,1,4,8,1.0,-0.0,0.0
R_002783,5,0.002,3.746304714503959e-05,0,1628,0,1628,7,1,3,7,1.0,-0.0,0.0
R_002784,11,0.0044,7.209192468405991e-05,0,1565,2,1565,8,1,5,8,1.0,-0.0,0.0
R_002785,8,0.0032,5.5431091096811096e-05,0,1565,2,1565,6,1,5,6,1.0,-0.0,0.0
R_002786,5,0.002,3.968098551340735e-05,0,1565,2,1565,7,2,5,6,0.8571428571428571,0.410116318288409,0.5916727785823274
R_002787,8,0.0032,5.420752625198644e-05,0,1550,5,1550,5,1,0,5,1.0,-0.0,0.0
R_002788,10,0.004,6.055739591246425e-05,0,3102,6,1531,8,1,2,8,1.0,-0.0,0.0
R_002789,19,0.0076,0.0001168552286752902,0,1565,2,1565,7,2,5,6,0.8571428571428571,0.410116318288409,0.5916727785823274
R_002790,7,0.0028,4.769796600659672e-05,0,1562,3,1562,7,3,6,5,0.7142857142857143,0.796311640173813,0.7248340915057598
R_002791,12,0.0048,6.881475005245409e-05,0,1505,7,1505,8,1,4,8,1.0,-0.0,0.0
R_002792,11,0.0044,7.215982813757577e-05,0,1565,2,1565,8,2,5,7,0.875,0.3767701612564367,0.5435644431995964
R_002793,3,0.0012,2.7031437971116912e-05,0,1562,3,1562,5,2,6,4,0.8,0.5004024235381879,0.7219280948873623
R_002794,9,0.0036,5.5298756580171944e-05,0,3102,6,1531,7,1,2,7,1.0,-0.0,0.0
R_002795,6,0.0024,4.174972959230008e-05,0,1562,3,1562,6,3,6,4,0.6666666666666666,0.8675632284814612,0.7896900821428474
R_002796,6,0.0024,4.4816511082145395e-05,0,1565,2,1565,6,2,5,5,0.8333333333333334,0.4505612088663046,0.6500224216483541
R_002797,27,0.0108,0.00014832798857802564,0,1559,4,1559,7,1,1,7,1.0,-0.0,0.0
R_002798,10,0.004,6.235052966286252e-05,0,1562,3,1562,7,1,6,7,1.0,-0.0,0.0
R_002799,1,0.0004,1.7407739844561454e-05,0,1628,0,1628,7,1,3,7,1.0,-0.0,0.0
R_002800,7,0.0028,4.856812106047642e-05,0,1550,5,1550,6,1,0,6,1.0,-0.0,0.0
R_002801,7,0.0028,4.765735868422171e-05,0,1559,4,1559,7,1,1,7,1.0,-0.0,0.0
R_002802,7,0.0028,4.736070035766444e-05,0,1559,4,1559,6,1,1,6,1.0,-0.0,0.0
R_002803,2,0.0008,2.2693881195936635e-05,0,1550,5,1550,6,1,0,6,1.0,-0.0,0.0
R_002804,5,0.002,3.601957276218563e-05,0,1505,7,1505,7,1,4,7,1.0,-0.0,0.0
R_002805,10,0.004,6.081858966079647e-05,0,3102,6,1531,8,1,2,8,1.0,-0.0,0.0
R_002806,9,0.0036,6.078694999057243e-05,0,1565,2,1565,6,2,5,5,0.8333333333333334,0.4505612088663046,0.6500224216483541
R_002807,7,0.0028,5.1150582719275044e-05,0,1565,2,1565,7,2,5,6,0.8571428571428571,0.410116318288409,0.5916727785823274
R_002808,6,0.0024,4.2470878168141746e-05,0,1628,0,1628,5,1,3,5,1.0,-0.0,0.0
R_002809,4,0.0016,3.302674483490592e-05,0,1628,0,1628,5,1,3,5,1.0,-0.0,0.0
R_002810,11,0.0044,6.693321818500413e-05,0,1562,3,1562,8,3,6,6,0.75,0.7356219397587946,0.6695919455357792
R_002811,11,0.0044,6.754696031298475e-05,0,1559,4,1559,8,1,1,8,1.0,-0.0,0.0
R_002812,6,0.0024,4.5062705988752915e-05,0,1565,2,1565,6,1,5,6,1.0,-0.0,0.0
R_002813,11,0.0044,6.829589086737707e-05,0,1562,3,1562,7,3,6,5,0.7142857142857143,0.796311640173813,0.7248340915057598
R_002814,7,0.0028,4.8203387574713445e-05,0,1628,0,1628,6,1,3,6,1.0,-0.0,0.0
R_002815,7,0.0028,4.7753421990802465e-05,0,1628,0,1628,7,1,3,7,1.0,-0.0,0.0
R_002816,9,0.0036,5.8319116428071206e-05,0,1628,0,1628,5,1,3,5,1.0,-0.0,0.0
R_002817,10,0.004,6.305196186733797e-05,0,1562,3,1562,8,3,6,6,0.75,0.7356219397587946,0.6695919455357792
R_002818,7,0.0028,4.920025946168349e-05,0,1550,5,1550,8,1,0,8,1.0,-0.0,0.0
R_002819,5,0.002,3.961345225475116e-05,0,1565,2,1565,6,2,5,5,0.8333333333333334,0.4505612088663046,0.6500224216483541
R_002820,15,0.006,8.340253382179264e-05,0,3102,1,1571,8,4,7,4,0.5,1.2130075659799042,0.875
R_002821,13,0.0052,7.465864010003403e-05,0,3102,6,1531,6,1,2,6,1.0,-0.0,0.0
R_002822,2,0.0008,2.1799635234958418e-05,0,3102,1,1571,5,3,7,3,0.6,0.9502705392332348,0.8649735207179272
R_002823,5,0.002,3.7940259124219436e-05,0,1559,4,1559,7,1,1,7,1.0,-0.0,0.0
R_002824,3,0.0012,2.6172104528342632e-05,0,1505,7,1505,5,1,4,5,1.0,-0.0,0.0
R_002825,8,0.0032,5.248712072727616e-05,0,1559,4,1559,7,1,1,7,1.0,-0.0,0.0
R_002826,14,0.0056,8.229793691446078e-05,0,1562,3,1562,8,2,6,7,0.875,0.3767701612564367,0.5435644431995964
R_002827,17,0.0068,9.619220196008471e-05,0,1559,4,1559,8,1,1,8,1.0,-0.0,0.0
R_002828,6,0.0024,4.072312902981388e-05,0,3102,6,1531,7,1,2,7,1.0,-0.0,0.0
R_002829,1,0.0004,1.7626059911679903e-05,0,1562,3,1562,5,2,6,4,0.8,0.5004024235381879,0.7219280948873623
R_002830,6,0.0024,4.0595463708395534e-05,0,3102,1,1571,5,4,7,2,0.4,1.3321790402101223,0.9609640474436812
R_002831,9,0.0036,5.756202879652982e-05,0,1559,4,1559,8,1,1,8,1.0,-0.0,0.0
R_002832,5,0.002,3.726673511876102e-05,0,1559,4,1559,7,1,1,7,1.0,-0.0,0.0
R_002833,6,0.0024,4.0733311618500634e-05,0,1505,7,1505,5,1,4,5,1.0,-0.0,0.0
R_002834,5,0.002,3.848137571897992e-05,0,1550,5,1550,5,1,0,5,1.0,-0.0,0.0
R_002835,6,0.0024,4.509526697803584e-05,0,1565,2,1565,6,2,5,5,0.8333333333333334,0.4505612088663046,0.6500224216483541
R_002836,8,0.0032,5.046075621507196e-05,0,3102,6,1531,5,1,2,5,1.0,-0.0,0.0
R_002837,17,0.0068,9.266669022481644e-05,0,3102,6,1531,7,1,2,7,1.0,-0.0,0.0
R_002838,2,0.0008,2.2210324856561226e-05,0,1562,3,1562,5,3,6,3,0.6,0.9502705392332348,0.8649735207179272
R_002839,9,0.0036,5.8111057393073536e-05,0,1628,0,1628,7,1,3,7,1.0,-0.0,0.0
R_002840,7,0.0028,4.895274037505793e-05,0,1550,5,1550,7,1,0,7,1.0,-0.0,0.0
R_002841,7,0.0028,4.926738572731591e-05,0,1550,5,1550,5,1,0,5,1.0,-0.0,0.0
R_002842,8,0.0032,5.4401878987997815e-05,0,1550,5,1550,5,1,0,5,1.0,-0.0,0.0
R_002843,8,0.0032,4.987046145999843e-05,0,1505,7,1505,7,1,4,7,1.0,-0.0,0.0
R_002844,7,0.0028,4.8777158143318974e-05,0,1550,5,1550,5,1,0,5,1.0,-0.0,0.0
R_002845,7,0.0028,4.8867334560656094e-05,0,1550,5,1550,8,1,0,8,1.0,-0.0,0.0
R_002846,3,0.0012,2.7403470596560115e-05,0,1559,4,1559,6,1,1,6,1.0,-0.0,0.0
R_002847,7,0.0028,4.569049192080664e-05,0,3102,6,1531,6,1,2,6,1.0,-0.0,0.0
R_002848,10,0.004,6.357956135208211e-05,0,1628,0,1628,6,1,3,6,1.0,-0.0,0.0
R_002849,6,0.0024,4.536727864262547e-05,0,1565,2,1565,8,2,5,7,0.875,0.3767701612564367,0.5435644431995964
R_002850,6,0.0024,4.48596842100615e-05,0,1565,2,1565,5,2,5,4,0.8,0.5004024235381879,0.7219280948873623
R_002851,9,0.0036,5.521137203805711e-05,0,1505,7,1505,8,1,4,8,1.0,-0.0,0.0
R_002852,10,0.004,5.995246446675003e-05,0,1505,7,1505,7,1,4,7,1.0,-0.0,0.0
R_002853,1,0.0004,1.7646759620015855e-05,0,1565,2,1565,5,2,5,4,0.8,0.5004024235381879,0.7219280948873623
R_002854,6,0.0024,4.524106591348178e-05,0,1565,2,1565,7,2,5,6,0.8571428571428571,0.410116318288409,0.5916727785823274
R_002855,8,0.0032,5.6439498870819986e-05,0,1565,2,1565,6,2,5,5,0.8333333333333334,0.4505612088663046,0.6500224216483541
R_002856,6,0.0024,4.1362978267462515e-05,0,3102,6,1531,6,1,2,6,1.0,-0.0,0.0
R_002857,3,0.0012,2.834611878534685e-05,0,1565,2,1565,5,2,5,4,0.8,0.5004024235381879,0.7219280948873623
R_002858,7,0.0028,5.0572316109946897e-05,0,1565,2,1565,6,1,5,6,1.0,-0.0,0.0
R_002859,4,0.0016,3.508481402742179e-05,0,1565,2,1565,5,2,5,4,0.8,0.5004024235381879,0.7219280948873623
R_002860,3,0.0012,2.7771325031446604e-05,0,1550,5,1550,5,1,0,5,1.0,-0.0,0.0
R_002861,8,0.0032,5.2346298901745135e-05,0,1562,3,1562,7,2,6,6,0.8571428571428571,0.410116318288409,0.5916727785823274
R_002862,6,0.0024,4.1961056771126056e-05,0,1559,4,1559,6,1,1,6,1.0,-0.0,0.0
R_002863,7,0.0028,4.75123989464454e-05,0,1559,4,1559,7,1,1,7,1.0,-0.0,0.0
R_002864,5,0.002,3.652166189995811e-05,0,3102,1,1571,5,3,2,2,0.4,1.0549201679861442,0.9602297178607612
R_002865,10,0.004,5.9620242780666287e-05,0,3102,1,1571,7,4,7,3,0.4285714285714285,1.277034259466139,0.9211854965885544
R_002866,5,0.002,3.5810908428930927e-05,0,1505,7,1505,5,1,4,5,1.0,-0.0,0.0
R_002867,6,0.0024,4.3438434944292096e-05,0,1628,0,1628,7,1,3,7,1.0,-0.0,0.0
R_002868,2,0.0008,2.2724026931686947e-05,0,1628,0,1628,6,1,3,6,1.0,-0.0,0.0
R_002869,11,0.0044,7.256413445736606e-05,0,1565,2,1565,7,2,5,6,0.8571428571428571,0.410116318288409,0.5916727785823274
R_002870,13,0.0052,7.648328836490242e-05,0,1559,4,1559,8,1,1,8,1.0,-0.0,0.0
R_002871,19,0.0076,0.00011172766293820308,0,1550,5,1550,7,1,0,7,1.0,-0.0,0.0
R_002872,7,0.0028,4.945360013438366e-05,0,1550,5,1550,8,1,0,8,1.0,-0.0,0.0
R_002873,8,0.0032,5.0768115119364324e-05,0,3102,6,1531,7,1,2,7,1.0,-0.0,0.0
R_002874,12,0.0048,7.290846078532323e-05,0,1562,3,1562,8,2,6,7,0.875,0.3767701612564367,0.5435644431995964
R_002875,4,0.0016,3.111446221130959e-05,0,3102,6,1531,5,1,2,5,1.0,-0.0,0.0
R_002876,4,0.0016,3.398256232422664e-05,0,1550,5,1550,6,1,0,6,1.0,-0.0,0.0
R_002877,6,0.0024,4.068738182229305e-05,0,3102,6,1531,6,1,2,6,1.0,-0.0,0.0
R_002878,14,0.0056,7.904672099768488e-05,0,3102,6,1531,8,1,2,8,1.0,-0.0,0.0
R_002879,0,0.0,1.2023710757614017e-05,1,1,12,1,5,1,1,5,1.0,-0.0,0.0
R_002880,5,0.002,3.624804929436417e-05,0,3102,6,1531,5,1,2,5,1.0,-0.0,0.0
R_002881,4,0.0016,3.134553909269526e-05,0,3102,6,1531,5,1,2,5,1.0,-0.0,0.0
R_002882,17,0.0068,9.724455112101282e-05,0,1562,3,1562,8,2,6,7,0.875,0.3767701612564367,0.5435644431995964
R_002883,7,0.0028,4.783476263369533e-05,0,1628,0,1628,7,1,3,7,1.0,-0.0,0.0
R_002884,11,0.0044,6.583918281669821e-05,0,3102,6,1531,6,1,2,6,1.0,-0.0,0.0
R_002885,4,0.0016,3.3028997164903725e-05,0,1559,4,1559,5,1,1,5,1.0,-0.0,0.0
R_002886,8,0.0032,5.041309032404207e-05,0,3102,1,1571,8,3,7,6,0.75,0.7356219397587946,0.6695919455357792
R_002887,9,0.0036,5.762567680668046e-05,0,1562,3,1562,8,2,6,7,0.875,0.3767701612564367,0.5435644431995964
R_002888,6,0.0024,4.2403750883703415e-05,0,1559,4,1559,6,1,1,6,1.0,-0.0,0.0
R_002889,4,0.0016,3.2995517662139e-05,0,1559,4,1559,6,1,1,6,1.0,-0.0,0.0
R_002890,3,0.0012,2.7619050613106345e-05,0,1562,3,1562,5,2,6,4,0.8,0.5004024235381879,0.7219280948873623
R_002891,9,0.0036,5.4984013032074234e-05,0,3102,1,1571,6,3,7,4,0.6666666666666666,0.8675632284814612,0.7896900821428474
R_002892,13,0.0052,7.727849807021478e-05,0,1559,4,1559,8,1,1,8,1.0,-0.0,0.0
R_002893,11,0.0044,6.831589398365365e-05,0,1562,3,1562,5,3,6,3,0.6,0.9502705392332348,0.8649735207179272
R_002894,7,0.0028,4.995895459167703e-05,0,1565,2,1565,5,2,5,4,0.8,0.5004024235381879,0.7219280948873623
R_002895,9,0.0036,5.894152395346832e-05,0,1628,0,1628,6,1,3,6,1.0,-0.0,0.0
R_002896,15,0.006,8.325297978105957e-05,0,3102,1,1571,7,4,7,4,0.5714285714285714,1.1537419427010902,0.8322488896002307
R_002897,6,0.0024,4.4514978853999186e-05,0,1565,2,1565,7,1,5,7,1.0,-0.0,0.0
R_002898,4,0.0016,3.2938145511231396e-05,0,1628,0,1628,6,1,3,6,1.0,-0.0,0.0
R_002899,3,0.0012,2.7526844299240202e-05,0,1562,3,1562,5,1,6,5,1.0,-0.0,0.0
R_002900,7,0.0028,4.5590358177531304e-05,0,3102,6,1531,7,1,2,7,1.0,-0.0,0.0
R_002901,8,0.0032,5.546402088788328e-05,0,1565,2,1565,6,1,5,6,1.0,-0.0,0.0
R_002902,7,0.0028,4.795939145912847e-05,0,1562,3,1562,6,2,6,5,0.8333333333333334,0.4505612088663046,0.6500224216483541
R_002903,6,0.0024,4.124757288001584e-05,0,3102,6,1531,5,1,2,5,1.0,-0.0,0.0
R_002904,2,0.0008,2.239838055989818e-05,0,3102,6,1531,5,1,2,5,1.0,-0.0,0.0
R_002905,6,0.0024,4.330061727396085e-05,0,1628,0,1628,6,1,3,6,1.0,-0.0,0.0
R_002906,7,0.0028,4.632722295763187e-05,0,3102,6,1531,5,1,2,5,1.0,-0.0,0.0
R_002907,8,0.0032,4.987303275480441e-05,0,1505,7,1505,7,1,4,7,1.0,-0.0,0.0
R_002908,11,0.0044,7.165910118896461e-05,0,1565,2,1565,8,1,5,8,1.0,-0.0,0.0
R_002909,10,0.004,6.507910568686714e-05,0,1550,5,1550,8,1,0,8,1.0,-0.0,0.0
R_002910,7,0.0028,4.783790972575523e-05,0,1628,0,1628,8,1,3,8,1.0,-0.0,0.0
R_002911,15,0.006,8.268633122814433e-05,0,1505,7,1505,8,1,4,8,1.0,-0.0,0.0
R_002912,6,0.0024,4.1510630521074805e-05,0,3102,6,1531,5,1,2,5,1.0,-0.0,0.0
R_002913,7,0.0028,4.5190552959901744e-05,0,1505,7,1505,5,1,4,5,1.0,-0.0,0.0
R_002914,8,0.0032,5.352447417667529e-05,0,1628,0,1628,5,1,3,5,1.0,-0.0,0.0
R_002915,4,0.0016,3.3261081961070145e-05,0,1550,5,1550,5,1,0,5,1.0,-0.0,0.0
R_002916,8,0.0032,5.017036374248161e-05,0,3102,1,1571,6,4,7,3,0.5,1.242453324894,0.8962406251802889
R_002917,12,0.0048,6.973726326535433e-05,0,3102,6,1531,8,1,2,8,1.0,-0.0,0.0
R_002918,9,0.0036,5.484284851761166e-05,0,1505,7,1505,6,1,4,6,1.0,-0.0,0.0
R_002919,5,0.002,3.829650683427075e-05,0,1628,0,1628,5,1,3,5,1.0,-0.0,0.0
R_002920,7,0.0028,4.7605114292413305e-05,0,1562,3,1562,6,2,6,5,0.8333333333333334,0.4505612088663046,0.6500224216483541
R_002921,9,0.0036,5.426107112279752e-05,0,1505,7,1505,8,1,4,8,1.0,-0.0,0.0
R_002922,4,0.0016,3.102492661472377e-05,0,3102,6,1531,5,1,2,5,1.0,-0.0,0.0
R_002923,7,0.0028,5.0716375817767315e-05,0,1565,2,1565,6,1,5,6,1.0,-0.0,0.0
R_002924,9,0.0036,5.542995448177311e-05,0,3102,6,1531,7,1,2,7,1.0,-0.0,0.0
R_002925,4,0.0016,3.1535533885147675e-05,0,3102,6,1531,5,1,2,5,1.0,-0.0,0.0
R_002926,5,0.002,3.621496398804318e-05,0,3102,1,1571,5,2,7,4,0.8,0.5004024235381879,0.7219280948873623
R_002927,7,0.0028,4.528114640952449e-05,0,1505,7,1505,7,1,4,7,1.0,-0.0,0.0
R_002928,8,0.0032,5.449563783444929e-05,0,1550,5,1550,7,1,0,7,1.0,-0.0,0.0
R_002929,7,0.0028,4.556961150715905e-05,0,3102,1,1571,6,3,7,4,0.6666666666666666,0.8675632284814612,0.7896900821428474
R_002930,11,0.0044,6.638109156493586e-05,0,1559,4,1559,8,1,1,8,1.0,-0.0,0.0
R_002931,9,0.0036,5.4486885768322886e-05,0,1505,7,1505,7,1,4,7,1.0,-0.0,0.0
R_002932,23,0.0092,0.00011961510061772587,0,1505,7,1505,8,1,4,8,1.0,-0.0,0.0
R_002933,6,0.0024,4.148220885601307e-05,0,3102,6,1531,5,1,2,5,1.0,-0.0,0.0
R_002934,10,0.004,6.20765108805372e-05,0,1559,4,1559,8,1,1,8,1.0,-0.0,0.0
R_002935,7,0.0028,4.7308635931087176e-05,0,1559,4,1559,6,1,1,6,1.0,-0.0,0.0
R_002936,28,0.0112,0.0001574574900516671,0,1550,5,1550,6,1,0,6,1.0,-0.0,0.0
R_002937,1,0.0004,1.7466224469511994e-05,0,1628,0,1628,6,1,3,6,1.0,-0.0,0.0
R_002938,8,0.0032,5.107055386707876e-05,0,3102,6,1531,6,1,2,6,1.0,-0.0,0.0
R_002939,19,0.0076,0.00011606990234660659,0,1565,2,1565,8,2,5,7,0.875,0.3767701612564367,0.5435644431995964
R_002940,9,0.0036,5.588504006004713e-05,0,3102,6,1531,7,1,2,7,1.0,-0.0,0.0
R_002941,6,0.0024,4.3114501867962994e-05,0,1550,5,1550,6,1,0,6,1.0,-0.0,0.0
R_002942,12,0.0048,7.299746875028776e-05,0,1562,3,1562,7,3,6,5,0.7142857142857143,0.796311640173813,0.7248340915057598
R_002943,1,0.0004,1.706318202860471e-05,0,3102,6,1531,5,1,2,5,1.0,-0.0,0.0
R_002944,1,0.0004,1.7044017540944437e-05,0,3102,1,1571,6,1,7,6,1.0,-0.0,0.0
R_002945,4,0.0016,3.293356493987059e-05,0,1628,0,1628,7,1,3,7,1.0,-0.0,0.0
R_002946,9,0.0036,5.457733938346745e-05,0,1505,7,1505,7,1,4,7,1.0,-0.0,0.0
R_002947,3,0.0012,2.665533560878966e-05,0,1505,7,1505,5,1,4,5,1.0,-0.0,0.0
R_002948,8,0.0032,5.295055434156125e-05,0,1628,0,1628,5,1,3,5,1.0,-0.0,0.0
R_002949,11,0.0044,7.179112306357001e-05,0,1565,2,1565,8,2,5,7,0.875,0.3767701612564367,0.5435644431995964
R_002950,6,0.0024,4.106575667274092e-05,0,3102,6,1531,5,1,2,5,1.0,-0.0,0.0
R_002951,12,0.0048,6.930309404923624e-05,0,3102,1,1571,8,3,7,5,0.625,0.9002560512685369,0.8194483718728035
R_002952,11,0.0044,6.810292777153768e-05,0,1628,0,1628,6,1,3,6,1.0,-0.0,0.0
R_002953,13,0.0052,7.381989004002954e-05,0,1505,7,1505,8,1,4,8,1.0,-0.0,0.0
R_002954,3,0.0012,2.6694532142848238e-05,0,1505,7,1505,6,1,4,6,1.0,-0.0,0.0
R_002955,8,0.0032,5.472208050990271e-05,0,1550,5,1550,5,1,0,5,1.0,-0.0,0.0
R_002956,6,0.0024,4.1953876926004464e-05,0,1559,4,1559,7,1,1,7,1.0,-0.0,0.0
R_002957,6,0.0024,4.4919491258203775e-05,0,1565,2,1565,8,2,5,7,0.875,0.3767701612564367,0.5435644431995964
R_002958,9,0.0036,5.461756000627494e-05,0,3102,1,1571,6,2,7,5,0.8333333333333334,0.4505612088663046,0.6500224216483541
R_002959,4,0.0016,3.2689707585138274e-05,0,1628,0,1628,5,1,3,5,1.0,-0.0,0.0
R_002960,9,0.0036,5.7262364697482095e-05,0,1562,3,1562,8,2,6,7,0.875,0.3767701612564367,0.5435644431995964
R_002961,13,0.0052,7.62673366774852e-05,0,1559,4,1559,6,1,1,6,1.0,-0.0,0.0
R_002962,7,0.0028,4.584619074211449e-05,0,3102,1,1571,7,3,7,5,0.7142857142857143,0.796311640173813,0.7248340915057598
R_002963,10,0.004,6.028440665956346e-05,0,3102,6,1531,7,1,2,7,1.0,-0.0,0.0
R_002964,10,0.004,5.926492741531322e-05,0,3102,1,1571,8,3,7,5,0.625,0.9002560512685369,0.8194483718728035
R_002965,2,0.0008,2.2175793045756475e-05,0,1562,3,1562,5,3,6,3,0.6,0.9502705392332348,0.8649735207179272
R_002966,7,0.0028,4.811639537072061e-05,0,1628,0,1628,6,1,3,6,1.0,-0.0,0.0
R_002967,5,0.002,3.771577904981639e-05,0,1559,4,1559,5,1,1,5,1.0,-0.0,0.0
R_002968,5,0.002,3.999233272942845e-05,0,1565,2,1565,6,2,5,5,0.8333333333333334,0.4505612088663046,0.6500224216483541
R_002969,7,0.0028,4.518464810146908e-05,0,1505,7,1505,5,1,4,5,1.0,-0.0,0.0
R_002970,2,0.0008,2.2737094344621602e-05,0,1550,5,1550,6,1,0,6,1.0,-0.0,0.0
R_002971,10,0.004,6.26698620560178e-05,0,1628,0,1628,8,1,3,8,1.0,-0.0,0.0
R_002972,6,0.0024,4.086822210135827e-05,0,3102,1,1571,6,4,7,3,0.5,1.242453324894,0.8962406251802889
R_002973,13,0.0052,7.815594968801891e-05,0,1628,0,1628,7,1,3,7,1.0,-0.0,0.0
R_002974,9,0.0036,5.767811914255002e-05,0,1562,3,1562,7,3,6,5,0.7142857142857143,0.796311640173813,0.7248340915057598
R_002975,14,0.0056,8.147687971454998e-05,0,1559,4,1559,8,1,1,8,1.0,-0.0,0.0
R_002976,6,0.0024,4.0777870128675105e-05,0,3102,6,1531,8,1,2,8,1.0,-0.0,0.0
R_002977,1,0.0004,1.7316624689955155e-05,0,1562,3,1562,8,3,6,6,0.75,0.7356219397587946,0.6695919455357792
R_002978,3,0.0012,2.6897240215648625e-05,0,3102,6,1531,6,1,2,6,1.0,-0.0,0.0
R_002979,4,0.0016,3.2300627504607025e-05,0,1559,4,1559,6,1,1,6,1.0,-0.0,0.0
R_002980,7,0.0028,4.697763132732419e-05,0,1562,3,1562,7,2,6,6,0.8571428571428571,0.410116318288409,0.5916727785823274
R_002981,4,0.0016,3.200685092200714e-05,0,1562,3,1562,5,2,6,4,0.8,0.5004024235381879,0.7219280948873623
R_002982,4,0.0016,3.299900104219123e-05,0,1562,3,1562,5,2,6,4,0.8,0.5004024235381879,0.7219280948873623
R_002983,5,0.002,3.784351036448356e-05,0,1628,0,1628,5,1,3,5,1.0,-0.0,0.0
R_002984,4,0.0016,3.112810716593646e-05,0,1505,7,1505,5,1,4,5,1.0,-0.0,0.0
R_002985,4,0.0016,3.226635878294636e-05,0,1559,4,1559,6,1,1,6,1.0,-0.0,0.0
R_002986,8,0.0032,5.590261753544853e-05,0,1565,2,1565,7,1,5,7,1.0,-0.0,0.0
R_002987,7,0.0028,4.867275777816125e-05,0,1550,5,1550,6,1,0,6,1.0,-0.0,0.0
R_002988,8,0.0032,5.0025361219052583e-05,0,1505,7,1505,8,1,4,8,1.0,-0.0,0.0
R_002989,8,0.0032,5.253250113898741e-05,0,1559,4,1559,7,1,1,7,1.0,-0.0,0.0
R_002990,3,0.0012,2.7347554401204572e-05,0,3102,1,1571,5,4,7,2,0.4,1.3321790402101223,0.9609640474436812
R_002991,2,0.0008,2.301028934722171e-05,0,1565,2,1565,6,2,5,5,0.8333333333333334,0.4505612088663046,0.6500224216483541
R_002992,12,0.0048,7.346273683233921e-05,0,1628,0,1628,8,1,3,8,1.0,-0.0,0.0
R_002993,3,0.0012,2.6670230626685054e-05,0,3102,6,1531,5,1,2,5,1.0,-0.0,0.0
R_002994,13,0.0052,7.664084063433494e-05,0,1559,4,1559,8,1,1,8,1.0,-0.0,0.0
R_002995,12,0.0048,6.910368222235624e-05,0,3102,6,1531,7,1,2,7,1.0,-0.0,0.0
R_002996,14,0.0056,8.227596539477953e-05,0,1559,4,1559,7,1,1,7,1.0,-0.0,0.0
R_002997,7,0.0028,4.494253043842068e-05,0,1505,7,1505,5,1,4,5,1.0,-0.0,0.0
R_002998,3,0.0012,2.760463604982324e-05,0,1562,3,1562,5,2,6,4,0.8,0.5004024235381879,0.7219280948873623
R_002999,2,0.0008,2.2371872075624608e-05,0,1559,4,1559,6,1,1,6,1.0,-0.0,0.0
R_003000,8,0.0032,5.6473276045474076e-05,0,1565,2,1565,8,2,5,7,0.875,0.3767701612564367,0.5435644431995964
R_003001,10,0.004,6.429843188392435e-05,0,1550,5,1550,7,1,0,7,1.0,-0.0,0.0
R_003002,7,0.0028,4.730224369762535e-05,0,1559,4,1559,6,1,1,6,1.0,-0.0,0.0
R_003003,7,0.0028,4.84383731535685e-05,0,1628,0,1628,7,1,3,7,1.0,-0.0,0.0
R_003004,5,0.002,3.6953815178188464e-05,0,1562,3,1562,7,2,6,6,0.8571428571428571,0.410116318288409,0.5916727785823274
R_003005,12,0.0048,7.408043819841326e-05,0,1628,0,1628,5,1,3,5,1.0,-0.0,0.0
R_003006,3,0.0012,2.8337646219326683e-05,0,1550,5,1550,5,1,0,5,1.0,-0.0,0.0
R_003007,8,0.0032,5.644819070468591e-05,0,1565,2,1565,7,2,5,6,0.8571428571428571,0.410116318288409,0.5916727785823274
R_003008,30,0.012,0.00016060944266122634,0,1559,4,1559,8,1,1,8,1.0,-0.0,0.0
R_003009,10,0.004,5.976922537603547e-05,0,3102,6,1531,8,1,2,8,1.0,-0.0,0.0
R_003010,8,0.0032,5.340359991909269e-05,0,1550,5,1550,7,1,0,7,1.0,-0.0,0.0
R_003011,3,0.0012,2.6244427042700306e-05,0,1505,7,1505,5,1,4,5,1.0,-0.0,0.0
R_003012,11,0.0044,6.597990153195922e-05,0,3102,6,1531,7,1,2,7,1.0,-0.0,0.0
R_003013,5,0.002,3.5730698384162945e-05,0,1505,7,1505,5,1,4,5,1.0,-0.0,0.0
R_003014,7,0.0028,4.588039373500918e-05,0,3102,1,1571,7,3,7,4,0.5714285714285714,0.9556998911125344,0.8699155297736259
R_003015,3,0.0012,2.7351873668192665e-05,0,1562,3,1562,5,2,6,4,0.8,0.5004024235381879,0.7219280948873623
R_003016,5,0.002,3.941739739681736e-05,0,1565,2,1565,6,2,5,5,0.8333333333333334,0.4505612088663046,0.6500224216483541
R_003017,22,0.0088,0.0001172873879116673,0,3102,6,1531,8,1,2,8,1.0,-0.0,0.0
R_003018,4,0.0016,3.4449685881873434e-05,0,1565,2,1565,5,1,5,5,1.0,-0.0,0.0
R_003019,6,0.0024,4.2843111321995685e-05,0,1628,0,1628,6,1,3,6,1.0,-0.0,0.0
R_003020,1,0.0004,1.7584561909501635e-05,0,1550,5,1550,5,1,0,5,1.0,-0.0,0.0
R_003021,11,0.0044,6.612319701531792e-05,0,1562,3,1562,7,2,6,6,0.8571428571428571,0.410116318288409,0.5916727785823274
R_003022,10,0.004,6.227721884927631e-05,0,1562,3,1562,8,2,6,7,0.875,0.3767701612564367,0.5435644431995964
R_003023,7,0.0028,4.7534769696724775e-05,0,1559,4,1559,6,1,1,6,1.0,-0.0,0.0
R_003024,9,0.0036,5.4482095234350765e-05,0,1505,7,1505,6,1,4,6,1.0,-0.0,0.0
R_003025,7,0.0028,4.976677306279474e-05,0,1565,2,1565,8,1,5,8,1.0,-0.0,0.0
R_003026,8,0.0032,5.1423109974059006e-05,0,3102,6,1531,7,1,2,7,1.0,-0.0,0.0
R_003027,9,0.0036,5.953134992002176e-05,0,1550,5,1550,8,1,0,8,1.0,-0.0,0.0
R_003028,8,0.0032,5.089690228727197e-05,0,3102,1,1571,7,3,7,4,0.5714285714285714,0.9556998911125344,0.8699155297736259
R_003029,3,0.0012,2.6428357946912377e-05,0,1505,7,1505,6,1,4,6,1.0,-0.0,0.0
R_003030,15,0.006,8.293587934366999e-05,0,1505,7,1505,8,1,4,8,1.0,-0.0,0.0
R_003031,8,0.0032,5.310280098434395e-05,0,1628,0,1628,5,1,3,5,1.0,-0.0,0.0
R_003032,11,0.0044,6.710260904291801e-05,0,1562,3,1562,7,3,6,5,0.7142857142857143,0.796311640173813,0.7248340915057598
R_003033,3,0.0012,2.845544732522072e-05,0,1550,5,1550,5,1,0,5,1.0,-0.0,0.0
R_003034,16,0.0064,9.591315854340846e-05,0,1550,5,1550,8,1,0,8,1.0,-0.0,0.0
R_003035,11,0.0044,6.479384651654102e-05,0,1505,7,1505,7,1,4,7,1.0,-0.0,0.0
R_003036,2,0.0008,2.1981052769268476e-05,0,3102,6,1531,5,1,2,5,1.0,-0.0,0.0
R_003037,18,0.0072,9.754963671899477e-05,0,1505,7,1505,8,1,4,8,1.0,-0.0,0.0
R_003038,5,0.002,3.711765881641407e-05,0,1559,4,1559,6,1,1,6,1.0,-0.0,0.0
R_003039,6,0.0024,4.230428906531405e-05,0,1559,4,1559,5,1,1,5,1.0,-0.0,0.0
R_003040,1,0.0004,1.750540531017243e-05,0,1559,4,1559,6,1,1,6,1.0,-0.0,0.0
R_003041,8,0.0032,5.172561302541256e-05,0,1559,4,1559,7,1,1,7,1.0,-0.0,0.0
R_003042,10,0.004,6.048111972213504e-05,0,3102,6,1531,6,1,2,6,1.0,-0.0,0.0
R_003043,6,0.0024,4.2137543775173076e-05,0,1559,4,1559,7,1,1,7,1.0,-0.0,0.0
R_003044,7,0.0028,4.7626079529474716e-05,0,1559,4,1559,6,1,1,6,1.0,-0.0,0.0
R_003045,8,0.0032,5.0697914154360736e-05,0,3102,6,1531,5,1,2,5,1.0,-0.0,0.0
R_003046,11,0.0044,6.550800082045199e-05,0,3102,1,1571,8,3,7,6,0.75,0.7356219397587946,0.6695919455357792
R_003047,9,0.0036,5.4347632145124156e-05,0,1505,7,1505,6,1,4,6,1.0,-0.0,0.0
R_003048,22,0.0088,0.00011624414155021031,0,3102,1,1571,8,4,7,4,0.5,1.2130075659799042,0.875
R_003049,11,0.0044,7.247882330233454e-05,0,1565,2,1565,7,1,5,7,1.0,-0.0,0.0
R_003050,7,0.0028,4.603009271642272e-05,0,3102,1,1571,8,4,7,5,0.625,1.073542846408523,0.7743974703476992
R_003051,7,0.0028,4.624827358175589e-05,0,3102,6,1531,7,1,2,7,1.0,-0.0,0.0
R_003052,5,0.002,3.617701259639837e-05,0,3102,6,1531,5,1,2,5,1.0,-0.0,0.0
R_003053,5,0.002,3.77102695180352e-05,0,1562,3,1562,6,3,6,4,0.6666666666666666,0.8675632284814612,0.7896900821428474
R_003054,3,0.0012,2.802698895872365e-05,0,1628,0,1628,5,1,3,5,1.0,-0.0,0.0
R_003055,15,0.006,8.392785974317425e-05,0,3102,6,1531,8,1,2,8,1.0,-0.0,0.0
R_003056,12,0.0048,7.465115403603984e-05,0,1628,0,1628,7,1,3,7,1.0,-0.0,0.0
R_003057,9,0.0036,5.703648644036145e-05,0,1559,4,1559,7,1,1,7,1.0,-0.0,0.0
R_003058,29,0.0116,0.0001516329976447617,0,3102,6,1531,8,1,2,8,1.0,-0.0,0.0
R_003059,11,0.0044,6.93032387874503e-05,0,1550,5,1550,7,1,0,7,1.0,-0.0,0.0
R_003060,18,0.0072,0.00010230200148688154,0,1562,3,1562,6,3,6,4,0.6666666666666666,0.8675632284814612,0.7896900821428474
R_003061,9,0.0036,5.5757347011928566e-05,0,3102,6,1531,6,1,2,6,1.0,-0.0,0.0
R_003062,9,0.0036,5.508447932761171e-05,0,3102,6,1531,8,1,2,8,1.0,-0.0,0.0
R_003063,11,0.0044,6.621420866080756e-05,0,1559,4,1559,7,1,1,7,1.0,-0.0,0.0
R_003064,10,0.004,6.794689468164519e-05,0,1565,2,1565,8,2,5,7,0.875,0.3767701612564367,0.5435644431995964
R_003065,5,0.002,3.5837283593916636e-05,0,1505,7,1505,6,1,4,6,1.0,-0.0,0.0
R_003066,4,0.0016,3.4099522054393916e-05,0,1565,2,1565,8,2,5,7,0.875,0.3767701612564367,0.5435644431995964
R_003067,10,0.004,6.47779055704995e-05,0,1550,5,1550,8,1,0,8,1.0,-0.0,0.0
R_003068,3,0.0012,2.7056952103120204e-05,0,1559,4,1559,5,1,1,5,1.0,-0.0,0.0
R_003069,4,0.0016,3.197323566614101e-05,0,3102,6,1531,7,1,2,7,1.0,-0.0,0.0
R_003070,9,0.0036,5.551142959660771e-05,0,3102,1,1571,7,4,7,3,0.4285714285714285,1.277034259466139,0.9211854965885544
R_003071,5,0.002,3.852422879830056e-05,0,1550,5,1550,6,1,0,6,1.0,-0.0,0.0
R_003072,8,0.0032,5.2005602690026006e-05,0,1562,3,1562,5,2,6,4,0.8,0.5004024235381879,0.7219280948873623
R_003073,4,0.0016,3.420173913038535e-05,0,1565,2,1565,7,2,5,6,0.8571428571428571,0.410116318288409,0.5916727785823274
R_003074,3,0.0012,2.646869210594572e-05,0,1505,7,1505,5,1,4,5,1.0,-0.0,0.0
R_003075,6,0.0024,4.230799003390981e-05,0,1562,3,1562,6,1,6,6,1.0,-0.0,0.0
R_003076,4,0.0016,3.161222758926233e-05,0,3102,1,1571,5,1,7,5,1.0,-0.0,0.0
R_003077,5,0.002,3.622640664453037e-05,0,3102,1,1571,5,3,7,3,0.6,0.9502705392332348,0.8649735207179272
R_003078,4,0.0016,3.1828010196324424e-05,0,1562,3,1562,6,3,6,4,0.6666666666666666,0.8675632284814612,0.7896900821428474
R_003079,11,0.0044,6.41978267463245e-05,0,3102,1,1571,8,3,7,5,0.625,0.9002560512685369,0.8194483718728035
R_003080,7,0.0028,4.904933243970038e-05,0,1550,5,1550,8,1,0,8,1.0,-0.0,0.0
R_003081,14,0.0056,8.885580217834709e-05,0,1565,2,1565,8,2,5,7,0.875,0.3767701612564367,0.5435644431995964
R_003082,8,0.0032,5.019453707186843e-05,0,3102,1,1571,7,3,7,5,0.7142857142857143,0.796311640173813,0.7248340915057598
R_003083,6,0.0024,4.2941753188619134e-05,0,1628,0,1628,6,1,3,6,1.0,-0.0,0.0
R_003084,5,0.002,3.5934095603862966e-05,0,1505,7,1505,6,1,4,6,1.0,-0.0,0.0
R_003085,20,0.008,0.00010824591177214537,0,3102,6,1531,8,1,2,8,1.0,-0.0,0.0
R_003086,10,0.004,6.304847563865312e-05,0,1628,0,1628,6,1,3,6,1.0,-0.0,0.0
R_003087,7,0.0028,4.7155143959343325e-05,0,1562,3,1562,8,3,6,6,0.75,0.7356219397587946,0.6695919455357792
R_003088,7,0.0028,4.848168973077032e-05,0,1628,0,1628,6,1,3,6,1.0,-0.0,0.0
R_003089,5,0.002,3.8315757734169973e-05,0,1550,5,1550,6,1,0,6,1.0,-0.0,0.0
R_003090,9,0.0036,5.546535326393488e-05,0,1505,7,1505,8,1,4,8,1.0,-0.0,0.0
R_003091,12,0.0048,7.164721912586623e-05,0,1559,4,1559,6,1,1,6,1.0,-0.0,0.0
R_003092,15,0.006,8.376932077263341e-05,0,3102,1,1571,8,3,7,5,0.625,0.9002560512685369,0.8194483718728035
R_003093,11,0.0044,6.813901845378583e-05,0,1562,3,1562,7,3,6,5,0.7142857142857143,0.796311640173813,0.7248340915057598
R_003094,3,0.0012,2.7873154168839894e-05,0,1628,0,1628,5,1,3,5,1.0,-0.0,0.0
R_003095,11,0.0044,6.691384376975764e-05,0,1559,4,1559,8,1,1,8,1.0,-0.0,0.0
R_003096,8,0.0032,5.540436496711891e-05,0,1565,2,1565,6,2,5,5,0.8333333333333334,0.4505612088663046,0.6500224216483541
R_003097,7,0.0028,4.6600775349707914e-05,0,1559,4,1559,6,1,1,6,1.0,-0.0,0.0
R_003098,10,0.004,6.207411063351297e-05,0,1562,3,1562,6,1,6,6,1.0,-0.0,0.0
R_003099,1,0.0004,1.766787495850954e-05,0,1565,2,1565,5,1,5,5,1.0,-0.0,0.0
R_003100,12,0.0048,6.949759391734846e-05,0,1505,7,1505,8,1,4,8,1.0,-0.0,0.0
R_003101,13,0.0052,7.371570154775893e-05,0,1505,7,1505,8,1,4,8,1.0,-0.0,0.0
R_003102,5,0.002,3.938896074311756e-05,0,1565,2,1565,6,2,5,5,0.8333333333333334,0.4505612088663046,0.6500224216483541
R_003103,3,0.0012,2.6232922358725735e-05,0,3102,1,1571,6,3,7,4,0.6666666666666666,0.8675632284814612,0.7896900821428474
R_003104,4,0.0016,3.214430807070804e-05,0,1559,4,1559,6,1,1,6,1.0,-0.0,0.0
R_003105,11,0.0044,7.031392104834065e-05,0,1550,5,1550,6,1,0,6,1.0,-0.0,0.0
R_003106,12,0.0048,6.974986183992016e-05,0,3102,6,1531,7,1,2,7,1.0,-0.0,0.0
R_003107,18,0.0072,0.00010618850346395398,0,1550,5,1550,8,1,0,8,1.0,-0.0,0.0
R_003108,8,0.0032,5.1038167877040504e-05,0,3102,6,1531,5,1,2,5,1.0,-0.0,0.0
R_003109,3,0.0012,2.688241856479854e-05,0,1559,4,1559,6,1,1,6,1.0,-0.0,0.0
R_003110,4,0.0016,3.296603364760106e-05,0,1550,5,1550,5,1,0,5,1.0,-0.0,0.0
R_003111,7,0.0028,4.556049856528725e-05,0,1505,7,1505,6,1,4,6,1.0,-0.0,0.0
R_003112,12,0.0048,6.769030946571862e-05,0,1505,7,1505,8,1,4,8,1.0,-0.0,0.0
R_003113,5,0.002,3.7095920146926165e-05,0,1559,4,1559,5,1,1,5,1.0,-0.0,0.0
R_003114,9,0.0036,5.935999584453011e-05,0,1550,5,1550,8,1,0,8,1.0,-0.0,0.0
R_003115,7,0.0028,4.830617840316573e-05,0,1628,0,1628,8,1,3,8,1.0,-0.0,0.0
R_003116,7,0.0028,4.720869965342183e-05,0,1562,3,1562,6,3,6,4,0.6666666666666666,0.8675632284814612,0.7896900821428474
R_003117,16,0.0064,9.672298997720842e-05,0,1550,5,1550,7,1,0,7,1.0,-0.0,0.0
R_003118,9,0.0036,5.801077731451733e-05,0,1628,0,1628,8,1,3,8,1.0,-0.0,0.0
R_003119,2,0.0008,2.2133543698581274e-05,0,3102,6,1531,5,1,2,5,1.0,-0.0,0.0
R_003120,10,0.004,6.708622603546075e-05,0,1565,2,1565,8,1,5,8,1.0,-0.0,0.0
R_003121,2,0.0008,2.176949709010546e-05,0,3102,1,1571,5,3,2,2,0.4,1.0549201679861442,0.9602297178607612
R_003122,8,0.0032,5.243241048004112e-05,0,1562,3,1562,7,3,6,5,0.7142857142857143,0.796311640173813,0.7248340915057598
R_003123,9,0.0036,6.125276457342148e-05,0,1565,2,1565,7,2,5,6,0.8571428571428571,0.410116318288409,0.5916727785823274
R_003124,1,0.0004,1.7353584217654706e-05,0,1550,5,1550,7,1,0,7,1.0,-0.0,0.0
R_003125,10,0.004,6.626810890679737e-05,0,1565,2,1565,7,2,5,6,0.8571428571428571,0.410116318288409,0.5916727785823274
R_003126,16,0.0064,0.00010015710108840854,0,1565,2,1565,8,1,5,8,1.0,-0.0,0.0
R_003127,2,0.0008,2.3376291430465427e-05,0,1565,2,1565,5,2,5,4,0.8,0.5004024235381879,0.7219280948873623
R_003128,10,0.004,6.335096875317876e-05,0,1628,0,1628,7,1,3,7,1.0,-0.0,0.0
R_003129,11,0.0044,6.453511719298251e-05,0,1505,7,1505,8,1,4,8,1.0,-0.0,0.0
R_003130,5,0.002,3.8723871763926714e-05,0,1550,5,1550,6,1,0,6,1.0,-0.0,0.0
R_003131,7,0.0028,4.74080659161683e-05,0,1562,3,1562,7,2,6,6,0.8571428571428571,0.410116318288409,0.5916727785823274
R_003132,3,0.0012,2.7373566094090804e-05,0,1562,3,1562,5,1,6,5,1.0,-0.0,0.0
R_003133,13,0.0052,7.699475984812451e-05,0,1559,4,1559,8,1,1,8,1.0,-0.0,0.0
R_003134,10,0.004,6.322946730316554e-05,0,1628,0,1628,8,1,3,8,1.0,-0.0,0.0
R_003135,7,0.0028,4.687772025635563e-05,0,1559,4,1559,5,1,1,5,1.0,-0.0,0.0
R_003136,8,0.0032,5.067684251994442e-05,0,3102,6,1531,6,1,2,6,1.0,-0.0,0.0
R_003137,6,0.0024,4.215273943354292e-05,0,1559,4,1559,6,1,1,6,1.0,-0.0,0.0
R_003138,16,0.0064,8.750190437214763e-05,0,3102,1,1571,8,4,7,4,0.5,1.2130075659799042,0.875
R_003139,5,0.002,3.8165900033223986e-05,0,1550,5,1550,8,1,0,8,1.0,-0.0,0.0
R_003140,9,0.0036,6.0963887687876695e-05,0,1565,2,1565,7,1,5,7,1.0,-0.0,0.0
R_003141,6,0.0024,4.234907686699981e-05,0,1562,3,1562,6,3,6,4,0.6666666666666666,0.8675632284814612,0.7896900821428474
R_003142,6,0.0024,4.304324667232838e-05,0,1628,0,1628,8,1,3,8,1.0,-0.0,0.0
R_003143,5,0.002,3.803198145848755e-05,0,1628,0,1628,6,1,3,6,1.0,-0.0,0.0
R_003144,7,0.0028,4.5455752998455355e-05,0,3102,1,1571,7,3,7,4,0.5714285714285714,0.9556998911125344,0.8699155297736259
R_003145,8,0.0032,5.26966617296872e-05,0,1562,3,1562,7,2,6,6,0.8571428571428571,0.410116318288409,0.5916727785823274
R_003146,2,0.0008,2.271816643932649e-05,0,1628,0,1628,5,1,3,5,1.0,-0.0,0.0
R_003147,7,0.0028,4.630953484577174e-05,0,1559,4,1559,7,1,1,7,1.0,-0.0,0.0
R_003148,16,0.0064,8.821863423435052e-05,0,3102,1,1571,8,4,7,4,0.5,1.2130075659799042,0.875
R_003149,26,0.0104,0.0001349144923553292,0,3102,1,1571,7,3,7,4,0.5714285714285714,0.9556998911125344,0.8699155297736259
R_003150,5,0.002,3.6121384736436606e-05,0,1505,7,1505,6,1,4,6,1.0,-0.0,0.0
R_003151,8,0.0032,5.238390648296489e-05,0,1559,4,1559,6,1,1,6,1.0,-0.0,0.0
R_003152,5,0.002,3.777170149653495e-05,0,1628,0,1628,7,1,3,7,1.0,-0.0,0.0
R_003153,9,0.0036,5.971604343182345e-05,0,1550,5,1550,6,1,0,6,1.0,-0.0,0.0
R_003154,9,0.0036,5.906482082075578e-05,0,1628,0,1628,8,1,3,8,1.0,-0.0,0.0
R_003155,2,0.0008,2.1669974016628405e-05,0,1505,7,1505,5,1,4,5,1.0,-0.0,0.0
R_003156,7,0.0028,4.650401206682554e-05,0,3102,1,1571,8,2,7,6,0.75,0.5623351446188083,0.8112781244591328
R_003157,5,0.002,3.785052497644559e-05,0,1628,0,1628,6,1,3,6,1.0,-0.0,0.0
R_003158,8,0.0032,4.975482009528017e-05,0,1505,7,1505,6,1,4,6,1.0,-0.0,0.0
R_003159,8,0.0032,5.275699595286294e-05,0,1628,0,1628,7,1,3,7,1.0,-0.0,0.0
R_003160,5,0.002,3.938128516486917e-05,0,1565,2,1565,6,2,5,5,0.8333333333333334,0.4505612088663046,0.6500224216483541
R_003161,25,0.01,0.000131020114768791,0,3102,1,1571,8,4,7,4,0.5,1.2130075659799042,0.875
R_003162,5,0.002,3.700375284779827e-05,0,1562,3,1562,5,1,6,5,1.0,-0.0,0.0
R_003163,17,0.0068,9.457120110885281e-05,0,3102,1,1571,7,3,7,5,0.7142857142857143,0.796311640173813,0.7248340915057598
R_003164,8,0.0032,5.350119371455496e-05,0,1628,0,1628,6,1,3,6,1.0,-0.0,0.0
R_003165,9,0.0036,5.499381034858723e-05,0,3102,1,1571,8,4,7,5,0.625,1.073542846408523,0.7743974703476992
R_003166,6,0.0024,4.239857787885015e-05,0,1559,4,1559,6,1,1,6,1.0,-0.0,0.0
R_003167,7,0.0028,4.584470772170715e-05,0,3102,6,1531,6,1,2,6,1.0,-0.0,0.0
R_003168,7,0.0028,4.5771697331841026e-05,0,1505,7,1505,7,1,4,7,1.0,-0.0,0.0
R_003169,13,0.0052,7.267537632271852e-05,0,1505,7,1505,7,1,4,7,1.0,-0.0,0.0
R_003170,1,0.0004,1.7123809262801294e-05,0,1505,7,1505,6,1,4,6,1.0,-0.0,0.0
R_003171,11,0.0044,6.43105188924154e-05,0,1505,7,1505,7,1,4,7,1.0,-0.0,0.0
R_003172,13,0.0052,7.38034872086149e-05,0,3102,6,1531,8,1,2,8,1.0,-0.0,0.0
R_003173,12,0.0048,6.938216065171943e-05,0,1505,7,1505,7,1,4,7,1.0,-0.0,0.0
R_003174,12,0.0048,6.888033143058409e-05,0,1505,7,1505,7,1,4,7,1.0,-0.0,0.0
R_003175,28,0.0112,0.00014718986639452252,0,3102,6,1531,8,1,2,8,1.0,-0.0,0.0
R_003176,3,0.0012,2.8474428737486396e-05,0,1565,2,1565,8,2,5,7,0.875,0.3767701612564367,0.5435644431995964
R_003177,5,0.002,3.983828703271845e-05,0,1565,2,1565,5,1,5,5,1.0,-0.0,0.0
R_003178,3,0.0012,2.724016552029317e-05,0,1559,4,1559,5,1,1,5,1.0,-0.0,0.0
R_003179,4,0.0016,3.208843406497021e-05,0,1562,3,1562,6,3,6,4,0.6666666666666666,0.8675632284814612,0.7896900821428474
R_003180,6,0.0024,4.3661318003093694e-05,0,1550,5,1550,6,1,0,6,1.0,-0.0,0.0
R_003181,6,0.0024,4.2461906226644486e-05,0,1562,3,1562,6,2,6,5,0.8333333333333334,0.4505612088663046,0.6500224216483541
R_003182,13,0.0052,7.761075593942097e-05,0,1562,3,1562,7,2,6,6,0.8571428571428571,0.410116318288409,0.5916727785823274
R_003183,8,0.0032,5.065610404665159e-05,0,3102,6,1531,7,1,2,7,1.0,-0.0,0.0
R_003184,2,0.0008,2.2083401591898328e-05,0,3102,6,1531,5,1,2,5,1.0,-0.0,0.0
R_003185,6,0.0024,4.391654103439151e-05,0,1550,5,1550,6,1,0,6,1.0,-0.0,0.0
R_003186,13,0.0052,7.436376703614758e-05,0,3102,1,1571,8,3,7,5,0.625,0.9002560512685369,0.8194483718728035
R_003187,6,0.0024,4.350662951109245e-05,0,1559,4,1559,6,1,1,6,1.0,-0.0,0.0
R_003188,7,0.0028,4.952733973463054e-05,0,1550,5,1550,6,1,0,6,1.0,-0.0,0.0
R_003189,14,0.0056,7.747796706370695e-05,0,1505,7,1505,7,1,4,7,1.0,-0.0,0.0
R_003190,9,0.0036,5.4696789467085854e-05,0,1505,7,1505,5,1,4,5,1.0,-0.0,0.0
R_003191,8,0.0032,5.3321252111612355e-05,0,1628,0,1628,7,1,3,7,1.0,-0.0,0.0
R_003192,9,0.0036,5.670189607194746e-05,0,1562,3,1562,8,3,6,6,0.75,0.7356219397587946,0.6695919455357792
R_003193,6,0.0024,4.068216023488151e-05,0,1505,7,1505,7,1,4,7,1.0,-0.0,0.0
R_003194,13,0.0052,7.451897204945413e-05,0,3102,1,1571,8,3,7,5,0.625,0.9002560512685369,0.8194483718728035
R_003195,8,0.0032,5.015954068938026e-05,0,1505,7,1505,8,1,4,8,1.0,-0.0,0.0
R_003196,4,0.0016,3.280656246313918e-05,0,1628,0,1628,5,1,3,5,1.0,-0.0,0.0
R_003197,10,0.004,6.0075874615541087e-05,0,3102,6,1531,8,1,2,8,1.0,-0.0,0.0
R_003198,13,0.0052,7.708562128007639e-05,0,1562,3,1562,8,1,6,8,1.0,-0.0,0.0
R_003199,5,0.002,3.616706009810745e-05,0,3102,1,1571,5,3,7,3,0.6,0.9502705392332348,0.8649735207179272
R_003200,6,0.0024,4.324782286085485e-05,0,1550,5,1550,8,1,0,8,1.0,-0.0,0.0
R_003201,14,0.0056,7.85499199280998e-05,0,1505,7,1505,8,1,4,8,1.0,-0.0,0.0
R_003202,15,0.006,8.833108347867531e-05,0,1562,3,1562,8,2,6,7,0.875,0.3767701612564367,0.5435644431995964
R_003203,19,0.0076,0.00010889055041857419,0,1628,0,1628,8,1,3,8,1.0,-0.0,0.0
R_003204,8,0.0032,5.5013819955200956e-05,0,1565,2,1565,8,2,5,7,0.875,0.3767701612564367,0.5435644431995964
R_003205,5,0.002,3.756802258861054e-05,0,1628,0,1628,5,1,3,5,1.0,-0.0,0.0
R_003206,2,0.0008,2.3112668651430152e-05,0,1550,5,1550,6,1,0,6,1.0,-0.0,0.0
R_003207,9,0.0036,5.560129601263807e-05,0,3102,6,1531,8,1,2,8,1.0,-0.0,0.0
R_003208,4,0.0016,3.2357041996426765e-05,0,1562,3,1562,5,2,6,4,0.8,0.5004024235381879,0.7219280948873623
R_003209,8,0.0032,5.472629502722808e-05,0,1550,5,1550,8,1,0,8,1.0,-0.0,0.0
R_003210,3,0.0012,2.6278986972322326e-05,0,3102,1,1571,5,3,7,3,0.6,0.9502705392332348,0.8649735207179272
R_003211,6,0.0024,3.9616412938935136e-05,0,1505,7,1505,6,1,4,6,1.0,-0.0,0.0
R_003212,8,0.0032,5.0397566339604254e-05,0,3102,1,1571,8,4,7,4,0.5,1.2130075659799042,0.875
R_003213,11,0.0044,7.314292303268838e-05,0,1565,2,1565,7,2,5,6,0.8571428571428571,0.410116318288409,0.5916727785823274
R_003214,8,0.0032,5.382331139029514e-05,0,1550,5,1550,7,1,0,7,1.0,-0.0,0.0
R_003215,5,0.002,3.7919794940670745e-05,0,1550,5,1550,6,1,0,6,1.0,-0.0,0.0
R_003216,6,0.0024,4.072323698204734e-05,0,3102,1,1571,5,3,7,3,0.6,0.9502705392332348,0.8649735207179272
R_003217,8,0.0032,5.0380320112385786e-05,0,1505,7,1505,7,1,4,7,1.0,-0.0,0.0
R_003218,5,0.002,3.73349021278205e-05,0,1562,3,1562,7,2,6,6,0.8571428571428571,0.410116318288409,0.5916727785823274
R_003219,9,0.0036,5.456500628526189e-05,0,3102,6,1531,6,1,2,6,1.0,-0.0,0.0
R_003220,9,0.0036,5.820415129111313e-05,0,1628,0,1628,8,1,3,8,1.0,-0.0,0.0
R_003221,22,0.0088,0.00011571034423743242,0,1505,7,1505,7,1,4,7,1.0,-0.0,0.0
R_003222,7,0.0028,4.695707289196647e-05,0,1559,4,1559,8,1,1,8,1.0,-0.0,0.0
R_003223,16,0.0064,8.741566389430351e-05,0,1505,7,1505,7,1,4,7,1.0,-0.0,0.0
R_003224,4,0.0016,3.3185626659927076e-05,0,1550,5,1550,5,1,0,5,1.0,-0.0,0.0
R_003225,3,0.0012,2.724337955157406e-05,0,1562,3,1562,5,2,6,4,0.8,0.5004024235381879,0.7219280948873623
R_003226,14,0.0056,8.420176120704528e-05,0,1628,0,1628,8,1,3,8,1.0,-0.0,0.0
R_003227,8,0.0032,5.0249582605809814e-05,0,3102,6,1531,7,1,2,7,1.0,-0.0,0.0
R_003228,4,0.0016,3.3094006135125785e-05,0,1628,0,1628,6,1,3,6,1.0,-0.0,0.0
R_003229,21,0.0084,0.0001099090988864513,0,1505,7,1505,8,1,4,8,1.0,-0.0,0.0
R_003230,9,0.0036,5.550598084077093e-05,0,3102,6,1531,7,1,2,7,1.0,-0.0,0.0
R_003231,3,0.0012,2.683793617598261e-05,0,3102,1,1571,5,3,7,3,0.6,0.9502705392332348,0.8649735207179272
R_003232,8,0.0032,4.98932087251971e-05,0,1505,7,1505,8,1,4,8,1.0,-0.0,0.0
R_003233,8,0.0032,5.451355904720464e-05,0,1550,5,1550,5,1,0,5,1.0,-0.0,0.0
R_003234,9,0.0036,5.4462443516511204e-05,0,3102,1,1571,7,3,7,4,0.5714285714285714,0.9556998911125344,0.8699155297736259
R_003235,8,0.0032,5.1899382329188815e-05,0,1562,3,1562,5,1,6,5,1.0,-0.0,0.0
R_003236,9,0.0036,5.6655319759524366e-05,0,1559,4,1559,6,1,1,6,1.0,-0.0,0.0
R_003237,13,0.0052,7.533061423599728e-05,0,3102,6,1531,7,1,2,7,1.0,-0.0,0.0
R_003238,16,0.0064,8.724343790921063e-05,0,1505,7,1505,8,1,4,8,1.0,-0.0,0.0
R_003239,9,0.0036,5.83473893605724e-05,0,1628,0,1628,8,1,3,8,1.0,-0.0,0.0
R_003240,2,0.0008,2.207924417351377e-05,0,1562,3,1562,7,2,6,6,0.8571428571428571,0.410116318288409,0.5916727785823274
R_003241,8,0.0032,5.0107213552242926e-05,0,3102,6,1531,6,1,2,6,1.0,-0.0,0.0
R_003242,1,0.0004,1.7154516846870124e-05,0,3102,6,1531,7,1,2,7,1.0,-0.0,0.0
R_003243,11,0.0044,6.806979952563118e-05,0,1562,3,1562,8,3,6,6,0.75,0.7356219397587946,0.6695919455357792
R_003244,21,0.0084,0.00012213156277755106,0,1550,5,1550,8,1,0,8,1.0,-0.0,0.0
R_003245,9,0.0036,6.030514562912721e-05,0,1550,5,1550,7,1,0,7,1.0,-0.0,0.0
R_003246,5,0.002,3.739962771469026e-05,0,1562,3,1562,7,3,6,5,0.7142857142857143,0.796311640173813,0.7248340915057598
R_003247,10,0.004,6.484430576087994e-05,0,1550,5,1550,8,1,0,8,1.0,-0.0,0.0
R_003248,25,0.01,0.00013191414694755169,0,3102,6,1531,8,1,2,8,1.0,-0.0,0.0
R_003249,5,0.002,3.77302564917204e-05,0,1628,0,1628,8,1,3,8,1.0,-0.0,0.0
R_003250,5,0.002,3.8127799390525606e-05,0,1550,5,1550,6,1,0,6,1.0,-0.0,0.0
R_003251,13,0.0052,7.454969651204739e-05,0,3102,6,1531,7,1,2,7,1.0,-0.0,0.0
R_003252,9,0.0036,5.917897083205257e-05,0,1550,5,1550,6,1,0,6,1.0,-0.0,0.0
R_003253,9,0.0036,6.128644467695786e-05,0,1565,2,1565,8,1,5,8,1.0,-0.0,0.0
R_003254,8,0.0032,5.0257890455430484e-05,0,1505,7,1505,6,1,4,6,1.0,-0.0,0.0
R_003255,5,0.002,3.6120021240573095e-05,0,3102,6,1531,5,1,2,5,1.0,-0.0,0.0
R_003256,4,0.0016,3.1426496868154693e-05,0,1505,7,1505,5,1,4,5,1.0,-0.0,0.0
R_003257,3,0.0012,2.8449884617355156e-05,0,1565,2,1565,6,1,5,6,1.0,-0.0,0.0
R_003258,5,0.002,3.764022948733223e-05,0,1562,3,1562,7,2,6,6,0.8571428571428571,0.410116318288409,0.5916727785823274
R_003259,5,0.002,3.727218552275908e-05,0,1559,4,1559,6,1,1,6,1.0,-0.0,0.0
R_003260,11,0.0044,6.433101067047108e-05,0,3102,6,1531,8,1,2,8,1.0,-0.0,0.0
R_003261,6,0.0024,4.0532200906758905e-05,0,3102,1,1571,6,4,7,3,0.5,1.242453324894,0.8962406251802889
R_003262,11,0.0044,6.457345745311484e-05,0,3102,1,1571,8,3,7,5,0.625,0.9002560512685369,0.8194483718728035
R_003263,12,0.0048,6.860580580734342e-05,0,3102,6,1531,6,1,2,6,1.0,-0.0,0.0
R_003264,7,0.0028,4.8089960866923225e-05,0,1559,4,1559,8,1,1,8,1.0,-0.0,0.0
R_003265,5,0.002,3.5491261849700454e-05,0,3102,1,1571,5,3,2,2,0.4,1.0549201679861442,0.9602297178607612
R_003266,7,0.0028,4.808308476708352e-05,0,1550,5,1550,7,1,0,7,1.0,-0.0,0.0
R_003267,10,0.004,6.16135526305816e-05,0,1559,4,1559,8,1,1,8,1.0,-0.0,0.0
R_003268,10,0.004,5.9660940240453985e-05,0,3102,6,1531,5,1,2,5,1.0,-0.0,0.0
R_003269,5,0.002,3.919781629836195e-05,0,1565,2,1565,5,1,5,5,1.0,-0.0,0.0
R_003270,12,0.0048,7.572014423945259e-05,0,1550,5,1550,8,1,0,8,1.0,-0.0,0.0
R_003271,6,0.0024,4.245810418848628e-05,0,1562,3,1562,5,2,6,4,0.8,0.5004024235381879,0.7219280948873623
R_003272,8,0.0032,5.204804373781057e-05,0,1559,4,1559,7,1,1,7,1.0,-0.0,0.0
R_003273,3,0.0012,2.642452118506233e-05,0,3102,1,1571,6,3,7,3,0.5,1.0114042647073518,0.920619835714305
R_003274,3,0.0012,2.759878768773847e-05,0,1562,3,1562,5,2,6,4,0.8,0.5004024235381879,0.7219280948873623
R_003275,3,0.0012,2.810018499062015e-05,0,1628,0,1628,6,1,3,6,1.0,-0.0,0.0
R_003276,9,0.0036,5.519518827107402e-05,0,1505,7,1505,6,1,4,6,1.0,-0.0,0.0
R_003277,6,0.0024,4.480674000730289e-05,0,1565,2,1565,8,2,5,7,0.875,0.3767701612564367,0.5435644431995964
R_003278,10,0.004,6.225351528340277e-05,0,1559,4,1559,8,1,1,8,1.0,-0.0,0.0
R_003279,7,0.0028,4.802393284937847e-05,0,1562,3,1562,7,3,6,5,0.7142857142857143,0.796311640173813,0.7248340915057598
R_003280,5,0.002,3.782930383744287e-05,0,1628,0,1628,5,1,3,5,1.0,-0.0,0.0
R_003281,8,0.0032,5.231709480997669e-05,0,1562,3,1562,5,2,6,4,0.8,0.5004024235381879,0.7219280948873623
R_003282,10,0.004,6.713565597733141e-05,0,1565,2,1565,8,2,5,7,0.875,0.3767701612564367,0.5435644431995964
R_003283,9,0.0036,5.7251602562632756e-05,0,1562,3,1562,6,2,6,5,0.8333333333333334,0.4505612088663046,0.6500224216483541
R_003284,7,0.0028,4.542805146074828e-05,0,3102,1,1571,6,3,7,4,0.6666666666666666,0.8675632284814612,0.7896900821428474
R_003285,3,0.0012,2.6019173925912114e-05,0,1505,7,1505,5,1,4,5,1.0,-0.0,0.0
R_003286,6,0.0024,4.535635443014951e-05,0,1565,2,1565,8,2,5,7,0.875,0.3767701612564367,0.5435644431995964
R_003287,19,0.0076,0.00010899943551067847,0,1628,0,1628,8,1,3,8,1.0,-0.0,0.0
R_003288,5,0.002,3.901757347024296e-05,0,1565,2,1565,7,2,5,6,0.8571428571428571,0.410116318288409,0.5916727785823274
R_003289,5,0.002,3.767453142244134e-05,0,1562,3,1562,6,2,6,5,0.8333333333333334,0.4505612088663046,0.6500224216483541
R_003290,7,0.0028,4.841631097183547e-05,0,1550,5,1550,7,1,0,7,1.0,-0.0,0.0
R_003291,10,0.004,6.05428565600414e-05,0,1505,7,1505,7,1,4,7,1.0,-0.0,0.0
R_003292,16,0.0064,9.109241080034836e-05,0,1559,4,1559,8,1,1,8,1.0,-0.0,0.0
R_003293,5,0.002,3.816925389548798e-05,0,1550,5,1550,5,1,0,5,1.0,-0.0,0.0
R_003294,8,0.0032,5.2820480916106735e-05,0,1562,3,1562,7,3,6,5,0.7142857142857143,0.796311640173813,0.7248340915057598
R_003295,5,0.002,3.630791539611706e-05,0,1505,7,1505,5,1,4,5,1.0,-0.0,0.0
R_003296,8,0.0032,5.5387483889481425e-05,0,1565,2,1565,8,1,5,8,1.0,-0.0,0.0
R_003297,14,0.0056,8.186249626662234e-05,0,1559,4,1559,8,1,1,8,1.0,-0.0,0.0
R_003298,4,0.0016,3.266349948503796e-05,0,1628,0,1628,8,1,3,8,1.0,-0.0,0.0
R_003299,4,0.0016,3.175609769020733e-05,0,3102,6,1531,6,1,2,6,1.0,-0.0,0.0
R_003300,21,0.0084,0.00011114917563994451,0,1505,7,1505,8,1,4,8,1.0,-0.0,0.0
R_003301,8,0.0032,5.061751902449832e-05,0,3102,6,1531,7,1,2,7,1.0,-0.0,0.0
R_003302,10,0.004,5.919286420272488e-05,0,1505,7,1505,8,1,4,8,1.0,-0.0,0.0
R_003303,6,0.0024,4.293104073642818e-05,0,1628,0,1628,8,1,3,8,1.0,-0.0,0.0
R_003304,9,0.0036,5.834476189886371e-05,0,1628,0,1628,7,1,3,7,1.0,-0.0,0.0
R_003305,9,0.0036,5.429447524118646e-05,0,1505,7,1505,6,1,4,6,1.0,-0.0,0.0
R_003306,4,0.0016,3.318923070144361e-05,0,1628,0,1628,7,1,3,7,1.0,-0.0,0.0
R_003307,15,0.006,8.682924759751422e-05,0,1559,4,1559,7,1,1,7,1.0,-0.0,0.0
R_003308,10,0.004,5.9174819216642574e-05,0,1505,7,1505,8,1,4,8,1.0,-0.0,0.0
R_003309,19,0.0076,0.00011091846703456433,0,1550,5,1550,7,1,0,7,1.0,-0.0,0.0
R_003310,4,0.0016,3.3379661173614915e-05,0,1550,5,1550,5,1,0,5,1.0,-0.0,0.0
R_003311,7,0.0028,4.817420117385412e-05,0,1628,0,1628,8,1,3,8,1.0,-0.0,0.0
R_003312,6,0.0024,4.087306592119806e-05,0,3102,6,1531,7,1,2,7,1.0,-0.0,0.0
R_003313,6,0.0024,4.32928964484479e-05,0,1550,5,1550,8,1,0,8,1.0,-0.0,0.0
R_003314,8,0.0032,5.0553736398705295e-05,0,3102,1,1571,5,4,7,2,0.4,1.3321790402101223,0.9609640474436812
R_003315,7,0.0028,5.047587874695047e-05,0,1565,2,1565,8,2,5,7,0.875,0.3767701612564367,0.5435644431995964
R_003316,20,0.008,0.000111952001514373,0,1562,3,1562,7,2,6,6,0.8571428571428571,0.410116318288409,0.5916727785823274
R_003317,12,0.0048,7.375454533492499e-05,0,1628,0,1628,8,1,3,8,1.0,-0.0,0.0
R_003318,9,0.0036,5.575084720587271e-05,0,3102,6,1531,8,1,2,8,1.0,-0.0,0.0
R_003319,6,0.0024,4.115740203906799e-05,0,3102,6,1531,7,1,2,7,1.0,-0.0,0.0
R_003320,7,0.0028,4.701835233072192e-05,0,1559,4,1559,7,1,1,7,1.0,-0.0,0.0
R_003321,3,0.0012,2.805307055220071e-05,0,1550,5,1550,8,1,0,8,1.0,-0.0,0.0
R_003322,7,0.0028,4.7124418420778024e-05,0,1559,4,1559,8,1,1,8,1.0,-0.0,0.0
R_003323,11,0.0044,7.138370636912142e-05,0,1565,2,1565,7,2,5,6,0.8571428571428571,0.410116318288409,0.5916727785823274
R_003324,4,0.0016,3.2910659789827226e-05,0,1550,5,1550,5,1,0,5,1.0,-0.0,0.0
R_003325,5,0.002,3.580912381832663e-05,0,1505,7,1505,5,1,4,5,1.0,-0.0,0.0
R_003326,8,0.0032,5.084273894874418e-05,0,3102,6,1531,6,1,2,6,1.0,-0.0,0.0
R_003327,7,0.0028,4.468066054205349e-05,0,1505,7,1505,5,1,4,5,1.0,-0.0,0.0
R_003328,6,0.0024,4.366756086132426e-05,0,1628,0,1628,5,1,3,5,1.0,-0.0,0.0
R_003329,3,0.0012,2.8634222444057298e-05,0,1565,2,1565,5,1,5,5,1.0,-0.0,0.0
R_003330,11,0.0044,6.395425438639203e-05,0,3102,1,1571,7,3,7,4,0.5714285714285714,0.9556998911125344,0.8699155297736259
R_003331,31,0.0124,0.00015825737355962795,0,3102,1,1571,8,4,7,4,0.5,1.2130075659799042,0.875
R_003332,10,0.004,5.989742327467722e-05,0,3102,1,1571,8,4,7,4,0.5,1.2130075659799042,0.875
R_003333,12,0.0048,7.694628202922914e-05,0,1565,2,1565,8,2,5,7,0.875,0.3767701612564367,0.5435644431995964
R_003334,10,0.004,6.0193951270142584e-05,0,3102,6,1531,6,1,2,6,1.0,-0.0,0.0
R_003335,8,0.0032,5.2977401975600895e-05,0,1628,0,1628,7,1,3,7,1.0,-0.0,0.0
R_003336,7,0.0028,4.730003317426222e-05,0,1628,0,1628,5,1,3,5,1.0,-0.0,0.0
R_003337,7,0.0028,4.540265980740114e-05,0,1505,7,1505,6,1,4,6,1.0,-0.0,0.0
R_003338,2,0.0008,2.1664474143075155e-05,0,3102,1,1571,7,4,7,4,0.5714285714285714,1.1537419427010902,0.8322488896002307
R_003339,9,0.0036,5.507668665172661e-05,0,3102,1,1571,7,3,7,4,0.5714285714285714,0.9556998911125344,0.8699155297736259
R_003340,8,0.0032,4.9980953788196785e-05,0,3102,1,1571,8,4,7,5,0.625,1.073542846408523,0.7743974703476992
R_003341,6,0.0024,4.0292375634457404e-05,0,1505,7,1505,6,1,4,6,1.0,-0.0,0.0
R_003342,8,0.0032,5.4000178167117607e-05,0,1550,5,1550,7,1,0,7,1.0,-0.0,0.0
R_003343,8,0.0032,5.207045475340675e-05,0,1559,4,1559,8,1,1,8,1.0,-0.0,0.0
R_003344,10,0.004,5.986800412217698e-05,0,3102,1,1571,7,4,7,3,0.4285714285714285,1.277034259466139,0.9211854965885544
R_003345,10,0.004,5.994100506424472e-05,0,3102,1,1571,6,3,7,4,0.6666666666666666,0.8675632284814612,0.7896900821428474
R_003346,8,0.0032,4.996620980483771e-05,0,1505,7,1505,8,1,4,8,1.0,-0.0,0.0
R_003347,3,0.0012,2.6532236342463757e-05,0,1505,7,1505,5,1,4,5,1.0,-0.0,0.0
R_003348,9,0.0036,5.664500252026833e-05,0,1559,4,1559,7,1,1,7,1.0,-0.0,0.0
R_003349,13,0.0052,8.227650775214271e-05,0,1565,2,1565,8,1,5,8,1.0,-0.0,0.0
R_003350,10,0.004,6.026918903745649e-05,0,3102,6,1531,6,1,2,6,1.0,-0.0,0.0
R_003351,6,0.0024,4.09237448378879e-05,0,1505,7,1505,6,1,4,6,1.0,-0.0,0.0
R_003352,8,0.0032,5.269388782105301e-05,0,1559,4,1559,7,1,1,7,1.0,-0.0,0.0
R_003353,24,0.0096,0.00013778332046609053,0,1550,5,1550,8,1,0,8,1.0,-0.0,0.0
R_003354,7,0.0028,5.0147835002693914e-05,0,1565,2,1565,7,2,5,6,0.8571428571428571,0.410116318288409,0.5916727785823274
R_003355,7,0.0028,4.5371168659858645e-05,0,1505,7,1505,6,1,4,6,1.0,-0.0,0.0
R_003356,9,0.0036,6.137760059453921e-05,0,1565,2,1565,8,2,5,7,0.875,0.3767701612564367,0.5435644431995964
R_003357,11,0.0044,6.390510085790775e-05,0,1505,7,1505,8,1,4,8,1.0,-0.0,0.0
R_003358,5,0.002,3.7256075648936805e-05,0,1562,3,1562,5,2,6,4,0.8,0.5004024235381879,0.7219280948873623
R_003359,12,0.0048,6.911734558388201e-05,0,1505,7,1505,8,1,4,8,1.0,-0.0,0.0
R_003360,14,0.0056,7.715015249777636e-05,0,1505,7,1505,7,1,4,7,1.0,-0.0,0.0
R_003361,12,0.0048,7.161717447879802e-05,0,1562,3,1562,8,3,6,6,0.75,0.7356219397587946,0.6695919455357792
R_003362,8,0.0032,5.037760323342042e-05,0,3102,6,1531,7,1,2,7,1.0,-0.0,0.0
R_003363,6,0.0024,4.237350961533209e-05,0,1562,3,1562,7,3,6,5,0.7142857142857143,0.796311640173813,0.7248340915057598
R_003364,2,0.0008,2.1722494995095924e-05,0,1505,7,1505,5,1,4,5,1.0,-0.0,0.0
R_003365,7,0.0028,5.015329753356017e-05,0,1565,2,1565,8,2,5,7,0.875,0.3767701612564367,0.5435644431995964
R_003366,8,0.0032,5.117138559397999e-05,0,3102,6,1531,6,1,2,6,1.0,-0.0,0.0
R_003367,9,0.0036,5.497134654268813e-05,0,3102,1,1571,6,3,7,3,0.5,1.0114042647073518,0.920619835714305
R_003368,11,0.0044,6.652946604706787e-05,0,1559,4,1559,7,1,1,7,1.0,-0.0,0.0
R_003369,3,0.0012,2.639907254370804e-05,0,1505,7,1505,5,1,4,5,1.0,-0.0,0.0
R_003370,7,0.0028,4.5157508414857816e-05,0,3102,6,1531,7,1,2,7,1.0,-0.0,0.0
R_003371,1,0.0004,1.7318674635557714e-05,0,1628,0,1628,5,1,3,5,1.0,-0.0,0.0
R_003372,7,0.0028,4.6145041433305035e-05,0,3102,1,1571,6,4,7,3,0.5,1.242453324894,0.8962406251802889
R_003373,7,0.0028,4.532969182497833e-05,0,3102,1,1571,7,3,7,4,0.5714285714285714,0.9556998911125344,0.8699155297736259
R_003374,12,0.0048,7.626979612941563e-05,0,1550,5,1550,7,1,0,7,1.0,-0.0,0.0
R_003375,6,0.0024,4.0901035694012775e-05,0,1505,7,1505,5,1,4,5,1.0,-0.0,0.0
R_003376,9,0.0036,5.423568162446913e-05,0,1505,7,1505,6,1,4,6,1.0,-0.0,0.0
R_003377,6,0.0024,4.258920060541431e-05,0,1562,3,1562,8,2,6,7,0.875,0.3767701612564367,0.5435644431995964
R_003378,12,0.0048,7.490515454764182e-05,0,1550,5,1550,8,1,0,8,1.0,-0.0,0.0
R_003379,2,0.0008,2.208461333473005e-05,0,1562,3,1562,5,1,6,5,1.0,-0.0,0.0
R_003380,7,0.0028,4.635574949486854e-05,0,3102,1,1571,5,2,7,3,0.6,0.6730116670092565,0.9709505944546688
R_003381,8,0.0032,5.060123146054216e-05,0,3102,6,1531,7,1,2,7,1.0,-0.0,0.0
R_003382,12,0.0048,7.13964069674274e-05,0,1559,4,1559,7,1,1,7,1.0,-0.0,0.0
R_003383,7,0.0028,4.876457073758138e-05,0,1550,5,1550,6,1,0,6,1.0,-0.0,0.0
R_003384,5,0.002,3.63433304249947e-05,0,3102,6,1531,5,1,2,5,1.0,-0.0,0.0
R_003385,16,0.0064,9.3830900015733e-05,0,1628,0,1628,8,1,3,8,1.0,-0.0,0.0
R_003386,17,0.0068,9.30067651742508e-05,0,1505,7,1505,8,1,4,8,1.0,-0.0,0.0
R_003387,8,0.0032,5.230619632499186e-05,0,1559,4,1559,6,1,1,6,1.0,-0.0,0.0
R_003388,8,0.0032,5.1629299864927644e-05,0,1559,4,1559,6,1,1,6,1.0,-0.0,0.0
R_003389,6,0.0024,4.133801548714472e-05,0,3102,1,1571,5,3,7,3,0.6,0.9502705392332348,0.8649735207179272
R_003390,6,0.0024,4.093713841571312e-05,0,1505,7,1505,7,1,4,7,1.0,-0.0,0.0
R_003391,4,0.0016,3.305569303272809e-05,0,1550,5,1550,5,1,0,5,1.0,-0.0,0.0
R_003392,9,0.0036,5.485170600575538e-05,0,1505,7,1505,8,1,4,8,1.0,-0.0,0.0
R_003393,9,0.0036,5.7199635078820816e-05,0,1562,3,1562,7,3,6,5,0.7142857142857143,0.796311640173813,0.7248340915057598
R_003394,5,0.002,3.6248795094778546e-05,0,3102,1,1571,7,4,7,4,0.5714285714285714,1.1537419427010902,0.8322488896002307
R_003395,5,0.002,3.73890145665218e-05,0,1562,3,1562,7,2,6,6,0.8571428571428571,0.410116318288409,0.5916727785823274
R_003396,5,0.002,3.700488359237703e-05,0,3102,6,1531,5,1,2,5,1.0,-0.0,0.0
R_003397,6,0.0024,4.2440740209984114e-05,0,1559,4,1559,7,1,1,7,1.0,-0.0,0.0
R_003398,11,0.0044,6.46308920177198e-05,0,3102,1,1571,7,4,7,4,0.5714285714285714,1.1537419427010902,0.8322488896002307
R_003399,20,0.008,0.00010644679752807084,0,1505,7,1505,8,1,4,8,1.0,-0.0,0.0
R_003400,6,0.0024,4.2293685315081725e-05,0,1559,4,1559,6,1,1,6,1.0,-0.0,0.0
R_003401,5,0.002,3.7158433394986876e-05,0,1559,4,1559,5,1,1,5,1.0,-0.0,0.0
R_003402,12,0.0048,7.417768236275155e-05,0,1628,0,1628,8,1,3,8,1.0,-0.0,0.0
R_003403,8,0.0032,5.13558629328873e-05,0,1559,4,1559,6,1,1,6,1.0,-0.0,0.0
R_003404,4,0.0016,3.125294646433463e-05,0,1505,7,1505,8,1,4,8,1.0,-0.0,0.0
R_003405,10,0.004,6.298842739038562e-05,0,1628,0,1628,8,1,3,8,1.0,-0.0,0.0
R_003406,6,0.0024,4.043417250406428e-05,0,3102,6,1531,8,1,2,8,1.0,-0.0,0.0
R_003407,5,0.002,3.824483305630845e-05,0,1550,5,1550,6,1,0,6,1.0,-0.0,0.0
R_003408,8,0.0032,4.999761391053546e-05,0,1505,7,1505,6,1,4,6,1.0,-0.0,0.0
R_003409,8,0.0032,5.220885377128782e-05,0,1562,3,1562,5,2,6,4,0.8,0.5004024235381879,0.7219280948873623
R_003410,21,0.0084,0.00011954220637252958,0,1628,0,1628,8,1,3,8,1.0,-0.0,0.0
R_003411,14,0.0056,7.922558863369544e-05,0,3102,6,1531,6,1,2,6,1.0,-0.0,0.0
R_003412,14,0.0056,7.980203319546488e-05,0,3102,6,1531,6,1,2,6,1.0,-0.0,0.0
R_003413,6,0.0024,4.145881748952875e-05,0,3102,6,1531,5,1,2,5,1.0,-0.0,0.0
R_003414,6,0.0024,4.2838215680381506e-05,0,1628,0,1628,6,1,3,6,1.0,-0.0,0.0
R_003415,5,0.002,3.665243150602479e-05,0,3102,6,1531,7,1,2,7,1.0,-0.0,0.0
R_003416,6,0.0024,4.1871822800197285e-05,0,1559,4,1559,6,1,1,6,1.0,-0.0,0.0
R_003417,11,0.0044,6.384416519448046e-05,0,1505,7,1505,8,1,4,8,1.0,-0.0,0.0
R_003418,6,0.0024,4.179802873268177e-05,0,1562,3,1562,7,3,6,5,0.7142857142857143,0.796311640173813,0.7248340915057598
R_003419,8,0.0032,5.030745206479117e-05,0,1505,7,1505,7,1,4,7,1.0,-0.0,0.0
R_003420,11,0.0044,6.494675428961944e-05,0,1505,7,1505,8,1,4,8,1.0,-0.0,0.0
R_003421,5,0.002,3.919325811532952e-05,0,1565,2,1565,6,1,5,6,1.0,-0.0,0.0
R_003422,10,0.004,6.135144443891146e-05,0,1559,4,1559,7,1,1,7,1.0,-0.0,0.0
R_003423,7,0.0028,4.881176840551268e-05,0,1562,3,1562,6,2,6,5,0.8333333333333334,0.4505612088663046,0.6500224216483541
R_003424,10,0.004,6.276280990127484e-05,0,1559,4,1559,7,1,1,7,1.0,-0.0,0.0
R_003425,3,0.0012,2.7559503914937025e-05,0,1628,0,1628,5,1,3,5,1.0,-0.0,0.0
R_003426,17,0.0068,9.727616916831936e-05,0,1559,4,1559,8,1,1,8,1.0,-0.0,0.0
R_003427,3,0.0012,2.6354576091194333e-05,0,3102,1,1571,5,3,7,3,0.6,0.9502705392332348,0.8649735207179272
R_003428,5,0.002,3.799039651447471e-05,0,1628,0,1628,5,1,3,5,1.0,-0.0,0.0
R_003429,9,0.0036,5.8202081752646105e-05,0,1628,0,1628,8,1,3,8,1.0,-0.0,0.0
R_003430,13,0.0052,7.514297854966904e-05,0,3102,1,1571,5,3,7,3,0.6,0.9502705392332348,0.8649735207179272
R_003431,9,0.0036,5.7117657118745575e-05,0,1559,4,1559,8,1,1,8,1.0,-0.0,0.0
R_003432,10,0.004,5.923194608436229e-05,0,1505,7,1505,6,1,4,6,1.0,-0.0,0.0
R_003433,5,0.002,3.9172918440209956e-05,0,1565,2,1565,7,2,5,6,0.8571428571428571,0.410116318288409,0.5916727785823274
R_003434,9,0.0036,5.801313181165727e-05,0,1628,0,1628,7,1,3,7,1.0,-0.0,0.0
R_003435,2,0.0008,2.173661747447774e-05,0,3102,1,1571,5,4,2,2,0.4,1.3321790402101223,0.9609640474436812
R_003436,5,0.002,3.620714772104784e-05,0,3102,1,1571,7,4,7,4,0.5714285714285714,1.1537419427010902,0.8322488896002307
R_003437,8,0.0032,5.0233797685165166e-05,0,3102,1,1571,6,4,2,2,0.3333333333333333,1.3296613488547582,0.9591479170272448
R_003438,19,0.0076,0.00010240355460268191,0,1505,7,1505,8,1,4,8,1.0,-0.0,0.0
R_003439,1,0.0004,1.811210640385602e-05,0,1559,4,1559,5,1,1,5,1.0,-0.0,0.0
R_003440,5,0.002,3.754810072782304e-05,0,1562,3,1562,6,1,6,6,1.0,-0.0,0.0
R_003441,11,0.0044,6.462148967717507e-05,0,3102,6,1531,8,1,2,8,1.0,-0.0,0.0
R_003442,3,0.0012,2.7970430813438273e-05,0,1550,5,1550,7,1,0,7,1.0,-0.0,0.0
R_003443,10,0.004,6.344171224832396e-05,0,1628,0,1628,8,1,3,8,1.0,-0.0,0.0
R_003444,8,0.0032,5.548128177251892e-05,0,1565,2,1565,7,1,5,7,1.0,-0.0,0.0
R_003445,6,0.0024,4.011349782075367e-05,0,3102,1,1571,6,2,7,4,0.6666666666666666,0.6365141682948128,0.9182958340544894
R_003446,9,0.0036,5.748614220593012e-05,0,1562,3,1562,6,3,6,4,0.6666666666666666,0.8675632284814612,0.7896900821428474
R_003447,2,0.0008,2.2517386080863543e-05,0,1550,5,1550,5,1,0,5,1.0,-0.0,0.0
R_003448,0,0.0,1.2023710757614017e-05,1,1,13,1,5,1,0,5,1.0,-0.0,0.0
R_003449,7,0.0028,5.025239735456973e-05,0,1565,2,1565,6,2,5,5,0.8333333333333334,0.4505612088663046,0.6500224216483541
R_003450,4,0.0016,3.349867511094342e-05,0,1565,2,1565,5,1,5,5,1.0,-0.0,0.0
R_003451,4,0.0016,3.140137873113076e-05,0,3102,6,1531,5,1,2,5,1.0,-0.0,0.0
R_003452,2,0.0008,2.1978871107844406e-05,0,1559,4,1559,6,1,1,6,1.0,-0.0,0.0
R_003453,2,0.0008,2.2483089267011512e-05,0,1628,0,1628,6,1,3,6,1.0,-0.0,0.0
R_003454,10,0.004,5.992736984170812e-05,0,3102,1,1571,7,4,7,3,0.4285714285714285,1.277034259466139,0.9211854965885544
R_003455,10,0.004,6.26445205243652e-05,0,1559,4,1559,6,1,1,6,1.0,-0.0,0.0
R_003456,13,0.0052,7.433709798940191e-05,0,3102,1,1571,7,3,7,5,0.7142857142857143,0.796311640173813,0.7248340915057598
R_003457,8,0.0032,5.1944659094702646e-05,0,1559,4,1559,5,1,1,5,1.0,-0.0,0.0
R_003458,19,0.0076,0.00011640756882685366,0,1565,2,1565,8,2,5,7,0.875,0.3767701612564367,0.5435644431995964
R_003459,3,0.0012,2.889360857837149e-05,0,1565,2,1565,5,1,5,5,1.0,-0.0,0.0
R_003460,6,0.0024,4.3934234842116975e-05,0,1550,5,1550,6,1,0,6,1.0,-0.0,0.0
R_003461,4,0.0016,3.372555732722289e-05,0,1565,2,1565,6,2,5,5,0.8333333333333334,0.4505612088663046,0.6500224216483541
R_003462,8,0.0032,5.1337618087260105e-05,0,1559,4,1559,6,1,1,6,1.0,-0.0,0.0
R_003463,7,0.0028,4.651143374324776e-05,0,3102,6,1531,7,1,2,7,1.0,-0.0,0.0
R_003464,20,0.008,0.00011189512210079609,0,1562,3,1562,7,3,6,5,0.7142857142857143,0.796311640173813,0.7248340915057598
R_003465,5,0.002,3.812792538049514e-05,0,1628,0,1628,5,1,3,5,1.0,-0.0,0.0
R_003466,9,0.0036,5.527001979578536e-05,0,3102,6,1531,6,1,2,6,1.0,-0.0,0.0
R_003467,8,0.0032,5.023014803341556e-05,0,3102,1,1571,7,3,7,4,0.5714285714285714,0.9556998911125344,0.8699155297736259
R_003468,8,0.0032,5.054234778631102e-05,0,3102,6,1531,5,1,2,5,1.0,-0.0,0.0
R_003469,8,0.0032,5.315792257861577e-05,0,1562,3,1562,6,2,6,5,0.8333333333333334,0.4505612088663046,0.6500224216483541
R_003470,5,0.002,3.661290718734076e-05,0,3102,6,1531,5,1,2,5,1.0,-0.0,0.0
R_003471,5,0.002,3.852744188804065e-05,0,1550,5,1550,7,1,0,7,1.0,-0.0,0.0
R_003472,9,0.0036,5.7474055181266605e-05,0,1562,3,1562,5,1,6,5,1.0,-0.0,0.0
R_003473,3,0.0012,2.789302298022015e-05,0,1550,5,1550,6,1,0,6,1.0,-0.0,0.0
R_003474,7,0.0028,4.53049427315536e-05,0,3102,1,1571,8,4,7,4,0.5,1.2130075659799042,0.875
R_003475,5,0.002,3.779663929309762e-05,0,1562,3,1562,6,2,6,5,0.8333333333333334,0.4505612088663046,0.6500224216483541
R_003476,7,0.0028,4.770231649549522e-05,0,1562,3,1562,8,3,6,6,0.75,0.7356219397587946,0.6695919455357792
R_003477,10,0.004,6.466291429897565e-05,0,1550,5,1550,7,1,0,7,1.0,-0.0,0.0
R_003478,10,0.004,6.003240955231156e-05,0,3102,1,1571,6,2,7,4,0.6666666666666666,0.6365141682948128,0.9182958340544894
R_003479,1,0.0004,1.728677696595549e-05,0,1562,3,1562,5,2,6,4,0.8,0.5004024235381879,0.7219280948873623
R_003480,11,0.0044,6.908079371644464e-05,0,1628,0,1628,6,1,3,6,1.0,-0.0,0.0
R_003481,15,0.006,8.992204022135864e-05,0,1550,5,1550,8,1,0,8,1.0,-0.0,0.0
R_003482,5,0.002,3.5919517790142624e-05,0,1505,7,1505,6,1,4,6,1.0,-0.0,0.0
R_003483,3,0.0012,2.728879603308949e-05,0,1559,4,1559,5,1,1,5,1.0,-0.0,0.0
R_003484,11,0.0044,6.857173354055071e-05,0,1628,0,1628,7,1,3,7,1.0,-0.0,0.0
R_003485,6,0.0024,4.2213935678505566e-05,0,1559,4,1559,5,1,1,5,1.0,-0.0,0.0
R_003486,11,0.0044,6.561042249245322e-05,0,3102,6,1531,8,1,2,8,1.0,-0.0,0.0
R_003487,4,0.0016,3.155219793784126e-05,0,3102,6,1531,5,1,2,5,1.0,-0.0,0.0
R_003488,7,0.0028,4.6632234259664486e-05,0,1559,4,1559,6,1,1,6,1.0,-0.0,0.0
R_003489,9,0.0036,5.464209688112181e-05,0,3102,1,1571,7,3,7,5,0.7142857142857143,0.796311640173813,0.7248340915057598
R_003490,13,0.0052,7.667996863149996e-05,0,1559,4,1559,7,1,1,7,1.0,-0.0,0.0
R_003491,4,0.0016,3.0900342458897854e-05,0,1505,7,1505,5,1,4,5,1.0,-0.0,0.0
R_003492,10,0.004,6.376719673569647e-05,0,1628,0,1628,7,1,3,7,1.0,-0.0,0.0
R_003493,12,0.0048,6.840257618001638e-05,0,1505,7,1505,7,1,4,7,1.0,-0.0,0.0
R_003494,14,0.0056,7.86678791108669e-05,0,1505,7,1505,7,1,4,7,1.0,-0.0,0.0
R_003495,5,0.002,3.7773274530860134e-05,0,1628,0,1628,5,1,3,5,1.0,-0.0,0.0
R_003496,12,0.0048,7.352263580402323e-05,0,1628,0,1628,7,1,3,7,1.0,-0.0,0.0
R_003497,4,0.0016,3.141400244650672e-05,0,3102,1,1571,5,2,7,4,0.8,0.5004024235381879,0.7219280948873623
R_003498,8,0.0032,5.30211248208662e-05,0,1562,3,1562,6,2,6,5,0.8333333333333334,0.4505612088663046,0.6500224216483541
R_003499,7,0.0028,4.741663541111582e-05,0,1562,3,1562,5,2,6,4,0.8,0.5004024235381879,0.7219280948873623
R_003500,8,0.0032,5.089537237790176e-05,0,3102,1,1571,5,2,7,4,0.8,0.5004024235381879,0.7219280948873623
R_003501,11,0.0044,6.471481626485832e-05,0,3102,6,1531,6,1,2,6,1.0,-0.0,0.0
R_003502,3,0.0012,2.7391740973089122e-05,0,1628,0,1628,6,1,3,6,1.0,-0.0,0.0
R_003503,7,0.0028,4.7579383860192526e-05,0,1562,3,1562,6,2,6,5,0.8333333333333334,0.4505612088663046,0.6500224216483541
R_003504,20,0.008,0.00010720080143120096,0,3102,1,1571,7,3,7,4,0.5714285714285714,0.9556998911125344,0.8699155297736259
R_003505,8,0.0032,5.0122336729824714e-05,0,1505,7,1505,5,1,4,5,1.0,-0.0,0.0
R_003506,9,0.0036,5.446497686498473e-05,0,1505,7,1505,7,1,4,7,1.0,-0.0,0.0
R_003507,5,0.002,3.9642294352479624e-05,0,1565,2,1565,6,2,5,5,0.8333333333333334,0.4505612088663046,0.6500224216483541
R_003508,5,0.002,3.756785483384273e-05,0,1559,4,1559,5,1,1,5,1.0,-0.0,0.0
R_003509,9,0.0036,6.0668260878923576e-05,0,1565,2,1565,7,2,5,6,0.8571428571428571,0.410116318288409,0.5916727785823274
R_003510,10,0.004,6.454064886938983e-05,0,1550,5,1550,8,1,0,8,1.0,-0.0,0.0
R_003511,11,0.0044,6.438023939999138e-05,0,3102,6,1531,7,1,2,7,1.0,-0.0,0.0
R_003512,4,0.0016,3.233081366812724e-05,0,1559,4,1559,6,1,1,6,1.0,-0.0,0.0
R_003513,4,0.0016,3.4069013204642703e-05,0,1565,2,1565,5,2,5,4,0.8,0.5004024235381879,0.7219280948873623
R_003514,4,0.0016,3.4293554811953085e-05,0,1565,2,1565,5,1,5,5,1.0,-0.0,0.0
R_003515,5,0.002,3.863866473786879e-05,0,1550,5,1550,6,1,0,6,1.0,-0.0,0.0
R_003516,4,0.0016,3.0994555227898416e-05,0,3102,1,1571,5,3,7,3,0.6,0.9502705392332348,0.8649735207179272
R_003517,8,0.0032,5.302543163887359e-05,0,1562,3,1562,6,2,6,5,0.8333333333333334,0.4505612088663046,0.6500224216483541
R_003518,6,0.0024,4.106887532803887e-05,0,3102,6,1531,6,1,2,6,1.0,-0.0,0.0
R_003519,8,0.0032,5.474309890140552e-05,0,1550,5,1550,8,1,0,8,1.0,-0.0,0.0
R_003520,14,0.0056,8.123338092458427e-05,0,1559,4,1559,7,1,1,7,1.0,-0.0,0.0
R_003521,8,0.0032,5.381736533426681e-05,0,1550,5,1550,8,1,0,8,1.0,-0.0,0.0
R_003522,6,0.0024,4.0728126158650855e-05,0,3102,6,1531,5,1,2,5,1.0,-0.0,0.0
R_003523,4,0.0016,3.358830044333175e-05,0,1550,5,1550,5,1,0,5,1.0,-0.0,0.0
R_003524,11,0.0044,7.14977567813142e-05,0,1550,5,1550,7,1,0,7,1.0,-0.0,0.0
R_003525,12,0.0048,7.170783049478217e-05,0,1559,4,1559,8,1,1,8,1.0,-0.0,0.0
R_003526,10,0.004,6.625397103863081e-05,0,1565,2,1565,7,1,5,7,1.0,-0.0,0.0
R_003527,10,0.004,6.292209362217073e-05,0,1559,4,1559,8,1,1,8,1.0,-0.0,0.0
R_003528,11,0.0044,6.435368926321113e-05,0,1505,7,1505,7,1,4,7,1.0,-0.0,0.0
R_003529,8,0.0032,5.61759178566162e-05,0,1565,2,1565,8,2,5,7,0.875,0.3767701612564367,0.5435644431995964
R_003530,13,0.0052,7.764109984319752e-05,0,1562,3,1562,7,3,6,5,0.7142857142857143,0.796311640173813,0.7248340915057598
R_003531,14,0.0056,7.977983837735281e-05,0,3102,1,1571,7,3,7,4,0.5714285714285714,0.9556998911125344,0.8699155297736259
R_003532,5,0.002,3.9108822073593286e-05,0,1565,2,1565,7,2,5,6,0.8571428571428571,0.410116318288409,0.5916727785823274
R_003533,6,0.0024,4.2142035590302804e-05,0,1562,3,1562,5,1,6,5,1.0,-0.0,0.0
R_003534,9,0.0036,5.7026927154920044e-05,0,1562,3,1562,7,3,6,5,0.7142857142857143,0.796311640173813,0.7248340915057598
R_003535,10,0.004,6.244405163446287e-05,0,1562,3,1562,7,3,6,5,0.7142857142857143,0.796311640173813,0.7248340915057598
R_003536,9,0.0036,5.547344269842528e-05,0,3102,1,1571,8,4,7,4,0.5,1.2130075659799042,0.875
R_003537,7,0.0028,4.7557654723916696e-05,0,1559,4,1559,7,1,1,7,1.0,-0.0,0.0
R_003538,5,0.002,3.6479274546541765e-05,0,3102,6,1531,7,1,2,7,1.0,-0.0,0.0
R_003539,4,0.0016,3.2609704642576166e-05,0,1628,0,1628,5,1,3,5,1.0,-0.0,0.0
R_003540,4,0.0016,3.295318675924999e-05,0,1628,0,1628,6,1,3,6,1.0,-0.0,0.0
R_003541,5,0.002,3.650394165188158e-05,0,3102,6,1531,6,1,2,6,1.0,-0.0,0.0
R_003542,5,0.002,3.828659499192393e-05,0,1550,5,1550,7,1,0,7,1.0,-0.0,0.0
R_003543,14,0.0056,8.602526705119147e-05,0,1550,5,1550,6,1,0,6,1.0,-0.0,0.0
R_003544,15,0.006,8.906831761560905e-05,0,1628,0,1628,8,1,3,8,1.0,-0.0,0.0
R_003545,5,0.002,3.6806707608626946e-05,0,3102,6,1531,5,1,2,5,1.0,-0.0,0.0
R_003546,3,0.0012,2.7646332398075284e-05,0,1559,4,1559,5,1,1,5,1.0,-0.0,0.0
R_003547,8,0.0032,5.2221319853697754e-05,0,1559,4,1559,8,1,1,8,1.0,-0.0,0.0
R_003548,4,0.0016,3.145998231084268e-05,0,3102,1,1571,5,3,7,3,0.6,0.9502705392332348,0.8649735207179272
R_003549,10,0.004,6.652152566159788e-05,0,1565,2,1565,6,1,5,6,1.0,-0.0,0.0
R_003550,10,0.004,6.346091846661746e-05,0,1628,0,1628,7,1,3,7,1.0,-0.0,0.0
R_003551,14,0.0056,8.938394781822432e-05,0,1565,2,1565,6,2,5,5,0.8333333333333334,0.4505612088663046,0.6500224216483541
R_003552,4,0.0016,3.132128071633773e-05,0,3102,6,1531,5,1,2,5,1.0,-0.0,0.0
R_003553,4,0.0016,3.2044875139636905e-05,0,1562,3,1562,6,3,6,4,0.6666666666666666,0.8675632284814612,0.7896900821428474
R_003554,5,0.002,3.738052082546269e-05,0,1562,3,1562,7,2,6,6,0.8571428571428571,0.410116318288409,0.5916727785823274
R_003555,8,0.0032,5.344539862752718e-05,0,1628,0,1628,8,1,3,8,1.0,-0.0,0.0
R_003556,6,0.0024,4.227201259819423e-05,0,1559,4,1559,8,1,1,8,1.0,-0.0,0.0
R_003557,6,0.0024,4.035964426369636e-05,0,1505,7,1505,5,1,4,5,1.0,-0.0,0.0
R_003558,17,0.0068,9.287709133889525e-05,0,1505,7,1505,8,1,4,8,1.0,-0.0,0.0
R_003559,5,0.002,3.677275595208763e-05,0,3102,6,1531,5,1,2,5,1.0,-0.0,0.0
R_003560,8,0.0032,5.305787999585717e-05,0,1559,4,1559,7,1,1,7,1.0,-0.0,0.0
R_003561,24,0.0096,0.0001266160305866505,0,3102,6,1531,8,1,2,8,1.0,-0.0,0.0
R_003562,6,0.0024,4.3634078992704545e-05,0,1550,5,1550,6,1,0,6,1.0,-0.0,0.0
R_003563,6,0.0024,4.493603545101965e-05,0,1565,2,1565,6,2,5,5,0.8333333333333334,0.4505612088663046,0.6500224216483541
R_003564,9,0.0036,6.127682477276624e-05,0,1565,2,1565,8,2,5,7,0.875,0.3767701612564367,0.5435644431995964
R_003565,8,0.0032,5.245825190763274e-05,0,1559,4,1559,8,1,1,8,1.0,-0.0,0.0
R_003566,11,0.0044,6.805651289120134e-05,0,1562,3,1562,6,3,6,4,0.6666666666666666,0.8675632284814612,0.7896900821428474
R_003567,18,0.0072,9.72921335954281e-05,0,1505,7,1505,8,1,4,8,1.0,-0.0,0.0
R_003568,6,0.0024,4.258830978995974e-05,0,1628,0,1628,5,1,3,5,1.0,-0.0,0.0
R_003569,4,0.0016,3.27393499234669e-05,0,1559,4,1559,6,1,1,6,1.0,-0.0,0.0
R_003570,8,0.0032,5.440525812444378e-05,0,1550,5,1550,8,1,0,8,1.0,-0.0,0.0
R_003571,5,0.002,3.923042043975133e-05,0,1565,2,1565,6,2,5,5,0.8333333333333334,0.4505612088663046,0.6500224216483541
R_003572,2,0.0008,2.241536765237728e-05,0,1628,0,1628,5,1,3,5,1.0,-0.0,0.0
R_003573,23,0.0092,0.00012032691960168449,0,1505,7,1505,8,1,4,8,1.0,-0.0,0.0
R_003574,15,0.006,8.672202050168093e-05,0,1562,3,1562,6,3,6,4,0.6666666666666666,0.8675632284814612,0.7896900821428474
R_003575,4,0.0016,3.238701980469549e-05,0,1562,3,1562,5,3,6,3,0.6,0.9502705392332348,0.8649735207179272
R_003576,3,0.0012,2.8058752491275347e-05,0,1559,4,1559,5,1,1,5,1.0,-0.0,0.0
R_003577,8,0.0032,5.039730408497001e-05,0,3102,6,1531,6,1,2,6,1.0,-0.0,0.0
R_003578,6,0.0024,4.0819073707751975e-05,0,1505,7,1505,5,1,4,5,1.0,-0.0,0.0
R_003579,0,0.0,1.2023710757614017e-05,1,1,14,1,5,1,1,5,1.0,-0.0,0.0
R_003580,6,0.0024,4.0711668202287735e-05,0,1505,7,1505,5,1,4,5,1.0,-0.0,0.0
R_003581,8,0.0032,5.436675118041763e-05,0,1550,5,1550,8,1,0,8,1.0,-0.0,0.0
R_003582,2,0.0008,2.2776835024905165e-05,0,1628,0,1628,5,1,3,5,1.0,-0.0,0.0
R_003583,6,0.0024,4.209484416296408e-05,0,1559,4,1559,5,1,1,5,1.0,-0.0,0.0
R_003584,1,0.0004,1.769105162659658e-05,0,1550,5,1550,5,1,0,5,1.0,-0.0,0.0
R_003585,4,0.0016,3.2493011488902354e-05,0,1562,3,1562,6,2,6,5,0.8333333333333334,0.4505612088663046,0.6500224216483541
R_003586,10,0.004,6.046406883287673e-05,0,3102,6,1531,7,1,2,7,1.0,-0.0,0.0
R_003587,3,0.0012,2.7389315432580973e-05,0,1628,0,1628,6,1,3,6,1.0,-0.0,0.0
R_003588,10,0.004,6.179381099968216e-05,0,1559,4,1559,7,1,1,7,1.0,-0.0,0.0
R_003589,2,0.0008,2.1821677305729358e-05,0,3102,1,1571,5,4,2,2,0.4,1.3321790402101223,0.9609640474436812
R_003590,12,0.0048,6.842305091031228e-05,0,1505,7,1505,8,1,4,8,1.0,-0.0,0.0
R_003591,12,0.0048,7.705929422968953e-05,0,1565,2,1565,8,2,5,7,0.875,0.3767701612564367,0.5435644431995964
R_003592,10,0.004,6.399009632895098e-05,0,1628,0,1628,8,1,3,8,1.0,-0.0,0.0
R_003593,7,0.0028,4.754704295957609e-05,0,1628,0,1628,8,1,3,8,1.0,-0.0,0.0
R_003594,22,0.0088,0.00012366786068620202,0,1562,3,1562,8,3,6,6,0.75,0.7356219397587946,0.6695919455357792
R_003595,6,0.0024,4.03734854160834e-05,0,1505,7,1505,7,1,4,7,1.0,-0.0,0.0
R_003596,11,0.0044,7.20396672708473e-05,0,1565,2,1565,7,2,5,6,0.8571428571428571,0.410116318288409,0.5916727785823274
R_003597,7,0.0028,4.558522194940574e-05,0,3102,1,1571,5,3,2,2,0.4,1.0549201679861442,0.9602297178607612
R_003598,11,0.0044,6.67435627912024e-05,0,1559,4,1559,6,1,1,6,1.0,-0.0,0.0
R_003599,4,0.0016,3.2176148016919025e-05,0,1559,4,1559,5,1,1,5,1.0,-0.0,0.0
R_003600,10,0.004,5.922924619880807e-05,0,1505,7,1505,6,1,4,6,1.0,-0.0,0.0
R_003601,2,0.0008,2.26438601462369e-05,0,1550,5,1550,5,1,0,5,1.0,-0.0,0.0
R_003602,7,0.0028,4.734922316922122e-05,0,1559,4,1559,8,1,1,8,1.0,-0.0,0.0
R_003603,5,0.002,3.8719289845648465e-05,0,1628,0,1628,6,1,3,6,1.0,-0.0,0.0
R_003604,6,0.0024,4.054052510365493e-05,0,1505,7,1505,6,1,4,6,1.0,-0.0,0.0
R_003605,12,0.0048,7.31193078365614e-05,0,1559,4,1559,7,1,1,7,1.0,-0.0,0.0
R_003606,8,0.0032,5.276493911799793e-05,0,1562,3,1562,6,3,6,4,0.6666666666666666,0.8675632284814612,0.7896900821428474
R_003607,11,0.0044,6.379609513583067e-05,0,1505,7,1505,7,1,4,7,1.0,-0.0,0.0
R_003608,8,0.0032,5.500785023466385e-05,0,1550,5,1550,7,1,0,7,1.0,-0.0,0.0
R_003609,13,0.0052,7.79581396102556e-05,0,1562,3,1562,8,3,6,6,0.75,0.7356219397587946,0.6695919455357792
R_003610,13,0.0052,7.719613610669045e-05,0,1562,3,1562,7,3,6,5,0.7142857142857143,0.796311640173813,0.7248340915057598
R_003611,7,0.0028,4.7233987931988895e-05,0,1562,3,1562,8,2,6,7,0.875,0.3767701612564367,0.5435644431995964
R_003612,3,0.0012,2.65516939063358e-05,0,3102,1,1571,5,4,7,2,0.4,1.3321790402101223,0.9609640474436812
R_003613,2,0.0008,2.2882852690276394e-05,0,1550,5,1550,5,1,0,5,1.0,-0.0,0.0
R_003614,6,0.0024,3.981808356263708e-05,0,1505,7,1505,5,1,4,5,1.0,-0.0,0.0
R_003615,8,0.0032,4.986175979773377e-05,0,1505,7,1505,5,1,4,5,1.0,-0.0,0.0
R_003616,10,0.004,6.047831999991515e-05,0,3102,6,1531,7,1,2,7,1.0,-0.0,0.0
R_003617,11,0.0044,6.78931281508477e-05,0,1562,3,1562,8,3,6,6,0.75,0.7356219397587946,0.6695919455357792
R_003618,16,0.0064,8.907020038964421e-05,0,3102,6,1531,8,1,2,8,1.0,-0.0,0.0
R_003619,20,0.008,0.00012264398716070973,0,1565,2,1565,8,2,5,7,0.875,0.3767701612564367,0.5435644431995964
R_003620,8,0.0032,5.0084251440575646e-05,0,1505,7,1505,5,1,4,5,1.0,-0.0,0.0
R_003621,9,0.0036,5.400693305268829e-05,0,1505,7,1505,6,1,4,6,1.0,-0.0,0.0
R_003622,13,0.0052,7.751882893423242e-05,0,1562,3,1562,7,2,6,6,0.8571428571428571,0.410116318288409,0.5916727785823274
R_003623,15,0.006,8.30861692502036e-05,0,1505,7,1505,7,1,4,7,1.0,-0.0,0.0
R_003624,13,0.0052,7.362424791949607e-05,0,1505,7,1505,8,1,4,8,1.0,-0.0,0.0
R_003625,13,0.0052,8.182365353309161e-05,0,1550,5,1550,8,1,0,8,1.0,-0.0,0.0
R_003626,6,0.0024,4.0711127176406684e-05,0,3102,6,1531,6,1,2,6,1.0,-0.0,0.0
R_003627,6,0.0024,4.146826452152853e-05,0,3102,6,1531,5,1,2,5,1.0,-0.0,0.0
R_003628,12,0.0048,7.128782984501464e-05,0,1562,3,1562,8,2,6,7,0.875,0.3767701612564367,0.5435644431995964
R_003629,7,0.0028,4.736961256681699e-05,0,1559,4,1559,6,1,1,6,1.0,-0.0,0.0
R_003630,17,0.0068,0.0001012041203496255,0,1550,5,1550,8,1,0,8,1.0,-0.0,0.0
R_003631,9,0.0036,5.937453979683824e-05,0,1550,5,1550,7,1,0,7,1.0,-0.0,0.0
R_003632,5,0.002,3.585312690494441e-05,0,3102,1,1571,5,2,7,3,0.6,0.6730116670092565,0.9709505944546688
R_003633,14,0.0056,8.268623461886694e-05,0,1562,3,1562,8,3,6,6,0.75,0.7356219397587946,0.6695919455357792
R_003634,1,0.0004,1.7169945074463638e-05,0,3102,6,1531,5,1,2,5,1.0,-0.0,0.0
R_003635,7,0.0028,4.6783372163879435e-05,0,1562,3,1562,8,3,6,6,0.75,0.7356219397587946,0.6695919455357792
R_003636,7,0.0028,4.61626624090346e-05,0,3102,1,1571,7,4,7,3,0.4285714285714285,1.277034259466139,0.9211854965885544
R_003637,4,0.0016,3.1439831703591e-05,0,3102,1,1571,6,4,2,2,0.3333333333333333,1.3296613488547582,0.9591479170272448
R_003638,7,0.0028,4.903285273064719e-05,0,1550,5,1550,7,1,0,7,1.0,-0.0,0.0
R_003639,5,0.002,3.791742716643208e-05,0,1562,3,1562,5,3,6,3,0.6,0.9502705392332348,0.8649735207179272
R_003640,9,0.0036,5.439022862096788e-05,0,3102,1,1571,7,3,7,4,0.5714285714285714,0.9556998911125344,0.8699155297736259
R_003641,14,0.0056,8.03881457139308e-05,0,3102,6,1531,8,1,2,8,1.0,-0.0,0.0
R_003642,9,0.0036,5.9445657188947004e-05,0,1550,5,1550,8,1,0,8,1.0,-0.0,0.0
R_003643,6,0.0024,4.163825924650631e-05,0,3102,6,1531,8,1,2,8,1.0,-0.0,0.0
R_003644,7,0.0028,4.9630855876909666e-05,0,1550,5,1550,8,1,0,8,1.0,-0.0,0.0
R_003645,7,0.0028,4.5697133545370576e-05,0,1505,7,1505,5,1,4,5,1.0,-0.0,0.0
R_003646,14,0.0056,8.369349676242076e-05,0,1628,0,1628,8,1,3,8,1.0,-0.0,0.0
R_003647,11,0.0044,6.557253510405747e-05,0,3102,6,1531,8,1,2,8,1.0,-0.0,0.0
R_003648,6,0.0024,4.118987853535371e-05,0,3102,1,1571,5,2,7,3,0.6,0.6730116670092565,0.9709505944546688
R_003649,9,0.0036,5.4161300098862405e-05,0,1505,7,1505,7,1,4,7,1.0,-0.0,0.0
R_003650,13,0.0052,7.747322110416542e-05,0,1559,4,1559,8,1,1,8,1.0,-0.0,0.0
R_003651,3,0.0012,2.725410289746521e-05,0,1559,4,1559,6,1,1,6,1.0,-0.0,0.0
R_003652,12,0.0048,7.105681361169063e-05,0,1559,4,1559,6,1,1,6,1.0,-0.0,0.0
R_003653,21,0.0084,0.0001277699812308196,0,1565,2,1565,8,2,5,7,0.875,0.3767701612564367,0.5435644431995964
R_003654,7,0.0028,4.8033243323916936e-05,0,1562,3,1562,5,2,6,4,0.8,0.5004024235381879,0.7219280948873623
R_003655,7,0.0028,4.684032833273236e-05,0,1562,3,1562,6,3,6,4,0.6666666666666666,0.8675632284814612,0.7896900821428474
R_003656,10,0.004,5.971468082083953e-05,0,3102,1,1571,8,3,7,5,0.625,0.9002560512685369,0.8194483718728035
R_003657,11,0.0044,6.741000167024616e-05,0,1562,3,1562,8,3,6,6,0.75,0.7356219397587946,0.6695919455357792
R_003658,17,0.0068,9.720701709540553e-05,0,1559,4,1559,7,1,1,7,1.0,-0.0,0.0
R_003659,8,0.0032,5.322983811468655e-05,0,1628,0,1628,6,1,3,6,1.0,-0.0,0.0
R_003660,2,0.0008,2.3577331313953535e-05,0,1565,2,1565,5,2,5,4,0.8,0.5004024235381879,0.7219280948873623
R_003661,10,0.004,6.035459811608032e-05,0,3102,1,1571,8,3,7,5,0.625,0.9002560512685369,0.8194483718728035
R_003662,6,0.0024,4.192297899324376e-05,0,1562,3,1562,5,2,6,4,0.8,0.5004024235381879,0.7219280948873623
R_003663,8,0.0032,5.0165130293336536e-05,0,3102,6,1531,8,1,2,8,1.0,-0.0,0.0
R_003664,4,0.0016,3.2163053251232874e-05,0,1559,4,1559,5,1,1,5,1.0,-0.0,0.0
R_003665,10,0.004,6.411261425408672e-05,0,1550,5,1550,5,1,0,5,1.0,-0.0,0.0
R_003666,8,0.0032,5.21026034712604e-05,0,1559,4,1559,8,1,1,8,1.0,-0.0,0.0
R_003667,10,0.004,6.031492500936196e-05,0,3102,1,1571,8,4,7,4,0.5,1.2130075659799042,0.875
R_003668,7,0.0028,4.778256982433262e-05,0,1562,3,1562,7,2,6,6,0.8571428571428571,0.410116318288409,0.5916727785823274
R_003669,4,0.0016,3.426695286775726e-05,0,1565,2,1565,5,2,5,4,0.8,0.5004024235381879,0.7219280948873623
R_003670,5,0.002,3.703468017346312e-05,0,1559,4,1559,5,1,1,5,1.0,-0.0,0.0
R_003671,4,0.0016,3.3308456146769344e-05,0,1550,5,1550,5,1,0,5,1.0,-0.0,0.0
R_003672,6,0.0024,4.4542262951438647e-05,0,1550,5,1550,8,1,0,8,1.0,-0.0,0.0
R_003673,5,0.002,3.767661154438302e-05,0,1562,3,1562,5,1,6,5,1.0,-0.0,0.0
R_003674,7,0.0028,4.7723736467253816e-05,0,1562,3,1562,6,3,6,4,0.6666666666666666,0.8675632284814612,0.7896900821428474
R_003675,9,0.0036,5.49207657915471e-05,0,1505,7,1505,8,1,4,8,1.0,-0.0,0.0
R_003676,10,0.004,5.872731756112728e-05,0,3102,1,1571,7,3,7,5,0.7142857142857143,0.796311640173813,0.7248340915057598
R_003677,8,0.0032,5.5313665277544314e-05,0,1565,2,1565,6,2,5,5,0.8333333333333334,0.4505612088663046,0.6500224216483541
R_003678,7,0.0028,4.77422169011223e-05,0,1559,4,1559,6,1,1,6,1.0,-0.0,0.0
R_003679,4,0.0016,3.356555066887682e-05,0,1565,2,1565,5,2,5,4,0.8,0.5004024235381879,0.7219280948873623
R_003680,3,0.0012,2.929672155639261e-05,0,1565,2,1565,5,2,5,4,0.8,0.5004024235381879,0.7219280948873623
R_003681,15,0.006,8.758197381961924e-05,0,1562,3,1562,7,2,6,6,0.8571428571428571,0.410116318288409,0.5916727785823274
R_003682,4,0.0016,3.28775516844066e-05,0,1562,3,1562,7,2,6,6,0.8571428571428571,0.410116318288409,0.5916727785823274
R_003683,2,0.0008,2.29001134032871e-05,0,1550,5,1550,5,1,0,5,1.0,-0.0,0.0
R_003684,5,0.002,3.9507731249135876e-05,0,1565,2,1565,8,2,5,7,0.875,0.3767701612564367,0.5435644431995964
R_003685,5,0.002,3.9663692549760896e-05,0,1565,2,1565,7,1,5,7,1.0,-0.0,0.0
R_003686,6,0.0024,4.020689803711657e-05,0,3102,1,1571,5,2,7,3,0.6,0.6730116670092565,0.9709505944546688
R_003687,6,0.0024,4.0841055670305406e-05,0,3102,6,1531,6,1,2,6,1.0,-0.0,0.0
R_003688,5,0.002,3.7689517144075383e-05,0,1628,0,1628,5,1,3,5,1.0,-0.0,0.0
R_003689,19,0.0076,0.00010756059988750039,0,1559,4,1559,8,1,1,8,1.0,-0.0,0.0
R_003690,7,0.0028,5.078141128511759e-05,0,1565,2,1565,6,1,5,6,1.0,-0.0,0.0
R_003691,6,0.0024,4.092441121006252e-05,0,1505,7,1505,7,1,4,7,1.0,-0.0,0.0
R_003692,4,0.0016,3.292315833615281e-05,0,1628,0,1628,6,1,3,6,1.0,-0.0,0.0
R_003693,9,0.0036,5.7175674748848e-05,0,1559,4,1559,8,1,1,8,1.0,-0.0,0.0
R_003694,9,0.0036,5.818069982404076e-05,0,1628,0,1628,7,1,3,7,1.0,-0.0,0.0
R_003695,5,0.002,3.598659751895024e-05,0,3102,1,1571,5,3,2,2,0.4,1.0549201679861442,0.9602297178607612
R_003696,14,0.0056,7.775308684360785e-05,0,1505,7,1505,7,1,4,7,1.0,-0.0,0.0
R_003697,9,0.0036,5.7083283071082134e-05,0,1562,3,1562,7,3,6,5,0.7142857142857143,0.796311640173813,0.7248340915057598
R_003698,5,0.002,3.758090540795717e-05,0,1628,0,1628,8,1,3,8,1.0,-0.0,0.0
R_003699,8,0.0032,5.3956505632987895e-05,0,1550,5,1550,7,1,0,7,1.0,-0.0,0.0
R_003700,3,0.0012,2.7658460061490943e-05,0,1628,0,1628,6,1,3,6,1.0,-0.0,0.0
R_003701,9,0.0036,5.783502450224865e-05,0,1628,0,1628,7,1,3,7,1.0,-0.0,0.0
R_003702,7,0.0028,4.832372513345816e-05,0,1628,0,1628,6,1,3,6,1.0,-0.0,0.0
R_003703,3,0.0012,2.888485096716497e-05,0,1550,5,1550,5,1,0,5,1.0,-0.0,0.0
R_003704,3,0.0012,2.6931962254066023e-05,0,1505,7,1505,5,1,4,5,1.0,-0.0,0.0
R_003705,4,0.0016,3.315018976599334e-05,0,1628,0,1628,7,1,3,7,1.0,-0.0,0.0
R_003706,4,0.0016,3.114571010013623e-05,0,3102,6,1531,5,1,2,5,1.0,-0.0,0.0
R_003707,12,0.0048,7.54541406399467e-05,0,1550,5,1550,6,1,0,6,1.0,-0.0,0.0
R_003708,8,0.0032,5.060043855070818e-05,0,3102,1,1571,6,3,7,4,0.6666666666666666,0.8675632284814612,0.7896900821428474
R_003709,6,0.0024,4.213459484877163e-05,0,1559,4,1559,5,1,1,5,1.0,-0.0,0.0
R_003710,7,0.0028,4.795484928621946e-05,0,1628,0,1628,7,1,3,7,1.0,-0.0,0.0
R_003711,8,0.0032,5.401386154749532e-05,0,1550,5,1550,6,1,0,6,1.0,-0.0,0.0
R_003712,5,0.002,3.7059827966299565e-05,0,3102,6,1531,5,1,2,5,1.0,-0.0,0.0
R_003713,23,0.0092,0.00012940184691547028,0,1628,0,1628,8,1,3,8,1.0,-0.0,0.0
R_003714,10,0.004,5.987525486114736e-05,0,3102,1,1571,7,4,7,4,0.5714285714285714,1.1537419427010902,0.8322488896002307
R_003715,10,0.004,6.220624249711601e-05,0,1562,3,1562,6,2,6,5,0.8333333333333334,0.4505612088663046,0.6500224216483541
R_003716,16,0.0064,9.193128680220302e-05,0,1562,3,1562,8,3,6,6,0.75,0.7356219397587946,0.6695919455357792
R_003717,7,0.0028,4.781547247015898e-05,0,1628,0,1628,7,1,3,7,1.0,-0.0,0.0
R_003718,3,0.0012,2.6890472745059728e-05,0,3102,1,1571,5,3,2,2,0.4,1.0549201679861442,0.9602297178607612
R_003719,9,0.0036,5.823670126935527e-05,0,1628,0,1628,7,1,3,7,1.0,-0.0,0.0
R_003720,4,0.0016,3.345667506831662e-05,0,1565,2,1565,7,1,5,7,1.0,-0.0,0.0
R_003721,6,0.0024,4.2024760343786775e-05,0,1562,3,1562,8,3,6,6,0.75,0.7356219397587946,0.6695919455357792
R_003722,8,0.0032,5.093950471395451e-05,0,3102,6,1531,8,1,2,8,1.0,-0.0,0.0
R_003723,9,0.0036,5.471842967194336e-05,0,1505,7,1505,6,1,4,6,1.0,-0.0,0.0
R_003724,10,0.004,6.422093015627768e-05,0,1550,5,1550,7,1,0,7,1.0,-0.0,0.0
R_003725,12,0.0048,7.239673591924123e-05,0,1559,4,1559,8,1,1,8,1.0,-0.0,0.0
R_003726,6,0.0024,4.3780811565523054e-05,0,1550,5,1550,5,1,0,5,1.0,-0.0,0.0
R_003727,8,0.0032,5.062327005127867e-05,0,3102,1,1571,6,3,7,3,0.5,1.0114042647073518,0.920619835714305
R_003728,13,0.0052,7.6500159967207e-05,0,1562,3,1562,8,3,6,6,0.75,0.7356219397587946,0.6695919455357792
R_003729,5,0.002,3.6092075534845034e-05,0,1505,7,1505,5,1,4,5,1.0,-0.0,0.0
R_003730,11,0.0044,6.66069136819698e-05,0,1559,4,1559,6,1,1,6,1.0,-0.0,0.0
R_003731,9,0.0036,5.726330641687753e-05,0,1562,3,1562,8,3,6,6,0.75,0.7356219397587946,0.6695919455357792
R_003732,5,0.002,3.823067413861389e-05,0,1550,5,1550,5,1,0,5,1.0,-0.0,0.0
R_003733,2,0.0008,2.144509191347162e-05,0,1505,7,1505,5,1,4,5,1.0,-0.0,0.0
R_003734,4,0.0016,3.360535987036073e-05,0,1550,5,1550,6,1,0,6,1.0,-0.0,0.0
R_003735,5,0.002,3.967301336098339e-05,0,1565,2,1565,7,2,5,6,0.8571428571428571,0.410116318288409,0.5916727785823274
R_003736,7,0.0028,4.5440600607595354e-05,0,3102,1,1571,6,4,7,3,0.5,1.242453324894,0.8962406251802889
R_003737,7,0.0028,4.624890452921561e-05,0,3102,6,1531,5,1,2,5,1.0,-0.0,0.0
R_003738,10,0.004,6.339716651265096e-05,0,1628,0,1628,7,1,3,7,1.0,-0.0,0.0
R_003739,8,0.0032,5.365048699025966e-05,0,1550,5,1550,6,1,0,6,1.0,-0.0,0.0
R_003740,11,0.0044,6.383762801854898e-05,0,3102,1,1571,7,3,7,4,0.5714285714285714,0.9556998911125344,0.8699155297736259
R_003741,23,0.0092,0.00013731246180451802,0,1565,2,1565,8,2,5,7,0.875,0.3767701612564367,0.5435644431995964
R_003742,3,0.0012,2.66594394991699e-05,0,3102,1,1571,5,3,7,3,0.6,0.9502705392332348,0.8649735207179272
R_003743,6,0.0024,4.4694575477009364e-05,0,1565,2,1565,7,2,5,6,0.8571428571428571,0.410116318288409,0.5916727785823274
R_003744,4,0.0016,3.177230107014158e-05,0,1505,7,1505,5,1,4,5,1.0,-0.0,0.0
R_003745,3,0.0012,2.6532255569749092e-05,0,3102,1,1571,5,4,7,2,0.4,1.3321790402101223,0.9609640474436812
R_003746,9,0.0036,5.827684128704456e-05,0,1628,0,1628,7,1,3,7,1.0,-0.0,0.0
R_003747,3,0.0012,2.6946738100517232e-05,0,3102,6,1531,6,1,2,6,1.0,-0.0,0.0
R_003748,23,0.0092,0.0001288294252739425,0,1628,0,1628,7,1,3,7,1.0,-0.0,0.0
R_003749,3,0.0012,2.841222262205661e-05,0,1550,5,1550,6,1,0,6,1.0,-0.0,0.0
R_003750,7,0.0028,4.759540931088236e-05,0,1628,0,1628,6,1,3,6,1.0,-0.0,0.0
R_003751,5,0.002,3.6024349105126974e-05,0,1505,7,1505,6,1,4,6,1.0,-0.0,0.0
R_003752,4,0.0016,3.3905579832680664e-05,0,1565,2,1565,8,2,5,7,0.875,0.3767701612564367,0.5435644431995964
R_003753,7,0.0028,4.664888342292612e-05,0,1562,3,1562,7,3,6,5,0.7142857142857143,0.796311640173813,0.7248340915057598
R_003754,6,0.0024,4.157296232149891e-05,0,1562,3,1562,5,1,6,5,1.0,-0.0,0.0
R_003755,10,0.004,6.377004526473186e-05,0,1628,0,1628,8,1,3,8,1.0,-0.0,0.0
R_003756,11,0.0044,6.465817020365564e-05,0,3102,1,1571,7,3,7,5,0.7142857142857143,0.796311640173813,0.7248340915057598
R_003757,6,0.0024,4.37618463339677e-05,0,1550,5,1550,7,1,0,7,1.0,-0.0,0.0
R_003758,9,0.0036,5.471660903333232e-05,0,1505,7,1505,6,1,4,6,1.0,-0.0,0.0
R_003759,8,0.0032,4.972270254416929e-05,0,3102,1,1571,6,2,7,5,0.8333333333333334,0.4505612088663046,0.6500224216483541
R_003760,4,0.0016,3.282689070918887e-05,0,1562,3,1562,6,3,6,4,0.6666666666666666,0.8675632284814612,0.7896900821428474
R_003761,8,0.0032,5.221627292111847e-05,0,1562,3,1562,7,2,6,6,0.8571428571428571,0.410116318288409,0.5916727785823274
R_003762,5,0.002,3.745110032530729e-05,0,1562,3,1562,5,2,6,4,0.8,0.5004024235381879,0.7219280948873623
R_003763,19,0.0076,0.00010911200056074414,0,1628,0,1628,7,1,3,7,1.0,-0.0,0.0
R_003764,3,0.0012,2.7736940668885288e-05,0,1562,3,1562,5,2,6,4,0.8,0.5004024235381879,0.7219280948873623
R_003765,1,0.0004,1.723010133337536e-05,0,1628,0,1628,5,1,3,5,1.0,-0.0,0.0
R_003766,22,0.0088,0.00011754670810751399,0,3102,6,1531,8,1,2,8,1.0,-0.0,0.0
R_003767,9,0.0036,6.0920087095592944e-05,0,1565,2,1565,7,1,5,7,1.0,-0.0,0.0
R_003768,8,0.0032,5.045256459804763e-05,0,3102,6,1531,8,1,2,8,1.0,-0.0,0.0
R_003769,20,0.008,0.00011300514432600626,0,1562,3,1562,7,3,6,5,0.7142857142857143,0.796311640173813,0.7248340915057598
R_003770,0,0.0,1.2023710757614017e-05,1,1,15,1,5,1,3,5,1.0,-0.0,0.0
R_003771,7,0.0028,4.690937977042519e-05,0,1562,3,1562,7,3,6,5,0.7142857142857143,0.796311640173813,0.7248340915057598
R_003772,6,0.0024,4.1199274042212896e-05,0,3102,6,1531,5,1,2,5,1.0,-0.0,0.0
R_003773,6,0.0024,4.2503397054698984e-05,0,1559,4,1559,5,1,1,5,1.0,-0.0,0.0
R_003774,5,0.002,3.819984695877334e-05,0,1628,0,1628,6,1,3,6,1.0,-0.0,0.0
R_003775,3,0.0012,2.7782777631734138e-05,0,1550,5,1550,5,1,0,5,1.0,-0.0,0.0
R_003776,4,0.0016,3.3228408336286165e-05,0,1628,0,1628,5,1,3,5,1.0,-0.0,0.0
R_003777,1,0.0004,1.702065862893686e-05,0,3102,1,1571,5,3,7,3,0.6,0.9502705392332348,0.8649735207179272
R_003778,1,0.0004,1.7138579954281967e-05,0,3102,1,1571,5,2,7,4,0.8,0.5004024235381879,0.7219280948873623
R_003779,2,0.0008,2.2170562260300872e-05,0,3102,1,1571,7,3,7,4,0.5714285714285714,0.9556998911125344,0.8699155297736259
R_003780,9,0.0036,5.5676773421332506e-05,0,3102,6,1531,8,1,2,8,1.0,-0.0,0.0
R_003781,10,0.004,6.249957566446174e-05,0,1559,4,1559,8,1,1,8,1.0,-0.0,0.0
R_003782,7,0.0028,4.51669997181958e-05,0,1505,7,1505,6,1,4,6,1.0,-0.0,0.0
R_003783,6,0.0024,4.067707827961172e-05,0,1505,7,1505,5,1,4,5,1.0,-0.0,0.0
R_003784,4,0.0016,3.414695530395337e-05,0,1565,2,1565,5,1,5,5,1.0,-0.0,0.0
R_003785,11,0.0044,6.428227743794082e-05,0,3102,1,1571,6,3,7,4,0.6666666666666666,0.8675632284814612,0.7896900821428474
R_003786,5,0.002,3.914107949075249e-05,0,1550,5,1550,6,1,0,6,1.0,-0.0,0.0
R_003787,9,0.0036,5.5635195843394546e-05,0,3102,6,1531,7,1,2,7,1.0,-0.0,0.0
R_003788,3,0.0012,2.766801205709029e-05,0,1628,0,1628,6,1,3,6,1.0,-0.0,0.0
R_003789,7,0.0028,4.5737011150058794e-05,0,1505,7,1505,8,1,4,8,1.0,-0.0,0.0
R_003790,11,0.0044,6.897181709767574e-05,0,1628,0,1628,7,1,3,7,1.0,-0.0,0.0
R_003791,7,0.0028,4.6890070376494766e-05,0,1559,4,1559,5,1,1,5,1.0,-0.0,0.0
R_003792,5,0.002,3.678723462337871e-05,0,1559,4,1559,6,1,1,6,1.0,-0.0,0.0
R_003793,11,0.0044,6.77657055290904e-05,0,1562,3,1562,6,3,6,4,0.6666666666666666,0.8675632284814612,0.7896900821428474
R_003794,5,0.002,3.720426553521979e-05,0,1559,4,1559,6,1,1,6,1.0,-0.0,0.0
R_003795,8,0.0032,5.587162372556607e-05,0,1565,2,1565,6,1,5,6,1.0,-0.0,0.0
R_003796,8,0.0032,5.4906528821911675e-05,0,1550,5,1550,8,1,0,8,1.0,-0.0,0.0
R_003797,9,0.0036,5.740204324703551e-05,0,1562,3,1562,8,3,6,6,0.75,0.7356219397587946,0.6695919455357792
R_003798,19,0.0076,0.000102153763684285,0,3102,1,1571,7,3,7,5,0.7142857142857143,0.796311640173813,0.7248340915057598
R_003799,9,0.0036,5.982087938849202e-05,0,1550,5,1550,8,1,0,8,1.0,-0.0,0.0
R_003800,10,0.004,6.329255827066216e-05,0,1628,0,1628,7,1,3,7,1.0,-0.0,0.0
R_003801,4,0.0016,3.393684757004684e-05,0,1565,2,1565,5,2,5,4,0.8,0.5004024235381879,0.7219280948873623
R_003802,9,0.0036,5.7354004418420545e-05,0,1562,3,1562,8,2,6,7,0.875,0.3767701612564367,0.5435644431995964
R_003803,10,0.004,6.449288529012317e-05,0,1550,5,1550,8,1,0,8,1.0,-0.0,0.0
R_003804,17,0.0068,9.288211966223629e-05,0,3102,6,1531,6,1,2,6,1.0,-0.0,0.0
R_003805,6,0.0024,4.1794923224173224e-05,0,1559,4,1559,5,1,1,5,1.0,-0.0,0.0
R_003806,11,0.0044,6.87825940926519e-05,0,1628,0,1628,7,1,3,7,1.0,-0.0,0.0
R_003807,8,0.0032,5.5232630581594254e-05,0,1565,2,1565,8,2,5,7,0.875,0.3767701612564367,0.5435644431995964
R_003808,6,0.0024,4.186441155076666e-05,0,1559,4,1559,7,1,1,7,1.0,-0.0,0.0
R_003809,2,0.0008,2.2364084676577515e-05,0,1562,3,1562,6,3,6,4,0.6666666666666666,0.8675632284814612,0.7896900821428474
R_003810,9,0.0036,6.122800712900961e-05,0,1565,2,1565,8,2,5,7,0.875,0.3767701612564367,0.5435644431995964
R_003811,13,0.0052,7.759201268413472e-05,0,1559,4,1559,8,1,1,8,1.0,-0.0,0.0
R_003812,2,0.0008,2.3391188847034825e-05,0,1565,2,1565,5,1,5,5,1.0,-0.0,0.0
R_003813,7,0.0028,4.506267895451738e-05,0,3102,1,1571,6,3,7,4,0.6666666666666666,0.8675632284814612,0.7896900821428474
R_003814,7,0.0028,4.90534409413052e-05,0,1550,5,1550,8,1,0,8,1.0,-0.0,0.0
R_003815,8,0.0032,4.9767469089108404e-05,0,3102,1,1571,7,4,7,4,0.5714285714285714,1.1537419427010902,0.8322488896002307
R_003816,7,0.0028,4.955584724138222e-05,0,1550,5,1550,8,1,0,8,1.0,-0.0,0.0
R_003817,6,0.0024,4.363444449081333e-05,0,1550,5,1550,5,1,0,5,1.0,-0.0,0.0
R_003818,6,0.0024,4.2362132562325e-05,0,1562,3,1562,7,2,6,6,0.8571428571428571,0.410116318288409,0.5916727785823274
R_003819,6,0.0024,4.051585197257521e-05,0,1505,7,1505,6,1,4,6,1.0,-0.0,0.0
R_003820,4,0.0016,3.112235525208188e-05,0,1505,7,1505,5,1,4,5,1.0,-0.0,0.0
R_003821,5,0.002,3.576929755668768e-05,0,1505,7,1505,7,1,4,7,1.0,-0.0,0.0
R_003822,19,0.0076,0.00010053006435625272,0,1505,7,1505,8,1,4,8,1.0,-0.0,0.0
R_003823,3,0.0012,2.6296012092456153e-05,0,3102,1,1571,5,2,7,4,0.8,0.5004024235381879,0.7219280948873623
R_003824,17,0.0068,9.874495596596842e-05,0,1628,0,1628,7,1,3,7,1.0,-0.0,0.0
R_003825,3,0.0012,2.697696965789743e-05,0,1562,3,1562,6,1,6,6,1.0,-0.0,0.0
R_003826,2,0.0008,2.1876867541907655e-05,0,1505,7,1505,5,1,4,5,1.0,-0.0,0.0
R_003827,10,0.004,6.220905528721494e-05,0,1559,4,1559,8,1,1,8,1.0,-0.0,0.0
R_003828,10,0.004,6.656280744823843e-05,0,1565,2,1565,7,2,5,6,0.8571428571428571,0.410116318288409,0.5916727785823274
R_003829,10,0.004,6.600918235335423e-05,0,1550,5,1550,6,1,0,6,1.0,-0.0,0.0
R_003830,6,0.0024,4.318310333732863e-05,0,1550,5,1550,8,1,0,8,1.0,-0.0,0.0
R_003831,16,0.0064,8.710707899610315e-05,0,1505,7,1505,8,1,4,8,1.0,-0.0,0.0
R_003832,9,0.0036,5.81451198061904e-05,0,1628,0,1628,7,1,3,7,1.0,-0.0,0.0
R_003833,9,0.0036,5.49622281195311e-05,0,3102,6,1531,7,1,2,7,1.0,-0.0,0.0
R_003834,4,0.0016,3.119396265508079e-05,0,1505,7,1505,6,1,4,6,1.0,-0.0,0.0
R_003835,5,0.002,3.9671664674085126e-05,0,1565,2,1565,8,2,5,7,0.875,0.3767701612564367,0.5435644431995964
R_003836,5,0.002,3.630659806779855e-05,0,3102,1,1571,5,3,7,3,0.6,0.9502705392332348,0.8649735207179272
R_003837,5,0.002,3.778260646390154e-05,0,1628,0,1628,5,1,3,5,1.0,-0.0,0.0
R_003838,3,0.0012,2.6648084007596103e-05,0,1505,7,1505,5,1,4,5,1.0,-0.0,0.0
R_003839,13,0.0052,7.916519071107793e-05,0,1628,0,1628,7,1,3,7,1.0,-0.0,0.0
R_003840,9,0.0036,5.475640324202157e-05,0,1505,7,1505,7,1,4,7,1.0,-0.0,0.0
R_003841,6,0.0024,4.11395665399887e-05,0,3102,6,1531,6,1,2,6,1.0,-0.0,0.0
R_003842,9,0.0036,5.909743815881629e-05,0,1550,5,1550,6,1,0,6,1.0,-0.0,0.0
R_003843,4,0.0016,3.210016496318487e-05,0,1628,0,1628,6,1,3,6,1.0,-0.0,0.0
R_003844,4,0.0016,3.141528573235523e-05,0,3102,1,1571,5,3,7,3,0.6,0.9502705392332348,0.8649735207179272
R_003845,11,0.0044,6.495651417338618e-05,0,3102,1,1571,8,2,7,6,0.75,0.5623351446188083,0.8112781244591328
R_003846,5,0.002,3.851941518990117e-05,0,1550,5,1550,6,1,0,6,1.0,-0.0,0.0
R_003847,3,0.0012,2.774143566564596e-05,0,1628,0,1628,7,1,3,7,1.0,-0.0,0.0
R_003848,5,0.002,3.9505565714355096e-05,0,1565,2,1565,5,1,5,5,1.0,-0.0,0.0
R_003849,7,0.0028,4.733814508315499e-05,0,1559,4,1559,6,1,1,6,1.0,-0.0,0.0
R_003850,7,0.0028,4.5474848330669274e-05,0,3102,1,1571,5,1,7,5,1.0,-0.0,0.0
R_003851,9,0.0036,5.7042963503671575e-05,0,1559,4,1559,8,1,1,8,1.0,-0.0,0.0
R_003852,7,0.0028,4.79930285249384e-05,0,1628,0,1628,7,1,3,7,1.0,-0.0,0.0
R_003853,8,0.0032,5.292647992887502e-05,0,1559,4,1559,8,1,1,8,1.0,-0.0,0.0
R_003854,4,0.0016,3.399145945223992e-05,0,1550,5,1550,5,1,0,5,1.0,-0.0,0.0
R_003855,2,0.0008,2.1723103615830148e-05,0,1505,7,1505,5,1,4,5,1.0,-0.0,0.0
R_003856,12,0.0048,6.929781419356814e-05,0,3102,1,1571,7,3,7,4,0.5714285714285714,0.9556998911125344,0.8699155297736259
R_003857,4,0.0016,3.2283249962527194e-05,0,1559,4,1559,5,1,1,5,1.0,-0.0,0.0
R_003858,8,0.0032,5.581061420652573e-05,0,1565,2,1565,8,1,5,8,1.0,-0.0,0.0
R_003859,8,0.0032,5.165147382188264e-05,0,1559,4,1559,7,1,1,7,1.0,-0.0,0.0
R_003860,4,0.0016,3.393495658716666e-05,0,1565,2,1565,5,1,5,5,1.0,-0.0,0.0
R_003861,3,0.0012,2.731434042476092e-05,0,1562,3,1562,5,1,6,5,1.0,-0.0,0.0
R_003862,4,0.0016,3.437662749193358e-05,0,1565,2,1565,5,1,5,5,1.0,-0.0,0.0
R_003863,2,0.0008,2.250045757396083e-05,0,1628,0,1628,6,1,3,6,1.0,-0.0,0.0
R_003864,15,0.006,8.218179511493569e-05,0,1505,7,1505,8,1,4,8,1.0,-0.0,0.0
R_003865,5,0.002,3.980464809155906e-05,0,1565,2,1565,6,2,5,5,0.8333333333333334,0.4505612088663046,0.6500224216483541
R_003866,11,0.0044,6.459074495053606e-05,0,3102,6,1531,8,1,2,8,1.0,-0.0,0.0
R_003867,11,0.0044,6.520249085498336e-05,0,3102,6,1531,8,1,2,8,1.0,-0.0,0.0
R_003868,3,0.0012,2.8417081100272645e-05,0,1550,5,1550,5,1,0,5,1.0,-0.0,0.0
R_003869,5,0.002,3.731977595864161e-05,0,1559,4,1559,6,1,1,6,1.0,-0.0,0.0
R_003870,10,0.004,5.908895691606651e-05,0,1505,7,1505,6,1,4,6,1.0,-0.0,0.0
R_003871,4,0.0016,3.138534628914786e-05,0,1505,7,1505,5,1,4,5,1.0,-0.0,0.0
R_003872,22,0.0088,0.0001318421981513887,0,1565,2,1565,8,2,5,7,0.875,0.3767701612564367,0.5435644431995964
R_003873,6,0.0024,4.130140072143818e-05,0,1505,7,1505,8,1,4,8,1.0,-0.0,0.0
R_003874,8,0.0032,5.3403061840357586e-05,0,1550,5,1550,7,1,0,7,1.0,-0.0,0.0
R_003875,8,0.0032,5.459970339384282e-05,0,1550,5,1550,5,1,0,5,1.0,-0.0,0.0
R_003876,24,0.0096,0.00013674043445629724,0,1550,5,1550,8,1,0,8,1.0,-0.0,0.0
R_003877,1,0.0004,1.7914529900534864e-05,0,1565,2,1565,6,2,5,5,0.8333333333333334,0.4505612088663046,0.6500224216483541
R_003878,6,0.0024,4.0973510234947496e-05,0,3102,6,1531,5,1,2,5,1.0,-0.0,0.0
R_003879,26,0.0104,0.00013588609080625064,0,3102,1,1571,8,3,7,6,0.75,0.7356219397587946,0.6695919455357792
R_003880,19,0.0076,0.00011102447233390192,0,1550,5,1550,8,1,0,8,1.0,-0.0,0.0
R_003881,9,0.0036,5.659274562973844e-05,0,1562,3,1562,6,2,6,5,0.8333333333333334,0.4505612088663046,0.6500224216483541
R_003882,8,0.0032,5.471083936194212e-05,0,1550,5,1550,6,1,0,6,1.0,-0.0,0.0
R_003883,5,0.002,4.006397934194248e-05,0,1565,2,1565,6,2,5,5,0.8333333333333334,0.4505612088663046,0.6500224216483541
R_003884,7,0.0028,4.5604477666761294e-05,0,3102,1,1571,6,3,7,3,0.5,1.0114042647073518,0.920619835714305
R_003885,11,0.0044,6.48333383876174e-05,0,3102,6,1531,8,1,2,8,1.0,-0.0,0.0
R_003886,3,0.0012,2.7404061884575437e-05,0,1562,3,1562,6,1,6,6,1.0,-0.0,0.0
R_003887,10,0.004,6.053379565126991e-05,0,3102,6,1531,8,1,2,8,1.0,-0.0,0.0
R_003888,6,0.0024,4.2197251810762986e-05,0,1562,3,1562,5,3,6,3,0.6,0.9502705392332348,0.8649735207179272
R_003889,8,0.0032,5.0443486949203946e-05,0,3102,1,1571,8,4,7,5,0.625,1.073542846408523,0.7743974703476992
R_003890,18,0.0072,0.00011022855966808457,0,1565,2,1565,7,2,5,6,0.8571428571428571,0.410116318288409,0.5916727785823274
R_003891,7,0.0028,4.712762750167279e-05,0,1559,4,1559,7,1,1,7,1.0,-0.0,0.0
R_003892,12,0.0048,7.274412597423391e-05,0,1562,3,1562,8,2,6,7,0.875,0.3767701612564367,0.5435644431995964
R_003893,10,0.004,6.027337055769094e-05,0,3102,6,1531,8,1,2,8,1.0,-0.0,0.0
R_003894,7,0.0028,5.02071844510857e-05,0,1565,2,1565,8,2,5,7,0.875,0.3767701612564367,0.5435644431995964
R_003895,2,0.0008,2.238317652837344e-05,0,1628,0,1628,7,1,3,7,1.0,-0.0,0.0
R_003896,11,0.0044,6.824569740837292e-05,0,1628,0,1628,7,1,3,7,1.0,-0.0,0.0
R_003897,3,0.0012,2.620926624489693e-05,0,3102,1,1571,5,3,7,3,0.6,0.9502705392332348,0.8649735207179272
R_003898,5,0.002,3.770585492861471e-05,0,1628,0,1628,5,1,3,5,1.0,-0.0,0.0
R_003899,6,0.0024,4.13018505237579e-05,0,3102,6,1531,6,1,2,6,1.0,-0.0,0.0
R_003900,3,0.0012,2.6657231981592863e-05,0,1505,7,1505,5,1,4,5,1.0,-0.0,0.0
R_003901,7,0.0028,4.613493350632642e-05,0,3102,6,1531,8,1,2,8,1.0,-0.0,0.0
R_003902,5,0.002,3.7084395771078676e-05,0,1559,4,1559,6,1,1,6,1.0,-0.0,0.0
R_003903,3,0.0012,2.7549776992676095e-05,0,1559,4,1559,5,1,1,5,1.0,-0.0,0.0
R_003904,10,0.004,5.990838082537461e-05,0,3102,6,1531,6,1,2,6,1.0,-0.0,0.0
R_003905,3,0.0012,2.683159797130447e-05,0,3102,6,1531,5,1,2,5,1.0,-0.0,0.0
R_003906,6,0.0024,4.214616674333265e-05,0,1562,3,1562,5,1,6,5,1.0,-0.0,0.0
R_003907,11,0.0044,6.47066473148008e-05,0,3102,6,1531,7,1,2,7,1.0,-0.0,0.0
R_003908,13,0.0052,8.043944904581004e-05,0,1550,5,1550,7,1,0,7,1.0,-0.0,0.0
R_003909,7,0.0028,4.9565111682832386e-05,0,1550,5,1550,5,1,0,5,1.0,-0.0,0.0
R_003910,4,0.0016,3.1730173036536356e-05,0,3102,6,1531,5,1,2,5,1.0,-0.0,0.0
R_003911,9,0.0036,5.419129702685616e-05,0,1505,7,1505,6,1,4,6,1.0,-0.0,0.0
R_003912,5,0.002,3.613264061014139e-05,0,3102,1,1571,5,3,7,3,0.6,0.9502705392332348,0.8649735207179272
R_003913,7,0.0028,4.593624902748065e-05,0,1505,7,1505,5,1,4,5,1.0,-0.0,0.0
R_003914,3,0.0012,2.673812213940906e-05,0,3102,6,1531,5,1,2,5,1.0,-0.0,0.0
R_003915,9,0.0036,5.657655779572857e-05,0,1559,4,1559,8,1,1,8,1.0,-0.0,0.0
R_003916,5,0.002,3.748180730409373e-05,0,1628,0,1628,6,1,3,6,1.0,-0.0,0.0
R_003917,11,0.0044,6.871788157075293e-05,0,1628,0,1628,8,1,3,8,1.0,-0.0,0.0
R_003918,9,0.0036,5.8627112860692986e-05,0,1559,4,1559,8,1,1,8,1.0,-0.0,0.0
R_003919,10,0.004,6.265844669730029e-05,0,1628,0,1628,5,1,3,5,1.0,-0.0,0.0
R_003920,12,0.0048,7.465251439346374e-05,0,1550,5,1550,6,1,0,6,1.0,-0.0,0.0
R_003921,6,0.0024,4.2305895572743164e-05,0,1559,4,1559,5,1,1,5,1.0,-0.0,0.0
R_003922,12,0.0048,7.461005829418237e-05,0,1628,0,1628,6,1,3,6,1.0,-0.0,0.0
R_003923,4,0.0016,3.295457123414877e-05,0,1628,0,1628,7,1,3,7,1.0,-0.0,0.0
R_003924,8,0.0032,5.573381939607353e-05,0,1565,2,1565,5,2,5,4,0.8,0.5004024235381879,0.7219280948873623
R_003925,9,0.0036,6.149181363284221e-05,0,1565,2,1565,7,2,5,6,0.8571428571428571,0.410116318288409,0.5916727785823274
R_003926,4,0.0016,3.4346791596344646e-05,0,1565,2,1565,5,2,5,4,0.8,0.5004024235381879,0.7219280948873623
R_003927,9,0.0036,5.9566829674315475e-05,0,1550,5,1550,6,1,0,6,1.0,-0.0,0.0
R_003928,11,0.0044,6.771997674681202e-05,0,1559,4,1559,7,1,1,7,1.0,-0.0,0.0
R_003929,9,0.0036,5.8914647291323486e-05,0,1550,5,1550,7,1,0,7,1.0,-0.0,0.0
R_003930,4,0.0016,3.089553543025513e-05,0,3102,6,1531,5,1,2,5,1.0,-0.0,0.0
R_003931,29,0.0116,0.00014852965733645694,0,1505,7,1505,8,1,4,8,1.0,-0.0,0.0
R_003932,10,0.004,6.269164554637462e-05,0,1562,3,1562,7,3,6,5,0.7142857142857143,0.796311640173813,0.7248340915057598
R_003933,13,0.0052,8.016541202771912e-05,0,1550,5,1550,8,1,0,8,1.0,-0.0,0.0
R_003934,7,0.0028,4.5545822027250175e-05,0,1505,7,1505,7,1,4,7,1.0,-0.0,0.0
R_003935,11,0.0044,6.979516772655315e-05,0,1550,5,1550,8,1,0,8,1.0,-0.0,0.0
R_003936,8,0.0032,5.604157802006358e-05,0,1565,2,1565,7,2,5,6,0.8571428571428571,0.410116318288409,0.5916727785823274
R_003937,7,0.0028,4.782119679722705e-05,0,1562,3,1562,6,1,6,6,1.0,-0.0,0.0
R_003938,6,0.0024,4.4955966089981857e-05,0,1565,2,1565,6,2,5,5,0.8333333333333334,0.4505612088663046,0.6500224216483541
R_003939,10,0.004,5.935730316671931e-05,0,3102,1,1571,7,3,7,4,0.5714285714285714,0.9556998911125344,0.8699155297736259
R_003940,20,0.008,0.00010651781028105931,0,3102,6,1531,7,1,2,7,1.0,-0.0,0.0
R_003941,10,0.004,6.266634135056412e-05,0,1559,4,1559,8,1,1,8,1.0,-0.0,0.0
R_003942,9,0.0036,5.7608420443926536e-05,0,1559,4,1559,7,1,1,7,1.0,-0.0,0.0
R_003943,9,0.0036,5.687328508206846e-05,0,1562,3,1562,7,1,6,7,1.0,-0.0,0.0
R_003944,7,0.0028,4.5034964004204204e-05,0,1505,7,1505,7,1,4,7,1.0,-0.0,0.0
R_003945,7,0.0028,4.692301302671118e-05,0,1562,3,1562,7,3,6,5,0.7142857142857143,0.796311640173813,0.7248340915057598
R_003946,32,0.0128,0.0001722608972051004,0,1562,3,1562,7,2,6,6,0.8571428571428571,0.410116318288409,0.5916727785823274
R_003947,15,0.006,9.180327967199828e-05,0,1550,5,1550,5,1,0,5,1.0,-0.0,0.0
R_003948,6,0.0024,4.0704643993432e-05,0,3102,6,1531,8,1,2,8,1.0,-0.0,0.0
R_003949,6,0.0024,4.282750950166341e-05,0,1628,0,1628,5,1,3,5,1.0,-0.0,0.0
R_003950,6,0.0024,4.047263611867832e-05,0,3102,1,1571,5,3,7,3,0.6,0.9502705392332348,0.8649735207179272
R_003951,3,0.0012,2.7371282034961492e-05,0,1559,4,1559,5,1,1,5,1.0,-0.0,0.0
R_003952,8,0.0032,5.1787547529570996e-05,0,1559,4,1559,7,1,1,7,1.0,-0.0,0.0
R_003953,10,0.004,5.9639393369700945e-05,0,1505,7,1505,6,1,4,6,1.0,-0.0,0.0
R_003954,12,0.0048,7.397950732088974e-05,0,1628,0,1628,8,1,3,8,1.0,-0.0,0.0
R_003955,2,0.0008,2.2397025926269096e-05,0,1559,4,1559,7,1,1,7,1.0,-0.0,0.0
R_003956,13,0.0052,8.019542228094685e-05,0,1550,5,1550,7,1,0,7,1.0,-0.0,0.0
R_003957,9,0.0036,5.509574398580903e-05,0,3102,1,1571,7,3,7,5,0.7142857142857143,0.796311640173813,0.7248340915057598
R_003958,10,0.004,6.441034315707967e-05,0,1550,5,1550,6,1,0,6,1.0,-0.0,0.0
R_003959,6,0.0024,4.265226519759354e-05,0,1628,0,1628,5,1,3,5,1.0,-0.0,0.0
R_003960,5,0.002,3.567701445440605e-05,0,3102,1,1571,7,3,7,5,0.7142857142857143,0.796311640173813,0.7248340915057598
R_003961,4,0.0016,3.28647618186127e-05,0,1550,5,1550,6,1,0,6,1.0,-0.0,0.0
R_003962,9,0.0036,5.7585591526809684e-05,0,1562,3,1562,8,2,6,7,0.875,0.3767701612564367,0.5435644431995964
R_003963,5,0.002,3.8858881609787485e-05,0,1550,5,1550,6,1,0,6,1.0,-0.0,0.0
R_003964,3,0.0012,2.6536040721797287e-05,0,3102,1,1571,5,4,7,2,0.4,1.3321790402101223,0.9609640474436812
R_003965,9,0.0036,6.103832795938615e-05,0,1565,2,1565,8,1,5,8,1.0,-0.0,0.0
R_003966,15,0.006,8.756846385057165e-05,0,1562,3,1562,8,3,6,6,0.75,0.7356219397587946,0.6695919455357792
R_003967,7,0.0028,4.868373946475312e-05,0,1628,0,1628,6,1,3,6,1.0,-0.0,0.0
R_003968,4,0.0016,3.217119165006766e-05,0,1559,4,1559,5,1,1,5,1.0,-0.0,0.0
R_003969,11,0.0044,6.445973480598886e-05,0,1505,7,1505,5,1,4,5,1.0,-0.0,0.0
R_003970,8,0.0032,5.481089566821071e-05,0,1550,5,1550,7,1,0,7,1.0,-0.0,0.0
R_003971,10,0.004,5.9598349598523607e-05,0,1505,7,1505,6,1,4,6,1.0,-0.0,0.0
R_003972,5,0.002,3.7299038496703705e-05,0,1562,3,1562,5,1,6,5,1.0,-0.0,0.0
R_003973,5,0.002,3.7954291412514206e-05,0,1628,0,1628,5,1,3,5,1.0,-0.0,0.0
R_003974,5,0.002,3.541172846853731e-05,0,3102,1,1571,6,3,7,3,0.5,1.0114042647073518,0.920619835714305
R_003975,3,0.0012,2.8073248439573866e-05,0,1550,5,1550,5,1,0,5,1.0,-0.0,0.0
R_003976,8,0.0032,5.280929583672969e-05,0,1628,0,1628,8,1,3,8,1.0,-0.0,0.0
R_003977,10,0.004,6.643216251572183e-05,0,1565,2,1565,8,2,5,7,0.875,0.3767701612564367,0.5435644431995964
R_003978,5,0.002,3.587667661656648e-05,0,3102,1,1571,5,3,7,3,0.6,0.9502705392332348,0.8649735207179272
R_003979,3,0.0012,2.786870045928113e-05,0,1550,5,1550,5,1,0,5,1.0,-0.0,0.0
R_003980,15,0.006,8.887728014077005e-05,0,1628,0,1628,6,1,3,6,1.0,-0.0,0.0
R_003981,11,0.0044,6.683994190866776e-05,0,1559,4,1559,8,1,1,8,1.0,-0.0,0.0
R_003982,8,0.0032,5.5512479469229646e-05,0,1565,2,1565,8,2,5,7,0.875,0.3767701612564367,0.5435644431995964
R_003983,3,0.0012,2.8286188470924522e-05,0,1565,2,1565,5,2,5,4,0.8,0.5004024235381879,0.7219280948873623
R_003984,7,0.0028,4.974930300667795e-05,0,1565,2,1565,6,2,5,5,0.8333333333333334,0.4505612088663046,0.6500224216483541
R_003985,4,0.0016,3.2725362458407054e-05,0,1628,0,1628,6,1,3,6,1.0,-0.0,0.0
R_003986,6,0.0024,4.493233729627436e-05,0,1565,2,1565,7,2,5,6,0.8571428571428571,0.410116318288409,0.5916727785823274
R_003987,6,0.0024,4.11074300215904e-05,0,1505,7,1505,8,1,4,8,1.0,-0.0,0.0
R_003988,11,0.0044,7.297053915072363e-05,0,1565,2,1565,6,2,5,5,0.8333333333333334,0.4505612088663046,0.6500224216483541
R_003989,4,0.0016,3.2314332952130895e-05,0,1559,4,1559,8,1,1,8,1.0,-0.0,0.0
R_003990,10,0.004,6.16359449734084e-05,0,1559,4,1559,6,1,1,6,1.0,-0.0,0.0
R_003991,7,0.0028,4.68602389645652e-05,0,1559,4,1559,7,1,1,7,1.0,-0.0,0.0
R_003992,12,0.0048,7.816047057374726e-05,0,1565,2,1565,6,2,5,5,0.8333333333333334,0.4505612088663046,0.6500224216483541
R_003993,3,0.0012,2.6497686685037937e-05,0,3102,6,1531,5,1,2,5,1.0,-0.0,0.0
R_003994,9,0.0036,5.90838115441984e-05,0,1550,5,1550,6,1,0,6,1.0,-0.0,0.0
R_003995,9,0.0036,5.489383498596965e-05,0,1505,7,1505,7,1,4,7,1.0,-0.0,0.0
R_003996,8,0.0032,5.162006037239946e-05,0,1559,4,1559,8,1,1,8,1.0,-0.0,0.0
R_003997,7,0.0028,4.8738198883711413e-05,0,1550,5,1550,7,1,0,7,1.0,-0.0,0.0
R_003998,7,0.0028,4.4939043147257425e-05,0,3102,1,1571,8,4,7,4,0.5,1.2130075659799042,0.875
R_003999,4,0.0016,3.401344009838122e-05,0,1565,2,1565,5,1,5,5,1.0,-0.0,0.0
R_004000,8,0.0032,5.20814909943869e-05,0,1559,4,1559,8,1,1,8,1.0,-0.0,0.0
R_004001,7,0.0028,4.877087883410496e-05,0,1550,5,1550,6,1,0,6,1.0,-0.0,0.0
R_004002,10,0.004,6.690445463727961e-05,0,1565,2,1565,6,2,5,5,0.8333333333333334,0.4505612088663046,0.6500224216483541
R_004003,6,0.0024,4.31619745388053e-05,0,1628,0,1628,5,1,3,5,1.0,-0.0,0.0
R_004004,16,0.0064,8.729817489035857e-05,0,1505,7,1505,7,1,4,7,1.0,-0.0,0.0
R_004005,3,0.0012,2.816393197144226e-05,0,1550,5,1550,5,1,0,5,1.0,-0.0,0.0
R_004006,4,0.0016,3.0950008881630024e-05,0,1505,7,1505,5,1,4,5,1.0,-0.0,0.0
R_004007,8,0.0032,5.539531661848148e-05,0,1565,2,1565,7,1,5,7,1.0,-0.0,0.0
R_004008,7,0.0028,5.057902893023524e-05,0,1565,2,1565,6,2,5,5,0.8333333333333334,0.4505612088663046,0.6500224216483541
R_004009,9,0.0036,5.498815018359468e-05,0,3102,1,1571,8,4,7,4,0.5,1.2130075659799042,0.875
R_004010,4,0.0016,3.330533189464841e-05,0,1628,0,1628,6,1,3,6,1.0,-0.0,0.0
R_004011,4,0.0016,3.4705931385525725e-05,0,1565,2,1565,5,1,5,5,1.0,-0.0,0.0
R_004012,8,0.0032,5.333290708566643e-05,0,1559,4,1559,8,1,1,8,1.0,-0.0,0.0
R_004013,9,0.0036,5.909403203492001e-05,0,1550,5,1550,7,1,0,7,1.0,-0.0,0.0
R_004014,11,0.0044,6.593524976377822e-05,0,3102,1,1571,8,3,7,6,0.75,0.7356219397587946,0.6695919455357792
R_004015,4,0.0016,3.103939546375269e-05,0,1505,7,1505,6,1,4,6,1.0,-0.0,0.0
R_004016,16,0.0064,8.803283143410727e-05,0,3102,6,1531,8,1,2,8,1.0,-0.0,0.0
R_004017,9,0.0036,5.957634971669702e-05,0,1550,5,1550,8,1,0,8,1.0,-0.0,0.0
R_004018,7,0.0028,4.698731790409397e-05,0,3102,6,1531,6,1,2,6,1.0,-0.0,0.0
R_004019,6,0.0024,4.5326211807021804e-05,0,1565,2,1565,6,2,5,5,0.8333333333333334,0.4505612088663046,0.6500224216483541
R_004020,4,0.0016,3.2326884807941326e-05,0,1562,3,1562,5,1,6,5,1.0,-0.0,0.0
R_004021,6,0.0024,4.042036716688965e-05,0,1505,7,1505,7,1,4,7,1.0,-0.0,0.0
R_004022,4,0.0016,3.184023380544669e-05,0,3102,1,1571,5,2,7,3,0.6,0.6730116670092565,0.9709505944546688
R_004023,13,0.0052,7.312553094712351e-05,0,3102,1,1571,7,4,7,4,0.5714285714285714,1.1537419427010902,0.8322488896002307
R_004024,4,0.0016,3.315426273729685e-05,0,1628,0,1628,5,1,3,5,1.0,-0.0,0.0
R_004025,7,0.0028,4.757678699187127e-05,0,1562,3,1562,5,2,6,4,0.8,0.5004024235381879,0.7219280948873623
R_004026,5,0.002,3.6654498402032486e-05,0,1562,3,1562,5,2,6,4,0.8,0.5004024235381879,0.7219280948873623
R_004027,1,0.0004,1.7029493864539124e-05,0,3102,6,1531,5,1,2,5,1.0,-0.0,0.0
R_004028,7,0.0028,4.568004276004101e-05,0,3102,1,1571,5,3,2,2,0.4,1.0549201679861442,0.9602297178607612
R_004029,3,0.0012,2.803375182564051e-05,0,1550,5,1550,5,1,0,5,1.0,-0.0,0.0
R_004030,8,0.0032,5.024117871725477e-05,0,1505,7,1505,7,1,4,7,1.0,-0.0,0.0
R_004031,4,0.0016,3.125373388416739e-05,0,3102,1,1571,5,3,7,3,0.6,0.9502705392332348,0.8649735207179272
R_004032,8,0.0032,4.98377224093139e-05,0,1505,7,1505,8,1,4,8,1.0,-0.0,0.0
R_004033,19,0.0076,0.00011193090127671885,0,1550,5,1550,8,1,0,8,1.0,-0.0,0.0
R_004034,4,0.0016,3.300756853193624e-05,0,1550,5,1550,5,1,0,5,1.0,-0.0,0.0
R_004035,10,0.004,6.232145403605356e-05,0,1559,4,1559,6,1,1,6,1.0,-0.0,0.0
R_004036,4,0.0016,3.129012911808729e-05,0,3102,6,1531,5,1,2,5,1.0,-0.0,0.0
R_004037,4,0.0016,3.426468395018963e-05,0,1565,2,1565,6,1,5,6,1.0,-0.0,0.0
R_004038,4,0.0016,3.258742288766465e-05,0,1562,3,1562,6,3,6,4,0.6666666666666666,0.8675632284814612,0.7896900821428474
R_004039,6,0.0024,4.131081803468813e-05,0,3102,6,1531,5,1,2,5,1.0,-0.0,0.0
R_004040,5,0.002,3.795177743761058e-05,0,1628,0,1628,7,1,3,7,1.0,-0.0,0.0
R_004041,2,0.0008,2.2222576665156655e-05,0,1562,3,1562,5,1,6,5,1.0,-0.0,0.0
R_004042,9,0.0036,5.81064805245598e-05,0,1559,4,1559,7,1,1,7,1.0,-0.0,0.0
R_004043,9,0.0036,5.641421837515745e-05,0,1562,3,1562,5,3,6,3,0.6,0.9502705392332348,0.8649735207179272
R_004044,8,0.0032,4.95073851435655e-05,0,1505,7,1505,6,1,4,6,1.0,-0.0,0.0
R_004045,8,0.0032,5.06356102115204e-05,0,3102,1,1571,8,3,7,6,0.75,0.7356219397587946,0.6695919455357792
R_004046,10,0.004,5.9692505630387566e-05,0,1505,7,1505,8,1,4,8,1.0,-0.0,0.0
R_004047,2,0.0008,2.208390930961213e-05,0,3102,1,1571,5,2,7,4,0.8,0.5004024235381879,0.7219280948873623
R_004048,7,0.0028,4.537182839302594e-05,0,3102,1,1571,7,2,7,5,0.7142857142857143,0.5982695885852573,0.8631205685666311
R_004049,13,0.0052,7.508371185167339e-05,0,3102,1,1571,6,3,7,3,0.5,1.0114042647073518,0.920619835714305
R_004050,3,0.0012,2.6883298142141414e-05,0,3102,6,1531,7,1,2,7,1.0,-0.0,0.0
R_004051,6,0.0024,4.228161202078095e-05,0,1559,4,1559,5,1,1,5,1.0,-0.0,0.0
R_004052,14,0.0056,7.843326133205403e-05,0,3102,1,1571,7,4,7,4,0.5714285714285714,1.1537419427010902,0.8322488896002307
R_004053,1,0.0004,1.7414798322584234e-05,0,1550,5,1550,5,1,0,5,1.0,-0.0,0.0
R_004054,5,0.002,3.7942119698616724e-05,0,1562,3,1562,5,1,6,5,1.0,-0.0,0.0
R_004055,6,0.0024,4.2237455845289754e-05,0,1559,4,1559,5,1,1,5,1.0,-0.0,0.0
R_004056,5,0.002,3.661982089042901e-05,0,1559,4,1559,8,1,1,8,1.0,-0.0,0.0
R_004057,10,0.004,6.177035322045432e-05,0,1559,4,1559,6,1,1,6,1.0,-0.0,0.0
R_004058,15,0.006,8.368607446304934e-05,0,3102,1,1571,8,4,7,4,0.5,1.2130075659799042,0.875
R_004059,9,0.0036,5.454636617637766e-05,0,1505,7,1505,7,1,4,7,1.0,-0.0,0.0
R_004060,22,0.0088,0.00012107587136493381,0,1559,4,1559,8,1,1,8,1.0,-0.0,0.0
R_004061,8,0.0032,5.2113229827881804e-05,0,1559,4,1559,6,1,1,6,1.0,-0.0,0.0
R_004062,9,0.0036,5.741574044273237e-05,0,1559,4,1559,7,1,1,7,1.0,-0.0,0.0
R_004063,6,0.0024,4.1414869286089394e-05,0,3102,6,1531,8,1,2,8,1.0,-0.0,0.0
R_004064,9,0.0036,5.518796242268341e-05,0,1505,7,1505,7,1,4,7,1.0,-0.0,0.0
R_004065,17,0.0068,0.00010079610890857437,0,1550,5,1550,8,1,0,8,1.0,-0.0,0.0
R_004066,12,0.0048,7.198590887569509e-05,0,1559,4,1559,8,1,1,8,1.0,-0.0,0.0
R_004067,12,0.0048,6.912752563008982e-05,0,3102,6,1531,8,1,2,8,1.0,-0.0,0.0
R_004068,3,0.0012,2.7008808211007786e-05,0,1559,4,1559,5,1,1,5,1.0,-0.0,0.0
R_004069,16,0.0064,8.81488202755564e-05,0,3102,1,1571,8,4,7,4,0.5,1.2130075659799042,0.875
R_004070,2,0.0008,2.2394258109176552e-05,0,1562,3,1562,5,2,6,4,0.8,0.5004024235381879,0.7219280948873623
R_004071,10,0.004,5.8760466008867874e-05,0,3102,1,1571,6,3,7,3,0.5,1.0114042647073518,0.920619835714305
R_004072,10,0.004,6.0197475692267965e-05,0,3102,6,1531,8,1,2,8,1.0,-0.0,0.0
R_004073,10,0.004,5.998357926821412e-05,0,3102,6,1531,7,1,2,7,1.0,-0.0,0.0
R_004074,7,0.0028,4.613912550253624e-05,0,3102,6,1531,5,1,2,5,1.0,-0.0,0.0
R_004075,8,0.0032,5.030883382455548e-05,0,3102,6,1531,6,1,2,6,1.0,-0.0,0.0
R_004076,11,0.0044,6.485616441473107e-05,0,3102,1,1571,7,3,7,5,0.7142857142857143,0.796311640173813,0.7248340915057598
R_004077,3,0.0012,2.7828094655337224e-05,0,1628,0,1628,5,1,3,5,1.0,-0.0,0.0
R_004078,18,0.0072,9.858325942146988e-05,0,3102,1,1571,8,4,7,5,0.625,1.073542846408523,0.7743974703476992
R_004079,10,0.004,5.980575559328578e-05,0,3102,6,1531,6,1,2,6,1.0,-0.0,0.0
R_004080,8,0.0032,5.002644325955784e-05,0,1505,7,1505,6,1,4,6,1.0,-0.0,0.0
R_004081,10,0.004,6.346060249390041e-05,0,1628,0,1628,7,1,3,7,1.0,-0.0,0.0
R_004082,30,0.012,0.00015470909203662628,0,1505,7,1505,8,1,4,8,1.0,-0.0,0.0
R_004083,9,0.0036,5.574564093408211e-05,0,3102,6,1531,7,1,2,7,1.0,-0.0,0.0
R_004084,8,0.0032,5.1881125025902134e-05,0,1559,4,1559,6,1,1,6,1.0,-0.0,0.0
R_004085,5,0.002,3.6077537910919244e-05,0,1505,7,1505,5,1,4,5,1.0,-0.0,0.0
R_004086,6,0.0024,4.1980430218520634e-05,0,1562,3,1562,5,1,6,5,1.0,-0.0,0.0
R_004087,7,0.0028,4.7511356231293446e-05,0,1562,3,1562,6,2,6,5,0.8333333333333334,0.4505612088663046,0.6500224216483541
R_004088,9,0.0036,6.125367722810346e-05,0,1565,2,1565,7,1,5,7,1.0,-0.0,0.0
R_004089,6,0.0024,4.468369449964354e-05,0,1565,2,1565,6,2,5,5,0.8333333333333334,0.4505612088663046,0.6500224216483541
R_004090,3,0.0012,2.8276561876512655e-05,0,1550,5,1550,5,1,0,5,1.0,-0.0,0.0
R_004091,7,0.0028,4.4907046326593856e-05,0,3102,1,1571,8,3,7,5,0.625,0.9002560512685369,0.8194483718728035
R_004092,11,0.0044,6.366729694876472e-05,0,1505,7,1505,7,1,4,7,1.0,-0.0,0.0
R_004093,2,0.0008,2.3395280740213095e-05,0,1565,2,1565,5,2,5,4,0.8,0.5004024235381879,0.7219280948873623
R_004094,4,0.0016,3.330600166915587e-05,0,1628,0,1628,6,1,3,6,1.0,-0.0,0.0
R_004095,7,0.0028,4.7106875206233826e-05,0,1562,3,1562,5,2,6,4,0.8,0.5004024235381879,0.7219280948873623
R_004096,8,0.0032,5.0230935025428684e-05,0,3102,1,1571,7,4,7,3,0.4285714285714285,1.277034259466139,0.9211854965885544
R_004097,6,0.0024,4.091425046150907e-05,0,3102,1,1571,5,2,7,3,0.6,0.6730116670092565,0.9709505944546688
R_004098,16,0.0064,9.97480128568765e-05,0,1565,2,1565,6,2,5,5,0.8333333333333334,0.4505612088663046,0.6500224216483541
R_004099,2,0.0008,2.2228386025530207e-05,0,1559,4,1559,5,1,1,5,1.0,-0.0,0.0
R_004100,5,0.002,3.5747148345790325e-05,0,3102,1,1571,7,4,7,3,0.4285714285714285,1.277034259466139,0.9211854965885544
R_004101,10,0.004,6.319469119175306e-05,0,1628,0,1628,7,1,3,7,1.0,-0.0,0.0
R_004102,16,0.0064,9.431092025650271e-05,0,1628,0,1628,7,1,3,7,1.0,-0.0,0.0
R_004103,4,0.0016,3.114738460148801e-05,0,3102,1,1571,5,4,7,2,0.4,1.3321790402101223,0.9609640474436812
R_004104,9,0.0036,5.466364506906895e-05,0,1505,7,1505,5,1,4,5,1.0,-0.0,0.0
R_004105,7,0.0028,4.7980304681164065e-05,0,1559,4,1559,8,1,1,8,1.0,-0.0,0.0
R_004106,8,0.0032,5.220235610711782e-05,0,1562,3,1562,8,3,6,6,0.75,0.7356219397587946,0.6695919455357792
R_004107,12,0.0048,6.967615246134868e-05,0,3102,6,1531,7,1,2,7,1.0,-0.0,0.0
R_004108,4,0.0016,3.236774272691287e-05,0,1559,4,1559,6,1,1,6,1.0,-0.0,0.0
R_004109,2,0.0008,2.1726951458778994e-05,0,1505,7,1505,5,1,4,5,1.0,-0.0,0.0
R_004110,2,0.0008,2.20361559032994e-05,0,1559,4,1559,7,1,1,7,1.0,-0.0,0.0
R_004111,10,0.004,6.428162458309212e-05,0,1628,0,1628,5,1,3,5,1.0,-0.0,0.0
R_004112,12,0.0048,6.881153610538081e-05,0,3102,1,1571,8,4,7,5,0.625,1.073542846408523,0.7743974703476992
R_004113,9,0.0036,5.734911418878191e-05,0,1562,3,1562,7,2,6,6,0.8571428571428571,0.410116318288409,0.5916727785823274
R_004114,6,0.0024,4.102106211198909e-05,0,1505,7,1505,5,1,4,5,1.0,-0.0,0.0
R_004115,5,0.002,4.020866954935382e-05,0,1565,2,1565,5,2,5,4,0.8,0.5004024235381879,0.7219280948873623
R_004116,6,0.0024,4.332727044335092e-05,0,1550,5,1550,6,1,0,6,1.0,-0.0,0.0
R_004117,4,0.0016,3.1168499594095853e-05,0,3102,6,1531,5,1,2,5,1.0,-0.0,0.0
R_004118,10,0.004,6.265135930606207e-05,0,1562,3,1562,6,3,6,4,0.6666666666666666,0.8675632284814612,0.7896900821428474
R_004119,6,0.0024,4.537887682352113e-05,0,1565,2,1565,6,1,5,6,1.0,-0.0,0.0
R_004120,5,0.002,3.729396921970639e-05,0,1562,3,1562,5,2,6,4,0.8,0.5004024235381879,0.7219280948873623
R_004121,7,0.0028,4.5186779358162456e-05,0,1505,7,1505,5,1,4,5,1.0,-0.0,0.0
R_004122,0,0.0,1.2023710757614017e-05,1,1,16,1,5,1,3,5,1.0,-0.0,0.0
R_004123,6,0.0024,4.24612665890141e-05,0,1628,0,1628,7,1,3,7,1.0,-0.0,0.0
R_004124,8,0.0032,4.991909620665488e-05,0,1505,7,1505,6,1,4,6,1.0,-0.0,0.0
R_004125,9,0.0036,5.546163909125412e-05,0,3102,1,1571,7,3,7,4,0.5714285714285714,0.9556998911125344,0.8699155297736259
R_004126,8,0.0032,5.539714806537272e-05,0,1565,2,1565,7,2,5,6,0.8571428571428571,0.410116318288409,0.5916727785823274
R_004127,21,0.0084,0.00012229970747448853,0,1550,5,1550,8,1,0,8,1.0,-0.0,0.0
R_004128,14,0.0056,7.983963076425134e-05,0,3102,1,1571,8,3,7,5,0.625,0.9002560512685369,0.8194483718728035
R_004129,10,0.004,6.082155199570521e-05,0,3102,6,1531,7,1,2,7,1.0,-0.0,0.0
R_004130,4,0.0016,3.258430180736847e-05,0,1559,4,1559,5,1,1,5,1.0,-0.0,0.0
R_004131,6,0.0024,4.0641932817014644e-05,0,1505,7,1505,6,1,4,6,1.0,-0.0,0.0
R_004132,15,0.006,8.679201296366816e-05,0,1562,3,1562,7,2,6,6,0.8571428571428571,0.410116318288409,0.5916727785823274
R_004133,3,0.0012,2.682577847423353e-05,0,3102,6,1531,5,1,2,5,1.0,-0.0,0.0
R_004134,7,0.0028,5.000613344639537e-05,0,1565,2,1565,7,1,5,7,1.0,-0.0,0.0
R_004135,15,0.006,9.154745256436972e-05,0,1550,5,1550,7,1,0,7,1.0,-0.0,0.0
R_004136,6,0.0024,4.32336080484826e-05,0,1550,5,1550,8,1,0,8,1.0,-0.0,0.0
R_004137,3,0.0012,2.7622899312878433e-05,0,1550,5,1550,5,1,0,5,1.0,-0.0,0.0
R_004138,5,0.002,3.836766887489084e-05,0,1628,0,1628,6,1,3,6,1.0,-0.0,0.0
R_004139,7,0.0028,4.5420949372823955e-05,0,3102,6,1531,7,1,2,7,1.0,-0.0,0.0
R_004140,11,0.0044,6.792198667888073e-05,0,1628,0,1628,7,1,3,7,1.0,-0.0,0.0
R_004141,6,0.0024,4.0273256224081935e-05,0,1505,7,1505,7,1,4,7,1.0,-0.0,0.0
R_004142,7,0.0028,4.543860132967343e-05,0,1505,7,1505,6,1,4,6,1.0,-0.0,0.0
R_004143,10,0.004,6.001074678232595e-05,0,1505,7,1505,7,1,4,7,1.0,-0.0,0.0
R_004144,5,0.002,3.6772651884738145e-05,0,3102,6,1531,7,1,2,7,1.0,-0.0,0.0
R_004145,9,0.0036,5.692228970045349e-05,0,1562,3,1562,8,2,6,7,0.875,0.3767701612564367,0.5435644431995964
R_004146,4,0.0016,3.208442126521009e-05,0,1559,4,1559,5,1,1,5,1.0,-0.0,0.0
R_004147,4,0.0016,3.1440708520153135e-05,0,1505,7,1505,5,1,4,5,1.0,-0.0,0.0
R_004148,19,0.0076,0.00011003165119807844,0,1628,0,1628,8,1,3,8,1.0,-0.0,0.0
R_004149,16,0.0064,9.246353551237775e-05,0,1559,4,1559,8,1,1,8,1.0,-0.0,0.0
R_004150,4,0.0016,3.4725628039054644e-05,0,1565,2,1565,6,1,5,6,1.0,-0.0,0.0
R_004151,4,0.0016,3.2606324653989035e-05,0,1628,0,1628,5,1,3,5,1.0,-0.0,0.0
R_004152,20,0.008,0.000112471364268659,0,1559,4,1559,7,1,1,7,1.0,-0.0,0.0
R_004153,16,0.0064,9.554636951090437e-05,0,1550,5,1550,8,1,0,8,1.0,-0.0,0.0
R_004154,7,0.0028,4.8713009359400705e-05,0,1628,0,1628,6,1,3,6,1.0,-0.0,0.0
R_004155,9,0.0036,5.845415283048881e-05,0,1628,0,1628,6,1,3,6,1.0,-0.0,0.0
R_004156,10,0.004,6.727655045974381e-05,0,1565,2,1565,7,2,5,6,0.8571428571428571,0.410116318288409,0.5916727785823274
R_004157,25,0.01,0.00013082038703509936,0,1505,7,1505,8,1,4,8,1.0,-0.0,0.0
R_004158,10,0.004,6.470878967918828e-05,0,1550,5,1550,7,1,0,7,1.0,-0.0,0.0
R_004159,12,0.0048,7.222221814547101e-05,0,1559,4,1559,8,1,1,8,1.0,-0.0,0.0
R_004160,4,0.0016,3.137870380549777e-05,0,3102,6,1531,5,1,2,5,1.0,-0.0,0.0
R_004161,30,0.012,0.0001656668608672809,0,1628,0,1628,8,1,3,8,1.0,-0.0,0.0
R_004162,14,0.0056,7.892842605587777e-05,0,3102,6,1531,5,1,2,5,1.0,-0.0,0.0
R_004163,10,0.004,6.04775554473859e-05,0,3102,6,1531,7,1,2,7,1.0,-0.0,0.0
R_004164,11,0.0044,6.415604122361244e-05,0,1505,7,1505,7,1,4,7,1.0,-0.0,0.0
R_004165,9,0.0036,5.494959664843749e-05,0,1505,7,1505,7,1,4,7,1.0,-0.0,0.0
R_004166,4,0.0016,3.27487062771645e-05,0,1562,3,1562,6,2,6,5,0.8333333333333334,0.4505612088663046,0.6500224216483541
R_004167,4,0.0016,3.3465346790950725e-05,0,1550,5,1550,6,1,0,6,1.0,-0.0,0.0
R_004168,31,0.0124,0.00016028202023997369,0,3102,6,1531,8,1,2,8,1.0,-0.0,0.0
R_004169,11,0.0044,6.833340520536806e-05,0,1628,0,1628,8,1,3,8,1.0,-0.0,0.0
R_004170,6,0.0024,4.280810074386242e-05,0,1628,0,1628,6,1,3,6,1.0,-0.0,0.0
R_004171,5,0.002,3.8766255952316295e-05,0,1565,2,1565,5,2,5,4,0.8,0.5004024235381879,0.7219280948873623
R_004172,7,0.0028,4.8505805411324525e-05,0,1628,0,1628,5,1,3,5,1.0,-0.0,0.0
R_004173,2,0.0008,2.341659930899816e-05,0,1565,2,1565,6,2,5,5,0.8333333333333334,0.4505612088663046,0.6500224216483541
R_004174,12,0.0048,7.75695829312205e-05,0,1565,2,1565,7,2,5,6,0.8571428571428571,0.410116318288409,0.5916727785823274
R_004175,20,0.008,0.00011299133156496513,0,1559,4,1559,8,1,1,8,1.0,-0.0,0.0
R_004176,7,0.0028,4.8148510948989946e-05,0,1628,0,1628,6,1,3,6,1.0,-0.0,0.0
R_004177,8,0.0032,5.3460685211871e-05,0,1628,0,1628,8,1,3,8,1.0,-0.0,0.0
R_004178,16,0.0064,9.345327321116242e-05,0,1628,0,1628,8,1,3,8,1.0,-0.0,0.0
R_004179,6,0.0024,4.293739663337263e-05,0,1562,3,1562,8,2,6,7,0.875,0.3767701612564367,0.5435644431995964
R_004180,24,0.0096,0.00013174542976195617,0,1562,3,1562,8,3,6,6,0.75,0.7356219397587946,0.6695919455357792
R_004181,7,0.0028,4.8676510519591865e-05,0,1550,5,1550,8,1,0,8,1.0,-0.0,0.0
R_004182,3,0.0012,2.6872642164581885e-05,0,3102,6,1531,5,1,2,5,1.0,-0.0,0.0
R_004183,3,0.0012,2.6127785265232738e-05,0,1505,7,1505,5,1,4,5,1.0,-0.0,0.0
R_004184,5,0.002,3.592826036164861e-05,0,1505,7,1505,5,1,4,5,1.0,-0.0,0.0
R_004185,6,0.0024,4.1072440064418854e-05,0,3102,1,1571,6,3,7,4,0.6666666666666666,0.8675632284814612,0.7896900821428474
R_004186,10,0.004,6.052521469185663e-05,0,3102,6,1531,7,1,2,7,1.0,-0.0,0.0
R_004187,10,0.004,6.360267505103999e-05,0,1628,0,1628,6,1,3,6,1.0,-0.0,0.0
R_004188,10,0.004,6.014397459032198e-05,0,3102,6,1531,7,1,2,7,1.0,-0.0,0.0
R_004189,19,0.0076,0.00011489019529586775,0,1565,2,1565,8,2,5,7,0.875,0.3767701612564367,0.5435644431995964
R_004190,7,0.0028,5.0296246987471085e-05,0,1565,2,1565,7,2,5,6,0.8571428571428571,0.410116318288409,0.5916727785823274
R_004191,7,0.0028,4.750262280415391e-05,0,1628,0,1628,5,1,3,5,1.0,-0.0,0.0
R_004192,20,0.008,0.00011621328067103063,0,1550,5,1550,8,1,0,8,1.0,-0.0,0.0
R_004193,13,0.0052,7.703307761564901e-05,0,1562,3,1562,8,3,6,6,0.75,0.7356219397587946,0.6695919455357792
R_004194,11,0.0044,6.99226073375477e-05,0,1550,5,1550,7,1,0,7,1.0,-0.0,0.0
R_004195,11,0.0044,6.823228372546746e-05,0,1628,0,1628,6,1,3,6,1.0,-0.0,0.0
R_004196,5,0.002,3.63542958482177e-05,0,1505,7,1505,8,1,4,8,1.0,-0.0,0.0
R_004197,3,0.0012,2.6747461200975566e-05,0,1505,7,1505,5,1,4,5,1.0,-0.0,0.0
R_004198,3,0.0012,2.8322215124100348e-05,0,1550,5,1550,7,1,0,7,1.0,-0.0,0.0
R_004199,12,0.0048,7.225893154422183e-05,0,1562,3,1562,8,2,6,7,0.875,0.3767701612564367,0.5435644431995964
R_004200,10,0.004,5.976512154889028e-05,0,3102,6,1531,5,1,2,5,1.0,-0.0,0.0
R_004201,8,0.0032,5.3288037021104134e-05,0,1628,0,1628,7,1,3,7,1.0,-0.0,0.0
R_004202,11,0.0044,7.098635498123741e-05,0,1550,5,1550,6,1,0,6,1.0,-0.0,0.0
R_004203,9,0.0036,5.5199107222326244e-05,0,3102,1,1571,6,3,7,3,0.5,1.0114042647073518,0.920619835714305
R_004204,3,0.0012,2.668316480345514e-05,0,1505,7,1505,5,1,4,5,1.0,-0.0,0.0
R_004205,6,0.0024,4.116673798478836e-05,0,3102,1,1571,6,2,7,5,0.8333333333333334,0.4505612088663046,0.6500224216483541
R_004206,19,0.0076,0.00010701925745418285,0,1559,4,1559,8,1,1,8,1.0,-0.0,0.0
R_004207,6,0.0024,4.499098918269717e-05,0,1565,2,1565,6,2,5,5,0.8333333333333334,0.4505612088663046,0.6500224216483541
R_004208,2,0.0008,2.298779138235805e-05,0,1550,5,1550,5,1,0,5,1.0,-0.0,0.0
R_004209,10,0.004,5.9867129637969645e-05,0,1505,7,1505,7,1,4,7,1.0,-0.0,0.0
R_004210,8,0.0032,5.283682039337278e-05,0,1628,0,1628,7,1,3,7,1.0,-0.0,0.0
R_004211,6,0.0024,4.399113608704166e-05,0,1550,5,1550,8,1,0,8,1.0,-0.0,0.0
R_004212,3,0.0012,2.737631591768521e-05,0,1559,4,1559,5,1,1,5,1.0,-0.0,0.0
R_004213,9,0.0036,5.826235159511848e-05,0,1628,0,1628,8,1,3,8,1.0,-0.0,0.0
R_004214,8,0.0032,4.944491635769515e-05,0,1505,7,1505,6,1,4,6,1.0,-0.0,0.0
R_004215,11,0.0044,6.405040699483322e-05,0,3102,1,1571,5,2,7,4,0.8,0.5004024235381879,0.7219280948873623
R_004216,14,0.0056,8.154361953051196e-05,0,1559,4,1559,8,1,1,8,1.0,-0.0,0.0
R_004217,3,0.0012,2.6530054938215135e-05,0,3102,6,1531,6,1,2,6,1.0,-0.0,0.0
R_004218,15,0.006,8.686255201029061e-05,0,1562,3,1562,8,3,6,6,0.75,0.7356219397587946,0.6695919455357792
R_004219,6,0.0024,4.079511396091694e-05,0,3102,6,1531,6,1,2,6,1.0,-0.0,0.0
R_004220,10,0.004,6.222076602119867e-05,0,1559,4,1559,8,1,1,8,1.0,-0.0,0.0
R_004221,7,0.0028,4.971611357689731e-05,0,1550,5,1550,7,1,0,7,1.0,-0.0,0.0
R_004222,6,0.0024,4.095998927498323e-05,0,3102,6,1531,5,1,2,5,1.0,-0.0,0.0
R_004223,15,0.006,8.778261527301538e-05,0,1562,3,1562,8,2,6,7,0.875,0.3767701612564367,0.5435644431995964
R_004224,5,0.002,3.785348782340146e-05,0,1628,0,1628,5,1,3,5,1.0,-0.0,0.0
R_004225,15,0.006,8.918432075963145e-05,0,1628,0,1628,8,1,3,8,1.0,-0.0,0.0
R_004226,6,0.0024,4.352860331213866e-05,0,1628,0,1628,6,1,3,6,1.0,-0.0,0.0
R_004227,10,0.004,5.977673822554838e-05,0,3102,1,1571,7,3,7,4,0.5714285714285714,0.9556998911125344,0.8699155297736259
R_004228,24,0.0096,0.00014331663241891088,0,1565,2,1565,8,2,5,7,0.875,0.3767701612564367,0.5435644431995964
R_004229,4,0.0016,3.156038553784481e-05,0,3102,1,1571,5,4,7,2,0.4,1.3321790402101223,0.9609640474436812
R_004230,8,0.0032,5.326005227453472e-05,0,1628,0,1628,8,1,3,8,1.0,-0.0,0.0
R_004231,15,0.006,8.76371185204175e-05,0,1562,3,1562,8,3,6,6,0.75,0.7356219397587946,0.6695919455357792
R_004232,7,0.0028,4.9062102944238887e-05,0,1550,5,1550,5,1,0,5,1.0,-0.0,0.0
R_004233,12,0.0048,7.201330712292344e-05,0,1562,3,1562,7,3,6,5,0.7142857142857143,0.796311640173813,0.7248340915057598
R_004234,3,0.0012,2.676990608231458e-05,0,3102,6,1531,5,1,2,5,1.0,-0.0,0.0
R_004235,7,0.0028,4.537012236749308e-05,0,1505,7,1505,5,1,4,5,1.0,-0.0,0.0
R_004236,14,0.0056,7.80149664033469e-05,0,1505,7,1505,8,1,4,8,1.0,-0.0,0.0
R_004237,7,0.0028,4.7973859267669404e-05,0,1550,5,1550,7,1,0,7,1.0,-0.0,0.0
R_004238,8,0.0032,5.3740529071947186e-05,0,1550,5,1550,7,1,0,7,1.0,-0.0,0.0
R_004239,6,0.0024,4.3205176210114964e-05,0,1628,0,1628,6,1,3,6,1.0,-0.0,0.0
R_004240,7,0.0028,4.5445119603448045e-05,0,3102,6,1531,5,1,2,5,1.0,-0.0,0.0
R_004241,9,0.0036,5.6861516713833304e-05,0,1562,3,1562,8,2,6,7,0.875,0.3767701612564367,0.5435644431995964
R_004242,5,0.002,3.9623605283016305e-05,0,1565,2,1565,8,2,5,7,0.875,0.3767701612564367,0.5435644431995964
R_004243,2,0.0008,2.1819086724903987e-05,0,1505,7,1505,5,1,4,5,1.0,-0.0,0.0
R_004244,8,0.0032,5.0852522661383425e-05,0,3102,1,1571,8,3,7,5,0.625,0.9002560512685369,0.8194483718728035
R_004245,6,0.0024,4.263421353374974e-05,0,1562,3,1562,7,3,6,5,0.7142857142857143,0.796311640173813,0.7248340915057598
R_004246,16,0.0064,9.607535626791073e-05,0,1550,5,1550,8,1,0,8,1.0,-0.0,0.0
R_004247,11,0.0044,7.20935472292701e-05,0,1565,2,1565,8,2,5,7,0.875,0.3767701612564367,0.5435644431995964
R_004248,9,0.0036,5.5127486817446587e-05,0,3102,1,1571,6,4,7,3,0.5,1.242453324894,0.8962406251802889
R_004249,4,0.0016,3.229957703317503e-05,0,1562,3,1562,5,1,6,5,1.0,-0.0,0.0
R_004250,7,0.0028,4.647256433675152e-05,0,1562,3,1562,7,2,6,6,0.8571428571428571,0.410116318288409,0.5916727785823274
R_004251,5,0.002,3.97187613230527e-05,0,1565,2,1565,5,2,5,4,0.8,0.5004024235381879,0.7219280948873623
R_004252,10,0.004,6.589435413915339e-05,0,1565,2,1565,8,2,5,7,0.875,0.3767701612564367,0.5435644431995964
R_004253,5,0.002,4.0407798711085e-05,0,1565,2,1565,5,2,5,4,0.8,0.5004024235381879,0.7219280948873623
R_004254,11,0.0044,6.743197601372358e-05,0,1559,4,1559,7,1,1,7,1.0,-0.0,0.0
R_004255,22,0.0088,0.00011752456093346794,0,3102,6,1531,7,1,2,7,1.0,-0.0,0.0
R_004256,8,0.0032,5.380051058720106e-05,0,1628,0,1628,7,1,3,7,1.0,-0.0,0.0
R_004257,7,0.0028,4.738350496342609e-05,0,1559,4,1559,7,1,1,7,1.0,-0.0,0.0
R_004258,3,0.0012,2.6709202237335187e-05,0,1505,7,1505,5,1,4,5,1.0,-0.0,0.0
R_004259,9,0.0036,5.475900407038873e-05,0,1505,7,1505,7,1,4,7,1.0,-0.0,0.0
R_004260,8,0.0032,5.0155979092936334e-05,0,3102,6,1531,6,1,2,6,1.0,-0.0,0.0
R_004261,9,0.0036,5.452575644341195e-05,0,3102,1,1571,7,4,7,4,0.5714285714285714,1.1537419427010902,0.8322488896002307
R_004262,11,0.0044,6.829202279285384e-05,0,1628,0,1628,7,1,3,7,1.0,-0.0,0.0
R_004263,5,0.002,3.753585522213808e-05,0,1559,4,1559,6,1,1,6,1.0,-0.0,0.0
R_004264,11,0.0044,6.798049834272006e-05,0,1628,0,1628,8,1,3,8,1.0,-0.0,0.0
R_004265,7,0.0028,4.9191367543217775e-05,0,1550,5,1550,5,1,0,5,1.0,-0.0,0.0
R_004266,9,0.0036,5.436980566979036e-05,0,1505,7,1505,6,1,4,6,1.0,-0.0,0.0
R_004267,1,0.0004,1.779990269849598e-05,0,1565,2,1565,5,1,5,5,1.0,-0.0,0.0
R_004268,11,0.0044,6.412213377531417e-05,0,3102,1,1571,8,3,7,5,0.625,0.9002560512685369,0.8194483718728035
R_004269,7,0.0028,5.014240573266676e-05,0,1565,2,1565,6,2,5,5,0.8333333333333334,0.4505612088663046,0.6500224216483541
R_004270,7,0.0028,4.5036880013461584e-05,0,1505,7,1505,7,1,4,7,1.0,-0.0,0.0
R_004271,6,0.0024,4.277639064679975e-05,0,1562,3,1562,7,3,6,5,0.7142857142857143,0.796311640173813,0.7248340915057598
R_004272,6,0.0024,4.25129054069305e-05,0,1562,3,1562,6,2,6,5,0.8333333333333334,0.4505612088663046,0.6500224216483541
R_004273,10,0.004,6.266267825396722e-05,0,1559,4,1559,5,1,1,5,1.0,-0.0,0.0
R_004274,7,0.0028,4.799138167042822e-05,0,1628,0,1628,6,1,3,6,1.0,-0.0,0.0
R_004275,10,0.004,6.402507870858441e-05,0,1550,5,1550,8,1,0,8,1.0,-0.0,0.0
R_004276,5,0.002,3.6311053939413285e-05,0,3102,6,1531,6,1,2,6,1.0,-0.0,0.0
R_004277,5,0.002,3.7913033915007576e-05,0,1550,5,1550,8,1,0,8,1.0,-0.0,0.0
R_004278,19,0.0076,0.00010723559932725702,0,1562,3,1562,7,3,6,5,0.7142857142857143,0.796311640173813,0.7248340915057598
R_004279,13,0.0052,8.291293423903308e-05,0,1565,2,1565,8,2,5,7,0.875,0.3767701612564367,0.5435644431995964
R_004280,8,0.0032,5.0471157072348494e-05,0,3102,6,1531,7,1,2,7,1.0,-0.0,0.0
R_004281,6,0.0024,4.051838258144867e-05,0,1505,7,1505,7,1,4,7,1.0,-0.0,0.0
R_004282,6,0.0024,4.054766805754063e-05,0,3102,1,1571,5,3,2,2,0.4,1.0549201679861442,0.9602297178607612
R_004283,18,0.0072,0.00010268851648975575,0,1562,3,1562,8,3,6,6,0.75,0.7356219397587946,0.6695919455357792
R_004284,23,0.0092,0.00013006422763174691,0,1628,0,1628,8,1,3,8,1.0,-0.0,0.0
R_004285,8,0.0032,5.5055862287644906e-05,0,1565,2,1565,6,1,5,6,1.0,-0.0,0.0
R_004286,5,0.002,3.839029205613477e-05,0,1628,0,1628,5,1,3,5,1.0,-0.0,0.0
R_004287,8,0.0032,4.9843824091775645e-05,0,3102,6,1531,7,1,2,7,1.0,-0.0,0.0
R_004288,3,0.0012,2.8317306369522152e-05,0,1550,5,1550,5,1,0,5,1.0,-0.0,0.0
R_004289,5,0.002,3.55666527758841e-05,0,3102,6,1531,5,1,2,5,1.0,-0.0,0.0
R_004290,4,0.0016,3.27363295285922e-05,0,1628,0,1628,6,1,3,6,1.0,-0.0,0.0
R_004291,7,0.0028,4.988615311136015e-05,0,1565,2,1565,6,1,5,6,1.0,-0.0,0.0
R_004292,11,0.0044,6.476332089201244e-05,0,1505,7,1505,7,1,4,7,1.0,-0.0,0.0
R_004293,7,0.0028,4.939230631327608e-05,0,1550,5,1550,8,1,0,8,1.0,-0.0,0.0
R_004294,10,0.004,6.243093797914039e-05,0,1559,4,1559,6,1,1,6,1.0,-0.0,0.0
R_004295,22,0.0088,0.00012589449135690656,0,1550,5,1550,8,1,0,8,1.0,-0.0,0.0
R_004296,3,0.0012,2.857649784581422e-05,0,1565,2,1565,7,1,5,7,1.0,-0.0,0.0
R_004297,7,0.0028,4.875576690003079e-05,0,1550,5,1550,7,1,0,7,1.0,-0.0,0.0
R_004298,8,0.0032,4.971138232454811e-05,0,3102,6,1531,6,1,2,6,1.0,-0.0,0.0
R_004299,3,0.0012,2.8237752360810358e-05,0,1565,2,1565,5,1,5,5,1.0,-0.0,0.0
R_004300,13,0.0052,7.354632347732447e-05,0,3102,1,1571,8,4,7,4,0.5,1.2130075659799042,0.875
R_004301,8,0.0032,5.509120342371249e-05,0,1565,2,1565,7,1,5,7,1.0,-0.0,0.0
R_004302,13,0.0052,8.316459055006919e-05,0,1565,2,1565,6,2,5,5,0.8333333333333334,0.4505612088663046,0.6500224216483541
R_004303,5,0.002,3.669044967921915e-05,0,1559,4,1559,7,1,1,7,1.0,-0.0,0.0
R_004304,5,0.002,3.9758273635085776e-05,0,1565,2,1565,5,1,5,5,1.0,-0.0,0.0
R_004305,11,0.0044,6.842774791492887e-05,0,1628,0,1628,7,1,3,7,1.0,-0.0,0.0
R_004306,5,0.002,3.810024733435584e-05,0,1550,5,1550,6,1,0,6,1.0,-0.0,0.0
R_004307,11,0.0044,6.46367304768445e-05,0,3102,6,1531,8,1,2,8,1.0,-0.0,0.0
R_004308,5,0.002,3.778879790692465e-05,0,1562,3,1562,7,3,6,5,0.7142857142857143,0.796311640173813,0.7248340915057598
R_004309,7,0.0028,4.901073739956802e-05,0,1550,5,1550,8,1,0,8,1.0,-0.0,0.0
R_004310,7,0.0028,5.065386280943403e-05,0,1565,2,1565,6,2,5,5,0.8333333333333334,0.4505612088663046,0.6500224216483541
R_004311,7,0.0028,4.699248749778142e-05,0,1559,4,1559,7,1,1,7,1.0,-0.0,0.0
R_004312,0,0.0,1.2023710757614017e-05,1,1,17,1,5,1,7,5,1.0,-0.0,0.0
R_004313,8,0.0032,5.0483988615478345e-05,0,3102,1,1571,7,3,7,4,0.5714285714285714,0.9556998911125344,0.8699155297736259
R_004314,3,0.0012,2.7568165037663492e-05,0,1628,0,1628,7,1,3,7,1.0,-0.0,0.0
R_004315,6,0.0024,4.2507564974541365e-05,0,1562,3,1562,5,2,6,4,0.8,0.5004024235381879,0.7219280948873623
R_004316,5,0.002,3.963328110181167e-05,0,1565,2,1565,8,2,5,7,0.875,0.3767701612564367,0.5435644431995964
R_004317,13,0.0052,7.648310304888139e-05,0,1562,3,1562,8,3,6,6,0.75,0.7356219397587946,0.6695919455357792
R_004318,12,0.0048,7.230287134590994e-05,0,1559,4,1559,8,1,1,8,1.0,-0.0,0.0
R_004319,33,0.0132,0.0001691436761323761,0,3102,6,1531,8,1,2,8,1.0,-0.0,0.0
R_004320,13,0.0052,7.711653307047724e-05,0,1562,3,1562,6,2,6,5,0.8333333333333334,0.4505612088663046,0.6500224216483541
R_004321,9,0.0036,5.5365310176493684e-05,0,1505,7,1505,5,1,4,5,1.0,-0.0,0.0
R_004322,8,0.0032,5.326364555076205e-05,0,1550,5,1550,7,1,0,7,1.0,-0.0,0.0
R_004323,6,0.0024,4.082126326555451e-05,0,3102,6,1531,5,1,2,5,1.0,-0.0,0.0
R_004324,9,0.0036,5.507662414288125e-05,0,1505,7,1505,7,1,4,7,1.0,-0.0,0.0
R_004325,3,0.0012,2.7862616937628322e-05,0,1550,5,1550,5,1,0,5,1.0,-0.0,0.0
R_004326,8,0.0032,5.175457067537723e-05,0,1562,3,1562,7,2,6,6,0.8571428571428571,0.410116318288409,0.5916727785823274
R_004327,10,0.004,5.995918627280114e-05,0,3102,1,1571,7,3,7,5,0.7142857142857143,0.796311640173813,0.7248340915057598
R_004328,8,0.0032,5.0093767855718695e-05,0,3102,6,1531,6,1,2,6,1.0,-0.0,0.0
R_004329,5,0.002,3.7301368938706457e-05,0,1559,4,1559,5,1,1,5,1.0,-0.0,0.0
R_004330,8,0.0032,5.4628656436286316e-05,0,1550,5,1550,5,1,0,5,1.0,-0.0,0.0
R_004331,17,0.0068,9.615612457169715e-05,0,1562,3,1562,8,3,6,6,0.75,0.7356219397587946,0.6695919455357792
R_004332,4,0.0016,3.274151646637657e-05,0,1628,0,1628,7,1,3,7,1.0,-0.0,0.0
R_004333,2,0.0008,2.3263345640441636e-05,0,1565,2,1565,6,2,5,5,0.8333333333333334,0.4505612088663046,0.6500224216483541
R_004334,7,0.0028,4.5040708176059877e-05,0,1505,7,1505,7,1,4,7,1.0,-0.0,0.0
R_004335,7,0.0028,4.7345970842174524e-05,0,1559,4,1559,5,1,1,5,1.0,-0.0,0.0
R_004336,9,0.0036,5.560622446775898e-05,0,3102,1,1571,6,4,2,2,0.3333333333333333,1.3296613488547582,0.9591479170272448
R_004337,6,0.0024,4.494442887998569e-05,0,1565,2,1565,6,1,5,6,1.0,-0.0,0.0
R_004338,2,0.0008,2.222149320882711e-05,0,1562,3,1562,5,2,6,4,0.8,0.5004024235381879,0.7219280948873623
R_004339,30,0.012,0.0001616367886846397,0,1559,4,1559,8,1,1,8,1.0,-0.0,0.0
R_004340,23,0.0092,0.00012067430612505825,0,1505,7,1505,8,1,4,8,1.0,-0.0,0.0
R_004341,11,0.0044,7.150537309988158e-05,0,1565,2,1565,7,2,5,6,0.8571428571428571,0.410116318288409,0.5916727785823274
R_004342,7,0.0028,5.033514891665812e-05,0,1565,2,1565,5,1,5,5,1.0,-0.0,0.0
R_004343,13,0.0052,7.696901769007193e-05,0,1562,3,1562,8,2,6,7,0.875,0.3767701612564367,0.5435644431995964
R_004344,16,0.0064,8.78435011264763e-05,0,3102,1,1571,8,4,7,4,0.5,1.2130075659799042,0.875
R_004345,0,0.0,1.2023710757614017e-05,1,1,18,1,5,1,1,5,1.0,-0.0,0.0
R_004346,3,0.0012,2.7038356875283076e-05,0,1559,4,1559,5,1,1,5,1.0,-0.0,0.0
R_004347,2,0.0008,2.178900064226918e-05,0,1505,7,1505,5,1,4,5,1.0,-0.0,0.0
R_004348,9,0.0036,5.946498634400487e-05,0,1550,5,1550,8,1,0,8,1.0,-0.0,0.0
R_004349,3,0.0012,2.898741979954958e-05,0,1565,2,1565,5,2,5,4,0.8,0.5004024235381879,0.7219280948873623
R_004350,5,0.002,3.844485660904709e-05,0,1550,5,1550,5,1,0,5,1.0,-0.0,0.0
R_004351,11,0.0044,6.633406458949707e-05,0,1559,4,1559,8,1,1,8,1.0,-0.0,0.0
R_004352,4,0.0016,3.4394910681792465e-05,0,1565,2,1565,5,2,5,4,0.8,0.5004024235381879,0.7219280948873623
R_004353,9,0.0036,5.737341503763005e-05,0,1559,4,1559,6,1,1,6,1.0,-0.0,0.0
R_004354,4,0.0016,3.361990985955954e-05,0,1550,5,1550,7,1,0,7,1.0,-0.0,0.0
R_004355,5,0.002,3.972882201600205e-05,0,1565,2,1565,8,2,5,7,0.875,0.3767701612564367,0.5435644431995964
R_004356,11,0.0044,6.803437338545448e-05,0,1628,0,1628,8,1,3,8,1.0,-0.0,0.0
R_004357,6,0.0024,4.293024793251591e-05,0,1562,3,1562,6,2,6,5,0.8333333333333334,0.4505612088663046,0.6500224216483541
R_004358,5,0.002,3.574479623533115e-05,0,3102,6,1531,6,1,2,6,1.0,-0.0,0.0
R_004359,4,0.0016,3.203612841592044e-05,0,1559,4,1559,5,1,1,5,1.0,-0.0,0.0
R_004360,5,0.002,3.950519991451212e-05,0,1565,2,1565,6,2,5,5,0.8333333333333334,0.4505612088663046,0.6500224216483541
R_004361,9,0.0036,5.5102119219738325e-05,0,3102,1,1571,8,3,7,5,0.625,0.9002560512685369,0.8194483718728035
R_004362,3,0.0012,2.729576383693978e-05,0,1628,0,1628,6,1,3,6,1.0,-0.0,0.0
R_004363,20,0.008,0.00011753582350182003,0,1550,5,1550,8,1,0,8,1.0,-0.0,0.0
R_004364,5,0.002,3.607029443710096e-05,0,3102,1,1571,6,2,7,4,0.6666666666666666,0.6365141682948128,0.9182958340544894
R_004365,6,0.0024,4.1141495131273903e-05,0,1505,7,1505,5,1,4,5,1.0,-0.0,0.0
R_004366,4,0.0016,3.275031383022907e-05,0,1559,4,1559,7,1,1,7,1.0,-0.0,0.0
R_004367,5,0.002,3.8253062186809346e-05,0,1550,5,1550,5,1,0,5,1.0,-0.0,0.0
R_004368,7,0.0028,4.614280678692447e-05,0,3102,6,1531,7,1,2,7,1.0,-0.0,0.0
R_004369,7,0.0028,4.844238305910229e-05,0,1550,5,1550,8,1,0,8,1.0,-0.0,0.0
R_004370,11,0.0044,6.855094148728848e-05,0,1550,5,1550,7,1,0,7,1.0,-0.0,0.0
R_004371,7,0.0028,4.816818042214382e-05,0,1628,0,1628,5,1,3,5,1.0,-0.0,0.0
R_004372,7,0.0028,5.0902608986724e-05,0,1565,2,1565,6,1,5,6,1.0,-0.0,0.0
R_004373,12,0.0048,6.954577113360066e-05,0,3102,6,1531,6,1,2,6,1.0,-0.0,0.0
R_004374,11,0.0044,6.67520260697812e-05,0,1559,4,1559,6,1,1,6,1.0,-0.0,0.0
R_004375,4,0.0016,3.29152308300487e-05,0,1628,0,1628,5,1,3,5,1.0,-0.0,0.0
R_004376,4,0.0016,3.192773483359353e-05,0,1562,3,1562,7,3,6,5,0.7142857142857143,0.796311640173813,0.7248340915057598
R_004377,9,0.0036,6.118622887954582e-05,0,1565,2,1565,7,2,5,6,0.8571428571428571,0.410116318288409,0.5916727785823274
R_004378,5,0.002,3.627002730545701e-05,0,3102,6,1531,6,1,2,6,1.0,-0.0,0.0
R_004379,10,0.004,5.945354178099084e-05,0,3102,6,1531,8,1,2,8,1.0,-0.0,0.0
R_004380,5,0.002,3.6171164866145675e-05,0,3102,1,1571,6,2,7,4,0.6666666666666666,0.6365141682948128,0.9182958340544894
R_004381,10,0.004,6.6447512841355e-05,0,1565,2,1565,5,1,5,5,1.0,-0.0,0.0
R_004382,3,0.0012,2.6538774206759814e-05,0,3102,1,1571,5,2,7,4,0.8,0.5004024235381879,0.7219280948873623
R_004383,8,0.0032,4.9302083611773236e-05,0,3102,1,1571,6,3,7,4,0.6666666666666666,0.8675632284814612,0.7896900821428474
R_004384,4,0.0016,3.297500943303269e-05,0,1562,3,1562,5,2,6,4,0.8,0.5004024235381879,0.7219280948873623
R_004385,18,0.0072,9.756241301520952e-05,0,3102,1,1571,8,4,7,5,0.625,1.073542846408523,0.7743974703476992
R_004386,12,0.0048,6.999374856988111e-05,0,3102,1,1571,8,3,7,5,0.625,0.9002560512685369,0.8194483718728035
R_004387,11,0.0044,7.155581593245976e-05,0,1565,2,1565,8,2,5,7,0.875,0.3767701612564367,0.5435644431995964
R_004388,11,0.0044,6.686936925303054e-05,0,1559,4,1559,8,1,1,8,1.0,-0.0,0.0
R_004389,10,0.004,6.320607257463435e-05,0,1628,0,1628,7,1,3,7,1.0,-0.0,0.0
R_004390,7,0.0028,4.6881704706069886e-05,0,1562,3,1562,6,1,6,6,1.0,-0.0,0.0
R_004391,3,0.0012,2.6577348349200132e-05,0,3102,1,1571,5,2,7,4,0.8,0.5004024235381879,0.7219280948873623
R_004392,11,0.0044,7.039182600620518e-05,0,1550,5,1550,8,1,0,8,1.0,-0.0,0.0
R_004393,13,0.0052,7.859057996618435e-05,0,1628,0,1628,8,1,3,8,1.0,-0.0,0.0
R_004394,11,0.0044,6.878508794779526e-05,0,1628,0,1628,8,1,3,8,1.0,-0.0,0.0
R_004395,5,0.002,3.8866081965620127e-05,0,1550,5,1550,6,1,0,6,1.0,-0.0,0.0
R_004396,7,0.0028,4.651558144990842e-05,0,1562,3,1562,8,2,6,7,0.875,0.3767701612564367,0.5435644431995964
R_004397,8,0.0032,5.069275613536417e-05,0,3102,1,1571,8,4,7,4,0.5,1.2130075659799042,0.875
R_004398,8,0.0032,4.99823155956263e-05,0,1505,7,1505,5,1,4,5,1.0,-0.0,0.0
R_004399,4,0.0016,3.136371079989631e-05,0,3102,1,1571,5,3,7,3,0.6,0.9502705392332348,0.8649735207179272
R_004400,8,0.0032,5.2089689439667854e-05,0,1559,4,1559,6,1,1,6,1.0,-0.0,0.0
R_004401,7,0.0028,4.617658568394571e-05,0,3102,6,1531,6,1,2,6,1.0,-0.0,0.0
R_004402,11,0.0044,7.204100391147703e-05,0,1565,2,1565,7,2,5,6,0.8571428571428571,0.410116318288409,0.5916727785823274
R_004403,5,0.002,3.626304134199922e-05,0,1505,7,1505,8,1,4,8,1.0,-0.0,0.0
R_004404,11,0.0044,6.462133903145923e-05,0,3102,6,1531,5,1,2,5,1.0,-0.0,0.0
R_004405,5,0.002,3.812732840982015e-05,0,1628,0,1628,5,1,3,5,1.0,-0.0,0.0
R_004406,11,0.0044,6.46893562692048e-05,0,3102,1,1571,7,4,7,3,0.4285714285714285,1.277034259466139,0.9211854965885544
R_004407,3,0.0012,2.7676257314915913e-05,0,1562,3,1562,5,1,6,5,1.0,-0.0,0.0
R_004408,7,0.0028,4.8795503972441195e-05,0,1550,5,1550,5,1,0,5,1.0,-0.0,0.0
R_004409,5,0.002,3.5898514175698574e-05,0,1505,7,1505,8,1,4,8,1.0,-0.0,0.0
R_004410,10,0.004,6.533712674893904e-05,0,1550,5,1550,7,1,0,7,1.0,-0.0,0.0
R_004411,3,0.0012,2.6477368771715297e-05,0,3102,1,1571,6,3,7,3,0.5,1.0114042647073518,0.920619835714305
R_004412,9,0.0036,5.694389737331481e-05,0,1559,4,1559,7,1,1,7,1.0,-0.0,0.0
R_004413,6,0.0024,4.34897267706505e-05,0,1550,5,1550,7,1,0,7,1.0,-0.0,0.0
R_004414,8,0.0032,5.2846720565506577e-05,0,1562,3,1562,7,3,6,5,0.7142857142857143,0.796311640173813,0.7248340915057598
R_004415,6,0.0024,4.041062605151213e-05,0,1505,7,1505,6,1,4,6,1.0,-0.0,0.0
R_004416,13,0.0052,7.350173110864938e-05,0,3102,6,1531,8,1,2,8,1.0,-0.0,0.0
R_004417,19,0.0076,0.00010354976951885574,0,3102,6,1531,8,1,2,8,1.0,-0.0,0.0
R_004418,7,0.0028,5.070632810074944e-05,0,1565,2,1565,8,2,5,7,0.875,0.3767701612564367,0.5435644431995964
R_004419,6,0.0024,4.240174448149897e-05,0,1628,0,1628,5,1,3,5,1.0,-0.0,0.0
R_004420,6,0.0024,4.4935524241533894e-05,0,1565,2,1565,5,2,5,4,0.8,0.5004024235381879,0.7219280948873623
R_004421,9,0.0036,6.14524672901264e-05,0,1565,2,1565,7,1,5,7,1.0,-0.0,0.0
R_004422,7,0.0028,4.853786222716456e-05,0,1628,0,1628,6,1,3,6,1.0,-0.0,0.0
R_004423,13,0.0052,7.461499395709653e-05,0,3102,6,1531,8,1,2,8,1.0,-0.0,0.0
R_004424,9,0.0036,5.9019870676418325e-05,0,1550,5,1550,8,1,0,8,1.0,-0.0,0.0
R_004425,11,0.0044,6.632671201561947e-05,0,1559,4,1559,8,1,1,8,1.0,-0.0,0.0
R_004426,18,0.0072,9.781743599417546e-05,0,3102,1,1571,7,3,7,4,0.5714285714285714,0.9556998911125344,0.8699155297736259
R_004427,8,0.0032,4.96334181373295e-05,0,1505,7,1505,6,1,4,6,1.0,-0.0,0.0
R_004428,6,0.0024,4.5215989504976044e-05,0,1565,2,1565,5,1,5,5,1.0,-0.0,0.0
R_004429,4,0.0016,3.170450620012183e-05,0,3102,6,1531,7,1,2,7,1.0,-0.0,0.0
R_004430,5,0.002,3.748332049874813e-05,0,1628,0,1628,6,1,3,6,1.0,-0.0,0.0
R_004431,11,0.0044,6.521508668418097e-05,0,3102,1,1571,8,4,7,4,0.5,1.2130075659799042,0.875
R_004432,2,0.0008,2.2499327144678578e-05,0,1562,3,1562,8,1,6,8,1.0,-0.0,0.0
R_004433,20,0.008,0.0001070001589261636,0,1505,7,1505,7,1,4,7,1.0,-0.0,0.0
R_004434,5,0.002,3.837636652353451e-05,0,1550,5,1550,6,1,0,6,1.0,-0.0,0.0
R_004435,3,0.0012,2.8450357579133147e-05,0,1565,2,1565,5,2,5,4,0.8,0.5004024235381879,0.7219280948873623
R_004436,4,0.0016,3.430310713107156e-05,0,1565,2,1565,5,1,5,5,1.0,-0.0,0.0
R_004437,12,0.0048,6.920682961892681e-05,0,3102,6,1531,8,1,2,8,1.0,-0.0,0.0
R_004438,9,0.0036,6.0002471861520966e-05,0,1550,5,1550,8,1,0,8,1.0,-0.0,0.0
R_004439,11,0.0044,6.7539989075176e-05,0,1562,3,1562,8,2,6,7,0.875,0.3767701612564367,0.5435644431995964
R_004440,5,0.002,3.737807275483449e-05,0,1562,3,1562,7,3,6,5,0.7142857142857143,0.796311640173813,0.7248340915057598
R_004441,1,0.0004,1.7485280997225433e-05,0,1559,4,1559,5,1,1,5,1.0,-0.0,0.0
R_004442,5,0.002,3.707740669736386e-05,0,1562,3,1562,7,1,6,7,1.0,-0.0,0.0
R_004443,11,0.0044,7.215248602898347e-05,0,1565,2,1565,8,1,5,8,1.0,-0.0,0.0
R_004444,10,0.004,5.945735600314057e-05,0,3102,6,1531,7,1,2,7,1.0,-0.0,0.0
R_004445,16,0.0064,9.497218743259154e-05,0,1628,0,1628,8,1,3,8,1.0,-0.0,0.0
R_004446,8,0.0032,5.318443789586979e-05,0,1628,0,1628,7,1,3,7,1.0,-0.0,0.0
R_004447,8,0.0032,5.0326098589126337e-05,0,3102,1,1571,7,3,7,4,0.5714285714285714,0.9556998911125344,0.8699155297736259
R_004448,5,0.002,3.792123466473273e-05,0,1559,4,1559,6,1,1,6,1.0,-0.0,0.0
R_004449,6,0.0024,4.085794495486438e-05,0,1505,7,1505,8,1,4,8,1.0,-0.0,0.0
R_004450,5,0.002,3.668360369206437e-05,0,3102,6,1531,5,1,2,5,1.0,-0.0,0.0
R_004451,11,0.0044,6.422507539858527e-05,0,1505,7,1505,7,1,4,7,1.0,-0.0,0.0
R_004452,5,0.002,3.698362433432837e-05,0,1559,4,1559,5,1,1,5,1.0,-0.0,0.0
R_004453,2,0.0008,2.1963210424059575e-05,0,1505,7,1505,5,1,4,5,1.0,-0.0,0.0
R_004454,3,0.0012,2.856309418858709e-05,0,1565,2,1565,6,2,5,5,0.8333333333333334,0.4505612088663046,0.6500224216483541
R_004455,11,0.0044,6.739772515483897e-05,0,1559,4,1559,8,1,1,8,1.0,-0.0,0.0
R_004456,4,0.0016,3.1258178254103404e-05,0,1505,7,1505,5,1,4,5,1.0,-0.0,0.0
R_004457,8,0.0032,5.0600431622179245e-05,0,3102,1,1571,6,4,7,3,0.5,1.242453324894,0.8962406251802889
R_004458,4,0.0016,3.308223273295334e-05,0,1550,5,1550,7,1,0,7,1.0,-0.0,0.0
R_004459,11,0.0044,6.767481433707754e-05,0,1628,0,1628,7,1,3,7,1.0,-0.0,0.0
R_004460,25,0.01,0.0001302760343894931,0,1505,7,1505,8,1,4,8,1.0,-0.0,0.0
R_004461,18,0.0072,0.00010234975820303817,0,1562,3,1562,8,3,6,6,0.75,0.7356219397587946,0.6695919455357792
R_004462,12,0.0048,6.81008948359704e-05,0,1505,7,1505,7,1,4,7,1.0,-0.0,0.0
R_004463,12,0.0048,6.940211896731954e-05,0,3102,1,1571,7,3,7,5,0.7142857142857143,0.796311640173813,0.7248340915057598
R_004464,7,0.0028,4.7497917569273535e-05,0,1562,3,1562,6,2,6,5,0.8333333333333334,0.4505612088663046,0.6500224216483541
R_004465,13,0.0052,7.358528046452006e-05,0,1505,7,1505,8,1,4,8,1.0,-0.0,0.0
R_004466,9,0.0036,5.588096659170743e-05,0,3102,1,1571,6,4,7,3,0.5,1.242453324894,0.8962406251802889
R_004467,5,0.002,3.873184507290222e-05,0,1550,5,1550,6,1,0,6,1.0,-0.0,0.0
R_004468,4,0.0016,3.298203190879684e-05,0,1628,0,1628,7,1,3,7,1.0,-0.0,0.0
R_004469,5,0.002,3.801122010701121e-05,0,1559,4,1559,5,1,1,5,1.0,-0.0,0.0
R_004470,6,0.0024,4.254152009911894e-05,0,1562,3,1562,7,2,6,6,0.8571428571428571,0.410116318288409,0.5916727785823274
R_004471,6,0.0024,4.4798062548694726e-05,0,1565,2,1565,7,2,5,6,0.8571428571428571,0.410116318288409,0.5916727785823274
R_004472,23,0.0092,0.00012041523375003934,0,3102,1,1571,7,3,7,5,0.7142857142857143,0.796311640173813,0.7248340915057598
R_004473,10,0.004,6.247396666970691e-05,0,1562,3,1562,7,1,6,7,1.0,-0.0,0.0
R_004474,17,0.0068,9.662894388511437e-05,0,1559,4,1559,8,1,1,8,1.0,-0.0,0.0
R_004475,15,0.006,9.381761316327356e-05,0,1565,2,1565,8,2,5,7,0.875,0.3767701612564367,0.5435644431995964
R_004476,7,0.0028,4.873659600834636e-05,0,1550,5,1550,6,1,0,6,1.0,-0.0,0.0
R_004477,5,0.002,3.586438927647843e-05,0,3102,1,1571,8,4,7,4,0.5,1.2130075659799042,0.875
R_004478,5,0.002,3.5930153911612144e-05,0,1505,7,1505,7,1,4,7,1.0,-0.0,0.0
R_004479,6,0.0024,4.486921524595253e-05,0,1565,2,1565,5,1,5,5,1.0,-0.0,0.0
R_004480,11,0.0044,6.670433228741712e-05,0,1559,4,1559,6,1,1,6,1.0,-0.0,0.0
R_004481,2,0.0008,2.310174205084077e-05,0,1628,0,1628,5,1,3,5,1.0,-0.0,0.0
R_004482,11,0.0044,6.393189414904069e-05,0,3102,1,1571,7,4,7,3,0.4285714285714285,1.277034259466139,0.9211854965885544
R_004483,12,0.0048,7.195873021896473e-05,0,1559,4,1559,8,1,1,8,1.0,-0.0,0.0
R_004484,33,0.0132,0.00016718938864468278,0,3102,1,1571,8,4,7,4,0.5,1.2130075659799042,0.875
R_004485,6,0.0024,4.594084280222681e-05,0,1565,2,1565,5,2,5,4,0.8,0.5004024235381879,0.7219280948873623
R_004486,2,0.0008,2.1908287403561366e-05,0,3102,1,1571,6,4,7,3,0.5,1.242453324894,0.8962406251802889
R_004487,7,0.0028,4.749356233969528e-05,0,1562,3,1562,7,3,6,5,0.7142857142857143,0.796311640173813,0.7248340915057598
R_004488,10,0.004,6.314821285702168e-05,0,1628,0,1628,7,1,3,7,1.0,-0.0,0.0
R_004489,9,0.0036,5.946089881853183e-05,0,1550,5,1550,7,1,0,7,1.0,-0.0,0.0
R_004490,7,0.0028,4.989871659997213e-05,0,1565,2,1565,8,2,5,7,0.875,0.3767701612564367,0.5435644431995964
R_004491,11,0.0044,6.3850492541988e-05,0,3102,1,1571,6,3,7,3,0.5,1.0114042647073518,0.920619835714305
R_004492,9,0.0036,5.479941084906022e-05,0,3102,1,1571,8,3,7,5,0.625,0.9002560512685369,0.8194483718728035
R_004493,6,0.0024,4.269256859251286e-05,0,1559,4,1559,8,1,1,8,1.0,-0.0,0.0
R_004494,5,0.002,3.807000395847944e-05,0,1550,5,1550,8,1,0,8,1.0,-0.0,0.0
R_004495,6,0.0024,4.251740101949696e-05,0,1559,4,1559,6,1,1,6,1.0,-0.0,0.0
R_004496,3,0.0012,2.7868782782748212e-05,0,1628,0,1628,5,1,3,5,1.0,-0.0,0.0
R_004497,4,0.0016,3.146836263031129e-05,0,3102,6,1531,5,1,2,5,1.0,-0.0,0.0
R_004498,3,0.0012,2.7475434541806242e-05,0,1562,3,1562,6,3,6,4,0.6666666666666666,0.8675632284814612,0.7896900821428474
R_004499,15,0.006,8.140950150169906e-05,0,1505,7,1505,8,1,4,8,1.0,-0.0,0.0
R_004500,7,0.0028,4.708565233446307e-05,0,1562,3,1562,7,3,6,5,0.7142857142857143,0.796311640173813,0.7248340915057598
R_004501,7,0.0028,4.716727449150736e-05,0,1562,3,1562,7,2,6,6,0.8571428571428571,0.410116318288409,0.5916727785823274
R_004502,8,0.0032,5.1172815345818284e-05,0,3102,6,1531,7,1,2,7,1.0,-0.0,0.0
R_004503,6,0.0024,4.223495111320421e-05,0,1562,3,1562,6,2,6,5,0.8333333333333334,0.4505612088663046,0.6500224216483541
R_004504,17,0.0068,9.698679066219397e-05,0,1559,4,1559,8,1,1,8,1.0,-0.0,0.0
R_004505,3,0.0012,2.769999566156759e-05,0,1628,0,1628,5,1,3,5,1.0,-0.0,0.0
R_004506,19,0.0076,0.00010871505327188238,0,1628,0,1628,7,1,3,7,1.0,-0.0,0.0
R_004507,9,0.0036,5.981965055013709e-05,0,1550,5,1550,7,1,0,7,1.0,-0.0,0.0
R_004508,9,0.0036,5.758341557611978e-05,0,1559,4,1559,6,1,1,6,1.0,-0.0,0.0
R_004509,7,0.0028,4.5234059702703794e-05,0,1505,7,1505,6,1,4,6,1.0,-0.0,0.0
R_004510,8,0.0032,5.185391485488402e-05,0,1562,3,1562,6,2,6,5,0.8333333333333334,0.4505612088663046,0.6500224216483541
R_004511,5,0.002,3.96933342884935e-05,0,1565,2,1565,6,1,5,6,1.0,-0.0,0.0
R_004512,8,0.0032,5.17932096320389e-05,0,1562,3,1562,8,2,6,7,0.875,0.3767701612564367,0.5435644431995964
R_004513,6,0.0024,4.2212994779474325e-05,0,1562,3,1562,7,3,6,5,0.7142857142857143,0.796311640173813,0.7248340915057598
R_004514,8,0.0032,5.584033058111229e-05,0,1565,2,1565,6,2,5,5,0.8333333333333334,0.4505612088663046,0.6500224216483541
R_004515,6,0.0024,4.400453430828866e-05,0,1550,5,1550,6,1,0,6,1.0,-0.0,0.0
R_004516,12,0.0048,7.428336597842541e-05,0,1628,0,1628,8,1,3,8,1.0,-0.0,0.0
R_004517,4,0.0016,3.333776155706058e-05,0,1550,5,1550,6,1,0,6,1.0,-0.0,0.0
R_004518,2,0.0008,2.162626238339847e-05,0,1505,7,1505,5,1,4,5,1.0,-0.0,0.0
R_004519,9,0.0036,6.197213595892998e-05,0,1565,2,1565,6,2,5,5,0.8333333333333334,0.4505612088663046,0.6500224216483541
R_004520,2,0.0008,2.3132449617009546e-05,0,1565,2,1565,5,1,5,5,1.0,-0.0,0.0
R_004521,7,0.0028,4.8176997184181936e-05,0,1628,0,1628,6,1,3,6,1.0,-0.0,0.0
R_004522,11,0.0044,6.980538724619087e-05,0,1550,5,1550,7,1,0,7,1.0,-0.0,0.0
R_004523,7,0.0028,4.730228512207965e-05,0,1562,3,1562,7,3,6,5,0.7142857142857143,0.796311640173813,0.7248340915057598
R_004524,4,0.0016,3.27657108236291e-05,0,1550,5,1550,6,1,0,6,1.0,-0.0,0.0
R_004525,13,0.0052,8.281920568612493e-05,0,1565,2,1565,8,2,5,7,0.875,0.3767701612564367,0.5435644431995964
R_004526,6,0.0024,4.092558957247631e-05,0,3102,1,1571,5,3,2,2,0.4,1.0549201679861442,0.9602297178607612
R_004527,14,0.0056,7.923274002821219e-05,0,3102,1,1571,7,4,7,4,0.5714285714285714,1.1537419427010902,0.8322488896002307
R_004528,6,0.0024,4.1749108611335674e-05,0,1559,4,1559,7,1,1,7,1.0,-0.0,0.0
R_004529,8,0.0032,5.1348730725023144e-05,0,3102,1,1571,5,2,7,3,0.6,0.6730116670092565,0.9709505944546688
R_004530,10,0.004,5.9738203485831324e-05,0,3102,1,1571,7,4,7,3,0.4285714285714285,1.277034259466139,0.9211854965885544
R_004531,3,0.0012,2.7939872590835306e-05,0,1559,4,1559,5,1,1,5,1.0,-0.0,0.0
R_004532,7,0.0028,4.6398283280447824e-05,0,3102,1,1571,7,4,7,4,0.5714285714285714,1.1537419427010902,0.8322488896002307
R_004533,6,0.0024,4.3429156715608346e-05,0,1550,5,1550,6,1,0,6,1.0,-0.0,0.0
R_004534,5,0.002,3.6065318151635836e-05,0,1505,7,1505,6,1,4,6,1.0,-0.0,0.0
R_004535,5,0.002,3.6971333717207564e-05,0,1562,3,1562,6,3,6,4,0.6666666666666666,0.8675632284814612,0.7896900821428474
R_004536,28,0.0112,0.00014461898685047225,0,3102,1,1571,8,4,7,4,0.5,1.2130075659799042,0.875
R_004537,6,0.0024,4.2986348467181554e-05,0,1562,3,1562,6,3,6,4,0.6666666666666666,0.8675632284814612,0.7896900821428474
R_004538,11,0.0044,7.267346511252513e-05,0,1565,2,1565,8,2,5,7,0.875,0.3767701612564367,0.5435644431995964
R_004539,7,0.0028,4.711802605583464e-05,0,1562,3,1562,8,3,6,6,0.75,0.7356219397587946,0.6695919455357792
R_004540,5,0.002,3.593075599837679e-05,0,1505,7,1505,6,1,4,6,1.0,-0.0,0.0
R_004541,6,0.0024,4.343530434158924e-05,0,1628,0,1628,5,1,3,5,1.0,-0.0,0.0
R_004542,10,0.004,6.437661731597917e-05,0,1550,5,1550,7,1,0,7,1.0,-0.0,0.0
R_004543,6,0.0024,4.24858457364485e-05,0,1562,3,1562,6,2,6,5,0.8333333333333334,0.4505612088663046,0.6500224216483541
R_004544,9,0.0036,5.967435003396816e-05,0,1550,5,1550,6,1,0,6,1.0,-0.0,0.0
R_004545,6,0.0024,4.079023969728414e-05,0,3102,6,1531,8,1,2,8,1.0,-0.0,0.0
R_004546,4,0.0016,3.217740156611713e-05,0,1562,3,1562,6,1,6,6,1.0,-0.0,0.0
R_004547,11,0.0044,6.553030486481443e-05,0,3102,6,1531,8,1,2,8,1.0,-0.0,0.0
R_004548,13,0.0052,7.68744847192358e-05,0,1559,4,1559,8,1,1,8,1.0,-0.0,0.0
R_004549,8,0.0032,5.180607897608442e-05,0,1559,4,1559,8,1,1,8,1.0,-0.0,0.0
R_004550,7,0.0028,4.762165031443793e-05,0,1562,3,1562,6,2,6,5,0.8333333333333334,0.4505612088663046,0.6500224216483541
R_004551,5,0.002,3.785724341189745e-05,0,1628,0,1628,8,1,3,8,1.0,-0.0,0.0
R_004552,8,0.0032,5.0557304291241026e-05,0,3102,6,1531,7,1,2,7,1.0,-0.0,0.0
R_004553,4,0.0016,3.2259152607402034e-05,0,1559,4,1559,6,1,1,6,1.0,-0.0,0.0
R_004554,4,0.0016,3.276157382140022e-05,0,1628,0,1628,6,1,3,6,1.0,-0.0,0.0
R_004555,4,0.0016,3.4241680038513944e-05,0,1565,2,1565,5,2,5,4,0.8,0.5004024235381879,0.7219280948873623
R_004556,6,0.0024,4.356251056192192e-05,0,1550,5,1550,6,1,0,6,1.0,-0.0,0.0
R_004557,6,0.0024,4.059867154048407e-05,0,3102,6,1531,5,1,2,5,1.0,-0.0,0.0
R_004558,4,0.0016,3.386817598089197e-05,0,1565,2,1565,5,2,5,4,0.8,0.5004024235381879,0.7219280948873623
R_004559,3,0.0012,2.7774046169329206e-05,0,1559,4,1559,5,1,1,5,1.0,-0.0,0.0
R_004560,14,0.0056,8.551839539511519e-05,0,1550,5,1550,7,1,0,7,1.0,-0.0,0.0
R_004561,7,0.0028,4.5642514821177836e-05,0,1505,7,1505,7,1,4,7,1.0,-0.0,0.0
R_004562,5,0.002,3.9317723294015315e-05,0,1565,2,1565,5,1,5,5,1.0,-0.0,0.0
R_004563,11,0.0044,7.204989063174513e-05,0,1565,2,1565,5,2,5,4,0.8,0.5004024235381879,0.7219280948873623
R_004564,4,0.0016,3.3246323783099277e-05,0,1550,5,1550,5,1,0,5,1.0,-0.0,0.0
R_004565,5,0.002,3.937590559299168e-05,0,1565,2,1565,6,1,5,6,1.0,-0.0,0.0
R_004566,10,0.004,5.9744426410712996e-05,0,1505,7,1505,8,1,4,8,1.0,-0.0,0.0
R_004567,4,0.0016,3.363448443631094e-05,0,1550,5,1550,7,1,0,7,1.0,-0.0,0.0
R_004568,7,0.0028,4.5914782602869954e-05,0,3102,6,1531,6,1,2,6,1.0,-0.0,0.0
R_004569,14,0.0056,7.841454880952801e-05,0,3102,6,1531,5,1,2,5,1.0,-0.0,0.0
R_004570,11,0.0044,6.416557258189171e-05,0,3102,6,1531,6,1,2,6,1.0,-0.0,0.0
R_004571,9,0.0036,6.12417157938398e-05,0,1565,2,1565,6,1,5,6,1.0,-0.0,0.0
R_004572,3,0.0012,2.8446295578925354e-05,0,1628,0,1628,5,1,3,5,1.0,-0.0,0.0
R_004573,4,0.0016,3.18221949069952e-05,0,3102,1,1571,5,2,7,4,0.8,0.5004024235381879,0.7219280948873623
R_004574,4,0.0016,3.12305313388798e-05,0,1505,7,1505,6,1,4,6,1.0,-0.0,0.0
R_004575,6,0.0024,4.123382701993448e-05,0,1505,7,1505,5,1,4,5,1.0,-0.0,0.0
R_004576,9,0.0036,5.948144290609929e-05,0,1550,5,1550,6,1,0,6,1.0,-0.0,0.0
R_004577,7,0.0028,4.585548268279144e-05,0,3102,1,1571,8,4,7,4,0.5,1.2130075659799042,0.875
R_004578,5,0.002,3.765824175105294e-05,0,1628,0,1628,5,1,3,5,1.0,-0.0,0.0
R_004579,10,0.004,6.222888943784318e-05,0,1559,4,1559,8,1,1,8,1.0,-0.0,0.0
R_004580,3,0.0012,2.7829076716477925e-05,0,1559,4,1559,5,1,1,5,1.0,-0.0,0.0
R_004581,4,0.0016,3.3794325840823746e-05,0,1565,2,1565,7,2,5,6,0.8571428571428571,0.410116318288409,0.5916727785823274
R_004582,6,0.0024,4.307295599069788e-05,0,1628,0,1628,7,1,3,7,1.0,-0.0,0.0
R_004583,10,0.004,6.35998875753636e-05,0,1628,0,1628,8,1,3,8,1.0,-0.0,0.0
R_004584,7,0.0028,4.934881718187153e-05,0,1550,5,1550,6,1,0,6,1.0,-0.0,0.0
R_004585,7,0.0028,4.767926989691734e-05,0,1562,3,1562,6,3,6,4,0.6666666666666666,0.8675632284814612,0.7896900821428474
R_004586,3,0.0012,2.637898432159681e-05,0,1505,7,1505,6,1,4,6,1.0,-0.0,0.0
R_004587,4,0.0016,3.314539800515857e-05,0,1550,5,1550,7,1,0,7,1.0,-0.0,0.0
R_004588,2,0.0008,2.2475228179299536e-05,0,1562,3,1562,5,3,6,3,0.6,0.9502705392332348,0.8649735207179272
R_004589,28,0.0112,0.00015514814925990822,0,1628,0,1628,8,1,3,8,1.0,-0.0,0.0
R_004590,16,0.0064,9.483297509584297e-05,0,1628,0,1628,7,1,3,7,1.0,-0.0,0.0
R_004591,6,0.0024,4.2010426300608616e-05,0,1559,4,1559,8,1,1,8,1.0,-0.0,0.0
R_004592,21,0.0084,0.0001254895040724669,0,1565,2,1565,8,1,5,8,1.0,-0.0,0.0
R_004593,3,0.0012,2.6584829936384856e-05,0,3102,6,1531,5,1,2,5,1.0,-0.0,0.0
R_004594,1,0.0004,1.750722020903108e-05,0,1628,0,1628,7,1,3,7,1.0,-0.0,0.0
R_004595,7,0.0028,4.580556001818664e-05,0,3102,1,1571,7,3,7,5,0.7142857142857143,0.796311640173813,0.7248340915057598
R_004596,4,0.0016,3.319326395438992e-05,0,1550,5,1550,5,1,0,5,1.0,-0.0,0.0
R_004597,5,0.002,3.701433609918229e-05,0,1559,4,1559,6,1,1,6,1.0,-0.0,0.0
R_004598,8,0.0032,4.976490008338635e-05,0,3102,1,1571,7,3,7,5,0.7142857142857143,0.796311640173813,0.7248340915057598
R_004599,6,0.0024,4.4078831581268e-05,0,1550,5,1550,6,1,0,6,1.0,-0.0,0.0
R_004600,3,0.0012,2.7190209105130623e-05,0,1559,4,1559,6,1,1,6,1.0,-0.0,0.0
R_004601,16,0.0064,8.868487474734298e-05,0,3102,6,1531,8,1,2,8,1.0,-0.0,0.0
R_004602,5,0.002,3.907574671179297e-05,0,1565,2,1565,7,2,5,6,0.8571428571428571,0.410116318288409,0.5916727785823274
R_004603,2,0.0008,2.2178632994959234e-05,0,1628,0,1628,5,1,3,5,1.0,-0.0,0.0
R_004604,13,0.0052,8.027007532071404e-05,0,1550,5,1550,8,1,0,8,1.0,-0.0,0.0
R_004605,9,0.0036,5.7466331533079244e-05,0,1559,4,1559,8,1,1,8,1.0,-0.0,0.0
R_004606,8,0.0032,5.099654835554853e-05,0,3102,6,1531,7,1,2,7,1.0,-0.0,0.0
R_004607,3,0.0012,2.7383712169272656e-05,0,1559,4,1559,5,1,1,5,1.0,-0.0,0.0
R_004608,12,0.0048,7.643948852149026e-05,0,1550,5,1550,8,1,0,8,1.0,-0.0,0.0
R_004609,4,0.0016,3.246257701813064e-05,0,1559,4,1559,5,1,1,5,1.0,-0.0,0.0
R_004610,11,0.0044,6.777982266873769e-05,0,1628,0,1628,8,1,3,8,1.0,-0.0,0.0
R_004611,12,0.0048,6.877831532235282e-05,0,3102,1,1571,7,2,7,5,0.7142857142857143,0.5982695885852573,0.8631205685666311
R_004612,4,0.0016,3.109016995927614e-05,0,3102,1,1571,5,2,7,3,0.6,0.6730116670092565,0.9709505944546688
R_004613,17,0.0068,9.249922288818426e-05,0,1505,7,1505,7,1,4,7,1.0,-0.0,0.0
R_004614,7,0.0028,4.519975018677222e-05,0,3102,1,1571,8,4,7,4,0.5,1.2130075659799042,0.875
R_004615,7,0.0028,4.889791096728831e-05,0,1550,5,1550,7,1,0,7,1.0,-0.0,0.0
R_004616,7,0.0028,4.7352352714487015e-05,0,1562,3,1562,5,3,6,3,0.6,0.9502705392332348,0.8649735207179272
R_004617,12,0.0048,7.189977778912226e-05,0,1559,4,1559,6,1,1,6,1.0,-0.0,0.0
R_004618,9,0.0036,5.720470211359774e-05,0,1559,4,1559,6,1,1,6,1.0,-0.0,0.0
R_004619,8,0.0032,5.266990100242525e-05,0,1562,3,1562,7,2,6,6,0.8571428571428571,0.410116318288409,0.5916727785823274
R_004620,5,0.002,3.7144833497367685e-05,0,1559,4,1559,5,1,1,5,1.0,-0.0,0.0
R_004621,3,0.0012,2.7184138407362553e-05,0,1562,3,1562,5,2,6,4,0.8,0.5004024235381879,0.7219280948873623
R_004622,11,0.0044,6.565190278924207e-05,0,3102,6,1531,8,1,2,8,1.0,-0.0,0.0
R_004623,13,0.0052,7.331648298717265e-05,0,1505,7,1505,8,1,4,8,1.0,-0.0,0.0
R_004624,12,0.0048,6.801360771126124e-05,0,1505,7,1505,8,1,4,8,1.0,-0.0,0.0
R_004625,8,0.0032,5.2984011242432894e-05,0,1628,0,1628,8,1,3,8,1.0,-0.0,0.0
R_004626,9,0.0036,5.641332982182874e-05,0,1559,4,1559,8,1,1,8,1.0,-0.0,0.0
R_004627,5,0.002,3.888996371386277e-05,0,1550,5,1550,6,1,0,6,1.0,-0.0,0.0
R_004628,10,0.004,6.678819400007279e-05,0,1565,2,1565,8,1,5,8,1.0,-0.0,0.0
R_004629,13,0.0052,7.298345982637034e-05,0,1505,7,1505,6,1,4,6,1.0,-0.0,0.0
R_004630,8,0.0032,5.6526561941885616e-05,0,1565,2,1565,6,1,5,6,1.0,-0.0,0.0
R_004631,9,0.0036,5.558889237825169e-05,0,3102,6,1531,7,1,2,7,1.0,-0.0,0.0
R_004632,9,0.0036,5.9721160333378016e-05,0,1550,5,1550,7,1,0,7,1.0,-0.0,0.0
R_004633,11,0.0044,7.158085818241333e-05,0,1565,2,1565,8,2,5,7,0.875,0.3767701612564367,0.5435644431995964
R_004634,4,0.0016,3.246506650660069e-05,0,1628,0,1628,7,1,3,7,1.0,-0.0,0.0
R_004635,9,0.0036,5.6974730809811206e-05,0,1562,3,1562,7,2,6,6,0.8571428571428571,0.410116318288409,0.5916727785823274
R_004636,23,0.0092,0.00012709531316259517,0,1559,4,1559,8,1,1,8,1.0,-0.0,0.0
R_004637,6,0.0024,4.216645274482905e-05,0,1562,3,1562,7,3,6,5,0.7142857142857143,0.796311640173813,0.7248340915057598
R_004638,8,0.0032,5.0600079493715514e-05,0,3102,6,1531,5,1,2,5,1.0,-0.0,0.0
R_004639,7,0.0028,4.548280909174812e-05,0,1505,7,1505,6,1,4,6,1.0,-0.0,0.0
R_004640,8,0.0032,5.406384819395334e-05,0,1550,5,1550,5,1,0,5,1.0,-0.0,0.0
R_004641,12,0.0048,7.784499215556442e-05,0,1565,2,1565,7,2,5,6,0.8571428571428571,0.410116318288409,0.5916727785823274
R_004642,15,0.006,8.88608112484629e-05,0,1628,0,1628,7,1,3,7,1.0,-0.0,0.0
R_004643,8,0.0032,5.371798073074738e-05,0,1550,5,1550,8,1,0,8,1.0,-0.0,0.0
R_004644,5,0.002,3.58098736052261e-05,0,3102,1,1571,7,4,7,4,0.5714285714285714,1.1537419427010902,0.8322488896002307
R_004645,10,0.004,6.171638156663144e-05,0,1559,4,1559,6,1,1,6,1.0,-0.0,0.0
R_004646,4,0.0016,3.316176533394386e-05,0,1550,5,1550,5,1,0,5,1.0,-0.0,0.0
R_004647,6,0.0024,4.2652216781915136e-05,0,1559,4,1559,5,1,1,5,1.0,-0.0,0.0
R_004648,12,0.0048,7.179136208751311e-05,0,1559,4,1559,7,1,1,7,1.0,-0.0,0.0
R_004649,8,0.0032,5.240103078337208e-05,0,1562,3,1562,8,2,6,7,0.875,0.3767701612564367,0.5435644431995964
R_004650,6,0.0024,4.37386877488069e-05,0,1550,5,1550,8,1,0,8,1.0,-0.0,0.0
R_004651,8,0.0032,5.224954022877649e-05,0,1559,4,1559,5,1,1,5,1.0,-0.0,0.0
R_004652,12,0.0048,6.994935905353994e-05,0,3102,6,1531,8,1,2,8,1.0,-0.0,0.0
R_004653,4,0.0016,3.181595084699345e-05,0,1505,7,1505,6,1,4,6,1.0,-0.0,0.0
R_004654,8,0.0032,5.065936385510794e-05,0,3102,1,1571,8,3,7,6,0.75,0.7356219397587946,0.6695919455357792
R_004655,12,0.0048,6.996720367947337e-05,0,3102,1,1571,8,2,7,6,0.75,0.5623351446188083,0.8112781244591328
R_004656,7,0.0028,4.5576132001392475e-05,0,3102,1,1571,5,3,7,3,0.6,0.9502705392332348,0.8649735207179272
R_004657,8,0.0032,5.4570776844107916e-05,0,1550,5,1550,6,1,0,6,1.0,-0.0,0.0
R_004658,9,0.0036,5.5274328968523354e-05,0,1505,7,1505,8,1,4,8,1.0,-0.0,0.0
R_004659,5,0.002,3.555298844186213e-05,0,1505,7,1505,7,1,4,7,1.0,-0.0,0.0
R_004660,4,0.0016,3.25511456049443e-05,0,1628,0,1628,6,1,3,6,1.0,-0.0,0.0
R_004661,7,0.0028,4.769315663849671e-05,0,1562,3,1562,6,2,6,5,0.8333333333333334,0.4505612088663046,0.6500224216483541
R_004662,2,0.0008,2.2083848089205436e-05,0,1562,3,1562,5,1,6,5,1.0,-0.0,0.0
R_004663,12,0.0048,7.654821590245172e-05,0,1565,2,1565,8,2,5,7,0.875,0.3767701612564367,0.5435644431995964
R_004664,3,0.0012,2.8596377521102164e-05,0,1565,2,1565,6,1,5,6,1.0,-0.0,0.0
R_004665,3,0.0012,2.8087138687160433e-05,0,1550,5,1550,6,1,0,6,1.0,-0.0,0.0
R_004666,7,0.0028,4.6009530934217746e-05,0,3102,1,1571,5,4,7,2,0.4,1.3321790402101223,0.9609640474436812
R_004667,4,0.0016,3.1751592854941756e-05,0,1562,3,1562,6,3,6,4,0.6666666666666666,0.8675632284814612,0.7896900821428474
R_004668,13,0.0052,7.737841947599555e-05,0,1559,4,1559,7,1,1,7,1.0,-0.0,0.0
R_004669,9,0.0036,5.409626096554094e-05,0,1505,7,1505,7,1,4,7,1.0,-0.0,0.0
R_004670,5,0.002,3.6807777592722974e-05,0,3102,6,1531,5,1,2,5,1.0,-0.0,0.0
R_004671,5,0.002,3.61829931463356e-05,0,3102,1,1571,5,4,7,2,0.4,1.3321790402101223,0.9609640474436812
R_004672,2,0.0008,2.2339558785246014e-05,0,1562,3,1562,5,2,6,4,0.8,0.5004024235381879,0.7219280948873623
R_004673,7,0.0028,4.8702414984890786e-05,0,1628,0,1628,7,1,3,7,1.0,-0.0,0.0
R_004674,6,0.0024,4.522839786799541e-05,0,1565,2,1565,5,2,5,4,0.8,0.5004024235381879,0.7219280948873623
R_004675,8,0.0032,5.121685398533175e-05,0,3102,6,1531,7,1,2,7,1.0,-0.0,0.0
R_004676,11,0.0044,6.914549386328243e-05,0,1550,5,1550,6,1,0,6,1.0,-0.0,0.0
R_004677,4,0.0016,3.260868996659308e-05,0,1628,0,1628,5,1,3,5,1.0,-0.0,0.0
R_004678,12,0.0048,6.96342649058477e-05,0,3102,1,1571,8,4,7,5,0.625,1.073542846408523,0.7743974703476992
R_004679,5,0.002,3.872136765893033e-05,0,1550,5,1550,5,1,0,5,1.0,-0.0,0.0
R_004680,7,0.0028,4.5240851973314055e-05,0,1505,7,1505,7,1,4,7,1.0,-0.0,0.0
R_004681,6,0.0024,4.135876954991592e-05,0,3102,6,1531,5,1,2,5,1.0,-0.0,0.0
R_004682,10,0.004,5.9762214594261355e-05,0,3102,1,1571,6,4,2,2,0.3333333333333333,1.3296613488547582,0.9591479170272448
R_004683,6,0.0024,4.49444332086082e-05,0,1565,2,1565,6,2,5,5,0.8333333333333334,0.4505612088663046,0.6500224216483541
R_004684,7,0.0028,4.48905422479363e-05,0,3102,1,1571,5,4,7,2,0.4,1.3321790402101223,0.9609640474436812
R_004685,10,0.004,6.039716051542528e-05,0,3102,1,1571,8,3,7,6,0.75,0.7356219397587946,0.6695919455357792
R_004686,9,0.0036,5.5351912939951886e-05,0,1505,7,1505,8,1,4,8,1.0,-0.0,0.0
R_004687,9,0.0036,5.518841426789491e-05,0,3102,1,1571,7,2,7,5,0.7142857142857143,0.5982695885852573,0.8631205685666311
R_004688,8,0.0032,5.2378300379163e-05,0,1559,4,1559,6,1,1,6,1.0,-0.0,0.0
R_004689,4,0.0016,3.399473642647065e-05,0,1565,2,1565,5,2,5,4,0.8,0.5004024235381879,0.7219280948873623
R_004690,3,0.0012,2.8669074689051052e-05,0,1565,2,1565,5,1,5,5,1.0,-0.0,0.0
R_004691,8,0.0032,5.384251931126974e-05,0,1550,5,1550,6,1,0,6,1.0,-0.0,0.0
R_004692,3,0.0012,2.6413851968366762e-05,0,3102,1,1571,5,3,7,3,0.6,0.9502705392332348,0.8649735207179272
R_004693,13,0.0052,7.481228288803381e-05,0,3102,1,1571,8,4,7,4,0.5,1.2130075659799042,0.875
R_004694,10,0.004,5.988889941688882e-05,0,1505,7,1505,8,1,4,8,1.0,-0.0,0.0
R_004695,2,0.0008,2.263443689405193e-05,0,1550,5,1550,5,1,0,5,1.0,-0.0,0.0
R_004696,8,0.0032,5.065842284730533e-05,0,3102,6,1531,6,1,2,6,1.0,-0.0,0.0
R_004697,7,0.0028,4.777191523762241e-05,0,1628,0,1628,8,1,3,8,1.0,-0.0,0.0
R_004698,11,0.0044,6.879665201056218e-05,0,1628,0,1628,8,1,3,8,1.0,-0.0,0.0
R_004699,3,0.0012,2.7201590669556085e-05,0,1562,3,1562,6,2,6,5,0.8333333333333334,0.4505612088663046,0.6500224216483541
R_004700,9,0.0036,6.21357054457363e-05,0,1565,2,1565,6,2,5,5,0.8333333333333334,0.4505612088663046,0.6500224216483541
R_004701,12,0.0048,6.866009425992404e-05,0,3102,1,1571,7,4,7,3,0.4285714285714285,1.277034259466139,0.9211854965885544
R_004702,10,0.004,6.02685173066033e-05,0,3102,1,1571,8,4,7,4,0.5,1.2130075659799042,0.875
R_004703,8,0.0032,5.013040723124082e-05,0,3102,1,1571,6,3,7,4,0.6666666666666666,0.8675632284814612,0.7896900821428474
R_004704,4,0.0016,3.300230006898175e-05,0,1559,4,1559,5,1,1,5,1.0,-0.0,0.0
R_004705,9,0.0036,5.5550990861447554e-05,0,3102,6,1531,7,1,2,7,1.0,-0.0,0.0
R_004706,5,0.002,3.9184344159765576e-05,0,1565,2,1565,5,1,5,5,1.0,-0.0,0.0
R_004707,12,0.0048,6.870444528403416e-05,0,1505,7,1505,7,1,4,7,1.0,-0.0,0.0
R_004708,6,0.0024,4.215763820222162e-05,0,1559,4,1559,5,1,1,5,1.0,-0.0,0.0
R_004709,4,0.0016,3.274608590676184e-05,0,1562,3,1562,6,1,6,6,1.0,-0.0,0.0
R_004710,5,0.002,3.6374506720429784e-05,0,3102,1,1571,5,3,7,3,0.6,0.9502705392332348,0.8649735207179272
R_004711,9,0.0036,5.512162245122517e-05,0,3102,6,1531,8,1,2,8,1.0,-0.0,0.0
R_004712,9,0.0036,5.4922164786470656e-05,0,3102,1,1571,8,4,7,5,0.625,1.073542846408523,0.7743974703476992
R_004713,21,0.0084,0.00011582465265722999,0,1562,3,1562,8,2,6,7,0.875,0.3767701612564367,0.5435644431995964
R_004714,11,0.0044,7.264819173942352e-05,0,1565,2,1565,8,2,5,7,0.875,0.3767701612564367,0.5435644431995964
R_004715,5,0.002,3.579288350304151e-05,0,3102,1,1571,7,2,7,6,0.8571428571428571,0.410116318288409,0.5916727785823274
R_004716,6,0.0024,4.240299960402002e-05,0,1562,3,1562,8,2,6,7,0.875,0.3767701612564367,0.5435644431995964
R_004717,6,0.0024,4.3195638909578654e-05,0,1550,5,1550,6,1,0,6,1.0,-0.0,0.0
R_004718,2,0.0008,2.220374719609294e-05,0,1559,4,1559,6,1,1,6,1.0,-0.0,0.0
R_004719,12,0.0048,7.741214220293938e-05,0,1565,2,1565,8,1,5,8,1.0,-0.0,0.0
R_004720,11,0.0044,6.411839397970194e-05,0,3102,1,1571,8,4,7,4,0.5,1.2130075659799042,0.875
R_004721,3,0.0012,2.8892182542041853e-05,0,1565,2,1565,5,2,5,4,0.8,0.5004024235381879,0.7219280948873623
R_004722,4,0.0016,3.186737083515849e-05,0,1562,3,1562,7,2,6,6,0.8571428571428571,0.410116318288409,0.5916727785823274
R_004723,5,0.002,3.78520028649579e-05,0,1628,0,1628,6,1,3,6,1.0,-0.0,0.0
R_004724,9,0.0036,5.962335381978253e-05,0,1550,5,1550,7,1,0,7,1.0,-0.0,0.0
R_004725,6,0.0024,4.3072276937868515e-05,0,1562,3,1562,5,1,6,5,1.0,-0.0,0.0
R_004726,8,0.0032,5.3215276945841414e-05,0,1628,0,1628,6,1,3,6,1.0,-0.0,0.0
R_004727,3,0.0012,2.6288636753964277e-05,0,1505,7,1505,5,1,4,5,1.0,-0.0,0.0
R_004728,7,0.0028,4.879397083076487e-05,0,1550,5,1550,7,1,0,7,1.0,-0.0,0.0
R_004729,4,0.0016,3.0848709765671834e-05,0,3102,6,1531,6,1,2,6,1.0,-0.0,0.0
R_004730,5,0.002,3.870787628196164e-05,0,1550,5,1550,6,1,0,6,1.0,-0.0,0.0
R_004731,4,0.0016,3.409198414360136e-05,0,1565,2,1565,8,2,5,7,0.875,0.3767701612564367,0.5435644431995964
R_004732,3,0.0012,2.7988536265294307e-05,0,1550,5,1550,5,1,0,5,1.0,-0.0,0.0
R_004733,9,0.0036,6.171138543480195e-05,0,1565,2,1565,8,2,5,7,0.875,0.3767701612564367,0.5435644431995964
R_004734,5,0.002,3.7158823939709184e-05,0,1559,4,1559,7,1,1,7,1.0,-0.0,0.0
R_004735,5,0.002,3.5845334465389487e-05,0,3102,6,1531,7,1,2,7,1.0,-0.0,0.0
R_004736,5,0.002,3.6053929472130056e-05,0,1505,7,1505,5,1,4,5,1.0,-0.0,0.0
R_004737,7,0.0028,4.69594074302959e-05,0,1559,4,1559,5,1,1,5,1.0,-0.0,0.0
R_004738,11,0.0044,6.462035965958301e-05,0,3102,6,1531,7,1,2,7,1.0,-0.0,0.0
R_004739,9,0.0036,5.752231059710319e-05,0,1559,4,1559,7,1,1,7,1.0,-0.0,0.0
R_004740,12,0.0048,7.22482273085859e-05,0,1562,3,1562,7,2,6,6,0.8571428571428571,0.410116318288409,0.5916727785823274
R_004741,7,0.0028,4.6344518404235326e-05,0,1562,3,1562,5,2,6,4,0.8,0.5004024235381879,0.7219280948873623
R_004742,7,0.0028,5.0131642599064534e-05,0,1565,2,1565,8,2,5,7,0.875,0.3767701612564367,0.5435644431995964
R_004743,6,0.0024,4.546631222214673e-05,0,1565,2,1565,7,2,5,6,0.8571428571428571,0.410116318288409,0.5916727785823274
R_004744,3,0.0012,2.816875113325975e-05,0,1550,5,1550,7,1,0,7,1.0,-0.0,0.0
R_004745,6,0.0024,4.410137572507362e-05,0,1550,5,1550,6,1,0,6,1.0,-0.0,0.0
R_004746,7,0.0028,4.834291672239981e-05,0,1550,5,1550,6,1,0,6,1.0,-0.0,0.0
R_004747,7,0.0028,4.745104354541727e-05,0,1562,3,1562,6,1,6,6,1.0,-0.0,0.0
R_004748,22,0.0088,0.00011659521911318726,0,3102,6,1531,8,1,2,8,1.0,-0.0,0.0
R_004749,5,0.002,3.822642502800454e-05,0,1550,5,1550,6,1,0,6,1.0,-0.0,0.0
R_004750,6,0.0024,4.045706478269569e-05,0,3102,6,1531,5,1,2,5,1.0,-0.0,0.0
R_004751,8,0.0032,4.988595172309602e-05,0,3102,1,1571,7,4,7,4,0.5714285714285714,1.1537419427010902,0.8322488896002307
R_004752,4,0.0016,3.200586798606582e-05,0,3102,6,1531,5,1,2,5,1.0,-0.0,0.0
R_004753,6,0.0024,4.317819101148003e-05,0,1628,0,1628,7,1,3,7,1.0,-0.0,0.0
R_004754,10,0.004,6.316883751726712e-05,0,1628,0,1628,5,1,3,5,1.0,-0.0,0.0
R_004755,3,0.0012,2.6442543442798624e-05,0,1505,7,1505,5,1,4,5,1.0,-0.0,0.0
R_004756,6,0.0024,4.31749319610826e-05,0,1628,0,1628,6,1,3,6,1.0,-0.0,0.0
R_004757,13,0.0052,7.368382194060085e-05,0,1505,7,1505,7,1,4,7,1.0,-0.0,0.0
R_004758,10,0.004,6.242907890655029e-05,0,1628,0,1628,7,1,3,7,1.0,-0.0,0.0
R_004759,10,0.004,5.980505101278162e-05,0,3102,1,1571,8,3,7,6,0.75,0.7356219397587946,0.6695919455357792
R_004760,8,0.0032,5.254006669635703e-05,0,1559,4,1559,8,1,1,8,1.0,-0.0,0.0
R_004761,4,0.0016,3.3222296902291375e-05,0,1550,5,1550,5,1,0,5,1.0,-0.0,0.0
R_004762,5,0.002,3.716319958788338e-05,0,1559,4,1559,5,1,1,5,1.0,-0.0,0.0
R_004763,3,0.0012,2.760085155338272e-05,0,1628,0,1628,6,1,3,6,1.0,-0.0,0.0
R_004764,3,0.0012,2.74204660439592e-05,0,1559,4,1559,6,1,1,6,1.0,-0.0,0.0
R_004765,2,0.0008,2.2770825261935842e-05,0,1550,5,1550,5,1,0,5,1.0,-0.0,0.0
R_004766,7,0.0028,4.518438033985537e-05,0,1505,7,1505,5,1,4,5,1.0,-0.0,0.0
R_004767,29,0.0116,0.00014785569285028738,0,1505,7,1505,8,1,4,8,1.0,-0.0,0.0
R_004768,8,0.0032,5.1774838293305936e-05,0,1559,4,1559,7,1,1,7,1.0,-0.0,0.0
R_004769,10,0.004,6.699470016626332e-05,0,1565,2,1565,8,2,5,7,0.875,0.3767701612564367,0.5435644431995964
R_004770,2,0.0008,2.2617881754123323e-05,0,1628,0,1628,5,1,3,5,1.0,-0.0,0.0
R_004771,14,0.0056,7.920304074199625e-05,0,3102,1,1571,7,3,7,4,0.5714285714285714,0.9556998911125344,0.8699155297736259
R_004772,7,0.0028,5.0286902931852184e-05,0,1565,2,1565,8,2,5,7,0.875,0.3767701612564367,0.5435644431995964
R_004773,8,0.0032,5.051399748049071e-05,0,3102,6,1531,8,1,2,8,1.0,-0.0,0.0
R_004774,6,0.0024,4.286920409102222e-05,0,1562,3,1562,5,2,6,4,0.8,0.5004024235381879,0.7219280948873623
R_004775,10,0.004,6.498551819910788e-05,0,1628,0,1628,5,1,3,5,1.0,-0.0,0.0
R_004776,5,0.002,3.613401630916833e-05,0,3102,6,1531,6,1,2,6,1.0,-0.0,0.0
R_004777,6,0.0024,4.272218005717572e-05,0,1550,5,1550,7,1,0,7,1.0,-0.0,0.0
R_004778,4,0.0016,3.141520445072937e-05,0,3102,1,1571,5,3,2,2,0.4,1.0549201679861442,0.9602297178607612
R_004779,11,0.0044,6.878559484394797e-05,0,1628,0,1628,7,1,3,7,1.0,-0.0,0.0
R_004780,1,0.0004,1.722807574915467e-05,0,3102,6,1531,5,1,2,5,1.0,-0.0,0.0
R_004781,8,0.0032,5.594955387728991e-05,0,1565,2,1565,6,1,5,6,1.0,-0.0,0.0
R_004782,5,0.002,3.5657071798622373e-05,0,1505,7,1505,7,1,4,7,1.0,-0.0,0.0
R_004783,6,0.0024,4.2711750569681966e-05,0,1628,0,1628,6,1,3,6,1.0,-0.0,0.0
R_004784,3,0.0012,2.8838421386374237e-05,0,1565,2,1565,5,1,5,5,1.0,-0.0,0.0
R_004785,6,0.0024,4.282595680942821e-05,0,1628,0,1628,8,1,3,8,1.0,-0.0,0.0
R_004786,3,0.0012,2.7758391828070147e-05,0,1628,0,1628,6,1,3,6,1.0,-0.0,0.0
R_004787,3,0.0012,2.8612370266434107e-05,0,1565,2,1565,5,2,5,4,0.8,0.5004024235381879,0.7219280948873623
R_004788,11,0.0044,6.527407276116889e-05,0,3102,6,1531,7,1,2,7,1.0,-0.0,0.0
R_004789,7,0.0028,4.5594595295747956e-05,0,3102,1,1571,6,3,7,3,0.5,1.0114042647073518,0.920619835714305
R_004790,14,0.0056,7.83174095262207e-05,0,3102,1,1571,7,4,7,3,0.4285714285714285,1.277034259466139,0.9211854965885544
R_004791,4,0.0016,3.1819475566045956e-05,0,3102,6,1531,5,1,2,5,1.0,-0.0,0.0
R_004792,2,0.0008,2.2306121693320862e-05,0,1562,3,1562,5,1,6,5,1.0,-0.0,0.0
R_004793,17,0.0068,9.435830952171023e-05,0,3102,6,1531,8,1,2,8,1.0,-0.0,0.0
R_004794,13,0.0052,7.45388751222022e-05,0,3102,6,1531,6,1,2,6,1.0,-0.0,0.0
R_004795,5,0.002,3.9978835390015426e-05,0,1565,2,1565,6,1,5,6,1.0,-0.0,0.0
R_004796,5,0.002,3.995663805073325e-05,0,1565,2,1565,5,1,5,5,1.0,-0.0,0.0
R_004797,5,0.002,3.920614883507492e-05,0,1565,2,1565,7,2,5,6,0.8571428571428571,0.410116318288409,0.5916727785823274
R_004798,5,0.002,3.704681134678612e-05,0,3102,1,1571,6,3,7,4,0.6666666666666666,0.8675632284814612,0.7896900821428474
R_004799,8,0.0032,5.4393233251797155e-05,0,1550,5,1550,7,1,0,7,1.0,-0.0,0.0
R_004800,5,0.002,3.7374388119698284e-05,0,1628,0,1628,8,1,3,8,1.0,-0.0,0.0
R_004801,7,0.0028,5.015962878058782e-05,0,1565,2,1565,6,1,5,6,1.0,-0.0,0.0
R_004802,24,0.0096,0.00013270368867608845,0,1559,4,1559,8,1,1,8,1.0,-0.0,0.0
R_004803,5,0.002,3.70710845190233e-05,0,1559,4,1559,6,1,1,6,1.0,-0.0,0.0
R_004804,3,0.0012,2.764342222994644e-05,0,1559,4,1559,5,1,1,5,1.0,-0.0,0.0
R_004805,1,0.0004,1.731350286928168e-05,0,1559,4,1559,5,1,1,5,1.0,-0.0,0.0
R_004806,8,0.0032,5.244117546816292e-05,0,1559,4,1559,7,1,1,7,1.0,-0.0,0.0
R_004807,10,0.004,5.97030391303739e-05,0,3102,6,1531,7,1,2,7,1.0,-0.0,0.0
R_004808,6,0.0024,4.268572658042506e-05,0,1628,0,1628,6,1,3,6,1.0,-0.0,0.0
R_004809,5,0.002,3.686160640942177e-05,0,1562,3,1562,7,2,6,6,0.8571428571428571,0.410116318288409,0.5916727785823274
R_004810,9,0.0036,5.9827647778739376e-05,0,1550,5,1550,7,1,0,7,1.0,-0.0,0.0
R_004811,7,0.0028,4.862811753904025e-05,0,1550,5,1550,8,1,0,8,1.0,-0.0,0.0
R_004812,1,0.0004,1.78787527883801e-05,0,1565,2,1565,5,2,5,4,0.8,0.5004024235381879,0.7219280948873623
R_004813,15,0.006,8.702600912758092e-05,0,1559,4,1559,8,1,1,8,1.0,-0.0,0.0
R_004814,6,0.0024,4.329002578093879e-05,0,1628,0,1628,7,1,3,7,1.0,-0.0,0.0
R_004815,8,0.0032,5.3925090341759704e-05,0,1550,5,1550,8,1,0,8,1.0,-0.0,0.0
R_004816,12,0.0048,7.562357764111217e-05,0,1550,5,1550,8,1,0,8,1.0,-0.0,0.0
R_004817,8,0.0032,5.628177817320393e-05,0,1565,2,1565,5,1,5,5,1.0,-0.0,0.0
R_004818,4,0.0016,3.3632685764010105e-05,0,1565,2,1565,5,2,5,4,0.8,0.5004024235381879,0.7219280948873623
R_004819,5,0.002,3.625418866306337e-05,0,3102,6,1531,7,1,2,7,1.0,-0.0,0.0
R_004820,6,0.0024,4.149727559559294e-05,0,3102,6,1531,7,1,2,7,1.0,-0.0,0.0
R_004821,6,0.0024,4.377487241842387e-05,0,1550,5,1550,7,1,0,7,1.0,-0.0,0.0
R_004822,3,0.0012,2.8731614844822584e-05,0,1565,2,1565,5,1,5,5,1.0,-0.0,0.0
R_004823,10,0.004,6.0413542561058404e-05,0,3102,6,1531,7,1,2,7,1.0,-0.0,0.0
R_004824,7,0.0028,4.868374994714701e-05,0,1628,0,1628,7,1,3,7,1.0,-0.0,0.0
R_004825,13,0.0052,7.98873452742171e-05,0,1550,5,1550,8,1,0,8,1.0,-0.0,0.0
R_004826,8,0.0032,5.125037298416781e-05,0,3102,6,1531,6,1,2,6,1.0,-0.0,0.0
R_004827,6,0.0024,4.195076232849439e-05,0,1559,4,1559,7,1,1,7,1.0,-0.0,0.0
R_004828,11,0.0044,6.721380090310059e-05,0,1562,3,1562,5,3,6,3,0.6,0.9502705392332348,0.8649735207179272
R_004829,12,0.0048,7.291656417064474e-05,0,1562,3,1562,7,2,6,6,0.8571428571428571,0.410116318288409,0.5916727785823274
R_004830,8,0.0032,5.169422714707523e-05,0,1559,4,1559,6,1,1,6,1.0,-0.0,0.0
R_004831,5,0.002,3.8712059309892594e-05,0,1550,5,1550,8,1,0,8,1.0,-0.0,0.0
R_004832,11,0.0044,6.870227810314699e-05,0,1628,0,1628,8,1,3,8,1.0,-0.0,0.0
R_004833,8,0.0032,5.009933968572246e-05,0,1505,7,1505,8,1,4,8,1.0,-0.0,0.0
R_004834,8,0.0032,5.215489420600629e-05,0,1562,3,1562,6,3,6,4,0.6666666666666666,0.8675632284814612,0.7896900821428474
R_004835,9,0.0036,6.121123648372032e-05,0,1565,2,1565,6,2,5,5,0.8333333333333334,0.4505612088663046,0.6500224216483541
R_004836,5,0.002,3.957024947972809e-05,0,1565,2,1565,7,2,5,6,0.8571428571428571,0.410116318288409,0.5916727785823274
R_004837,3,0.0012,2.7153223197428383e-05,0,1559,4,1559,5,1,1,5,1.0,-0.0,0.0
R_004838,3,0.0012,2.7600362415418666e-05,0,1628,0,1628,5,1,3,5,1.0,-0.0,0.0
R_004839,4,0.0016,3.1287023522156235e-05,0,3102,1,1571,5,3,7,3,0.6,0.9502705392332348,0.8649735207179272
R_004840,6,0.0024,4.5627256637842287e-05,0,1565,2,1565,6,2,5,5,0.8333333333333334,0.4505612088663046,0.6500224216483541
R_004841,6,0.0024,4.496931884932038e-05,0,1565,2,1565,6,2,5,5,0.8333333333333334,0.4505612088663046,0.6500224216483541
R_004842,4,0.0016,3.238724847061026e-05,0,1559,4,1559,5,1,1,5,1.0,-0.0,0.0
R_004843,6,0.0024,4.5700902951087076e-05,0,1565,2,1565,6,2,5,5,0.8333333333333334,0.4505612088663046,0.6500224216483541
R_004844,5,0.002,3.733191491212702e-05,0,1562,3,1562,5,2,6,4,0.8,0.5004024235381879,0.7219280948873623
R_004845,4,0.0016,3.424224565039596e-05,0,1565,2,1565,5,2,5,4,0.8,0.5004024235381879,0.7219280948873623
R_004846,4,0.0016,3.102211863212136e-05,0,3102,6,1531,5,1,2,5,1.0,-0.0,0.0
R_004847,9,0.0036,5.494109942678997e-05,0,3102,1,1571,5,2,7,4,0.8,0.5004024235381879,0.7219280948873623
R_004848,9,0.0036,5.450346465761585e-05,0,3102,1,1571,7,3,7,5,0.7142857142857143,0.796311640173813,0.7248340915057598
R_004849,7,0.0028,4.98914631907902e-05,0,1565,2,1565,7,2,5,6,0.8571428571428571,0.410116318288409,0.5916727785823274
R_004850,2,0.0008,2.1532817413377816e-05,0,1505,7,1505,5,1,4,5,1.0,-0.0,0.0
R_004851,8,0.0032,5.2336339729868256e-05,0,1562,3,1562,8,3,6,6,0.75,0.7356219397587946,0.6695919455357792
R_004852,7,0.0028,5.007623853741681e-05,0,1565,2,1565,6,2,5,5,0.8333333333333334,0.4505612088663046,0.6500224216483541
R_004853,8,0.0032,5.3877656991257085e-05,0,1628,0,1628,8,1,3,8,1.0,-0.0,0.0
R_004854,11,0.0044,7.027349558040639e-05,0,1550,5,1550,8,1,0,8,1.0,-0.0,0.0
R_004855,4,0.0016,3.3686240737990065e-05,0,1565,2,1565,6,1,5,6,1.0,-0.0,0.0
R_004856,7,0.0028,5.0142922514284576e-05,0,1565,2,1565,6,1,5,6,1.0,-0.0,0.0
R_004857,9,0.0036,5.7196815688408595e-05,0,1559,4,1559,7,1,1,7,1.0,-0.0,0.0
R_004858,9,0.0036,5.845370531378512e-05,0,1628,0,1628,6,1,3,6,1.0,-0.0,0.0
R_004859,10,0.004,6.405877057389217e-05,0,1550,5,1550,7,1,0,7,1.0,-0.0,0.0
R_004860,8,0.0032,5.553673553257099e-05,0,1565,2,1565,6,1,5,6,1.0,-0.0,0.0
R_004861,6,0.0024,4.280102501889192e-05,0,1628,0,1628,7,1,3,7,1.0,-0.0,0.0
R_004862,9,0.0036,5.5405564976369144e-05,0,3102,6,1531,8,1,2,8,1.0,-0.0,0.0
R_004863,3,0.0012,2.8699342801652933e-05,0,1565,2,1565,6,2,5,5,0.8333333333333334,0.4505612088663046,0.6500224216483541
R_004864,6,0.0024,4.092638359199854e-05,0,1505,7,1505,5,1,4,5,1.0,-0.0,0.0
R_004865,10,0.004,6.682737643543365e-05,0,1565,2,1565,5,1,5,5,1.0,-0.0,0.0
R_004866,5,0.002,3.837680074993872e-05,0,1628,0,1628,5,1,3,5,1.0,-0.0,0.0
R_004867,9,0.0036,5.575346537162101e-05,0,3102,6,1531,7,1,2,7,1.0,-0.0,0.0
R_004868,15,0.006,8.452372040278108e-05,0,3102,6,1531,8,1,2,8,1.0,-0.0,0.0
R_004869,4,0.0016,3.284087366414818e-05,0,1628,0,1628,6,1,3,6,1.0,-0.0,0.0
R_004870,3,0.0012,2.614594411313556e-05,0,1505,7,1505,6,1,4,6,1.0,-0.0,0.0
R_004871,4,0.0016,3.140408430027233e-05,0,3102,6,1531,5,1,2,5,1.0,-0.0,0.0
R_004872,2,0.0008,2.2133471642115784e-05,0,1559,4,1559,6,1,1,6,1.0,-0.0,0.0
R_004873,3,0.0012,2.754730438148341e-05,0,1562,3,1562,5,1,6,5,1.0,-0.0,0.0
R_004874,5,0.002,3.5963956243394866e-05,0,3102,1,1571,6,3,7,4,0.6666666666666666,0.8675632284814612,0.7896900821428474
R_004875,7,0.0028,4.8867117398181235e-05,0,1628,0,1628,6,1,3,6,1.0,-0.0,0.0
R_004876,9,0.0036,5.803488894141107e-05,0,1628,0,1628,8,1,3,8,1.0,-0.0,0.0
R_004877,6,0.0024,4.3064794915958564e-05,0,1559,4,1559,5,1,1,5,1.0,-0.0,0.0
R_004878,8,0.0032,5.617911543178436e-05,0,1565,2,1565,8,2,5,7,0.875,0.3767701612564367,0.5435644431995964
R_004879,1,0.0004,1.772598133962138e-05,0,1550,5,1550,5,1,0,5,1.0,-0.0,0.0
R_004880,2,0.0008,2.206024641774108e-05,0,1562,3,1562,5,2,6,4,0.8,0.5004024235381879,0.7219280948873623
R_004881,14,0.0056,7.837446847876346e-05,0,1505,7,1505,8,1,4,8,1.0,-0.0,0.0
R_004882,4,0.0016,3.359804651868169e-05,0,1550,5,1550,5,1,0,5,1.0,-0.0,0.0
R_004883,3,0.0012,2.6343885207963884e-05,0,3102,6,1531,6,1,2,6,1.0,-0.0,0.0
R_004884,8,0.0032,5.491513090422128e-05,0,1550,5,1550,5,1,0,5,1.0,-0.0,0.0
R_004885,4,0.0016,3.419085746328561e-05,0,1565,2,1565,5,2,5,4,0.8,0.5004024235381879,0.7219280948873623
R_004886,7,0.0028,4.575235728000987e-05,0,1505,7,1505,6,1,4,6,1.0,-0.0,0.0
R_004887,6,0.0024,4.20286937524352e-05,0,1559,4,1559,5,1,1,5,1.0,-0.0,0.0
R_004888,5,0.002,3.641382348397952e-05,0,3102,6,1531,6,1,2,6,1.0,-0.0,0.0
R_004889,9,0.0036,6.135962192426811e-05,0,1565,2,1565,6,2,5,5,0.8333333333333334,0.4505612088663046,0.6500224216483541
R_004890,8,0.0032,5.031801212119542e-05,0,3102,6,1531,7,1,2,7,1.0,-0.0,0.0
R_004891,8,0.0032,5.228165631807363e-05,0,1562,3,1562,6,3,6,4,0.6666666666666666,0.8675632284814612,0.7896900821428474
R_004892,18,0.0072,9.893929714042065e-05,0,3102,1,1571,7,4,7,3,0.4285714285714285,1.277034259466139,0.9211854965885544
R_004893,2,0.0008,2.2276042757990526e-05,0,1559,4,1559,5,1,1,5,1.0,-0.0,0.0
R_004894,6,0.0024,4.335863250862182e-05,0,1628,0,1628,8,1,3,8,1.0,-0.0,0.0
R_004895,5,0.002,3.965985215677346e-05,0,1565,2,1565,5,2,5,4,0.8,0.5004024235381879,0.7219280948873623
R_004896,8,0.0032,5.211577463332836e-05,0,1559,4,1559,6,1,1,6,1.0,-0.0,0.0
R_004897,5,0.002,4.0077798292317e-05,0,1565,2,1565,7,2,5,6,0.8571428571428571,0.410116318288409,0.5916727785823274
R_004898,10,0.004,5.9728991580223057e-05,0,3102,1,1571,7,4,7,3,0.4285714285714285,1.277034259466139,0.9211854965885544
R_004899,5,0.002,3.5980564024545e-05,0,1505,7,1505,6,1,4,6,1.0,-0.0,0.0
R_004900,6,0.0024,4.188718632386381e-05,0,1562,3,1562,5,1,6,5,1.0,-0.0,0.0
R_004901,4,0.0016,3.209608602609646e-05,0,1559,4,1559,5,1,1,5,1.0,-0.0,0.0
R_004902,3,0.0012,2.8131535633061416e-05,0,1550,5,1550,5,1,0,5,1.0,-0.0,0.0
R_004903,6,0.0024,4.256639722135579e-05,0,1628,0,1628,5,1,3,5,1.0,-0.0,0.0
R_004904,3,0.0012,2.9240662533362107e-05,0,1565,2,1565,5,2,5,4,0.8,0.5004024235381879,0.7219280948873623
R_004905,8,0.0032,5.093091809239728e-05,0,3102,6,1531,7,1,2,7,1.0,-0.0,0.0
R_004906,8,0.0032,5.096012875650248e-05,0,3102,6,1531,6,1,2,6,1.0,-0.0,0.0
R_004907,9,0.0036,5.736276390883877e-05,0,1562,3,1562,6,2,6,5,0.8333333333333334,0.4505612088663046,0.6500224216483541
R_004908,12,0.0048,7.564631043737597e-05,0,1550,5,1550,7,1,0,7,1.0,-0.0,0.0
R_004909,2,0.0008,2.1913276827709985e-05,0,1562,3,1562,5,1,6,5,1.0,-0.0,0.0
R_004910,28,0.0112,0.0001466092962671734,0,3102,1,1571,8,4,7,5,0.625,1.073542846408523,0.7743974703476992
R_004911,9,0.0036,5.685779288764849e-05,0,1559,4,1559,7,1,1,7,1.0,-0.0,0.0
R_004912,11,0.0044,6.48585463676656e-05,0,3102,6,1531,7,1,2,7,1.0,-0.0,0.0
R_004913,4,0.0016,3.262552783976987e-05,0,1628,0,1628,6,1,3,6,1.0,-0.0,0.0
R_004914,4,0.0016,3.22631736871028e-05,0,1628,0,1628,6,1,3,6,1.0,-0.0,0.0
R_004915,6,0.0024,4.114920983770434e-05,0,1505,7,1505,6,1,4,6,1.0,-0.0,0.0
R_004916,1,0.0004,1.7272548204344583e-05,0,1559,4,1559,6,1,1,6,1.0,-0.0,0.0
R_004917,9,0.0036,5.490869963203836e-05,0,3102,1,1571,8,3,7,6,0.75,0.7356219397587946,0.6695919455357792
R_004918,6,0.0024,4.023719241787569e-05,0,1505,7,1505,6,1,4,6,1.0,-0.0,0.0
R_004919,8,0.0032,5.0161348759654636e-05,0,3102,6,1531,6,1,2,6,1.0,-0.0,0.0
R_004920,26,0.0104,0.0001415029417692972,0,1559,4,1559,8,1,1,8,1.0,-0.0,0.0
R_004921,4,0.0016,3.371714671801268e-05,0,1565,2,1565,5,2,5,4,0.8,0.5004024235381879,0.7219280948873623
R_004922,27,0.0108,0.00014655846129845554,0,1562,3,1562,8,2,6,7,0.875,0.3767701612564367,0.5435644431995964
R_004923,8,0.0032,4.9929061564750804e-05,0,1505,7,1505,8,1,4,8,1.0,-0.0,0.0
R_004924,3,0.0012,2.643815875713759e-05,0,3102,6,1531,5,1,2,5,1.0,-0.0,0.0
R_004925,5,0.002,3.7426084930917236e-05,0,1562,3,1562,5,2,6,4,0.8,0.5004024235381879,0.7219280948873623
R_004926,2,0.0008,2.2796665339741584e-05,0,1628,0,1628,5,1,3,5,1.0,-0.0,0.0
R_004927,7,0.0028,4.971921548609619e-05,0,1550,5,1550,6,1,0,6,1.0,-0.0,0.0
R_004928,10,0.004,6.0167988928769544e-05,0,3102,1,1571,8,3,7,6,0.75,0.7356219397587946,0.6695919455357792
R_004929,13,0.0052,7.798214750997709e-05,0,1562,3,1562,8,3,6,6,0.75,0.7356219397587946,0.6695919455357792
R_004930,9,0.0036,5.473409690947107e-05,0,3102,1,1571,6,4,2,2,0.3333333333333333,1.3296613488547582,0.9591479170272448
R_004931,3,0.0012,2.7804319302024132e-05,0,1628,0,1628,5,1,3,5,1.0,-0.0,0.0
R_004932,5,0.002,3.624698815688182e-05,0,1505,7,1505,5,1,4,5,1.0,-0.0,0.0
R_004933,13,0.0052,7.813055061726e-05,0,1628,0,1628,7,1,3,7,1.0,-0.0,0.0
R_004934,7,0.0028,4.84940163364161e-05,0,1628,0,1628,8,1,3,8,1.0,-0.0,0.0
R_004935,13,0.0052,7.349385549936882e-05,0,1505,7,1505,8,1,4,8,1.0,-0.0,0.0
R_004936,3,0.0012,2.5984595919104794e-05,0,1505,7,1505,6,1,4,6,1.0,-0.0,0.0
R_004937,4,0.0016,3.216869075392074e-05,0,1562,3,1562,5,3,6,3,0.6,0.9502705392332348,0.8649735207179272
R_004938,11,0.0044,6.37526045764734e-05,0,1505,7,1505,6,1,4,6,1.0,-0.0,0.0
R_004939,9,0.0036,5.6834218993880245e-05,0,1562,3,1562,8,3,6,6,0.75,0.7356219397587946,0.6695919455357792
R_004940,8,0.0032,5.209552291913451e-05,0,1559,4,1559,7,1,1,7,1.0,-0.0,0.0
R_004941,3,0.0012,2.7437996706211605e-05,0,1628,0,1628,5,1,3,5,1.0,-0.0,0.0
R_004942,7,0.0028,4.765984626750738e-05,0,1628,0,1628,6,1,3,6,1.0,-0.0,0.0
R_004943,10,0.004,6.462000177881521e-05,0,1550,5,1550,8,1,0,8,1.0,-0.0,0.0
R_004944,13,0.0052,7.519324144687227e-05,0,3102,1,1571,7,3,7,4,0.5714285714285714,0.9556998911125344,0.8699155297736259
R_004945,5,0.002,3.80874354732031e-05,0,1550,5,1550,7,1,0,7,1.0,-0.0,0.0
R_004946,7,0.0028,4.894098304594295e-05,0,1550,5,1550,6,1,0,6,1.0,-0.0,0.0
R_004947,9,0.0036,5.472006277981627e-05,0,3102,1,1571,8,4,7,5,0.625,1.073542846408523,0.7743974703476992
R_004948,6,0.0024,3.983485539422748e-05,0,1505,7,1505,6,1,4,6,1.0,-0.0,0.0
R_004949,11,0.0044,6.652687827454628e-05,0,1562,3,1562,7,1,6,7,1.0,-0.0,0.0
R_004950,5,0.002,3.821868321395878e-05,0,1628,0,1628,6,1,3,6,1.0,-0.0,0.0
R_004951,11,0.0044,6.754038412534932e-05,0,1562,3,1562,7,2,6,6,0.8571428571428571,0.410116318288409,0.5916727785823274
R_004952,5,0.002,3.766810552729592e-05,0,1628,0,1628,6,1,3,6,1.0,-0.0,0.0
R_004953,11,0.0044,6.69431513903087e-05,0,1559,4,1559,8,1,1,8,1.0,-0.0,0.0
R_004954,8,0.0032,5.2612276847439095e-05,0,1562,3,1562,6,2,6,5,0.8333333333333334,0.4505612088663046,0.6500224216483541
R_004955,3,0.0012,2.7039903093768275e-05,0,1562,3,1562,6,1,6,6,1.0,-0.0,0.0
R_004956,4,0.0016,3.122880249664683e-05,0,3102,1,1571,5,2,7,4,0.8,0.5004024235381879,0.7219280948873623
R_004957,4,0.0016,3.243248906432733e-05,0,1628,0,1628,5,1,3,5,1.0,-0.0,0.0
R_004958,10,0.004,6.10720700507789e-05,0,3102,6,1531,8,1,2,8,1.0,-0.0,0.0
R_004959,9,0.0036,5.9333527479945874e-05,0,1550,5,1550,7,1,0,7,1.0,-0.0,0.0
R_004960,5,0.002,3.5705935141436635e-05,0,1505,7,1505,5,1,4,5,1.0,-0.0,0.0
R_004961,7,0.0028,4.6166080787991434e-05,0,1559,4,1559,6,1,1,6,1.0,-0.0,0.0
R_004962,17,0.0068,0.00010224409002312615,0,1550,5,1550,8,1,0,8,1.0,-0.0,0.0
R_004963,18,0.0072,9.76753607720943e-05,0,3102,1,1571,8,4,7,5,0.625,1.073542846408523,0.7743974703476992
R_004964,7,0.0028,4.573177536929715e-05,0,3102,6,1531,5,1,2,5,1.0,-0.0,0.0
R_004965,8,0.0032,5.111349876302777e-05,0,3102,1,1571,6,3,7,3,0.5,1.0114042647073518,0.920619835714305
R_004966,12,0.0048,6.859220121584966e-05,0,1505,7,1505,8,1,4,8,1.0,-0.0,0.0
R_004967,14,0.0056,7.86911428688815e-05,0,3102,6,1531,8,1,2,8,1.0,-0.0,0.0
R_004968,7,0.0028,4.897891464733703e-05,0,1550,5,1550,5,1,0,5,1.0,-0.0,0.0
R_004969,19,0.0076,0.00011134836650037274,0,1550,5,1550,7,1,0,7,1.0,-0.0,0.0
R_004970,9,0.0036,5.7224126276304666e-05,0,1559,4,1559,6,1,1,6,1.0,-0.0,0.0
R_004971,4,0.0016,3.1556552373371226e-05,0,3102,6,1531,5,1,2,5,1.0,-0.0,0.0
R_004972,5,0.002,3.774488129793379e-05,0,1550,5,1550,6,1,0,6,1.0,-0.0,0.0
R_004973,23,0.0092,0.00012106807426148182,0,1505,7,1505,8,1,4,8,1.0,-0.0,0.0
R_004974,4,0.0016,3.167730206300095e-05,0,3102,6,1531,7,1,2,7,1.0,-0.0,0.0
R_004975,13,0.0052,7.833789839237114e-05,0,1628,0,1628,8,1,3,8,1.0,-0.0,0.0
R_004976,7,0.0028,5.0933174908554974e-05,0,1565,2,1565,8,1,5,8,1.0,-0.0,0.0
R_004977,8,0.0032,5.396996062496414e-05,0,1550,5,1550,6,1,0,6,1.0,-0.0,0.0
R_004978,4,0.0016,3.3092666167814306e-05,0,1550,5,1550,5,1,0,5,1.0,-0.0,0.0
R_004979,4,0.0016,3.2931935302725785e-05,0,1550,5,1550,5,1,0,5,1.0,-0.0,0.0
R_004980,20,0.008,0.00012125611202635403,0,1565,2,1565,8,2,5,7,0.875,0.3767701612564367,0.5435644431995964
R_004981,5,0.002,3.959410394335982e-05,0,1565,2,1565,7,1,5,7,1.0,-0.0,0.0
R_004982,11,0.0044,6.740971214091886e-05,0,1559,4,1559,6,1,1,6,1.0,-0.0,0.0
R_004983,17,0.0068,0.00010112052446625964,0,1550,5,1550,8,1,0,8,1.0,-0.0,0.0
R_004984,5,0.002,3.7185550458529565e-05,0,1562,3,1562,5,2,6,4,0.8,0.5004024235381879,0.7219280948873623
R_004985,12,0.0048,6.961099701566781e-05,0,3102,6,1531,6,1,2,6,1.0,-0.0,0.0
R_004986,5,0.002,3.7290475304039166e-05,0,1559,4,1559,5,1,1,5,1.0,-0.0,0.0
R_004987,7,0.0028,4.7689913860408134e-05,0,1562,3,1562,8,3,6,6,0.75,0.7356219397587946,0.6695919455357792
R_004988,12,0.0048,6.899102612599933e-05,0,1505,7,1505,7,1,4,7,1.0,-0.0,0.0
R_004989,6,0.0024,4.308790307295239e-05,0,1550,5,1550,6,1,0,6,1.0,-0.0,0.0
R_004990,12,0.0048,6.956553432092721e-05,0,3102,1,1571,7,3,7,5,0.7142857142857143,0.796311640173813,0.7248340915057598
R_004991,7,0.0028,4.937166536482637e-05,0,1550,5,1550,8,1,0,8,1.0,-0.0,0.0
R_004992,9,0.0036,5.7669262820457054e-05,0,1628,0,1628,8,1,3,8,1.0,-0.0,0.0
R_004993,4,0.0016,3.314135294689846e-05,0,1550,5,1550,7,1,0,7,1.0,-0.0,0.0
R_004994,3,0.0012,2.766960061723643e-05,0,1628,0,1628,5,1,3,5,1.0,-0.0,0.0
R_004995,11,0.0044,6.463789143210756e-05,0,3102,1,1571,7,2,7,5,0.7142857142857143,0.5982695885852573,0.8631205685666311
R_004996,21,0.0084,0.00012445464274693857,0,1565,2,1565,7,2,5,6,0.8571428571428571,0.410116318288409,0.5916727785823274
R_004997,8,0.0032,5.2857964468946336e-05,0,1628,0,1628,6,1,3,6,1.0,-0.0,0.0
R_004998,4,0.0016,3.368595842488125e-05,0,1550,5,1550,7,1,0,7,1.0,-0.0,0.0
R_004999,8,0.0032,5.585164062381963e-05,0,1565,2,1565,7,1,5,7,1.0,-0.0,0.0
R_005000,7,0.0028,4.937281361736269e-05,0,1550,5,1550,7,1,0,7,1.0,-0.0,0.0
R_005001,12,0.0048,6.96252896995484e-05,0,3102,1,1571,7,4,7,4,0.5714285714285714,1.1537419427010902,0.8322488896002307
R_005002,1,0.0004,1.719135532319184e-05,0,3102,1,1571,5,3,7,3,0.6,0.9502705392332348,0.8649735207179272
R_005003,11,0.0044,6.749594718632318e-05,0,1559,4,1559,7,1,1,7,1.0,-0.0,0.0
R_005004,7,0.0028,4.536950382049677e-05,0,3102,1,1571,6,2,7,4,0.6666666666666666,0.6365141682948128,0.9182958340544894
R_005005,9,0.0036,6.112348434921017e-05,0,1565,2,1565,8,2,5,7,0.875,0.3767701612564367,0.5435644431995964
R_005006,5,0.002,3.6986711393097514e-05,0,1559,4,1559,5,1,1,5,1.0,-0.0,0.0
R_005007,8,0.0032,5.058062273877251e-05,0,3102,1,1571,7,3,7,4,0.5714285714285714,0.9556998911125344,0.8699155297736259
R_005008,9,0.0036,5.513543700801537e-05,0,3102,1,1571,7,3,7,5,0.7142857142857143,0.796311640173813,0.7248340915057598
R_005009,7,0.0028,4.80070759948939e-05,0,1628,0,1628,7,1,3,7,1.0,-0.0,0.0
R_005010,8,0.0032,5.4179183899075185e-05,0,1550,5,1550,8,1,0,8,1.0,-0.0,0.0
R_005011,7,0.0028,4.7138553163572383e-05,0,1562,3,1562,5,3,6,3,0.6,0.9502705392332348,0.8649735207179272
R_005012,8,0.0032,5.082515111266939e-05,0,3102,6,1531,6,1,2,6,1.0,-0.0,0.0
R_005013,6,0.0024,4.5649336039692135e-05,0,1565,2,1565,5,2,5,4,0.8,0.5004024235381879,0.7219280948873623
R_005014,21,0.0084,0.00011111942690296512,0,1505,7,1505,7,1,4,7,1.0,-0.0,0.0
R_005015,9,0.0036,5.93171545995418e-05,0,1550,5,1550,8,1,0,8,1.0,-0.0,0.0
R_005016,3,0.0012,2.7851306560106735e-05,0,1628,0,1628,6,1,3,6,1.0,-0.0,0.0
R_005017,17,0.0068,0.00010441827902872869,0,1565,2,1565,7,2,5,6,0.8571428571428571,0.410116318288409,0.5916727785823274
R_005018,9,0.0036,5.765438623831563e-05,0,1559,4,1559,7,1,1,7,1.0,-0.0,0.0
R_005019,5,0.002,3.894143663802692e-05,0,1550,5,1550,8,1,0,8,1.0,-0.0,0.0
R_005020,4,0.0016,3.386887991550097e-05,0,1565,2,1565,5,1,5,5,1.0,-0.0,0.0
R_005021,8,0.0032,5.053746415054659e-05,0,3102,6,1531,8,1,2,8,1.0,-0.0,0.0
R_005022,3,0.0012,2.6521350364611874e-05,0,3102,6,1531,5,1,2,5,1.0,-0.0,0.0
R_005023,5,0.002,3.95421039801115e-05,0,1565,2,1565,5,2,5,4,0.8,0.5004024235381879,0.7219280948873623
R_005024,10,0.004,6.039713953935513e-05,0,3102,6,1531,7,1,2,7,1.0,-0.0,0.0
R_005025,18,0.0072,9.808903602561511e-05,0,3102,6,1531,7,1,2,7,1.0,-0.0,0.0
R_005026,5,0.002,3.78529660330626e-05,0,1562,3,1562,6,1,6,6,1.0,-0.0,0.0
R_005027,5,0.002,3.9360547528653095e-05,0,1565,2,1565,6,2,5,5,0.8333333333333334,0.4505612088663046,0.6500224216483541
R_005028,5,0.002,3.8446043819137586e-05,0,1550,5,1550,6,1,0,6,1.0,-0.0,0.0
R_005029,2,0.0008,2.283572160037262e-05,0,1565,2,1565,5,1,5,5,1.0,-0.0,0.0
R_005030,4,0.0016,3.2058308527473755e-05,0,1559,4,1559,5,1,1,5,1.0,-0.0,0.0
R_005031,18,0.0072,0.00010170284031301798,0,1559,4,1559,8,1,1,8,1.0,-0.0,0.0
R_005032,7,0.0028,4.520376457128737e-05,0,1505,7,1505,5,1,4,5,1.0,-0.0,0.0
R_005033,5,0.002,3.640163211989709e-05,0,3102,6,1531,5,1,2,5,1.0,-0.0,0.0
R_005034,5,0.002,3.9822019890685296e-05,0,1565,2,1565,6,1,5,6,1.0,-0.0,0.0
R_005035,12,0.0048,7.369842113125003e-05,0,1628,0,1628,8,1,3,8,1.0,-0.0,0.0
R_005036,10,0.004,5.937881922336987e-05,0,1505,7,1505,5,1,4,5,1.0,-0.0,0.0
R_005037,7,0.0028,4.822834222183285e-05,0,1628,0,1628,5,1,3,5,1.0,-0.0,0.0
R_005038,4,0.0016,3.1722447051265864e-05,0,3102,6,1531,5,1,2,5,1.0,-0.0,0.0
R_005039,10,0.004,6.418138853189738e-05,0,1550,5,1550,8,1,0,8,1.0,-0.0,0.0
R_005040,4,0.0016,3.439895889920554e-05,0,1565,2,1565,5,1,5,5,1.0,-0.0,0.0
R_005041,3,0.0012,2.7683913403081143e-05,0,1559,4,1559,5,1,1,5,1.0,-0.0,0.0
R_005042,9,0.0036,5.983150926532433e-05,0,1550,5,1550,8,1,0,8,1.0,-0.0,0.0
R_005043,6,0.0024,4.144866329441291e-05,0,1562,3,1562,6,2,6,5,0.8333333333333334,0.4505612088663046,0.6500224216483541
R_005044,11,0.0044,6.794938833898582e-05,0,1562,3,1562,7,2,6,6,0.8571428571428571,0.410116318288409,0.5916727785823274
R_005045,4,0.0016,3.2591211428579465e-05,0,1562,3,1562,5,2,6,4,0.8,0.5004024235381879,0.7219280948873623
R_005046,15,0.006,9.023124481782344e-05,0,1550,5,1550,8,1,0,8,1.0,-0.0,0.0
R_005047,6,0.0024,4.4025961728145424e-05,0,1550,5,1550,7,1,0,7,1.0,-0.0,0.0
R_005048,3,0.0012,2.8776984613032996e-05,0,1565,2,1565,5,1,5,5,1.0,-0.0,0.0
R_005049,9,0.0036,5.509373041980626e-05,0,1505,7,1505,8,1,4,8,1.0,-0.0,0.0
R_005050,7,0.0028,4.962264397976496e-05,0,1550,5,1550,6,1,0,6,1.0,-0.0,0.0
R_005051,4,0.0016,3.2051003790706954e-05,0,1562,3,1562,7,2,6,6,0.8571428571428571,0.410116318288409,0.5916727785823274
R_005052,8,0.0032,4.9755614322738296e-05,0,3102,1,1571,5,2,7,4,0.8,0.5004024235381879,0.7219280948873623
R_005053,2,0.0008,2.2440793820697224e-05,0,1562,3,1562,5,2,6,4,0.8,0.5004024235381879,0.7219280948873623
R_005054,9,0.0036,5.876395144740396e-05,0,1628,0,1628,7,1,3,7,1.0,-0.0,0.0
R_005055,15,0.006,8.385888381854744e-05,0,3102,1,1571,8,3,7,5,0.625,0.9002560512685369,0.8194483718728035
R_005056,8,0.0032,5.0316487101834444e-05,0,1505,7,1505,7,1,4,7,1.0,-0.0,0.0
R_005057,7,0.0028,4.6066192749878886e-05,0,3102,6,1531,6,1,2,6,1.0,-0.0,0.0
R_005058,16,0.0064,8.802799039620875e-05,0,3102,6,1531,7,1,2,7,1.0,-0.0,0.0
R_005059,5,0.002,3.620803356941529e-05,0,3102,1,1571,5,3,7,3,0.6,0.9502705392332348,0.8649735207179272
R_005060,8,0.0032,5.21021611890495e-05,0,1559,4,1559,7,1,1,7,1.0,-0.0,0.0
R_005061,3,0.0012,2.71984945790157e-05,0,1562,3,1562,6,2,6,5,0.8333333333333334,0.4505612088663046,0.6500224216483541
R_005062,4,0.0016,3.303107870638986e-05,0,1550,5,1550,5,1,0,5,1.0,-0.0,0.0
R_005063,3,0.0012,2.735535727065914e-05,0,1628,0,1628,6,1,3,6,1.0,-0.0,0.0
R_005064,10,0.004,5.882810298918345e-05,0,1505,7,1505,6,1,4,6,1.0,-0.0,0.0
R_005065,10,0.004,5.968875365371697e-05,0,3102,1,1571,8,4,7,4,0.5,1.2130075659799042,0.875
R_005066,6,0.0024,4.4269473635340616e-05,0,1550,5,1550,6,1,0,6,1.0,-0.0,0.0
R_005067,4,0.0016,3.2292632794360404e-05,0,1559,4,1559,8,1,1,8,1.0,-0.0,0.0
R_005068,5,0.002,3.81772739306223e-05,0,1550,5,1550,7,1,0,7,1.0,-0.0,0.0
R_005069,5,0.002,3.5790782718167964e-05,0,1505,7,1505,5,1,4,5,1.0,-0.0,0.0
R_005070,5,0.002,3.897581254333819e-05,0,1565,2,1565,7,2,5,6,0.8571428571428571,0.410116318288409,0.5916727785823274
R_005071,9,0.0036,5.8362209976570705e-05,0,1628,0,1628,8,1,3,8,1.0,-0.0,0.0
R_005072,6,0.0024,4.084358471544709e-05,0,3102,6,1531,6,1,2,6,1.0,-0.0,0.0
R_005073,10,0.004,5.8998993135894486e-05,0,1505,7,1505,8,1,4,8,1.0,-0.0,0.0
R_005074,2,0.0008,2.2069359575563906e-05,0,1562,3,1562,5,2,6,4,0.8,0.5004024235381879,0.7219280948873623
R_005075,16,0.0064,8.97644655779666e-05,0,3102,6,1531,7,1,2,7,1.0,-0.0,0.0
R_005076,5,0.002,3.710572901110345e-05,0,1562,3,1562,6,2,6,5,0.8333333333333334,0.4505612088663046,0.6500224216483541
R_005077,3,0.0012,2.859585646691986e-05,0,1565,2,1565,7,2,5,6,0.8571428571428571,0.410116318288409,0.5916727785823274
R_005078,5,0.002,3.576054795548104e-05,0,3102,1,1571,6,4,2,2,0.3333333333333333,1.3296613488547582,0.9591479170272448
R_005079,9,0.0036,5.477262511913656e-05,0,1505,7,1505,8,1,4,8,1.0,-0.0,0.0
R_005080,11,0.0044,6.819205899433081e-05,0,1628,0,1628,8,1,3,8,1.0,-0.0,0.0
R_005081,4,0.0016,3.4079752441534085e-05,0,1565,2,1565,6,2,5,5,0.8333333333333334,0.4505612088663046,0.6500224216483541
R_005082,5,0.002,3.611907758022156e-05,0,3102,6,1531,6,1,2,6,1.0,-0.0,0.0
R_005083,4,0.0016,3.1293127401190976e-05,0,1505,7,1505,7,1,4,7,1.0,-0.0,0.0
R_005084,4,0.0016,3.406203845578251e-05,0,1565,2,1565,6,1,5,6,1.0,-0.0,0.0
R_005085,4,0.0016,3.1992450274537885e-05,0,3102,1,1571,5,3,7,3,0.6,0.9502705392332348,0.8649735207179272
R_005086,15,0.006,9.100989105769945e-05,0,1550,5,1550,8,1,0,8,1.0,-0.0,0.0
R_005087,4,0.0016,3.1025306094708914e-05,0,1505,7,1505,5,1,4,5,1.0,-0.0,0.0
R_005088,11,0.0044,6.428521027638369e-05,0,3102,6,1531,8,1,2,8,1.0,-0.0,0.0
R_005089,9,0.0036,6.167723672736378e-05,0,1565,2,1565,8,2,5,7,0.875,0.3767701612564367,0.5435644431995964
R_005090,8,0.0032,5.1422592978628395e-05,0,1559,4,1559,7,1,1,7,1.0,-0.0,0.0
R_005091,11,0.0044,6.691811306449314e-05,0,1562,3,1562,8,3,6,6,0.75,0.7356219397587946,0.6695919455357792
R_005092,5,0.002,3.733647304253007e-05,0,1562,3,1562,6,2,6,5,0.8333333333333334,0.4505612088663046,0.6500224216483541
R_005093,7,0.0028,5.0248458317028864e-05,0,1565,2,1565,8,2,5,7,0.875,0.3767701612564367,0.5435644431995964
R_005094,2,0.0008,2.2419404852091545e-05,0,1628,0,1628,5,1,3,5,1.0,-0.0,0.0
R_005095,10,0.004,6.427120304165324e-05,0,1550,5,1550,7,1,0,7,1.0,-0.0,0.0
R_005096,19,0.0076,0.00010177082812878225,0,3102,1,1571,8,4,7,5,0.625,1.073542846408523,0.7743974703476992
R_005097,7,0.0028,4.7825087793578014e-05,0,1628,0,1628,8,1,3,8,1.0,-0.0,0.0
R_005098,3,0.0012,2.7783115936844985e-05,0,1628,0,1628,6,1,3,6,1.0,-0.0,0.0
R_005099,11,0.0044,6.388206878049331e-05,0,3102,1,1571,7,3,7,5,0.7142857142857143,0.796311640173813,0.7248340915057598
R_005100,11,0.0044,6.319686601231788e-05,0,1505,7,1505,8,1,4,8,1.0,-0.0,0.0
R_005101,18,0.0072,9.675446868328274e-05,0,3102,1,1571,8,2,7,6,0.75,0.5623351446188083,0.8112781244591328
R_005102,6,0.0024,4.1688110670518124e-05,0,3102,6,1531,5,1,2,5,1.0,-0.0,0.0
R_005103,19,0.0076,0.00011235379929327779,0,1550,5,1550,8,1,0,8,1.0,-0.0,0.0
R_005104,3,0.0012,2.7922408209672432e-05,0,1550,5,1550,5,1,0,5,1.0,-0.0,0.0
R_005105,6,0.0024,4.1762182298552885e-05,0,1559,4,1559,6,1,1,6,1.0,-0.0,0.0
R_005106,7,0.0028,4.7449370643509664e-05,0,1628,0,1628,7,1,3,7,1.0,-0.0,0.0
R_005107,4,0.0016,3.2604844462613506e-05,0,1628,0,1628,5,1,3,5,1.0,-0.0,0.0
R_005108,10,0.004,5.9605782632144065e-05,0,1505,7,1505,7,1,4,7,1.0,-0.0,0.0
R_005109,8,0.0032,5.6090060846941906e-05,0,1565,2,1565,7,2,5,6,0.8571428571428571,0.410116318288409,0.5916727785823274
R_005110,8,0.0032,5.170690944619014e-05,0,1559,4,1559,6,1,1,6,1.0,-0.0,0.0
R_005111,9,0.0036,5.607743066069985e-05,0,1562,3,1562,8,3,6,6,0.75,0.7356219397587946,0.6695919455357792
R_005112,5,0.002,3.634434806758515e-05,0,3102,1,1571,5,4,7,2,0.4,1.3321790402101223,0.9609640474436812
R_005113,5,0.002,3.8838592438494146e-05,0,1565,2,1565,5,1,5,5,1.0,-0.0,0.0
R_005114,4,0.0016,3.26175078225143e-05,0,1559,4,1559,7,1,1,7,1.0,-0.0,0.0
R_005115,6,0.0024,4.305309754430153e-05,0,1562,3,1562,8,2,6,7,0.875,0.3767701612564367,0.5435644431995964
R_005116,2,0.0008,2.2506217554253466e-05,0,1628,0,1628,6,1,3,6,1.0,-0.0,0.0
R_005117,3,0.0012,2.804900130894996e-05,0,1550,5,1550,6,1,0,6,1.0,-0.0,0.0
R_005118,10,0.004,6.119712081437537e-05,0,1559,4,1559,8,1,1,8,1.0,-0.0,0.0
R_005119,5,0.002,3.685709718706804e-05,0,3102,6,1531,6,1,2,6,1.0,-0.0,0.0
R_005120,5,0.002,3.861965133123834e-05,0,1550,5,1550,7,1,0,7,1.0,-0.0,0.0
R_005121,11,0.0044,6.465944292026956e-05,0,3102,1,1571,8,4,7,4,0.5,1.2130075659799042,0.875
R_005122,12,0.0048,7.073867084283232e-05,0,3102,1,1571,8,4,7,5,0.625,1.073542846408523,0.7743974703476992
R_005123,4,0.0016,3.156768211621937e-05,0,3102,6,1531,6,1,2,6,1.0,-0.0,0.0
R_005124,9,0.0036,5.936776773665617e-05,0,1628,0,1628,7,1,3,7,1.0,-0.0,0.0
R_005125,3,0.0012,2.7935869979140387e-05,0,1550,5,1550,5,1,0,5,1.0,-0.0,0.0
R_005126,7,0.0028,4.5605250941505925e-05,0,3102,6,1531,7,1,2,7,1.0,-0.0,0.0
R_005127,7,0.0028,4.894316099615977e-05,0,1550,5,1550,6,1,0,6,1.0,-0.0,0.0
R_005128,11,0.0044,6.720836244645143e-05,0,1562,3,1562,8,3,6,6,0.75,0.7356219397587946,0.6695919455357792
R_005129,8,0.0032,5.1671278102441406e-05,0,1562,3,1562,6,2,6,5,0.8333333333333334,0.4505612088663046,0.6500224216483541
R_005130,9,0.0036,6.078211124510148e-05,0,1565,2,1565,8,1,5,8,1.0,-0.0,0.0
R_005131,8,0.0032,5.42408076782328e-05,0,1550,5,1550,6,1,0,6,1.0,-0.0,0.0
R_005132,0,0.0,1.2023710757614017e-05,1,1,19,1,5,1,5,5,1.0,-0.0,0.0
R_005133,8,0.0032,5.013569209056495e-05,0,3102,6,1531,6,1,2,6,1.0,-0.0,0.0
R_005134,3,0.0012,2.7873482800345075e-05,0,1562,3,1562,5,1,6,5,1.0,-0.0,0.0
R_005135,5,0.002,3.6123605999806135e-05,0,3102,1,1571,5,3,7,3,0.6,0.9502705392332348,0.8649735207179272
R_005136,11,0.0044,6.672429628037649e-05,0,1559,4,1559,8,1,1,8,1.0,-0.0,0.0
R_005137,10,0.004,6.19446774020449e-05,0,1559,4,1559,8,1,1,8,1.0,-0.0,0.0
R_005138,4,0.0016,3.208551982124482e-05,0,1562,3,1562,7,3,6,5,0.7142857142857143,0.796311640173813,0.7248340915057598
R_005139,2,0.0008,2.2301339111497315e-05,0,1562,3,1562,5,2,6,4,0.8,0.5004024235381879,0.7219280948873623
R_005140,7,0.0028,4.670123945718094e-05,0,1559,4,1559,7,1,1,7,1.0,-0.0,0.0
R_005141,4,0.0016,3.2283346790873425e-05,0,1628,0,1628,5,1,3,5,1.0,-0.0,0.0
R_005142,8,0.0032,5.243261632319565e-05,0,1562,3,1562,8,2,6,7,0.875,0.3767701612564367,0.5435644431995964
R_005143,3,0.0012,2.6777382929227167e-05,0,3102,6,1531,5,1,2,5,1.0,-0.0,0.0
R_005144,4,0.0016,3.263758800931675e-05,0,1628,0,1628,6,1,3,6,1.0,-0.0,0.0
R_005145,3,0.0012,2.818166706108724e-05,0,1565,2,1565,5,2,5,4,0.8,0.5004024235381879,0.7219280948873623
R_005146,4,0.0016,3.295292924681698e-05,0,1550,5,1550,7,1,0,7,1.0,-0.0,0.0
R_005147,3,0.0012,2.7148564717320647e-05,0,1562,3,1562,5,3,6,3,0.6,0.9502705392332348,0.8649735207179272
R_005148,12,0.0048,6.830788393764255e-05,0,3102,1,1571,7,3,7,5,0.7142857142857143,0.796311640173813,0.7248340915057598
R_005149,10,0.004,5.8980647171403945e-05,0,1505,7,1505,6,1,4,6,1.0,-0.0,0.0
R_005150,4,0.0016,3.302659717344308e-05,0,1550,5,1550,6,1,0,6,1.0,-0.0,0.0
R_005151,6,0.0024,4.523784473878637e-05,0,1565,2,1565,6,2,5,5,0.8333333333333334,0.4505612088663046,0.6500224216483541
R_005152,10,0.004,6.338401430226327e-05,0,1628,0,1628,8,1,3,8,1.0,-0.0,0.0
R_005153,3,0.0012,2.8123425175696687e-05,0,1550,5,1550,5,1,0,5,1.0,-0.0,0.0
R_005154,3,0.0012,2.719997492159593e-05,0,1562,3,1562,5,2,6,4,0.8,0.5004024235381879,0.7219280948873623
R_005155,3,0.0012,2.727776442432854e-05,0,1562,3,1562,5,2,6,4,0.8,0.5004024235381879,0.7219280948873623
R_005156,7,0.0028,4.776589132869725e-05,0,1628,0,1628,5,1,3,5,1.0,-0.0,0.0
R_005157,6,0.0024,4.473631572459149e-05,0,1565,2,1565,7,2,5,6,0.8571428571428571,0.410116318288409,0.5916727785823274
R_005158,4,0.0016,3.443101721925577e-05,0,1565,2,1565,7,2,5,6,0.8571428571428571,0.410116318288409,0.5916727785823274
R_005159,3,0.0012,2.8037249716106777e-05,0,1550,5,1550,6,1,0,6,1.0,-0.0,0.0
R_005160,7,0.0028,4.742818312470325e-05,0,1562,3,1562,7,2,6,6,0.8571428571428571,0.410116318288409,0.5916727785823274
R_005161,20,0.008,0.00011566286339080495,0,1628,0,1628,7,1,3,7,1.0,-0.0,0.0
R_005162,2,0.0008,2.2873563975139538e-05,0,1550,5,1550,6,1,0,6,1.0,-0.0,0.0
R_005163,5,0.002,3.643485490421549e-05,0,3102,1,1571,8,3,7,5,0.625,0.9002560512685369,0.8194483718728035
R_005164,8,0.0032,5.351574749968127e-05,0,1550,5,1550,8,1,0,8,1.0,-0.0,0.0
R_005165,1,0.0004,1.774586139227076e-05,0,1565,2,1565,5,2,5,4,0.8,0.5004024235381879,0.7219280948873623
R_005166,3,0.0012,2.7707310150189234e-05,0,1559,4,1559,5,1,1,5,1.0,-0.0,0.0
R_005167,6,0.0024,4.232995784664047e-05,0,1559,4,1559,6,1,1,6,1.0,-0.0,0.0
R_005168,7,0.0028,4.598046329234602e-05,0,3102,6,1531,5,1,2,5,1.0,-0.0,0.0
R_005169,7,0.0028,5.027745608315706e-05,0,1565,2,1565,7,1,5,7,1.0,-0.0,0.0
R_005170,8,0.0032,5.074411408137071e-05,0,3102,1,1571,8,4,7,5,0.625,1.073542846408523,0.7743974703476992
R_005171,4,0.0016,3.1145780170201805e-05,0,3102,6,1531,5,1,2,5,1.0,-0.0,0.0
R_005172,6,0.0024,4.0820554574866815e-05,0,3102,1,1571,5,3,2,2,0.4,1.0549201679861442,0.9602297178607612
R_005173,9,0.0036,5.726698626492038e-05,0,1562,3,1562,6,2,6,5,0.8333333333333334,0.4505612088663046,0.6500224216483541
R_005174,6,0.0024,4.186665260117084e-05,0,1562,3,1562,6,3,6,4,0.6666666666666666,0.8675632284814612,0.7896900821428474
R_005175,13,0.0052,8.266194296792572e-05,0,1565,2,1565,8,2,5,7,0.875,0.3767701612564367,0.5435644431995964
R_005176,9,0.0036,5.8111418646928186e-05,0,1628,0,1628,7,1,3,7,1.0,-0.0,0.0
R_005177,6,0.0024,4.304858049778368e-05,0,1550,5,1550,7,1,0,7,1.0,-0.0,0.0
R_005178,18,0.0072,9.817042591042646e-05,0,3102,6,1531,8,1,2,8,1.0,-0.0,0.0
R_005179,8,0.0032,5.3293403665164045e-05,0,1628,0,1628,7,1,3,7,1.0,-0.0,0.0
R_005180,1,0.0004,1.7003348275435038e-05,0,3102,1,1571,5,3,7,3,0.6,0.9502705392332348,0.8649735207179272
R_005181,7,0.0028,5.127981953694112e-05,0,1565,2,1565,8,2,5,7,0.875,0.3767701612564367,0.5435644431995964
R_005182,11,0.0044,6.488494809805808e-05,0,3102,1,1571,7,3,7,5,0.7142857142857143,0.796311640173813,0.7248340915057598
R_005183,8,0.0032,5.330150486955022e-05,0,1628,0,1628,7,1,3,7,1.0,-0.0,0.0
R_005184,11,0.0044,6.373010737487008e-05,0,1505,7,1505,8,1,4,8,1.0,-0.0,0.0
R_005185,8,0.0032,5.03220734309017e-05,0,3102,6,1531,7,1,2,7,1.0,-0.0,0.0
R_005186,9,0.0036,5.8308537638561775e-05,0,1628,0,1628,8,1,3,8,1.0,-0.0,0.0
R_005187,10,0.004,6.548092697401227e-05,0,1550,5,1550,8,1,0,8,1.0,-0.0,0.0
R_005188,9,0.0036,6.028480102079399e-05,0,1550,5,1550,5,1,0,5,1.0,-0.0,0.0
R_005189,16,0.0064,9.68033096511886e-05,0,1550,5,1550,8,1,0,8,1.0,-0.0,0.0
R_005190,8,0.0032,5.261063333342212e-05,0,1559,4,1559,5,1,1,5,1.0,-0.0,0.0
R_005191,11,0.0044,6.542234848670972e-05,0,3102,6,1531,7,1,2,7,1.0,-0.0,0.0
R_005192,5,0.002,3.583062007354957e-05,0,3102,1,1571,5,3,7,3,0.6,0.9502705392332348,0.8649735207179272
R_005193,7,0.0028,4.706743457004564e-05,0,1559,4,1559,5,1,1,5,1.0,-0.0,0.0
R_005194,26,0.0104,0.00014608568844291797,0,1628,0,1628,8,1,3,8,1.0,-0.0,0.0
R_005195,14,0.0056,8.649761886272698e-05,0,1550,5,1550,8,1,0,8,1.0,-0.0,0.0
R_005196,4,0.0016,3.321757862025855e-05,0,1550,5,1550,5,1,0,5,1.0,-0.0,0.0
R_005197,6,0.0024,4.080986405511279e-05,0,3102,1,1571,5,3,7,3,0.6,0.9502705392332348,0.8649735207179272
R_005198,8,0.0032,5.68872729383573e-05,0,1565,2,1565,6,2,5,5,0.8333333333333334,0.4505612088663046,0.6500224216483541
R_005199,5,0.002,3.7187485243366716e-05,0,1559,4,1559,7,1,1,7,1.0,-0.0,0.0
R_005200,3,0.0012,2.6735153160863265e-05,0,3102,6,1531,5,1,2,5,1.0,-0.0,0.0
R_005201,17,0.0068,0.00010020491406170106,0,1628,0,1628,8,1,3,8,1.0,-0.0,0.0
R_005202,6,0.0024,4.584207554740737e-05,0,1565,2,1565,8,2,5,7,0.875,0.3767701612564367,0.5435644431995964
R_005203,7,0.0028,4.574193894363995e-05,0,3102,6,1531,6,1,2,6,1.0,-0.0,0.0
R_005204,5,0.002,3.688957542585682e-05,0,1562,3,1562,5,1,6,5,1.0,-0.0,0.0
R_005205,7,0.0028,4.89346341069657e-05,0,1550,5,1550,5,1,0,5,1.0,-0.0,0.0
R_005206,5,0.002,3.790372850727311e-05,0,1562,3,1562,7,2,6,6,0.8571428571428571,0.410116318288409,0.5916727785823274
R_005207,4,0.0016,3.1314646731344556e-05,0,3102,1,1571,5,4,7,2,0.4,1.3321790402101223,0.9609640474436812
R_005208,2,0.0008,2.2383256374828145e-05,0,1628,0,1628,6,1,3,6,1.0,-0.0,0.0
R_005209,16,0.0064,9.083689738122046e-05,0,1559,4,1559,7,1,1,7,1.0,-0.0,0.0
R_005210,10,0.004,5.947078085844876e-05,0,1505,7,1505,8,1,4,8,1.0,-0.0,0.0
R_005211,6,0.0024,4.537935226371258e-05,0,1565,2,1565,5,1,5,5,1.0,-0.0,0.0
R_005212,8,0.0032,5.3806064676361854e-05,0,1628,0,1628,6,1,3,6,1.0,-0.0,0.0
R_005213,6,0.0024,4.0500440895811825e-05,0,1505,7,1505,6,1,4,6,1.0,-0.0,0.0
R_005214,2,0.0008,2.2948199319690633e-05,0,1565,2,1565,5,2,5,4,0.8,0.5004024235381879,0.7219280948873623
R_005215,6,0.0024,4.0266205953620955e-05,0,3102,1,1571,7,4,7,4,0.5714285714285714,1.1537419427010902,0.8322488896002307
R_005216,6,0.0024,4.387848232714552e-05,0,1550,5,1550,6,1,0,6,1.0,-0.0,0.0
R_005217,8,0.0032,5.2150394427952715e-05,0,1562,3,1562,8,2,6,7,0.875,0.3767701612564367,0.5435644431995964
R_005218,6,0.0024,4.028484996146846e-05,0,1505,7,1505,5,1,4,5,1.0,-0.0,0.0
R_005219,7,0.0028,5.0496820932891204e-05,0,1565,2,1565,5,1,5,5,1.0,-0.0,0.0
R_005220,8,0.0032,5.0435832396815674e-05,0,3102,6,1531,8,1,2,8,1.0,-0.0,0.0
R_005221,7,0.0028,5.0272229518776274e-05,0,1565,2,1565,8,2,5,7,0.875,0.3767701612564367,0.5435644431995964
R_005222,13,0.0052,7.866979222811311e-05,0,1628,0,1628,8,1,3,8,1.0,-0.0,0.0
R_005223,12,0.0048,7.800167862667908e-05,0,1565,2,1565,7,2,5,6,0.8571428571428571,0.410116318288409,0.5916727785823274
R_005224,3,0.0012,2.8318970885953185e-05,0,1550,5,1550,8,1,0,8,1.0,-0.0,0.0
R_005225,10,0.004,6.754177016110717e-05,0,1565,2,1565,6,1,5,6,1.0,-0.0,0.0
R_005226,4,0.0016,3.1431773720740984e-05,0,1559,4,1559,7,1,1,7,1.0,-0.0,0.0
R_005227,13,0.0052,7.99260857588399e-05,0,1550,5,1550,8,1,0,8,1.0,-0.0,0.0
R_005228,12,0.0048,6.940976976982721e-05,0,1505,7,1505,8,1,4,8,1.0,-0.0,0.0
R_005229,5,0.002,3.988049091735552e-05,0,1565,2,1565,8,2,5,7,0.875,0.3767701612564367,0.5435644431995964
R_005230,7,0.0028,4.8954083282198316e-05,0,1550,5,1550,7,1,0,7,1.0,-0.0,0.0
R_005231,3,0.0012,2.6828740408381274e-05,0,3102,6,1531,8,1,2,8,1.0,-0.0,0.0
R_005232,4,0.0016,3.27820926498489e-05,0,1628,0,1628,5,1,3,5,1.0,-0.0,0.0
R_005233,6,0.0024,4.047475290573086e-05,0,3102,1,1571,6,3,7,4,0.6666666666666666,0.8675632284814612,0.7896900821428474
R_005234,3,0.0012,2.769635453561359e-05,0,1562,3,1562,5,1,6,5,1.0,-0.0,0.0
R_005235,5,0.002,3.734772773932384e-05,0,1559,4,1559,7,1,1,7,1.0,-0.0,0.0
R_005236,6,0.0024,4.168483091497035e-05,0,3102,1,1571,7,4,7,3,0.4285714285714285,1.277034259466139,0.9211854965885544
R_005237,10,0.004,6.453244935462592e-05,0,1550,5,1550,8,1,0,8,1.0,-0.0,0.0
R_005238,8,0.0032,5.015697221835612e-05,0,3102,1,1571,7,4,7,3,0.4285714285714285,1.277034259466139,0.9211854965885544
R_005239,16,0.0064,9.393068432939514e-05,0,1628,0,1628,7,1,3,7,1.0,-0.0,0.0
R_005240,19,0.0076,0.00010716881222656351,0,1559,4,1559,7,1,1,7,1.0,-0.0,0.0
R_005241,5,0.002,3.758224509764916e-05,0,1559,4,1559,8,1,1,8,1.0,-0.0,0.0
R_005242,5,0.002,3.8612395644166553e-05,0,1550,5,1550,6,1,0,6,1.0,-0.0,0.0
R_005243,5,0.002,3.627457819024016e-05,0,3102,6,1531,5,1,2,5,1.0,-0.0,0.0
R_005244,5,0.002,3.712022441260035e-05,0,1562,3,1562,5,2,6,4,0.8,0.5004024235381879,0.7219280948873623
R_005245,11,0.0044,6.516440106508525e-05,0,3102,6,1531,8,1,2,8,1.0,-0.0,0.0
R_005246,4,0.0016,3.119153943440435e-05,0,3102,1,1571,5,3,7,3,0.6,0.9502705392332348,0.8649735207179272
R_005247,3,0.0012,2.7574450828285162e-05,0,1562,3,1562,5,1,6,5,1.0,-0.0,0.0
R_005248,6,0.0024,4.281320822442159e-05,0,1628,0,1628,5,1,3,5,1.0,-0.0,0.0
R_005249,10,0.004,5.97287545722313e-05,0,3102,1,1571,8,4,7,4,0.5,1.2130075659799042,0.875
R_005250,11,0.0044,6.52037771683567e-05,0,3102,1,1571,7,2,7,5,0.7142857142857143,0.5982695885852573,0.8631205685666311
R_005251,10,0.004,6.293842507491372e-05,0,1562,3,1562,8,2,6,7,0.875,0.3767701612564367,0.5435644431995964
R_005252,11,0.0044,6.691289692114482e-05,0,1559,4,1559,6,1,1,6,1.0,-0.0,0.0
R_005253,4,0.0016,3.1633333614696836e-05,0,3102,6,1531,5,1,2,5,1.0,-0.0,0.0
R_005254,6,0.0024,4.321400675585557e-05,0,1550,5,1550,6,1,0,6,1.0,-0.0,0.0
R_005255,2,0.0008,2.248304845818087e-05,0,1559,4,1559,5,1,1,5,1.0,-0.0,0.0
R_005256,6,0.0024,4.191435580171533e-05,0,1562,3,1562,5,2,6,4,0.8,0.5004024235381879,0.7219280948873623
R_005257,8,0.0032,5.3729550330098516e-05,0,1628,0,1628,5,1,3,5,1.0,-0.0,0.0
R_005258,2,0.0008,2.2689658292893743e-05,0,1628,0,1628,5,1,3,5,1.0,-0.0,0.0
R_005259,6,0.0024,4.056392930812718e-05,0,3102,1,1571,7,3,7,5,0.7142857142857143,0.796311640173813,0.7248340915057598
R_005260,15,0.006,8.454579417224473e-05,0,3102,6,1531,7,1,2,7,1.0,-0.0,0.0
R_005261,9,0.0036,5.652756628759616e-05,0,1559,4,1559,8,1,1,8,1.0,-0.0,0.0
R_005262,5,0.002,3.8370547791091906e-05,0,1550,5,1550,5,1,0,5,1.0,-0.0,0.0
R_005263,5,0.002,3.768823952946567e-05,0,1628,0,1628,5,1,3,5,1.0,-0.0,0.0
R_005264,3,0.0012,2.7587891310197237e-05,0,1550,5,1550,6,1,0,6,1.0,-0.0,0.0
R_005265,9,0.0036,5.539622662538037e-05,0,3102,1,1571,5,3,7,3,0.6,0.9502705392332348,0.8649735207179272
R_005266,5,0.002,4.022393624496548e-05,0,1565,2,1565,6,2,5,5,0.8333333333333334,0.4505612088663046,0.6500224216483541
R_005267,8,0.0032,5.081693024104748e-05,0,3102,6,1531,7,1,2,7,1.0,-0.0,0.0
R_005268,8,0.0032,5.091330777477551e-05,0,3102,6,1531,8,1,2,8,1.0,-0.0,0.0
R_005269,4,0.0016,3.129601060738705e-05,0,3102,1,1571,5,4,7,2,0.4,1.3321790402101223,0.9609640474436812
R_005270,5,0.002,3.660275848150014e-05,0,3102,6,1531,5,1,2,5,1.0,-0.0,0.0
R_005271,11,0.0044,6.464402125971334e-05,0,3102,6,1531,8,1,2,8,1.0,-0.0,0.0
R_005272,8,0.0032,5.455819457955565e-05,0,1550,5,1550,8,1,0,8,1.0,-0.0,0.0
R_005273,9,0.0036,6.075474843878746e-05,0,1565,2,1565,7,2,5,6,0.8571428571428571,0.410116318288409,0.5916727785823274
R_005274,5,0.002,3.8577080845789326e-05,0,1550,5,1550,6,1,0,6,1.0,-0.0,0.0
R_005275,10,0.004,5.9441712159121634e-05,0,1505,7,1505,8,1,4,8,1.0,-0.0,0.0
R_005276,3,0.0012,2.7570963174866594e-05,0,1628,0,1628,6,1,3,6,1.0,-0.0,0.0
R_005277,6,0.0024,4.1977715472258846e-05,0,1562,3,1562,5,2,6,4,0.8,0.5004024235381879,0.7219280948873623
R_005278,11,0.0044,6.465092959921603e-05,0,3102,6,1531,7,1,2,7,1.0,-0.0,0.0
R_005279,9,0.0036,5.723481778647605e-05,0,1562,3,1562,8,3,6,6,0.75,0.7356219397587946,0.6695919455357792
R_005280,11,0.0044,6.37030870026265e-05,0,1505,7,1505,8,1,4,8,1.0,-0.0,0.0
R_005281,18,0.0072,9.732015001342431e-05,0,3102,6,1531,8,1,2,8,1.0,-0.0,0.0
R_005282,2,0.0008,2.2098997987951902e-05,0,1562,3,1562,5,2,6,4,0.8,0.5004024235381879,0.7219280948873623
R_005283,3,0.0012,2.6731979912693495e-05,0,1559,4,1559,6,1,1,6,1.0,-0.0,0.0
R_005284,8,0.0032,5.470152432861223e-05,0,1550,5,1550,6,1,0,6,1.0,-0.0,0.0
R_005285,5,0.002,3.7950977965655805e-05,0,1550,5,1550,5,1,0,5,1.0,-0.0,0.0
R_005286,14,0.0056,8.359891631527329e-05,0,1628,0,1628,8,1,3,8,1.0,-0.0,0.0
R_005287,9,0.0036,5.798911498815796e-05,0,1628,0,1628,6,1,3,6,1.0,-0.0,0.0
R_005288,22,0.0088,0.00012738735901822134,0,1550,5,1550,7,1,0,7,1.0,-0.0,0.0
R_005289,11,0.0044,6.984016232578006e-05,0,1550,5,1550,8,1,0,8,1.0,-0.0,0.0
R_005290,12,0.0048,7.237945830933996e-05,0,1562,3,1562,8,2,6,7,0.875,0.3767701612564367,0.5435644431995964
R_005291,2,0.0008,2.2781614503899545e-05,0,1628,0,1628,5,1,3,5,1.0,-0.0,0.0
R_005292,11,0.0044,6.446125170817772e-05,0,3102,6,1531,8,1,2,8,1.0,-0.0,0.0
R_005293,13,0.0052,7.339188578185268e-05,0,1505,7,1505,8,1,4,8,1.0,-0.0,0.0
R_005294,7,0.0028,4.5514366092008445e-05,0,1505,7,1505,7,1,4,7,1.0,-0.0,0.0
R_005295,5,0.002,3.821226150866607e-05,0,1550,5,1550,7,1,0,7,1.0,-0.0,0.0
R_005296,7,0.0028,4.799397548096477e-05,0,1628,0,1628,8,1,3,8,1.0,-0.0,0.0
R_005297,3,0.0012,2.661891857866699e-05,0,3102,6,1531,5,1,2,5,1.0,-0.0,0.0
R_005298,9,0.0036,5.4124371633244624e-05,0,1505,7,1505,7,1,4,7,1.0,-0.0,0.0
R_005299,5,0.002,3.601934398992336e-05,0,3102,6,1531,6,1,2,6,1.0,-0.0,0.0
R_005300,7,0.0028,4.706173180026369e-05,0,1559,4,1559,6,1,1,6,1.0,-0.0,0.0
R_005301,10,0.004,6.302299079088343e-05,0,1628,0,1628,8,1,3,8,1.0,-0.0,0.0
R_005302,6,0.0024,4.217216636230363e-05,0,1562,3,1562,7,3,6,5,0.7142857142857143,0.796311640173813,0.7248340915057598
R_005303,11,0.0044,7.249918025032976e-05,0,1565,2,1565,5,2,5,4,0.8,0.5004024235381879,0.7219280948873623
R_005304,3,0.0012,2.7608275727311247e-05,0,1628,0,1628,5,1,3,5,1.0,-0.0,0.0
R_005305,16,0.0064,9.490827058844742e-05,0,1628,0,1628,8,1,3,8,1.0,-0.0,0.0
R_005306,4,0.0016,3.126190452312693e-05,0,3102,1,1571,5,3,2,2,0.4,1.0549201679861442,0.9602297178607612
R_005307,11,0.0044,7.235509183502219e-05,0,1565,2,1565,8,1,5,8,1.0,-0.0,0.0
R_005308,10,0.004,5.93871346126283e-05,0,1505,7,1505,7,1,4,7,1.0,-0.0,0.0
R_005309,7,0.0028,4.5483842914283096e-05,0,1505,7,1505,6,1,4,6,1.0,-0.0,0.0
R_005310,5,0.002,3.570369192288923e-05,0,1505,7,1505,6,1,4,6,1.0,-0.0,0.0
R_005311,7,0.0028,4.791126234104205e-05,0,1559,4,1559,5,1,1,5,1.0,-0.0,0.0
R_005312,15,0.006,9.060809701245238e-05,0,1550,5,1550,7,1,0,7,1.0,-0.0,0.0
R_005313,4,0.0016,3.272841444496675e-05,0,1628,0,1628,6,1,3,6,1.0,-0.0,0.0
R_005314,21,0.0084,0.00012628455829915742,0,1565,2,1565,8,2,5,7,0.875,0.3767701612564367,0.5435644431995964
R_005315,13,0.0052,7.499639966422776e-05,0,3102,6,1531,8,1,2,8,1.0,-0.0,0.0
R_005316,5,0.002,3.795469662924866e-05,0,1628,0,1628,5,1,3,5,1.0,-0.0,0.0
R_005317,8,0.0032,5.0340411809496316e-05,0,3102,1,1571,7,3,7,4,0.5714285714285714,0.9556998911125344,0.8699155297736259
R_005318,8,0.0032,5.308044617021287e-05,0,1562,3,1562,7,3,6,5,0.7142857142857143,0.796311640173813,0.7248340915057598
R_005319,2,0.0008,2.193342933889794e-05,0,3102,1,1571,5,3,7,3,0.6,0.9502705392332348,0.8649735207179272
R_005320,7,0.0028,4.4721028114964466e-05,0,1505,7,1505,8,1,4,8,1.0,-0.0,0.0
R_005321,9,0.0036,6.092115003715679e-05,0,1565,2,1565,5,1,5,5,1.0,-0.0,0.0
R_005322,8,0.0032,4.994061058695954e-05,0,1505,7,1505,6,1,4,6,1.0,-0.0,0.0
R_005323,7,0.0028,4.522253039911435e-05,0,1505,7,1505,6,1,4,6,1.0,-0.0,0.0
R_005324,14,0.0056,8.217930139266405e-05,0,1562,3,1562,7,2,6,6,0.8571428571428571,0.410116318288409,0.5916727785823274
R_005325,7,0.0028,4.742942477168195e-05,0,1628,0,1628,7,1,3,7,1.0,-0.0,0.0
R_005326,20,0.008,0.00010803580354216081,0,3102,1,1571,8,4,7,5,0.625,1.073542846408523,0.7743974703476992
R_005327,6,0.0024,3.9981702644535256e-05,0,1505,7,1505,5,1,4,5,1.0,-0.0,0.0
R_005328,4,0.0016,3.333408930395263e-05,0,1550,5,1550,8,1,0,8,1.0,-0.0,0.0
R_005329,7,0.0028,4.752800495342433e-05,0,1562,3,1562,6,2,6,5,0.8333333333333334,0.4505612088663046,0.6500224216483541
R_005330,5,0.002,3.840328338419044e-05,0,1550,5,1550,6,1,0,6,1.0,-0.0,0.0
R_005331,4,0.0016,3.471491734616431e-05,0,1565,2,1565,5,1,5,5,1.0,-0.0,0.0
R_005332,25,0.01,0.00014013288226652338,0,1628,0,1628,8,1,3,8,1.0,-0.0,0.0
R_005333,7,0.0028,4.507361956235294e-05,0,3102,1,1571,7,4,7,4,0.5714285714285714,1.1537419427010902,0.8322488896002307
R_005334,7,0.0028,4.738529662723177e-05,0,1559,4,1559,7,1,1,7,1.0,-0.0,0.0
R_005335,5,0.002,3.827326116176923e-05,0,1628,0,1628,5,1,3,5,1.0,-0.0,0.0
R_005336,10,0.004,6.493450775072371e-05,0,1550,5,1550,8,1,0,8,1.0,-0.0,0.0
R_005337,5,0.002,3.687355560756925e-05,0,1562,3,1562,5,1,6,5,1.0,-0.0,0.0
R_005338,8,0.0032,5.595690247042699e-05,0,1565,2,1565,6,1,5,6,1.0,-0.0,0.0
R_005339,12,0.0048,7.812013604811927e-05,0,1565,2,1565,7,1,5,7,1.0,-0.0,0.0
R_005340,9,0.0036,5.8293294378871335e-05,0,1628,0,1628,8,1,3,8,1.0,-0.0,0.0
R_005341,16,0.0064,8.85839343449069e-05,0,3102,1,1571,8,4,7,5,0.625,1.073542846408523,0.7743974703476992
R_005342,1,0.0004,1.754819953592744e-05,0,1565,2,1565,5,1,5,5,1.0,-0.0,0.0
R_005343,5,0.002,3.5970449799588766e-05,0,3102,1,1571,5,4,7,2,0.4,1.3321790402101223,0.9609640474436812
R_005344,7,0.0028,4.512704666415445e-05,0,3102,1,1571,6,3,7,4,0.6666666666666666,0.8675632284814612,0.7896900821428474
R_005345,5,0.002,3.571990262872323e-05,0,3102,1,1571,5,3,7,3,0.6,0.9502705392332348,0.8649735207179272
R_005346,5,0.002,3.96099175104843e-05,0,1565,2,1565,5,1,5,5,1.0,-0.0,0.0
R_005347,4,0.0016,3.217725586585068e-05,0,1562,3,1562,6,3,6,4,0.6666666666666666,0.8675632284814612,0.7896900821428474
R_005348,7,0.0028,4.666804642352322e-05,0,1559,4,1559,5,1,1,5,1.0,-0.0,0.0
R_005349,1,0.0004,1.7639717876815483e-05,0,1565,2,1565,5,2,5,4,0.8,0.5004024235381879,0.7219280948873623
R_005350,14,0.0056,8.900056998455717e-05,0,1565,2,1565,7,2,5,6,0.8571428571428571,0.410116318288409,0.5916727785823274
R_005351,8,0.0032,5.2581242167606115e-05,0,1562,3,1562,8,2,6,7,0.875,0.3767701612564367,0.5435644431995964
R_005352,9,0.0036,5.9778346349093756e-05,0,1550,5,1550,6,1,0,6,1.0,-0.0,0.0
R_005353,3,0.0012,2.629821526541575e-05,0,1505,7,1505,5,1,4,5,1.0,-0.0,0.0
R_005354,12,0.0048,7.028098872601278e-05,0,3102,6,1531,7,1,2,7,1.0,-0.0,0.0
R_005355,3,0.0012,2.6302462265637424e-05,0,3102,6,1531,5,1,2,5,1.0,-0.0,0.0
R_005356,9,0.0036,5.44917500114724e-05,0,1505,7,1505,8,1,4,8,1.0,-0.0,0.0
R_005357,8,0.0032,5.078604671095981e-05,0,3102,1,1571,5,2,7,3,0.6,0.6730116670092565,0.9709505944546688
R_005358,14,0.0056,7.87104909173822e-05,0,3102,6,1531,7,1,2,7,1.0,-0.0,0.0
R_005359,8,0.0032,5.45989105559593e-05,0,1550,5,1550,7,1,0,7,1.0,-0.0,0.0
R_005360,6,0.0024,4.313563167267325e-05,0,1628,0,1628,5,1,3,5,1.0,-0.0,0.0
R_005361,9,0.0036,5.826448801969105e-05,0,1562,3,1562,7,2,6,6,0.8571428571428571,0.410116318288409,0.5916727785823274
R_005362,2,0.0008,2.312421810939985e-05,0,1565,2,1565,5,2,5,4,0.8,0.5004024235381879,0.7219280948873623
R_005363,6,0.0024,4.257539553154825e-05,0,1559,4,1559,5,1,1,5,1.0,-0.0,0.0
R_005364,4,0.0016,3.4623532523640734e-05,0,1565,2,1565,5,1,5,5,1.0,-0.0,0.0
R_005365,12,0.0048,7.696988901449497e-05,0,1565,2,1565,8,2,5,7,0.875,0.3767701612564367,0.5435644431995964
R_005366,10,0.004,6.469276298490251e-05,0,1550,5,1550,7,1,0,7,1.0,-0.0,0.0
R_005367,3,0.0012,2.6762297860214038e-05,0,1559,4,1559,6,1,1,6,1.0,-0.0,0.0
R_005368,3,0.0012,2.748063013189681e-05,0,1628,0,1628,5,1,3,5,1.0,-0.0,0.0
R_005369,8,0.0032,5.290520248010543e-05,0,1628,0,1628,6,1,3,6,1.0,-0.0,0.0
R_005370,14,0.0056,8.360931220322747e-05,0,1628,0,1628,7,1,3,7,1.0,-0.0,0.0
R_005371,11,0.0044,6.908807278668294e-05,0,1628,0,1628,6,1,3,6,1.0,-0.0,0.0
R_005372,18,0.0072,9.865157770235603e-05,0,3102,6,1531,7,1,2,7,1.0,-0.0,0.0
R_005373,22,0.0088,0.0001258420421600487,0,1628,0,1628,8,1,3,8,1.0,-0.0,0.0
R_005374,13,0.0052,7.679900222747207e-05,0,1562,3,1562,8,3,6,6,0.75,0.7356219397587946,0.6695919455357792
R_005375,6,0.0024,4.359532744459017e-05,0,1550,5,1550,5,1,0,5,1.0,-0.0,0.0
R_005376,3,0.0012,2.6787146790812683e-05,0,3102,6,1531,5,1,2,5,1.0,-0.0,0.0
R_005377,6,0.0024,4.070339375182212e-05,0,1505,7,1505,5,1,4,5,1.0,-0.0,0.0
R_005378,8,0.0032,5.071881954389618e-05,0,3102,1,1571,7,3,7,5,0.7142857142857143,0.796311640173813,0.7248340915057598
R_005379,12,0.0048,7.330000773753696e-05,0,1628,0,1628,7,1,3,7,1.0,-0.0,0.0
R_005380,3,0.0012,2.856938003278724e-05,0,1565,2,1565,6,2,5,5,0.8333333333333334,0.4505612088663046,0.6500224216483541
R_005381,2,0.0008,2.334731480427575e-05,0,1550,5,1550,6,1,0,6,1.0,-0.0,0.0
R_005382,13,0.0052,7.529861386716052e-05,0,3102,6,1531,6,1,2,6,1.0,-0.0,0.0
R_005383,9,0.0036,5.731928738798601e-05,0,1562,3,1562,7,2,6,6,0.8571428571428571,0.410116318288409,0.5916727785823274
R_005384,7,0.0028,4.97245837869991e-05,0,1565,2,1565,6,1,5,6,1.0,-0.0,0.0
R_005385,28,0.0112,0.0001447462670921873,0,1505,7,1505,8,1,4,8,1.0,-0.0,0.0
R_005386,6,0.0024,4.342314274283846e-05,0,1550,5,1550,6,1,0,6,1.0,-0.0,0.0
R_005387,5,0.002,3.606868516988547e-05,0,3102,6,1531,5,1,2,5,1.0,-0.0,0.0
R_005388,11,0.0044,6.73893118306966e-05,0,1559,4,1559,7,1,1,7,1.0,-0.0,0.0
R_005389,16,0.0064,8.853201229784841e-05,0,3102,6,1531,8,1,2,8,1.0,-0.0,0.0
R_005390,5,0.002,3.7874254467084364e-05,0,1628,0,1628,8,1,3,8,1.0,-0.0,0.0
R_005391,3,0.0012,2.7204370750198218e-05,0,1559,4,1559,6,1,1,6,1.0,-0.0,0.0
R_005392,7,0.0028,4.685096205514485e-05,0,1559,4,1559,8,1,1,8,1.0,-0.0,0.0
R_005393,4,0.0016,3.432070643552347e-05,0,1565,2,1565,6,2,5,5,0.8333333333333334,0.4505612088663046,0.6500224216483541
R_005394,9,0.0036,5.595816194252982e-05,0,3102,1,1571,6,3,7,4,0.6666666666666666,0.8675632284814612,0.7896900821428474
R_005395,10,0.004,5.946396982203397e-05,0,1505,7,1505,6,1,4,6,1.0,-0.0,0.0
R_005396,8,0.0032,5.166795330970119e-05,0,1559,4,1559,7,1,1,7,1.0,-0.0,0.0
R_005397,7,0.0028,4.5301775157613376e-05,0,3102,6,1531,7,1,2,7,1.0,-0.0,0.0
R_005398,9,0.0036,5.8039032596755845e-05,0,1562,3,1562,8,3,6,6,0.75,0.7356219397587946,0.6695919455357792
R_005399,12,0.0048,7.395958854823723e-05,0,1628,0,1628,6,1,3,6,1.0,-0.0,0.0
R_005400,7,0.0028,4.581069731528927e-05,0,1505,7,1505,7,1,4,7,1.0,-0.0,0.0
R_005401,20,0.008,0.00011756439849048585,0,1550,5,1550,8,1,0,8,1.0,-0.0,0.0
R_005402,8,0.0032,5.309422911650213e-05,0,1628,0,1628,7,1,3,7,1.0,-0.0,0.0
R_005403,14,0.0056,8.378411381125143e-05,0,1628,0,1628,5,1,3,5,1.0,-0.0,0.0
R_005404,11,0.0044,6.548138375751363e-05,0,3102,6,1531,7,1,2,7,1.0,-0.0,0.0
R_005405,14,0.0056,8.552906011236825e-05,0,1550,5,1550,7,1,0,7,1.0,-0.0,0.0
R_005406,7,0.0028,4.736142218756063e-05,0,1562,3,1562,8,3,6,6,0.75,0.7356219397587946,0.6695919455357792
R_005407,20,0.008,0.0001180712522669408,0,1550,5,1550,6,1,0,6,1.0,-0.0,0.0
R_005408,4,0.0016,3.109755635152579e-05,0,3102,1,1571,5,2,7,4,0.8,0.5004024235381879,0.7219280948873623
R_005409,4,0.0016,3.429956285189112e-05,0,1565,2,1565,5,1,5,5,1.0,-0.0,0.0
R_005410,6,0.0024,4.081084712237377e-05,0,3102,6,1531,7,1,2,7,1.0,-0.0,0.0
R_005411,19,0.0076,0.00010258668492860897,0,1505,7,1505,8,1,4,8,1.0,-0.0,0.0
R_005412,3,0.0012,2.7086391609507386e-05,0,1562,3,1562,5,2,6,4,0.8,0.5004024235381879,0.7219280948873623
R_005413,8,0.0032,5.026155723740321e-05,0,3102,1,1571,6,3,7,4,0.6666666666666666,0.8675632284814612,0.7896900821428474
R_005414,6,0.0024,4.3008362901926336e-05,0,1628,0,1628,7,1,3,7,1.0,-0.0,0.0
R_005415,6,0.0024,4.534954931980994e-05,0,1565,2,1565,7,2,5,6,0.8571428571428571,0.410116318288409,0.5916727785823274
R_005416,8,0.0032,5.24107872032813e-05,0,1562,3,1562,8,3,6,6,0.75,0.7356219397587946,0.6695919455357792
R_005417,7,0.0028,4.714744309629145e-05,0,1559,4,1559,6,1,1,6,1.0,-0.0,0.0
R_005418,8,0.0032,5.008849991171337e-05,0,3102,6,1531,6,1,2,6,1.0,-0.0,0.0
R_005419,8,0.0032,5.453656967225498e-05,0,1550,5,1550,5,1,0,5,1.0,-0.0,0.0
R_005420,5,0.002,3.6116976668139054e-05,0,1505,7,1505,8,1,4,8,1.0,-0.0,0.0
R_005421,8,0.0032,5.3787497618086865e-05,0,1550,5,1550,8,1,0,8,1.0,-0.0,0.0
R_005422,10,0.004,5.968648170472622e-05,0,3102,1,1571,8,4,7,5,0.625,1.073542846408523,0.7743974703476992
R_005423,9,0.0036,6.116664968949935e-05,0,1565,2,1565,7,2,5,6,0.8571428571428571,0.410116318288409,0.5916727785823274
R_005424,6,0.0024,4.552572617627709e-05,0,1565,2,1565,6,2,5,5,0.8333333333333334,0.4505612088663046,0.6500224216483541
R_005425,12,0.0048,6.847373709430557e-05,0,1505,7,1505,8,1,4,8,1.0,-0.0,0.0
R_005426,6,0.0024,4.2398720476283095e-05,0,1559,4,1559,5,1,1,5,1.0,-0.0,0.0
R_005427,8,0.0032,5.047605341955523e-05,0,3102,1,1571,6,3,7,3,0.5,1.0114042647073518,0.920619835714305
R_005428,17,0.0068,9.891851159050431e-05,0,1628,0,1628,7,1,3,7,1.0,-0.0,0.0
R_005429,5,0.002,3.799666702327237e-05,0,1628,0,1628,6,1,3,6,1.0,-0.0,0.0
R_005430,2,0.0008,2.186252582510692e-05,0,1562,3,1562,5,2,6,4,0.8,0.5004024235381879,0.7219280948873623
R_005431,7,0.0028,4.622783609741634e-05,0,3102,6,1531,7,1,2,7,1.0,-0.0,0.0
R_005432,12,0.0048,7.351680654651583e-05,0,1628,0,1628,8,1,3,8,1.0,-0.0,0.0
R_005433,12,0.0048,7.068643279122889e-05,0,3102,6,1531,8,1,2,8,1.0,-0.0,0.0
R_005434,7,0.0028,4.511236046292992e-05,0,1505,7,1505,5,1,4,5,1.0,-0.0,0.0
R_005435,5,0.002,3.821829044584968e-05,0,1550,5,1550,6,1,0,6,1.0,-0.0,0.0
R_005436,6,0.0024,4.239828638528175e-05,0,1559,4,1559,6,1,1,6,1.0,-0.0,0.0
R_005437,8,0.0032,5.25339016719679e-05,0,1562,3,1562,6,3,6,4,0.6666666666666666,0.8675632284814612,0.7896900821428474
R_005438,6,0.0024,4.060948664120669e-05,0,3102,1,1571,5,3,7,3,0.6,0.9502705392332348,0.8649735207179272
R_005439,9,0.0036,5.875132611890633e-05,0,1559,4,1559,8,1,1,8,1.0,-0.0,0.0
R_005440,10,0.004,5.9042968300490186e-05,0,1505,7,1505,7,1,4,7,1.0,-0.0,0.0
R_005441,3,0.0012,2.7827238241647747e-05,0,1550,5,1550,5,1,0,5,1.0,-0.0,0.0
R_005442,4,0.0016,3.248971008993884e-05,0,1628,0,1628,5,1,3,5,1.0,-0.0,0.0
R_005443,9,0.0036,5.8464990549435724e-05,0,1550,5,1550,8,1,0,8,1.0,-0.0,0.0
R_005444,8,0.0032,5.209384897761148e-05,0,1559,4,1559,7,1,1,7,1.0,-0.0,0.0
R_005445,9,0.0036,5.540462751295348e-05,0,1505,7,1505,7,1,4,7,1.0,-0.0,0.0
R_005446,17,0.0068,9.280470981575651e-05,0,1505,7,1505,8,1,4,8,1.0,-0.0,0.0
R_005447,22,0.0088,0.0001220356319711759,0,1562,3,1562,8,3,6,6,0.75,0.7356219397587946,0.6695919455357792
R_005448,3,0.0012,2.8487665696826283e-05,0,1565,2,1565,6,2,5,5,0.8333333333333334,0.4505612088663046,0.6500224216483541
R_005449,5,0.002,3.6809778946168106e-05,0,1559,4,1559,5,1,1,5,1.0,-0.0,0.0
R_005450,11,0.0044,6.746567185558636e-05,0,1559,4,1559,8,1,1,8,1.0,-0.0,0.0
R_005451,7,0.0028,4.8968817778104236e-05,0,1550,5,1550,8,1,0,8,1.0,-0.0,0.0
R_005452,11,0.0044,6.9319464927877e-05,0,1628,0,1628,7,1,3,7,1.0,-0.0,0.0
R_005453,8,0.0032,5.406396839228492e-05,0,1550,5,1550,6,1,0,6,1.0,-0.0,0.0
R_005454,7,0.0028,4.926743004207388e-05,0,1550,5,1550,5,1,0,5,1.0,-0.0,0.0
R_005455,8,0.0032,5.4299518382883226e-05,0,1550,5,1550,6,1,0,6,1.0,-0.0,0.0
R_005456,30,0.012,0.00015382481672278364,0,3102,1,1571,8,3,7,5,0.625,0.9002560512685369,0.8194483718728035
R_005457,23,0.0092,0.0001317988090181971,0,1550,5,1550,8,1,0,8,1.0,-0.0,0.0
R_005458,7,0.0028,4.960971735990992e-05,0,1550,5,1550,7,1,0,7,1.0,-0.0,0.0
R_005459,12,0.0048,7.340803604394986e-05,0,1628,0,1628,8,1,3,8,1.0,-0.0,0.0
R_005460,12,0.0048,7.261575009923767e-05,0,1559,4,1559,8,1,1,8,1.0,-0.0,0.0
R_005461,4,0.0016,3.431165082904273e-05,0,1565,2,1565,5,2,5,4,0.8,0.5004024235381879,0.7219280948873623
R_005462,7,0.0028,4.492054717103732e-05,0,1505,7,1505,6,1,4,6,1.0,-0.0,0.0
R_005463,3,0.0012,2.8223498962253382e-05,0,1565,2,1565,5,2,5,4,0.8,0.5004024235381879,0.7219280948873623
R_005464,6,0.0024,4.304683606784093e-05,0,1628,0,1628,8,1,3,8,1.0,-0.0,0.0
R_005465,6,0.0024,4.11686255159916e-05,0,3102,1,1571,5,2,7,4,0.8,0.5004024235381879,0.7219280948873623
R_005466,9,0.0036,5.510391789002986e-05,0,1505,7,1505,8,1,4,8,1.0,-0.0,0.0
R_005467,10,0.004,6.382615310526529e-05,0,1628,0,1628,8,1,3,8,1.0,-0.0,0.0
R_005468,9,0.0036,5.914058629985375e-05,0,1550,5,1550,7,1,0,7,1.0,-0.0,0.0
R_005469,9,0.0036,5.874134277907063e-05,0,1628,0,1628,8,1,3,8,1.0,-0.0,0.0
R_005470,5,0.002,3.7872258274343026e-05,0,1628,0,1628,6,1,3,6,1.0,-0.0,0.0
R_005471,7,0.0028,4.623033439199177e-05,0,3102,6,1531,7,1,2,7,1.0,-0.0,0.0
R_005472,11,0.0044,6.929337724728463e-05,0,1550,5,1550,7,1,0,7,1.0,-0.0,0.0
R_005473,5,0.002,3.822054174781964e-05,0,1628,0,1628,5,1,3,5,1.0,-0.0,0.0
R_005474,6,0.0024,4.071143093338224e-05,0,1505,7,1505,6,1,4,6,1.0,-0.0,0.0
R_005475,5,0.002,3.819870124640482e-05,0,1628,0,1628,7,1,3,7,1.0,-0.0,0.0
R_005476,15,0.006,8.700047272691007e-05,0,1559,4,1559,7,1,1,7,1.0,-0.0,0.0
R_005477,5,0.002,3.75253413564876e-05,0,1559,4,1559,5,1,1,5,1.0,-0.0,0.0
R_005478,9,0.0036,5.573715226490462e-05,0,3102,6,1531,8,1,2,8,1.0,-0.0,0.0
R_005479,9,0.0036,5.514080651664645e-05,0,3102,1,1571,5,3,2,2,0.4,1.0549201679861442,0.9602297178607612
R_005480,12,0.0048,7.004894964541072e-05,0,1505,7,1505,7,1,4,7,1.0,-0.0,0.0
R_005481,7,0.0028,4.824353739745791e-05,0,1628,0,1628,6,1,3,6,1.0,-0.0,0.0
R_005482,4,0.0016,3.101767368311074e-05,0,3102,1,1571,5,2,7,4,0.8,0.5004024235381879,0.7219280948873623
R_005483,6,0.0024,4.345897868755294e-05,0,1559,4,1559,8,1,1,8,1.0,-0.0,0.0
R_005484,6,0.0024,4.425363271329933e-05,0,1550,5,1550,5,1,0,5,1.0,-0.0,0.0
R_005485,12,0.0048,7.775459349827665e-05,0,1565,2,1565,7,2,5,6,0.8571428571428571,0.410116318288409,0.5916727785823274
R_005486,7,0.0028,4.835308923552105e-05,0,1628,0,1628,5,1,3,5,1.0,-0.0,0.0
R_005487,10,0.004,5.9406632645846165e-05,0,1505,7,1505,6,1,4,6,1.0,-0.0,0.0
R_005488,7,0.0028,5.047748030726353e-05,0,1565,2,1565,6,2,5,5,0.8333333333333334,0.4505612088663046,0.6500224216483541
R_005489,6,0.0024,4.067050952693812e-05,0,3102,6,1531,6,1,2,6,1.0,-0.0,0.0
R_005490,0,0.0,1.2023710757614017e-05,1,1,20,1,5,1,2,5,1.0,-0.0,0.0
R_005491,8,0.0032,5.260055285081761e-05,0,1559,4,1559,6,1,1,6,1.0,-0.0,0.0
R_005492,17,0.0068,9.205207338879532e-05,0,1505,7,1505,8,1,4,8,1.0,-0.0,0.0
R_005493,6,0.0024,4.2650110553045634e-05,0,1628,0,1628,6,1,3,6,1.0,-0.0,0.0
R_005494,10,0.004,5.952042078486809e-05,0,3102,1,1571,7,4,7,4,0.5714285714285714,1.1537419427010902,0.8322488896002307
R_005495,6,0.0024,4.545457381269011e-05,0,1565,2,1565,6,1,5,6,1.0,-0.0,0.0
R_005496,5,0.002,3.572144576782287e-05,0,1505,7,1505,6,1,4,6,1.0,-0.0,0.0
R_005497,6,0.0024,4.213580736762261e-05,0,1559,4,1559,5,1,1,5,1.0,-0.0,0.0
R_005498,3,0.0012,2.849593851601793e-05,0,1565,2,1565,5,2,5,4,0.8,0.5004024235381879,0.7219280948873623
R_005499,3,0.0012,2.65830534086781e-05,0,3102,6,1531,8,1,2,8,1.0,-0.0,0.0
R_005500,5,0.002,3.6405355502951676e-05,0,1505,7,1505,5,1,4,5,1.0,-0.0,0.0
R_005501,24,0.0096,0.00013462807230478193,0,1628,0,1628,7,1,3,7,1.0,-0.0,0.0
R_005502,13,0.0052,7.333300308733464e-05,0,3102,1,1571,7,3,7,5,0.7142857142857143,0.796311640173813,0.7248340915057598
R_005503,4,0.0016,3.3713557536556874e-05,0,1550,5,1550,6,1,0,6,1.0,-0.0,0.0
R_005504,9,0.0036,5.618747368277399e-05,0,3102,6,1531,5,1,2,5,1.0,-0.0,0.0
R_005505,8,0.0032,5.0094656041081904e-05,0,3102,1,1571,6,2,7,5,0.8333333333333334,0.4505612088663046,0.6500224216483541
R_005506,7,0.0028,4.561283634251287e-05,0,3102,6,1531,8,1,2,8,1.0,-0.0,0.0
R_005507,3,0.0012,2.773334719003585e-05,0,1562,3,1562,5,2,6,4,0.8,0.5004024235381879,0.7219280948873623
R_005508,10,0.004,6.192087495151882e-05,0,1562,3,1562,7,3,6,5,0.7142857142857143,0.796311640173813,0.7248340915057598
R_005509,5,0.002,3.970988077237076e-05,0,1565,2,1565,7,1,5,7,1.0,-0.0,0.0
R_005510,7,0.0028,4.5890733278212804e-05,0,3102,6,1531,5,1,2,5,1.0,-0.0,0.0
R_005511,4,0.0016,3.4163365106704464e-05,0,1565,2,1565,6,2,5,5,0.8333333333333334,0.4505612088663046,0.6500224216483541
R_005512,3,0.0012,2.81881811512735e-05,0,1550,5,1550,7,1,0,7,1.0,-0.0,0.0
R_005513,1,0.0004,1.711434860916973e-05,0,1562,3,1562,5,1,6,5,1.0,-0.0,0.0
R_005514,6,0.0024,4.263342572724999e-05,0,1559,4,1559,6,1,1,6,1.0,-0.0,0.0
R_005515,8,0.0032,5.1598117900089976e-05,0,1559,4,1559,5,1,1,5,1.0,-0.0,0.0
R_005516,8,0.0032,5.050609577265952e-05,0,1505,7,1505,7,1,4,7,1.0,-0.0,0.0
R_005517,8,0.0032,5.167991323447047e-05,0,3102,6,1531,6,1,2,6,1.0,-0.0,0.0
R_005518,9,0.0036,6.083576357528544e-05,0,1565,2,1565,7,2,5,6,0.8571428571428571,0.410116318288409,0.5916727785823274
R_005519,5,0.002,3.9257575934405026e-05,0,1565,2,1565,5,2,5,4,0.8,0.5004024235381879,0.7219280948873623
R_005520,4,0.0016,3.106078684422862e-05,0,3102,1,1571,5,4,7,2,0.4,1.3321790402101223,0.9609640474436812
R_005521,4,0.0016,3.270850434457912e-05,0,1628,0,1628,7,1,3,7,1.0,-0.0,0.0
R_005522,10,0.004,6.255171536057005e-05,0,1562,3,1562,6,2,6,5,0.8333333333333334,0.4505612088663046,0.6500224216483541
R_005523,6,0.0024,4.530240939500183e-05,0,1565,2,1565,8,2,5,7,0.875,0.3767701612564367,0.5435644431995964
R_005524,4,0.0016,3.1620453788209766e-05,0,1505,7,1505,6,1,4,6,1.0,-0.0,0.0
R_005525,11,0.0044,6.665995060633174e-05,0,1562,3,1562,7,2,6,6,0.8571428571428571,0.410116318288409,0.5916727785823274
R_005526,13,0.0052,8.27610256325425e-05,0,1565,2,1565,7,1,5,7,1.0,-0.0,0.0
R_005527,11,0.0044,6.465570156055722e-05,0,3102,1,1571,7,4,7,4,0.5714285714285714,1.1537419427010902,0.8322488896002307
R_005528,5,0.002,3.8712861910060635e-05,0,1550,5,1550,6,1,0,6,1.0,-0.0,0.0
R_005529,12,0.0048,6.90117531387913e-05,0,1505,7,1505,7,1,4,7,1.0,-0.0,0.0
R_005530,5,0.002,3.779840235877846e-05,0,1562,3,1562,5,1,6,5,1.0,-0.0,0.0
R_005531,12,0.0048,6.939408222423329e-05,0,3102,1,1571,7,3,7,5,0.7142857142857143,0.796311640173813,0.7248340915057598
R_005532,10,0.004,6.318335678327126e-05,0,1562,3,1562,7,2,6,6,0.8571428571428571,0.410116318288409,0.5916727785823274
R_005533,10,0.004,5.867802913835379e-05,0,1505,7,1505,7,1,4,7,1.0,-0.0,0.0
R_005534,9,0.0036,5.4943819698631744e-05,0,1505,7,1505,7,1,4,7,1.0,-0.0,0.0
R_005535,8,0.0032,5.234140195275983e-05,0,1562,3,1562,7,1,6,7,1.0,-0.0,0.0
R_005536,16,0.0064,9.245992723228522e-05,0,1562,3,1562,7,2,6,6,0.8571428571428571,0.410116318288409,0.5916727785823274
R_005537,5,0.002,3.606007242091899e-05,0,3102,1,1571,6,3,7,4,0.6666666666666666,0.8675632284814612,0.7896900821428474
R_005538,12,0.0048,6.968874839419595e-05,0,1505,7,1505,8,1,4,8,1.0,-0.0,0.0
R_005539,6,0.0024,4.3031334472197485e-05,0,1559,4,1559,8,1,1,8,1.0,-0.0,0.0
R_005540,8,0.0032,5.0302952261963965e-05,0,1505,7,1505,5,1,4,5,1.0,-0.0,0.0
R_005541,20,0.008,0.00011186632048918799,0,1559,4,1559,8,1,1,8,1.0,-0.0,0.0
R_005542,7,0.0028,4.946462830065311e-05,0,1565,2,1565,6,2,5,5,0.8333333333333334,0.4505612088663046,0.6500224216483541
R_005543,13,0.0052,7.418664309752133e-05,0,1505,7,1505,8,1,4,8,1.0,-0.0,0.0
R_005544,4,0.0016,3.24074480159791e-05,0,1562,3,1562,5,3,6,3,0.6,0.9502705392332348,0.8649735207179272
R_005545,8,0.0032,4.9731731179161965e-05,0,3102,1,1571,5,3,7,3,0.6,0.9502705392332348,0.8649735207179272
R_005546,8,0.0032,5.018504539334449e-05,0,3102,1,1571,6,3,7,4,0.6666666666666666,0.8675632284814612,0.7896900821428474
R_005547,6,0.0024,4.317898187835579e-05,0,1628,0,1628,7,1,3,7,1.0,-0.0,0.0
R_005548,9,0.0036,5.4834171246753e-05,0,3102,1,1571,8,4,7,5,0.625,1.073542846408523,0.7743974703476992
R_005549,12,0.0048,7.480441403795149e-05,0,1550,5,1550,8,1,0,8,1.0,-0.0,0.0
R_005550,9,0.0036,5.4506708108927806e-05,0,3102,1,1571,8,3,7,5,0.625,0.9002560512685369,0.8194483718728035
R_005551,10,0.004,6.222850907237994e-05,0,1559,4,1559,8,1,1,8,1.0,-0.0,0.0
R_005552,3,0.0012,2.9557707050447204e-05,0,1565,2,1565,6,2,5,5,0.8333333333333334,0.4505612088663046,0.6500224216483541
R_005553,7,0.0028,4.534689957460011e-05,0,1505,7,1505,8,1,4,8,1.0,-0.0,0.0
R_005554,3,0.0012,2.7886234939617793e-05,0,1550,5,1550,5,1,0,5,1.0,-0.0,0.0
R_005555,6,0.0024,4.109694674343664e-05,0,3102,6,1531,6,1,2,6,1.0,-0.0,0.0
R_005556,2,0.0008,2.2409777812514424e-05,0,1559,4,1559,5,1,1,5,1.0,-0.0,0.0
R_005557,10,0.004,6.0565540129799855e-05,0,3102,1,1571,7,4,7,4,0.5714285714285714,1.1537419427010902,0.8322488896002307
R_005558,10,0.004,5.921939135165759e-05,0,3102,1,1571,8,3,7,5,0.625,0.9002560512685369,0.8194483718728035
R_005559,14,0.0056,8.407669632596668e-05,0,1628,0,1628,8,1,3,8,1.0,-0.0,0.0
R_005560,10,0.004,5.970255553687558e-05,0,1505,7,1505,7,1,4,7,1.0,-0.0,0.0
R_005561,2,0.0008,2.2784387350657264e-05,0,1628,0,1628,5,1,3,5,1.0,-0.0,0.0
R_005562,8,0.0032,5.247722552994528e-05,0,1562,3,1562,8,2,6,7,0.875,0.3767701612564367,0.5435644431995964
R_005563,8,0.0032,5.4421102581936855e-05,0,1550,5,1550,8,1,0,8,1.0,-0.0,0.0
R_005564,9,0.0036,5.467418029808415e-05,0,3102,1,1571,7,4,7,4,0.5714285714285714,1.1537419427010902,0.8322488896002307
R_005565,12,0.0048,6.857454069298542e-05,0,1505,7,1505,7,1,4,7,1.0,-0.0,0.0
R_005566,7,0.0028,4.547885395584455e-05,0,1505,7,1505,6,1,4,6,1.0,-0.0,0.0
R_005567,8,0.0032,5.379640737711072e-05,0,1550,5,1550,7,1,0,7,1.0,-0.0,0.0
R_005568,5,0.002,3.579027404096879e-05,0,3102,6,1531,5,1,2,5,1.0,-0.0,0.0
R_005569,7,0.0028,4.530458968868504e-05,0,1505,7,1505,8,1,4,8,1.0,-0.0,0.0
R_005570,8,0.0032,4.992509631484169e-05,0,3102,1,1571,6,4,2,2,0.3333333333333333,1.3296613488547582,0.9591479170272448
R_005571,9,0.0036,5.5733882536198116e-05,0,3102,6,1531,8,1,2,8,1.0,-0.0,0.0
R_005572,4,0.0016,3.2521171799529514e-05,0,1628,0,1628,6,1,3,6,1.0,-0.0,0.0
R_005573,2,0.0008,2.25174983000733e-05,0,1550,5,1550,5,1,0,5,1.0,-0.0,0.0
R_005574,1,0.0004,1.6913579284953555e-05,0,3102,1,1571,5,4,7,2,0.4,1.3321790402101223,0.9609640474436812
R_005575,7,0.0028,4.980118419140748e-05,0,1550,5,1550,6,1,0,6,1.0,-0.0,0.0
R_005576,8,0.0032,5.663780886144074e-05,0,1565,2,1565,7,2,5,6,0.8571428571428571,0.410116318288409,0.5916727785823274
R_005577,3,0.0012,2.807067190905363e-05,0,1550,5,1550,5,1,0,5,1.0,-0.0,0.0
R_005578,7,0.0028,4.802146892316724e-05,0,1628,0,1628,7,1,3,7,1.0,-0.0,0.0
R_005579,8,0.0032,5.033406425456531e-05,0,3102,6,1531,8,1,2,8,1.0,-0.0,0.0
R_005580,13,0.0052,7.430296193701886e-05,0,3102,1,1571,6,3,7,3,0.5,1.0114042647073518,0.920619835714305
R_005581,16,0.0064,8.890384117532666e-05,0,3102,6,1531,7,1,2,7,1.0,-0.0,0.0
R_005582,2,0.0008,2.193331157746667e-05,0,3102,1,1571,6,3,7,4,0.6666666666666666,0.8675632284814612,0.7896900821428474
R_005583,4,0.0016,3.1269750300424575e-05,0,3102,1,1571,7,3,7,4,0.5714285714285714,0.9556998911125344,0.8699155297736259
R_005584,5,0.002,3.907422851633489e-05,0,1550,5,1550,7,1,0,7,1.0,-0.0,0.0
R_005585,9,0.0036,5.99429682356803e-05,0,1550,5,1550,7,1,0,7,1.0,-0.0,0.0
R_005586,9,0.0036,5.529253598877427e-05,0,3102,6,1531,8,1,2,8,1.0,-0.0,0.0
R_005587,4,0.0016,3.266706254156953e-05,0,1559,4,1559,7,1,1,7,1.0,-0.0,0.0
R_005588,9,0.0036,5.8390246718231906e-05,0,1562,3,1562,6,3,6,4,0.6666666666666666,0.8675632284814612,0.7896900821428474
R_005589,22,0.0088,0.00011604620800932803,0,1505,7,1505,7,1,4,7,1.0,-0.0,0.0
R_005590,6,0.0024,4.1977015829548137e-05,0,1559,4,1559,7,1,1,7,1.0,-0.0,0.0
R_005591,8,0.0032,5.050747301265702e-05,0,1505,7,1505,5,1,4,5,1.0,-0.0,0.0
R_005592,6,0.0024,4.3117136126528616e-05,0,1628,0,1628,5,1,3,5,1.0,-0.0,0.0
R_005593,12,0.0048,6.953471778276228e-05,0,3102,6,1531,7,1,2,7,1.0,-0.0,0.0
R_005594,8,0.0032,5.211884247904594e-05,0,1562,3,1562,6,2,6,5,0.8333333333333334,0.4505612088663046,0.6500224216483541
R_005595,7,0.0028,4.864654976737659e-05,0,1550,5,1550,6,1,0,6,1.0,-0.0,0.0
R_005596,7,0.0028,4.737068656925001e-05,0,1559,4,1559,6,1,1,6,1.0,-0.0,0.0
R_005597,3,0.0012,2.910519344647913e-05,0,1565,2,1565,6,2,5,5,0.8333333333333334,0.4505612088663046,0.6500224216483541
R_005598,6,0.0024,4.0890492267018343e-05,0,3102,1,1571,5,3,7,3,0.6,0.9502705392332348,0.8649735207179272
R_005599,10,0.004,5.965614867535174e-05,0,3102,6,1531,8,1,2,8,1.0,-0.0,0.0
R_005600,10,0.004,5.9592356781793116e-05,0,3102,1,1571,8,4,7,5,0.625,1.073542846408523,0.7743974703476992
R_005601,12,0.0048,7.14363479361641e-05,0,1562,3,1562,8,2,6,7,0.875,0.3767701612564367,0.5435644431995964
R_005602,8,0.0032,5.350984557543396e-05,0,1628,0,1628,6,1,3,6,1.0,-0.0,0.0
R_005603,6,0.0024,4.213779199337774e-05,0,1559,4,1559,6,1,1,6,1.0,-0.0,0.0
R_005604,6,0.0024,4.173892854550838e-05,0,1562,3,1562,7,3,6,5,0.7142857142857143,0.796311640173813,0.7248340915057598
R_005605,2,0.0008,2.2012114588504547e-05,0,1559,4,1559,6,1,1,6,1.0,-0.0,0.0
R_005606,14,0.0056,7.753713885629895e-05,0,1505,7,1505,8,1,4,8,1.0,-0.0,0.0
R_005607,3,0.0012,2.8575845395155684e-05,0,1565,2,1565,8,2,5,7,0.875,0.3767701612564367,0.5435644431995964
R_005608,7,0.0028,4.6413456587466767e-05,0,3102,6,1531,6,1,2,6,1.0,-0.0,0.0
R_005609,6,0.0024,4.071266070325799e-05,0,3102,6,1531,6,1,2,6,1.0,-0.0,0.0
R_005610,12,0.0048,6.931556076088882e-05,0,3102,1,1571,8,3,7,5,0.625,0.9002560512685369,0.8194483718728035
R_005611,8,0.0032,5.3998931490160396e-05,0,1628,0,1628,5,1,3,5,1.0,-0.0,0.0
R_005612,7,0.0028,5.018683974843207e-05,0,1565,2,1565,7,1,5,7,1.0,-0.0,0.0
R_005613,11,0.0044,6.986278722292404e-05,0,1550,5,1550,7,1,0,7,1.0,-0.0,0.0
R_005614,3,0.0012,2.7986143681488568e-05,0,1550,5,1550,5,1,0,5,1.0,-0.0,0.0
R_005615,5,0.002,3.7330092988618945e-05,0,1559,4,1559,5,1,1,5,1.0,-0.0,0.0
R_005616,5,0.002,3.7773179615373226e-05,0,1550,5,1550,7,1,0,7,1.0,-0.0,0.0
R_005617,4,0.0016,3.221374707010351e-05,0,1559,4,1559,6,1,1,6,1.0,-0.0,0.0
R_005618,4,0.0016,3.2567814573138334e-05,0,1628,0,1628,5,1,3,5,1.0,-0.0,0.0
R_005619,7,0.0028,4.770575963899549e-05,0,1628,0,1628,6,1,3,6,1.0,-0.0,0.0
R_005620,4,0.0016,3.34575771415978e-05,0,1628,0,1628,5,1,3,5,1.0,-0.0,0.0
R_005621,21,0.0084,0.00011608615409897787,0,1559,4,1559,8,1,1,8,1.0,-0.0,0.0
R_005622,10,0.004,6.225460215400059e-05,0,1559,4,1559,7,1,1,7,1.0,-0.0,0.0
R_005623,13,0.0052,7.416369731145061e-05,0,3102,1,1571,8,2,7,6,0.75,0.5623351446188083,0.8112781244591328
R_005624,2,0.0008,2.2252823707136926e-05,0,1562,3,1562,5,2,6,4,0.8,0.5004024235381879,0.7219280948873623
R_005625,8,0.0032,5.1982969611214525e-05,0,1562,3,1562,6,2,6,5,0.8333333333333334,0.4505612088663046,0.6500224216483541
R_005626,17,0.0068,9.647704521761286e-05,0,1559,4,1559,7,1,1,7,1.0,-0.0,0.0
R_005627,7,0.0028,4.8042828777053535e-05,0,1628,0,1628,7,1,3,7,1.0,-0.0,0.0
R_005628,10,0.004,6.373525823803518e-05,0,1628,0,1628,7,1,3,7,1.0,-0.0,0.0
R_005629,4,0.0016,3.20945381945369e-05,0,1562,3,1562,6,3,6,4,0.6666666666666666,0.8675632284814612,0.7896900821428474
R_005630,3,0.0012,2.7416902235108452e-05,0,1559,4,1559,6,1,1,6,1.0,-0.0,0.0
R_005631,8,0.0032,5.161108385964277e-05,0,1559,4,1559,7,1,1,7,1.0,-0.0,0.0
R_005632,6,0.0024,4.1408834572151974e-05,0,3102,6,1531,7,1,2,7,1.0,-0.0,0.0
R_005633,13,0.0052,7.441483111891881e-05,0,3102,6,1531,8,1,2,8,1.0,-0.0,0.0
R_005634,7,0.0028,4.672918649058233e-05,0,3102,6,1531,8,1,2,8,1.0,-0.0,0.0
R_005635,5,0.002,3.614715577311481e-05,0,3102,1,1571,6,3,7,4,0.6666666666666666,0.8675632284814612,0.7896900821428474
R_005636,10,0.004,5.921613397092216e-05,0,1505,7,1505,7,1,4,7,1.0,-0.0,0.0
R_005637,14,0.0056,8.232743698951001e-05,0,1559,4,1559,7,1,1,7,1.0,-0.0,0.0
R_005638,10,0.004,6.436918695751112e-05,0,1550,5,1550,8,1,0,8,1.0,-0.0,0.0
R_005639,6,0.0024,4.319013190413773e-05,0,1550,5,1550,8,1,0,8,1.0,-0.0,0.0
R_005640,15,0.006,8.761092801024037e-05,0,1562,3,1562,8,2,6,7,0.875,0.3767701612564367,0.5435644431995964
R_005641,8,0.0032,5.224972357850147e-05,0,1559,4,1559,8,1,1,8,1.0,-0.0,0.0
R_005642,3,0.0012,2.6588927061658035e-05,0,1505,7,1505,5,1,4,5,1.0,-0.0,0.0
R_005643,10,0.004,6.302330937598434e-05,0,1628,0,1628,8,1,3,8,1.0,-0.0,0.0
R_005644,10,0.004,5.916919995357781e-05,0,1505,7,1505,8,1,4,8,1.0,-0.0,0.0
R_005645,3,0.0012,2.710990166624272e-05,0,1559,4,1559,5,1,1,5,1.0,-0.0,0.0
R_005646,4,0.0016,3.432906845855767e-05,0,1565,2,1565,5,1,5,5,1.0,-0.0,0.0
R_005647,10,0.004,5.955354141340704e-05,0,3102,1,1571,8,4,7,4,0.5,1.2130075659799042,0.875
R_005648,10,0.004,5.980775189934945e-05,0,3102,6,1531,7,1,2,7,1.0,-0.0,0.0
R_005649,3,0.0012,2.609456711514959e-05,0,3102,1,1571,5,3,2,2,0.4,1.0549201679861442,0.9602297178607612
R_005650,3,0.0012,2.6547973450759686e-05,0,3102,6,1531,5,1,2,5,1.0,-0.0,0.0
R_005651,6,0.0024,4.239001708041006e-05,0,1628,0,1628,6,1,3,6,1.0,-0.0,0.0
R_005652,7,0.0028,4.739932675668374e-05,0,1628,0,1628,8,1,3,8,1.0,-0.0,0.0
R_005653,16,0.0064,9.389043938070993e-05,0,1628,0,1628,8,1,3,8,1.0,-0.0,0.0
R_005654,13,0.0052,7.462123829955591e-05,0,3102,1,1571,8,3,7,5,0.625,0.9002560512685369,0.8194483718728035
R_005655,5,0.002,3.731710814105604e-05,0,1562,3,1562,5,2,6,4,0.8,0.5004024235381879,0.7219280948873623
R_005656,6,0.0024,4.21461966650472e-05,0,1559,4,1559,6,1,1,6,1.0,-0.0,0.0
R_005657,7,0.0028,4.5131290768979605e-05,0,1505,7,1505,7,1,4,7,1.0,-0.0,0.0
R_005658,7,0.0028,4.852413013773241e-05,0,1628,0,1628,6,1,3,6,1.0,-0.0,0.0
R_005659,16,0.0064,9.353798792685112e-05,0,1628,0,1628,8,1,3,8,1.0,-0.0,0.0
R_005660,9,0.0036,5.514208171414455e-05,0,1505,7,1505,7,1,4,7,1.0,-0.0,0.0
R_005661,4,0.0016,3.3309568846669146e-05,0,1628,0,1628,5,1,3,5,1.0,-0.0,0.0
R_005662,18,0.0072,0.0001039579386960343,0,1628,0,1628,8,1,3,8,1.0,-0.0,0.0
R_005663,1,0.0004,1.7244568554085125e-05,0,1562,3,1562,5,3,6,3,0.6,0.9502705392332348,0.8649735207179272
R_005664,8,0.0032,5.491067454569075e-05,0,1550,5,1550,8,1,0,8,1.0,-0.0,0.0
R_005665,5,0.002,3.979504417951688e-05,0,1565,2,1565,6,1,5,6,1.0,-0.0,0.0
R_005666,15,0.006,8.417431402690238e-05,0,3102,6,1531,6,1,2,6,1.0,-0.0,0.0
R_005667,21,0.0084,0.00011179579563179504,0,3102,6,1531,8,1,2,8,1.0,-0.0,0.0
R_005668,25,0.01,0.00013805330131048813,0,1628,0,1628,8,1,3,8,1.0,-0.0,0.0
R_005669,3,0.0012,2.7432149061042858e-05,0,1562,3,1562,5,3,6,3,0.6,0.9502705392332348,0.8649735207179272
R_005670,8,0.0032,5.169546420634655e-05,0,1559,4,1559,7,1,1,7,1.0,-0.0,0.0
R_005671,12,0.0048,6.893352689829535e-05,0,1505,7,1505,7,1,4,7,1.0,-0.0,0.0
R_005672,4,0.0016,3.2128797945302825e-05,0,1559,4,1559,5,1,1,5,1.0,-0.0,0.0
R_005673,14,0.0056,8.122792162863716e-05,0,1559,4,1559,8,1,1,8,1.0,-0.0,0.0
R_005674,7,0.0028,4.747791814622409e-05,0,1559,4,1559,6,1,1,6,1.0,-0.0,0.0
R_005675,4,0.0016,3.365812016827813e-05,0,1565,2,1565,6,2,5,5,0.8333333333333334,0.4505612088663046,0.6500224216483541
R_005676,4,0.0016,3.338339754464993e-05,0,1550,5,1550,5,1,0,5,1.0,-0.0,0.0
R_005677,6,0.0024,4.575307321043696e-05,0,1565,2,1565,5,2,5,4,0.8,0.5004024235381879,0.7219280948873623
R_005678,9,0.0036,5.471999730012539e-05,0,3102,1,1571,7,4,7,4,0.5714285714285714,1.1537419427010902,0.8322488896002307
R_005679,12,0.0048,7.23449171619107e-05,0,1559,4,1559,8,1,1,8,1.0,-0.0,0.0
R_005680,11,0.0044,6.689383564817187e-05,0,1562,3,1562,6,3,6,4,0.6666666666666666,0.8675632284814612,0.7896900821428474
R_005681,3,0.0012,2.825219486378204e-05,0,1550,5,1550,5,1,0,5,1.0,-0.0,0.0
R_005682,4,0.0016,3.189719824720029e-05,0,1559,4,1559,5,1,1,5,1.0,-0.0,0.0
R_005683,11,0.0044,6.470938224382946e-05,0,3102,1,1571,8,4,7,4,0.5,1.2130075659799042,0.875
R_005684,3,0.0012,2.681406520115411e-05,0,3102,6,1531,5,1,2,5,1.0,-0.0,0.0
R_005685,7,0.0028,4.6861096582452774e-05,0,1562,3,1562,7,3,6,5,0.7142857142857143,0.796311640173813,0.7248340915057598
R_005686,8,0.0032,5.500693587034517e-05,0,1550,5,1550,5,1,0,5,1.0,-0.0,0.0
R_005687,9,0.0036,6.212447809132871e-05,0,1565,2,1565,7,2,5,6,0.8571428571428571,0.410116318288409,0.5916727785823274
R_005688,4,0.0016,3.156638037701696e-05,0,3102,6,1531,6,1,2,6,1.0,-0.0,0.0
R_005689,2,0.0008,2.162111973850681e-05,0,1505,7,1505,6,1,4,6,1.0,-0.0,0.0
R_005690,4,0.0016,3.1111313774152346e-05,0,1505,7,1505,5,1,4,5,1.0,-0.0,0.0
R_005691,6,0.0024,4.391866073279714e-05,0,1550,5,1550,7,1,0,7,1.0,-0.0,0.0
R_005692,30,0.012,0.00015455370125847754,0,3102,1,1571,8,3,7,6,0.75,0.7356219397587946,0.6695919455357792
R_005693,4,0.0016,3.220563136240528e-05,0,1562,3,1562,5,2,6,4,0.8,0.5004024235381879,0.7219280948873623
R_005694,11,0.0044,6.386139926881734e-05,0,3102,1,1571,8,4,7,5,0.625,1.073542846408523,0.7743974703476992
R_005695,8,0.0032,5.0334603461084444e-05,0,3102,6,1531,8,1,2,8,1.0,-0.0,0.0
R_005696,5,0.002,3.952984659959074e-05,0,1565,2,1565,5,2,5,4,0.8,0.5004024235381879,0.7219280948873623
R_005697,4,0.0016,3.400786852436577e-05,0,1565,2,1565,5,2,5,4,0.8,0.5004024235381879,0.7219280948873623
R_005698,4,0.0016,3.400074307947554e-05,0,1565,2,1565,6,1,5,6,1.0,-0.0,0.0
R_005699,7,0.0028,4.5486916436585064e-05,0,3102,6,1531,5,1,2,5,1.0,-0.0,0.0
R_005700,9,0.0036,5.664598808323322e-05,0,1559,4,1559,6,1,1,6,1.0,-0.0,0.0
R_005701,2,0.0008,2.3137683025087575e-05,0,1550,5,1550,5,1,0,5,1.0,-0.0,0.0
R_005702,4,0.0016,3.2614286231256446e-05,0,1559,4,1559,5,1,1,5,1.0,-0.0,0.0
R_005703,4,0.0016,3.433775714784751e-05,0,1565,2,1565,5,1,5,5,1.0,-0.0,0.0
R_005704,9,0.0036,5.952657464257541e-05,0,1628,0,1628,6,1,3,6,1.0,-0.0,0.0
R_005705,5,0.002,3.693994832741261e-05,0,1559,4,1559,6,1,1,6,1.0,-0.0,0.0
R_005706,5,0.002,3.731451704713029e-05,0,1559,4,1559,5,1,1,5,1.0,-0.0,0.0
R_005707,6,0.0024,4.069868231229688e-05,0,3102,1,1571,6,2,7,5,0.8333333333333334,0.4505612088663046,0.6500224216483541
R_005708,8,0.0032,5.5605988091523695e-05,0,1565,2,1565,5,2,5,4,0.8,0.5004024235381879,0.7219280948873623
R_005709,10,0.004,6.090382771540869e-05,0,3102,6,1531,8,1,2,8,1.0,-0.0,0.0
R_005710,11,0.0044,6.508120630409271e-05,0,3102,1,1571,8,4,7,4,0.5,1.2130075659799042,0.875
R_005711,5,0.002,3.76147537800813e-05,0,1559,4,1559,6,1,1,6,1.0,-0.0,0.0
R_005712,10,0.004,6.202957004983101e-05,0,1559,4,1559,6,1,1,6,1.0,-0.0,0.0
R_005713,10,0.004,5.9249316324483366e-05,0,1505,7,1505,5,1,4,5,1.0,-0.0,0.0
R_005714,10,0.004,6.0409992870704114e-05,0,3102,6,1531,7,1,2,7,1.0,-0.0,0.0
R_005715,7,0.0028,4.74117904736119e-05,0,1562,3,1562,7,3,6,5,0.7142857142857143,0.796311640173813,0.7248340915057598
R_005716,7,0.0028,4.5967196528591986e-05,0,3102,6,1531,6,1,2,6,1.0,-0.0,0.0
R_005717,6,0.0024,4.251290946526938e-05,0,1559,4,1559,6,1,1,6,1.0,-0.0,0.0
R_005718,8,0.0032,4.9963305767854866e-05,0,1505,7,1505,6,1,4,6,1.0,-0.0,0.0
R_005719,5,0.002,3.692080327595886e-05,0,1559,4,1559,6,1,1,6,1.0,-0.0,0.0
R_005720,7,0.0028,4.57077989219564e-05,0,3102,6,1531,5,1,2,5,1.0,-0.0,0.0
R_005721,14,0.0056,8.640239548931051e-05,0,1550,5,1550,7,1,0,7,1.0,-0.0,0.0
R_005722,2,0.0008,2.2874585875379882e-05,0,1565,2,1565,6,2,5,5,0.8333333333333334,0.4505612088663046,0.6500224216483541
R_005723,8,0.0032,5.57309233274553e-05,0,1565,2,1565,8,2,5,7,0.875,0.3767701612564367,0.5435644431995964
R_005724,4,0.0016,3.1473712396817917e-05,0,3102,6,1531,5,1,2,5,1.0,-0.0,0.0
R_005725,12,0.0048,7.373857596699772e-05,0,1628,0,1628,7,1,3,7,1.0,-0.0,0.0
R_005726,5,0.002,3.706256781038603e-05,0,1559,4,1559,5,1,1,5,1.0,-0.0,0.0
R_005727,3,0.0012,2.743100874589658e-05,0,1559,4,1559,6,1,1,6,1.0,-0.0,0.0
R_005728,4,0.0016,3.447846501502087e-05,0,1565,2,1565,7,2,5,6,0.8571428571428571,0.410116318288409,0.5916727785823274
R_005729,6,0.0024,4.371156045825773e-05,0,1550,5,1550,6,1,0,6,1.0,-0.0,0.0
R_005730,2,0.0008,2.2965476943763422e-05,0,1550,5,1550,5,1,0,5,1.0,-0.0,0.0
R_005731,8,0.0032,5.211026574511697e-05,0,1559,4,1559,6,1,1,6,1.0,-0.0,0.0
R_005732,21,0.0084,0.00011313201168238326,0,3102,6,1531,8,1,2,8,1.0,-0.0,0.0
R_005733,14,0.0056,7.925886724412801e-05,0,3102,6,1531,8,1,2,8,1.0,-0.0,0.0
R_005734,7,0.0028,4.686219170902907e-05,0,3102,6,1531,7,1,2,7,1.0,-0.0,0.0
R_005735,6,0.0024,4.331157480281048e-05,0,1550,5,1550,6,1,0,6,1.0,-0.0,0.0
R_005736,5,0.002,3.6349946780915265e-05,0,3102,1,1571,5,2,7,4,0.8,0.5004024235381879,0.7219280948873623
R_005737,7,0.0028,4.531034386160214e-05,0,3102,1,1571,6,2,7,4,0.6666666666666666,0.6365141682948128,0.9182958340544894
R_005738,17,0.0068,9.746122152070602e-05,0,1562,3,1562,7,3,6,5,0.7142857142857143,0.796311640173813,0.7248340915057598
R_005739,6,0.0024,4.2713550284668265e-05,0,1562,3,1562,5,2,6,4,0.8,0.5004024235381879,0.7219280948873623
R_005740,11,0.0044,6.925031150465547e-05,0,1550,5,1550,7,1,0,7,1.0,-0.0,0.0
R_005741,4,0.0016,3.1392609435659856e-05,0,3102,1,1571,5,2,7,3,0.6,0.6730116670092565,0.9709505944546688
R_005742,11,0.0044,6.483406505836216e-05,0,3102,1,1571,6,2,7,5,0.8333333333333334,0.4505612088663046,0.6500224216483541
R_005743,13,0.0052,7.821583603085038e-05,0,1628,0,1628,8,1,3,8,1.0,-0.0,0.0
R_005744,3,0.0012,2.7277608203181398e-05,0,1559,4,1559,5,1,1,5,1.0,-0.0,0.0
R_005745,4,0.0016,3.179046948859828e-05,0,3102,1,1571,6,3,7,4,0.6666666666666666,0.8675632284814612,0.7896900821428474
R_005746,4,0.0016,3.329841987156075e-05,0,1550,5,1550,7,1,0,7,1.0,-0.0,0.0
R_005747,10,0.004,5.99762502776859e-05,0,3102,6,1531,7,1,2,7,1.0,-0.0,0.0
R_005748,3,0.0012,2.8943387028838012e-05,0,1565,2,1565,5,1,5,5,1.0,-0.0,0.0
R_005749,8,0.0032,5.243308559984704e-05,0,1559,4,1559,6,1,1,6,1.0,-0.0,0.0
R_005750,6,0.0024,4.4142847294229534e-05,0,1550,5,1550,6,1,0,6,1.0,-0.0,0.0
R_005751,10,0.004,6.45515324161071e-05,0,1550,5,1550,7,1,0,7,1.0,-0.0,0.0
R_005752,10,0.004,5.9651898964687265e-05,0,3102,1,1571,7,3,7,4,0.5714285714285714,0.9556998911125344,0.8699155297736259
R_005753,4,0.0016,3.1650761897430125e-05,0,3102,6,1531,5,1,2,5,1.0,-0.0,0.0
R_005754,7,0.0028,4.9259482586654554e-05,0,1550,5,1550,6,1,0,6,1.0,-0.0,0.0
R_005755,7,0.0028,4.8727197258973786e-05,0,1550,5,1550,6,1,0,6,1.0,-0.0,0.0
R_005756,9,0.0036,5.4809069808633276e-05,0,1505,7,1505,7,1,4,7,1.0,-0.0,0.0
R_005757,9,0.0036,5.6863461735336944e-05,0,1559,4,1559,7,1,1,7,1.0,-0.0,0.0
R_005758,9,0.0036,5.974986873966931e-05,0,1550,5,1550,8,1,0,8,1.0,-0.0,0.0
R_005759,14,0.0056,8.128309167481341e-05,0,1562,3,1562,8,3,6,6,0.75,0.7356219397587946,0.6695919455357792
R_005760,5,0.002,3.578927837849968e-05,0,3102,6,1531,5,1,2,5,1.0,-0.0,0.0
R_005761,7,0.0028,4.7070832448726394e-05,0,1559,4,1559,6,1,1,6,1.0,-0.0,0.0
R_005762,13,0.0052,7.321947749965131e-05,0,1505,7,1505,7,1,4,7,1.0,-0.0,0.0
R_005763,4,0.0016,3.207646622381633e-05,0,3102,6,1531,6,1,2,6,1.0,-0.0,0.0
R_005764,4,0.0016,3.1927109252473484e-05,0,1559,4,1559,5,1,1,5,1.0,-0.0,0.0
R_005765,8,0.0032,5.526568429989789e-05,0,1565,2,1565,6,2,5,5,0.8333333333333334,0.4505612088663046,0.6500224216483541
R_005766,7,0.0028,4.952554457896837e-05,0,1550,5,1550,7,1,0,7,1.0,-0.0,0.0
R_005767,4,0.0016,3.320751562890473e-05,0,1550,5,1550,6,1,0,6,1.0,-0.0,0.0
R_005768,8,0.0032,5.314040168555533e-05,0,1628,0,1628,6,1,3,6,1.0,-0.0,0.0
R_005769,7,0.0028,4.761634521216235e-05,0,1559,4,1559,6,1,1,6,1.0,-0.0,0.0
R_005770,12,0.0048,6.97653714764944e-05,0,3102,1,1571,8,3,7,5,0.625,0.9002560512685369,0.8194483718728035
R_005771,13,0.0052,7.340766530110943e-05,0,1505,7,1505,8,1,4,8,1.0,-0.0,0.0
R_005772,13,0.0052,7.947797648757642e-05,0,1628,0,1628,7,1,3,7,1.0,-0.0,0.0
R_005773,7,0.0028,4.747544121390993e-05,0,1559,4,1559,5,1,1,5,1.0,-0.0,0.0
R_005774,8,0.0032,4.995305979136793e-05,0,3102,1,1571,6,2,7,4,0.6666666666666666,0.6365141682948128,0.9182958340544894
R_005775,4,0.0016,3.202674919403622e-05,0,1562,3,1562,5,2,6,4,0.8,0.5004024235381879,0.7219280948873623
R_005776,7,0.0028,4.7777382136215405e-05,0,1562,3,1562,5,2,6,4,0.8,0.5004024235381879,0.7219280948873623
R_005777,4,0.0016,3.130646452044764e-05,0,3102,6,1531,5,1,2,5,1.0,-0.0,0.0
R_005778,3,0.0012,2.6675853842703208e-05,0,3102,6,1531,5,1,2,5,1.0,-0.0,0.0
R_005779,2,0.0008,2.2327755144808058e-05,0,1562,3,1562,6,2,6,5,0.8333333333333334,0.4505612088663046,0.6500224216483541
R_005780,8,0.0032,5.056526618875787e-05,0,3102,6,1531,7,1,2,7,1.0,-0.0,0.0
R_005781,22,0.0088,0.00012140820535439157,0,1562,3,1562,7,3,6,5,0.7142857142857143,0.796311640173813,0.7248340915057598
R_005782,11,0.0044,6.774885772353821e-05,0,1562,3,1562,7,2,6,6,0.8571428571428571,0.410116318288409,0.5916727785823274
R_005783,13,0.0052,7.987337282851302e-05,0,1550,5,1550,7,1,0,7,1.0,-0.0,0.0
R_005784,18,0.0072,0.00010401643540184117,0,1628,0,1628,8,1,3,8,1.0,-0.0,0.0
R_005785,24,0.0096,0.00013174703330520512,0,1562,3,1562,8,3,6,6,0.75,0.7356219397587946,0.6695919455357792
R_005786,9,0.0036,6.11917402635289e-05,0,1565,2,1565,7,2,5,6,0.8571428571428571,0.410116318288409,0.5916727785823274
R_005787,12,0.0048,7.012164467298501e-05,0,3102,6,1531,8,1,2,8,1.0,-0.0,0.0
R_005788,11,0.0044,6.729335957771197e-05,0,1562,3,1562,7,2,6,6,0.8571428571428571,0.410116318288409,0.5916727785823274
R_005789,9,0.0036,5.47670897606458e-05,0,3102,1,1571,5,3,7,3,0.6,0.9502705392332348,0.8649735207179272
R_005790,7,0.0028,4.805133151359075e-05,0,1562,3,1562,6,2,6,5,0.8333333333333334,0.4505612088663046,0.6500224216483541
R_005791,12,0.0048,7.005699573512976e-05,0,3102,6,1531,6,1,2,6,1.0,-0.0,0.0
R_005792,6,0.0024,4.267864907805482e-05,0,1559,4,1559,7,1,1,7,1.0,-0.0,0.0
R_005793,6,0.0024,4.2034702707223185e-05,0,1559,4,1559,7,1,1,7,1.0,-0.0,0.0
R_005794,10,0.004,6.257766973978896e-05,0,1562,3,1562,6,2,6,5,0.8333333333333334,0.4505612088663046,0.6500224216483541
R_005795,9,0.0036,5.4241849041408656e-05,0,3102,1,1571,7,3,7,4,0.5714285714285714,0.9556998911125344,0.8699155297736259
R_005796,10,0.004,6.16288644358629e-05,0,1562,3,1562,8,2,6,7,0.875,0.3767701612564367,0.5435644431995964
R_005797,11,0.0044,6.437613448949792e-05,0,1505,7,1505,8,1,4,8,1.0,-0.0,0.0
R_005798,5,0.002,3.709225414909905e-05,0,1559,4,1559,5,1,1,5,1.0,-0.0,0.0
R_005799,9,0.0036,5.794631353742599e-05,0,1559,4,1559,8,1,1,8,1.0,-0.0,0.0
R_005800,3,0.0012,2.837702170963933e-05,0,1565,2,1565,5,2,5,4,0.8,0.5004024235381879,0.7219280948873623
R_005801,2,0.0008,2.3000810545655246e-05,0,1550,5,1550,5,1,0,5,1.0,-0.0,0.0
R_005802,6,0.0024,4.19914853598442e-05,0,1559,4,1559,6,1,1,6,1.0,-0.0,0.0
R_005803,8,0.0032,5.073859619799622e-05,0,3102,6,1531,7,1,2,7,1.0,-0.0,0.0
R_005804,3,0.0012,2.759682683305133e-05,0,1559,4,1559,5,1,1,5,1.0,-0.0,0.0
R_005805,5,0.002,3.6999019769560544e-05,0,1559,4,1559,6,1,1,6,1.0,-0.0,0.0
R_005806,7,0.0028,4.781474164381504e-05,0,1562,3,1562,7,2,6,6,0.8571428571428571,0.410116318288409,0.5916727785823274
R_005807,6,0.0024,4.2655716202034315e-05,0,1562,3,1562,5,2,6,4,0.8,0.5004024235381879,0.7219280948873623
R_005808,17,0.0068,9.939986328452144e-05,0,1628,0,1628,7,1,3,7,1.0,-0.0,0.0
R_005809,6,0.0024,4.219149339062052e-05,0,1562,3,1562,6,3,6,4,0.6666666666666666,0.8675632284814612,0.7896900821428474
R_005810,7,0.0028,4.486259710965807e-05,0,3102,1,1571,6,3,7,3,0.5,1.0114042647073518,0.920619835714305
R_005811,6,0.0024,4.088507712287673e-05,0,3102,6,1531,5,1,2,5,1.0,-0.0,0.0
R_005812,4,0.0016,3.113568505853906e-05,0,1505,7,1505,6,1,4,6,1.0,-0.0,0.0
R_005813,7,0.0028,4.726200299827856e-05,0,1562,3,1562,7,2,6,6,0.8571428571428571,0.410116318288409,0.5916727785823274
R_005814,13,0.0052,8.053763328148578e-05,0,1550,5,1550,8,1,0,8,1.0,-0.0,0.0
R_005815,13,0.0052,7.867151639791521e-05,0,1628,0,1628,7,1,3,7,1.0,-0.0,0.0
R_005816,7,0.0028,4.89534480094182e-05,0,1550,5,1550,6,1,0,6,1.0,-0.0,0.0
R_005817,6,0.0024,4.107294675492871e-05,0,3102,6,1531,7,1,2,7,1.0,-0.0,0.0
R_005818,12,0.0048,7.223826982397577e-05,0,1562,3,1562,8,3,6,6,0.75,0.7356219397587946,0.6695919455357792
R_005819,8,0.0032,5.4788900419247915e-05,0,1550,5,1550,5,1,0,5,1.0,-0.0,0.0
R_005820,8,0.0032,5.0089113603318526e-05,0,1505,7,1505,7,1,4,7,1.0,-0.0,0.0
R_005821,10,0.004,6.213293448587645e-05,0,1559,4,1559,7,1,1,7,1.0,-0.0,0.0
R_005822,6,0.0024,4.256738729224277e-05,0,1562,3,1562,6,2,6,5,0.8333333333333334,0.4505612088663046,0.6500224216483541
R_005823,10,0.004,6.0268400814520916e-05,0,3102,1,1571,8,3,7,5,0.625,0.9002560512685369,0.8194483718728035
R_005824,8,0.0032,5.638547261618952e-05,0,1565,2,1565,6,1,5,6,1.0,-0.0,0.0
R_005825,6,0.0024,4.187413260446935e-05,0,1559,4,1559,7,1,1,7,1.0,-0.0,0.0
R_005826,7,0.0028,4.8182983973115844e-05,0,1550,5,1550,6,1,0,6,1.0,-0.0,0.0
R_005827,15,0.006,8.728839900389082e-05,0,1562,3,1562,7,3,6,5,0.7142857142857143,0.796311640173813,0.7248340915057598
R_005828,10,0.004,6.307091727762054e-05,0,1628,0,1628,8,1,3,8,1.0,-0.0,0.0
R_005829,4,0.0016,3.221712605116929e-05,0,1559,4,1559,6,1,1,6,1.0,-0.0,0.0
R_005830,9,0.0036,5.8018955754994705e-05,0,1628,0,1628,7,1,3,7,1.0,-0.0,0.0
R_005831,4,0.0016,3.287273505277035e-05,0,1628,0,1628,6,1,3,6,1.0,-0.0,0.0
R_005832,14,0.0056,8.204688203298358e-05,0,1559,4,1559,8,1,1,8,1.0,-0.0,0.0
R_005833,10,0.004,6.19437713221688e-05,0,1559,4,1559,6,1,1,6,1.0,-0.0,0.0
R_005834,1,0.0004,1.733591467142384e-05,0,1559,4,1559,5,1,1,5,1.0,-0.0,0.0
R_005835,6,0.0024,4.228927244426218e-05,0,1559,4,1559,8,1,1,8,1.0,-0.0,0.0
R_005836,0,0.0,1.2023710757614017e-05,1,1,21,1,5,1,2,5,1.0,-0.0,0.0
R_005837,5,0.002,3.590842192044745e-05,0,3102,6,1531,5,1,2,5,1.0,-0.0,0.0
R_005838,7,0.0028,4.720294309280015e-05,0,1562,3,1562,8,3,6,6,0.75,0.7356219397587946,0.6695919455357792
R_005839,2,0.0008,2.265313789730769e-05,0,1628,0,1628,5,1,3,5,1.0,-0.0,0.0
R_005840,10,0.004,5.9932804525857936e-05,0,3102,6,1531,6,1,2,6,1.0,-0.0,0.0
R_005841,9,0.0036,5.8665035588194055e-05,0,1628,0,1628,6,1,3,6,1.0,-0.0,0.0
R_005842,9,0.0036,5.527592073906924e-05,0,3102,6,1531,8,1,2,8,1.0,-0.0,0.0
R_005843,3,0.0012,2.6513677617768254e-05,0,3102,6,1531,5,1,2,5,1.0,-0.0,0.0
R_005844,5,0.002,3.868859176703152e-05,0,1550,5,1550,6,1,0,6,1.0,-0.0,0.0
R_005845,11,0.0044,6.614744820425094e-05,0,1559,4,1559,6,1,1,6,1.0,-0.0,0.0
R_005846,6,0.0024,4.122789489787115e-05,0,3102,6,1531,6,1,2,6,1.0,-0.0,0.0
R_005847,15,0.006,9.35638742619618e-05,0,1565,2,1565,6,2,5,5,0.8333333333333334,0.4505612088663046,0.6500224216483541
R_005848,5,0.002,3.9335351071764116e-05,0,1565,2,1565,6,1,5,6,1.0,-0.0,0.0
R_005849,12,0.0048,7.442543803737188e-05,0,1550,5,1550,8,1,0,8,1.0,-0.0,0.0
R_005850,8,0.0032,5.290040993326288e-05,0,1628,0,1628,8,1,3,8,1.0,-0.0,0.0
R_005851,5,0.002,3.8445559256697886e-05,0,1550,5,1550,6,1,0,6,1.0,-0.0,0.0
R_005852,15,0.006,8.649183313285032e-05,0,1559,4,1559,7,1,1,7,1.0,-0.0,0.0
R_005853,6,0.0024,4.2959511345588275e-05,0,1628,0,1628,5,1,3,5,1.0,-0.0,0.0
R_005854,3,0.0012,2.6587560825320477e-05,0,3102,1,1571,5,4,7,2,0.4,1.3321790402101223,0.9609640474436812
R_005855,7,0.0028,4.844506358176887e-05,0,1628,0,1628,6,1,3,6,1.0,-0.0,0.0
R_005856,11,0.0044,7.277318634447944e-05,0,1565,2,1565,7,2,5,6,0.8571428571428571,0.410116318288409,0.5916727785823274
R_005857,8,0.0032,5.5394958148226814e-05,0,1565,2,1565,7,1,5,7,1.0,-0.0,0.0
R_005858,2,0.0008,2.2008778707802325e-05,0,3102,1,1571,6,2,7,5,0.8333333333333334,0.4505612088663046,0.6500224216483541
R_005859,5,0.002,3.689875490935705e-05,0,1562,3,1562,7,2,6,6,0.8571428571428571,0.410116318288409,0.5916727785823274
R_005860,6,0.0024,4.35241744933011e-05,0,1550,5,1550,7,1,0,7,1.0,-0.0,0.0
R_005861,7,0.0028,4.716175984777517e-05,0,1559,4,1559,7,1,1,7,1.0,-0.0,0.0
R_005862,2,0.0008,2.18284340360261e-05,0,3102,6,1531,5,1,2,5,1.0,-0.0,0.0
R_005863,6,0.0024,4.375189834474453e-05,0,1550,5,1550,8,1,0,8,1.0,-0.0,0.0
R_005864,10,0.004,6.213918002495158e-05,0,1562,3,1562,6,2,6,5,0.8333333333333334,0.4505612088663046,0.6500224216483541
R_005865,1,0.0004,1.721135616182389e-05,0,1559,4,1559,6,1,1,6,1.0,-0.0,0.0
R_005866,6,0.0024,4.160383780795161e-05,0,3102,1,1571,7,4,7,4,0.5714285714285714,1.1537419427010902,0.8322488896002307
R_005867,2,0.0008,2.1844908665178843e-05,0,1505,7,1505,5,1,4,5,1.0,-0.0,0.0
R_005868,6,0.0024,4.386375676753378e-05,0,1550,5,1550,5,1,0,5,1.0,-0.0,0.0
R_005869,10,0.004,6.105002860976773e-05,0,3102,6,1531,8,1,2,8,1.0,-0.0,0.0
R_005870,8,0.0032,5.090694245785763e-05,0,3102,6,1531,7,1,2,7,1.0,-0.0,0.0
R_005871,11,0.0044,6.913009423460178e-05,0,1628,0,1628,8,1,3,8,1.0,-0.0,0.0
R_005872,9,0.0036,5.830791523485446e-05,0,1628,0,1628,6,1,3,6,1.0,-0.0,0.0
R_005873,12,0.0048,6.849963530594272e-05,0,1505,7,1505,8,1,4,8,1.0,-0.0,0.0
R_005874,5,0.002,3.9223613460983327e-05,0,1565,2,1565,6,1,5,6,1.0,-0.0,0.0
R_005875,11,0.0044,7.240680979968842e-05,0,1565,2,1565,8,1,5,8,1.0,-0.0,0.0
R_005876,2,0.0008,2.2808908241793174e-05,0,1565,2,1565,8,1,5,8,1.0,-0.0,0.0
R_005877,6,0.0024,4.053266145594674e-05,0,1505,7,1505,7,1,4,7,1.0,-0.0,0.0
R_005878,3,0.0012,2.7852829772131157e-05,0,1562,3,1562,5,1,6,5,1.0,-0.0,0.0
R_005879,6,0.0024,4.043883376494928e-05,0,1505,7,1505,7,1,4,7,1.0,-0.0,0.0
R_005880,4,0.0016,3.362886684865561e-05,0,1550,5,1550,5,1,0,5,1.0,-0.0,0.0
R_005881,14,0.0056,8.843393862454798e-05,0,1565,2,1565,6,2,5,5,0.8333333333333334,0.4505612088663046,0.6500224216483541
R_005882,2,0.0008,2.1984241033625078e-05,0,3102,1,1571,5,4,7,2,0.4,1.3321790402101223,0.9609640474436812
R_005883,13,0.0052,7.759930184426768e-05,0,1562,3,1562,8,3,6,6,0.75,0.7356219397587946,0.6695919455357792
R_005884,8,0.0032,5.0322962951256986e-05,0,3102,6,1531,8,1,2,8,1.0,-0.0,0.0
R_005885,6,0.0024,4.307461323105646e-05,0,1628,0,1628,5,1,3,5,1.0,-0.0,0.0
R_005886,17,0.0068,9.262325734803722e-05,0,3102,1,1571,8,2,7,6,0.75,0.5623351446188083,0.8112781244591328
R_005887,6,0.0024,4.259755950942581e-05,0,1559,4,1559,5,1,1,5,1.0,-0.0,0.0
R_005888,2,0.0008,2.173360483647133e-05,0,3102,1,1571,5,3,7,3,0.6,0.9502705392332348,0.8649735207179272
R_005889,4,0.0016,3.2591112090815843e-05,0,1559,4,1559,5,1,1,5,1.0,-0.0,0.0
R_005890,4,0.0016,3.132555619564423e-05,0,1505,7,1505,7,1,4,7,1.0,-0.0,0.0
R_005891,8,0.0032,5.004777960625762e-05,0,1505,7,1505,7,1,4,7,1.0,-0.0,0.0
R_005892,7,0.0028,4.809308300777427e-05,0,1628,0,1628,7,1,3,7,1.0,-0.0,0.0
R_005893,3,0.0012,2.6687979509316868e-05,0,3102,1,1571,5,3,7,3,0.6,0.9502705392332348,0.8649735207179272
R_005894,5,0.002,3.5505339389367385e-05,0,1505,7,1505,8,1,4,8,1.0,-0.0,0.0
R_005895,10,0.004,6.364774956956037e-05,0,1550,5,1550,7,1,0,7,1.0,-0.0,0.0
R_005896,27,0.0108,0.00013865799671698383,0,1505,7,1505,8,1,4,8,1.0,-0.0,0.0
R_005897,9,0.0036,5.471695624130552e-05,0,3102,1,1571,8,4,7,4,0.5,1.2130075659799042,0.875
R_005898,6,0.0024,4.540228348510684e-05,0,1565,2,1565,6,2,5,5,0.8333333333333334,0.4505612088663046,0.6500224216483541
R_005899,8,0.0032,5.0743868949314405e-05,0,3102,6,1531,5,1,2,5,1.0,-0.0,0.0
R_005900,10,0.004,6.430070757774338e-05,0,1550,5,1550,7,1,0,7,1.0,-0.0,0.0
R_005901,11,0.0044,6.783191468823487e-05,0,1562,3,1562,8,2,6,7,0.875,0.3767701612564367,0.5435644431995964
R_005902,11,0.0044,7.263009548418179e-05,0,1565,2,1565,6,1,5,6,1.0,-0.0,0.0
R_005903,6,0.0024,4.1320188655802e-05,0,3102,6,1531,7,1,2,7,1.0,-0.0,0.0
R_005904,4,0.0016,3.373703090149885e-05,0,1550,5,1550,6,1,0,6,1.0,-0.0,0.0
R_005905,9,0.0036,5.714538217135158e-05,0,1559,4,1559,7,1,1,7,1.0,-0.0,0.0
R_005906,10,0.004,6.292059038622156e-05,0,1628,0,1628,7,1,3,7,1.0,-0.0,0.0
R_005907,8,0.0032,5.0086444199879856e-05,0,3102,1,1571,8,4,7,5,0.625,1.073542846408523,0.7743974703476992
R_005908,20,0.008,0.00011226167979390724,0,1562,3,1562,7,2,6,6,0.8571428571428571,0.410116318288409,0.5916727785823274
R_005909,3,0.0012,2.8660616831354135e-05,0,1550,5,1550,5,1,0,5,1.0,-0.0,0.0
R_005910,7,0.0028,4.56317551001989e-05,0,3102,6,1531,7,1,2,7,1.0,-0.0,0.0
R_005911,19,0.0076,0.00011576449256679226,0,1565,2,1565,7,2,5,6,0.8571428571428571,0.410116318288409,0.5916727785823274
R_005912,7,0.0028,4.719909037850392e-05,0,1559,4,1559,6,1,1,6,1.0,-0.0,0.0
R_005913,9,0.0036,5.6878845849306145e-05,0,1559,4,1559,8,1,1,8,1.0,-0.0,0.0
R_005914,3,0.0012,2.6401223089231394e-05,0,1505,7,1505,5,1,4,5,1.0,-0.0,0.0
R_005915,10,0.004,6.391060368747657e-05,0,1628,0,1628,7,1,3,7,1.0,-0.0,0.0
R_005916,5,0.002,3.6543378968370735e-05,0,3102,6,1531,7,1,2,7,1.0,-0.0,0.0
R_005917,7,0.0028,4.7231207796953454e-05,0,1559,4,1559,5,1,1,5,1.0,-0.0,0.0
R_005918,7,0.0028,4.724667268180498e-05,0,1559,4,1559,6,1,1,6,1.0,-0.0,0.0
R_005919,6,0.0024,4.242825358078759e-05,0,1562,3,1562,8,3,6,6,0.75,0.7356219397587946,0.6695919455357792
R_005920,12,0.0048,6.918851502868981e-05,0,3102,1,1571,7,3,7,4,0.5714285714285714,0.9556998911125344,0.8699155297736259
R_005921,6,0.0024,4.0543031789164286e-05,0,1505,7,1505,6,1,4,6,1.0,-0.0,0.0
R_005922,10,0.004,5.9808951302009464e-05,0,3102,1,1571,7,3,7,4,0.5714285714285714,0.9556998911125344,0.8699155297736259
R_005923,13,0.0052,7.967622897934175e-05,0,1550,5,1550,8,1,0,8,1.0,-0.0,0.0
R_005924,10,0.004,6.239880872759373e-05,0,1559,4,1559,8,1,1,8,1.0,-0.0,0.0
R_005925,10,0.004,6.194170115504625e-05,0,1559,4,1559,7,1,1,7,1.0,-0.0,0.0
R_005926,8,0.0032,5.011137133958293e-05,0,3102,1,1571,6,3,7,3,0.5,1.0114042647073518,0.920619835714305
R_005927,5,0.002,3.972245077721202e-05,0,1565,2,1565,6,1,5,6,1.0,-0.0,0.0
R_005928,7,0.0028,4.914037777556863e-05,0,1550,5,1550,7,1,0,7,1.0,-0.0,0.0
R_005929,11,0.0044,6.84847148064822e-05,0,1628,0,1628,8,1,3,8,1.0,-0.0,0.0
R_005930,9,0.0036,5.498038297723463e-05,0,3102,6,1531,7,1,2,7,1.0,-0.0,0.0
R_005931,10,0.004,6.014843519034701e-05,0,1505,7,1505,8,1,4,8,1.0,-0.0,0.0
R_005932,8,0.0032,5.192672142666202e-05,0,1559,4,1559,6,1,1,6,1.0,-0.0,0.0
R_005933,4,0.0016,3.3048316156503496e-05,0,1550,5,1550,5,1,0,5,1.0,-0.0,0.0
R_005934,6,0.0024,4.239530981054001e-05,0,1562,3,1562,5,3,6,3,0.6,0.9502705392332348,0.8649735207179272
R_005935,6,0.0024,4.283260955905304e-05,0,1562,3,1562,5,2,6,4,0.8,0.5004024235381879,0.7219280948873623
R_005936,7,0.0028,4.7327705241506635e-05,0,1559,4,1559,8,1,1,8,1.0,-0.0,0.0
R_005937,2,0.0008,2.2334631583208807e-05,0,1628,0,1628,5,1,3,5,1.0,-0.0,0.0
R_005938,3,0.0012,2.8445723952466513e-05,0,1565,2,1565,7,2,5,6,0.8571428571428571,0.410116318288409,0.5916727785823274
R_005939,5,0.002,3.7670689889303816e-05,0,1628,0,1628,5,1,3,5,1.0,-0.0,0.0
R_005940,5,0.002,3.7118469778291096e-05,0,1559,4,1559,5,1,1,5,1.0,-0.0,0.0
R_005941,2,0.0008,2.1703417871388762e-05,0,1505,7,1505,6,1,4,6,1.0,-0.0,0.0
R_005942,10,0.004,6.491389167472984e-05,0,1550,5,1550,8,1,0,8,1.0,-0.0,0.0
R_005943,3,0.0012,2.773043254313665e-05,0,1628,0,1628,7,1,3,7,1.0,-0.0,0.0
R_005944,5,0.002,3.729482991910803e-05,0,1562,3,1562,6,3,6,4,0.6666666666666666,0.8675632284814612,0.7896900821428474
R_005945,6,0.0024,4.503279032805511e-05,0,1565,2,1565,6,2,5,5,0.8333333333333334,0.4505612088663046,0.6500224216483541
R_005946,7,0.0028,4.69899491736005e-05,0,1562,3,1562,6,2,6,5,0.8333333333333334,0.4505612088663046,0.6500224216483541
R_005947,3,0.0012,2.7090647729639144e-05,0,1559,4,1559,5,1,1,5,1.0,-0.0,0.0
R_005948,4,0.0016,3.133128611493157e-05,0,1505,7,1505,5,1,4,5,1.0,-0.0,0.0
R_005949,8,0.0032,5.0239424154693645e-05,0,3102,6,1531,7,1,2,7,1.0,-0.0,0.0
R_005950,0,0.0,1.2023710757614017e-05,1,1,22,1,5,1,5,5,1.0,-0.0,0.0
R_005951,10,0.004,6.436789921765776e-05,0,1550,5,1550,8,1,0,8,1.0,-0.0,0.0
R_005952,7,0.0028,4.7901003114078956e-05,0,1628,0,1628,8,1,3,8,1.0,-0.0,0.0
R_005953,6,0.0024,4.218802528637749e-05,0,1562,3,1562,8,3,6,6,0.75,0.7356219397587946,0.6695919455357792
R_005954,9,0.0036,5.6786177285368136e-05,0,1559,4,1559,5,1,1,5,1.0,-0.0,0.0
R_005955,3,0.0012,2.6267012183779245e-05,0,3102,1,1571,5,3,7,3,0.6,0.9502705392332348,0.8649735207179272
R_005956,6,0.0024,4.222405812364926e-05,0,1559,4,1559,6,1,1,6,1.0,-0.0,0.0
R_005957,6,0.0024,4.226361971305609e-05,0,1559,4,1559,5,1,1,5,1.0,-0.0,0.0
R_005958,3,0.0012,2.9089911157453387e-05,0,1565,2,1565,5,1,5,5,1.0,-0.0,0.0
R_005959,7,0.0028,4.75302367875537e-05,0,1559,4,1559,8,1,1,8,1.0,-0.0,0.0
R_005960,11,0.0044,6.832832938488917e-05,0,1559,4,1559,8,1,1,8,1.0,-0.0,0.0
R_005961,8,0.0032,5.0123096954276206e-05,0,3102,1,1571,6,3,7,4,0.6666666666666666,0.8675632284814612,0.7896900821428474
R_005962,3,0.0012,2.6676146039430325e-05,0,3102,1,1571,5,3,2,2,0.4,1.0549201679861442,0.9602297178607612
R_005963,6,0.0024,4.2482752355929114e-05,0,1562,3,1562,8,2,6,7,0.875,0.3767701612564367,0.5435644431995964
R_005964,11,0.0044,7.135351642180761e-05,0,1565,2,1565,8,2,5,7,0.875,0.3767701612564367,0.5435644431995964
R_005965,11,0.0044,6.469918401854259e-05,0,3102,1,1571,8,4,7,4,0.5,1.2130075659799042,0.875
R_005966,12,0.0048,7.441342923440076e-05,0,1628,0,1628,7,1,3,7,1.0,-0.0,0.0
R_005967,11,0.0044,6.42653834184253e-05,0,3102,1,1571,5,3,2,2,0.4,1.0549201679861442,0.9602297178607612
R_005968,11,0.0044,6.982367377830615e-05,0,1550,5,1550,8,1,0,8,1.0,-0.0,0.0
R_005969,17,0.0068,9.307945487108704e-05,0,3102,1,1571,8,4,7,4,0.5,1.2130075659799042,0.875
R_005970,12,0.0048,7.22416654936869e-05,0,1562,3,1562,8,2,6,7,0.875,0.3767701612564367,0.5435644431995964
R_005971,6,0.0024,4.562244912456337e-05,0,1565,2,1565,6,1,5,6,1.0,-0.0,0.0
R_005972,11,0.0044,7.22479338164402e-05,0,1565,2,1565,7,2,5,6,0.8571428571428571,0.410116318288409,0.5916727785823274
R_005973,7,0.0028,4.5295395016965006e-05,0,1505,7,1505,5,1,4,5,1.0,-0.0,0.0
R_005974,2,0.0008,2.2829405918297375e-05,0,1550,5,1550,6,1,0,6,1.0,-0.0,0.0
R_005975,8,0.0032,5.281521308293573e-05,0,1628,0,1628,8,1,3,8,1.0,-0.0,0.0
R_005976,11,0.0044,7.310061840304901e-05,0,1565,2,1565,7,1,5,7,1.0,-0.0,0.0
R_005977,3,0.0012,2.643343623367639e-05,0,1505,7,1505,5,1,4,5,1.0,-0.0,0.0
R_005978,15,0.006,8.364543060284073e-05,0,3102,6,1531,8,1,2,8,1.0,-0.0,0.0
R_005979,16,0.0064,9.392207792977311e-05,0,1628,0,1628,8,1,3,8,1.0,-0.0,0.0
R_005980,9,0.0036,5.778335953305797e-05,0,1562,3,1562,8,3,6,6,0.75,0.7356219397587946,0.6695919455357792
R_005981,9,0.0036,5.5180548658607754e-05,0,1505,7,1505,6,1,4,6,1.0,-0.0,0.0
R_005982,7,0.0028,4.7490432850680315e-05,0,1559,4,1559,6,1,1,6,1.0,-0.0,0.0
R_005983,9,0.0036,6.086422451234344e-05,0,1550,5,1550,6,1,0,6,1.0,-0.0,0.0
R_005984,2,0.0008,2.1836885197236128e-05,0,3102,6,1531,6,1,2,6,1.0,-0.0,0.0
R_005985,10,0.004,6.152391231219125e-05,0,1562,3,1562,7,2,6,6,0.8571428571428571,0.410116318288409,0.5916727785823274
R_005986,5,0.002,3.8544984583509085e-05,0,1550,5,1550,7,1,0,7,1.0,-0.0,0.0
R_005987,7,0.0028,5.0350441811388036e-05,0,1565,2,1565,6,2,5,5,0.8333333333333334,0.4505612088663046,0.6500224216483541
R_005988,7,0.0028,4.640736418492337e-05,0,3102,6,1531,8,1,2,8,1.0,-0.0,0.0
R_005989,8,0.0032,5.0635258290780046e-05,0,3102,6,1531,8,1,2,8,1.0,-0.0,0.0
R_005990,6,0.0024,4.284107297634786e-05,0,1562,3,1562,6,2,6,5,0.8333333333333334,0.4505612088663046,0.6500224216483541
R_005991,11,0.0044,6.814336913400663e-05,0,1628,0,1628,8,1,3,8,1.0,-0.0,0.0
R_005992,11,0.0044,6.830277666693e-05,0,1559,4,1559,7,1,1,7,1.0,-0.0,0.0
R_005993,13,0.0052,7.335713146853698e-05,0,3102,1,1571,7,4,7,3,0.4285714285714285,1.277034259466139,0.9211854965885544
R_005994,2,0.0008,2.2073005090430814e-05,0,3102,6,1531,5,1,2,5,1.0,-0.0,0.0
R_005995,3,0.0012,2.743016981512763e-05,0,1562,3,1562,6,2,6,5,0.8333333333333334,0.4505612088663046,0.6500224216483541
R_005996,8,0.0032,5.321387209247804e-05,0,1628,0,1628,6,1,3,6,1.0,-0.0,0.0
R_005997,12,0.0048,6.955300934663821e-05,0,3102,6,1531,8,1,2,8,1.0,-0.0,0.0
R_005998,5,0.002,3.8100124749420014e-05,0,1628,0,1628,8,1,3,8,1.0,-0.0,0.0
R_005999,10,0.004,6.017231669643287e-05,0,3102,6,1531,6,1,2,6,1.0,-0.0,0.0
R_006000,7,0.0028,4.8445300544689045e-05,0,1550,5,1550,8,1,0,8,1.0,-0.0,0.0
R_006001,4,0.0016,3.121085334816344e-05,0,3102,6,1531,5,1,2,5,1.0,-0.0,0.0
R_006002,6,0.0024,4.3036273338246005e-05,0,1628,0,1628,5,1,3,5,1.0,-0.0,0.0
R_006003,7,0.0028,4.531075755194777e-05,0,1505,7,1505,5,1,4,5,1.0,-0.0,0.0
R_006004,7,0.0028,4.826480346826167e-05,0,1628,0,1628,6,1,3,6,1.0,-0.0,0.0
R_006005,9,0.0036,5.658408638523744e-05,0,1559,4,1559,7,1,1,7,1.0,-0.0,0.0
R_006006,7,0.0028,4.9196480465820586e-05,0,1550,5,1550,6,1,0,6,1.0,-0.0,0.0
R_006007,7,0.0028,4.946598575728976e-05,0,1550,5,1550,6,1,0,6,1.0,-0.0,0.0
R_006008,15,0.006,8.919898458801608e-05,0,1628,0,1628,6,1,3,6,1.0,-0.0,0.0
R_006009,7,0.0028,4.544836546612816e-05,0,1505,7,1505,7,1,4,7,1.0,-0.0,0.0
R_006010,11,0.0044,6.790844265986277e-05,0,1628,0,1628,8,1,3,8,1.0,-0.0,0.0
R_006011,12,0.0048,7.272081849463764e-05,0,1562,3,1562,8,2,6,7,0.875,0.3767701612564367,0.5435644431995964
R_006012,9,0.0036,5.9335428930173837e-05,0,1550,5,1550,8,1,0,8,1.0,-0.0,0.0
R_006013,3,0.0012,2.741641013793354e-05,0,1562,3,1562,5,2,6,4,0.8,0.5004024235381879,0.7219280948873623
R_006014,5,0.002,3.6203063523885905e-05,0,3102,1,1571,5,3,7,3,0.6,0.9502705392332348,0.8649735207179272
R_006015,5,0.002,3.772719791202745e-05,0,1628,0,1628,7,1,3,7,1.0,-0.0,0.0
R_006016,23,0.0092,0.0001303405452296031,0,1628,0,1628,8,1,3,8,1.0,-0.0,0.0
R_006017,8,0.0032,5.157718747504037e-05,0,1559,4,1559,7,1,1,7,1.0,-0.0,0.0
R_006018,7,0.0028,4.851142252490251e-05,0,1550,5,1550,5,1,0,5,1.0,-0.0,0.0
R_006019,7,0.0028,4.7617956414668215e-05,0,1628,0,1628,7,1,3,7,1.0,-0.0,0.0
R_006020,14,0.0056,7.899408362213546e-05,0,3102,1,1571,8,4,7,4,0.5,1.2130075659799042,0.875
R_006021,10,0.004,5.973382351332172e-05,0,3102,1,1571,6,3,7,3,0.5,1.0114042647073518,0.920619835714305
R_006022,7,0.0028,5.063546956755522e-05,0,1565,2,1565,5,1,5,5,1.0,-0.0,0.0
R_006023,8,0.0032,5.249158546205818e-05,0,1562,3,1562,6,3,6,4,0.6666666666666666,0.8675632284814612,0.7896900821428474
R_006024,18,0.0072,0.0001029509216612123,0,1562,3,1562,8,3,6,6,0.75,0.7356219397587946,0.6695919455357792
R_006025,11,0.0044,7.200283289686265e-05,0,1565,2,1565,8,2,5,7,0.875,0.3767701612564367,0.5435644431995964
R_006026,12,0.0048,7.24278492177557e-05,0,1562,3,1562,7,3,6,5,0.7142857142857143,0.796311640173813,0.7248340915057598
R_006027,2,0.0008,2.206814972000404e-05,0,1562,3,1562,5,3,6,3,0.6,0.9502705392332348,0.8649735207179272
R_006028,13,0.0052,7.435236503130256e-05,0,3102,6,1531,8,1,2,8,1.0,-0.0,0.0
R_006029,5,0.002,3.550059274352558e-05,0,1505,7,1505,6,1,4,6,1.0,-0.0,0.0
R_006030,10,0.004,6.001834236472477e-05,0,3102,1,1571,5,3,7,3,0.6,0.9502705392332348,0.8649735207179272
R_006031,12,0.0048,7.013469353521467e-05,0,3102,6,1531,8,1,2,8,1.0,-0.0,0.0
R_006032,8,0.0032,5.6330914707115205e-05,0,1565,2,1565,7,2,5,6,0.8571428571428571,0.410116318288409,0.5916727785823274
R_006033,1,0.0004,1.7071688725919296e-05,0,1505,7,1505,5,1,4,5,1.0,-0.0,0.0
R_006034,6,0.0024,4.5104527838392387e-05,0,1565,2,1565,7,1,5,7,1.0,-0.0,0.0
R_006035,12,0.0048,7.176702360622558e-05,0,1559,4,1559,7,1,1,7,1.0,-0.0,0.0
R_006036,5,0.002,3.654712321180542e-05,0,3102,6,1531,7,1,2,7,1.0,-0.0,0.0
R_006037,8,0.0032,5.0405447215552496e-05,0,3102,6,1531,8,1,2,8,1.0,-0.0,0.0
R_006038,8,0.0032,5.4342751560624894e-05,0,1550,5,1550,7,1,0,7,1.0,-0.0,0.0
R_006039,4,0.0016,3.123365227931647e-05,0,1505,7,1505,5,1,4,5,1.0,-0.0,0.0
R_006040,7,0.0028,4.5761693942749046e-05,0,3102,1,1571,7,4,7,3,0.4285714285714285,1.277034259466139,0.9211854965885544
R_006041,8,0.0032,4.959824269351787e-05,0,1505,7,1505,5,1,4,5,1.0,-0.0,0.0
R_006042,7,0.0028,4.662873060837831e-05,0,1559,4,1559,5,1,1,5,1.0,-0.0,0.0
R_006043,16,0.0064,9.184407137802693e-05,0,1559,4,1559,8,1,1,8,1.0,-0.0,0.0
R_006044,8,0.0032,5.429806857421189e-05,0,1550,5,1550,8,1,0,8,1.0,-0.0,0.0
R_006045,17,0.0068,9.716970406577614e-05,0,1562,3,1562,8,2,6,7,0.875,0.3767701612564367,0.5435644431995964
R_006046,8,0.0032,5.624569599948296e-05,0,1565,2,1565,7,2,5,6,0.8571428571428571,0.410116318288409,0.5916727785823274
R_006047,5,0.002,3.642717045650213e-05,0,3102,1,1571,5,4,7,2,0.4,1.3321790402101223,0.9609640474436812
R_006048,8,0.0032,5.653691473013262e-05,0,1565,2,1565,7,1,5,7,1.0,-0.0,0.0
R_006049,10,0.004,6.38283289416735e-05,0,1628,0,1628,8,1,3,8,1.0,-0.0,0.0
R_006050,10,0.004,6.762603330667996e-05,0,1565,2,1565,8,2,5,7,0.875,0.3767701612564367,0.5435644431995964
R_006051,5,0.002,3.685917434425208e-05,0,1562,3,1562,5,2,6,4,0.8,0.5004024235381879,0.7219280948873623
R_006052,3,0.0012,2.6901806808390976e-05,0,3102,6,1531,5,1,2,5,1.0,-0.0,0.0
R_006053,8,0.0032,5.3131906010817846e-05,0,1550,5,1550,8,1,0,8,1.0,-0.0,0.0
R_006054,5,0.002,3.5642466864152184e-05,0,1505,7,1505,6,1,4,6,1.0,-0.0,0.0
R_006055,9,0.0036,5.5458431433233604e-05,0,3102,6,1531,7,1,2,7,1.0,-0.0,0.0
R_006056,11,0.0044,6.42282708774202e-05,0,3102,1,1571,6,3,7,3,0.5,1.0114042647073518,0.920619835714305
R_006057,8,0.0032,5.193510496233081e-05,0,1559,4,1559,7,1,1,7,1.0,-0.0,0.0
R_006058,9,0.0036,5.7364237860752906e-05,0,1562,3,1562,6,2,6,5,0.8333333333333334,0.4505612088663046,0.6500224216483541
R_006059,8,0.0032,5.124478265992073e-05,0,3102,6,1531,8,1,2,8,1.0,-0.0,0.0
R_006060,13,0.0052,7.389587760752727e-05,0,1505,7,1505,7,1,4,7,1.0,-0.0,0.0
R_006061,11,0.0044,6.755485200064653e-05,0,1562,3,1562,8,2,6,7,0.875,0.3767701612564367,0.5435644431995964
R_006062,9,0.0036,5.730732059396326e-05,0,1562,3,1562,8,3,6,6,0.75,0.7356219397587946,0.6695919455357792
R_006063,6,0.0024,4.3697008747334e-05,0,1550,5,1550,7,1,0,7,1.0,-0.0,0.0
R_006064,8,0.0032,5.033220449474954e-05,0,3102,1,1571,6,2,7,5,0.8333333333333334,0.4505612088663046,0.6500224216483541
R_006065,12,0.0048,7.408610662312611e-05,0,1628,0,1628,8,1,3,8,1.0,-0.0,0.0
R_006066,7,0.0028,4.9047073686272124e-05,0,1550,5,1550,5,1,0,5,1.0,-0.0,0.0
R_006067,7,0.0028,4.8444165693810315e-05,0,1550,5,1550,8,1,0,8,1.0,-0.0,0.0
R_006068,3,0.0012,2.70370890014635e-05,0,3102,6,1531,5,1,2,5,1.0,-0.0,0.0
R_006069,15,0.006,8.267731794379523e-05,0,1505,7,1505,7,1,4,7,1.0,-0.0,0.0
R_006070,15,0.006,8.354365262257429e-05,0,3102,1,1571,7,3,7,4,0.5714285714285714,0.9556998911125344,0.8699155297736259
R_006071,8,0.0032,5.327319904599705e-05,0,1628,0,1628,6,1,3,6,1.0,-0.0,0.0
R_006072,5,0.002,3.734102438851705e-05,0,1562,3,1562,8,3,6,6,0.75,0.7356219397587946,0.6695919455357792
R_006073,8,0.0032,5.244557880763228e-05,0,1562,3,1562,6,3,6,4,0.6666666666666666,0.8675632284814612,0.7896900821428474
R_006074,7,0.0028,5.031509970194452e-05,0,1565,2,1565,7,2,5,6,0.8571428571428571,0.410116318288409,0.5916727785823274
R_006075,8,0.0032,5.165805604527116e-05,0,1562,3,1562,8,3,6,6,0.75,0.7356219397587946,0.6695919455357792
R_006076,6,0.0024,4.2343220234398295e-05,0,1562,3,1562,5,2,6,4,0.8,0.5004024235381879,0.7219280948873623
R_006077,6,0.0024,4.379715134531419e-05,0,1550,5,1550,6,1,0,6,1.0,-0.0,0.0
R_006078,6,0.0024,4.480680419559339e-05,0,1565,2,1565,6,1,5,6,1.0,-0.0,0.0
R_006079,4,0.0016,3.1177535565946887e-05,0,3102,6,1531,5,1,2,5,1.0,-0.0,0.0
R_006080,10,0.004,5.916638081379892e-05,0,1505,7,1505,6,1,4,6,1.0,-0.0,0.0
R_006081,9,0.0036,5.8083278781833447e-05,0,1628,0,1628,8,1,3,8,1.0,-0.0,0.0
R_006082,5,0.002,3.8183832923889186e-05,0,1550,5,1550,6,1,0,6,1.0,-0.0,0.0
R_006083,2,0.0008,2.3256981793968433e-05,0,1565,2,1565,6,1,5,6,1.0,-0.0,0.0
R_006084,7,0.0028,4.660541702092632e-05,0,1559,4,1559,8,1,1,8,1.0,-0.0,0.0
R_006085,2,0.0008,2.3218070867819568e-05,0,1550,5,1550,5,1,0,5,1.0,-0.0,0.0
R_006086,4,0.0016,3.083166344582658e-05,0,1505,7,1505,6,1,4,6,1.0,-0.0,0.0
R_006087,19,0.0076,0.00010091671093874778,0,1505,7,1505,8,1,4,8,1.0,-0.0,0.0
R_006088,12,0.0048,7.944939003541948e-05,0,1565,2,1565,6,2,5,5,0.8333333333333334,0.4505612088663046,0.6500224216483541
R_006089,4,0.0016,3.250902203690029e-05,0,1562,3,1562,5,2,6,4,0.8,0.5004024235381879,0.7219280948873623
R_006090,11,0.0044,7.234030523885188e-05,0,1565,2,1565,7,1,5,7,1.0,-0.0,0.0
R_006091,6,0.0024,4.2525566079128746e-05,0,1559,4,1559,5,1,1,5,1.0,-0.0,0.0
R_006092,6,0.0024,4.410647689839884e-05,0,1550,5,1550,7,1,0,7,1.0,-0.0,0.0
R_006093,3,0.0012,2.6641462002811687e-05,0,1505,7,1505,5,1,4,5,1.0,-0.0,0.0
R_006094,4,0.0016,3.267869145059722e-05,0,1562,3,1562,5,3,6,3,0.6,0.9502705392332348,0.8649735207179272
R_006095,21,0.0084,0.0001196902864846275,0,1628,0,1628,7,1,3,7,1.0,-0.0,0.0
R_006096,2,0.0008,2.281652657690125e-05,0,1628,0,1628,5,1,3,5,1.0,-0.0,0.0
R_006097,11,0.0044,7.249790785218398e-05,0,1565,2,1565,7,2,5,6,0.8571428571428571,0.410116318288409,0.5916727785823274
R_006098,7,0.0028,4.881246360543281e-05,0,1550,5,1550,6,1,0,6,1.0,-0.0,0.0
R_006099,4,0.0016,3.2807843031454195e-05,0,1628,0,1628,5,1,3,5,1.0,-0.0,0.0
R_006100,2,0.0008,2.264605515277157e-05,0,1550,5,1550,5,1,0,5,1.0,-0.0,0.0
R_006101,8,0.0032,5.5588877872123706e-05,0,1565,2,1565,8,2,5,7,0.875,0.3767701612564367,0.5435644431995964
R_006102,15,0.006,9.395907434878337e-05,0,1565,2,1565,8,2,5,7,0.875,0.3767701612564367,0.5435644431995964
R_006103,4,0.0016,3.2650849359561064e-05,0,1628,0,1628,6,1,3,6,1.0,-0.0,0.0
R_006104,8,0.0032,5.056950207697137e-05,0,3102,6,1531,8,1,2,8,1.0,-0.0,0.0
R_006105,6,0.0024,4.26908982055184e-05,0,1628,0,1628,7,1,3,7,1.0,-0.0,0.0
R_006106,5,0.002,3.64488032130807e-05,0,3102,1,1571,7,4,7,4,0.5714285714285714,1.1537419427010902,0.8322488896002307
R_006107,11,0.0044,7.01203545736548e-05,0,1550,5,1550,7,1,0,7,1.0,-0.0,0.0
R_006108,0,0.0,1.2023710757614017e-05,1,1,23,1,5,1,5,5,1.0,-0.0,0.0
R_006109,29,0.0116,0.00016025039892432198,0,1628,0,1628,8,1,3,8,1.0,-0.0,0.0
R_006110,7,0.0028,4.758385688284283e-05,0,1562,3,1562,7,3,6,5,0.7142857142857143,0.796311640173813,0.7248340915057598
R_006111,5,0.002,3.600026775402858e-05,0,1505,7,1505,7,1,4,7,1.0,-0.0,0.0
R_006112,13,0.0052,7.585899440919505e-05,0,1562,3,1562,7,3,6,5,0.7142857142857143,0.796311640173813,0.7248340915057598
R_006113,8,0.0032,5.3152060689889145e-05,0,1562,3,1562,7,3,6,5,0.7142857142857143,0.796311640173813,0.7248340915057598
R_006114,10,0.004,5.9436363422695005e-05,0,1505,7,1505,7,1,4,7,1.0,-0.0,0.0
R_006115,10,0.004,6.248729174385837e-05,0,1562,3,1562,8,3,6,6,0.75,0.7356219397587946,0.6695919455357792
R_006116,12,0.0048,7.220703300088418e-05,0,1562,3,1562,7,2,6,6,0.8571428571428571,0.410116318288409,0.5916727785823274
R_006117,8,0.0032,5.176063905869907e-05,0,1559,4,1559,7,1,1,7,1.0,-0.0,0.0
R_006118,2,0.0008,2.3504049728805205e-05,0,1565,2,1565,5,2,5,4,0.8,0.5004024235381879,0.7219280948873623
R_006119,9,0.0036,6.18029993925043e-05,0,1565,2,1565,8,2,5,7,0.875,0.3767701612564367,0.5435644431995964
R_006120,7,0.0028,4.6197424106938084e-05,0,3102,6,1531,6,1,2,6,1.0,-0.0,0.0
R_006121,6,0.0024,4.1828362853233496e-05,0,1559,4,1559,6,1,1,6,1.0,-0.0,0.0
R_006122,6,0.0024,4.090040732875289e-05,0,1505,7,1505,5,1,4,5,1.0,-0.0,0.0
R_006123,2,0.0008,2.2533489965031383e-05,0,1628,0,1628,5,1,3,5,1.0,-0.0,0.0
R_006124,26,0.0104,0.00013762191369078315,0,3102,6,1531,8,1,2,8,1.0,-0.0,0.0
R_006125,8,0.0032,5.2396783244331444e-05,0,1559,4,1559,8,1,1,8,1.0,-0.0,0.0
R_006126,5,0.002,3.759158294743682e-05,0,1559,4,1559,5,1,1,5,1.0,-0.0,0.0
R_006127,9,0.0036,5.46134601283663e-05,0,1505,7,1505,8,1,4,8,1.0,-0.0,0.0
R_006128,3,0.0012,2.8586424256417426e-05,0,1565,2,1565,5,1,5,5,1.0,-0.0,0.0
R_006129,11,0.0044,6.474416118794404e-05,0,3102,6,1531,7,1,2,7,1.0,-0.0,0.0
R_006130,6,0.0024,4.0693351610987916e-05,0,1505,7,1505,6,1,4,6,1.0,-0.0,0.0
R_006131,8,0.0032,5.095743815529535e-05,0,3102,1,1571,7,4,7,4,0.5714285714285714,1.1537419427010902,0.8322488896002307
R_006132,9,0.0036,5.505032275888897e-05,0,1505,7,1505,6,1,4,6,1.0,-0.0,0.0
R_006133,8,0.0032,5.039492109834871e-05,0,3102,6,1531,8,1,2,8,1.0,-0.0,0.0
R_006134,7,0.0028,4.6828346269556295e-05,0,1562,3,1562,5,2,6,4,0.8,0.5004024235381879,0.7219280948873623
R_006135,17,0.0068,0.0001051381124139407,0,1565,2,1565,8,1,5,8,1.0,-0.0,0.0
R_006136,5,0.002,3.583737563525172e-05,0,1505,7,1505,6,1,4,6,1.0,-0.0,0.0
R_006137,6,0.0024,4.349883810734504e-05,0,1550,5,1550,8,1,0,8,1.0,-0.0,0.0
R_006138,7,0.0028,4.803175404239046e-05,0,1628,0,1628,7,1,3,7,1.0,-0.0,0.0
R_006139,1,0.0004,1.7475731687503366e-05,0,1562,3,1562,5,3,6,3,0.6,0.9502705392332348,0.8649735207179272
R_006140,5,0.002,3.814408737269613e-05,0,1628,0,1628,6,1,3,6,1.0,-0.0,0.0
R_006141,3,0.0012,2.7735957075104842e-05,0,1550,5,1550,5,1,0,5,1.0,-0.0,0.0
R_006142,9,0.0036,5.452697567869877e-05,0,3102,6,1531,8,1,2,8,1.0,-0.0,0.0
R_006143,12,0.0048,7.447672187064676e-05,0,1550,5,1550,7,1,0,7,1.0,-0.0,0.0
R_006144,9,0.0036,5.972942620884602e-05,0,1550,5,1550,7,1,0,7,1.0,-0.0,0.0
R_006145,5,0.002,3.765458702927929e-05,0,1628,0,1628,5,1,3,5,1.0,-0.0,0.0
R_006146,6,0.0024,4.247493180574449e-05,0,1562,3,1562,6,3,6,4,0.6666666666666666,0.8675632284814612,0.7896900821428474
R_006147,6,0.0024,4.54607858804857e-05,0,1565,2,1565,6,2,5,5,0.8333333333333334,0.4505612088663046,0.6500224216483541
R_006148,11,0.0044,6.645457013298103e-05,0,1562,3,1562,8,3,6,6,0.75,0.7356219397587946,0.6695919455357792
R_006149,14,0.0056,8.599651849581582e-05,0,1550,5,1550,7,1,0,7,1.0,-0.0,0.0
R_006150,4,0.0016,3.1363751885916705e-05,0,3102,6,1531,5,1,2,5,1.0,-0.0,0.0
R_006151,9,0.0036,5.789472609780587e-05,0,1562,3,1562,8,3,6,6,0.75,0.7356219397587946,0.6695919455357792
R_006152,7,0.0028,5.080071117009234e-05,0,1565,2,1565,7,1,5,7,1.0,-0.0,0.0
R_006153,6,0.0024,4.323132523902706e-05,0,1562,3,1562,5,2,6,4,0.8,0.5004024235381879,0.7219280948873623
R_006154,5,0.002,3.710153867306522e-05,0,1559,4,1559,5,1,1,5,1.0,-0.0,0.0
R_006155,11,0.0044,7.181991588385037e-05,0,1565,2,1565,7,1,5,7,1.0,-0.0,0.0
R_006156,19,0.0076,0.00010236172303115419,0,3102,1,1571,8,3,7,6,0.75,0.7356219397587946,0.6695919455357792
R_006157,6,0.0024,4.077585114781566e-05,0,3102,6,1531,8,1,2,8,1.0,-0.0,0.0
R_006158,15,0.006,8.483640175780102e-05,0,3102,6,1531,7,1,2,7,1.0,-0.0,0.0
R_006159,10,0.004,6.21379365661659e-05,0,1628,0,1628,7,1,3,7,1.0,-0.0,0.0
R_006160,4,0.0016,3.140004651825234e-05,0,3102,1,1571,5,4,7,2,0.4,1.3321790402101223,0.9609640474436812
R_006161,5,0.002,3.6627381759583134e-05,0,1559,4,1559,5,1,1,5,1.0,-0.0,0.0
R_006162,16,0.0064,9.50608002512603e-05,0,1550,5,1550,8,1,0,8,1.0,-0.0,0.0
R_006163,6,0.0024,4.061224178432976e-05,0,3102,1,1571,5,4,7,2,0.4,1.3321790402101223,0.9609640474436812
R_006164,10,0.004,6.240547392842885e-05,0,1559,4,1559,8,1,1,8,1.0,-0.0,0.0
R_006165,4,0.0016,3.3478305613699604e-05,0,1550,5,1550,6,1,0,6,1.0,-0.0,0.0
R_006166,6,0.0024,4.280559793995023e-05,0,1628,0,1628,6,1,3,6,1.0,-0.0,0.0
R_006167,10,0.004,6.050327416589973e-05,0,3102,1,1571,7,3,7,5,0.7142857142857143,0.796311640173813,0.7248340915057598
R_006168,13,0.0052,7.876285107222114e-05,0,1628,0,1628,7,1,3,7,1.0,-0.0,0.0
R_006169,9,0.0036,5.646307621283195e-05,0,1559,4,1559,7,1,1,7,1.0,-0.0,0.0
R_006170,3,0.0012,2.6427513487441474e-05,0,1505,7,1505,5,1,4,5,1.0,-0.0,0.0
R_006171,4,0.0016,3.140359902108065e-05,0,3102,1,1571,5,4,2,2,0.4,1.3321790402101223,0.9609640474436812
R_006172,11,0.0044,6.727933818124648e-05,0,1559,4,1559,8,1,1,8,1.0,-0.0,0.0
R_006173,5,0.002,3.96559449325981e-05,0,1565,2,1565,6,1,5,6,1.0,-0.0,0.0
R_006174,17,0.0068,9.611452077117622e-05,0,1559,4,1559,8,1,1,8,1.0,-0.0,0.0
R_006175,22,0.0088,0.00011679822243762221,0,3102,6,1531,8,1,2,8,1.0,-0.0,0.0
R_006176,3,0.0012,2.709431640037528e-05,0,1559,4,1559,5,1,1,5,1.0,-0.0,0.0
R_006177,9,0.0036,6.220012794025531e-05,0,1565,2,1565,7,2,5,6,0.8571428571428571,0.410116318288409,0.5916727785823274
R_006178,6,0.0024,4.325840449787269e-05,0,1628,0,1628,7,1,3,7,1.0,-0.0,0.0
R_006179,3,0.0012,2.6279056409494423e-05,0,3102,1,1571,5,3,2,2,0.4,1.0549201679861442,0.9602297178607612
R_006180,5,0.002,3.826888665744189e-05,0,1550,5,1550,7,1,0,7,1.0,-0.0,0.0
R_006181,5,0.002,3.708833092091415e-05,0,1559,4,1559,5,1,1,5,1.0,-0.0,0.0
R_006182,3,0.0012,2.7165756100137783e-05,0,1562,3,1562,5,1,6,5,1.0,-0.0,0.0
R_006183,9,0.0036,6.041875876108388e-05,0,1550,5,1550,7,1,0,7,1.0,-0.0,0.0
R_006184,0,0.0,1.2023710757614017e-05,1,1,24,1,6,1,0,6,1.0,-0.0,0.0
R_006185,6,0.0024,4.414888354948654e-05,0,1550,5,1550,6,1,0,6,1.0,-0.0,0.0
R_006186,8,0.0032,5.205763411385868e-05,0,1562,3,1562,6,2,6,5,0.8333333333333334,0.4505612088663046,0.6500224216483541
R_006187,9,0.0036,5.531439543483267e-05,0,3102,6,1531,6,1,2,6,1.0,-0.0,0.0
R_006188,16,0.0064,9.885996021332073e-05,0,1565,2,1565,8,2,5,7,0.875,0.3767701612564367,0.5435644431995964
R_006189,7,0.0028,4.608263887093698e-05,0,3102,1,1571,5,2,7,4,0.8,0.5004024235381879,0.7219280948873623
R_006190,11,0.0044,6.828517004958101e-05,0,1628,0,1628,5,1,3,5,1.0,-0.0,0.0
R_006191,11,0.0044,6.554308985557434e-05,0,3102,1,1571,7,4,7,4,0.5714285714285714,1.1537419427010902,0.8322488896002307
R_006192,9,0.0036,5.6999538913632796e-05,0,1559,4,1559,8,1,1,8,1.0,-0.0,0.0
R_006193,2,0.0008,2.2394895207064147e-05,0,1628,0,1628,6,1,3,6,1.0,-0.0,0.0
R_006194,8,0.0032,5.210756174578695e-05,0,1562,3,1562,5,2,6,4,0.8,0.5004024235381879,0.7219280948873623
R_006195,6,0.0024,4.30136512418222e-05,0,1628,0,1628,6,1,3,6,1.0,-0.0,0.0
R_006196,11,0.0044,6.504546050726906e-05,0,3102,6,1531,8,1,2,8,1.0,-0.0,0.0
R_006197,5,0.002,3.62246609620343e-05,0,3102,1,1571,5,2,7,4,0.8,0.5004024235381879,0.7219280948873623
R_006198,9,0.0036,5.956865730986861e-05,0,1550,5,1550,6,1,0,6,1.0,-0.0,0.0
R_006199,4,0.0016,3.344899902823163e-05,0,1628,0,1628,5,1,3,5,1.0,-0.0,0.0
R_006200,9,0.0036,5.5908595539170205e-05,0,3102,6,1531,6,1,2,6,1.0,-0.0,0.0
R_006201,2,0.0008,2.181097110458723e-05,0,3102,6,1531,6,1,2,6,1.0,-0.0,0.0
R_006202,14,0.0056,8.910855912021293e-05,0,1565,2,1565,8,2,5,7,0.875,0.3767701612564367,0.5435644431995964
R_006203,6,0.0024,4.408954861277849e-05,0,1550,5,1550,6,1,0,6,1.0,-0.0,0.0
R_006204,9,0.0036,5.7367184503877123e-05,0,1559,4,1559,7,1,1,7,1.0,-0.0,0.0
R_006205,9,0.0036,5.7345569437841865e-05,0,1559,4,1559,8,1,1,8,1.0,-0.0,0.0
R_006206,5,0.002,3.7971907561028296e-05,0,1550,5,1550,7,1,0,7,1.0,-0.0,0.0
R_006207,4,0.0016,3.137941512054487e-05,0,1505,7,1505,5,1,4,5,1.0,-0.0,0.0
R_006208,3,0.0012,2.6697796474262454e-05,0,3102,6,1531,5,1,2,5,1.0,-0.0,0.0
R_006209,7,0.0028,4.811471252972177e-05,0,1562,3,1562,5,1,6,5,1.0,-0.0,0.0
R_006210,6,0.0024,4.05441410568424e-05,0,3102,1,1571,6,3,7,4,0.6666666666666666,0.8675632284814612,0.7896900821428474
R_006211,6,0.0024,4.079226538674217e-05,0,1505,7,1505,7,1,4,7,1.0,-0.0,0.0
R_006212,6,0.0024,4.140836864146784e-05,0,3102,6,1531,5,1,2,5,1.0,-0.0,0.0
R_006213,7,0.0028,4.774392793068407e-05,0,1628,0,1628,8,1,3,8,1.0,-0.0,0.0
R_006214,4,0.0016,3.258568561018145e-05,0,1559,4,1559,8,1,1,8,1.0,-0.0,0.0
R_006215,7,0.0028,4.604270778540968e-05,0,3102,6,1531,5,1,2,5,1.0,-0.0,0.0
R_006216,7,0.0028,4.5904059094585236e-05,0,3102,6,1531,6,1,2,6,1.0,-0.0,0.0
R_006217,6,0.0024,4.080163514380569e-05,0,3102,6,1531,5,1,2,5,1.0,-0.0,0.0
R_006218,7,0.0028,4.7028176436121156e-05,0,1559,4,1559,7,1,1,7,1.0,-0.0,0.0
R_006219,5,0.002,3.6587859868351706e-05,0,3102,6,1531,6,1,2,6,1.0,-0.0,0.0
R_006220,4,0.0016,3.1457068244021986e-05,0,3102,1,1571,6,3,7,3,0.5,1.0114042647073518,0.920619835714305
R_006221,12,0.0048,7.209612988664365e-05,0,1559,4,1559,8,1,1,8,1.0,-0.0,0.0
R_006222,14,0.0056,7.91174972503783e-05,0,3102,1,1571,8,4,7,4,0.5,1.2130075659799042,0.875
R_006223,12,0.0048,7.11377579117564e-05,0,1559,4,1559,7,1,1,7,1.0,-0.0,0.0
R_006224,8,0.0032,5.59682106983816e-05,0,1565,2,1565,7,2,5,6,0.8571428571428571,0.410116318288409,0.5916727785823274
R_006225,18,0.0072,9.855938138429875e-05,0,3102,6,1531,8,1,2,8,1.0,-0.0,0.0
R_006226,3,0.0012,2.6666045545122468e-05,0,3102,6,1531,5,1,2,5,1.0,-0.0,0.0
R_006227,6,0.0024,4.109466692252786e-05,0,3102,1,1571,6,3,7,4,0.6666666666666666,0.8675632284814612,0.7896900821428474
R_006228,9,0.0036,6.176952105718585e-05,0,1565,2,1565,6,2,5,5,0.8333333333333334,0.4505612088663046,0.6500224216483541
R_006229,9,0.0036,5.6944247120824464e-05,0,1562,3,1562,7,3,6,5,0.7142857142857143,0.796311640173813,0.7248340915057598
R_006230,9,0.0036,5.418832566854603e-05,0,1505,7,1505,6,1,4,6,1.0,-0.0,0.0
R_006231,4,0.0016,3.370905048778195e-05,0,1565,2,1565,5,2,5,4,0.8,0.5004024235381879,0.7219280948873623
R_006232,5,0.002,3.835500261383364e-05,0,1550,5,1550,7,1,0,7,1.0,-0.0,0.0
R_006233,10,0.004,6.399785029922375e-05,0,1628,0,1628,7,1,3,7,1.0,-0.0,0.0
R_006234,4,0.0016,3.29927492565509e-05,0,1628,0,1628,5,1,3,5,1.0,-0.0,0.0
R_006235,5,0.002,3.706470941526518e-05,0,1559,4,1559,7,1,1,7,1.0,-0.0,0.0
R_006236,9,0.0036,6.107129590186938e-05,0,1565,2,1565,8,2,5,7,0.875,0.3767701612564367,0.5435644431995964
R_006237,7,0.0028,4.7250378852594895e-05,0,1628,0,1628,6,1,3,6,1.0,-0.0,0.0
R_006238,7,0.0028,4.922262675052313e-05,0,1550,5,1550,5,1,0,5,1.0,-0.0,0.0
R_006239,4,0.0016,3.2017382642516395e-05,0,1562,3,1562,5,2,6,4,0.8,0.5004024235381879,0.7219280948873623
R_006240,12,0.0048,7.129152747287745e-05,0,1559,4,1559,7,1,1,7,1.0,-0.0,0.0
R_006241,28,0.0112,0.00015226333433291146,0,1562,3,1562,8,3,6,6,0.75,0.7356219397587946,0.6695919455357792
R_006242,1,0.0004,1.698557499973656e-05,0,3102,1,1571,5,3,2,2,0.4,1.0549201679861442,0.9602297178607612
R_006243,8,0.0032,5.550712689273045e-05,0,1565,2,1565,8,2,5,7,0.875,0.3767701612564367,0.5435644431995964
R_006244,4,0.0016,3.2074366015248015e-05,0,3102,1,1571,5,3,2,2,0.4,1.0549201679861442,0.9602297178607612
R_006245,9,0.0036,5.6412155915905405e-05,0,1559,4,1559,7,1,1,7,1.0,-0.0,0.0
R_006246,30,0.012,0.00016408462285085956,0,1628,0,1628,8,1,3,8,1.0,-0.0,0.0
R_006247,10,0.004,6.305752501764418e-05,0,1628,0,1628,7,1,3,7,1.0,-0.0,0.0
R_006248,6,0.0024,4.338516876296187e-05,0,1550,5,1550,6,1,0,6,1.0,-0.0,0.0
R_006249,8,0.0032,5.331979169321766e-05,0,1628,0,1628,6,1,3,6,1.0,-0.0,0.0
R_006250,6,0.0024,4.297008216658622e-05,0,1628,0,1628,5,1,3,5,1.0,-0.0,0.0
R_006251,4,0.0016,3.221210232846758e-05,0,1562,3,1562,5,1,6,5,1.0,-0.0,0.0
R_006252,3,0.0012,2.739252360193887e-05,0,1628,0,1628,5,1,3,5,1.0,-0.0,0.0
R_006253,8,0.0032,5.0011074346005636e-05,0,3102,1,1571,6,4,7,3,0.5,1.242453324894,0.8962406251802889
R_006254,8,0.0032,5.0027449138063e-05,0,3102,1,1571,7,3,7,4,0.5714285714285714,0.9556998911125344,0.8699155297736259
R_006255,5,0.002,3.919537095863386e-05,0,1550,5,1550,7,1,0,7,1.0,-0.0,0.0
R_006256,9,0.0036,5.834494728028884e-05,0,1628,0,1628,8,1,3,8,1.0,-0.0,0.0
R_006257,9,0.0036,5.719426817141411e-05,0,1562,3,1562,7,3,6,5,0.7142857142857143,0.796311640173813,0.7248340915057598
R_006258,5,0.002,3.824674605771434e-05,0,1628,0,1628,6,1,3,6,1.0,-0.0,0.0
R_006259,7,0.0028,5.139278425021542e-05,0,1565,2,1565,8,1,5,8,1.0,-0.0,0.0
R_006260,18,0.0072,9.723262050647473e-05,0,1505,7,1505,8,1,4,8,1.0,-0.0,0.0
R_006261,7,0.0028,4.743430809301226e-05,0,1559,4,1559,6,1,1,6,1.0,-0.0,0.0
R_006262,2,0.0008,2.2710932544727926e-05,0,1550,5,1550,5,1,0,5,1.0,-0.0,0.0
R_006263,13,0.0052,7.464795268956702e-05,0,3102,1,1571,7,3,7,5,0.7142857142857143,0.796311640173813,0.7248340915057598
R_006264,10,0.004,5.9381111173410165e-05,0,3102,6,1531,7,1,2,7,1.0,-0.0,0.0
R_006265,11,0.0044,6.404802732250577e-05,0,3102,6,1531,7,1,2,7,1.0,-0.0,0.0
R_006266,11,0.0044,6.918918781861979e-05,0,1550,5,1550,7,1,0,7,1.0,-0.0,0.0
R_006267,13,0.0052,7.892266746004538e-05,0,1628,0,1628,7,1,3,7,1.0,-0.0,0.0
R_006268,3,0.0012,2.6217058376081194e-05,0,1505,7,1505,5,1,4,5,1.0,-0.0,0.0
R_006269,2,0.0008,2.1651660898635657e-05,0,1505,7,1505,5,1,4,5,1.0,-0.0,0.0
R_006270,5,0.002,3.837673581174304e-05,0,1550,5,1550,6,1,0,6,1.0,-0.0,0.0
R_006271,21,0.0084,0.00011629751818257994,0,1559,4,1559,7,1,1,7,1.0,-0.0,0.0
R_006272,13,0.0052,7.755064846090081e-05,0,1562,3,1562,8,3,6,6,0.75,0.7356219397587946,0.6695919455357792
R_006273,8,0.0032,5.313610352991236e-05,0,1628,0,1628,5,1,3,5,1.0,-0.0,0.0
R_006274,5,0.002,3.580278577490621e-05,0,1505,7,1505,7,1,4,7,1.0,-0.0,0.0
R_006275,27,0.0108,0.00014962424622151196,0,1628,0,1628,8,1,3,8,1.0,-0.0,0.0
R_006276,8,0.0032,5.597530157323516e-05,0,1565,2,1565,7,2,5,6,0.8571428571428571,0.410116318288409,0.5916727785823274
R_006277,6,0.0024,4.082194585758059e-05,0,3102,6,1531,7,1,2,7,1.0,-0.0,0.0
R_006278,6,0.0024,4.256778748176627e-05,0,1628,0,1628,6,1,3,6,1.0,-0.0,0.0
R_006279,6,0.0024,4.2918686330598065e-05,0,1559,4,1559,6,1,1,6,1.0,-0.0,0.0
R_006280,9,0.0036,5.653168115250772e-05,0,1562,3,1562,6,2,6,5,0.8333333333333334,0.4505612088663046,0.6500224216483541
R_006281,10,0.004,6.341043668200043e-05,0,1628,0,1628,7,1,3,7,1.0,-0.0,0.0
R_006282,7,0.0028,4.6866629762504963e-05,0,1562,3,1562,5,2,6,4,0.8,0.5004024235381879,0.7219280948873623
R_006283,16,0.0064,9.863344018943994e-05,0,1565,2,1565,7,2,5,6,0.8571428571428571,0.410116318288409,0.5916727785823274
R_006284,2,0.0008,2.198363797876605e-05,0,3102,6,1531,5,1,2,5,1.0,-0.0,0.0
R_006285,4,0.0016,3.133578757808734e-05,0,3102,6,1531,5,1,2,5,1.0,-0.0,0.0
R_006286,12,0.0048,7.169553518511814e-05,0,1562,3,1562,8,1,6,8,1.0,-0.0,0.0
R_006287,4,0.0016,3.3194738840456665e-05,0,1550,5,1550,6,1,0,6,1.0,-0.0,0.0
R_006288,5,0.002,3.961802549214264e-05,0,1565,2,1565,7,2,5,6,0.8571428571428571,0.410116318288409,0.5916727785823274
R_006289,10,0.004,5.9379891561960566e-05,0,3102,6,1531,8,1,2,8,1.0,-0.0,0.0
R_006290,6,0.0024,4.451125149000477e-05,0,1565,2,1565,6,2,5,5,0.8333333333333334,0.4505612088663046,0.6500224216483541
R_006291,5,0.002,3.705613071911934e-05,0,1559,4,1559,5,1,1,5,1.0,-0.0,0.0
R_006292,6,0.0024,4.044512035161817e-05,0,3102,1,1571,6,3,7,3,0.5,1.0114042647073518,0.920619835714305
R_006293,4,0.0016,3.28264225206952e-05,0,1562,3,1562,6,3,6,4,0.6666666666666666,0.8675632284814612,0.7896900821428474
R_006294,5,0.002,3.72909930278461e-05,0,1559,4,1559,5,1,1,5,1.0,-0.0,0.0
R_006295,21,0.0084,0.0001111596616679643,0,1505,7,1505,7,1,4,7,1.0,-0.0,0.0
R_006296,10,0.004,6.204748084996275e-05,0,1562,3,1562,7,2,6,6,0.8571428571428571,0.410116318288409,0.5916727785823274
R_006297,5,0.002,3.7120612798842164e-05,0,1559,4,1559,5,1,1,5,1.0,-0.0,0.0
R_006298,4,0.0016,3.277586430344651e-05,0,1628,0,1628,7,1,3,7,1.0,-0.0,0.0
R_006299,7,0.0028,4.520066502093637e-05,0,1505,7,1505,7,1,4,7,1.0,-0.0,0.0
R_006300,3,0.0012,2.7583748712671224e-05,0,1559,4,1559,6,1,1,6,1.0,-0.0,0.0
R_006301,9,0.0036,5.407251272901478e-05,0,1505,7,1505,7,1,4,7,1.0,-0.0,0.0
R_006302,9,0.0036,6.0635696811758506e-05,0,1565,2,1565,8,2,5,7,0.875,0.3767701612564367,0.5435644431995964
R_006303,9,0.0036,5.743315913219258e-05,0,1562,3,1562,8,2,6,7,0.875,0.3767701612564367,0.5435644431995964
R_006304,9,0.0036,5.558360614234271e-05,0,3102,1,1571,8,3,7,6,0.75,0.7356219397587946,0.6695919455357792
R_006305,3,0.0012,2.7778795422924112e-05,0,1628,0,1628,5,1,3,5,1.0,-0.0,0.0
R_006306,6,0.0024,4.174832605922584e-05,0,1562,3,1562,6,2,6,5,0.8333333333333334,0.4505612088663046,0.6500224216483541
R_006307,7,0.0028,4.735355328517805e-05,0,1562,3,1562,5,1,6,5,1.0,-0.0,0.0
R_006308,5,0.002,3.699332894973654e-05,0,1562,3,1562,6,3,6,4,0.6666666666666666,0.8675632284814612,0.7896900821428474
R_006309,3,0.0012,2.7747850034342194e-05,0,1628,0,1628,5,1,3,5,1.0,-0.0,0.0
R_006310,2,0.0008,2.1900855401137236e-05,0,3102,6,1531,6,1,2,6,1.0,-0.0,0.0
R_006311,14,0.0056,8.352965434541899e-05,0,1628,0,1628,8,1,3,8,1.0,-0.0,0.0
R_006312,9,0.0036,5.532075752275142e-05,0,3102,1,1571,6,4,7,3,0.5,1.242453324894,0.8962406251802889
R_006313,4,0.0016,3.32949190606491e-05,0,1550,5,1550,7,1,0,7,1.0,-0.0,0.0
R_006314,5,0.002,3.6270669622316035e-05,0,3102,6,1531,8,1,2,8,1.0,-0.0,0.0
R_006315,13,0.0052,7.397642844047538e-05,0,3102,1,1571,8,3,7,5,0.625,0.9002560512685369,0.8194483718728035
R_006316,9,0.0036,5.756974593134157e-05,0,1562,3,1562,5,2,6,4,0.8,0.5004024235381879,0.7219280948873623
R_006317,9,0.0036,5.5703852171672825e-05,0,3102,6,1531,7,1,2,7,1.0,-0.0,0.0
R_006318,9,0.0036,5.4685984564869346e-05,0,1505,7,1505,7,1,4,7,1.0,-0.0,0.0
R_006319,16,0.0064,9.543153072696954e-05,0,1550,5,1550,8,1,0,8,1.0,-0.0,0.0
R_006320,12,0.0048,7.396482739201501e-05,0,1628,0,1628,6,1,3,6,1.0,-0.0,0.0
R_006321,5,0.002,3.9975689594062886e-05,0,1565,2,1565,6,2,5,5,0.8333333333333334,0.4505612088663046,0.6500224216483541
R_006322,8,0.0032,5.309588150963041e-05,0,1628,0,1628,6,1,3,6,1.0,-0.0,0.0
R_006323,6,0.0024,4.098532762657692e-05,0,3102,6,1531,5,1,2,5,1.0,-0.0,0.0
R_006324,9,0.0036,5.4892026044177376e-05,0,3102,1,1571,8,4,7,4,0.5,1.2130075659799042,0.875
R_006325,9,0.0036,5.705265859143911e-05,0,1559,4,1559,7,1,1,7,1.0,-0.0,0.0
R_006326,1,0.0004,1.7263007443797607e-05,0,1628,0,1628,6,1,3,6,1.0,-0.0,0.0
R_006327,5,0.002,3.950355877652961e-05,0,1565,2,1565,6,1,5,6,1.0,-0.0,0.0
R_006328,9,0.0036,5.4556971647941174e-05,0,1505,7,1505,6,1,4,6,1.0,-0.0,0.0
R_006329,2,0.0008,2.284536056335341e-05,0,1550,5,1550,5,1,0,5,1.0,-0.0,0.0
R_006330,19,0.0076,0.00010097696443638173,0,1505,7,1505,8,1,4,8,1.0,-0.0,0.0
R_006331,18,0.0072,0.00010261401205790345,0,1559,4,1559,8,1,1,8,1.0,-0.0,0.0
R_006332,14,0.0056,8.403070836951949e-05,0,1628,0,1628,8,1,3,8,1.0,-0.0,0.0
R_006333,12,0.0048,7.216047745868282e-05,0,1559,4,1559,8,1,1,8,1.0,-0.0,0.0
R_006334,2,0.0008,2.2892395175609023e-05,0,1550,5,1550,5,1,0,5,1.0,-0.0,0.0
R_006335,11,0.0044,6.726625064501526e-05,0,1559,4,1559,7,1,1,7,1.0,-0.0,0.0
R_006336,9,0.0036,5.436664520240162e-05,0,3102,1,1571,8,4,7,5,0.625,1.073542846408523,0.7743974703476992
R_006337,6,0.0024,4.044609487460569e-05,0,3102,1,1571,6,3,7,4,0.6666666666666666,0.8675632284814612,0.7896900821428474
R_006338,11,0.0044,6.4690694854218e-05,0,1505,7,1505,8,1,4,8,1.0,-0.0,0.0
R_006339,7,0.0028,4.523380904598268e-05,0,1505,7,1505,6,1,4,6,1.0,-0.0,0.0
R_006340,6,0.0024,4.1016073953539874e-05,0,3102,1,1571,7,3,7,4,0.5714285714285714,0.9556998911125344,0.8699155297736259
R_006341,4,0.0016,3.15366293911745e-05,0,1505,7,1505,5,1,4,5,1.0,-0.0,0.0
R_006342,9,0.0036,5.713823079616853e-05,0,1559,4,1559,6,1,1,6,1.0,-0.0,0.0
R_006343,4,0.0016,3.335400704665533e-05,0,1550,5,1550,5,1,0,5,1.0,-0.0,0.0
R_006344,8,0.0032,5.5809273992059605e-05,0,1565,2,1565,6,1,5,6,1.0,-0.0,0.0
R_006345,8,0.0032,5.118661318321187e-05,0,3102,1,1571,5,3,7,3,0.6,0.9502705392332348,0.8649735207179272
R_006346,10,0.004,6.0037834087186236e-05,0,3102,1,1571,7,4,7,4,0.5714285714285714,1.1537419427010902,0.8322488896002307
R_006347,7,0.0028,4.5542298963222524e-05,0,1505,7,1505,8,1,4,8,1.0,-0.0,0.0
R_006348,11,0.0044,6.363667773456881e-05,0,3102,1,1571,6,3,7,3,0.5,1.0114042647073518,0.920619835714305
R_006349,15,0.006,8.299381163905918e-05,0,3102,1,1571,8,3,7,5,0.625,0.9002560512685369,0.8194483718728035
R_006350,8,0.0032,5.0435808019681845e-05,0,3102,6,1531,7,1,2,7,1.0,-0.0,0.0
R_006351,3,0.0012,2.6977973460807202e-05,0,1562,3,1562,6,2,6,5,0.8333333333333334,0.4505612088663046,0.6500224216483541
R_006352,10,0.004,6.627576887124442e-05,0,1565,2,1565,7,1,5,7,1.0,-0.0,0.0
R_006353,12,0.0048,7.025163953552481e-05,0,3102,1,1571,7,4,7,4,0.5714285714285714,1.1537419427010902,0.8322488896002307
R_006354,13,0.0052,7.949485073598652e-05,0,1550,5,1550,7,1,0,7,1.0,-0.0,0.0
R_006355,16,0.0064,8.981659216750085e-05,0,3102,6,1531,8,1,2,8,1.0,-0.0,0.0
R_006356,10,0.004,5.9495042214426926e-05,0,1505,7,1505,6,1,4,6,1.0,-0.0,0.0
R_006357,8,0.0032,5.2242261782961606e-05,0,1559,4,1559,8,1,1,8,1.0,-0.0,0.0
R_006358,7,0.0028,4.582541995028202e-05,0,3102,6,1531,6,1,2,6,1.0,-0.0,0.0
R_006359,15,0.006,8.422773998673358e-05,0,3102,6,1531,7,1,2,7,1.0,-0.0,0.0
R_006360,10,0.004,6.065913053424313e-05,0,3102,6,1531,7,1,2,7,1.0,-0.0,0.0
R_006361,8,0.0032,5.063019904840328e-05,0,3102,1,1571,6,3,7,4,0.6666666666666666,0.8675632284814612,0.7896900821428474
R_006362,11,0.0044,6.437171924228041e-05,0,3102,6,1531,8,1,2,8,1.0,-0.0,0.0
R_006363,9,0.0036,5.5635838459298876e-05,0,3102,6,1531,7,1,2,7,1.0,-0.0,0.0
R_006364,11,0.0044,6.501169276670453e-05,0,3102,1,1571,8,4,7,4,0.5,1.2130075659799042,0.875
R_006365,5,0.002,3.9717617704821754e-05,0,1565,2,1565,7,2,5,6,0.8571428571428571,0.410116318288409,0.5916727785823274
R_006366,8,0.0032,5.4012600718354824e-05,0,1550,5,1550,7,1,0,7,1.0,-0.0,0.0
R_006367,7,0.0028,4.5494371589613485e-05,0,3102,1,1571,5,4,7,2,0.4,1.3321790402101223,0.9609640474436812
R_006368,7,0.0028,4.531652045124975e-05,0,3102,1,1571,7,4,7,4,0.5714285714285714,1.1537419427010902,0.8322488896002307
R_006369,5,0.002,3.927446889006209e-05,0,1565,2,1565,5,1,5,5,1.0,-0.0,0.0
R_006370,21,0.0084,0.0001121419991970016,0,3102,6,1531,8,1,2,8,1.0,-0.0,0.0
R_006371,7,0.0028,4.497575773781386e-05,0,1505,7,1505,5,1,4,5,1.0,-0.0,0.0
R_006372,8,0.0032,5.045799595140891e-05,0,3102,1,1571,5,2,7,4,0.8,0.5004024235381879,0.7219280948873623
R_006373,9,0.0036,5.718578940328771e-05,0,1562,3,1562,6,3,6,4,0.6666666666666666,0.8675632284814612,0.7896900821428474
R_006374,5,0.002,3.955042169883446e-05,0,1565,2,1565,6,1,5,6,1.0,-0.0,0.0
R_006375,8,0.0032,5.341174579323202e-05,0,1628,0,1628,8,1,3,8,1.0,-0.0,0.0
R_006376,3,0.0012,2.7541042955285053e-05,0,1628,0,1628,5,1,3,5,1.0,-0.0,0.0
R_006377,6,0.0024,4.241121171364926e-05,0,1559,4,1559,6,1,1,6,1.0,-0.0,0.0
R_006378,4,0.0016,3.2059842018616526e-05,0,1559,4,1559,5,1,1,5,1.0,-0.0,0.0
R_006379,5,0.002,3.819583907690171e-05,0,1559,4,1559,8,1,1,8,1.0,-0.0,0.0
R_006380,3,0.0012,2.687320312220156e-05,0,1559,4,1559,8,1,1,8,1.0,-0.0,0.0
R_006381,3,0.0012,2.6471659628161206e-05,0,3102,6,1531,5,1,2,5,1.0,-0.0,0.0
R_006382,23,0.0092,0.00012949186527624648,0,1628,0,1628,8,1,3,8,1.0,-0.0,0.0
R_006383,9,0.0036,5.543152734599641e-05,0,3102,6,1531,7,1,2,7,1.0,-0.0,0.0
R_006384,8,0.0032,5.2138184202650327e-05,0,1562,3,1562,5,3,6,3,0.6,0.9502705392332348,0.8649735207179272
R_006385,3,0.0012,2.7718042581175085e-05,0,1628,0,1628,5,1,3,5,1.0,-0.0,0.0
R_006386,2,0.0008,2.2427288961536814e-05,0,1628,0,1628,5,1,3,5,1.0,-0.0,0.0
R_006387,4,0.0016,3.312155627433599e-05,0,1550,5,1550,6,1,0,6,1.0,-0.0,0.0
R_006388,9,0.0036,5.516513109287246e-05,0,3102,1,1571,7,4,7,4,0.5714285714285714,1.1537419427010902,0.8322488896002307
R_006389,8,0.0032,5.55580792624298e-05,0,1565,2,1565,7,1,5,7,1.0,-0.0,0.0
R_006390,4,0.0016,3.204850653765572e-05,0,1559,4,1559,5,1,1,5,1.0,-0.0,0.0
R_006391,5,0.002,3.7741960592739056e-05,0,1628,0,1628,6,1,3,6,1.0,-0.0,0.0
R_006392,9,0.0036,5.5187221608915035e-05,0,3102,6,1531,8,1,2,8,1.0,-0.0,0.0
R_006393,3,0.0012,2.6261353864265044e-05,0,1505,7,1505,5,1,4,5,1.0,-0.0,0.0
R_006394,14,0.0056,8.616416949945603e-05,0,1550,5,1550,8,1,0,8,1.0,-0.0,0.0
R_006395,4,0.0016,3.122546140220643e-05,0,3102,1,1571,5,2,7,3,0.6,0.6730116670092565,0.9709505944546688
R_006396,57,0.0228,0.0002821788574536404,0,3102,1,1571,7,4,7,4,0.5714285714285714,1.1537419427010902,0.8322488896002307
R_006397,8,0.0032,5.0837032095883264e-05,0,3102,6,1531,7,1,2,7,1.0,-0.0,0.0
R_006398,9,0.0036,5.569699547184527e-05,0,3102,6,1531,7,1,2,7,1.0,-0.0,0.0
R_006399,7,0.0028,4.5240224001117406e-05,0,1505,7,1505,6,1,4,6,1.0,-0.0,0.0
R_006400,6,0.0024,4.271138573125467e-05,0,1628,0,1628,6,1,3,6,1.0,-0.0,0.0
R_006401,7,0.0028,4.558829875352139e-05,0,1505,7,1505,6,1,4,6,1.0,-0.0,0.0
R_006402,17,0.0068,9.789730055911983e-05,0,1559,4,1559,7,1,1,7,1.0,-0.0,0.0
R_006403,6,0.0024,4.311121391128208e-05,0,1550,5,1550,8,1,0,8,1.0,-0.0,0.0
R_006404,8,0.0032,4.989244108423973e-05,0,1505,7,1505,6,1,4,6,1.0,-0.0,0.0
R_006405,9,0.0036,6.1012695544742595e-05,0,1565,2,1565,8,2,5,7,0.875,0.3767701612564367,0.5435644431995964
R_006406,9,0.0036,5.76534995298635e-05,0,1562,3,1562,8,3,6,6,0.75,0.7356219397587946,0.6695919455357792
R_006407,5,0.002,3.859508800050843e-05,0,1550,5,1550,5,1,0,5,1.0,-0.0,0.0
R_006408,8,0.0032,5.025956595503346e-05,0,1505,7,1505,7,1,4,7,1.0,-0.0,0.0
R_006409,13,0.0052,7.740839858101047e-05,0,1562,3,1562,8,3,6,6,0.75,0.7356219397587946,0.6695919455357792
R_006410,11,0.0044,6.730163547142673e-05,0,1559,4,1559,6,1,1,6,1.0,-0.0,0.0
R_006411,6,0.0024,4.346442609416778e-05,0,1628,0,1628,6,1,3,6,1.0,-0.0,0.0
R_006412,41,0.0164,0.00020815752514560408,0,3102,6,1531,8,1,2,8,1.0,-0.0,0.0
R_006413,12,0.0048,7.305871278076212e-05,0,1559,4,1559,7,1,1,7,1.0,-0.0,0.0
R_006414,7,0.0028,4.969793962128154e-05,0,1565,2,1565,6,2,5,5,0.8333333333333334,0.4505612088663046,0.6500224216483541
R_006415,7,0.0028,5.081725735646712e-05,0,1565,2,1565,6,1,5,6,1.0,-0.0,0.0
R_006416,9,0.0036,5.5512876261965e-05,0,3102,6,1531,7,1,2,7,1.0,-0.0,0.0
R_006417,6,0.0024,4.211350736633124e-05,0,1628,0,1628,8,1,3,8,1.0,-0.0,0.0
R_006418,11,0.0044,7.279361485677349e-05,0,1565,2,1565,7,2,5,6,0.8571428571428571,0.410116318288409,0.5916727785823274
R_006419,13,0.0052,7.63154926656604e-05,0,1562,3,1562,8,2,6,7,0.875,0.3767701612564367,0.5435644431995964
R_006420,6,0.0024,4.264663657049765e-05,0,1562,3,1562,5,2,6,4,0.8,0.5004024235381879,0.7219280948873623
R_006421,16,0.0064,9.593018299121654e-05,0,1550,5,1550,7,1,0,7,1.0,-0.0,0.0
R_006422,5,0.002,3.620758149723912e-05,0,1505,7,1505,7,1,4,7,1.0,-0.0,0.0
R_006423,10,0.004,5.885209666489484e-05,0,1505,7,1505,8,1,4,8,1.0,-0.0,0.0
R_006424,7,0.0028,5.0601651795888515e-05,0,1565,2,1565,8,2,5,7,0.875,0.3767701612564367,0.5435644431995964
R_006425,8,0.0032,5.055976341277227e-05,0,3102,1,1571,5,4,7,2,0.4,1.3321790402101223,0.9609640474436812
R_006426,6,0.0024,4.244824398666188e-05,0,1559,4,1559,5,1,1,5,1.0,-0.0,0.0
R_006427,6,0.0024,4.523037240741272e-05,0,1565,2,1565,6,2,5,5,0.8333333333333334,0.4505612088663046,0.6500224216483541
R_006428,12,0.0048,7.023362320597497e-05,0,3102,6,1531,6,1,2,6,1.0,-0.0,0.0
R_006429,6,0.0024,4.1393242156353626e-05,0,3102,6,1531,7,1,2,7,1.0,-0.0,0.0
R_006430,1,0.0004,1.7291098827206883e-05,0,1562,3,1562,5,1,6,5,1.0,-0.0,0.0
R_006431,14,0.0056,8.291907161110416e-05,0,1628,0,1628,8,1,3,8,1.0,-0.0,0.0
R_006432,9,0.0036,6.132283546649714e-05,0,1565,2,1565,6,2,5,5,0.8333333333333334,0.4505612088663046,0.6500224216483541
R_006433,5,0.002,3.901709659284548e-05,0,1550,5,1550,5,1,0,5,1.0,-0.0,0.0
R_006434,14,0.0056,7.864800590298511e-05,0,3102,1,1571,8,4,7,5,0.625,1.073542846408523,0.7743974703476992
R_006435,5,0.002,3.983974368195556e-05,0,1565,2,1565,5,2,5,4,0.8,0.5004024235381879,0.7219280948873623
R_006436,16,0.0064,9.575339657949368e-05,0,1550,5,1550,8,1,0,8,1.0,-0.0,0.0
R_006437,5,0.002,3.739276457025716e-05,0,1559,4,1559,5,1,1,5,1.0,-0.0,0.0
R_006438,10,0.004,6.632321600234772e-05,0,1565,2,1565,8,2,5,7,0.875,0.3767701612564367,0.5435644431995964
R_006439,9,0.0036,5.716890809859421e-05,0,1559,4,1559,6,1,1,6,1.0,-0.0,0.0
R_006440,6,0.0024,4.558494335929317e-05,0,1565,2,1565,7,2,5,6,0.8571428571428571,0.410116318288409,0.5916727785823274
R_006441,3,0.0012,2.8408175377066415e-05,0,1550,5,1550,5,1,0,5,1.0,-0.0,0.0
R_006442,8,0.0032,5.271019550770367e-05,0,1628,0,1628,7,1,3,7,1.0,-0.0,0.0
R_006443,7,0.0028,4.830289746431053e-05,0,1628,0,1628,5,1,3,5,1.0,-0.0,0.0
R_006444,3,0.0012,2.714798013843504e-05,0,3102,1,1571,5,3,7,3,0.6,0.9502705392332348,0.8649735207179272
R_006445,11,0.0044,6.522830252767165e-05,0,1505,7,1505,8,1,4,8,1.0,-0.0,0.0
R_006446,4,0.0016,3.164919493696668e-05,0,3102,6,1531,5,1,2,5,1.0,-0.0,0.0
R_006447,5,0.002,3.962747379154156e-05,0,1565,2,1565,7,2,5,6,0.8571428571428571,0.410116318288409,0.5916727785823274
R_006448,5,0.002,3.802271795132288e-05,0,1550,5,1550,6,1,0,6,1.0,-0.0,0.0
R_006449,7,0.0028,4.5794739087233664e-05,0,3102,1,1571,5,1,7,5,1.0,-0.0,0.0
R_006450,3,0.0012,2.8571059637261114e-05,0,1565,2,1565,5,1,5,5,1.0,-0.0,0.0
R_006451,16,0.0064,8.886443990380591e-05,0,3102,1,1571,8,3,7,5,0.625,0.9002560512685369,0.8194483718728035
R_006452,17,0.0068,9.445987638154783e-05,0,3102,1,1571,8,2,7,6,0.75,0.5623351446188083,0.8112781244591328
R_006453,4,0.0016,3.1213270079005324e-05,0,1505,7,1505,5,1,4,5,1.0,-0.0,0.0
R_006454,17,0.0068,0.00010448851383136477,0,1565,2,1565,8,2,5,7,0.875,0.3767701612564367,0.5435644431995964
R_006455,3,0.0012,2.6783371732898055e-05,0,3102,1,1571,5,3,7,3,0.6,0.9502705392332348,0.8649735207179272
R_006456,11,0.0044,6.6702059293857e-05,0,1559,4,1559,8,1,1,8,1.0,-0.0,0.0
R_006457,8,0.0032,5.257505653902181e-05,0,1559,4,1559,6,1,1,6,1.0,-0.0,0.0
R_006458,9,0.0036,6.088062627280592e-05,0,1565,2,1565,7,2,5,6,0.8571428571428571,0.410116318288409,0.5916727785823274
R_006459,11,0.0044,6.862808403068354e-05,0,1628,0,1628,8,1,3,8,1.0,-0.0,0.0
R_006460,10,0.004,6.377789699890084e-05,0,1628,0,1628,8,1,3,8,1.0,-0.0,0.0
R_006461,9,0.0036,5.880870739143144e-05,0,1628,0,1628,7,1,3,7,1.0,-0.0,0.0
R_006462,7,0.0028,4.669339031477876e-05,0,1562,3,1562,6,2,6,5,0.8333333333333334,0.4505612088663046,0.6500224216483541
R_006463,5,0.002,4.027437123744938e-05,0,1565,2,1565,6,1,5,6,1.0,-0.0,0.0
R_006464,3,0.0012,2.6866825154697984e-05,0,3102,1,1571,5,3,2,2,0.4,1.0549201679861442,0.9602297178607612
R_006465,5,0.002,3.72669359515072e-05,0,1562,3,1562,6,3,6,4,0.6666666666666666,0.8675632284814612,0.7896900821428474
R_006466,7,0.0028,4.803956956686118e-05,0,1628,0,1628,8,1,3,8,1.0,-0.0,0.0
R_006467,4,0.0016,3.3592899587607354e-05,0,1550,5,1550,7,1,0,7,1.0,-0.0,0.0
R_006468,5,0.002,3.7101070157119286e-05,0,1559,4,1559,6,1,1,6,1.0,-0.0,0.0
R_006469,8,0.0032,5.478969108086744e-05,0,1550,5,1550,7,1,0,7,1.0,-0.0,0.0
R_006470,0,0.0,1.2023710757614017e-05,1,1,25,1,5,2,5,4,0.8,0.5004024235381879,0.7219280948873623
R_006471,7,0.0028,4.7133421381452095e-05,0,1562,3,1562,7,3,6,5,0.7142857142857143,0.796311640173813,0.7248340915057598
R_006472,8,0.0032,5.134666122856255e-05,0,3102,6,1531,5,1,2,5,1.0,-0.0,0.0
R_006473,8,0.0032,5.098397407729683e-05,0,3102,1,1571,6,3,7,4,0.6666666666666666,0.8675632284814612,0.7896900821428474
R_006474,6,0.0024,4.168242564659369e-05,0,1562,3,1562,8,3,6,6,0.75,0.7356219397587946,0.6695919455357792
R_006475,4,0.0016,3.24754707931576e-05,0,1562,3,1562,6,3,6,4,0.6666666666666666,0.8675632284814612,0.7896900821428474
R_006476,9,0.0036,5.765579892732882e-05,0,1562,3,1562,6,3,6,4,0.6666666666666666,0.8675632284814612,0.7896900821428474
R_006477,5,0.002,3.750495927119135e-05,0,1562,3,1562,6,3,6,4,0.6666666666666666,0.8675632284814612,0.7896900821428474
R_006478,2,0.0008,2.2174070651224835e-05,0,1562,3,1562,5,3,6,3,0.6,0.9502705392332348,0.8649735207179272
R_006479,4,0.0016,3.1558186979407826e-05,0,3102,6,1531,5,1,2,5,1.0,-0.0,0.0
R_006480,10,0.004,6.208911483072309e-05,0,1559,4,1559,7,1,1,7,1.0,-0.0,0.0
R_006481,18,0.0072,9.66643140048694e-05,0,3102,1,1571,7,4,7,3,0.4285714285714285,1.277034259466139,0.9211854965885544
R_006482,6,0.0024,4.326952581971284e-05,0,1559,4,1559,6,1,1,6,1.0,-0.0,0.0
R_006483,13,0.0052,8.300607326128438e-05,0,1565,2,1565,7,2,5,6,0.8571428571428571,0.410116318288409,0.5916727785823274
R_006484,5,0.002,3.707796694480113e-05,0,3102,6,1531,8,1,2,8,1.0,-0.0,0.0
R_006485,3,0.0012,2.894713117094602e-05,0,1565,2,1565,5,1,5,5,1.0,-0.0,0.0
R_006486,7,0.0028,4.870246214379052e-05,0,1550,5,1550,6,1,0,6,1.0,-0.0,0.0
R_006487,9,0.0036,6.166944756967056e-05,0,1565,2,1565,7,2,5,6,0.8571428571428571,0.410116318288409,0.5916727785823274
R_006488,8,0.0032,5.425248631101176e-05,0,1550,5,1550,6,1,0,6,1.0,-0.0,0.0
R_006489,5,0.002,3.738524432471348e-05,0,1562,3,1562,6,2,6,5,0.8333333333333334,0.4505612088663046,0.6500224216483541
R_006490,8,0.0032,5.0454534725551064e-05,0,1505,7,1505,8,1,4,8,1.0,-0.0,0.0
R_006491,10,0.004,6.31658258737788e-05,0,1628,0,1628,8,1,3,8,1.0,-0.0,0.0
R_006492,5,0.002,3.719045426826852e-05,0,1562,3,1562,6,3,6,4,0.6666666666666666,0.8675632284814612,0.7896900821428474
R_006493,13,0.0052,8.345478711417481e-05,0,1565,2,1565,7,2,5,6,0.8571428571428571,0.410116318288409,0.5916727785823274
R_006494,6,0.0024,4.150892559300533e-05,0,1559,4,1559,8,1,1,8,1.0,-0.0,0.0
R_006495,8,0.0032,5.215540655796553e-05,0,1559,4,1559,7,1,1,7,1.0,-0.0,0.0
R_006496,8,0.0032,5.0929792402742455e-05,0,3102,6,1531,6,1,2,6,1.0,-0.0,0.0
R_006497,5,0.002,3.652406671653654e-05,0,1505,7,1505,5,1,4,5,1.0,-0.0,0.0
R_006498,14,0.0056,8.645957240559355e-05,0,1550,5,1550,8,1,0,8,1.0,-0.0,0.0
R_006499,7,0.0028,4.791417438197225e-05,0,1628,0,1628,8,1,3,8,1.0,-0.0,0.0
R_006500,1,0.0004,1.765307571073739e-05,0,1565,2,1565,5,1,5,5,1.0,-0.0,0.0
R_006501,4,0.0016,3.295790436958489e-05,0,1628,0,1628,6,1,3,6,1.0,-0.0,0.0
R_006502,3,0.0012,2.7957085126869377e-05,0,1628,0,1628,6,1,3,6,1.0,-0.0,0.0
R_006503,4,0.0016,3.084123659311128e-05,0,3102,1,1571,7,3,7,4,0.5714285714285714,0.9556998911125344,0.8699155297736259
R_006504,5,0.002,3.593190582751046e-05,0,3102,1,1571,5,3,7,3,0.6,0.9502705392332348,0.8649735207179272
R_006505,25,0.01,0.00014245584127267716,0,1550,5,1550,8,1,0,8,1.0,-0.0,0.0
R_006506,14,0.0056,7.90369666525554e-05,0,3102,6,1531,8,1,2,8,1.0,-0.0,0.0
R_006507,5,0.002,3.6529559016466596e-05,0,3102,1,1571,7,3,7,5,0.7142857142857143,0.796311640173813,0.7248340915057598
R_006508,1,0.0004,1.6908892766916595e-05,0,3102,1,1571,5,4,7,2,0.4,1.3321790402101223,0.9609640474436812
R_006509,6,0.0024,4.334618893862966e-05,0,1628,0,1628,5,1,3,5,1.0,-0.0,0.0
R_006510,11,0.0044,6.512632215849056e-05,0,1505,7,1505,7,1,4,7,1.0,-0.0,0.0
R_006511,3,0.0012,2.728645788280499e-05,0,1562,3,1562,5,3,6,3,0.6,0.9502705392332348,0.8649735207179272
R_006512,9,0.0036,5.500341426762765e-05,0,3102,6,1531,8,1,2,8,1.0,-0.0,0.0
R_006513,19,0.0076,0.00010990331198530023,0,1628,0,1628,7,1,3,7,1.0,-0.0,0.0
R_006514,5,0.002,3.656913811105361e-05,0,3102,6,1531,5,1,2,5,1.0,-0.0,0.0
R_006515,4,0.0016,3.347938664255502e-05,0,1550,5,1550,6,1,0,6,1.0,-0.0,0.0
R_006516,5,0.002,3.640444036522795e-05,0,1505,7,1505,5,1,4,5,1.0,-0.0,0.0
R_006517,7,0.0028,4.819865594663412e-05,0,1628,0,1628,6,1,3,6,1.0,-0.0,0.0
R_006518,9,0.0036,5.964283788220685e-05,0,1628,0,1628,7,1,3,7,1.0,-0.0,0.0
R_006519,9,0.0036,5.4783708896118836e-05,0,1505,7,1505,6,1,4,6,1.0,-0.0,0.0
R_006520,6,0.0024,4.531714688712109e-05,0,1565,2,1565,8,1,5,8,1.0,-0.0,0.0
R_006521,7,0.0028,4.877038377839071e-05,0,1550,5,1550,5,1,0,5,1.0,-0.0,0.0
R_006522,8,0.0032,5.688640828514221e-05,0,1565,2,1565,6,1,5,6,1.0,-0.0,0.0
R_006523,14,0.0056,7.874400596899852e-05,0,3102,6,1531,7,1,2,7,1.0,-0.0,0.0
R_006524,16,0.0064,8.753488843931817e-05,0,3102,6,1531,7,1,2,7,1.0,-0.0,0.0
R_006525,5,0.002,3.788865016246146e-05,0,1628,0,1628,6,1,3,6,1.0,-0.0,0.0
R_006526,4,0.0016,3.4391816642948296e-05,0,1565,2,1565,5,2,5,4,0.8,0.5004024235381879,0.7219280948873623
R_006527,11,0.0044,6.632742514314445e-05,0,1559,4,1559,8,1,1,8,1.0,-0.0,0.0
R_006528,9,0.0036,5.431881609443808e-05,0,1505,7,1505,6,1,4,6,1.0,-0.0,0.0
R_006529,4,0.0016,3.164325783338906e-05,0,3102,6,1531,5,1,2,5,1.0,-0.0,0.0
R_006530,8,0.0032,5.433414075321476e-05,0,1550,5,1550,7,1,0,7,1.0,-0.0,0.0
R_006531,2,0.0008,2.1598472687173856e-05,0,1505,7,1505,5,1,4,5,1.0,-0.0,0.0
R_006532,9,0.0036,5.7586618167420864e-05,0,1562,3,1562,7,2,6,6,0.8571428571428571,0.410116318288409,0.5916727785823274
R_006533,7,0.0028,4.560201605444477e-05,0,3102,6,1531,8,1,2,8,1.0,-0.0,0.0
R_006534,4,0.0016,3.3350868739483356e-05,0,1550,5,1550,6,1,0,6,1.0,-0.0,0.0
R_006535,5,0.002,3.592214240798354e-05,0,1505,7,1505,5,1,4,5,1.0,-0.0,0.0
R_006536,1,0.0004,1.7653209870032365e-05,0,1565,2,1565,7,2,5,6,0.8571428571428571,0.410116318288409,0.5916727785823274
R_006537,4,0.0016,3.265923424733756e-05,0,1562,3,1562,5,1,6,5,1.0,-0.0,0.0
R_006538,7,0.0028,5.0820403813328267e-05,0,1565,2,1565,8,2,5,7,0.875,0.3767701612564367,0.5435644431995964
R_006539,7,0.0028,4.740616525577471e-05,0,1559,4,1559,5,1,1,5,1.0,-0.0,0.0
R_006540,7,0.0028,4.8978132013345016e-05,0,1550,5,1550,8,1,0,8,1.0,-0.0,0.0
R_006541,3,0.0012,2.6731581450394274e-05,0,1505,7,1505,5,1,4,5,1.0,-0.0,0.0
R_006542,6,0.0024,4.079857197780647e-05,0,3102,6,1531,6,1,2,6,1.0,-0.0,0.0
R_006543,4,0.0016,3.122378129122586e-05,0,3102,1,1571,5,2,7,3,0.6,0.6730116670092565,0.9709505944546688
R_006544,6,0.0024,4.096314699607539e-05,0,1505,7,1505,7,1,4,7,1.0,-0.0,0.0
R_006545,11,0.0044,6.503423413519539e-05,0,3102,1,1571,8,4,7,5,0.625,1.073542846408523,0.7743974703476992
R_006546,3,0.0012,2.6690172170258123e-05,0,1505,7,1505,5,1,4,5,1.0,-0.0,0.0
R_006547,10,0.004,6.45031352116356e-05,0,1550,5,1550,8,1,0,8,1.0,-0.0,0.0
R_006548,8,0.0032,5.031814075081921e-05,0,3102,6,1531,5,1,2,5,1.0,-0.0,0.0
R_006549,6,0.0024,4.1140370342889516e-05,0,3102,1,1571,5,3,7,3,0.6,0.9502705392332348,0.8649735207179272
R_006550,14,0.0056,8.785843239933751e-05,0,1565,2,1565,8,2,5,7,0.875,0.3767701612564367,0.5435644431995964
R_006551,11,0.0044,6.750588515888445e-05,0,1562,3,1562,6,3,6,4,0.6666666666666666,0.8675632284814612,0.7896900821428474
R_006552,7,0.0028,4.713048486110365e-05,0,1559,4,1559,6,1,1,6,1.0,-0.0,0.0
R_006553,5,0.002,3.630174187129814e-05,0,3102,6,1531,6,1,2,6,1.0,-0.0,0.0
R_006554,2,0.0008,2.302724803404764e-05,0,1565,2,1565,5,1,5,5,1.0,-0.0,0.0
R_006555,9,0.0036,5.474611949987628e-05,0,3102,1,1571,6,3,7,4,0.6666666666666666,0.8675632284814612,0.7896900821428474
R_006556,8,0.0032,5.196346811496279e-05,0,1559,4,1559,8,1,1,8,1.0,-0.0,0.0
R_006557,11,0.0044,6.705766615820926e-05,0,1559,4,1559,8,1,1,8,1.0,-0.0,0.0
R_006558,11,0.0044,6.524383161762233e-05,0,3102,6,1531,8,1,2,8,1.0,-0.0,0.0
R_006559,6,0.0024,4.490448335885931e-05,0,1565,2,1565,7,2,5,6,0.8571428571428571,0.410116318288409,0.5916727785823274
R_006560,3,0.0012,2.6757002462856065e-05,0,3102,6,1531,5,1,2,5,1.0,-0.0,0.0
R_006561,7,0.0028,5.0566891107897646e-05,0,1565,2,1565,7,2,5,6,0.8571428571428571,0.410116318288409,0.5916727785823274
R_006562,15,0.006,8.192484677148904e-05,0,1505,7,1505,8,1,4,8,1.0,-0.0,0.0
R_006563,15,0.006,8.635024620112676e-05,0,1559,4,1559,8,1,1,8,1.0,-0.0,0.0
R_006564,7,0.0028,4.806647156625616e-05,0,1562,3,1562,6,2,6,5,0.8333333333333334,0.4505612088663046,0.6500224216483541
R_006565,10,0.004,6.252729248850445e-05,0,1562,3,1562,8,3,6,6,0.75,0.7356219397587946,0.6695919455357792
R_006566,4,0.0016,3.2296274578674824e-05,0,1628,0,1628,6,1,3,6,1.0,-0.0,0.0
R_006567,4,0.0016,3.220724975955397e-05,0,1562,3,1562,5,2,6,4,0.8,0.5004024235381879,0.7219280948873623
R_006568,8,0.0032,5.0633577584723526e-05,0,3102,1,1571,6,2,7,5,0.8333333333333334,0.4505612088663046,0.6500224216483541
R_006569,7,0.0028,4.5833640104728337e-05,0,3102,6,1531,6,1,2,6,1.0,-0.0,0.0
R_006570,6,0.0024,4.176243742121454e-05,0,1559,4,1559,6,1,1,6,1.0,-0.0,0.0
R_006571,5,0.002,3.715275887335615e-05,0,1562,3,1562,5,3,6,3,0.6,0.9502705392332348,0.8649735207179272
R_006572,2,0.0008,2.3582044131876802e-05,0,1565,2,1565,5,2,5,4,0.8,0.5004024235381879,0.7219280948873623
R_006573,10,0.004,6.222623541460896e-05,0,1562,3,1562,7,3,6,5,0.7142857142857143,0.796311640173813,0.7248340915057598
R_006574,9,0.0036,5.7506930820344205e-05,0,1562,3,1562,8,2,6,7,0.875,0.3767701612564367,0.5435644431995964
R_006575,14,0.0056,7.935522180771647e-05,0,3102,1,1571,7,4,7,4,0.5714285714285714,1.1537419427010902,0.8322488896002307
R_006576,4,0.0016,3.316786598470374e-05,0,1559,4,1559,5,1,1,5,1.0,-0.0,0.0
R_006577,8,0.0032,5.120435362502336e-05,0,3102,6,1531,7,1,2,7,1.0,-0.0,0.0
R_006578,7,0.0028,4.582839843658942e-05,0,3102,6,1531,6,1,2,6,1.0,-0.0,0.0
R_006579,13,0.0052,7.83631311218009e-05,0,1628,0,1628,8,1,3,8,1.0,-0.0,0.0
R_006580,4,0.0016,3.1775357114655155e-05,0,3102,1,1571,5,3,7,3,0.6,0.9502705392332348,0.8649735207179272
R_006581,21,0.0084,0.00012038573702557682,0,1628,0,1628,7,1,3,7,1.0,-0.0,0.0
R_006582,25,0.01,0.00013083913599716072,0,1505,7,1505,8,1,4,8,1.0,-0.0,0.0
R_006583,8,0.0032,5.350566130351577e-05,0,1628,0,1628,7,1,3,7,1.0,-0.0,0.0
R_006584,8,0.0032,5.0116318155487435e-05,0,3102,1,1571,5,3,7,3,0.6,0.9502705392332348,0.8649735207179272
R_006585,22,0.0088,0.00011520510447119593,0,1505,7,1505,7,1,4,7,1.0,-0.0,0.0
R_006586,8,0.0032,5.008879431535742e-05,0,1505,7,1505,6,1,4,6,1.0,-0.0,0.0
R_006587,2,0.0008,2.322096768955747e-05,0,1565,2,1565,5,1,5,5,1.0,-0.0,0.0
R_006588,12,0.0048,6.895132277204754e-05,0,3102,1,1571,7,3,7,5,0.7142857142857143,0.796311640173813,0.7248340915057598
R_006589,3,0.0012,2.7813311731342013e-05,0,1550,5,1550,5,1,0,5,1.0,-0.0,0.0
R_006590,5,0.002,3.5600954504070257e-05,0,3102,1,1571,6,4,2,2,0.3333333333333333,1.3296613488547582,0.9591479170272448
R_006591,8,0.0032,5.2496682614977896e-05,0,1559,4,1559,6,1,1,6,1.0,-0.0,0.0
R_006592,6,0.0024,4.476248602524476e-05,0,1565,2,1565,6,1,5,6,1.0,-0.0,0.0
R_006593,13,0.0052,7.339152382579919e-05,0,3102,1,1571,7,4,7,4,0.5714285714285714,1.1537419427010902,0.8322488896002307
R_006594,11,0.0044,6.711235635829619e-05,0,1559,4,1559,8,1,1,8,1.0,-0.0,0.0
R_006595,1,0.0004,1.726920659885406e-05,0,1628,0,1628,6,1,3,6,1.0,-0.0,0.0
R_006596,11,0.0044,6.322848181900975e-05,0,1505,7,1505,7,1,4,7,1.0,-0.0,0.0
R_006597,10,0.004,5.966782610574253e-05,0,3102,6,1531,6,1,2,6,1.0,-0.0,0.0
R_006598,4,0.0016,3.262861062830339e-05,0,1562,3,1562,5,3,6,3,0.6,0.9502705392332348,0.8649735207179272
R_006599,13,0.0052,7.734346211558952e-05,0,1559,4,1559,7,1,1,7,1.0,-0.0,0.0
R_006600,2,0.0008,2.2555439665866028e-05,0,1562,3,1562,6,2,6,5,0.8333333333333334,0.4505612088663046,0.6500224216483541
R_006601,23,0.0092,0.00012624274250110605,0,1559,4,1559,8,1,1,8,1.0,-0.0,0.0
R_006602,6,0.0024,4.041273192330233e-05,0,1505,7,1505,8,1,4,8,1.0,-0.0,0.0
R_006603,5,0.002,3.7360493538019746e-05,0,1559,4,1559,5,1,1,5,1.0,-0.0,0.0
R_006604,8,0.0032,5.0868023250604074e-05,0,3102,6,1531,6,1,2,6,1.0,-0.0,0.0
R_006605,6,0.0024,4.541638531432177e-05,0,1565,2,1565,7,2,5,6,0.8571428571428571,0.410116318288409,0.5916727785823274
R_006606,11,0.0044,7.22289363222784e-05,0,1565,2,1565,6,2,5,5,0.8333333333333334,0.4505612088663046,0.6500224216483541
R_006607,18,0.0072,9.840639534554008e-05,0,3102,1,1571,7,3,7,4,0.5714285714285714,0.9556998911125344,0.8699155297736259
R_006608,2,0.0008,2.2346052223003543e-05,0,1628,0,1628,7,1,3,7,1.0,-0.0,0.0
R_006609,9,0.0036,6.170435923722852e-05,0,1565,2,1565,6,2,5,5,0.8333333333333334,0.4505612088663046,0.6500224216483541
R_006610,5,0.002,3.5773340911534873e-05,0,3102,6,1531,5,1,2,5,1.0,-0.0,0.0
R_006611,10,0.004,6.324363596376612e-05,0,1628,0,1628,7,1,3,7,1.0,-0.0,0.0
R_006612,6,0.0024,4.209943711186048e-05,0,1559,4,1559,6,1,1,6,1.0,-0.0,0.0
R_006613,4,0.0016,3.1997047606050225e-05,0,1562,3,1562,5,3,6,3,0.6,0.9502705392332348,0.8649735207179272
R_006614,8,0.0032,5.093688415572515e-05,0,3102,1,1571,6,3,7,4,0.6666666666666666,0.8675632284814612,0.7896900821428474
R_006615,9,0.0036,5.4875693763245385e-05,0,3102,6,1531,6,1,2,6,1.0,-0.0,0.0
R_006616,7,0.0028,4.747946977942233e-05,0,1562,3,1562,5,2,6,4,0.8,0.5004024235381879,0.7219280948873623
R_006617,5,0.002,3.611501111530828e-05,0,3102,1,1571,6,2,7,4,0.6666666666666666,0.6365141682948128,0.9182958340544894
R_006618,7,0.0028,4.599819906819128e-05,0,3102,6,1531,5,1,2,5,1.0,-0.0,0.0
R_006619,4,0.0016,3.104882692833837e-05,0,1505,7,1505,5,1,4,5,1.0,-0.0,0.0
R_006620,2,0.0008,2.156836388351736e-05,0,3102,6,1531,6,1,2,6,1.0,-0.0,0.0
R_006621,14,0.0056,8.240249099583432e-05,0,1562,3,1562,8,2,6,7,0.875,0.3767701612564367,0.5435644431995964
R_006622,2,0.0008,2.1809005743466664e-05,0,3102,1,1571,5,2,7,4,0.8,0.5004024235381879,0.7219280948873623
R_006623,2,0.0008,2.1792280077299844e-05,0,3102,1,1571,5,4,7,2,0.4,1.3321790402101223,0.9609640474436812
R_006624,10,0.004,6.404556295617831e-05,0,1628,0,1628,6,1,3,6,1.0,-0.0,0.0
R_006625,8,0.0032,5.0273051111873656e-05,0,1505,7,1505,6,1,4,6,1.0,-0.0,0.0
R_006626,7,0.0028,4.9107698319010144e-05,0,1628,0,1628,6,1,3,6,1.0,-0.0,0.0
R_006627,7,0.0028,4.768175295282986e-05,0,1628,0,1628,8,1,3,8,1.0,-0.0,0.0
R_006628,7,0.0028,4.5519577860813124e-05,0,1505,7,1505,7,1,4,7,1.0,-0.0,0.0
R_006629,6,0.0024,4.0905647987895074e-05,0,3102,6,1531,6,1,2,6,1.0,-0.0,0.0
R_006630,12,0.0048,6.92538721043e-05,0,3102,6,1531,6,1,2,6,1.0,-0.0,0.0
R_006631,4,0.0016,3.1222026788500116e-05,0,3102,1,1571,5,2,7,3,0.6,0.6730116670092565,0.9709505944546688
R_006632,12,0.0048,6.932222991012308e-05,0,3102,1,1571,7,3,7,5,0.7142857142857143,0.796311640173813,0.7248340915057598
R_006633,12,0.0048,7.00511114269103e-05,0,1505,7,1505,7,1,4,7,1.0,-0.0,0.0
R_006634,2,0.0008,2.2228942581364778e-05,0,1559,4,1559,5,1,1,5,1.0,-0.0,0.0
R_006635,10,0.004,6.64450027794527e-05,0,1565,2,1565,6,2,5,5,0.8333333333333334,0.4505612088663046,0.6500224216483541
R_006636,4,0.0016,3.1115756902694414e-05,0,3102,1,1571,6,3,7,4,0.6666666666666666,0.8675632284814612,0.7896900821428474
R_006637,7,0.0028,4.744637367458298e-05,0,1559,4,1559,5,1,1,5,1.0,-0.0,0.0
R_006638,8,0.0032,5.0112493200486775e-05,0,1505,7,1505,7,1,4,7,1.0,-0.0,0.0
R_006639,9,0.0036,5.6807198078714475e-05,0,1562,3,1562,6,3,6,4,0.6666666666666666,0.8675632284814612,0.7896900821428474
R_006640,4,0.0016,3.1364625842510574e-05,0,3102,1,1571,6,4,7,3,0.5,1.242453324894,0.8962406251802889
R_006641,10,0.004,6.013547794417861e-05,0,3102,6,1531,7,1,2,7,1.0,-0.0,0.0
R_006642,4,0.0016,3.188442513981646e-05,0,1562,3,1562,5,1,6,5,1.0,-0.0,0.0
R_006643,8,0.0032,5.400185732710699e-05,0,1550,5,1550,8,1,0,8,1.0,-0.0,0.0
R_006644,6,0.0024,4.143369590532642e-05,0,1562,3,1562,6,2,6,5,0.8333333333333334,0.4505612088663046,0.6500224216483541
R_006645,7,0.0028,4.621839666044825e-05,0,3102,6,1531,5,1,2,5,1.0,-0.0,0.0
R_006646,9,0.0036,5.474969903516344e-05,0,1505,7,1505,6,1,4,6,1.0,-0.0,0.0
R_006647,7,0.0028,4.964030343764129e-05,0,1565,2,1565,7,2,5,6,0.8571428571428571,0.410116318288409,0.5916727785823274
R_006648,7,0.0028,4.815493851549932e-05,0,1628,0,1628,8,1,3,8,1.0,-0.0,0.0
R_006649,8,0.0032,5.38726632770419e-05,0,1550,5,1550,8,1,0,8,1.0,-0.0,0.0
R_006650,8,0.0032,4.9712494425716915e-05,0,1505,7,1505,8,1,4,8,1.0,-0.0,0.0
R_006651,5,0.002,3.748808064771153e-05,0,1628,0,1628,6,1,3,6,1.0,-0.0,0.0
R_006652,6,0.0024,4.0449595008096896e-05,0,3102,1,1571,6,3,7,3,0.5,1.0114042647073518,0.920619835714305
R_006653,15,0.006,8.38281967505196e-05,0,3102,1,1571,7,4,7,3,0.4285714285714285,1.277034259466139,0.9211854965885544
R_006654,12,0.0048,7.481071681069706e-05,0,1550,5,1550,7,1,0,7,1.0,-0.0,0.0
R_006655,14,0.0056,7.895959038139262e-05,0,3102,1,1571,8,3,7,5,0.625,0.9002560512685369,0.8194483718728035
R_006656,7,0.0028,4.733847423253259e-05,0,1562,3,1562,6,3,6,4,0.6666666666666666,0.8675632284814612,0.7896900821428474
R_006657,10,0.004,6.434568820545369e-05,0,1550,5,1550,6,1,0,6,1.0,-0.0,0.0
R_006658,30,0.012,0.00015332112782886408,0,3102,1,1571,7,4,7,4,0.5714285714285714,1.1537419427010902,0.8322488896002307
R_006659,10,0.004,6.114421345783556e-05,0,1562,3,1562,8,2,6,7,0.875,0.3767701612564367,0.5435644431995964
R_006660,16,0.0064,9.255668561607897e-05,0,1562,3,1562,8,2,6,7,0.875,0.3767701612564367,0.5435644431995964
R_006661,2,0.0008,2.226993245747892e-05,0,1562,3,1562,5,3,6,3,0.6,0.9502705392332348,0.8649735207179272
R_006662,11,0.0044,6.690772175806839e-05,0,1562,3,1562,8,3,6,6,0.75,0.7356219397587946,0.6695919455357792
R_006663,4,0.0016,3.378500029921104e-05,0,1565,2,1565,5,2,5,4,0.8,0.5004024235381879,0.7219280948873623
R_006664,7,0.0028,4.7065526516872315e-05,0,1562,3,1562,6,2,6,5,0.8333333333333334,0.4505612088663046,0.6500224216483541
R_006665,5,0.002,3.838020452238864e-05,0,1550,5,1550,6,1,0,6,1.0,-0.0,0.0
R_006666,7,0.0028,4.496300301708964e-05,0,1505,7,1505,8,1,4,8,1.0,-0.0,0.0
R_006667,6,0.0024,4.080742763431348e-05,0,3102,1,1571,6,3,7,4,0.6666666666666666,0.8675632284814612,0.7896900821428474
R_006668,12,0.0048,7.301268401635229e-05,0,1628,0,1628,8,1,3,8,1.0,-0.0,0.0
R_006669,11,0.0044,6.457558436009461e-05,0,3102,6,1531,5,1,2,5,1.0,-0.0,0.0
R_006670,3,0.0012,2.774364564494776e-05,0,1550,5,1550,5,1,0,5,1.0,-0.0,0.0
R_006671,29,0.0116,0.00015179476504568023,0,3102,6,1531,6,1,2,6,1.0,-0.0,0.0
R_006672,3,0.0012,2.801720742019794e-05,0,1550,5,1550,5,1,0,5,1.0,-0.0,0.0
R_006673,5,0.002,3.6927401810917215e-05,0,3102,6,1531,5,1,2,5,1.0,-0.0,0.0
R_006674,9,0.0036,5.9887017112661844e-05,0,1550,5,1550,6,1,0,6,1.0,-0.0,0.0
R_006675,9,0.0036,6.041606703303202e-05,0,1550,5,1550,7,1,0,7,1.0,-0.0,0.0
R_006676,10,0.004,6.652028264718885e-05,0,1565,2,1565,7,2,5,6,0.8571428571428571,0.410116318288409,0.5916727785823274
R_006677,24,0.0096,0.00012553995825666985,0,1505,7,1505,8,1,4,8,1.0,-0.0,0.0
R_006678,2,0.0008,2.2064275851517712e-05,0,1559,4,1559,6,1,1,6,1.0,-0.0,0.0
R_006679,4,0.0016,3.511343719476246e-05,0,1565,2,1565,5,1,5,5,1.0,-0.0,0.0
R_006680,6,0.0024,4.147729735328182e-05,0,3102,6,1531,7,1,2,7,1.0,-0.0,0.0
R_006681,11,0.0044,6.587851610895163e-05,0,3102,1,1571,8,3,7,5,0.625,0.9002560512685369,0.8194483718728035
R_006682,7,0.0028,4.7606306155779423e-05,0,1559,4,1559,6,1,1,6,1.0,-0.0,0.0
R_006683,5,0.002,3.952320565497692e-05,0,1565,2,1565,6,1,5,6,1.0,-0.0,0.0
R_006684,6,0.0024,4.2297808602828e-05,0,1562,3,1562,6,2,6,5,0.8333333333333334,0.4505612088663046,0.6500224216483541
R_006685,9,0.0036,5.867724266915215e-05,0,1628,0,1628,6,1,3,6,1.0,-0.0,0.0
R_006686,9,0.0036,5.489763765875822e-05,0,3102,6,1531,8,1,2,8,1.0,-0.0,0.0
R_006687,6,0.0024,4.08818167038933e-05,0,1505,7,1505,8,1,4,8,1.0,-0.0,0.0
R_006688,20,0.008,0.00011171468649030797,0,1562,3,1562,7,2,6,6,0.8571428571428571,0.410116318288409,0.5916727785823274
R_006689,7,0.0028,5.114142500219549e-05,0,1565,2,1565,7,1,5,7,1.0,-0.0,0.0
R_006690,7,0.0028,4.54658859432913e-05,0,3102,1,1571,6,3,7,3,0.5,1.0114042647073518,0.920619835714305
R_006691,6,0.0024,4.514944293001521e-05,0,1565,2,1565,7,2,5,6,0.8571428571428571,0.410116318288409,0.5916727785823274
R_006692,11,0.0044,6.378760943794151e-05,0,1505,7,1505,8,1,4,8,1.0,-0.0,0.0
R_006693,6,0.0024,4.186286813906276e-05,0,3102,6,1531,5,1,2,5,1.0,-0.0,0.0
R_006694,9,0.0036,5.8779777190370865e-05,0,1550,5,1550,8,1,0,8,1.0,-0.0,0.0
R_006695,3,0.0012,2.766933067748608e-05,0,1562,3,1562,5,3,6,3,0.6,0.9502705392332348,0.8649735207179272
R_006696,21,0.0084,0.0001164993865583552,0,1562,3,1562,8,2,6,7,0.875,0.3767701612564367,0.5435644431995964
R_006697,7,0.0028,4.927866413622614e-05,0,1550,5,1550,7,1,0,7,1.0,-0.0,0.0
R_006698,7,0.0028,4.696445067975047e-05,0,1559,4,1559,7,1,1,7,1.0,-0.0,0.0
R_006699,1,0.0004,1.7256778341229453e-05,0,1628,0,1628,5,1,3,5,1.0,-0.0,0.0
R_006700,10,0.004,6.350876722358846e-05,0,1628,0,1628,7,1,3,7,1.0,-0.0,0.0
R_006701,9,0.0036,5.5641978528093763e-05,0,3102,6,1531,8,1,2,8,1.0,-0.0,0.0
R_006702,24,0.0096,0.00013180156807480345,0,1562,3,1562,7,2,6,6,0.8571428571428571,0.410116318288409,0.5916727785823274
R_006703,8,0.0032,5.3651841464685804e-05,0,1628,0,1628,7,1,3,7,1.0,-0.0,0.0
R_006704,6,0.0024,4.113637893681127e-05,0,3102,6,1531,7,1,2,7,1.0,-0.0,0.0
R_006705,7,0.0028,4.534952530074295e-05,0,3102,1,1571,7,4,7,3,0.4285714285714285,1.277034259466139,0.9211854965885544
R_006706,15,0.006,8.891010331580685e-05,0,1628,0,1628,8,1,3,8,1.0,-0.0,0.0
R_006707,7,0.0028,5.034083346079182e-05,0,1565,2,1565,6,1,5,6,1.0,-0.0,0.0
R_006708,6,0.0024,4.0947739193845795e-05,0,3102,1,1571,5,3,7,3,0.6,0.9502705392332348,0.8649735207179272
R_006709,14,0.0056,8.185829335822534e-05,0,1559,4,1559,8,1,1,8,1.0,-0.0,0.0
R_006710,6,0.0024,4.3617546778634975e-05,0,1628,0,1628,6,1,3,6,1.0,-0.0,0.0
R_006711,6,0.0024,4.2674427255882324e-05,0,1628,0,1628,8,1,3,8,1.0,-0.0,0.0
R_006712,5,0.002,3.5965965240870846e-05,0,1505,7,1505,6,1,4,6,1.0,-0.0,0.0
R_006713,9,0.0036,5.512496602325171e-05,0,3102,1,1571,7,3,7,5,0.7142857142857143,0.796311640173813,0.7248340915057598
R_006714,2,0.0008,2.2085235678160597e-05,0,1562,3,1562,5,2,6,4,0.8,0.5004024235381879,0.7219280948873623
R_006715,1,0.0004,1.7701225621509986e-05,0,1628,0,1628,5,1,3,5,1.0,-0.0,0.0
R_006716,9,0.0036,5.794830440924782e-05,0,1562,3,1562,6,3,6,4,0.6666666666666666,0.8675632284814612,0.7896900821428474
R_006717,10,0.004,6.318140644016652e-05,0,1628,0,1628,8,1,3,8,1.0,-0.0,0.0
R_006718,5,0.002,3.7461766747468346e-05,0,1628,0,1628,5,1,3,5,1.0,-0.0,0.0
R_006719,9,0.0036,5.5753228239905043e-05,0,3102,6,1531,7,1,2,7,1.0,-0.0,0.0
R_006720,5,0.002,3.7152860046330004e-05,0,1562,3,1562,6,2,6,5,0.8333333333333334,0.4505612088663046,0.6500224216483541
R_006721,12,0.0048,6.844315338196606e-05,0,1505,7,1505,6,1,4,6,1.0,-0.0,0.0
R_006722,4,0.0016,3.227639509470836e-05,0,1559,4,1559,5,1,1,5,1.0,-0.0,0.0
R_006723,8,0.0032,5.3542544054958416e-05,0,1550,5,1550,7,1,0,7,1.0,-0.0,0.0
R_006724,16,0.0064,9.368941338080405e-05,0,1628,0,1628,8,1,3,8,1.0,-0.0,0.0
R_006725,5,0.002,3.7618678452931074e-05,0,1562,3,1562,6,2,6,5,0.8333333333333334,0.4505612088663046,0.6500224216483541
R_006726,7,0.0028,4.78881273039373e-05,0,1562,3,1562,7,3,6,5,0.7142857142857143,0.796311640173813,0.7248340915057598
R_006727,5,0.002,3.6889629438582634e-05,0,1559,4,1559,6,1,1,6,1.0,-0.0,0.0
R_006728,10,0.004,6.055188276756083e-05,0,3102,1,1571,8,4,7,5,0.625,1.073542846408523,0.7743974703476992
R_006729,8,0.0032,4.997530350644428e-05,0,1505,7,1505,5,1,4,5,1.0,-0.0,0.0
R_006730,11,0.0044,7.274039396143873e-05,0,1565,2,1565,8,1,5,8,1.0,-0.0,0.0
R_006731,6,0.0024,4.240107940205021e-05,0,1628,0,1628,5,1,3,5,1.0,-0.0,0.0
R_006732,8,0.0032,5.445767122029767e-05,0,1550,5,1550,8,1,0,8,1.0,-0.0,0.0
R_006733,5,0.002,3.7151334737274524e-05,0,1559,4,1559,6,1,1,6,1.0,-0.0,0.0
R_006734,8,0.0032,5.214491782803518e-05,0,1559,4,1559,8,1,1,8,1.0,-0.0,0.0
R_006735,10,0.004,6.227301617856447e-05,0,1559,4,1559,7,1,1,7,1.0,-0.0,0.0
R_006736,9,0.0036,5.7752612864723196e-05,0,1562,3,1562,8,3,6,6,0.75,0.7356219397587946,0.6695919455357792
R_006737,2,0.0008,2.2419119412654552e-05,0,1628,0,1628,5,1,3,5,1.0,-0.0,0.0
R_006738,5,0.002,3.783198087445074e-05,0,1562,3,1562,7,2,6,6,0.8571428571428571,0.410116318288409,0.5916727785823274
R_006739,3,0.0012,2.8532651936464947e-05,0,1565,2,1565,5,2,5,4,0.8,0.5004024235381879,0.7219280948873623
R_006740,7,0.0028,4.52681592771588e-05,0,1505,7,1505,7,1,4,7,1.0,-0.0,0.0
R_006741,13,0.0052,7.424884842495152e-05,0,3102,1,1571,8,4,7,4,0.5,1.2130075659799042,0.875
R_006742,9,0.0036,5.682805778811455e-05,0,1559,4,1559,6,1,1,6,1.0,-0.0,0.0
R_006743,6,0.0024,4.510964226973115e-05,0,1565,2,1565,7,2,5,6,0.8571428571428571,0.410116318288409,0.5916727785823274
R_006744,4,0.0016,3.1424133813038825e-05,0,3102,1,1571,5,4,7,2,0.4,1.3321790402101223,0.9609640474436812
R_006745,7,0.0028,4.788058036743802e-05,0,1562,3,1562,8,3,6,6,0.75,0.7356219397587946,0.6695919455357792
R_006746,8,0.0032,5.227611335341297e-05,0,1562,3,1562,5,1,6,5,1.0,-0.0,0.0
R_006747,4,0.0016,3.267562633815039e-05,0,1628,0,1628,7,1,3,7,1.0,-0.0,0.0
R_006748,2,0.0008,2.26721569083026e-05,0,1628,0,1628,5,1,3,5,1.0,-0.0,0.0
R_006749,11,0.0044,6.525911909806449e-05,0,3102,6,1531,7,1,2,7,1.0,-0.0,0.0
R_006750,1,0.0004,1.683071549576991e-05,0,3102,1,1571,6,4,7,3,0.5,1.242453324894,0.8962406251802889
R_006751,4,0.0016,3.085576971290534e-05,0,3102,6,1531,5,1,2,5,1.0,-0.0,0.0
R_006752,9,0.0036,5.791223041772006e-05,0,1559,4,1559,6,1,1,6,1.0,-0.0,0.0
R_006753,5,0.002,3.5677694579033975e-05,0,1505,7,1505,6,1,4,6,1.0,-0.0,0.0
R_006754,8,0.0032,4.982724325394706e-05,0,3102,1,1571,7,3,7,5,0.7142857142857143,0.796311640173813,0.7248340915057598
R_006755,11,0.0044,6.486083165620282e-05,0,3102,6,1531,7,1,2,7,1.0,-0.0,0.0
R_006756,1,0.0004,1.730835249715314e-05,0,1628,0,1628,5,1,3,5,1.0,-0.0,0.0
R_006757,11,0.0044,6.441165432253787e-05,0,3102,1,1571,6,4,2,2,0.3333333333333333,1.3296613488547582,0.9591479170272448
R_006758,9,0.0036,5.7713497895873024e-05,0,1628,0,1628,8,1,3,8,1.0,-0.0,0.0
R_006759,10,0.004,6.273066754124024e-05,0,1562,3,1562,6,3,6,4,0.6666666666666666,0.8675632284814612,0.7896900821428474
R_006760,8,0.0032,4.9791032933560316e-05,0,1505,7,1505,7,1,4,7,1.0,-0.0,0.0
R_006761,9,0.0036,5.694695739453737e-05,0,1562,3,1562,7,1,6,7,1.0,-0.0,0.0
R_006762,8,0.0032,5.425536206848723e-05,0,1559,4,1559,5,1,1,5,1.0,-0.0,0.0
R_006763,5,0.002,3.654863686680666e-05,0,1559,4,1559,6,1,1,6,1.0,-0.0,0.0
R_006764,4,0.0016,3.471017877993926e-05,0,1565,2,1565,5,1,5,5,1.0,-0.0,0.0
R_006765,12,0.0048,7.534028720490518e-05,0,1550,5,1550,7,1,0,7,1.0,-0.0,0.0
R_006766,4,0.0016,3.0663943408291647e-05,0,3102,6,1531,5,1,2,5,1.0,-0.0,0.0
R_006767,22,0.0088,0.00011580141970981552,0,3102,1,1571,8,4,7,5,0.625,1.073542846408523,0.7743974703476992
R_006768,3,0.0012,2.813321678800423e-05,0,1550,5,1550,6,1,0,6,1.0,-0.0,0.0
R_006769,17,0.0068,9.323090338744509e-05,0,3102,6,1531,8,1,2,8,1.0,-0.0,0.0
R_006770,9,0.0036,5.803661758367549e-05,0,1628,0,1628,8,1,3,8,1.0,-0.0,0.0
R_006771,8,0.0032,5.4596705039459754e-05,0,1550,5,1550,7,1,0,7,1.0,-0.0,0.0
R_006772,4,0.0016,3.2785574233136795e-05,0,1628,0,1628,5,1,3,5,1.0,-0.0,0.0
R_006773,8,0.0032,5.138105632193133e-05,0,3102,1,1571,5,3,2,2,0.4,1.0549201679861442,0.9602297178607612
R_006774,13,0.0052,7.59106573358951e-05,0,3102,6,1531,8,1,2,8,1.0,-0.0,0.0
R_006775,2,0.0008,2.234956374135729e-05,0,1562,3,1562,5,3,6,3,0.6,0.9502705392332348,0.8649735207179272
R_006776,13,0.0052,7.443262041784653e-05,0,3102,6,1531,7,1,2,7,1.0,-0.0,0.0
R_006777,13,0.0052,7.99567422864144e-05,0,1550,5,1550,7,1,0,7,1.0,-0.0,0.0
R_006778,5,0.002,3.591437421138249e-05,0,1505,7,1505,5,1,4,5,1.0,-0.0,0.0
R_006779,10,0.004,5.9346282497154633e-05,0,3102,1,1571,6,3,7,4,0.6666666666666666,0.8675632284814612,0.7896900821428474
R_006780,6,0.0024,4.0703274734242944e-05,0,3102,1,1571,5,3,7,3,0.6,0.9502705392332348,0.8649735207179272
R_006781,14,0.0056,8.824157879496889e-05,0,1565,2,1565,7,1,5,7,1.0,-0.0,0.0
R_006782,22,0.0088,0.00012204141225581048,0,1562,3,1562,8,2,6,7,0.875,0.3767701612564367,0.5435644431995964
R_006783,5,0.002,3.722633494730437e-05,0,3102,6,1531,6,1,2,6,1.0,-0.0,0.0
R_006784,16,0.0064,8.883619973364067e-05,0,3102,6,1531,7,1,2,7,1.0,-0.0,0.0
R_006785,5,0.002,3.8016528216480365e-05,0,1550,5,1550,6,1,0,6,1.0,-0.0,0.0
R_006786,9,0.0036,5.936238451198312e-05,0,1550,5,1550,6,1,0,6,1.0,-0.0,0.0
R_006787,8,0.0032,5.3281605081823276e-05,0,1628,0,1628,7,1,3,7,1.0,-0.0,0.0
R_006788,14,0.0056,8.204823535893469e-05,0,1559,4,1559,7,1,1,7,1.0,-0.0,0.0
R_006789,3,0.0012,2.641364187988056e-05,0,1505,7,1505,6,1,4,6,1.0,-0.0,0.0
R_006790,6,0.0024,4.181776353795912e-05,0,1562,3,1562,6,3,6,4,0.6666666666666666,0.8675632284814612,0.7896900821428474
R_006791,11,0.0044,6.542139343768496e-05,0,3102,6,1531,8,1,2,8,1.0,-0.0,0.0
R_006792,13,0.0052,7.884734489657846e-05,0,1628,0,1628,7,1,3,7,1.0,-0.0,0.0
R_006793,19,0.0076,0.00011616999281505283,0,1565,2,1565,5,1,5,5,1.0,-0.0,0.0
R_006794,4,0.0016,3.143006289081433e-05,0,3102,6,1531,5,1,2,5,1.0,-0.0,0.0
R_006795,3,0.0012,2.6806902757455975e-05,0,3102,6,1531,5,1,2,5,1.0,-0.0,0.0
R_006796,8,0.0032,5.386603331721879e-05,0,1550,5,1550,8,1,0,8,1.0,-0.0,0.0
R_006797,6,0.0024,4.1756851947939094e-05,0,1562,3,1562,6,2,6,5,0.8333333333333334,0.4505612088663046,0.6500224216483541
R_006798,2,0.0008,2.1551737512710087e-05,0,1505,7,1505,5,1,4,5,1.0,-0.0,0.0
R_006799,5,0.002,3.8765498400439327e-05,0,1550,5,1550,5,1,0,5,1.0,-0.0,0.0
R_006800,9,0.0036,5.833340010487307e-05,0,1628,0,1628,7,1,3,7,1.0,-0.0,0.0
R_006801,6,0.0024,4.526538973982748e-05,0,1565,2,1565,6,2,5,5,0.8333333333333334,0.4505612088663046,0.6500224216483541
R_006802,4,0.0016,3.1228008720266574e-05,0,1505,7,1505,6,1,4,6,1.0,-0.0,0.0
R_006803,7,0.0028,4.5370263769465065e-05,0,1505,7,1505,5,1,4,5,1.0,-0.0,0.0
R_006804,7,0.0028,5.02455312699185e-05,0,1565,2,1565,8,2,5,7,0.875,0.3767701612564367,0.5435644431995964
R_006805,6,0.0024,4.5233668025725366e-05,0,1565,2,1565,5,2,5,4,0.8,0.5004024235381879,0.7219280948873623
R_006806,10,0.004,6.311857890052351e-05,0,1628,0,1628,8,1,3,8,1.0,-0.0,0.0
R_006807,13,0.0052,7.466379677761666e-05,0,1505,7,1505,7,1,4,7,1.0,-0.0,0.0
R_006808,22,0.0088,0.00012127110386509767,0,1562,3,1562,8,3,6,6,0.75,0.7356219397587946,0.6695919455357792
R_006809,2,0.0008,2.235398626863548e-05,0,1559,4,1559,7,1,1,7,1.0,-0.0,0.0
R_006810,5,0.002,3.7437974281981475e-05,0,1562,3,1562,8,2,6,7,0.875,0.3767701612564367,0.5435644431995964
R_006811,5,0.002,3.841234124711327e-05,0,1628,0,1628,5,1,3,5,1.0,-0.0,0.0
R_006812,6,0.0024,4.258589327403376e-05,0,1628,0,1628,5,1,3,5,1.0,-0.0,0.0
R_006813,13,0.0052,7.468701838540381e-05,0,3102,1,1571,7,4,7,4,0.5714285714285714,1.1537419427010902,0.8322488896002307
R_006814,5,0.002,3.618596958666008e-05,0,3102,1,1571,5,2,7,4,0.8,0.5004024235381879,0.7219280948873623
R_006815,2,0.0008,2.2011905993297552e-05,0,3102,1,1571,5,3,7,3,0.6,0.9502705392332348,0.8649735207179272
R_006816,7,0.0028,4.80005996301824e-05,0,1628,0,1628,6,1,3,6,1.0,-0.0,0.0
R_006817,16,0.0064,9.19151343819642e-05,0,1562,3,1562,8,2,6,7,0.875,0.3767701612564367,0.5435644431995964
R_006818,8,0.0032,5.2721297874067635e-05,0,1562,3,1562,8,2,6,7,0.875,0.3767701612564367,0.5435644431995964
R_006819,3,0.0012,2.7123249493653192e-05,0,3102,6,1531,5,1,2,5,1.0,-0.0,0.0
R_006820,11,0.0044,6.769836045947931e-05,0,1628,0,1628,8,1,3,8,1.0,-0.0,0.0
R_006821,9,0.0036,5.91253727161939e-05,0,1628,0,1628,8,1,3,8,1.0,-0.0,0.0
R_006822,8,0.0032,5.2185151953159984e-05,0,1562,3,1562,5,2,6,4,0.8,0.5004024235381879,0.7219280948873623
R_006823,4,0.0016,3.2378127998296106e-05,0,1559,4,1559,6,1,1,6,1.0,-0.0,0.0
R_006824,12,0.0048,7.460237035364687e-05,0,1628,0,1628,8,1,3,8,1.0,-0.0,0.0
R_006825,6,0.0024,4.221852129993305e-05,0,1559,4,1559,6,1,1,6,1.0,-0.0,0.0
R_006826,15,0.006,8.7179607535975e-05,0,1562,3,1562,8,1,6,8,1.0,-0.0,0.0
R_006827,7,0.0028,4.856796988813968e-05,0,1628,0,1628,6,1,3,6,1.0,-0.0,0.0
R_006828,13,0.0052,7.331859069319052e-05,0,1505,7,1505,8,1,4,8,1.0,-0.0,0.0
R_006829,14,0.0056,8.249205024290217e-05,0,1562,3,1562,8,2,6,7,0.875,0.3767701612564367,0.5435644431995964
R_006830,9,0.0036,5.7249816124882186e-05,0,1562,3,1562,8,2,6,7,0.875,0.3767701612564367,0.5435644431995964
R_006831,10,0.004,6.168433894173555e-05,0,1559,4,1559,7,1,1,7,1.0,-0.0,0.0
R_006832,6,0.0024,4.476332978322737e-05,0,1565,2,1565,7,1,5,7,1.0,-0.0,0.0
R_006833,14,0.0056,8.098661573419906e-05,0,1562,3,1562,6,3,6,4,0.6666666666666666,0.8675632284814612,0.7896900821428474
R_006834,3,0.0012,2.7275049126592306e-05,0,1559,4,1559,6,1,1,6,1.0,-0.0,0.0
R_006835,4,0.0016,3.2780660064092544e-05,0,1628,0,1628,5,1,3,5,1.0,-0.0,0.0
R_006836,6,0.0024,4.5385636539110084e-05,0,1565,2,1565,6,1,5,6,1.0,-0.0,0.0
R_006837,5,0.002,3.61122832783376e-05,0,1505,7,1505,5,1,4,5,1.0,-0.0,0.0
R_006838,3,0.0012,2.6476421725587817e-05,0,1505,7,1505,5,1,4,5,1.0,-0.0,0.0
R_006839,6,0.0024,4.336258775376913e-05,0,1550,5,1550,8,1,0,8,1.0,-0.0,0.0
R_006840,5,0.002,3.571774401826436e-05,0,3102,1,1571,5,3,7,3,0.6,0.9502705392332348,0.8649735207179272
R_006841,9,0.0036,5.7225767288813224e-05,0,1562,3,1562,8,2,6,7,0.875,0.3767701612564367,0.5435644431995964
R_006842,19,0.0076,0.00011468302963149547,0,1565,2,1565,8,2,5,7,0.875,0.3767701612564367,0.5435644431995964
R_006843,13,0.0052,7.452403927148604e-05,0,3102,6,1531,7,1,2,7,1.0,-0.0,0.0
R_006844,12,0.0048,7.521604729759877e-05,0,1550,5,1550,7,1,0,7,1.0,-0.0,0.0
R_006845,11,0.0044,6.895881063560359e-05,0,1628,0,1628,7,1,3,7,1.0,-0.0,0.0
R_006846,10,0.004,6.08445423788076e-05,0,1559,4,1559,7,1,1,7,1.0,-0.0,0.0
R_006847,2,0.0008,2.1746515180552534e-05,0,3102,6,1531,7,1,2,7,1.0,-0.0,0.0
R_006848,6,0.0024,4.4723908921323614e-05,0,1565,2,1565,7,1,5,7,1.0,-0.0,0.0
R_006849,3,0.0012,2.7109685948945866e-05,0,3102,6,1531,6,1,2,6,1.0,-0.0,0.0
R_006850,8,0.0032,5.0585674622429545e-05,0,3102,1,1571,5,3,7,3,0.6,0.9502705392332348,0.8649735207179272
R_006851,3,0.0012,2.7153280450973665e-05,0,1559,4,1559,5,1,1,5,1.0,-0.0,0.0
R_006852,4,0.0016,3.1699448137778855e-05,0,3102,6,1531,6,1,2,6,1.0,-0.0,0.0
R_006853,5,0.002,3.8762070372265685e-05,0,1550,5,1550,6,1,0,6,1.0,-0.0,0.0
R_006854,6,0.0024,4.0761990735867686e-05,0,1505,7,1505,7,1,4,7,1.0,-0.0,0.0
R_006855,6,0.0024,4.119962636132722e-05,0,3102,6,1531,5,1,2,5,1.0,-0.0,0.0
R_006856,14,0.0056,7.934206898061201e-05,0,1505,7,1505,8,1,4,8,1.0,-0.0,0.0
R_006857,10,0.004,6.263409548523612e-05,0,1562,3,1562,6,2,6,5,0.8333333333333334,0.4505612088663046,0.6500224216483541
R_006858,6,0.0024,4.0761517464606874e-05,0,3102,6,1531,6,1,2,6,1.0,-0.0,0.0
R_006859,6,0.0024,4.114406909096549e-05,0,3102,6,1531,6,1,2,6,1.0,-0.0,0.0
R_006860,8,0.0032,5.2752099490606575e-05,0,1562,3,1562,6,2,6,5,0.8333333333333334,0.4505612088663046,0.6500224216483541
R_006861,15,0.006,8.717770636177147e-05,0,1562,3,1562,8,3,6,6,0.75,0.7356219397587946,0.6695919455357792
R_006862,4,0.0016,3.2859369115603105e-05,0,1628,0,1628,5,1,3,5,1.0,-0.0,0.0
R_006863,7,0.0028,4.7254357910371315e-05,0,1559,4,1559,7,1,1,7,1.0,-0.0,0.0
R_006864,4,0.0016,3.2694948769581267e-05,0,1550,5,1550,6,1,0,6,1.0,-0.0,0.0
R_006865,9,0.0036,5.452795574839338e-05,0,1505,7,1505,7,1,4,7,1.0,-0.0,0.0
R_006866,5,0.002,3.530955395034374e-05,0,3102,1,1571,7,4,7,4,0.5714285714285714,1.1537419427010902,0.8322488896002307
R_006867,5,0.002,3.888298586001089e-05,0,1550,5,1550,5,1,0,5,1.0,-0.0,0.0
R_006868,6,0.0024,4.213981600688707e-05,0,1562,3,1562,6,2,6,5,0.8333333333333334,0.4505612088663046,0.6500224216483541
R_006869,7,0.0028,4.581569822902657e-05,0,3102,6,1531,5,1,2,5,1.0,-0.0,0.0
R_006870,5,0.002,3.6530603337665795e-05,0,3102,6,1531,6,1,2,6,1.0,-0.0,0.0
R_006871,9,0.0036,5.565645086517698e-05,0,3102,6,1531,6,1,2,6,1.0,-0.0,0.0
R_006872,10,0.004,5.9957843421528916e-05,0,3102,1,1571,7,4,7,4,0.5714285714285714,1.1537419427010902,0.8322488896002307
R_006873,10,0.004,6.189865916405512e-05,0,1562,3,1562,7,3,6,5,0.7142857142857143,0.796311640173813,0.7248340915057598
R_006874,8,0.0032,5.3530400470056894e-05,0,1628,0,1628,7,1,3,7,1.0,-0.0,0.0
R_006875,3,0.0012,2.6279400868463322e-05,0,1505,7,1505,5,1,4,5,1.0,-0.0,0.0
R_006876,5,0.002,3.8155391651212705e-05,0,1550,5,1550,7,1,0,7,1.0,-0.0,0.0
R_006877,10,0.004,5.947685356931933e-05,0,3102,1,1571,7,3,7,4,0.5714285714285714,0.9556998911125344,0.8699155297736259
R_006878,12,0.0048,7.851083304801357e-05,0,1565,2,1565,7,1,5,7,1.0,-0.0,0.0
R_006879,4,0.0016,3.1742200446294845e-05,0,3102,1,1571,6,2,7,4,0.6666666666666666,0.6365141682948128,0.9182958340544894
R_006880,7,0.0028,4.511660192615211e-05,0,1505,7,1505,8,1,4,8,1.0,-0.0,0.0
R_006881,2,0.0008,2.144307095767858e-05,0,1505,7,1505,5,1,4,5,1.0,-0.0,0.0
R_006882,9,0.0036,5.6405348545874616e-05,0,1562,3,1562,7,2,6,6,0.8571428571428571,0.410116318288409,0.5916727785823274
R_006883,1,0.0004,1.714697205886789e-05,0,3102,6,1531,5,1,2,5,1.0,-0.0,0.0
R_006884,4,0.0016,3.2502286197897095e-05,0,1559,4,1559,6,1,1,6,1.0,-0.0,0.0
R_006885,7,0.0028,4.924770992190435e-05,0,1550,5,1550,8,1,0,8,1.0,-0.0,0.0
R_006886,7,0.0028,4.544074585973179e-05,0,3102,1,1571,7,3,7,4,0.5714285714285714,0.9556998911125344,0.8699155297736259
R_006887,6,0.0024,4.3998536248704575e-05,0,1550,5,1550,6,1,0,6,1.0,-0.0,0.0
R_006888,11,0.0044,6.503264550390724e-05,0,3102,1,1571,8,4,7,4,0.5,1.2130075659799042,0.875
R_006889,5,0.002,3.566340281429281e-05,0,3102,1,1571,7,3,7,5,0.7142857142857143,0.796311640173813,0.7248340915057598
R_006890,9,0.0036,5.4282220465626684e-05,0,1505,7,1505,7,1,4,7,1.0,-0.0,0.0
R_006891,7,0.0028,4.9936530548571104e-05,0,1565,2,1565,5,2,5,4,0.8,0.5004024235381879,0.7219280948873623
R_006892,5,0.002,3.58997782349975e-05,0,3102,1,1571,7,3,7,5,0.7142857142857143,0.796311640173813,0.7248340915057598
R_006893,9,0.0036,5.455346192996659e-05,0,1505,7,1505,6,1,4,6,1.0,-0.0,0.0
R_006894,6,0.0024,4.042968957004744e-05,0,1505,7,1505,7,1,4,7,1.0,-0.0,0.0
R_006895,9,0.0036,5.570993231060608e-05,0,3102,6,1531,6,1,2,6,1.0,-0.0,0.0
R_006896,3,0.0012,2.6674857041847676e-05,0,3102,6,1531,5,1,2,5,1.0,-0.0,0.0
R_006897,5,0.002,4.008838400149028e-05,0,1565,2,1565,5,1,5,5,1.0,-0.0,0.0
R_006898,5,0.002,3.818113510392432e-05,0,1628,0,1628,5,1,3,5,1.0,-0.0,0.0
R_006899,9,0.0036,5.426245629933668e-05,0,1505,7,1505,7,1,4,7,1.0,-0.0,0.0
R_006900,8,0.0032,5.58406896751186e-05,0,1565,2,1565,8,2,5,7,0.875,0.3767701612564367,0.5435644431995964
R_006901,8,0.0032,5.533487128799794e-05,0,1565,2,1565,8,2,5,7,0.875,0.3767701612564367,0.5435644431995964
R_006902,3,0.0012,2.7206773158087964e-05,0,3102,6,1531,5,1,2,5,1.0,-0.0,0.0
R_006903,13,0.0052,7.651178059158653e-05,0,1562,3,1562,8,2,6,7,0.875,0.3767701612564367,0.5435644431995964
R_006904,10,0.004,6.0517375783776326e-05,0,3102,6,1531,6,1,2,6,1.0,-0.0,0.0
R_006905,8,0.0032,5.259888665127056e-05,0,1562,3,1562,7,1,6,7,1.0,-0.0,0.0
R_006906,10,0.004,6.258216228459972e-05,0,1559,4,1559,6,1,1,6,1.0,-0.0,0.0
R_006907,6,0.0024,4.0876906637509805e-05,0,1505,7,1505,6,1,4,6,1.0,-0.0,0.0
R_006908,13,0.0052,7.9407353312475e-05,0,1550,5,1550,7,1,0,7,1.0,-0.0,0.0
R_006909,6,0.0024,4.315017787672968e-05,0,1550,5,1550,6,1,0,6,1.0,-0.0,0.0
R_006910,13,0.0052,7.45415510041813e-05,0,3102,6,1531,7,1,2,7,1.0,-0.0,0.0
R_006911,6,0.0024,4.2615175096144545e-05,0,1559,4,1559,6,1,1,6,1.0,-0.0,0.0
R_006912,3,0.0012,2.6457724083064748e-05,0,1505,7,1505,5,1,4,5,1.0,-0.0,0.0
R_006913,7,0.0028,4.769454275097818e-05,0,1628,0,1628,7,1,3,7,1.0,-0.0,0.0
R_006914,3,0.0012,2.8136336115928238e-05,0,1550,5,1550,6,1,0,6,1.0,-0.0,0.0
R_006915,4,0.0016,3.10371314941767e-05,0,3102,1,1571,5,3,7,3,0.6,0.9502705392332348,0.8649735207179272
R_006916,7,0.0028,4.565399197172913e-05,0,3102,1,1571,5,3,7,3,0.6,0.9502705392332348,0.8649735207179272
R_006917,4,0.0016,3.2346271856607184e-05,0,1628,0,1628,5,1,3,5,1.0,-0.0,0.0
R_006918,4,0.0016,3.115499853295182e-05,0,3102,6,1531,6,1,2,6,1.0,-0.0,0.0
R_006919,12,0.0048,7.122723563921028e-05,0,1562,3,1562,6,2,6,5,0.8333333333333334,0.4505612088663046,0.6500224216483541
R_006920,9,0.0036,5.724457756100525e-05,0,1562,3,1562,7,3,6,5,0.7142857142857143,0.796311640173813,0.7248340915057598
R_006921,10,0.004,6.25868731022111e-05,0,1562,3,1562,8,3,6,6,0.75,0.7356219397587946,0.6695919455357792
R_006922,11,0.0044,6.750775860239167e-05,0,1559,4,1559,8,1,1,8,1.0,-0.0,0.0
R_006923,9,0.0036,5.5389108908396225e-05,0,3102,6,1531,7,1,2,7,1.0,-0.0,0.0
R_006924,5,0.002,3.597911010457749e-05,0,3102,6,1531,5,1,2,5,1.0,-0.0,0.0
R_006925,4,0.0016,3.116801016840976e-05,0,1505,7,1505,6,1,4,6,1.0,-0.0,0.0
R_006926,5,0.002,3.864037264462643e-05,0,1550,5,1550,6,1,0,6,1.0,-0.0,0.0
R_006927,2,0.0008,2.3647157008209486e-05,0,1565,2,1565,5,2,5,4,0.8,0.5004024235381879,0.7219280948873623
R_006928,9,0.0036,6.193292139757086e-05,0,1565,2,1565,6,1,5,6,1.0,-0.0,0.0
R_006929,9,0.0036,5.494479482744953e-05,0,3102,6,1531,8,1,2,8,1.0,-0.0,0.0
R_006930,6,0.0024,4.170126609120839e-05,0,3102,6,1531,5,1,2,5,1.0,-0.0,0.0
R_006931,12,0.0048,6.801505160771698e-05,0,1505,7,1505,8,1,4,8,1.0,-0.0,0.0
R_006932,4,0.0016,3.2553245480098954e-05,0,1628,0,1628,5,1,3,5,1.0,-0.0,0.0
R_006933,9,0.0036,5.4449728971935346e-05,0,1505,7,1505,7,1,4,7,1.0,-0.0,0.0
R_006934,6,0.0024,4.121700314826764e-05,0,3102,1,1571,5,3,2,2,0.4,1.0549201679861442,0.9602297178607612
R_006935,3,0.0012,2.7824494934303485e-05,0,1550,5,1550,5,1,0,5,1.0,-0.0,0.0
R_006936,6,0.0024,4.2755718632735675e-05,0,1628,0,1628,6,1,3,6,1.0,-0.0,0.0
R_006937,15,0.006,9.420958786922681e-05,0,1565,2,1565,7,2,5,6,0.8571428571428571,0.410116318288409,0.5916727785823274
R_006938,5,0.002,3.909933436682846e-05,0,1565,2,1565,7,2,5,6,0.8571428571428571,0.410116318288409,0.5916727785823274
R_006939,7,0.0028,4.91585216766627e-05,0,1550,5,1550,7,1,0,7,1.0,-0.0,0.0
R_006940,4,0.0016,3.169737722430772e-05,0,3102,6,1531,6,1,2,6,1.0,-0.0,0.0
R_006941,7,0.0028,4.5342541862007074e-05,0,1505,7,1505,7,1,4,7,1.0,-0.0,0.0
R_006942,5,0.002,3.716226136062761e-05,0,1559,4,1559,5,1,1,5,1.0,-0.0,0.0
R_006943,2,0.0008,2.251725121465396e-05,0,1628,0,1628,5,1,3,5,1.0,-0.0,0.0
R_006944,4,0.0016,3.2358009414104686e-05,0,3102,6,1531,5,1,2,5,1.0,-0.0,0.0
R_006945,5,0.002,3.9838592141395535e-05,0,1565,2,1565,5,1,5,5,1.0,-0.0,0.0
R_006946,10,0.004,6.0889781402124476e-05,0,3102,6,1531,8,1,2,8,1.0,-0.0,0.0
R_006947,3,0.0012,2.8137462061230374e-05,0,1550,5,1550,6,1,0,6,1.0,-0.0,0.0
R_006948,1,0.0004,1.7391865882881417e-05,0,1628,0,1628,6,1,3,6,1.0,-0.0,0.0
R_006949,12,0.0048,7.857861999336671e-05,0,1565,2,1565,8,2,5,7,0.875,0.3767701612564367,0.5435644431995964
R_006950,22,0.0088,0.00011793063870311319,0,3102,1,1571,8,3,7,5,0.625,0.9002560512685369,0.8194483718728035
R_006951,6,0.0024,4.456590663142754e-05,0,1565,2,1565,5,1,5,5,1.0,-0.0,0.0
R_006952,5,0.002,3.8193262362503154e-05,0,1550,5,1550,5,1,0,5,1.0,-0.0,0.0
R_006953,5,0.002,3.5505375663984864e-05,0,1505,7,1505,6,1,4,6,1.0,-0.0,0.0
R_006954,6,0.0024,4.4942917224054356e-05,0,1565,2,1565,7,2,5,6,0.8571428571428571,0.410116318288409,0.5916727785823274
R_006955,9,0.0036,5.840344129725836e-05,0,1628,0,1628,8,1,3,8,1.0,-0.0,0.0
R_006956,5,0.002,3.724517405689021e-05,0,1562,3,1562,5,3,6,3,0.6,0.9502705392332348,0.8649735207179272
R_006957,8,0.0032,5.305418624389963e-05,0,1628,0,1628,5,1,3,5,1.0,-0.0,0.0
R_006958,6,0.0024,4.167591741524592e-05,0,3102,6,1531,6,1,2,6,1.0,-0.0,0.0
R_006959,22,0.0088,0.00012462559039288967,0,1628,0,1628,8,1,3,8,1.0,-0.0,0.0
R_006960,8,0.0032,5.5583591687912485e-05,0,1565,2,1565,7,2,5,6,0.8571428571428571,0.410116318288409,0.5916727785823274
R_006961,6,0.0024,4.078807434348537e-05,0,3102,1,1571,5,3,7,3,0.6,0.9502705392332348,0.8649735207179272
R_006962,9,0.0036,5.504119841173148e-05,0,3102,6,1531,7,1,2,7,1.0,-0.0,0.0
R_006963,9,0.0036,5.3428589298082626e-05,0,3102,1,1571,5,2,7,3,0.6,0.6730116670092565,0.9709505944546688
R_006964,7,0.0028,4.947384933849335e-05,0,1550,5,1550,8,1,0,8,1.0,-0.0,0.0
R_006965,5,0.002,3.621039163329916e-05,0,1505,7,1505,5,1,4,5,1.0,-0.0,0.0
R_006966,3,0.0012,2.78244034712984e-05,0,1550,5,1550,5,1,0,5,1.0,-0.0,0.0
R_006967,7,0.0028,5.0282879061865344e-05,0,1565,2,1565,7,1,5,7,1.0,-0.0,0.0
R_006968,6,0.0024,4.261133495355741e-05,0,1628,0,1628,5,1,3,5,1.0,-0.0,0.0
R_006969,8,0.0032,5.158195622404038e-05,0,1559,4,1559,8,1,1,8,1.0,-0.0,0.0
R_006970,4,0.0016,3.18698686394315e-05,0,3102,6,1531,6,1,2,6,1.0,-0.0,0.0
R_006971,12,0.0048,7.034904895410214e-05,0,3102,6,1531,7,1,2,7,1.0,-0.0,0.0
R_006972,3,0.0012,2.7054483606593653e-05,0,3102,6,1531,5,1,2,5,1.0,-0.0,0.0
R_006973,3,0.0012,2.853357512747339e-05,0,1550,5,1550,6,1,0,6,1.0,-0.0,0.0
R_006974,3,0.0012,2.8800139088274056e-05,0,1565,2,1565,5,2,5,4,0.8,0.5004024235381879,0.7219280948873623
R_006975,5,0.002,3.884973074056426e-05,0,1550,5,1550,5,1,0,5,1.0,-0.0,0.0
R_006976,1,0.0004,1.7804508527774405e-05,0,1550,5,1550,5,1,0,5,1.0,-0.0,0.0
R_006977,14,0.0056,7.96581975456197e-05,0,3102,6,1531,8,1,2,8,1.0,-0.0,0.0
R_006978,9,0.0036,5.563746396991746e-05,0,3102,6,1531,6,1,2,6,1.0,-0.0,0.0
R_006979,9,0.0036,5.42511867480242e-05,0,1505,7,1505,7,1,4,7,1.0,-0.0,0.0
R_006980,7,0.0028,4.727377976716655e-05,0,1559,4,1559,6,1,1,6,1.0,-0.0,0.0
R_006981,6,0.0024,4.094861054738959e-05,0,3102,6,1531,7,1,2,7,1.0,-0.0,0.0
R_006982,8,0.0032,5.016992722478657e-05,0,1505,7,1505,8,1,4,8,1.0,-0.0,0.0
R_006983,7,0.0028,5.06847077112369e-05,0,1565,2,1565,8,2,5,7,0.875,0.3767701612564367,0.5435644431995964
R_006984,3,0.0012,2.855508694498001e-05,0,1565,2,1565,6,2,5,5,0.8333333333333334,0.4505612088663046,0.6500224216483541
R_006985,17,0.0068,9.401572115227272e-05,0,3102,1,1571,8,4,7,5,0.625,1.073542846408523,0.7743974703476992
R_006986,7,0.0028,5.0715136276694056e-05,0,1565,2,1565,6,2,5,5,0.8333333333333334,0.4505612088663046,0.6500224216483541
R_006987,11,0.0044,7.277637875517038e-05,0,1565,2,1565,7,2,5,6,0.8571428571428571,0.410116318288409,0.5916727785823274
R_006988,1,0.0004,1.7509504312023566e-05,0,1565,2,1565,6,2,5,5,0.8333333333333334,0.4505612088663046,0.6500224216483541
R_006989,7,0.0028,4.73274411925061e-05,0,1562,3,1562,7,3,6,5,0.7142857142857143,0.796311640173813,0.7248340915057598
R_006990,8,0.0032,5.220048335774488e-05,0,1562,3,1562,5,3,6,3,0.6,0.9502705392332348,0.8649735207179272
R_006991,8,0.0032,5.209361129674421e-05,0,1562,3,1562,8,3,6,6,0.75,0.7356219397587946,0.6695919455357792
R_006992,6,0.0024,4.259457535968612e-05,0,1628,0,1628,7,1,3,7,1.0,-0.0,0.0
R_006993,11,0.0044,6.521837379288991e-05,0,3102,6,1531,8,1,2,8,1.0,-0.0,0.0
R_006994,3,0.0012,2.87497024838574e-05,0,1565,2,1565,5,2,5,4,0.8,0.5004024235381879,0.7219280948873623
R_006995,10,0.004,5.9785303299804235e-05,0,3102,6,1531,8,1,2,8,1.0,-0.0,0.0
R_006996,8,0.0032,5.176204746445636e-05,0,1562,3,1562,8,2,6,7,0.875,0.3767701612564367,0.5435644431995964
R_006997,13,0.0052,7.494099072120196e-05,0,3102,6,1531,8,1,2,8,1.0,-0.0,0.0
R_006998,16,0.0064,8.842520217348989e-05,0,3102,6,1531,8,1,2,8,1.0,-0.0,0.0
R_006999,4,0.0016,3.23507269980232e-05,0,1559,4,1559,5,1,1,5,1.0,-0.0,0.0
R_007000,8,0.0032,4.968830965600856e-05,0,1505,7,1505,7,1,4,7,1.0,-0.0,0.0
R_007001,5,0.002,3.600578502796313e-05,0,3102,6,1531,5,1,2,5,1.0,-0.0,0.0
R_007002,1,0.0004,1.74551210818058e-05,0,1628,0,1628,5,1,3,5,1.0,-0.0,0.0
R_007003,7,0.0028,5.058379090041444e-05,0,1565,2,1565,8,2,5,7,0.875,0.3767701612564367,0.5435644431995964
R_007004,8,0.0032,5.065174361092491e-05,0,3102,6,1531,7,1,2,7,1.0,-0.0,0.0
R_007005,1,0.0004,1.7404637267421055e-05,0,1628,0,1628,8,1,3,8,1.0,-0.0,0.0
R_007006,3,0.0012,2.733575257440251e-05,0,1562,3,1562,5,2,6,4,0.8,0.5004024235381879,0.7219280948873623
R_007007,11,0.0044,6.392033183244778e-05,0,1505,7,1505,7,1,4,7,1.0,-0.0,0.0
R_007008,14,0.0056,8.264411284375927e-05,0,1559,4,1559,8,1,1,8,1.0,-0.0,0.0
R_007009,2,0.0008,2.22087923600975e-05,0,1562,3,1562,5,3,6,3,0.6,0.9502705392332348,0.8649735207179272
R_007010,7,0.0028,4.751038761810206e-05,0,1562,3,1562,5,2,6,4,0.8,0.5004024235381879,0.7219280948873623
R_007011,10,0.004,6.026234507333398e-05,0,3102,6,1531,8,1,2,8,1.0,-0.0,0.0
R_007012,6,0.0024,4.336303816880401e-05,0,1550,5,1550,6,1,0,6,1.0,-0.0,0.0
R_007013,10,0.004,6.702162104348634e-05,0,1565,2,1565,8,2,5,7,0.875,0.3767701612564367,0.5435644431995964
R_007014,8,0.0032,5.2533053194727174e-05,0,1562,3,1562,8,2,6,7,0.875,0.3767701612564367,0.5435644431995964
R_007015,1,0.0004,1.763578119025507e-05,0,1565,2,1565,5,1,5,5,1.0,-0.0,0.0
R_007016,4,0.0016,3.2257321087983526e-05,0,1559,4,1559,5,1,1,5,1.0,-0.0,0.0
R_007017,12,0.0048,7.516256367297766e-05,0,1550,5,1550,8,1,0,8,1.0,-0.0,0.0
R_007018,5,0.002,3.6393815034499806e-05,0,3102,6,1531,6,1,2,6,1.0,-0.0,0.0
R_007019,6,0.0024,4.298276069104218e-05,0,1628,0,1628,6,1,3,6,1.0,-0.0,0.0
R_007020,4,0.0016,3.2509410173679794e-05,0,1562,3,1562,5,1,6,5,1.0,-0.0,0.0
R_007021,6,0.0024,4.217167913672841e-05,0,1562,3,1562,7,3,6,5,0.7142857142857143,0.796311640173813,0.7248340915057598
R_007022,13,0.0052,8.012575519481666e-05,0,1550,5,1550,7,1,0,7,1.0,-0.0,0.0
R_007023,10,0.004,6.665406824447977e-05,0,1565,2,1565,8,2,5,7,0.875,0.3767701612564367,0.5435644431995964
R_007024,9,0.0036,6.12183119737822e-05,0,1565,2,1565,7,2,5,6,0.8571428571428571,0.410116318288409,0.5916727785823274
R_007025,11,0.0044,6.71707788220983e-05,0,1562,3,1562,6,2,6,5,0.8333333333333334,0.4505612088663046,0.6500224216483541
R_007026,9,0.0036,6.143621450033043e-05,0,1565,2,1565,8,2,5,7,0.875,0.3767701612564367,0.5435644431995964
R_007027,4,0.0016,3.228239767458336e-05,0,1559,4,1559,5,1,1,5,1.0,-0.0,0.0
R_007028,9,0.0036,5.785644586154879e-05,0,1562,3,1562,7,3,6,5,0.7142857142857143,0.796311640173813,0.7248340915057598
R_007029,11,0.0044,6.546298747255632e-05,0,3102,6,1531,8,1,2,8,1.0,-0.0,0.0
R_007030,15,0.006,8.389432099493648e-05,0,1505,7,1505,8,1,4,8,1.0,-0.0,0.0
R_007031,8,0.0032,5.031065282640328e-05,0,3102,6,1531,8,1,2,8,1.0,-0.0,0.0
R_007032,7,0.0028,5.025270889055447e-05,0,1565,2,1565,7,2,5,6,0.8571428571428571,0.410116318288409,0.5916727785823274
R_007033,3,0.0012,2.6902407424215826e-05,0,3102,6,1531,5,1,2,5,1.0,-0.0,0.0
R_007034,2,0.0008,2.34043239164934e-05,0,1565,2,1565,5,1,5,5,1.0,-0.0,0.0
R_007035,11,0.0044,6.430476211496438e-05,0,1505,7,1505,8,1,4,8,1.0,-0.0,0.0
R_007036,7,0.0028,5.0691974093743377e-05,0,1565,2,1565,6,2,5,5,0.8333333333333334,0.4505612088663046,0.6500224216483541
R_007037,11,0.0044,6.845310557146378e-05,0,1628,0,1628,7,1,3,7,1.0,-0.0,0.0
R_007038,9,0.0036,5.493211080545691e-05,0,3102,1,1571,6,3,7,4,0.6666666666666666,0.8675632284814612,0.7896900821428474
R_007039,7,0.0028,4.97382562514189e-05,0,1565,2,1565,6,2,5,5,0.8333333333333334,0.4505612088663046,0.6500224216483541
R_007040,6,0.0024,4.2295327123040916e-05,0,1562,3,1562,6,2,6,5,0.8333333333333334,0.4505612088663046,0.6500224216483541
R_007041,7,0.0028,4.689534329596362e-05,0,1562,3,1562,7,2,6,6,0.8571428571428571,0.410116318288409,0.5916727785823274
R_007042,9,0.0036,5.885414738359762e-05,0,1628,0,1628,8,1,3,8,1.0,-0.0,0.0
R_007043,13,0.0052,7.889305593411664e-05,0,1628,0,1628,8,1,3,8,1.0,-0.0,0.0
R_007044,8,0.0032,5.5887023062326004e-05,0,1565,2,1565,7,2,5,6,0.8571428571428571,0.410116318288409,0.5916727785823274
R_007045,9,0.0036,5.8373940124558624e-05,0,1628,0,1628,7,1,3,7,1.0,-0.0,0.0
R_007046,5,0.002,3.990421246618598e-05,0,1565,2,1565,6,1,5,6,1.0,-0.0,0.0
R_007047,5,0.002,3.716524004847463e-05,0,1559,4,1559,5,1,1,5,1.0,-0.0,0.0
R_007048,3,0.0012,2.84580338968743e-05,0,1565,2,1565,5,1,5,5,1.0,-0.0,0.0
R_007049,11,0.0044,6.426513882873991e-05,0,1505,7,1505,8,1,4,8,1.0,-0.0,0.0
R_007050,11,0.0044,6.433244530120401e-05,0,3102,1,1571,7,3,7,5,0.7142857142857143,0.796311640173813,0.7248340915057598
R_007051,6,0.0024,4.466485477725342e-05,0,1565,2,1565,7,2,5,6,0.8571428571428571,0.410116318288409,0.5916727785823274
R_007052,11,0.0044,6.367118778699579e-05,0,1505,7,1505,6,1,4,6,1.0,-0.0,0.0
R_007053,8,0.0032,5.105950726342462e-05,0,1505,7,1505,7,1,4,7,1.0,-0.0,0.0
R_007054,9,0.0036,5.801518905529165e-05,0,1628,0,1628,6,1,3,6,1.0,-0.0,0.0
R_007055,14,0.0056,7.95297387533694e-05,0,3102,6,1531,8,1,2,8,1.0,-0.0,0.0
R_007056,5,0.002,3.586765009411031e-05,0,1505,7,1505,5,1,4,5,1.0,-0.0,0.0
R_007057,4,0.0016,3.2920645550415624e-05,0,1550,5,1550,6,1,0,6,1.0,-0.0,0.0
R_007058,5,0.002,3.743493956550662e-05,0,1562,3,1562,5,3,6,3,0.6,0.9502705392332348,0.8649735207179272
R_007059,10,0.004,6.357357762838895e-05,0,1628,0,1628,8,1,3,8,1.0,-0.0,0.0
R_007060,9,0.0036,5.994354634266624e-05,0,1550,5,1550,8,1,0,8,1.0,-0.0,0.0
R_007061,6,0.0024,4.2497827546466415e-05,0,1559,4,1559,8,1,1,8,1.0,-0.0,0.0
R_007062,11,0.0044,6.865900011700261e-05,0,1628,0,1628,6,1,3,6,1.0,-0.0,0.0
R_007063,8,0.0032,5.324678884190703e-05,0,1628,0,1628,7,1,3,7,1.0,-0.0,0.0
R_007064,7,0.0028,4.582713172127148e-05,0,3102,1,1571,6,3,7,3,0.5,1.0114042647073518,0.920619835714305
R_007065,6,0.0024,4.227969168129893e-05,0,1562,3,1562,6,2,6,5,0.8333333333333334,0.4505612088663046,0.6500224216483541
R_007066,3,0.0012,2.6609480502497084e-05,0,3102,6,1531,7,1,2,7,1.0,-0.0,0.0
R_007067,12,0.0048,6.885476593564236e-05,0,3102,1,1571,8,4,7,5,0.625,1.073542846408523,0.7743974703476992
R_007068,7,0.0028,4.665241891150055e-05,0,1562,3,1562,6,1,6,6,1.0,-0.0,0.0
R_007069,7,0.0028,5.080524519335062e-05,0,1565,2,1565,5,2,5,4,0.8,0.5004024235381879,0.7219280948873623
R_007070,5,0.002,3.698022520002612e-05,0,1559,4,1559,5,1,1,5,1.0,-0.0,0.0
R_007071,4,0.0016,3.102126013952813e-05,0,1505,7,1505,5,1,4,5,1.0,-0.0,0.0
R_007072,3,0.0012,2.7629719292262582e-05,0,1559,4,1559,5,1,1,5,1.0,-0.0,0.0
R_007073,4,0.0016,3.176133379799905e-05,0,3102,6,1531,5,1,2,5,1.0,-0.0,0.0
R_007074,6,0.0024,4.242246159824584e-05,0,1559,4,1559,6,1,1,6,1.0,-0.0,0.0
R_007075,12,0.0048,6.880043410703171e-05,0,1505,7,1505,8,1,4,8,1.0,-0.0,0.0
R_007076,26,0.0104,0.00013365970872197477,0,1505,7,1505,6,1,4,6,1.0,-0.0,0.0
R_007077,5,0.002,3.706470347276954e-05,0,1559,4,1559,5,1,1,5,1.0,-0.0,0.0
R_007078,9,0.0036,6.252934752238675e-05,0,1565,2,1565,8,2,5,7,0.875,0.3767701612564367,0.5435644431995964
R_007079,4,0.0016,3.2860042707268596e-05,0,1628,0,1628,6,1,3,6,1.0,-0.0,0.0
R_007080,5,0.002,3.606530501622573e-05,0,3102,1,1571,5,3,7,3,0.6,0.9502705392332348,0.8649735207179272
R_007081,9,0.0036,5.509218163680451e-05,0,3102,6,1531,8,1,2,8,1.0,-0.0,0.0
R_007082,15,0.006,8.63146620650054e-05,0,1559,4,1559,7,1,1,7,1.0,-0.0,0.0
R_007083,8,0.0032,5.586139652254427e-05,0,1565,2,1565,8,2,5,7,0.875,0.3767701612564367,0.5435644431995964
R_007084,29,0.0116,0.0001481183698173528,0,3102,1,1571,8,4,7,4,0.5,1.2130075659799042,0.875
R_007085,3,0.0012,2.609506577360211e-05,0,1505,7,1505,7,1,4,7,1.0,-0.0,0.0
R_007086,7,0.0028,5.0157356609330405e-05,0,1550,5,1550,7,1,0,7,1.0,-0.0,0.0
R_007087,10,0.004,6.224439320926259e-05,0,1559,4,1559,6,1,1,6,1.0,-0.0,0.0
R_007088,7,0.0028,4.558205481821201e-05,0,3102,1,1571,5,2,7,4,0.8,0.5004024235381879,0.7219280948873623
R_007089,16,0.0064,9.470565272462249e-05,0,1628,0,1628,8,1,3,8,1.0,-0.0,0.0
R_007090,7,0.0028,4.744426703228033e-05,0,1562,3,1562,8,3,6,6,0.75,0.7356219397587946,0.6695919455357792
R_007091,7,0.0028,4.865053331307305e-05,0,1550,5,1550,7,1,0,7,1.0,-0.0,0.0
R_007092,6,0.0024,4.296810457574623e-05,0,1628,0,1628,6,1,3,6,1.0,-0.0,0.0
R_007093,4,0.0016,3.446534078700647e-05,0,1565,2,1565,6,2,5,5,0.8333333333333334,0.4505612088663046,0.6500224216483541
R_007094,9,0.0036,5.4678954875773606e-05,0,3102,1,1571,6,2,7,4,0.6666666666666666,0.6365141682948128,0.9182958340544894
R_007095,13,0.0052,7.828759521993494e-05,0,1562,3,1562,7,1,6,7,1.0,-0.0,0.0
R_007096,6,0.0024,4.3840433165747446e-05,0,1550,5,1550,7,1,0,7,1.0,-0.0,0.0
R_007097,5,0.002,3.998052293450671e-05,0,1565,2,1565,5,2,5,4,0.8,0.5004024235381879,0.7219280948873623
R_007098,0,0.0,1.2023710757614017e-05,1,1,26,1,6,3,6,4,0.6666666666666666,0.8675632284814612,0.7896900821428474
R_007099,7,0.0028,5.047622584980259e-05,0,1565,2,1565,8,2,5,7,0.875,0.3767701612564367,0.5435644431995964
R_007100,7,0.0028,4.948629653761376e-05,0,1550,5,1550,8,1,0,8,1.0,-0.0,0.0
R_007101,6,0.0024,4.077860195883599e-05,0,3102,1,1571,8,3,7,6,0.75,0.7356219397587946,0.6695919455357792
R_007102,7,0.0028,4.7154274481984406e-05,0,1559,4,1559,6,1,1,6,1.0,-0.0,0.0
R_007103,3,0.0012,2.7907568689275198e-05,0,1628,0,1628,5,1,3,5,1.0,-0.0,0.0
R_007104,10,0.004,6.361792352622144e-05,0,1628,0,1628,8,1,3,8,1.0,-0.0,0.0
R_007105,17,0.0068,9.310106909800327e-05,0,3102,1,1571,7,3,7,5,0.7142857142857143,0.796311640173813,0.7248340915057598
R_007106,10,0.004,6.0094358803616285e-05,0,3102,6,1531,8,1,2,8,1.0,-0.0,0.0
R_007107,9,0.0036,5.4296895229514526e-05,0,1505,7,1505,7,1,4,7,1.0,-0.0,0.0
R_007108,7,0.0028,4.571369232508487e-05,0,3102,6,1531,5,1,2,5,1.0,-0.0,0.0
R_007109,12,0.0048,7.797309748815718e-05,0,1565,2,1565,6,2,5,5,0.8333333333333334,0.4505612088663046,0.6500224216483541
R_007110,6,0.0024,4.314689305782546e-05,0,1628,0,1628,7,1,3,7,1.0,-0.0,0.0
R_007111,5,0.002,3.641322723362898e-05,0,3102,6,1531,6,1,2,6,1.0,-0.0,0.0
R_007112,12,0.0048,7.387208185435875e-05,0,1628,0,1628,7,1,3,7,1.0,-0.0,0.0
R_007113,12,0.0048,7.26945811652475e-05,0,1559,4,1559,8,1,1,8,1.0,-0.0,0.0
R_007114,2,0.0008,2.1686228003195607e-05,0,1505,7,1505,5,1,4,5,1.0,-0.0,0.0
R_007115,6,0.0024,4.5209876857581526e-05,0,1565,2,1565,7,1,5,7,1.0,-0.0,0.0
R_007116,9,0.0036,5.4864520155497215e-05,0,3102,1,1571,7,3,7,5,0.7142857142857143,0.796311640173813,0.7248340915057598
R_007117,8,0.0032,5.1931471627999724e-05,0,1559,4,1559,8,1,1,8,1.0,-0.0,0.0
R_007118,8,0.0032,5.228390602180134e-05,0,1562,3,1562,6,2,6,5,0.8333333333333334,0.4505612088663046,0.6500224216483541
R_007119,24,0.0096,0.0001269719107343599,0,3102,6,1531,8,1,2,8,1.0,-0.0,0.0
R_007120,14,0.0056,8.019017548988895e-05,0,3102,6,1531,8,1,2,8,1.0,-0.0,0.0
R_007121,4,0.0016,3.281156679145029e-05,0,1562,3,1562,7,2,6,6,0.8571428571428571,0.410116318288409,0.5916727785823274
R_007122,5,0.002,3.825775493741889e-05,0,1550,5,1550,6,1,0,6,1.0,-0.0,0.0
R_007123,8,0.0032,5.193770182686942e-05,0,1562,3,1562,8,3,6,6,0.75,0.7356219397587946,0.6695919455357792
R_007124,6,0.0024,4.0669632670949985e-05,0,1505,7,1505,7,1,4,7,1.0,-0.0,0.0
R_007125,6,0.0024,4.481234263751204e-05,0,1565,2,1565,7,2,5,6,0.8571428571428571,0.410116318288409,0.5916727785823274
R_007126,5,0.002,3.760823113624208e-05,0,1562,3,1562,8,2,6,7,0.875,0.3767701612564367,0.5435644431995964
R_007127,15,0.006,9.166309826297117e-05,0,1550,5,1550,8,1,0,8,1.0,-0.0,0.0
R_007128,7,0.0028,4.730883826812296e-05,0,1559,4,1559,6,1,1,6,1.0,-0.0,0.0
R_007129,15,0.006,8.28274033332674e-05,0,1505,7,1505,8,1,4,8,1.0,-0.0,0.0
R_007130,20,0.008,0.00010652650599925045,0,3102,6,1531,8,1,2,8,1.0,-0.0,0.0
R_007131,8,0.0032,5.019552087505651e-05,0,3102,1,1571,6,3,7,3,0.5,1.0114042647073518,0.920619835714305
R_007132,9,0.0036,5.5810690997396254e-05,0,3102,6,1531,6,1,2,6,1.0,-0.0,0.0
R_007133,9,0.0036,5.7182142918831225e-05,0,1559,4,1559,8,1,1,8,1.0,-0.0,0.0
R_007134,9,0.0036,5.76294806787442e-05,0,1628,0,1628,8,1,3,8,1.0,-0.0,0.0
R_007135,7,0.0028,4.515895247189901e-05,0,3102,1,1571,6,3,7,4,0.6666666666666666,0.8675632284814612,0.7896900821428474
R_007136,7,0.0028,4.890010259606925e-05,0,1550,5,1550,5,1,0,5,1.0,-0.0,0.0
R_007137,8,0.0032,4.9199284681881246e-05,0,1505,7,1505,7,1,4,7,1.0,-0.0,0.0
R_007138,13,0.0052,7.959296246579683e-05,0,1628,0,1628,8,1,3,8,1.0,-0.0,0.0
R_007139,3,0.0012,2.8293769122093625e-05,0,1550,5,1550,6,1,0,6,1.0,-0.0,0.0
R_007140,5,0.002,3.5674594052123185e-05,0,3102,1,1571,5,3,7,3,0.6,0.9502705392332348,0.8649735207179272
R_007141,3,0.0012,2.8843506337201518e-05,0,1565,2,1565,5,2,5,4,0.8,0.5004024235381879,0.7219280948873623
R_007142,7,0.0028,4.5084049468279866e-05,0,1505,7,1505,5,1,4,5,1.0,-0.0,0.0
R_007143,14,0.0056,8.313389676196603e-05,0,1628,0,1628,8,1,3,8,1.0,-0.0,0.0
R_007144,7,0.0028,4.5345703433496436e-05,0,3102,1,1571,6,4,7,3,0.5,1.242453324894,0.8962406251802889
R_007145,0,0.0,1.2023710757614017e-05,1,1,27,1,5,1,6,5,1.0,-0.0,0.0
R_007146,1,0.0004,1.6993780511208577e-05,0,3102,1,1571,5,2,7,4,0.8,0.5004024235381879,0.7219280948873623
R_007147,8,0.0032,5.1293820604983384e-05,0,3102,6,1531,6,1,2,6,1.0,-0.0,0.0
R_007148,6,0.0024,4.3075826062675196e-05,0,1628,0,1628,7,1,3,7,1.0,-0.0,0.0
R_007149,10,0.004,6.320921745953223e-05,0,1628,0,1628,7,1,3,7,1.0,-0.0,0.0
R_007150,7,0.0028,5.0360298533646065e-05,0,1565,2,1565,8,2,5,7,0.875,0.3767701612564367,0.5435644431995964
R_007151,4,0.0016,3.143784133418535e-05,0,1505,7,1505,6,1,4,6,1.0,-0.0,0.0
R_007152,5,0.002,3.774881188753907e-05,0,1628,0,1628,6,1,3,6,1.0,-0.0,0.0
R_007153,30,0.012,0.00017677588406899653,0,1565,2,1565,8,2,5,7,0.875,0.3767701612564367,0.5435644431995964
R_007154,13,0.0052,7.51988216745562e-05,0,3102,1,1571,7,3,7,4,0.5714285714285714,0.9556998911125344,0.8699155297736259
R_007155,8,0.0032,5.4775480093321384e-05,0,1550,5,1550,8,1,0,8,1.0,-0.0,0.0
R_007156,4,0.0016,3.1335549943616495e-05,0,3102,6,1531,6,1,2,6,1.0,-0.0,0.0
R_007157,4,0.0016,3.222557548685621e-05,0,1562,3,1562,6,2,6,5,0.8333333333333334,0.4505612088663046,0.6500224216483541
R_007158,9,0.0036,5.742981482986876e-05,0,1562,3,1562,8,3,6,6,0.75,0.7356219397587946,0.6695919455357792
R_007159,6,0.0024,4.232852072060045e-05,0,1562,3,1562,6,2,6,5,0.8333333333333334,0.4505612088663046,0.6500224216483541
R_007160,3,0.0012,2.7105319766453586e-05,0,1559,4,1559,5,1,1,5,1.0,-0.0,0.0
R_007161,3,0.0012,2.778538115099677e-05,0,1628,0,1628,6,1,3,6,1.0,-0.0,0.0
R_007162,6,0.0024,4.209531834840841e-05,0,1562,3,1562,8,2,6,7,0.875,0.3767701612564367,0.5435644431995964
R_007163,4,0.0016,3.248886604156073e-05,0,1628,0,1628,6,1,3,6,1.0,-0.0,0.0
R_007164,6,0.0024,4.1935173740838425e-05,0,1559,4,1559,5,1,1,5,1.0,-0.0,0.0
R_007165,9,0.0036,5.734248080673181e-05,0,1559,4,1559,7,1,1,7,1.0,-0.0,0.0
R_007166,5,0.002,3.81485012857496e-05,0,1550,5,1550,5,1,0,5,1.0,-0.0,0.0
R_007167,5,0.002,3.8339614658664976e-05,0,1550,5,1550,6,1,0,6,1.0,-0.0,0.0
R_007168,6,0.0024,4.41669229657161e-05,0,1550,5,1550,8,1,0,8,1.0,-0.0,0.0
R_007169,1,0.0004,1.6922094677332345e-05,0,3102,1,1571,5,3,7,3,0.6,0.9502705392332348,0.8649735207179272
R_007170,5,0.002,3.594660779815901e-05,0,3102,6,1531,5,1,2,5,1.0,-0.0,0.0
R_007171,9,0.0036,5.4622941237720577e-05,0,1505,7,1505,6,1,4,6,1.0,-0.0,0.0
R_007172,5,0.002,3.631720284516532e-05,0,3102,6,1531,6,1,2,6,1.0,-0.0,0.0
R_007173,8,0.0032,5.42358104109868e-05,0,1550,5,1550,8,1,0,8,1.0,-0.0,0.0
R_007174,8,0.0032,4.9505904244744316e-05,0,3102,1,1571,6,3,7,3,0.5,1.0114042647073518,0.920619835714305
R_007175,10,0.004,6.66125204222408e-05,0,1565,2,1565,8,2,5,7,0.875,0.3767701612564367,0.5435644431995964
R_007176,13,0.0052,8.408684295947561e-05,0,1565,2,1565,7,2,5,6,0.8571428571428571,0.410116318288409,0.5916727785823274
R_007177,6,0.0024,4.210920388567207e-05,0,1562,3,1562,6,3,6,4,0.6666666666666666,0.8675632284814612,0.7896900821428474
R_007178,13,0.0052,7.364615270913645e-05,0,3102,1,1571,7,3,7,4,0.5714285714285714,0.9556998911125344,0.8699155297736259
R_007179,9,0.0036,5.824409275769638e-05,0,1628,0,1628,7,1,3,7,1.0,-0.0,0.0
R_007180,6,0.0024,4.060126966899192e-05,0,1505,7,1505,7,1,4,7,1.0,-0.0,0.0
R_007181,10,0.004,6.258200740966832e-05,0,1628,0,1628,8,1,3,8,1.0,-0.0,0.0
R_007182,10,0.004,6.364909928328374e-05,0,1628,0,1628,7,1,3,7,1.0,-0.0,0.0
R_007183,5,0.002,3.764964084815083e-05,0,1562,3,1562,5,2,6,4,0.8,0.5004024235381879,0.7219280948873623
R_007184,10,0.004,6.715413022681109e-05,0,1565,2,1565,8,1,5,8,1.0,-0.0,0.0
R_007185,4,0.0016,3.324675722045024e-05,0,1550,5,1550,5,1,0,5,1.0,-0.0,0.0
R_007186,6,0.0024,4.532535907487862e-05,0,1565,2,1565,6,2,5,5,0.8333333333333334,0.4505612088663046,0.6500224216483541
R_007187,5,0.002,3.624691468742655e-05,0,3102,1,1571,6,3,7,4,0.6666666666666666,0.8675632284814612,0.7896900821428474
R_007188,2,0.0008,2.2136286051914987e-05,0,1559,4,1559,7,1,1,7,1.0,-0.0,0.0
R_007189,4,0.0016,3.123799970568662e-05,0,1505,7,1505,6,1,4,6,1.0,-0.0,0.0
R_007190,10,0.004,6.0562782752536e-05,0,3102,6,1531,7,1,2,7,1.0,-0.0,0.0
R_007191,3,0.0012,2.7105249733585047e-05,0,1562,3,1562,6,1,6,6,1.0,-0.0,0.0
R_007192,11,0.0044,6.506192654504756e-05,0,3102,6,1531,7,1,2,7,1.0,-0.0,0.0
R_007193,6,0.0024,4.075804025181587e-05,0,1505,7,1505,6,1,4,6,1.0,-0.0,0.0
R_007194,6,0.0024,4.2337911081832765e-05,0,1562,3,1562,6,2,6,5,0.8333333333333334,0.4505612088663046,0.6500224216483541
R_007195,10,0.004,5.9130065922334375e-05,0,1505,7,1505,8,1,4,8,1.0,-0.0,0.0
R_007196,12,0.0048,6.897104211603093e-05,0,1505,7,1505,8,1,4,8,1.0,-0.0,0.0
R_007197,5,0.002,3.714700473305461e-05,0,1559,4,1559,5,1,1,5,1.0,-0.0,0.0
R_007198,21,0.0084,0.00011368179724709522,0,3102,6,1531,8,1,2,8,1.0,-0.0,0.0
R_007199,3,0.0012,2.782202029336423e-05,0,1562,3,1562,6,2,6,5,0.8333333333333334,0.4505612088663046,0.6500224216483541
R_007200,6,0.0024,4.043034628107469e-05,0,1505,7,1505,5,1,4,5,1.0,-0.0,0.0
R_007201,8,0.0032,5.6890016180062165e-05,0,1565,2,1565,6,1,5,6,1.0,-0.0,0.0
R_007202,4,0.0016,3.222772800190426e-05,0,1559,4,1559,5,1,1,5,1.0,-0.0,0.0
R_007203,17,0.0068,9.962068455241699e-05,0,1628,0,1628,8,1,3,8,1.0,-0.0,0.0
R_007204,28,0.0112,0.00015065283885150416,0,1562,3,1562,8,3,6,6,0.75,0.7356219397587946,0.6695919455357792
R_007205,5,0.002,3.544102221231863e-05,0,3102,1,1571,5,2,7,4,0.8,0.5004024235381879,0.7219280948873623
R_007206,6,0.0024,4.1558456231774484e-05,0,1559,4,1559,7,1,1,7,1.0,-0.0,0.0
R_007207,2,0.0008,2.214369441889116e-05,0,1559,4,1559,5,1,1,5,1.0,-0.0,0.0
R_007208,7,0.0028,4.495555919134095e-05,0,1505,7,1505,6,1,4,6,1.0,-0.0,0.0
R_007209,9,0.0036,6.178635648861816e-05,0,1565,2,1565,7,1,5,7,1.0,-0.0,0.0
R_007210,11,0.0044,7.167447952119007e-05,0,1565,2,1565,7,2,5,6,0.8571428571428571,0.410116318288409,0.5916727785823274
R_007211,11,0.0044,6.476177688192351e-05,0,3102,1,1571,6,3,7,3,0.5,1.0114042647073518,0.920619835714305
R_007212,7,0.0028,4.818011238437876e-05,0,1628,0,1628,5,1,3,5,1.0,-0.0,0.0
R_007213,5,0.002,3.6720942748179755e-05,0,1562,3,1562,5,2,6,4,0.8,0.5004024235381879,0.7219280948873623
R_007214,7,0.0028,4.686942526282362e-05,0,1562,3,1562,6,3,6,4,0.6666666666666666,0.8675632284814612,0.7896900821428474
R_007215,7,0.0028,4.5273976360053094e-05,0,3102,1,1571,7,3,7,4,0.5714285714285714,0.9556998911125344,0.8699155297736259
R_007216,2,0.0008,2.238703461008847e-05,0,1559,4,1559,5,1,1,5,1.0,-0.0,0.0
R_007217,17,0.0068,9.912669619855539e-05,0,1628,0,1628,8,1,3,8,1.0,-0.0,0.0
R_007218,1,0.0004,1.7428065495845855e-05,0,1550,5,1550,5,1,0,5,1.0,-0.0,0.0
R_007219,6,0.0024,4.247224142186496e-05,0,1559,4,1559,5,1,1,5,1.0,-0.0,0.0
R_007220,15,0.006,8.230250524116142e-05,0,3102,1,1571,8,4,7,4,0.5,1.2130075659799042,0.875
R_007221,14,0.0056,8.179974084938036e-05,0,1559,4,1559,8,1,1,8,1.0,-0.0,0.0
R_007222,4,0.0016,3.1318543392739924e-05,0,3102,6,1531,5,1,2,5,1.0,-0.0,0.0
R_007223,2,0.0008,2.175988456783517e-05,0,1505,7,1505,5,1,4,5,1.0,-0.0,0.0
R_007224,3,0.0012,2.6773560975706205e-05,0,1505,7,1505,5,1,4,5,1.0,-0.0,0.0
R_007225,7,0.0028,4.745449148090037e-05,0,1562,3,1562,5,3,6,3,0.6,0.9502705392332348,0.8649735207179272
R_007226,6,0.0024,4.5261688206433105e-05,0,1565,2,1565,7,1,5,7,1.0,-0.0,0.0
R_007227,7,0.0028,4.834972538276986e-05,0,1628,0,1628,7,1,3,7,1.0,-0.0,0.0
R_007228,4,0.0016,3.196315915648926e-05,0,1559,4,1559,6,1,1,6,1.0,-0.0,0.0
R_007229,7,0.0028,4.688043706667581e-05,0,1559,4,1559,6,1,1,6,1.0,-0.0,0.0
R_007230,7,0.0028,4.585800723111374e-05,0,3102,6,1531,6,1,2,6,1.0,-0.0,0.0
R_007231,6,0.0024,3.991656666820515e-05,0,1505,7,1505,6,1,4,6,1.0,-0.0,0.0
R_007232,2,0.0008,2.256157663018898e-05,0,1550,5,1550,5,1,0,5,1.0,-0.0,0.0
R_007233,7,0.0028,5.004559479683437e-05,0,1565,2,1565,6,2,5,5,0.8333333333333334,0.4505612088663046,0.6500224216483541
R_007234,9,0.0036,5.9268414605023655e-05,0,1550,5,1550,5,1,0,5,1.0,-0.0,0.0
R_007235,6,0.0024,4.5505396562497906e-05,0,1565,2,1565,8,2,5,7,0.875,0.3767701612564367,0.5435644431995964
R_007236,7,0.0028,4.76638291592287e-05,0,1628,0,1628,6,1,3,6,1.0,-0.0,0.0
R_007237,8,0.0032,5.175158730802523e-05,0,1562,3,1562,6,3,6,4,0.6666666666666666,0.8675632284814612,0.7896900821428474
R_007238,5,0.002,3.774808125588277e-05,0,1628,0,1628,7,1,3,7,1.0,-0.0,0.0
R_007239,2,0.0008,2.221753456121057e-05,0,1562,3,1562,5,3,6,3,0.6,0.9502705392332348,0.8649735207179272
R_007240,1,0.0004,1.7481633622157906e-05,0,1550,5,1550,5,1,0,5,1.0,-0.0,0.0
R_007241,5,0.002,3.822862630020476e-05,0,1628,0,1628,6,1,3,6,1.0,-0.0,0.0
R_007242,12,0.0048,6.834072414865051e-05,0,3102,1,1571,7,3,7,4,0.5714285714285714,0.9556998911125344,0.8699155297736259
R_007243,13,0.0052,7.417796685418636e-05,0,3102,1,1571,7,4,7,4,0.5714285714285714,1.1537419427010902,0.8322488896002307
R_007244,8,0.0032,5.4290255041455827e-05,0,1550,5,1550,7,1,0,7,1.0,-0.0,0.0
R_007245,7,0.0028,4.7379219484581316e-05,0,1559,4,1559,6,1,1,6,1.0,-0.0,0.0
R_007246,13,0.0052,7.445462525397924e-05,0,3102,6,1531,7,1,2,7,1.0,-0.0,0.0
R_007247,5,0.002,3.971825097587524e-05,0,1565,2,1565,5,2,5,4,0.8,0.5004024235381879,0.7219280948873623
R_007248,3,0.0012,2.8219220026578522e-05,0,1550,5,1550,6,1,0,6,1.0,-0.0,0.0
R_007249,4,0.0016,3.25969862195146e-05,0,1628,0,1628,5,1,3,5,1.0,-0.0,0.0
R_007250,18,0.0072,9.657888838298622e-05,0,1505,7,1505,8,1,4,8,1.0,-0.0,0.0
R_007251,8,0.0032,5.202874054559889e-05,0,1562,3,1562,5,3,6,3,0.6,0.9502705392332348,0.8649735207179272
R_007252,14,0.0056,8.387124283797935e-05,0,1628,0,1628,7,1,3,7,1.0,-0.0,0.0
R_007253,13,0.0052,7.70321594063977e-05,0,1562,3,1562,8,3,6,6,0.75,0.7356219397587946,0.6695919455357792
R_007254,14,0.0056,8.04421966405953e-05,0,3102,6,1531,6,1,2,6,1.0,-0.0,0.0
R_007255,5,0.002,3.9662503945143584e-05,0,1565,2,1565,7,2,5,6,0.8571428571428571,0.410116318288409,0.5916727785823274
R_007256,16,0.0064,8.784378067495225e-05,0,3102,1,1571,7,3,7,4,0.5714285714285714,0.9556998911125344,0.8699155297736259
R_007257,5,0.002,3.6210358969884634e-05,0,1505,7,1505,6,1,4,6,1.0,-0.0,0.0
R_007258,2,0.0008,2.1588709072567424e-05,0,3102,6,1531,5,1,2,5,1.0,-0.0,0.0
R_007259,9,0.0036,6.077463479805189e-05,0,1565,2,1565,8,1,5,8,1.0,-0.0,0.0
R_007260,8,0.0032,5.379594347896825e-05,0,1550,5,1550,8,1,0,8,1.0,-0.0,0.0
R_007261,9,0.0036,5.4504510205853774e-05,0,1505,7,1505,8,1,4,8,1.0,-0.0,0.0
R_007262,4,0.0016,3.437066336914225e-05,0,1565,2,1565,5,1,5,5,1.0,-0.0,0.0
R_007263,17,0.0068,9.860662049434138e-05,0,1628,0,1628,8,1,3,8,1.0,-0.0,0.0
R_007264,11,0.0044,6.95314847925956e-05,0,1550,5,1550,7,1,0,7,1.0,-0.0,0.0
R_007265,12,0.0048,7.751946314715553e-05,0,1565,2,1565,6,1,5,6,1.0,-0.0,0.0
R_007266,12,0.0048,7.494053292802914e-05,0,1550,5,1550,7,1,0,7,1.0,-0.0,0.0
R_007267,4,0.0016,3.1235360164776165e-05,0,3102,6,1531,7,1,2,7,1.0,-0.0,0.0
R_007268,7,0.0028,4.69069721105151e-05,0,1559,4,1559,7,1,1,7,1.0,-0.0,0.0
R_007269,7,0.0028,4.5895968976625534e-05,0,3102,1,1571,7,4,7,4,0.5714285714285714,1.1537419427010902,0.8322488896002307
R_007270,11,0.0044,6.826024971886649e-05,0,1559,4,1559,6,1,1,6,1.0,-0.0,0.0
R_007271,7,0.0028,4.577069546446037e-05,0,3102,1,1571,6,3,7,4,0.6666666666666666,0.8675632284814612,0.7896900821428474
R_007272,8,0.0032,5.0772134470617856e-05,0,3102,1,1571,6,3,7,4,0.6666666666666666,0.8675632284814612,0.7896900821428474
R_007273,9,0.0036,5.651813106525307e-05,0,1559,4,1559,5,1,1,5,1.0,-0.0,0.0
R_007274,6,0.0024,4.0769362960207377e-05,0,1505,7,1505,5,1,4,5,1.0,-0.0,0.0
R_007275,27,0.0108,0.0001399042139640956,0,3102,1,1571,8,4,7,5,0.625,1.073542846408523,0.7743974703476992
R_007276,3,0.0012,2.793007389722328e-05,0,1550,5,1550,5,1,0,5,1.0,-0.0,0.0
R_007277,10,0.004,6.705339689200435e-05,0,1565,2,1565,8,2,5,7,0.875,0.3767701612564367,0.5435644431995964
R_007278,10,0.004,6.376409289901843e-05,0,1628,0,1628,7,1,3,7,1.0,-0.0,0.0
R_007279,8,0.0032,5.2188841655985957e-05,0,1562,3,1562,7,3,6,5,0.7142857142857143,0.796311640173813,0.7248340915057598
R_007280,5,0.002,3.626306910734708e-05,0,3102,6,1531,5,1,2,5,1.0,-0.0,0.0
R_007281,5,0.002,3.8791795123027934e-05,0,1550,5,1550,7,1,0,7,1.0,-0.0,0.0
R_007282,5,0.002,3.782793023030726e-05,0,1562,3,1562,8,3,6,6,0.75,0.7356219397587946,0.6695919455357792
R_007283,4,0.0016,3.4551029099361154e-05,0,1565,2,1565,8,2,5,7,0.875,0.3767701612564367,0.5435644431995964
R_007284,4,0.0016,3.292897541305637e-05,0,1550,5,1550,6,1,0,6,1.0,-0.0,0.0
R_007285,6,0.0024,4.1619485853825924e-05,0,3102,6,1531,6,1,2,6,1.0,-0.0,0.0
R_007286,26,0.0104,0.0001489609059713417,0,1550,5,1550,7,1,0,7,1.0,-0.0,0.0
R_007287,15,0.006,8.297402780719168e-05,0,3102,1,1571,8,4,7,4,0.5,1.2130075659799042,0.875
R_007288,7,0.0028,4.554042780604302e-05,0,3102,1,1571,6,3,7,4,0.6666666666666666,0.8675632284814612,0.7896900821428474
R_007289,8,0.0032,5.043978330411696e-05,0,3102,1,1571,8,4,7,5,0.625,1.073542846408523,0.7743974703476992
R_007290,9,0.0036,5.5324817444842096e-05,0,3102,6,1531,7,1,2,7,1.0,-0.0,0.0
R_007291,1,0.0004,1.783770028353385e-05,0,1565,2,1565,5,2,5,4,0.8,0.5004024235381879,0.7219280948873623
R_007292,11,0.0044,7.072262555837462e-05,0,1550,5,1550,7,1,0,7,1.0,-0.0,0.0
R_007293,5,0.002,3.999747920196871e-05,0,1565,2,1565,6,2,5,5,0.8333333333333334,0.4505612088663046,0.6500224216483541
R_007294,18,0.0072,0.00010171508433863227,0,1559,4,1559,8,1,1,8,1.0,-0.0,0.0
R_007295,9,0.0036,5.543186157623143e-05,0,3102,6,1531,6,1,2,6,1.0,-0.0,0.0
R_007296,9,0.0036,5.570437464745905e-05,0,3102,6,1531,8,1,2,8,1.0,-0.0,0.0
R_007297,4,0.0016,3.2946989233337456e-05,0,1562,3,1562,8,1,6,8,1.0,-0.0,0.0
R_007298,8,0.0032,5.552498475713443e-05,0,1565,2,1565,6,2,5,5,0.8333333333333334,0.4505612088663046,0.6500224216483541
R_007299,12,0.0048,7.779798329137013e-05,0,1565,2,1565,8,2,5,7,0.875,0.3767701612564367,0.5435644431995964
R_007300,8,0.0032,5.199975664531214e-05,0,1562,3,1562,7,3,6,5,0.7142857142857143,0.796311640173813,0.7248340915057598
R_007301,7,0.0028,4.525342843178952e-05,0,3102,1,1571,5,3,2,2,0.4,1.0549201679861442,0.9602297178607612
R_007302,3,0.0012,2.7019724431044252e-05,0,1562,3,1562,5,3,6,3,0.6,0.9502705392332348,0.8649735207179272
R_007303,3,0.0012,2.719678573028974e-05,0,1559,4,1559,7,1,1,7,1.0,-0.0,0.0
R_007304,20,0.008,0.00012099757840474187,0,1565,2,1565,6,1,5,6,1.0,-0.0,0.0
R_007305,9,0.0036,5.735824264444736e-05,0,1559,4,1559,7,1,1,7,1.0,-0.0,0.0
R_007306,10,0.004,6.0041409263701274e-05,0,3102,6,1531,6,1,2,6,1.0,-0.0,0.0
R_007307,5,0.002,3.749405699404023e-05,0,1559,4,1559,6,1,1,6,1.0,-0.0,0.0
R_007308,10,0.004,6.195109665171624e-05,0,1559,4,1559,6,1,1,6,1.0,-0.0,0.0
R_007309,14,0.0056,7.911068495176151e-05,0,1505,7,1505,8,1,4,8,1.0,-0.0,0.0
R_007310,4,0.0016,3.130839394373895e-05,0,1505,7,1505,6,1,4,6,1.0,-0.0,0.0
R_007311,14,0.0056,7.950532344601812e-05,0,3102,6,1531,8,1,2,8,1.0,-0.0,0.0
R_007312,10,0.004,5.969129799875176e-05,0,1505,7,1505,6,1,4,6,1.0,-0.0,0.0
R_007313,12,0.0048,7.317401416480164e-05,0,1628,0,1628,8,1,3,8,1.0,-0.0,0.0
R_007314,5,0.002,3.6234164400334226e-05,0,3102,1,1571,6,3,7,3,0.5,1.0114042647073518,0.920619835714305
R_007315,5,0.002,3.661018484670638e-05,0,3102,6,1531,5,1,2,5,1.0,-0.0,0.0
R_007316,8,0.0032,5.266943505416856e-05,0,1562,3,1562,7,2,6,6,0.8571428571428571,0.410116318288409,0.5916727785823274
R_007317,9,0.0036,5.6805748785004604e-05,0,1559,4,1559,7,1,1,7,1.0,-0.0,0.0
R_007318,5,0.002,3.668335472114511e-05,0,1562,3,1562,5,3,6,3,0.6,0.9502705392332348,0.8649735207179272
R_007319,9,0.0036,5.5518150714283575e-05,0,3102,6,1531,6,1,2,6,1.0,-0.0,0.0
R_007320,7,0.0028,4.761603154161894e-05,0,1562,3,1562,7,3,6,5,0.7142857142857143,0.796311640173813,0.7248340915057598
R_007321,6,0.0024,4.140573395989876e-05,0,3102,1,1571,6,4,2,2,0.3333333333333333,1.3296613488547582,0.9591479170272448
R_007322,5,0.002,3.548909770063553e-05,0,1505,7,1505,7,1,4,7,1.0,-0.0,0.0
R_007323,8,0.0032,5.0351923914072316e-05,0,3102,1,1571,5,4,7,2,0.4,1.3321790402101223,0.9609640474436812
R_007324,4,0.0016,3.311196383856226e-05,0,1559,4,1559,5,1,1,5,1.0,-0.0,0.0
R_007325,5,0.002,3.730287785399503e-05,0,1628,0,1628,8,1,3,8,1.0,-0.0,0.0
R_007326,7,0.0028,4.840938153812021e-05,0,1562,3,1562,6,3,6,4,0.6666666666666666,0.8675632284814612,0.7896900821428474
R_007327,8,0.0032,5.3470138120414765e-05,0,1628,0,1628,6,1,3,6,1.0,-0.0,0.0
R_007328,4,0.0016,3.378772798923937e-05,0,1565,2,1565,5,2,5,4,0.8,0.5004024235381879,0.7219280948873623
R_007329,26,0.0104,0.0001362661257071936,0,3102,1,1571,7,3,7,5,0.7142857142857143,0.796311640173813,0.7248340915057598
R_007330,6,0.0024,4.090136702089938e-05,0,3102,6,1531,6,1,2,6,1.0,-0.0,0.0
R_007331,11,0.0044,6.753805952158872e-05,0,1628,0,1628,8,1,3,8,1.0,-0.0,0.0
R_007332,6,0.0024,4.531002687346328e-05,0,1565,2,1565,7,1,5,7,1.0,-0.0,0.0
R_007333,2,0.0008,2.2537383978034062e-05,0,1559,4,1559,6,1,1,6,1.0,-0.0,0.0
R_007334,4,0.0016,3.2624002612552954e-05,0,1628,0,1628,6,1,3,6,1.0,-0.0,0.0
R_007335,4,0.0016,3.2366696191101785e-05,0,1559,4,1559,5,1,1,5,1.0,-0.0,0.0
R_007336,10,0.004,6.0286154284219296e-05,0,3102,1,1571,8,4,7,5,0.625,1.073542846408523,0.7743974703476992
R_007337,5,0.002,3.7482942365738996e-05,0,1562,3,1562,6,2,6,5,0.8333333333333334,0.4505612088663046,0.6500224216483541
R_007338,8,0.0032,5.405939935238686e-05,0,1550,5,1550,8,1,0,8,1.0,-0.0,0.0
R_007339,8,0.0032,5.4005512660791737e-05,0,1550,5,1550,7,1,0,7,1.0,-0.0,0.0
R_007340,9,0.0036,5.892598937264955e-05,0,1550,5,1550,7,1,0,7,1.0,-0.0,0.0
R_007341,0,0.0,1.2023710757614017e-05,1,1,28,1,5,1,5,5,1.0,-0.0,0.0
R_007342,10,0.004,5.8941683137753624e-05,0,1505,7,1505,8,1,4,8,1.0,-0.0,0.0
R_007343,6,0.0024,4.3823559444514596e-05,0,1550,5,1550,6,1,0,6,1.0,-0.0,0.0
R_007344,8,0.0032,5.187603895301482e-05,0,1562,3,1562,7,3,6,5,0.7142857142857143,0.796311640173813,0.7248340915057598
R_007345,2,0.0008,2.3350961542850535e-05,0,1565,2,1565,7,1,5,7,1.0,-0.0,0.0
R_007346,10,0.004,6.204535206399966e-05,0,1562,3,1562,8,3,6,6,0.75,0.7356219397587946,0.6695919455357792
R_007347,10,0.004,6.355829970671592e-05,0,1628,0,1628,8,1,3,8,1.0,-0.0,0.0
R_007348,12,0.0048,6.932391794368227e-05,0,3102,1,1571,7,4,7,4,0.5714285714285714,1.1537419427010902,0.8322488896002307
R_007349,6,0.0024,4.185009079308345e-05,0,1559,4,1559,8,1,1,8,1.0,-0.0,0.0
R_007350,5,0.002,3.7991341346275196e-05,0,1559,4,1559,6,1,1,6,1.0,-0.0,0.0
R_007351,3,0.0012,2.6813952238615188e-05,0,3102,6,1531,5,1,2,5,1.0,-0.0,0.0
R_007352,11,0.0044,6.720675648158184e-05,0,1559,4,1559,5,1,1,5,1.0,-0.0,0.0
R_007353,10,0.004,6.412498248639453e-05,0,1550,5,1550,7,1,0,7,1.0,-0.0,0.0
R_007354,16,0.0064,9.50269839311314e-05,0,1550,5,1550,8,1,0,8,1.0,-0.0,0.0
R_007355,13,0.0052,7.381711950705176e-05,0,3102,1,1571,8,4,7,5,0.625,1.073542846408523,0.7743974703476992
R_007356,7,0.0028,4.897260970014603e-05,0,1550,5,1550,6,1,0,6,1.0,-0.0,0.0
R_007357,6,0.0024,4.05070840573293e-05,0,3102,6,1531,5,1,2,5,1.0,-0.0,0.0
R_007358,6,0.0024,4.5372457325728806e-05,0,1565,2,1565,6,2,5,5,0.8333333333333334,0.4505612088663046,0.6500224216483541
R_007359,6,0.0024,4.2070184215485424e-05,0,1559,4,1559,7,1,1,7,1.0,-0.0,0.0
R_007360,6,0.0024,4.141271697539609e-05,0,1505,7,1505,7,1,4,7,1.0,-0.0,0.0
R_007361,6,0.0024,4.317342881709882e-05,0,1628,0,1628,6,1,3,6,1.0,-0.0,0.0
R_007362,10,0.004,6.357988915115081e-05,0,1628,0,1628,7,1,3,7,1.0,-0.0,0.0
R_007363,16,0.0064,9.150617056499625e-05,0,1562,3,1562,7,2,6,6,0.8571428571428571,0.410116318288409,0.5916727785823274
R_007364,10,0.004,5.924682176150185e-05,0,1505,7,1505,6,1,4,6,1.0,-0.0,0.0
R_007365,6,0.0024,4.495984115113162e-05,0,1565,2,1565,8,2,5,7,0.875,0.3767701612564367,0.5435644431995964
R_007366,4,0.0016,3.216323089991205e-05,0,1559,4,1559,5,1,1,5,1.0,-0.0,0.0
R_007367,9,0.0036,5.519975806792611e-05,0,3102,6,1531,7,1,2,7,1.0,-0.0,0.0
R_007368,6,0.0024,4.022359511899429e-05,0,3102,1,1571,6,2,7,4,0.6666666666666666,0.6365141682948128,0.9182958340544894
R_007369,6,0.0024,4.101328230813547e-05,0,3102,6,1531,7,1,2,7,1.0,-0.0,0.0
R_007370,10,0.004,6.412983608831734e-05,0,1628,0,1628,8,1,3,8,1.0,-0.0,0.0
R_007371,3,0.0012,2.6220117654800653e-05,0,1505,7,1505,5,1,4,5,1.0,-0.0,0.0
R_007372,3,0.0012,2.8333714228113624e-05,0,1565,2,1565,5,1,5,5,1.0,-0.0,0.0
R_007373,6,0.0024,4.2421250223632985e-05,0,1562,3,1562,6,1,6,6,1.0,-0.0,0.0
R_007374,6,0.0024,4.0738806085195536e-05,0,3102,1,1571,5,4,7,2,0.4,1.3321790402101223,0.9609640474436812
R_007375,10,0.004,5.904372331388512e-05,0,1505,7,1505,8,1,4,8,1.0,-0.0,0.0
R_007376,8,0.0032,5.08003844878108e-05,0,3102,6,1531,6,1,2,6,1.0,-0.0,0.0
R_007377,14,0.0056,8.276821066132129e-05,0,1628,0,1628,8,1,3,8,1.0,-0.0,0.0
R_007378,11,0.0044,6.377805526216512e-05,0,1505,7,1505,7,1,4,7,1.0,-0.0,0.0
R_007379,4,0.0016,3.44395883818832e-05,0,1565,2,1565,5,2,5,4,0.8,0.5004024235381879,0.7219280948873623
R_007380,7,0.0028,4.607502269112808e-05,0,3102,6,1531,7,1,2,7,1.0,-0.0,0.0
R_007381,3,0.0012,2.735393054761154e-05,0,1559,4,1559,8,1,1,8,1.0,-0.0,0.0
R_007382,10,0.004,6.142315817360141e-05,0,1559,4,1559,7,1,1,7,1.0,-0.0,0.0
R_007383,6,0.0024,4.455730664455185e-05,0,1565,2,1565,6,1,5,6,1.0,-0.0,0.0
R_007384,15,0.006,8.707610386769171e-05,0,1559,4,1559,8,1,1,8,1.0,-0.0,0.0
R_007385,10,0.004,6.333416641879595e-05,0,1628,0,1628,7,1,3,7,1.0,-0.0,0.0
R_007386,8,0.0032,5.048632529394031e-05,0,3102,6,1531,6,1,2,6,1.0,-0.0,0.0
R_007387,7,0.0028,4.5073581362627296e-05,0,3102,6,1531,7,1,2,7,1.0,-0.0,0.0
R_007388,7,0.0028,4.6989754600742806e-05,0,1562,3,1562,7,2,6,6,0.8571428571428571,0.410116318288409,0.5916727785823274
R_007389,3,0.0012,2.650271605946534e-05,0,1505,7,1505,5,1,4,5,1.0,-0.0,0.0
R_007390,19,0.0076,0.00010756531521831715,0,1559,4,1559,8,1,1,8,1.0,-0.0,0.0
R_007391,7,0.0028,4.812161789517673e-05,0,1628,0,1628,5,1,3,5,1.0,-0.0,0.0
R_007392,5,0.002,3.753417481720501e-05,0,1559,4,1559,6,1,1,6,1.0,-0.0,0.0
R_007393,18,0.0072,0.00010502328366840189,0,1628,0,1628,8,1,3,8,1.0,-0.0,0.0
R_007394,4,0.0016,3.385054532304597e-05,0,1565,2,1565,6,2,5,5,0.8333333333333334,0.4505612088663046,0.6500224216483541
R_007395,3,0.0012,2.8214799243526245e-05,0,1628,0,1628,5,1,3,5,1.0,-0.0,0.0
R_007396,6,0.0024,4.005722852561527e-05,0,1505,7,1505,5,1,4,5,1.0,-0.0,0.0
R_007397,18,0.0072,0.0001015612381168211,0,1559,4,1559,7,1,1,7,1.0,-0.0,0.0
R_007398,6,0.0024,4.541277936274889e-05,0,1565,2,1565,5,2,5,4,0.8,0.5004024235381879,0.7219280948873623
R_007399,9,0.0036,5.474353132441432e-05,0,1505,7,1505,6,1,4,6,1.0,-0.0,0.0
R_007400,12,0.0048,7.424200912767085e-05,0,1550,5,1550,7,1,0,7,1.0,-0.0,0.0
R_007401,11,0.0044,6.689860550027628e-05,0,1559,4,1559,8,1,1,8,1.0,-0.0,0.0
R_007402,5,0.002,3.9696261121833216e-05,0,1565,2,1565,8,2,5,7,0.875,0.3767701612564367,0.5435644431995964
R_007403,6,0.0024,4.0622772597707095e-05,0,3102,6,1531,6,1,2,6,1.0,-0.0,0.0
R_007404,9,0.0036,5.7673724243403864e-05,0,1562,3,1562,8,3,6,6,0.75,0.7356219397587946,0.6695919455357792
R_007405,30,0.012,0.00017105043264956376,0,1550,5,1550,8,1,0,8,1.0,-0.0,0.0
R_007406,14,0.0056,8.87069147589121e-05,0,1565,2,1565,8,2,5,7,0.875,0.3767701612564367,0.5435644431995964
R_007407,9,0.0036,5.738672506480724e-05,0,1559,4,1559,7,1,1,7,1.0,-0.0,0.0
R_007408,13,0.0052,7.86760812458105e-05,0,1628,0,1628,7,1,3,7,1.0,-0.0,0.0
R_007409,4,0.0016,3.138965064757506e-05,0,1505,7,1505,5,1,4,5,1.0,-0.0,0.0
R_007410,8,0.0032,5.008828546944287e-05,0,1505,7,1505,6,1,4,6,1.0,-0.0,0.0
R_007411,9,0.0036,6.0533202043810086e-05,0,1550,5,1550,8,1,0,8,1.0,-0.0,0.0
R_007412,6,0.0024,4.157993622432376e-05,0,1562,3,1562,6,3,6,4,0.6666666666666666,0.8675632284814612,0.7896900821428474
R_007413,8,0.0032,5.41135924055907e-05,0,1550,5,1550,7,1,0,7,1.0,-0.0,0.0
R_007414,4,0.0016,3.1324681761608234e-05,0,3102,6,1531,5,1,2,5,1.0,-0.0,0.0
R_007415,4,0.0016,3.1131371665439836e-05,0,3102,1,1571,5,3,7,3,0.6,0.9502705392332348,0.8649735207179272
R_007416,8,0.0032,5.584310906030593e-05,0,1565,2,1565,7,2,5,6,0.8571428571428571,0.410116318288409,0.5916727785823274
R_007417,8,0.0032,5.039058930948106e-05,0,3102,6,1531,7,1,2,7,1.0,-0.0,0.0
R_007418,12,0.0048,7.75923431401246e-05,0,1565,2,1565,8,2,5,7,0.875,0.3767701612564367,0.5435644431995964
R_007419,7,0.0028,4.558598077796952e-05,0,3102,1,1571,8,4,7,5,0.625,1.073542846408523,0.7743974703476992
R_007420,3,0.0012,2.754325006438381e-05,0,1628,0,1628,5,1,3,5,1.0,-0.0,0.0
R_007421,9,0.0036,5.853516097956825e-05,0,1628,0,1628,6,1,3,6,1.0,-0.0,0.0
R_007422,22,0.0088,0.0001172969141808594,0,3102,6,1531,8,1,2,8,1.0,-0.0,0.0
R_007423,4,0.0016,3.438324442184613e-05,0,1565,2,1565,5,1,5,5,1.0,-0.0,0.0
R_007424,6,0.0024,4.22709839186882e-05,0,1628,0,1628,8,1,3,8,1.0,-0.0,0.0
R_007425,20,0.008,0.00010528134851841927,0,1505,7,1505,8,1,4,8,1.0,-0.0,0.0
R_007426,7,0.0028,4.528395303503514e-05,0,1505,7,1505,7,1,4,7,1.0,-0.0,0.0
R_007427,8,0.0032,4.9934498146878165e-05,0,3102,1,1571,5,3,7,3,0.6,0.9502705392332348,0.8649735207179272
R_007428,10,0.004,6.309962314286467e-05,0,1628,0,1628,7,1,3,7,1.0,-0.0,0.0
R_007429,20,0.008,0.00010813172092614993,0,3102,6,1531,8,1,2,8,1.0,-0.0,0.0
R_007430,5,0.002,3.700404802327379e-05,0,1559,4,1559,7,1,1,7,1.0,-0.0,0.0
R_007431,17,0.0068,9.59042428218256e-05,0,1559,4,1559,8,1,1,8,1.0,-0.0,0.0
R_007432,11,0.0044,6.406362489440419e-05,0,1505,7,1505,6,1,4,6,1.0,-0.0,0.0
R_007433,6,0.0024,4.1096632827049234e-05,0,1505,7,1505,7,1,4,7,1.0,-0.0,0.0
R_007434,8,0.0032,5.283646595940157e-05,0,1562,3,1562,5,2,6,4,0.8,0.5004024235381879,0.7219280948873623
R_007435,3,0.0012,2.8347368087211283e-05,0,1550,5,1550,5,1,0,5,1.0,-0.0,0.0
R_007436,3,0.0012,2.7101039471694593e-05,0,1562,3,1562,6,2,6,5,0.8333333333333334,0.4505612088663046,0.6500224216483541
R_007437,5,0.002,3.747753618347667e-05,0,1559,4,1559,6,1,1,6,1.0,-0.0,0.0
R_007438,8,0.0032,5.484123301799887e-05,0,1550,5,1550,8,1,0,8,1.0,-0.0,0.0
R_007439,11,0.0044,7.05987504416642e-05,0,1550,5,1550,8,1,0,8,1.0,-0.0,0.0
R_007440,10,0.004,6.506533149807458e-05,0,1550,5,1550,7,1,0,7,1.0,-0.0,0.0
R_007441,9,0.0036,5.692490548078608e-05,0,1562,3,1562,7,2,6,6,0.8571428571428571,0.410116318288409,0.5916727785823274
R_007442,11,0.0044,7.238357512788167e-05,0,1565,2,1565,8,2,5,7,0.875,0.3767701612564367,0.5435644431995964
R_007443,20,0.008,0.00011165055375824938,0,1562,3,1562,7,3,6,5,0.7142857142857143,0.796311640173813,0.7248340915057598
R_007444,7,0.0028,4.619018999594954e-05,0,3102,1,1571,5,3,2,2,0.4,1.0549201679861442,0.9602297178607612
R_007445,9,0.0036,5.7279984336484126e-05,0,1562,3,1562,8,3,6,6,0.75,0.7356219397587946,0.6695919455357792
R_007446,3,0.0012,2.8766054586129374e-05,0,1565,2,1565,5,2,5,4,0.8,0.5004024235381879,0.7219280948873623
R_007447,7,0.0028,4.463450948297254e-05,0,3102,1,1571,7,3,7,4,0.5714285714285714,0.9556998911125344,0.8699155297736259
R_007448,4,0.0016,3.2664838426345635e-05,0,1562,3,1562,5,3,6,3,0.6,0.9502705392332348,0.8649735207179272
R_007449,8,0.0032,5.384033905795889e-05,0,1628,0,1628,8,1,3,8,1.0,-0.0,0.0
R_007450,6,0.0024,4.046003563066172e-05,0,3102,6,1531,5,1,2,5,1.0,-0.0,0.0
R_007451,11,0.0044,6.572835924566923e-05,0,3102,6,1531,8,1,2,8,1.0,-0.0,0.0
R_007452,4,0.0016,3.4257632835155644e-05,0,1565,2,1565,5,2,5,4,0.8,0.5004024235381879,0.7219280948873623
R_007453,4,0.0016,3.4997411490739876e-05,0,1565,2,1565,6,1,5,6,1.0,-0.0,0.0
R_007454,14,0.0056,7.86072632314378e-05,0,3102,6,1531,7,1,2,7,1.0,-0.0,0.0
R_007455,5,0.002,3.827155041095707e-05,0,1628,0,1628,5,1,3,5,1.0,-0.0,0.0
R_007456,3,0.0012,2.8774706236734606e-05,0,1565,2,1565,6,2,5,5,0.8333333333333334,0.4505612088663046,0.6500224216483541
R_007457,9,0.0036,5.5064374913125684e-05,0,1505,7,1505,6,1,4,6,1.0,-0.0,0.0
R_007458,6,0.0024,4.35559520666476e-05,0,1628,0,1628,5,1,3,5,1.0,-0.0,0.0
R_007459,4,0.0016,3.24304072951681e-05,0,1562,3,1562,5,2,6,4,0.8,0.5004024235381879,0.7219280948873623
R_007460,20,0.008,0.00010690792338813936,0,3102,1,1571,8,3,7,6,0.75,0.7356219397587946,0.6695919455357792
R_007461,3,0.0012,2.791101573133624e-05,0,1628,0,1628,8,1,3,8,1.0,-0.0,0.0
R_007462,7,0.0028,4.8694984617142313e-05,0,1550,5,1550,7,1,0,7,1.0,-0.0,0.0
R_007463,26,0.0104,0.00013591089500083843,0,3102,6,1531,8,1,2,8,1.0,-0.0,0.0
R_007464,7,0.0028,4.938329329651108e-05,0,1550,5,1550,7,1,0,7,1.0,-0.0,0.0
R_007465,3,0.0012,2.669483238644104e-05,0,3102,6,1531,5,1,2,5,1.0,-0.0,0.0
R_007466,3,0.0012,2.740717563393584e-05,0,1562,3,1562,5,1,6,5,1.0,-0.0,0.0
R_007467,11,0.0044,6.387700167166767e-05,0,3102,1,1571,8,3,7,5,0.625,0.9002560512685369,0.8194483718728035
R_007468,4,0.0016,3.1659503476126055e-05,0,1505,7,1505,5,1,4,5,1.0,-0.0,0.0
R_007469,3,0.0012,2.912196324064699e-05,0,1565,2,1565,5,2,5,4,0.8,0.5004024235381879,0.7219280948873623
R_007470,10,0.004,6.120983667182034e-05,0,1559,4,1559,7,1,1,7,1.0,-0.0,0.0
R_007471,11,0.0044,6.894639877956362e-05,0,1628,0,1628,6,1,3,6,1.0,-0.0,0.0
R_007472,6,0.0024,4.50414497613139e-05,0,1565,2,1565,6,2,5,5,0.8333333333333334,0.4505612088663046,0.6500224216483541
R_007473,11,0.0044,7.152957703305643e-05,0,1565,2,1565,7,2,5,6,0.8571428571428571,0.410116318288409,0.5916727785823274
R_007474,9,0.0036,5.724266533834199e-05,0,1559,4,1559,7,1,1,7,1.0,-0.0,0.0
R_007475,9,0.0036,5.4770937217814836e-05,0,3102,1,1571,8,3,7,5,0.625,0.9002560512685369,0.8194483718728035
R_007476,5,0.002,3.6038655763686404e-05,0,3102,1,1571,5,3,7,3,0.6,0.9502705392332348,0.8649735207179272
R_007477,4,0.0016,3.26940018268941e-05,0,1562,3,1562,5,2,6,4,0.8,0.5004024235381879,0.7219280948873623
R_007478,7,0.0028,4.706923127657142e-05,0,1562,3,1562,6,2,6,5,0.8333333333333334,0.4505612088663046,0.6500224216483541
R_007479,1,0.0004,1.7404525344358982e-05,0,1559,4,1559,5,1,1,5,1.0,-0.0,0.0
R_007480,9,0.0036,5.537356216962624e-05,0,1505,7,1505,6,1,4,6,1.0,-0.0,0.0
R_007481,9,0.0036,5.797118225810952e-05,0,1628,0,1628,6,1,3,6,1.0,-0.0,0.0
R_007482,5,0.002,3.8642349511053055e-05,0,1550,5,1550,7,1,0,7,1.0,-0.0,0.0
R_007483,7,0.0028,4.5566082480226456e-05,0,3102,1,1571,6,2,7,5,0.8333333333333334,0.4505612088663046,0.6500224216483541
R_007484,7,0.0028,4.6333470792822924e-05,0,3102,6,1531,6,1,2,6,1.0,-0.0,0.0
R_007485,12,0.0048,6.898780045394787e-05,0,3102,6,1531,8,1,2,8,1.0,-0.0,0.0
R_007486,7,0.0028,4.607016679607948e-05,0,3102,6,1531,8,1,2,8,1.0,-0.0,0.0
R_007487,8,0.0032,5.2051816474409234e-05,0,1562,3,1562,6,2,6,5,0.8333333333333334,0.4505612088663046,0.6500224216483541
R_007488,14,0.0056,8.273982337313357e-05,0,1559,4,1559,8,1,1,8,1.0,-0.0,0.0
R_007489,11,0.0044,6.434854021218564e-05,0,3102,1,1571,8,3,7,6,0.75,0.7356219397587946,0.6695919455357792
R_007490,8,0.0032,5.1700074327770314e-05,0,1559,4,1559,6,1,1,6,1.0,-0.0,0.0
R_007491,0,0.0,1.2023710757614017e-05,1,1,29,1,5,1,4,5,1.0,-0.0,0.0
R_007492,4,0.0016,3.271179686046074e-05,0,1559,4,1559,5,1,1,5,1.0,-0.0,0.0
R_007493,9,0.0036,5.521832176440091e-05,0,3102,6,1531,8,1,2,8,1.0,-0.0,0.0
R_007494,9,0.0036,5.428091151677041e-05,0,1505,7,1505,6,1,4,6,1.0,-0.0,0.0
R_007495,5,0.002,3.5963742937575224e-05,0,1505,7,1505,7,1,4,7,1.0,-0.0,0.0
R_007496,16,0.0064,9.447061415430454e-05,0,1628,0,1628,7,1,3,7,1.0,-0.0,0.0
R_007497,15,0.006,8.887411223105411e-05,0,1559,4,1559,8,1,1,8,1.0,-0.0,0.0
R_007498,4,0.0016,3.1576082721384285e-05,0,3102,6,1531,5,1,2,5,1.0,-0.0,0.0
R_007499,9,0.0036,5.87823648882621e-05,0,1628,0,1628,8,1,3,8,1.0,-0.0,0.0
R_007500,6,0.0024,4.515374083634713e-05,0,1565,2,1565,6,1,5,6,1.0,-0.0,0.0
R_007501,5,0.002,3.9304930419488594e-05,0,1565,2,1565,8,2,5,7,0.875,0.3767701612564367,0.5435644431995964
R_007502,7,0.0028,4.76936939930541e-05,0,1628,0,1628,7,1,3,7,1.0,-0.0,0.0
R_007503,7,0.0028,4.825008998908785e-05,0,1628,0,1628,5,1,3,5,1.0,-0.0,0.0
R_007504,26,0.0104,0.00013590298992549233,0,3102,6,1531,8,1,2,8,1.0,-0.0,0.0
R_007505,12,0.0048,7.253002633188406e-05,0,1559,4,1559,8,1,1,8,1.0,-0.0,0.0
R_007506,8,0.0032,5.212304177248816e-05,0,1559,4,1559,8,1,1,8,1.0,-0.0,0.0
R_007507,6,0.0024,4.077231618191664e-05,0,1505,7,1505,6,1,4,6,1.0,-0.0,0.0
R_007508,11,0.0044,6.468506947537866e-05,0,3102,1,1571,7,4,7,4,0.5714285714285714,1.1537419427010902,0.8322488896002307
R_007509,7,0.0028,4.5654910147207777e-05,0,3102,6,1531,7,1,2,7,1.0,-0.0,0.0
R_007510,3,0.0012,2.646754327827135e-05,0,3102,1,1571,5,3,7,3,0.6,0.9502705392332348,0.8649735207179272
R_007511,11,0.0044,7.000639655829826e-05,0,1550,5,1550,6,1,0,6,1.0,-0.0,0.0
R_007512,8,0.0032,5.251720261251271e-05,0,1628,0,1628,7,1,3,7,1.0,-0.0,0.0
R_007513,7,0.0028,4.622153515740164e-05,0,3102,6,1531,5,1,2,5,1.0,-0.0,0.0
R_007514,9,0.0036,5.7799593750176385e-05,0,1562,3,1562,7,2,6,6,0.8571428571428571,0.410116318288409,0.5916727785823274
R_007515,3,0.0012,2.7585336868481604e-05,0,1562,3,1562,6,3,6,4,0.6666666666666666,0.8675632284814612,0.7896900821428474
R_007516,4,0.0016,3.2141896855092514e-05,0,3102,6,1531,7,1,2,7,1.0,-0.0,0.0
R_007517,5,0.002,3.951341007544266e-05,0,1565,2,1565,6,2,5,5,0.8333333333333334,0.4505612088663046,0.6500224216483541
R_007518,5,0.002,3.814922628356732e-05,0,1550,5,1550,5,1,0,5,1.0,-0.0,0.0
R_007519,7,0.0028,4.847152471015105e-05,0,1550,5,1550,6,1,0,6,1.0,-0.0,0.0
R_007520,58,0.0232,0.0002876980496739294,0,3102,1,1571,8,4,7,4,0.5,1.2130075659799042,0.875
R_007521,12,0.0048,6.961236841962316e-05,0,3102,6,1531,8,1,2,8,1.0,-0.0,0.0
R_007522,2,0.0008,2.1721213636084454e-05,0,3102,6,1531,5,1,2,5,1.0,-0.0,0.0
R_007523,12,0.0048,7.246086232374039e-05,0,1562,3,1562,7,1,6,7,1.0,-0.0,0.0
R_007524,16,0.0064,8.794244226165681e-05,0,3102,1,1571,8,3,7,6,0.75,0.7356219397587946,0.6695919455357792
R_007525,9,0.0036,5.574280110127809e-05,0,3102,6,1531,8,1,2,8,1.0,-0.0,0.0
R_007526,6,0.0024,4.4527086493083884e-05,0,1565,2,1565,7,2,5,6,0.8571428571428571,0.410116318288409,0.5916727785823274
R_007527,8,0.0032,5.36894669880468e-05,0,1628,0,1628,8,1,3,8,1.0,-0.0,0.0
R_007528,5,0.002,3.804885068856573e-05,0,1628,0,1628,7,1,3,7,1.0,-0.0,0.0
R_007529,6,0.0024,4.318830978455923e-05,0,1628,0,1628,8,1,3,8,1.0,-0.0,0.0
R_007530,5,0.002,3.9838484242855436e-05,0,1565,2,1565,5,2,5,4,0.8,0.5004024235381879,0.7219280948873623
R_007531,7,0.0028,4.508993316144052e-05,0,1505,7,1505,7,1,4,7,1.0,-0.0,0.0
R_007532,4,0.0016,3.220165235561525e-05,0,1562,3,1562,5,2,6,4,0.8,0.5004024235381879,0.7219280948873623
R_007533,4,0.0016,3.326834571164355e-05,0,1550,5,1550,8,1,0,8,1.0,-0.0,0.0
R_007534,10,0.004,6.16201320810642e-05,0,1559,4,1559,8,1,1,8,1.0,-0.0,0.0
R_007535,7,0.0028,4.861426600568007e-05,0,1550,5,1550,6,1,0,6,1.0,-0.0,0.0
R_007536,4,0.0016,3.2469336610312246e-05,0,1628,0,1628,5,1,3,5,1.0,-0.0,0.0
R_007537,8,0.0032,5.3686084673171836e-05,0,1628,0,1628,8,1,3,8,1.0,-0.0,0.0
R_007538,10,0.004,6.0370514794000986e-05,0,3102,6,1531,8,1,2,8,1.0,-0.0,0.0
R_007539,24,0.0096,0.00012648956084008848,0,3102,1,1571,8,4,7,5,0.625,1.073542846408523,0.7743974703476992
R_007540,4,0.0016,3.460990461223184e-05,0,1565,2,1565,5,2,5,4,0.8,0.5004024235381879,0.7219280948873623
R_007541,16,0.0064,9.960326267138244e-05,0,1565,2,1565,8,2,5,7,0.875,0.3767701612564367,0.5435644431995964
R_007542,7,0.0028,4.5614891065545454e-05,0,3102,1,1571,6,2,7,4,0.6666666666666666,0.6365141682948128,0.9182958340544894
R_007543,12,0.0048,7.369144203395505e-05,0,1628,0,1628,8,1,3,8,1.0,-0.0,0.0
R_007544,12,0.0048,7.251152549312559e-05,0,1562,3,1562,7,2,6,6,0.8571428571428571,0.410116318288409,0.5916727785823274
R_007545,8,0.0032,5.1950063347044504e-05,0,1559,4,1559,6,1,1,6,1.0,-0.0,0.0
R_007546,4,0.0016,3.1692049767454075e-05,0,3102,6,1531,5,1,2,5,1.0,-0.0,0.0
R_007547,7,0.0028,4.792703554613754e-05,0,1628,0,1628,5,1,3,5,1.0,-0.0,0.0
R_007548,10,0.004,5.901901663285699e-05,0,3102,1,1571,8,3,7,5,0.625,0.9002560512685369,0.8194483718728035
R_007549,5,0.002,3.73666105185425e-05,0,1562,3,1562,7,3,6,5,0.7142857142857143,0.796311640173813,0.7248340915057598
R_007550,33,0.0132,0.00018505994806114335,0,1550,5,1550,8,1,0,8,1.0,-0.0,0.0
R_007551,6,0.0024,4.476248033658036e-05,0,1565,2,1565,6,1,5,6,1.0,-0.0,0.0
R_007552,4,0.0016,3.317189634928891e-05,0,1550,5,1550,6,1,0,6,1.0,-0.0,0.0
R_007553,8,0.0032,5.380260174089841e-05,0,1550,5,1550,8,1,0,8,1.0,-0.0,0.0
R_007554,6,0.0024,4.280437123825142e-05,0,1562,3,1562,5,3,6,3,0.6,0.9502705392332348,0.8649735207179272
R_007555,4,0.0016,3.157359702485354e-05,0,3102,6,1531,7,1,2,7,1.0,-0.0,0.0
R_007556,8,0.0032,5.029360547564157e-05,0,1505,7,1505,6,1,4,6,1.0,-0.0,0.0
R_007557,3,0.0012,2.647402455745706e-05,0,1505,7,1505,5,1,4,5,1.0,-0.0,0.0
R_007558,5,0.002,3.753705405435172e-05,0,1559,4,1559,5,1,1,5,1.0,-0.0,0.0
R_007559,7,0.0028,4.540379224519069e-05,0,3102,1,1571,6,3,7,4,0.6666666666666666,0.8675632284814612,0.7896900821428474
R_007560,6,0.0024,4.223032618594496e-05,0,1559,4,1559,6,1,1,6,1.0,-0.0,0.0
R_007561,10,0.004,5.959292647936399e-05,0,3102,6,1531,6,1,2,6,1.0,-0.0,0.0
R_007562,9,0.0036,5.432150576011347e-05,0,1505,7,1505,7,1,4,7,1.0,-0.0,0.0
R_007563,2,0.0008,2.248678649443418e-05,0,1562,3,1562,5,2,6,4,0.8,0.5004024235381879,0.7219280948873623
R_007564,3,0.0012,2.7517490396522687e-05,0,1559,4,1559,5,1,1,5,1.0,-0.0,0.0
R_007565,12,0.0048,7.220073878117805e-05,0,1559,4,1559,8,1,1,8,1.0,-0.0,0.0
R_007566,10,0.004,6.627678304841958e-05,0,1565,2,1565,6,1,5,6,1.0,-0.0,0.0
R_007567,11,0.0044,6.433603311652523e-05,0,1505,7,1505,8,1,4,8,1.0,-0.0,0.0
R_007568,11,0.0044,6.987200964097297e-05,0,1550,5,1550,8,1,0,8,1.0,-0.0,0.0
R_007569,12,0.0048,7.193938463423252e-05,0,1562,3,1562,7,3,6,5,0.7142857142857143,0.796311640173813,0.7248340915057598
R_007570,13,0.0052,7.932771659483968e-05,0,1628,0,1628,8,1,3,8,1.0,-0.0,0.0
R_007571,4,0.0016,3.212495519022148e-05,0,1559,4,1559,5,1,1,5,1.0,-0.0,0.0
R_007572,11,0.0044,6.526729080575037e-05,0,3102,6,1531,7,1,2,7,1.0,-0.0,0.0
R_007573,7,0.0028,4.694918862694468e-05,0,1562,3,1562,5,1,6,5,1.0,-0.0,0.0
R_007574,7,0.0028,4.6968783114395937e-05,0,1559,4,1559,7,1,1,7,1.0,-0.0,0.0
R_007575,1,0.0004,1.7536777528666962e-05,0,1550,5,1550,5,1,0,5,1.0,-0.0,0.0
R_007576,20,0.008,0.00010617139642201415,0,1505,7,1505,7,1,4,7,1.0,-0.0,0.0
R_007577,14,0.0056,7.870988894594826e-05,0,3102,6,1531,8,1,2,8,1.0,-0.0,0.0
R_007578,7,0.0028,4.591638146713598e-05,0,3102,6,1531,8,1,2,8,1.0,-0.0,0.0
R_007579,15,0.006,8.431073897406862e-05,0,3102,1,1571,8,3,7,6,0.75,0.7356219397587946,0.6695919455357792
R_007580,10,0.004,6.661657582031408e-05,0,1565,2,1565,8,2,5,7,0.875,0.3767701612564367,0.5435644431995964
R_007581,26,0.0104,0.00014426119086235808,0,1628,0,1628,7,1,3,7,1.0,-0.0,0.0
R_007582,4,0.0016,3.141981101859523e-05,0,1505,7,1505,5,1,4,5,1.0,-0.0,0.0
R_007583,5,0.002,3.935219139196309e-05,0,1565,2,1565,5,1,5,5,1.0,-0.0,0.0
R_007584,5,0.002,3.770100430647387e-05,0,1628,0,1628,5,1,3,5,1.0,-0.0,0.0
R_007585,3,0.0012,2.715294853597722e-05,0,1562,3,1562,5,3,6,3,0.6,0.9502705392332348,0.8649735207179272
R_007586,12,0.0048,7.530860487315721e-05,0,1550,5,1550,7,1,0,7,1.0,-0.0,0.0
R_007587,9,0.0036,5.6993729140047156e-05,0,1562,3,1562,7,3,6,5,0.7142857142857143,0.796311640173813,0.7248340915057598
R_007588,7,0.0028,5.030005290721631e-05,0,1565,2,1565,8,1,5,8,1.0,-0.0,0.0
R_007589,17,0.0068,9.910042179307701e-05,0,1628,0,1628,8,1,3,8,1.0,-0.0,0.0
R_007590,8,0.0032,5.263817126440503e-05,0,1562,3,1562,7,2,6,6,0.8571428571428571,0.410116318288409,0.5916727785823274
R_007591,4,0.0016,3.249546135370551e-05,0,1628,0,1628,5,1,3,5,1.0,-0.0,0.0
R_007592,3,0.0012,2.6245400566463222e-05,0,3102,1,1571,5,2,7,3,0.6,0.6730116670092565,0.9709505944546688
R_007593,9,0.0036,5.481481944129685e-05,0,1505,7,1505,8,1,4,8,1.0,-0.0,0.0
R_007594,17,0.0068,9.239933056922791e-05,0,1505,7,1505,7,1,4,7,1.0,-0.0,0.0
R_007595,8,0.0032,5.291006568689792e-05,0,1628,0,1628,5,1,3,5,1.0,-0.0,0.0
R_007596,4,0.0016,3.121440892675864e-05,0,1505,7,1505,8,1,4,8,1.0,-0.0,0.0
R_007597,25,0.01,0.000136784031464109,0,1562,3,1562,8,2,6,7,0.875,0.3767701612564367,0.5435644431995964
R_007598,2,0.0008,2.2353158445463324e-05,0,1559,4,1559,5,1,1,5,1.0,-0.0,0.0
R_007599,5,0.002,3.793491975536141e-05,0,1628,0,1628,8,1,3,8,1.0,-0.0,0.0
R_007600,5,0.002,3.7776195388266505e-05,0,1628,0,1628,6,1,3,6,1.0,-0.0,0.0
R_007601,10,0.004,5.999667324313164e-05,0,3102,6,1531,8,1,2,8,1.0,-0.0,0.0
R_007602,9,0.0036,5.919322395269385e-05,0,1550,5,1550,7,1,0,7,1.0,-0.0,0.0
R_007603,11,0.0044,6.368017270672685e-05,0,1505,7,1505,7,1,4,7,1.0,-0.0,0.0
R_007604,20,0.008,0.00011148586029462191,0,1559,4,1559,8,1,1,8,1.0,-0.0,0.0
R_007605,13,0.0052,8.030054333426297e-05,0,1550,5,1550,7,1,0,7,1.0,-0.0,0.0
R_007606,6,0.0024,4.470792550548264e-05,0,1565,2,1565,6,1,5,6,1.0,-0.0,0.0
R_007607,7,0.0028,4.724474722753321e-05,0,1562,3,1562,6,1,6,6,1.0,-0.0,0.0
R_007608,6,0.0024,4.0615879247903777e-05,0,1505,7,1505,5,1,4,5,1.0,-0.0,0.0
R_007609,8,0.0032,5.242199393382302e-05,0,1559,4,1559,6,1,1,6,1.0,-0.0,0.0
R_007610,1,0.0004,1.7513406939664508e-05,0,1550,5,1550,5,1,0,5,1.0,-0.0,0.0
R_007611,3,0.0012,2.7045194181535336e-05,0,1559,4,1559,6,1,1,6,1.0,-0.0,0.0
R_007612,13,0.0052,7.43394897117267e-05,0,1505,7,1505,8,1,4,8,1.0,-0.0,0.0
R_007613,14,0.0056,7.807210164708087e-05,0,1505,7,1505,8,1,4,8,1.0,-0.0,0.0
R_007614,7,0.0028,4.93443912918825e-05,0,1550,5,1550,6,1,0,6,1.0,-0.0,0.0
R_007615,12,0.0048,7.158079268270325e-05,0,1559,4,1559,6,1,1,6,1.0,-0.0,0.0
R_007616,10,0.004,6.033275413999817e-05,0,3102,1,1571,7,3,7,4,0.5714285714285714,0.9556998911125344,0.8699155297736259
R_007617,3,0.0012,2.7907375993145217e-05,0,1550,5,1550,5,1,0,5,1.0,-0.0,0.0
R_007618,9,0.0036,5.4893959701541325e-05,0,3102,6,1531,7,1,2,7,1.0,-0.0,0.0
R_007619,5,0.002,3.808183063460862e-05,0,1550,5,1550,7,1,0,7,1.0,-0.0,0.0
R_007620,6,0.0024,4.4984306335579904e-05,0,1565,2,1565,7,2,5,6,0.8571428571428571,0.410116318288409,0.5916727785823274
R_007621,7,0.0028,4.7368961244522806e-05,0,1559,4,1559,7,1,1,7,1.0,-0.0,0.0
R_007622,7,0.0028,4.659331666290908e-05,0,1562,3,1562,6,3,6,4,0.6666666666666666,0.8675632284814612,0.7896900821428474
R_007623,13,0.0052,7.514932154657215e-05,0,3102,6,1531,7,1,2,7,1.0,-0.0,0.0
R_007624,11,0.0044,6.717664438861168e-05,0,1559,4,1559,8,1,1,8,1.0,-0.0,0.0
R_007625,4,0.0016,3.2936651876508324e-05,0,1628,0,1628,6,1,3,6,1.0,-0.0,0.0
R_007626,9,0.0036,5.502631409577819e-05,0,3102,6,1531,7,1,2,7,1.0,-0.0,0.0
R_007627,6,0.0024,4.4792054311056365e-05,0,1565,2,1565,7,2,5,6,0.8571428571428571,0.410116318288409,0.5916727785823274
R_007628,5,0.002,3.635315493309237e-05,0,3102,1,1571,5,2,7,4,0.8,0.5004024235381879,0.7219280948873623
R_007629,6,0.0024,4.226627992017128e-05,0,1559,4,1559,6,1,1,6,1.0,-0.0,0.0
R_007630,5,0.002,3.5684297185334846e-05,0,3102,1,1571,5,3,2,2,0.4,1.0549201679861442,0.9602297178607612
R_007631,2,0.0008,2.2361464388686974e-05,0,1628,0,1628,5,1,3,5,1.0,-0.0,0.0
R_007632,9,0.0036,5.5098572965027643e-05,0,3102,6,1531,5,1,2,5,1.0,-0.0,0.0
R_007633,5,0.002,3.825134694423031e-05,0,1550,5,1550,6,1,0,6,1.0,-0.0,0.0
R_007634,6,0.0024,4.1458772966302945e-05,0,3102,6,1531,6,1,2,6,1.0,-0.0,0.0
R_007635,7,0.0028,4.849605631872251e-05,0,1628,0,1628,6,1,3,6,1.0,-0.0,0.0
R_007636,19,0.0076,0.00010576310111413392,0,1559,4,1559,8,1,1,8,1.0,-0.0,0.0
R_007637,8,0.0032,5.33097530182395e-05,0,1628,0,1628,7,1,3,7,1.0,-0.0,0.0
R_007638,11,0.0044,6.702062307732746e-05,0,1559,4,1559,7,1,1,7,1.0,-0.0,0.0
R_007639,4,0.0016,3.430834254438429e-05,0,1565,2,1565,6,1,5,6,1.0,-0.0,0.0
R_007640,6,0.0024,4.338415355604531e-05,0,1550,5,1550,8,1,0,8,1.0,-0.0,0.0
R_007641,6,0.0024,4.348196133878913e-05,0,1628,0,1628,6,1,3,6,1.0,-0.0,0.0
R_007642,5,0.002,3.746377015843672e-05,0,1559,4,1559,5,1,1,5,1.0,-0.0,0.0
R_007643,9,0.0036,5.706561112366102e-05,0,1559,4,1559,8,1,1,8,1.0,-0.0,0.0
R_007644,11,0.0044,6.527347436544063e-05,0,3102,6,1531,7,1,2,7,1.0,-0.0,0.0
R_007645,5,0.002,3.671614490844861e-05,0,1559,4,1559,5,1,1,5,1.0,-0.0,0.0
R_007646,13,0.0052,7.702429962796298e-05,0,1562,3,1562,8,2,6,7,0.875,0.3767701612564367,0.5435644431995964
R_007647,9,0.0036,5.442764281331487e-05,0,3102,1,1571,7,3,7,5,0.7142857142857143,0.796311640173813,0.7248340915057598
R_007648,7,0.0028,4.690800642143692e-05,0,1559,4,1559,7,1,1,7,1.0,-0.0,0.0
R_007649,9,0.0036,6.111583028485611e-05,0,1565,2,1565,6,2,5,5,0.8333333333333334,0.4505612088663046,0.6500224216483541
R_007650,11,0.0044,6.861241003151373e-05,0,1628,0,1628,7,1,3,7,1.0,-0.0,0.0
R_007651,15,0.006,8.707253982753526e-05,0,1562,3,1562,8,2,6,7,0.875,0.3767701612564367,0.5435644431995964
R_007652,9,0.0036,5.49451082438706e-05,0,3102,1,1571,7,3,7,4,0.5714285714285714,0.9556998911125344,0.8699155297736259
R_007653,9,0.0036,5.9545759806204e-05,0,1550,5,1550,6,1,0,6,1.0,-0.0,0.0
R_007654,13,0.0052,7.277152522707858e-05,0,1505,7,1505,8,1,4,8,1.0,-0.0,0.0
R_007655,11,0.0044,6.310285033462516e-05,0,1505,7,1505,8,1,4,8,1.0,-0.0,0.0
R_007656,4,0.0016,3.194034730115906e-05,0,1562,3,1562,8,2,6,7,0.875,0.3767701612564367,0.5435644431995964
R_007657,4,0.0016,3.190794886067947e-05,0,3102,1,1571,5,3,7,3,0.6,0.9502705392332348,0.8649735207179272
R_007658,5,0.002,3.768696292860843e-05,0,1562,3,1562,6,3,6,4,0.6666666666666666,0.8675632284814612,0.7896900821428474
R_007659,5,0.002,3.619683603301246e-05,0,3102,6,1531,5,1,2,5,1.0,-0.0,0.0
R_007660,8,0.0032,5.3200555593032754e-05,0,1628,0,1628,7,1,3,7,1.0,-0.0,0.0
R_007661,40,0.016,0.00020455079422372895,0,3102,6,1531,8,1,2,8,1.0,-0.0,0.0
R_007662,9,0.0036,5.542643133923115e-05,0,1505,7,1505,5,1,4,5,1.0,-0.0,0.0
R_007663,12,0.0048,7.478650368742961e-05,0,1550,5,1550,8,1,0,8,1.0,-0.0,0.0
R_007664,5,0.002,3.825058116328468e-05,0,1628,0,1628,8,1,3,8,1.0,-0.0,0.0
R_007665,3,0.0012,2.787188798250427e-05,0,1550,5,1550,5,1,0,5,1.0,-0.0,0.0
R_007666,19,0.0076,0.0001111191632435813,0,1550,5,1550,8,1,0,8,1.0,-0.0,0.0
R_007667,7,0.0028,4.666676280260196e-05,0,1559,4,1559,7,1,1,7,1.0,-0.0,0.0
R_007668,7,0.0028,4.7293223518175786e-05,0,1628,0,1628,7,1,3,7,1.0,-0.0,0.0
R_007669,15,0.006,8.229640678684835e-05,0,3102,1,1571,7,2,7,5,0.7142857142857143,0.5982695885852573,0.8631205685666311
R_007670,12,0.0048,7.756980682360482e-05,0,1565,2,1565,7,1,5,7,1.0,-0.0,0.0
R_007671,28,0.0112,0.00015282858709130494,0,1559,4,1559,8,1,1,8,1.0,-0.0,0.0
R_007672,7,0.0028,4.6641898000437577e-05,0,3102,6,1531,5,1,2,5,1.0,-0.0,0.0
R_007673,5,0.002,3.674326383786556e-05,0,1559,4,1559,5,1,1,5,1.0,-0.0,0.0
R_007674,6,0.0024,4.02900067096455e-05,0,3102,6,1531,7,1,2,7,1.0,-0.0,0.0
R_007675,2,0.0008,2.2003157181308766e-05,0,1559,4,1559,5,1,1,5,1.0,-0.0,0.0
R_007676,1,0.0004,1.724311532390706e-05,0,1559,4,1559,5,1,1,5,1.0,-0.0,0.0
R_007677,7,0.0028,4.77575351950588e-05,0,1562,3,1562,6,2,6,5,0.8333333333333334,0.4505612088663046,0.6500224216483541
R_007678,15,0.006,8.675157593537778e-05,0,1562,3,1562,7,2,6,6,0.8571428571428571,0.410116318288409,0.5916727785823274
R_007679,6,0.0024,4.012172601811352e-05,0,1505,7,1505,5,1,4,5,1.0,-0.0,0.0
R_007680,8,0.0032,5.1757740853139306e-05,0,1562,3,1562,8,3,6,6,0.75,0.7356219397587946,0.6695919455357792
R_007681,18,0.0072,0.00010474948788479238,0,1628,0,1628,7,1,3,7,1.0,-0.0,0.0
R_007682,11,0.0044,6.760394757868984e-05,0,1559,4,1559,8,1,1,8,1.0,-0.0,0.0
R_007683,10,0.004,5.902147178312806e-05,0,3102,1,1571,8,3,7,6,0.75,0.7356219397587946,0.6695919455357792
R_007684,13,0.0052,7.389551986858761e-05,0,1505,7,1505,8,1,4,8,1.0,-0.0,0.0
R_007685,8,0.0032,5.063125323015743e-05,0,1505,7,1505,6,1,4,6,1.0,-0.0,0.0
R_007686,11,0.0044,7.204956180420139e-05,0,1565,2,1565,8,2,5,7,0.875,0.3767701612564367,0.5435644431995964
R_007687,7,0.0028,4.5330961993981566e-05,0,1505,7,1505,8,1,4,8,1.0,-0.0,0.0
R_007688,10,0.004,6.07558852561646e-05,0,3102,6,1531,7,1,2,7,1.0,-0.0,0.0
R_007689,9,0.0036,6.136536094096553e-05,0,1565,2,1565,7,2,5,6,0.8571428571428571,0.410116318288409,0.5916727785823274
R_007690,7,0.0028,4.6554716612314826e-05,0,1559,4,1559,5,1,1,5,1.0,-0.0,0.0
R_007691,9,0.0036,5.774179608620287e-05,0,1562,3,1562,6,3,6,4,0.6666666666666666,0.8675632284814612,0.7896900821428474
R_007692,5,0.002,3.6269707021120775e-05,0,3102,6,1531,5,1,2,5,1.0,-0.0,0.0
R_007693,7,0.0028,4.648359456632583e-05,0,3102,6,1531,8,1,2,8,1.0,-0.0,0.0
R_007694,10,0.004,5.944797530020961e-05,0,3102,1,1571,7,4,7,4,0.5714285714285714,1.1537419427010902,0.8322488896002307
R_007695,3,0.0012,2.7383696610738757e-05,0,1559,4,1559,5,1,1,5,1.0,-0.0,0.0
R_007696,8,0.0032,5.02534321059432e-05,0,1505,7,1505,8,1,4,8,1.0,-0.0,0.0
R_007697,4,0.0016,3.300231790968146e-05,0,1550,5,1550,7,1,0,7,1.0,-0.0,0.0
R_007698,4,0.0016,3.1061635776494507e-05,0,3102,6,1531,7,1,2,7,1.0,-0.0,0.0
R_007699,14,0.0056,7.876382430939409e-05,0,1505,7,1505,7,1,4,7,1.0,-0.0,0.0
R_007700,17,0.0068,9.651917513059097e-05,0,1562,3,1562,8,3,6,6,0.75,0.7356219397587946,0.6695919455357792
R_007701,22,0.0088,0.00012236873034690375,0,1559,4,1559,8,1,1,8,1.0,-0.0,0.0
R_007702,4,0.0016,3.464775524373029e-05,0,1565,2,1565,5,2,5,4,0.8,0.5004024235381879,0.7219280948873623
R_007703,4,0.0016,3.102012023225483e-05,0,3102,1,1571,6,3,7,3,0.5,1.0114042647073518,0.920619835714305
R_007704,8,0.0032,5.066380287017762e-05,0,3102,1,1571,7,4,7,4,0.5714285714285714,1.1537419427010902,0.8322488896002307
R_007705,6,0.0024,4.5251878011819965e-05,0,1565,2,1565,5,1,5,5,1.0,-0.0,0.0
R_007706,11,0.0044,7.30806784017777e-05,0,1565,2,1565,7,2,5,6,0.8571428571428571,0.410116318288409,0.5916727785823274
R_007707,9,0.0036,5.4713245374334386e-05,0,3102,1,1571,8,3,7,5,0.625,0.9002560512685369,0.8194483718728035
R_007708,3,0.0012,2.6997884531397403e-05,0,3102,6,1531,5,1,2,5,1.0,-0.0,0.0
R_007709,7,0.0028,4.5423723791880795e-05,0,3102,1,1571,5,4,7,2,0.4,1.3321790402101223,0.9609640474436812
R_007710,9,0.0036,5.591447020147458e-05,0,3102,6,1531,5,1,2,5,1.0,-0.0,0.0
R_007711,2,0.0008,2.2110857937423463e-05,0,1562,3,1562,5,2,6,4,0.8,0.5004024235381879,0.7219280948873623
R_007712,5,0.002,3.740429295142609e-05,0,1562,3,1562,7,2,6,6,0.8571428571428571,0.410116318288409,0.5916727785823274
R_007713,7,0.0028,4.718807616003304e-05,0,1559,4,1559,8,1,1,8,1.0,-0.0,0.0
R_007714,8,0.0032,5.3464864628969646e-05,0,1550,5,1550,7,1,0,7,1.0,-0.0,0.0
R_007715,5,0.002,3.635261638448741e-05,0,1505,7,1505,7,1,4,7,1.0,-0.0,0.0
R_007716,5,0.002,3.803674809332012e-05,0,1628,0,1628,6,1,3,6,1.0,-0.0,0.0
R_007717,9,0.0036,6.086321201505788e-05,0,1565,2,1565,7,1,5,7,1.0,-0.0,0.0
R_007718,9,0.0036,5.5883267661282244e-05,0,3102,6,1531,6,1,2,6,1.0,-0.0,0.0
R_007719,4,0.0016,3.09704188546916e-05,0,1505,7,1505,5,1,4,5,1.0,-0.0,0.0
R_007720,5,0.002,3.85629005435986e-05,0,1550,5,1550,5,1,0,5,1.0,-0.0,0.0
R_007721,7,0.0028,4.900753654959029e-05,0,1550,5,1550,7,1,0,7,1.0,-0.0,0.0
R_007722,7,0.0028,4.824521147431135e-05,0,1550,5,1550,6,1,0,6,1.0,-0.0,0.0
R_007723,10,0.004,6.314029937457459e-05,0,1628,0,1628,7,1,3,7,1.0,-0.0,0.0
R_007724,5,0.002,3.71327788814699e-05,0,1559,4,1559,7,1,1,7,1.0,-0.0,0.0
R_007725,5,0.002,3.792682495225306e-05,0,1628,0,1628,6,1,3,6,1.0,-0.0,0.0
R_007726,9,0.0036,5.873287937531253e-05,0,1628,0,1628,6,1,3,6,1.0,-0.0,0.0
R_007727,15,0.006,8.677483447972549e-05,0,1559,4,1559,8,1,1,8,1.0,-0.0,0.0
R_007728,8,0.0032,5.052725537975161e-05,0,3102,6,1531,5,1,2,5,1.0,-0.0,0.0
R_007729,4,0.0016,3.14157988482385e-05,0,1505,7,1505,5,1,4,5,1.0,-0.0,0.0
R_007730,14,0.0056,7.835858018293872e-05,0,1505,7,1505,6,1,4,6,1.0,-0.0,0.0
R_007731,4,0.0016,3.14081039327734e-05,0,3102,6,1531,5,1,2,5,1.0,-0.0,0.0
R_007732,5,0.002,3.926780297186129e-05,0,1565,2,1565,6,1,5,6,1.0,-0.0,0.0
R_007733,4,0.0016,3.2269014425344795e-05,0,1559,4,1559,5,1,1,5,1.0,-0.0,0.0
R_007734,15,0.006,8.417775466685183e-05,0,3102,6,1531,8,1,2,8,1.0,-0.0,0.0
R_007735,2,0.0008,2.2798522238416165e-05,0,1562,3,1562,5,1,6,5,1.0,-0.0,0.0
R_007736,2,0.0008,2.1767674803570196e-05,0,3102,1,1571,5,2,7,3,0.6,0.6730116670092565,0.9709505944546688
R_007737,20,0.008,0.00011216167041428951,0,1562,3,1562,8,3,6,6,0.75,0.7356219397587946,0.6695919455357792
R_007738,7,0.0028,4.755510576463041e-05,0,1559,4,1559,7,1,1,7,1.0,-0.0,0.0
R_007739,6,0.0024,4.077546935739372e-05,0,3102,6,1531,5,1,2,5,1.0,-0.0,0.0
R_007740,8,0.0032,5.34212206228976e-05,0,1628,0,1628,7,1,3,7,1.0,-0.0,0.0
R_007741,12,0.0048,7.425360497709028e-05,0,1628,0,1628,8,1,3,8,1.0,-0.0,0.0
R_007742,9,0.0036,5.687132104499831e-05,0,1559,4,1559,6,1,1,6,1.0,-0.0,0.0
R_007743,12,0.0048,6.943789723206991e-05,0,3102,1,1571,8,3,7,6,0.75,0.7356219397587946,0.6695919455357792
R_007744,8,0.0032,5.542490444163002e-05,0,1565,2,1565,8,2,5,7,0.875,0.3767701612564367,0.5435644431995964
R_007745,4,0.0016,3.390085830919216e-05,0,1565,2,1565,6,2,5,5,0.8333333333333334,0.4505612088663046,0.6500224216483541
R_007746,10,0.004,6.213310266804737e-05,0,1559,4,1559,7,1,1,7,1.0,-0.0,0.0
R_007747,9,0.0036,5.7984935886112876e-05,0,1628,0,1628,8,1,3,8,1.0,-0.0,0.0
R_007748,5,0.002,3.6943002318584406e-05,0,1559,4,1559,7,1,1,7,1.0,-0.0,0.0
R_007749,22,0.0088,0.0001222359533570733,0,1559,4,1559,8,1,1,8,1.0,-0.0,0.0
R_007750,5,0.002,3.597829115731138e-05,0,1505,7,1505,8,1,4,8,1.0,-0.0,0.0
R_007751,2,0.0008,2.2433208008913188e-05,0,1562,3,1562,5,1,6,5,1.0,-0.0,0.0
R_007752,2,0.0008,2.1899929220073708e-05,0,1505,7,1505,5,1,4,5,1.0,-0.0,0.0
R_007753,8,0.0032,5.3202460633440296e-05,0,1550,5,1550,8,1,0,8,1.0,-0.0,0.0
R_007754,8,0.0032,5.485668489432127e-05,0,1550,5,1550,5,1,0,5,1.0,-0.0,0.0
R_007755,23,0.0092,0.00013668201423608738,0,1565,2,1565,8,2,5,7,0.875,0.3767701612564367,0.5435644431995964
R_007756,4,0.0016,3.4155751221631404e-05,0,1550,5,1550,6,1,0,6,1.0,-0.0,0.0
R_007757,2,0.0008,2.2622882201591674e-05,0,1550,5,1550,5,1,0,5,1.0,-0.0,0.0
R_007758,7,0.0028,4.7750601017583644e-05,0,1562,3,1562,5,3,6,3,0.6,0.9502705392332348,0.8649735207179272
R_007759,2,0.0008,2.3281077507986252e-05,0,1565,2,1565,5,2,5,4,0.8,0.5004024235381879,0.7219280948873623
R_007760,2,0.0008,2.2325697862964608e-05,0,1559,4,1559,5,1,1,5,1.0,-0.0,0.0
R_007761,4,0.0016,3.4406238771056565e-05,0,1565,2,1565,6,1,5,6,1.0,-0.0,0.0
R_007762,4,0.0016,3.295114435036739e-05,0,1562,3,1562,5,3,6,3,0.6,0.9502705392332348,0.8649735207179272
R_007763,32,0.0128,0.000170704002486588,0,1559,4,1559,8,1,1,8,1.0,-0.0,0.0
R_007764,8,0.0032,5.261224864300311e-05,0,1628,0,1628,8,1,3,8,1.0,-0.0,0.0
R_007765,11,0.0044,6.990700152147777e-05,0,1550,5,1550,8,1,0,8,1.0,-0.0,0.0
R_007766,10,0.004,6.712314403791994e-05,0,1565,2,1565,7,1,5,7,1.0,-0.0,0.0
R_007767,8,0.0032,5.250329052716016e-05,0,1562,3,1562,7,3,6,5,0.7142857142857143,0.796311640173813,0.7248340915057598
R_007768,4,0.0016,3.266851170481133e-05,0,1628,0,1628,6,1,3,6,1.0,-0.0,0.0
R_007769,4,0.0016,3.149903618890722e-05,0,1505,7,1505,5,1,4,5,1.0,-0.0,0.0
R_007770,14,0.0056,8.133013713256551e-05,0,1562,3,1562,7,2,6,6,0.8571428571428571,0.410116318288409,0.5916727785823274
R_007771,12,0.0048,7.246746452852935e-05,0,1559,4,1559,8,1,1,8,1.0,-0.0,0.0
R_007772,15,0.006,9.121051837862089e-05,0,1550,5,1550,8,1,0,8,1.0,-0.0,0.0
R_007773,3,0.0012,2.7409912774504107e-05,0,1562,3,1562,7,2,6,6,0.8571428571428571,0.410116318288409,0.5916727785823274
R_007774,1,0.0004,1.7586270685598255e-05,0,1628,0,1628,5,1,3,5,1.0,-0.0,0.0
R_007775,6,0.0024,4.2291106545339987e-05,0,1559,4,1559,6,1,1,6,1.0,-0.0,0.0
R_007776,2,0.0008,2.2337429078574256e-05,0,1562,3,1562,5,2,6,4,0.8,0.5004024235381879,0.7219280948873623
R_007777,4,0.0016,3.347084663426684e-05,0,1550,5,1550,6,1,0,6,1.0,-0.0,0.0
R_007778,10,0.004,6.478954761909794e-05,0,1550,5,1550,7,1,0,7,1.0,-0.0,0.0
R_007779,7,0.0028,4.523164447245266e-05,0,1505,7,1505,5,1,4,5,1.0,-0.0,0.0
R_007780,9,0.0036,5.427922283807087e-05,0,1505,7,1505,8,1,4,8,1.0,-0.0,0.0
R_007781,7,0.0028,5.077623737331861e-05,0,1565,2,1565,8,2,5,7,0.875,0.3767701612564367,0.5435644431995964
R_007782,12,0.0048,6.940707680320654e-05,0,3102,1,1571,7,3,7,4,0.5714285714285714,0.9556998911125344,0.8699155297736259
R_007783,4,0.0016,3.4377839559453235e-05,0,1565,2,1565,5,2,5,4,0.8,0.5004024235381879,0.7219280948873623
R_007784,1,0.0004,1.760053537938726e-05,0,1565,2,1565,6,2,5,5,0.8333333333333334,0.4505612088663046,0.6500224216483541
R_007785,9,0.0036,5.5726255891523365e-05,0,3102,6,1531,7,1,2,7,1.0,-0.0,0.0
R_007786,13,0.0052,7.9441987772131e-05,0,1628,0,1628,7,1,3,7,1.0,-0.0,0.0
R_007787,5,0.002,3.783156000131074e-05,0,1628,0,1628,6,1,3,6,1.0,-0.0,0.0
R_007788,5,0.002,3.856419515267246e-05,0,1550,5,1550,5,1,0,5,1.0,-0.0,0.0
R_007789,7,0.0028,4.7150437578891694e-05,0,1559,4,1559,6,1,1,6,1.0,-0.0,0.0
R_007790,7,0.0028,4.5987693757493516e-05,0,3102,6,1531,6,1,2,6,1.0,-0.0,0.0
R_007791,7,0.0028,4.502582158062583e-05,0,1505,7,1505,8,1,4,8,1.0,-0.0,0.0
R_007792,5,0.002,3.843751859819418e-05,0,1550,5,1550,8,1,0,8,1.0,-0.0,0.0
R_007793,13,0.0052,7.382208939945977e-05,0,1505,7,1505,8,1,4,8,1.0,-0.0,0.0
R_007794,9,0.0036,5.411258143060206e-05,0,1505,7,1505,6,1,4,6,1.0,-0.0,0.0
R_007795,16,0.0064,8.75524398599596e-05,0,3102,1,1571,6,3,7,4,0.6666666666666666,0.8675632284814612,0.7896900821428474
R_007796,7,0.0028,4.993538845992947e-05,0,1565,2,1565,6,1,5,6,1.0,-0.0,0.0
R_007797,7,0.0028,4.556790442992585e-05,0,3102,1,1571,8,3,7,5,0.625,0.9002560512685369,0.8194483718728035
R_007798,5,0.002,3.607182748745851e-05,0,3102,6,1531,5,1,2,5,1.0,-0.0,0.0
R_007799,7,0.0028,5.034646282074942e-05,0,1565,2,1565,7,1,5,7,1.0,-0.0,0.0
R_007800,7,0.0028,4.73152444768397e-05,0,1562,3,1562,6,3,6,4,0.6666666666666666,0.8675632284814612,0.7896900821428474
R_007801,10,0.004,6.0183032128423074e-05,0,3102,6,1531,7,1,2,7,1.0,-0.0,0.0
R_007802,15,0.006,8.631062639507296e-05,0,1559,4,1559,8,1,1,8,1.0,-0.0,0.0
R_007803,11,0.0044,6.741394189572573e-05,0,1559,4,1559,8,1,1,8,1.0,-0.0,0.0
R_007804,6,0.0024,4.241936142149959e-05,0,1562,3,1562,7,3,6,5,0.7142857142857143,0.796311640173813,0.7248340915057598
R_007805,5,0.002,3.619515581057054e-05,0,3102,6,1531,7,1,2,7,1.0,-0.0,0.0
R_007806,2,0.0008,2.1834702993529134e-05,0,1505,7,1505,5,1,4,5,1.0,-0.0,0.0
R_007807,3,0.0012,2.72963280858873e-05,0,1562,3,1562,5,1,6,5,1.0,-0.0,0.0
R_007808,5,0.002,3.684336859949389e-05,0,1562,3,1562,7,2,6,6,0.8571428571428571,0.410116318288409,0.5916727785823274
R_007809,3,0.0012,2.7059352543600134e-05,0,1562,3,1562,7,2,6,6,0.8571428571428571,0.410116318288409,0.5916727785823274
R_007810,4,0.0016,3.2354914292703276e-05,0,1559,4,1559,5,1,1,5,1.0,-0.0,0.0
R_007811,7,0.0028,4.878044469388187e-05,0,1550,5,1550,6,1,0,6,1.0,-0.0,0.0
R_007812,4,0.0016,3.2793932751948504e-05,0,1562,3,1562,5,2,6,4,0.8,0.5004024235381879,0.7219280948873623
R_007813,9,0.0036,5.5397947433782176e-05,0,3102,1,1571,8,3,7,5,0.625,0.9002560512685369,0.8194483718728035
R_007814,5,0.002,3.574140879042944e-05,0,3102,1,1571,6,3,7,4,0.6666666666666666,0.8675632284814612,0.7896900821428474
R_007815,10,0.004,5.9886817972012066e-05,0,3102,6,1531,6,1,2,6,1.0,-0.0,0.0
R_007816,11,0.0044,6.446049271457581e-05,0,3102,6,1531,6,1,2,6,1.0,-0.0,0.0
R_007817,11,0.0044,6.459301223094222e-05,0,3102,1,1571,6,4,2,2,0.3333333333333333,1.3296613488547582,0.9591479170272448
R_007818,4,0.0016,3.3215104241295215e-05,0,1559,4,1559,5,1,1,5,1.0,-0.0,0.0
R_007819,9,0.0036,5.497420243520247e-05,0,3102,6,1531,8,1,2,8,1.0,-0.0,0.0
R_007820,10,0.004,6.202349905655507e-05,0,1559,4,1559,7,1,1,7,1.0,-0.0,0.0
R_007821,11,0.0044,6.826977236923754e-05,0,1628,0,1628,6,1,3,6,1.0,-0.0,0.0
R_007822,5,0.002,3.78314681740568e-05,0,1628,0,1628,7,1,3,7,1.0,-0.0,0.0
R_007823,22,0.0088,0.00011775941704482308,0,3102,6,1531,8,1,2,8,1.0,-0.0,0.0
R_007824,2,0.0008,2.1769648090089347e-05,0,3102,1,1571,5,4,7,2,0.4,1.3321790402101223,0.9609640474436812
R_007825,3,0.0012,2.8738761462966996e-05,0,1565,2,1565,5,1,5,5,1.0,-0.0,0.0
R_007826,6,0.0024,4.0790870945253865e-05,0,1505,7,1505,5,1,4,5,1.0,-0.0,0.0
R_007827,3,0.0012,2.774812008620993e-05,0,1550,5,1550,5,1,0,5,1.0,-0.0,0.0
R_007828,4,0.0016,3.20390147443646e-05,0,1559,4,1559,5,1,1,5,1.0,-0.0,0.0
R_007829,5,0.002,3.611639677833882e-05,0,3102,1,1571,5,3,7,3,0.6,0.9502705392332348,0.8649735207179272
R_007830,3,0.0012,2.7206343395446186e-05,0,1559,4,1559,6,1,1,6,1.0,-0.0,0.0
R_007831,7,0.0028,4.569641081304315e-05,0,1505,7,1505,5,1,4,5,1.0,-0.0,0.0
R_007832,6,0.0024,4.3327153363026245e-05,0,1628,0,1628,8,1,3,8,1.0,-0.0,0.0
R_007833,7,0.0028,4.841644425384425e-05,0,1628,0,1628,7,1,3,7,1.0,-0.0,0.0
R_007834,2,0.0008,2.321766840114186e-05,0,1565,2,1565,5,1,5,5,1.0,-0.0,0.0
R_007835,5,0.002,3.9090319383869686e-05,0,1550,5,1550,6,1,0,6,1.0,-0.0,0.0
R_007836,27,0.0108,0.00015904581469541214,0,1565,2,1565,8,2,5,7,0.875,0.3767701612564367,0.5435644431995964
R_007837,6,0.0024,4.14602159516474e-05,0,1505,7,1505,7,1,4,7,1.0,-0.0,0.0
R_007838,9,0.0036,5.447713606668202e-05,0,1505,7,1505,7,1,4,7,1.0,-0.0,0.0
R_007839,17,0.0068,9.23900526284536e-05,0,1505,7,1505,8,1,4,8,1.0,-0.0,0.0
R_007840,2,0.0008,2.3264021381022654e-05,0,1565,2,1565,5,1,5,5,1.0,-0.0,0.0
R_007841,8,0.0032,5.6094115721315006e-05,0,1565,2,1565,8,2,5,7,0.875,0.3767701612564367,0.5435644431995964
R_007842,8,0.0032,5.4236413021342096e-05,0,1550,5,1550,8,1,0,8,1.0,-0.0,0.0
R_007843,6,0.0024,4.347184661669368e-05,0,1628,0,1628,7,1,3,7,1.0,-0.0,0.0
R_007844,4,0.0016,3.300091676698809e-05,0,1628,0,1628,7,1,3,7,1.0,-0.0,0.0
R_007845,3,0.0012,2.7404468788485377e-05,0,1559,4,1559,7,1,1,7,1.0,-0.0,0.0
R_007846,4,0.0016,3.130110416000903e-05,0,3102,1,1571,6,3,7,3,0.5,1.0114042647073518,0.920619835714305
R_007847,9,0.0036,5.482826638580985e-05,0,3102,1,1571,8,3,7,5,0.625,0.9002560512685369,0.8194483718728035
R_007848,3,0.0012,2.7517324801721252e-05,0,1628,0,1628,5,1,3,5,1.0,-0.0,0.0
R_007849,5,0.002,3.80382546402839e-05,0,1550,5,1550,7,1,0,7,1.0,-0.0,0.0
R_007850,7,0.0028,4.8553796177196316e-05,0,1550,5,1550,8,1,0,8,1.0,-0.0,0.0
R_007851,2,0.0008,2.2699976707990335e-05,0,1550,5,1550,5,1,0,5,1.0,-0.0,0.0
R_007852,5,0.002,3.628460159565635e-05,0,3102,1,1571,5,3,7,3,0.6,0.9502705392332348,0.8649735207179272
R_007853,8,0.0032,5.003781123207688e-05,0,1505,7,1505,7,1,4,7,1.0,-0.0,0.0
R_007854,10,0.004,6.039938400430489e-05,0,3102,6,1531,6,1,2,6,1.0,-0.0,0.0
R_007855,6,0.0024,4.354776827579958e-05,0,1550,5,1550,7,1,0,7,1.0,-0.0,0.0
R_007856,6,0.0024,4.269057161465496e-05,0,1562,3,1562,7,3,6,5,0.7142857142857143,0.796311640173813,0.7248340915057598
R_007857,7,0.0028,5.0383221022302946e-05,0,1565,2,1565,8,1,5,8,1.0,-0.0,0.0
R_007858,7,0.0028,4.6638516774004e-05,0,1562,3,1562,8,3,6,6,0.75,0.7356219397587946,0.6695919455357792
R_007859,12,0.0048,6.928265912715733e-05,0,3102,6,1531,7,1,2,7,1.0,-0.0,0.0
R_007860,12,0.0048,6.902047243483238e-05,0,1505,7,1505,7,1,4,7,1.0,-0.0,0.0
R_007861,4,0.0016,3.441832655168322e-05,0,1565,2,1565,6,2,5,5,0.8333333333333334,0.4505612088663046,0.6500224216483541
R_007862,6,0.0024,4.309146071058819e-05,0,1550,5,1550,8,1,0,8,1.0,-0.0,0.0
R_007863,10,0.004,6.52473279413077e-05,0,1550,5,1550,7,1,0,7,1.0,-0.0,0.0
R_007864,12,0.0048,6.894642957499817e-05,0,3102,1,1571,6,4,7,3,0.5,1.242453324894,0.8962406251802889
R_007865,8,0.0032,5.049107908844794e-05,0,3102,6,1531,7,1,2,7,1.0,-0.0,0.0
R_007866,5,0.002,3.787948098756604e-05,0,1562,3,1562,5,2,6,4,0.8,0.5004024235381879,0.7219280948873623
R_007867,5,0.002,3.7122322015763644e-05,0,1562,3,1562,8,3,6,6,0.75,0.7356219397587946,0.6695919455357792
R_007868,10,0.004,6.211442366710905e-05,0,1562,3,1562,8,3,6,6,0.75,0.7356219397587946,0.6695919455357792
R_007869,14,0.0056,8.145570299993971e-05,0,1562,3,1562,7,3,6,5,0.7142857142857143,0.796311640173813,0.7248340915057598
R_007870,1,0.0004,1.7491804751190954e-05,0,1550,5,1550,5,1,0,5,1.0,-0.0,0.0
R_007871,16,0.0064,9.098585341576268e-05,0,1562,3,1562,6,2,6,5,0.8333333333333334,0.4505612088663046,0.6500224216483541
R_007872,9,0.0036,5.4490630008936636e-05,0,1505,7,1505,6,1,4,6,1.0,-0.0,0.0
R_007873,3,0.0012,2.7195907784536696e-05,0,1559,4,1559,5,1,1,5,1.0,-0.0,0.0
R_007874,4,0.0016,3.237307501987858e-05,0,1562,3,1562,6,3,6,4,0.6666666666666666,0.8675632284814612,0.7896900821428474
R_007875,3,0.0012,2.6826257033662187e-05,0,3102,1,1571,5,2,7,4,0.8,0.5004024235381879,0.7219280948873623
R_007876,7,0.0028,4.591257100193313e-05,0,3102,1,1571,7,3,7,5,0.7142857142857143,0.796311640173813,0.7248340915057598
R_007877,15,0.006,9.457582062499745e-05,0,1565,2,1565,7,1,5,7,1.0,-0.0,0.0
R_007878,8,0.0032,4.999437083959625e-05,0,1505,7,1505,7,1,4,7,1.0,-0.0,0.0
R_007879,4,0.0016,3.3503882334269796e-05,0,1550,5,1550,6,1,0,6,1.0,-0.0,0.0
R_007880,1,0.0004,1.7479125604341354e-05,0,1550,5,1550,5,1,0,5,1.0,-0.0,0.0
R_007881,4,0.0016,3.3982465597951586e-05,0,1565,2,1565,6,1,5,6,1.0,-0.0,0.0
R_007882,9,0.0036,5.5246511667682554e-05,0,1505,7,1505,6,1,4,6,1.0,-0.0,0.0
R_007883,11,0.0044,6.370175428877396e-05,0,1505,7,1505,6,1,4,6,1.0,-0.0,0.0
R_007884,12,0.0048,6.91177329466362e-05,0,3102,1,1571,7,4,7,3,0.4285714285714285,1.277034259466139,0.9211854965885544
R_007885,2,0.0008,2.2523820189248076e-05,0,1550,5,1550,5,1,0,5,1.0,-0.0,0.0
R_007886,13,0.0052,7.43191392067202e-05,0,3102,6,1531,8,1,2,8,1.0,-0.0,0.0
R_007887,7,0.0028,4.753665206585729e-05,0,1562,3,1562,6,1,6,6,1.0,-0.0,0.0
R_007888,8,0.0032,5.022768295230229e-05,0,3102,1,1571,6,3,7,4,0.6666666666666666,0.8675632284814612,0.7896900821428474
R_007889,20,0.008,0.00012093669983658976,0,1565,2,1565,8,2,5,7,0.875,0.3767701612564367,0.5435644431995964
R_007890,8,0.0032,5.0014848753461806e-05,0,1505,7,1505,5,1,4,5,1.0,-0.0,0.0
R_007891,5,0.002,3.628539463346919e-05,0,3102,1,1571,5,3,7,3,0.6,0.9502705392332348,0.8649735207179272
R_007892,11,0.0044,6.348297396536748e-05,0,3102,1,1571,7,4,7,4,0.5714285714285714,1.1537419427010902,0.8322488896002307
R_007893,6,0.0024,4.340448914732571e-05,0,1628,0,1628,5,1,3,5,1.0,-0.0,0.0
R_007894,8,0.0032,5.2024249761896395e-05,0,1559,4,1559,8,1,1,8,1.0,-0.0,0.0
R_007895,5,0.002,3.734499955845206e-05,0,1559,4,1559,5,1,1,5,1.0,-0.0,0.0
R_007896,4,0.0016,3.232361807472762e-05,0,1559,4,1559,5,1,1,5,1.0,-0.0,0.0
R_007897,8,0.0032,5.361766718944204e-05,0,1628,0,1628,6,1,3,6,1.0,-0.0,0.0
R_007898,8,0.0032,5.2946723624874605e-05,0,1559,4,1559,6,1,1,6,1.0,-0.0,0.0
R_007899,6,0.0024,4.3994484516478106e-05,0,1550,5,1550,7,1,0,7,1.0,-0.0,0.0
R_007900,7,0.0028,4.725979208252306e-05,0,1559,4,1559,6,1,1,6,1.0,-0.0,0.0
R_007901,6,0.0024,4.2691076835805725e-05,0,1628,0,1628,7,1,3,7,1.0,-0.0,0.0
R_007902,3,0.0012,2.599639640007117e-05,0,1505,7,1505,6,1,4,6,1.0,-0.0,0.0
R_007903,6,0.0024,4.362962932240136e-05,0,1550,5,1550,7,1,0,7,1.0,-0.0,0.0
R_007904,3,0.0012,2.6475807061115244e-05,0,3102,1,1571,5,3,7,3,0.6,0.9502705392332348,0.8649735207179272
R_007905,3,0.0012,2.681731233273526e-05,0,3102,6,1531,5,1,2,5,1.0,-0.0,0.0
R_007906,6,0.0024,4.2304954688520025e-05,0,1562,3,1562,8,3,6,6,0.75,0.7356219397587946,0.6695919455357792
R_007907,9,0.0036,5.562213127890887e-05,0,3102,6,1531,7,1,2,7,1.0,-0.0,0.0
R_007908,20,0.008,0.00011050396934618815,0,1559,4,1559,8,1,1,8,1.0,-0.0,0.0
R_007909,9,0.0036,5.744466219885831e-05,0,1562,3,1562,8,2,6,7,0.875,0.3767701612564367,0.5435644431995964
R_007910,5,0.002,3.7117367109533226e-05,0,1562,3,1562,5,2,6,4,0.8,0.5004024235381879,0.7219280948873623
R_007911,9,0.0036,5.472796618081971e-05,0,3102,1,1571,7,2,7,6,0.8571428571428571,0.410116318288409,0.5916727785823274
R_007912,15,0.006,8.317807160977586e-05,0,3102,1,1571,8,4,7,4,0.5,1.2130075659799042,0.875
R_007913,1,0.0004,1.711474739551104e-05,0,1562,3,1562,5,1,6,5,1.0,-0.0,0.0
R_007914,3,0.0012,2.7980928761724232e-05,0,1559,4,1559,5,1,1,5,1.0,-0.0,0.0
R_007915,8,0.0032,5.089024165861385e-05,0,3102,6,1531,5,1,2,5,1.0,-0.0,0.0
R_007916,7,0.0028,5.114452310482905e-05,0,1565,2,1565,8,2,5,7,0.875,0.3767701612564367,0.5435644431995964
R_007917,12,0.0048,7.422045739281108e-05,0,1628,0,1628,7,1,3,7,1.0,-0.0,0.0
R_007918,9,0.0036,5.696414726471314e-05,0,1559,4,1559,7,1,1,7,1.0,-0.0,0.0
R_007919,4,0.0016,3.1907562478141664e-05,0,3102,1,1571,6,3,7,4,0.6666666666666666,0.8675632284814612,0.7896900821428474
R_007920,14,0.0056,8.516735007517433e-05,0,1550,5,1550,8,1,0,8,1.0,-0.0,0.0
R_007921,5,0.002,3.956869422816192e-05,0,1565,2,1565,8,2,5,7,0.875,0.3767701612564367,0.5435644431995964
R_007922,5,0.002,3.627241327993636e-05,0,3102,6,1531,6,1,2,6,1.0,-0.0,0.0
R_007923,11,0.0044,6.520411852841444e-05,0,3102,6,1531,8,1,2,8,1.0,-0.0,0.0
R_007924,8,0.0032,5.011730526807295e-05,0,3102,1,1571,7,2,7,5,0.7142857142857143,0.5982695885852573,0.8631205685666311
R_007925,16,0.0064,8.824521881632395e-05,0,1505,7,1505,7,1,4,7,1.0,-0.0,0.0
R_007926,11,0.0044,6.845856913848211e-05,0,1562,3,1562,8,2,6,7,0.875,0.3767701612564367,0.5435644431995964
R_007927,9,0.0036,5.458378256146993e-05,0,3102,1,1571,8,3,7,5,0.625,0.9002560512685369,0.8194483718728035
R_007928,4,0.0016,3.4097521447785676e-05,0,1565,2,1565,7,2,5,6,0.8571428571428571,0.410116318288409,0.5916727785823274
R_007929,10,0.004,6.15273235343984e-05,0,1562,3,1562,6,2,6,5,0.8333333333333334,0.4505612088663046,0.6500224216483541
R_007930,11,0.0044,6.69453490793555e-05,0,1559,4,1559,7,1,1,7,1.0,-0.0,0.0
R_007931,9,0.0036,5.8608464336906855e-05,0,1628,0,1628,8,1,3,8,1.0,-0.0,0.0
R_007932,3,0.0012,2.7954139747673696e-05,0,1550,5,1550,5,1,0,5,1.0,-0.0,0.0
R_007933,24,0.0096,0.00012735124041080877,0,3102,6,1531,8,1,2,8,1.0,-0.0,0.0
R_007934,7,0.0028,4.689788229698114e-05,0,1559,4,1559,7,1,1,7,1.0,-0.0,0.0
R_007935,10,0.004,6.721591269663866e-05,0,1565,2,1565,6,2,5,5,0.8333333333333334,0.4505612088663046,0.6500224216483541
R_007936,12,0.0048,6.90008618851142e-05,0,1505,7,1505,8,1,4,8,1.0,-0.0,0.0
R_007937,9,0.0036,5.7550050078164356e-05,0,1559,4,1559,5,1,1,5,1.0,-0.0,0.0
R_007938,8,0.0032,5.011480712696992e-05,0,3102,6,1531,6,1,2,6,1.0,-0.0,0.0
R_007939,10,0.004,5.98315825658986e-05,0,3102,6,1531,6,1,2,6,1.0,-0.0,0.0
R_007940,13,0.0052,7.890837760021451e-05,0,1628,0,1628,6,1,3,6,1.0,-0.0,0.0
R_007941,8,0.0032,5.023870878388917e-05,0,3102,1,1571,7,4,7,4,0.5714285714285714,1.1537419427010902,0.8322488896002307
R_007942,5,0.002,3.74785287841368e-05,0,1562,3,1562,5,2,6,4,0.8,0.5004024235381879,0.7219280948873623
R_007943,3,0.0012,2.724001636228094e-05,0,1562,3,1562,5,3,6,3,0.6,0.9502705392332348,0.8649735207179272
R_007944,8,0.0032,5.1692807590806944e-05,0,1559,4,1559,6,1,1,6,1.0,-0.0,0.0
R_007945,3,0.0012,2.685685147695067e-05,0,1559,4,1559,7,1,1,7,1.0,-0.0,0.0
R_007946,7,0.0028,4.727416589623412e-05,0,1559,4,1559,7,1,1,7,1.0,-0.0,0.0
R_007947,15,0.006,8.708198396750589e-05,0,1562,3,1562,8,3,6,6,0.75,0.7356219397587946,0.6695919455357792
R_007948,8,0.0032,5.183714185972433e-05,0,1559,4,1559,7,1,1,7,1.0,-0.0,0.0
R_007949,3,0.0012,2.7417459377513363e-05,0,1562,3,1562,5,2,6,4,0.8,0.5004024235381879,0.7219280948873623
R_007950,7,0.0028,4.637048927259816e-05,0,3102,6,1531,8,1,2,8,1.0,-0.0,0.0
R_007951,7,0.0028,4.707689504450239e-05,0,1559,4,1559,6,1,1,6,1.0,-0.0,0.0
R_007952,12,0.0048,6.984525742571426e-05,0,3102,1,1571,6,4,7,3,0.5,1.242453324894,0.8962406251802889
R_007953,4,0.0016,3.2509106124564035e-05,0,1562,3,1562,5,2,6,4,0.8,0.5004024235381879,0.7219280948873623
R_007954,13,0.0052,8.109789604737768e-05,0,1550,5,1550,8,1,0,8,1.0,-0.0,0.0
R_007955,7,0.0028,5.0169687846925096e-05,0,1565,2,1565,7,2,5,6,0.8571428571428571,0.410116318288409,0.5916727785823274
R_007956,17,0.0068,9.697818750381546e-05,0,1559,4,1559,7,1,1,7,1.0,-0.0,0.0
R_007957,12,0.0048,6.861062929889378e-05,0,1505,7,1505,8,1,4,8,1.0,-0.0,0.0
R_007958,4,0.0016,3.195608068429689e-05,0,1559,4,1559,6,1,1,6,1.0,-0.0,0.0
R_007959,12,0.0048,7.073830605515573e-05,0,3102,6,1531,8,1,2,8,1.0,-0.0,0.0
R_007960,10,0.004,6.24322146613402e-05,0,1562,3,1562,6,2,6,5,0.8333333333333334,0.4505612088663046,0.6500224216483541
R_007961,6,0.0024,4.040472262396162e-05,0,1505,7,1505,5,1,4,5,1.0,-0.0,0.0
R_007962,2,0.0008,2.188883050846084e-05,0,1505,7,1505,5,1,4,5,1.0,-0.0,0.0
R_007963,6,0.0024,4.142541061184595e-05,0,3102,1,1571,6,3,7,4,0.6666666666666666,0.8675632284814612,0.7896900821428474
R_007964,7,0.0028,4.550918460061072e-05,0,3102,1,1571,6,3,7,4,0.6666666666666666,0.8675632284814612,0.7896900821428474
R_007965,16,0.0064,9.183539865790415e-05,0,1562,3,1562,8,3,6,6,0.75,0.7356219397587946,0.6695919455357792
R_007966,4,0.0016,3.259351515446144e-05,0,1562,3,1562,6,2,6,5,0.8333333333333334,0.4505612088663046,0.6500224216483541
R_007967,7,0.0028,4.815574760008813e-05,0,1628,0,1628,5,1,3,5,1.0,-0.0,0.0
R_007968,9,0.0036,5.952099923085534e-05,0,1550,5,1550,7,1,0,7,1.0,-0.0,0.0
R_007969,10,0.004,6.26282292012572e-05,0,1562,3,1562,7,2,6,6,0.8571428571428571,0.410116318288409,0.5916727785823274
R_007970,3,0.0012,2.6948974283694574e-05,0,3102,1,1571,6,3,7,3,0.5,1.0114042647073518,0.920619835714305
R_007971,14,0.0056,7.873018076778235e-05,0,1505,7,1505,8,1,4,8,1.0,-0.0,0.0
R_007972,10,0.004,6.0376356148904665e-05,0,3102,6,1531,7,1,2,7,1.0,-0.0,0.0
R_007973,1,0.0004,1.7191929333463136e-05,0,3102,1,1571,5,3,7,3,0.6,0.9502705392332348,0.8649735207179272
R_007974,9,0.0036,6.105942661812779e-05,0,1565,2,1565,6,1,5,6,1.0,-0.0,0.0
R_007975,6,0.0024,4.107430844206438e-05,0,3102,1,1571,5,4,7,2,0.4,1.3321790402101223,0.9609640474436812
R_007976,8,0.0032,5.4361909088936484e-05,0,1550,5,1550,8,1,0,8,1.0,-0.0,0.0
R_007977,8,0.0032,5.266156919263312e-05,0,1562,3,1562,8,3,6,6,0.75,0.7356219397587946,0.6695919455357792
R_007978,7,0.0028,4.7229887798578696e-05,0,1559,4,1559,6,1,1,6,1.0,-0.0,0.0
R_007979,13,0.0052,7.759220022666972e-05,0,1559,4,1559,7,1,1,7,1.0,-0.0,0.0
R_007980,1,0.0004,1.793988694108044e-05,0,1565,2,1565,5,1,5,5,1.0,-0.0,0.0
R_007981,14,0.0056,7.919317568275876e-05,0,3102,6,1531,8,1,2,8,1.0,-0.0,0.0
R_007982,7,0.0028,4.791320467526615e-05,0,1628,0,1628,5,1,3,5,1.0,-0.0,0.0
R_007983,9,0.0036,6.185433134036154e-05,0,1565,2,1565,6,2,5,5,0.8333333333333334,0.4505612088663046,0.6500224216483541
R_007984,8,0.0032,5.2563600642214105e-05,0,1562,3,1562,8,2,6,7,0.875,0.3767701612564367,0.5435644431995964
R_007985,6,0.0024,4.267800586364089e-05,0,1562,3,1562,7,3,6,5,0.7142857142857143,0.796311640173813,0.7248340915057598
R_007986,17,0.0068,9.252692887292572e-05,0,3102,1,1571,8,3,7,5,0.625,0.9002560512685369,0.8194483718728035
R_007987,9,0.0036,5.721617364049155e-05,0,1562,3,1562,7,3,6,5,0.7142857142857143,0.796311640173813,0.7248340915057598
R_007988,14,0.0056,7.870303276536308e-05,0,3102,1,1571,8,4,7,4,0.5,1.2130075659799042,0.875
R_007989,5,0.002,3.580163979525717e-05,0,3102,6,1531,6,1,2,6,1.0,-0.0,0.0
R_007990,8,0.0032,5.446293969537612e-05,0,1550,5,1550,7,1,0,7,1.0,-0.0,0.0
R_007991,12,0.0048,7.512275450788688e-05,0,1550,5,1550,7,1,0,7,1.0,-0.0,0.0
R_007992,3,0.0012,2.865367603827548e-05,0,1565,2,1565,5,1,5,5,1.0,-0.0,0.0
R_007993,6,0.0024,4.279943061302191e-05,0,1559,4,1559,6,1,1,6,1.0,-0.0,0.0
R_007994,8,0.0032,5.336402984086861e-05,0,1628,0,1628,8,1,3,8,1.0,-0.0,0.0
R_007995,0,0.0,1.2023710757614017e-05,1,1,30,1,5,1,5,5,1.0,-0.0,0.0
R_007996,3,0.0012,2.724976503563905e-05,0,1559,4,1559,6,1,1,6,1.0,-0.0,0.0
R_007997,7,0.0028,4.500117629319344e-05,0,3102,1,1571,6,2,7,5,0.8333333333333334,0.4505612088663046,0.6500224216483541
R_007998,10,0.004,6.0613351356867785e-05,0,3102,6,1531,7,1,2,7,1.0,-0.0,0.0
R_007999,7,0.0028,4.757701550848409e-05,0,1559,4,1559,6,1,1,6,1.0,-0.0,0.0
R_008000,9,0.0036,5.7176630697115494e-05,0,1562,3,1562,8,3,6,6,0.75,0.7356219397587946,0.6695919455357792
R_008001,4,0.0016,3.216334682776251e-05,0,1559,4,1559,5,1,1,5,1.0,-0.0,0.0
R_008002,7,0.0028,4.516757809950158e-05,0,1505,7,1505,7,1,4,7,1.0,-0.0,0.0
R_008003,13,0.0052,8.01405597497186e-05,0,1550,5,1550,6,1,0,6,1.0,-0.0,0.0
R_008004,11,0.0044,6.408468591483867e-05,0,1505,7,1505,8,1,4,8,1.0,-0.0,0.0
R_008005,7,0.0028,4.816229869326629e-05,0,1628,0,1628,7,1,3,7,1.0,-0.0,0.0
R_008006,10,0.004,5.987799391873357e-05,0,3102,1,1571,7,4,7,3,0.4285714285714285,1.277034259466139,0.9211854965885544
R_008007,8,0.0032,5.244077312588887e-05,0,1562,3,1562,6,2,6,5,0.8333333333333334,0.4505612088663046,0.6500224216483541
R_008008,14,0.0056,8.306105960273259e-05,0,1559,4,1559,8,1,1,8,1.0,-0.0,0.0
R_008009,4,0.0016,3.2614390904369424e-05,0,1562,3,1562,6,3,6,4,0.6666666666666666,0.8675632284814612,0.7896900821428474
R_008010,10,0.004,6.037079801226266e-05,0,1505,7,1505,7,1,4,7,1.0,-0.0,0.0
R_008011,8,0.0032,5.316265530778314e-05,0,1628,0,1628,6,1,3,6,1.0,-0.0,0.0
R_008012,5,0.002,3.7206177316823214e-05,0,1559,4,1559,8,1,1,8,1.0,-0.0,0.0
R_008013,16,0.0064,9.03158123621355e-05,0,3102,6,1531,7,1,2,7,1.0,-0.0,0.0
R_008014,3,0.0012,2.801588638342273e-05,0,1550,5,1550,5,1,0,5,1.0,-0.0,0.0
R_008015,11,0.0044,6.859033119500737e-05,0,1628,0,1628,8,1,3,8,1.0,-0.0,0.0
R_008016,15,0.006,8.283483437731458e-05,0,3102,6,1531,8,1,2,8,1.0,-0.0,0.0
R_008017,6,0.0024,4.2151660630685366e-05,0,1559,4,1559,6,1,1,6,1.0,-0.0,0.0
R_008018,4,0.0016,3.254956888718565e-05,0,1559,4,1559,6,1,1,6,1.0,-0.0,0.0
R_008019,4,0.0016,3.257893692068378e-05,0,1628,0,1628,5,1,3,5,1.0,-0.0,0.0
R_008020,6,0.0024,4.498099153638398e-05,0,1565,2,1565,6,1,5,6,1.0,-0.0,0.0
R_008021,4,0.0016,3.22248651363372e-05,0,1559,4,1559,8,1,1,8,1.0,-0.0,0.0
R_008022,9,0.0036,5.7094833261674184e-05,0,1562,3,1562,8,3,6,6,0.75,0.7356219397587946,0.6695919455357792
R_008023,2,0.0008,2.2135754165008232e-05,0,1559,4,1559,5,1,1,5,1.0,-0.0,0.0
R_008024,7,0.0028,4.737249112595918e-05,0,1562,3,1562,6,2,6,5,0.8333333333333334,0.4505612088663046,0.6500224216483541
R_008025,5,0.002,3.614503376900237e-05,0,1505,7,1505,8,1,4,8,1.0,-0.0,0.0
R_008026,8,0.0032,4.9909996531901614e-05,0,1505,7,1505,8,1,4,8,1.0,-0.0,0.0
R_008027,29,0.0116,0.00014809878628555055,0,1505,7,1505,8,1,4,8,1.0,-0.0,0.0
R_008028,9,0.0036,5.535810068302075e-05,0,3102,6,1531,7,1,2,7,1.0,-0.0,0.0
R_008029,7,0.0028,5.033741135741743e-05,0,1565,2,1565,6,1,5,6,1.0,-0.0,0.0
R_008030,26,0.0104,0.0001346965433786341,0,1505,7,1505,7,1,4,7,1.0,-0.0,0.0
R_008031,7,0.0028,4.5899988794717324e-05,0,3102,1,1571,7,3,7,5,0.7142857142857143,0.796311640173813,0.7248340915057598
R_008032,5,0.002,3.808059214782987e-05,0,1628,0,1628,6,1,3,6,1.0,-0.0,0.0
R_008033,9,0.0036,5.827021847148346e-05,0,1559,4,1559,6,1,1,6,1.0,-0.0,0.0
R_008034,8,0.0032,5.1965003825530016e-05,0,1559,4,1559,8,1,1,8,1.0,-0.0,0.0
R_008035,12,0.0048,6.867160910732825e-05,0,3102,1,1571,8,4,7,4,0.5,1.2130075659799042,0.875
R_008036,1,0.0004,1.692121591296364e-05,0,1505,7,1505,5,1,4,5,1.0,-0.0,0.0
R_008037,6,0.0024,4.187300333731107e-05,0,1562,3,1562,6,3,6,4,0.6666666666666666,0.8675632284814612,0.7896900821428474
R_008038,8,0.0032,5.6006345487288774e-05,0,1565,2,1565,6,2,5,5,0.8333333333333334,0.4505612088663046,0.6500224216483541
R_008039,15,0.006,8.457350063279171e-05,0,3102,6,1531,8,1,2,8,1.0,-0.0,0.0
R_008040,6,0.0024,4.539459560072799e-05,0,1565,2,1565,7,2,5,6,0.8571428571428571,0.410116318288409,0.5916727785823274
R_008041,4,0.0016,3.2589475763738026e-05,0,1628,0,1628,5,1,3,5,1.0,-0.0,0.0
R_008042,5,0.002,3.5719082992021385e-05,0,3102,1,1571,5,3,2,2,0.4,1.0549201679861442,0.9602297178607612
R_008043,3,0.0012,2.7391250835581034e-05,0,1562,3,1562,6,3,6,4,0.6666666666666666,0.8675632284814612,0.7896900821428474
R_008044,22,0.0088,0.00012194358119798973,0,1559,4,1559,8,1,1,8,1.0,-0.0,0.0
R_008045,2,0.0008,2.1999039459444613e-05,0,3102,1,1571,5,3,7,3,0.6,0.9502705392332348,0.8649735207179272
R_008046,7,0.0028,4.588126992171184e-05,0,3102,6,1531,5,1,2,5,1.0,-0.0,0.0
R_008047,9,0.0036,5.842556056462988e-05,0,1628,0,1628,5,1,3,5,1.0,-0.0,0.0
R_008048,3,0.0012,2.6206582061121797e-05,0,1505,7,1505,5,1,4,5,1.0,-0.0,0.0
R_008049,3,0.0012,2.6325760799646677e-05,0,3102,1,1571,5,3,2,2,0.4,1.0549201679861442,0.9602297178607612
R_008050,4,0.0016,3.174386025706607e-05,0,1559,4,1559,5,1,1,5,1.0,-0.0,0.0
R_008051,6,0.0024,4.424134903969706e-05,0,1565,2,1565,7,2,5,6,0.8571428571428571,0.410116318288409,0.5916727785823274
R_008052,12,0.0048,6.947715759108443e-05,0,3102,1,1571,8,4,7,5,0.625,1.073542846408523,0.7743974703476992
R_008053,14,0.0056,8.445574305723905e-05,0,1559,4,1559,8,1,1,8,1.0,-0.0,0.0
R_008054,7,0.0028,4.5001668500190816e-05,0,3102,1,1571,7,3,7,5,0.7142857142857143,0.796311640173813,0.7248340915057598
R_008055,5,0.002,3.5833532858961484e-05,0,1505,7,1505,6,1,4,6,1.0,-0.0,0.0
R_008056,5,0.002,3.6060646960858974e-05,0,1505,7,1505,7,1,4,7,1.0,-0.0,0.0
R_008057,17,0.0068,9.682936412506885e-05,0,1562,3,1562,8,3,6,6,0.75,0.7356219397587946,0.6695919455357792
R_008058,5,0.002,3.728548047706126e-05,0,1559,4,1559,5,1,1,5,1.0,-0.0,0.0
R_008059,8,0.0032,5.603065986393e-05,0,1565,2,1565,7,1,5,7,1.0,-0.0,0.0
R_008060,8,0.0032,5.571357421245927e-05,0,1565,2,1565,8,1,5,8,1.0,-0.0,0.0
R_008061,7,0.0028,5.058140718542108e-05,0,1565,2,1565,6,2,5,5,0.8333333333333334,0.4505612088663046,0.6500224216483541
R_008062,13,0.0052,7.823401659042905e-05,0,1628,0,1628,7,1,3,7,1.0,-0.0,0.0
R_008063,9,0.0036,5.787976652986686e-05,0,1562,3,1562,6,1,6,6,1.0,-0.0,0.0
R_008064,20,0.008,0.0001224892422227838,0,1565,2,1565,7,2,5,6,0.8571428571428571,0.410116318288409,0.5916727785823274
R_008065,6,0.0024,4.044442071874127e-05,0,3102,1,1571,6,3,7,4,0.6666666666666666,0.8675632284814612,0.7896900821428474
R_008066,21,0.0084,0.00011170559203808899,0,1505,7,1505,7,1,4,7,1.0,-0.0,0.0
R_008067,7,0.0028,4.5978774166896414e-05,0,3102,6,1531,5,1,2,5,1.0,-0.0,0.0
R_008068,7,0.0028,4.914798104317217e-05,0,1550,5,1550,8,1,0,8,1.0,-0.0,0.0
R_008069,14,0.0056,8.165529017098415e-05,0,1559,4,1559,8,1,1,8,1.0,-0.0,0.0
R_008070,5,0.002,3.8222377952097795e-05,0,1550,5,1550,6,1,0,6,1.0,-0.0,0.0
R_008071,4,0.0016,3.2657100692440764e-05,0,1562,3,1562,8,3,6,6,0.75,0.7356219397587946,0.6695919455357792
R_008072,14,0.0056,7.833400349101505e-05,0,3102,1,1571,8,4,7,4,0.5,1.2130075659799042,0.875
R_008073,4,0.0016,3.424823758711668e-05,0,1565,2,1565,7,2,5,6,0.8571428571428571,0.410116318288409,0.5916727785823274
R_008074,6,0.0024,4.0487282291607936e-05,0,1505,7,1505,7,1,4,7,1.0,-0.0,0.0
R_008075,4,0.0016,3.0983601886072745e-05,0,3102,1,1571,5,3,7,3,0.6,0.9502705392332348,0.8649735207179272
R_008076,4,0.0016,3.105503543576236e-05,0,1505,7,1505,5,1,4,5,1.0,-0.0,0.0
R_008077,6,0.0024,4.308710226046005e-05,0,1628,0,1628,5,1,3,5,1.0,-0.0,0.0
R_008078,12,0.0048,6.832825677032031e-05,0,1505,7,1505,8,1,4,8,1.0,-0.0,0.0
R_008079,5,0.002,3.744510090158766e-05,0,1562,3,1562,6,1,6,6,1.0,-0.0,0.0
R_008080,10,0.004,5.982062223017e-05,0,3102,1,1571,7,4,7,4,0.5714285714285714,1.1537419427010902,0.8322488896002307
R_008081,5,0.002,3.652410324563606e-05,0,3102,6,1531,6,1,2,6,1.0,-0.0,0.0
R_008082,6,0.0024,4.119164814479434e-05,0,3102,6,1531,7,1,2,7,1.0,-0.0,0.0
R_008083,7,0.0028,4.7330396062389356e-05,0,1562,3,1562,8,3,6,6,0.75,0.7356219397587946,0.6695919455357792
R_008084,6,0.0024,4.342551577511913e-05,0,1550,5,1550,6,1,0,6,1.0,-0.0,0.0
R_008085,5,0.002,3.5457497133716154e-05,0,1505,7,1505,6,1,4,6,1.0,-0.0,0.0
R_008086,8,0.0032,5.602339784488688e-05,0,1565,2,1565,8,2,5,7,0.875,0.3767701612564367,0.5435644431995964
R_008087,6,0.0024,4.110497426506928e-05,0,3102,1,1571,5,3,7,3,0.6,0.9502705392332348,0.8649735207179272
R_008088,5,0.002,3.7411921725238104e-05,0,1559,4,1559,6,1,1,6,1.0,-0.0,0.0
R_008089,4,0.0016,3.430073698384457e-05,0,1565,2,1565,5,2,5,4,0.8,0.5004024235381879,0.7219280948873623
R_008090,5,0.002,3.756142804928754e-05,0,1628,0,1628,6,1,3,6,1.0,-0.0,0.0
R_008091,4,0.0016,3.1844295850217157e-05,0,3102,6,1531,5,1,2,5,1.0,-0.0,0.0
R_008092,11,0.0044,6.915006081719437e-05,0,1628,0,1628,7,1,3,7,1.0,-0.0,0.0
R_008093,5,0.002,3.60881107413673e-05,0,3102,6,1531,6,1,2,6,1.0,-0.0,0.0
R_008094,10,0.004,6.502230515904476e-05,0,1550,5,1550,8,1,0,8,1.0,-0.0,0.0
R_008095,6,0.0024,4.2446924317761314e-05,0,1562,3,1562,6,2,6,5,0.8333333333333334,0.4505612088663046,0.6500224216483541
R_008096,7,0.0028,4.5745068920401846e-05,0,3102,6,1531,7,1,2,7,1.0,-0.0,0.0
R_008097,11,0.0044,6.518664647685193e-05,0,3102,1,1571,7,3,7,4,0.5714285714285714,0.9556998911125344,0.8699155297736259
R_008098,6,0.0024,4.471759105104047e-05,0,1565,2,1565,7,2,5,6,0.8571428571428571,0.410116318288409,0.5916727785823274
R_008099,5,0.002,3.819538674417147e-05,0,1550,5,1550,8,1,0,8,1.0,-0.0,0.0
R_008100,8,0.0032,5.036383243116387e-05,0,1505,7,1505,8,1,4,8,1.0,-0.0,0.0
R_008101,3,0.0012,2.6295994638732425e-05,0,1505,7,1505,6,1,4,6,1.0,-0.0,0.0
R_008102,4,0.0016,3.171599565484592e-05,0,3102,1,1571,5,3,2,2,0.4,1.0549201679861442,0.9602297178607612
R_008103,9,0.0036,5.8204686471220526e-05,0,1628,0,1628,8,1,3,8,1.0,-0.0,0.0
R_008104,6,0.0024,4.0982385142570615e-05,0,3102,1,1571,7,4,7,3,0.4285714285714285,1.277034259466139,0.9211854965885544
R_008105,6,0.0024,4.210580465382401e-05,0,1562,3,1562,5,1,6,5,1.0,-0.0,0.0
R_008106,13,0.0052,7.320397096265018e-05,0,1505,7,1505,7,1,4,7,1.0,-0.0,0.0
R_008107,6,0.0024,4.37594009968314e-05,0,1628,0,1628,5,1,3,5,1.0,-0.0,0.0
R_008108,7,0.0028,4.668437680035848e-05,0,1559,4,1559,7,1,1,7,1.0,-0.0,0.0
R_008109,6,0.0024,4.144385874986069e-05,0,3102,6,1531,8,1,2,8,1.0,-0.0,0.0
R_008110,9,0.0036,5.494299962520087e-05,0,1505,7,1505,7,1,4,7,1.0,-0.0,0.0
R_008111,14,0.0056,8.769824691492412e-05,0,1565,2,1565,8,2,5,7,0.875,0.3767701612564367,0.5435644431995964
R_008112,8,0.0032,5.050451829755035e-05,0,3102,1,1571,6,2,7,4,0.6666666666666666,0.6365141682948128,0.9182958340544894
R_008113,10,0.004,6.457453069827777e-05,0,1550,5,1550,8,1,0,8,1.0,-0.0,0.0
R_008114,9,0.0036,5.9996555526713335e-05,0,1550,5,1550,5,1,0,5,1.0,-0.0,0.0
R_008115,9,0.0036,5.747253943970929e-05,0,1559,4,1559,7,1,1,7,1.0,-0.0,0.0
R_008116,8,0.0032,5.4694417941811254e-05,0,1550,5,1550,8,1,0,8,1.0,-0.0,0.0
R_008117,4,0.0016,3.211556185380801e-05,0,1559,4,1559,5,1,1,5,1.0,-0.0,0.0
R_008118,2,0.0008,2.2212236116793557e-05,0,3102,1,1571,6,3,7,4,0.6666666666666666,0.8675632284814612,0.7896900821428474
R_008119,6,0.0024,4.302125889194813e-05,0,1628,0,1628,6,1,3,6,1.0,-0.0,0.0
R_008120,10,0.004,6.369382690737423e-05,0,1628,0,1628,6,1,3,6,1.0,-0.0,0.0
R_008121,6,0.0024,4.511535961755912e-05,0,1565,2,1565,8,2,5,7,0.875,0.3767701612564367,0.5435644431995964
R_008122,9,0.0036,5.833296475543209e-05,0,1628,0,1628,8,1,3,8,1.0,-0.0,0.0
R_008123,9,0.0036,5.842326043291798e-05,0,1628,0,1628,8,1,3,8,1.0,-0.0,0.0
R_008124,4,0.0016,3.477106471382909e-05,0,1565,2,1565,5,1,5,5,1.0,-0.0,0.0
R_008125,12,0.0048,7.344329541549717e-05,0,1562,3,1562,8,3,6,6,0.75,0.7356219397587946,0.6695919455357792
R_008126,18,0.0072,0.00010281110372232993,0,1562,3,1562,8,3,6,6,0.75,0.7356219397587946,0.6695919455357792
R_008127,6,0.0024,4.4505865231097464e-05,0,1550,5,1550,7,1,0,7,1.0,-0.0,0.0
R_008128,9,0.0036,5.968714164614423e-05,0,1550,5,1550,6,1,0,6,1.0,-0.0,0.0
R_008129,9,0.0036,5.6598461111276836e-05,0,1562,3,1562,8,3,6,6,0.75,0.7356219397587946,0.6695919455357792
R_008130,8,0.0032,5.041424716251441e-05,0,3102,1,1571,6,4,7,3,0.5,1.242453324894,0.8962406251802889
R_008131,16,0.0064,8.853432110205206e-05,0,3102,1,1571,7,2,7,6,0.8571428571428571,0.410116318288409,0.5916727785823274
R_008132,13,0.0052,7.734739149053857e-05,0,1562,3,1562,8,3,6,6,0.75,0.7356219397587946,0.6695919455357792
R_008133,4,0.0016,3.4407263287923125e-05,0,1565,2,1565,6,2,5,5,0.8333333333333334,0.4505612088663046,0.6500224216483541
R_008134,2,0.0008,2.234180278318695e-05,0,1562,3,1562,5,2,6,4,0.8,0.5004024235381879,0.7219280948873623
R_008135,6,0.0024,4.150784261702398e-05,0,3102,1,1571,5,2,7,3,0.6,0.6730116670092565,0.9709505944546688
R_008136,1,0.0004,1.7505623609610615e-05,0,1550,5,1550,5,1,0,5,1.0,-0.0,0.0
R_008137,10,0.004,6.503164198339835e-05,0,1550,5,1550,7,1,0,7,1.0,-0.0,0.0
R_008138,3,0.0012,2.6615795777933128e-05,0,3102,6,1531,5,1,2,5,1.0,-0.0,0.0
R_008139,8,0.0032,5.0100870672023165e-05,0,3102,1,1571,6,2,7,4,0.6666666666666666,0.6365141682948128,0.9182958340544894
R_008140,11,0.0044,6.700120866127721e-05,0,1559,4,1559,8,1,1,8,1.0,-0.0,0.0
R_008141,3,0.0012,2.847650575147102e-05,0,1565,2,1565,5,2,5,4,0.8,0.5004024235381879,0.7219280948873623
R_008142,10,0.004,5.948003362516145e-05,0,1505,7,1505,7,1,4,7,1.0,-0.0,0.0
R_008143,8,0.0032,5.3038355592703065e-05,0,1628,0,1628,8,1,3,8,1.0,-0.0,0.0
R_008144,7,0.0028,4.5709515005357796e-05,0,3102,6,1531,7,1,2,7,1.0,-0.0,0.0
R_008145,10,0.004,6.463143528022439e-05,0,1550,5,1550,6,1,0,6,1.0,-0.0,0.0
R_008146,8,0.0032,5.325528544887072e-05,0,1628,0,1628,8,1,3,8,1.0,-0.0,0.0
R_008147,5,0.002,3.562601602691008e-05,0,1505,7,1505,6,1,4,6,1.0,-0.0,0.0
R_008148,8,0.0032,5.165590001678909e-05,0,1559,4,1559,6,1,1,6,1.0,-0.0,0.0
R_008149,11,0.0044,6.880100478546893e-05,0,1628,0,1628,6,1,3,6,1.0,-0.0,0.0
R_008150,11,0.0044,6.862385404858075e-05,0,1628,0,1628,7,1,3,7,1.0,-0.0,0.0
R_008151,4,0.0016,3.1477008244411146e-05,0,3102,1,1571,7,4,7,4,0.5714285714285714,1.1537419427010902,0.8322488896002307
R_008152,3,0.0012,2.7007417727173064e-05,0,3102,1,1571,5,3,7,3,0.6,0.9502705392332348,0.8649735207179272
R_008153,5,0.002,3.7892991487336835e-05,0,1628,0,1628,6,1,3,6,1.0,-0.0,0.0
R_008154,15,0.006,8.51729234932387e-05,0,3102,6,1531,8,1,2,8,1.0,-0.0,0.0
R_008155,3,0.0012,2.795864681025962e-05,0,1550,5,1550,7,1,0,7,1.0,-0.0,0.0
R_008156,5,0.002,3.753293208171373e-05,0,1559,4,1559,5,1,1,5,1.0,-0.0,0.0
R_008157,7,0.0028,4.548023291734874e-05,0,3102,6,1531,6,1,2,6,1.0,-0.0,0.0
R_008158,9,0.0036,5.5474498611371387e-05,0,3102,6,1531,5,1,2,5,1.0,-0.0,0.0
R_008159,15,0.006,8.314615656281861e-05,0,3102,1,1571,7,4,7,4,0.5714285714285714,1.1537419427010902,0.8322488896002307
R_008160,5,0.002,3.902128572474059e-05,0,1550,5,1550,7,1,0,7,1.0,-0.0,0.0
R_008161,6,0.0024,4.522874177662468e-05,0,1565,2,1565,7,2,5,6,0.8571428571428571,0.410116318288409,0.5916727785823274
R_008162,4,0.0016,3.4857903292834976e-05,0,1565,2,1565,6,2,5,5,0.8333333333333334,0.4505612088663046,0.6500224216483541
R_008163,6,0.0024,4.106756747235804e-05,0,3102,1,1571,7,3,7,4,0.5714285714285714,0.9556998911125344,0.8699155297736259
R_008164,5,0.002,3.7277746549972905e-05,0,1562,3,1562,6,2,6,5,0.8333333333333334,0.4505612088663046,0.6500224216483541
R_008165,2,0.0008,2.2638889436772015e-05,0,1550,5,1550,5,1,0,5,1.0,-0.0,0.0
R_008166,20,0.008,0.00011217700109691296,0,1562,3,1562,8,3,6,6,0.75,0.7356219397587946,0.6695919455357792
R_008167,8,0.0032,5.4622201173759285e-05,0,1550,5,1550,8,1,0,8,1.0,-0.0,0.0
R_008168,5,0.002,3.8093248012698956e-05,0,1559,4,1559,5,1,1,5,1.0,-0.0,0.0
R_008169,3,0.0012,2.6747952009955426e-05,0,3102,6,1531,7,1,2,7,1.0,-0.0,0.0
R_008170,2,0.0008,2.2366806775731544e-05,0,1628,0,1628,5,1,3,5,1.0,-0.0,0.0
R_008171,2,0.0008,2.2682349461841488e-05,0,1550,5,1550,5,1,0,5,1.0,-0.0,0.0
R_008172,5,0.002,4.002063250147387e-05,0,1565,2,1565,5,2,5,4,0.8,0.5004024235381879,0.7219280948873623
R_008173,8,0.0032,5.038783648615294e-05,0,1505,7,1505,7,1,4,7,1.0,-0.0,0.0
R_008174,3,0.0012,2.6207090347823212e-05,0,3102,1,1571,5,2,7,4,0.8,0.5004024235381879,0.7219280948873623
R_008175,7,0.0028,4.635070628045972e-05,0,3102,6,1531,6,1,2,6,1.0,-0.0,0.0
R_008176,11,0.0044,6.683781243367605e-05,0,1559,4,1559,7,1,1,7,1.0,-0.0,0.0
R_008177,12,0.0048,7.216860738288897e-05,0,1559,4,1559,6,1,1,6,1.0,-0.0,0.0
R_008178,8,0.0032,5.2396249611945796e-05,0,1562,3,1562,8,3,6,6,0.75,0.7356219397587946,0.6695919455357792
R_008179,10,0.004,6.0313716620612653e-05,0,3102,1,1571,7,4,7,4,0.5714285714285714,1.1537419427010902,0.8322488896002307
R_008180,9,0.0036,6.154314319517717e-05,0,1565,2,1565,8,2,5,7,0.875,0.3767701612564367,0.5435644431995964
R_008181,8,0.0032,4.9495467451119635e-05,0,3102,1,1571,6,4,2,2,0.3333333333333333,1.3296613488547582,0.9591479170272448
R_008182,5,0.002,3.701013419288744e-05,0,3102,6,1531,5,1,2,5,1.0,-0.0,0.0
R_008183,9,0.0036,5.862127853754302e-05,0,1628,0,1628,8,1,3,8,1.0,-0.0,0.0
R_008184,7,0.0028,4.522659089807979e-05,0,3102,1,1571,6,4,7,3,0.5,1.242453324894,0.8962406251802889
R_008185,8,0.0032,4.995936424088608e-05,0,1505,7,1505,7,1,4,7,1.0,-0.0,0.0
R_008186,5,0.002,3.823159139170206e-05,0,1550,5,1550,7,1,0,7,1.0,-0.0,0.0
R_008187,5,0.002,3.776359773201671e-05,0,1562,3,1562,5,2,6,4,0.8,0.5004024235381879,0.7219280948873623
R_008188,7,0.0028,4.744084875554944e-05,0,1562,3,1562,5,2,6,4,0.8,0.5004024235381879,0.7219280948873623
R_008189,4,0.0016,3.3048922608985486e-05,0,1550,5,1550,5,1,0,5,1.0,-0.0,0.0
R_008190,10,0.004,6.792234069555604e-05,0,1565,2,1565,8,1,5,8,1.0,-0.0,0.0
R_008191,20,0.008,0.00012314852021446662,0,1565,2,1565,8,2,5,7,0.875,0.3767701612564367,0.5435644431995964
R_008192,5,0.002,3.7481381838255224e-05,0,1562,3,1562,5,2,6,4,0.8,0.5004024235381879,0.7219280948873623
R_008193,7,0.0028,5.044626054513022e-05,0,1565,2,1565,7,2,5,6,0.8571428571428571,0.410116318288409,0.5916727785823274
R_008194,4,0.0016,3.079523179585606e-05,0,1505,7,1505,6,1,4,6,1.0,-0.0,0.0
R_008195,9,0.0036,5.40588457391911e-05,0,3102,1,1571,5,2,7,3,0.6,0.6730116670092565,0.9709505944546688
R_008196,12,0.0048,7.282985786863877e-05,0,1559,4,1559,7,1,1,7,1.0,-0.0,0.0
R_008197,7,0.0028,4.7078270402066426e-05,0,1562,3,1562,7,3,6,5,0.7142857142857143,0.796311640173813,0.7248340915057598
R_008198,6,0.0024,4.4862273492723557e-05,0,1565,2,1565,7,2,5,6,0.8571428571428571,0.410116318288409,0.5916727785823274
R_008199,7,0.0028,4.8586963602578717e-05,0,1550,5,1550,8,1,0,8,1.0,-0.0,0.0
R_008200,9,0.0036,5.404394484928305e-05,0,1505,7,1505,8,1,4,8,1.0,-0.0,0.0
R_008201,12,0.0048,6.883878750603553e-05,0,1505,7,1505,8,1,4,8,1.0,-0.0,0.0
R_008202,7,0.0028,4.668351423101901e-05,0,1562,3,1562,7,3,6,5,0.7142857142857143,0.796311640173813,0.7248340915057598
R_008203,8,0.0032,5.007759101898228e-05,0,3102,1,1571,6,3,7,4,0.6666666666666666,0.8675632284814612,0.7896900821428474
R_008204,1,0.0004,1.7559303747215747e-05,0,1550,5,1550,6,1,0,6,1.0,-0.0,0.0
R_008205,9,0.0036,5.5440078443581144e-05,0,3102,6,1531,7,1,2,7,1.0,-0.0,0.0
R_008206,14,0.0056,8.254771690676723e-05,0,1559,4,1559,8,1,1,8,1.0,-0.0,0.0
R_008207,8,0.0032,4.961970384024544e-05,0,1505,7,1505,6,1,4,6,1.0,-0.0,0.0
R_008208,10,0.004,6.285417057881356e-05,0,1628,0,1628,7,1,3,7,1.0,-0.0,0.0
R_008209,8,0.0032,5.182754855366085e-05,0,1559,4,1559,7,1,1,7,1.0,-0.0,0.0
R_008210,9,0.0036,5.452164382159183e-05,0,3102,1,1571,7,4,7,4,0.5714285714285714,1.1537419427010902,0.8322488896002307
R_008211,5,0.002,3.73627122251618e-05,0,1559,4,1559,6,1,1,6,1.0,-0.0,0.0
R_008212,7,0.0028,4.493917997278527e-05,0,3102,6,1531,6,1,2,6,1.0,-0.0,0.0
R_008213,7,0.0028,4.528626482111001e-05,0,3102,1,1571,6,2,7,5,0.8333333333333334,0.4505612088663046,0.6500224216483541
R_008214,8,0.0032,5.3610502642709495e-05,0,1628,0,1628,8,1,3,8,1.0,-0.0,0.0
R_008215,7,0.0028,4.5802879676746423e-05,0,3102,1,1571,6,4,7,3,0.5,1.242453324894,0.8962406251802889
R_008216,9,0.0036,5.593060190784172e-05,0,3102,6,1531,7,1,2,7,1.0,-0.0,0.0
R_008217,5,0.002,3.8854998743647325e-05,0,1550,5,1550,7,1,0,7,1.0,-0.0,0.0
R_008218,4,0.0016,3.4130858503424986e-05,0,1565,2,1565,6,2,5,5,0.8333333333333334,0.4505612088663046,0.6500224216483541
R_008219,7,0.0028,4.8354432441577805e-05,0,1628,0,1628,7,1,3,7,1.0,-0.0,0.0
R_008220,7,0.0028,4.799415200680896e-05,0,1628,0,1628,7,1,3,7,1.0,-0.0,0.0
R_008221,9,0.0036,5.7459660612323816e-05,0,1562,3,1562,7,2,6,6,0.8571428571428571,0.410116318288409,0.5916727785823274
R_008222,4,0.0016,3.371952079603439e-05,0,1565,2,1565,7,2,5,6,0.8571428571428571,0.410116318288409,0.5916727785823274
R_008223,1,0.0004,1.7169529279601773e-05,0,3102,6,1531,6,1,2,6,1.0,-0.0,0.0
R_008224,10,0.004,5.970581519192949e-05,0,1505,7,1505,8,1,4,8,1.0,-0.0,0.0
R_008225,5,0.002,3.712648241018897e-05,0,1562,3,1562,6,2,6,5,0.8333333333333334,0.4505612088663046,0.6500224216483541
R_008226,5,0.002,3.6028639142912e-05,0,1505,7,1505,6,1,4,6,1.0,-0.0,0.0
R_008227,3,0.0012,2.7023969879824513e-05,0,3102,1,1571,6,4,2,2,0.3333333333333333,1.3296613488547582,0.9591479170272448
R_008228,5,0.002,3.733798707921258e-05,0,1559,4,1559,6,1,1,6,1.0,-0.0,0.0
R_008229,8,0.0032,5.249915325559896e-05,0,1562,3,1562,7,2,6,6,0.8571428571428571,0.410116318288409,0.5916727785823274
R_008230,3,0.0012,2.6428313484874623e-05,0,3102,1,1571,5,2,7,4,0.8,0.5004024235381879,0.7219280948873623
R_008231,5,0.002,3.818762806509759e-05,0,1628,0,1628,7,1,3,7,1.0,-0.0,0.0
R_008232,6,0.0024,4.1755830106341564e-05,0,1562,3,1562,5,1,6,5,1.0,-0.0,0.0
R_008233,3,0.0012,2.7259771708858875e-05,0,1562,3,1562,5,2,6,4,0.8,0.5004024235381879,0.7219280948873623
R_008234,6,0.0024,4.313625771103594e-05,0,1550,5,1550,7,1,0,7,1.0,-0.0,0.0
R_008235,10,0.004,5.9528391284683206e-05,0,1505,7,1505,6,1,4,6,1.0,-0.0,0.0
R_008236,11,0.0044,6.763832054704338e-05,0,1628,0,1628,7,1,3,7,1.0,-0.0,0.0
R_008237,8,0.0032,5.5946961668812565e-05,0,1565,2,1565,7,2,5,6,0.8571428571428571,0.410116318288409,0.5916727785823274
R_008238,6,0.0024,4.049877970947577e-05,0,1505,7,1505,8,1,4,8,1.0,-0.0,0.0
R_008239,4,0.0016,3.090704743870811e-05,0,3102,6,1531,5,1,2,5,1.0,-0.0,0.0
R_008240,6,0.0024,4.2269364151809514e-05,0,1562,3,1562,6,2,6,5,0.8333333333333334,0.4505612088663046,0.6500224216483541
R_008241,9,0.0036,5.376316425003847e-05,0,1505,7,1505,7,1,4,7,1.0,-0.0,0.0
R_008242,7,0.0028,5.042685110486169e-05,0,1565,2,1565,8,2,5,7,0.875,0.3767701612564367,0.5435644431995964
R_008243,3,0.0012,2.9549463266620213e-05,0,1565,2,1565,6,2,5,5,0.8333333333333334,0.4505612088663046,0.6500224216483541
R_008244,3,0.0012,2.7312185667350078e-05,0,1562,3,1562,6,2,6,5,0.8333333333333334,0.4505612088663046,0.6500224216483541
R_008245,8,0.0032,5.543324211923416e-05,0,1565,2,1565,8,2,5,7,0.875,0.3767701612564367,0.5435644431995964
R_008246,9,0.0036,5.5233914990322175e-05,0,1505,7,1505,6,1,4,6,1.0,-0.0,0.0
R_008247,3,0.0012,2.7576375769816713e-05,0,1562,3,1562,6,2,6,5,0.8333333333333334,0.4505612088663046,0.6500224216483541
R_008248,2,0.0008,2.2182081627601514e-05,0,1628,0,1628,5,1,3,5,1.0,-0.0,0.0
R_008249,7,0.0028,4.710974177529433e-05,0,1562,3,1562,5,1,6,5,1.0,-0.0,0.0
R_008250,5,0.002,3.789112066323305e-05,0,1628,0,1628,6,1,3,6,1.0,-0.0,0.0
R_008251,7,0.0028,4.536785133805691e-05,0,1505,7,1505,7,1,4,7,1.0,-0.0,0.0
R_008252,10,0.004,5.997791584998074e-05,0,3102,6,1531,5,1,2,5,1.0,-0.0,0.0
R_008253,10,0.004,6.46714745945179e-05,0,1550,5,1550,8,1,0,8,1.0,-0.0,0.0
R_008254,4,0.0016,3.317892122167421e-05,0,1550,5,1550,5,1,0,5,1.0,-0.0,0.0
R_008255,6,0.0024,4.053549025426193e-05,0,1505,7,1505,8,1,4,8,1.0,-0.0,0.0
R_008256,3,0.0012,2.6179771844777248e-05,0,3102,1,1571,5,2,7,4,0.8,0.5004024235381879,0.7219280948873623
R_008257,9,0.0036,6.203287689585625e-05,0,1565,2,1565,6,2,5,5,0.8333333333333334,0.4505612088663046,0.6500224216483541
R_008258,5,0.002,3.8217388820725146e-05,0,1628,0,1628,8,1,3,8,1.0,-0.0,0.0
R_008259,19,0.0076,0.00010659066365131501,0,1559,4,1559,8,1,1,8,1.0,-0.0,0.0
R_008260,7,0.0028,4.7484397445409464e-05,0,1559,4,1559,5,1,1,5,1.0,-0.0,0.0
R_008261,1,0.0004,1.758047773924878e-05,0,1565,2,1565,5,1,5,5,1.0,-0.0,0.0
R_008262,10,0.004,6.235531346469358e-05,0,1559,4,1559,8,1,1,8,1.0,-0.0,0.0
R_008263,12,0.0048,7.444202575818374e-05,0,1550,5,1550,7,1,0,7,1.0,-0.0,0.0
R_008264,8,0.0032,5.051837397870507e-05,0,3102,6,1531,5,1,2,5,1.0,-0.0,0.0
R_008265,8,0.0032,4.979631661710128e-05,0,1505,7,1505,8,1,4,8,1.0,-0.0,0.0
R_008266,1,0.0004,1.725413788449641e-05,0,1559,4,1559,5,1,1,5,1.0,-0.0,0.0
R_008267,6,0.0024,4.191460257083622e-05,0,1559,4,1559,5,1,1,5,1.0,-0.0,0.0
R_008268,3,0.0012,2.798385067791417e-05,0,1550,5,1550,5,1,0,5,1.0,-0.0,0.0
R_008269,5,0.002,3.667398664980946e-05,0,3102,1,1571,5,3,7,3,0.6,0.9502705392332348,0.8649735207179272
R_008270,7,0.0028,4.7891486516370294e-05,0,1628,0,1628,6,1,3,6,1.0,-0.0,0.0
R_008271,9,0.0036,5.6856542184512265e-05,0,1559,4,1559,8,1,1,8,1.0,-0.0,0.0
R_008272,6,0.0024,4.3101835815010166e-05,0,1628,0,1628,6,1,3,6,1.0,-0.0,0.0
R_008273,8,0.0032,5.066600237563119e-05,0,3102,1,1571,8,4,7,5,0.625,1.073542846408523,0.7743974703476992
R_008274,20,0.008,0.00011503102810323124,0,1628,0,1628,7,1,3,7,1.0,-0.0,0.0
R_008275,7,0.0028,4.718271382787133e-05,0,1562,3,1562,8,3,6,6,0.75,0.7356219397587946,0.6695919455357792
R_008276,9,0.0036,5.8963821565538525e-05,0,1550,5,1550,8,1,0,8,1.0,-0.0,0.0
R_008277,11,0.0044,7.261528698427903e-05,0,1565,2,1565,8,2,5,7,0.875,0.3767701612564367,0.5435644431995964
R_008278,13,0.0052,8.347135777356215e-05,0,1565,2,1565,8,1,5,8,1.0,-0.0,0.0
R_008279,11,0.0044,6.946793318674182e-05,0,1550,5,1550,8,1,0,8,1.0,-0.0,0.0
R_008280,6,0.0024,4.3491426718165286e-05,0,1550,5,1550,7,1,0,7,1.0,-0.0,0.0
R_008281,12,0.0048,6.788458140128001e-05,0,1505,7,1505,6,1,4,6,1.0,-0.0,0.0
R_008282,5,0.002,3.6231056088956565e-05,0,3102,1,1571,6,4,2,2,0.3333333333333333,1.3296613488547582,0.9591479170272448
R_008283,5,0.002,3.668683053152122e-05,0,3102,1,1571,5,3,2,2,0.4,1.0549201679861442,0.9602297178607612
R_008284,9,0.0036,5.867682111003034e-05,0,1550,5,1550,8,1,0,8,1.0,-0.0,0.0
R_008285,5,0.002,3.622164624828827e-05,0,3102,6,1531,5,1,2,5,1.0,-0.0,0.0
R_008286,5,0.002,3.6981784456534796e-05,0,1559,4,1559,5,1,1,5,1.0,-0.0,0.0
R_008287,24,0.0096,0.0001311905868934467,0,1559,4,1559,8,1,1,8,1.0,-0.0,0.0
R_008288,10,0.004,6.245053392052914e-05,0,1559,4,1559,6,1,1,6,1.0,-0.0,0.0
R_008289,7,0.0028,4.72863361994308e-05,0,1559,4,1559,8,1,1,8,1.0,-0.0,0.0
R_008290,6,0.0024,4.082006571858184e-05,0,3102,6,1531,5,1,2,5,1.0,-0.0,0.0
R_008291,3,0.0012,2.6457876975789023e-05,0,1505,7,1505,5,1,4,5,1.0,-0.0,0.0
R_008292,4,0.0016,3.261908241230723e-05,0,1628,0,1628,5,1,3,5,1.0,-0.0,0.0
R_008293,3,0.0012,2.760287936218221e-05,0,1562,3,1562,5,1,6,5,1.0,-0.0,0.0
R_008294,7,0.0028,5.047787792676677e-05,0,1565,2,1565,8,2,5,7,0.875,0.3767701612564367,0.5435644431995964
R_008295,10,0.004,5.877333190152335e-05,0,1505,7,1505,7,1,4,7,1.0,-0.0,0.0
R_008296,6,0.0024,4.085161023673816e-05,0,3102,1,1571,7,4,7,4,0.5714285714285714,1.1537419427010902,0.8322488896002307
R_008297,6,0.0024,4.1191734019717836e-05,0,3102,6,1531,5,1,2,5,1.0,-0.0,0.0
R_008298,8,0.0032,5.217396581779325e-05,0,1562,3,1562,8,3,6,6,0.75,0.7356219397587946,0.6695919455357792
R_008299,10,0.004,6.451316150840178e-05,0,1550,5,1550,5,1,0,5,1.0,-0.0,0.0
R_008300,9,0.0036,5.772836764888746e-05,0,1562,3,1562,8,2,6,7,0.875,0.3767701612564367,0.5435644431995964
R_008301,6,0.0024,4.1775613087045296e-05,0,1559,4,1559,7,1,1,7,1.0,-0.0,0.0
R_008302,5,0.002,3.720408701333301e-05,0,1562,3,1562,5,2,6,4,0.8,0.5004024235381879,0.7219280948873623
R_008303,10,0.004,6.148698063596119e-05,0,1559,4,1559,6,1,1,6,1.0,-0.0,0.0
R_008304,8,0.0032,5.149311889945952e-05,0,1559,4,1559,7,1,1,7,1.0,-0.0,0.0
R_008305,5,0.002,3.5392531653099064e-05,0,1505,7,1505,6,1,4,6,1.0,-0.0,0.0
R_008306,6,0.0024,4.0226835063235856e-05,0,1505,7,1505,7,1,4,7,1.0,-0.0,0.0
R_008307,7,0.0028,4.802921274797294e-05,0,1628,0,1628,7,1,3,7,1.0,-0.0,0.0
R_008308,11,0.0044,6.407993622280201e-05,0,3102,1,1571,8,4,7,4,0.5,1.2130075659799042,0.875
R_008309,13,0.0052,7.750814245953549e-05,0,1559,4,1559,6,1,1,6,1.0,-0.0,0.0
R_008310,13,0.0052,8.071467707601242e-05,0,1550,5,1550,7,1,0,7,1.0,-0.0,0.0
R_008311,26,0.0104,0.0001352761777991833,0,1505,7,1505,6,1,4,6,1.0,-0.0,0.0
R_008312,20,0.008,0.0001164671055469251,0,1550,5,1550,7,1,0,7,1.0,-0.0,0.0
R_008313,8,0.0032,5.404703812599057e-05,0,1550,5,1550,7,1,0,7,1.0,-0.0,0.0
R_008314,4,0.0016,3.4611711550857756e-05,0,1565,2,1565,5,2,5,4,0.8,0.5004024235381879,0.7219280948873623
R_008315,3,0.0012,2.7485645852057516e-05,0,1628,0,1628,7,1,3,7,1.0,-0.0,0.0
R_008316,10,0.004,6.0237089362239044e-05,0,3102,6,1531,8,1,2,8,1.0,-0.0,0.0
R_008317,6,0.0024,4.1183301246065265e-05,0,3102,1,1571,6,4,7,3,0.5,1.242453324894,0.8962406251802889
R_008318,10,0.004,5.9848162730675384e-05,0,3102,1,1571,7,3,7,4,0.5714285714285714,0.9556998911125344,0.8699155297736259
R_008319,3,0.0012,2.7330662978896965e-05,0,1559,4,1559,7,1,1,7,1.0,-0.0,0.0
R_008320,12,0.0048,7.74509758165552e-05,0,1565,2,1565,5,1,5,5,1.0,-0.0,0.0
R_008321,10,0.004,6.251217808526421e-05,0,1559,4,1559,6,1,1,6,1.0,-0.0,0.0
R_008322,21,0.0084,0.00011208279304805765,0,3102,6,1531,8,1,2,8,1.0,-0.0,0.0
R_008323,6,0.0024,4.098474611130028e-05,0,3102,1,1571,5,2,7,4,0.8,0.5004024235381879,0.7219280948873623
R_008324,8,0.0032,5.258373861638098e-05,0,1562,3,1562,6,1,6,6,1.0,-0.0,0.0
R_008325,4,0.0016,3.396926161049094e-05,0,1565,2,1565,7,1,5,7,1.0,-0.0,0.0
R_008326,10,0.004,6.834968375947845e-05,0,1565,2,1565,7,2,5,6,0.8571428571428571,0.410116318288409,0.5916727785823274
R_008327,5,0.002,4.000490239392012e-05,0,1565,2,1565,6,2,5,5,0.8333333333333334,0.4505612088663046,0.6500224216483541
R_008328,5,0.002,3.822353306617508e-05,0,1628,0,1628,5,1,3,5,1.0,-0.0,0.0
R_008329,2,0.0008,2.1652299593158725e-05,0,3102,1,1571,5,3,7,3,0.6,0.9502705392332348,0.8649735207179272
R_008330,10,0.004,6.258388991938565e-05,0,1562,3,1562,8,3,6,6,0.75,0.7356219397587946,0.6695919455357792
R_008331,6,0.0024,4.1762654843487945e-05,0,1562,3,1562,5,2,6,4,0.8,0.5004024235381879,0.7219280948873623
R_008332,4,0.0016,3.2430134968651164e-05,0,1559,4,1559,5,1,1,5,1.0,-0.0,0.0
R_008333,7,0.0028,4.745728427254243e-05,0,1559,4,1559,5,1,1,5,1.0,-0.0,0.0
R_008334,10,0.004,6.294942311959325e-05,0,1562,3,1562,8,3,6,6,0.75,0.7356219397587946,0.6695919455357792
R_008335,18,0.0072,0.0001097175229921957,0,1565,2,1565,8,2,5,7,0.875,0.3767701612564367,0.5435644431995964
R_008336,15,0.006,9.013784341463576e-05,0,1550,5,1550,8,1,0,8,1.0,-0.0,0.0
R_008337,5,0.002,3.631915788967739e-05,0,1505,7,1505,6,1,4,6,1.0,-0.0,0.0
R_008338,2,0.0008,2.3069589820344576e-05,0,1565,2,1565,5,2,5,4,0.8,0.5004024235381879,0.7219280948873623
R_008339,9,0.0036,5.7768190234673486e-05,0,1628,0,1628,7,1,3,7,1.0,-0.0,0.0
R_008340,8,0.0032,5.291100874417358e-05,0,1628,0,1628,6,1,3,6,1.0,-0.0,0.0
R_008341,5,0.002,3.554891099782984e-05,0,3102,6,1531,6,1,2,6,1.0,-0.0,0.0
R_008342,10,0.004,5.9333735532299905e-05,0,1505,7,1505,6,1,4,6,1.0,-0.0,0.0
R_008343,6,0.0024,4.010729256684701e-05,0,1505,7,1505,5,1,4,5,1.0,-0.0,0.0
R_008344,5,0.002,3.7804494344270386e-05,0,1628,0,1628,8,1,3,8,1.0,-0.0,0.0
R_008345,8,0.0032,5.10092468423062e-05,0,3102,6,1531,6,1,2,6,1.0,-0.0,0.0
R_008346,5,0.002,3.869189851352904e-05,0,1628,0,1628,7,1,3,7,1.0,-0.0,0.0
R_008347,8,0.0032,5.2330606991952824e-05,0,1562,3,1562,6,3,6,4,0.6666666666666666,0.8675632284814612,0.7896900821428474
R_008348,7,0.0028,5.164303977216483e-05,0,1565,2,1565,7,1,5,7,1.0,-0.0,0.0
R_008349,4,0.0016,3.25113306311945e-05,0,1628,0,1628,6,1,3,6,1.0,-0.0,0.0
R_008350,8,0.0032,5.642605918997215e-05,0,1565,2,1565,7,2,5,6,0.8571428571428571,0.410116318288409,0.5916727785823274
R_008351,3,0.0012,2.720446427647418e-05,0,1559,4,1559,5,1,1,5,1.0,-0.0,0.0
R_008352,24,0.0096,0.00012647745285127504,0,3102,6,1531,7,1,2,7,1.0,-0.0,0.0
R_008353,8,0.0032,5.0649738687463745e-05,0,3102,1,1571,7,3,7,5,0.7142857142857143,0.796311640173813,0.7248340915057598
R_008354,8,0.0032,5.214692856134054e-05,0,1562,3,1562,6,1,6,6,1.0,-0.0,0.0
R_008355,4,0.0016,3.120459522120921e-05,0,1505,7,1505,5,1,4,5,1.0,-0.0,0.0
R_008356,11,0.0044,6.502396951336858e-05,0,3102,6,1531,6,1,2,6,1.0,-0.0,0.0
R_008357,7,0.0028,4.826631508289189e-05,0,1562,3,1562,7,2,6,6,0.8571428571428571,0.410116318288409,0.5916727785823274
R_008358,35,0.014,0.00017673165869679786,0,1505,7,1505,8,1,4,8,1.0,-0.0,0.0
R_008359,4,0.0016,3.383903420984455e-05,0,1565,2,1565,6,2,5,5,0.8333333333333334,0.4505612088663046,0.6500224216483541
R_008360,6,0.0024,4.5648398720608715e-05,0,1565,2,1565,6,2,5,5,0.8333333333333334,0.4505612088663046,0.6500224216483541
R_008361,3,0.0012,2.6880039159999882e-05,0,1505,7,1505,5,1,4,5,1.0,-0.0,0.0
R_008362,9,0.0036,5.9359944302403076e-05,0,1550,5,1550,8,1,0,8,1.0,-0.0,0.0
R_008363,3,0.0012,2.817630522495681e-05,0,1550,5,1550,6,1,0,6,1.0,-0.0,0.0
R_008364,5,0.002,3.78665222968224e-05,0,1628,0,1628,6,1,3,6,1.0,-0.0,0.0
R_008365,6,0.0024,4.3397271496839263e-05,0,1628,0,1628,6,1,3,6,1.0,-0.0,0.0
R_008366,10,0.004,6.0295633542175974e-05,0,3102,6,1531,5,1,2,5,1.0,-0.0,0.0
R_008367,6,0.0024,4.4077337745068815e-05,0,1550,5,1550,7,1,0,7,1.0,-0.0,0.0
R_008368,3,0.0012,2.8057744725722828e-05,0,1550,5,1550,7,1,0,7,1.0,-0.0,0.0
R_008369,6,0.0024,4.040318408001948e-05,0,3102,1,1571,7,4,7,3,0.4285714285714285,1.277034259466139,0.9211854965885544
R_008370,3,0.0012,2.6686356783060823e-05,0,3102,1,1571,5,3,7,3,0.6,0.9502705392332348,0.8649735207179272
R_008371,4,0.0016,3.211645993444484e-05,0,1562,3,1562,5,2,6,4,0.8,0.5004024235381879,0.7219280948873623
R_008372,4,0.0016,3.2772026416327564e-05,0,1550,5,1550,7,1,0,7,1.0,-0.0,0.0
R_008373,5,0.002,3.614143972900064e-05,0,1505,7,1505,5,1,4,5,1.0,-0.0,0.0
R_008374,26,0.0104,0.00014218358868301734,0,1559,4,1559,8,1,1,8,1.0,-0.0,0.0
R_008375,8,0.0032,5.233671079638035e-05,0,1559,4,1559,8,1,1,8,1.0,-0.0,0.0
R_008376,11,0.0044,6.956887079107546e-05,0,1550,5,1550,8,1,0,8,1.0,-0.0,0.0
R_008377,9,0.0036,5.915609232725721e-05,0,1628,0,1628,6,1,3,6,1.0,-0.0,0.0
R_008378,9,0.0036,5.9842698959889845e-05,0,1550,5,1550,7,1,0,7,1.0,-0.0,0.0
R_008379,8,0.0032,5.062458947414788e-05,0,3102,6,1531,6,1,2,6,1.0,-0.0,0.0
R_008380,4,0.0016,3.3322086155664665e-05,0,1550,5,1550,6,1,0,6,1.0,-0.0,0.0
R_008381,3,0.0012,2.6651953709191257e-05,0,3102,1,1571,5,3,7,3,0.6,0.9502705392332348,0.8649735207179272
R_008382,2,0.0008,2.213805708995801e-05,0,1559,4,1559,5,1,1,5,1.0,-0.0,0.0
R_008383,4,0.0016,3.1532869901608086e-05,0,3102,6,1531,5,1,2,5,1.0,-0.0,0.0
R_008384,7,0.0028,4.534972383647681e-05,0,3102,1,1571,5,2,7,4,0.8,0.5004024235381879,0.7219280948873623
R_008385,2,0.0008,2.196467537498673e-05,0,1559,4,1559,5,1,1,5,1.0,-0.0,0.0
R_008386,10,0.004,6.688084880039848e-05,0,1565,2,1565,5,1,5,5,1.0,-0.0,0.0
R_008387,6,0.0024,4.3566167804967976e-05,0,1550,5,1550,7,1,0,7,1.0,-0.0,0.0
R_008388,7,0.0028,4.939309625457603e-05,0,1550,5,1550,6,1,0,6,1.0,-0.0,0.0
R_008389,10,0.004,6.212295759820762e-05,0,1562,3,1562,8,3,6,6,0.75,0.7356219397587946,0.6695919455357792
R_008390,14,0.0056,7.909694271655086e-05,0,3102,1,1571,8,4,7,5,0.625,1.073542846408523,0.7743974703476992
R_008391,4,0.0016,3.135843900571888e-05,0,1505,7,1505,6,1,4,6,1.0,-0.0,0.0
R_008392,9,0.0036,5.5339986992833925e-05,0,1505,7,1505,7,1,4,7,1.0,-0.0,0.0
R_008393,10,0.004,6.046383340451415e-05,0,3102,6,1531,7,1,2,7,1.0,-0.0,0.0
R_008394,12,0.0048,6.905203185154895e-05,0,3102,6,1531,8,1,2,8,1.0,-0.0,0.0
R_008395,6,0.0024,4.3657832047912264e-05,0,1550,5,1550,5,1,0,5,1.0,-0.0,0.0
R_008396,5,0.002,3.704257278118207e-05,0,1562,3,1562,5,3,6,3,0.6,0.9502705392332348,0.8649735207179272
R_008397,4,0.0016,3.391208574094525e-05,0,1565,2,1565,7,1,5,7,1.0,-0.0,0.0
R_008398,4,0.0016,3.259515599854897e-05,0,1628,0,1628,5,1,3,5,1.0,-0.0,0.0
R_008399,3,0.0012,2.7698075805944304e-05,0,1562,3,1562,6,2,6,5,0.8333333333333334,0.4505612088663046,0.6500224216483541
R_008400,20,0.008,0.000112329096647952,0,1559,4,1559,7,1,1,7,1.0,-0.0,0.0
R_008401,8,0.0032,5.548307271276202e-05,0,1565,2,1565,8,2,5,7,0.875,0.3767701612564367,0.5435644431995964
R_008402,3,0.0012,2.6914288324819617e-05,0,1559,4,1559,6,1,1,6,1.0,-0.0,0.0
R_008403,9,0.0036,5.5076004890808305e-05,0,1505,7,1505,8,1,4,8,1.0,-0.0,0.0
R_008404,11,0.0044,6.823602676498965e-05,0,1628,0,1628,8,1,3,8,1.0,-0.0,0.0
R_008405,17,0.0068,9.280914298277495e-05,0,3102,6,1531,8,1,2,8,1.0,-0.0,0.0
R_008406,11,0.0044,6.441788950885042e-05,0,3102,1,1571,8,4,7,5,0.625,1.073542846408523,0.7743974703476992
R_008407,7,0.0028,4.709603344319423e-05,0,1562,3,1562,6,3,6,4,0.6666666666666666,0.8675632284814612,0.7896900821428474
R_008408,13,0.0052,7.414320595924586e-05,0,3102,1,1571,8,4,7,5,0.625,1.073542846408523,0.7743974703476992
R_008409,7,0.0028,4.721319168599738e-05,0,1559,4,1559,8,1,1,8,1.0,-0.0,0.0
R_008410,7,0.0028,4.754489262323599e-05,0,1562,3,1562,6,3,6,4,0.6666666666666666,0.8675632284814612,0.7896900821428474
R_008411,10,0.004,6.23908102317006e-05,0,1562,3,1562,7,2,6,6,0.8571428571428571,0.410116318288409,0.5916727785823274
R_008412,10,0.004,5.971111702940312e-05,0,3102,1,1571,6,4,2,2,0.3333333333333333,1.3296613488547582,0.9591479170272448
R_008413,6,0.0024,4.2886738923691375e-05,0,1628,0,1628,6,1,3,6,1.0,-0.0,0.0
R_008414,6,0.0024,4.0834542862710746e-05,0,3102,1,1571,5,4,7,2,0.4,1.3321790402101223,0.9609640474436812
R_008415,3,0.0012,2.8117619934752406e-05,0,1550,5,1550,5,1,0,5,1.0,-0.0,0.0
R_008416,11,0.0044,6.408196115676546e-05,0,3102,1,1571,6,3,7,4,0.6666666666666666,0.8675632284814612,0.7896900821428474
R_008417,10,0.004,6.03547279159088e-05,0,3102,1,1571,6,3,7,3,0.5,1.0114042647073518,0.920619835714305
R_008418,11,0.0044,6.824232301593792e-05,0,1628,0,1628,7,1,3,7,1.0,-0.0,0.0
R_008419,6,0.0024,4.109515902682014e-05,0,3102,6,1531,5,1,2,5,1.0,-0.0,0.0
R_008420,9,0.0036,5.977008356217789e-05,0,1565,2,1565,6,1,5,6,1.0,-0.0,0.0
R_008421,10,0.004,6.0193935641780224e-05,0,3102,1,1571,7,4,7,4,0.5714285714285714,1.1537419427010902,0.8322488896002307
R_008422,4,0.0016,3.25805093328029e-05,0,1562,3,1562,5,2,6,4,0.8,0.5004024235381879,0.7219280948873623
R_008423,8,0.0032,5.612139136196023e-05,0,1565,2,1565,7,1,5,7,1.0,-0.0,0.0
R_008424,6,0.0024,4.093831184691007e-05,0,3102,1,1571,5,2,7,3,0.6,0.6730116670092565,0.9709505944546688
R_008425,13,0.0052,7.760838746133551e-05,0,1559,4,1559,7,1,1,7,1.0,-0.0,0.0
R_008426,10,0.004,6.34401874188062e-05,0,1628,0,1628,6,1,3,6,1.0,-0.0,0.0
R_008427,11,0.0044,6.461038531965165e-05,0,1505,7,1505,8,1,4,8,1.0,-0.0,0.0
R_008428,9,0.0036,5.4327650477693245e-05,0,1505,7,1505,8,1,4,8,1.0,-0.0,0.0
R_008429,7,0.0028,4.627974822834724e-05,0,1505,7,1505,5,1,4,5,1.0,-0.0,0.0
R_008430,5,0.002,3.6237014053379105e-05,0,3102,1,1571,6,3,7,4,0.6666666666666666,0.8675632284814612,0.7896900821428474
R_008431,7,0.0028,4.785502282393459e-05,0,1628,0,1628,6,1,3,6,1.0,-0.0,0.0
R_008432,12,0.0048,7.388625006238369e-05,0,1628,0,1628,6,1,3,6,1.0,-0.0,0.0
R_008433,7,0.0028,4.752665379722221e-05,0,1562,3,1562,5,2,6,4,0.8,0.5004024235381879,0.7219280948873623
R_008434,2,0.0008,2.310955780166553e-05,0,1565,2,1565,6,2,5,5,0.8333333333333334,0.4505612088663046,0.6500224216483541
R_008435,6,0.0024,4.3265895316709856e-05,0,1550,5,1550,7,1,0,7,1.0,-0.0,0.0
R_008436,3,0.0012,2.7920887386539552e-05,0,1628,0,1628,5,1,3,5,1.0,-0.0,0.0
R_008437,3,0.0012,2.654028482830391e-05,0,1505,7,1505,5,1,4,5,1.0,-0.0,0.0
R_008438,3,0.0012,2.7440767852879636e-05,0,1559,4,1559,5,1,1,5,1.0,-0.0,0.0
R_008439,5,0.002,3.891198230455967e-05,0,1550,5,1550,8,1,0,8,1.0,-0.0,0.0
R_008440,6,0.0024,4.282425921749325e-05,0,1562,3,1562,7,2,6,6,0.8571428571428571,0.410116318288409,0.5916727785823274
R_008441,9,0.0036,5.957370312689482e-05,0,1550,5,1550,7,1,0,7,1.0,-0.0,0.0
R_008442,15,0.006,8.39769791053777e-05,0,3102,1,1571,8,3,7,5,0.625,0.9002560512685369,0.8194483718728035
R_008443,8,0.0032,5.579075525747749e-05,0,1565,2,1565,7,2,5,6,0.8571428571428571,0.410116318288409,0.5916727785823274
R_008444,12,0.0048,7.315613476257052e-05,0,1628,0,1628,8,1,3,8,1.0,-0.0,0.0
R_008445,9,0.0036,5.585770205422977e-05,0,3102,1,1571,6,3,7,4,0.6666666666666666,0.8675632284814612,0.7896900821428474
R_008446,8,0.0032,5.594461340985293e-05,0,1565,2,1565,7,1,5,7,1.0,-0.0,0.0
R_008447,9,0.0036,5.927891837757874e-05,0,1550,5,1550,5,1,0,5,1.0,-0.0,0.0
R_008448,8,0.0032,5.326311200184288e-05,0,1628,0,1628,5,1,3,5,1.0,-0.0,0.0
R_008449,4,0.0016,3.237559064509412e-05,0,1562,3,1562,8,2,6,7,0.875,0.3767701612564367,0.5435644431995964
R_008450,5,0.002,3.608438680946236e-05,0,1505,7,1505,5,1,4,5,1.0,-0.0,0.0
R_008451,5,0.002,3.54611392427154e-05,0,1505,7,1505,5,1,4,5,1.0,-0.0,0.0
R_008452,11,0.0044,6.797426978735473e-05,0,1562,3,1562,7,1,6,7,1.0,-0.0,0.0
R_008453,5,0.002,3.919838386298555e-05,0,1565,2,1565,6,2,5,5,0.8333333333333334,0.4505612088663046,0.6500224216483541
R_008454,1,0.0004,1.7566517034115358e-05,0,1550,5,1550,6,1,0,6,1.0,-0.0,0.0
R_008455,3,0.0012,2.750335225416438e-05,0,1559,4,1559,7,1,1,7,1.0,-0.0,0.0
R_008456,8,0.0032,5.201584658682673e-05,0,1559,4,1559,6,1,1,6,1.0,-0.0,0.0
R_008457,6,0.0024,4.323581985727999e-05,0,1628,0,1628,5,1,3,5,1.0,-0.0,0.0
R_008458,3,0.0012,2.689743039540839e-05,0,1559,4,1559,6,1,1,6,1.0,-0.0,0.0
R_008459,8,0.0032,5.004864050225997e-05,0,3102,1,1571,7,3,7,5,0.7142857142857143,0.796311640173813,0.7248340915057598
R_008460,10,0.004,5.930674660145294e-05,0,1505,7,1505,7,1,4,7,1.0,-0.0,0.0
R_008461,11,0.0044,6.750536355906569e-05,0,1562,3,1562,8,3,6,6,0.75,0.7356219397587946,0.6695919455357792
R_008462,9,0.0036,6.115449124046106e-05,0,1565,2,1565,6,2,5,5,0.8333333333333334,0.4505612088663046,0.6500224216483541
R_008463,7,0.0028,4.559494023178918e-05,0,3102,6,1531,7,1,2,7,1.0,-0.0,0.0
R_008464,8,0.0032,5.251549564628228e-05,0,1562,3,1562,5,1,6,5,1.0,-0.0,0.0
R_008465,10,0.004,6.20486637115423e-05,0,1562,3,1562,6,2,6,5,0.8333333333333334,0.4505612088663046,0.6500224216483541
R_008466,10,0.004,6.305069516993983e-05,0,1628,0,1628,8,1,3,8,1.0,-0.0,0.0
R_008467,7,0.0028,5.038043971089296e-05,0,1565,2,1565,7,2,5,6,0.8571428571428571,0.410116318288409,0.5916727785823274
R_008468,7,0.0028,4.788852300663485e-05,0,1628,0,1628,5,1,3,5,1.0,-0.0,0.0
R_008469,5,0.002,3.983189807084698e-05,0,1565,2,1565,5,2,5,4,0.8,0.5004024235381879,0.7219280948873623
R_008470,9,0.0036,6.118228318466459e-05,0,1565,2,1565,8,2,5,7,0.875,0.3767701612564367,0.5435644431995964
R_008471,7,0.0028,4.645996965054484e-05,0,1559,4,1559,8,1,1,8,1.0,-0.0,0.0
R_008472,3,0.0012,2.878203552152633e-05,0,1565,2,1565,5,2,5,4,0.8,0.5004024235381879,0.7219280948873623
R_008473,6,0.0024,4.4071455741507045e-05,0,1550,5,1550,5,1,0,5,1.0,-0.0,0.0
R_008474,4,0.0016,3.181631553770145e-05,0,3102,1,1571,5,3,7,3,0.6,0.9502705392332348,0.8649735207179272
R_008475,26,0.0104,0.0001364434683646144,0,3102,6,1531,8,1,2,8,1.0,-0.0,0.0
R_008476,7,0.0028,4.520926990210679e-05,0,1505,7,1505,8,1,4,8,1.0,-0.0,0.0
R_008477,10,0.004,6.507844386358979e-05,0,1550,5,1550,6,1,0,6,1.0,-0.0,0.0
R_008478,15,0.006,8.719592921384345e-05,0,1562,3,1562,8,3,6,6,0.75,0.7356219397587946,0.6695919455357792
R_008479,7,0.0028,4.7333716681874575e-05,0,1628,0,1628,7,1,3,7,1.0,-0.0,0.0
R_008480,8,0.0032,5.121035668341755e-05,0,3102,6,1531,8,1,2,8,1.0,-0.0,0.0
R_008481,5,0.002,3.952644623186276e-05,0,1565,2,1565,5,1,5,5,1.0,-0.0,0.0
R_008482,7,0.0028,4.7285399038016394e-05,0,1559,4,1559,6,1,1,6,1.0,-0.0,0.0
R_008483,12,0.0048,7.504976147551793e-05,0,1550,5,1550,8,1,0,8,1.0,-0.0,0.0
R_008484,14,0.0056,7.858392446605688e-05,0,1505,7,1505,8,1,4,8,1.0,-0.0,0.0
R_008485,6,0.0024,4.0597899485563626e-05,0,3102,1,1571,6,3,7,4,0.6666666666666666,0.8675632284814612,0.7896900821428474
R_008486,5,0.002,3.6357766276175885e-05,0,1505,7,1505,5,1,4,5,1.0,-0.0,0.0
R_008487,10,0.004,6.223725507268142e-05,0,1628,0,1628,8,1,3,8,1.0,-0.0,0.0
R_008488,5,0.002,3.716495947615246e-05,0,1559,4,1559,5,1,1,5,1.0,-0.0,0.0
R_008489,4,0.0016,3.442099477383242e-05,0,1565,2,1565,5,2,5,4,0.8,0.5004024235381879,0.7219280948873623
R_008490,15,0.006,8.71705876501232e-05,0,1559,4,1559,8,1,1,8,1.0,-0.0,0.0
R_008491,10,0.004,6.221011542907082e-05,0,1559,4,1559,7,1,1,7,1.0,-0.0,0.0
R_008492,6,0.0024,4.202740005665497e-05,0,1559,4,1559,5,1,1,5,1.0,-0.0,0.0
R_008493,16,0.0064,8.764339472836227e-05,0,1505,7,1505,7,1,4,7,1.0,-0.0,0.0
R_008494,7,0.0028,4.523921528541202e-05,0,1505,7,1505,5,1,4,5,1.0,-0.0,0.0
R_008495,4,0.0016,3.132083726555881e-05,0,3102,1,1571,7,4,7,3,0.4285714285714285,1.277034259466139,0.9211854965885544
R_008496,8,0.0032,5.3357572535372753e-05,0,1628,0,1628,8,1,3,8,1.0,-0.0,0.0
R_008497,5,0.002,3.698167370128577e-05,0,1559,4,1559,6,1,1,6,1.0,-0.0,0.0
R_008498,30,0.012,0.00015449538354645045,0,1505,7,1505,8,1,4,8,1.0,-0.0,0.0
R_008499,8,0.0032,5.6017382482187696e-05,0,1565,2,1565,8,2,5,7,0.875,0.3767701612564367,0.5435644431995964
R_008500,17,0.0068,9.300622535148497e-05,0,3102,6,1531,7,1,2,7,1.0,-0.0,0.0
R_008501,5,0.002,3.706804911793593e-05,0,1562,3,1562,5,3,6,3,0.6,0.9502705392332348,0.8649735207179272
R_008502,5,0.002,3.920038218634401e-05,0,1565,2,1565,5,2,5,4,0.8,0.5004024235381879,0.7219280948873623
R_008503,4,0.0016,3.1146252792483537e-05,0,3102,1,1571,7,4,7,3,0.4285714285714285,1.277034259466139,0.9211854965885544
R_008504,3,0.0012,2.8422786933469858e-05,0,1565,2,1565,5,2,5,4,0.8,0.5004024235381879,0.7219280948873623
R_008505,15,0.006,8.945653260911337e-05,0,1628,0,1628,7,1,3,7,1.0,-0.0,0.0
R_008506,9,0.0036,6.0860292358823006e-05,0,1565,2,1565,7,1,5,7,1.0,-0.0,0.0
R_008507,5,0.002,3.6931354511917695e-05,0,1562,3,1562,8,2,6,7,0.875,0.3767701612564367,0.5435644431995964
R_008508,5,0.002,3.751929684262051e-05,0,1628,0,1628,6,1,3,6,1.0,-0.0,0.0
R_008509,6,0.0024,4.026611163717271e-05,0,1505,7,1505,7,1,4,7,1.0,-0.0,0.0
R_008510,3,0.0012,2.651431240687028e-05,0,3102,1,1571,5,3,7,3,0.6,0.9502705392332348,0.8649735207179272
R_008511,6,0.0024,4.289012350570789e-05,0,1628,0,1628,7,1,3,7,1.0,-0.0,0.0
R_008512,6,0.0024,4.09033588156043e-05,0,3102,1,1571,6,3,7,4,0.6666666666666666,0.8675632284814612,0.7896900821428474
R_008513,6,0.0024,4.0798578431041574e-05,0,3102,6,1531,5,1,2,5,1.0,-0.0,0.0
R_008514,9,0.0036,5.934751971142491e-05,0,1550,5,1550,7,1,0,7,1.0,-0.0,0.0
R_008515,8,0.0032,5.051573186552002e-05,0,3102,1,1571,7,3,7,5,0.7142857142857143,0.796311640173813,0.7248340915057598
R_008516,1,0.0004,1.715160101236123e-05,0,1628,0,1628,7,1,3,7,1.0,-0.0,0.0
R_008517,7,0.0028,4.716776517593354e-05,0,1562,3,1562,6,2,6,5,0.8333333333333334,0.4505612088663046,0.6500224216483541
R_008518,3,0.0012,2.7258792152525903e-05,0,1559,4,1559,5,1,1,5,1.0,-0.0,0.0
R_008519,16,0.0064,8.785571133378164e-05,0,1505,7,1505,8,1,4,8,1.0,-0.0,0.0
R_008520,7,0.0028,5.009639119804143e-05,0,1565,2,1565,5,1,5,5,1.0,-0.0,0.0
R_008521,6,0.0024,4.334048455134398e-05,0,1628,0,1628,5,1,3,5,1.0,-0.0,0.0
R_008522,2,0.0008,2.170202769018694e-05,0,1505,7,1505,5,1,4,5,1.0,-0.0,0.0
R_008523,8,0.0032,5.036458090527507e-05,0,3102,6,1531,7,1,2,7,1.0,-0.0,0.0
R_008524,15,0.006,8.96000067092917e-05,0,1550,5,1550,8,1,0,8,1.0,-0.0,0.0
R_008525,9,0.0036,5.763769037605485e-05,0,1559,4,1559,7,1,1,7,1.0,-0.0,0.0
R_008526,11,0.0044,6.675507990486003e-05,0,1562,3,1562,8,3,6,6,0.75,0.7356219397587946,0.6695919455357792
R_008527,5,0.002,3.7098542575839193e-05,0,1562,3,1562,5,1,6,5,1.0,-0.0,0.0
R_008528,17,0.0068,9.317588929974727e-05,0,1505,7,1505,6,1,4,6,1.0,-0.0,0.0
R_008529,6,0.0024,4.090278406938823e-05,0,3102,1,1571,5,2,7,4,0.8,0.5004024235381879,0.7219280948873623
R_008530,2,0.0008,2.27211717064382e-05,0,1628,0,1628,7,1,3,7,1.0,-0.0,0.0
R_008531,2,0.0008,2.2212969460786836e-05,0,1562,3,1562,5,3,6,3,0.6,0.9502705392332348,0.8649735207179272
R_008532,6,0.0024,4.202445602948517e-05,0,1562,3,1562,7,2,6,6,0.8571428571428571,0.410116318288409,0.5916727785823274
R_008533,8,0.0032,5.552747116643976e-05,0,1565,2,1565,6,2,5,5,0.8333333333333334,0.4505612088663046,0.6500224216483541
R_008534,7,0.0028,4.7313702692754644e-05,0,1562,3,1562,7,2,6,6,0.8571428571428571,0.410116318288409,0.5916727785823274
R_008535,8,0.0032,5.602617159720909e-05,0,1565,2,1565,5,2,5,4,0.8,0.5004024235381879,0.7219280948873623
R_008536,8,0.0032,5.0185356939393544e-05,0,3102,1,1571,8,4,7,5,0.625,1.073542846408523,0.7743974703476992
R_008537,5,0.002,3.896128182786154e-05,0,1565,2,1565,6,2,5,5,0.8333333333333334,0.4505612088663046,0.6500224216483541
R_008538,4,0.0016,3.346378036147331e-05,0,1565,2,1565,7,2,5,6,0.8571428571428571,0.410116318288409,0.5916727785823274
R_008539,9,0.0036,5.676914094200198e-05,0,1559,4,1559,6,1,1,6,1.0,-0.0,0.0
R_008540,1,0.0004,1.7166147686756628e-05,0,3102,6,1531,5,1,2,5,1.0,-0.0,0.0
R_008541,6,0.0024,4.374271716020566e-05,0,1550,5,1550,6,1,0,6,1.0,-0.0,0.0
R_008542,9,0.0036,5.934704764843285e-05,0,1550,5,1550,6,1,0,6,1.0,-0.0,0.0
R_008543,15,0.006,9.099507343340986e-05,0,1550,5,1550,8,1,0,8,1.0,-0.0,0.0
R_008544,3,0.0012,2.6701719609184457e-05,0,1505,7,1505,6,1,4,6,1.0,-0.0,0.0
R_008545,13,0.0052,7.362605575659581e-05,0,1505,7,1505,7,1,4,7,1.0,-0.0,0.0
R_008546,9,0.0036,5.841128159504459e-05,0,1628,0,1628,8,1,3,8,1.0,-0.0,0.0
R_008547,7,0.0028,4.50559764116803e-05,0,1505,7,1505,8,1,4,8,1.0,-0.0,0.0
R_008548,7,0.0028,4.454443154752285e-05,0,1505,7,1505,5,1,4,5,1.0,-0.0,0.0
R_008549,4,0.0016,3.1221930406420634e-05,0,3102,6,1531,6,1,2,6,1.0,-0.0,0.0
R_008550,11,0.0044,6.67935910730097e-05,0,1562,3,1562,8,3,6,6,0.75,0.7356219397587946,0.6695919455357792
R_008551,6,0.0024,4.094811398031049e-05,0,3102,1,1571,7,3,7,5,0.7142857142857143,0.796311640173813,0.7248340915057598
R_008552,8,0.0032,5.02720946585297e-05,0,1505,7,1505,7,1,4,7,1.0,-0.0,0.0
R_008553,7,0.0028,4.4787736631901124e-05,0,1505,7,1505,5,1,4,5,1.0,-0.0,0.0
R_008554,6,0.0024,4.057681613857077e-05,0,1505,7,1505,5,1,4,5,1.0,-0.0,0.0
R_008555,4,0.0016,3.386449123799845e-05,0,1550,5,1550,5,1,0,5,1.0,-0.0,0.0
R_008556,3,0.0012,2.661325015588251e-05,0,3102,6,1531,5,1,2,5,1.0,-0.0,0.0
R_008557,4,0.0016,3.284346429675765e-05,0,1550,5,1550,6,1,0,6,1.0,-0.0,0.0
R_008558,2,0.0008,2.2877143298278847e-05,0,1565,2,1565,5,2,5,4,0.8,0.5004024235381879,0.7219280948873623
R_008559,13,0.0052,7.760437895297055e-05,0,1562,3,1562,8,3,6,6,0.75,0.7356219397587946,0.6695919455357792
R_008560,6,0.0024,4.012272623965015e-05,0,1505,7,1505,8,1,4,8,1.0,-0.0,0.0
R_008561,10,0.004,6.608739119778373e-05,0,1565,2,1565,7,2,5,6,0.8571428571428571,0.410116318288409,0.5916727785823274
R_008562,8,0.0032,5.067625880297311e-05,0,3102,6,1531,7,1,2,7,1.0,-0.0,0.0
R_008563,12,0.0048,7.221079174411148e-05,0,1562,3,1562,8,3,6,6,0.75,0.7356219397587946,0.6695919455357792
R_008564,14,0.0056,8.805591396619934e-05,0,1565,2,1565,8,1,5,8,1.0,-0.0,0.0
R_008565,12,0.0048,6.885300523547731e-05,0,3102,1,1571,7,4,7,4,0.5714285714285714,1.1537419427010902,0.8322488896002307
R_008566,11,0.0044,6.699509137009898e-05,0,1562,3,1562,8,2,6,7,0.875,0.3767701612564367,0.5435644431995964
R_008567,10,0.004,6.66789894301455e-05,0,1565,2,1565,8,1,5,8,1.0,-0.0,0.0
R_008568,39,0.0156,0.0002057991423263937,0,1562,3,1562,8,3,6,6,0.75,0.7356219397587946,0.6695919455357792
R_008569,9,0.0036,5.890446143213171e-05,0,1550,5,1550,5,1,0,5,1.0,-0.0,0.0
R_008570,9,0.0036,5.799670470487944e-05,0,1628,0,1628,7,1,3,7,1.0,-0.0,0.0
R_008571,14,0.0056,7.834748102307559e-05,0,1505,7,1505,8,1,4,8,1.0,-0.0,0.0
R_008572,7,0.0028,4.542417257659777e-05,0,3102,1,1571,8,3,7,5,0.625,0.9002560512685369,0.8194483718728035
R_008573,8,0.0032,5.5770249960286996e-05,0,1565,2,1565,6,1,5,6,1.0,-0.0,0.0
R_008574,16,0.0064,0.00010014288953031527,0,1565,2,1565,8,1,5,8,1.0,-0.0,0.0
R_008575,6,0.0024,4.225352958808714e-05,0,1559,4,1559,5,1,1,5,1.0,-0.0,0.0
R_008576,6,0.0024,4.035816187354569e-05,0,1505,7,1505,8,1,4,8,1.0,-0.0,0.0
R_008577,6,0.0024,4.081757318715964e-05,0,3102,6,1531,5,1,2,5,1.0,-0.0,0.0
R_008578,7,0.0028,4.601854656393891e-05,0,3102,1,1571,6,1,7,6,1.0,-0.0,0.0
R_008579,6,0.0024,4.329781909218579e-05,0,1550,5,1550,8,1,0,8,1.0,-0.0,0.0
R_008580,0,0.0,1.2023710757614017e-05,1,1,31,1,5,2,5,4,0.8,0.5004024235381879,0.7219280948873623
R_008581,7,0.0028,4.7078574596500506e-05,0,1562,3,1562,7,2,6,6,0.8571428571428571,0.410116318288409,0.5916727785823274
R_008582,5,0.002,3.639616530321217e-05,0,3102,1,1571,5,3,2,2,0.4,1.0549201679861442,0.9602297178607612
R_008583,9,0.0036,5.5854245732664934e-05,0,1505,7,1505,5,1,4,5,1.0,-0.0,0.0
R_008584,21,0.0084,0.00012680068213917532,0,1565,2,1565,7,2,5,6,0.8571428571428571,0.410116318288409,0.5916727785823274
R_008585,17,0.0068,9.436375591789298e-05,0,3102,1,1571,8,4,7,5,0.625,1.073542846408523,0.7743974703476992
R_008586,6,0.0024,4.2257470106879476e-05,0,1562,3,1562,8,3,6,6,0.75,0.7356219397587946,0.6695919455357792
R_008587,6,0.0024,4.0641470949589486e-05,0,1505,7,1505,8,1,4,8,1.0,-0.0,0.0
R_008588,9,0.0036,5.7245546773789844e-05,0,1562,3,1562,8,3,6,6,0.75,0.7356219397587946,0.6695919455357792
R_008589,9,0.0036,5.585922041562252e-05,0,3102,1,1571,7,3,7,5,0.7142857142857143,0.796311640173813,0.7248340915057598
R_008590,7,0.0028,4.734494661299504e-05,0,1562,3,1562,8,3,6,6,0.75,0.7356219397587946,0.6695919455357792
R_008591,10,0.004,5.909388173781752e-05,0,3102,1,1571,8,3,7,5,0.625,0.9002560512685369,0.8194483718728035
R_008592,3,0.0012,2.8732151867581636e-05,0,1565,2,1565,6,2,5,5,0.8333333333333334,0.4505612088663046,0.6500224216483541
R_008593,9,0.0036,6.112774898722214e-05,0,1565,2,1565,8,2,5,7,0.875,0.3767701612564367,0.5435644431995964
R_008594,8,0.0032,4.974776188361037e-05,0,1505,7,1505,8,1,4,8,1.0,-0.0,0.0
R_008595,10,0.004,6.686886481751493e-05,0,1565,2,1565,8,1,5,8,1.0,-0.0,0.0
R_008596,1,0.0004,1.7561011377919288e-05,0,1550,5,1550,5,1,0,5,1.0,-0.0,0.0
R_008597,4,0.0016,3.171295005284851e-05,0,3102,6,1531,6,1,2,6,1.0,-0.0,0.0
R_008598,3,0.0012,2.6393989244745232e-05,0,1505,7,1505,6,1,4,6,1.0,-0.0,0.0
R_008599,5,0.002,3.728277519250567e-05,0,1562,3,1562,6,3,6,4,0.6666666666666666,0.8675632284814612,0.7896900821428474
R_008600,7,0.0028,4.818231545702391e-05,0,1628,0,1628,7,1,3,7,1.0,-0.0,0.0
R_008601,3,0.0012,2.7527803052033267e-05,0,1550,5,1550,6,1,0,6,1.0,-0.0,0.0
R_008602,6,0.0024,4.026124514609654e-05,0,3102,1,1571,6,3,7,4,0.6666666666666666,0.8675632284814612,0.7896900821428474
R_008603,8,0.0032,5.4458256557954785e-05,0,1550,5,1550,6,1,0,6,1.0,-0.0,0.0
R_008604,9,0.0036,5.5947666936414744e-05,0,3102,6,1531,7,1,2,7,1.0,-0.0,0.0
R_008605,9,0.0036,5.7288349305247254e-05,0,1559,4,1559,6,1,1,6,1.0,-0.0,0.0
R_008606,8,0.0032,5.273071642303874e-05,0,1562,3,1562,7,2,6,6,0.8571428571428571,0.410116318288409,0.5916727785823274
R_008607,7,0.0028,4.876616625773189e-05,0,1550,5,1550,7,1,0,7,1.0,-0.0,0.0
R_008608,4,0.0016,3.149067182371385e-05,0,3102,1,1571,5,3,7,3,0.6,0.9502705392332348,0.8649735207179272
R_008609,7,0.0028,4.899130523564905e-05,0,1550,5,1550,5,1,0,5,1.0,-0.0,0.0
R_008610,8,0.0032,4.9679823037132326e-05,0,1505,7,1505,6,1,4,6,1.0,-0.0,0.0
R_008611,8,0.0032,5.585552749087724e-05,0,1565,2,1565,8,2,5,7,0.875,0.3767701612564367,0.5435644431995964
R_008612,7,0.0028,4.9696538894008654e-05,0,1565,2,1565,6,1,5,6,1.0,-0.0,0.0
R_008613,11,0.0044,6.456004712312117e-05,0,3102,1,1571,8,4,7,4,0.5,1.2130075659799042,0.875
R_008614,6,0.0024,4.0215913335335625e-05,0,1505,7,1505,6,1,4,6,1.0,-0.0,0.0
R_008615,12,0.0048,7.383172289364034e-05,0,1628,0,1628,7,1,3,7,1.0,-0.0,0.0
R_008616,3,0.0012,2.809498452669054e-05,0,1550,5,1550,6,1,0,6,1.0,-0.0,0.0
R_008617,10,0.004,6.189697648468748e-05,0,1562,3,1562,8,3,6,6,0.75,0.7356219397587946,0.6695919455357792
R_008618,8,0.0032,5.036903774024934e-05,0,3102,1,1571,8,3,7,5,0.625,0.9002560512685369,0.8194483718728035
R_008619,9,0.0036,5.553801905116397e-05,0,3102,6,1531,8,1,2,8,1.0,-0.0,0.0
R_008620,11,0.0044,6.863296614318808e-05,0,1628,0,1628,7,1,3,7,1.0,-0.0,0.0
R_008621,15,0.006,8.86461629661289e-05,0,1628,0,1628,7,1,3,7,1.0,-0.0,0.0
R_008622,4,0.0016,3.1755835748547e-05,0,1559,4,1559,5,1,1,5,1.0,-0.0,0.0
R_008623,12,0.0048,6.984567307031889e-05,0,3102,1,1571,7,3,7,4,0.5714285714285714,0.9556998911125344,0.8699155297736259
R_008624,6,0.0024,4.1188303477163924e-05,0,3102,1,1571,8,4,7,4,0.5,1.2130075659799042,0.875
R_008625,3,0.0012,2.6354813139444963e-05,0,3102,1,1571,5,2,7,4,0.8,0.5004024235381879,0.7219280948873623
R_008626,11,0.0044,6.721356509463605e-05,0,1559,4,1559,8,1,1,8,1.0,-0.0,0.0
R_008627,5,0.002,3.690500086266107e-05,0,1562,3,1562,6,3,6,4,0.6666666666666666,0.8675632284814612,0.7896900821428474
R_008628,7,0.0028,4.490066368834987e-05,0,1505,7,1505,8,1,4,8,1.0,-0.0,0.0
R_008629,8,0.0032,5.019080328908885e-05,0,1505,7,1505,7,1,4,7,1.0,-0.0,0.0
R_008630,6,0.0024,4.357079412791395e-05,0,1550,5,1550,6,1,0,6,1.0,-0.0,0.0
R_008631,13,0.0052,8.397643606828604e-05,0,1565,2,1565,8,1,5,8,1.0,-0.0,0.0
R_008632,7,0.0028,4.874771896420398e-05,0,1550,5,1550,6,1,0,6,1.0,-0.0,0.0
R_008633,15,0.006,9.1144292973184e-05,0,1550,5,1550,8,1,0,8,1.0,-0.0,0.0
R_008634,1,0.0004,1.7124402515960725e-05,0,3102,1,1571,5,3,7,3,0.6,0.9502705392332348,0.8649735207179272
R_008635,17,0.0068,9.684814745890367e-05,0,1562,3,1562,8,2,6,7,0.875,0.3767701612564367,0.5435644431995964
R_008636,1,0.0004,1.7371522667609778e-05,0,1562,3,1562,6,2,6,5,0.8333333333333334,0.4505612088663046,0.6500224216483541
R_008637,11,0.0044,6.510813651513135e-05,0,3102,6,1531,5,1,2,5,1.0,-0.0,0.0
R_008638,5,0.002,3.753536457800145e-05,0,1559,4,1559,7,1,1,7,1.0,-0.0,0.0
R_008639,18,0.0072,0.00011087725034453097,0,1565,2,1565,6,2,5,5,0.8333333333333334,0.4505612088663046,0.6500224216483541
R_008640,12,0.0048,7.213160962025116e-05,0,1562,3,1562,8,2,6,7,0.875,0.3767701612564367,0.5435644431995964
R_008641,5,0.002,3.961510420068839e-05,0,1565,2,1565,6,1,5,6,1.0,-0.0,0.0
R_008642,10,0.004,5.961535869035227e-05,0,3102,1,1571,8,4,7,5,0.625,1.073542846408523,0.7743974703476992
R_008643,17,0.0068,9.29941372789107e-05,0,3102,1,1571,7,3,7,4,0.5714285714285714,0.9556998911125344,0.8699155297736259
R_008644,4,0.0016,3.154220589717314e-05,0,3102,1,1571,5,3,7,3,0.6,0.9502705392332348,0.8649735207179272
R_008645,8,0.0032,5.2152629656387595e-05,0,1559,4,1559,6,1,1,6,1.0,-0.0,0.0
R_008646,2,0.0008,2.3007203938889747e-05,0,1565,2,1565,5,2,5,4,0.8,0.5004024235381879,0.7219280948873623
R_008647,8,0.0032,5.003596097197343e-05,0,1505,7,1505,7,1,4,7,1.0,-0.0,0.0
R_008648,1,0.0004,1.7743177259235674e-05,0,1565,2,1565,5,1,5,5,1.0,-0.0,0.0
R_008649,1,0.0004,1.7750797117047852e-05,0,1565,2,1565,5,1,5,5,1.0,-0.0,0.0
R_008650,14,0.0056,8.157443913930119e-05,0,1559,4,1559,7,1,1,7,1.0,-0.0,0.0
R_008651,3,0.0012,2.7140212094272593e-05,0,3102,6,1531,5,1,2,5,1.0,-0.0,0.0
R_008652,6,0.0024,4.161739879860684e-05,0,3102,6,1531,5,1,2,5,1.0,-0.0,0.0
R_008653,12,0.0048,7.20399474522132e-05,0,1562,3,1562,7,3,6,5,0.7142857142857143,0.796311640173813,0.7248340915057598
R_008654,9,0.0036,5.7174715065562364e-05,0,1559,4,1559,8,1,1,8,1.0,-0.0,0.0
R_008655,14,0.0056,7.809427613955216e-05,0,1505,7,1505,8,1,4,8,1.0,-0.0,0.0
R_008656,10,0.004,6.234712890181676e-05,0,1562,3,1562,6,2,6,5,0.8333333333333334,0.4505612088663046,0.6500224216483541
R_008657,6,0.0024,4.26026348231269e-05,0,1628,0,1628,5,1,3,5,1.0,-0.0,0.0
R_008658,11,0.0044,6.39142857643756e-05,0,3102,1,1571,6,2,7,4,0.6666666666666666,0.6365141682948128,0.9182958340544894
R_008659,11,0.0044,7.292228573898783e-05,0,1565,2,1565,6,2,5,5,0.8333333333333334,0.4505612088663046,0.6500224216483541
R_008660,11,0.0044,6.537133787219804e-05,0,3102,1,1571,8,4,7,5,0.625,1.073542846408523,0.7743974703476992
R_008661,7,0.0028,4.551147702251082e-05,0,3102,6,1531,5,1,2,5,1.0,-0.0,0.0
R_008662,8,0.0032,5.581910719975341e-05,0,1565,2,1565,8,1,5,8,1.0,-0.0,0.0
R_008663,5,0.002,3.821558319093856e-05,0,1628,0,1628,6,1,3,6,1.0,-0.0,0.0
R_008664,5,0.002,3.705936108786456e-05,0,1559,4,1559,7,1,1,7,1.0,-0.0,0.0
R_008665,12,0.0048,7.181390999829908e-05,0,1562,3,1562,8,2,6,7,0.875,0.3767701612564367,0.5435644431995964
R_008666,3,0.0012,2.7097804790749608e-05,0,1628,0,1628,5,1,3,5,1.0,-0.0,0.0
R_008667,5,0.002,3.759593285514274e-05,0,1628,0,1628,6,1,3,6,1.0,-0.0,0.0
R_008668,6,0.0024,4.081731330108571e-05,0,3102,1,1571,5,2,7,4,0.8,0.5004024235381879,0.7219280948873623
R_008669,8,0.0032,5.0177409342436484e-05,0,3102,1,1571,8,2,7,6,0.75,0.5623351446188083,0.8112781244591328
R_008670,12,0.0048,6.837998595325985e-05,0,1505,7,1505,8,1,4,8,1.0,-0.0,0.0
R_008671,2,0.0008,2.2896502582483774e-05,0,1550,5,1550,5,1,0,5,1.0,-0.0,0.0
R_008672,9,0.0036,6.165933447948929e-05,0,1565,2,1565,7,2,5,6,0.8571428571428571,0.410116318288409,0.5916727785823274
R_008673,9,0.0036,5.595549427867456e-05,0,3102,1,1571,7,3,7,4,0.5714285714285714,0.9556998911125344,0.8699155297736259
R_008674,8,0.0032,5.055738608098083e-05,0,3102,1,1571,6,4,7,3,0.5,1.242453324894,0.8962406251802889
R_008675,7,0.0028,4.5982220950904045e-05,0,3102,6,1531,6,1,2,6,1.0,-0.0,0.0
R_008676,4,0.0016,3.329880340823624e-05,0,1550,5,1550,5,1,0,5,1.0,-0.0,0.0
R_008677,24,0.0096,0.0001318585617395148,0,1562,3,1562,8,3,6,6,0.75,0.7356219397587946,0.6695919455357792
R_008678,3,0.0012,2.885564815123549e-05,0,1565,2,1565,6,2,5,5,0.8333333333333334,0.4505612088663046,0.6500224216483541
R_008679,3,0.0012,2.7133785302987256e-05,0,1559,4,1559,5,1,1,5,1.0,-0.0,0.0
R_008680,6,0.0024,4.107551460925689e-05,0,3102,1,1571,7,4,7,3,0.4285714285714285,1.277034259466139,0.9211854965885544
R_008681,7,0.0028,4.803674088749826e-05,0,1628,0,1628,6,1,3,6,1.0,-0.0,0.0
R_008682,3,0.0012,2.7053165548945747e-05,0,3102,1,1571,5,2,7,3,0.6,0.6730116670092565,0.9709505944546688
R_008683,9,0.0036,5.478729609077115e-05,0,3102,1,1571,5,2,7,4,0.8,0.5004024235381879,0.7219280948873623
R_008684,3,0.0012,2.724817405390223e-05,0,1562,3,1562,5,2,6,4,0.8,0.5004024235381879,0.7219280948873623
R_008685,4,0.0016,3.282227830849766e-05,0,1628,0,1628,6,1,3,6,1.0,-0.0,0.0
R_008686,9,0.0036,5.462420647852626e-05,0,3102,1,1571,6,2,7,5,0.8333333333333334,0.4505612088663046,0.6500224216483541
R_008687,24,0.0096,0.00014250827759466867,0,1565,2,1565,8,1,5,8,1.0,-0.0,0.0
R_008688,5,0.002,3.7127606603296394e-05,0,1559,4,1559,5,1,1,5,1.0,-0.0,0.0
R_008689,11,0.0044,6.519579334744971e-05,0,3102,1,1571,8,4,7,5,0.625,1.073542846408523,0.7743974703476992
R_008690,5,0.002,3.5917178437957635e-05,0,3102,1,1571,5,3,2,2,0.4,1.0549201679861442,0.9602297178607612
R_008691,7,0.0028,4.770646697631851e-05,0,1559,4,1559,5,1,1,5,1.0,-0.0,0.0
R_008692,9,0.0036,5.8285629101024565e-05,0,1628,0,1628,8,1,3,8,1.0,-0.0,0.0
R_008693,2,0.0008,2.3019190134907917e-05,0,1565,2,1565,5,2,5,4,0.8,0.5004024235381879,0.7219280948873623
R_008694,5,0.002,3.664385892863097e-05,0,3102,6,1531,8,1,2,8,1.0,-0.0,0.0
R_008695,14,0.0056,8.198884316100563e-05,0,1562,3,1562,8,2,6,7,0.875,0.3767701612564367,0.5435644431995964
R_008696,9,0.0036,6.135933200947419e-05,0,1565,2,1565,6,2,5,5,0.8333333333333334,0.4505612088663046,0.6500224216483541
R_008697,8,0.0032,5.3332724691113126e-05,0,1628,0,1628,6,1,3,6,1.0,-0.0,0.0
R_008698,5,0.002,3.702826675774002e-05,0,1562,3,1562,6,2,6,5,0.8333333333333334,0.4505612088663046,0.6500224216483541
R_008699,7,0.0028,4.847542110228913e-05,0,1559,4,1559,6,1,1,6,1.0,-0.0,0.0
R_008700,4,0.0016,3.1668935219227055e-05,0,1505,7,1505,5,1,4,5,1.0,-0.0,0.0
R_008701,8,0.0032,5.243689842413916e-05,0,1559,4,1559,8,1,1,8,1.0,-0.0,0.0
R_008702,10,0.004,6.480320021665422e-05,0,1628,0,1628,7,1,3,7,1.0,-0.0,0.0
R_008703,27,0.0108,0.00014826678529407793,0,1559,4,1559,8,1,1,8,1.0,-0.0,0.0
R_008704,15,0.006,8.472243364555171e-05,0,3102,1,1571,7,3,7,5,0.7142857142857143,0.796311640173813,0.7248340915057598
R_008705,8,0.0032,5.14866328159627e-05,0,1559,4,1559,6,1,1,6,1.0,-0.0,0.0
R_008706,9,0.0036,5.936717375049992e-05,0,1550,5,1550,8,1,0,8,1.0,-0.0,0.0
R_008707,3,0.0012,2.7385053819909605e-05,0,1559,4,1559,5,1,1,5,1.0,-0.0,0.0
R_008708,16,0.0064,9.921217823481841e-05,0,1565,2,1565,8,2,5,7,0.875,0.3767701612564367,0.5435644431995964
R_008709,4,0.0016,3.3943393982420707e-05,0,1550,5,1550,5,1,0,5,1.0,-0.0,0.0
R_008710,16,0.0064,9.97710438582769e-05,0,1565,2,1565,8,2,5,7,0.875,0.3767701612564367,0.5435644431995964
R_008711,7,0.0028,4.552476129255412e-05,0,1505,7,1505,7,1,4,7,1.0,-0.0,0.0
R_008712,7,0.0028,5.0084223737380785e-05,0,1565,2,1565,6,2,5,5,0.8333333333333334,0.4505612088663046,0.6500224216483541
R_008713,11,0.0044,6.430513419542826e-05,0,3102,1,1571,8,4,7,4,0.5,1.2130075659799042,0.875
R_008714,7,0.0028,5.0330717450895874e-05,0,1565,2,1565,6,2,5,5,0.8333333333333334,0.4505612088663046,0.6500224216483541
R_008715,3,0.0012,2.612424991522912e-05,0,1505,7,1505,5,1,4,5,1.0,-0.0,0.0
R_008716,5,0.002,3.739714730647383e-05,0,1628,0,1628,6,1,3,6,1.0,-0.0,0.0
R_008717,3,0.0012,2.64812286419978e-05,0,1505,7,1505,6,1,4,6,1.0,-0.0,0.0
R_008718,3,0.0012,2.6719886653887907e-05,0,3102,6,1531,6,1,2,6,1.0,-0.0,0.0
R_008719,10,0.004,5.9580007741136707e-05,0,1505,7,1505,6,1,4,6,1.0,-0.0,0.0
R_008720,7,0.0028,4.929038803281782e-05,0,1550,5,1550,8,1,0,8,1.0,-0.0,0.0
R_008721,9,0.0036,5.6803189004450665e-05,0,1562,3,1562,8,3,6,6,0.75,0.7356219397587946,0.6695919455357792
R_008722,5,0.002,3.730635265848016e-05,0,1562,3,1562,5,1,6,5,1.0,-0.0,0.0
R_008723,6,0.0024,4.386263488424973e-05,0,1550,5,1550,6,1,0,6,1.0,-0.0,0.0
R_008724,6,0.0024,4.2433362140282394e-05,0,1562,3,1562,7,2,6,6,0.8571428571428571,0.410116318288409,0.5916727785823274
R_008725,6,0.0024,4.1058702529840026e-05,0,1505,7,1505,6,1,4,6,1.0,-0.0,0.0
R_008726,9,0.0036,5.539625391564617e-05,0,1505,7,1505,8,1,4,8,1.0,-0.0,0.0
R_008727,3,0.0012,2.739331750106961e-05,0,1628,0,1628,6,1,3,6,1.0,-0.0,0.0
R_008728,6,0.0024,4.353416791212589e-05,0,1550,5,1550,5,1,0,5,1.0,-0.0,0.0
R_008729,8,0.0032,5.429923344004282e-05,0,1550,5,1550,6,1,0,6,1.0,-0.0,0.0
R_008730,5,0.002,3.756619059224703e-05,0,1559,4,1559,5,1,1,5,1.0,-0.0,0.0
R_008731,9,0.0036,5.741580024793113e-05,0,1562,3,1562,7,3,6,5,0.7142857142857143,0.796311640173813,0.7248340915057598
R_008732,9,0.0036,5.768577241676815e-05,0,1628,0,1628,6,1,3,6,1.0,-0.0,0.0
R_008733,4,0.0016,3.2213435350920256e-05,0,1562,3,1562,8,3,6,6,0.75,0.7356219397587946,0.6695919455357792
R_008734,4,0.0016,3.1990357348232965e-05,0,1562,3,1562,7,3,6,5,0.7142857142857143,0.796311640173813,0.7248340915057598
R_008735,10,0.004,5.956622881266054e-05,0,3102,6,1531,7,1,2,7,1.0,-0.0,0.0
R_008736,7,0.0028,4.538019711381804e-05,0,1505,7,1505,5,1,4,5,1.0,-0.0,0.0
R_008737,4,0.0016,3.2292223882876277e-05,0,1559,4,1559,6,1,1,6,1.0,-0.0,0.0
R_008738,5,0.002,3.652783824344652e-05,0,1559,4,1559,5,1,1,5,1.0,-0.0,0.0
R_008739,6,0.0024,4.1314020573979774e-05,0,3102,6,1531,7,1,2,7,1.0,-0.0,0.0
R_008740,9,0.0036,5.881244269953661e-05,0,1550,5,1550,6,1,0,6,1.0,-0.0,0.0
R_008741,6,0.0024,4.333816923725864e-05,0,1628,0,1628,6,1,3,6,1.0,-0.0,0.0
R_008742,7,0.0028,4.871865515916214e-05,0,1628,0,1628,6,1,3,6,1.0,-0.0,0.0
R_008743,7,0.0028,4.718262643501539e-05,0,1559,4,1559,5,1,1,5,1.0,-0.0,0.0
R_008744,6,0.0024,4.037897669958819e-05,0,1505,7,1505,6,1,4,6,1.0,-0.0,0.0
R_008745,7,0.0028,4.591913745451614e-05,0,1505,7,1505,6,1,4,6,1.0,-0.0,0.0
R_008746,13,0.0052,7.903254171927245e-05,0,1628,0,1628,7,1,3,7,1.0,-0.0,0.0
R_008747,14,0.0056,7.791232133449957e-05,0,1505,7,1505,8,1,4,8,1.0,-0.0,0.0
R_008748,7,0.0028,5.038263283109358e-05,0,1565,2,1565,6,2,5,5,0.8333333333333334,0.4505612088663046,0.6500224216483541
R_008749,8,0.0032,5.559367128315702e-05,0,1550,5,1550,6,1,0,6,1.0,-0.0,0.0
R_008750,15,0.006,8.989452453534434e-05,0,1550,5,1550,8,1,0,8,1.0,-0.0,0.0
R_008751,2,0.0008,2.17252852116055e-05,0,1505,7,1505,5,1,4,5,1.0,-0.0,0.0
R_008752,4,0.0016,3.2829083783172505e-05,0,1550,5,1550,5,1,0,5,1.0,-0.0,0.0
R_008753,6,0.0024,4.254476121974573e-05,0,1628,0,1628,6,1,3,6,1.0,-0.0,0.0
R_008754,9,0.0036,5.706856501905133e-05,0,1559,4,1559,7,1,1,7,1.0,-0.0,0.0
R_008755,3,0.0012,2.865656031871273e-05,0,1565,2,1565,7,2,5,6,0.8571428571428571,0.410116318288409,0.5916727785823274
R_008756,9,0.0036,5.620989656554518e-05,0,3102,6,1531,7,1,2,7,1.0,-0.0,0.0
R_008757,8,0.0032,5.186664434670288e-05,0,3102,6,1531,6,1,2,6,1.0,-0.0,0.0
R_008758,12,0.0048,6.927510546833944e-05,0,3102,1,1571,8,4,7,4,0.5,1.2130075659799042,0.875
R_008759,15,0.006,8.427322401323499e-05,0,3102,6,1531,7,1,2,7,1.0,-0.0,0.0
R_008760,11,0.0044,6.880949392016289e-05,0,1628,0,1628,6,1,3,6,1.0,-0.0,0.0
R_008761,4,0.0016,3.1463301849069537e-05,0,3102,1,1571,5,3,2,2,0.4,1.0549201679861442,0.9602297178607612
R_008762,3,0.0012,2.7372293084761784e-05,0,1628,0,1628,5,1,3,5,1.0,-0.0,0.0
R_008763,5,0.002,3.8255281124472096e-05,0,1550,5,1550,7,1,0,7,1.0,-0.0,0.0
R_008764,4,0.0016,3.18709572516668e-05,0,1562,3,1562,5,2,6,4,0.8,0.5004024235381879,0.7219280948873623
R_008765,17,0.0068,9.328852609127449e-05,0,3102,1,1571,8,4,7,5,0.625,1.073542846408523,0.7743974703476992
R_008766,14,0.0056,7.800468701273908e-05,0,1505,7,1505,7,1,4,7,1.0,-0.0,0.0
R_008767,7,0.0028,4.7463870114457844e-05,0,1562,3,1562,5,1,6,5,1.0,-0.0,0.0
R_008768,9,0.0036,5.7234600406578426e-05,0,1562,3,1562,7,2,6,6,0.8571428571428571,0.410116318288409,0.5916727785823274
R_008769,7,0.0028,4.832985876445217e-05,0,1628,0,1628,5,1,3,5,1.0,-0.0,0.0
R_008770,5,0.002,3.8656363845493296e-05,0,1550,5,1550,5,1,0,5,1.0,-0.0,0.0
R_008771,10,0.004,6.256060022936529e-05,0,1562,3,1562,8,3,6,6,0.75,0.7356219397587946,0.6695919455357792
R_008772,11,0.0044,6.393395878162912e-05,0,1505,7,1505,6,1,4,6,1.0,-0.0,0.0
R_008773,13,0.0052,7.887440705773143e-05,0,1628,0,1628,8,1,3,8,1.0,-0.0,0.0
R_008774,1,0.0004,1.7711165481429443e-05,0,1550,5,1550,7,1,0,7,1.0,-0.0,0.0
R_008775,5,0.002,3.984980495355901e-05,0,1565,2,1565,7,1,5,7,1.0,-0.0,0.0
R_008776,6,0.0024,4.0450299605692287e-05,0,3102,6,1531,6,1,2,6,1.0,-0.0,0.0
R_008777,3,0.0012,2.7519833650402906e-05,0,1559,4,1559,5,1,1,5,1.0,-0.0,0.0
R_008778,7,0.0028,4.518566702282566e-05,0,1505,7,1505,6,1,4,6,1.0,-0.0,0.0
R_008779,12,0.0048,7.4606629600235e-05,0,1550,5,1550,8,1,0,8,1.0,-0.0,0.0
R_008780,6,0.0024,4.129687932697764e-05,0,3102,1,1571,6,4,2,2,0.3333333333333333,1.3296613488547582,0.9591479170272448
R_008781,4,0.0016,3.2519097048778375e-05,0,1559,4,1559,5,1,1,5,1.0,-0.0,0.0
R_008782,7,0.0028,4.6041719218822555e-05,0,3102,1,1571,5,2,7,3,0.6,0.6730116670092565,0.9709505944546688
R_008783,38,0.0152,0.0001929033651876313,0,3102,6,1531,8,1,2,8,1.0,-0.0,0.0
R_008784,11,0.0044,6.418104447571516e-05,0,1505,7,1505,8,1,4,8,1.0,-0.0,0.0
R_008785,5,0.002,3.77202120945755e-05,0,1628,0,1628,6,1,3,6,1.0,-0.0,0.0
R_008786,8,0.0032,4.9785017468032336e-05,0,3102,1,1571,8,3,7,6,0.75,0.7356219397587946,0.6695919455357792
R_008787,5,0.002,3.7958920808595115e-05,0,1628,0,1628,7,1,3,7,1.0,-0.0,0.0
R_008788,6,0.0024,4.046198701683876e-05,0,1505,7,1505,6,1,4,6,1.0,-0.0,0.0
R_008789,17,0.0068,9.226985386354045e-05,0,1505,7,1505,7,1,4,7,1.0,-0.0,0.0
R_008790,5,0.002,3.828103753400185e-05,0,1562,3,1562,6,3,6,4,0.6666666666666666,0.8675632284814612,0.7896900821428474
R_008791,7,0.0028,4.632003923300355e-05,0,3102,6,1531,6,1,2,6,1.0,-0.0,0.0
R_008792,5,0.002,3.8505057204037485e-05,0,1550,5,1550,5,1,0,5,1.0,-0.0,0.0
R_008793,4,0.0016,3.434858126902977e-05,0,1565,2,1565,5,2,5,4,0.8,0.5004024235381879,0.7219280948873623
R_008794,6,0.0024,4.4714870213080996e-05,0,1565,2,1565,5,1,5,5,1.0,-0.0,0.0
R_008795,7,0.0028,4.703069763939306e-05,0,1559,4,1559,6,1,1,6,1.0,-0.0,0.0
R_008796,6,0.0024,4.0756232426695485e-05,0,1505,7,1505,5,1,4,5,1.0,-0.0,0.0
R_008797,29,0.0116,0.00015818478942108464,0,1562,3,1562,7,3,6,5,0.7142857142857143,0.796311640173813,0.7248340915057598
R_008798,9,0.0036,5.9880580768351436e-05,0,1550,5,1550,8,1,0,8,1.0,-0.0,0.0
R_008799,7,0.0028,4.689878389707786e-05,0,1559,4,1559,5,1,1,5,1.0,-0.0,0.0
R_008800,8,0.0032,5.217875402054404e-05,0,1559,4,1559,7,1,1,7,1.0,-0.0,0.0
R_008801,7,0.0028,4.697106672760075e-05,0,1559,4,1559,6,1,1,6,1.0,-0.0,0.0
R_008802,5,0.002,3.7658319032312034e-05,0,1559,4,1559,6,1,1,6,1.0,-0.0,0.0
R_008803,13,0.0052,7.515076401414051e-05,0,3102,6,1531,7,1,2,7,1.0,-0.0,0.0
R_008804,5,0.002,3.7283719622635314e-05,0,1559,4,1559,6,1,1,6,1.0,-0.0,0.0
R_008805,13,0.0052,7.67430607071263e-05,0,1559,4,1559,8,1,1,8,1.0,-0.0,0.0
R_008806,20,0.008,0.00010779114502747576,0,3102,6,1531,7,1,2,7,1.0,-0.0,0.0
R_008807,24,0.0096,0.0001251221651700689,0,1505,7,1505,8,1,4,8,1.0,-0.0,0.0
R_008808,13,0.0052,8.429139226415658e-05,0,1565,2,1565,5,2,5,4,0.8,0.5004024235381879,0.7219280948873623
R_008809,11,0.0044,6.697052915686404e-05,0,1559,4,1559,8,1,1,8,1.0,-0.0,0.0
R_008810,11,0.0044,6.35470382985211e-05,0,1505,7,1505,6,1,4,6,1.0,-0.0,0.0
R_008811,0,0.0,1.2023710757614017e-05,1,1,32,1,5,1,7,5,1.0,-0.0,0.0
R_008812,4,0.0016,3.226656781649673e-05,0,1628,0,1628,5,1,3,5,1.0,-0.0,0.0
R_008813,17,0.0068,9.651459316684873e-05,0,1562,3,1562,7,3,6,5,0.7142857142857143,0.796311640173813,0.7248340915057598
R_008814,4,0.0016,3.3293633970741146e-05,0,1550,5,1550,5,1,0,5,1.0,-0.0,0.0
R_008815,6,0.0024,4.3502371203765417e-05,0,1628,0,1628,5,1,3,5,1.0,-0.0,0.0
R_008816,3,0.0012,2.8027456750516703e-05,0,1565,2,1565,5,1,5,5,1.0,-0.0,0.0
R_008817,5,0.002,3.634139975409197e-05,0,3102,6,1531,6,1,2,6,1.0,-0.0,0.0
R_008818,7,0.0028,4.829916720336863e-05,0,1628,0,1628,6,1,3,6,1.0,-0.0,0.0
R_008819,10,0.004,6.315853818546106e-05,0,1628,0,1628,6,1,3,6,1.0,-0.0,0.0
R_008820,3,0.0012,2.7414847796228476e-05,0,1562,3,1562,5,2,6,4,0.8,0.5004024235381879,0.7219280948873623
R_008821,9,0.0036,6.0146653751699785e-05,0,1550,5,1550,8,1,0,8,1.0,-0.0,0.0
R_008822,4,0.0016,3.164591253936558e-05,0,1505,7,1505,6,1,4,6,1.0,-0.0,0.0
R_008823,3,0.0012,2.7347617856314215e-05,0,1562,3,1562,5,3,6,3,0.6,0.9502705392332348,0.8649735207179272
R_008824,3,0.0012,2.7941645750184257e-05,0,1550,5,1550,5,1,0,5,1.0,-0.0,0.0
R_008825,14,0.0056,8.84131410666761e-05,0,1565,2,1565,8,2,5,7,0.875,0.3767701612564367,0.5435644431995964
R_008826,21,0.0084,0.00012584471820302026,0,1565,2,1565,8,2,5,7,0.875,0.3767701612564367,0.5435644431995964
R_008827,7,0.0028,4.544304473545248e-05,0,1505,7,1505,8,1,4,8,1.0,-0.0,0.0
R_008828,6,0.0024,4.511414800151107e-05,0,1565,2,1565,7,2,5,6,0.8571428571428571,0.410116318288409,0.5916727785823274
R_008829,6,0.0024,4.049779207244571e-05,0,3102,1,1571,6,3,7,4,0.6666666666666666,0.8675632284814612,0.7896900821428474
R_008830,9,0.0036,5.4932685687228786e-05,0,3102,6,1531,8,1,2,8,1.0,-0.0,0.0
R_008831,6,0.0024,4.056366942420897e-05,0,1505,7,1505,7,1,4,7,1.0,-0.0,0.0
R_008832,5,0.002,3.566471530222334e-05,0,1505,7,1505,5,1,4,5,1.0,-0.0,0.0
R_008833,21,0.0084,0.00011155033306462219,0,1505,7,1505,8,1,4,8,1.0,-0.0,0.0
R_008834,24,0.0096,0.00012614826953326162,0,3102,1,1571,7,3,7,4,0.5714285714285714,0.9556998911125344,0.8699155297736259
R_008835,4,0.0016,3.181108771342111e-05,0,3102,6,1531,7,1,2,7,1.0,-0.0,0.0
R_008836,2,0.0008,2.2566789108545004e-05,0,1628,0,1628,6,1,3,6,1.0,-0.0,0.0
R_008837,8,0.0032,5.011501827038456e-05,0,1505,7,1505,7,1,4,7,1.0,-0.0,0.0
R_008838,18,0.0072,9.804495292641013e-05,0,3102,6,1531,8,1,2,8,1.0,-0.0,0.0
R_008839,17,0.0068,9.913571344523107e-05,0,1628,0,1628,8,1,3,8,1.0,-0.0,0.0
R_008840,6,0.0024,4.480923884640311e-05,0,1565,2,1565,5,1,5,5,1.0,-0.0,0.0
R_008841,6,0.0024,4.176559160584866e-05,0,1562,3,1562,8,3,6,6,0.75,0.7356219397587946,0.6695919455357792
R_008842,7,0.0028,4.531721365751005e-05,0,1505,7,1505,8,1,4,8,1.0,-0.0,0.0
R_008843,7,0.0028,4.57398983024523e-05,0,3102,6,1531,7,1,2,7,1.0,-0.0,0.0
R_008844,10,0.004,5.93410854855833e-05,0,3102,1,1571,8,3,7,5,0.625,0.9002560512685369,0.8194483718728035
R_008845,6,0.0024,4.22256541227705e-05,0,1559,4,1559,5,1,1,5,1.0,-0.0,0.0
R_008846,5,0.002,3.966890671671355e-05,0,1565,2,1565,7,1,5,7,1.0,-0.0,0.0
R_008847,8,0.0032,5.325323520845402e-05,0,1628,0,1628,8,1,3,8,1.0,-0.0,0.0
R_008848,9,0.0036,5.442655590056452e-05,0,1505,7,1505,7,1,4,7,1.0,-0.0,0.0
R_008849,6,0.0024,4.38518669025859e-05,0,1550,5,1550,7,1,0,7,1.0,-0.0,0.0
R_008850,10,0.004,5.929617489592565e-05,0,3102,6,1531,8,1,2,8,1.0,-0.0,0.0
R_008851,13,0.0052,7.889344610580859e-05,0,1628,0,1628,7,1,3,7,1.0,-0.0,0.0
R_008852,12,0.0048,7.405811696325156e-05,0,1628,0,1628,8,1,3,8,1.0,-0.0,0.0
R_008853,13,0.0052,8.278418391884539e-05,0,1565,2,1565,8,2,5,7,0.875,0.3767701612564367,0.5435644431995964
R_008854,4,0.0016,3.190983468843936e-05,0,1559,4,1559,6,1,1,6,1.0,-0.0,0.0
R_008855,8,0.0032,5.509665982756135e-05,0,1565,2,1565,6,2,5,5,0.8333333333333334,0.4505612088663046,0.6500224216483541
R_008856,14,0.0056,7.891727870553097e-05,0,3102,6,1531,8,1,2,8,1.0,-0.0,0.0
R_008857,2,0.0008,2.2816812420352742e-05,0,1550,5,1550,6,1,0,6,1.0,-0.0,0.0
R_008858,5,0.002,3.65881949230209e-05,0,3102,1,1571,5,3,7,3,0.6,0.9502705392332348,0.8649735207179272
R_008859,7,0.0028,4.8306745993831e-05,0,1628,0,1628,7,1,3,7,1.0,-0.0,0.0
R_008860,7,0.0028,4.5535459676520396e-05,0,1505,7,1505,5,1,4,5,1.0,-0.0,0.0
R_008861,5,0.002,3.626471259750254e-05,0,1505,7,1505,5,1,4,5,1.0,-0.0,0.0
R_008862,12,0.0048,7.547736515485788e-05,0,1550,5,1550,8,1,0,8,1.0,-0.0,0.0
R_008863,12,0.0048,7.018959372431147e-05,0,3102,6,1531,8,1,2,8,1.0,-0.0,0.0
R_008864,22,0.0088,0.00012303512864452233,0,1559,4,1559,8,1,1,8,1.0,-0.0,0.0
R_008865,8,0.0032,4.995616906449874e-05,0,3102,6,1531,5,1,2,5,1.0,-0.0,0.0
R_008866,4,0.0016,3.407817182085838e-05,0,1565,2,1565,6,1,5,6,1.0,-0.0,0.0
R_008867,4,0.0016,3.255648306489495e-05,0,1559,4,1559,7,1,1,7,1.0,-0.0,0.0
R_008868,6,0.0024,4.161284906076452e-05,0,3102,6,1531,8,1,2,8,1.0,-0.0,0.0
R_008869,4,0.0016,3.160203571980582e-05,0,3102,6,1531,5,1,2,5,1.0,-0.0,0.0
R_008870,6,0.0024,4.314745117616034e-05,0,1628,0,1628,5,1,3,5,1.0,-0.0,0.0
R_008871,5,0.002,3.6106742106578584e-05,0,3102,6,1531,5,1,2,5,1.0,-0.0,0.0
R_008872,11,0.0044,6.427570625225434e-05,0,1505,7,1505,8,1,4,8,1.0,-0.0,0.0
R_008873,6,0.0024,4.134347768652651e-05,0,3102,6,1531,5,1,2,5,1.0,-0.0,0.0
R_008874,5,0.002,3.643580742326834e-05,0,3102,6,1531,5,1,2,5,1.0,-0.0,0.0
R_008875,13,0.0052,8.373143373559008e-05,0,1565,2,1565,8,1,5,8,1.0,-0.0,0.0
R_008876,1,0.0004,1.735529427776843e-05,0,3102,6,1531,6,1,2,6,1.0,-0.0,0.0
R_008877,3,0.0012,2.8196541507547528e-05,0,1550,5,1550,6,1,0,6,1.0,-0.0,0.0
R_008878,34,0.0136,0.00018186071742700802,0,1559,4,1559,8,1,1,8,1.0,-0.0,0.0
R_008879,2,0.0008,2.3467878706654427e-05,0,1565,2,1565,6,2,5,5,0.8333333333333334,0.4505612088663046,0.6500224216483541
R_008880,7,0.0028,4.904444577634782e-05,0,1550,5,1550,8,1,0,8,1.0,-0.0,0.0
R_008881,7,0.0028,4.6562385187492266e-05,0,3102,6,1531,6,1,2,6,1.0,-0.0,0.0
R_008882,6,0.0024,4.146242430000272e-05,0,3102,1,1571,5,3,7,3,0.6,0.9502705392332348,0.8649735207179272
R_008883,6,0.0024,4.358447924350631e-05,0,1550,5,1550,6,1,0,6,1.0,-0.0,0.0
R_008884,4,0.0016,3.270480647803398e-05,0,1550,5,1550,5,1,0,5,1.0,-0.0,0.0
R_008885,7,0.0028,5.0673766035743506e-05,0,1565,2,1565,6,2,5,5,0.8333333333333334,0.4505612088663046,0.6500224216483541
R_008886,4,0.0016,3.2277429277750746e-05,0,1562,3,1562,6,2,6,5,0.8333333333333334,0.4505612088663046,0.6500224216483541
R_008887,5,0.002,3.723092368417879e-05,0,1559,4,1559,5,1,1,5,1.0,-0.0,0.0
R_008888,4,0.0016,3.412106626322125e-05,0,1565,2,1565,6,1,5,6,1.0,-0.0,0.0
R_008889,6,0.0024,4.088490155560163e-05,0,3102,1,1571,5,1,7,5,1.0,-0.0,0.0
R_008890,6,0.0024,4.461269709420527e-05,0,1550,5,1550,5,1,0,5,1.0,-0.0,0.0
R_008891,4,0.0016,3.209197510674565e-05,0,1562,3,1562,5,1,6,5,1.0,-0.0,0.0
R_008892,9,0.0036,6.0326267538758276e-05,0,1550,5,1550,7,1,0,7,1.0,-0.0,0.0
R_008893,7,0.0028,4.882456503226807e-05,0,1550,5,1550,8,1,0,8,1.0,-0.0,0.0
R_008894,21,0.0084,0.00011724116466621182,0,1559,4,1559,7,1,1,7,1.0,-0.0,0.0
R_008895,7,0.0028,4.944643855101927e-05,0,1550,5,1550,6,1,0,6,1.0,-0.0,0.0
R_008896,14,0.0056,8.342832266822835e-05,0,1628,0,1628,8,1,3,8,1.0,-0.0,0.0
R_008897,15,0.006,8.675040667351995e-05,0,1559,4,1559,8,1,1,8,1.0,-0.0,0.0
R_008898,2,0.0008,2.3077865819271275e-05,0,1550,5,1550,5,1,0,5,1.0,-0.0,0.0
R_008899,4,0.0016,3.3878758711877683e-05,0,1565,2,1565,8,2,5,7,0.875,0.3767701612564367,0.5435644431995964
R_008900,7,0.0028,4.783730790643374e-05,0,1628,0,1628,8,1,3,8,1.0,-0.0,0.0
R_008901,8,0.0032,5.4342524059996336e-05,0,1550,5,1550,7,1,0,7,1.0,-0.0,0.0
R_008902,15,0.006,8.228165348166389e-05,0,1505,7,1505,7,1,4,7,1.0,-0.0,0.0
R_008903,5,0.002,3.989466205027969e-05,0,1565,2,1565,6,1,5,6,1.0,-0.0,0.0
R_008904,8,0.0032,5.306542619997567e-05,0,1562,3,1562,8,3,6,6,0.75,0.7356219397587946,0.6695919455357792
R_008905,21,0.0084,0.00011167534190927387,0,3102,1,1571,8,3,7,6,0.75,0.7356219397587946,0.6695919455357792
R_008906,11,0.0044,7.204716130307698e-05,0,1565,2,1565,7,1,5,7,1.0,-0.0,0.0
R_008907,21,0.0084,0.00011796588690724402,0,1562,3,1562,8,2,6,7,0.875,0.3767701612564367,0.5435644431995964
R_008908,6,0.0024,4.302786894652191e-05,0,1628,0,1628,7,1,3,7,1.0,-0.0,0.0
R_008909,6,0.0024,4.2648348419756956e-05,0,1628,0,1628,7,1,3,7,1.0,-0.0,0.0
R_008910,11,0.0044,6.858490344496973e-05,0,1628,0,1628,6,1,3,6,1.0,-0.0,0.0
R_008911,6,0.0024,4.292312586028676e-05,0,1562,3,1562,5,2,6,4,0.8,0.5004024235381879,0.7219280948873623
R_008912,4,0.0016,3.416085209391796e-05,0,1565,2,1565,5,2,5,4,0.8,0.5004024235381879,0.7219280948873623
R_008913,11,0.0044,6.62559555300396e-05,0,1559,4,1559,8,1,1,8,1.0,-0.0,0.0
R_008914,13,0.0052,7.757303826084912e-05,0,1562,3,1562,8,3,6,6,0.75,0.7356219397587946,0.6695919455357792
R_008915,7,0.0028,4.526232208343178e-05,0,1505,7,1505,7,1,4,7,1.0,-0.0,0.0
R_008916,5,0.002,3.825584409119578e-05,0,1550,5,1550,6,1,0,6,1.0,-0.0,0.0
R_008917,3,0.0012,2.7835695791696706e-05,0,1628,0,1628,5,1,3,5,1.0,-0.0,0.0
R_008918,5,0.002,3.7338883413018926e-05,0,1628,0,1628,6,1,3,6,1.0,-0.0,0.0
R_008919,5,0.002,3.783082371519492e-05,0,1550,5,1550,5,1,0,5,1.0,-0.0,0.0
R_008920,5,0.002,3.564235948177559e-05,0,3102,6,1531,5,1,2,5,1.0,-0.0,0.0
R_008921,6,0.0024,4.55659835454419e-05,0,1565,2,1565,7,1,5,7,1.0,-0.0,0.0
R_008922,7,0.0028,4.6976346844678025e-05,0,1562,3,1562,8,3,6,6,0.75,0.7356219397587946,0.6695919455357792
R_008923,22,0.0088,0.00011644337791652355,0,1505,7,1505,7,1,4,7,1.0,-0.0,0.0
R_008924,11,0.0044,6.354192989865644e-05,0,1505,7,1505,8,1,4,8,1.0,-0.0,0.0
R_008925,14,0.0056,8.397675925594293e-05,0,1628,0,1628,7,1,3,7,1.0,-0.0,0.0
R_008926,14,0.0056,7.838003234593046e-05,0,1505,7,1505,8,1,4,8,1.0,-0.0,0.0
R_008927,3,0.0012,2.7086242924168348e-05,0,3102,6,1531,5,1,2,5,1.0,-0.0,0.0
R_008928,6,0.0024,4.325485838619445e-05,0,1628,0,1628,5,1,3,5,1.0,-0.0,0.0
R_008929,8,0.0032,5.091838682417292e-05,0,3102,6,1531,7,1,2,7,1.0,-0.0,0.0
R_008930,7,0.0028,4.8449500931088734e-05,0,1550,5,1550,6,1,0,6,1.0,-0.0,0.0
R_008931,10,0.004,5.9596512955321716e-05,0,1505,7,1505,8,1,4,8,1.0,-0.0,0.0
R_008932,6,0.0024,4.366266807068824e-05,0,1628,0,1628,6,1,3,6,1.0,-0.0,0.0
R_008933,10,0.004,5.990062967402887e-05,0,3102,1,1571,8,4,7,4,0.5,1.2130075659799042,0.875
R_008934,7,0.0028,4.84520677876987e-05,0,1550,5,1550,6,1,0,6,1.0,-0.0,0.0
R_008935,3,0.0012,2.8258308362957137e-05,0,1565,2,1565,5,2,5,4,0.8,0.5004024235381879,0.7219280948873623
R_008936,6,0.0024,4.548571451988455e-05,0,1565,2,1565,8,2,5,7,0.875,0.3767701612564367,0.5435644431995964
R_008937,9,0.0036,5.5119502903190905e-05,0,3102,6,1531,7,1,2,7,1.0,-0.0,0.0
R_008938,2,0.0008,2.3175418171676256e-05,0,1550,5,1550,5,1,0,5,1.0,-0.0,0.0
R_008939,4,0.0016,3.401017565603385e-05,0,1565,2,1565,6,1,5,6,1.0,-0.0,0.0
R_008940,6,0.0024,4.0071934543702776e-05,0,1505,7,1505,5,1,4,5,1.0,-0.0,0.0
R_008941,5,0.002,3.6090397875125575e-05,0,3102,6,1531,5,1,2,5,1.0,-0.0,0.0
R_008942,13,0.0052,7.902053337422994e-05,0,1628,0,1628,7,1,3,7,1.0,-0.0,0.0
R_008943,5,0.002,3.7911377699790826e-05,0,1628,0,1628,6,1,3,6,1.0,-0.0,0.0
R_008944,7,0.0028,4.583404896293055e-05,0,3102,6,1531,5,1,2,5,1.0,-0.0,0.0
R_008945,3,0.0012,2.7124327828424952e-05,0,3102,6,1531,5,1,2,5,1.0,-0.0,0.0
R_008946,10,0.004,6.563886458847786e-05,0,1565,2,1565,7,2,5,6,0.8571428571428571,0.410116318288409,0.5916727785823274
R_008947,6,0.0024,4.2638209924549424e-05,0,1559,4,1559,5,1,1,5,1.0,-0.0,0.0
R_008948,4,0.0016,3.113396087679821e-05,0,3102,6,1531,6,1,2,6,1.0,-0.0,0.0
R_008949,4,0.0016,3.100674050586784e-05,0,3102,1,1571,5,2,7,4,0.8,0.5004024235381879,0.7219280948873623
R_008950,4,0.0016,3.150899491829499e-05,0,3102,6,1531,5,1,2,5,1.0,-0.0,0.0
R_008951,14,0.0056,7.953787932255696e-05,0,3102,6,1531,7,1,2,7,1.0,-0.0,0.0
R_008952,2,0.0008,2.2370550809934468e-05,0,1559,4,1559,6,1,1,6,1.0,-0.0,0.0
R_008953,8,0.0032,5.0095294751047273e-05,0,3102,6,1531,6,1,2,6,1.0,-0.0,0.0
R_008954,8,0.0032,5.011187496663649e-05,0,3102,6,1531,7,1,2,7,1.0,-0.0,0.0
R_008955,2,0.0008,2.217508337043615e-05,0,3102,6,1531,5,1,2,5,1.0,-0.0,0.0
R_008956,14,0.0056,7.884827465454631e-05,0,3102,1,1571,7,4,7,3,0.4285714285714285,1.277034259466139,0.9211854965885544
R_008957,12,0.0048,7.506827611601398e-05,0,1550,5,1550,7,1,0,7,1.0,-0.0,0.0
R_008958,4,0.0016,3.260425625650711e-05,0,1550,5,1550,5,1,0,5,1.0,-0.0,0.0
R_008959,4,0.0016,3.389619310713068e-05,0,1565,2,1565,6,2,5,5,0.8333333333333334,0.4505612088663046,0.6500224216483541
R_008960,8,0.0032,5.000679233628631e-05,0,3102,1,1571,8,4,7,5,0.625,1.073542846408523,0.7743974703476992
R_008961,6,0.0024,4.248029163499553e-05,0,1562,3,1562,6,3,6,4,0.6666666666666666,0.8675632284814612,0.7896900821428474
R_008962,7,0.0028,4.6446302165182065e-05,0,3102,6,1531,5,1,2,5,1.0,-0.0,0.0
R_008963,7,0.0028,4.9316743426405235e-05,0,1550,5,1550,8,1,0,8,1.0,-0.0,0.0
R_008964,11,0.0044,6.649529623908434e-05,0,1559,4,1559,8,1,1,8,1.0,-0.0,0.0
R_008965,10,0.004,6.4357983987855e-05,0,1550,5,1550,8,1,0,8,1.0,-0.0,0.0
R_008966,6,0.0024,4.284434001337904e-05,0,1628,0,1628,5,1,3,5,1.0,-0.0,0.0
R_008967,9,0.0036,5.746064982815335e-05,0,1559,4,1559,6,1,1,6,1.0,-0.0,0.0
R_008968,8,0.0032,5.3367223741017906e-05,0,1550,5,1550,6,1,0,6,1.0,-0.0,0.0
R_008969,7,0.0028,4.5686312220254346e-05,0,3102,6,1531,7,1,2,7,1.0,-0.0,0.0
R_008970,9,0.0036,6.10443979027856e-05,0,1565,2,1565,8,2,5,7,0.875,0.3767701612564367,0.5435644431995964
R_008971,2,0.0008,2.3336457656865043e-05,0,1565,2,1565,5,2,5,4,0.8,0.5004024235381879,0.7219280948873623
R_008972,10,0.004,6.210633273700247e-05,0,1559,4,1559,8,1,1,8,1.0,-0.0,0.0
R_008973,10,0.004,6.715408735701035e-05,0,1565,2,1565,7,2,5,6,0.8571428571428571,0.410116318288409,0.5916727785823274
R_008974,5,0.002,3.8341592592496494e-05,0,1550,5,1550,7,1,0,7,1.0,-0.0,0.0
R_008975,4,0.0016,3.264585623021962e-05,0,1628,0,1628,8,1,3,8,1.0,-0.0,0.0
R_008976,6,0.0024,4.19929526413149e-05,0,1562,3,1562,6,3,6,4,0.6666666666666666,0.8675632284814612,0.7896900821428474
R_008977,7,0.0028,4.573166402309798e-05,0,3102,1,1571,5,3,7,3,0.6,0.9502705392332348,0.8649735207179272
R_008978,5,0.002,3.600943848455737e-05,0,3102,1,1571,6,3,7,4,0.6666666666666666,0.8675632284814612,0.7896900821428474
R_008979,7,0.0028,4.548140339242168e-05,0,3102,6,1531,5,1,2,5,1.0,-0.0,0.0
R_008980,4,0.0016,3.163490174632326e-05,0,3102,1,1571,7,3,7,4,0.5714285714285714,0.9556998911125344,0.8699155297736259
R_008981,14,0.0056,8.188499940397188e-05,0,1562,3,1562,6,2,6,5,0.8333333333333334,0.4505612088663046,0.6500224216483541
R_008982,5,0.002,3.56025056159701e-05,0,1505,7,1505,5,1,4,5,1.0,-0.0,0.0
R_008983,20,0.008,0.00011523402152609991,0,1550,5,1550,8,1,0,8,1.0,-0.0,0.0
R_008984,7,0.0028,4.828872318382876e-05,0,1550,5,1550,7,1,0,7,1.0,-0.0,0.0
R_008985,15,0.006,8.412601728067732e-05,0,3102,1,1571,7,3,7,5,0.7142857142857143,0.796311640173813,0.7248340915057598
R_008986,12,0.0048,7.528835799695375e-05,0,1550,5,1550,8,1,0,8,1.0,-0.0,0.0
R_008987,5,0.002,3.6010371461354876e-05,0,1505,7,1505,5,1,4,5,1.0,-0.0,0.0
R_008988,10,0.004,6.212263446419456e-05,0,1559,4,1559,7,1,1,7,1.0,-0.0,0.0
R_008989,11,0.0044,6.46432212153399e-05,0,3102,1,1571,6,3,7,4,0.6666666666666666,0.8675632284814612,0.7896900821428474
R_008990,12,0.0048,7.268513908451799e-05,0,1628,0,1628,8,1,3,8,1.0,-0.0,0.0
R_008991,12,0.0048,7.021111745766382e-05,0,3102,6,1531,8,1,2,8,1.0,-0.0,0.0
R_008992,7,0.0028,4.867892082884908e-05,0,1550,5,1550,7,1,0,7,1.0,-0.0,0.0
R_008993,5,0.002,3.655366543853836e-05,0,1562,3,1562,5,1,6,5,1.0,-0.0,0.0
R_008994,8,0.0032,5.3021611584588724e-05,0,1628,0,1628,7,1,3,7,1.0,-0.0,0.0
R_008995,3,0.0012,2.6556788739307937e-05,0,3102,6,1531,5,1,2,5,1.0,-0.0,0.0
R_008996,19,0.0076,0.0001035846572739711,0,3102,6,1531,7,1,2,7,1.0,-0.0,0.0
R_008997,6,0.0024,4.1095525383050615e-05,0,3102,1,1571,5,4,7,2,0.4,1.3321790402101223,0.9609640474436812
R_008998,7,0.0028,4.5486204131852736e-05,0,1505,7,1505,8,1,4,8,1.0,-0.0,0.0
R_008999,7,0.0028,4.641402916666052e-05,0,3102,6,1531,6,1,2,6,1.0,-0.0,0.0
R_009000,3,0.0012,2.8899414461615854e-05,0,1565,2,1565,5,2,5,4,0.8,0.5004024235381879,0.7219280948873623
R_009001,7,0.0028,4.737371004492027e-05,0,1559,4,1559,5,1,1,5,1.0,-0.0,0.0
R_009002,6,0.0024,4.1600459679654294e-05,0,3102,6,1531,7,1,2,7,1.0,-0.0,0.0
R_009003,8,0.0032,5.247203518161763e-05,0,1562,3,1562,7,2,6,6,0.8571428571428571,0.410116318288409,0.5916727785823274
R_009004,6,0.0024,4.0334648564979876e-05,0,3102,1,1571,5,3,2,2,0.4,1.0549201679861442,0.9602297178607612
R_009005,9,0.0036,5.574516817027773e-05,0,3102,6,1531,7,1,2,7,1.0,-0.0,0.0
R_009006,3,0.0012,2.797247593057791e-05,0,1628,0,1628,5,1,3,5,1.0,-0.0,0.0
R_009007,2,0.0008,2.2079496272077604e-05,0,1562,3,1562,6,3,6,4,0.6666666666666666,0.8675632284814612,0.7896900821428474
R_009008,26,0.0104,0.00014175814456075816,0,1562,3,1562,8,2,6,7,0.875,0.3767701612564367,0.5435644431995964
R_009009,10,0.004,5.982970286600527e-05,0,3102,1,1571,8,3,7,6,0.75,0.7356219397587946,0.6695919455357792
R_009010,3,0.0012,2.7453276458338633e-05,0,1628,0,1628,6,1,3,6,1.0,-0.0,0.0
R_009011,8,0.0032,5.021402521222259e-05,0,1505,7,1505,7,1,4,7,1.0,-0.0,0.0
R_009012,7,0.0028,4.4979622490831075e-05,0,3102,1,1571,6,2,7,4,0.6666666666666666,0.6365141682948128,0.9182958340544894
R_009013,4,0.0016,3.327493328531939e-05,0,1550,5,1550,8,1,0,8,1.0,-0.0,0.0
R_009014,4,0.0016,3.190639719417987e-05,0,1559,4,1559,6,1,1,6,1.0,-0.0,0.0
R_009015,12,0.0048,7.311540991552151e-05,0,1628,0,1628,7,1,3,7,1.0,-0.0,0.0
R_009016,13,0.0052,7.721257251062134e-05,0,1559,4,1559,7,1,1,7,1.0,-0.0,0.0
R_009017,3,0.0012,2.7792441683536514e-05,0,1550,5,1550,6,1,0,6,1.0,-0.0,0.0
R_009018,7,0.0028,5.039586496033666e-05,0,1565,2,1565,8,2,5,7,0.875,0.3767701612564367,0.5435644431995964
R_009019,4,0.0016,3.133562161189991e-05,0,3102,1,1571,7,2,7,5,0.7142857142857143,0.5982695885852573,0.8631205685666311
R_009020,10,0.004,6.235939844627015e-05,0,1562,3,1562,6,3,6,4,0.6666666666666666,0.8675632284814612,0.7896900821428474
R_009021,6,0.0024,4.084450522554786e-05,0,3102,1,1571,6,3,7,4,0.6666666666666666,0.8675632284814612,0.7896900821428474
R_009022,23,0.0092,0.00012596725145730495,0,1559,4,1559,7,1,1,7,1.0,-0.0,0.0
R_009023,7,0.0028,4.5486925597964354e-05,0,1505,7,1505,6,1,4,6,1.0,-0.0,0.0
R_009024,5,0.002,3.941035505023771e-05,0,1565,2,1565,6,1,5,6,1.0,-0.0,0.0
R_009025,3,0.0012,2.857333942107105e-05,0,1565,2,1565,6,1,5,6,1.0,-0.0,0.0
R_009026,8,0.0032,5.4237270951606505e-05,0,1550,5,1550,6,1,0,6,1.0,-0.0,0.0
R_009027,2,0.0008,2.2333953814045942e-05,0,1562,3,1562,6,2,6,5,0.8333333333333334,0.4505612088663046,0.6500224216483541
R_009028,13,0.0052,7.706589519754123e-05,0,1559,4,1559,6,1,1,6,1.0,-0.0,0.0
R_009029,9,0.0036,5.440118903063114e-05,0,1505,7,1505,7,1,4,7,1.0,-0.0,0.0
R_009030,5,0.002,3.729347948910304e-05,0,1559,4,1559,5,1,1,5,1.0,-0.0,0.0
R_009031,14,0.0056,8.873463506119625e-05,0,1565,2,1565,8,1,5,8,1.0,-0.0,0.0
R_009032,12,0.0048,7.268928373673664e-05,0,1559,4,1559,6,1,1,6,1.0,-0.0,0.0
R_009033,20,0.008,0.00011554998963530441,0,1628,0,1628,8,1,3,8,1.0,-0.0,0.0
R_009034,7,0.0028,4.967860721968901e-05,0,1565,2,1565,6,2,5,5,0.8333333333333334,0.4505612088663046,0.6500224216483541
R_009035,6,0.0024,4.2859855601056636e-05,0,1628,0,1628,6,1,3,6,1.0,-0.0,0.0
R_009036,7,0.0028,4.565584290406199e-05,0,3102,1,1571,6,4,7,3,0.5,1.242453324894,0.8962406251802889
R_009037,12,0.0048,7.76526803897306e-05,0,1565,2,1565,8,2,5,7,0.875,0.3767701612564367,0.5435644431995964
R_009038,11,0.0044,6.750886204282984e-05,0,1559,4,1559,8,1,1,8,1.0,-0.0,0.0
R_009039,2,0.0008,2.176808907465315e-05,0,3102,1,1571,5,4,7,2,0.4,1.3321790402101223,0.9609640474436812
R_009040,6,0.0024,4.061489976445271e-05,0,3102,6,1531,6,1,2,6,1.0,-0.0,0.0
R_009041,15,0.006,8.769364498731759e-05,0,1559,4,1559,8,1,1,8,1.0,-0.0,0.0
R_009042,28,0.0112,0.0001635407388886835,0,1565,2,1565,8,2,5,7,0.875,0.3767701612564367,0.5435644431995964
R_009043,5,0.002,3.818572620089185e-05,0,1628,0,1628,6,1,3,6,1.0,-0.0,0.0
R_009044,13,0.0052,7.855900473788435e-05,0,1628,0,1628,8,1,3,8,1.0,-0.0,0.0
R_009045,10,0.004,5.988541730293143e-05,0,1505,7,1505,7,1,4,7,1.0,-0.0,0.0
R_009046,12,0.0048,6.846077013194544e-05,0,1505,7,1505,8,1,4,8,1.0,-0.0,0.0
R_009047,7,0.0028,4.54173440667038e-05,0,1505,7,1505,7,1,4,7,1.0,-0.0,0.0
R_009048,3,0.0012,2.738560027411167e-05,0,1562,3,1562,5,2,6,4,0.8,0.5004024235381879,0.7219280948873623
R_009049,1,0.0004,1.739787869219785e-05,0,1562,3,1562,6,1,6,6,1.0,-0.0,0.0
R_009050,12,0.0048,7.529627783188336e-05,0,1550,5,1550,8,1,0,8,1.0,-0.0,0.0
R_009051,7,0.0028,4.55692467546076e-05,0,3102,6,1531,5,1,2,5,1.0,-0.0,0.0
R_009052,3,0.0012,2.7410060557167947e-05,0,1562,3,1562,5,3,6,3,0.6,0.9502705392332348,0.8649735207179272
R_009053,9,0.0036,5.6650469168069495e-05,0,1559,4,1559,8,1,1,8,1.0,-0.0,0.0
R_009054,5,0.002,3.7384643319380344e-05,0,1628,0,1628,5,1,3,5,1.0,-0.0,0.0
R_009055,9,0.0036,5.5127646409784636e-05,0,3102,6,1531,6,1,2,6,1.0,-0.0,0.0
R_009056,7,0.0028,4.552001911401869e-05,0,3102,6,1531,6,1,2,6,1.0,-0.0,0.0
R_009057,4,0.0016,3.3669956982575215e-05,0,1565,2,1565,7,1,5,7,1.0,-0.0,0.0
R_009058,7,0.0028,5.013892603189626e-05,0,1565,2,1565,8,1,5,8,1.0,-0.0,0.0
R_009059,7,0.0028,5.07512005122777e-05,0,1565,2,1565,7,1,5,7,1.0,-0.0,0.0
R_009060,11,0.0044,6.708753568796004e-05,0,1562,3,1562,7,2,6,6,0.8571428571428571,0.410116318288409,0.5916727785823274
R_009061,10,0.004,6.219791876722304e-05,0,1628,0,1628,8,1,3,8,1.0,-0.0,0.0
R_009062,4,0.0016,3.145404888213289e-05,0,3102,1,1571,7,3,7,5,0.7142857142857143,0.796311640173813,0.7248340915057598
R_009063,8,0.0032,5.0083818604956324e-05,0,3102,6,1531,8,1,2,8,1.0,-0.0,0.0
R_009064,11,0.0044,6.887976239767215e-05,0,1628,0,1628,7,1,3,7,1.0,-0.0,0.0
R_009065,5,0.002,3.602917423365879e-05,0,3102,1,1571,6,3,7,4,0.6666666666666666,0.8675632284814612,0.7896900821428474
R_009066,3,0.0012,2.7743626908421004e-05,0,1628,0,1628,6,1,3,6,1.0,-0.0,0.0
R_009067,5,0.002,3.838231463962854e-05,0,1559,4,1559,7,1,1,7,1.0,-0.0,0.0
R_009068,3,0.0012,2.6196483543611623e-05,0,1505,7,1505,5,1,4,5,1.0,-0.0,0.0
R_009069,19,0.0076,0.00010247031866279351,0,3102,6,1531,7,1,2,7,1.0,-0.0,0.0
R_009070,2,0.0008,2.1871097812368225e-05,0,1505,7,1505,5,1,4,5,1.0,-0.0,0.0
R_009071,9,0.0036,5.838706367945584e-05,0,1628,0,1628,6,1,3,6,1.0,-0.0,0.0
R_009072,20,0.008,0.00011637483733809637,0,1550,5,1550,7,1,0,7,1.0,-0.0,0.0
R_009073,3,0.0012,2.6350870267322558e-05,0,1505,7,1505,5,1,4,5,1.0,-0.0,0.0
R_009074,6,0.0024,4.2304532818731864e-05,0,1562,3,1562,5,2,6,4,0.8,0.5004024235381879,0.7219280948873623
R_009075,10,0.004,6.015149657510037e-05,0,3102,1,1571,8,4,7,4,0.5,1.2130075659799042,0.875
R_009076,8,0.0032,5.2315395458403e-05,0,1559,4,1559,8,1,1,8,1.0,-0.0,0.0
R_009077,23,0.0092,0.00013281104891310958,0,1550,5,1550,7,1,0,7,1.0,-0.0,0.0
R_009078,11,0.0044,7.339458646006895e-05,0,1565,2,1565,6,2,5,5,0.8333333333333334,0.4505612088663046,0.6500224216483541
R_009079,10,0.004,5.961392831072329e-05,0,1505,7,1505,8,1,4,8,1.0,-0.0,0.0
R_009080,7,0.0028,4.663828389132009e-05,0,3102,1,1571,5,2,7,4,0.8,0.5004024235381879,0.7219280948873623
R_009081,16,0.0064,9.537621345733048e-05,0,1550,5,1550,8,1,0,8,1.0,-0.0,0.0
R_009082,6,0.0024,4.4459420460033546e-05,0,1565,2,1565,8,2,5,7,0.875,0.3767701612564367,0.5435644431995964
R_009083,5,0.002,3.988925717608654e-05,0,1565,2,1565,6,2,5,5,0.8333333333333334,0.4505612088663046,0.6500224216483541
R_009084,13,0.0052,7.615316583918104e-05,0,1559,4,1559,8,1,1,8,1.0,-0.0,0.0
R_009085,6,0.0024,4.251377502936495e-05,0,1559,4,1559,6,1,1,6,1.0,-0.0,0.0
R_009086,7,0.0028,4.626117136638999e-05,0,3102,6,1531,6,1,2,6,1.0,-0.0,0.0
R_009087,22,0.0088,0.00011653628073033534,0,3102,1,1571,8,3,7,6,0.75,0.7356219397587946,0.6695919455357792
R_009088,8,0.0032,5.071091453868626e-05,0,3102,1,1571,8,4,7,5,0.625,1.073542846408523,0.7743974703476992
R_009089,1,0.0004,1.7303996761369844e-05,0,1562,3,1562,6,2,6,5,0.8333333333333334,0.4505612088663046,0.6500224216483541
R_009090,5,0.002,3.834964422101577e-05,0,1628,0,1628,6,1,3,6,1.0,-0.0,0.0
R_009091,8,0.0032,5.087321570943306e-05,0,3102,6,1531,7,1,2,7,1.0,-0.0,0.0
R_009092,6,0.0024,4.291407110855219e-05,0,1628,0,1628,5,1,3,5,1.0,-0.0,0.0
R_009093,8,0.0032,5.355649534347691e-05,0,1559,4,1559,5,1,1,5,1.0,-0.0,0.0
R_009094,6,0.0024,4.100642024056685e-05,0,3102,1,1571,5,3,2,2,0.4,1.0549201679861442,0.9602297178607612
R_009095,2,0.0008,2.1695221260449115e-05,0,1505,7,1505,5,1,4,5,1.0,-0.0,0.0
R_009096,8,0.0032,5.100776577116197e-05,0,3102,6,1531,6,1,2,6,1.0,-0.0,0.0
R_009097,8,0.0032,5.0625586794564054e-05,0,3102,1,1571,6,2,7,5,0.8333333333333334,0.4505612088663046,0.6500224216483541
R_009098,9,0.0036,5.945560049871042e-05,0,1550,5,1550,8,1,0,8,1.0,-0.0,0.0
R_009099,3,0.0012,2.866991801537349e-05,0,1565,2,1565,6,1,5,6,1.0,-0.0,0.0
R_009100,3,0.0012,2.6745616389576142e-05,0,1505,7,1505,5,1,4,5,1.0,-0.0,0.0
R_009101,9,0.0036,5.4877941792205423e-05,0,3102,1,1571,8,4,7,4,0.5,1.2130075659799042,0.875
R_009102,7,0.0028,4.830338016084461e-05,0,1550,5,1550,5,1,0,5,1.0,-0.0,0.0
R_009103,6,0.0024,4.450377300173439e-05,0,1565,2,1565,7,2,5,6,0.8571428571428571,0.410116318288409,0.5916727785823274
R_009104,9,0.0036,5.740232656994434e-05,0,1628,0,1628,5,1,3,5,1.0,-0.0,0.0
R_009105,9,0.0036,5.544402149805208e-05,0,3102,1,1571,5,2,7,4,0.8,0.5004024235381879,0.7219280948873623
R_009106,2,0.0008,2.2738909218145405e-05,0,1628,0,1628,5,1,3,5,1.0,-0.0,0.0
R_009107,6,0.0024,4.108159268173775e-05,0,1505,7,1505,6,1,4,6,1.0,-0.0,0.0
R_009108,7,0.0028,4.502764433142368e-05,0,1505,7,1505,8,1,4,8,1.0,-0.0,0.0
R_009109,5,0.002,3.5621768869197805e-05,0,1505,7,1505,8,1,4,8,1.0,-0.0,0.0
R_009110,5,0.002,3.6826830726353886e-05,0,3102,6,1531,5,1,2,5,1.0,-0.0,0.0
R_009111,10,0.004,6.034182832616381e-05,0,3102,6,1531,7,1,2,7,1.0,-0.0,0.0
R_009112,19,0.0076,0.00010342074915316121,0,3102,6,1531,8,1,2,8,1.0,-0.0,0.0
R_009113,8,0.0032,5.364289380497143e-05,0,1628,0,1628,7,1,3,7,1.0,-0.0,0.0
R_009114,5,0.002,3.6848330352402426e-05,0,1562,3,1562,5,3,6,3,0.6,0.9502705392332348,0.8649735207179272
R_009115,9,0.0036,5.8874221962254016e-05,0,1550,5,1550,8,1,0,8,1.0,-0.0,0.0
R_009116,9,0.0036,5.829052548627336e-05,0,1628,0,1628,7,1,3,7,1.0,-0.0,0.0
R_009117,10,0.004,6.039708564529844e-05,0,3102,6,1531,8,1,2,8,1.0,-0.0,0.0
R_009118,7,0.0028,4.839756976081422e-05,0,1628,0,1628,6,1,3,6,1.0,-0.0,0.0
R_009119,4,0.0016,3.168974220954209e-05,0,3102,6,1531,8,1,2,8,1.0,-0.0,0.0
R_009120,6,0.0024,4.210525257222026e-05,0,1562,3,1562,6,2,6,5,0.8333333333333334,0.4505612088663046,0.6500224216483541
R_009121,5,0.002,3.62217794674646e-05,0,3102,1,1571,5,3,7,3,0.6,0.9502705392332348,0.8649735207179272
R_009122,4,0.0016,3.215320261916086e-05,0,1562,3,1562,6,2,6,5,0.8333333333333334,0.4505612088663046,0.6500224216483541
R_009123,7,0.0028,5.095316656296791e-05,0,1565,2,1565,8,2,5,7,0.875,0.3767701612564367,0.5435644431995964
R_009124,8,0.0032,5.242910400010723e-05,0,1628,0,1628,7,1,3,7,1.0,-0.0,0.0
R_009125,4,0.0016,3.124066175522283e-05,0,1505,7,1505,6,1,4,6,1.0,-0.0,0.0
R_009126,5,0.002,3.6064263009497786e-05,0,3102,6,1531,6,1,2,6,1.0,-0.0,0.0
R_009127,7,0.0028,4.769968272713876e-05,0,1559,4,1559,5,1,1,5,1.0,-0.0,0.0
R_009128,8,0.0032,5.294602994560622e-05,0,1628,0,1628,7,1,3,7,1.0,-0.0,0.0
R_009129,10,0.004,5.912831696547534e-05,0,1505,7,1505,7,1,4,7,1.0,-0.0,0.0
R_009130,6,0.0024,4.128326626424103e-05,0,3102,6,1531,5,1,2,5,1.0,-0.0,0.0
R_009131,6,0.0024,4.3712364977713875e-05,0,1550,5,1550,5,1,0,5,1.0,-0.0,0.0
R_009132,11,0.0044,7.175790166400446e-05,0,1565,2,1565,7,2,5,6,0.8571428571428571,0.410116318288409,0.5916727785823274
R_009133,12,0.0048,7.438064502887679e-05,0,1628,0,1628,8,1,3,8,1.0,-0.0,0.0
R_009134,7,0.0028,4.760925654897622e-05,0,1562,3,1562,6,2,6,5,0.8333333333333334,0.4505612088663046,0.6500224216483541
R_009135,6,0.0024,4.5540263909056807e-05,0,1565,2,1565,6,2,5,5,0.8333333333333334,0.4505612088663046,0.6500224216483541
R_009136,6,0.0024,4.4408378793524236e-05,0,1550,5,1550,7,1,0,7,1.0,-0.0,0.0
R_009137,2,0.0008,2.268160841653015e-05,0,1559,4,1559,5,1,1,5,1.0,-0.0,0.0
R_009138,12,0.0048,7.011562470448011e-05,0,3102,1,1571,7,4,7,3,0.4285714285714285,1.277034259466139,0.9211854965885544
R_009139,3,0.0012,2.9012908609575158e-05,0,1565,2,1565,5,2,5,4,0.8,0.5004024235381879,0.7219280948873623
R_009140,9,0.0036,5.5036028101553446e-05,0,3102,6,1531,7,1,2,7,1.0,-0.0,0.0
R_009141,11,0.0044,6.505038460565765e-05,0,3102,6,1531,8,1,2,8,1.0,-0.0,0.0
R_009142,7,0.0028,4.735122374750215e-05,0,1562,3,1562,6,3,6,4,0.6666666666666666,0.8675632284814612,0.7896900821428474
R_009143,8,0.0032,5.023250136348995e-05,0,1505,7,1505,5,1,4,5,1.0,-0.0,0.0
R_009144,6,0.0024,4.3697392095431954e-05,0,1550,5,1550,6,1,0,6,1.0,-0.0,0.0
R_009145,4,0.0016,3.172567132991861e-05,0,3102,6,1531,5,1,2,5,1.0,-0.0,0.0
R_009146,8,0.0032,5.039758302845362e-05,0,1505,7,1505,8,1,4,8,1.0,-0.0,0.0
R_009147,6,0.0024,4.512225812780328e-05,0,1565,2,1565,5,1,5,5,1.0,-0.0,0.0
R_009148,11,0.0044,6.970287967927821e-05,0,1550,5,1550,8,1,0,8,1.0,-0.0,0.0
R_009149,6,0.0024,4.2210810084288465e-05,0,1562,3,1562,7,2,6,6,0.8571428571428571,0.410116318288409,0.5916727785823274
R_009150,8,0.0032,5.273861464992303e-05,0,1562,3,1562,8,2,6,7,0.875,0.3767701612564367,0.5435644431995964
R_009151,6,0.0024,4.508685769308885e-05,0,1565,2,1565,5,1,5,5,1.0,-0.0,0.0
R_009152,11,0.0044,6.974888216478722e-05,0,1550,5,1550,6,1,0,6,1.0,-0.0,0.0
R_009153,8,0.0032,4.956201572039031e-05,0,3102,6,1531,7,1,2,7,1.0,-0.0,0.0
R_009154,7,0.0028,4.530314640172186e-05,0,1505,7,1505,5,1,4,5,1.0,-0.0,0.0
R_009155,6,0.0024,4.375302162645743e-05,0,1628,0,1628,6,1,3,6,1.0,-0.0,0.0
R_009156,8,0.0032,5.071648585714596e-05,0,3102,6,1531,8,1,2,8,1.0,-0.0,0.0
R_009157,5,0.002,3.603743072329497e-05,0,1505,7,1505,5,1,4,5,1.0,-0.0,0.0
R_009158,3,0.0012,2.7047029132394092e-05,0,1559,4,1559,5,1,1,5,1.0,-0.0,0.0
R_009159,6,0.0024,4.4257473923115995e-05,0,1550,5,1550,5,1,0,5,1.0,-0.0,0.0
R_009160,4,0.0016,3.1089474446461996e-05,0,3102,1,1571,5,3,7,3,0.6,0.9502705392332348,0.8649735207179272
R_009161,7,0.0028,4.7915662517327706e-05,0,1628,0,1628,8,1,3,8,1.0,-0.0,0.0
R_009162,7,0.0028,4.488711670450615e-05,0,3102,1,1571,8,4,7,4,0.5,1.2130075659799042,0.875
R_009163,6,0.0024,4.501371409783708e-05,0,1565,2,1565,6,1,5,6,1.0,-0.0,0.0
R_009164,4,0.0016,3.415668845486559e-05,0,1565,2,1565,5,2,5,4,0.8,0.5004024235381879,0.7219280948873623
R_009165,4,0.0016,3.27638225145156e-05,0,1628,0,1628,7,1,3,7,1.0,-0.0,0.0
R_009166,9,0.0036,5.93958735397332e-05,0,1550,5,1550,8,1,0,8,1.0,-0.0,0.0
R_009167,12,0.0048,6.983693956253158e-05,0,3102,6,1531,8,1,2,8,1.0,-0.0,0.0
R_009168,4,0.0016,3.090974043454004e-05,0,3102,1,1571,5,2,7,4,0.8,0.5004024235381879,0.7219280948873623
R_009169,4,0.0016,3.422326534103177e-05,0,1565,2,1565,6,1,5,6,1.0,-0.0,0.0
R_009170,9,0.0036,5.541908402587122e-05,0,1505,7,1505,6,1,4,6,1.0,-0.0,0.0
R_009171,8,0.0032,5.036784818278092e-05,0,3102,1,1571,6,2,7,5,0.8333333333333334,0.4505612088663046,0.6500224216483541
R_009172,6,0.0024,4.3663247221046015e-05,0,1550,5,1550,6,1,0,6,1.0,-0.0,0.0
R_009173,19,0.0076,0.00011235634169490087,0,1550,5,1550,7,1,0,7,1.0,-0.0,0.0
R_009174,6,0.0024,4.2583986935089096e-05,0,1562,3,1562,6,3,6,4,0.6666666666666666,0.8675632284814612,0.7896900821428474
R_009175,7,0.0028,4.870167631375062e-05,0,1628,0,1628,7,1,3,7,1.0,-0.0,0.0
R_009176,8,0.0032,5.076938713972248e-05,0,3102,1,1571,6,2,7,4,0.6666666666666666,0.6365141682948128,0.9182958340544894
R_009177,6,0.0024,4.272673450189883e-05,0,1628,0,1628,7,1,3,7,1.0,-0.0,0.0
R_009178,10,0.004,6.001902368580682e-05,0,3102,6,1531,7,1,2,7,1.0,-0.0,0.0
R_009179,3,0.0012,2.69697224043321e-05,0,3102,6,1531,5,1,2,5,1.0,-0.0,0.0
R_009180,6,0.0024,4.22548885065453e-05,0,1559,4,1559,7,1,1,7,1.0,-0.0,0.0
R_009181,5,0.002,3.6905797922577376e-05,0,1562,3,1562,6,2,6,5,0.8333333333333334,0.4505612088663046,0.6500224216483541
R_009182,15,0.006,8.568620902265076e-05,0,3102,6,1531,8,1,2,8,1.0,-0.0,0.0
R_009183,5,0.002,3.572408978372182e-05,0,1505,7,1505,7,1,4,7,1.0,-0.0,0.0
R_009184,0,0.0,1.2023710757614017e-05,1,1,33,1,5,3,7,3,0.6,0.9502705392332348,0.8649735207179272
R_009185,6,0.0024,4.284998447616884e-05,0,1559,4,1559,7,1,1,7,1.0,-0.0,0.0
R_009186,9,0.0036,5.724831375100131e-05,0,1559,4,1559,8,1,1,8,1.0,-0.0,0.0
R_009187,9,0.0036,5.5446751504120134e-05,0,3102,6,1531,7,1,2,7,1.0,-0.0,0.0
R_009188,9,0.0036,6.214276164738454e-05,0,1565,2,1565,7,2,5,6,0.8571428571428571,0.410116318288409,0.5916727785823274
R_009189,6,0.0024,4.57518580359231e-05,0,1565,2,1565,6,2,5,5,0.8333333333333334,0.4505612088663046,0.6500224216483541
R_009190,5,0.002,3.772167641600417e-05,0,1550,5,1550,8,1,0,8,1.0,-0.0,0.0
R_009191,1,0.0004,1.7575019104283856e-05,0,1550,5,1550,5,1,0,5,1.0,-0.0,0.0
R_009192,3,0.0012,2.6520237032888374e-05,0,3102,6,1531,5,1,2,5,1.0,-0.0,0.0
R_009193,12,0.0048,7.185118546748073e-05,0,1562,3,1562,8,2,6,7,0.875,0.3767701612564367,0.5435644431995964
R_009194,15,0.006,8.387901270685281e-05,0,3102,6,1531,6,1,2,6,1.0,-0.0,0.0
R_009195,6,0.0024,4.4449164486036e-05,0,1565,2,1565,5,2,5,4,0.8,0.5004024235381879,0.7219280948873623
R_009196,8,0.0032,5.57843077570667e-05,0,1565,2,1565,6,1,5,6,1.0,-0.0,0.0
R_009197,6,0.0024,4.518600897983604e-05,0,1565,2,1565,8,2,5,7,0.875,0.3767701612564367,0.5435644431995964
R_009198,5,0.002,3.571483385664079e-05,0,3102,1,1571,5,4,7,2,0.4,1.3321790402101223,0.9609640474436812
R_009199,5,0.002,3.7685182841280645e-05,0,1628,0,1628,6,1,3,6,1.0,-0.0,0.0
R_009200,6,0.0024,4.176679592906632e-05,0,1559,4,1559,7,1,1,7,1.0,-0.0,0.0
R_009201,10,0.004,6.0396038376912355e-05,0,3102,6,1531,6,1,2,6,1.0,-0.0,0.0
R_009202,10,0.004,6.251383992832134e-05,0,1562,3,1562,7,2,6,6,0.8571428571428571,0.410116318288409,0.5916727785823274
R_009203,9,0.0036,5.797791302080959e-05,0,1562,3,1562,7,3,6,5,0.7142857142857143,0.796311640173813,0.7248340915057598
R_009204,4,0.0016,3.212568355842852e-05,0,3102,1,1571,5,2,7,4,0.8,0.5004024235381879,0.7219280948873623
R_009205,7,0.0028,4.576777292992858e-05,0,3102,6,1531,6,1,2,6,1.0,-0.0,0.0
R_009206,9,0.0036,5.807680261524769e-05,0,1559,4,1559,7,1,1,7,1.0,-0.0,0.0
R_009207,6,0.0024,4.288136646761812e-05,0,1550,5,1550,7,1,0,7,1.0,-0.0,0.0
R_009208,4,0.0016,3.110126270394448e-05,0,3102,1,1571,5,3,7,3,0.6,0.9502705392332348,0.8649735207179272
R_009209,6,0.0024,4.485034122826215e-05,0,1565,2,1565,7,1,5,7,1.0,-0.0,0.0
R_009210,2,0.0008,2.2926789230499293e-05,0,1565,2,1565,6,1,5,6,1.0,-0.0,0.0
R_009211,5,0.002,3.706344338534433e-05,0,1562,3,1562,6,2,6,5,0.8333333333333334,0.4505612088663046,0.6500224216483541
R_009212,9,0.0036,5.446325753939911e-05,0,3102,1,1571,7,4,7,4,0.5714285714285714,1.1537419427010902,0.8322488896002307
R_009213,3,0.0012,2.6504923311296494e-05,0,3102,1,1571,5,2,7,4,0.8,0.5004024235381879,0.7219280948873623
R_009214,10,0.004,6.712461202544705e-05,0,1565,2,1565,8,2,5,7,0.875,0.3767701612564367,0.5435644431995964
R_009215,8,0.0032,5.3026403920900616e-05,0,1628,0,1628,6,1,3,6,1.0,-0.0,0.0
R_009216,10,0.004,5.8953086897590865e-05,0,1505,7,1505,6,1,4,6,1.0,-0.0,0.0
R_009217,8,0.0032,5.266927065066142e-05,0,1559,4,1559,5,1,1,5,1.0,-0.0,0.0
R_009218,11,0.0044,6.38628209694889e-05,0,3102,1,1571,8,3,7,6,0.75,0.7356219397587946,0.6695919455357792
R_009219,11,0.0044,6.478460048659703e-05,0,3102,6,1531,8,1,2,8,1.0,-0.0,0.0
R_009220,7,0.0028,4.800941203187892e-05,0,1559,4,1559,7,1,1,7,1.0,-0.0,0.0
R_009221,5,0.002,3.659824867424688e-05,0,3102,6,1531,6,1,2,6,1.0,-0.0,0.0
R_009222,2,0.0008,2.201410695229858e-05,0,1559,4,1559,5,1,1,5,1.0,-0.0,0.0
R_009223,6,0.0024,4.317324318691976e-05,0,1628,0,1628,6,1,3,6,1.0,-0.0,0.0
R_009224,2,0.0008,2.256879508315248e-05,0,1628,0,1628,5,1,3,5,1.0,-0.0,0.0
R_009225,7,0.0028,4.723823890972175e-05,0,1559,4,1559,8,1,1,8,1.0,-0.0,0.0
R_009226,15,0.006,8.475052046785706e-05,0,3102,6,1531,6,1,2,6,1.0,-0.0,0.0
R_009227,7,0.0028,4.733008694424664e-05,0,1559,4,1559,6,1,1,6,1.0,-0.0,0.0
R_009228,7,0.0028,4.627291021693677e-05,0,1562,3,1562,7,3,6,5,0.7142857142857143,0.796311640173813,0.7248340915057598
R_009229,3,0.0012,2.853707176863938e-05,0,1565,2,1565,5,1,5,5,1.0,-0.0,0.0
R_009230,11,0.0044,6.540783808157403e-05,0,3102,6,1531,8,1,2,8,1.0,-0.0,0.0
R_009231,7,0.0028,4.5093194211282585e-05,0,3102,1,1571,6,3,7,4,0.6666666666666666,0.8675632284814612,0.7896900821428474
R_009232,1,0.0004,1.7578179224823395e-05,0,3102,1,1571,5,4,7,2,0.4,1.3321790402101223,0.9609640474436812
R_009233,6,0.0024,4.446984139540841e-05,0,1565,2,1565,8,2,5,7,0.875,0.3767701612564367,0.5435644431995964
R_009234,8,0.0032,5.569962948764285e-05,0,1565,2,1565,7,2,5,6,0.8571428571428571,0.410116318288409,0.5916727785823274
R_009235,7,0.0028,4.654263511626657e-05,0,1562,3,1562,5,2,6,4,0.8,0.5004024235381879,0.7219280948873623
R_009236,7,0.0028,4.583490294586904e-05,0,3102,1,1571,5,2,7,3,0.6,0.6730116670092565,0.9709505944546688
R_009237,7,0.0028,4.539526931648233e-05,0,3102,1,1571,6,3,7,3,0.5,1.0114042647073518,0.920619835714305
R_009238,8,0.0032,4.9616949560761334e-05,0,3102,1,1571,7,4,7,4,0.5714285714285714,1.1537419427010902,0.8322488896002307
R_009239,4,0.0016,3.273410654402267e-05,0,1550,5,1550,5,1,0,5,1.0,-0.0,0.0
R_009240,11,0.0044,6.736908853449346e-05,0,1562,3,1562,7,1,6,7,1.0,-0.0,0.0
R_009241,6,0.0024,4.310157915182283e-05,0,1550,5,1550,5,1,0,5,1.0,-0.0,0.0
R_009242,3,0.0012,2.8377863651283827e-05,0,1565,2,1565,6,2,5,5,0.8333333333333334,0.4505612088663046,0.6500224216483541
R_009243,3,0.0012,2.764906857104628e-05,0,1628,0,1628,6,1,3,6,1.0,-0.0,0.0
R_009244,2,0.0008,2.2857641966039045e-05,0,1550,5,1550,5,1,0,5,1.0,-0.0,0.0
R_009245,7,0.0028,4.663215362149215e-05,0,1559,4,1559,7,1,1,7,1.0,-0.0,0.0
R_009246,5,0.002,3.838844292657589e-05,0,1628,0,1628,6,1,3,6,1.0,-0.0,0.0
R_009247,7,0.0028,4.577273467121768e-05,0,3102,1,1571,7,4,7,4,0.5714285714285714,1.1537419427010902,0.8322488896002307
R_009248,8,0.0032,5.2063292404057584e-05,0,1559,4,1559,6,1,1,6,1.0,-0.0,0.0
R_009249,7,0.0028,4.9934498621563736e-05,0,1565,2,1565,7,2,5,6,0.8571428571428571,0.410116318288409,0.5916727785823274
R_009250,4,0.0016,3.417263945420979e-05,0,1565,2,1565,7,1,5,7,1.0,-0.0,0.0
R_009251,0,0.0,1.2023710757614017e-05,1,1,34,1,5,1,2,5,1.0,-0.0,0.0
R_009252,9,0.0036,5.576388296598918e-05,0,1559,4,1559,6,1,1,6,1.0,-0.0,0.0
R_009253,9,0.0036,5.679505712783634e-05,0,1562,3,1562,7,3,6,5,0.7142857142857143,0.796311640173813,0.7248340915057598
R_009254,7,0.0028,4.8095802599902506e-05,0,1628,0,1628,7,1,3,7,1.0,-0.0,0.0
R_009255,14,0.0056,8.442963798034885e-05,0,1628,0,1628,8,1,3,8,1.0,-0.0,0.0
R_009256,8,0.0032,5.6384613762501916e-05,0,1565,2,1565,7,2,5,6,0.8571428571428571,0.410116318288409,0.5916727785823274
R_009257,6,0.0024,4.467381297553494e-05,0,1565,2,1565,5,1,5,5,1.0,-0.0,0.0
R_009258,6,0.0024,4.3251163303311645e-05,0,1628,0,1628,7,1,3,7,1.0,-0.0,0.0
R_009259,12,0.0048,6.79734096843098e-05,0,1505,7,1505,5,1,4,5,1.0,-0.0,0.0
R_009260,2,0.0008,2.1945835020218556e-05,0,1505,7,1505,5,1,4,5,1.0,-0.0,0.0
R_009261,8,0.0032,5.454198958850298e-05,0,1550,5,1550,5,1,0,5,1.0,-0.0,0.0
R_009262,13,0.0052,7.490713868464289e-05,0,3102,6,1531,7,1,2,7,1.0,-0.0,0.0
R_009263,6,0.0024,4.124324491591388e-05,0,3102,6,1531,8,1,2,8,1.0,-0.0,0.0
R_009264,3,0.0012,2.6374918120505697e-05,0,3102,6,1531,6,1,2,6,1.0,-0.0,0.0
R_009265,9,0.0036,5.7893388321841794e-05,0,1628,0,1628,7,1,3,7,1.0,-0.0,0.0
R_009266,10,0.004,5.955917991533446e-05,0,1505,7,1505,6,1,4,6,1.0,-0.0,0.0
R_009267,6,0.0024,4.256886981168971e-05,0,1559,4,1559,6,1,1,6,1.0,-0.0,0.0
R_009268,6,0.0024,4.3034847749773845e-05,0,1628,0,1628,5,1,3,5,1.0,-0.0,0.0
R_009269,8,0.0032,5.0557110232635334e-05,0,3102,6,1531,5,1,2,5,1.0,-0.0,0.0
R_009270,9,0.0036,5.527537122246462e-05,0,3102,6,1531,7,1,2,7,1.0,-0.0,0.0
R_009271,14,0.0056,8.786586203983498e-05,0,1565,2,1565,8,2,5,7,0.875,0.3767701612564367,0.5435644431995964
R_009272,6,0.0024,4.123426784293607e-05,0,3102,6,1531,8,1,2,8,1.0,-0.0,0.0
R_009273,2,0.0008,2.1928003584765335e-05,0,3102,6,1531,5,1,2,5,1.0,-0.0,0.0
R_009274,11,0.0044,6.761984200125266e-05,0,1559,4,1559,7,1,1,7,1.0,-0.0,0.0
R_009275,9,0.0036,5.578351875928716e-05,0,3102,6,1531,8,1,2,8,1.0,-0.0,0.0
R_009276,11,0.0044,6.881260178182269e-05,0,1628,0,1628,8,1,3,8,1.0,-0.0,0.0
R_009277,11,0.0044,6.815109711056332e-05,0,1628,0,1628,8,1,3,8,1.0,-0.0,0.0
R_009278,8,0.0032,4.976686247888904e-05,0,3102,1,1571,5,3,7,3,0.6,0.9502705392332348,0.8649735207179272
R_009279,6,0.0024,4.486086391267508e-05,0,1565,2,1565,7,2,5,6,0.8571428571428571,0.410116318288409,0.5916727785823274
R_009280,8,0.0032,5.411786216709013e-05,0,1550,5,1550,5,1,0,5,1.0,-0.0,0.0
R_009281,3,0.0012,2.7565754958459447e-05,0,1562,3,1562,5,2,6,4,0.8,0.5004024235381879,0.7219280948873623
R_009282,6,0.0024,4.522268162156378e-05,0,1565,2,1565,6,1,5,6,1.0,-0.0,0.0
R_009283,6,0.0024,4.1310882004497245e-05,0,3102,1,1571,6,4,7,3,0.5,1.242453324894,0.8962406251802889
R_009284,5,0.002,3.7748199180431756e-05,0,1628,0,1628,5,1,3,5,1.0,-0.0,0.0
R_009285,16,0.0064,9.934615936538122e-05,0,1565,2,1565,7,2,5,6,0.8571428571428571,0.410116318288409,0.5916727785823274
R_009286,7,0.0028,4.5392306389946646e-05,0,1505,7,1505,6,1,4,6,1.0,-0.0,0.0
R_009287,5,0.002,3.9998082792330255e-05,0,1565,2,1565,7,1,5,7,1.0,-0.0,0.0
R_009288,6,0.0024,4.512506417971382e-05,0,1565,2,1565,8,2,5,7,0.875,0.3767701612564367,0.5435644431995964
R_009289,2,0.0008,2.347719551796734e-05,0,1565,2,1565,6,1,5,6,1.0,-0.0,0.0
R_009290,5,0.002,3.770141162803098e-05,0,1628,0,1628,5,1,3,5,1.0,-0.0,0.0
R_009291,6,0.0024,4.115751197935188e-05,0,3102,6,1531,7,1,2,7,1.0,-0.0,0.0
R_009292,19,0.0076,0.00010758984238889676,0,1559,4,1559,8,1,1,8,1.0,-0.0,0.0
R_009293,11,0.0044,6.762756656400056e-05,0,1628,0,1628,8,1,3,8,1.0,-0.0,0.0
R_009294,10,0.004,5.9241073048816844e-05,0,1505,7,1505,8,1,4,8,1.0,-0.0,0.0
R_009295,3,0.0012,2.8426703313153175e-05,0,1550,5,1550,5,1,0,5,1.0,-0.0,0.0
R_009296,8,0.0032,5.370717724093935e-05,0,1550,5,1550,8,1,0,8,1.0,-0.0,0.0
R_009297,8,0.0032,5.347472669427443e-05,0,1550,5,1550,6,1,0,6,1.0,-0.0,0.0
R_009298,7,0.0028,4.568457772457851e-05,0,3102,1,1571,6,3,7,4,0.6666666666666666,0.8675632284814612,0.7896900821428474
R_009299,5,0.002,3.939110179145417e-05,0,1565,2,1565,7,2,5,6,0.8571428571428571,0.410116318288409,0.5916727785823274
R_009300,8,0.0032,5.013304276281759e-05,0,3102,1,1571,6,4,2,2,0.3333333333333333,1.3296613488547582,0.9591479170272448
R_009301,7,0.0028,4.555499092842645e-05,0,1505,7,1505,6,1,4,6,1.0,-0.0,0.0
R_009302,4,0.0016,3.296788101816507e-05,0,1628,0,1628,5,1,3,5,1.0,-0.0,0.0
R_009303,3,0.0012,2.673641077691485e-05,0,1505,7,1505,5,1,4,5,1.0,-0.0,0.0
R_009304,4,0.0016,3.201320545985144e-05,0,1559,4,1559,5,1,1,5,1.0,-0.0,0.0
R_009305,32,0.0128,0.0001633700237648999,0,1505,7,1505,7,1,4,7,1.0,-0.0,0.0
R_009306,8,0.0032,5.493426434293148e-05,0,1550,5,1550,6,1,0,6,1.0,-0.0,0.0
R_009307,9,0.0036,5.5120735845277256e-05,0,3102,1,1571,7,4,7,4,0.5714285714285714,1.1537419427010902,0.8322488896002307
R_009308,7,0.0028,4.992640275607802e-05,0,1565,2,1565,6,2,5,5,0.8333333333333334,0.4505612088663046,0.6500224216483541
R_009309,6,0.0024,4.3634518796238956e-05,0,1628,0,1628,6,1,3,6,1.0,-0.0,0.0
R_009310,4,0.0016,3.2737269384232676e-05,0,1562,3,1562,6,3,6,4,0.6666666666666666,0.8675632284814612,0.7896900821428474
R_009311,7,0.0028,4.45958543047542e-05,0,1505,7,1505,8,1,4,8,1.0,-0.0,0.0
R_009312,2,0.0008,2.2154567127446572e-05,0,1628,0,1628,5,1,3,5,1.0,-0.0,0.0
R_009313,11,0.0044,6.553331606419344e-05,0,3102,1,1571,8,4,7,5,0.625,1.073542846408523,0.7743974703476992
R_009314,4,0.0016,3.46730567690324e-05,0,1565,2,1565,6,2,5,5,0.8333333333333334,0.4505612088663046,0.6500224216483541
R_009315,5,0.002,3.866174874550315e-05,0,1550,5,1550,5,1,0,5,1.0,-0.0,0.0
R_009316,5,0.002,3.776826185916058e-05,0,1628,0,1628,5,1,3,5,1.0,-0.0,0.0
R_009317,10,0.004,6.222295537948073e-05,0,1562,3,1562,8,3,6,6,0.75,0.7356219397587946,0.6695919455357792
R_009318,8,0.0032,5.0250181070407435e-05,0,3102,1,1571,6,4,7,3,0.5,1.242453324894,0.8962406251802889
R_009319,7,0.0028,4.726757032739888e-05,0,1562,3,1562,7,2,6,6,0.8571428571428571,0.410116318288409,0.5916727785823274
R_009320,10,0.004,6.674184946497672e-05,0,1565,2,1565,8,1,5,8,1.0,-0.0,0.0
R_009321,7,0.0028,4.8836517333280365e-05,0,1550,5,1550,6,1,0,6,1.0,-0.0,0.0
R_009322,2,0.0008,2.2369672988077093e-05,0,1559,4,1559,5,1,1,5,1.0,-0.0,0.0
R_009323,6,0.0024,4.580208426683614e-05,0,1565,2,1565,6,2,5,5,0.8333333333333334,0.4505612088663046,0.6500224216483541
R_009324,10,0.004,6.057209185616699e-05,0,3102,6,1531,7,1,2,7,1.0,-0.0,0.0
R_009325,29,0.0116,0.0001567403880216761,0,1562,3,1562,8,3,6,6,0.75,0.7356219397587946,0.6695919455357792
R_009326,5,0.002,3.726402795797436e-05,0,1562,3,1562,5,1,6,5,1.0,-0.0,0.0
R_009327,3,0.0012,2.7820560945688657e-05,0,1628,0,1628,5,1,3,5,1.0,-0.0,0.0
R_009328,26,0.0104,0.00013678216674124888,0,3102,6,1531,7,1,2,7,1.0,-0.0,0.0
R_009329,6,0.0024,4.257279762581211e-05,0,1562,3,1562,8,3,6,6,0.75,0.7356219397587946,0.6695919455357792
R_009330,4,0.0016,3.099513310489893e-05,0,1505,7,1505,5,1,4,5,1.0,-0.0,0.0
R_009331,4,0.0016,3.192291229663415e-05,0,1559,4,1559,6,1,1,6,1.0,-0.0,0.0
R_009332,7,0.0028,4.71866875838626e-05,0,1559,4,1559,7,1,1,7,1.0,-0.0,0.0
R_009333,11,0.0044,6.468391479960331e-05,0,3102,1,1571,6,2,7,4,0.6666666666666666,0.6365141682948128,0.9182958340544894
R_009334,10,0.004,6.0488063193278024e-05,0,3102,6,1531,8,1,2,8,1.0,-0.0,0.0
R_009335,3,0.0012,2.8849331613386742e-05,0,1565,2,1565,6,2,5,5,0.8333333333333334,0.4505612088663046,0.6500224216483541
R_009336,9,0.0036,6.098848309451119e-05,0,1565,2,1565,6,2,5,5,0.8333333333333334,0.4505612088663046,0.6500224216483541
R_009337,3,0.0012,2.778634799611802e-05,0,1628,0,1628,5,1,3,5,1.0,-0.0,0.0
R_009338,17,0.0068,9.324255919283952e-05,0,1505,7,1505,8,1,4,8,1.0,-0.0,0.0
R_009339,6,0.0024,4.1716075473341876e-05,0,3102,6,1531,5,1,2,5,1.0,-0.0,0.0
R_009340,6,0.0024,4.162203940734001e-05,0,3102,6,1531,7,1,2,7,1.0,-0.0,0.0
R_009341,4,0.0016,3.302736316516863e-05,0,1550,5,1550,6,1,0,6,1.0,-0.0,0.0
R_009342,9,0.0036,5.48454886322925e-05,0,3102,1,1571,5,1,7,5,1.0,-0.0,0.0
R_009343,15,0.006,9.020894857695237e-05,0,1550,5,1550,8,1,0,8,1.0,-0.0,0.0
R_009344,10,0.004,6.357957620428465e-05,0,1628,0,1628,6,1,3,6,1.0,-0.0,0.0
R_009345,13,0.0052,7.992279090933852e-05,0,1550,5,1550,8,1,0,8,1.0,-0.0,0.0
R_009346,10,0.004,6.626524611025331e-05,0,1565,2,1565,7,2,5,6,0.8571428571428571,0.410116318288409,0.5916727785823274
R_009347,5,0.002,3.930111875025576e-05,0,1550,5,1550,5,1,0,5,1.0,-0.0,0.0
R_009348,6,0.0024,4.507470130597216e-05,0,1565,2,1565,5,2,5,4,0.8,0.5004024235381879,0.7219280948873623
R_009349,3,0.0012,2.8067744709920603e-05,0,1565,2,1565,8,1,5,8,1.0,-0.0,0.0
R_009350,23,0.0092,0.00013086666820425207,0,1628,0,1628,8,1,3,8,1.0,-0.0,0.0
R_009351,7,0.0028,4.841420559984247e-05,0,1559,4,1559,6,1,1,6,1.0,-0.0,0.0
R_009352,10,0.004,6.722624000718677e-05,0,1565,2,1565,8,2,5,7,0.875,0.3767701612564367,0.5435644431995964
R_009353,6,0.0024,4.0470842731415e-05,0,1505,7,1505,6,1,4,6,1.0,-0.0,0.0
R_009354,5,0.002,3.680207309327437e-05,0,3102,6,1531,5,1,2,5,1.0,-0.0,0.0
R_009355,4,0.0016,3.225381610786877e-05,0,1562,3,1562,5,3,6,3,0.6,0.9502705392332348,0.8649735207179272
R_009356,14,0.0056,8.609969961832554e-05,0,1550,5,1550,8,1,0,8,1.0,-0.0,0.0
R_009357,6,0.0024,4.0252116019413884e-05,0,1505,7,1505,7,1,4,7,1.0,-0.0,0.0
R_009358,4,0.0016,3.377102578453455e-05,0,1550,5,1550,6,1,0,6,1.0,-0.0,0.0
R_009359,7,0.0028,4.903203379620195e-05,0,1550,5,1550,7,1,0,7,1.0,-0.0,0.0
R_009360,7,0.0028,4.990840814435768e-05,0,1565,2,1565,6,1,5,6,1.0,-0.0,0.0
R_009361,15,0.006,9.050119139753714e-05,0,1550,5,1550,8,1,0,8,1.0,-0.0,0.0
R_009362,14,0.0056,8.218970702385868e-05,0,1562,3,1562,7,2,6,6,0.8571428571428571,0.410116318288409,0.5916727785823274
R_009363,8,0.0032,5.418929149161901e-05,0,1550,5,1550,6,1,0,6,1.0,-0.0,0.0
R_009364,9,0.0036,5.509707876029496e-05,0,3102,6,1531,6,1,2,6,1.0,-0.0,0.0
R_009365,3,0.0012,2.7511886675058105e-05,0,1559,4,1559,6,1,1,6,1.0,-0.0,0.0
R_009366,7,0.0028,4.6002846340519725e-05,0,3102,1,1571,7,3,7,5,0.7142857142857143,0.796311640173813,0.7248340915057598
R_009367,7,0.0028,4.7273852680136066e-05,0,1562,3,1562,6,3,6,4,0.6666666666666666,0.8675632284814612,0.7896900821428474
R_009368,4,0.0016,3.1122643233499204e-05,0,3102,1,1571,5,3,7,3,0.6,0.9502705392332348,0.8649735207179272
R_009369,8,0.0032,5.201947919482202e-05,0,1559,4,1559,6,1,1,6,1.0,-0.0,0.0
R_009370,5,0.002,3.684552577450501e-05,0,1562,3,1562,5,3,6,3,0.6,0.9502705392332348,0.8649735207179272
R_009371,12,0.0048,7.494162851932301e-05,0,1550,5,1550,8,1,0,8,1.0,-0.0,0.0
R_009372,6,0.0024,4.130860864030327e-05,0,3102,6,1531,6,1,2,6,1.0,-0.0,0.0
R_009373,12,0.0048,7.223075727611923e-05,0,1562,3,1562,8,3,6,6,0.75,0.7356219397587946,0.6695919455357792
R_009374,7,0.0028,5.074479396712279e-05,0,1565,2,1565,5,1,5,5,1.0,-0.0,0.0
R_009375,3,0.0012,2.6378821251283948e-05,0,3102,6,1531,5,1,2,5,1.0,-0.0,0.0
R_009376,27,0.0108,0.00015244862409977036,0,1550,5,1550,7,1,0,7,1.0,-0.0,0.0
R_009377,18,0.0072,9.736120989159272e-05,0,3102,1,1571,8,4,7,4,0.5,1.2130075659799042,0.875
R_009378,7,0.0028,4.6916296143594107e-05,0,1562,3,1562,7,2,6,6,0.8571428571428571,0.410116318288409,0.5916727785823274
R_009379,7,0.0028,4.6998873008747134e-05,0,1559,4,1559,6,1,1,6,1.0,-0.0,0.0
R_009380,2,0.0008,2.260105557902868e-05,0,1628,0,1628,5,1,3,5,1.0,-0.0,0.0
R_009381,12,0.0048,6.924557620808386e-05,0,3102,1,1571,7,4,7,4,0.5714285714285714,1.1537419427010902,0.8322488896002307
R_009382,9,0.0036,6.162179010895438e-05,0,1565,2,1565,8,2,5,7,0.875,0.3767701612564367,0.5435644431995964
R_009383,6,0.0024,4.235590835670598e-05,0,1628,0,1628,5,1,3,5,1.0,-0.0,0.0
R_009384,5,0.002,3.554768849674765e-05,0,1505,7,1505,6,1,4,6,1.0,-0.0,0.0
R_009385,5,0.002,3.6241119506004296e-05,0,3102,1,1571,6,4,7,3,0.5,1.242453324894,0.8962406251802889
R_009386,8,0.0032,4.956937413777108e-05,0,1505,7,1505,7,1,4,7,1.0,-0.0,0.0
R_009387,14,0.0056,7.760685954895201e-05,0,1505,7,1505,8,1,4,8,1.0,-0.0,0.0
R_009388,2,0.0008,2.2486391003780095e-05,0,1628,0,1628,5,1,3,5,1.0,-0.0,0.0
R_009389,8,0.0032,5.031485908431873e-05,0,3102,1,1571,6,4,7,3,0.5,1.242453324894,0.8962406251802889
R_009390,4,0.0016,3.4151214663296394e-05,0,1565,2,1565,5,2,5,4,0.8,0.5004024235381879,0.7219280948873623
R_009391,7,0.0028,4.6782239576115016e-05,0,1559,4,1559,6,1,1,6,1.0,-0.0,0.0
R_009392,15,0.006,9.457090920030112e-05,0,1565,2,1565,7,1,5,7,1.0,-0.0,0.0
R_009393,8,0.0032,5.381826218530831e-05,0,1550,5,1550,8,1,0,8,1.0,-0.0,0.0
R_009394,4,0.0016,3.1568679622265644e-05,0,3102,6,1531,8,1,2,8,1.0,-0.0,0.0
R_009395,4,0.0016,3.3989928691246656e-05,0,1565,2,1565,8,1,5,8,1.0,-0.0,0.0
R_009396,9,0.0036,5.720707741769799e-05,0,1562,3,1562,7,2,6,6,0.8571428571428571,0.410116318288409,0.5916727785823274
R_009397,15,0.006,8.797280267248146e-05,0,1562,3,1562,8,3,6,6,0.75,0.7356219397587946,0.6695919455357792
R_009398,2,0.0008,2.2428780869888285e-05,0,1628,0,1628,5,1,3,5,1.0,-0.0,0.0
R_009399,7,0.0028,4.6883365832858817e-05,0,1559,4,1559,6,1,1,6,1.0,-0.0,0.0
R_009400,4,0.0016,3.19101656513279e-05,0,1562,3,1562,5,2,6,4,0.8,0.5004024235381879,0.7219280948873623
R_009401,12,0.0048,6.805398888545863e-05,0,1505,7,1505,6,1,4,6,1.0,-0.0,0.0
R_009402,8,0.0032,5.5814654177552926e-05,0,1565,2,1565,8,2,5,7,0.875,0.3767701612564367,0.5435644431995964
R_009403,6,0.0024,4.196565779844027e-05,0,1559,4,1559,7,1,1,7,1.0,-0.0,0.0
R_009404,9,0.0036,5.48904547920879e-05,0,1505,7,1505,7,1,4,7,1.0,-0.0,0.0
R_009405,23,0.0092,0.00013171572101291568,0,1550,5,1550,8,1,0,8,1.0,-0.0,0.0
R_009406,21,0.0084,0.00011667326207503841,0,1559,4,1559,8,1,1,8,1.0,-0.0,0.0
R_009407,4,0.0016,3.436965947779921e-05,0,1565,2,1565,7,1,5,7,1.0,-0.0,0.0
R_009408,11,0.0044,6.676477767737099e-05,0,1562,3,1562,8,2,6,7,0.875,0.3767701612564367,0.5435644431995964
R_009409,6,0.0024,4.112514226881968e-05,0,1505,7,1505,6,1,4,6,1.0,-0.0,0.0
R_009410,4,0.0016,3.137093311159178e-05,0,1505,7,1505,5,1,4,5,1.0,-0.0,0.0
R_009411,5,0.002,3.809353146847699e-05,0,1628,0,1628,5,1,3,5,1.0,-0.0,0.0
R_009412,23,0.0092,0.0001258638302747936,0,1559,4,1559,8,1,1,8,1.0,-0.0,0.0
R_009413,4,0.0016,3.225740589643699e-05,0,1559,4,1559,5,1,1,5,1.0,-0.0,0.0
R_009414,16,0.0064,8.800749302953667e-05,0,3102,1,1571,8,4,7,4,0.5,1.2130075659799042,0.875
R_009415,9,0.0036,5.80243305305313e-05,0,1562,3,1562,6,1,6,6,1.0,-0.0,0.0
R_009416,2,0.0008,2.2775867001279602e-05,0,1562,3,1562,5,1,6,5,1.0,-0.0,0.0
R_009417,1,0.0004,1.749855820671879e-05,0,1628,0,1628,5,1,3,5,1.0,-0.0,0.0
R_009418,2,0.0008,2.297720997330929e-05,0,1565,2,1565,6,1,5,6,1.0,-0.0,0.0
R_009419,7,0.0028,4.8703733226735646e-05,0,1550,5,1550,8,1,0,8,1.0,-0.0,0.0
R_009420,18,0.0072,0.00010470687526884359,0,1550,5,1550,7,1,0,7,1.0,-0.0,0.0
R_009421,7,0.0028,5.077863135112126e-05,0,1565,2,1565,5,2,5,4,0.8,0.5004024235381879,0.7219280948873623
R_009422,4,0.0016,3.121559358716976e-05,0,3102,1,1571,5,2,7,4,0.8,0.5004024235381879,0.7219280948873623
R_009423,4,0.0016,3.2912595474573e-05,0,1628,0,1628,6,1,3,6,1.0,-0.0,0.0
R_009424,4,0.0016,3.1190868993513674e-05,0,3102,1,1571,6,3,7,3,0.5,1.0114042647073518,0.920619835714305
R_009425,6,0.0024,4.465597878424816e-05,0,1565,2,1565,5,2,5,4,0.8,0.5004024235381879,0.7219280948873623
R_009426,4,0.0016,3.141082162988384e-05,0,3102,6,1531,6,1,2,6,1.0,-0.0,0.0
R_009427,11,0.0044,6.416226166301511e-05,0,1505,7,1505,8,1,4,8,1.0,-0.0,0.0
R_009428,6,0.0024,4.118454989806482e-05,0,3102,6,1531,7,1,2,7,1.0,-0.0,0.0
R_009429,5,0.002,3.6627818622725095e-05,0,3102,1,1571,8,4,7,5,0.625,1.073542846408523,0.7743974703476992
R_009430,4,0.0016,3.132080655135123e-05,0,3102,6,1531,5,1,2,5,1.0,-0.0,0.0
R_009431,5,0.002,3.8817844130564606e-05,0,1550,5,1550,7,1,0,7,1.0,-0.0,0.0
R_009432,7,0.0028,4.559586239973887e-05,0,3102,1,1571,5,3,7,3,0.6,0.9502705392332348,0.8649735207179272
R_009433,12,0.0048,7.141554296453909e-05,0,1559,4,1559,8,1,1,8,1.0,-0.0,0.0
R_009434,9,0.0036,5.7845017094095175e-05,0,1562,3,1562,7,2,6,6,0.8571428571428571,0.410116318288409,0.5916727785823274
R_009435,9,0.0036,5.8859299398426705e-05,0,1628,0,1628,8,1,3,8,1.0,-0.0,0.0
R_009436,7,0.0028,4.683152880136411e-05,0,1559,4,1559,6,1,1,6,1.0,-0.0,0.0
R_009437,12,0.0048,7.30383308691849e-05,0,1562,3,1562,8,3,6,6,0.75,0.7356219397587946,0.6695919455357792
R_009438,6,0.0024,4.5018734097166696e-05,0,1565,2,1565,7,2,5,6,0.8571428571428571,0.410116318288409,0.5916727785823274
R_009439,3,0.0012,2.6949645862506972e-05,0,1505,7,1505,5,1,4,5,1.0,-0.0,0.0
R_009440,14,0.0056,8.820014477041613e-05,0,1565,2,1565,7,2,5,6,0.8571428571428571,0.410116318288409,0.5916727785823274
R_009441,5,0.002,3.7025519739635416e-05,0,1559,4,1559,7,1,1,7,1.0,-0.0,0.0
R_009442,11,0.0044,6.515885083456014e-05,0,3102,6,1531,6,1,2,6,1.0,-0.0,0.0
R_009443,14,0.0056,7.869003506342934e-05,0,3102,1,1571,7,3,7,4,0.5714285714285714,0.9556998911125344,0.8699155297736259
R_009444,3,0.0012,2.752339990089821e-05,0,1562,3,1562,6,2,6,5,0.8333333333333334,0.4505612088663046,0.6500224216483541
R_009445,8,0.0032,4.977268687026729e-05,0,1505,7,1505,6,1,4,6,1.0,-0.0,0.0
R_009446,17,0.0068,9.336774095158527e-05,0,3102,1,1571,8,3,7,5,0.625,0.9002560512685369,0.8194483718728035
R_009447,7,0.0028,4.811101070662676e-05,0,1559,4,1559,6,1,1,6,1.0,-0.0,0.0
R_009448,9,0.0036,5.5157693723181704e-05,0,3102,1,1571,7,3,7,5,0.7142857142857143,0.796311640173813,0.7248340915057598
R_009449,5,0.002,3.777478201297066e-05,0,1628,0,1628,6,1,3,6,1.0,-0.0,0.0
R_009450,11,0.0044,6.436016341345623e-05,0,1505,7,1505,5,1,4,5,1.0,-0.0,0.0
R_009451,6,0.0024,4.168441255059457e-05,0,1559,4,1559,5,1,1,5,1.0,-0.0,0.0
R_009452,9,0.0036,5.4800026438024096e-05,0,3102,6,1531,5,1,2,5,1.0,-0.0,0.0
R_009453,9,0.0036,5.710015477797352e-05,0,1559,4,1559,8,1,1,8,1.0,-0.0,0.0
R_009454,9,0.0036,5.71898533817571e-05,0,1559,4,1559,7,1,1,7,1.0,-0.0,0.0
R_009455,4,0.0016,3.250316383972568e-05,0,1562,3,1562,5,1,6,5,1.0,-0.0,0.0
R_009456,6,0.0024,4.0863457293080564e-05,0,3102,1,1571,7,4,7,3,0.4285714285714285,1.277034259466139,0.9211854965885544
R_009457,7,0.0028,5.073678569078348e-05,0,1565,2,1565,6,1,5,6,1.0,-0.0,0.0
R_009458,6,0.0024,4.365904419764032e-05,0,1550,5,1550,5,1,0,5,1.0,-0.0,0.0
R_009459,10,0.004,6.217597464538605e-05,0,1562,3,1562,7,2,6,6,0.8571428571428571,0.410116318288409,0.5916727785823274
R_009460,8,0.0032,5.0386582078449265e-05,0,1505,7,1505,5,1,4,5,1.0,-0.0,0.0
R_009461,13,0.0052,7.382613328282939e-05,0,3102,1,1571,8,4,7,5,0.625,1.073542846408523,0.7743974703476992
R_009462,11,0.0044,6.502177135121944e-05,0,3102,1,1571,8,4,7,5,0.625,1.073542846408523,0.7743974703476992
R_009463,7,0.0028,4.9317704280198304e-05,0,1550,5,1550,6,1,0,6,1.0,-0.0,0.0
R_009464,4,0.0016,3.1334109394415925e-05,0,3102,1,1571,6,4,2,2,0.3333333333333333,1.3296613488547582,0.9591479170272448
R_009465,6,0.0024,4.1957876369926936e-05,0,1562,3,1562,6,2,6,5,0.8333333333333334,0.4505612088663046,0.6500224216483541
R_009466,6,0.0024,4.15286722481734e-05,0,3102,6,1531,5,1,2,5,1.0,-0.0,0.0
R_009467,4,0.0016,3.236264143607594e-05,0,1559,4,1559,5,1,1,5,1.0,-0.0,0.0
R_009468,4,0.0016,3.240593243214183e-05,0,1559,4,1559,7,1,1,7,1.0,-0.0,0.0
R_009469,3,0.0012,2.764436763617898e-05,0,1628,0,1628,5,1,3,5,1.0,-0.0,0.0
R_009470,3,0.0012,2.6651569349686286e-05,0,3102,6,1531,6,1,2,6,1.0,-0.0,0.0
R_009471,13,0.0052,7.323110811342613e-05,0,3102,1,1571,8,3,7,5,0.625,0.9002560512685369,0.8194483718728035
R_009472,7,0.0028,4.684159257702219e-05,0,1559,4,1559,7,1,1,7,1.0,-0.0,0.0
R_009473,8,0.0032,5.1020419403329844e-05,0,3102,1,1571,6,3,7,4,0.6666666666666666,0.8675632284814612,0.7896900821428474
R_009474,12,0.0048,7.062545612663184e-05,0,3102,1,1571,6,4,2,2,0.3333333333333333,1.3296613488547582,0.9591479170272448
R_009475,10,0.004,6.549390521718389e-05,0,1550,5,1550,8,1,0,8,1.0,-0.0,0.0
R_009476,18,0.0072,0.0001003129353965253,0,1559,4,1559,8,1,1,8,1.0,-0.0,0.0
R_009477,8,0.0032,5.438469196916849e-05,0,1628,0,1628,7,1,3,7,1.0,-0.0,0.0
R_009478,6,0.0024,4.0728275701018304e-05,0,3102,1,1571,6,3,7,4,0.6666666666666666,0.8675632284814612,0.7896900821428474
R_009479,4,0.0016,3.362962126534118e-05,0,1565,2,1565,7,1,5,7,1.0,-0.0,0.0
R_009480,9,0.0036,5.7970333222267374e-05,0,1559,4,1559,7,1,1,7,1.0,-0.0,0.0
R_009481,10,0.004,6.50851929250528e-05,0,1550,5,1550,8,1,0,8,1.0,-0.0,0.0
R_009482,11,0.0044,6.761289745423509e-05,0,1559,4,1559,8,1,1,8,1.0,-0.0,0.0
R_009483,15,0.006,8.404146333547604e-05,0,3102,6,1531,7,1,2,7,1.0,-0.0,0.0
R_009484,16,0.0064,8.75768712284732e-05,0,3102,6,1531,8,1,2,8,1.0,-0.0,0.0
R_009485,7,0.0028,4.709556539419311e-05,0,1562,3,1562,6,1,6,6,1.0,-0.0,0.0
R_009486,3,0.0012,2.8814977864802057e-05,0,1565,2,1565,6,1,5,6,1.0,-0.0,0.0
R_009487,15,0.006,8.297331061746708e-05,0,1505,7,1505,8,1,4,8,1.0,-0.0,0.0
R_009488,21,0.0084,0.00011024109945491267,0,3102,1,1571,8,4,7,5,0.625,1.073542846408523,0.7743974703476992
R_009489,13,0.0052,7.880596170751794e-05,0,1628,0,1628,7,1,3,7,1.0,-0.0,0.0
R_009490,4,0.0016,3.351065709794057e-05,0,1565,2,1565,5,2,5,4,0.8,0.5004024235381879,0.7219280948873623
R_009491,12,0.0048,6.851815235310302e-05,0,1505,7,1505,8,1,4,8,1.0,-0.0,0.0
R_009492,3,0.0012,2.6451438422367104e-05,0,3102,6,1531,5,1,2,5,1.0,-0.0,0.0
R_009493,6,0.0024,4.248172307925402e-05,0,1562,3,1562,5,2,6,4,0.8,0.5004024235381879,0.7219280948873623
R_009494,10,0.004,6.413079024958834e-05,0,1628,0,1628,5,1,3,5,1.0,-0.0,0.0
R_009495,6,0.0024,4.2749466128013046e-05,0,1628,0,1628,6,1,3,6,1.0,-0.0,0.0
R_009496,9,0.0036,5.7476592635487854e-05,0,1559,4,1559,6,1,1,6,1.0,-0.0,0.0
R_009497,7,0.0028,4.604186624879947e-05,0,3102,6,1531,7,1,2,7,1.0,-0.0,0.0
R_009498,5,0.002,3.842290907059489e-05,0,1550,5,1550,6,1,0,6,1.0,-0.0,0.0
R_009499,5,0.002,3.710193556986971e-05,0,1559,4,1559,6,1,1,6,1.0,-0.0,0.0
R_009500,7,0.0028,4.875403385421234e-05,0,1550,5,1550,6,1,0,6,1.0,-0.0,0.0
R_009501,2,0.0008,2.2197115322130285e-05,0,3102,1,1571,6,4,2,2,0.3333333333333333,1.3296613488547582,0.9591479170272448
R_009502,5,0.002,3.608467069525867e-05,0,1505,7,1505,5,1,4,5,1.0,-0.0,0.0
R_009503,8,0.0032,5.2150110419889575e-05,0,1562,3,1562,5,2,6,4,0.8,0.5004024235381879,0.7219280948873623
R_009504,8,0.0032,5.37880456386402e-05,0,1550,5,1550,8,1,0,8,1.0,-0.0,0.0
R_009505,3,0.0012,2.6184482976870844e-05,0,1505,7,1505,5,1,4,5,1.0,-0.0,0.0
R_009506,2,0.0008,2.320979620995594e-05,0,1565,2,1565,5,1,5,5,1.0,-0.0,0.0
R_009507,3,0.0012,2.7606472541528828e-05,0,1628,0,1628,5,1,3,5,1.0,-0.0,0.0
R_009508,2,0.0008,2.1502394221053085e-05,0,1505,7,1505,5,1,4,5,1.0,-0.0,0.0
R_009509,10,0.004,6.012849928953849e-05,0,3102,1,1571,8,4,7,4,0.5,1.2130075659799042,0.875
R_009510,6,0.0024,4.2244098605888365e-05,0,1559,4,1559,6,1,1,6,1.0,-0.0,0.0
R_009511,13,0.0052,7.418927204288331e-05,0,3102,1,1571,7,3,7,4,0.5714285714285714,0.9556998911125344,0.8699155297736259
R_009512,6,0.0024,4.1922851654667093e-05,0,1562,3,1562,6,3,6,4,0.6666666666666666,0.8675632284814612,0.7896900821428474
R_009513,7,0.0028,4.8869850788710976e-05,0,1550,5,1550,7,1,0,7,1.0,-0.0,0.0
R_009514,6,0.0024,4.181732506216271e-05,0,1562,3,1562,6,2,6,5,0.8333333333333334,0.4505612088663046,0.6500224216483541
R_009515,11,0.0044,6.994135868815324e-05,0,1550,5,1550,8,1,0,8,1.0,-0.0,0.0
R_009516,8,0.0032,5.037103696571898e-05,0,1505,7,1505,7,1,4,7,1.0,-0.0,0.0
R_009517,6,0.0024,4.094027602790556e-05,0,1505,7,1505,5,1,4,5,1.0,-0.0,0.0
R_009518,5,0.002,3.7772547764309284e-05,0,1550,5,1550,6,1,0,6,1.0,-0.0,0.0
R_009519,7,0.0028,4.858746245329492e-05,0,1550,5,1550,5,1,0,5,1.0,-0.0,0.0
R_009520,2,0.0008,2.245451883828203e-05,0,1559,4,1559,5,1,1,5,1.0,-0.0,0.0
R_009521,7,0.0028,4.4781137560624604e-05,0,3102,1,1571,8,3,7,5,0.625,0.9002560512685369,0.8194483718728035
R_009522,2,0.0008,2.2456491583274456e-05,0,1628,0,1628,5,1,3,5,1.0,-0.0,0.0
R_009523,8,0.0032,5.2797627073204285e-05,0,1628,0,1628,7,1,3,7,1.0,-0.0,0.0
R_009524,10,0.004,6.693987225839045e-05,0,1565,2,1565,6,1,5,6,1.0,-0.0,0.0
R_009525,2,0.0008,2.1819839585787072e-05,0,3102,1,1571,6,2,7,5,0.8333333333333334,0.4505612088663046,0.6500224216483541
R_009526,3,0.0012,2.6383512660886603e-05,0,3102,1,1571,5,3,7,3,0.6,0.9502705392332348,0.8649735207179272
R_009527,6,0.0024,4.2244994770026624e-05,0,1559,4,1559,6,1,1,6,1.0,-0.0,0.0
R_009528,7,0.0028,4.5765842769680634e-05,0,1505,7,1505,5,1,4,5,1.0,-0.0,0.0
R_009529,7,0.0028,4.5190691833993054e-05,0,3102,1,1571,5,2,7,3,0.6,0.6730116670092565,0.9709505944546688
R_009530,6,0.0024,4.087257729470757e-05,0,3102,1,1571,7,3,7,5,0.7142857142857143,0.796311640173813,0.7248340915057598
R_009531,21,0.0084,0.00011662082519847293,0,1559,4,1559,8,1,1,8,1.0,-0.0,0.0
R_009532,11,0.0044,6.967153033361394e-05,0,1550,5,1550,6,1,0,6,1.0,-0.0,0.0
R_009533,14,0.0056,8.208159074270317e-05,0,1559,4,1559,8,1,1,8,1.0,-0.0,0.0
R_009534,17,0.0068,9.67971045179659e-05,0,1559,4,1559,8,1,1,8,1.0,-0.0,0.0
R_009535,5,0.002,3.775322050500745e-05,0,1628,0,1628,5,1,3,5,1.0,-0.0,0.0
R_009536,12,0.0048,7.256256458098875e-05,0,1562,3,1562,8,3,6,6,0.75,0.7356219397587946,0.6695919455357792
R_009537,9,0.0036,5.546648315380038e-05,0,3102,6,1531,8,1,2,8,1.0,-0.0,0.0
R_009538,5,0.002,3.830525950011286e-05,0,1550,5,1550,5,1,0,5,1.0,-0.0,0.0
R_009539,1,0.0004,1.7645483453975086e-05,0,1550,5,1550,5,1,0,5,1.0,-0.0,0.0
R_009540,2,0.0008,2.200455445002415e-05,0,3102,1,1571,5,2,7,4,0.8,0.5004024235381879,0.7219280948873623
R_009541,6,0.0024,4.4482243328096e-05,0,1565,2,1565,8,2,5,7,0.875,0.3767701612564367,0.5435644431995964
R_009542,6,0.0024,4.316324234723159e-05,0,1562,3,1562,6,3,6,4,0.6666666666666666,0.8675632284814612,0.7896900821428474
R_009543,11,0.0044,6.769545436432445e-05,0,1628,0,1628,8,1,3,8,1.0,-0.0,0.0
R_009544,6,0.0024,4.2166559032296836e-05,0,1562,3,1562,6,2,6,5,0.8333333333333334,0.4505612088663046,0.6500224216483541
R_009545,9,0.0036,5.7364362109015206e-05,0,1559,4,1559,6,1,1,6,1.0,-0.0,0.0
R_009546,10,0.004,6.391773923279795e-05,0,1550,5,1550,6,1,0,6,1.0,-0.0,0.0
R_009547,8,0.0032,5.174476301608075e-05,0,1559,4,1559,7,1,1,7,1.0,-0.0,0.0
R_009548,5,0.002,3.779878023965589e-05,0,1562,3,1562,5,2,6,4,0.8,0.5004024235381879,0.7219280948873623
R_009549,10,0.004,6.234325904869502e-05,0,1559,4,1559,6,1,1,6,1.0,-0.0,0.0
R_009550,10,0.004,6.062258696711604e-05,0,3102,6,1531,7,1,2,7,1.0,-0.0,0.0
R_009551,8,0.0032,5.212654655632108e-05,0,1562,3,1562,7,3,6,5,0.7142857142857143,0.796311640173813,0.7248340915057598
R_009552,23,0.0092,0.00013697358872655037,0,1565,2,1565,8,2,5,7,0.875,0.3767701612564367,0.5435644431995964
R_009553,7,0.0028,4.8202940286114355e-05,0,1628,0,1628,8,1,3,8,1.0,-0.0,0.0
R_009554,13,0.0052,7.879815618846815e-05,0,1628,0,1628,7,1,3,7,1.0,-0.0,0.0
R_009555,10,0.004,6.003995488789233e-05,0,3102,1,1571,7,3,7,4,0.5714285714285714,0.9556998911125344,0.8699155297736259
R_009556,10,0.004,5.9814084499064525e-05,0,1505,7,1505,8,1,4,8,1.0,-0.0,0.0
R_009557,6,0.0024,4.345055395236581e-05,0,1550,5,1550,7,1,0,7,1.0,-0.0,0.0
R_009558,7,0.0028,4.86450983099293e-05,0,1550,5,1550,6,1,0,6,1.0,-0.0,0.0
R_009559,2,0.0008,2.182963403610288e-05,0,3102,1,1571,5,3,7,3,0.6,0.9502705392332348,0.8649735207179272
R_009560,7,0.0028,4.6012111059058176e-05,0,3102,6,1531,7,1,2,7,1.0,-0.0,0.0
R_009561,7,0.0028,4.785951150866737e-05,0,1628,0,1628,6,1,3,6,1.0,-0.0,0.0
R_009562,14,0.0056,8.275600787384173e-05,0,1562,3,1562,8,3,6,6,0.75,0.7356219397587946,0.6695919455357792
R_009563,27,0.0108,0.00014118325617426495,0,3102,1,1571,8,4,7,5,0.625,1.073542846408523,0.7743974703476992
R_009564,6,0.0024,4.2744606930861874e-05,0,1628,0,1628,5,1,3,5,1.0,-0.0,0.0
R_009565,8,0.0032,5.086460186858668e-05,0,3102,1,1571,5,2,7,4,0.8,0.5004024235381879,0.7219280948873623
R_009566,14,0.0056,8.57848633529088e-05,0,1550,5,1550,7,1,0,7,1.0,-0.0,0.0
R_009567,6,0.0024,4.273414870000782e-05,0,1559,4,1559,6,1,1,6,1.0,-0.0,0.0
R_009568,9,0.0036,6.226489307214209e-05,0,1565,2,1565,8,2,5,7,0.875,0.3767701612564367,0.5435644431995964
R_009569,21,0.0084,0.00011639272778893644,0,1562,3,1562,7,2,6,6,0.8571428571428571,0.410116318288409,0.5916727785823274
R_009570,24,0.0096,0.000135027999137163,0,1628,0,1628,7,1,3,7,1.0,-0.0,0.0
R_009571,9,0.0036,5.684185125238301e-05,0,1562,3,1562,5,3,6,3,0.6,0.9502705392332348,0.8649735207179272
R_009572,5,0.002,4.009594247784568e-05,0,1565,2,1565,6,1,5,6,1.0,-0.0,0.0
R_009573,14,0.0056,7.853090169821392e-05,0,3102,1,1571,7,4,7,4,0.5714285714285714,1.1537419427010902,0.8322488896002307
R_009574,8,0.0032,5.2981310862406915e-05,0,1562,3,1562,7,3,6,5,0.7142857142857143,0.796311640173813,0.7248340915057598
R_009575,4,0.0016,3.324971578213086e-05,0,1550,5,1550,6,1,0,6,1.0,-0.0,0.0
R_009576,8,0.0032,5.035822414013802e-05,0,3102,6,1531,6,1,2,6,1.0,-0.0,0.0
R_009577,8,0.0032,4.972971485286856e-05,0,1505,7,1505,8,1,4,8,1.0,-0.0,0.0
R_009578,11,0.0044,6.972103096867774e-05,0,1550,5,1550,6,1,0,6,1.0,-0.0,0.0
R_009579,7,0.0028,4.913736191766185e-05,0,1550,5,1550,7,1,0,7,1.0,-0.0,0.0
R_009580,15,0.006,8.691560972208131e-05,0,1559,4,1559,8,1,1,8,1.0,-0.0,0.0
R_009581,7,0.0028,5.02274705668162e-05,0,1565,2,1565,7,2,5,6,0.8571428571428571,0.410116318288409,0.5916727785823274
R_009582,6,0.0024,4.3990667178648324e-05,0,1628,0,1628,5,1,3,5,1.0,-0.0,0.0
R_009583,4,0.0016,3.284650971379476e-05,0,1562,3,1562,7,2,6,6,0.8571428571428571,0.410116318288409,0.5916727785823274
R_009584,2,0.0008,2.2227085385469707e-05,0,1559,4,1559,6,1,1,6,1.0,-0.0,0.0
R_009585,12,0.0048,7.034253836336005e-05,0,3102,6,1531,7,1,2,7,1.0,-0.0,0.0
R_009586,7,0.0028,4.7531088151659694e-05,0,1562,3,1562,7,2,6,6,0.8571428571428571,0.410116318288409,0.5916727785823274
R_009587,6,0.0024,4.0575185577939446e-05,0,3102,1,1571,6,3,7,4,0.6666666666666666,0.8675632284814612,0.7896900821428474
R_009588,3,0.0012,2.7491308099293946e-05,0,1628,0,1628,5,1,3,5,1.0,-0.0,0.0
R_009589,2,0.0008,2.36473698497424e-05,0,1565,2,1565,5,1,5,5,1.0,-0.0,0.0
R_009590,25,0.01,0.00014156363563777675,0,1628,0,1628,8,1,3,8,1.0,-0.0,0.0
R_009591,3,0.0012,2.626002542571842e-05,0,1505,7,1505,6,1,4,6,1.0,-0.0,0.0
R_009592,3,0.0012,2.846077207621902e-05,0,1550,5,1550,6,1,0,6,1.0,-0.0,0.0
R_009593,4,0.0016,3.269893315343758e-05,0,1562,3,1562,5,2,6,4,0.8,0.5004024235381879,0.7219280948873623
R_009594,7,0.0028,4.881623804731693e-05,0,1550,5,1550,6,1,0,6,1.0,-0.0,0.0
R_009595,18,0.0072,9.764259001076709e-05,0,3102,6,1531,8,1,2,8,1.0,-0.0,0.0
R_009596,9,0.0036,5.827174446014577e-05,0,1628,0,1628,8,1,3,8,1.0,-0.0,0.0
R_009597,5,0.002,3.574587808781355e-05,0,1505,7,1505,6,1,4,6,1.0,-0.0,0.0
R_009598,8,0.0032,5.173950139107548e-05,0,1559,4,1559,7,1,1,7,1.0,-0.0,0.0
R_009599,6,0.0024,4.3153776087712506e-05,0,1550,5,1550,5,1,0,5,1.0,-0.0,0.0
R_009600,7,0.0028,4.7834339799947704e-05,0,1628,0,1628,6,1,3,6,1.0,-0.0,0.0
R_009601,11,0.0044,6.771710213160824e-05,0,1559,4,1559,6,1,1,6,1.0,-0.0,0.0
R_009602,4,0.0016,3.257280734508841e-05,0,1562,3,1562,5,3,6,3,0.6,0.9502705392332348,0.8649735207179272
R_009603,6,0.0024,4.52375836198921e-05,0,1565,2,1565,6,2,5,5,0.8333333333333334,0.4505612088663046,0.6500224216483541
R_009604,10,0.004,6.448649713907279e-05,0,1550,5,1550,6,1,0,6,1.0,-0.0,0.0
R_009605,10,0.004,5.9484517628840685e-05,0,1505,7,1505,8,1,4,8,1.0,-0.0,0.0
R_009606,6,0.0024,4.121757732414803e-05,0,3102,6,1531,6,1,2,6,1.0,-0.0,0.0
R_009607,2,0.0008,2.3265448444632538e-05,0,1565,2,1565,5,1,5,5,1.0,-0.0,0.0
R_009608,7,0.0028,4.6298814470070654e-05,0,3102,6,1531,5,1,2,5,1.0,-0.0,0.0
R_009609,9,0.0036,5.6852448365647395e-05,0,1559,4,1559,7,1,1,7,1.0,-0.0,0.0
R_009610,3,0.0012,2.872478956129819e-05,0,1565,2,1565,5,2,5,4,0.8,0.5004024235381879,0.7219280948873623
R_009611,4,0.0016,3.204464493808726e-05,0,1559,4,1559,5,1,1,5,1.0,-0.0,0.0
R_009612,3,0.0012,2.6308267522588164e-05,0,3102,6,1531,5,1,2,5,1.0,-0.0,0.0
R_009613,3,0.0012,2.7048083782509375e-05,0,1559,4,1559,7,1,1,7,1.0,-0.0,0.0
R_009614,20,0.008,0.00010634290241906945,0,1505,7,1505,8,1,4,8,1.0,-0.0,0.0
R_009615,11,0.0044,6.782749515342209e-05,0,1559,4,1559,6,1,1,6,1.0,-0.0,0.0
R_009616,12,0.0048,7.450650628610715e-05,0,1550,5,1550,8,1,0,8,1.0,-0.0,0.0
R_009617,9,0.0036,5.7393189529827905e-05,0,1559,4,1559,7,1,1,7,1.0,-0.0,0.0
R_009618,12,0.0048,7.188826130788623e-05,0,1559,4,1559,8,1,1,8,1.0,-0.0,0.0
R_009619,10,0.004,6.2002526180461e-05,0,1559,4,1559,7,1,1,7,1.0,-0.0,0.0
R_009620,1,0.0004,1.747710153326928e-05,0,1628,0,1628,5,1,3,5,1.0,-0.0,0.0
R_009621,7,0.0028,4.597217180956737e-05,0,3102,6,1531,6,1,2,6,1.0,-0.0,0.0
R_009622,3,0.0012,2.7841086267126384e-05,0,1550,5,1550,5,1,0,5,1.0,-0.0,0.0
R_009623,7,0.0028,5.1358815548877e-05,0,1565,2,1565,8,2,5,7,0.875,0.3767701612564367,0.5435644431995964
R_009624,7,0.0028,4.565129340559875e-05,0,3102,6,1531,7,1,2,7,1.0,-0.0,0.0
R_009625,2,0.0008,2.1645259100111575e-05,0,1505,7,1505,5,1,4,5,1.0,-0.0,0.0
R_009626,13,0.0052,8.006610915570916e-05,0,1550,5,1550,8,1,0,8,1.0,-0.0,0.0
R_009627,7,0.0028,4.9666846213256675e-05,0,1565,2,1565,6,2,5,5,0.8333333333333334,0.4505612088663046,0.6500224216483541
R_009628,8,0.0032,5.3342450500546324e-05,0,1550,5,1550,7,1,0,7,1.0,-0.0,0.0
R_009629,4,0.0016,3.2173100600657326e-05,0,1559,4,1559,6,1,1,6,1.0,-0.0,0.0
R_009630,10,0.004,6.712718448629446e-05,0,1565,2,1565,7,2,5,6,0.8571428571428571,0.410116318288409,0.5916727785823274
R_009631,7,0.0028,4.742617938720445e-05,0,1562,3,1562,6,2,6,5,0.8333333333333334,0.4505612088663046,0.6500224216483541
R_009632,11,0.0044,6.734157007896508e-05,0,1562,3,1562,7,2,6,6,0.8571428571428571,0.410116318288409,0.5916727785823274
R_009633,9,0.0036,5.51498838543016e-05,0,3102,6,1531,5,1,2,5,1.0,-0.0,0.0
R_009634,3,0.0012,2.7646118463464867e-05,0,1628,0,1628,5,1,3,5,1.0,-0.0,0.0
R_009635,5,0.002,4.00295920357354e-05,0,1565,2,1565,6,1,5,6,1.0,-0.0,0.0
R_009636,17,0.0068,0.00010135524057247621,0,1550,5,1550,8,1,0,8,1.0,-0.0,0.0
R_009637,4,0.0016,3.0975546931757866e-05,0,1505,7,1505,6,1,4,6,1.0,-0.0,0.0
R_009638,5,0.002,3.7707860737233295e-05,0,1628,0,1628,5,1,3,5,1.0,-0.0,0.0
R_009639,11,0.0044,6.522828353090392e-05,0,3102,6,1531,5,1,2,5,1.0,-0.0,0.0
R_009640,5,0.002,3.7161942748593233e-05,0,1559,4,1559,5,1,1,5,1.0,-0.0,0.0
R_009641,3,0.0012,2.6072616157739245e-05,0,1505,7,1505,5,1,4,5,1.0,-0.0,0.0
R_009642,8,0.0032,5.101686276335925e-05,0,3102,6,1531,7,1,2,7,1.0,-0.0,0.0
R_009643,16,0.0064,8.94440675834295e-05,0,3102,6,1531,6,1,2,6,1.0,-0.0,0.0
R_009644,6,0.0024,4.204668331009262e-05,0,1562,3,1562,8,3,6,6,0.75,0.7356219397587946,0.6695919455357792
R_009645,9,0.0036,5.700595541222922e-05,0,1562,3,1562,7,2,6,6,0.8571428571428571,0.410116318288409,0.5916727785823274
R_009646,15,0.006,9.065116308560911e-05,0,1550,5,1550,7,1,0,7,1.0,-0.0,0.0
R_009647,3,0.0012,2.8722656873262584e-05,0,1565,2,1565,5,1,5,5,1.0,-0.0,0.0
R_009648,9,0.0036,5.407577195935933e-05,0,1505,7,1505,7,1,4,7,1.0,-0.0,0.0
R_009649,9,0.0036,5.5730206585289826e-05,0,3102,1,1571,7,4,7,4,0.5714285714285714,1.1537419427010902,0.8322488896002307
R_009650,19,0.0076,0.00010191088156042251,0,1505,7,1505,7,1,4,7,1.0,-0.0,0.0
R_009651,6,0.0024,4.300761157964879e-05,0,1550,5,1550,6,1,0,6,1.0,-0.0,0.0
R_009652,11,0.0044,6.753302208324045e-05,0,1562,3,1562,8,3,6,6,0.75,0.7356219397587946,0.6695919455357792
R_009653,3,0.0012,2.942393703989903e-05,0,1565,2,1565,5,1,5,5,1.0,-0.0,0.0
R_009654,14,0.0056,7.89729297623692e-05,0,3102,6,1531,7,1,2,7,1.0,-0.0,0.0
R_009655,3,0.0012,2.797993047599886e-05,0,1550,5,1550,7,1,0,7,1.0,-0.0,0.0
R_009656,6,0.0024,4.511252620829166e-05,0,1565,2,1565,7,1,5,7,1.0,-0.0,0.0
R_009657,3,0.0012,2.7037183321067428e-05,0,1562,3,1562,6,1,6,6,1.0,-0.0,0.0
R_009658,3,0.0012,2.8227914330191088e-05,0,1628,0,1628,5,1,3,5,1.0,-0.0,0.0
R_009659,6,0.0024,4.105935258836831e-05,0,3102,6,1531,7,1,2,7,1.0,-0.0,0.0
R_009660,13,0.0052,7.453896786801986e-05,0,3102,6,1531,6,1,2,6,1.0,-0.0,0.0
R_009661,7,0.0028,4.5566847780880956e-05,0,1505,7,1505,7,1,4,7,1.0,-0.0,0.0
R_009662,12,0.0048,6.972762373478082e-05,0,3102,6,1531,8,1,2,8,1.0,-0.0,0.0
R_009663,7,0.0028,4.708669842815459e-05,0,1562,3,1562,7,1,6,7,1.0,-0.0,0.0
R_009664,8,0.0032,5.2581965699440475e-05,0,1562,3,1562,7,2,6,6,0.8571428571428571,0.410116318288409,0.5916727785823274
R_009665,6,0.0024,4.057323430319027e-05,0,3102,6,1531,8,1,2,8,1.0,-0.0,0.0
R_009666,6,0.0024,4.364201625025256e-05,0,1550,5,1550,7,1,0,7,1.0,-0.0,0.0
R_009667,7,0.0028,5.0641136315769164e-05,0,1565,2,1565,8,2,5,7,0.875,0.3767701612564367,0.5435644431995964
R_009668,6,0.0024,4.2909959379761125e-05,0,1628,0,1628,7,1,3,7,1.0,-0.0,0.0
R_009669,2,0.0008,2.2282497017211988e-05,0,1628,0,1628,6,1,3,6,1.0,-0.0,0.0
R_009670,5,0.002,3.8489024842373496e-05,0,1550,5,1550,7,1,0,7,1.0,-0.0,0.0
R_009671,9,0.0036,5.510293919410661e-05,0,1505,7,1505,7,1,4,7,1.0,-0.0,0.0
R_009672,3,0.0012,2.8391977282781386e-05,0,1565,2,1565,5,2,5,4,0.8,0.5004024235381879,0.7219280948873623
R_009673,13,0.0052,7.663487039880019e-05,0,1562,3,1562,7,2,6,6,0.8571428571428571,0.410116318288409,0.5916727785823274
R_009674,7,0.0028,4.686967028052405e-05,0,1562,3,1562,8,3,6,6,0.75,0.7356219397587946,0.6695919455357792
R_009675,4,0.0016,3.212494726421531e-05,0,1559,4,1559,7,1,1,7,1.0,-0.0,0.0
R_009676,6,0.0024,4.397256425153303e-05,0,1550,5,1550,5,1,0,5,1.0,-0.0,0.0
R_009677,22,0.0088,0.00011597021781214677,0,1505,7,1505,8,1,4,8,1.0,-0.0,0.0
R_009678,6,0.0024,4.3899063278935356e-05,0,1550,5,1550,6,1,0,6,1.0,-0.0,0.0
R_009679,7,0.0028,4.69187140414035e-05,0,1562,3,1562,5,3,6,3,0.6,0.9502705392332348,0.8649735207179272
R_009680,6,0.0024,4.248657795507835e-05,0,1562,3,1562,8,3,6,6,0.75,0.7356219397587946,0.6695919455357792
R_009681,2,0.0008,2.211396975287021e-05,0,3102,6,1531,5,1,2,5,1.0,-0.0,0.0
R_009682,4,0.0016,3.1419694987755136e-05,0,3102,6,1531,5,1,2,5,1.0,-0.0,0.0
R_009683,7,0.0028,4.5274553821154674e-05,0,1505,7,1505,6,1,4,6,1.0,-0.0,0.0
R_009684,7,0.0028,4.598874050839666e-05,0,3102,1,1571,5,2,7,4,0.8,0.5004024235381879,0.7219280948873623
R_009685,6,0.0024,4.3607049263585566e-05,0,1550,5,1550,7,1,0,7,1.0,-0.0,0.0
R_009686,6,0.0024,4.192567770949968e-05,0,1562,3,1562,5,2,6,4,0.8,0.5004024235381879,0.7219280948873623
R_009687,10,0.004,5.9453335924219005e-05,0,3102,1,1571,7,2,7,5,0.7142857142857143,0.5982695885852573,0.8631205685666311
R_009688,9,0.0036,5.477942146138519e-05,0,3102,6,1531,7,1,2,7,1.0,-0.0,0.0
R_009689,7,0.0028,4.567949086191733e-05,0,3102,1,1571,7,4,7,3,0.4285714285714285,1.277034259466139,0.9211854965885544
R_009690,8,0.0032,5.0638040019729344e-05,0,3102,1,1571,6,3,7,3,0.5,1.0114042647073518,0.920619835714305
R_009691,9,0.0036,5.6636027123663265e-05,0,1559,4,1559,6,1,1,6,1.0,-0.0,0.0
R_009692,6,0.0024,4.061802568019271e-05,0,3102,1,1571,7,4,7,4,0.5714285714285714,1.1537419427010902,0.8322488896002307
R_009693,12,0.0048,7.342806192751428e-05,0,1628,0,1628,8,1,3,8,1.0,-0.0,0.0
R_009694,4,0.0016,3.2524018845154545e-05,0,1562,3,1562,6,3,6,4,0.6666666666666666,0.8675632284814612,0.7896900821428474
R_009695,4,0.0016,3.403669132096081e-05,0,1565,2,1565,6,1,5,6,1.0,-0.0,0.0
R_009696,7,0.0028,4.879330477110577e-05,0,1550,5,1550,8,1,0,8,1.0,-0.0,0.0
R_009697,4,0.0016,3.2344134423639274e-05,0,1559,4,1559,5,1,1,5,1.0,-0.0,0.0
R_009698,12,0.0048,7.410367572402885e-05,0,1628,0,1628,8,1,3,8,1.0,-0.0,0.0
R_009699,3,0.0012,2.750046877437505e-05,0,1562,3,1562,5,2,6,4,0.8,0.5004024235381879,0.7219280948873623
R_009700,9,0.0036,5.459771520575365e-05,0,1505,7,1505,5,1,4,5,1.0,-0.0,0.0
R_009701,8,0.0032,5.0515091833205536e-05,0,3102,6,1531,6,1,2,6,1.0,-0.0,0.0
R_009702,7,0.0028,5.0764253150066085e-05,0,1565,2,1565,5,1,5,5,1.0,-0.0,0.0
R_009703,10,0.004,6.286298564774442e-05,0,1562,3,1562,8,3,6,6,0.75,0.7356219397587946,0.6695919455357792
R_009704,9,0.0036,5.878788165181984e-05,0,1628,0,1628,6,1,3,6,1.0,-0.0,0.0
R_009705,14,0.0056,7.885957811958951e-05,0,1505,7,1505,7,1,4,7,1.0,-0.0,0.0
R_009706,10,0.004,6.324172871621035e-05,0,1628,0,1628,8,1,3,8,1.0,-0.0,0.0
R_009707,7,0.0028,4.885817547562641e-05,0,1550,5,1550,5,1,0,5,1.0,-0.0,0.0
R_009708,11,0.0044,6.421070948020912e-05,0,3102,1,1571,8,3,7,5,0.625,0.9002560512685369,0.8194483718728035
R_009709,25,0.01,0.0001364311693521923,0,1559,4,1559,8,1,1,8,1.0,-0.0,0.0
R_009710,2,0.0008,2.2767098253204777e-05,0,1550,5,1550,5,1,0,5,1.0,-0.0,0.0
R_009711,5,0.002,3.614274008897838e-05,0,3102,1,1571,5,2,7,4,0.8,0.5004024235381879,0.7219280948873623
R_009712,12,0.0048,7.320988781167762e-05,0,1628,0,1628,8,1,3,8,1.0,-0.0,0.0
R_009713,1,0.0004,1.7281505247505674e-05,0,3102,1,1571,5,2,7,4,0.8,0.5004024235381879,0.7219280948873623
R_009714,9,0.0036,5.5405590307213296e-05,0,1505,7,1505,5,1,4,5,1.0,-0.0,0.0
R_009715,6,0.0024,4.19505813688431e-05,0,1562,3,1562,7,3,6,5,0.7142857142857143,0.796311640173813,0.7248340915057598
R_009716,15,0.006,9.434265927737428e-05,0,1565,2,1565,7,1,5,7,1.0,-0.0,0.0
R_009717,14,0.0056,7.854854865885768e-05,0,1505,7,1505,7,1,4,7,1.0,-0.0,0.0
R_009718,6,0.0024,4.4811986725350504e-05,0,1565,2,1565,6,2,5,5,0.8333333333333334,0.4505612088663046,0.6500224216483541
R_009719,14,0.0056,7.875657374531118e-05,0,3102,1,1571,6,4,2,2,0.3333333333333333,1.3296613488547582,0.9591479170272448
R_009720,10,0.004,6.24586834399938e-05,0,1562,3,1562,7,2,6,6,0.8571428571428571,0.410116318288409,0.5916727785823274
R_009721,2,0.0008,2.2129302253040357e-05,0,1562,3,1562,5,3,6,3,0.6,0.9502705392332348,0.8649735207179272
R_009722,7,0.0028,4.54202893603867e-05,0,1505,7,1505,6,1,4,6,1.0,-0.0,0.0
R_009723,7,0.0028,4.940563739052748e-05,0,1550,5,1550,8,1,0,8,1.0,-0.0,0.0
R_009724,7,0.0028,4.5753320964361514e-05,0,1505,7,1505,6,1,4,6,1.0,-0.0,0.0
R_009725,3,0.0012,2.7599052927734316e-05,0,1628,0,1628,6,1,3,6,1.0,-0.0,0.0
R_009726,11,0.0044,6.957286939055753e-05,0,1550,5,1550,8,1,0,8,1.0,-0.0,0.0
R_009727,8,0.0032,5.4280852209851673e-05,0,1628,0,1628,8,1,3,8,1.0,-0.0,0.0
R_009728,6,0.0024,4.1758960409609e-05,0,3102,1,1571,6,2,7,5,0.8333333333333334,0.4505612088663046,0.6500224216483541
R_009729,10,0.004,5.9813563127659464e-05,0,3102,1,1571,8,3,7,5,0.625,0.9002560512685369,0.8194483718728035
R_009730,9,0.0036,6.0258494914936884e-05,0,1550,5,1550,5,1,0,5,1.0,-0.0,0.0
R_009731,7,0.0028,4.589843544362201e-05,0,3102,6,1531,7,1,2,7,1.0,-0.0,0.0
R_009732,6,0.0024,4.354258797262558e-05,0,1562,3,1562,5,3,6,3,0.6,0.9502705392332348,0.8649735207179272
R_009733,10,0.004,6.6418416745891e-05,0,1565,2,1565,6,1,5,6,1.0,-0.0,0.0
R_009734,10,0.004,6.226163836119323e-05,0,1562,3,1562,6,2,6,5,0.8333333333333334,0.4505612088663046,0.6500224216483541
R_009735,10,0.004,5.9176236967000795e-05,0,1505,7,1505,7,1,4,7,1.0,-0.0,0.0
R_009736,3,0.0012,2.8248790375060963e-05,0,1550,5,1550,5,1,0,5,1.0,-0.0,0.0
R_009737,12,0.0048,7.29560643397942e-05,0,1628,0,1628,8,1,3,8,1.0,-0.0,0.0
R_009738,6,0.0024,4.0793272034290595e-05,0,3102,1,1571,7,3,7,4,0.5714285714285714,0.9556998911125344,0.8699155297736259
R_009739,5,0.002,3.774881245429615e-05,0,1559,4,1559,6,1,1,6,1.0,-0.0,0.0
R_009740,6,0.0024,4.222589715321849e-05,0,1559,4,1559,7,1,1,7,1.0,-0.0,0.0
R_009741,18,0.0072,9.681833495452127e-05,0,1505,7,1505,8,1,4,8,1.0,-0.0,0.0
R_009742,20,0.008,0.00010746463936517349,0,3102,1,1571,8,4,7,4,0.5,1.2130075659799042,0.875
R_009743,10,0.004,6.396622951298463e-05,0,1628,0,1628,6,1,3,6,1.0,-0.0,0.0
R_009744,8,0.0032,4.948181043763715e-05,0,1505,7,1505,7,1,4,7,1.0,-0.0,0.0
R_009745,11,0.0044,6.70404397286044e-05,0,1562,3,1562,7,2,6,6,0.8571428571428571,0.410116318288409,0.5916727785823274
R_009746,12,0.0048,6.880464199062513e-05,0,1505,7,1505,8,1,4,8,1.0,-0.0,0.0
R_009747,2,0.0008,2.322436427375107e-05,0,1565,2,1565,6,2,5,5,0.8333333333333334,0.4505612088663046,0.6500224216483541
R_009748,8,0.0032,5.209875260446123e-05,0,1562,3,1562,7,3,6,5,0.7142857142857143,0.796311640173813,0.7248340915057598
R_009749,5,0.002,3.71391082216957e-05,0,1559,4,1559,6,1,1,6,1.0,-0.0,0.0
R_009750,5,0.002,4.0002312460297817e-05,0,1565,2,1565,6,2,5,5,0.8333333333333334,0.4505612088663046,0.6500224216483541
R_009751,20,0.008,0.00010663003808357281,0,1505,7,1505,7,1,4,7,1.0,-0.0,0.0
R_009752,7,0.0028,4.513075822009175e-05,0,1505,7,1505,5,1,4,5,1.0,-0.0,0.0
R_009753,5,0.002,3.899250027326507e-05,0,1565,2,1565,5,1,5,5,1.0,-0.0,0.0
R_009754,11,0.0044,6.954322023867325e-05,0,1550,5,1550,8,1,0,8,1.0,-0.0,0.0
R_009755,6,0.0024,4.1231629317711683e-05,0,3102,6,1531,7,1,2,7,1.0,-0.0,0.0
R_009756,6,0.0024,4.079154451542142e-05,0,3102,6,1531,6,1,2,6,1.0,-0.0,0.0
R_009757,1,0.0004,1.7612184064142065e-05,0,1628,0,1628,5,1,3,5,1.0,-0.0,0.0
R_009758,5,0.002,3.6256520627672064e-05,0,1505,7,1505,5,1,4,5,1.0,-0.0,0.0
R_009759,10,0.004,5.978782549238904e-05,0,3102,1,1571,8,4,7,4,0.5,1.2130075659799042,0.875
R_009760,12,0.0048,7.439991587190579e-05,0,1550,5,1550,6,1,0,6,1.0,-0.0,0.0
R_009761,4,0.0016,3.1779648807149616e-05,0,1562,3,1562,5,2,6,4,0.8,0.5004024235381879,0.7219280948873623
R_009762,9,0.0036,5.783581064808063e-05,0,1628,0,1628,6,1,3,6,1.0,-0.0,0.0
R_009763,3,0.0012,2.8064239360977837e-05,0,1550,5,1550,7,1,0,7,1.0,-0.0,0.0
R_009764,6,0.0024,4.1235340863894565e-05,0,3102,6,1531,8,1,2,8,1.0,-0.0,0.0
R_009765,6,0.0024,4.542768129177724e-05,0,1565,2,1565,6,2,5,5,0.8333333333333334,0.4505612088663046,0.6500224216483541
R_009766,13,0.0052,8.075452298765879e-05,0,1550,5,1550,6,1,0,6,1.0,-0.0,0.0
R_009767,10,0.004,6.250488082661738e-05,0,1628,0,1628,6,1,3,6,1.0,-0.0,0.0
R_009768,9,0.0036,5.569711901048912e-05,0,3102,6,1531,6,1,2,6,1.0,-0.0,0.0
R_009769,15,0.006,8.377311618418532e-05,0,1505,7,1505,7,1,4,7,1.0,-0.0,0.0
R_009770,7,0.0028,4.559029293212646e-05,0,1505,7,1505,8,1,4,8,1.0,-0.0,0.0
R_009771,2,0.0008,2.2793397861952738e-05,0,1550,5,1550,7,1,0,7,1.0,-0.0,0.0
R_009772,9,0.0036,5.750635732732549e-05,0,1559,4,1559,8,1,1,8,1.0,-0.0,0.0
R_009773,8,0.0032,5.567300838468973e-05,0,1565,2,1565,6,1,5,6,1.0,-0.0,0.0
R_009774,11,0.0044,6.446355211653353e-05,0,3102,1,1571,8,3,7,5,0.625,0.9002560512685369,0.8194483718728035
R_009775,8,0.0032,5.0312240236196e-05,0,3102,1,1571,6,3,7,3,0.5,1.0114042647073518,0.920619835714305
R_009776,7,0.0028,4.5439259540351873e-05,0,3102,1,1571,8,4,7,4,0.5,1.2130075659799042,0.875
R_009777,9,0.0036,6.0741449447349136e-05,0,1565,2,1565,7,2,5,6,0.8571428571428571,0.410116318288409,0.5916727785823274
R_009778,6,0.0024,4.491136824834385e-05,0,1565,2,1565,5,1,5,5,1.0,-0.0,0.0
R_009779,12,0.0048,6.944694100147998e-05,0,1505,7,1505,8,1,4,8,1.0,-0.0,0.0
R_009780,5,0.002,3.853032374959462e-05,0,1550,5,1550,6,1,0,6,1.0,-0.0,0.0
R_009781,5,0.002,3.656953933219392e-05,0,3102,6,1531,6,1,2,6,1.0,-0.0,0.0
R_009782,9,0.0036,5.51326407492836e-05,0,3102,6,1531,7,1,2,7,1.0,-0.0,0.0
R_009783,32,0.0128,0.00016582550094976808,0,3102,6,1531,8,1,2,8,1.0,-0.0,0.0
R_009784,17,0.0068,9.608236330282734e-05,0,1559,4,1559,8,1,1,8,1.0,-0.0,0.0
R_009785,25,0.01,0.00014788554387271512,0,1565,2,1565,8,2,5,7,0.875,0.3767701612564367,0.5435644431995964
R_009786,7,0.0028,4.610189263525948e-05,0,3102,1,1571,7,3,7,4,0.5714285714285714,0.9556998911125344,0.8699155297736259
R_009787,7,0.0028,4.6872453612736946e-05,0,1559,4,1559,6,1,1,6,1.0,-0.0,0.0
R_009788,2,0.0008,2.1809956824042165e-05,0,1505,7,1505,5,1,4,5,1.0,-0.0,0.0
R_009789,8,0.0032,4.977588540395391e-05,0,1505,7,1505,8,1,4,8,1.0,-0.0,0.0
R_009790,2,0.0008,2.2516801265339132e-05,0,1628,0,1628,7,1,3,7,1.0,-0.0,0.0
R_009791,3,0.0012,2.6634961465285096e-05,0,3102,6,1531,5,1,2,5,1.0,-0.0,0.0
R_009792,4,0.0016,3.405542718106943e-05,0,1565,2,1565,6,2,5,5,0.8333333333333334,0.4505612088663046,0.6500224216483541
R_009793,6,0.0024,4.158351938151186e-05,0,3102,6,1531,6,1,2,6,1.0,-0.0,0.0
R_009794,5,0.002,3.6060661690931184e-05,0,3102,1,1571,6,3,7,4,0.6666666666666666,0.8675632284814612,0.7896900821428474
R_009795,11,0.0044,6.695507915669452e-05,0,1562,3,1562,7,2,6,6,0.8571428571428571,0.410116318288409,0.5916727785823274
R_009796,6,0.0024,4.348604772657916e-05,0,1628,0,1628,6,1,3,6,1.0,-0.0,0.0
R_009797,28,0.0112,0.0001652463200715989,0,1565,2,1565,8,2,5,7,0.875,0.3767701612564367,0.5435644431995964
R_009798,9,0.0036,5.7281900708206264e-05,0,1562,3,1562,5,1,6,5,1.0,-0.0,0.0
R_009799,7,0.0028,4.8421101350055894e-05,0,1628,0,1628,6,1,3,6,1.0,-0.0,0.0
R_009800,8,0.0032,5.186486212232715e-05,0,1559,4,1559,6,1,1,6,1.0,-0.0,0.0
R_009801,8,0.0032,5.049470955936859e-05,0,3102,1,1571,8,3,7,6,0.75,0.7356219397587946,0.6695919455357792
R_009802,3,0.0012,2.8792468334969423e-05,0,1565,2,1565,6,1,5,6,1.0,-0.0,0.0
R_009803,5,0.002,3.79769981856003e-05,0,1628,0,1628,5,1,3,5,1.0,-0.0,0.0
R_009804,6,0.0024,4.2233961604319365e-05,0,1559,4,1559,6,1,1,6,1.0,-0.0,0.0
R_009805,8,0.0032,5.5833601688472204e-05,0,1565,2,1565,7,2,5,6,0.8571428571428571,0.410116318288409,0.5916727785823274
R_009806,7,0.0028,4.714263482217853e-05,0,1559,4,1559,7,1,1,7,1.0,-0.0,0.0
R_009807,8,0.0032,5.308514681187938e-05,0,1628,0,1628,8,1,3,8,1.0,-0.0,0.0
R_009808,10,0.004,5.9679021630317135e-05,0,3102,6,1531,8,1,2,8,1.0,-0.0,0.0
R_009809,6,0.0024,4.118605219300823e-05,0,3102,6,1531,5,1,2,5,1.0,-0.0,0.0
R_009810,8,0.0032,5.2527541162560334e-05,0,1562,3,1562,7,2,6,6,0.8571428571428571,0.410116318288409,0.5916727785823274
R_009811,7,0.0028,4.7877392024440866e-05,0,1562,3,1562,5,3,6,3,0.6,0.9502705392332348,0.8649735207179272
R_009812,7,0.0028,4.7133293238246006e-05,0,1559,4,1559,6,1,1,6,1.0,-0.0,0.0
R_009813,12,0.0048,7.049531882679367e-05,0,3102,6,1531,8,1,2,8,1.0,-0.0,0.0
R_009814,4,0.0016,3.28814237167195e-05,0,1628,0,1628,5,1,3,5,1.0,-0.0,0.0
R_009815,3,0.0012,2.624989536331012e-05,0,1505,7,1505,7,1,4,7,1.0,-0.0,0.0
R_009816,6,0.0024,4.217236642652561e-05,0,1562,3,1562,8,2,6,7,0.875,0.3767701612564367,0.5435644431995964
R_009817,8,0.0032,5.229969347078947e-05,0,1559,4,1559,7,1,1,7,1.0,-0.0,0.0
R_009818,2,0.0008,2.3496748783600415e-05,0,1565,2,1565,5,1,5,5,1.0,-0.0,0.0
R_009819,8,0.0032,5.3273873157320274e-05,0,1628,0,1628,5,1,3,5,1.0,-0.0,0.0
R_009820,5,0.002,3.5812869057383656e-05,0,1505,7,1505,5,1,4,5,1.0,-0.0,0.0
R_009821,25,0.01,0.00013668602383223047,0,1559,4,1559,8,1,1,8,1.0,-0.0,0.0
R_009822,2,0.0008,2.2960374058211523e-05,0,1565,2,1565,5,2,5,4,0.8,0.5004024235381879,0.7219280948873623
R_009823,5,0.002,3.750714848650021e-05,0,1550,5,1550,5,1,0,5,1.0,-0.0,0.0
R_009824,9,0.0036,5.6770832570077686e-05,0,1559,4,1559,7,1,1,7,1.0,-0.0,0.0
R_009825,4,0.0016,3.2479201706688114e-05,0,1628,0,1628,5,1,3,5,1.0,-0.0,0.0
R_009826,21,0.0084,0.00011100794084963238,0,1505,7,1505,8,1,4,8,1.0,-0.0,0.0
R_009827,5,0.002,3.76933421203141e-05,0,1562,3,1562,7,3,6,5,0.7142857142857143,0.796311640173813,0.7248340915057598
R_009828,6,0.0024,4.5141682970352006e-05,0,1565,2,1565,6,1,5,6,1.0,-0.0,0.0
R_009829,6,0.0024,4.041419475058406e-05,0,1505,7,1505,5,1,4,5,1.0,-0.0,0.0
R_009830,9,0.0036,5.5392382417293945e-05,0,3102,1,1571,7,2,7,5,0.7142857142857143,0.5982695885852573,0.8631205685666311
R_009831,12,0.0048,6.96792473556119e-05,0,3102,1,1571,8,3,7,6,0.75,0.7356219397587946,0.6695919455357792
R_009832,10,0.004,5.947304258356292e-05,0,1505,7,1505,5,1,4,5,1.0,-0.0,0.0
R_009833,13,0.0052,8.02497966582339e-05,0,1550,5,1550,7,1,0,7,1.0,-0.0,0.0
R_009834,5,0.002,3.6191823117695015e-05,0,3102,6,1531,6,1,2,6,1.0,-0.0,0.0
R_009835,5,0.002,3.976750460537812e-05,0,1565,2,1565,6,2,5,5,0.8333333333333334,0.4505612088663046,0.6500224216483541
R_009836,7,0.0028,4.7189404330972625e-05,0,1562,3,1562,6,3,6,4,0.6666666666666666,0.8675632284814612,0.7896900821428474
R_009837,8,0.0032,5.1961222649960906e-05,0,1559,4,1559,7,1,1,7,1.0,-0.0,0.0
R_009838,6,0.0024,4.1036402102580106e-05,0,3102,1,1571,7,4,7,4,0.5714285714285714,1.1537419427010902,0.8322488896002307
R_009839,4,0.0016,3.2725575324150404e-05,0,1628,0,1628,5,1,3,5,1.0,-0.0,0.0
R_009840,3,0.0012,2.819246279010978e-05,0,1550,5,1550,5,1,0,5,1.0,-0.0,0.0
R_009841,7,0.0028,4.7320634806841426e-05,0,1562,3,1562,6,2,6,5,0.8333333333333334,0.4505612088663046,0.6500224216483541
R_009842,15,0.006,8.261601531607006e-05,0,1505,7,1505,7,1,4,7,1.0,-0.0,0.0
R_009843,10,0.004,6.23052368248113e-05,0,1559,4,1559,8,1,1,8,1.0,-0.0,0.0
R_009844,2,0.0008,2.3127540666458504e-05,0,1565,2,1565,6,2,5,5,0.8333333333333334,0.4505612088663046,0.6500224216483541
R_009845,3,0.0012,2.791517574757595e-05,0,1550,5,1550,6,1,0,6,1.0,-0.0,0.0
R_009846,8,0.0032,5.580674704156104e-05,0,1565,2,1565,6,2,5,5,0.8333333333333334,0.4505612088663046,0.6500224216483541
R_009847,7,0.0028,4.7408817710339555e-05,0,1559,4,1559,5,1,1,5,1.0,-0.0,0.0
R_009848,4,0.0016,3.283029313644687e-05,0,1550,5,1550,5,1,0,5,1.0,-0.0,0.0
R_009849,2,0.0008,2.2568252250126513e-05,0,3102,1,1571,5,4,2,2,0.4,1.3321790402101223,0.9609640474436812
R_009850,17,0.0068,9.214662692588812e-05,0,1505,7,1505,8,1,4,8,1.0,-0.0,0.0
R_009851,6,0.0024,4.563274620285881e-05,0,1565,2,1565,5,2,5,4,0.8,0.5004024235381879,0.7219280948873623
R_009852,3,0.0012,2.7880375676976883e-05,0,1550,5,1550,5,1,0,5,1.0,-0.0,0.0
R_009853,5,0.002,3.828979763043989e-05,0,1628,0,1628,5,1,3,5,1.0,-0.0,0.0
R_009854,7,0.0028,4.5475734142871665e-05,0,1505,7,1505,6,1,4,6,1.0,-0.0,0.0
R_009855,12,0.0048,6.884900440362704e-05,0,3102,1,1571,8,4,7,5,0.625,1.073542846408523,0.7743974703476992
R_009856,7,0.0028,4.630303254729976e-05,0,3102,6,1531,6,1,2,6,1.0,-0.0,0.0
R_009857,10,0.004,5.950419508810949e-05,0,1505,7,1505,7,1,4,7,1.0,-0.0,0.0
R_009858,5,0.002,3.7943176742983644e-05,0,1628,0,1628,6,1,3,6,1.0,-0.0,0.0
R_009859,6,0.0024,4.2016566798632794e-05,0,1562,3,1562,6,3,6,4,0.6666666666666666,0.8675632284814612,0.7896900821428474
R_009860,14,0.0056,7.853070260849066e-05,0,1505,7,1505,8,1,4,8,1.0,-0.0,0.0
R_009861,3,0.0012,2.707009976165712e-05,0,1559,4,1559,7,1,1,7,1.0,-0.0,0.0
R_009862,6,0.0024,4.102278108502124e-05,0,3102,1,1571,7,4,7,3,0.4285714285714285,1.277034259466139,0.9211854965885544
R_009863,7,0.0028,4.693022815809594e-05,0,1562,3,1562,5,2,6,4,0.8,0.5004024235381879,0.7219280948873623
R_009864,10,0.004,6.178722611993363e-05,0,1559,4,1559,7,1,1,7,1.0,-0.0,0.0
R_009865,8,0.0032,4.992073561330103e-05,0,3102,6,1531,8,1,2,8,1.0,-0.0,0.0
R_009866,6,0.0024,4.1171861878847896e-05,0,1505,7,1505,7,1,4,7,1.0,-0.0,0.0
R_009867,10,0.004,6.625287070724804e-05,0,1565,2,1565,8,2,5,7,0.875,0.3767701612564367,0.5435644431995964
R_009868,5,0.002,3.5891478638079006e-05,0,1505,7,1505,6,1,4,6,1.0,-0.0,0.0
R_009869,5,0.002,3.9554439092228487e-05,0,1565,2,1565,7,1,5,7,1.0,-0.0,0.0
R_009870,10,0.004,6.72905230295714e-05,0,1565,2,1565,7,1,5,7,1.0,-0.0,0.0
R_009871,7,0.0028,4.777647599110967e-05,0,1562,3,1562,8,3,6,6,0.75,0.7356219397587946,0.6695919455357792
R_009872,9,0.0036,5.76959004138759e-05,0,1562,3,1562,7,3,6,5,0.7142857142857143,0.796311640173813,0.7248340915057598
R_009873,6,0.0024,4.2587400534915006e-05,0,1562,3,1562,5,2,6,4,0.8,0.5004024235381879,0.7219280948873623
R_009874,5,0.002,3.7631703494535134e-05,0,1562,3,1562,5,1,6,5,1.0,-0.0,0.0
R_009875,9,0.0036,6.133674285223713e-05,0,1565,2,1565,8,2,5,7,0.875,0.3767701612564367,0.5435644431995964
R_009876,3,0.0012,2.6522141449551465e-05,0,3102,6,1531,6,1,2,6,1.0,-0.0,0.0
R_009877,7,0.0028,4.7505597204733725e-05,0,1559,4,1559,7,1,1,7,1.0,-0.0,0.0
R_009878,11,0.0044,6.836901635835149e-05,0,1628,0,1628,7,1,3,7,1.0,-0.0,0.0
R_009879,6,0.0024,4.308061697835214e-05,0,1550,5,1550,5,1,0,5,1.0,-0.0,0.0
R_009880,5,0.002,3.69420007944165e-05,0,1562,3,1562,5,1,6,5,1.0,-0.0,0.0
R_009881,6,0.0024,4.104658755590335e-05,0,3102,6,1531,7,1,2,7,1.0,-0.0,0.0
R_009882,11,0.0044,7.32657408894443e-05,0,1565,2,1565,6,2,5,5,0.8333333333333334,0.4505612088663046,0.6500224216483541
R_009883,8,0.0032,5.233028306751578e-05,0,1559,4,1559,7,1,1,7,1.0,-0.0,0.0
R_009884,9,0.0036,5.713095076822734e-05,0,1559,4,1559,7,1,1,7,1.0,-0.0,0.0
R_009885,1,0.0004,1.745468038441584e-05,0,1562,3,1562,5,2,6,4,0.8,0.5004024235381879,0.7219280948873623
R_009886,4,0.0016,3.30632373402365e-05,0,1628,0,1628,7,1,3,7,1.0,-0.0,0.0
R_009887,10,0.004,5.904757605570661e-05,0,3102,1,1571,8,4,7,4,0.5,1.2130075659799042,0.875
R_009888,11,0.0044,6.553767235182877e-05,0,3102,1,1571,6,2,7,4,0.6666666666666666,0.6365141682948128,0.9182958340544894
R_009889,20,0.008,0.00010720061649779123,0,3102,1,1571,8,4,7,4,0.5,1.2130075659799042,0.875
R_009890,15,0.006,9.336155336560814e-05,0,1565,2,1565,8,1,5,8,1.0,-0.0,0.0
R_009891,5,0.002,3.9612769615900915e-05,0,1565,2,1565,8,1,5,8,1.0,-0.0,0.0
R_009892,29,0.0116,0.0001560567920713778,0,1562,3,1562,8,3,6,6,0.75,0.7356219397587946,0.6695919455357792
R_009893,8,0.0032,5.672268929420298e-05,0,1565,2,1565,6,1,5,6,1.0,-0.0,0.0
R_009894,14,0.0056,8.865863459352225e-05,0,1565,2,1565,8,2,5,7,0.875,0.3767701612564367,0.5435644431995964
R_009895,8,0.0032,5.073822454152193e-05,0,3102,1,1571,7,3,7,4,0.5714285714285714,0.9556998911125344,0.8699155297736259
R_009896,6,0.0024,4.2448177275300414e-05,0,1562,3,1562,6,2,6,5,0.8333333333333334,0.4505612088663046,0.6500224216483541
R_009897,6,0.0024,4.053727249540193e-05,0,3102,1,1571,5,1,7,5,1.0,-0.0,0.0
R_009898,10,0.004,6.215864566095467e-05,0,1559,4,1559,8,1,1,8,1.0,-0.0,0.0
R_009899,8,0.0032,5.00522656661781e-05,0,1505,7,1505,5,1,4,5,1.0,-0.0,0.0
R_009900,7,0.0028,4.645594099757904e-05,0,1559,4,1559,6,1,1,6,1.0,-0.0,0.0
R_009901,7,0.0028,4.884441067915992e-05,0,1550,5,1550,8,1,0,8,1.0,-0.0,0.0
R_009902,6,0.0024,4.3192532783756995e-05,0,1628,0,1628,6,1,3,6,1.0,-0.0,0.0
R_009903,11,0.0044,6.47105469793462e-05,0,3102,1,1571,7,4,7,4,0.5714285714285714,1.1537419427010902,0.8322488896002307
R_009904,8,0.0032,5.352831710346536e-05,0,1628,0,1628,8,1,3,8,1.0,-0.0,0.0
R_009905,6,0.0024,4.144216866884514e-05,0,3102,6,1531,5,1,2,5,1.0,-0.0,0.0
R_009906,15,0.006,8.985997633420988e-05,0,1628,0,1628,7,1,3,7,1.0,-0.0,0.0
R_009907,10,0.004,6.24057479219316e-05,0,1559,4,1559,8,1,1,8,1.0,-0.0,0.0
R_009908,4,0.0016,3.431720982278174e-05,0,1565,2,1565,5,1,5,5,1.0,-0.0,0.0
R_009909,4,0.0016,3.1439809608676644e-05,0,3102,6,1531,6,1,2,6,1.0,-0.0,0.0
R_009910,9,0.0036,5.93159088659192e-05,0,1550,5,1550,7,1,0,7,1.0,-0.0,0.0
R_009911,0,0.0,1.2023710757614017e-05,1,1,35,1,6,1,3,6,1.0,-0.0,0.0
R_009912,11,0.0044,6.769078603588351e-05,0,1559,4,1559,6,1,1,6,1.0,-0.0,0.0
R_009913,12,0.0048,7.16316502438552e-05,0,1562,3,1562,7,2,6,6,0.8571428571428571,0.410116318288409,0.5916727785823274
R_009914,13,0.0052,7.376522835042208e-05,0,3102,1,1571,5,3,7,3,0.6,0.9502705392332348,0.8649735207179272
R_009915,15,0.006,8.787434213920176e-05,0,1562,3,1562,8,3,6,6,0.75,0.7356219397587946,0.6695919455357792
R_009916,14,0.0056,8.19807002223984e-05,0,1559,4,1559,8,1,1,8,1.0,-0.0,0.0
R_009917,11,0.0044,6.766787724952816e-05,0,1562,3,1562,7,2,6,6,0.8571428571428571,0.410116318288409,0.5916727785823274
R_009918,12,0.0048,7.734523048795653e-05,0,1565,2,1565,8,2,5,7,0.875,0.3767701612564367,0.5435644431995964
R_009919,5,0.002,3.770190821844618e-05,0,1562,3,1562,6,2,6,5,0.8333333333333334,0.4505612088663046,0.6500224216483541
R_009920,8,0.0032,5.389381244876795e-05,0,1550,5,1550,8,1,0,8,1.0,-0.0,0.0
R_009921,4,0.0016,3.1027653265693764e-05,0,1505,7,1505,5,1,4,5,1.0,-0.0,0.0
R_009922,7,0.0028,4.934036837102893e-05,0,1550,5,1550,6,1,0,6,1.0,-0.0,0.0
R_009923,3,0.0012,2.6593604845804123e-05,0,3102,1,1571,5,3,7,3,0.6,0.9502705392332348,0.8649735207179272
R_009924,10,0.004,6.449269587833657e-05,0,1550,5,1550,6,1,0,6,1.0,-0.0,0.0
R_009925,6,0.0024,4.385197692626924e-05,0,1550,5,1550,5,1,0,5,1.0,-0.0,0.0
R_009926,6,0.0024,4.056397091609552e-05,0,3102,1,1571,5,2,7,4,0.8,0.5004024235381879,0.7219280948873623
R_009927,8,0.0032,5.015994253168659e-05,0,1505,7,1505,6,1,4,6,1.0,-0.0,0.0
R_009928,27,0.0108,0.00015991111437498387,0,1565,2,1565,7,1,5,7,1.0,-0.0,0.0
R_009929,9,0.0036,5.95369681743567e-05,0,1550,5,1550,8,1,0,8,1.0,-0.0,0.0
R_009930,5,0.002,3.939718408887211e-05,0,1565,2,1565,5,1,5,5,1.0,-0.0,0.0
R_009931,9,0.0036,5.800629485244854e-05,0,1628,0,1628,5,1,3,5,1.0,-0.0,0.0
R_009932,25,0.01,0.00013615718200610954,0,1562,3,1562,8,2,6,7,0.875,0.3767701612564367,0.5435644431995964
R_009933,16,0.0064,8.741974831963004e-05,0,1505,7,1505,6,1,4,6,1.0,-0.0,0.0
R_009934,2,0.0008,2.1705757888889874e-05,0,3102,1,1571,5,3,2,2,0.4,1.0549201679861442,0.9602297178607612
R_009935,12,0.0048,7.334680253593659e-05,0,1628,0,1628,6,1,3,6,1.0,-0.0,0.0
R_009936,9,0.0036,5.581813005807609e-05,0,3102,6,1531,6,1,2,6,1.0,-0.0,0.0
R_009937,3,0.0012,2.7250530857682226e-05,0,3102,6,1531,5,1,2,5,1.0,-0.0,0.0
R_009938,10,0.004,6.189752242157052e-05,0,1559,4,1559,8,1,1,8,1.0,-0.0,0.0
R_009939,9,0.0036,6.093770762214862e-05,0,1565,2,1565,7,2,5,6,0.8571428571428571,0.410116318288409,0.5916727785823274
R_009940,4,0.0016,3.3411904562246486e-05,0,1550,5,1550,5,1,0,5,1.0,-0.0,0.0
R_009941,12,0.0048,6.849410578374492e-05,0,1505,7,1505,7,1,4,7,1.0,-0.0,0.0
R_009942,18,0.0072,9.766437310695183e-05,0,3102,6,1531,8,1,2,8,1.0,-0.0,0.0
R_009943,5,0.002,3.567305405233572e-05,0,3102,6,1531,6,1,2,6,1.0,-0.0,0.0
R_009944,5,0.002,3.956604160851167e-05,0,1565,2,1565,6,1,5,6,1.0,-0.0,0.0
R_009945,8,0.0032,5.4352884060511385e-05,0,1550,5,1550,6,1,0,6,1.0,-0.0,0.0
R_009946,5,0.002,3.80661983132972e-05,0,1628,0,1628,7,1,3,7,1.0,-0.0,0.0
R_009947,17,0.0068,9.336905594806932e-05,0,3102,1,1571,6,3,7,4,0.6666666666666666,0.8675632284814612,0.7896900821428474
R_009948,15,0.006,9.060803338486926e-05,0,1550,5,1550,8,1,0,8,1.0,-0.0,0.0
R_009949,9,0.0036,5.519249984347713e-05,0,3102,6,1531,7,1,2,7,1.0,-0.0,0.0
R_009950,0,0.0,1.2023710757614017e-05,1,1,36,1,5,1,5,5,1.0,-0.0,0.0
R_009951,11,0.0044,6.739982799154219e-05,0,1559,4,1559,7,1,1,7,1.0,-0.0,0.0
R_009952,5,0.002,3.613525455312888e-05,0,1505,7,1505,5,1,4,5,1.0,-0.0,0.0
R_009953,5,0.002,3.70992360186496e-05,0,1559,4,1559,6,1,1,6,1.0,-0.0,0.0
R_009954,13,0.0052,7.758648864089573e-05,0,1562,3,1562,6,3,6,4,0.6666666666666666,0.8675632284814612,0.7896900821428474
R_009955,4,0.0016,3.4777581215494017e-05,0,1565,2,1565,8,2,5,7,0.875,0.3767701612564367,0.5435644431995964
R_009956,3,0.0012,2.7763835818828928e-05,0,1550,5,1550,6,1,0,6,1.0,-0.0,0.0
R_009957,4,0.0016,3.1529857916007484e-05,0,3102,1,1571,6,2,7,5,0.8333333333333334,0.4505612088663046,0.6500224216483541
R_009958,4,0.0016,3.10206326294875e-05,0,1505,7,1505,6,1,4,6,1.0,-0.0,0.0
R_009959,2,0.0008,2.2721348931634266e-05,0,1550,5,1550,6,1,0,6,1.0,-0.0,0.0
R_009960,13,0.0052,7.408994583616398e-05,0,3102,6,1531,7,1,2,7,1.0,-0.0,0.0
R_009961,7,0.0028,4.823160425177202e-05,0,1559,4,1559,6,1,1,6,1.0,-0.0,0.0
R_009962,6,0.0024,4.1981223053612795e-05,0,1559,4,1559,7,1,1,7,1.0,-0.0,0.0
R_009963,5,0.002,3.753877174117616e-05,0,1559,4,1559,6,1,1,6,1.0,-0.0,0.0
R_009964,8,0.0032,5.107533888665543e-05,0,3102,6,1531,8,1,2,8,1.0,-0.0,0.0
R_009965,6,0.0024,4.4768562768168474e-05,0,1565,2,1565,6,2,5,5,0.8333333333333334,0.4505612088663046,0.6500224216483541
R_009966,8,0.0032,4.997944010195119e-05,0,3102,6,1531,5,1,2,5,1.0,-0.0,0.0
R_009967,7,0.0028,4.706751551324914e-05,0,1562,3,1562,6,3,6,4,0.6666666666666666,0.8675632284814612,0.7896900821428474
R_009968,14,0.0056,7.945156458441711e-05,0,3102,6,1531,8,1,2,8,1.0,-0.0,0.0
R_009969,4,0.0016,3.2319643666597724e-05,0,1628,0,1628,5,1,3,5,1.0,-0.0,0.0
R_009970,4,0.0016,3.282067979419631e-05,0,1628,0,1628,6,1,3,6,1.0,-0.0,0.0
R_009971,23,0.0092,0.0001252570595694527,0,1562,3,1562,7,3,6,5,0.7142857142857143,0.796311640173813,0.7248340915057598
R_009972,4,0.0016,3.256424009313535e-05,0,1562,3,1562,7,2,6,6,0.8571428571428571,0.410116318288409,0.5916727785823274
R_009973,8,0.0032,5.042121408710322e-05,0,3102,6,1531,7,1,2,7,1.0,-0.0,0.0
R_009974,7,0.0028,4.518009426136009e-05,0,1505,7,1505,8,1,4,8,1.0,-0.0,0.0
R_009975,6,0.0024,4.306010279451411e-05,0,1628,0,1628,6,1,3,6,1.0,-0.0,0.0
R_009976,6,0.0024,4.028135289576787e-05,0,1505,7,1505,7,1,4,7,1.0,-0.0,0.0
R_009977,6,0.0024,4.184722525599254e-05,0,1559,4,1559,6,1,1,6,1.0,-0.0,0.0
R_009978,4,0.0016,3.433375414431211e-05,0,1565,2,1565,6,1,5,6,1.0,-0.0,0.0
R_009979,6,0.0024,4.0509128098831165e-05,0,1505,7,1505,6,1,4,6,1.0,-0.0,0.0
R_009980,18,0.0072,0.0001063840691940416,0,1550,5,1550,8,1,0,8,1.0,-0.0,0.0
R_009981,5,0.002,3.8243787447249665e-05,0,1550,5,1550,5,1,0,5,1.0,-0.0,0.0
R_009982,7,0.0028,5.087726184040194e-05,0,1565,2,1565,6,2,5,5,0.8333333333333334,0.4505612088663046,0.6500224216483541
R_009983,2,0.0008,2.2447264102734403e-05,0,1559,4,1559,6,1,1,6,1.0,-0.0,0.0
R_009984,6,0.0024,4.1148632045301065e-05,0,3102,1,1571,6,3,7,4,0.6666666666666666,0.8675632284814612,0.7896900821428474
R_009985,10,0.004,6.23585695995624e-05,0,1559,4,1559,7,1,1,7,1.0,-0.0,0.0
R_009986,8,0.0032,5.33182327660297e-05,0,1628,0,1628,8,1,3,8,1.0,-0.0,0.0
R_009987,29,0.0116,0.00017032177797847065,0,1565,2,1565,7,2,5,6,0.8571428571428571,0.410116318288409,0.5916727785823274
R_009988,7,0.0028,5.050976383944352e-05,0,1565,2,1565,6,2,5,5,0.8333333333333334,0.4505612088663046,0.6500224216483541
R_009989,13,0.0052,7.211807821730593e-05,0,1505,7,1505,7,1,4,7,1.0,-0.0,0.0
R_009990,10,0.004,6.504237845256683e-05,0,1550,5,1550,5,1,0,5,1.0,-0.0,0.0
R_009991,5,0.002,3.780335548172025e-05,0,1628,0,1628,6,1,3,6,1.0,-0.0,0.0
R_009992,14,0.0056,8.273160194827477e-05,0,1559,4,1559,8,1,1,8,1.0,-0.0,0.0
R_009993,8,0.0032,4.936113522187168e-05,0,3102,1,1571,8,3,7,5,0.625,0.9002560512685369,0.8194483718728035
R_009994,4,0.0016,3.1418461584158316e-05,0,3102,1,1571,6,3,7,4,0.6666666666666666,0.8675632284814612,0.7896900821428474
R_009995,7,0.0028,4.477563797157704e-05,0,3102,1,1571,7,3,7,4,0.5714285714285714,0.9556998911125344,0.8699155297736259
R_009996,7,0.0028,4.475475596830222e-05,0,1505,7,1505,7,1,4,7,1.0,-0.0,0.0
R_009997,28,0.0112,0.00015256673721986743,0,1559,4,1559,8,1,1,8,1.0,-0.0,0.0
R_009998,6,0.0024,4.052733972940043e-05,0,1505,7,1505,5,1,4,5,1.0,-0.0,0.0
R_009999,5,0.002,3.629470381873704e-05,0,3102,6,1531,6,1,2,6,1.0,-0.0,0.0
