resume_id,seniority
R_000000,Senior
R_000001,Junior
R_000002,Mid
R_000003,Junior
R_000004,Junior
R_000005,Mid
R_000006,Junior
R_000007,Junior
R_000008,Junior
R_000009,Mid
R_000010,Senior
R_000011,Junior
R_000012,Mid
R_000013,Senior
R_000014,Senior
R_000015,Senior
R_000016,Senior
R_000017,Mid
R_000018,Junior
R_000019,Senior
R_000020,Junior
R_000021,Junior
R_000022,Junior
R_000023,Senior
R_000024,Senior
R_000025,Senior
R_000026,Mid
R_000027,Senior
R_000028,Senior
R_000029,Senior
R_000030,Junior
R_000031,Junior
R_000032,Senior
R_000033,Mid
R_000034,Junior
R_000035,Junior
R_000036,Mid
R_000037,Mid
R_000038,Senior
R_000039,Junior
R_000040,Junior
R_000041,Mid
R_000042,Mid
R_000043,Senior
R_000044,Junior
R_000045,Mid
R_000046,Senior
R_000047,Junior
R_000048,Junior
R_000049,Senior
R_000050,Junior
R_000051,Senior
R_000052,Junior
R_000053,Mid
R_000054,Mid
R_000055,Mid
R_000056,Junior
R_000057,Senior
R_000058,Senior
R_000059,Junior
R_000060,Senior
R_000061,Mid
R_000062,Senior
R_000063,Senior
R_000064,Senior
R_000065,Junior
R_000066,Senior
R_000067,Mid
R_000068,Junior
R_000069,Mid
R_000070,Junior
R_000071,Junior
R_000072,Mid
R_000073,Mid
R_000074,Mid
R_000075,Mid
R_000076,Mid
R_000077,Mid
R_000078,Mid
R_000079,Mid
R_000080,Senior
R_000081,Junior
R_000082,Mid
R_000083,Senior
R_000084,Senior
R_000085,Mid
R_000086,Mid
R_000087,Senior
R_000088,Mid
R_000089,Junior
R_000090,Senior
R_000091,Mid
R_000092,Junior
R_000093,Junior
R_000094,Mid
R_000095,Junior
R_000096,Senior
R_000097,Senior
R_000098,Senior
R_000099,Mid
R_000100,Mid
R_000101,Junior
R_000102,Senior
R_000103,Senior
R_000104,Junior
R_000105,Senior
R_000106,Junior
R_000107,Junior
R_000108,Junior
R_000109,Senior
R_000110,Senior
R_000111,Mid
R_000112,Senior
R_000113,Mid
R_000114,Senior
R_000115,Mid
R_000116,Junior
R_000117,Senior
R_000118,Senior
R_000119,Junior
R_000120,Senior
R_000121,Mid
R_000122,Mid
R_000123,Senior
R_000124,Mid
R_000125,Senior
R_000126,Mid
R_000127,Junior
R_000128,Mid
R_000129,Mid
R_000130,Junior
R_000131,Junior
R_000132,Junior
R_000133,Junior
R_000134,Junior
R_000135,Mid
R_000136,Junior
R_000137,Mid
R_000138,Mid
R_000139,Junior
R_000140,Senior
R_000141,Mid
R_000142,Mid
R_000143,Mid
R_000144,Mid
R_000145,Mid
R_000146,Mid
R_000147,Senior
R_000148,Senior
R_000149,Mid
R_000150,Senior
R_000151,Junior
R_000152,Senior
R_000153,Junior
R_000154,Senior
R_000155,Senior
R_000156,Senior
R_000157,Junior
R_000158,Senior
R_000159,Mid
R_000160,Senior
R_000161,Senior
R_000162,Senior
R_000163,Senior
R_000164,Mid
R_000165,Senior
R_000166,Mid
R_000167,Junior
R_000168,Junior
R_000169,Mid
R_000170,Senior
R_000171,Junior
R_000172,Mid
R_000173,Senior
R_000174,Senior
R_000175,Senior
R_000176,Mid
R_000177,Junior
R_000178,Mid
R_000179,Mid
R_000180,Senior
R_000181,Mid
R_000182,Mid
R_000183,Senior
R_000184,Mid
R_000185,Junior
R_000186,Junior
R_000187,Senior
R_000188,Junior
R_000189,Junior
R_000190,Senior
R_000191,Senior
R_000192,Senior
R_000193,Senior
R_000194,Senior
R_000195,Senior
R_000196,Senior
R_000197,Junior
R_000198,Junior
R_000199,Mid
R_000200,Senior
R_000201,Mid
R_000202,Senior
R_000203,Senior
R_000204,Mid
R_000205,Junior
R_000206,Mid
R_000207,Junior
R_000208,Junior
R_000209,Junior
R_000210,Junior
R_000211,Senior
R_000212,Junior
R_000213,Mid
R_000214,Mid
R_000215,Mid
R_000216,Mid
R_000217,Mid
R_000218,Mid
R_000219,Junior
R_000220,Junior
R_000221,Junior
R_000222,Senior
R_000223,Senior
R_000224,Senior
R_000225,Senior
R_000226,Senior
R_000227,Junior
R_000228,Senior
R_000229,Mid
R_000230,Mid
R_000231,Junior
R_000232,Senior
R_000233,Mid
R_000234,Senior
R_000235,Mid
R_000236,Senior
R_000237,Mid
R_000238,Junior
R_000239,Senior
R_000240,Junior
R_000241,Junior
R_000242,Senior
R_000243,Mid
R_000244,Mid
R_000245,Junior
R_000246,Mid
R_000247,Mid
R_000248,Senior
R_000249,Senior
R_000250,Senior
R_000251,Junior
R_000252,Mid
R_000253,Senior
R_000254,Junior
R_000255,Senior
R_000256,Junior
R_000257,Junior
R_000258,Mid
R_000259,Mid
R_000260,Senior
R_000261,Senior
R_000262,Junior
R_000263,Senior
R_000264,Mid
R_000265,Senior
R_000266,Senior
R_000267,Mid
R_000268,Senior
R_000269,Mid
R_000270,Senior
R_000271,Junior
R_000272,Junior
R_000273,Senior
R_000274,Senior
R_000275,Mid
R_000276,Junior
R_000277,Junior
R_000278,Junior
R_000279,Senior
R_000280,Junior
R_000281,Mid
R_000282,Mid
R_000283,Senior
R_000284,Mid
R_000285,Junior
R_000286,Junior
R_000287,Junior
R_000288,Mid
R_000289,Senior
R_000290,Junior
R_000291,Mid
R_000292,Junior
R_000293,Mid
R_000294,Mid
R_000295,Mid
R_000296,Senior
R_000297,Senior
R_000298,Senior
R_000299,Junior
R_000300,Mid
R_000301,Junior
R_000302,Mid
R_000303,Junior
R_000304,Senior
R_000305,Junior
R_000306,Mid
R_000307,Junior
R_000308,Mid
R_000309,Mid
R_000310,Mid
R_000311,Junior
R_000312,Senior
R_000313,Junior
R_000314,Senior
R_000315,Senior
R_000316,Senior
R_000317,Mid
R_000318,Junior
R_000319,Senior
R_000320,Junior
R_000321,Junior
R_000322,Mid
R_000323,Junior
R_000324,Junior
R_000325,Junior
R_000326,Senior
R_000327,Mid
R_000328,Senior
R_000329,Junior
R_000330,Mid
R_000331,Junior
R_000332,Mid
R_000333,Junior
R_000334,Junior
R_000335,Senior
R_000336,Mid
R_000337,Senior
R_000338,Mid
R_000339,Senior
R_000340,Senior
R_000341,Mid
R_000342,Senior
R_000343,Senior
R_000344,Mid
R_000345,Mid
R_000346,Junior
R_000347,Senior
R_000348,Junior
R_000349,Senior
R_000350,Junior
R_000351,Junior
R_000352,Mid
R_000353,Senior
R_000354,Junior
R_000355,Mid
R_000356,Mid
R_000357,Mid
R_000358,Senior
R_000359,Senior
R_000360,Junior
R_000361,Senior
R_000362,Junior
R_000363,Senior
R_000364,Mid
R_000365,Mid
R_000366,Junior
R_000367,Junior
R_000368,Senior
R_000369,Junior
R_000370,Junior
R_000371,Senior
R_000372,Senior
R_000373,Mid
R_000374,Mid
R_000375,Junior
R_000376,Junior
R_000377,Mid
R_000378,Senior
R_000379,Mid
R_000380,Senior
R_000381,Junior
R_000382,Junior
R_000383,Senior
R_000384,Junior
R_000385,Senior
R_000386,Junior
R_000387,Senior
R_000388,Senior
R_000389,Senior
R_000390,Junior
R_000391,Mid
R_000392,Senior
R_000393,Mid
R_000394,Junior
R_000395,Mid
R_000396,Mid
R_000397,Senior
R_000398,Senior
R_000399,Mid
R_000400,Mid
R_000401,Senior
R_000402,Senior
R_000403,Mid
R_000404,Mid
R_000405,Mid
R_000406,Junior
R_000407,Mid
R_000408,Junior
R_000409,Senior
R_000410,Junior
R_000411,Junior
R_000412,Senior
R_000413,Junior
R_000414,Junior
R_000415,Junior
R_000416,Junior
R_000417,Mid
R_000418,Senior
R_000419,Junior
R_000420,Junior
R_000421,Senior
R_000422,Junior
R_000423,Mid
R_000424,Junior
R_000425,Mid
R_000426,Mid
R_000427,Mid
R_000428,Junior
R_000429,Senior
R_000430,Mid
R_000431,Junior
R_000432,Junior
R_000433,Junior
R_000434,Junior
R_000435,Junior
R_000436,Senior
R_000437,Mid
R_000438,Mid
R_000439,Senior
R_000440,Senior
R_000441,Mid
R_000442,Senior
R_000443,Senior
R_000444,Junior
R_000445,Junior
R_000446,Senior
R_000447,Mid
R_000448,Junior
R_000449,Mid
R_000450,Junior
R_000451,Junior
R_000452,Mid
R_000453,Mid
R_000454,Mid
R_000455,Junior
R_000456,Junior
R_000457,Junior
R_000458,Senior
R_000459,Senior
R_000460,Junior
R_000461,Mid
R_000462,Junior
R_000463,Junior
R_000464,Mid
R_000465,Junior
R_000466,Senior
R_000467,Senior
R_000468,Mid
R_000469,Junior
R_000470,Senior
R_000471,Senior
R_000472,Mid
R_000473,Mid
R_000474,Senior
R_000475,Mid
R_000476,Junior
R_000477,Mid
R_000478,Junior
R_000479,Junior
R_000480,Senior
R_000481,Mid
R_000482,Junior
R_000483,Mid
R_000484,Junior
R_000485,Senior
R_000486,Mid
R_000487,Junior
R_000488,Senior
R_000489,Mid
R_000490,Senior
R_000491,Junior
R_000492,Senior
R_000493,Junior
R_000494,Mid
R_000495,Junior
R_000496,Mid
R_000497,Senior
R_000498,Senior
R_000499,Junior
R_000500,Mid
R_000501,Mid
R_000502,Senior
R_000503,Mid
R_000504,Junior
R_000505,Senior
R_000506,Mid
R_000507,Senior
R_000508,Senior
R_000509,Junior
R_000510,Mid
R_000511,Junior
R_000512,Mid
R_000513,Senior
R_000514,Senior
R_000515,Mid
R_000516,Junior
R_000517,Senior
R_000518,Senior
R_000519,Junior
R_000520,Junior
R_000521,Junior
R_000522,Mid
R_000523,Senior
R_000524,Senior
R_000525,Senior
R_000526,Senior
R_000527,Junior
R_000528,Junior
R_000529,Senior
R_000530,Mid
R_000531,Junior
R_000532,Mid
R_000533,Senior
R_000534,Mid
R_000535,Mid
R_000536,Junior
R_000537,Junior
R_000538,Senior
R_000539,Junior
R_000540,Junior
R_000541,Senior
R_000542,Senior
R_000543,Junior
R_000544,Junior
R_000545,Junior
R_000546,Mid
R_000547,Mid
R_000548,Mid
R_000549,Mid
R_000550,Junior
R_000551,Senior
R_000552,Senior
R_000553,Mid
R_000554,Junior
R_000555,Junior
R_000556,Mid
R_000557,Junior
R_000558,Mid
R_000559,Mid
R_000560,Junior
R_000561,Junior
R_000562,Senior
R_000563,Senior
R_000564,Junior
R_000565,Mid
R_000566,Junior
R_000567,Junior
R_000568,Mid
R_000569,Mid
R_000570,Mid
R_000571,Mid
R_000572,Mid
R_000573,Senior
R_000574,Senior
R_000575,Mid
R_000576,Mid
R_000577,Mid
R_000578,Junior
R_000579,Senior
R_000580,Junior
R_000581,Junior
R_000582,Mid
R_000583,Junior
R_000584,Mid
R_000585,Senior
R_000586,Senior
R_000587,Senior
R_000588,Mid
R_000589,Junior
R_000590,Senior
R_000591,Senior
R_000592,Junior
R_000593,Mid
R_000594,Senior
R_000595,Junior
R_000596,Mid
R_000597,Senior
R_000598,Mid
R_000599,Mid
R_000600,Senior
R_000601,Senior
R_000602,Senior
R_000603,Mid
R_000604,Mid
R_000605,Senior
R_000606,Mid
R_000607,Mid
R_000608,Mid
R_000609,Junior
R_000610,Senior
R_000611,Mid
R_000612,Junior
R_000613,Senior
R_000614,Junior
R_000615,Senior
R_000616,Mid
R_000617,Mid
R_000618,Junior
R_000619,Senior
R_000620,Mid
R_000621,Senior
R_000622,Junior
R_000623,Mid
R_000624,Mid
R_000625,Junior
R_000626,Junior
R_000627,Mid
R_000628,Mid
R_000629,Senior
R_000630,Senior
R_000631,Mid
R_000632,Senior
R_000633,Senior
R_000634,Senior
R_000635,Senior
R_000636,Senior
R_000637,Mid
R_000638,Senior
R_000639,Mid
R_000640,Mid
R_000641,Senior
R_000642,Junior
R_000643,Mid
R_000644,Mid
R_000645,Senior
R_000646,Senior
R_000647,Mid
R_000648,Senior
R_000649,Mid
R_000650,Senior
R_000651,Mid
R_000652,Mid
R_000653,Senior
R_000654,Mid
R_000655,Mid
R_000656,Mid
R_000657,Mid
R_000658,Mid
R_000659,Senior
R_000660,Junior
R_000661,Senior
R_000662,Senior
R_000663,Mid
R_000664,Senior
R_000665,Senior
R_000666,Mid
R_000667,Junior
R_000668,Junior
R_000669,Mid
R_000670,Mid
R_000671,Senior
R_000672,Mid
R_000673,Senior
R_000674,Senior
R_000675,Mid
R_000676,Junior
R_000677,Junior
R_000678,Junior
R_000679,Junior
R_000680,Junior
R_000681,Mid
R_000682,Junior
R_000683,Mid
R_000684,Junior
R_000685,Junior
R_000686,Mid
R_000687,Mid
R_000688,Junior
R_000689,Senior
R_000690,Mid
R_000691,Junior
R_000692,Junior
R_000693,Junior
R_000694,Junior
R_000695,Junior
R_000696,Junior
R_000697,Senior
R_000698,Senior
R_000699,Mid
R_000700,Mid
R_000701,Senior
R_000702,Junior
R_000703,Junior
R_000704,Mid
R_000705,Junior
R_000706,Mid
R_000707,Junior
R_000708,Senior
R_000709,Junior
R_000710,Senior
R_000711,Junior
R_000712,Mid
R_000713,Senior
R_000714,Junior
R_000715,Senior
R_000716,Junior
R_000717,Senior
R_000718,Senior
R_000719,Junior
R_000720,Senior
R_000721,Mid
R_000722,Senior
R_000723,Junior
R_000724,Junior
R_000725,Junior
R_000726,Mid
R_000727,Mid
R_000728,Senior
R_000729,Mid
R_000730,Senior
R_000731,Mid
R_000732,Mid
R_000733,Senior
R_000734,Senior
R_000735,Junior
R_000736,Junior
R_000737,Senior
R_000738,Junior
R_000739,Mid
R_000740,Mid
R_000741,Senior
R_000742,Mid
R_000743,Mid
R_000744,Mid
R_000745,Senior
R_000746,Mid
R_000747,Mid
R_000748,Junior
R_000749,Mid
R_000750,Senior
R_000751,Junior
R_000752,Junior
R_000753,Mid
R_000754,Mid
R_000755,Mid
R_000756,Junior
R_000757,Senior
R_000758,Junior
R_000759,Senior
R_000760,Senior
R_000761,Mid
R_000762,Mid
R_000763,Junior
R_000764,Mid
R_000765,Junior
R_000766,Mid
R_000767,Senior
R_000768,Senior
R_000769,Senior
R_000770,Junior
R_000771,Junior
R_000772,Senior
R_000773,Mid
R_000774,Junior
R_000775,Junior
R_000776,Mid
R_000777,Senior
R_000778,Senior
R_000779,Mid
R_000780,Junior
R_000781,Junior
R_000782,Mid
R_000783,Senior
R_000784,Mid
R_000785,Senior
R_000786,Junior
R_000787,Mid
R_000788,Mid
R_000789,Junior
R_000790,Junior
R_000791,Junior
R_000792,Mid
R_000793,Senior
R_000794,Junior
R_000795,Junior
R_000796,Mid
R_000797,Junior
R_000798,Mid
R_000799,Senior
R_000800,Mid
R_000801,Senior
R_000802,Mid
R_000803,Senior
R_000804,Senior
R_000805,Junior
R_000806,Mid
R_000807,Mid
R_000808,Senior
R_000809,Mid
R_000810,Junior
R_000811,Junior
R_000812,Mid
R_000813,Senior
R_000814,Junior
R_000815,Junior
R_000816,Senior
R_000817,Senior
R_000818,Senior
R_000819,Senior
R_000820,Junior
R_000821,Junior
R_000822,Mid
R_000823,Mid
R_000824,Mid
R_000825,Junior
R_000826,Junior
R_000827,Senior
R_000828,Mid
R_000829,Junior
R_000830,Mid
R_000831,Mid
R_000832,Junior
R_000833,Senior
R_000834,Junior
R_000835,Junior
R_000836,Senior
R_000837,Senior
R_000838,Junior
R_000839,Senior
R_000840,Junior
R_000841,Senior
R_000842,Junior
R_000843,Mid
R_000844,Junior
R_000845,Junior
R_000846,Junior
R_000847,Mid
R_000848,Mid
R_000849,Senior
R_000850,Senior
R_000851,Senior
R_000852,Junior
R_000853,Junior
R_000854,Senior
R_000855,Junior
R_000856,Senior
R_000857,Senior
R_000858,Mid
R_000859,Junior
R_000860,Junior
R_000861,Senior
R_000862,Senior
R_000863,Junior
R_000864,Mid
R_000865,Junior
R_000866,Senior
R_000867,Junior
R_000868,Mid
R_000869,Senior
R_000870,Junior
R_000871,Senior
R_000872,Junior
R_000873,Mid
R_000874,Junior
R_000875,Mid
R_000876,Junior
R_000877,Mid
R_000878,Senior
R_000879,Mid
R_000880,Junior
R_000881,Mid
R_000882,Mid
R_000883,Senior
R_000884,Mid
R_000885,Senior
R_000886,Junior
R_000887,Junior
R_000888,Senior
R_000889,Mid
R_000890,Senior
R_000891,Mid
R_000892,Senior
R_000893,Junior
R_000894,Junior
R_000895,Senior
R_000896,Mid
R_000897,Senior
R_000898,Senior
R_000899,Junior
R_000900,Junior
R_000901,Senior
R_000902,Junior
R_000903,Mid
R_000904,Mid
R_000905,Junior
R_000906,Senior
R_000907,Junior
R_000908,Junior
R_000909,Junior
R_000910,Mid
R_000911,Mid
R_000912,Mid
R_000913,Senior
R_000914,Senior
R_000915,Mid
R_000916,Mid
R_000917,Mid
R_000918,Senior
R_000919,Junior
R_000920,Senior
R_000921,Senior
R_000922,Mid
R_000923,Mid
R_000924,Senior
R_000925,Mid
R_000926,Mid
R_000927,Mid
R_000928,Senior
R_000929,Mid
R_000930,Junior
R_000931,Mid
R_000932,Junior
R_000933,Senior
R_000934,Mid
R_000935,Junior
R_000936,Junior
R_000937,Junior
R_000938,Mid
R_000939,Senior
R_000940,Junior
R_000941,Senior
R_000942,Senior
R_000943,Mid
R_000944,Senior
R_000945,Mid
R_000946,Junior
R_000947,Junior
R_000948,Senior
R_000949,Junior
R_000950,Senior
R_000951,Senior
R_000952,Mid
R_000953,Mid
R_000954,Mid
R_000955,Mid
R_000956,Junior
R_000957,Junior
R_000958,Senior
R_000959,Mid
R_000960,Senior
R_000961,Senior
R_000962,Mid
R_000963,Mid
R_000964,Mid
R_000965,Mid
R_000966,Mid
R_000967,Junior
R_000968,Junior
R_000969,Junior
R_000970,Mid
R_000971,Senior
R_000972,Junior
R_000973,Mid
R_000974,Junior
R_000975,Senior
R_000976,Mid
R_000977,Mid
R_000978,Senior
R_000979,Junior
R_000980,Mid
R_000981,Mid
R_000982,Senior
R_000983,Senior
R_000984,Mid
R_000985,Junior
R_000986,Junior
R_000987,Mid
R_000988,Senior
R_000989,Senior
R_000990,Mid
R_000991,Senior
R_000992,Mid
R_000993,Mid
R_000994,Senior
R_000995,Mid
R_000996,Mid
R_000997,Senior
R_000998,Mid
R_000999,Mid
R_001000,Senior
R_001001,Mid
R_001002,Mid
R_001003,Mid
R_001004,Senior
R_001005,Junior
R_001006,Mid
R_001007,Junior
R_001008,Senior
R_001009,Senior
R_001010,Senior
R_001011,Senior
R_001012,Senior
R_001013,Mid
R_001014,Senior
R_001015,Mid
R_001016,Senior
R_001017,Senior
R_001018,Junior
R_001019,Mid
R_001020,Junior
R_001021,Junior
R_001022,Junior
R_001023,Mid
R_001024,Mid
R_001025,Mid
R_001026,Junior
R_001027,Mid
R_001028,Junior
R_001029,Mid
R_001030,Senior
R_001031,Mid
R_001032,Junior
R_001033,Mid
R_001034,Junior
R_001035,Mid
R_001036,Mid
R_001037,Mid
R_001038,Mid
R_001039,Mid
R_001040,Junior
R_001041,Senior
R_001042,Mid
R_001043,Mid
R_001044,Junior
R_001045,Mid
R_001046,Senior
R_001047,Junior
R_001048,Junior
R_001049,Senior
R_001050,Mid
R_001051,Senior
R_001052,Senior
R_001053,Junior
R_001054,Senior
R_001055,Mid
R_001056,Mid
R_001057,Senior
R_001058,Senior
R_001059,Senior
R_001060,Senior
R_001061,Junior
R_001062,Junior
R_001063,Senior
R_001064,Junior
R_001065,Junior
R_001066,Mid
R_001067,Mid
R_001068,Mid
R_001069,Senior
R_001070,Junior
R_001071,Senior
R_001072,Junior
R_001073,Junior
R_001074,Junior
R_001075,Junior
R_001076,Junior
R_001077,Senior
R_001078,Junior
R_001079,Senior
R_001080,Mid
R_001081,Mid
R_001082,Mid
R_001083,Junior
R_001084,Junior
R_001085,Junior
R_001086,Senior
R_001087,Junior
R_001088,Mid
R_001089,Junior
R_001090,Mid
R_001091,Mid
R_001092,Senior
R_001093,Mid
R_001094,Junior
R_001095,Mid
R_001096,Junior
R_001097,Junior
R_001098,Senior
R_001099,Junior
R_001100,Junior
R_001101,Mid
R_001102,Senior
R_001103,Mid
R_001104,Junior
R_001105,Senior
R_001106,Senior
R_001107,Junior
R_001108,Mid
R_001109,Mid
R_001110,Senior
R_001111,Senior
R_001112,Senior
R_001113,Senior
R_001114,Junior
R_001115,Senior
R_001116,Junior
R_001117,Junior
R_001118,Junior
R_001119,Mid
R_001120,Junior
R_001121,Senior
R_001122,Mid
R_001123,Junior
R_001124,Junior
R_001125,Senior
R_001126,Senior
R_001127,Junior
R_001128,Mid
R_001129,Mid
R_001130,Senior
R_001131,Junior
R_001132,Senior
R_001133,Mid
R_001134,Senior
R_001135,Mid
R_001136,Senior
R_001137,Junior
R_001138,Senior
R_001139,Senior
R_001140,Junior
R_001141,Junior
R_001142,Senior
R_001143,Senior
R_001144,Senior
R_001145,Junior
R_001146,Mid
R_001147,Senior
R_001148,Senior
R_001149,Senior
R_001150,Junior
R_001151,Junior
R_001152,Mid
R_001153,Junior
R_001154,Mid
R_001155,Junior
R_001156,Junior
R_001157,Senior
R_001158,Senior
R_001159,Mid
R_001160,Mid
R_001161,Mid
R_001162,Mid
R_001163,Junior
R_001164,Junior
R_001165,Mid
R_001166,Junior
R_001167,Junior
R_001168,Senior
R_001169,Mid
R_001170,Mid
R_001171,Mid
R_001172,Junior
R_001173,Mid
R_001174,Senior
R_001175,Senior
R_001176,Mid
R_001177,Junior
R_001178,Junior
R_001179,Mid
R_001180,Senior
R_001181,Senior
R_001182,Mid
R_001183,Mid
R_001184,Senior
R_001185,Mid
R_001186,Senior
R_001187,Junior
R_001188,Mid
R_001189,Junior
R_001190,Mid
R_001191,Senior
R_001192,Mid
R_001193,Junior
R_001194,Junior
R_001195,Mid
R_001196,Junior
R_001197,Mid
R_001198,Junior
R_001199,Senior
R_001200,Senior
R_001201,Mid
R_001202,Senior
R_001203,Junior
R_001204,Junior
R_001205,Mid
R_001206,Junior
R_001207,Senior
R_001208,Senior
R_001209,Junior
R_001210,Junior
R_001211,Junior
R_001212,Senior
R_001213,Mid
R_001214,Junior
R_001215,Junior
R_001216,Senior
R_001217,Senior
R_001218,Junior
R_001219,Mid
R_001220,Senior
R_001221,Senior
R_001222,Senior
R_001223,Mid
R_001224,Mid
R_001225,Senior
R_001226,Mid
R_001227,Mid
R_001228,Senior
R_001229,Senior
R_001230,Senior
R_001231,Mid
R_001232,Senior
R_001233,Mid
R_001234,Junior
R_001235,Mid
R_001236,Junior
R_001237,Senior
R_001238,Mid
R_001239,Junior
R_001240,Junior
R_001241,Senior
R_001242,Senior
R_001243,Mid
R_001244,Junior
R_001245,Mid
R_001246,Junior
R_001247,Mid
R_001248,Mid
R_001249,Mid
R_001250,Mid
R_001251,Junior
R_001252,Junior
R_001253,Junior
R_001254,Junior
R_001255,Senior
R_001256,Junior
R_001257,Mid
R_001258,Senior
R_001259,Mid
R_001260,Mid
R_001261,Junior
R_001262,Senior
R_001263,Junior
R_001264,Junior
R_001265,Mid
R_001266,Mid
R_001267,Junior
R_001268,Senior
R_001269,Mid
R_001270,Junior
R_001271,Junior
R_001272,Senior
R_001273,Junior
R_001274,Mid
R_001275,Junior
R_001276,Junior
R_001277,Senior
R_001278,Mid
R_001279,Senior
R_001280,Junior
R_001281,Mid
R_001282,Senior
R_001283,Mid
R_001284,Junior
R_001285,Junior
R_001286,Mid
R_001287,Junior
R_001288,Junior
R_001289,Junior
R_001290,Mid
R_001291,Mid
R_001292,Senior
R_001293,Mid
R_001294,Senior
R_001295,Junior
R_001296,Mid
R_001297,Junior
R_001298,Junior
R_001299,Senior
R_001300,Mid
R_001301,Senior
R_001302,Senior
R_001303,Mid
R_001304,Junior
R_001305,Mid
R_001306,Senior
R_001307,Mid
R_001308,Junior
R_001309,Senior
R_001310,Mid
R_001311,Mid
R_001312,Junior
R_001313,Senior
R_001314,Mid
R_001315,Junior
R_001316,Junior
R_001317,Junior
R_001318,Senior
R_001319,Junior
R_001320,Mid
R_001321,Senior
R_001322,Mid
R_001323,Mid
R_001324,Junior
R_001325,Senior
R_001326,Mid
R_001327,Mid
R_001328,Senior
R_001329,Senior
R_001330,Senior
R_001331,Mid
R_001332,Mid
R_001333,Senior
R_001334,Senior
R_001335,Mid
R_001336,Mid
R_001337,Mid
R_001338,Mid
R_001339,Junior
R_001340,Junior
R_001341,Mid
R_001342,Mid
R_001343,Senior
R_001344,Junior
R_001345,Mid
R_001346,Senior
R_001347,Junior
R_001348,Mid
R_001349,Senior
R_001350,Junior
R_001351,Senior
R_001352,Senior
R_001353,Mid
R_001354,Junior
R_001355,Junior
R_001356,Senior
R_001357,Mid
R_001358,Junior
R_001359,Junior
R_001360,Junior
R_001361,Senior
R_001362,Mid
R_001363,Junior
R_001364,Senior
R_001365,Junior
R_001366,Senior
R_001367,Junior
R_001368,Mid
R_001369,Junior
R_001370,Senior
R_001371,Junior
R_001372,Senior
R_001373,Mid
R_001374,Senior
R_001375,Mid
R_001376,Mid
R_001377,Mid
R_001378,Junior
R_001379,Junior
R_001380,Junior
R_001381,Mid
R_001382,Junior
R_001383,Senior
R_001384,Mid
R_001385,Mid
R_001386,Senior
R_001387,Junior
R_001388,Senior
R_001389,Senior
R_001390,Senior
R_001391,Mid
R_001392,Junior
R_001393,Senior
R_001394,Senior
R_001395,Junior
R_001396,Junior
R_001397,Mid
R_001398,Mid
R_001399,Junior
R_001400,Mid
R_001401,Senior
R_001402,Mid
R_001403,Mid
R_001404,Senior
R_001405,Mid
R_001406,Mid
R_001407,Mid
R_001408,Senior
R_001409,Junior
R_001410,Mid
R_001411,Senior
R_001412,Senior
R_001413,Senior
R_001414,Junior
R_001415,Mid
R_001416,Mid
R_001417,Senior
R_001418,Junior
R_001419,Mid
R_001420,Mid
R_001421,Junior
R_001422,Senior
R_001423,Mid
R_001424,Senior
R_001425,Senior
R_001426,Junior
R_001427,Mid
R_001428,Junior
R_001429,Junior
R_001430,Junior
R_001431,Mid
R_001432,Senior
R_001433,Senior
R_001434,Junior
R_001435,Mid
R_001436,Senior
R_001437,Senior
R_001438,Senior
R_001439,Senior
R_001440,Mid
R_001441,Mid
R_001442,Junior
R_001443,Junior
R_001444,Junior
R_001445,Senior
R_001446,Junior
R_001447,Junior
R_001448,Mid
R_001449,Senior
R_001450,Senior
R_001451,Mid
R_001452,Mid
R_001453,Junior
R_001454,Junior
R_001455,Senior
R_001456,Mid
R_001457,Senior
R_001458,Senior
R_001459,Mid
R_001460,Senior
R_001461,Senior
R_001462,Junior
R_001463,Junior
R_001464,Junior
R_001465,Junior
R_001466,Senior
R_001467,Senior
R_001468,Junior
R_001469,Senior
R_001470,Mid
R_001471,Senior
R_001472,Junior
R_001473,Mid
R_001474,Senior
R_001475,Mid
R_001476,Junior
R_001477,Mid
R_001478,Mid
R_001479,Senior
R_001480,Senior
R_001481,Junior
R_001482,Mid
R_001483,Senior
R_001484,Junior
R_001485,Mid
R_001486,Junior
R_001487,Junior
R_001488,Mid
R_001489,Mid
R_001490,Junior
R_001491,Junior
R_001492,Mid
R_001493,Junior
R_001494,Senior
R_001495,Mid
R_001496,Senior
R_001497,Senior
R_001498,Senior
R_001499,Senior
R_001500,Junior
R_001501,Mid
R_001502,Junior
R_001503,Mid
R_001504,Mid
R_001505,Mid
R_001506,Senior
R_001507,Junior
R_001508,Senior
R_001509,Senior
R_001510,Junior
R_001511,Senior
R_001512,Mid
R_001513,Senior
R_001514,Senior
R_001515,Mid
R_001516,Junior
R_001517,Junior
R_001518,Mid
R_001519,Mid
R_001520,Junior
R_001521,Junior
R_001522,Mid
R_001523,Senior
R_001524,Senior
R_001525,Senior
R_001526,Senior
R_001527,Senior
R_001528,Mid
R_001529,Senior
R_001530,Mid
R_001531,Mid
R_001532,Mid
R_001533,Mid
R_001534,Mid
R_001535,Mid
R_001536,Mid
R_001537,Junior
R_001538,Mid
R_001539,Mid
R_001540,Mid
R_001541,Junior
R_001542,Junior
R_001543,Mid
R_001544,Junior
R_001545,Junior
R_001546,Mid
R_001547,Junior
R_001548,Mid
R_001549,Junior
R_001550,Senior
R_001551,Junior
R_001552,Junior
R_001553,Mid
R_001554,Mid
R_001555,Senior
R_001556,Mid
R_001557,Junior
R_001558,Senior
R_001559,Junior
R_001560,Senior
R_001561,Mid
R_001562,Mid
R_001563,Junior
R_001564,Mid
R_001565,Senior
R_001566,Senior
R_001567,Mid
R_001568,Mid
R_001569,Mid
R_001570,Senior
R_001571,Junior
R_001572,Junior
R_001573,Mid
R_001574,Junior
R_001575,Senior
R_001576,Senior
R_001577,Senior
R_001578,Mid
R_001579,Senior
R_001580,Junior
R_001581,Junior
R_001582,Senior
R_001583,Junior
R_001584,Mid
R_001585,Senior
R_001586,Mid
R_001587,Junior
R_001588,Junior
R_001589,Senior
R_001590,Mid
R_001591,Senior
R_001592,Mid
R_001593,Junior
R_001594,Senior
R_001595,Senior
R_001596,Junior
R_001597,Junior
R_001598,Mid
R_001599,Senior
R_001600,Junior
R_001601,Senior
R_001602,Mid
R_001603,Senior
R_001604,Mid
R_001605,Junior
R_001606,Mid
R_001607,Junior
R_001608,Mid
R_001609,Mid
R_001610,Mid
R_001611,Junior
R_001612,Mid
R_001613,Mid
R_001614,Junior
R_001615,Senior
R_001616,Senior
R_001617,Mid
R_001618,Junior
R_001619,Junior
R_001620,Senior
R_001621,Junior
R_001622,Mid
R_001623,Senior
R_001624,Senior
R_001625,Senior
R_001626,Junior
R_001627,Senior
R_001628,Junior
R_001629,Senior
R_001630,Senior
R_001631,Mid
R_001632,Junior
R_001633,Junior
R_001634,Mid
R_001635,Senior
R_001636,Junior
R_001637,Junior
R_001638,Senior
R_001639,Senior
R_001640,Mid
R_001641,Senior
R_001642,Mid
R_001643,Senior
R_001644,Mid
R_001645,Mid
R_001646,Junior
R_001647,Mid
R_001648,Junior
R_001649,Senior
R_001650,Mid
R_001651,Senior
R_001652,Senior
R_001653,Junior
R_001654,Mid
R_001655,Mid
R_001656,Junior
R_001657,Mid
R_001658,Mid
R_001659,Senior
R_001660,Mid
R_001661,Mid
R_001662,Mid
R_001663,Junior
R_001664,Senior
R_001665,Junior
R_001666,Mid
R_001667,Junior
R_001668,Junior
R_001669,Mid
R_001670,Junior
R_001671,Junior
R_001672,Senior
R_001673,Junior
R_001674,Mid
R_001675,Senior
R_001676,Mid
R_001677,Mid
R_001678,Junior
R_001679,Junior
R_001680,Senior
R_001681,Mid
R_001682,Senior
R_001683,Senior
R_001684,Senior
R_001685,Mid
R_001686,Mid
R_001687,Mid
R_001688,Mid
R_001689,Senior
R_001690,Junior
R_001691,Senior
R_001692,Senior
R_001693,Mid
R_001694,Senior
R_001695,Junior
R_001696,Junior
R_001697,Mid
R_001698,Junior
R_001699,Junior
R_001700,Mid
R_001701,Mid
R_001702,Mid
R_001703,Senior
R_001704,Senior
R_001705,Mid
R_001706,Junior
R_001707,Junior
R_001708,Senior
R_001709,Senior
R_001710,Mid
R_001711,Senior
R_001712,Mid
R_001713,Senior
R_001714,Mid
R_001715,Senior
R_001716,Senior
R_001717,Mid
R_001718,Junior
R_001719,Mid
R_001720,Junior
R_001721,Mid
R_001722,Mid
R_001723,Mid
R_001724,Junior
R_001725,Junior
R_001726,Junior
R_001727,Mid
R_001728,Senior
R_001729,Mid
R_001730,Junior
R_001731,Junior
R_001732,Senior
R_001733,Junior
R_001734,Senior
R_001735,Mid
R_001736,Mid
R_001737,Senior
R_001738,Junior
R_001739,Junior
R_001740,Junior
R_001741,Junior
R_001742,Mid
R_001743,Senior
R_001744,Mid
R_001745,Senior
R_001746,Junior
R_001747,Mid
R_001748,Mid
R_001749,Mid
R_001750,Junior
R_001751,Senior
R_001752,Junior
R_001753,Senior
R_001754,Mid
R_001755,Senior
R_001756,Mid
R_001757,Mid
R_001758,Senior
R_001759,Junior
R_001760,Mid
R_001761,Senior
R_001762,Junior
R_001763,Junior
R_001764,Mid
R_001765,Junior
R_001766,Senior
R_001767,Junior
R_001768,Senior
R_001769,Senior
R_001770,Mid
R_001771,Mid
R_001772,Junior
R_001773,Senior
R_001774,Junior
R_001775,Junior
R_001776,Junior
R_001777,Senior
R_001778,Junior
R_001779,Mid
R_001780,Mid
R_001781,Junior
R_001782,Mid
R_001783,Junior
R_001784,Mid
R_001785,Junior
R_001786,Junior
R_001787,Senior
R_001788,Mid
R_001789,Senior
R_001790,Junior
R_001791,Senior
R_001792,Mid
R_001793,Junior
R_001794,Senior
R_001795,Mid
R_001796,Senior
R_001797,Senior
R_001798,Mid
R_001799,Junior
R_001800,Junior
R_001801,Mid
R_001802,Mid
R_001803,Junior
R_001804,Junior
R_001805,Junior
R_001806,Junior
R_001807,Senior
R_001808,Senior
R_001809,Senior
R_001810,Mid
R_001811,Mid
R_001812,Mid
R_001813,Junior
R_001814,Mid
R_001815,Junior
R_001816,Mid
R_001817,Mid
R_001818,Mid
R_001819,Junior
R_001820,Senior
R_001821,Senior
R_001822,Junior
R_001823,Senior
R_001824,Junior
R_001825,Junior
R_001826,Junior
R_001827,Senior
R_001828,Mid
R_001829,Senior
R_001830,Mid
R_001831,Junior
R_001832,Junior
R_001833,Junior
R_001834,Senior
R_001835,Mid
R_001836,Junior
R_001837,Mid
R_001838,Mid
R_001839,Senior
R_001840,Mid
R_001841,Senior
R_001842,Junior
R_001843,Junior
R_001844,Senior
R_001845,Senior
R_001846,Mid
R_001847,Mid
R_001848,Senior
R_001849,Senior
R_001850,Junior
R_001851,Senior
R_001852,Mid
R_001853,Junior
R_001854,Senior
R_001855,Senior
R_001856,Junior
R_001857,Junior
R_001858,Mid
R_001859,Junior
R_001860,Junior
R_001861,Senior
R_001862,Mid
R_001863,Senior
R_001864,Junior
R_001865,Junior
R_001866,Senior
R_001867,Mid
R_001868,Junior
R_001869,Mid
R_001870,Senior
R_001871,Junior
R_001872,Junior
R_001873,Mid
R_001874,Junior
R_001875,Mid
R_001876,Senior
R_001877,Senior
R_001878,Junior
R_001879,Junior
R_001880,Senior
R_001881,Junior
R_001882,Junior
R_001883,Senior
R_001884,Junior
R_001885,Mid
R_001886,Junior
R_001887,Junior
R_001888,Mid
R_001889,Mid
R_001890,Junior
R_001891,Mid
R_001892,Junior
R_001893,Senior
R_001894,Mid
R_001895,Junior
R_001896,Senior
R_001897,Senior
R_001898,Mid
R_001899,Junior
R_001900,Senior
R_001901,Senior
R_001902,Senior
R_001903,Senior
R_001904,Mid
R_001905,Mid
R_001906,Junior
R_001907,Mid
R_001908,Mid
R_001909,Mid
R_001910,Junior
R_001911,Senior
R_001912,Junior
R_001913,Senior
R_001914,Junior
R_001915,Senior
R_001916,Mid
R_001917,Junior
R_001918,Senior
R_001919,Senior
R_001920,Mid
R_001921,Mid
R_001922,Mid
R_001923,Senior
R_001924,Senior
R_001925,Junior
R_001926,Junior
R_001927,Senior
R_001928,Junior
R_001929,Junior
R_001930,Junior
R_001931,Junior
R_001932,Junior
R_001933,Junior
R_001934,Mid
R_001935,Mid
R_001936,Junior
R_001937,Senior
R_001938,Senior
R_001939,Mid
R_001940,Senior
R_001941,Mid
R_001942,Mid
R_001943,Junior
R_001944,Senior
R_001945,Junior
R_001946,Senior
R_001947,Junior
R_001948,Mid
R_001949,Mid
R_001950,Mid
R_001951,Junior
R_001952,Junior
R_001953,Junior
R_001954,Mid
R_001955,Mid
R_001956,Junior
R_001957,Mid
R_001958,Mid
R_001959,Senior
R_001960,Senior
R_001961,Senior
R_001962,Junior
R_001963,Mid
R_001964,Senior
R_001965,Junior
R_001966,Junior
R_001967,Senior
R_001968,Senior
R_001969,Junior
R_001970,Junior
R_001971,Mid
R_001972,Senior
R_001973,Mid
R_001974,Mid
R_001975,Junior
R_001976,Senior
R_001977,Senior
R_001978,Mid
R_001979,Junior
R_001980,Senior
R_001981,Junior
R_001982,Junior
R_001983,Junior
R_001984,Mid
R_001985,Junior
R_001986,Senior
R_001987,Mid
R_001988,Junior
R_001989,Junior
R_001990,Mid
R_001991,Junior
R_001992,Mid
R_001993,Junior
R_001994,Senior
R_001995,Senior
R_001996,Mid
R_001997,Mid
R_001998,Mid
R_001999,Senior
R_002000,Senior
R_002001,Junior
R_002002,Senior
R_002003,Junior
R_002004,Mid
R_002005,Mid
R_002006,Junior
R_002007,Mid
R_002008,Junior
R_002009,Senior
R_002010,Senior
R_002011,Mid
R_002012,Mid
R_002013,Mid
R_002014,Senior
R_002015,Junior
R_002016,Mid
R_002017,Mid
R_002018,Mid
R_002019,Senior
R_002020,Senior
R_002021,Senior
R_002022,Mid
R_002023,Senior
R_002024,Mid
R_002025,Junior
R_002026,Senior
R_002027,Senior
R_002028,Junior
R_002029,Junior
R_002030,Junior
R_002031,Senior
R_002032,Mid
R_002033,Senior
R_002034,Junior
R_002035,Senior
R_002036,Mid
R_002037,Junior
R_002038,Mid
R_002039,Senior
R_002040,Senior
R_002041,Senior
R_002042,Senior
R_002043,Mid
R_002044,Mid
R_002045,Junior
R_002046,Senior
R_002047,Junior
R_002048,Mid
R_002049,Mid
R_002050,Senior
R_002051,Mid
R_002052,Senior
R_002053,Mid
R_002054,Junior
R_002055,Junior
R_002056,Senior
R_002057,Mid
R_002058,Mid
R_002059,Junior
R_002060,Senior
R_002061,Junior
R_002062,Senior
R_002063,Senior
R_002064,Senior
R_002065,Junior
R_002066,Mid
R_002067,Mid
R_002068,Senior
R_002069,Junior
R_002070,Junior
R_002071,Junior
R_002072,Senior
R_002073,Mid
R_002074,Senior
R_002075,Junior
R_002076,Senior
R_002077,Mid
R_002078,Mid
R_002079,Senior
R_002080,Mid
R_002081,Senior
R_002082,Junior
R_002083,Senior
R_002084,Junior
R_002085,Senior
R_002086,Junior
R_002087,Mid
R_002088,Mid
R_002089,Senior
R_002090,Junior
R_002091,Mid
R_002092,Junior
R_002093,Mid
R_002094,Mid
R_002095,Senior
R_002096,Junior
R_002097,Junior
R_002098,Senior
R_002099,Junior
R_002100,Senior
R_002101,Junior
R_002102,Mid
R_002103,Junior
R_002104,Junior
R_002105,Mid
R_002106,Mid
R_002107,Junior
R_002108,Senior
R_002109,Junior
R_002110,Mid
R_002111,Junior
R_002112,Junior
R_002113,Senior
R_002114,Junior
R_002115,Senior
R_002116,Mid
R_002117,Senior
R_002118,Mid
R_002119,Senior
R_002120,Junior
R_002121,Junior
R_002122,Junior
R_002123,Junior
R_002124,Mid
R_002125,Senior
R_002126,Senior
R_002127,Junior
R_002128,Mid
R_002129,Junior
R_002130,Mid
R_002131,Senior
R_002132,Mid
R_002133,Senior
R_002134,Mid
R_002135,Junior
R_002136,Senior
R_002137,Mid
R_002138,Senior
R_002139,Mid
R_002140,Senior
R_002141,Senior
R_002142,Junior
R_002143,Mid
R_002144,Mid
R_002145,Mid
R_002146,Senior
R_002147,Mid
R_002148,Junior
R_002149,Mid
R_002150,Mid
R_002151,Mid
R_002152,Senior
R_002153,Senior
R_002154,Mid
R_002155,Senior
R_002156,Junior
R_002157,Junior
R_002158,Senior
R_002159,Mid
R_002160,Mid
R_002161,Senior
R_002162,Mid
R_002163,Senior
R_002164,Junior
R_002165,Senior
R_002166,Senior
R_002167,Mid
R_002168,Mid
R_002169,Junior
R_002170,Mid
R_002171,Junior
R_002172,Junior
R_002173,Junior
R_002174,Junior
R_002175,Mid
R_002176,Mid
R_002177,Senior
R_002178,Junior
R_002179,Mid
R_002180,Senior
R_002181,Senior
R_002182,Senior
R_002183,Senior
R_002184,Mid
R_002185,Mid
R_002186,Mid
R_002187,Mid
R_002188,Mid
R_002189,Senior
R_002190,Junior
R_002191,Mid
R_002192,Junior
R_002193,Senior
R_002194,Mid
R_002195,Mid
R_002196,Junior
R_002197,Senior
R_002198,Senior
R_002199,Mid
R_002200,Junior
R_002201,Mid
R_002202,Mid
R_002203,Junior
R_002204,Mid
R_002205,Junior
R_002206,Junior
R_002207,Mid
R_002208,Senior
R_002209,Junior
R_002210,Mid
R_002211,Senior
R_002212,Junior
R_002213,Senior
R_002214,Mid
R_002215,Senior
R_002216,Senior
R_002217,Junior
R_002218,Senior
R_002219,Junior
R_002220,Junior
R_002221,Junior
R_002222,Junior
R_002223,Senior
R_002224,Senior
R_002225,Senior
R_002226,Junior
R_002227,Junior
R_002228,Mid
R_002229,Mid
R_002230,Mid
R_002231,Mid
R_002232,Mid
R_002233,Junior
R_002234,Junior
R_002235,Junior
R_002236,Mid
R_002237,Senior
R_002238,Senior
R_002239,Junior
R_002240,Junior
R_002241,Mid
R_002242,Mid
R_002243,Senior
R_002244,Junior
R_002245,Junior
R_002246,Junior
R_002247,Junior
R_002248,Senior
R_002249,Junior
R_002250,Senior
R_002251,Mid
R_002252,Senior
R_002253,Junior
R_002254,Senior
R_002255,Mid
R_002256,Senior
R_002257,Mid
R_002258,Senior
R_002259,Mid
R_002260,Mid
R_002261,Senior
R_002262,Senior
R_002263,Mid
R_002264,Junior
R_002265,Senior
R_002266,Senior
R_002267,Senior
R_002268,Senior
R_002269,Senior
R_002270,Senior
R_002271,Mid
R_002272,Mid
R_002273,Junior
R_002274,Senior
R_002275,Mid
R_002276,Senior
R_002277,Mid
R_002278,Junior
R_002279,Senior
R_002280,Junior
R_002281,Mid
R_002282,Senior
R_002283,Junior
R_002284,Junior
R_002285,Mid
R_002286,Senior
R_002287,Mid
R_002288,Senior
R_002289,Junior
R_002290,Junior
R_002291,Junior
R_002292,Junior
R_002293,Junior
R_002294,Mid
R_002295,Mid
R_002296,Mid
R_002297,Junior
R_002298,Senior
R_002299,Junior
R_002300,Mid
R_002301,Junior
R_002302,Mid
R_002303,Mid
R_002304,Senior
R_002305,Senior
R_002306,Junior
R_002307,Junior
R_002308,Mid
R_002309,Senior
R_002310,Junior
R_002311,Mid
R_002312,Junior
R_002313,Junior
R_002314,Mid
R_002315,Mid
R_002316,Senior
R_002317,Senior
R_002318,Junior
R_002319,Senior
R_002320,Senior
R_002321,Senior
R_002322,Junior
R_002323,Senior
R_002324,Mid
R_002325,Mid
R_002326,Junior
R_002327,Mid
R_002328,Senior
R_002329,Junior
R_002330,Mid
R_002331,Senior
R_002332,Senior
R_002333,Junior
R_002334,Mid
R_002335,Junior
R_002336,Mid
R_002337,Junior
R_002338,Junior
R_002339,Junior
R_002340,Senior
R_002341,Senior
R_002342,Junior
R_002343,Junior
R_002344,Mid
R_002345,Mid
R_002346,Senior
R_002347,Junior
R_002348,Mid
R_002349,Junior
R_002350,Mid
R_002351,Senior
R_002352,Mid
R_002353,Senior
R_002354,Mid
R_002355,Mid
R_002356,Junior
R_002357,Mid
R_002358,Mid
R_002359,Junior
R_002360,Mid
R_002361,Senior
R_002362,Senior
R_002363,Senior
R_002364,Senior
R_002365,Mid
R_002366,Junior
R_002367,Mid
R_002368,Senior
R_002369,Mid
R_002370,Junior
R_002371,Mid
R_002372,Mid
R_002373,Senior
R_002374,Senior
R_002375,Mid
R_002376,Junior
R_002377,Mid
R_002378,Senior
R_002379,Senior
R_002380,Mid
R_002381,Mid
R_002382,Senior
R_002383,Mid
R_002384,Senior
R_002385,Mid
R_002386,Mid
R_002387,Senior
R_002388,Senior
R_002389,Mid
R_002390,Junior
R_002391,Junior
R_002392,Mid
R_002393,Junior
R_002394,Senior
R_002395,Senior
R_002396,Junior
R_002397,Junior
R_002398,Senior
R_002399,Senior
R_002400,Senior
R_002401,Senior
R_002402,Junior
R_002403,Junior
R_002404,Senior
R_002405,Senior
R_002406,Junior
R_002407,Mid
R_002408,Junior
R_002409,Mid
R_002410,Mid
R_002411,Mid
R_002412,Mid
R_002413,Senior
R_002414,Mid
R_002415,Mid
R_002416,Senior
R_002417,Mid
R_002418,Junior
R_002419,Mid
R_002420,Mid
R_002421,Mid
R_002422,Junior
R_002423,Mid
R_002424,Junior
R_002425,Senior
R_002426,Mid
R_002427,Senior
R_002428,Mid
R_002429,Senior
R_002430,Mid
R_002431,Junior
R_002432,Junior
R_002433,Mid
R_002434,Mid
R_002435,Senior
R_002436,Senior
R_002437,Mid
R_002438,Mid
R_002439,Junior
R_002440,Mid
R_002441,Senior
R_002442,Senior
R_002443,Senior
R_002444,Senior
R_002445,Junior
R_002446,Senior
R_002447,Junior
R_002448,Mid
R_002449,Senior
R_002450,Senior
R_002451,Senior
R_002452,Senior
R_002453,Mid
R_002454,Senior
R_002455,Mid
R_002456,Senior
R_002457,Mid
R_002458,Junior
R_002459,Senior
R_002460,Junior
R_002461,Junior
R_002462,Senior
R_002463,Mid
R_002464,Senior
R_002465,Junior
R_002466,Junior
R_002467,Mid
R_002468,Senior
R_002469,Junior
R_002470,Junior
R_002471,Mid
R_002472,Mid
R_002473,Junior
R_002474,Senior
R_002475,Junior
R_002476,Senior
R_002477,Junior
R_002478,Senior
R_002479,Senior
R_002480,Mid
R_002481,Senior
R_002482,Senior
R_002483,Senior
R_002484,Mid
R_002485,Senior
R_002486,Mid
R_002487,Junior
R_002488,Mid
R_002489,Mid
R_002490,Senior
R_002491,Senior
R_002492,Senior
R_002493,Mid
R_002494,Senior
R_002495,Mid
R_002496,Senior
R_002497,Senior
R_002498,Junior
R_002499,Mid
R_002500,Junior
R_002501,Junior
R_002502,Senior
R_002503,Senior
R_002504,Mid
R_002505,Mid
R_002506,Senior
R_002507,Mid
R_002508,Senior
R_002509,Mid
R_002510,Senior
R_002511,Senior
R_002512,Mid
R_002513,Junior
R_002514,Junior
R_002515,Junior
R_002516,Senior
R_002517,Mid
R_002518,Senior
R_002519,Mid
R_002520,Senior
R_002521,Mid
R_002522,Senior
R_002523,Mid
R_002524,Senior
R_002525,Mid
R_002526,Senior
R_002527,Mid
R_002528,Junior
R_002529,Junior
R_002530,Mid
R_002531,Senior
R_002532,Junior
R_002533,Senior
R_002534,Junior
R_002535,Junior
R_002536,Junior
R_002537,Senior
R_002538,Junior
R_002539,Mid
R_002540,Senior
R_002541,Senior
R_002542,Junior
R_002543,Junior
R_002544,Mid
R_002545,Junior
R_002546,Junior
R_002547,Mid
R_002548,Mid
R_002549,Mid
R_002550,Senior
R_002551,Mid
R_002552,Senior
R_002553,Senior
R_002554,Senior
R_002555,Mid
R_002556,Senior
R_002557,Junior
R_002558,Senior
R_002559,Senior
R_002560,Senior
R_002561,Senior
R_002562,Mid
R_002563,Senior
R_002564,Junior
R_002565,Mid
R_002566,Junior
R_002567,Mid
R_002568,Mid
R_002569,Junior
R_002570,Senior
R_002571,Senior
R_002572,Senior
R_002573,Senior
R_002574,Junior
R_002575,Junior
R_002576,Senior
R_002577,Mid
R_002578,Mid
R_002579,Mid
R_002580,Mid
R_002581,Senior
R_002582,Mid
R_002583,Junior
R_002584,Junior
R_002585,Junior
R_002586,Mid
R_002587,Mid
R_002588,Senior
R_002589,Senior
R_002590,Senior
R_002591,Junior
R_002592,Junior
R_002593,Junior
R_002594,Junior
R_002595,Senior
R_002596,Senior
R_002597,Junior
R_002598,Senior
R_002599,Senior
R_002600,Senior
R_002601,Junior
R_002602,Senior
R_002603,Junior
R_002604,Senior
R_002605,Senior
R_002606,Mid
R_002607,Junior
R_002608,Junior
R_002609,Mid
R_002610,Junior
R_002611,Mid
R_002612,Senior
R_002613,Mid
R_002614,Senior
R_002615,Junior
R_002616,Junior
R_002617,Junior
R_002618,Mid
R_002619,Senior
R_002620,Junior
R_002621,Junior
R_002622,Senior
R_002623,Junior
R_002624,Mid
R_002625,Senior
R_002626,Mid
R_002627,Senior
R_002628,Junior
R_002629,Mid
R_002630,Junior
R_002631,Senior
R_002632,Mid
R_002633,Junior
R_002634,Junior
R_002635,Mid
R_002636,Junior
R_002637,Senior
R_002638,Mid
R_002639,Mid
R_002640,Senior
R_002641,Mid
R_002642,Senior
R_002643,Senior
R_002644,Mid
R_002645,Mid
R_002646,Junior
R_002647,Senior
R_002648,Mid
R_002649,Senior
R_002650,Senior
R_002651,Mid
R_002652,Junior
R_002653,Mid
R_002654,Mid
R_002655,Senior
R_002656,Mid
R_002657,Senior
R_002658,Mid
R_002659,Senior
R_002660,Senior
R_002661,Mid
R_002662,Junior
R_002663,Mid
R_002664,Junior
R_002665,Senior
R_002666,Junior
R_002667,Mid
R_002668,Senior
R_002669,Senior
R_002670,Mid
R_002671,Junior
R_002672,Junior
R_002673,Junior
R_002674,Mid
R_002675,Mid
R_002676,Junior
R_002677,Mid
R_002678,Senior
R_002679,Senior
R_002680,Mid
R_002681,Mid
R_002682,Mid
R_002683,Mid
R_002684,Mid
R_002685,Junior
R_002686,Mid
R_002687,Senior
R_002688,Mid
R_002689,Junior
R_002690,Senior
R_002691,Mid
R_002692,Mid
R_002693,Senior
R_002694,Senior
R_002695,Senior
R_002696,Junior
R_002697,Senior
R_002698,Junior
R_002699,Senior
R_002700,Senior
R_002701,Mid
R_002702,Senior
R_002703,Junior
R_002704,Mid
R_002705,Junior
R_002706,Senior
R_002707,Senior
R_002708,Senior
R_002709,Senior
R_002710,Junior
R_002711,Mid
R_002712,Mid
R_002713,Mid
R_002714,Senior
R_002715,Junior
R_002716,Mid
R_002717,Junior
R_002718,Junior
R_002719,Mid
R_002720,Junior
R_002721,Senior
R_002722,Junior
R_002723,Junior
R_002724,Mid
R_002725,Junior
R_002726,Senior
R_002727,Senior
R_002728,Mid
R_002729,Senior
R_002730,Junior
R_002731,Junior
R_002732,Senior
R_002733,Junior
R_002734,Senior
R_002735,Senior
R_002736,Senior
R_002737,Junior
R_002738,Senior
R_002739,Senior
R_002740,Senior
R_002741,Junior
R_002742,Senior
R_002743,Senior
R_002744,Mid
R_002745,Mid
R_002746,Mid
R_002747,Mid
R_002748,Senior
R_002749,Junior
R_002750,Mid
R_002751,Senior
R_002752,Senior
R_002753,Senior
R_002754,Junior
R_002755,Junior
R_002756,Mid
R_002757,Junior
R_002758,Senior
R_002759,Senior
R_002760,Junior
R_002761,Senior
R_002762,Junior
R_002763,Senior
R_002764,Senior
R_002765,Junior
R_002766,Senior
R_002767,Senior
R_002768,Junior
R_002769,Senior
R_002770,Senior
R_002771,Senior
R_002772,Senior
R_002773,Mid
R_002774,Mid
R_002775,Senior
R_002776,Junior
R_002777,Mid
R_002778,Senior
R_002779,Mid
R_002780,Senior
R_002781,Junior
R_002782,Junior
R_002783,Junior
R_002784,Senior
R_002785,Mid
R_002786,Senior
R_002787,Junior
R_002788,Senior
R_002789,Junior
R_002790,Mid
R_002791,Senior
R_002792,Mid
R_002793,Mid
R_002794,Mid
R_002795,Junior
R_002796,Senior
R_002797,Junior
R_002798,Mid
R_002799,Senior
R_002800,Senior
R_002801,Mid
R_002802,Mid
R_002803,Mid
R_002804,Junior
R_002805,Senior
R_002806,Junior
R_002807,Senior
R_002808,Mid
R_002809,Mid
R_002810,Senior
R_002811,Mid
R_002812,Junior
R_002813,Mid
R_002814,Junior
R_002815,Junior
R_002816,Mid
R_002817,Mid
R_002818,Mid
R_002819,Mid
R_002820,Senior
R_002821,Senior
R_002822,Mid
R_002823,Senior
R_002824,Senior
R_002825,Mid
R_002826,Senior
R_002827,Mid
R_002828,Junior
R_002829,Senior
R_002830,Junior
R_002831,Junior
R_002832,Mid
R_002833,Senior
R_002834,Junior
R_002835,Junior
R_002836,Senior
R_002837,Mid
R_002838,Junior
R_002839,Senior
R_002840,Mid
R_002841,Junior
R_002842,Mid
R_002843,Senior
R_002844,Senior
R_002845,Mid
R_002846,Junior
R_002847,Senior
R_002848,Mid
R_002849,Mid
R_002850,Junior
R_002851,Junior
R_002852,Junior
R_002853,Junior
R_002854,Junior
R_002855,Mid
R_002856,Mid
R_002857,Mid
R_002858,Senior
R_002859,Senior
R_002860,Senior
R_002861,Mid
R_002862,Mid
R_002863,Mid
R_002864,Mid
R_002865,Junior
R_002866,Senior
R_002867,Mid
R_002868,Mid
R_002869,Junior
R_002870,Junior
R_002871,Senior
R_002872,Mid
R_002873,Junior
R_002874,Senior
R_002875,Junior
R_002876,Mid
R_002877,Junior
R_002878,Mid
R_002879,Senior
R_002880,Mid
R_002881,Mid
R_002882,Mid
R_002883,Junior
R_002884,Mid
R_002885,Mid
R_002886,Junior
R_002887,Mid
R_002888,Mid
R_002889,Junior
R_002890,Junior
R_002891,Mid
R_002892,Junior
R_002893,Junior
R_002894,Mid
R_002895,Mid
R_002896,Mid
R_002897,Junior
R_002898,Mid
R_002899,Junior
R_002900,Mid
R_002901,Mid
R_002902,Junior
R_002903,Junior
R_002904,Junior
R_002905,Junior
R_002906,Junior
R_002907,Senior
R_002908,Senior
R_002909,Senior
R_002910,Senior
R_002911,Senior
R_002912,Senior
R_002913,Mid
R_002914,Senior
R_002915,Senior
R_002916,Mid
R_002917,Junior
R_002918,Senior
R_002919,Junior
R_002920,Junior
R_002921,Junior
R_002922,Senior
R_002923,Junior
R_002924,Junior
R_002925,Mid
R_002926,Mid
R_002927,Junior
R_002928,Mid
R_002929,Junior
R_002930,Senior
R_002931,Senior
R_002932,Mid
R_002933,Junior
R_002934,Junior
R_002935,Mid
R_002936,Junior
R_002937,Senior
R_002938,Junior
R_002939,Junior
R_002940,Senior
R_002941,Mid
R_002942,Mid
R_002943,Junior
R_002944,Junior
R_002945,Mid
R_002946,Mid
R_002947,Junior
R_002948,Junior
R_002949,Mid
R_002950,Mid
R_002951,Junior
R_002952,Junior
R_002953,Junior
R_002954,Senior
R_002955,Junior
R_002956,Junior
R_002957,Senior
R_002958,Mid
R_002959,Junior
R_002960,Mid
R_002961,Junior
R_002962,Junior
R_002963,Junior
R_002964,Junior
R_002965,Senior
R_002966,Mid
R_002967,Mid
R_002968,Mid
R_002969,Junior
R_002970,Junior
R_002971,Mid
R_002972,Senior
R_002973,Senior
R_002974,Mid
R_002975,Junior
R_002976,Junior
R_002977,Junior
R_002978,Junior
R_002979,Junior
R_002980,Mid
R_002981,Mid
R_002982,Junior
R_002983,Junior
R_002984,Mid
R_002985,Junior
R_002986,Senior
R_002987,Mid
R_002988,Senior
R_002989,Junior
R_002990,Mid
R_002991,Senior
R_002992,Senior
R_002993,Senior
R_002994,Senior
R_002995,Junior
R_002996,Junior
R_002997,Mid
R_002998,Junior
R_002999,Mid
R_003000,Junior
R_003001,Junior
R_003002,Senior
R_003003,Junior
R_003004,Junior
R_003005,Senior
R_003006,Junior
R_003007,Junior
R_003008,Senior
R_003009,Junior
R_003010,Mid
R_003011,Junior
R_003012,Mid
R_003013,Junior
R_003014,Junior
R_003015,Senior
R_003016,Senior
R_003017,Mid
R_003018,Junior
R_003019,Mid
R_003020,Senior
R_003021,Junior
R_003022,Junior
R_003023,Senior
R_003024,Junior
R_003025,Junior
R_003026,Junior
R_003027,Senior
R_003028,Senior
R_003029,Mid
R_003030,Mid
R_003031,Mid
R_003032,Senior
R_003033,Senior
R_003034,Senior
R_003035,Mid
R_003036,Senior
R_003037,Senior
R_003038,Junior
R_003039,Senior
R_003040,Mid
R_003041,Junior
R_003042,Mid
R_003043,Junior
R_003044,Mid
R_003045,Junior
R_003046,Senior
R_003047,Mid
R_003048,Senior
R_003049,Senior
R_003050,Senior
R_003051,Mid
R_003052,Mid
R_003053,Mid
R_003054,Junior
R_003055,Junior
R_003056,Senior
R_003057,Junior
R_003058,Senior
R_003059,Senior
R_003060,Senior
R_003061,Junior
R_003062,Mid
R_003063,Mid
R_003064,Mid
R_003065,Junior
R_003066,Senior
R_003067,Senior
R_003068,Junior
R_003069,Mid
R_003070,Senior
R_003071,Junior
R_003072,Senior
R_003073,Junior
R_003074,Junior
R_003075,Mid
R_003076,Mid
R_003077,Junior
R_003078,Mid
R_003079,Junior
R_003080,Mid
R_003081,Junior
R_003082,Mid
R_003083,Junior
R_003084,Junior
R_003085,Junior
R_003086,Senior
R_003087,Mid
R_003088,Mid
R_003089,Senior
R_003090,Senior
R_003091,Junior
R_003092,Junior
R_003093,Mid
R_003094,Junior
R_003095,Mid
R_003096,Mid
R_003097,Junior
R_003098,Junior
R_003099,Junior
R_003100,Mid
R_003101,Junior
R_003102,Mid
R_003103,Mid
R_003104,Mid
R_003105,Junior
R_003106,Senior
R_003107,Junior
R_003108,Junior
R_003109,Mid
R_003110,Senior
R_003111,Senior
R_003112,Junior
R_003113,Junior
R_003114,Senior
R_003115,Junior
R_003116,Mid
R_003117,Mid
R_003118,Senior
R_003119,Senior
R_003120,Junior
R_003121,Senior
R_003122,Senior
R_003123,Senior
R_003124,Senior
R_003125,Mid
R_003126,Junior
R_003127,Junior
R_003128,Mid
R_003129,Mid
R_003130,Mid
R_003131,Senior
R_003132,Junior
R_003133,Mid
R_003134,Senior
R_003135,Junior
R_003136,Senior
R_003137,Mid
R_003138,Senior
R_003139,Senior
R_003140,Junior
R_003141,Senior
R_003142,Senior
R_003143,Junior
R_003144,Junior
R_003145,Mid
R_003146,Mid
R_003147,Mid
R_003148,Mid
R_003149,Junior
R_003150,Junior
R_003151,Mid
R_003152,Senior
R_003153,Mid
R_003154,Junior
R_003155,Senior
R_003156,Junior
R_003157,Mid
R_003158,Junior
R_003159,Mid
R_003160,Junior
R_003161,Junior
R_003162,Mid
R_003163,Junior
R_003164,Junior
R_003165,Mid
R_003166,Mid
R_003167,Mid
R_003168,Mid
R_003169,Senior
R_003170,Mid
R_003171,Mid
R_003172,Senior
R_003173,Mid
R_003174,Mid
R_003175,Senior
R_003176,Junior
R_003177,Senior
R_003178,Mid
R_003179,Senior
R_003180,Junior
R_003181,Junior
R_003182,Junior
R_003183,Senior
R_003184,Mid
R_003185,Mid
R_003186,Mid
R_003187,Senior
R_003188,Senior
R_003189,Mid
R_003190,Senior
R_003191,Junior
R_003192,Mid
R_003193,Mid
R_003194,Senior
R_003195,Mid
R_003196,Senior
R_003197,Senior
R_003198,Senior
R_003199,Junior
R_003200,Mid
R_003201,Senior
R_003202,Senior
R_003203,Mid
R_003204,Mid
R_003205,Mid
R_003206,Junior
R_003207,Mid
R_003208,Mid
R_003209,Senior
R_003210,Mid
R_003211,Mid
R_003212,Mid
R_003213,Junior
R_003214,Mid
R_003215,Senior
R_003216,Junior
R_003217,Senior
R_003218,Mid
R_003219,Junior
R_003220,Senior
R_003221,Mid
R_003222,Senior
R_003223,Senior
R_003224,Senior
R_003225,Junior
R_003226,Senior
R_003227,Mid
R_003228,Senior
R_003229,Senior
R_003230,Junior
R_003231,Mid
R_003232,Mid
R_003233,Junior
R_003234,Senior
R_003235,Senior
R_003236,Senior
R_003237,Junior
R_003238,Senior
R_003239,Junior
R_003240,Junior
R_003241,Junior
R_003242,Mid
R_003243,Junior
R_003244,Junior
R_003245,Senior
R_003246,Mid
R_003247,Junior
R_003248,Mid
R_003249,Mid
R_003250,Junior
R_003251,Mid
R_003252,Senior
R_003253,Mid
R_003254,Mid
R_003255,Mid
R_003256,Senior
R_003257,Junior
R_003258,Junior
R_003259,Senior
R_003260,Mid
R_003261,Senior
R_003262,Mid
R_003263,Senior
R_003264,Mid
R_003265,Junior
R_003266,Junior
R_003267,Junior
R_003268,Senior
R_003269,Junior
R_003270,Mid
R_003271,Mid
R_003272,Junior
R_003273,Mid
R_003274,Junior
R_003275,Mid
R_003276,Mid
R_003277,Senior
R_003278,Junior
R_003279,Senior
R_003280,Senior
R_003281,Senior
R_003282,Mid
R_003283,Junior
R_003284,Mid
R_003285,Mid
R_003286,Senior
R_003287,Senior
R_003288,Senior
R_003289,Mid
R_003290,Senior
R_003291,Senior
R_003292,Mid
R_003293,Junior
R_003294,Mid
R_003295,Mid
R_003296,Mid
R_003297,Junior
R_003298,Junior
R_003299,Junior
R_003300,Senior
R_003301,Junior
R_003302,Senior
R_003303,Junior
R_003304,Mid
R_003305,Junior
R_003306,Mid
R_003307,Senior
R_003308,Junior
R_003309,Senior
R_003310,Mid
R_003311,Mid
R_003312,Mid
R_003313,Mid
R_003314,Junior
R_003315,Senior
R_003316,Mid
R_003317,Senior
R_003318,Junior
R_003319,Junior
R_003320,Junior
R_003321,Junior
R_003322,Mid
R_003323,Mid
R_003324,Senior
R_003325,Junior
R_003326,Mid
R_003327,Senior
R_003328,Mid
R_003329,Junior
R_003330,Mid
R_003331,Mid
R_003332,Junior
R_003333,Senior
R_003334,Senior
R_003335,Junior
R_003336,Junior
R_003337,Mid
R_003338,Senior
R_003339,Mid
R_003340,Senior
R_003341,Junior
R_003342,Mid
R_003343,Senior
R_003344,Junior
R_003345,Junior
R_003346,Mid
R_003347,Mid
R_003348,Senior
R_003349,Junior
R_003350,Senior
R_003351,Junior
R_003352,Junior
R_003353,Junior
R_003354,Mid
R_003355,Mid
R_003356,Mid
R_003357,Senior
R_003358,Junior
R_003359,Junior
R_003360,Mid
R_003361,Senior
R_003362,Senior
R_003363,Senior
R_003364,Senior
R_003365,Junior
R_003366,Senior
R_003367,Mid
R_003368,Junior
R_003369,Mid
R_003370,Senior
R_003371,Senior
R_003372,Mid
R_003373,Mid
R_003374,Junior
R_003375,Senior
R_003376,Mid
R_003377,Senior
R_003378,Junior
R_003379,Senior
R_003380,Junior
R_003381,Senior
R_003382,Junior
R_003383,Senior
R_003384,Senior
R_003385,Senior
R_003386,Senior
R_003387,Junior
R_003388,Mid
R_003389,Senior
R_003390,Mid
R_003391,Junior
R_003392,Senior
R_003393,Mid
R_003394,Mid
R_003395,Senior
R_003396,Junior
R_003397,Mid
R_003398,Mid
R_003399,Mid
R_003400,Mid
R_003401,Mid
R_003402,Junior
R_003403,Mid
R_003404,Junior
R_003405,Senior
R_003406,Mid
R_003407,Senior
R_003408,Mid
R_003409,Senior
R_003410,Mid
R_003411,Junior
R_003412,Junior
R_003413,Mid
R_003414,Senior
R_003415,Junior
R_003416,Mid
R_003417,Senior
R_003418,Junior
R_003419,Senior
R_003420,Senior
R_003421,Mid
R_003422,Mid
R_003423,Junior
R_003424,Junior
R_003425,Junior
R_003426,Junior
R_003427,Junior
R_003428,Senior
R_003429,Senior
R_003430,Junior
R_003431,Senior
R_003432,Mid
R_003433,Mid
R_003434,Mid
R_003435,Junior
R_003436,Senior
R_003437,Junior
R_003438,Senior
R_003439,Mid
R_003440,Junior
R_003441,Mid
R_003442,Mid
R_003443,Junior
R_003444,Junior
R_003445,Junior
R_003446,Senior
R_003447,Senior
R_003448,Mid
R_003449,Junior
R_003450,Junior
R_003451,Mid
R_003452,Senior
R_003453,Senior
R_003454,Mid
R_003455,Senior
R_003456,Junior
R_003457,Senior
R_003458,Mid
R_003459,Senior
R_003460,Junior
R_003461,Junior
R_003462,Junior
R_003463,Senior
R_003464,Junior
R_003465,Senior
R_003466,Mid
R_003467,Mid
R_003468,Senior
R_003469,Junior
R_003470,Junior
R_003471,Senior
R_003472,Junior
R_003473,Mid
R_003474,Junior
R_003475,Mid
R_003476,Senior
R_003477,Junior
R_003478,Junior
R_003479,Senior
R_003480,Senior
R_003481,Mid
R_003482,Junior
R_003483,Senior
R_003484,Mid
R_003485,Mid
R_003486,Junior
R_003487,Senior
R_003488,Senior
R_003489,Senior
R_003490,Senior
R_003491,Senior
R_003492,Mid
R_003493,Mid
R_003494,Mid
R_003495,Junior
R_003496,Senior
R_003497,Junior
R_003498,Senior
R_003499,Mid
R_003500,Senior
R_003501,Mid
R_003502,Senior
R_003503,Junior
R_003504,Mid
R_003505,Senior
R_003506,Junior
R_003507,Mid
R_003508,Junior
R_003509,Senior
R_003510,Junior
R_003511,Senior
R_003512,Junior
R_003513,Senior
R_003514,Mid
R_003515,Mid
R_003516,Junior
R_003517,Senior
R_003518,Mid
R_003519,Mid
R_003520,Senior
R_003521,Junior
R_003522,Mid
R_003523,Junior
R_003524,Mid
R_003525,Mid
R_003526,Mid
R_003527,Mid
R_003528,Mid
R_003529,Senior
R_003530,Senior
R_003531,Senior
R_003532,Mid
R_003533,Mid
R_003534,Mid
R_003535,Junior
R_003536,Senior
R_003537,Mid
R_003538,Senior
R_003539,Mid
R_003540,Mid
R_003541,Senior
R_003542,Senior
R_003543,Senior
R_003544,Mid
R_003545,Junior
R_003546,Junior
R_003547,Mid
R_003548,Mid
R_003549,Senior
R_003550,Senior
R_003551,Junior
R_003552,Junior
R_003553,Mid
R_003554,Mid
R_003555,Mid
R_003556,Mid
R_003557,Mid
R_003558,Senior
R_003559,Mid
R_003560,Mid
R_003561,Senior
R_003562,Mid
R_003563,Senior
R_003564,Senior
R_003565,Mid
R_003566,Senior
R_003567,Senior
R_003568,Senior
R_003569,Mid
R_003570,Junior
R_003571,Mid
R_003572,Mid
R_003573,Junior
R_003574,Junior
R_003575,Senior
R_003576,Senior
R_003577,Junior
R_003578,Senior
R_003579,Mid
R_003580,Junior
R_003581,Junior
R_003582,Junior
R_003583,Mid
R_003584,Junior
R_003585,Junior
R_003586,Senior
R_003587,Mid
R_003588,Senior
R_003589,Senior
R_003590,Junior
R_003591,Mid
R_003592,Senior
R_003593,Junior
R_003594,Senior
R_003595,Mid
R_003596,Mid
R_003597,Junior
R_003598,Mid
R_003599,Senior
R_003600,Mid
R_003601,Mid
R_003602,Junior
R_003603,Senior
R_003604,Senior
R_003605,Mid
R_003606,Junior
R_003607,Junior
R_003608,Junior
R_003609,Mid
R_003610,Mid
R_003611,Senior
R_003612,Mid
R_003613,Senior
R_003614,Junior
R_003615,Mid
R_003616,Senior
R_003617,Mid
R_003618,Junior
R_003619,Junior
R_003620,Mid
R_003621,Junior
R_003622,Senior
R_003623,Mid
R_003624,Mid
R_003625,Junior
R_003626,Senior
R_003627,Junior
R_003628,Junior
R_003629,Junior
R_003630,Senior
R_003631,Senior
R_003632,Junior
R_003633,Senior
R_003634,Mid
R_003635,Junior
R_003636,Mid
R_003637,Junior
R_003638,Senior
R_003639,Senior
R_003640,Junior
R_003641,Senior
R_003642,Junior
R_003643,Senior
R_003644,Senior
R_003645,Junior
R_003646,Mid
R_003647,Mid
R_003648,Junior
R_003649,Mid
R_003650,Senior
R_003651,Mid
R_003652,Junior
R_003653,Junior
R_003654,Mid
R_003655,Junior
R_003656,Mid
R_003657,Mid
R_003658,Junior
R_003659,Junior
R_003660,Junior
R_003661,Senior
R_003662,Junior
R_003663,Senior
R_003664,Mid
R_003665,Junior
R_003666,Senior
R_003667,Senior
R_003668,Mid
R_003669,Senior
R_003670,Mid
R_003671,Mid
R_003672,Senior
R_003673,Junior
R_003674,Junior
R_003675,Senior
R_003676,Mid
R_003677,Mid
R_003678,Senior
R_003679,Mid
R_003680,Mid
R_003681,Senior
R_003682,Senior
R_003683,Senior
R_003684,Senior
R_003685,Mid
R_003686,Junior
R_003687,Junior
R_003688,Mid
R_003689,Senior
R_003690,Junior
R_003691,Senior
R_003692,Senior
R_003693,Senior
R_003694,Senior
R_003695,Mid
R_003696,Mid
R_003697,Senior
R_003698,Mid
R_003699,Senior
R_003700,Junior
R_003701,Mid
R_003702,Senior
R_003703,Mid
R_003704,Junior
R_003705,Mid
R_003706,Senior
R_003707,Senior
R_003708,Mid
R_003709,Mid
R_003710,Junior
R_003711,Mid
R_003712,Senior
R_003713,Senior
R_003714,Senior
R_003715,Senior
R_003716,Mid
R_003717,Mid
R_003718,Mid
R_003719,Mid
R_003720,Mid
R_003721,Junior
R_003722,Junior
R_003723,Mid
R_003724,Mid
R_003725,Junior
R_003726,Mid
R_003727,Mid
R_003728,Junior
R_003729,Junior
R_003730,Mid
R_003731,Senior
R_003732,Senior
R_003733,Junior
R_003734,Senior
R_003735,Mid
R_003736,Mid
R_003737,Mid
R_003738,Junior
R_003739,Junior
R_003740,Mid
R_003741,Senior
R_003742,Mid
R_003743,Mid
R_003744,Junior
R_003745,Junior
R_003746,Mid
R_003747,Mid
R_003748,Senior
R_003749,Junior
R_003750,Senior
R_003751,Junior
R_003752,Junior
R_003753,Junior
R_003754,Junior
R_003755,Mid
R_003756,Junior
R_003757,Mid
R_003758,Senior
R_003759,Mid
R_003760,Senior
R_003761,Junior
R_003762,Mid
R_003763,Senior
R_003764,Senior
R_003765,Mid
R_003766,Junior
R_003767,Mid
R_003768,Junior
R_003769,Mid
R_003770,Mid
R_003771,Mid
R_003772,Junior
R_003773,Junior
R_003774,Junior
R_003775,Senior
R_003776,Senior
R_003777,Senior
R_003778,Junior
R_003779,Mid
R_003780,Mid
R_003781,Junior
R_003782,Mid
R_003783,Mid
R_003784,Mid
R_003785,Junior
R_003786,Mid
R_003787,Junior
R_003788,Senior
R_003789,Mid
R_003790,Junior
R_003791,Junior
R_003792,Senior
R_003793,Junior
R_003794,Senior
R_003795,Junior
R_003796,Senior
R_003797,Mid
R_003798,Junior
R_003799,Junior
R_003800,Mid
R_003801,Senior
R_003802,Mid
R_003803,Senior
R_003804,Junior
R_003805,Mid
R_003806,Senior
R_003807,Junior
R_003808,Junior
R_003809,Junior
R_003810,Senior
R_003811,Mid
R_003812,Mid
R_003813,Junior
R_003814,Mid
R_003815,Senior
R_003816,Junior
R_003817,Senior
R_003818,Senior
R_003819,Mid
R_003820,Junior
R_003821,Mid
R_003822,Mid
R_003823,Senior
R_003824,Senior
R_003825,Mid
R_003826,Mid
R_003827,Junior
R_003828,Junior
R_003829,Mid
R_003830,Senior
R_003831,Junior
R_003832,Mid
R_003833,Mid
R_003834,Senior
R_003835,Junior
R_003836,Junior
R_003837,Mid
R_003838,Mid
R_003839,Junior
R_003840,Mid
R_003841,Mid
R_003842,Mid
R_003843,Mid
R_003844,Senior
R_003845,Mid
R_003846,Mid
R_003847,Junior
R_003848,Mid
R_003849,Senior
R_003850,Junior
R_003851,Mid
R_003852,Junior
R_003853,Senior
R_003854,Junior
R_003855,Junior
R_003856,Senior
R_003857,Senior
R_003858,Junior
R_003859,Mid
R_003860,Mid
R_003861,Senior
R_003862,Senior
R_003863,Senior
R_003864,Mid
R_003865,Mid
R_003866,Mid
R_003867,Senior
R_003868,Junior
R_003869,Junior
R_003870,Senior
R_003871,Senior
R_003872,Junior
R_003873,Junior
R_003874,Mid
R_003875,Senior
R_003876,Junior
R_003877,Junior
R_003878,Junior
R_003879,Senior
R_003880,Senior
R_003881,Junior
R_003882,Mid
R_003883,Junior
R_003884,Mid
R_003885,Junior
R_003886,Junior
R_003887,Junior
R_003888,Senior
R_003889,Junior
R_003890,Senior
R_003891,Senior
R_003892,Mid
R_003893,Junior
R_003894,Junior
R_003895,Senior
R_003896,Mid
R_003897,Mid
R_003898,Junior
R_003899,Senior
R_003900,Senior
R_003901,Senior
R_003902,Junior
R_003903,Senior
R_003904,Junior
R_003905,Mid
R_003906,Mid
R_003907,Junior
R_003908,Mid
R_003909,Mid
R_003910,Senior
R_003911,Mid
R_003912,Senior
R_003913,Mid
R_003914,Senior
R_003915,Junior
R_003916,Senior
R_003917,Senior
R_003918,Mid
R_003919,Junior
R_003920,Senior
R_003921,Senior
R_003922,Mid
R_003923,Mid
R_003924,Senior
R_003925,Senior
R_003926,Senior
R_003927,Senior
R_003928,Junior
R_003929,Senior
R_003930,Senior
R_003931,Senior
R_003932,Junior
R_003933,Mid
R_003934,Junior
R_003935,Mid
R_003936,Junior
R_003937,Senior
R_003938,Senior
R_003939,Senior
R_003940,Mid
R_003941,Mid
R_003942,Mid
R_003943,Senior
R_003944,Junior
R_003945,Junior
R_003946,Senior
R_003947,Senior
R_003948,Senior
R_003949,Junior
R_003950,Senior
R_003951,Mid
R_003952,Senior
R_003953,Junior
R_003954,Junior
R_003955,Mid
R_003956,Mid
R_003957,Senior
R_003958,Senior
R_003959,Senior
R_003960,Mid
R_003961,Mid
R_003962,Senior
R_003963,Senior
R_003964,Junior
R_003965,Senior
R_003966,Mid
R_003967,Senior
R_003968,Senior
R_003969,Mid
R_003970,Mid
R_003971,Mid
R_003972,Mid
R_003973,Junior
R_003974,Mid
R_003975,Junior
R_003976,Junior
R_003977,Junior
R_003978,Junior
R_003979,Senior
R_003980,Junior
R_003981,Mid
R_003982,Senior
R_003983,Mid
R_003984,Junior
R_003985,Senior
R_003986,Junior
R_003987,Junior
R_003988,Senior
R_003989,Senior
R_003990,Junior
R_003991,Junior
R_003992,Mid
R_003993,Junior
R_003994,Senior
R_003995,Mid
R_003996,Mid
R_003997,Junior
R_003998,Mid
R_003999,Senior
R_004000,Mid
R_004001,Junior
R_004002,Mid
R_004003,Senior
R_004004,Mid
R_004005,Junior
R_004006,Senior
R_004007,Mid
R_004008,Mid
R_004009,Junior
R_004010,Junior
R_004011,Mid
R_004012,Mid
R_004013,Junior
R_004014,Senior
R_004015,Senior
R_004016,Mid
R_004017,Senior
R_004018,Mid
R_004019,Junior
R_004020,Mid
R_004021,Junior
R_004022,Mid
R_004023,Mid
R_004024,Senior
R_004025,Junior
R_004026,Senior
R_004027,Mid
R_004028,Senior
R_004029,Junior
R_004030,Mid
R_004031,Mid
R_004032,Mid
R_004033,Junior
R_004034,Senior
R_004035,Senior
R_004036,Senior
R_004037,Mid
R_004038,Junior
R_004039,Junior
R_004040,Junior
R_004041,Junior
R_004042,Mid
R_004043,Mid
R_004044,Junior
R_004045,Senior
R_004046,Junior
R_004047,Mid
R_004048,Junior
R_004049,Mid
R_004050,Senior
R_004051,Senior
R_004052,Senior
R_004053,Mid
R_004054,Senior
R_004055,Mid
R_004056,Mid
R_004057,Mid
R_004058,Junior
R_004059,Mid
R_004060,Senior
R_004061,Junior
R_004062,Mid
R_004063,Junior
R_004064,Mid
R_004065,Mid
R_004066,Junior
R_004067,Mid
R_004068,Junior
R_004069,Senior
R_004070,Senior
R_004071,Mid
R_004072,Mid
R_004073,Junior
R_004074,Mid
R_004075,Junior
R_004076,Mid
R_004077,Mid
R_004078,Junior
R_004079,Junior
R_004080,Junior
R_004081,Junior
R_004082,Senior
R_004083,Senior
R_004084,Senior
R_004085,Mid
R_004086,Junior
R_004087,Mid
R_004088,Senior
R_004089,Junior
R_004090,Mid
R_004091,Mid
R_004092,Senior
R_004093,Junior
R_004094,Mid
R_004095,Junior
R_004096,Junior
R_004097,Senior
R_004098,Mid
R_004099,Senior
R_004100,Senior
R_004101,Senior
R_004102,Mid
R_004103,Senior
R_004104,Senior
R_004105,Mid
R_004106,Mid
R_004107,Junior
R_004108,Senior
R_004109,Senior
R_004110,Mid
R_004111,Junior
R_004112,Mid
R_004113,Mid
R_004114,Senior
R_004115,Junior
R_004116,Junior
R_004117,Junior
R_004118,Senior
R_004119,Mid
R_004120,Senior
R_004121,Mid
R_004122,Mid
R_004123,Mid
R_004124,Mid
R_004125,Junior
R_004126,Junior
R_004127,Senior
R_004128,Junior
R_004129,Junior
R_004130,Mid
R_004131,Junior
R_004132,Junior
R_004133,Senior
R_004134,Senior
R_004135,Senior
R_004136,Junior
R_004137,Junior
R_004138,Mid
R_004139,Senior
R_004140,Mid
R_004141,Junior
R_004142,Senior
R_004143,Mid
R_004144,Junior
R_004145,Mid
R_004146,Senior
R_004147,Junior
R_004148,Junior
R_004149,Junior
R_004150,Senior
R_004151,Junior
R_004152,Mid
R_004153,Junior
R_004154,Mid
R_004155,Mid
R_004156,Mid
R_004157,Mid
R_004158,Mid
R_004159,Junior
R_004160,Mid
R_004161,Junior
R_004162,Junior
R_004163,Senior
R_004164,Junior
R_004165,Junior
R_004166,Mid
R_004167,Junior
R_004168,Junior
R_004169,Senior
R_004170,Mid
R_004171,Mid
R_004172,Senior
R_004173,Junior
R_004174,Junior
R_004175,Senior
R_004176,Mid
R_004177,Senior
R_004178,Senior
R_004179,Senior
R_004180,Junior
R_004181,Mid
R_004182,Mid
R_004183,Junior
R_004184,Mid
R_004185,Junior
R_004186,Junior
R_004187,Mid
R_004188,Mid
R_004189,Junior
R_004190,Mid
R_004191,Senior
R_004192,Junior
R_004193,Mid
R_004194,Mid
R_004195,Senior
R_004196,Junior
R_004197,Senior
R_004198,Mid
R_004199,Mid
R_004200,Junior
R_004201,Mid
R_004202,Senior
R_004203,Senior
R_004204,Senior
R_004205,Mid
R_004206,Junior
R_004207,Mid
R_004208,Mid
R_004209,Mid
R_004210,Junior
R_004211,Senior
R_004212,Junior
R_004213,Junior
R_004214,Mid
R_004215,Mid
R_004216,Senior
R_004217,Junior
R_004218,Junior
R_004219,Junior
R_004220,Mid
R_004221,Mid
R_004222,Junior
R_004223,Senior
R_004224,Senior
R_004225,Senior
R_004226,Senior
R_004227,Junior
R_004228,Junior
R_004229,Senior
R_004230,Junior
R_004231,Junior
R_004232,Senior
R_004233,Junior
R_004234,Mid
R_004235,Mid
R_004236,Senior
R_004237,Junior
R_004238,Junior
R_004239,Junior
R_004240,Senior
R_004241,Senior
R_004242,Mid
R_004243,Junior
R_004244,Mid
R_004245,Senior
R_004246,Senior
R_004247,Mid
R_004248,Mid
R_004249,Senior
R_004250,Senior
R_004251,Junior
R_004252,Senior
R_004253,Senior
R_004254,Mid
R_004255,Junior
R_004256,Senior
R_004257,Mid
R_004258,Junior
R_004259,Mid
R_004260,Junior
R_004261,Junior
R_004262,Mid
R_004263,Junior
R_004264,Senior
R_004265,Senior
R_004266,Mid
R_004267,Mid
R_004268,Senior
R_004269,Senior
R_004270,Senior
R_004271,Junior
R_004272,Senior
R_004273,Junior
R_004274,Junior
R_004275,Junior
R_004276,Senior
R_004277,Junior
R_004278,Senior
R_004279,Senior
R_004280,Junior
R_004281,Junior
R_004282,Junior
R_004283,Senior
R_004284,Senior
R_004285,Junior
R_004286,Mid
R_004287,Mid
R_004288,Junior
R_004289,Junior
R_004290,Mid
R_004291,Junior
R_004292,Senior
R_004293,Junior
R_004294,Junior
R_004295,Junior
R_004296,Mid
R_004297,Senior
R_004298,Junior
R_004299,Mid
R_004300,Junior
R_004301,Junior
R_004302,Junior
R_004303,Senior
R_004304,Mid
R_004305,Junior
R_004306,Junior
R_004307,Senior
R_004308,Mid
R_004309,Senior
R_004310,Mid
R_004311,Mid
R_004312,Junior
R_004313,Mid
R_004314,Mid
R_004315,Mid
R_004316,Mid
R_004317,Senior
R_004318,Mid
R_004319,Junior
R_004320,Junior
R_004321,Senior
R_004322,Junior
R_004323,Mid
R_004324,Junior
R_004325,Junior
R_004326,Mid
R_004327,Junior
R_004328,Senior
R_004329,Senior
R_004330,Mid
R_004331,Senior
R_004332,Mid
R_004333,Junior
R_004334,Senior
R_004335,Senior
R_004336,Mid
R_004337,Junior
R_004338,Mid
R_004339,Mid
R_004340,Junior
R_004341,Junior
R_004342,Mid
R_004343,Senior
R_004344,Mid
R_004345,Mid
R_004346,Senior
R_004347,Mid
R_004348,Junior
R_004349,Junior
R_004350,Mid
R_004351,Junior
R_004352,Junior
R_004353,Senior
R_004354,Mid
R_004355,Senior
R_004356,Junior
R_004357,Mid
R_004358,Mid
R_004359,Mid
R_004360,Junior
R_004361,Mid
R_004362,Junior
R_004363,Senior
R_004364,Mid
R_004365,Junior
R_004366,Mid
R_004367,Senior
R_004368,Mid
R_004369,Senior
R_004370,Senior
R_004371,Mid
R_004372,Mid
R_004373,Senior
R_004374,Senior
R_004375,Junior
R_004376,Senior
R_004377,Mid
R_004378,Mid
R_004379,Mid
R_004380,Mid
R_004381,Junior
R_004382,Mid
R_004383,Senior
R_004384,Mid
R_004385,Junior
R_004386,Mid
R_004387,Mid
R_004388,Senior
R_004389,Senior
R_004390,Mid
R_004391,Mid
R_004392,Junior
R_004393,Junior
R_004394,Mid
R_004395,Mid
R_004396,Mid
R_004397,Senior
R_004398,Mid
R_004399,Mid
R_004400,Junior
R_004401,Senior
R_004402,Junior
R_004403,Senior
R_004404,Junior
R_004405,Senior
R_004406,Senior
R_004407,Senior
R_004408,Senior
R_004409,Junior
R_004410,Mid
R_004411,Senior
R_004412,Junior
R_004413,Mid
R_004414,Junior
R_004415,Mid
R_004416,Junior
R_004417,Senior
R_004418,Senior
R_004419,Junior
R_004420,Mid
R_004421,Senior
R_004422,Mid
R_004423,Senior
R_004424,Junior
R_004425,Junior
R_004426,Senior
R_004427,Senior
R_004428,Junior
R_004429,Junior
R_004430,Junior
R_004431,Junior
R_004432,Mid
R_004433,Senior
R_004434,Mid
R_004435,Mid
R_004436,Senior
R_004437,Mid
R_004438,Junior
R_004439,Junior
R_004440,Mid
R_004441,Mid
R_004442,Junior
R_004443,Senior
R_004444,Mid
R_004445,Senior
R_004446,Senior
R_004447,Junior
R_004448,Mid
R_004449,Junior
R_004450,Junior
R_004451,Junior
R_004452,Mid
R_004453,Junior
R_004454,Mid
R_004455,Junior
R_004456,Junior
R_004457,Senior
R_004458,Junior
R_004459,Mid
R_004460,Junior
R_004461,Senior
R_004462,Junior
R_004463,Mid
R_004464,Senior
R_004465,Mid
R_004466,Mid
R_004467,Senior
R_004468,Mid
R_004469,Mid
R_004470,Junior
R_004471,Senior
R_004472,Senior
R_004473,Mid
R_004474,Junior
R_004475,Senior
R_004476,Mid
R_004477,Senior
R_004478,Senior
R_004479,Junior
R_004480,Junior
R_004481,Junior
R_004482,Mid
R_004483,Senior
R_004484,Mid
R_004485,Senior
R_004486,Senior
R_004487,Mid
R_004488,Mid
R_004489,Mid
R_004490,Junior
R_004491,Junior
R_004492,Junior
R_004493,Mid
R_004494,Mid
R_004495,Senior
R_004496,Mid
R_004497,Junior
R_004498,Junior
R_004499,Senior
R_004500,Mid
R_004501,Senior
R_004502,Mid
R_004503,Mid
R_004504,Senior
R_004505,Mid
R_004506,Senior
R_004507,Mid
R_004508,Junior
R_004509,Junior
R_004510,Mid
R_004511,Junior
R_004512,Junior
R_004513,Junior
R_004514,Senior
R_004515,Mid
R_004516,Junior
R_004517,Junior
R_004518,Junior
R_004519,Mid
R_004520,Senior
R_004521,Mid
R_004522,Junior
R_004523,Mid
R_004524,Junior
R_004525,Junior
R_004526,Mid
R_004527,Mid
R_004528,Junior
R_004529,Junior
R_004530,Junior
R_004531,Junior
R_004532,Mid
R_004533,Junior
R_004534,Mid
R_004535,Senior
R_004536,Mid
R_004537,Mid
R_004538,Senior
R_004539,Mid
R_004540,Senior
R_004541,Mid
R_004542,Junior
R_004543,Senior
R_004544,Mid
R_004545,Senior
R_004546,Senior
R_004547,Mid
R_004548,Junior
R_004549,Senior
R_004550,Mid
R_004551,Junior
R_004552,Junior
R_004553,Junior
R_004554,Senior
R_004555,Senior
R_004556,Mid
R_004557,Senior
R_004558,Mid
R_004559,Mid
R_004560,Senior
R_004561,Junior
R_004562,Mid
R_004563,Junior
R_004564,Senior
R_004565,Junior
R_004566,Junior
R_004567,Senior
R_004568,Mid
R_004569,Junior
R_004570,Mid
R_004571,Mid
R_004572,Junior
R_004573,Junior
R_004574,Mid
R_004575,Mid
R_004576,Mid
R_004577,Mid
R_004578,Mid
R_004579,Mid
R_004580,Junior
R_004581,Senior
R_004582,Junior
R_004583,Senior
R_004584,Mid
R_004585,Mid
R_004586,Senior
R_004587,Junior
R_004588,Mid
R_004589,Junior
R_004590,Senior
R_004591,Mid
R_004592,Junior
R_004593,Senior
R_004594,Junior
R_004595,Mid
R_004596,Senior
R_004597,Junior
R_004598,Senior
R_004599,Mid
R_004600,Junior
R_004601,Mid
R_004602,Senior
R_004603,Junior
R_004604,Senior
R_004605,Junior
R_004606,Mid
R_004607,Senior
R_004608,Senior
R_004609,Senior
R_004610,Junior
R_004611,Mid
R_004612,Senior
R_004613,Junior
R_004614,Junior
R_004615,Junior
R_004616,Mid
R_004617,Mid
R_004618,Junior
R_004619,Mid
R_004620,Mid
R_004621,Mid
R_004622,Mid
R_004623,Mid
R_004624,Mid
R_004625,Senior
R_004626,Mid
R_004627,Mid
R_004628,Senior
R_004629,Mid
R_004630,Senior
R_004631,Mid
R_004632,Junior
R_004633,Senior
R_004634,Senior
R_004635,Junior
R_004636,Senior
R_004637,Senior
R_004638,Mid
R_004639,Senior
R_004640,Senior
R_004641,Junior
R_004642,Junior
R_004643,Mid
R_004644,Mid
R_004645,Senior
R_004646,Mid
R_004647,Mid
R_004648,Junior
R_004649,Junior
R_004650,Senior
R_004651,Mid
R_004652,Junior
R_004653,Junior
R_004654,Mid
R_004655,Junior
R_004656,Senior
R_004657,Senior
R_004658,Junior
R_004659,Junior
R_004660,Senior
R_004661,Junior
R_004662,Junior
R_004663,Mid
R_004664,Junior
R_004665,Senior
R_004666,Senior
R_004667,Mid
R_004668,Junior
R_004669,Junior
R_004670,Mid
R_004671,Junior
R_004672,Junior
R_004673,Senior
R_004674,Senior
R_004675,Junior
R_004676,Junior
R_004677,Junior
R_004678,Senior
R_004679,Mid
R_004680,Junior
R_004681,Junior
R_004682,Junior
R_004683,Senior
R_004684,Junior
R_004685,Senior
R_004686,Mid
R_004687,Mid
R_004688,Mid
R_004689,Junior
R_004690,Mid
R_004691,Junior
R_004692,Senior
R_004693,Senior
R_004694,Senior
R_004695,Mid
R_004696,Mid
R_004697,Senior
R_004698,Junior
R_004699,Junior
R_004700,Mid
R_004701,Senior
R_004702,Junior
R_004703,Mid
R_004704,Senior
R_004705,Junior
R_004706,Senior
R_004707,Mid
R_004708,Mid
R_004709,Mid
R_004710,Senior
R_004711,Mid
R_004712,Senior
R_004713,Senior
R_004714,Mid
R_004715,Junior
R_004716,Junior
R_004717,Senior
R_004718,Mid
R_004719,Senior
R_004720,Junior
R_004721,Junior
R_004722,Senior
R_004723,Mid
R_004724,Mid
R_004725,Senior
R_004726,Junior
R_004727,Senior
R_004728,Mid
R_004729,Junior
R_004730,Junior
R_004731,Junior
R_004732,Senior
R_004733,Mid
R_004734,Junior
R_004735,Mid
R_004736,Junior
R_004737,Mid
R_004738,Mid
R_004739,Junior
R_004740,Mid
R_004741,Senior
R_004742,Senior
R_004743,Mid
R_004744,Senior
R_004745,Mid
R_004746,Junior
R_004747,Junior
R_004748,Junior
R_004749,Senior
R_004750,Mid
R_004751,Mid
R_004752,Mid
R_004753,Mid
R_004754,Senior
R_004755,Mid
R_004756,Junior
R_004757,Senior
R_004758,Junior
R_004759,Mid
R_004760,Junior
R_004761,Junior
R_004762,Senior
R_004763,Senior
R_004764,Senior
R_004765,Junior
R_004766,Mid
R_004767,Senior
R_004768,Senior
R_004769,Senior
R_004770,Mid
R_004771,Senior
R_004772,Junior
R_004773,Senior
R_004774,Senior
R_004775,Senior
R_004776,Junior
R_004777,Junior
R_004778,Senior
R_004779,Junior
R_004780,Mid
R_004781,Senior
R_004782,Mid
R_004783,Senior
R_004784,Mid
R_004785,Junior
R_004786,Mid
R_004787,Junior
R_004788,Senior
R_004789,Mid
R_004790,Junior
R_004791,Senior
R_004792,Mid
R_004793,Mid
R_004794,Mid
R_004795,Junior
R_004796,Mid
R_004797,Mid
R_004798,Mid
R_004799,Senior
R_004800,Junior
R_004801,Senior
R_004802,Senior
R_004803,Senior
R_004804,Mid
R_004805,Mid
R_004806,Junior
R_004807,Senior
R_004808,Junior
R_004809,Junior
R_004810,Junior
R_004811,Junior
R_004812,Junior
R_004813,Junior
R_004814,Junior
R_004815,Senior
R_004816,Senior
R_004817,Senior
R_004818,Mid
R_004819,Mid
R_004820,Senior
R_004821,Senior
R_004822,Senior
R_004823,Junior
R_004824,Junior
R_004825,Mid
R_004826,Junior
R_004827,Junior
R_004828,Senior
R_004829,Senior
R_004830,Mid
R_004831,Mid
R_004832,Mid
R_004833,Junior
R_004834,Mid
R_004835,Senior
R_004836,Junior
R_004837,Mid
R_004838,Senior
R_004839,Senior
R_004840,Senior
R_004841,Junior
R_004842,Senior
R_004843,Mid
R_004844,Mid
R_004845,Senior
R_004846,Senior
R_004847,Mid
R_004848,Mid
R_004849,Mid
R_004850,Mid
R_004851,Junior
R_004852,Junior
R_004853,Senior
R_004854,Senior
R_004855,Junior
R_004856,Junior
R_004857,Junior
R_004858,Junior
R_004859,Senior
R_004860,Senior
R_004861,Senior
R_004862,Senior
R_004863,Senior
R_004864,Junior
R_004865,Mid
R_004866,Senior
R_004867,Junior
R_004868,Senior
R_004869,Mid
R_004870,Senior
R_004871,Mid
R_004872,Mid
R_004873,Senior
R_004874,Mid
R_004875,Senior
R_004876,Junior
R_004877,Junior
R_004878,Mid
R_004879,Senior
R_004880,Mid
R_004881,Mid
R_004882,Junior
R_004883,Mid
R_004884,Senior
R_004885,Mid
R_004886,Senior
R_004887,Mid
R_004888,Mid
R_004889,Mid
R_004890,Mid
R_004891,Mid
R_004892,Senior
R_004893,Junior
R_004894,Mid
R_004895,Mid
R_004896,Junior
R_004897,Senior
R_004898,Junior
R_004899,Senior
R_004900,Mid
R_004901,Mid
R_004902,Mid
R_004903,Mid
R_004904,Mid
R_004905,Junior
R_004906,Senior
R_004907,Junior
R_004908,Senior
R_004909,Senior
R_004910,Mid
R_004911,Mid
R_004912,Senior
R_004913,Junior
R_004914,Senior
R_004915,Junior
R_004916,Senior
R_004917,Junior
R_004918,Senior
R_004919,Mid
R_004920,Mid
R_004921,Senior
R_004922,Mid
R_004923,Mid
R_004924,Junior
R_004925,Junior
R_004926,Junior
R_004927,Senior
R_004928,Junior
R_004929,Senior
R_004930,Mid
R_004931,Junior
R_004932,Mid
R_004933,Junior
R_004934,Senior
R_004935,Mid
R_004936,Mid
R_004937,Senior
R_004938,Senior
R_004939,Senior
R_004940,Senior
R_004941,Mid
R_004942,Junior
R_004943,Senior
R_004944,Mid
R_004945,Junior
R_004946,Junior
R_004947,Mid
R_004948,Junior
R_004949,Mid
R_004950,Mid
R_004951,Senior
R_004952,Junior
R_004953,Junior
R_004954,Junior
R_004955,Senior
R_004956,Mid
R_004957,Senior
R_004958,Senior
R_004959,Mid
R_004960,Junior
R_004961,Junior
R_004962,Senior
R_004963,Senior
R_004964,Junior
R_004965,Junior
R_004966,Junior
R_004967,Senior
R_004968,Senior
R_004969,Junior
R_004970,Junior
R_004971,Mid
R_004972,Senior
R_004973,Senior
R_004974,Mid
R_004975,Senior
R_004976,Senior
R_004977,Senior
R_004978,Mid
R_004979,Mid
R_004980,Junior
R_004981,Junior
R_004982,Senior
R_004983,Mid
R_004984,Junior
R_004985,Junior
R_004986,Junior
R_004987,Junior
R_004988,Senior
R_004989,Junior
R_004990,Senior
R_004991,Mid
R_004992,Mid
R_004993,Mid
R_004994,Mid
R_004995,Senior
R_004996,Senior
R_004997,Senior
R_004998,Junior
R_004999,Junior
R_005000,Senior
R_005001,Senior
R_005002,Senior
R_005003,Senior
R_005004,Junior
R_005005,Mid
R_005006,Senior
R_005007,Senior
R_005008,Senior
R_005009,Junior
R_005010,Senior
R_005011,Senior
R_005012,Senior
R_005013,Junior
R_005014,Mid
R_005015,Junior
R_005016,Senior
R_005017,Junior
R_005018,Junior
R_005019,Senior
R_005020,Mid
R_005021,Senior
R_005022,Junior
R_005023,Junior
R_005024,Senior
R_005025,Mid
R_005026,Junior
R_005027,Senior
R_005028,Mid
R_005029,Junior
R_005030,Mid
R_005031,Mid
R_005032,Mid
R_005033,Junior
R_005034,Senior
R_005035,Senior
R_005036,Junior
R_005037,Mid
R_005038,Senior
R_005039,Junior
R_005040,Senior
R_005041,Junior
R_005042,Junior
R_005043,Senior
R_005044,Mid
R_005045,Junior
R_005046,Senior
R_005047,Junior
R_005048,Mid
R_005049,Junior
R_005050,Senior
R_005051,Junior
R_005052,Junior
R_005053,Senior
R_005054,Junior
R_005055,Junior
R_005056,Junior
R_005057,Junior
R_005058,Junior
R_005059,Junior
R_005060,Senior
R_005061,Mid
R_005062,Senior
R_005063,Junior
R_005064,Senior
R_005065,Junior
R_005066,Senior
R_005067,Junior
R_005068,Mid
R_005069,Junior
R_005070,Senior
R_005071,Junior
R_005072,Junior
R_005073,Senior
R_005074,Junior
R_005075,Mid
R_005076,Mid
R_005077,Senior
R_005078,Mid
R_005079,Junior
R_005080,Junior
R_005081,Mid
R_005082,Mid
R_005083,Senior
R_005084,Junior
R_005085,Junior
R_005086,Mid
R_005087,Mid
R_005088,Junior
R_005089,Mid
R_005090,Senior
R_005091,Junior
R_005092,Senior
R_005093,Senior
R_005094,Senior
R_005095,Senior
R_005096,Senior
R_005097,Senior
R_005098,Mid
R_005099,Senior
R_005100,Mid
R_005101,Mid
R_005102,Mid
R_005103,Senior
R_005104,Senior
R_005105,Senior
R_005106,Mid
R_005107,Mid
R_005108,Mid
R_005109,Junior
R_005110,Senior
R_005111,Mid
R_005112,Mid
R_005113,Senior
R_005114,Junior
R_005115,Senior
R_005116,Senior
R_005117,Junior
R_005118,Senior
R_005119,Senior
R_005120,Mid
R_005121,Senior
R_005122,Senior
R_005123,Mid
R_005124,Junior
R_005125,Junior
R_005126,Mid
R_005127,Mid
R_005128,Junior
R_005129,Senior
R_005130,Senior
R_005131,Senior
R_005132,Junior
R_005133,Mid
R_005134,Senior
R_005135,Mid
R_005136,Senior
R_005137,Junior
R_005138,Mid
R_005139,Senior
R_005140,Mid
R_005141,Senior
R_005142,Junior
R_005143,Junior
R_005144,Junior
R_005145,Junior
R_005146,Mid
R_005147,Junior
R_005148,Mid
R_005149,Mid
R_005150,Junior
R_005151,Senior
R_005152,Senior
R_005153,Senior
R_005154,Senior
R_005155,Mid
R_005156,Mid
R_005157,Senior
R_005158,Mid
R_005159,Mid
R_005160,Senior
R_005161,Senior
R_005162,Mid
R_005163,Senior
R_005164,Mid
R_005165,Senior
R_005166,Mid
R_005167,Junior
R_005168,Mid
R_005169,Senior
R_005170,Junior
R_005171,Senior
R_005172,Mid
R_005173,Senior
R_005174,Mid
R_005175,Mid
R_005176,Senior
R_005177,Junior
R_005178,Junior
R_005179,Senior
R_005180,Junior
R_005181,Junior
R_005182,Mid
R_005183,Mid
R_005184,Mid
R_005185,Junior
R_005186,Mid
R_005187,Junior
R_005188,Mid
R_005189,Junior
R_005190,Mid
R_005191,Senior
R_005192,Senior
R_005193,Junior
R_005194,Mid
R_005195,Junior
R_005196,Junior
R_005197,Senior
R_005198,Mid
R_005199,Mid
R_005200,Junior
R_005201,Senior
R_005202,Junior
R_005203,Junior
R_005204,Mid
R_005205,Mid
R_005206,Senior
R_005207,Mid
R_005208,Junior
R_005209,Junior
R_005210,Junior
R_005211,Junior
R_005212,Mid
R_005213,Mid
R_005214,Junior
R_005215,Senior
R_005216,Mid
R_005217,Senior
R_005218,Senior
R_005219,Mid
R_005220,Mid
R_005221,Senior
R_005222,Junior
R_005223,Junior
R_005224,Senior
R_005225,Senior
R_005226,Junior
R_005227,Mid
R_005228,Junior
R_005229,Junior
R_005230,Junior
R_005231,Senior
R_005232,Mid
R_005233,Senior
R_005234,Junior
R_005235,Junior
R_005236,Senior
R_005237,Junior
R_005238,Senior
R_005239,Senior
R_005240,Mid
R_005241,Mid
R_005242,Mid
R_005243,Senior
R_005244,Mid
R_005245,Senior
R_005246,Junior
R_005247,Senior
R_005248,Junior
R_005249,Mid
R_005250,Mid
R_005251,Senior
R_005252,Mid
R_005253,Mid
R_005254,Senior
R_005255,Mid
R_005256,Senior
R_005257,Mid
R_005258,Mid
R_005259,Senior
R_005260,Mid
R_005261,Junior
R_005262,Senior
R_005263,Junior
R_005264,Mid
R_005265,Junior
R_005266,Senior
R_005267,Mid
R_005268,Senior
R_005269,Junior
R_005270,Mid
R_005271,Senior
R_005272,Senior
R_005273,Senior
R_005274,Mid
R_005275,Mid
R_005276,Junior
R_005277,Junior
R_005278,Mid
R_005279,Senior
R_005280,Mid
R_005281,Senior
R_005282,Mid
R_005283,Mid
R_005284,Junior
R_005285,Senior
R_005286,Junior
R_005287,Senior
R_005288,Mid
R_005289,Senior
R_005290,Senior
R_005291,Senior
R_005292,Senior
R_005293,Mid
R_005294,Mid
R_005295,Mid
R_005296,Mid
R_005297,Mid
R_005298,Junior
R_005299,Mid
R_005300,Senior
R_005301,Junior
R_005302,Junior
R_005303,Junior
R_005304,Senior
R_005305,Junior
R_005306,Junior
R_005307,Junior
R_005308,Junior
R_005309,Junior
R_005310,Mid
R_005311,Mid
R_005312,Mid
R_005313,Junior
R_005314,Mid
R_005315,Junior
R_005316,Mid
R_005317,Mid
R_005318,Senior
R_005319,Mid
R_005320,Senior
R_005321,Junior
R_005322,Senior
R_005323,Senior
R_005324,Mid
R_005325,Mid
R_005326,Senior
R_005327,Junior
R_005328,Mid
R_005329,Senior
R_005330,Senior
R_005331,Mid
R_005332,Junior
R_005333,Junior
R_005334,Mid
R_005335,Junior
R_005336,Senior
R_005337,Mid
R_005338,Junior
R_005339,Senior
R_005340,Junior
R_005341,Mid
R_005342,Junior
R_005343,Senior
R_005344,Junior
R_005345,Mid
R_005346,Junior
R_005347,Junior
R_005348,Junior
R_005349,Mid
R_005350,Mid
R_005351,Mid
R_005352,Mid
R_005353,Senior
R_005354,Mid
R_005355,Mid
R_005356,Mid
R_005357,Mid
R_005358,Senior
R_005359,Senior
R_005360,Senior
R_005361,Junior
R_005362,Junior
R_005363,Mid
R_005364,Junior
R_005365,Mid
R_005366,Junior
R_005367,Senior
R_005368,Senior
R_005369,Mid
R_005370,Senior
R_005371,Mid
R_005372,Mid
R_005373,Junior
R_005374,Junior
R_005375,Mid
R_005376,Senior
R_005377,Junior
R_005378,Mid
R_005379,Senior
R_005380,Senior
R_005381,Senior
R_005382,Mid
R_005383,Senior
R_005384,Mid
R_005385,Senior
R_005386,Mid
R_005387,Senior
R_005388,Senior
R_005389,Senior
R_005390,Senior
R_005391,Senior
R_005392,Senior
R_005393,Junior
R_005394,Mid
R_005395,Senior
R_005396,Mid
R_005397,Senior
R_005398,Mid
R_005399,Senior
R_005400,Mid
R_005401,Senior
R_005402,Mid
R_005403,Senior
R_005404,Senior
R_005405,Mid
R_005406,Senior
R_005407,Mid
R_005408,Senior
R_005409,Senior
R_005410,Senior
R_005411,Mid
R_005412,Senior
R_005413,Junior
R_005414,Senior
R_005415,Senior
R_005416,Senior
R_005417,Mid
R_005418,Junior
R_005419,Senior
R_005420,Junior
R_005421,Junior
R_005422,Mid
R_005423,Mid
R_005424,Senior
R_005425,Junior
R_005426,Senior
R_005427,Senior
R_005428,Mid
R_005429,Mid
R_005430,Junior
R_005431,Mid
R_005432,Junior
R_005433,Junior
R_005434,Mid
R_005435,Mid
R_005436,Senior
R_005437,Mid
R_005438,Mid
R_005439,Junior
R_005440,Senior
R_005441,Junior
R_005442,Senior
R_005443,Junior
R_005444,Junior
R_005445,Mid
R_005446,Mid
R_005447,Mid
R_005448,Junior
R_005449,Senior
R_005450,Junior
R_005451,Senior
R_005452,Senior
R_005453,Senior
R_005454,Junior
R_005455,Junior
R_005456,Junior
R_005457,Senior
R_005458,Mid
R_005459,Mid
R_005460,Mid
R_005461,Junior
R_005462,Senior
R_005463,Senior
R_005464,Junior
R_005465,Junior
R_005466,Senior
R_005467,Junior
R_005468,Mid
R_005469,Junior
R_005470,Senior
R_005471,Junior
R_005472,Junior
R_005473,Senior
R_005474,Mid
R_005475,Junior
R_005476,Mid
R_005477,Junior
R_005478,Junior
R_005479,Junior
R_005480,Mid
R_005481,Mid
R_005482,Junior
R_005483,Mid
R_005484,Mid
R_005485,Junior
R_005486,Senior
R_005487,Mid
R_005488,Junior
R_005489,Senior
R_005490,Senior
R_005491,Junior
R_005492,Junior
R_005493,Senior
R_005494,Junior
R_005495,Junior
R_005496,Mid
R_005497,Junior
R_005498,Junior
R_005499,Senior
R_005500,Mid
R_005501,Senior
R_005502,Mid
R_005503,Senior
R_005504,Senior
R_005505,Senior
R_005506,Senior
R_005507,Senior
R_005508,Mid
R_005509,Junior
R_005510,Junior
R_005511,Senior
R_005512,Junior
R_005513,Mid
R_005514,Senior
R_005515,Senior
R_005516,Mid
R_005517,Senior
R_005518,Junior
R_005519,Junior
R_005520,Mid
R_005521,Mid
R_005522,Senior
R_005523,Mid
R_005524,Junior
R_005525,Senior
R_005526,Mid
R_005527,Junior
R_005528,Mid
R_005529,Senior
R_005530,Senior
R_005531,Mid
R_005532,Junior
R_005533,Junior
R_005534,Mid
R_005535,Mid
R_005536,Senior
R_005537,Senior
R_005538,Senior
R_005539,Junior
R_005540,Mid
R_005541,Senior
R_005542,Junior
R_005543,Mid
R_005544,Junior
R_005545,Mid
R_005546,Mid
R_005547,Mid
R_005548,Senior
R_005549,Junior
R_005550,Junior
R_005551,Mid
R_005552,Mid
R_005553,Junior
R_005554,Senior
R_005555,Senior
R_005556,Junior
R_005557,Senior
R_005558,Mid
R_005559,Senior
R_005560,Mid
R_005561,Junior
R_005562,Junior
R_005563,Junior
R_005564,Mid
R_005565,Junior
R_005566,Senior
R_005567,Senior
R_005568,Junior
R_005569,Senior
R_005570,Senior
R_005571,Senior
R_005572,Senior
R_005573,Junior
R_005574,Senior
R_005575,Mid
R_005576,Junior
R_005577,Mid
R_005578,Junior
R_005579,Senior
R_005580,Senior
R_005581,Junior
R_005582,Mid
R_005583,Junior
R_005584,Junior
R_005585,Junior
R_005586,Mid
R_005587,Senior
R_005588,Senior
R_005589,Mid
R_005590,Senior
R_005591,Junior
R_005592,Junior
R_005593,Senior
R_005594,Mid
R_005595,Mid
R_005596,Junior
R_005597,Senior
R_005598,Junior
R_005599,Mid
R_005600,Junior
R_005601,Junior
R_005602,Senior
R_005603,Senior
R_005604,Mid
R_005605,Junior
R_005606,Mid
R_005607,Mid
R_005608,Mid
R_005609,Junior
R_005610,Senior
R_005611,Mid
R_005612,Mid
R_005613,Junior
R_005614,Junior
R_005615,Senior
R_005616,Junior
R_005617,Senior
R_005618,Mid
R_005619,Mid
R_005620,Junior
R_005621,Senior
R_005622,Mid
R_005623,Mid
R_005624,Junior
R_005625,Mid
R_005626,Junior
R_005627,Junior
R_005628,Mid
R_005629,Junior
R_005630,Senior
R_005631,Junior
R_005632,Mid
R_005633,Senior
R_005634,Senior
R_005635,Junior
R_005636,Mid
R_005637,Mid
R_005638,Junior
R_005639,Mid
R_005640,Senior
R_005641,Senior
R_005642,Junior
R_005643,Senior
R_005644,Junior
R_005645,Senior
R_005646,Senior
R_005647,Junior
R_005648,Junior
R_005649,Junior
R_005650,Mid
R_005651,Senior
R_005652,Junior
R_005653,Mid
R_005654,Junior
R_005655,Junior
R_005656,Junior
R_005657,Junior
R_005658,Senior
R_005659,Senior
R_005660,Junior
R_005661,Junior
R_005662,Junior
R_005663,Junior
R_005664,Mid
R_005665,Junior
R_005666,Junior
R_005667,Senior
R_005668,Senior
R_005669,Mid
R_005670,Mid
R_005671,Senior
R_005672,Junior
R_005673,Junior
R_005674,Mid
R_005675,Mid
R_005676,Junior
R_005677,Junior
R_005678,Mid
R_005679,Mid
R_005680,Junior
R_005681,Senior
R_005682,Junior
R_005683,Junior
R_005684,Mid
R_005685,Mid
R_005686,Junior
R_005687,Junior
R_005688,Junior
R_005689,Mid
R_005690,Senior
R_005691,Senior
R_005692,Junior
R_005693,Mid
R_005694,Mid
R_005695,Junior
R_005696,Senior
R_005697,Senior
R_005698,Mid
R_005699,Junior
R_005700,Junior
R_005701,Mid
R_005702,Mid
R_005703,Mid
R_005704,Mid
R_005705,Mid
R_005706,Junior
R_005707,Mid
R_005708,Junior
R_005709,Mid
R_005710,Senior
R_005711,Junior
R_005712,Mid
R_005713,Junior
R_005714,Junior
R_005715,Junior
R_005716,Mid
R_005717,Senior
R_005718,Senior
R_005719,Junior
R_005720,Junior
R_005721,Senior
R_005722,Senior
R_005723,Junior
R_005724,Senior
R_005725,Mid
R_005726,Senior
R_005727,Senior
R_005728,Senior
R_005729,Junior
R_005730,Junior
R_005731,Junior
R_005732,Mid
R_005733,Senior
R_005734,Mid
R_005735,Junior
R_005736,Mid
R_005737,Senior
R_005738,Junior
R_005739,Mid
R_005740,Junior
R_005741,Junior
R_005742,Mid
R_005743,Junior
R_005744,Senior
R_005745,Senior
R_005746,Mid
R_005747,Junior
R_005748,Mid
R_005749,Mid
R_005750,Mid
R_005751,Junior
R_005752,Mid
R_005753,Senior
R_005754,Junior
R_005755,Junior
R_005756,Mid
R_005757,Junior
R_005758,Junior
R_005759,Junior
R_005760,Mid
R_005761,Senior
R_005762,Mid
R_005763,Junior
R_005764,Senior
R_005765,Junior
R_005766,Senior
R_005767,Junior
R_005768,Mid
R_005769,Junior
R_005770,Mid
R_005771,Junior
R_005772,Junior
R_005773,Junior
R_005774,Mid
R_005775,Mid
R_005776,Senior
R_005777,Mid
R_005778,Mid
R_005779,Junior
R_005780,Junior
R_005781,Mid
R_005782,Mid
R_005783,Junior
R_005784,Mid
R_005785,Junior
R_005786,Mid
R_005787,Mid
R_005788,Mid
R_005789,Junior
R_005790,Junior
R_005791,Mid
R_005792,Mid
R_005793,Senior
R_005794,Mid
R_005795,Junior
R_005796,Senior
R_005797,Senior
R_005798,Senior
R_005799,Senior
R_005800,Senior
R_005801,Mid
R_005802,Junior
R_005803,Senior
R_005804,Mid
R_005805,Mid
R_005806,Senior
R_005807,Senior
R_005808,Senior
R_005809,Junior
R_005810,Mid
R_005811,Senior
R_005812,Junior
R_005813,Mid
R_005814,Mid
R_005815,Mid
R_005816,Mid
R_005817,Mid
R_005818,Junior
R_005819,Junior
R_005820,Senior
R_005821,Mid
R_005822,Senior
R_005823,Senior
R_005824,Junior
R_005825,Junior
R_005826,Junior
R_005827,Junior
R_005828,Junior
R_005829,Senior
R_005830,Mid
R_005831,Junior
R_005832,Junior
R_005833,Senior
R_005834,Mid
R_005835,Junior
R_005836,Senior
R_005837,Mid
R_005838,Mid
R_005839,Senior
R_005840,Senior
R_005841,Senior
R_005842,Senior
R_005843,Senior
R_005844,Junior
R_005845,Senior
R_005846,Junior
R_005847,Senior
R_005848,Mid
R_005849,Senior
R_005850,Mid
R_005851,Senior
R_005852,Junior
R_005853,Senior
R_005854,Junior
R_005855,Junior
R_005856,Mid
R_005857,Senior
R_005858,Junior
R_005859,Senior
R_005860,Mid
R_005861,Mid
R_005862,Junior
R_005863,Mid
R_005864,Mid
R_005865,Senior
R_005866,Mid
R_005867,Mid
R_005868,Senior
R_005869,Mid
R_005870,Senior
R_005871,Junior
R_005872,Mid
R_005873,Mid
R_005874,Mid
R_005875,Mid
R_005876,Junior
R_005877,Mid
R_005878,Junior
R_005879,Junior
R_005880,Mid
R_005881,Junior
R_005882,Senior
R_005883,Senior
R_005884,Mid
R_005885,Mid
R_005886,Senior
R_005887,Mid
R_005888,Senior
R_005889,Mid
R_005890,Senior
R_005891,Senior
R_005892,Junior
R_005893,Junior
R_005894,Mid
R_005895,Junior
R_005896,Junior
R_005897,Junior
R_005898,Senior
R_005899,Mid
R_005900,Junior
R_005901,Senior
R_005902,Junior
R_005903,Junior
R_005904,Senior
R_005905,Junior
R_005906,Senior
R_005907,Junior
R_005908,Junior
R_005909,Mid
R_005910,Junior
R_005911,Mid
R_005912,Mid
R_005913,Junior
R_005914,Senior
R_005915,Junior
R_005916,Junior
R_005917,Mid
R_005918,Senior
R_005919,Mid
R_005920,Senior
R_005921,Senior
R_005922,Junior
R_005923,Junior
R_005924,Senior
R_005925,Senior
R_005926,Senior
R_005927,Mid
R_005928,Mid
R_005929,Senior
R_005930,Senior
R_005931,Senior
R_005932,Senior
R_005933,Senior
R_005934,Junior
R_005935,Senior
R_005936,Senior
R_005937,Mid
R_005938,Senior
R_005939,Junior
R_005940,Junior
R_005941,Junior
R_005942,Senior
R_005943,Mid
R_005944,Junior
R_005945,Mid
R_005946,Senior
R_005947,Senior
R_005948,Junior
R_005949,Mid
R_005950,Junior
R_005951,Senior
R_005952,Junior
R_005953,Junior
R_005954,Junior
R_005955,Junior
R_005956,Junior
R_005957,Mid
R_005958,Junior
R_005959,Senior
R_005960,Mid
R_005961,Senior
R_005962,Junior
R_005963,Junior
R_005964,Mid
R_005965,Junior
R_005966,Senior
R_005967,Senior
R_005968,Senior
R_005969,Mid
R_005970,Junior
R_005971,Mid
R_005972,Junior
R_005973,Junior
R_005974,Junior
R_005975,Senior
R_005976,Junior
R_005977,Mid
R_005978,Mid
R_005979,Junior
R_005980,Mid
R_005981,Junior
R_005982,Mid
R_005983,Senior
R_005984,Senior
R_005985,Senior
R_005986,Mid
R_005987,Junior
R_005988,Mid
R_005989,Mid
R_005990,Senior
R_005991,Junior
R_005992,Mid
R_005993,Junior
R_005994,Senior
R_005995,Mid
R_005996,Junior
R_005997,Junior
R_005998,Junior
R_005999,Mid
R_006000,Mid
R_006001,Mid
R_006002,Senior
R_006003,Junior
R_006004,Mid
R_006005,Mid
R_006006,Mid
R_006007,Mid
R_006008,Senior
R_006009,Senior
R_006010,Mid
R_006011,Mid
R_006012,Senior
R_006013,Mid
R_006014,Senior
R_006015,Mid
R_006016,Mid
R_006017,Mid
R_006018,Junior
R_006019,Mid
R_006020,Mid
R_006021,Junior
R_006022,Junior
R_006023,Senior
R_006024,Senior
R_006025,Mid
R_006026,Mid
R_006027,Senior
R_006028,Senior
R_006029,Junior
R_006030,Senior
R_006031,Mid
R_006032,Mid
R_006033,Senior
R_006034,Senior
R_006035,Senior
R_006036,Junior
R_006037,Mid
R_006038,Senior
R_006039,Senior
R_006040,Mid
R_006041,Junior
R_006042,Senior
R_006043,Junior
R_006044,Mid
R_006045,Junior
R_006046,Senior
R_006047,Mid
R_006048,Senior
R_006049,Junior
R_006050,Senior
R_006051,Mid
R_006052,Senior
R_006053,Junior
R_006054,Junior
R_006055,Mid
R_006056,Senior
R_006057,Junior
R_006058,Senior
R_006059,Mid
R_006060,Senior
R_006061,Junior
R_006062,Mid
R_006063,Junior
R_006064,Senior
R_006065,Junior
R_006066,Junior
R_006067,Senior
R_006068,Junior
R_006069,Junior
R_006070,Senior
R_006071,Mid
R_006072,Junior
R_006073,Junior
R_006074,Junior
R_006075,Mid
R_006076,Senior
R_006077,Junior
R_006078,Junior
R_006079,Junior
R_006080,Mid
R_006081,Senior
R_006082,Junior
R_006083,Senior
R_006084,Mid
R_006085,Junior
R_006086,Junior
R_006087,Junior
R_006088,Mid
R_006089,Junior
R_006090,Junior
R_006091,Senior
R_006092,Mid
R_006093,Junior
R_006094,Mid
R_006095,Junior
R_006096,Mid
R_006097,Mid
R_006098,Mid
R_006099,Mid
R_006100,Mid
R_006101,Mid
R_006102,Mid
R_006103,Senior
R_006104,Mid
R_006105,Senior
R_006106,Mid
R_006107,Junior
R_006108,Senior
R_006109,Mid
R_006110,Senior
R_006111,Junior
R_006112,Junior
R_006113,Mid
R_006114,Mid
R_006115,Mid
R_006116,Mid
R_006117,Mid
R_006118,Junior
R_006119,Mid
R_006120,Senior
R_006121,Mid
R_006122,Senior
R_006123,Junior
R_006124,Mid
R_006125,Junior
R_006126,Mid
R_006127,Senior
R_006128,Mid
R_006129,Senior
R_006130,Junior
R_006131,Mid
R_006132,Senior
R_006133,Junior
R_006134,Senior
R_006135,Senior
R_006136,Senior
R_006137,Junior
R_006138,Mid
R_006139,Junior
R_006140,Mid
R_006141,Mid
R_006142,Mid
R_006143,Mid
R_006144,Mid
R_006145,Senior
R_006146,Mid
R_006147,Senior
R_006148,Senior
R_006149,Senior
R_006150,Junior
R_006151,Mid
R_006152,Junior
R_006153,Mid
R_006154,Mid
R_006155,Mid
R_006156,Junior
R_006157,Junior
R_006158,Junior
R_006159,Senior
R_006160,Mid
R_006161,Junior
R_006162,Senior
R_006163,Senior
R_006164,Mid
R_006165,Junior
R_006166,Mid
R_006167,Mid
R_006168,Mid
R_006169,Mid
R_006170,Mid
R_006171,Junior
R_006172,Senior
R_006173,Mid
R_006174,Senior
R_006175,Mid
R_006176,Senior
R_006177,Senior
R_006178,Junior
R_006179,Mid
R_006180,Junior
R_006181,Senior
R_006182,Senior
R_006183,Senior
R_006184,Senior
R_006185,Senior
R_006186,Senior
R_006187,Senior
R_006188,Senior
R_006189,Senior
R_006190,Mid
R_006191,Junior
R_006192,Mid
R_006193,Junior
R_006194,Junior
R_006195,Mid
R_006196,Mid
R_006197,Mid
R_006198,Senior
R_006199,Mid
R_006200,Mid
R_006201,Junior
R_006202,Junior
R_006203,Senior
R_006204,Senior
R_006205,Junior
R_006206,Mid
R_006207,Mid
R_006208,Junior
R_006209,Senior
R_006210,Senior
R_006211,Mid
R_006212,Mid
R_006213,Senior
R_006214,Junior
R_006215,Mid
R_006216,Senior
R_006217,Mid
R_006218,Mid
R_006219,Mid
R_006220,Mid
R_006221,Mid
R_006222,Senior
R_006223,Senior
R_006224,Junior
R_006225,Junior
R_006226,Junior
R_006227,Senior
R_006228,Senior
R_006229,Mid
R_006230,Senior
R_006231,Mid
R_006232,Mid
R_006233,Junior
R_006234,Senior
R_006235,Junior
R_006236,Mid
R_006237,Junior
R_006238,Junior
R_006239,Senior
R_006240,Mid
R_006241,Mid
R_006242,Senior
R_006243,Mid
R_006244,Senior
R_006245,Junior
R_006246,Mid
R_006247,Junior
R_006248,Mid
R_006249,Junior
R_006250,Junior
R_006251,Senior
R_006252,Junior
R_006253,Mid
R_006254,Junior
R_006255,Senior
R_006256,Senior
R_006257,Senior
R_006258,Senior
R_006259,Senior
R_006260,Senior
R_006261,Senior
R_006262,Mid
R_006263,Junior
R_006264,Mid
R_006265,Junior
R_006266,Mid
R_006267,Mid
R_006268,Senior
R_006269,Mid
R_006270,Mid
R_006271,Junior
R_006272,Senior
R_006273,Junior
R_006274,Senior
R_006275,Senior
R_006276,Mid
R_006277,Senior
R_006278,Senior
R_006279,Mid
R_006280,Junior
R_006281,Mid
R_006282,Junior
R_006283,Mid
R_006284,Junior
R_006285,Junior
R_006286,Junior
R_006287,Junior
R_006288,Senior
R_006289,Junior
R_006290,Mid
R_006291,Junior
R_006292,Junior
R_006293,Mid
R_006294,Mid
R_006295,Junior
R_006296,Senior
R_006297,Senior
R_006298,Junior
R_006299,Mid
R_006300,Junior
R_006301,Senior
R_006302,Junior
R_006303,Senior
R_006304,Mid
R_006305,Mid
R_006306,Mid
R_006307,Mid
R_006308,Junior
R_006309,Mid
R_006310,Mid
R_006311,Junior
R_006312,Senior
R_006313,Senior
R_006314,Mid
R_006315,Senior
R_006316,Mid
R_006317,Mid
R_006318,Mid
R_006319,Junior
R_006320,Senior
R_006321,Senior
R_006322,Junior
R_006323,Junior
R_006324,Mid
R_006325,Mid
R_006326,Mid
R_006327,Junior
R_006328,Junior
R_006329,Senior
R_006330,Junior
R_006331,Senior
R_006332,Senior
R_006333,Mid
R_006334,Junior
R_006335,Senior
R_006336,Mid
R_006337,Senior
R_006338,Junior
R_006339,Mid
R_006340,Junior
R_006341,Junior
R_006342,Senior
R_006343,Junior
R_006344,Senior
R_006345,Mid
R_006346,Mid
R_006347,Senior
R_006348,Junior
R_006349,Junior
R_006350,Mid
R_006351,Junior
R_006352,Senior
R_006353,Senior
R_006354,Junior
R_006355,Mid
R_006356,Senior
R_006357,Senior
R_006358,Junior
R_006359,Senior
R_006360,Mid
R_006361,Junior
R_006362,Mid
R_006363,Senior
R_006364,Mid
R_006365,Mid
R_006366,Mid
R_006367,Mid
R_006368,Junior
R_006369,Junior
R_006370,Mid
R_006371,Junior
R_006372,Senior
R_006373,Junior
R_006374,Mid
R_006375,Junior
R_006376,Senior
R_006377,Junior
R_006378,Mid
R_006379,Senior
R_006380,Mid
R_006381,Junior
R_006382,Senior
R_006383,Junior
R_006384,Senior
R_006385,Mid
R_006386,Senior
R_006387,Junior
R_006388,Senior
R_006389,Mid
R_006390,Junior
R_006391,Mid
R_006392,Junior
R_006393,Junior
R_006394,Junior
R_006395,Junior
R_006396,Mid
R_006397,Mid
R_006398,Mid
R_006399,Junior
R_006400,Junior
R_006401,Mid
R_006402,Junior
R_006403,Junior
R_006404,Junior
R_006405,Junior
R_006406,Junior
R_006407,Junior
R_006408,Junior
R_006409,Senior
R_006410,Mid
R_006411,Mid
R_006412,Mid
R_006413,Junior
R_006414,Senior
R_006415,Mid
R_006416,Senior
R_006417,Senior
R_006418,Junior
R_006419,Senior
R_006420,Junior
R_006421,Mid
R_006422,Mid
R_006423,Senior
R_006424,Senior
R_006425,Junior
R_006426,Junior
R_006427,Mid
R_006428,Senior
R_006429,Mid
R_006430,Senior
R_006431,Junior
R_006432,Senior
R_006433,Senior
R_006434,Junior
R_006435,Mid
R_006436,Junior
R_006437,Mid
R_006438,Mid
R_006439,Junior
R_006440,Junior
R_006441,Mid
R_006442,Mid
R_006443,Senior
R_006444,Junior
R_006445,Junior
R_006446,Mid
R_006447,Junior
R_006448,Junior
R_006449,Junior
R_006450,Senior
R_006451,Senior
R_006452,Junior
R_006453,Senior
R_006454,Senior
R_006455,Senior
R_006456,Junior
R_006457,Junior
R_006458,Mid
R_006459,Senior
R_006460,Junior
R_006461,Junior
R_006462,Mid
R_006463,Senior
R_006464,Mid
R_006465,Senior
R_006466,Senior
R_006467,Mid
R_006468,Junior
R_006469,Mid
R_006470,Senior
R_006471,Senior
R_006472,Junior
R_006473,Mid
R_006474,Mid
R_006475,Mid
R_006476,Senior
R_006477,Mid
R_006478,Mid
R_006479,Junior
R_006480,Senior
R_006481,Senior
R_006482,Junior
R_006483,Senior
R_006484,Junior
R_006485,Junior
R_006486,Mid
R_006487,Junior
R_006488,Mid
R_006489,Junior
R_006490,Mid
R_006491,Junior
R_006492,Mid
R_006493,Junior
R_006494,Mid
R_006495,Junior
R_006496,Junior
R_006497,Mid
R_006498,Mid
R_006499,Mid
R_006500,Junior
R_006501,Senior
R_006502,Junior
R_006503,Senior
R_006504,Mid
R_006505,Junior
R_006506,Mid
R_006507,Mid
R_006508,Mid
R_006509,Mid
R_006510,Junior
R_006511,Senior
R_006512,Mid
R_006513,Mid
R_006514,Mid
R_006515,Senior
R_006516,Senior
R_006517,Senior
R_006518,Mid
R_006519,Mid
R_006520,Junior
R_006521,Mid
R_006522,Senior
R_006523,Junior
R_006524,Junior
R_006525,Mid
R_006526,Junior
R_006527,Mid
R_006528,Senior
R_006529,Mid
R_006530,Senior
R_006531,Mid
R_006532,Senior
R_006533,Mid
R_006534,Junior
R_006535,Junior
R_006536,Junior
R_006537,Junior
R_006538,Senior
R_006539,Senior
R_006540,Mid
R_006541,Junior
R_006542,Senior
R_006543,Mid
R_006544,Junior
R_006545,Mid
R_006546,Senior
R_006547,Senior
R_006548,Mid
R_006549,Senior
R_006550,Mid
R_006551,Senior
R_006552,Senior
R_006553,Senior
R_006554,Senior
R_006555,Senior
R_006556,Senior
R_006557,Senior
R_006558,Mid
R_006559,Senior
R_006560,Senior
R_006561,Mid
R_006562,Mid
R_006563,Mid
R_006564,Senior
R_006565,Mid
R_006566,Junior
R_006567,Senior
R_006568,Junior
R_006569,Mid
R_006570,Mid
R_006571,Mid
R_006572,Mid
R_006573,Junior
R_006574,Senior
R_006575,Senior
R_006576,Junior
R_006577,Senior
R_006578,Senior
R_006579,Junior
R_006580,Junior
R_006581,Senior
R_006582,Mid
R_006583,Junior
R_006584,Senior
R_006585,Mid
R_006586,Junior
R_006587,Junior
R_006588,Junior
R_006589,Senior
R_006590,Senior
R_006591,Senior
R_006592,Mid
R_006593,Senior
R_006594,Senior
R_006595,Senior
R_006596,Mid
R_006597,Senior
R_006598,Junior
R_006599,Junior
R_006600,Junior
R_006601,Senior
R_006602,Senior
R_006603,Junior
R_006604,Mid
R_006605,Mid
R_006606,Senior
R_006607,Mid
R_006608,Mid
R_006609,Junior
R_006610,Junior
R_006611,Mid
R_006612,Junior
R_006613,Junior
R_006614,Junior
R_006615,Senior
R_006616,Mid
R_006617,Senior
R_006618,Junior
R_006619,Junior
R_006620,Junior
R_006621,Senior
R_006622,Junior
R_006623,Senior
R_006624,Senior
R_006625,Senior
R_006626,Junior
R_006627,Junior
R_006628,Senior
R_006629,Mid
R_006630,Junior
R_006631,Junior
R_006632,Mid
R_006633,Mid
R_006634,Senior
R_006635,Senior
R_006636,Senior
R_006637,Mid
R_006638,Mid
R_006639,Mid
R_006640,Junior
R_006641,Junior
R_006642,Junior
R_006643,Senior
R_006644,Senior
R_006645,Junior
R_006646,Senior
R_006647,Mid
R_006648,Junior
R_006649,Mid
R_006650,Senior
R_006651,Senior
R_006652,Junior
R_006653,Junior
R_006654,Junior
R_006655,Senior
R_006656,Junior
R_006657,Senior
R_006658,Mid
R_006659,Junior
R_006660,Junior
R_006661,Mid
R_006662,Junior
R_006663,Mid
R_006664,Mid
R_006665,Mid
R_006666,Senior
R_006667,Junior
R_006668,Mid
R_006669,Junior
R_006670,Senior
R_006671,Junior
R_006672,Junior
R_006673,Mid
R_006674,Senior
R_006675,Junior
R_006676,Junior
R_006677,Junior
R_006678,Junior
R_006679,Mid
R_006680,Senior
R_006681,Junior
R_006682,Senior
R_006683,Mid
R_006684,Mid
R_006685,Junior
R_006686,Mid
R_006687,Senior
R_006688,Junior
R_006689,Mid
R_006690,Mid
R_006691,Senior
R_006692,Junior
R_006693,Senior
R_006694,Junior
R_006695,Senior
R_006696,Mid
R_006697,Mid
R_006698,Mid
R_006699,Mid
R_006700,Junior
R_006701,Junior
R_006702,Junior
R_006703,Mid
R_006704,Senior
R_006705,Mid
R_006706,Junior
R_006707,Junior
R_006708,Junior
R_006709,Senior
R_006710,Junior
R_006711,Mid
R_006712,Mid
R_006713,Senior
R_006714,Mid
R_006715,Junior
R_006716,Junior
R_006717,Mid
R_006718,Mid
R_006719,Junior
R_006720,Senior
R_006721,Junior
R_006722,Junior
R_006723,Senior
R_006724,Junior
R_006725,Senior
R_006726,Junior
R_006727,Senior
R_006728,Senior
R_006729,Mid
R_006730,Junior
R_006731,Junior
R_006732,Junior
R_006733,Mid
R_006734,Junior
R_006735,Senior
R_006736,Mid
R_006737,Mid
R_006738,Senior
R_006739,Senior
R_006740,Senior
R_006741,Senior
R_006742,Junior
R_006743,Junior
R_006744,Senior
R_006745,Senior
R_006746,Junior
R_006747,Senior
R_006748,Senior
R_006749,Junior
R_006750,Mid
R_006751,Mid
R_006752,Junior
R_006753,Mid
R_006754,Junior
R_006755,Senior
R_006756,Mid
R_006757,Mid
R_006758,Mid
R_006759,Mid
R_006760,Senior
R_006761,Junior
R_006762,Senior
R_006763,Junior
R_006764,Mid
R_006765,Senior
R_006766,Junior
R_006767,Mid
R_006768,Senior
R_006769,Senior
R_006770,Mid
R_006771,Junior
R_006772,Junior
R_006773,Senior
R_006774,Senior
R_006775,Junior
R_006776,Junior
R_006777,Junior
R_006778,Mid
R_006779,Senior
R_006780,Junior
R_006781,Mid
R_006782,Senior
R_006783,Junior
R_006784,Junior
R_006785,Mid
R_006786,Junior
R_006787,Junior
R_006788,Senior
R_006789,Junior
R_006790,Junior
R_006791,Junior
R_006792,Junior
R_006793,Senior
R_006794,Junior
R_006795,Senior
R_006796,Mid
R_006797,Junior
R_006798,Senior
R_006799,Senior
R_006800,Mid
R_006801,Mid
R_006802,Junior
R_006803,Junior
R_006804,Mid
R_006805,Mid
R_006806,Senior
R_006807,Junior
R_006808,Junior
R_006809,Mid
R_006810,Junior
R_006811,Junior
R_006812,Junior
R_006813,Junior
R_006814,Mid
R_006815,Mid
R_006816,Senior
R_006817,Senior
R_006818,Senior
R_006819,Senior
R_006820,Senior
R_006821,Junior
R_006822,Senior
R_006823,Mid
R_006824,Junior
R_006825,Junior
R_006826,Junior
R_006827,Senior
R_006828,Senior
R_006829,Senior
R_006830,Senior
R_006831,Junior
R_006832,Mid
R_006833,Senior
R_006834,Junior
R_006835,Junior
R_006836,Senior
R_006837,Junior
R_006838,Junior
R_006839,Mid
R_006840,Mid
R_006841,Mid
R_006842,Junior
R_006843,Senior
R_006844,Senior
R_006845,Senior
R_006846,Senior
R_006847,Senior
R_006848,Senior
R_006849,Junior
R_006850,Junior
R_006851,Senior
R_006852,Junior
R_006853,Junior
R_006854,Senior
R_006855,Junior
R_006856,Junior
R_006857,Junior
R_006858,Mid
R_006859,Senior
R_006860,Junior
R_006861,Mid
R_006862,Junior
R_006863,Senior
R_006864,Junior
R_006865,Mid
R_006866,Mid
R_006867,Mid
R_006868,Junior
R_006869,Senior
R_006870,Mid
R_006871,Junior
R_006872,Mid
R_006873,Junior
R_006874,Senior
R_006875,Senior
R_006876,Senior
R_006877,Junior
R_006878,Mid
R_006879,Mid
R_006880,Senior
R_006881,Senior
R_006882,Senior
R_006883,Senior
R_006884,Mid
R_006885,Junior
R_006886,Junior
R_006887,Senior
R_006888,Mid
R_006889,Senior
R_006890,Senior
R_006891,Senior
R_006892,Senior
R_006893,Mid
R_006894,Senior
R_006895,Senior
R_006896,Senior
R_006897,Senior
R_006898,Mid
R_006899,Senior
R_006900,Mid
R_006901,Senior
R_006902,Mid
R_006903,Junior
R_006904,Senior
R_006905,Junior
R_006906,Mid
R_006907,Junior
R_006908,Senior
R_006909,Senior
R_006910,Mid
R_006911,Senior
R_006912,Junior
R_006913,Junior
R_006914,Junior
R_006915,Mid
R_006916,Senior
R_006917,Junior
R_006918,Senior
R_006919,Senior
R_006920,Senior
R_006921,Junior
R_006922,Junior
R_006923,Junior
R_006924,Senior
R_006925,Junior
R_006926,Mid
R_006927,Mid
R_006928,Senior
R_006929,Junior
R_006930,Junior
R_006931,Junior
R_006932,Junior
R_006933,Senior
R_006934,Junior
R_006935,Mid
R_006936,Mid
R_006937,Mid
R_006938,Junior
R_006939,Junior
R_006940,Junior
R_006941,Junior
R_006942,Junior
R_006943,Senior
R_006944,Mid
R_006945,Junior
R_006946,Junior
R_006947,Senior
R_006948,Senior
R_006949,Mid
R_006950,Mid
R_006951,Junior
R_006952,Junior
R_006953,Junior
R_006954,Mid
R_006955,Senior
R_006956,Mid
R_006957,Senior
R_006958,Junior
R_006959,Junior
R_006960,Junior
R_006961,Mid
R_006962,Junior
R_006963,Senior
R_006964,Mid
R_006965,Mid
R_006966,Mid
R_006967,Senior
R_006968,Mid
R_006969,Junior
R_006970,Junior
R_006971,Mid
R_006972,Mid
R_006973,Mid
R_006974,Mid
R_006975,Junior
R_006976,Senior
R_006977,Junior
R_006978,Senior
R_006979,Junior
R_006980,Mid
R_006981,Senior
R_006982,Mid
R_006983,Mid
R_006984,Mid
R_006985,Junior
R_006986,Junior
R_006987,Senior
R_006988,Senior
R_006989,Mid
R_006990,Senior
R_006991,Mid
R_006992,Mid
R_006993,Junior
R_006994,Senior
R_006995,Mid
R_006996,Senior
R_006997,Mid
R_006998,Junior
R_006999,Mid
R_007000,Mid
R_007001,Mid
R_007002,Senior
R_007003,Junior
R_007004,Junior
R_007005,Junior
R_007006,Junior
R_007007,Mid
R_007008,Senior
R_007009,Senior
R_007010,Junior
R_007011,Junior
R_007012,Junior
R_007013,Junior
R_007014,Junior
R_007015,Mid
R_007016,Mid
R_007017,Junior
R_007018,Mid
R_007019,Mid
R_007020,Senior
R_007021,Junior
R_007022,Mid
R_007023,Senior
R_007024,Mid
R_007025,Mid
R_007026,Senior
R_007027,Mid
R_007028,Senior
R_007029,Senior
R_007030,Senior
R_007031,Mid
R_007032,Junior
R_007033,Junior
R_007034,Mid
R_007035,Junior
R_007036,Senior
R_007037,Mid
R_007038,Mid
R_007039,Mid
R_007040,Senior
R_007041,Junior
R_007042,Senior
R_007043,Senior
R_007044,Senior
R_007045,Junior
R_007046,Mid
R_007047,Mid
R_007048,Junior
R_007049,Senior
R_007050,Senior
R_007051,Junior
R_007052,Junior
R_007053,Junior
R_007054,Junior
R_007055,Junior
R_007056,Junior
R_007057,Junior
R_007058,Mid
R_007059,Mid
R_007060,Senior
R_007061,Senior
R_007062,Senior
R_007063,Mid
R_007064,Junior
R_007065,Junior
R_007066,Mid
R_007067,Senior
R_007068,Junior
R_007069,Senior
R_007070,Mid
R_007071,Junior
R_007072,Senior
R_007073,Mid
R_007074,Junior
R_007075,Senior
R_007076,Senior
R_007077,Junior
R_007078,Junior
R_007079,Junior
R_007080,Senior
R_007081,Junior
R_007082,Senior
R_007083,Junior
R_007084,Mid
R_007085,Mid
R_007086,Senior
R_007087,Mid
R_007088,Mid
R_007089,Junior
R_007090,Senior
R_007091,Senior
R_007092,Junior
R_007093,Senior
R_007094,Junior
R_007095,Senior
R_007096,Senior
R_007097,Senior
R_007098,Junior
R_007099,Junior
R_007100,Senior
R_007101,Senior
R_007102,Junior
R_007103,Mid
R_007104,Senior
R_007105,Junior
R_007106,Junior
R_007107,Junior
R_007108,Senior
R_007109,Junior
R_007110,Mid
R_007111,Mid
R_007112,Mid
R_007113,Mid
R_007114,Junior
R_007115,Mid
R_007116,Senior
R_007117,Mid
R_007118,Junior
R_007119,Mid
R_007120,Junior
R_007121,Junior
R_007122,Junior
R_007123,Junior
R_007124,Junior
R_007125,Mid
R_007126,Senior
R_007127,Junior
R_007128,Junior
R_007129,Senior
R_007130,Mid
R_007131,Senior
R_007132,Senior
R_007133,Junior
R_007134,Mid
R_007135,Junior
R_007136,Mid
R_007137,Junior
R_007138,Senior
R_007139,Mid
R_007140,Senior
R_007141,Senior
R_007142,Mid
R_007143,Senior
R_007144,Senior
R_007145,Senior
R_007146,Senior
R_007147,Junior
R_007148,Junior
R_007149,Mid
R_007150,Junior
R_007151,Mid
R_007152,Junior
R_007153,Junior
R_007154,Junior
R_007155,Junior
R_007156,Junior
R_007157,Junior
R_007158,Junior
R_007159,Mid
R_007160,Junior
R_007161,Junior
R_007162,Junior
R_007163,Mid
R_007164,Mid
R_007165,Mid
R_007166,Junior
R_007167,Junior
R_007168,Senior
R_007169,Senior
R_007170,Senior
R_007171,Senior
R_007172,Senior
R_007173,Mid
R_007174,Mid
R_007175,Junior
R_007176,Senior
R_007177,Senior
R_007178,Mid
R_007179,Mid
R_007180,Senior
R_007181,Senior
R_007182,Senior
R_007183,Senior
R_007184,Junior
R_007185,Senior
R_007186,Mid
R_007187,Senior
R_007188,Junior
R_007189,Mid
R_007190,Junior
R_007191,Senior
R_007192,Junior
R_007193,Mid
R_007194,Mid
R_007195,Junior
R_007196,Junior
R_007197,Senior
R_007198,Junior
R_007199,Junior
R_007200,Mid
R_007201,Junior
R_007202,Junior
R_007203,Senior
R_007204,Mid
R_007205,Mid
R_007206,Mid
R_007207,Junior
R_007208,Junior
R_007209,Junior
R_007210,Senior
R_007211,Mid
R_007212,Mid
R_007213,Senior
R_007214,Mid
R_007215,Junior
R_007216,Mid
R_007217,Senior
R_007218,Senior
R_007219,Mid
R_007220,Senior
R_007221,Senior
R_007222,Senior
R_007223,Junior
R_007224,Mid
R_007225,Mid
R_007226,Senior
R_007227,Senior
R_007228,Senior
R_007229,Junior
R_007230,Junior
R_007231,Junior
R_007232,Mid
R_007233,Senior
R_007234,Junior
R_007235,Mid
R_007236,Senior
R_007237,Junior
R_007238,Junior
R_007239,Senior
R_007240,Junior
R_007241,Junior
R_007242,Senior
R_007243,Senior
R_007244,Mid
R_007245,Senior
R_007246,Junior
R_007247,Senior
R_007248,Mid
R_007249,Junior
R_007250,Senior
R_007251,Senior
R_007252,Junior
R_007253,Senior
R_007254,Junior
R_007255,Mid
R_007256,Junior
R_007257,Mid
R_007258,Senior
R_007259,Mid
R_007260,Senior
R_007261,Mid
R_007262,Senior
R_007263,Mid
R_007264,Junior
R_007265,Mid
R_007266,Senior
R_007267,Senior
R_007268,Junior
R_007269,Senior
R_007270,Junior
R_007271,Junior
R_007272,Senior
R_007273,Mid
R_007274,Junior
R_007275,Mid
R_007276,Junior
R_007277,Junior
R_007278,Senior
R_007279,Junior
R_007280,Senior
R_007281,Senior
R_007282,Senior
R_007283,Mid
R_007284,Mid
R_007285,Mid
R_007286,Senior
R_007287,Senior
R_007288,Mid
R_007289,Mid
R_007290,Junior
R_007291,Mid
R_007292,Junior
R_007293,Mid
R_007294,Mid
R_007295,Mid
R_007296,Senior
R_007297,Junior
R_007298,Junior
R_007299,Senior
R_007300,Mid
R_007301,Mid
R_007302,Mid
R_007303,Junior
R_007304,Mid
R_007305,Junior
R_007306,Senior
R_007307,Junior
R_007308,Junior
R_007309,Junior
R_007310,Senior
R_007311,Senior
R_007312,Senior
R_007313,Senior
R_007314,Mid
R_007315,Senior
R_007316,Senior
R_007317,Junior
R_007318,Junior
R_007319,Junior
R_007320,Junior
R_007321,Senior
R_007322,Junior
R_007323,Senior
R_007324,Mid
R_007325,Senior
R_007326,Mid
R_007327,Junior
R_007328,Mid
R_007329,Senior
R_007330,Junior
R_007331,Mid
R_007332,Junior
R_007333,Mid
R_007334,Junior
R_007335,Junior
R_007336,Senior
R_007337,Senior
R_007338,Mid
R_007339,Senior
R_007340,Senior
R_007341,Senior
R_007342,Senior
R_007343,Junior
R_007344,Junior
R_007345,Senior
R_007346,Junior
R_007347,Senior
R_007348,Mid
R_007349,Senior
R_007350,Senior
R_007351,Senior
R_007352,Junior
R_007353,Junior
R_007354,Senior
R_007355,Junior
R_007356,Junior
R_007357,Junior
R_007358,Junior
R_007359,Junior
R_007360,Senior
R_007361,Junior
R_007362,Junior
R_007363,Junior
R_007364,Senior
R_007365,Senior
R_007366,Mid
R_007367,Mid
R_007368,Junior
R_007369,Junior
R_007370,Junior
R_007371,Junior
R_007372,Junior
R_007373,Junior
R_007374,Senior
R_007375,Senior
R_007376,Mid
R_007377,Senior
R_007378,Mid
R_007379,Mid
R_007380,Mid
R_007381,Junior
R_007382,Mid
R_007383,Mid
R_007384,Mid
R_007385,Senior
R_007386,Junior
R_007387,Senior
R_007388,Junior
R_007389,Junior
R_007390,Junior
R_007391,Junior
R_007392,Junior
R_007393,Senior
R_007394,Senior
R_007395,Mid
R_007396,Mid
R_007397,Senior
R_007398,Junior
R_007399,Mid
R_007400,Junior
R_007401,Senior
R_007402,Senior
R_007403,Junior
R_007404,Mid
R_007405,Mid
R_007406,Mid
R_007407,Junior
R_007408,Junior
R_007409,Mid
R_007410,Mid
R_007411,Junior
R_007412,Mid
R_007413,Senior
R_007414,Junior
R_007415,Mid
R_007416,Senior
R_007417,Mid
R_007418,Senior
R_007419,Senior
R_007420,Senior
R_007421,Junior
R_007422,Junior
R_007423,Mid
R_007424,Senior
R_007425,Mid
R_007426,Junior
R_007427,Mid
R_007428,Mid
R_007429,Senior
R_007430,Junior
R_007431,Junior
R_007432,Senior
R_007433,Junior
R_007434,Junior
R_007435,Junior
R_007436,Senior
R_007437,Mid
R_007438,Mid
R_007439,Senior
R_007440,Mid
R_007441,Junior
R_007442,Junior
R_007443,Mid
R_007444,Mid
R_007445,Mid
R_007446,Senior
R_007447,Junior
R_007448,Junior
R_007449,Mid
R_007450,Junior
R_007451,Mid
R_007452,Mid
R_007453,Junior
R_007454,Mid
R_007455,Junior
R_007456,Mid
R_007457,Senior
R_007458,Senior
R_007459,Junior
R_007460,Mid
R_007461,Senior
R_007462,Mid
R_007463,Junior
R_007464,Junior
R_007465,Mid
R_007466,Mid
R_007467,Senior
R_007468,Mid
R_007469,Senior
R_007470,Senior
R_007471,Mid
R_007472,Senior
R_007473,Junior
R_007474,Senior
R_007475,Junior
R_007476,Senior
R_007477,Mid
R_007478,Mid
R_007479,Senior
R_007480,Senior
R_007481,Junior
R_007482,Junior
R_007483,Junior
R_007484,Junior
R_007485,Junior
R_007486,Senior
R_007487,Senior
R_007488,Senior
R_007489,Junior
R_007490,Mid
R_007491,Mid
R_007492,Mid
R_007493,Mid
R_007494,Senior
R_007495,Mid
R_007496,Junior
R_007497,Mid
R_007498,Junior
R_007499,Mid
R_007500,Junior
R_007501,Junior
R_007502,Mid
R_007503,Mid
R_007504,Junior
R_007505,Junior
R_007506,Senior
R_007507,Senior
R_007508,Senior
R_007509,Senior
R_007510,Junior
R_007511,Senior
R_007512,Mid
R_007513,Senior
R_007514,Mid
R_007515,Junior
R_007516,Mid
R_007517,Senior
R_007518,Senior
R_007519,Junior
R_007520,Mid
R_007521,Senior
R_007522,Senior
R_007523,Senior
R_007524,Mid
R_007525,Junior
R_007526,Mid
R_007527,Junior
R_007528,Senior
R_007529,Senior
R_007530,Mid
R_007531,Senior
R_007532,Junior
R_007533,Mid
R_007534,Junior
R_007535,Junior
R_007536,Senior
R_007537,Mid
R_007538,Junior
R_007539,Mid
R_007540,Senior
R_007541,Mid
R_007542,Mid
R_007543,Junior
R_007544,Senior
R_007545,Senior
R_007546,Mid
R_007547,Senior
R_007548,Mid
R_007549,Junior
R_007550,Mid
R_007551,Senior
R_007552,Junior
R_007553,Mid
R_007554,Junior
R_007555,Senior
R_007556,Senior
R_007557,Senior
R_007558,Mid
R_007559,Senior
R_007560,Mid
R_007561,Junior
R_007562,Mid
R_007563,Senior
R_007564,Junior
R_007565,Senior
R_007566,Mid
R_007567,Junior
R_007568,Mid
R_007569,Junior
R_007570,Senior
R_007571,Mid
R_007572,Junior
R_007573,Junior
R_007574,Junior
R_007575,Mid
R_007576,Mid
R_007577,Junior
R_007578,Senior
R_007579,Junior
R_007580,Mid
R_007581,Senior
R_007582,Senior
R_007583,Junior
R_007584,Senior
R_007585,Senior
R_007586,Mid
R_007587,Senior
R_007588,Junior
R_007589,Senior
R_007590,Junior
R_007591,Mid
R_007592,Senior
R_007593,Junior
R_007594,Mid
R_007595,Junior
R_007596,Mid
R_007597,Junior
R_007598,Junior
R_007599,Junior
R_007600,Junior
R_007601,Senior
R_007602,Mid
R_007603,Mid
R_007604,Senior
R_007605,Mid
R_007606,Junior
R_007607,Junior
R_007608,Senior
R_007609,Junior
R_007610,Junior
R_007611,Senior
R_007612,Mid
R_007613,Mid
R_007614,Junior
R_007615,Senior
R_007616,Junior
R_007617,Mid
R_007618,Senior
R_007619,Senior
R_007620,Junior
R_007621,Mid
R_007622,Senior
R_007623,Senior
R_007624,Junior
R_007625,Mid
R_007626,Mid
R_007627,Senior
R_007628,Senior
R_007629,Junior
R_007630,Senior
R_007631,Senior
R_007632,Junior
R_007633,Senior
R_007634,Junior
R_007635,Mid
R_007636,Senior
R_007637,Junior
R_007638,Mid
R_007639,Mid
R_007640,Junior
R_007641,Junior
R_007642,Junior
R_007643,Senior
R_007644,Senior
R_007645,Mid
R_007646,Junior
R_007647,Mid
R_007648,Mid
R_007649,Junior
R_007650,Senior
R_007651,Junior
R_007652,Junior
R_007653,Senior
R_007654,Junior
R_007655,Junior
R_007656,Junior
R_007657,Junior
R_007658,Junior
R_007659,Senior
R_007660,Senior
R_007661,Junior
R_007662,Junior
R_007663,Mid
R_007664,Junior
R_007665,Senior
R_007666,Junior
R_007667,Junior
R_007668,Mid
R_007669,Junior
R_007670,Junior
R_007671,Senior
R_007672,Senior
R_007673,Junior
R_007674,Senior
R_007675,Mid
R_007676,Senior
R_007677,Senior
R_007678,Junior
R_007679,Senior
R_007680,Senior
R_007681,Mid
R_007682,Senior
R_007683,Mid
R_007684,Mid
R_007685,Mid
R_007686,Mid
R_007687,Senior
R_007688,Junior
R_007689,Mid
R_007690,Senior
R_007691,Mid
R_007692,Senior
R_007693,Junior
R_007694,Mid
R_007695,Junior
R_007696,Senior
R_007697,Junior
R_007698,Mid
R_007699,Mid
R_007700,Senior
R_007701,Senior
R_007702,Senior
R_007703,Senior
R_007704,Junior
R_007705,Mid
R_007706,Senior
R_007707,Senior
R_007708,Mid
R_007709,Junior
R_007710,Mid
R_007711,Mid
R_007712,Senior
R_007713,Mid
R_007714,Junior
R_007715,Mid
R_007716,Mid
R_007717,Mid
R_007718,Junior
R_007719,Junior
R_007720,Mid
R_007721,Junior
R_007722,Junior
R_007723,Senior
R_007724,Senior
R_007725,Junior
R_007726,Junior
R_007727,Junior
R_007728,Senior
R_007729,Junior
R_007730,Mid
R_007731,Senior
R_007732,Mid
R_007733,Junior
R_007734,Mid
R_007735,Mid
R_007736,Mid
R_007737,Mid
R_007738,Junior
R_007739,Junior
R_007740,Senior
R_007741,Mid
R_007742,Senior
R_007743,Junior
R_007744,Junior
R_007745,Junior
R_007746,Senior
R_007747,Junior
R_007748,Junior
R_007749,Senior
R_007750,Senior
R_007751,Mid
R_007752,Senior
R_007753,Junior
R_007754,Senior
R_007755,Mid
R_007756,Senior
R_007757,Mid
R_007758,Senior
R_007759,Junior
R_007760,Junior
R_007761,Junior
R_007762,Mid
R_007763,Mid
R_007764,Mid
R_007765,Junior
R_007766,Mid
R_007767,Senior
R_007768,Senior
R_007769,Senior
R_007770,Mid
R_007771,Junior
R_007772,Junior
R_007773,Mid
R_007774,Senior
R_007775,Mid
R_007776,Senior
R_007777,Mid
R_007778,Junior
R_007779,Junior
R_007780,Junior
R_007781,Junior
R_007782,Mid
R_007783,Junior
R_007784,Senior
R_007785,Senior
R_007786,Senior
R_007787,Mid
R_007788,Junior
R_007789,Mid
R_007790,Mid
R_007791,Junior
R_007792,Mid
R_007793,Senior
R_007794,Mid
R_007795,Mid
R_007796,Senior
R_007797,Junior
R_007798,Junior
R_007799,Junior
R_007800,Junior
R_007801,Senior
R_007802,Senior
R_007803,Mid
R_007804,Junior
R_007805,Junior
R_007806,Mid
R_007807,Senior
R_007808,Senior
R_007809,Senior
R_007810,Mid
R_007811,Mid
R_007812,Senior
R_007813,Junior
R_007814,Junior
R_007815,Junior
R_007816,Mid
R_007817,Junior
R_007818,Junior
R_007819,Mid
R_007820,Senior
R_007821,Mid
R_007822,Junior
R_007823,Junior
R_007824,Mid
R_007825,Mid
R_007826,Mid
R_007827,Senior
R_007828,Senior
R_007829,Senior
R_007830,Senior
R_007831,Mid
R_007832,Senior
R_007833,Junior
R_007834,Senior
R_007835,Senior
R_007836,Senior
R_007837,Mid
R_007838,Junior
R_007839,Junior
R_007840,Senior
R_007841,Junior
R_007842,Mid
R_007843,Mid
R_007844,Junior
R_007845,Senior
R_007846,Junior
R_007847,Senior
R_007848,Mid
R_007849,Mid
R_007850,Mid
R_007851,Junior
R_007852,Senior
R_007853,Senior
R_007854,Junior
R_007855,Senior
R_007856,Mid
R_007857,Senior
R_007858,Senior
R_007859,Senior
R_007860,Junior
R_007861,Mid
R_007862,Junior
R_007863,Junior
R_007864,Mid
R_007865,Junior
R_007866,Junior
R_007867,Mid
R_007868,Junior
R_007869,Junior
R_007870,Junior
R_007871,Mid
R_007872,Mid
R_007873,Senior
R_007874,Junior
R_007875,Mid
R_007876,Mid
R_007877,Mid
R_007878,Senior
R_007879,Junior
R_007880,Senior
R_007881,Junior
R_007882,Mid
R_007883,Junior
R_007884,Mid
R_007885,Senior
R_007886,Mid
R_007887,Senior
R_007888,Junior
R_007889,Senior
R_007890,Senior
R_007891,Mid
R_007892,Mid
R_007893,Senior
R_007894,Mid
R_007895,Senior
R_007896,Senior
R_007897,Junior
R_007898,Senior
R_007899,Junior
R_007900,Senior
R_007901,Senior
R_007902,Junior
R_007903,Senior
R_007904,Junior
R_007905,Mid
R_007906,Mid
R_007907,Junior
R_007908,Senior
R_007909,Junior
R_007910,Junior
R_007911,Mid
R_007912,Junior
R_007913,Senior
R_007914,Senior
R_007915,Mid
R_007916,Senior
R_007917,Senior
R_007918,Junior
R_007919,Mid
R_007920,Mid
R_007921,Senior
R_007922,Junior
R_007923,Junior
R_007924,Junior
R_007925,Senior
R_007926,Junior
R_007927,Mid
R_007928,Mid
R_007929,Senior
R_007930,Mid
R_007931,Mid
R_007932,Mid
R_007933,Junior
R_007934,Junior
R_007935,Junior
R_007936,Senior
R_007937,Mid
R_007938,Senior
R_007939,Mid
R_007940,Junior
R_007941,Junior
R_007942,Senior
R_007943,Mid
R_007944,Mid
R_007945,Junior
R_007946,Mid
R_007947,Mid
R_007948,Senior
R_007949,Senior
R_007950,Mid
R_007951,Junior
R_007952,Mid
R_007953,Mid
R_007954,Senior
R_007955,Senior
R_007956,Mid
R_007957,Junior
R_007958,Junior
R_007959,Senior
R_007960,Mid
R_007961,Mid
R_007962,Senior
R_007963,Senior
R_007964,Senior
R_007965,Senior
R_007966,Mid
R_007967,Junior
R_007968,Senior
R_007969,Mid
R_007970,Junior
R_007971,Junior
R_007972,Junior
R_007973,Junior
R_007974,Junior
R_007975,Mid
R_007976,Mid
R_007977,Junior
R_007978,Mid
R_007979,Senior
R_007980,Mid
R_007981,Junior
R_007982,Mid
R_007983,Mid
R_007984,Mid
R_007985,Senior
R_007986,Junior
R_007987,Junior
R_007988,Junior
R_007989,Junior
R_007990,Senior
R_007991,Senior
R_007992,Junior
R_007993,Junior
R_007994,Junior
R_007995,Mid
R_007996,Junior
R_007997,Senior
R_007998,Senior
R_007999,Junior
R_008000,Senior
R_008001,Senior
R_008002,Junior
R_008003,Mid
R_008004,Mid
R_008005,Junior
R_008006,Senior
R_008007,Senior
R_008008,Mid
R_008009,Mid
R_008010,Junior
R_008011,Mid
R_008012,Mid
R_008013,Senior
R_008014,Mid
R_008015,Mid
R_008016,Mid
R_008017,Senior
R_008018,Senior
R_008019,Mid
R_008020,Senior
R_008021,Junior
R_008022,Mid
R_008023,Senior
R_008024,Mid
R_008025,Mid
R_008026,Mid
R_008027,Junior
R_008028,Junior
R_008029,Mid
R_008030,Senior
R_008031,Junior
R_008032,Senior
R_008033,Junior
R_008034,Mid
R_008035,Junior
R_008036,Junior
R_008037,Junior
R_008038,Mid
R_008039,Mid
R_008040,Mid
R_008041,Junior
R_008042,Mid
R_008043,Mid
R_008044,Junior
R_008045,Junior
R_008046,Mid
R_008047,Senior
R_008048,Senior
R_008049,Senior
R_008050,Junior
R_008051,Junior
R_008052,Senior
R_008053,Mid
R_008054,Junior
R_008055,Junior
R_008056,Senior
R_008057,Junior
R_008058,Junior
R_008059,Senior
R_008060,Senior
R_008061,Mid
R_008062,Junior
R_008063,Junior
R_008064,Senior
R_008065,Senior
R_008066,Junior
R_008067,Senior
R_008068,Junior
R_008069,Senior
R_008070,Junior
R_008071,Senior
R_008072,Junior
R_008073,Junior
R_008074,Mid
R_008075,Junior
R_008076,Mid
R_008077,Senior
R_008078,Senior
R_008079,Junior
R_008080,Mid
R_008081,Senior
R_008082,Junior
R_008083,Mid
R_008084,Senior
R_008085,Junior
R_008086,Senior
R_008087,Mid
R_008088,Mid
R_008089,Junior
R_008090,Mid
R_008091,Junior
R_008092,Senior
R_008093,Mid
R_008094,Mid
R_008095,Mid
R_008096,Junior
R_008097,Mid
R_008098,Junior
R_008099,Senior
R_008100,Mid
R_008101,Senior
R_008102,Senior
R_008103,Mid
R_008104,Mid
R_008105,Junior
R_008106,Senior
R_008107,Junior
R_008108,Mid
R_008109,Junior
R_008110,Junior
R_008111,Senior
R_008112,Junior
R_008113,Senior
R_008114,Mid
R_008115,Mid
R_008116,Junior
R_008117,Junior
R_008118,Junior
R_008119,Senior
R_008120,Mid
R_008121,Senior
R_008122,Mid
R_008123,Senior
R_008124,Mid
R_008125,Mid
R_008126,Senior
R_008127,Junior
R_008128,Junior
R_008129,Mid
R_008130,Senior
R_008131,Junior
R_008132,Senior
R_008133,Junior
R_008134,Senior
R_008135,Junior
R_008136,Mid
R_008137,Senior
R_008138,Mid
R_008139,Senior
R_008140,Senior
R_008141,Junior
R_008142,Mid
R_008143,Mid
R_008144,Mid
R_008145,Junior
R_008146,Mid
R_008147,Senior
R_008148,Senior
R_008149,Junior
R_008150,Junior
R_008151,Mid
R_008152,Mid
R_008153,Senior
R_008154,Mid
R_008155,Senior
R_008156,Junior
R_008157,Junior
R_008158,Mid
R_008159,Junior
R_008160,Mid
R_008161,Mid
R_008162,Junior
R_008163,Senior
R_008164,Junior
R_008165,Junior
R_008166,Junior
R_008167,Junior
R_008168,Senior
R_008169,Mid
R_008170,Senior
R_008171,Mid
R_008172,Senior
R_008173,Junior
R_008174,Mid
R_008175,Junior
R_008176,Senior
R_008177,Senior
R_008178,Senior
R_008179,Junior
R_008180,Mid
R_008181,Mid
R_008182,Senior
R_008183,Mid
R_008184,Junior
R_008185,Mid
R_008186,Senior
R_008187,Mid
R_008188,Mid
R_008189,Junior
R_008190,Junior
R_008191,Junior
R_008192,Mid
R_008193,Senior
R_008194,Junior
R_008195,Mid
R_008196,Senior
R_008197,Mid
R_008198,Senior
R_008199,Mid
R_008200,Senior
R_008201,Senior
R_008202,Junior
R_008203,Mid
R_008204,Senior
R_008205,Senior
R_008206,Senior
R_008207,Junior
R_008208,Junior
R_008209,Senior
R_008210,Mid
R_008211,Senior
R_008212,Senior
R_008213,Junior
R_008214,Senior
R_008215,Senior
R_008216,Junior
R_008217,Senior
R_008218,Junior
R_008219,Junior
R_008220,Senior
R_008221,Junior
R_008222,Junior
R_008223,Senior
R_008224,Senior
R_008225,Mid
R_008226,Mid
R_008227,Senior
R_008228,Mid
R_008229,Mid
R_008230,Mid
R_008231,Senior
R_008232,Mid
R_008233,Junior
R_008234,Senior
R_008235,Mid
R_008236,Mid
R_008237,Senior
R_008238,Mid
R_008239,Junior
R_008240,Senior
R_008241,Junior
R_008242,Mid
R_008243,Mid
R_008244,Mid
R_008245,Junior
R_008246,Mid
R_008247,Junior
R_008248,Senior
R_008249,Mid
R_008250,Junior
R_008251,Junior
R_008252,Mid
R_008253,Senior
R_008254,Senior
R_008255,Mid
R_008256,Junior
R_008257,Junior
R_008258,Senior
R_008259,Senior
R_008260,Mid
R_008261,Junior
R_008262,Senior
R_008263,Junior
R_008264,Junior
R_008265,Mid
R_008266,Mid
R_008267,Junior
R_008268,Senior
R_008269,Mid
R_008270,Mid
R_008271,Mid
R_008272,Mid
R_008273,Mid
R_008274,Junior
R_008275,Junior
R_008276,Mid
R_008277,Senior
R_008278,Junior
R_008279,Mid
R_008280,Junior
R_008281,Mid
R_008282,Senior
R_008283,Junior
R_008284,Junior
R_008285,Mid
R_008286,Senior
R_008287,Mid
R_008288,Junior
R_008289,Mid
R_008290,Junior
R_008291,Senior
R_008292,Junior
R_008293,Mid
R_008294,Junior
R_008295,Mid
R_008296,Senior
R_008297,Mid
R_008298,Senior
R_008299,Mid
R_008300,Mid
R_008301,Mid
R_008302,Mid
R_008303,Mid
R_008304,Senior
R_008305,Junior
R_008306,Senior
R_008307,Junior
R_008308,Senior
R_008309,Mid
R_008310,Mid
R_008311,Mid
R_008312,Junior
R_008313,Junior
R_008314,Senior
R_008315,Senior
R_008316,Mid
R_008317,Junior
R_008318,Junior
R_008319,Senior
R_008320,Mid
R_008321,Senior
R_008322,Junior
R_008323,Mid
R_008324,Junior
R_008325,Junior
R_008326,Mid
R_008327,Mid
R_008328,Mid
R_008329,Mid
R_008330,Junior
R_008331,Mid
R_008332,Senior
R_008333,Junior
R_008334,Mid
R_008335,Mid
R_008336,Junior
R_008337,Mid
R_008338,Junior
R_008339,Senior
R_008340,Mid
R_008341,Mid
R_008342,Mid
R_008343,Junior
R_008344,Junior
R_008345,Junior
R_008346,Junior
R_008347,Junior
R_008348,Mid
R_008349,Mid
R_008350,Junior
R_008351,Junior
R_008352,Junior
R_008353,Mid
R_008354,Mid
R_008355,Junior
R_008356,Junior
R_008357,Mid
R_008358,Senior
R_008359,Junior
R_008360,Junior
R_008361,Mid
R_008362,Senior
R_008363,Junior
R_008364,Senior
R_008365,Mid
R_008366,Junior
R_008367,Mid
R_008368,Junior
R_008369,Junior
R_008370,Mid
R_008371,Junior
R_008372,Senior
R_008373,Senior
R_008374,Senior
R_008375,Senior
R_008376,Junior
R_008377,Senior
R_008378,Mid
R_008379,Senior
R_008380,Senior
R_008381,Mid
R_008382,Junior
R_008383,Mid
R_008384,Mid
R_008385,Senior
R_008386,Junior
R_008387,Mid
R_008388,Mid
R_008389,Mid
R_008390,Junior
R_008391,Mid
R_008392,Junior
R_008393,Senior
R_008394,Senior
R_008395,Senior
R_008396,Mid
R_008397,Mid
R_008398,Junior
R_008399,Senior
R_008400,Senior
R_008401,Senior
R_008402,Senior
R_008403,Junior
R_008404,Junior
R_008405,Junior
R_008406,Mid
R_008407,Mid
R_008408,Junior
R_008409,Senior
R_008410,Junior
R_008411,Senior
R_008412,Mid
R_008413,Senior
R_008414,Senior
R_008415,Junior
R_008416,Junior
R_008417,Junior
R_008418,Junior
R_008419,Senior
R_008420,Junior
R_008421,Junior
R_008422,Senior
R_008423,Junior
R_008424,Senior
R_008425,Senior
R_008426,Mid
R_008427,Mid
R_008428,Mid
R_008429,Senior
R_008430,Mid
R_008431,Mid
R_008432,Junior
R_008433,Mid
R_008434,Junior
R_008435,Junior
R_008436,Senior
R_008437,Mid
R_008438,Mid
R_008439,Mid
R_008440,Mid
R_008441,Junior
R_008442,Mid
R_008443,Junior
R_008444,Mid
R_008445,Junior
R_008446,Senior
R_008447,Mid
R_008448,Senior
R_008449,Senior
R_008450,Mid
R_008451,Junior
R_008452,Senior
R_008453,Senior
R_008454,Senior
R_008455,Junior
R_008456,Mid
R_008457,Junior
R_008458,Mid
R_008459,Junior
R_008460,Mid
R_008461,Senior
R_008462,Mid
R_008463,Senior
R_008464,Junior
R_008465,Mid
R_008466,Mid
R_008467,Mid
R_008468,Senior
R_008469,Senior
R_008470,Senior
R_008471,Senior
R_008472,Junior
R_008473,Mid
R_008474,Junior
R_008475,Senior
R_008476,Junior
R_008477,Junior
R_008478,Junior
R_008479,Senior
R_008480,Senior
R_008481,Junior
R_008482,Mid
R_008483,Senior
R_008484,Junior
R_008485,Mid
R_008486,Senior
R_008487,Mid
R_008488,Junior
R_008489,Senior
R_008490,Junior
R_008491,Senior
R_008492,Junior
R_008493,Mid
R_008494,Senior
R_008495,Junior
R_008496,Mid
R_008497,Mid
R_008498,Junior
R_008499,Junior
R_008500,Junior
R_008501,Mid
R_008502,Senior
R_008503,Mid
R_008504,Mid
R_008505,Senior
R_008506,Mid
R_008507,Mid
R_008508,Junior
R_008509,Mid
R_008510,Senior
R_008511,Senior
R_008512,Mid
R_008513,Senior
R_008514,Senior
R_008515,Junior
R_008516,Mid
R_008517,Mid
R_008518,Mid
R_008519,Junior
R_008520,Senior
R_008521,Junior
R_008522,Senior
R_008523,Senior
R_008524,Senior
R_008525,Mid
R_008526,Mid
R_008527,Senior
R_008528,Junior
R_008529,Junior
R_008530,Junior
R_008531,Junior
R_008532,Senior
R_008533,Mid
R_008534,Mid
R_008535,Senior
R_008536,Junior
R_008537,Junior
R_008538,Junior
R_008539,Senior
R_008540,Mid
R_008541,Junior
R_008542,Senior
R_008543,Senior
R_008544,Senior
R_008545,Senior
R_008546,Mid
R_008547,Junior
R_008548,Junior
R_008549,Senior
R_008550,Senior
R_008551,Mid
R_008552,Junior
R_008553,Senior
R_008554,Junior
R_008555,Mid
R_008556,Junior
R_008557,Junior
R_008558,Junior
R_008559,Mid
R_008560,Mid
R_008561,Mid
R_008562,Junior
R_008563,Senior
R_008564,Senior
R_008565,Mid
R_008566,Senior
R_008567,Mid
R_008568,Mid
R_008569,Senior
R_008570,Junior
R_008571,Senior
R_008572,Mid
R_008573,Junior
R_008574,Senior
R_008575,Senior
R_008576,Junior
R_008577,Senior
R_008578,Senior
R_008579,Senior
R_008580,Junior
R_008581,Senior
R_008582,Mid
R_008583,Mid
R_008584,Mid
R_008585,Mid
R_008586,Junior
R_008587,Mid
R_008588,Junior
R_008589,Senior
R_008590,Senior
R_008591,Senior
R_008592,Mid
R_008593,Senior
R_008594,Senior
R_008595,Senior
R_008596,Senior
R_008597,Mid
R_008598,Junior
R_008599,Junior
R_008600,Senior
R_008601,Junior
R_008602,Mid
R_008603,Senior
R_008604,Senior
R_008605,Junior
R_008606,Senior
R_008607,Senior
R_008608,Senior
R_008609,Senior
R_008610,Senior
R_008611,Junior
R_008612,Mid
R_008613,Senior
R_008614,Senior
R_008615,Junior
R_008616,Mid
R_008617,Junior
R_008618,Senior
R_008619,Mid
R_008620,Junior
R_008621,Mid
R_008622,Junior
R_008623,Senior
R_008624,Mid
R_008625,Senior
R_008626,Senior
R_008627,Mid
R_008628,Junior
R_008629,Mid
R_008630,Senior
R_008631,Mid
R_008632,Senior
R_008633,Junior
R_008634,Mid
R_008635,Junior
R_008636,Junior
R_008637,Mid
R_008638,Junior
R_008639,Junior
R_008640,Senior
R_008641,Senior
R_008642,Junior
R_008643,Mid
R_008644,Mid
R_008645,Junior
R_008646,Mid
R_008647,Mid
R_008648,Mid
R_008649,Senior
R_008650,Junior
R_008651,Senior
R_008652,Junior
R_008653,Senior
R_008654,Junior
R_008655,Senior
R_008656,Mid
R_008657,Senior
R_008658,Junior
R_008659,Junior
R_008660,Senior
R_008661,Junior
R_008662,Mid
R_008663,Junior
R_008664,Junior
R_008665,Senior
R_008666,Senior
R_008667,Senior
R_008668,Senior
R_008669,Mid
R_008670,Mid
R_008671,Senior
R_008672,Mid
R_008673,Senior
R_008674,Mid
R_008675,Senior
R_008676,Junior
R_008677,Senior
R_008678,Mid
R_008679,Junior
R_008680,Senior
R_008681,Senior
R_008682,Senior
R_008683,Junior
R_008684,Senior
R_008685,Senior
R_008686,Senior
R_008687,Junior
R_008688,Junior
R_008689,Mid
R_008690,Mid
R_008691,Mid
R_008692,Senior
R_008693,Junior
R_008694,Senior
R_008695,Mid
R_008696,Mid
R_008697,Junior
R_008698,Junior
R_008699,Senior
R_008700,Junior
R_008701,Junior
R_008702,Senior
R_008703,Mid
R_008704,Senior
R_008705,Senior
R_008706,Mid
R_008707,Mid
R_008708,Mid
R_008709,Mid
R_008710,Junior
R_008711,Senior
R_008712,Mid
R_008713,Senior
R_008714,Mid
R_008715,Junior
R_008716,Junior
R_008717,Junior
R_008718,Senior
R_008719,Senior
R_008720,Junior
R_008721,Mid
R_008722,Junior
R_008723,Senior
R_008724,Junior
R_008725,Junior
R_008726,Mid
R_008727,Mid
R_008728,Mid
R_008729,Junior
R_008730,Junior
R_008731,Mid
R_008732,Senior
R_008733,Senior
R_008734,Junior
R_008735,Mid
R_008736,Junior
R_008737,Senior
R_008738,Senior
R_008739,Senior
R_008740,Senior
R_008741,Mid
R_008742,Senior
R_008743,Mid
R_008744,Senior
R_008745,Mid
R_008746,Senior
R_008747,Junior
R_008748,Junior
R_008749,Junior
R_008750,Mid
R_008751,Mid
R_008752,Mid
R_008753,Junior
R_008754,Senior
R_008755,Junior
R_008756,Junior
R_008757,Senior
R_008758,Senior
R_008759,Senior
R_008760,Mid
R_008761,Junior
R_008762,Junior
R_008763,Junior
R_008764,Senior
R_008765,Junior
R_008766,Junior
R_008767,Junior
R_008768,Senior
R_008769,Junior
R_008770,Junior
R_008771,Mid
R_008772,Senior
R_008773,Junior
R_008774,Senior
R_008775,Mid
R_008776,Senior
R_008777,Junior
R_008778,Junior
R_008779,Mid
R_008780,Junior
R_008781,Mid
R_008782,Junior
R_008783,Mid
R_008784,Senior
R_008785,Mid
R_008786,Senior
R_008787,Junior
R_008788,Mid
R_008789,Senior
R_008790,Junior
R_008791,Junior
R_008792,Mid
R_008793,Senior
R_008794,Senior
R_008795,Junior
R_008796,Junior
R_008797,Mid
R_008798,Senior
R_008799,Junior
R_008800,Senior
R_008801,Junior
R_008802,Mid
R_008803,Junior
R_008804,Mid
R_008805,Mid
R_008806,Senior
R_008807,Senior
R_008808,Mid
R_008809,Junior
R_008810,Mid
R_008811,Senior
R_008812,Junior
R_008813,Junior
R_008814,Senior
R_008815,Junior
R_008816,Mid
R_008817,Mid
R_008818,Senior
R_008819,Senior
R_008820,Mid
R_008821,Senior
R_008822,Mid
R_008823,Junior
R_008824,Junior
R_008825,Senior
R_008826,Mid
R_008827,Junior
R_008828,Mid
R_008829,Senior
R_008830,Senior
R_008831,Mid
R_008832,Mid
R_008833,Junior
R_008834,Junior
R_008835,Mid
R_008836,Mid
R_008837,Mid
R_008838,Senior
R_008839,Mid
R_008840,Junior
R_008841,Junior
R_008842,Senior
R_008843,Mid
R_008844,Senior
R_008845,Mid
R_008846,Senior
R_008847,Mid
R_008848,Junior
R_008849,Mid
R_008850,Senior
R_008851,Senior
R_008852,Senior
R_008853,Junior
R_008854,Senior
R_008855,Mid
R_008856,Senior
R_008857,Senior
R_008858,Mid
R_008859,Senior
R_008860,Mid
R_008861,Junior
R_008862,Senior
R_008863,Mid
R_008864,Junior
R_008865,Senior
R_008866,Mid
R_008867,Senior
R_008868,Junior
R_008869,Junior
R_008870,Mid
R_008871,Junior
R_008872,Senior
R_008873,Junior
R_008874,Junior
R_008875,Junior
R_008876,Mid
R_008877,Mid
R_008878,Junior
R_008879,Junior
R_008880,Mid
R_008881,Senior
R_008882,Junior
R_008883,Senior
R_008884,Senior
R_008885,Senior
R_008886,Mid
R_008887,Junior
R_008888,Mid
R_008889,Junior
R_008890,Senior
R_008891,Mid
R_008892,Senior
R_008893,Mid
R_008894,Mid
R_008895,Mid
R_008896,Senior
R_008897,Mid
R_008898,Senior
R_008899,Junior
R_008900,Senior
R_008901,Mid
R_008902,Mid
R_008903,Senior
R_008904,Junior
R_008905,Senior
R_008906,Mid
R_008907,Junior
R_008908,Junior
R_008909,Senior
R_008910,Junior
R_008911,Senior
R_008912,Mid
R_008913,Senior
R_008914,Mid
R_008915,Junior
R_008916,Senior
R_008917,Junior
R_008918,Senior
R_008919,Junior
R_008920,Senior
R_008921,Senior
R_008922,Senior
R_008923,Mid
R_008924,Mid
R_008925,Senior
R_008926,Junior
R_008927,Junior
R_008928,Senior
R_008929,Junior
R_008930,Mid
R_008931,Junior
R_008932,Junior
R_008933,Junior
R_008934,Mid
R_008935,Mid
R_008936,Mid
R_008937,Mid
R_008938,Mid
R_008939,Junior
R_008940,Senior
R_008941,Junior
R_008942,Junior
R_008943,Mid
R_008944,Mid
R_008945,Senior
R_008946,Senior
R_008947,Senior
R_008948,Mid
R_008949,Junior
R_008950,Senior
R_008951,Senior
R_008952,Junior
R_008953,Senior
R_008954,Junior
R_008955,Junior
R_008956,Junior
R_008957,Senior
R_008958,Junior
R_008959,Junior
R_008960,Junior
R_008961,Junior
R_008962,Junior
R_008963,Junior
R_008964,Senior
R_008965,Junior
R_008966,Mid
R_008967,Mid
R_008968,Senior
R_008969,Junior
R_008970,Senior
R_008971,Junior
R_008972,Senior
R_008973,Senior
R_008974,Junior
R_008975,Junior
R_008976,Mid
R_008977,Junior
R_008978,Senior
R_008979,Junior
R_008980,Mid
R_008981,Junior
R_008982,Senior
R_008983,Senior
R_008984,Mid
R_008985,Senior
R_008986,Mid
R_008987,Senior
R_008988,Junior
R_008989,Mid
R_008990,Mid
R_008991,Senior
R_008992,Junior
R_008993,Mid
R_008994,Mid
R_008995,Senior
R_008996,Junior
R_008997,Senior
R_008998,Junior
R_008999,Junior
R_009000,Junior
R_009001,Mid
R_009002,Senior
R_009003,Senior
R_009004,Senior
R_009005,Junior
R_009006,Junior
R_009007,Senior
R_009008,Senior
R_009009,Junior
R_009010,Mid
R_009011,Mid
R_009012,Senior
R_009013,Junior
R_009014,Junior
R_009015,Junior
R_009016,Junior
R_009017,Mid
R_009018,Mid
R_009019,Senior
R_009020,Senior
R_009021,Mid
R_009022,Mid
R_009023,Mid
R_009024,Mid
R_009025,Junior
R_009026,Senior
R_009027,Mid
R_009028,Junior
R_009029,Mid
R_009030,Senior
R_009031,Senior
R_009032,Senior
R_009033,Senior
R_009034,Mid
R_009035,Senior
R_009036,Junior
R_009037,Mid
R_009038,Senior
R_009039,Mid
R_009040,Senior
R_009041,Mid
R_009042,Mid
R_009043,Mid
R_009044,Senior
R_009045,Mid
R_009046,Mid
R_009047,Mid
R_009048,Mid
R_009049,Senior
R_009050,Junior
R_009051,Junior
R_009052,Senior
R_009053,Junior
R_009054,Senior
R_009055,Senior
R_009056,Senior
R_009057,Mid
R_009058,Junior
R_009059,Senior
R_009060,Mid
R_009061,Mid
R_009062,Mid
R_009063,Mid
R_009064,Junior
R_009065,Mid
R_009066,Senior
R_009067,Senior
R_009068,Mid
R_009069,Senior
R_009070,Junior
R_009071,Junior
R_009072,Junior
R_009073,Junior
R_009074,Senior
R_009075,Senior
R_009076,Junior
R_009077,Junior
R_009078,Mid
R_009079,Mid
R_009080,Senior
R_009081,Junior
R_009082,Mid
R_009083,Junior
R_009084,Mid
R_009085,Mid
R_009086,Junior
R_009087,Mid
R_009088,Mid
R_009089,Mid
R_009090,Junior
R_009091,Junior
R_009092,Mid
R_009093,Mid
R_009094,Mid
R_009095,Junior
R_009096,Junior
R_009097,Mid
R_009098,Mid
R_009099,Mid
R_009100,Junior
R_009101,Junior
R_009102,Senior
R_009103,Junior
R_009104,Senior
R_009105,Mid
R_009106,Junior
R_009107,Mid
R_009108,Senior
R_009109,Mid
R_009110,Senior
R_009111,Junior
R_009112,Senior
R_009113,Senior
R_009114,Mid
R_009115,Junior
R_009116,Mid
R_009117,Senior
R_009118,Mid
R_009119,Junior
R_009120,Mid
R_009121,Junior
R_009122,Senior
R_009123,Mid
R_009124,Senior
R_009125,Senior
R_009126,Mid
R_009127,Senior
R_009128,Mid
R_009129,Senior
R_009130,Junior
R_009131,Mid
R_009132,Senior
R_009133,Senior
R_009134,Junior
R_009135,Mid
R_009136,Mid
R_009137,Senior
R_009138,Senior
R_009139,Mid
R_009140,Senior
R_009141,Senior
R_009142,Junior
R_009143,Senior
R_009144,Junior
R_009145,Senior
R_009146,Mid
R_009147,Junior
R_009148,Junior
R_009149,Senior
R_009150,Mid
R_009151,Senior
R_009152,Mid
R_009153,Mid
R_009154,Junior
R_009155,Senior
R_009156,Mid
R_009157,Mid
R_009158,Senior
R_009159,Mid
R_009160,Mid
R_009161,Mid
R_009162,Mid
R_009163,Mid
R_009164,Senior
R_009165,Junior
R_009166,Senior
R_009167,Senior
R_009168,Junior
R_009169,Mid
R_009170,Mid
R_009171,Junior
R_009172,Senior
R_009173,Junior
R_009174,Senior
R_009175,Junior
R_009176,Senior
R_009177,Senior
R_009178,Mid
R_009179,Junior
R_009180,Mid
R_009181,Mid
R_009182,Mid
R_009183,Junior
R_009184,Senior
R_009185,Junior
R_009186,Senior
R_009187,Junior
R_009188,Mid
R_009189,Senior
R_009190,Junior
R_009191,Senior
R_009192,Senior
R_009193,Mid
R_009194,Mid
R_009195,Senior
R_009196,Junior
R_009197,Junior
R_009198,Mid
R_009199,Mid
R_009200,Senior
R_009201,Senior
R_009202,Mid
R_009203,Mid
R_009204,Junior
R_009205,Senior
R_009206,Senior
R_009207,Junior
R_009208,Junior
R_009209,Junior
R_009210,Junior
R_009211,Mid
R_009212,Mid
R_009213,Senior
R_009214,Senior
R_009215,Junior
R_009216,Senior
R_009217,Junior
R_009218,Senior
R_009219,Junior
R_009220,Mid
R_009221,Junior
R_009222,Senior
R_009223,Junior
R_009224,Senior
R_009225,Junior
R_009226,Senior
R_009227,Senior
R_009228,Mid
R_009229,Mid
R_009230,Junior
R_009231,Senior
R_009232,Mid
R_009233,Mid
R_009234,Junior
R_009235,Junior
R_009236,Senior
R_009237,Mid
R_009238,Senior
R_009239,Junior
R_009240,Junior
R_009241,Senior
R_009242,Mid
R_009243,Senior
R_009244,Junior
R_009245,Senior
R_009246,Junior
R_009247,Junior
R_009248,Senior
R_009249,Senior
R_009250,Junior
R_009251,Mid
R_009252,Mid
R_009253,Junior
R_009254,Junior
R_009255,Junior
R_009256,Junior
R_009257,Junior
R_009258,Senior
R_009259,Senior
R_009260,Mid
R_009261,Mid
R_009262,Junior
R_009263,Mid
R_009264,Senior
R_009265,Mid
R_009266,Senior
R_009267,Senior
R_009268,Junior
R_009269,Junior
R_009270,Senior
R_009271,Mid
R_009272,Mid
R_009273,Junior
R_009274,Senior
R_009275,Senior
R_009276,Senior
R_009277,Senior
R_009278,Junior
R_009279,Senior
R_009280,Junior
R_009281,Junior
R_009282,Mid
R_009283,Senior
R_009284,Junior
R_009285,Senior
R_009286,Senior
R_009287,Senior
R_009288,Mid
R_009289,Junior
R_009290,Junior
R_009291,Junior
R_009292,Mid
R_009293,Junior
R_009294,Mid
R_009295,Junior
R_009296,Junior
R_009297,Junior
R_009298,Junior
R_009299,Senior
R_009300,Junior
R_009301,Junior
R_009302,Junior
R_009303,Mid
R_009304,Senior
R_009305,Junior
R_009306,Junior
R_009307,Junior
R_009308,Mid
R_009309,Junior
R_009310,Mid
R_009311,Mid
R_009312,Senior
R_009313,Junior
R_009314,Mid
R_009315,Senior
R_009316,Mid
R_009317,Senior
R_009318,Junior
R_009319,Junior
R_009320,Mid
R_009321,Mid
R_009322,Senior
R_009323,Junior
R_009324,Senior
R_009325,Mid
R_009326,Senior
R_009327,Mid
R_009328,Mid
R_009329,Junior
R_009330,Senior
R_009331,Senior
R_009332,Junior
R_009333,Mid
R_009334,Senior
R_009335,Mid
R_009336,Junior
R_009337,Junior
R_009338,Junior
R_009339,Senior
R_009340,Junior
R_009341,Senior
R_009342,Junior
R_009343,Senior
R_009344,Senior
R_009345,Mid
R_009346,Mid
R_009347,Junior
R_009348,Junior
R_009349,Senior
R_009350,Junior
R_009351,Junior
R_009352,Senior
R_009353,Senior
R_009354,Junior
R_009355,Mid
R_009356,Senior
R_009357,Senior
R_009358,Junior
R_009359,Senior
R_009360,Junior
R_009361,Senior
R_009362,Senior
R_009363,Senior
R_009364,Mid
R_009365,Senior
R_009366,Mid
R_009367,Mid
R_009368,Senior
R_009369,Mid
R_009370,Mid
R_009371,Mid
R_009372,Senior
R_009373,Junior
R_009374,Junior
R_009375,Junior
R_009376,Mid
R_009377,Senior
R_009378,Senior
R_009379,Junior
R_009380,Senior
R_009381,Junior
R_009382,Senior
R_009383,Senior
R_009384,Senior
R_009385,Senior
R_009386,Junior
R_009387,Mid
R_009388,Mid
R_009389,Mid
R_009390,Mid
R_009391,Junior
R_009392,Senior
R_009393,Junior
R_009394,Senior
R_009395,Junior
R_009396,Mid
R_009397,Senior
R_009398,Senior
R_009399,Senior
R_009400,Junior
R_009401,Mid
R_009402,Junior
R_009403,Senior
R_009404,Senior
R_009405,Junior
R_009406,Mid
R_009407,Senior
R_009408,Junior
R_009409,Junior
R_009410,Senior
R_009411,Junior
R_009412,Junior
R_009413,Mid
R_009414,Mid
R_009415,Mid
R_009416,Junior
R_009417,Senior
R_009418,Mid
R_009419,Senior
R_009420,Senior
R_009421,Senior
R_009422,Junior
R_009423,Senior
R_009424,Senior
R_009425,Senior
R_009426,Junior
R_009427,Junior
R_009428,Senior
R_009429,Senior
R_009430,Senior
R_009431,Mid
R_009432,Senior
R_009433,Mid
R_009434,Mid
R_009435,Junior
R_009436,Mid
R_009437,Senior
R_009438,Junior
R_009439,Junior
R_009440,Junior
R_009441,Junior
R_009442,Mid
R_009443,Junior
R_009444,Junior
R_009445,Junior
R_009446,Mid
R_009447,Mid
R_009448,Senior
R_009449,Junior
R_009450,Senior
R_009451,Junior
R_009452,Junior
R_009453,Senior
R_009454,Mid
R_009455,Junior
R_009456,Mid
R_009457,Senior
R_009458,Junior
R_009459,Junior
R_009460,Junior
R_009461,Junior
R_009462,Senior
R_009463,Senior
R_009464,Junior
R_009465,Mid
R_009466,Mid
R_009467,Junior
R_009468,Mid
R_009469,Mid
R_009470,Senior
R_009471,Mid
R_009472,Mid
R_009473,Senior
R_009474,Junior
R_009475,Senior
R_009476,Junior
R_009477,Junior
R_009478,Senior
R_009479,Senior
R_009480,Junior
R_009481,Senior
R_009482,Mid
R_009483,Junior
R_009484,Junior
R_009485,Mid
R_009486,Senior
R_009487,Mid
R_009488,Senior
R_009489,Junior
R_009490,Senior
R_009491,Junior
R_009492,Junior
R_009493,Mid
R_009494,Senior
R_009495,Junior
R_009496,Mid
R_009497,Mid
R_009498,Senior
R_009499,Mid
R_009500,Mid
R_009501,Mid
R_009502,Mid
R_009503,Mid
R_009504,Mid
R_009505,Senior
R_009506,Mid
R_009507,Junior
R_009508,Junior
R_009509,Mid
R_009510,Junior
R_009511,Junior
R_009512,Senior
R_009513,Mid
R_009514,Mid
R_009515,Mid
R_009516,Junior
R_009517,Senior
R_009518,Senior
R_009519,Senior
R_009520,Mid
R_009521,Junior
R_009522,Junior
R_009523,Senior
R_009524,Junior
R_009525,Mid
R_009526,Junior
R_009527,Senior
R_009528,Mid
R_009529,Senior
R_009530,Mid
R_009531,Senior
R_009532,Mid
R_009533,Mid
R_009534,Junior
R_009535,Mid
R_009536,Senior
R_009537,Senior
R_009538,Senior
R_009539,Junior
R_009540,Mid
R_009541,Mid
R_009542,Mid
R_009543,Senior
R_009544,Mid
R_009545,Mid
R_009546,Junior
R_009547,Junior
R_009548,Mid
R_009549,Mid
R_009550,Junior
R_009551,Senior
R_009552,Junior
R_009553,Senior
R_009554,Senior
R_009555,Mid
R_009556,Senior
R_009557,Junior
R_009558,Senior
R_009559,Mid
R_009560,Mid
R_009561,Mid
R_009562,Mid
R_009563,Junior
R_009564,Mid
R_009565,Mid
R_009566,Junior
R_009567,Junior
R_009568,Senior
R_009569,Senior
R_009570,Mid
R_009571,Mid
R_009572,Senior
R_009573,Mid
R_009574,Junior
R_009575,Senior
R_009576,Senior
R_009577,Senior
R_009578,Mid
R_009579,Senior
R_009580,Senior
R_009581,Senior
R_009582,Senior
R_009583,Mid
R_009584,Junior
R_009585,Senior
R_009586,Mid
R_009587,Senior
R_009588,Senior
R_009589,Junior
R_009590,Senior
R_009591,Junior
R_009592,Junior
R_009593,Junior
R_009594,Senior
R_009595,Junior
R_009596,Mid
R_009597,Senior
R_009598,Junior
R_009599,Mid
R_009600,Senior
R_009601,Junior
R_009602,Junior
R_009603,Mid
R_009604,Junior
R_009605,Senior
R_009606,Mid
R_009607,Mid
R_009608,Senior
R_009609,Junior
R_009610,Senior
R_009611,Junior
R_009612,Junior
R_009613,Senior
R_009614,Mid
R_009615,Junior
R_009616,Junior
R_009617,Senior
R_009618,Senior
R_009619,Mid
R_009620,Mid
R_009621,Mid
R_009622,Mid
R_009623,Mid
R_009624,Mid
R_009625,Mid
R_009626,Mid
R_009627,Junior
R_009628,Junior
R_009629,Junior
R_009630,Junior
R_009631,Senior
R_009632,Senior
R_009633,Mid
R_009634,Senior
R_009635,Mid
R_009636,Senior
R_009637,Mid
R_009638,Mid
R_009639,Senior
R_009640,Mid
R_009641,Senior
R_009642,Junior
R_009643,Junior
R_009644,Junior
R_009645,Mid
R_009646,Senior
R_009647,Mid
R_009648,Mid
R_009649,Mid
R_009650,Senior
R_009651,Junior
R_009652,Senior
R_009653,Junior
R_009654,Senior
R_009655,Junior
R_009656,Mid
R_009657,Senior
R_009658,Senior
R_009659,Junior
R_009660,Junior
R_009661,Senior
R_009662,Junior
R_009663,Senior
R_009664,Junior
R_009665,Junior
R_009666,Mid
R_009667,Junior
R_009668,Junior
R_009669,Mid
R_009670,Senior
R_009671,Junior
R_009672,Junior
R_009673,Junior
R_009674,Mid
R_009675,Senior
R_009676,Junior
R_009677,Junior
R_009678,Senior
R_009679,Senior
R_009680,Junior
R_009681,Senior
R_009682,Senior
R_009683,Mid
R_009684,Senior
R_009685,Senior
R_009686,Senior
R_009687,Junior
R_009688,Junior
R_009689,Senior
R_009690,Junior
R_009691,Senior
R_009692,Senior
R_009693,Mid
R_009694,Senior
R_009695,Mid
R_009696,Junior
R_009697,Mid
R_009698,Senior
R_009699,Senior
R_009700,Mid
R_009701,Mid
R_009702,Junior
R_009703,Senior
R_009704,Junior
R_009705,Mid
R_009706,Junior
R_009707,Senior
R_009708,Mid
R_009709,Junior
R_009710,Junior
R_009711,Junior
R_009712,Mid
R_009713,Mid
R_009714,Senior
R_009715,Mid
R_009716,Junior
R_009717,Senior
R_009718,Mid
R_009719,Junior
R_009720,Mid
R_009721,Senior
R_009722,Senior
R_009723,Junior
R_009724,Mid
R_009725,Junior
R_009726,Senior
R_009727,Mid
R_009728,Mid
R_009729,Mid
R_009730,Senior
R_009731,Junior
R_009732,Junior
R_009733,Senior
R_009734,Mid
R_009735,Junior
R_009736,Junior
R_009737,Senior
R_009738,Mid
R_009739,Senior
R_009740,Mid
R_009741,Senior
R_009742,Senior
R_009743,Mid
R_009744,Mid
R_009745,Senior
R_009746,Senior
R_009747,Junior
R_009748,Junior
R_009749,Mid
R_009750,Mid
R_009751,Senior
R_009752,Junior
R_009753,Junior
R_009754,Junior
R_009755,Junior
R_009756,Senior
R_009757,Mid
R_009758,Mid
R_009759,Mid
R_009760,Mid
R_009761,Senior
R_009762,Mid
R_009763,Junior
R_009764,Mid
R_009765,Senior
R_009766,Senior
R_009767,Senior
R_009768,Mid
R_009769,Mid
R_009770,Mid
R_009771,Mid
R_009772,Senior
R_009773,Junior
R_009774,Junior
R_009775,Mid
R_009776,Senior
R_009777,Senior
R_009778,Mid
R_009779,Senior
R_009780,Mid
R_009781,Mid
R_009782,Junior
R_009783,Mid
R_009784,Senior
R_009785,Mid
R_009786,Senior
R_009787,Junior
R_009788,Junior
R_009789,Mid
R_009790,Senior
R_009791,Junior
R_009792,Junior
R_009793,Mid
R_009794,Senior
R_009795,Senior
R_009796,Junior
R_009797,Junior
R_009798,Junior
R_009799,Junior
R_009800,Mid
R_009801,Junior
R_009802,Senior
R_009803,Junior
R_009804,Junior
R_009805,Mid
R_009806,Senior
R_009807,Senior
R_009808,Junior
R_009809,Junior
R_009810,Mid
R_009811,Junior
R_009812,Mid
R_009813,Junior
R_009814,Mid
R_009815,Mid
R_009816,Junior
R_009817,Junior
R_009818,Junior
R_009819,Senior
R_009820,Junior
R_009821,Senior
R_009822,Mid
R_009823,Senior
R_009824,Mid
R_009825,Mid
R_009826,Junior
R_009827,Senior
R_009828,Senior
R_009829,Senior
R_009830,Senior
R_009831,Senior
R_009832,Senior
R_009833,Junior
R_009834,Senior
R_009835,Senior
R_009836,Senior
R_009837,Mid
R_009838,Mid
R_009839,Senior
R_009840,Mid
R_009841,Junior
R_009842,Junior
R_009843,Mid
R_009844,Mid
R_009845,Mid
R_009846,Senior
R_009847,Junior
R_009848,Junior
R_009849,Senior
R_009850,Junior
R_009851,Mid
R_009852,Junior
R_009853,Junior
R_009854,Junior
R_009855,Senior
R_009856,Mid
R_009857,Mid
R_009858,Junior
R_009859,Senior
R_009860,Mid
R_009861,Mid
R_009862,Junior
R_009863,Junior
R_009864,Senior
R_009865,Mid
R_009866,Junior
R_009867,Mid
R_009868,Junior
R_009869,Junior
R_009870,Mid
R_009871,Senior
R_009872,Senior
R_009873,Junior
R_009874,Senior
R_009875,Junior
R_009876,Mid
R_009877,Senior
R_009878,Senior
R_009879,Mid
R_009880,Senior
R_009881,Senior
R_009882,Senior
R_009883,Senior
R_009884,Senior
R_009885,Mid
R_009886,Mid
R_009887,Senior
R_009888,Junior
R_009889,Junior
R_009890,Mid
R_009891,Junior
R_009892,Mid
R_009893,Mid
R_009894,Senior
R_009895,Mid
R_009896,Mid
R_009897,Junior
R_009898,Mid
R_009899,Senior
R_009900,Mid
R_009901,Senior
R_009902,Senior
R_009903,Senior
R_009904,Senior
R_009905,Junior
R_009906,Mid
R_009907,Junior
R_009908,Senior
R_009909,Mid
R_009910,Mid
R_009911,Senior
R_009912,Senior
R_009913,Mid
R_009914,Mid
R_009915,Senior
R_009916,Junior
R_009917,Senior
R_009918,Mid
R_009919,Junior
R_009920,Junior
R_009921,Senior
R_009922,Junior
R_009923,Senior
R_009924,Mid
R_009925,Junior
R_009926,Junior
R_009927,Senior
R_009928,Mid
R_009929,Senior
R_009930,Junior
R_009931,Junior
R_009932,Junior
R_009933,Junior
R_009934,Mid
R_009935,Mid
R_009936,Senior
R_009937,Mid
R_009938,Junior
R_009939,Senior
R_009940,Senior
R_009941,Mid
R_009942,Junior
R_009943,Senior
R_009944,Senior
R_009945,Mid
R_009946,Mid
R_009947,Senior
R_009948,Mid
R_009949,Senior
R_009950,Senior
R_009951,Mid
R_009952,Junior
R_009953,Mid
R_009954,Senior
R_009955,Senior
R_009956,Mid
R_009957,Senior
R_009958,Senior
R_009959,Senior
R_009960,Junior
R_009961,Mid
R_009962,Junior
R_009963,Senior
R_009964,Junior
R_009965,Senior
R_009966,Junior
R_009967,Junior
R_009968,Senior
R_009969,Mid
R_009970,Senior
R_009971,Mid
R_009972,Senior
R_009973,Senior
R_009974,Mid
R_009975,Junior
R_009976,Junior
R_009977,Mid
R_009978,Mid
R_009979,Mid
R_009980,Mid
R_009981,Mid
R_009982,Mid
R_009983,Mid
R_009984,Senior
R_009985,Junior
R_009986,Junior
R_009987,Junior
R_009988,Junior
R_009989,Junior
R_009990,Mid
R_009991,Senior
R_009992,Mid
R_009993,Mid
R_009994,Senior
R_009995,Mid
R_009996,Senior
R_009997,Junior
R_009998,Senior
R_009999,Senior
