job_id,degree,bipartite_degree_centrality,pagerank,is_isolate,component_size,community_global,community_size
J_000000,32,0.0032,0.00017725473037078851,0,3102,6,1531
J_000001,37,0.0037,0.00020603197210486594,0,1505,7,1505
J_000002,32,0.0032,0.00018425234208736195,0,3102,1,1571
J_000003,31,0.0031,0.000195422010891876,0,1628,0,1628
J_000004,32,0.0032,0.000201927720454609,0,1565,2,1565
J_000005,32,0.0032,0.0001868336157320462,0,1559,4,1559
J_000006,31,0.0031,0.0001727761756217008,0,1505,7,1505
J_000007,31,0.0031,0.0001796670258930807,0,1562,3,1562
J_000008,32,0.0032,0.0001966092670174097,0,1550,5,1550
J_000009,31,0.0031,0.0001908481612871058,0,3102,6,1531
J_000010,30,0.003,0.00017379500858545795,0,3102,6,1531
J_000011,33,0.0033,0.0001836275157306141,0,3102,1,1571
J_000012,31,0.0031,0.00017804125352151778,0,1562,3,1562
J_000013,31,0.0031,0.0001896402190871191,0,1562,3,1562
J_000014,32,0.0032,0.00017624899831760642,0,3102,6,1531
J_000015,34,0.0034,0.00018870984710255405,0,1505,7,1505
J_000016,32,0.0032,0.00017806570391485757,0,3102,1,1571
J_000017,31,0.0031,0.0001647811334220297,0,1505,7,1505
J_000018,34,0.0034,0.00018715189116747874,0,1505,7,1505
J_000019,30,0.003,0.0001753667521282648,0,3102,6,1531
J_000020,32,0.0032,0.00017928007310561602,0,1559,4,1559
J_000021,31,0.0031,0.00017943604756192024,0,3102,6,1531
J_000022,35,0.0035,0.0001940312163026719,0,3102,1,1571
J_000023,31,0.0031,0.00017912647271391144,0,3102,6,1531
J_000024,32,0.0032,0.00019417004093268952,0,1550,5,1550
J_000025,32,0.0032,0.00019478664254827122,0,1628,0,1628
J_000026,31,0.0031,0.00018283017857999813,0,1562,3,1562
J_000027,30,0.003,0.000179982152208998,0,1559,4,1559
J_000028,31,0.0031,0.00018625454111599864,0,1628,0,1628
J_000029,30,0.003,0.00019019404775423479,0,1562,3,1562
J_000030,31,0.0031,0.00018690393892890802,0,1628,0,1628
J_000031,30,0.003,0.00018388850279853967,0,1562,3,1562
J_000032,31,0.0031,0.00018364221594607567,0,1559,4,1559
J_000033,32,0.0032,0.00018957141338368143,0,1628,0,1628
J_000034,34,0.0034,0.00019753599511673065,0,1628,0,1628
J_000035,32,0.0032,0.00020326950124083194,0,1565,2,1565
J_000036,34,0.0034,0.00019780011895653875,0,1628,0,1628
J_000037,31,0.0031,0.0001794189158879409,0,3102,6,1531
J_000038,32,0.0032,0.00019051058158206264,0,1559,4,1559
J_000039,32,0.0032,0.00019672417527720378,0,1559,4,1559
J_000040,33,0.0033,0.0001978807544557928,0,1562,3,1562
J_000041,33,0.0033,0.0002138322397793012,0,1565,2,1565
J_000042,33,0.0033,0.00018603054270936031,0,1505,7,1505
J_000043,35,0.0035,0.00020553648578978208,0,1559,4,1559
J_000044,32,0.0032,0.00018198249064504932,0,1562,3,1562
J_000045,33,0.0033,0.0001971293808518509,0,1562,3,1562
J_000046,36,0.0036,0.0002161032264095019,0,1562,3,1562
J_000047,33,0.0033,0.00018903955174941238,0,1562,3,1562
J_000048,30,0.003,0.0001670897542143098,0,3102,1,1571
J_000049,32,0.0032,0.00019338586363456587,0,1550,5,1550
J_000050,30,0.003,0.0001786856885696535,0,1559,4,1559
J_000051,31,0.0031,0.00019151802738597625,0,1565,2,1565
J_000052,34,0.0034,0.00019753846013253844,0,3102,1,1571
J_000053,33,0.0033,0.0001894067446014573,0,1505,7,1505
J_000054,31,0.0031,0.0001811825227403073,0,1562,3,1562
J_000055,35,0.0035,0.00020027406922408029,0,1559,4,1559
J_000056,33,0.0033,0.00019079522526228268,0,3102,6,1531
J_000057,31,0.0031,0.0001850708977240107,0,1559,4,1559
J_000058,32,0.0032,0.0001782781433149075,0,3102,1,1571
J_000059,32,0.0032,0.00017987552030067694,0,3102,6,1531
J_000060,33,0.0033,0.00019921905621206456,0,1562,3,1562
J_000061,35,0.0035,0.00019442045234221926,0,1505,7,1505
J_000062,32,0.0032,0.00018681522350997415,0,3102,1,1571
J_000063,32,0.0032,0.00018284400286796014,0,1505,7,1505
J_000064,33,0.0033,0.0001830613610623449,0,3102,6,1531
J_000065,31,0.0031,0.00017462353214895497,0,1559,4,1559
J_000066,31,0.0031,0.00019337700122777271,0,1628,0,1628
J_000067,33,0.0033,0.0001857665691702761,0,3102,6,1531
J_000068,34,0.0034,0.00022324168588511276,0,1550,5,1550
J_000069,33,0.0033,0.0001910818418558262,0,1505,7,1505
J_000070,31,0.0031,0.0001734766137895198,0,1505,7,1505
J_000071,32,0.0032,0.00018679144666772758,0,1559,4,1559
J_000072,33,0.0033,0.00020802015427014747,0,1628,0,1628
J_000073,35,0.0035,0.00021053537059328,0,1562,3,1562
J_000074,32,0.0032,0.0001926685724518183,0,1562,3,1562
J_000075,31,0.0031,0.00017532971849621118,0,1505,7,1505
J_000076,32,0.0032,0.00017257828632862135,0,3102,1,1571
J_000077,32,0.0032,0.00018241811657719524,0,3102,6,1531
J_000078,31,0.0031,0.00018943231530312612,0,1628,0,1628
J_000079,32,0.0032,0.0002067234797143315,0,1565,2,1565
J_000080,32,0.0032,0.00017722388436728487,0,3102,6,1531
J_000081,31,0.0031,0.0001980925440666747,0,1562,3,1562
J_000082,32,0.0032,0.00019693472763993418,0,1565,2,1565
J_000083,34,0.0034,0.00022015842829260085,0,1628,0,1628
J_000084,32,0.0032,0.00018498592141235723,0,3102,1,1571
J_000085,35,0.0035,0.00021996272921164675,0,1565,2,1565
J_000086,36,0.0036,0.00020134055262981403,0,3102,6,1531
J_000087,32,0.0032,0.0001819000259505087,0,1505,7,1505
J_000088,33,0.0033,0.0001791650406144883,0,1505,7,1505
J_000089,32,0.0032,0.00019574351369515495,0,1628,0,1628
J_000090,30,0.003,0.0001688979204737496,0,1505,7,1505
J_000091,33,0.0033,0.00019564652123225628,0,1628,0,1628
J_000092,32,0.0032,0.0002011387249547953,0,1550,5,1550
J_000093,34,0.0034,0.00019022908004721182,0,1505,7,1505
J_000094,33,0.0033,0.00019694606983349723,0,1628,0,1628
J_000095,32,0.0032,0.00017794686416879567,0,3102,1,1571
J_000096,31,0.0031,0.0001897647469552309,0,1565,2,1565
J_000097,32,0.0032,0.00019814722743276554,0,1628,0,1628
J_000098,30,0.003,0.00016680025102910166,0,3102,1,1571
J_000099,32,0.0032,0.0001763812712718895,0,1505,7,1505
J_000100,32,0.0032,0.00019136512385515083,0,1628,0,1628
J_000101,32,0.0032,0.00019616568667056873,0,1628,0,1628
J_000102,31,0.0031,0.00017373023269461185,0,3102,1,1571
J_000103,33,0.0033,0.00018388512956966045,0,3102,6,1531
J_000104,34,0.0034,0.00019611159294174774,0,1562,3,1562
J_000105,31,0.0031,0.00016791725190545227,0,3102,6,1531
J_000106,31,0.0031,0.0001743067614900009,0,3102,6,1531
J_000107,31,0.0031,0.00018248293421392427,0,1628,0,1628
J_000108,33,0.0033,0.00019530605847004528,0,1562,3,1562
J_000109,31,0.0031,0.0001760644803792738,0,3102,1,1571
J_000110,31,0.0031,0.00019786132216353217,0,1565,2,1565
J_000111,31,0.0031,0.00017440597858754694,0,3102,1,1571
J_000112,31,0.0031,0.00020174944098832212,0,1565,2,1565
J_000113,34,0.0034,0.000188826479692552,0,3102,6,1531
J_000114,31,0.0031,0.0001901778962759033,0,1550,5,1550
J_000115,31,0.0031,0.00018606673940644046,0,1562,3,1562
J_000116,33,0.0033,0.00020559329297314426,0,1628,0,1628
J_000117,35,0.0035,0.0002031546338679062,0,1559,4,1559
J_000118,32,0.0032,0.00019058577964168677,0,1559,4,1559
J_000119,33,0.0033,0.00019564883463574122,0,1628,0,1628
J_000120,33,0.0033,0.00018870103932044295,0,3102,1,1571
J_000121,32,0.0032,0.000179515624135314,0,1505,7,1505
J_000122,33,0.0033,0.00019495100195036975,0,1559,4,1559
J_000123,32,0.0032,0.0001875538960800503,0,1562,3,1562
J_000124,33,0.0033,0.0001919968273480332,0,1628,0,1628
J_000125,34,0.0034,0.00020820975323140148,0,1550,5,1550
J_000126,31,0.0031,0.00018339271381606167,0,1562,3,1562
J_000127,30,0.003,0.000212339877621418,0,1565,2,1565
J_000128,32,0.0032,0.00018139489770972945,0,3102,6,1531
J_000129,30,0.003,0.00019011411777070583,0,1628,0,1628
J_000130,31,0.0031,0.0001870299119474548,0,1628,0,1628
J_000131,32,0.0032,0.0001950905022325502,0,1559,4,1559
J_000132,32,0.0032,0.00017667842546295666,0,3102,1,1571
J_000133,33,0.0033,0.00018483321976376317,0,3102,1,1571
J_000134,32,0.0032,0.0001993068893948519,0,1550,5,1550
J_000135,34,0.0034,0.0002215421129399614,0,1565,2,1565
J_000136,32,0.0032,0.00018083318286437401,0,1505,7,1505
J_000137,32,0.0032,0.00018427241159099772,0,3102,1,1571
J_000138,32,0.0032,0.0001839220559040554,0,3102,6,1531
J_000139,32,0.0032,0.00020302356983469157,0,1565,2,1565
J_000140,32,0.0032,0.00017776272826501376,0,1505,7,1505
J_000141,32,0.0032,0.00018873154105588286,0,1562,3,1562
J_000142,31,0.0031,0.00019771095941026906,0,1550,5,1550
J_000143,32,0.0032,0.00017168188268293916,0,1505,7,1505
J_000144,33,0.0033,0.0001796829851416066,0,3102,1,1571
J_000145,32,0.0032,0.00018290351372044034,0,1559,4,1559
J_000146,32,0.0032,0.00019223201423303716,0,1559,4,1559
J_000147,34,0.0034,0.00018720475180673439,0,3102,6,1531
J_000148,31,0.0031,0.00017841567391615697,0,1505,7,1505
J_000149,34,0.0034,0.00018969175286135737,0,1559,4,1559
J_000150,32,0.0032,0.00019308812515681208,0,1628,0,1628
J_000151,34,0.0034,0.00020802878521977412,0,1562,3,1562
J_000152,33,0.0033,0.0001833222878397912,0,3102,1,1571
J_000153,31,0.0031,0.00018000713476078284,0,3102,6,1531
J_000154,34,0.0034,0.00019098033327820412,0,3102,1,1571
J_000155,31,0.0031,0.00020398140060218358,0,1565,2,1565
J_000156,30,0.003,0.0001638205726924865,0,3102,6,1531
J_000157,33,0.0033,0.00017703074070444207,0,1505,7,1505
J_000158,32,0.0032,0.00018586110152663297,0,3102,6,1531
J_000159,31,0.0031,0.00017899914273553097,0,3102,1,1571
J_000160,32,0.0032,0.000184620911902807,0,1559,4,1559
J_000161,30,0.003,0.00018922656550444472,0,1628,0,1628
J_000162,32,0.0032,0.00019284715875738151,0,1550,5,1550
J_000163,30,0.003,0.0001695996315657523,0,1505,7,1505
J_000164,31,0.0031,0.00019007751884375965,0,1559,4,1559
J_000165,30,0.003,0.0001806810552221507,0,3102,6,1531
J_000166,33,0.0033,0.00018354527250468233,0,1505,7,1505
J_000167,32,0.0032,0.00019791987492930898,0,1550,5,1550
J_000168,31,0.0031,0.00017320041935336655,0,1505,7,1505
J_000169,31,0.0031,0.00020075671043304547,0,1565,2,1565
J_000170,31,0.0031,0.00019458440040040495,0,1628,0,1628
J_000171,31,0.0031,0.00018348990392801456,0,3102,1,1571
J_000172,31,0.0031,0.0001969826570378373,0,1628,0,1628
J_000173,32,0.0032,0.00020654999998965455,0,1565,2,1565
J_000174,32,0.0032,0.00017823835864888313,0,3102,6,1531
J_000175,32,0.0032,0.000191220280887484,0,1628,0,1628
J_000176,32,0.0032,0.0001757670032756249,0,1505,7,1505
J_000177,34,0.0034,0.00020930165834953332,0,1550,5,1550
J_000178,31,0.0031,0.00018092284250378137,0,1562,3,1562
J_000179,33,0.0033,0.00018617844641495907,0,1505,7,1505
J_000180,32,0.0032,0.0002011223781209306,0,1562,3,1562
J_000181,32,0.0032,0.0001965625468220662,0,1562,3,1562
J_000182,32,0.0032,0.0001844956549250416,0,3102,1,1571
J_000183,32,0.0032,0.00018458439103344318,0,3102,6,1531
J_000184,32,0.0032,0.00018365175685859309,0,1559,4,1559
J_000185,35,0.0035,0.00019195576046196665,0,3102,1,1571
J_000186,31,0.0031,0.0001852016217372835,0,1562,3,1562
J_000187,34,0.0034,0.00022010166303456855,0,1565,2,1565
J_000188,30,0.003,0.00017376336687596655,0,1505,7,1505
J_000189,33,0.0033,0.00020148424478761526,0,1628,0,1628
J_000190,30,0.003,0.00016556304883108013,0,3102,6,1531
J_000191,31,0.0031,0.0001900711517607346,0,1562,3,1562
J_000192,34,0.0034,0.00021887566496701368,0,1565,2,1565
J_000193,32,0.0032,0.00018955529587011963,0,1505,7,1505
J_000194,30,0.003,0.00018154145317273397,0,1562,3,1562
J_000195,31,0.0031,0.00017604769137794942,0,3102,1,1571
J_000196,31,0.0031,0.00018722499671545333,0,1628,0,1628
J_000197,33,0.0033,0.00020123218215079382,0,1628,0,1628
J_000198,32,0.0032,0.00017233873939277069,0,1505,7,1505
J_000199,32,0.0032,0.000180027111171492,0,3102,6,1531
J_000200,33,0.0033,0.00019132628420432974,0,1505,7,1505
J_000201,32,0.0032,0.00017618110511053418,0,3102,1,1571
J_000202,31,0.0031,0.00018018499042278562,0,3102,6,1531
J_000203,30,0.003,0.00018735405068843732,0,1550,5,1550
J_000204,31,0.0031,0.00019880485400129626,0,1565,2,1565
J_000205,30,0.003,0.0001662964554358856,0,3102,1,1571
J_000206,34,0.0034,0.000192459394368427,0,1562,3,1562
J_000207,32,0.0032,0.00017512617548899414,0,3102,1,1571
J_000208,32,0.0032,0.00019128185453120365,0,1559,4,1559
J_000209,32,0.0032,0.00018622494659897309,0,1562,3,1562
J_000210,32,0.0032,0.00019187681346703717,0,1550,5,1550
J_000211,33,0.0033,0.00020175011657632495,0,1562,3,1562
J_000212,35,0.0035,0.00019040319025464956,0,3102,1,1571
J_000213,30,0.003,0.00017821970891083723,0,1562,3,1562
J_000214,30,0.003,0.00017933096095042804,0,1559,4,1559
J_000215,31,0.0031,0.0001666617843019338,0,1505,7,1505
J_000216,31,0.0031,0.0002013364047256163,0,1565,2,1565
J_000217,34,0.0034,0.00021088062731289292,0,1628,0,1628
J_000218,33,0.0033,0.00019993266336627526,0,1562,3,1562
J_000219,35,0.0035,0.00019595283672449673,0,3102,6,1531
J_000220,31,0.0031,0.00018523591395997794,0,1559,4,1559
J_000221,30,0.003,0.00019377684340896625,0,1550,5,1550
J_000222,34,0.0034,0.0001852469658746014,0,3102,6,1531
J_000223,31,0.0031,0.00016800117972736787,0,1505,7,1505
J_000224,35,0.0035,0.0002119212054862966,0,1550,5,1550
J_000225,31,0.0031,0.00016896114795352432,0,3102,1,1571
J_000226,34,0.0034,0.0001986141528173418,0,1562,3,1562
J_000227,32,0.0032,0.0001865953422487857,0,1562,3,1562
J_000228,31,0.0031,0.00018641814775444224,0,1628,0,1628
J_000229,34,0.0034,0.00020200641485996912,0,1628,0,1628
J_000230,34,0.0034,0.00018945320169190788,0,1559,4,1559
J_000231,30,0.003,0.0001882463977790841,0,1628,0,1628
J_000232,32,0.0032,0.00017265722957726602,0,3102,1,1571
J_000233,30,0.003,0.0001807678635194437,0,1562,3,1562
J_000234,31,0.0031,0.00018573072938345942,0,1562,3,1562
J_000235,31,0.0031,0.00017001965857405454,0,1505,7,1505
J_000236,35,0.0035,0.00020705098626906836,0,1550,5,1550
J_000237,32,0.0032,0.00017870573055981133,0,3102,1,1571
J_000238,34,0.0034,0.00019856212619828465,0,1628,0,1628
J_000239,32,0.0032,0.0001879461003583932,0,1628,0,1628
J_000240,31,0.0031,0.00018737507301774968,0,1559,4,1559
J_000241,31,0.0031,0.0001697755003012619,0,1505,7,1505
J_000242,33,0.0033,0.00018177019577845567,0,1505,7,1505
J_000243,34,0.0034,0.00020119721157414288,0,1550,5,1550
J_000244,31,0.0031,0.00019652367674312065,0,1562,3,1562
J_000245,32,0.0032,0.00017102659729110602,0,1505,7,1505
J_000246,30,0.003,0.00020512276648058253,0,1565,2,1565
J_000247,32,0.0032,0.0001847471536366612,0,1559,4,1559
J_000248,33,0.0033,0.00018114968709140054,0,3102,1,1571
J_000249,31,0.0031,0.00017835168113018458,0,3102,6,1531
J_000250,31,0.0031,0.00017095822874683368,0,1505,7,1505
J_000251,32,0.0032,0.00020548906007443945,0,1550,5,1550
J_000252,31,0.0031,0.0001884280198428739,0,1628,0,1628
J_000253,30,0.003,0.00019406471901333068,0,1565,2,1565
J_000254,32,0.0032,0.00021098604051396393,0,1565,2,1565
J_000255,33,0.0033,0.0001829271008431554,0,1505,7,1505
J_000256,31,0.0031,0.00017953863398027475,0,1559,4,1559
J_000257,31,0.0031,0.00017435032242921962,0,3102,1,1571
J_000258,32,0.0032,0.00020435842025759104,0,1628,0,1628
J_000259,32,0.0032,0.00020913010191422472,0,3102,1,1571
J_000260,32,0.0032,0.00020389221385678325,0,1628,0,1628
J_000261,33,0.0033,0.00022166136382281254,0,1565,2,1565
J_000262,33,0.0033,0.00019114149761710955,0,3102,6,1531
J_000263,31,0.0031,0.00018387153258885475,0,1559,4,1559
J_000264,31,0.0031,0.0001803024228183701,0,1505,7,1505
J_000265,32,0.0032,0.00017806926471801004,0,3102,1,1571
J_000266,33,0.0033,0.0001887839762373014,0,3102,6,1531
J_000267,31,0.0031,0.00018012751153006896,0,3102,6,1531
J_000268,32,0.0032,0.00019182188832259642,0,1628,0,1628
J_000269,32,0.0032,0.00019874411106504263,0,1550,5,1550
J_000270,33,0.0033,0.00021307965638299936,0,1565,2,1565
J_000271,33,0.0033,0.00021774298215818512,0,1565,2,1565
J_000272,32,0.0032,0.0001844022897739528,0,3102,6,1531
J_000273,32,0.0032,0.00019932887579233197,0,1565,2,1565
J_000274,34,0.0034,0.0001952234657440296,0,1559,4,1559
J_000275,34,0.0034,0.00020631662420494165,0,1628,0,1628
J_000276,32,0.0032,0.00017609283062572424,0,1505,7,1505
J_000277,33,0.0033,0.00019682798078920425,0,1559,4,1559
J_000278,33,0.0033,0.0001923024745690146,0,1559,4,1559
J_000279,32,0.0032,0.00018390989245634944,0,1505,7,1505
J_000280,35,0.0035,0.00020156522833416235,0,1562,3,1562
J_000281,31,0.0031,0.00017817097204043099,0,3102,1,1571
J_000282,32,0.0032,0.0001904952857739023,0,3102,6,1531
J_000283,32,0.0032,0.0001808989433276352,0,1559,4,1559
J_000284,34,0.0034,0.00018791684610906505,0,3102,1,1571
J_000285,30,0.003,0.00018565287808084465,0,1562,3,1562
J_000286,32,0.0032,0.00018096212271866786,0,3102,6,1531
J_000287,32,0.0032,0.00019426932608483874,0,1628,0,1628
J_000288,30,0.003,0.0001782508272888831,0,1628,0,1628
J_000289,32,0.0032,0.0001925149548331982,0,1562,3,1562
J_000290,33,0.0033,0.00019080714474252345,0,1559,4,1559
J_000291,30,0.003,0.00017362277072691836,0,1559,4,1559
J_000292,31,0.0031,0.00017487682390401803,0,3102,1,1571
J_000293,33,0.0033,0.00018789722758118455,0,1559,4,1559
J_000294,31,0.0031,0.00019760862185050267,0,1565,2,1565
J_000295,33,0.0033,0.00018678573213701691,0,3102,1,1571
J_000296,33,0.0033,0.00018519719843422604,0,3102,1,1571
J_000297,32,0.0032,0.0002074612786104009,0,1565,2,1565
J_000298,34,0.0034,0.00020971805249080252,0,1550,5,1550
J_000299,33,0.0033,0.00019249010772717624,0,1562,3,1562
J_000300,32,0.0032,0.0001908632605669187,0,1559,4,1559
J_000301,31,0.0031,0.00018966291621092893,0,1628,0,1628
J_000302,31,0.0031,0.00019612663319157285,0,1550,5,1550
J_000303,33,0.0033,0.00019669504046864697,0,1559,4,1559
J_000304,33,0.0033,0.00018880389311444815,0,3102,6,1531
J_000305,32,0.0032,0.00018910964251009336,0,1550,5,1550
J_000306,33,0.0033,0.00019060574367315783,0,1559,4,1559
J_000307,30,0.003,0.0001805655382660811,0,3102,1,1571
J_000308,30,0.003,0.00018303155973123337,0,1562,3,1562
J_000309,32,0.0032,0.0001753764478283482,0,3102,1,1571
J_000310,30,0.003,0.00017651617240490404,0,3102,1,1571
J_000311,33,0.0033,0.00018413269414603781,0,1505,7,1505
J_000312,33,0.0033,0.00019579066555967394,0,1628,0,1628
J_000313,31,0.0031,0.00018858072219000586,0,1559,4,1559
J_000314,33,0.0033,0.00022971366014683343,0,1565,2,1565
J_000315,32,0.0032,0.00019547462144945904,0,1628,0,1628
J_000316,31,0.0031,0.000181060801556841,0,3102,6,1531
J_000317,33,0.0033,0.0001908641177901044,0,1505,7,1505
J_000318,31,0.0031,0.00018606642392746684,0,1628,0,1628
J_000319,35,0.0035,0.00019178106262604188,0,3102,1,1571
J_000320,31,0.0031,0.00017134349007674542,0,3102,1,1571
J_000321,31,0.0031,0.00018274410791997917,0,3102,1,1571
J_000322,31,0.0031,0.00018600980364301978,0,1550,5,1550
J_000323,32,0.0032,0.0001826655747569036,0,3102,1,1571
J_000324,31,0.0031,0.0001911026305101548,0,1628,0,1628
J_000325,32,0.0032,0.00020171887916703668,0,1550,5,1550
J_000326,32,0.0032,0.00017803126593360642,0,3102,1,1571
J_000327,33,0.0033,0.00018982752662890807,0,1559,4,1559
J_000328,33,0.0033,0.00020636839058763124,0,1565,2,1565
J_000329,32,0.0032,0.00020487421682665382,0,1550,5,1550
J_000330,34,0.0034,0.0001818793545370545,0,1505,7,1505
J_000331,31,0.0031,0.00017749717630141478,0,1562,3,1562
J_000332,31,0.0031,0.0001772637316482134,0,1562,3,1562
J_000333,31,0.0031,0.00018033012070650374,0,1562,3,1562
J_000334,33,0.0033,0.00021535504980607054,0,1565,2,1565
J_000335,31,0.0031,0.00019626316886342586,0,1559,4,1559
J_000336,34,0.0034,0.00020966898491760183,0,1559,4,1559
J_000337,31,0.0031,0.00019189603552207383,0,1550,5,1550
J_000338,32,0.0032,0.00017081792370003535,0,1505,7,1505
J_000339,31,0.0031,0.0001848509213528323,0,3102,6,1531
J_000340,32,0.0032,0.00019800025567841338,0,1628,0,1628
J_000341,31,0.0031,0.00019328558181307042,0,1550,5,1550
J_000342,33,0.0033,0.0001844111756878822,0,1562,3,1562
J_000343,34,0.0034,0.00020350317681364972,0,1628,0,1628
J_000344,32,0.0032,0.00019309189954042617,0,3102,6,1531
J_000345,35,0.0035,0.00020989335187912846,0,1628,0,1628
J_000346,31,0.0031,0.00018100137114884738,0,3102,1,1571
J_000347,32,0.0032,0.0001903029088737187,0,1628,0,1628
J_000348,32,0.0032,0.00017501028000208103,0,1505,7,1505
J_000349,31,0.0031,0.00021045825301354714,0,1565,2,1565
J_000350,31,0.0031,0.0001915217433725379,0,1562,3,1562
J_000351,31,0.0031,0.00020122685922520486,0,1565,2,1565
J_000352,32,0.0032,0.00018784766837948036,0,3102,6,1531
J_000353,31,0.0031,0.0002068200560977721,0,1565,2,1565
J_000354,31,0.0031,0.00019387406377146906,0,1550,5,1550
J_000355,31,0.0031,0.00020056768164614463,0,1565,2,1565
J_000356,34,0.0034,0.00020065696534191213,0,1562,3,1562
J_000357,32,0.0032,0.00020745043822296023,0,1565,2,1565
J_000358,31,0.0031,0.0001727596957840629,0,1505,7,1505
J_000359,33,0.0033,0.00021064568011356922,0,1565,2,1565
J_000360,31,0.0031,0.00017909879435805694,0,1559,4,1559
J_000361,32,0.0032,0.00019490908312104173,0,1562,3,1562
J_000362,38,0.0038,0.00020728922384838784,0,3102,6,1531
J_000363,34,0.0034,0.00019096949577351069,0,3102,1,1571
J_000364,33,0.0033,0.00018077517127232823,0,3102,6,1531
J_000365,32,0.0032,0.00020243747023377293,0,1628,0,1628
J_000366,33,0.0033,0.0001933555715535329,0,1559,4,1559
J_000367,35,0.0035,0.00018676831729696455,0,3102,6,1531
J_000368,30,0.003,0.00017338270314600567,0,3102,6,1531
J_000369,30,0.003,0.00018370631600678463,0,1559,4,1559
J_000370,34,0.0034,0.00020487809491824473,0,3102,6,1531
J_000371,36,0.0036,0.00021646419064187778,0,1550,5,1550
J_000372,31,0.0031,0.00019721875798765792,0,1565,2,1565
J_000373,31,0.0031,0.00017923231591319427,0,1562,3,1562
J_000374,33,0.0033,0.00017928903384999197,0,1505,7,1505
J_000375,31,0.0031,0.00018544759832533553,0,1562,3,1562
J_000376,32,0.0032,0.00018450070228977282,0,3102,1,1571
J_000377,32,0.0032,0.0001831199222972356,0,3102,6,1531
J_000378,32,0.0032,0.00017790074181550314,0,3102,1,1571
J_000379,34,0.0034,0.00018103666135311215,0,1505,7,1505
J_000380,33,0.0033,0.00018015552720544633,0,3102,1,1571
J_000381,35,0.0035,0.0001936694824432945,0,3102,1,1571
J_000382,33,0.0033,0.00017625485357152144,0,3102,1,1571
J_000383,33,0.0033,0.00019703215735174714,0,1562,3,1562
J_000384,35,0.0035,0.00019772855172839056,0,3102,6,1531
J_000385,35,0.0035,0.0001885719753973816,0,1505,7,1505
J_000386,35,0.0035,0.00019488431636468137,0,1505,7,1505
J_000387,33,0.0033,0.00018138020658981213,0,3102,6,1531
J_000388,30,0.003,0.00017661355564400872,0,1559,4,1559
J_000389,33,0.0033,0.00017908135115280466,0,3102,1,1571
J_000390,30,0.003,0.00018039085198559018,0,1562,3,1562
J_000391,31,0.0031,0.00018753253731946677,0,1628,0,1628
J_000392,32,0.0032,0.00019558049679993197,0,1628,0,1628
J_000393,31,0.0031,0.00019025041818966396,0,1628,0,1628
J_000394,30,0.003,0.00018515526018512225,0,1562,3,1562
J_000395,32,0.0032,0.00020365211093067957,0,1565,2,1565
J_000396,32,0.0032,0.00017940138489999055,0,1505,7,1505
J_000397,33,0.0033,0.0001821456149512686,0,3102,1,1571
J_000398,34,0.0034,0.00018750763319412276,0,1505,7,1505
J_000399,31,0.0031,0.00017204250270074026,0,3102,6,1531
J_000400,34,0.0034,0.00019172602853589904,0,1562,3,1562
J_000401,34,0.0034,0.00019472273340247334,0,1562,3,1562
J_000402,33,0.0033,0.000198589780451387,0,1562,3,1562
J_000403,31,0.0031,0.000185909459057776,0,1559,4,1559
J_000404,30,0.003,0.000201279469289797,0,1550,5,1550
J_000405,30,0.003,0.00019086289501971066,0,1565,2,1565
J_000406,32,0.0032,0.00018414470751483127,0,3102,1,1571
J_000407,33,0.0033,0.0001978522005786654,0,1559,4,1559
J_000408,31,0.0031,0.000178828428574394,0,3102,6,1531
J_000409,32,0.0032,0.00019032184771370083,0,1550,5,1550
J_000410,32,0.0032,0.0001915415108950983,0,1628,0,1628
J_000411,31,0.0031,0.00018350367241831575,0,1559,4,1559
J_000412,32,0.0032,0.0001845333810228478,0,3102,1,1571
J_000413,32,0.0032,0.00020261966946318077,0,1628,0,1628
J_000414,30,0.003,0.00017515824226410108,0,3102,6,1531
J_000415,33,0.0033,0.0001797479343062968,0,1505,7,1505
J_000416,34,0.0034,0.00019402428811980912,0,1559,4,1559
J_000417,31,0.0031,0.0001983318128795364,0,1628,0,1628
J_000418,32,0.0032,0.00018136163856574352,0,3102,1,1571
J_000419,33,0.0033,0.00022216748325759646,0,1565,2,1565
J_000420,33,0.0033,0.00020677471792624892,0,1550,5,1550
J_000421,35,0.0035,0.00019686449101712756,0,1628,0,1628
J_000422,32,0.0032,0.00019464389257590204,0,1628,0,1628
J_000423,31,0.0031,0.00018275193545230642,0,1559,4,1559
J_000424,34,0.0034,0.0001878066949781536,0,3102,6,1531
J_000425,33,0.0033,0.00020891044175425487,0,1550,5,1550
J_000426,31,0.0031,0.00017172003322973886,0,3102,1,1571
J_000427,36,0.0036,0.0002096066834479006,0,1562,3,1562
J_000428,31,0.0031,0.0001974646566513972,0,1550,5,1550
J_000429,33,0.0033,0.00018149775041781895,0,3102,6,1531
J_000430,37,0.0037,0.00020598321759086427,0,3102,6,1531
J_000431,31,0.0031,0.00020164771042238043,0,1565,2,1565
J_000432,34,0.0034,0.00018559874003933063,0,1505,7,1505
J_000433,33,0.0033,0.00019417265108618732,0,1562,3,1562
J_000434,32,0.0032,0.00019372925386779881,0,1550,5,1550
J_000435,31,0.0031,0.00017807656718823786,0,1505,7,1505
J_000436,32,0.0032,0.0002100953408945432,0,1565,2,1565
J_000437,31,0.0031,0.0001857983828883611,0,1550,5,1550
J_000438,35,0.0035,0.00022196392093350588,0,1550,5,1550
J_000439,31,0.0031,0.00020062938959945246,0,1565,2,1565
J_000440,33,0.0033,0.00019189279602973764,0,3102,6,1531
J_000441,32,0.0032,0.00020433832531930056,0,1628,0,1628
J_000442,32,0.0032,0.00018404068223431714,0,3102,1,1571
J_000443,31,0.0031,0.00019393957048545224,0,1550,5,1550
J_000444,32,0.0032,0.00019671063834759972,0,1550,5,1550
J_000445,34,0.0034,0.00018705052942532104,0,1505,7,1505
J_000446,32,0.0032,0.00017725884884940382,0,3102,1,1571
J_000447,32,0.0032,0.0001818547766515466,0,3102,6,1531
J_000448,32,0.0032,0.00018412338574741658,0,3102,1,1571
J_000449,34,0.0034,0.00020746331709293813,0,1550,5,1550
J_000450,34,0.0034,0.00021505049115568014,0,1565,2,1565
J_000451,32,0.0032,0.00018064171516286404,0,1559,4,1559
J_000452,30,0.003,0.00018194472237099377,0,1559,4,1559
J_000453,32,0.0032,0.00017635865730085553,0,3102,6,1531
J_000454,32,0.0032,0.00018245813736093502,0,3102,1,1571
J_000455,32,0.0032,0.00017941989382683595,0,1505,7,1505
J_000456,32,0.0032,0.00020466002325500923,0,1565,2,1565
J_000457,33,0.0033,0.00019493297077341097,0,1559,4,1559
J_000458,31,0.0031,0.00017929575644247138,0,1505,7,1505
J_000459,32,0.0032,0.00018976691295817595,0,1628,0,1628
J_000460,31,0.0031,0.00018659071238638384,0,1562,3,1562
J_000461,31,0.0031,0.00018830921332674025,0,1550,5,1550
J_000462,31,0.0031,0.00018354246363800583,0,1550,5,1550
J_000463,31,0.0031,0.000200686685700402,0,1565,2,1565
J_000464,32,0.0032,0.00018393983485801593,0,1562,3,1562
J_000465,32,0.0032,0.00019594996299052858,0,3102,6,1531
J_000466,32,0.0032,0.00018763217576398054,0,1559,4,1559
J_000467,30,0.003,0.00019463271529099996,0,1565,2,1565
J_000468,33,0.0033,0.00018549764348910268,0,3102,1,1571
J_000469,32,0.0032,0.00017975142627653333,0,3102,1,1571
J_000470,33,0.0033,0.00020905111873446592,0,1628,0,1628
J_000471,34,0.0034,0.00021320771516758494,0,1565,2,1565
J_000472,31,0.0031,0.00018794915928065512,0,1505,7,1505
J_000473,33,0.0033,0.00021790720158537796,0,1565,2,1565
J_000474,32,0.0032,0.00019155655243441476,0,1628,0,1628
J_000475,32,0.0032,0.0001948296070401118,0,1550,5,1550
J_000476,31,0.0031,0.000181557107959807,0,1559,4,1559
J_000477,30,0.003,0.00017704163452932317,0,1505,7,1505
J_000478,31,0.0031,0.00019108762261420533,0,1559,4,1559
J_000479,33,0.0033,0.00019632869509959597,0,1559,4,1559
J_000480,32,0.0032,0.00020359646856789188,0,1550,5,1550
J_000481,35,0.0035,0.00019454786575320049,0,3102,1,1571
J_000482,32,0.0032,0.00018914479588759,0,1559,4,1559
J_000483,33,0.0033,0.00019386968371157718,0,1562,3,1562
J_000484,37,0.0037,0.0002261973850269594,0,1628,0,1628
J_000485,32,0.0032,0.00018200730589499367,0,3102,6,1531
J_000486,34,0.0034,0.00020984467129206297,0,1628,0,1628
J_000487,30,0.003,0.00019442639803294535,0,1550,5,1550
J_000488,33,0.0033,0.00021338505094932607,0,1565,2,1565
J_000489,32,0.0032,0.00021890561303474748,0,1565,2,1565
J_000490,32,0.0032,0.0001900762080568699,0,1562,3,1562
J_000491,31,0.0031,0.0001959470076059085,0,1550,5,1550
J_000492,32,0.0032,0.00020900704619934883,0,1565,2,1565
J_000493,31,0.0031,0.00017251498421845806,0,3102,1,1571
J_000494,33,0.0033,0.0001830531832471785,0,3102,6,1531
J_000495,31,0.0031,0.0001792083890222134,0,3102,6,1531
J_000496,33,0.0033,0.00019274108812507157,0,1628,0,1628
J_000497,32,0.0032,0.0001811784376636812,0,3102,6,1531
J_000498,32,0.0032,0.0001980883672148077,0,1628,0,1628
J_000499,32,0.0032,0.00020166539143082557,0,1559,4,1559
J_000500,35,0.0035,0.00019205616201139117,0,1505,7,1505
J_000501,32,0.0032,0.00018732420269035368,0,1628,0,1628
J_000502,31,0.0031,0.0001851418690994056,0,1628,0,1628
J_000503,33,0.0033,0.00021000014103201943,0,1565,2,1565
J_000504,32,0.0032,0.00019692544338370237,0,1565,2,1565
J_000505,31,0.0031,0.00019004111435817653,0,1628,0,1628
J_000506,32,0.0032,0.00017848185039536377,0,1505,7,1505
J_000507,35,0.0035,0.0002139904394487271,0,1559,4,1559
J_000508,34,0.0034,0.00018703918277739558,0,1505,7,1505
J_000509,31,0.0031,0.0001918632592086889,0,1550,5,1550
J_000510,30,0.003,0.00017698431369081625,0,1628,0,1628
J_000511,32,0.0032,0.0002039221578774148,0,1565,2,1565
J_000512,32,0.0032,0.00019961260421244112,0,1562,3,1562
J_000513,33,0.0033,0.00019693369959329938,0,1628,0,1628
J_000514,31,0.0031,0.00019858866055404568,0,1550,5,1550
J_000515,30,0.003,0.00018879507106532673,0,1628,0,1628
J_000516,31,0.0031,0.00017601913301156668,0,3102,1,1571
J_000517,32,0.0032,0.00016945150839670867,0,1505,7,1505
J_000518,31,0.0031,0.00019696528822803314,0,1565,2,1565
J_000519,31,0.0031,0.0001950597332184535,0,1562,3,1562
J_000520,32,0.0032,0.00019302521752444904,0,1550,5,1550
J_000521,30,0.003,0.00016880547556090506,0,1505,7,1505
J_000522,34,0.0034,0.00020188002475903045,0,1559,4,1559
J_000523,32,0.0032,0.00019176046788411472,0,1562,3,1562
J_000524,32,0.0032,0.00018151908579171354,0,1559,4,1559
J_000525,35,0.0035,0.00020568730160304757,0,1559,4,1559
J_000526,33,0.0033,0.00019047428654441113,0,1559,4,1559
J_000527,32,0.0032,0.0001958855241480753,0,1550,5,1550
J_000528,32,0.0032,0.00018905220295001543,0,1562,3,1562
J_000529,33,0.0033,0.00019336837374119595,0,1562,3,1562
J_000530,34,0.0034,0.00020555086022227604,0,1550,5,1550
J_000531,31,0.0031,0.00020333559484506645,0,1565,2,1565
J_000532,33,0.0033,0.00018279232146831663,0,1505,7,1505
J_000533,35,0.0035,0.00019029217930521873,0,3102,1,1571
J_000534,31,0.0031,0.00018040119885089618,0,3102,6,1531
J_000535,31,0.0031,0.00018513557655418721,0,1550,5,1550
J_000536,34,0.0034,0.00020905778867394987,0,1550,5,1550
J_000537,31,0.0031,0.00017411296404526268,0,1505,7,1505
J_000538,32,0.0032,0.00018847393920692635,0,3102,6,1531
J_000539,31,0.0031,0.0001739822942892491,0,3102,6,1531
J_000540,32,0.0032,0.00018681605143031378,0,1559,4,1559
J_000541,31,0.0031,0.0001997772402893596,0,1628,0,1628
J_000542,32,0.0032,0.00017934505680569217,0,3102,6,1531
J_000543,32,0.0032,0.00019036822759614652,0,1562,3,1562
J_000544,31,0.0031,0.00017622411996276422,0,1505,7,1505
J_000545,31,0.0031,0.00021085271767719467,0,1550,5,1550
J_000546,34,0.0034,0.00021016879789978959,0,1565,2,1565
J_000547,33,0.0033,0.00021646974826416531,0,1565,2,1565
J_000548,31,0.0031,0.00017784727596644793,0,3102,6,1531
J_000549,34,0.0034,0.00021316541543477848,0,1550,5,1550
J_000550,32,0.0032,0.00018678403057752416,0,1559,4,1559
J_000551,36,0.0036,0.00020730450879720972,0,1505,7,1505
J_000552,31,0.0031,0.00017576274897345613,0,1505,7,1505
J_000553,32,0.0032,0.00017216884903918062,0,1505,7,1505
J_000554,33,0.0033,0.00020044211879190012,0,1628,0,1628
J_000555,32,0.0032,0.000176107541547297,0,1505,7,1505
J_000556,31,0.0031,0.00018655800303416447,0,1562,3,1562
J_000557,32,0.0032,0.000213948360866677,0,1565,2,1565
J_000558,32,0.0032,0.00017853277943098537,0,1505,7,1505
J_000559,34,0.0034,0.00019385885374713078,0,3102,1,1571
J_000560,33,0.0033,0.00018987156256210482,0,3102,6,1531
J_000561,33,0.0033,0.00020035062649917135,0,3102,1,1571
J_000562,33,0.0033,0.00021653883481050995,0,1565,2,1565
J_000563,35,0.0035,0.0001840984471571757,0,3102,6,1531
J_000564,30,0.003,0.00017956854407063483,0,3102,6,1531
J_000565,32,0.0032,0.00018304250782942764,0,3102,6,1531
J_000566,32,0.0032,0.00019456414600495185,0,1550,5,1550
J_000567,31,0.0031,0.00018241983640421752,0,1628,0,1628
J_000568,30,0.003,0.00018991727401667445,0,1628,0,1628
J_000569,34,0.0034,0.00020934754098707865,0,1628,0,1628
J_000570,32,0.0032,0.00018377908840251338,0,3102,6,1531
J_000571,32,0.0032,0.00017985600747046491,0,3102,1,1571
J_000572,33,0.0033,0.00018655393000379552,0,3102,1,1571
J_000573,32,0.0032,0.00018701276803344006,0,1505,7,1505
J_000574,32,0.0032,0.000187876191073205,0,1562,3,1562
J_000575,30,0.003,0.00018218461009191948,0,1559,4,1559
J_000576,31,0.0031,0.00019429411288882404,0,1559,4,1559
J_000577,31,0.0031,0.000182741565952472,0,1559,4,1559
J_000578,32,0.0032,0.00017943918040174922,0,3102,1,1571
J_000579,32,0.0032,0.00018875142185428335,0,1559,4,1559
J_000580,32,0.0032,0.00019930876014973687,0,1550,5,1550
J_000581,32,0.0032,0.0001910931259003041,0,1628,0,1628
J_000582,32,0.0032,0.00017756092144027957,0,3102,6,1531
J_000583,31,0.0031,0.00018222950681724549,0,3102,1,1571
J_000584,33,0.0033,0.0002087718717884521,0,1550,5,1550
J_000585,33,0.0033,0.00020109170312948536,0,1628,0,1628
J_000586,33,0.0033,0.00018734352151757465,0,1562,3,1562
J_000587,32,0.0032,0.00018315217335634177,0,3102,1,1571
J_000588,32,0.0032,0.0001878126822190777,0,1559,4,1559
J_000589,31,0.0031,0.0001771815432365151,0,3102,1,1571
J_000590,31,0.0031,0.00019305757168046144,0,1562,3,1562
J_000591,33,0.0033,0.0001989663138566698,0,1550,5,1550
J_000592,30,0.003,0.00018390905907211583,0,3102,6,1531
J_000593,32,0.0032,0.0001812914695068512,0,1505,7,1505
J_000594,34,0.0034,0.00021195753981246592,0,1550,5,1550
J_000595,34,0.0034,0.0002016942737575284,0,1628,0,1628
J_000596,32,0.0032,0.00020792326871595183,0,1565,2,1565
J_000597,32,0.0032,0.0001947216530082482,0,1628,0,1628
J_000598,31,0.0031,0.00018761360896425353,0,1550,5,1550
J_000599,30,0.003,0.00019211063481033554,0,1628,0,1628
J_000600,33,0.0033,0.0001959864222552452,0,1628,0,1628
J_000601,33,0.0033,0.00017896583950926148,0,3102,1,1571
J_000602,33,0.0033,0.0002064997667299337,0,1565,2,1565
J_000603,30,0.003,0.00019699306928054,0,1565,2,1565
J_000604,30,0.003,0.00017704139510525143,0,1628,0,1628
J_000605,34,0.0034,0.0002285926604050404,0,1565,2,1565
J_000606,33,0.0033,0.0001741714650253131,0,1505,7,1505
J_000607,33,0.0033,0.00018111993374343545,0,3102,1,1571
J_000608,33,0.0033,0.00019187145589773905,0,1562,3,1562
J_000609,31,0.0031,0.00018086025543632387,0,1559,4,1559
J_000610,33,0.0033,0.00018731835492454474,0,1559,4,1559
J_000611,35,0.0035,0.0001916009758207972,0,3102,1,1571
J_000612,32,0.0032,0.00019370292686262733,0,1559,4,1559
J_000613,31,0.0031,0.0001936099059755275,0,1565,2,1565
J_000614,33,0.0033,0.00019379087357583962,0,1628,0,1628
J_000615,32,0.0032,0.00018617120138297698,0,1562,3,1562
J_000616,30,0.003,0.0001744856420066216,0,3102,6,1531
J_000617,33,0.0033,0.00018399429743188756,0,1505,7,1505
J_000618,34,0.0034,0.0001866299424237674,0,3102,6,1531
J_000619,31,0.0031,0.00017851752925103354,0,1628,0,1628
J_000620,31,0.0031,0.00021486683395333098,0,1565,2,1565
J_000621,32,0.0032,0.00018942217091093386,0,1562,3,1562
J_000622,33,0.0033,0.0002138870221178221,0,1550,5,1550
J_000623,31,0.0031,0.00019229720555436657,0,1550,5,1550
J_000624,32,0.0032,0.00018716955266921933,0,1628,0,1628
J_000625,34,0.0034,0.00020345699174636716,0,1562,3,1562
J_000626,32,0.0032,0.00018163788833242437,0,3102,6,1531
J_000627,31,0.0031,0.00019653358201388396,0,1550,5,1550
J_000628,35,0.0035,0.00019702275331874228,0,1505,7,1505
J_000629,30,0.003,0.0001844139509905619,0,1628,0,1628
J_000630,31,0.0031,0.00019103954797024836,0,1559,4,1559
J_000631,33,0.0033,0.00019645238122658595,0,1628,0,1628
J_000632,34,0.0034,0.00019810684604657948,0,1628,0,1628
J_000633,32,0.0032,0.0001862321317900987,0,1562,3,1562
J_000634,33,0.0033,0.0001844476165311724,0,3102,6,1531
J_000635,32,0.0032,0.00017897739675013812,0,3102,6,1531
J_000636,31,0.0031,0.00018873224019837846,0,1628,0,1628
J_000637,33,0.0033,0.00019898450296636832,0,1628,0,1628
J_000638,34,0.0034,0.00020698979896286668,0,1628,0,1628
J_000639,30,0.003,0.00018394010893936006,0,1550,5,1550
J_000640,34,0.0034,0.00018468203060933172,0,3102,1,1571
J_000641,32,0.0032,0.00021263089731059454,0,1565,2,1565
J_000642,30,0.003,0.0001808773689641793,0,1628,0,1628
J_000643,30,0.003,0.00017041487526097155,0,1505,7,1505
J_000644,34,0.0034,0.00019103510616940984,0,1562,3,1562
J_000645,33,0.0033,0.00020933464728171953,0,1565,2,1565
J_000646,32,0.0032,0.00017769968516992643,0,1505,7,1505
J_000647,33,0.0033,0.00017990737625662767,0,3102,1,1571
J_000648,30,0.003,0.00018785904509429046,0,1628,0,1628
J_000649,32,0.0032,0.00017771077173254829,0,3102,6,1531
J_000650,34,0.0034,0.00020825982543682542,0,1550,5,1550
J_000651,32,0.0032,0.00018149386615362673,0,1559,4,1559
J_000652,31,0.0031,0.0001815554331428525,0,1559,4,1559
J_000653,33,0.0033,0.0001789795331432483,0,3102,1,1571
J_000654,31,0.0031,0.0001934653787115374,0,1562,3,1562
J_000655,33,0.0033,0.00018712178870315509,0,3102,1,1571
J_000656,31,0.0031,0.0001821727535376482,0,1562,3,1562
J_000657,31,0.0031,0.00019241736613294255,0,1550,5,1550
J_000658,32,0.0032,0.00018574579574196954,0,1505,7,1505
J_000659,31,0.0031,0.0001879112724778488,0,1628,0,1628
J_000660,31,0.0031,0.00018854190634352583,0,1628,0,1628
J_000661,32,0.0032,0.00019488858586854202,0,1628,0,1628
J_000662,30,0.003,0.0001712208252216966,0,3102,1,1571
J_000663,31,0.0031,0.000182340743999138,0,1628,0,1628
J_000664,33,0.0033,0.00019332981985842673,0,1562,3,1562
J_000665,32,0.0032,0.00019028391477763775,0,1550,5,1550
J_000666,31,0.0031,0.00016607842936092594,0,3102,1,1571
J_000667,31,0.0031,0.00017453726712807517,0,1505,7,1505
J_000668,30,0.003,0.00018244020170264427,0,1628,0,1628
J_000669,34,0.0034,0.00021622909497443318,0,1565,2,1565
J_000670,35,0.0035,0.00020758695392652485,0,1628,0,1628
J_000671,33,0.0033,0.00018288244909479137,0,1505,7,1505
J_000672,30,0.003,0.00018002254093031305,0,1505,7,1505
J_000673,33,0.0033,0.0001940556261913189,0,1628,0,1628
J_000674,30,0.003,0.0001885451091851501,0,1550,5,1550
J_000675,35,0.0035,0.00020075546259023857,0,1505,7,1505
J_000676,32,0.0032,0.00020316778108848906,0,1565,2,1565
J_000677,32,0.0032,0.0002003738339986598,0,1550,5,1550
J_000678,31,0.0031,0.00019423217896850898,0,1550,5,1550
J_000679,31,0.0031,0.00020239318501292193,0,1550,5,1550
J_000680,33,0.0033,0.00018599215428845357,0,1505,7,1505
J_000681,30,0.003,0.0001897531880220676,0,1550,5,1550
J_000682,31,0.0031,0.00019680233863645822,0,1565,2,1565
J_000683,34,0.0034,0.000194787673427143,0,3102,1,1571
J_000684,31,0.0031,0.00016723452550029957,0,3102,1,1571
J_000685,31,0.0031,0.0001839732314120682,0,1628,0,1628
J_000686,35,0.0035,0.00019851081829307574,0,1562,3,1562
J_000687,34,0.0034,0.00021381208829838644,0,1550,5,1550
J_000688,34,0.0034,0.0002088940694263886,0,1628,0,1628
J_000689,32,0.0032,0.00020493030429007434,0,1550,5,1550
J_000690,32,0.0032,0.0001887437772792488,0,1562,3,1562
J_000691,34,0.0034,0.00021928231089002412,0,1550,5,1550
J_000692,31,0.0031,0.0001805167949855814,0,1505,7,1505
J_000693,34,0.0034,0.0002107749779032784,0,1565,2,1565
J_000694,31,0.0031,0.0002025974259040186,0,1565,2,1565
J_000695,31,0.0031,0.00018140396581733226,0,1505,7,1505
J_000696,33,0.0033,0.00020343872370954085,0,1559,4,1559
J_000697,33,0.0033,0.00020276607837656994,0,1550,5,1550
J_000698,35,0.0035,0.00022780654801200401,0,1565,2,1565
J_000699,30,0.003,0.00017705340870223185,0,1559,4,1559
J_000700,32,0.0032,0.00018739345375934837,0,3102,1,1571
J_000701,35,0.0035,0.00023024135583567436,0,1565,2,1565
J_000702,32,0.0032,0.00020132903001472336,0,1550,5,1550
J_000703,36,0.0036,0.00021064799703631316,0,1550,5,1550
J_000704,32,0.0032,0.00017892149857963192,0,3102,1,1571
J_000705,32,0.0032,0.00018102120665974063,0,1505,7,1505
J_000706,31,0.0031,0.00019640358310009956,0,1565,2,1565
J_000707,33,0.0033,0.00018683654023968134,0,1628,0,1628
J_000708,34,0.0034,0.00019592913004566736,0,3102,1,1571
J_000709,31,0.0031,0.00017619795092771733,0,3102,1,1571
J_000710,32,0.0032,0.00019031403427506585,0,1562,3,1562
J_000711,34,0.0034,0.00019196034204488143,0,3102,1,1571
J_000712,33,0.0033,0.00019077664459768808,0,1628,0,1628
J_000713,31,0.0031,0.00018854254178714793,0,1562,3,1562
J_000714,31,0.0031,0.00017476816993350076,0,3102,1,1571
J_000715,30,0.003,0.0001610239376034514,0,3102,1,1571
J_000716,31,0.0031,0.0001941609988816998,0,1565,2,1565
J_000717,33,0.0033,0.000188807434574981,0,3102,6,1531
J_000718,31,0.0031,0.00020625766285171777,0,1565,2,1565
J_000719,30,0.003,0.00019515796268252465,0,1565,2,1565
J_000720,30,0.003,0.00018358066551611165,0,1550,5,1550
J_000721,31,0.0031,0.00020143821733181492,0,1565,2,1565
J_000722,31,0.0031,0.00017511756280230573,0,3102,1,1571
J_000723,31,0.0031,0.00019891101555084785,0,1628,0,1628
J_000724,33,0.0033,0.00018986280828124294,0,1628,0,1628
J_000725,30,0.003,0.000174499466760283,0,1559,4,1559
J_000726,33,0.0033,0.00020758043680533546,0,1565,2,1565
J_000727,33,0.0033,0.00021554652943508445,0,1550,5,1550
J_000728,32,0.0032,0.00017535046190766238,0,3102,6,1531
J_000729,32,0.0032,0.00019916941398141956,0,1550,5,1550
J_000730,32,0.0032,0.00019789252957500765,0,1559,4,1559
J_000731,33,0.0033,0.00019541904593214522,0,1562,3,1562
J_000732,32,0.0032,0.0001914636827110436,0,1628,0,1628
J_000733,33,0.0033,0.0001879706104302503,0,3102,6,1531
J_000734,33,0.0033,0.00022207669602815423,0,1565,2,1565
J_000735,32,0.0032,0.00019068317367800137,0,1628,0,1628
J_000736,36,0.0036,0.00018729402782020178,0,1505,7,1505
J_000737,34,0.0034,0.0001926961252008938,0,3102,6,1531
J_000738,35,0.0035,0.00019168067061372973,0,1505,7,1505
J_000739,32,0.0032,0.00017044693880316928,0,3102,6,1531
J_000740,31,0.0031,0.00020372955590042656,0,1565,2,1565
J_000741,32,0.0032,0.00018234196233083742,0,3102,6,1531
J_000742,33,0.0033,0.00022005132147781382,0,1550,5,1550
J_000743,31,0.0031,0.0001952425545908097,0,1550,5,1550
J_000744,33,0.0033,0.0001800732390460188,0,1505,7,1505
J_000745,32,0.0032,0.00017999328803206463,0,3102,6,1531
J_000746,32,0.0032,0.0002160960734852071,0,1565,2,1565
J_000747,31,0.0031,0.00020929755606471258,0,1565,2,1565
J_000748,33,0.0033,0.00017649593557426786,0,1505,7,1505
J_000749,32,0.0032,0.00019771214927103388,0,1550,5,1550
J_000750,32,0.0032,0.00019252565695735378,0,1559,4,1559
J_000751,31,0.0031,0.00019623287112016075,0,1628,0,1628
J_000752,34,0.0034,0.00021097988862815123,0,1550,5,1550
J_000753,34,0.0034,0.0002130378747390836,0,1550,5,1550
J_000754,30,0.003,0.00017110119672068076,0,1505,7,1505
J_000755,33,0.0033,0.00019254802205708333,0,1559,4,1559
J_000756,35,0.0035,0.0002068134917185947,0,1559,4,1559
J_000757,32,0.0032,0.0001814079915531868,0,3102,6,1531
J_000758,32,0.0032,0.0001835103714383764,0,3102,6,1531
J_000759,32,0.0032,0.00019755184221085606,0,1559,4,1559
J_000760,31,0.0031,0.00018961311040621614,0,1562,3,1562
J_000761,30,0.003,0.00019106013747454082,0,1550,5,1550
J_000762,32,0.0032,0.00019862954652087863,0,1550,5,1550
J_000763,34,0.0034,0.00019886247775271424,0,1562,3,1562
J_000764,34,0.0034,0.0001937750983859048,0,1559,4,1559
J_000765,33,0.0033,0.00021126781712436785,0,1565,2,1565
J_000766,30,0.003,0.00020867694718461314,0,1565,2,1565
J_000767,33,0.0033,0.00020321903880751984,0,1550,5,1550
J_000768,31,0.0031,0.0001826450904603632,0,1562,3,1562
J_000769,33,0.0033,0.00019476571152435924,0,1559,4,1559
J_000770,34,0.0034,0.00019484887701511316,0,1559,4,1559
J_000771,34,0.0034,0.00019504181291604532,0,1562,3,1562
J_000772,30,0.003,0.00017370257903120552,0,1559,4,1559
J_000773,32,0.0032,0.00020756936317625923,0,1565,2,1565
J_000774,31,0.0031,0.00017731948433193347,0,3102,1,1571
J_000775,32,0.0032,0.0001855682361147783,0,1559,4,1559
J_000776,32,0.0032,0.00020751024646581978,0,1562,3,1562
J_000777,31,0.0031,0.00017168791009362143,0,3102,1,1571
J_000778,32,0.0032,0.00017786793605726345,0,1505,7,1505
J_000779,31,0.0031,0.00017951507979443283,0,1559,4,1559
J_000780,33,0.0033,0.00019284936556822783,0,3102,6,1531
J_000781,32,0.0032,0.00017963792449092472,0,1562,3,1562
J_000782,31,0.0031,0.00017115978303456426,0,1505,7,1505
J_000783,35,0.0035,0.00020297436785511933,0,3102,6,1531
J_000784,31,0.0031,0.00017326052906810273,0,3102,1,1571
J_000785,32,0.0032,0.00019659393598566352,0,1628,0,1628
J_000786,31,0.0031,0.00019366581568328641,0,1550,5,1550
J_000787,31,0.0031,0.00018035536851441925,0,1559,4,1559
J_000788,35,0.0035,0.0001909199757223956,0,1505,7,1505
J_000789,31,0.0031,0.0001828828817960623,0,1559,4,1559
J_000790,36,0.0036,0.00020383273474768767,0,3102,6,1531
J_000791,31,0.0031,0.00017868207525981056,0,1505,7,1505
J_000792,31,0.0031,0.00018218152449951,0,1628,0,1628
J_000793,32,0.0032,0.00017465534730950149,0,3102,6,1531
J_000794,32,0.0032,0.00019936699678345686,0,1628,0,1628
J_000795,31,0.0031,0.0001816029264649733,0,3102,1,1571
J_000796,32,0.0032,0.00018393343416474593,0,3102,1,1571
J_000797,31,0.0031,0.0001737311753893477,0,1505,7,1505
J_000798,30,0.003,0.0001835403859328201,0,1550,5,1550
J_000799,32,0.0032,0.00019762568767327883,0,1559,4,1559
J_000800,32,0.0032,0.00019728249203634105,0,1550,5,1550
J_000801,33,0.0033,0.00019317701233650752,0,1562,3,1562
J_000802,33,0.0033,0.00019785828255985193,0,1550,5,1550
J_000803,32,0.0032,0.00017921862924220405,0,3102,1,1571
J_000804,31,0.0031,0.00019062721672304285,0,1628,0,1628
J_000805,32,0.0032,0.0002108029601165389,0,1565,2,1565
J_000806,34,0.0034,0.00019308737651576162,0,1505,7,1505
J_000807,33,0.0033,0.00018664616299461976,0,3102,6,1531
J_000808,34,0.0034,0.00018690724100922608,0,3102,1,1571
J_000809,30,0.003,0.0001897251293098045,0,1628,0,1628
J_000810,31,0.0031,0.00018253068244278975,0,1562,3,1562
J_000811,32,0.0032,0.00019532961262400754,0,1628,0,1628
J_000812,30,0.003,0.0001685720377075862,0,1505,7,1505
J_000813,31,0.0031,0.00019396254652863617,0,1565,2,1565
J_000814,33,0.0033,0.0001993047714987282,0,1550,5,1550
J_000815,30,0.003,0.0001949619218374716,0,1565,2,1565
J_000816,31,0.0031,0.0001936347865084471,0,1565,2,1565
J_000817,32,0.0032,0.00020864566951653177,0,1565,2,1565
J_000818,32,0.0032,0.00018064321734665738,0,3102,1,1571
J_000819,31,0.0031,0.00018938196742539876,0,1562,3,1562
J_000820,34,0.0034,0.000200067415980364,0,1628,0,1628
J_000821,32,0.0032,0.00019759901149241503,0,1550,5,1550
J_000822,30,0.003,0.00016897133785392026,0,1505,7,1505
J_000823,32,0.0032,0.00017844392312644022,0,3102,6,1531
J_000824,32,0.0032,0.00018004431717993049,0,3102,1,1571
J_000825,30,0.003,0.0001687082457276447,0,3102,1,1571
J_000826,32,0.0032,0.00019763423135811124,0,1562,3,1562
J_000827,30,0.003,0.0001791445611789425,0,3102,1,1571
J_000828,32,0.0032,0.0001940578351915315,0,1550,5,1550
J_000829,33,0.0033,0.00019603227364691552,0,1628,0,1628
J_000830,32,0.0032,0.0001773243332120871,0,1505,7,1505
J_000831,34,0.0034,0.0001845982161137297,0,3102,1,1571
J_000832,33,0.0033,0.00018377216270415276,0,1505,7,1505
J_000833,34,0.0034,0.0002005035717004497,0,1559,4,1559
J_000834,30,0.003,0.00019919533751176552,0,1550,5,1550
J_000835,33,0.0033,0.00018980365868206576,0,1559,4,1559
J_000836,32,0.0032,0.0001855184135122082,0,3102,6,1531
J_000837,31,0.0031,0.00017960799234042107,0,1559,4,1559
J_000838,31,0.0031,0.00018151804726662243,0,3102,6,1531
J_000839,32,0.0032,0.00018226943249620043,0,3102,1,1571
J_000840,32,0.0032,0.0001859574440219634,0,1562,3,1562
J_000841,32,0.0032,0.00018895466292738662,0,1562,3,1562
J_000842,30,0.003,0.00017709035026374623,0,3102,6,1531
J_000843,33,0.0033,0.00018505936950628105,0,1505,7,1505
J_000844,31,0.0031,0.00018457547000537853,0,1628,0,1628
J_000845,34,0.0034,0.00019469349003344575,0,3102,6,1531
J_000846,30,0.003,0.0001781341217414153,0,1559,4,1559
J_000847,32,0.0032,0.00018269328257194026,0,3102,1,1571
J_000848,36,0.0036,0.0002236462695652266,0,1565,2,1565
J_000849,31,0.0031,0.00017054636256643628,0,3102,6,1531
J_000850,32,0.0032,0.00019332190656062652,0,1562,3,1562
J_000851,33,0.0033,0.0002021042535441673,0,1559,4,1559
J_000852,32,0.0032,0.00017884221106487943,0,3102,1,1571
J_000853,32,0.0032,0.0002208790100309749,0,1565,2,1565
J_000854,32,0.0032,0.0001869938320001762,0,1562,3,1562
J_000855,32,0.0032,0.00019170176054015824,0,3102,6,1531
J_000856,32,0.0032,0.00018491500516696057,0,3102,6,1531
J_000857,31,0.0031,0.00019401154087334352,0,1550,5,1550
J_000858,32,0.0032,0.00019558903669198067,0,1565,2,1565
J_000859,33,0.0033,0.00020959239842845864,0,1565,2,1565
J_000860,32,0.0032,0.00021337970421693314,0,1550,5,1550
J_000861,35,0.0035,0.00019280555417086194,0,3102,6,1531
J_000862,31,0.0031,0.00018221036060861955,0,1562,3,1562
J_000863,33,0.0033,0.00020984127169572687,0,1550,5,1550
J_000864,32,0.0032,0.0001887204190217991,0,1559,4,1559
J_000865,31,0.0031,0.00019880485477871674,0,1565,2,1565
J_000866,31,0.0031,0.0001896741763849205,0,1550,5,1550
J_000867,32,0.0032,0.0001927299305384964,0,1628,0,1628
J_000868,32,0.0032,0.00017910634086676654,0,1559,4,1559
J_000869,34,0.0034,0.0001872027842768487,0,3102,6,1531
J_000870,33,0.0033,0.000192132432651774,0,1505,7,1505
J_000871,33,0.0033,0.00018468340096857485,0,1562,3,1562
J_000872,34,0.0034,0.000191586313544949,0,3102,1,1571
J_000873,31,0.0031,0.00018207060321022339,0,1562,3,1562
J_000874,31,0.0031,0.00017219079221169424,0,3102,6,1531
J_000875,32,0.0032,0.0001848935094352057,0,3102,6,1531
J_000876,31,0.0031,0.0001853102086178538,0,1559,4,1559
J_000877,31,0.0031,0.00018229505766031103,0,1562,3,1562
J_000878,35,0.0035,0.0001959230790665515,0,3102,6,1531
J_000879,33,0.0033,0.00021217216897753658,0,1565,2,1565
J_000880,34,0.0034,0.00019987045252148938,0,1562,3,1562
J_000881,35,0.0035,0.0002012512329417072,0,1562,3,1562
J_000882,33,0.0033,0.00019199259365250263,0,1562,3,1562
J_000883,33,0.0033,0.0001972957628485263,0,1562,3,1562
J_000884,31,0.0031,0.00019335458915716977,0,1550,5,1550
J_000885,33,0.0033,0.00020140998314770135,0,1550,5,1550
J_000886,32,0.0032,0.00017791640568430944,0,3102,1,1571
J_000887,31,0.0031,0.00018928590821712504,0,1550,5,1550
J_000888,35,0.0035,0.00021173287392058272,0,1550,5,1550
J_000889,30,0.003,0.0001756410205996875,0,3102,1,1571
J_000890,33,0.0033,0.00018880110564113933,0,1505,7,1505
J_000891,36,0.0036,0.00021661751659665028,0,1562,3,1562
J_000892,34,0.0034,0.00020752961145203107,0,1559,4,1559
J_000893,33,0.0033,0.0001937016035232817,0,1628,0,1628
J_000894,30,0.003,0.00018450286576290992,0,1559,4,1559
J_000895,32,0.0032,0.0001957911030916345,0,1550,5,1550
J_000896,31,0.0031,0.00017894893218493543,0,3102,1,1571
J_000897,33,0.0033,0.00020692690300205875,0,1565,2,1565
J_000898,31,0.0031,0.0001820254914427203,0,1559,4,1559
J_000899,32,0.0032,0.00017600312559718328,0,3102,1,1571
J_000900,34,0.0034,0.00020470818025424844,0,1559,4,1559
J_000901,33,0.0033,0.00019557440393492466,0,1505,7,1505
J_000902,33,0.0033,0.00019099062413401727,0,1559,4,1559
J_000903,31,0.0031,0.0001957472086203379,0,1565,2,1565
J_000904,32,0.0032,0.00018097619609624055,0,3102,6,1531
J_000905,34,0.0034,0.00019863398686172424,0,1562,3,1562
J_000906,32,0.0032,0.0001933717741304297,0,1559,4,1559
J_000907,36,0.0036,0.00020077833463513547,0,3102,6,1531
J_000908,35,0.0035,0.00019614926400960943,0,3102,1,1571
J_000909,31,0.0031,0.0002063970915234304,0,1565,2,1565
J_000910,31,0.0031,0.0001722344516804824,0,1505,7,1505
J_000911,33,0.0033,0.00019712759938923135,0,1550,5,1550
J_000912,33,0.0033,0.0001976141898855108,0,1562,3,1562
J_000913,31,0.0031,0.0001821620073329503,0,1559,4,1559
J_000914,32,0.0032,0.00019886267839389914,0,1565,2,1565
J_000915,31,0.0031,0.00019195339582636067,0,1550,5,1550
J_000916,30,0.003,0.0001990614344217888,0,1565,2,1565
J_000917,31,0.0031,0.00018381648880913897,0,1559,4,1559
J_000918,32,0.0032,0.00019135409246381687,0,1559,4,1559
J_000919,30,0.003,0.00017297227863422355,0,1559,4,1559
J_000920,32,0.0032,0.00018974659637622395,0,1628,0,1628
J_000921,31,0.0031,0.00018503945801418795,0,1628,0,1628
J_000922,31,0.0031,0.0001914589027431449,0,1628,0,1628
J_000923,31,0.0031,0.0001779190518126304,0,1505,7,1505
J_000924,30,0.003,0.00018353435395859806,0,1550,5,1550
J_000925,31,0.0031,0.00017486990139911816,0,3102,1,1571
J_000926,31,0.0031,0.00019186675707289993,0,1628,0,1628
J_000927,33,0.0033,0.0002030867368189633,0,1559,4,1559
J_000928,33,0.0033,0.00021023234543623965,0,1550,5,1550
J_000929,31,0.0031,0.00016761060050500776,0,1505,7,1505
J_000930,31,0.0031,0.00018225038094523782,0,1562,3,1562
J_000931,30,0.003,0.0001760452653731509,0,1559,4,1559
J_000932,31,0.0031,0.0001832196548944348,0,1562,3,1562
J_000933,34,0.0034,0.0002129156814394838,0,1565,2,1565
J_000934,31,0.0031,0.00019487178780349572,0,1628,0,1628
J_000935,31,0.0031,0.00019108127900940657,0,1628,0,1628
J_000936,33,0.0033,0.00019794294942120604,0,1550,5,1550
J_000937,32,0.0032,0.00018436584695918513,0,3102,1,1571
J_000938,35,0.0035,0.00018701724338762919,0,3102,1,1571
J_000939,32,0.0032,0.00018922521878542926,0,1562,3,1562
J_000940,33,0.0033,0.0001849947735293312,0,1559,4,1559
J_000941,32,0.0032,0.0001980639212661211,0,1550,5,1550
J_000942,32,0.0032,0.00019902843722233678,0,1550,5,1550
J_000943,31,0.0031,0.00018588124649370004,0,1550,5,1550
J_000944,31,0.0031,0.00017716215222576397,0,1505,7,1505
J_000945,32,0.0032,0.0001961302396697375,0,1550,5,1550
J_000946,31,0.0031,0.00019104439483232354,0,1562,3,1562
J_000947,32,0.0032,0.00019708674926650433,0,1550,5,1550
J_000948,30,0.003,0.00018505300292485853,0,1562,3,1562
J_000949,33,0.0033,0.0002032726734152852,0,1550,5,1550
J_000950,32,0.0032,0.0001816085638050839,0,3102,6,1531
J_000951,32,0.0032,0.00019058305579387782,0,1628,0,1628
J_000952,34,0.0034,0.00019763008508240736,0,1562,3,1562
J_000953,32,0.0032,0.00019324938187075024,0,3102,6,1531
J_000954,33,0.0033,0.00020253794150499916,0,1559,4,1559
J_000955,34,0.0034,0.00018470774624281848,0,3102,1,1571
J_000956,33,0.0033,0.00017874242349712793,0,3102,6,1531
J_000957,30,0.003,0.00016597469629836109,0,3102,1,1571
J_000958,32,0.0032,0.00019252948017078607,0,1628,0,1628
J_000959,32,0.0032,0.00018725766323144565,0,1559,4,1559
J_000960,31,0.0031,0.00018927677176590555,0,1550,5,1550
J_000961,35,0.0035,0.00019326305584726819,0,3102,6,1531
J_000962,33,0.0033,0.00019414269356708247,0,1505,7,1505
J_000963,31,0.0031,0.0001700966754296695,0,1505,7,1505
J_000964,32,0.0032,0.00018904133796484484,0,1628,0,1628
J_000965,33,0.0033,0.0001974175076321701,0,1559,4,1559
J_000966,31,0.0031,0.00019847799487899003,0,1550,5,1550
J_000967,32,0.0032,0.00018515371899648864,0,1505,7,1505
J_000968,33,0.0033,0.00020265880211372978,0,1559,4,1559
J_000969,30,0.003,0.00018121104749205605,0,1559,4,1559
J_000970,32,0.0032,0.00018792338589646666,0,3102,6,1531
J_000971,33,0.0033,0.00018534585450769622,0,3102,6,1531
J_000972,33,0.0033,0.00021002861555152242,0,1550,5,1550
J_000973,32,0.0032,0.00017102299456580585,0,1505,7,1505
J_000974,33,0.0033,0.00020879661741632488,0,1550,5,1550
J_000975,32,0.0032,0.00018769311639218173,0,3102,1,1571
J_000976,35,0.0035,0.00022576696402773247,0,1565,2,1565
J_000977,33,0.0033,0.00018582810191340333,0,1505,7,1505
J_000978,30,0.003,0.00017858574766424195,0,1562,3,1562
J_000979,32,0.0032,0.0001911227439762511,0,1562,3,1562
J_000980,32,0.0032,0.00020018982407144634,0,3102,6,1531
J_000981,32,0.0032,0.0001942189182324241,0,1628,0,1628
J_000982,32,0.0032,0.0001930765046095117,0,1628,0,1628
J_000983,33,0.0033,0.00019955320969385835,0,1628,0,1628
J_000984,30,0.003,0.00020428580767682862,0,1550,5,1550
J_000985,31,0.0031,0.00018275037438552182,0,1628,0,1628
J_000986,31,0.0031,0.0001716301743522672,0,3102,1,1571
J_000987,35,0.0035,0.00020825084898393921,0,1559,4,1559
J_000988,35,0.0035,0.00019813658621335907,0,1559,4,1559
J_000989,33,0.0033,0.00019002445069221148,0,1559,4,1559
J_000990,34,0.0034,0.00019160659486313895,0,3102,1,1571
J_000991,32,0.0032,0.00019935991253989724,0,1628,0,1628
J_000992,32,0.0032,0.00019276664596662733,0,1559,4,1559
J_000993,32,0.0032,0.00018264339608410252,0,3102,1,1571
J_000994,31,0.0031,0.00017885591193319742,0,3102,1,1571
J_000995,30,0.003,0.00018258942206844203,0,1559,4,1559
J_000996,33,0.0033,0.00018103644052841735,0,1505,7,1505
J_000997,32,0.0032,0.00017141237355003115,0,3102,6,1531
J_000998,33,0.0033,0.00019111056774859535,0,1559,4,1559
J_000999,32,0.0032,0.00017696633164365609,0,1505,7,1505
J_001000,30,0.003,0.00018554736619613452,0,1559,4,1559
J_001001,33,0.0033,0.00020474995099036428,0,1628,0,1628
J_001002,30,0.003,0.00017995401102448636,0,1550,5,1550
J_001003,32,0.0032,0.00021251218903383238,0,1565,2,1565
J_001004,36,0.0036,0.0001983659284258382,0,1505,7,1505
J_001005,35,0.0035,0.00019668729297838338,0,1562,3,1562
J_001006,33,0.0033,0.00019151801752871286,0,1562,3,1562
J_001007,34,0.0034,0.00021215395093863017,0,1565,2,1565
J_001008,32,0.0032,0.00019324119414243003,0,1562,3,1562
J_001009,33,0.0033,0.0002135702414782893,0,1565,2,1565
J_001010,32,0.0032,0.0001952646852527935,0,1550,5,1550
J_001011,30,0.003,0.00017090097962922974,0,3102,1,1571
J_001012,30,0.003,0.00018162342550908847,0,1550,5,1550
J_001013,34,0.0034,0.00019920749438961396,0,3102,1,1571
J_001014,31,0.0031,0.00017477689720920103,0,1505,7,1505
J_001015,31,0.0031,0.00018620144817940208,0,3102,1,1571
J_001016,31,0.0031,0.0001774841036241881,0,1562,3,1562
J_001017,31,0.0031,0.00017648602057616046,0,1505,7,1505
J_001018,34,0.0034,0.0001942646668310195,0,1562,3,1562
J_001019,34,0.0034,0.0002138399422424958,0,1550,5,1550
J_001020,35,0.0035,0.0002017208040267426,0,3102,1,1571
J_001021,36,0.0036,0.000199110327931229,0,1562,3,1562
J_001022,34,0.0034,0.00019218587705996208,0,1559,4,1559
J_001023,33,0.0033,0.00018681799747673075,0,3102,6,1531
J_001024,31,0.0031,0.00018330355614486847,0,1550,5,1550
J_001025,32,0.0032,0.00019969209821134055,0,1565,2,1565
J_001026,32,0.0032,0.00019677431271220518,0,1628,0,1628
J_001027,30,0.003,0.00016366411380079387,0,3102,1,1571
J_001028,31,0.0031,0.00018275654829953523,0,1562,3,1562
J_001029,32,0.0032,0.00021030551409339246,0,1565,2,1565
J_001030,33,0.0033,0.00017729239607426427,0,3102,1,1571
J_001031,35,0.0035,0.00020945285817452127,0,1550,5,1550
J_001032,32,0.0032,0.00017532657613031336,0,1505,7,1505
J_001033,31,0.0031,0.0001787912759148437,0,3102,1,1571
J_001034,33,0.0033,0.0001821957686195026,0,3102,1,1571
J_001035,33,0.0033,0.00018916234602501535,0,1562,3,1562
J_001036,32,0.0032,0.0001930251864481913,0,1550,5,1550
J_001037,33,0.0033,0.00017890397795900236,0,3102,1,1571
J_001038,30,0.003,0.00017523317915664477,0,1562,3,1562
J_001039,33,0.0033,0.00018815079959401046,0,3102,6,1531
J_001040,31,0.0031,0.00017640828240691014,0,1559,4,1559
J_001041,31,0.0031,0.00017321504169604684,0,1505,7,1505
J_001042,31,0.0031,0.00017138405864738248,0,1505,7,1505
J_001043,35,0.0035,0.00020774728771693658,0,1562,3,1562
J_001044,31,0.0031,0.00018630284658200175,0,1562,3,1562
J_001045,32,0.0032,0.0001855512953359792,0,1562,3,1562
J_001046,32,0.0032,0.00018157740134390864,0,3102,1,1571
J_001047,33,0.0033,0.00019107669849860706,0,1628,0,1628
J_001048,32,0.0032,0.0001907678816217885,0,1628,0,1628
J_001049,33,0.0033,0.00020714278825330557,0,1550,5,1550
J_001050,30,0.003,0.00016647897323029024,0,1505,7,1505
J_001051,33,0.0033,0.00018751014149323333,0,3102,6,1531
J_001052,33,0.0033,0.00019733935900147928,0,1550,5,1550
J_001053,31,0.0031,0.000193379840423195,0,1559,4,1559
J_001054,33,0.0033,0.00018477702345010198,0,3102,6,1531
J_001055,31,0.0031,0.0001796125623891728,0,1562,3,1562
J_001056,34,0.0034,0.00018897637716718335,0,3102,1,1571
J_001057,32,0.0032,0.0001799797856291518,0,3102,1,1571
J_001058,31,0.0031,0.00019245486584401215,0,3102,6,1531
J_001059,32,0.0032,0.0001771573487817134,0,1505,7,1505
J_001060,33,0.0033,0.0002116409003507775,0,1565,2,1565
J_001061,33,0.0033,0.00019778488535591765,0,1628,0,1628
J_001062,35,0.0035,0.00020151785363248232,0,1562,3,1562
J_001063,31,0.0031,0.00018734875950319685,0,1628,0,1628
J_001064,32,0.0032,0.0002117172586434819,0,1565,2,1565
J_001065,32,0.0032,0.0001767512830286482,0,1505,7,1505
J_001066,32,0.0032,0.0001841832915871914,0,1562,3,1562
J_001067,34,0.0034,0.0002168865485744621,0,1550,5,1550
J_001068,31,0.0031,0.00017100164547024355,0,1505,7,1505
J_001069,31,0.0031,0.0001959368216859373,0,1550,5,1550
J_001070,32,0.0032,0.00019484399636764878,0,1562,3,1562
J_001071,32,0.0032,0.0001795301066862899,0,3102,1,1571
J_001072,33,0.0033,0.00020041957993567177,0,1550,5,1550
J_001073,31,0.0031,0.00018128142185738758,0,3102,1,1571
J_001074,32,0.0032,0.0001934424747631835,0,1559,4,1559
J_001075,32,0.0032,0.00019511693784194544,0,1628,0,1628
J_001076,33,0.0033,0.0001853015568554067,0,3102,6,1531
J_001077,33,0.0033,0.00020118913656480032,0,1628,0,1628
J_001078,32,0.0032,0.00018203431388577937,0,1505,7,1505
J_001079,31,0.0031,0.00017199836677167136,0,1505,7,1505
J_001080,34,0.0034,0.00020155031330515975,0,1628,0,1628
J_001081,32,0.0032,0.00018847603555128973,0,1559,4,1559
J_001082,31,0.0031,0.00017927545014213446,0,1559,4,1559
J_001083,32,0.0032,0.000178997153271391,0,1505,7,1505
J_001084,33,0.0033,0.00021707162711349614,0,1565,2,1565
J_001085,34,0.0034,0.0002014547535473603,0,1562,3,1562
J_001086,32,0.0032,0.00019122155003441105,0,1559,4,1559
J_001087,34,0.0034,0.00021423672866075448,0,1565,2,1565
J_001088,33,0.0033,0.00018681462222720947,0,1559,4,1559
J_001089,32,0.0032,0.00018270436271327159,0,1559,4,1559
J_001090,30,0.003,0.00018138184111865833,0,1628,0,1628
J_001091,30,0.003,0.00018014650383144215,0,1628,0,1628
J_001092,32,0.0032,0.0001823173906916102,0,1505,7,1505
J_001093,35,0.0035,0.00019918211351512542,0,1505,7,1505
J_001094,30,0.003,0.0001794757320138469,0,1562,3,1562
J_001095,31,0.0031,0.00018671307165473897,0,3102,6,1531
J_001096,34,0.0034,0.0001986962084155729,0,1559,4,1559
J_001097,32,0.0032,0.00018741877530676187,0,1559,4,1559
J_001098,31,0.0031,0.00018719730866917434,0,1562,3,1562
J_001099,33,0.0033,0.0002068141514004184,0,1565,2,1565
J_001100,33,0.0033,0.00018437394700655853,0,3102,6,1531
J_001101,32,0.0032,0.0001791525328666803,0,3102,6,1531
J_001102,36,0.0036,0.00019319965516639834,0,3102,1,1571
J_001103,33,0.0033,0.00018177724594244059,0,3102,1,1571
J_001104,34,0.0034,0.00019058241265357292,0,3102,1,1571
J_001105,33,0.0033,0.0001852250355780197,0,3102,6,1531
J_001106,34,0.0034,0.00019849656550143717,0,3102,1,1571
J_001107,32,0.0032,0.00017759326076806652,0,3102,1,1571
J_001108,32,0.0032,0.00017792960628220558,0,3102,1,1571
J_001109,32,0.0032,0.00018853122454845164,0,1562,3,1562
J_001110,31,0.0031,0.00019069377640765727,0,1550,5,1550
J_001111,32,0.0032,0.00017287716918415873,0,3102,6,1531
J_001112,32,0.0032,0.00018441121231450926,0,3102,6,1531
J_001113,33,0.0033,0.0001938529417788569,0,3102,1,1571
J_001114,33,0.0033,0.00019715040044690873,0,1562,3,1562
J_001115,33,0.0033,0.00019384652582431688,0,1562,3,1562
J_001116,30,0.003,0.00018455263723666222,0,3102,6,1531
J_001117,30,0.003,0.00018424289317146606,0,1550,5,1550
J_001118,31,0.0031,0.00017325895311681017,0,3102,6,1531
J_001119,35,0.0035,0.00022201262915617475,0,1550,5,1550
J_001120,33,0.0033,0.0002054435951266628,0,1628,0,1628
J_001121,32,0.0032,0.00019262038606305114,0,1550,5,1550
J_001122,34,0.0034,0.0001941553551073724,0,3102,6,1531
J_001123,36,0.0036,0.00019629305614633587,0,1505,7,1505
J_001124,31,0.0031,0.00019070686450452793,0,1628,0,1628
J_001125,34,0.0034,0.0001881443359914699,0,3102,1,1571
J_001126,31,0.0031,0.00019871927266136962,0,1565,2,1565
J_001127,32,0.0032,0.00017848418354781353,0,1505,7,1505
J_001128,32,0.0032,0.00018878315345340928,0,1628,0,1628
J_001129,32,0.0032,0.00018886195803655825,0,1559,4,1559
J_001130,32,0.0032,0.00019376416999911187,0,1550,5,1550
J_001131,31,0.0031,0.00018584287608465022,0,1562,3,1562
J_001132,32,0.0032,0.00019292290142474962,0,1562,3,1562
J_001133,36,0.0036,0.0002098612245091775,0,1559,4,1559
J_001134,33,0.0033,0.00020303770506369893,0,1562,3,1562
J_001135,31,0.0031,0.0001986563822517309,0,1565,2,1565
J_001136,33,0.0033,0.00020282496604675092,0,1562,3,1562
J_001137,35,0.0035,0.00019768663383042313,0,3102,6,1531
J_001138,30,0.003,0.00016828682628612957,0,1505,7,1505
J_001139,33,0.0033,0.00019006748259087084,0,3102,6,1531
J_001140,31,0.0031,0.00017171305807693168,0,3102,1,1571
J_001141,33,0.0033,0.0001926077628783259,0,3102,1,1571
J_001142,33,0.0033,0.0001904207549718815,0,1562,3,1562
J_001143,31,0.0031,0.00019875649915895835,0,1565,2,1565
J_001144,30,0.003,0.0001733644801483492,0,3102,1,1571
J_001145,34,0.0034,0.00019415717897956582,0,1562,3,1562
J_001146,31,0.0031,0.0001924882355133459,0,1550,5,1550
J_001147,31,0.0031,0.0001886246789150995,0,3102,6,1531
J_001148,31,0.0031,0.00017067078976966318,0,3102,1,1571
J_001149,31,0.0031,0.0002064354476363536,0,1559,4,1559
J_001150,31,0.0031,0.00017940284621662805,0,1559,4,1559
J_001151,34,0.0034,0.00018650384046680883,0,3102,1,1571
J_001152,32,0.0032,0.00017236771330982032,0,3102,1,1571
J_001153,30,0.003,0.00017510091497297805,0,3102,6,1531
J_001154,31,0.0031,0.00019220859819412233,0,1628,0,1628
J_001155,34,0.0034,0.00020990194381394138,0,1550,5,1550
J_001156,34,0.0034,0.0002039374332403906,0,1559,4,1559
J_001157,31,0.0031,0.00017372668896616965,0,3102,1,1571
J_001158,33,0.0033,0.00019953085961101446,0,1628,0,1628
J_001159,33,0.0033,0.00020528256290875446,0,1565,2,1565
J_001160,33,0.0033,0.00021450697265265815,0,1565,2,1565
J_001161,32,0.0032,0.0001852215050950337,0,1559,4,1559
J_001162,31,0.0031,0.00019088898360611066,0,1562,3,1562
J_001163,32,0.0032,0.00017856047018923425,0,1505,7,1505
J_001164,32,0.0032,0.0002058820407760497,0,1550,5,1550
J_001165,31,0.0031,0.00018055724680932282,0,1559,4,1559
J_001166,34,0.0034,0.000212544503748792,0,1628,0,1628
J_001167,33,0.0033,0.00018071843026796927,0,1505,7,1505
J_001168,34,0.0034,0.00018618036304199467,0,1505,7,1505
J_001169,32,0.0032,0.00018504396993952057,0,3102,6,1531
J_001170,32,0.0032,0.00017550389984649528,0,1505,7,1505
J_001171,31,0.0031,0.00018276001836624932,0,1628,0,1628
J_001172,30,0.003,0.00018811947905139644,0,1628,0,1628
J_001173,31,0.0031,0.0001700218554966849,0,1505,7,1505
J_001174,33,0.0033,0.00018141045141925353,0,1505,7,1505
J_001175,30,0.003,0.00016209859249971236,0,1505,7,1505
J_001176,36,0.0036,0.0002081773679394742,0,1559,4,1559
J_001177,30,0.003,0.00017511589588745438,0,3102,1,1571
J_001178,30,0.003,0.00017730938652640908,0,1562,3,1562
J_001179,33,0.0033,0.00018626439575769105,0,1562,3,1562
J_001180,31,0.0031,0.000176147329247546,0,3102,6,1531
J_001181,32,0.0032,0.00019054397555252225,0,1559,4,1559
J_001182,34,0.0034,0.0002053018271464224,0,1565,2,1565
J_001183,35,0.0035,0.00019669246564593822,0,1559,4,1559
J_001184,33,0.0033,0.0002006687358600966,0,1559,4,1559
J_001185,34,0.0034,0.00020261955304022637,0,1550,5,1550
J_001186,30,0.003,0.0001861685169398411,0,1559,4,1559
J_001187,32,0.0032,0.00017117901556491544,0,1505,7,1505
J_001188,31,0.0031,0.0001839330651983457,0,1559,4,1559
J_001189,30,0.003,0.0001796368239926541,0,1562,3,1562
J_001190,34,0.0034,0.00020834014343701205,0,1550,5,1550
J_001191,31,0.0031,0.00017156444791248718,0,3102,6,1531
J_001192,31,0.0031,0.00017801921359596187,0,1505,7,1505
J_001193,33,0.0033,0.0001878824855789664,0,3102,6,1531
J_001194,31,0.0031,0.00019552824476850466,0,1565,2,1565
J_001195,31,0.0031,0.00016837468103989445,0,1505,7,1505
J_001196,35,0.0035,0.00021458719897918984,0,1562,3,1562
J_001197,31,0.0031,0.00019231989771907737,0,1628,0,1628
J_001198,31,0.0031,0.0001707704425154004,0,1505,7,1505
J_001199,30,0.003,0.0001822928149296364,0,1559,4,1559
J_001200,32,0.0032,0.0001855292047375108,0,1562,3,1562
J_001201,34,0.0034,0.00020535879271676974,0,1628,0,1628
J_001202,33,0.0033,0.00021421769416310924,0,1565,2,1565
J_001203,34,0.0034,0.00021134711877029787,0,1550,5,1550
J_001204,33,0.0033,0.0001848603816823363,0,3102,6,1531
J_001205,33,0.0033,0.0001855053144023965,0,1562,3,1562
J_001206,32,0.0032,0.00019287147475503688,0,1628,0,1628
J_001207,34,0.0034,0.0002213509594555048,0,1565,2,1565
J_001208,30,0.003,0.0001882934051410766,0,1565,2,1565
J_001209,31,0.0031,0.0001887527098452048,0,1559,4,1559
J_001210,33,0.0033,0.0001988935449128097,0,1628,0,1628
J_001211,30,0.003,0.00016892292735312442,0,3102,1,1571
J_001212,32,0.0032,0.0001875259709731917,0,1562,3,1562
J_001213,33,0.0033,0.0002163125003300944,0,1565,2,1565
J_001214,30,0.003,0.00018969769639231394,0,1562,3,1562
J_001215,32,0.0032,0.00021461411532222908,0,1565,2,1565
J_001216,32,0.0032,0.0001821952733412742,0,1628,0,1628
J_001217,32,0.0032,0.00017874096011288613,0,3102,6,1531
J_001218,34,0.0034,0.00019138036408628377,0,1505,7,1505
J_001219,34,0.0034,0.00020194072491240802,0,1505,7,1505
J_001220,32,0.0032,0.00018553749455373902,0,1628,0,1628
J_001221,31,0.0031,0.00019790315523449557,0,1565,2,1565
J_001222,33,0.0033,0.0001944046629886703,0,1559,4,1559
J_001223,33,0.0033,0.00018144031237143237,0,3102,1,1571
J_001224,32,0.0032,0.00017333537939465045,0,3102,6,1531
J_001225,34,0.0034,0.00020359243888232553,0,1628,0,1628
J_001226,31,0.0031,0.0001851159553540584,0,1562,3,1562
J_001227,33,0.0033,0.00017454125470121816,0,1505,7,1505
J_001228,32,0.0032,0.0001936456604467585,0,1628,0,1628
J_001229,33,0.0033,0.00019384605746147618,0,1562,3,1562
J_001230,31,0.0031,0.00018841925360148088,0,1628,0,1628
J_001231,31,0.0031,0.00020434285623748176,0,1562,3,1562
J_001232,33,0.0033,0.00020204837462502718,0,1562,3,1562
J_001233,33,0.0033,0.00019452893879834277,0,1559,4,1559
J_001234,31,0.0031,0.00018945490851988766,0,1628,0,1628
J_001235,31,0.0031,0.00016964864456557726,0,3102,6,1531
J_001236,30,0.003,0.00017861487509758823,0,1562,3,1562
J_001237,33,0.0033,0.00019685764599405346,0,1550,5,1550
J_001238,32,0.0032,0.0001776995497978507,0,1562,3,1562
J_001239,30,0.003,0.0001960986192197015,0,1565,2,1565
J_001240,35,0.0035,0.00019258556100939573,0,3102,6,1531
J_001241,34,0.0034,0.0001983239846381261,0,1559,4,1559
J_001242,34,0.0034,0.00019374100908867912,0,3102,1,1571
J_001243,30,0.003,0.00017496061951172598,0,1559,4,1559
J_001244,32,0.0032,0.0002069120685722089,0,1550,5,1550
J_001245,31,0.0031,0.00018557154062594393,0,1628,0,1628
J_001246,34,0.0034,0.0001978109926761424,0,3102,1,1571
J_001247,33,0.0033,0.000197659827513983,0,1562,3,1562
J_001248,33,0.0033,0.00019018718141660776,0,1559,4,1559
J_001249,31,0.0031,0.00020347209189346227,0,1565,2,1565
J_001250,32,0.0032,0.0001833982178163481,0,1505,7,1505
J_001251,30,0.003,0.00017136733116715117,0,3102,1,1571
J_001252,31,0.0031,0.00017868101716396036,0,3102,6,1531
J_001253,32,0.0032,0.0001970509630370177,0,1550,5,1550
J_001254,32,0.0032,0.00017664014198908866,0,1505,7,1505
J_001255,31,0.0031,0.0001949816543789192,0,1550,5,1550
J_001256,31,0.0031,0.00017288647489601671,0,3102,1,1571
J_001257,33,0.0033,0.00019099394514248368,0,1559,4,1559
J_001258,31,0.0031,0.0002000924027981997,0,1565,2,1565
J_001259,32,0.0032,0.00017907291597309063,0,3102,6,1531
J_001260,30,0.003,0.00016282491707932714,0,1505,7,1505
J_001261,34,0.0034,0.0001959218123941819,0,1505,7,1505
J_001262,33,0.0033,0.00019217031627232763,0,1628,0,1628
J_001263,30,0.003,0.00017446936461881313,0,1505,7,1505
J_001264,31,0.0031,0.00017937848850641065,0,3102,1,1571
J_001265,32,0.0032,0.00020075500543054932,0,1550,5,1550
J_001266,33,0.0033,0.0001872118725149089,0,3102,6,1531
J_001267,35,0.0035,0.00022199645534279563,0,1565,2,1565
J_001268,32,0.0032,0.00018638499474683,0,1559,4,1559
J_001269,33,0.0033,0.00018463378469320337,0,3102,1,1571
J_001270,33,0.0033,0.00019828921176144205,0,1562,3,1562
J_001271,32,0.0032,0.00018929842223570171,0,3102,6,1531
J_001272,30,0.003,0.00017451142896581407,0,1559,4,1559
J_001273,31,0.0031,0.00018057156113345012,0,3102,6,1531
J_001274,36,0.0036,0.00020170482938420504,0,1562,3,1562
J_001275,30,0.003,0.00018539647834309557,0,1550,5,1550
J_001276,31,0.0031,0.00017719639610411778,0,3102,6,1531
J_001277,33,0.0033,0.0001889339495629362,0,1559,4,1559
J_001278,31,0.0031,0.00018194644963642705,0,3102,6,1531
J_001279,34,0.0034,0.00019144315338501518,0,1505,7,1505
J_001280,31,0.0031,0.00017572987273262918,0,3102,1,1571
J_001281,33,0.0033,0.00021816190249893962,0,1565,2,1565
J_001282,35,0.0035,0.00019941026074363894,0,1562,3,1562
J_001283,30,0.003,0.00018308817709519566,0,1550,5,1550
J_001284,33,0.0033,0.0001865970262492157,0,1562,3,1562
J_001285,32,0.0032,0.00018067474778597935,0,1559,4,1559
J_001286,31,0.0031,0.00018859936028949714,0,1628,0,1628
J_001287,32,0.0032,0.00019011796531066187,0,1628,0,1628
J_001288,33,0.0033,0.00018808914819578898,0,3102,1,1571
J_001289,32,0.0032,0.000172451361638889,0,1505,7,1505
J_001290,31,0.0031,0.00019665227971991806,0,1628,0,1628
J_001291,31,0.0031,0.0001866493429759714,0,3102,1,1571
J_001292,32,0.0032,0.00019258048366412758,0,3102,1,1571
J_001293,31,0.0031,0.00017523862596119816,0,3102,6,1531
J_001294,33,0.0033,0.00020068977028418406,0,1565,2,1565
J_001295,31,0.0031,0.00019994232055779872,0,1559,4,1559
J_001296,31,0.0031,0.0001875757466385189,0,1628,0,1628
J_001297,31,0.0031,0.00019758884038304444,0,1565,2,1565
J_001298,31,0.0031,0.00017629782025363453,0,1505,7,1505
J_001299,31,0.0031,0.00016952446951485543,0,1505,7,1505
J_001300,33,0.0033,0.00019348074034866911,0,1559,4,1559
J_001301,32,0.0032,0.00019348928006131233,0,1559,4,1559
J_001302,35,0.0035,0.00019237083422749397,0,3102,6,1531
J_001303,31,0.0031,0.00017451003335507706,0,1505,7,1505
J_001304,33,0.0033,0.0001900629434888752,0,3102,1,1571
J_001305,30,0.003,0.00020150461102332398,0,1565,2,1565
J_001306,33,0.0033,0.00018848242499577963,0,1562,3,1562
J_001307,32,0.0032,0.0001851852114581114,0,1559,4,1559
J_001308,30,0.003,0.00017414659588225673,0,3102,6,1531
J_001309,33,0.0033,0.00020482809629699547,0,1565,2,1565
J_001310,32,0.0032,0.0001777098343050685,0,3102,6,1531
J_001311,33,0.0033,0.00018206888602042393,0,3102,6,1531
J_001312,31,0.0031,0.00018875258956124922,0,1550,5,1550
J_001313,31,0.0031,0.00018046495787276217,0,1559,4,1559
J_001314,32,0.0032,0.00020611659310366097,0,1565,2,1565
J_001315,34,0.0034,0.00021322084698310292,0,1550,5,1550
J_001316,32,0.0032,0.00020457049775927428,0,1565,2,1565
J_001317,34,0.0034,0.00019160779562946988,0,3102,1,1571
J_001318,32,0.0032,0.00019670114008339215,0,1550,5,1550
J_001319,30,0.003,0.00018253852915127756,0,1628,0,1628
J_001320,31,0.0031,0.00016968050846306222,0,1505,7,1505
J_001321,31,0.0031,0.00018784244568691752,0,1562,3,1562
J_001322,33,0.0033,0.0001963367493928779,0,1628,0,1628
J_001323,33,0.0033,0.0001836766717818198,0,3102,1,1571
J_001324,32,0.0032,0.00019185053405141415,0,1562,3,1562
J_001325,31,0.0031,0.00018742327607969395,0,1562,3,1562
J_001326,33,0.0033,0.0001782040322761765,0,1505,7,1505
J_001327,32,0.0032,0.00020281283923987204,0,1565,2,1565
J_001328,31,0.0031,0.0001907040914228164,0,1562,3,1562
J_001329,31,0.0031,0.00020344723235216002,0,1565,2,1565
J_001330,33,0.0033,0.00020436045355698377,0,1550,5,1550
J_001331,35,0.0035,0.000199048749762028,0,1562,3,1562
J_001332,31,0.0031,0.00017593143717748103,0,3102,6,1531
J_001333,32,0.0032,0.0001896544920378809,0,3102,6,1531
J_001334,33,0.0033,0.00019754504389777342,0,1562,3,1562
J_001335,30,0.003,0.0001806606288533515,0,1559,4,1559
J_001336,30,0.003,0.00015775285019230975,0,1505,7,1505
J_001337,30,0.003,0.00018238273040771654,0,1562,3,1562
J_001338,31,0.0031,0.00017940088200405586,0,1559,4,1559
J_001339,32,0.0032,0.00018772142805859553,0,1559,4,1559
J_001340,33,0.0033,0.00021744395149383617,0,1565,2,1565
J_001341,32,0.0032,0.00019362018928108598,0,1628,0,1628
J_001342,31,0.0031,0.00017316225753523772,0,1505,7,1505
J_001343,35,0.0035,0.00021853234127225448,0,1565,2,1565
J_001344,32,0.0032,0.00017820228168008263,0,3102,1,1571
J_001345,30,0.003,0.00016718142281934087,0,3102,6,1531
J_001346,32,0.0032,0.00020180461085164144,0,1565,2,1565
J_001347,32,0.0032,0.00019142550377468536,0,1628,0,1628
J_001348,32,0.0032,0.00018362756469894438,0,1505,7,1505
J_001349,33,0.0033,0.00018210685474742794,0,3102,1,1571
J_001350,32,0.0032,0.0001833668794043751,0,1562,3,1562
J_001351,31,0.0031,0.0001914886286374163,0,1550,5,1550
J_001352,34,0.0034,0.00019179790358083343,0,1505,7,1505
J_001353,33,0.0033,0.00017265338292749274,0,1505,7,1505
J_001354,32,0.0032,0.00017655060277356466,0,3102,1,1571
J_001355,30,0.003,0.00016963131528729289,0,3102,1,1571
J_001356,34,0.0034,0.0001802174675061689,0,3102,1,1571
J_001357,33,0.0033,0.0002012605357366868,0,1628,0,1628
J_001358,34,0.0034,0.0001974672144311154,0,1562,3,1562
J_001359,30,0.003,0.000185480702762741,0,1559,4,1559
J_001360,32,0.0032,0.00018788227629161066,0,3102,1,1571
J_001361,32,0.0032,0.00019350926051330103,0,1559,4,1559
J_001362,30,0.003,0.00017121658887482536,0,3102,6,1531
J_001363,32,0.0032,0.0001727501117557136,0,3102,6,1531
J_001364,32,0.0032,0.00021145215772299715,0,1565,2,1565
J_001365,31,0.0031,0.0002020862748664732,0,1565,2,1565
J_001366,30,0.003,0.00018751054573767277,0,1559,4,1559
J_001367,33,0.0033,0.00018986330424064553,0,3102,1,1571
J_001368,35,0.0035,0.00019961916656651267,0,1562,3,1562
J_001369,35,0.0035,0.00020134371695733265,0,1562,3,1562
J_001370,32,0.0032,0.00017370310259499949,0,3102,6,1531
J_001371,30,0.003,0.0001753913680578794,0,1559,4,1559
J_001372,32,0.0032,0.00018841575796836805,0,1562,3,1562
J_001373,31,0.0031,0.000172891979740915,0,1505,7,1505
J_001374,33,0.0033,0.0001843476783958378,0,3102,6,1531
J_001375,30,0.003,0.00017557442481432183,0,3102,1,1571
J_001376,33,0.0033,0.00018180705740620596,0,1505,7,1505
J_001377,33,0.0033,0.0002128523514065939,0,1550,5,1550
J_001378,32,0.0032,0.00019285558478896386,0,1550,5,1550
J_001379,35,0.0035,0.00019196608664884493,0,3102,6,1531
J_001380,31,0.0031,0.00017383670816823588,0,3102,6,1531
J_001381,31,0.0031,0.00016878140677158154,0,3102,6,1531
J_001382,30,0.003,0.0002029720310955819,0,1565,2,1565
J_001383,31,0.0031,0.00018769130327756973,0,3102,6,1531
J_001384,30,0.003,0.00017606887315037243,0,3102,1,1571
J_001385,34,0.0034,0.00021309223504877055,0,1550,5,1550
J_001386,34,0.0034,0.00019944242705569086,0,1559,4,1559
J_001387,32,0.0032,0.00020476802792988912,0,1565,2,1565
J_001388,31,0.0031,0.000186446657606598,0,1559,4,1559
J_001389,30,0.003,0.00016568455829257925,0,3102,6,1531
J_001390,36,0.0036,0.00022003509359747592,0,1550,5,1550
J_001391,32,0.0032,0.00017891585187763552,0,3102,6,1531
J_001392,32,0.0032,0.00018473599834716533,0,3102,6,1531
J_001393,31,0.0031,0.00019192510998689548,0,1562,3,1562
J_001394,34,0.0034,0.00019127343568872763,0,3102,6,1531
J_001395,32,0.0032,0.00020067834178907865,0,1550,5,1550
J_001396,32,0.0032,0.0001972725977330161,0,1628,0,1628
J_001397,31,0.0031,0.00019090595744115913,0,1550,5,1550
J_001398,35,0.0035,0.00020160801320184542,0,1559,4,1559
J_001399,33,0.0033,0.00017810171568171884,0,3102,1,1571
J_001400,31,0.0031,0.00018276904891467827,0,3102,1,1571
J_001401,35,0.0035,0.00019934546551017408,0,3102,6,1531
J_001402,32,0.0032,0.00020628439981963337,0,1550,5,1550
J_001403,31,0.0031,0.00017578708496081803,0,1505,7,1505
J_001404,32,0.0032,0.0002154481488930782,0,1565,2,1565
J_001405,32,0.0032,0.00019240920511701443,0,1628,0,1628
J_001406,31,0.0031,0.0001744145343675451,0,1505,7,1505
J_001407,30,0.003,0.0001860444735027753,0,1628,0,1628
J_001408,32,0.0032,0.000187416312426514,0,1562,3,1562
J_001409,34,0.0034,0.0001957293013598598,0,1628,0,1628
J_001410,30,0.003,0.00018578897007472708,0,1562,3,1562
J_001411,30,0.003,0.00020057521839263884,0,1565,2,1565
J_001412,30,0.003,0.00017988512961318473,0,1550,5,1550
J_001413,30,0.003,0.00018289532162301888,0,1550,5,1550
J_001414,32,0.0032,0.00019455854476252654,0,1628,0,1628
J_001415,35,0.0035,0.00020554843141209645,0,1628,0,1628
J_001416,33,0.0033,0.00019215208272501603,0,1559,4,1559
J_001417,33,0.0033,0.0001864627243136451,0,1559,4,1559
J_001418,32,0.0032,0.0001830068377024769,0,1505,7,1505
J_001419,32,0.0032,0.0002055265412903572,0,1565,2,1565
J_001420,32,0.0032,0.00017495516034913726,0,1505,7,1505
J_001421,31,0.0031,0.00018911068068240582,0,1559,4,1559
J_001422,33,0.0033,0.00018460181526655915,0,1505,7,1505
J_001423,31,0.0031,0.00018097366791104566,0,1559,4,1559
J_001424,32,0.0032,0.00019938885983590362,0,1628,0,1628
J_001425,32,0.0032,0.00018613205155643722,0,1562,3,1562
J_001426,33,0.0033,0.0001861229252574614,0,1562,3,1562
J_001427,32,0.0032,0.00020888628318109032,0,1565,2,1565
J_001428,33,0.0033,0.00018967690431005742,0,1559,4,1559
J_001429,31,0.0031,0.00019367028527593938,0,1550,5,1550
J_001430,35,0.0035,0.00019168442506339094,0,3102,1,1571
J_001431,32,0.0032,0.00017917828628096207,0,1505,7,1505
J_001432,34,0.0034,0.00020308362108310347,0,1550,5,1550
J_001433,31,0.0031,0.0001847237260031478,0,1559,4,1559
J_001434,31,0.0031,0.00018602369036174567,0,1628,0,1628
J_001435,34,0.0034,0.0001938683784591236,0,1562,3,1562
J_001436,32,0.0032,0.00018794208008207048,0,1562,3,1562
J_001437,31,0.0031,0.0001796509889327635,0,3102,6,1531
J_001438,32,0.0032,0.000196874582110305,0,1550,5,1550
J_001439,31,0.0031,0.0001941728602141243,0,1565,2,1565
J_001440,33,0.0033,0.00019484373434119033,0,1628,0,1628
J_001441,33,0.0033,0.0001869751173479169,0,3102,6,1531
J_001442,30,0.003,0.00016625839245691966,0,3102,1,1571
J_001443,34,0.0034,0.00018683482092517244,0,1505,7,1505
J_001444,32,0.0032,0.00018018427630017955,0,1559,4,1559
J_001445,32,0.0032,0.00020375903623541007,0,1550,5,1550
J_001446,35,0.0035,0.00019625998942134488,0,3102,6,1531
J_001447,33,0.0033,0.000201138919997746,0,1550,5,1550
J_001448,31,0.0031,0.0001839387535583853,0,3102,1,1571
J_001449,32,0.0032,0.000206565969159462,0,1565,2,1565
J_001450,32,0.0032,0.00017202879748889625,0,1505,7,1505
J_001451,32,0.0032,0.0001928228891073985,0,1562,3,1562
J_001452,30,0.003,0.00017413990726386185,0,1628,0,1628
J_001453,32,0.0032,0.00019985902730218047,0,1562,3,1562
J_001454,32,0.0032,0.0001799768017475002,0,1505,7,1505
J_001455,31,0.0031,0.00017324044000265325,0,1505,7,1505
J_001456,32,0.0032,0.00020339918247336126,0,1565,2,1565
J_001457,33,0.0033,0.00019710286992512656,0,1550,5,1550
J_001458,33,0.0033,0.00018677370825294067,0,3102,6,1531
J_001459,33,0.0033,0.00017433009984233852,0,3102,6,1531
J_001460,34,0.0034,0.00019328853582249584,0,1562,3,1562
J_001461,35,0.0035,0.00020448318675876363,0,1559,4,1559
J_001462,32,0.0032,0.00018497813427195247,0,1505,7,1505
J_001463,30,0.003,0.0001849203323927814,0,1550,5,1550
J_001464,32,0.0032,0.00018007658448315246,0,3102,6,1531
J_001465,32,0.0032,0.00018146898486039048,0,3102,1,1571
J_001466,35,0.0035,0.000191054888762544,0,3102,6,1531
J_001467,34,0.0034,0.0001955947877369083,0,1559,4,1559
J_001468,32,0.0032,0.00019419473865258947,0,1559,4,1559
J_001469,33,0.0033,0.0002034962623020837,0,1628,0,1628
J_001470,33,0.0033,0.00018726780863701062,0,3102,1,1571
J_001471,33,0.0033,0.00017264862572816684,0,3102,1,1571
J_001472,32,0.0032,0.00020527514577898954,0,1562,3,1562
J_001473,35,0.0035,0.0002015064491590227,0,1562,3,1562
J_001474,31,0.0031,0.0001847005200683906,0,1550,5,1550
J_001475,31,0.0031,0.0001796116168515613,0,1505,7,1505
J_001476,31,0.0031,0.00019164910288111433,0,1550,5,1550
J_001477,32,0.0032,0.00018752627440693165,0,1562,3,1562
J_001478,30,0.003,0.00017665871141519198,0,3102,6,1531
J_001479,32,0.0032,0.0002038472504754887,0,1550,5,1550
J_001480,32,0.0032,0.00018997755092117302,0,1628,0,1628
J_001481,31,0.0031,0.00018652092950091414,0,1550,5,1550
J_001482,31,0.0031,0.00017154246143831402,0,3102,1,1571
J_001483,32,0.0032,0.00018460019972633138,0,3102,1,1571
J_001484,35,0.0035,0.00021063726867096626,0,1559,4,1559
J_001485,30,0.003,0.00016899876851907472,0,3102,1,1571
J_001486,30,0.003,0.00017698612434315252,0,1628,0,1628
J_001487,33,0.0033,0.00018778589684531635,0,3102,6,1531
J_001488,31,0.0031,0.00018032831970276608,0,1559,4,1559
J_001489,33,0.0033,0.0001932049275231826,0,1559,4,1559
J_001490,30,0.003,0.00019381275876764517,0,1628,0,1628
J_001491,33,0.0033,0.00018664623819912514,0,3102,1,1571
J_001492,34,0.0034,0.00020171488338393924,0,1562,3,1562
J_001493,30,0.003,0.00017900144599388655,0,1628,0,1628
J_001494,31,0.0031,0.00020744844186931953,0,1550,5,1550
J_001495,31,0.0031,0.00019745942552005106,0,1550,5,1550
J_001496,31,0.0031,0.00019490629404128053,0,1550,5,1550
J_001497,32,0.0032,0.0002074550174458057,0,1565,2,1565
J_001498,31,0.0031,0.00019449164939460312,0,1628,0,1628
J_001499,31,0.0031,0.0001782674585422992,0,3102,1,1571
J_001500,32,0.0032,0.00020491842734084395,0,1565,2,1565
J_001501,31,0.0031,0.00020027594115951157,0,1565,2,1565
J_001502,34,0.0034,0.00021459619835836787,0,1550,5,1550
J_001503,31,0.0031,0.00017022229316879096,0,1505,7,1505
J_001504,34,0.0034,0.0002065278496589544,0,1550,5,1550
J_001505,32,0.0032,0.00017713636636183618,0,3102,6,1531
J_001506,32,0.0032,0.00018733820474267456,0,1559,4,1559
J_001507,32,0.0032,0.00018359289036009286,0,3102,1,1571
J_001508,32,0.0032,0.0002045713087489606,0,1550,5,1550
J_001509,35,0.0035,0.0001909773787526508,0,3102,1,1571
J_001510,30,0.003,0.0001738032106574209,0,1505,7,1505
J_001511,31,0.0031,0.0001903318081475606,0,1559,4,1559
J_001512,33,0.0033,0.00020310340046258768,0,1550,5,1550
J_001513,32,0.0032,0.00017895726628911835,0,3102,1,1571
J_001514,32,0.0032,0.00017668247986248026,0,3102,6,1531
J_001515,31,0.0031,0.0001871359332948262,0,1628,0,1628
J_001516,32,0.0032,0.00019291476400364722,0,1562,3,1562
J_001517,34,0.0034,0.00017861429692562437,0,3102,1,1571
J_001518,32,0.0032,0.00020262856285110825,0,1565,2,1565
J_001519,32,0.0032,0.00017995590532390447,0,3102,1,1571
J_001520,34,0.0034,0.00020614375223691604,0,1550,5,1550
J_001521,32,0.0032,0.00017853889132466626,0,3102,6,1531
J_001522,30,0.003,0.0001630756866112866,0,1505,7,1505
J_001523,31,0.0031,0.00019969355305312408,0,1628,0,1628
J_001524,31,0.0031,0.0002045150775779029,0,1565,2,1565
J_001525,32,0.0032,0.00017983507537069286,0,3102,1,1571
J_001526,31,0.0031,0.00018553881671301748,0,1628,0,1628
J_001527,33,0.0033,0.0001991996328883439,0,1550,5,1550
J_001528,30,0.003,0.00017773314329087514,0,1562,3,1562
J_001529,32,0.0032,0.00020270837491301316,0,1565,2,1565
J_001530,31,0.0031,0.00020247191715929734,0,1565,2,1565
J_001531,31,0.0031,0.00017429336614867272,0,1559,4,1559
J_001532,33,0.0033,0.00017898421940101508,0,3102,1,1571
J_001533,35,0.0035,0.00019655840133247748,0,3102,1,1571
J_001534,33,0.0033,0.00021858384444731988,0,1565,2,1565
J_001535,31,0.0031,0.00019518476545849414,0,1550,5,1550
J_001536,34,0.0034,0.0002183439696386057,0,1565,2,1565
J_001537,33,0.0033,0.00020741161793871572,0,1550,5,1550
J_001538,31,0.0031,0.0001774986850962918,0,3102,6,1531
J_001539,31,0.0031,0.0001825432620958233,0,1628,0,1628
J_001540,33,0.0033,0.00018675576714000482,0,3102,1,1571
J_001541,33,0.0033,0.000210999526674251,0,1565,2,1565
J_001542,35,0.0035,0.00018940742816791884,0,1505,7,1505
J_001543,31,0.0031,0.00018810109190190916,0,1628,0,1628
J_001544,32,0.0032,0.00018772246643677942,0,1562,3,1562
J_001545,34,0.0034,0.00020688536352604924,0,1559,4,1559
J_001546,32,0.0032,0.00017454378986334073,0,1505,7,1505
J_001547,33,0.0033,0.00019061883406345406,0,3102,6,1531
J_001548,30,0.003,0.00019474842569906415,0,1550,5,1550
J_001549,34,0.0034,0.000194643247391882,0,3102,6,1531
J_001550,33,0.0033,0.00019638644053053737,0,1559,4,1559
J_001551,33,0.0033,0.00019425508342407052,0,1550,5,1550
J_001552,30,0.003,0.00016828297193307315,0,1505,7,1505
J_001553,30,0.003,0.00017005739928471205,0,3102,1,1571
J_001554,32,0.0032,0.000190638466247757,0,3102,6,1531
J_001555,31,0.0031,0.00018362321815655285,0,3102,6,1531
J_001556,33,0.0033,0.0001945972674038472,0,1562,3,1562
J_001557,33,0.0033,0.0001911647337896175,0,1628,0,1628
J_001558,32,0.0032,0.0001764179981376092,0,1505,7,1505
J_001559,30,0.003,0.00018116320410923933,0,1559,4,1559
J_001560,31,0.0031,0.000176231864393959,0,3102,6,1531
J_001561,31,0.0031,0.00020070032505559987,0,1565,2,1565
J_001562,31,0.0031,0.00018209661007119655,0,1559,4,1559
J_001563,32,0.0032,0.00019812723556643255,0,1565,2,1565
J_001564,35,0.0035,0.00019960575713189805,0,1559,4,1559
J_001565,34,0.0034,0.0001851877328152914,0,3102,6,1531
J_001566,34,0.0034,0.00020366547071048332,0,1562,3,1562
J_001567,32,0.0032,0.0002019401329918502,0,1550,5,1550
J_001568,31,0.0031,0.0001741796862427227,0,3102,1,1571
J_001569,31,0.0031,0.00018944588763501554,0,1628,0,1628
J_001570,35,0.0035,0.00020721294867347712,0,1628,0,1628
J_001571,33,0.0033,0.00018105876923794765,0,1505,7,1505
J_001572,32,0.0032,0.00018995197661537738,0,1628,0,1628
J_001573,35,0.0035,0.00020181640203298514,0,1562,3,1562
J_001574,30,0.003,0.0001780426758168822,0,1559,4,1559
J_001575,31,0.0031,0.00018948119257878595,0,1550,5,1550
J_001576,32,0.0032,0.00017189225848450882,0,1505,7,1505
J_001577,35,0.0035,0.00019035711083304548,0,3102,6,1531
J_001578,35,0.0035,0.00019155898585120418,0,3102,1,1571
J_001579,33,0.0033,0.0001913575666686404,0,1505,7,1505
J_001580,32,0.0032,0.0002081609424460007,0,1550,5,1550
J_001581,32,0.0032,0.00020348661761434428,0,1550,5,1550
J_001582,31,0.0031,0.0001841587507183432,0,1562,3,1562
J_001583,33,0.0033,0.00018971104109147458,0,1562,3,1562
J_001584,31,0.0031,0.00016501683943606963,0,1505,7,1505
J_001585,31,0.0031,0.0001958040878525889,0,1565,2,1565
J_001586,34,0.0034,0.00018585786983847937,0,3102,6,1531
J_001587,32,0.0032,0.000188783825773128,0,1562,3,1562
J_001588,32,0.0032,0.00020468756722637197,0,1565,2,1565
J_001589,32,0.0032,0.00018193629723639517,0,3102,1,1571
J_001590,35,0.0035,0.00019634686249976027,0,1559,4,1559
J_001591,33,0.0033,0.00017462987660328105,0,1505,7,1505
J_001592,31,0.0031,0.0001726121011905578,0,3102,1,1571
J_001593,33,0.0033,0.000205022638128811,0,1562,3,1562
J_001594,30,0.003,0.00016923667659404884,0,1505,7,1505
J_001595,32,0.0032,0.00019544229668675306,0,1562,3,1562
J_001596,33,0.0033,0.0001842271036208842,0,3102,6,1531
J_001597,30,0.003,0.00018591631720471524,0,1559,4,1559
J_001598,31,0.0031,0.00018245386030961373,0,1562,3,1562
J_001599,31,0.0031,0.00019448601552452202,0,1565,2,1565
J_001600,30,0.003,0.00017092711338590982,0,1562,3,1562
J_001601,32,0.0032,0.00017852866073131315,0,3102,6,1531
J_001602,37,0.0037,0.00021231585721350483,0,1562,3,1562
J_001603,34,0.0034,0.00019862637570484072,0,1628,0,1628
J_001604,33,0.0033,0.00019453030723207433,0,1550,5,1550
J_001605,32,0.0032,0.00018728501705143227,0,3102,1,1571
J_001606,30,0.003,0.0001763190762335522,0,1562,3,1562
J_001607,30,0.003,0.00017089022403560039,0,3102,1,1571
J_001608,32,0.0032,0.00019722988722110238,0,1628,0,1628
J_001609,31,0.0031,0.00019823656495483684,0,1628,0,1628
J_001610,34,0.0034,0.00021003597172406286,0,1550,5,1550
J_001611,34,0.0034,0.00022173815964152905,0,1550,5,1550
J_001612,33,0.0033,0.00019512536274155602,0,1562,3,1562
J_001613,31,0.0031,0.00019864117503808914,0,1565,2,1565
J_001614,32,0.0032,0.0001852514181572851,0,1559,4,1559
J_001615,31,0.0031,0.00017605254430347724,0,3102,1,1571
J_001616,32,0.0032,0.00018035012043790197,0,3102,1,1571
J_001617,35,0.0035,0.00021875363948607742,0,1550,5,1550
J_001618,32,0.0032,0.00018329199253290082,0,1505,7,1505
J_001619,32,0.0032,0.00018520405516389956,0,1505,7,1505
J_001620,33,0.0033,0.0001847883912222619,0,1559,4,1559
J_001621,33,0.0033,0.00019049213368534475,0,1505,7,1505
J_001622,32,0.0032,0.00019834450957080646,0,1550,5,1550
J_001623,31,0.0031,0.00019632555830592988,0,1565,2,1565
J_001624,33,0.0033,0.00022031067577516368,0,1628,0,1628
J_001625,35,0.0035,0.00020162025428335098,0,1628,0,1628
J_001626,32,0.0032,0.00019305840352291828,0,1628,0,1628
J_001627,32,0.0032,0.00018374308135862957,0,3102,6,1531
J_001628,33,0.0033,0.00019888123097073503,0,1562,3,1562
J_001629,31,0.0031,0.00019451678815408816,0,1550,5,1550
J_001630,30,0.003,0.00018159562493357784,0,1550,5,1550
J_001631,30,0.003,0.00017685057148866462,0,1628,0,1628
J_001632,33,0.0033,0.00018529103963842882,0,1505,7,1505
J_001633,34,0.0034,0.0002084987741029777,0,1559,4,1559
J_001634,31,0.0031,0.00017744842599543833,0,1505,7,1505
J_001635,31,0.0031,0.00018795324972340955,0,1562,3,1562
J_001636,32,0.0032,0.0001952788810557047,0,1628,0,1628
J_001637,32,0.0032,0.00017597817204941576,0,3102,6,1531
J_001638,30,0.003,0.0001822263107918335,0,1550,5,1550
J_001639,30,0.003,0.00018637119922819065,0,1628,0,1628
J_001640,30,0.003,0.00017027531401945262,0,3102,1,1571
J_001641,33,0.0033,0.0002049410508487835,0,1550,5,1550
J_001642,32,0.0032,0.00017839903588992453,0,3102,1,1571
J_001643,30,0.003,0.0001751161872962786,0,3102,1,1571
J_001644,32,0.0032,0.0001709757533189499,0,1505,7,1505
J_001645,31,0.0031,0.0001969191362329259,0,1565,2,1565
J_001646,31,0.0031,0.00018789687103872542,0,1562,3,1562
J_001647,33,0.0033,0.00022144871930095,0,1565,2,1565
J_001648,34,0.0034,0.00019171870589301403,0,3102,6,1531
J_001649,33,0.0033,0.00021451902258692128,0,1565,2,1565
J_001650,33,0.0033,0.0001850040342024786,0,1505,7,1505
J_001651,36,0.0036,0.00022403280936110354,0,1565,2,1565
J_001652,31,0.0031,0.0001942535595612532,0,1559,4,1559
J_001653,32,0.0032,0.00017672474853092923,0,3102,1,1571
J_001654,32,0.0032,0.00020073936397991965,0,3102,6,1531
J_001655,30,0.003,0.0001832401891519673,0,1562,3,1562
J_001656,32,0.0032,0.00020474052550408265,0,1565,2,1565
J_001657,32,0.0032,0.0002097305275002286,0,1565,2,1565
J_001658,32,0.0032,0.0001838351165662275,0,3102,1,1571
J_001659,32,0.0032,0.00021337940853708798,0,1565,2,1565
J_001660,32,0.0032,0.00018522136943962828,0,1559,4,1559
J_001661,31,0.0031,0.00020184173881086014,0,1565,2,1565
J_001662,35,0.0035,0.00023987440707331467,0,1565,2,1565
J_001663,32,0.0032,0.00019179354861170863,0,1559,4,1559
J_001664,32,0.0032,0.00019230092422852212,0,1559,4,1559
J_001665,30,0.003,0.00017915188778739233,0,1562,3,1562
J_001666,31,0.0031,0.00017731616976058876,0,3102,1,1571
J_001667,33,0.0033,0.0001835297037044125,0,3102,6,1531
J_001668,33,0.0033,0.00021340966332339436,0,1565,2,1565
J_001669,32,0.0032,0.00019125388248604199,0,1562,3,1562
J_001670,33,0.0033,0.00019910690524904543,0,1628,0,1628
J_001671,30,0.003,0.00018215013296857908,0,1628,0,1628
J_001672,32,0.0032,0.000185583064023189,0,3102,1,1571
J_001673,32,0.0032,0.0001825025249410132,0,1505,7,1505
J_001674,30,0.003,0.00016959864975775097,0,3102,6,1531
J_001675,32,0.0032,0.00018651097514262697,0,1559,4,1559
J_001676,31,0.0031,0.0001721475849478325,0,3102,1,1571
J_001677,31,0.0031,0.0001684063781561117,0,3102,1,1571
J_001678,31,0.0031,0.0001965374599594694,0,1565,2,1565
J_001679,32,0.0032,0.00018220299991910508,0,3102,6,1531
J_001680,32,0.0032,0.0001781264857759877,0,3102,6,1531
J_001681,32,0.0032,0.00018081231734173143,0,1559,4,1559
J_001682,30,0.003,0.00016866964374654886,0,1505,7,1505
J_001683,33,0.0033,0.00019734315997777316,0,1562,3,1562
J_001684,32,0.0032,0.00021748264512743952,0,1565,2,1565
J_001685,30,0.003,0.00016740885719789382,0,1505,7,1505
J_001686,31,0.0031,0.00017460999584708575,0,1505,7,1505
J_001687,30,0.003,0.00017851950017958127,0,1559,4,1559
J_001688,32,0.0032,0.00020026434764675933,0,1565,2,1565
J_001689,30,0.003,0.000174788758139516,0,1505,7,1505
J_001690,33,0.0033,0.0001972085327263054,0,1628,0,1628
J_001691,31,0.0031,0.0002000094613727489,0,1628,0,1628
J_001692,32,0.0032,0.00018827549597356816,0,1628,0,1628
J_001693,32,0.0032,0.0001920282639374237,0,1550,5,1550
J_001694,33,0.0033,0.00020899383040006643,0,1565,2,1565
J_001695,32,0.0032,0.00017737045733568806,0,1505,7,1505
J_001696,30,0.003,0.00017611445326775872,0,3102,6,1531
J_001697,30,0.003,0.00018035413823804452,0,1628,0,1628
J_001698,32,0.0032,0.00018210546150573237,0,3102,1,1571
J_001699,34,0.0034,0.0001882783521226644,0,3102,1,1571
J_001700,34,0.0034,0.00020279864635748473,0,1628,0,1628
J_001701,30,0.003,0.0001819719092125297,0,1628,0,1628
J_001702,30,0.003,0.00017446084593629175,0,1562,3,1562
J_001703,31,0.0031,0.00021194524660551406,0,1565,2,1565
J_001704,32,0.0032,0.00017565630194242966,0,3102,6,1531
J_001705,30,0.003,0.0001994496643739964,0,1550,5,1550
J_001706,32,0.0032,0.00020517033441012092,0,1565,2,1565
J_001707,33,0.0033,0.0001961043691492635,0,1559,4,1559
J_001708,31,0.0031,0.00020031423727127136,0,1565,2,1565
J_001709,30,0.003,0.00017145578488492218,0,1505,7,1505
J_001710,32,0.0032,0.00020074556183308906,0,1559,4,1559
J_001711,31,0.0031,0.0001877017739015108,0,1550,5,1550
J_001712,33,0.0033,0.00019652994269476443,0,1628,0,1628
J_001713,33,0.0033,0.00019109122193828736,0,1562,3,1562
J_001714,31,0.0031,0.00017152351983864506,0,3102,1,1571
J_001715,33,0.0033,0.0001780388674538961,0,1505,7,1505
J_001716,32,0.0032,0.00018234021323425883,0,1505,7,1505
J_001717,33,0.0033,0.00020534417841930886,0,1550,5,1550
J_001718,32,0.0032,0.00019144050331735649,0,1562,3,1562
J_001719,32,0.0032,0.00019788424179399585,0,1565,2,1565
J_001720,31,0.0031,0.00018510974212891665,0,1550,5,1550
J_001721,32,0.0032,0.00017282746324135797,0,3102,1,1571
J_001722,31,0.0031,0.0001990915633137261,0,1565,2,1565
J_001723,32,0.0032,0.00019515660680708056,0,1628,0,1628
J_001724,31,0.0031,0.00019533914777122478,0,1628,0,1628
J_001725,34,0.0034,0.00021730142152663558,0,1565,2,1565
J_001726,32,0.0032,0.0001753665480609327,0,1505,7,1505
J_001727,32,0.0032,0.00018329675208493012,0,1562,3,1562
J_001728,33,0.0033,0.00019971874157973112,0,1550,5,1550
J_001729,33,0.0033,0.0001878062802884752,0,3102,6,1531
J_001730,34,0.0034,0.00020683181493206073,0,1562,3,1562
J_001731,32,0.0032,0.00017807458979101268,0,3102,1,1571
J_001732,31,0.0031,0.00020286055788519612,0,1565,2,1565
J_001733,32,0.0032,0.00019774461242994123,0,1628,0,1628
J_001734,32,0.0032,0.00017806953117114024,0,1505,7,1505
J_001735,32,0.0032,0.00017371115385151123,0,3102,6,1531
J_001736,31,0.0031,0.0001940800772279792,0,1628,0,1628
J_001737,30,0.003,0.00019089706289149606,0,1628,0,1628
J_001738,31,0.0031,0.00020462905110313071,0,1565,2,1565
J_001739,33,0.0033,0.0002062358744772344,0,1628,0,1628
J_001740,31,0.0031,0.00018014553740186708,0,1562,3,1562
J_001741,30,0.003,0.00017387411879110276,0,1562,3,1562
J_001742,34,0.0034,0.00020152006868407384,0,1628,0,1628
J_001743,33,0.0033,0.000187152848277975,0,3102,6,1531
J_001744,30,0.003,0.00017004100013699914,0,1505,7,1505
J_001745,32,0.0032,0.0001979404042619095,0,1559,4,1559
J_001746,30,0.003,0.00017253984112469323,0,3102,6,1531
J_001747,31,0.0031,0.0001822596956244965,0,1505,7,1505
J_001748,32,0.0032,0.000177171251293881,0,1505,7,1505
J_001749,33,0.0033,0.00019976753599564124,0,1550,5,1550
J_001750,32,0.0032,0.00019160636206219336,0,1559,4,1559
J_001751,31,0.0031,0.00019253870333828835,0,1550,5,1550
J_001752,32,0.0032,0.00018808278230501182,0,1559,4,1559
J_001753,34,0.0034,0.0001862129383877978,0,3102,6,1531
J_001754,33,0.0033,0.00018693268517219882,0,3102,6,1531
J_001755,33,0.0033,0.00021466448227232428,0,1565,2,1565
J_001756,34,0.0034,0.0002023113676414751,0,1559,4,1559
J_001757,31,0.0031,0.0001799797839494282,0,3102,1,1571
J_001758,31,0.0031,0.00018201205465047778,0,1562,3,1562
J_001759,33,0.0033,0.00019021117436004168,0,3102,6,1531
J_001760,33,0.0033,0.00018192827155707084,0,3102,6,1531
J_001761,31,0.0031,0.00017279307931231615,0,3102,1,1571
J_001762,32,0.0032,0.00018222171931607376,0,1505,7,1505
J_001763,33,0.0033,0.00019400185458121242,0,1559,4,1559
J_001764,32,0.0032,0.00018366234593016469,0,1562,3,1562
J_001765,33,0.0033,0.0002097444139819761,0,1565,2,1565
J_001766,32,0.0032,0.00019104503743097928,0,1505,7,1505
J_001767,32,0.0032,0.0001832957904333997,0,1559,4,1559
J_001768,32,0.0032,0.0001869534675157292,0,1562,3,1562
J_001769,35,0.0035,0.0002146046814717039,0,1628,0,1628
J_001770,31,0.0031,0.00017381562774072346,0,3102,6,1531
J_001771,33,0.0033,0.00018116730171115585,0,1505,7,1505
J_001772,30,0.003,0.00019041997693041267,0,1565,2,1565
J_001773,31,0.0031,0.00019086433393771776,0,1628,0,1628
J_001774,31,0.0031,0.00019728196101151773,0,1628,0,1628
J_001775,35,0.0035,0.0002021643766166985,0,1628,0,1628
J_001776,31,0.0031,0.00020412356252834518,0,1565,2,1565
J_001777,34,0.0034,0.00019088675411075212,0,3102,6,1531
J_001778,30,0.003,0.00016644611524867193,0,1505,7,1505
J_001779,32,0.0032,0.00019680686912863538,0,1550,5,1550
J_001780,33,0.0033,0.00020502722309508338,0,1565,2,1565
J_001781,32,0.0032,0.0001892321068142402,0,1628,0,1628
J_001782,32,0.0032,0.00018357782865374096,0,1559,4,1559
J_001783,31,0.0031,0.0001800835563939702,0,1505,7,1505
J_001784,31,0.0031,0.00019047344087136446,0,1550,5,1550
J_001785,31,0.0031,0.00018737464008922454,0,1628,0,1628
J_001786,32,0.0032,0.000190783507923161,0,1562,3,1562
J_001787,33,0.0033,0.0002025320732555411,0,1550,5,1550
J_001788,32,0.0032,0.00019688714805167818,0,1550,5,1550
J_001789,34,0.0034,0.00018687524747163225,0,3102,1,1571
J_001790,30,0.003,0.00017772335025717154,0,1559,4,1559
J_001791,32,0.0032,0.0001957712196866567,0,1628,0,1628
J_001792,31,0.0031,0.00017279132894180434,0,3102,6,1531
J_001793,30,0.003,0.00018373192420366192,0,1559,4,1559
J_001794,30,0.003,0.00018993696885418493,0,1628,0,1628
J_001795,31,0.0031,0.0001904459675951176,0,1628,0,1628
J_001796,32,0.0032,0.0002139770596506599,0,1565,2,1565
J_001797,32,0.0032,0.0001839784129432635,0,3102,1,1571
J_001798,35,0.0035,0.00019207633130068408,0,3102,6,1531
J_001799,30,0.003,0.00018803403890578843,0,1565,2,1565
J_001800,32,0.0032,0.00017909215760771252,0,1505,7,1505
J_001801,35,0.0035,0.00019365020603740178,0,3102,1,1571
J_001802,33,0.0033,0.0002033329812339684,0,1628,0,1628
J_001803,33,0.0033,0.00020635645872936449,0,1628,0,1628
J_001804,31,0.0031,0.00017533852958314639,0,3102,1,1571
J_001805,30,0.003,0.00018465897438670474,0,1562,3,1562
J_001806,31,0.0031,0.00016836480159214008,0,1505,7,1505
J_001807,30,0.003,0.0001960547595610086,0,1565,2,1565
J_001808,31,0.0031,0.00018619356509144225,0,1550,5,1550
J_001809,30,0.003,0.00016342874651056497,0,3102,1,1571
J_001810,31,0.0031,0.00022206906632743544,0,1559,4,1559
J_001811,34,0.0034,0.0001976322958398343,0,1562,3,1562
J_001812,31,0.0031,0.00017156273117577322,0,1505,7,1505
J_001813,34,0.0034,0.00019452287676285373,0,1562,3,1562
J_001814,32,0.0032,0.00018688840451528712,0,1559,4,1559
J_001815,33,0.0033,0.0001895903143632825,0,1559,4,1559
J_001816,31,0.0031,0.0002054806796060423,0,1565,2,1565
J_001817,32,0.0032,0.00019395887508863105,0,1550,5,1550
J_001818,32,0.0032,0.00019281408983879949,0,1550,5,1550
J_001819,31,0.0031,0.00017673078428395277,0,3102,1,1571
J_001820,35,0.0035,0.0002032630133650915,0,1628,0,1628
J_001821,32,0.0032,0.0001745440082383878,0,3102,6,1531
J_001822,34,0.0034,0.0001847146755262084,0,3102,1,1571
J_001823,33,0.0033,0.00022044527242776188,0,1628,0,1628
J_001824,32,0.0032,0.00017864294970796417,0,3102,6,1531
J_001825,31,0.0031,0.00019969260812232223,0,1565,2,1565
J_001826,32,0.0032,0.00018642963336757494,0,1628,0,1628
J_001827,30,0.003,0.00019146158841232256,0,1565,2,1565
J_001828,31,0.0031,0.00020383755491209051,0,1628,0,1628
J_001829,31,0.0031,0.00020987408217500796,0,1565,2,1565
J_001830,33,0.0033,0.00019815167382506831,0,1628,0,1628
J_001831,31,0.0031,0.00018459086497397178,0,1550,5,1550
J_001832,34,0.0034,0.00020379897499131868,0,1550,5,1550
J_001833,31,0.0031,0.00017853355253756053,0,3102,1,1571
J_001834,33,0.0033,0.00020659849162578615,0,1550,5,1550
J_001835,32,0.0032,0.0001912784308285072,0,3102,6,1531
J_001836,33,0.0033,0.00019462270377515058,0,1559,4,1559
J_001837,37,0.0037,0.00020176983801992,0,1505,7,1505
J_001838,31,0.0031,0.00020184009830736383,0,1550,5,1550
J_001839,30,0.003,0.00017244346722556018,0,3102,1,1571
J_001840,31,0.0031,0.00017061988548920906,0,3102,1,1571
J_001841,31,0.0031,0.00018223501445787345,0,3102,1,1571
J_001842,30,0.003,0.00020331693813711244,0,1565,2,1565
J_001843,32,0.0032,0.00020094690054500038,0,1550,5,1550
J_001844,33,0.0033,0.00019120968356939696,0,1559,4,1559
J_001845,30,0.003,0.00017638376303233446,0,1562,3,1562
J_001846,35,0.0035,0.0001897740275306683,0,3102,1,1571
J_001847,35,0.0035,0.00019354407427516965,0,3102,6,1531
J_001848,33,0.0033,0.00018977492567896813,0,1505,7,1505
J_001849,31,0.0031,0.00018157373582811313,0,1505,7,1505
J_001850,34,0.0034,0.00019063740667707582,0,1505,7,1505
J_001851,32,0.0032,0.0001928966474220776,0,3102,6,1531
J_001852,33,0.0033,0.00020438505499344428,0,1562,3,1562
J_001853,32,0.0032,0.0001813131469121661,0,3102,1,1571
J_001854,33,0.0033,0.00019402049950470378,0,3102,1,1571
J_001855,33,0.0033,0.00019617886049875667,0,1628,0,1628
J_001856,31,0.0031,0.00018977047310564642,0,1559,4,1559
J_001857,32,0.0032,0.00017154820372058754,0,1505,7,1505
J_001858,31,0.0031,0.0001898279146109823,0,1550,5,1550
J_001859,35,0.0035,0.00020377135555681486,0,1559,4,1559
J_001860,35,0.0035,0.00019862389360215515,0,3102,6,1531
J_001861,30,0.003,0.00017354971787187254,0,1505,7,1505
J_001862,33,0.0033,0.000181646541996806,0,3102,1,1571
J_001863,32,0.0032,0.00020048148519935375,0,1550,5,1550
J_001864,34,0.0034,0.00021788549655133905,0,1565,2,1565
J_001865,33,0.0033,0.00019590730776268775,0,1562,3,1562
J_001866,31,0.0031,0.00017009593778996538,0,3102,6,1531
J_001867,32,0.0032,0.00020109942602458507,0,1562,3,1562
J_001868,32,0.0032,0.00017860036374350315,0,1559,4,1559
J_001869,33,0.0033,0.00020374457490539646,0,1550,5,1550
J_001870,33,0.0033,0.00021219268834381954,0,1550,5,1550
J_001871,30,0.003,0.00018317674319553027,0,1550,5,1550
J_001872,31,0.0031,0.00018370898804877836,0,1628,0,1628
J_001873,34,0.0034,0.00019590244771327332,0,3102,6,1531
J_001874,31,0.0031,0.00017798447834232252,0,1559,4,1559
J_001875,36,0.0036,0.00020913781013342966,0,1628,0,1628
J_001876,35,0.0035,0.0001924359404179601,0,3102,1,1571
J_001877,32,0.0032,0.00019564660943757493,0,1562,3,1562
J_001878,30,0.003,0.00017138265764936046,0,1505,7,1505
J_001879,32,0.0032,0.00018072209917923532,0,3102,1,1571
J_001880,31,0.0031,0.00020102586486787523,0,1565,2,1565
J_001881,35,0.0035,0.00021120765080728568,0,1550,5,1550
J_001882,32,0.0032,0.0001841048408385809,0,1559,4,1559
J_001883,31,0.0031,0.00018973352492382983,0,1559,4,1559
J_001884,33,0.0033,0.00017591480753261534,0,3102,1,1571
J_001885,33,0.0033,0.00018290462622408036,0,1505,7,1505
J_001886,34,0.0034,0.00018959178907058878,0,3102,6,1531
J_001887,31,0.0031,0.0001751101810319738,0,3102,1,1571
J_001888,34,0.0034,0.00020254063759321813,0,1562,3,1562
J_001889,31,0.0031,0.00018563084036662776,0,1628,0,1628
J_001890,31,0.0031,0.00019920837502679058,0,1559,4,1559
J_001891,30,0.003,0.00018643482755811313,0,1628,0,1628
J_001892,33,0.0033,0.0001951359614328452,0,1562,3,1562
J_001893,31,0.0031,0.0002044592488657326,0,1565,2,1565
J_001894,33,0.0033,0.00018688794300549395,0,1505,7,1505
J_001895,30,0.003,0.00019459251881147669,0,1550,5,1550
J_001896,34,0.0034,0.0002073214439951153,0,1550,5,1550
J_001897,31,0.0031,0.00021201188175306503,0,1565,2,1565
J_001898,32,0.0032,0.00021305070569616004,0,1565,2,1565
J_001899,31,0.0031,0.00017994272887622643,0,1562,3,1562
J_001900,33,0.0033,0.0001764664175755957,0,3102,1,1571
J_001901,33,0.0033,0.00018396119021326038,0,3102,6,1531
J_001902,32,0.0032,0.0002021186283794423,0,1628,0,1628
J_001903,31,0.0031,0.00017409266291044376,0,1559,4,1559
J_001904,32,0.0032,0.00019941315921695078,0,1565,2,1565
J_001905,32,0.0032,0.0001815707667115501,0,3102,6,1531
J_001906,36,0.0036,0.0001944998326491622,0,3102,1,1571
J_001907,34,0.0034,0.00018741659889270874,0,3102,6,1531
J_001908,32,0.0032,0.00017505793065542813,0,3102,1,1571
J_001909,32,0.0032,0.00018774130545215836,0,1562,3,1562
J_001910,30,0.003,0.00019908508540661344,0,1565,2,1565
J_001911,32,0.0032,0.00017985843388162984,0,1505,7,1505
J_001912,31,0.0031,0.00018610362816613357,0,1559,4,1559
J_001913,31,0.0031,0.00018381275538045515,0,3102,6,1531
J_001914,31,0.0031,0.00018925551428815068,0,1559,4,1559
J_001915,31,0.0031,0.00020067163995435264,0,1565,2,1565
J_001916,31,0.0031,0.0002034408298565612,0,1565,2,1565
J_001917,33,0.0033,0.00018700803060183013,0,1559,4,1559
J_001918,33,0.0033,0.0001803624140662357,0,3102,1,1571
J_001919,32,0.0032,0.00018980749042671574,0,1559,4,1559
J_001920,32,0.0032,0.00017821887433247505,0,3102,6,1531
J_001921,32,0.0032,0.00018402227325684418,0,3102,6,1531
J_001922,31,0.0031,0.00018910416038752764,0,1550,5,1550
J_001923,31,0.0031,0.00019362060340983426,0,1565,2,1565
J_001924,30,0.003,0.00018596616944042534,0,1628,0,1628
J_001925,33,0.0033,0.00019884114121395232,0,1628,0,1628
J_001926,33,0.0033,0.0001848669485156381,0,1505,7,1505
J_001927,31,0.0031,0.0001993392850958066,0,1550,5,1550
J_001928,32,0.0032,0.0001895690848683811,0,1562,3,1562
J_001929,33,0.0033,0.00017819159385014458,0,1505,7,1505
J_001930,32,0.0032,0.0001950050110457001,0,1550,5,1550
J_001931,32,0.0032,0.00019141276178225773,0,1559,4,1559
J_001932,34,0.0034,0.0001879520380876774,0,1505,7,1505
J_001933,31,0.0031,0.00018243534053912378,0,1562,3,1562
J_001934,31,0.0031,0.00017809203942480422,0,3102,1,1571
J_001935,36,0.0036,0.0002027598928827733,0,1562,3,1562
J_001936,31,0.0031,0.0001860452853282938,0,3102,1,1571
J_001937,32,0.0032,0.00020235602558616337,0,1565,2,1565
J_001938,30,0.003,0.00018872854091515898,0,1628,0,1628
J_001939,32,0.0032,0.0002135398471877647,0,1565,2,1565
J_001940,32,0.0032,0.0001853928265922471,0,3102,1,1571
J_001941,30,0.003,0.00018533761558296274,0,1628,0,1628
J_001942,30,0.003,0.00018211311528681202,0,1628,0,1628
J_001943,32,0.0032,0.00018026284905984074,0,1562,3,1562
J_001944,33,0.0033,0.00017994873530960808,0,3102,6,1531
J_001945,33,0.0033,0.00020280478946503125,0,1628,0,1628
J_001946,34,0.0034,0.00019791678613733917,0,1550,5,1550
J_001947,34,0.0034,0.00021299234925522254,0,1628,0,1628
J_001948,32,0.0032,0.0001881026762749564,0,1562,3,1562
J_001949,31,0.0031,0.00018965836622356584,0,1559,4,1559
J_001950,32,0.0032,0.00020567458635878646,0,1565,2,1565
J_001951,31,0.0031,0.0001798322021095547,0,1562,3,1562
J_001952,33,0.0033,0.00020307887101131156,0,1565,2,1565
J_001953,32,0.0032,0.00018645026838143264,0,1559,4,1559
J_001954,32,0.0032,0.0001751358212475894,0,3102,1,1571
J_001955,35,0.0035,0.0001886123474459981,0,1505,7,1505
J_001956,32,0.0032,0.0001901462040419022,0,1562,3,1562
J_001957,31,0.0031,0.00016920405700351042,0,3102,1,1571
J_001958,32,0.0032,0.00018741717076281602,0,3102,1,1571
J_001959,32,0.0032,0.00019439713477189413,0,1559,4,1559
J_001960,33,0.0033,0.00018097869782070453,0,3102,6,1531
J_001961,32,0.0032,0.0001920271545806748,0,1562,3,1562
J_001962,33,0.0033,0.0001865339692229696,0,3102,6,1531
J_001963,36,0.0036,0.00020235816088092905,0,1505,7,1505
J_001964,31,0.0031,0.00017648192689948,0,3102,6,1531
J_001965,31,0.0031,0.0001924379889855205,0,1550,5,1550
J_001966,31,0.0031,0.0001726931222015795,0,3102,1,1571
J_001967,30,0.003,0.00018873499075707772,0,1628,0,1628
J_001968,30,0.003,0.00017935497392783113,0,1559,4,1559
J_001969,30,0.003,0.00017818223956154235,0,1628,0,1628
J_001970,33,0.0033,0.0001838669370783377,0,3102,1,1571
J_001971,30,0.003,0.0001790528131574349,0,1559,4,1559
J_001972,33,0.0033,0.00019840393990010354,0,1562,3,1562
J_001973,34,0.0034,0.00018508327848882705,0,1505,7,1505
J_001974,32,0.0032,0.0002054047081887707,0,1550,5,1550
J_001975,31,0.0031,0.00019240418842718582,0,1550,5,1550
J_001976,32,0.0032,0.00019918558426714267,0,1565,2,1565
J_001977,33,0.0033,0.00018042648618908028,0,3102,1,1571
J_001978,33,0.0033,0.00018732281650856217,0,3102,6,1531
J_001979,33,0.0033,0.00019980508010352058,0,1550,5,1550
J_001980,31,0.0031,0.0001735986103262336,0,1505,7,1505
J_001981,32,0.0032,0.0002008006243765104,0,1565,2,1565
J_001982,30,0.003,0.0001794777084654065,0,3102,1,1571
J_001983,32,0.0032,0.00019146631123263697,0,3102,6,1531
J_001984,32,0.0032,0.00019993791651861403,0,1565,2,1565
J_001985,32,0.0032,0.00018457857777486064,0,3102,1,1571
J_001986,31,0.0031,0.00018907032322699753,0,1628,0,1628
J_001987,32,0.0032,0.0001885378448316902,0,1559,4,1559
J_001988,35,0.0035,0.0002067445160213916,0,1562,3,1562
J_001989,31,0.0031,0.00018698348702019449,0,1559,4,1559
J_001990,30,0.003,0.00018831722014938068,0,1550,5,1550
J_001991,34,0.0034,0.0001951791372042242,0,3102,6,1531
J_001992,30,0.003,0.0001797850695321617,0,3102,6,1531
J_001993,33,0.0033,0.00020710580887199292,0,1550,5,1550
J_001994,33,0.0033,0.00017977489922285867,0,1505,7,1505
J_001995,30,0.003,0.00019827359052807832,0,1565,2,1565
J_001996,37,0.0037,0.0001945234991734723,0,3102,1,1571
J_001997,33,0.0033,0.0001879275854859184,0,3102,6,1531
J_001998,31,0.0031,0.00018325545397860512,0,1628,0,1628
J_001999,33,0.0033,0.00021828220418780288,0,1550,5,1550
J_002000,32,0.0032,0.0001773083335669988,0,3102,6,1531
J_002001,30,0.003,0.0001833965375489123,0,1628,0,1628
J_002002,30,0.003,0.00020764167481487946,0,1565,2,1565
J_002003,33,0.0033,0.00018182132681406627,0,3102,6,1531
J_002004,31,0.0031,0.0001777212087597391,0,1505,7,1505
J_002005,32,0.0032,0.00020937407497127538,0,1550,5,1550
J_002006,31,0.0031,0.00018276680325838245,0,1559,4,1559
J_002007,33,0.0033,0.00019085985992313927,0,1562,3,1562
J_002008,32,0.0032,0.00021195504088241022,0,1565,2,1565
J_002009,33,0.0033,0.00021141015375058348,0,1565,2,1565
J_002010,32,0.0032,0.00017536147411664868,0,1505,7,1505
J_002011,32,0.0032,0.0001978036353752112,0,1562,3,1562
J_002012,35,0.0035,0.00019937243215598321,0,1559,4,1559
J_002013,32,0.0032,0.00017867990683981025,0,1505,7,1505
J_002014,33,0.0033,0.0001924998195399465,0,1562,3,1562
J_002015,34,0.0034,0.0001937942917541352,0,1559,4,1559
J_002016,31,0.0031,0.0001788248345650219,0,1559,4,1559
J_002017,31,0.0031,0.0001828985166942341,0,1559,4,1559
J_002018,31,0.0031,0.00019633811773604127,0,1550,5,1550
J_002019,31,0.0031,0.0002032465737060281,0,1550,5,1550
J_002020,31,0.0031,0.00019177491225366082,0,3102,1,1571
J_002021,32,0.0032,0.00017332679036181385,0,1505,7,1505
J_002022,33,0.0033,0.0001821252586824351,0,1505,7,1505
J_002023,32,0.0032,0.0001973219983679011,0,1562,3,1562
J_002024,30,0.003,0.00017472560042173978,0,1559,4,1559
J_002025,30,0.003,0.00017696577700373271,0,3102,1,1571
J_002026,32,0.0032,0.0001792888143050582,0,1562,3,1562
J_002027,33,0.0033,0.00020825495173410404,0,1565,2,1565
J_002028,32,0.0032,0.00018437838361885238,0,1559,4,1559
J_002029,30,0.003,0.00019547968479057275,0,1565,2,1565
J_002030,31,0.0031,0.00020081414146097036,0,1550,5,1550
J_002031,31,0.0031,0.00018928158669615655,0,1550,5,1550
J_002032,31,0.0031,0.00017365313605818,0,3102,1,1571
J_002033,30,0.003,0.0001799108196528757,0,3102,6,1531
J_002034,32,0.0032,0.00020006001967840222,0,1565,2,1565
J_002035,31,0.0031,0.00017334598696324045,0,3102,6,1531
J_002036,31,0.0031,0.0001858272840566112,0,1628,0,1628
J_002037,32,0.0032,0.00019298595046900088,0,1628,0,1628
J_002038,33,0.0033,0.0002016066467650553,0,1559,4,1559
J_002039,32,0.0032,0.00019624149164487644,0,1550,5,1550
J_002040,30,0.003,0.00018456968140191969,0,1628,0,1628
J_002041,31,0.0031,0.00020713301663361462,0,1565,2,1565
J_002042,32,0.0032,0.00018647388485822127,0,1505,7,1505
J_002043,31,0.0031,0.00019881805603989288,0,1565,2,1565
J_002044,34,0.0034,0.00020633243449055767,0,1550,5,1550
J_002045,34,0.0034,0.00020648773894285983,0,1628,0,1628
J_002046,31,0.0031,0.0001832910628320218,0,1559,4,1559
J_002047,33,0.0033,0.00018332084876184127,0,3102,1,1571
J_002048,31,0.0031,0.00018702597489218337,0,1562,3,1562
J_002049,34,0.0034,0.00020449370351021182,0,1562,3,1562
J_002050,31,0.0031,0.00017246083931952757,0,3102,1,1571
J_002051,34,0.0034,0.00020000491577580094,0,1628,0,1628
J_002052,31,0.0031,0.00018547140937800774,0,1628,0,1628
J_002053,33,0.0033,0.00018044203274066853,0,3102,1,1571
J_002054,32,0.0032,0.00020646795727290596,0,1565,2,1565
J_002055,31,0.0031,0.000166870240927863,0,1505,7,1505
J_002056,32,0.0032,0.00017509346018973994,0,1505,7,1505
J_002057,35,0.0035,0.0001900070257495455,0,3102,1,1571
J_002058,34,0.0034,0.0001873043130014731,0,3102,1,1571
J_002059,33,0.0033,0.0001788857074044616,0,3102,1,1571
J_002060,32,0.0032,0.0001911171914439574,0,1628,0,1628
J_002061,31,0.0031,0.0001721837631170934,0,1505,7,1505
J_002062,32,0.0032,0.00018404320647764916,0,1562,3,1562
J_002063,35,0.0035,0.00022769559017828356,0,1565,2,1565
J_002064,31,0.0031,0.00018801445985473564,0,1562,3,1562
J_002065,31,0.0031,0.00017179975602893432,0,3102,6,1531
J_002066,32,0.0032,0.0001841552088797171,0,1562,3,1562
J_002067,32,0.0032,0.00018502498076264002,0,3102,6,1531
J_002068,32,0.0032,0.00019159194412993194,0,1628,0,1628
J_002069,33,0.0033,0.00019761166510126566,0,1559,4,1559
J_002070,30,0.003,0.00017684249908881774,0,3102,6,1531
J_002071,31,0.0031,0.00019058671307045416,0,1628,0,1628
J_002072,32,0.0032,0.0001869276232848615,0,1562,3,1562
J_002073,33,0.0033,0.00021449510150020083,0,1565,2,1565
J_002074,36,0.0036,0.00019548382282971055,0,1505,7,1505
J_002075,30,0.003,0.0002012222056080395,0,1565,2,1565
J_002076,32,0.0032,0.00018671632244686174,0,1559,4,1559
J_002077,32,0.0032,0.00018252439640252746,0,3102,1,1571
J_002078,31,0.0031,0.00017713521712830706,0,3102,1,1571
J_002079,30,0.003,0.00016596483861299884,0,1505,7,1505
J_002080,34,0.0034,0.00019086208307092707,0,3102,6,1531
J_002081,32,0.0032,0.00019437746389783218,0,1562,3,1562
J_002082,31,0.0031,0.00017805332652591894,0,1559,4,1559
J_002083,31,0.0031,0.0001708156447840044,0,3102,6,1531
J_002084,33,0.0033,0.00019843530312831233,0,1628,0,1628
J_002085,31,0.0031,0.00018125276670831922,0,1505,7,1505
J_002086,31,0.0031,0.00017611030912739097,0,1505,7,1505
J_002087,32,0.0032,0.00019401263361091967,0,1628,0,1628
J_002088,32,0.0032,0.00018527065111098137,0,3102,6,1531
J_002089,33,0.0033,0.00018047167406067368,0,3102,6,1531
J_002090,31,0.0031,0.00020051343172415296,0,1565,2,1565
J_002091,30,0.003,0.00019517810602373152,0,1565,2,1565
J_002092,33,0.0033,0.00018802047448047214,0,1505,7,1505
J_002093,32,0.0032,0.0001798164150432286,0,3102,6,1531
J_002094,32,0.0032,0.00019216549906926958,0,1562,3,1562
J_002095,33,0.0033,0.000200001474564708,0,1550,5,1550
J_002096,31,0.0031,0.000194267802802627,0,1628,0,1628
J_002097,32,0.0032,0.00018726026657222726,0,1562,3,1562
J_002098,30,0.003,0.00019227822345473268,0,1565,2,1565
J_002099,31,0.0031,0.00017714818063132434,0,1505,7,1505
J_002100,32,0.0032,0.00019558762221928686,0,1550,5,1550
J_002101,31,0.0031,0.00018850802480713816,0,3102,1,1571
J_002102,32,0.0032,0.00020756637442845112,0,1565,2,1565
J_002103,32,0.0032,0.00018833962154612475,0,1562,3,1562
J_002104,34,0.0034,0.00019028797822065113,0,3102,1,1571
J_002105,32,0.0032,0.00020098576186231484,0,1565,2,1565
J_002106,31,0.0031,0.0002135620216276868,0,1565,2,1565
J_002107,33,0.0033,0.00020519255112920207,0,1628,0,1628
J_002108,31,0.0031,0.000173322252220659,0,3102,1,1571
J_002109,31,0.0031,0.00017836235748785846,0,3102,1,1571
J_002110,33,0.0033,0.00018437513603815074,0,1505,7,1505
J_002111,32,0.0032,0.00018578043491814645,0,1562,3,1562
J_002112,31,0.0031,0.0001891646562330261,0,1550,5,1550
J_002113,32,0.0032,0.00018148598667830766,0,3102,1,1571
J_002114,32,0.0032,0.000176507422316096,0,1505,7,1505
J_002115,32,0.0032,0.0001761199116392062,0,3102,6,1531
J_002116,32,0.0032,0.00018999748637823127,0,1559,4,1559
J_002117,33,0.0033,0.00018895964252661264,0,1562,3,1562
J_002118,34,0.0034,0.00018864242518760942,0,1505,7,1505
J_002119,33,0.0033,0.0002019171353399274,0,1550,5,1550
J_002120,34,0.0034,0.0001981336582616097,0,1628,0,1628
J_002121,32,0.0032,0.00020318003435790906,0,1565,2,1565
J_002122,33,0.0033,0.0001991345147488527,0,1628,0,1628
J_002123,33,0.0033,0.00018413276614429698,0,1505,7,1505
J_002124,34,0.0034,0.00019499550197322015,0,1562,3,1562
J_002125,31,0.0031,0.00019230559299825186,0,1550,5,1550
J_002126,32,0.0032,0.00018575808073258994,0,3102,6,1531
J_002127,33,0.0033,0.00019981656053781895,0,3102,6,1531
J_002128,32,0.0032,0.0001853828862947424,0,1505,7,1505
J_002129,33,0.0033,0.00019010689635611655,0,1562,3,1562
J_002130,32,0.0032,0.0001782561075888621,0,1505,7,1505
J_002131,31,0.0031,0.0001840646560057872,0,1562,3,1562
J_002132,31,0.0031,0.00018857242845234643,0,1562,3,1562
J_002133,32,0.0032,0.00020424039369700128,0,1565,2,1565
J_002134,33,0.0033,0.00019750082398912585,0,1559,4,1559
J_002135,32,0.0032,0.00020922194077930954,0,1565,2,1565
J_002136,31,0.0031,0.00018089231756037845,0,1562,3,1562
J_002137,31,0.0031,0.0001728625597977236,0,1559,4,1559
J_002138,31,0.0031,0.00017685055741900453,0,1505,7,1505
J_002139,33,0.0033,0.0002200694464494389,0,1565,2,1565
J_002140,31,0.0031,0.00019096419834211073,0,1550,5,1550
J_002141,32,0.0032,0.00019455214617693497,0,1559,4,1559
J_002142,31,0.0031,0.0001735061235444421,0,3102,1,1571
J_002143,35,0.0035,0.0002228029217263933,0,1565,2,1565
J_002144,32,0.0032,0.00018332368959592511,0,1562,3,1562
J_002145,32,0.0032,0.00018183172833248205,0,1505,7,1505
J_002146,32,0.0032,0.00019994878873000248,0,1628,0,1628
J_002147,30,0.003,0.00016883805885390104,0,1505,7,1505
J_002148,31,0.0031,0.0001696590983906783,0,1505,7,1505
J_002149,33,0.0033,0.00017785926005575928,0,3102,1,1571
J_002150,30,0.003,0.00017274696894747273,0,1505,7,1505
J_002151,32,0.0032,0.00021014837341137832,0,1565,2,1565
J_002152,34,0.0034,0.00018424765568304192,0,1505,7,1505
J_002153,34,0.0034,0.00018628881330272728,0,3102,6,1531
J_002154,30,0.003,0.00017822306774475772,0,1562,3,1562
J_002155,35,0.0035,0.00020837317698252196,0,1628,0,1628
J_002156,33,0.0033,0.00018853365064623576,0,1505,7,1505
J_002157,30,0.003,0.00019359858314423254,0,1550,5,1550
J_002158,31,0.0031,0.00018067079887726294,0,1562,3,1562
J_002159,31,0.0031,0.00018872299834680995,0,1559,4,1559
J_002160,33,0.0033,0.0001932421768426529,0,1562,3,1562
J_002161,32,0.0032,0.00020848746672346937,0,1550,5,1550
J_002162,33,0.0033,0.00018185338793048867,0,3102,6,1531
J_002163,31,0.0031,0.0001755027218645124,0,1559,4,1559
J_002164,31,0.0031,0.0001785075221416931,0,3102,6,1531
J_002165,32,0.0032,0.0001817279616047453,0,3102,6,1531
J_002166,33,0.0033,0.00021033781588357097,0,1565,2,1565
J_002167,32,0.0032,0.00020797847771738862,0,1565,2,1565
J_002168,33,0.0033,0.0001949273749979618,0,3102,1,1571
J_002169,32,0.0032,0.00018443230460292342,0,3102,6,1531
J_002170,30,0.003,0.00019458690118212378,0,1565,2,1565
J_002171,32,0.0032,0.00017852093272180205,0,3102,1,1571
J_002172,31,0.0031,0.0001860190291317387,0,1628,0,1628
J_002173,31,0.0031,0.00017564087719627446,0,3102,1,1571
J_002174,33,0.0033,0.00020809412639215787,0,1550,5,1550
J_002175,34,0.0034,0.0002077860215766974,0,1565,2,1565
J_002176,35,0.0035,0.00020359648811906395,0,1559,4,1559
J_002177,31,0.0031,0.0001971837089730791,0,1562,3,1562
J_002178,32,0.0032,0.0001759479883892444,0,1505,7,1505
J_002179,32,0.0032,0.00019456731927446123,0,3102,1,1571
J_002180,32,0.0032,0.00020549912768304086,0,1550,5,1550
J_002181,31,0.0031,0.0001800410802678773,0,1559,4,1559
J_002182,31,0.0031,0.000181612110644889,0,3102,6,1531
J_002183,36,0.0036,0.00020111962555802726,0,1505,7,1505
J_002184,34,0.0034,0.0001850955482145312,0,1505,7,1505
J_002185,32,0.0032,0.00019282433751776384,0,1562,3,1562
J_002186,32,0.0032,0.0001836099156770578,0,3102,6,1531
J_002187,31,0.0031,0.00020223007184882598,0,1565,2,1565
J_002188,35,0.0035,0.00019458612337931426,0,1505,7,1505
J_002189,35,0.0035,0.0001839803170893339,0,1505,7,1505
J_002190,31,0.0031,0.00019039141670056022,0,1550,5,1550
J_002191,31,0.0031,0.00017673603449014805,0,1505,7,1505
J_002192,35,0.0035,0.00020518749821159523,0,1550,5,1550
J_002193,31,0.0031,0.00017838175821130749,0,3102,6,1531
J_002194,31,0.0031,0.0001872485531770426,0,1559,4,1559
J_002195,33,0.0033,0.0001867503726799092,0,3102,1,1571
J_002196,32,0.0032,0.00018820058901287436,0,1562,3,1562
J_002197,31,0.0031,0.00017357012831609075,0,1505,7,1505
J_002198,32,0.0032,0.00019211728682367836,0,1559,4,1559
J_002199,32,0.0032,0.00020937995250872566,0,1550,5,1550
J_002200,31,0.0031,0.0001823889614345912,0,1628,0,1628
J_002201,32,0.0032,0.00017757743945256608,0,3102,1,1571
J_002202,30,0.003,0.00019211602267813692,0,1550,5,1550
J_002203,34,0.0034,0.00020262995525635743,0,1559,4,1559
J_002204,30,0.003,0.00016694091557777933,0,1505,7,1505
J_002205,32,0.0032,0.00017834883137466924,0,3102,1,1571
J_002206,32,0.0032,0.00019953511061342576,0,1559,4,1559
J_002207,36,0.0036,0.00021440754050634474,0,1550,5,1550
J_002208,33,0.0033,0.00019783428667289276,0,1628,0,1628
J_002209,33,0.0033,0.00018494343566810494,0,3102,1,1571
J_002210,35,0.0035,0.00019596233853457404,0,3102,1,1571
J_002211,31,0.0031,0.00018531642684398755,0,1559,4,1559
J_002212,35,0.0035,0.00018622353519305403,0,1505,7,1505
J_002213,33,0.0033,0.00020267427344566218,0,1565,2,1565
J_002214,30,0.003,0.00016890121531542294,0,1505,7,1505
J_002215,32,0.0032,0.00018200371433454578,0,3102,6,1531
J_002216,31,0.0031,0.0001862820793282231,0,1628,0,1628
J_002217,34,0.0034,0.0002050928769347422,0,1628,0,1628
J_002218,30,0.003,0.00018203501616343554,0,1562,3,1562
J_002219,32,0.0032,0.00018273727221137362,0,3102,6,1531
J_002220,31,0.0031,0.00017046100310617266,0,1505,7,1505
J_002221,33,0.0033,0.0002133872184476765,0,1550,5,1550
J_002222,32,0.0032,0.00019574476565710548,0,1559,4,1559
J_002223,32,0.0032,0.00017652520519427774,0,3102,6,1531
J_002224,35,0.0035,0.000203209559777334,0,1562,3,1562
J_002225,34,0.0034,0.0001978915541572657,0,1505,7,1505
J_002226,34,0.0034,0.0002007359092256971,0,1628,0,1628
J_002227,32,0.0032,0.00019098179242746678,0,1628,0,1628
J_002228,31,0.0031,0.00019154719942750023,0,1550,5,1550
J_002229,34,0.0034,0.00020996074101700676,0,1550,5,1550
J_002230,31,0.0031,0.00020089893032404978,0,1550,5,1550
J_002231,35,0.0035,0.00019101226207166578,0,3102,6,1531
J_002232,34,0.0034,0.00018371731727621815,0,3102,1,1571
J_002233,31,0.0031,0.0001877202622522177,0,1559,4,1559
J_002234,34,0.0034,0.0002091098607553955,0,1550,5,1550
J_002235,31,0.0031,0.0001809939091540089,0,1559,4,1559
J_002236,36,0.0036,0.00019578165619932032,0,3102,1,1571
J_002237,31,0.0031,0.00017838224148686066,0,3102,1,1571
J_002238,32,0.0032,0.00019574857673906244,0,1550,5,1550
J_002239,32,0.0032,0.0001801526867008233,0,3102,6,1531
J_002240,34,0.0034,0.00019753625528723571,0,3102,6,1531
J_002241,33,0.0033,0.00018837724766543638,0,1505,7,1505
J_002242,34,0.0034,0.00018566106391544867,0,1505,7,1505
J_002243,32,0.0032,0.00019328084520797207,0,1562,3,1562
J_002244,33,0.0033,0.00017510618372170727,0,1505,7,1505
J_002245,32,0.0032,0.00021498412467340863,0,1565,2,1565
J_002246,32,0.0032,0.00019033270789250414,0,1559,4,1559
J_002247,32,0.0032,0.00018286765223605062,0,3102,6,1531
J_002248,32,0.0032,0.00017338027156272014,0,3102,1,1571
J_002249,30,0.003,0.00016786775356167718,0,1505,7,1505
J_002250,32,0.0032,0.0001811972471111267,0,3102,6,1531
J_002251,34,0.0034,0.00020144277694042473,0,1550,5,1550
J_002252,31,0.0031,0.00019740560622867,0,1565,2,1565
J_002253,33,0.0033,0.000195784489377451,0,1562,3,1562
J_002254,32,0.0032,0.00019055103809976508,0,1628,0,1628
J_002255,32,0.0032,0.0002062651335489904,0,1565,2,1565
J_002256,32,0.0032,0.00018110380935237533,0,3102,1,1571
J_002257,33,0.0033,0.00020271542537540416,0,1562,3,1562
J_002258,32,0.0032,0.000225839986914357,0,1565,2,1565
J_002259,31,0.0031,0.00019810937555629748,0,1628,0,1628
J_002260,32,0.0032,0.0001971261691253532,0,1550,5,1550
J_002261,33,0.0033,0.0001863075186347507,0,3102,1,1571
J_002262,32,0.0032,0.00019916751035326373,0,1559,4,1559
J_002263,32,0.0032,0.00019438292875800152,0,1562,3,1562
J_002264,33,0.0033,0.0001958011505460173,0,1559,4,1559
J_002265,31,0.0031,0.00017675934246295393,0,1505,7,1505
J_002266,33,0.0033,0.00018057758853073973,0,3102,1,1571
J_002267,32,0.0032,0.00019176858989741576,0,1562,3,1562
J_002268,32,0.0032,0.0001909026882261685,0,3102,1,1571
J_002269,30,0.003,0.00018381853340117493,0,1562,3,1562
J_002270,30,0.003,0.00016904311143214982,0,1562,3,1562
J_002271,32,0.0032,0.0001805984808651731,0,3102,6,1531
J_002272,33,0.0033,0.00021493640380773442,0,1550,5,1550
J_002273,33,0.0033,0.0001913142746664396,0,1562,3,1562
J_002274,32,0.0032,0.00017699325461017012,0,3102,1,1571
J_002275,32,0.0032,0.00018367779321275076,0,3102,1,1571
J_002276,32,0.0032,0.0001950774530551742,0,1628,0,1628
J_002277,33,0.0033,0.00019316653126126037,0,3102,1,1571
J_002278,32,0.0032,0.00017755153696017047,0,3102,1,1571
J_002279,31,0.0031,0.00017718271261428633,0,3102,6,1531
J_002280,36,0.0036,0.00020094840044233172,0,1559,4,1559
J_002281,32,0.0032,0.0002114227821148548,0,1565,2,1565
J_002282,31,0.0031,0.00018783372459258224,0,1562,3,1562
J_002283,32,0.0032,0.00018568052179188254,0,3102,6,1531
J_002284,32,0.0032,0.00018691744960969668,0,1559,4,1559
J_002285,33,0.0033,0.00018175426195197046,0,3102,1,1571
J_002286,32,0.0032,0.00019241850774497633,0,1562,3,1562
J_002287,33,0.0033,0.00019464711355144298,0,1628,0,1628
J_002288,33,0.0033,0.0001987747656684461,0,1628,0,1628
J_002289,31,0.0031,0.00017499626394885498,0,1505,7,1505
J_002290,33,0.0033,0.00018802052226156557,0,3102,6,1531
J_002291,34,0.0034,0.0001910171692074131,0,3102,6,1531
J_002292,33,0.0033,0.00021734975934628923,0,1565,2,1565
J_002293,33,0.0033,0.00017678575981563337,0,1505,7,1505
J_002294,31,0.0031,0.00017295208056396696,0,3102,6,1531
J_002295,33,0.0033,0.00018451703613987786,0,3102,6,1531
J_002296,33,0.0033,0.0001904495001810312,0,1505,7,1505
J_002297,31,0.0031,0.00018010283350418577,0,3102,6,1531
J_002298,33,0.0033,0.0002021545647707703,0,1628,0,1628
J_002299,32,0.0032,0.00018947253242441935,0,1628,0,1628
J_002300,32,0.0032,0.0001744824230812129,0,3102,1,1571
J_002301,30,0.003,0.00017827691988339588,0,1628,0,1628
J_002302,31,0.0031,0.0001822724416892972,0,1562,3,1562
J_002303,31,0.0031,0.00018800460958935786,0,1562,3,1562
J_002304,33,0.0033,0.00020175577589652788,0,1628,0,1628
J_002305,33,0.0033,0.00019148654692844255,0,1559,4,1559
J_002306,32,0.0032,0.00019108072106520306,0,1559,4,1559
J_002307,32,0.0032,0.00017428393427551417,0,1505,7,1505
J_002308,32,0.0032,0.00017238498199341232,0,3102,6,1531
J_002309,31,0.0031,0.00018753036383969808,0,1559,4,1559
J_002310,33,0.0033,0.0001921794557444752,0,1562,3,1562
J_002311,33,0.0033,0.00020984029026635371,0,1565,2,1565
J_002312,34,0.0034,0.00018291955356096362,0,3102,1,1571
J_002313,31,0.0031,0.00020063122554035934,0,1565,2,1565
J_002314,31,0.0031,0.00018176741652583815,0,1559,4,1559
J_002315,32,0.0032,0.00017848054234849263,0,1505,7,1505
J_002316,30,0.003,0.00018280730189563577,0,1628,0,1628
J_002317,33,0.0033,0.00017962307899467128,0,1505,7,1505
J_002318,33,0.0033,0.0002130112254276002,0,1565,2,1565
J_002319,32,0.0032,0.00020227880361326178,0,1565,2,1565
J_002320,32,0.0032,0.0001773651150489845,0,3102,1,1571
J_002321,33,0.0033,0.00021406185649936978,0,1550,5,1550
J_002322,31,0.0031,0.0001728242892730974,0,3102,1,1571
J_002323,33,0.0033,0.00018687219611310366,0,1505,7,1505
J_002324,32,0.0032,0.00021161428134723286,0,1565,2,1565
J_002325,33,0.0033,0.00020342601556439923,0,1628,0,1628
J_002326,33,0.0033,0.0001794600355311505,0,3102,6,1531
J_002327,31,0.0031,0.00020289247875343396,0,1628,0,1628
J_002328,34,0.0034,0.00019276547921749014,0,1559,4,1559
J_002329,34,0.0034,0.0001827281997683222,0,3102,1,1571
J_002330,34,0.0034,0.00021007567309027955,0,1565,2,1565
J_002331,35,0.0035,0.0001955126137583239,0,3102,1,1571
J_002332,32,0.0032,0.00020194100723146526,0,1559,4,1559
J_002333,32,0.0032,0.0001951295700347736,0,1559,4,1559
J_002334,32,0.0032,0.00020544432678061311,0,1565,2,1565
J_002335,34,0.0034,0.00020571971168561627,0,3102,6,1531
J_002336,31,0.0031,0.00018612407304581305,0,1628,0,1628
J_002337,31,0.0031,0.00017484801845958034,0,3102,1,1571
J_002338,31,0.0031,0.00017903016679770404,0,3102,1,1571
J_002339,30,0.003,0.00016900823973743819,0,3102,1,1571
J_002340,32,0.0032,0.00020641302435425406,0,1565,2,1565
J_002341,33,0.0033,0.00018495606369838073,0,3102,6,1531
J_002342,30,0.003,0.00017703260940090318,0,1559,4,1559
J_002343,34,0.0034,0.00018805842130725127,0,1505,7,1505
J_002344,31,0.0031,0.00018154879979699105,0,1559,4,1559
J_002345,32,0.0032,0.00018936313780458327,0,1550,5,1550
J_002346,33,0.0033,0.0001959206826932014,0,1559,4,1559
J_002347,34,0.0034,0.0002081205765920389,0,1550,5,1550
J_002348,31,0.0031,0.0001786094592668804,0,1505,7,1505
J_002349,34,0.0034,0.0001853247830442662,0,3102,6,1531
J_002350,33,0.0033,0.00018461179757829524,0,3102,6,1531
J_002351,31,0.0031,0.00018595120334737736,0,1628,0,1628
J_002352,31,0.0031,0.00017938516252963144,0,1559,4,1559
J_002353,32,0.0032,0.00018811566599254877,0,3102,6,1531
J_002354,33,0.0033,0.00018970696301640017,0,3102,6,1531
J_002355,32,0.0032,0.00018056301317256323,0,3102,1,1571
J_002356,32,0.0032,0.00020531222992752998,0,1550,5,1550
J_002357,32,0.0032,0.00018368469747100148,0,1559,4,1559
J_002358,33,0.0033,0.00018972662753488387,0,1559,4,1559
J_002359,34,0.0034,0.0001829804017369068,0,1505,7,1505
J_002360,35,0.0035,0.0001873490207287411,0,1505,7,1505
J_002361,31,0.0031,0.0001822385440975806,0,1559,4,1559
J_002362,34,0.0034,0.00022911108718997933,0,1565,2,1565
J_002363,31,0.0031,0.0001807067745421151,0,3102,6,1531
J_002364,31,0.0031,0.00018226262233722948,0,3102,1,1571
J_002365,30,0.003,0.0001754050161422192,0,1505,7,1505
J_002366,33,0.0033,0.00019118411976544258,0,1559,4,1559
J_002367,31,0.0031,0.00018809792110946027,0,1628,0,1628
J_002368,31,0.0031,0.00017456504399683326,0,1505,7,1505
J_002369,33,0.0033,0.00018321957481769703,0,1505,7,1505
J_002370,30,0.003,0.0001610817206867515,0,1505,7,1505
J_002371,30,0.003,0.00018767695310270858,0,1550,5,1550
J_002372,34,0.0034,0.00019508010039783426,0,1559,4,1559
J_002373,32,0.0032,0.00018959002348366234,0,1550,5,1550
J_002374,32,0.0032,0.0001851292783553971,0,1559,4,1559
J_002375,30,0.003,0.00020106322148501888,0,1565,2,1565
J_002376,34,0.0034,0.00021492824269131114,0,1565,2,1565
J_002377,32,0.0032,0.0001780860829033575,0,1505,7,1505
J_002378,32,0.0032,0.00018443047713855286,0,3102,6,1531
J_002379,31,0.0031,0.00017724953242735796,0,3102,6,1531
J_002380,31,0.0031,0.00017155332412450522,0,1505,7,1505
J_002381,32,0.0032,0.00017834140339218036,0,3102,1,1571
J_002382,33,0.0033,0.0001960148394240595,0,1628,0,1628
J_002383,32,0.0032,0.0001771189189051374,0,3102,1,1571
J_002384,31,0.0031,0.00018607549192171108,0,1559,4,1559
J_002385,34,0.0034,0.00019144900159310637,0,1505,7,1505
J_002386,33,0.0033,0.00020452189480248435,0,1562,3,1562
J_002387,31,0.0031,0.00018928995610811074,0,1559,4,1559
J_002388,33,0.0033,0.0001824463647520026,0,3102,1,1571
J_002389,33,0.0033,0.00019846688968602267,0,1562,3,1562
J_002390,34,0.0034,0.00019444720951051057,0,3102,6,1531
J_002391,35,0.0035,0.0002139146294818832,0,1628,0,1628
J_002392,34,0.0034,0.0001970786410621273,0,1505,7,1505
J_002393,32,0.0032,0.00020011846323763006,0,1565,2,1565
J_002394,30,0.003,0.00017447519587414058,0,1505,7,1505
J_002395,32,0.0032,0.00018261860006563036,0,1559,4,1559
J_002396,32,0.0032,0.0001760481077993157,0,3102,6,1531
J_002397,31,0.0031,0.00019459731902668598,0,1550,5,1550
J_002398,35,0.0035,0.0001910419993487537,0,3102,6,1531
J_002399,33,0.0033,0.00019675048646294375,0,1550,5,1550
J_002400,31,0.0031,0.00017578757960328556,0,3102,6,1531
J_002401,34,0.0034,0.00018254566923039153,0,3102,6,1531
J_002402,32,0.0032,0.00018350447176078785,0,3102,6,1531
J_002403,31,0.0031,0.00018318368249468393,0,1559,4,1559
J_002404,33,0.0033,0.00019253695627925344,0,3102,6,1531
J_002405,31,0.0031,0.0001756577869095358,0,3102,6,1531
J_002406,33,0.0033,0.00019255147556890008,0,1562,3,1562
J_002407,33,0.0033,0.00020037090629131666,0,1550,5,1550
J_002408,31,0.0031,0.0001907294045762598,0,1565,2,1565
J_002409,33,0.0033,0.00019728880952755951,0,3102,6,1531
J_002410,31,0.0031,0.00018714379079269244,0,3102,6,1531
J_002411,31,0.0031,0.00018522242722277807,0,1559,4,1559
J_002412,33,0.0033,0.00018658243350240346,0,1559,4,1559
J_002413,33,0.0033,0.00020435410489507715,0,1562,3,1562
J_002414,32,0.0032,0.0001900904689504285,0,1628,0,1628
J_002415,34,0.0034,0.00020589101287342142,0,1550,5,1550
J_002416,33,0.0033,0.00019399014801706405,0,1628,0,1628
J_002417,34,0.0034,0.00021005277503380296,0,1565,2,1565
J_002418,34,0.0034,0.00020959670508980497,0,1628,0,1628
J_002419,31,0.0031,0.00018399668183680698,0,1550,5,1550
J_002420,34,0.0034,0.00020985828174602475,0,1565,2,1565
J_002421,33,0.0033,0.00020082454381553855,0,1562,3,1562
J_002422,32,0.0032,0.00019831224463634855,0,1565,2,1565
J_002423,35,0.0035,0.00019635345907351534,0,1505,7,1505
J_002424,32,0.0032,0.000179144692651813,0,1505,7,1505
J_002425,31,0.0031,0.00018552429616272497,0,1559,4,1559
J_002426,32,0.0032,0.00020269715725041663,0,1565,2,1565
J_002427,30,0.003,0.0001725835703793416,0,1562,3,1562
J_002428,30,0.003,0.0001809981413715031,0,1628,0,1628
J_002429,31,0.0031,0.00021486371962083043,0,1565,2,1565
J_002430,35,0.0035,0.00019913601756094221,0,1559,4,1559
J_002431,34,0.0034,0.00019689695801282852,0,1505,7,1505
J_002432,32,0.0032,0.00018866659147652887,0,1559,4,1559
J_002433,32,0.0032,0.00018470669388157056,0,1562,3,1562
J_002434,32,0.0032,0.00017536006835967198,0,3102,6,1531
J_002435,32,0.0032,0.00019001600667836518,0,1628,0,1628
J_002436,33,0.0033,0.00020445837802092308,0,1550,5,1550
J_002437,32,0.0032,0.00018516483837429005,0,1562,3,1562
J_002438,33,0.0033,0.00019610134033326717,0,1628,0,1628
J_002439,32,0.0032,0.00017548359392514573,0,3102,1,1571
J_002440,32,0.0032,0.00019036987221953414,0,3102,1,1571
J_002441,31,0.0031,0.00017386644643816514,0,3102,6,1531
J_002442,32,0.0032,0.00020558673463863907,0,1550,5,1550
J_002443,32,0.0032,0.00018916836339596664,0,1628,0,1628
J_002444,32,0.0032,0.00018759214148728496,0,1562,3,1562
J_002445,35,0.0035,0.0001910105719284594,0,1505,7,1505
J_002446,36,0.0036,0.00021443542211501746,0,1550,5,1550
J_002447,31,0.0031,0.00019424280828733584,0,1550,5,1550
J_002448,31,0.0031,0.00020693068516672804,0,1565,2,1565
J_002449,34,0.0034,0.00018913692993647322,0,3102,6,1531
J_002450,35,0.0035,0.00019402275051050665,0,3102,1,1571
J_002451,31,0.0031,0.00019908397339274316,0,1562,3,1562
J_002452,32,0.0032,0.0002059020887479908,0,1550,5,1550
J_002453,33,0.0033,0.00019558474655691725,0,1628,0,1628
J_002454,32,0.0032,0.00018286382405676506,0,3102,1,1571
J_002455,33,0.0033,0.0001895976777745985,0,1562,3,1562
J_002456,32,0.0032,0.00019213092542691402,0,1550,5,1550
J_002457,31,0.0031,0.00019058224327178446,0,1628,0,1628
J_002458,30,0.003,0.00018071241967681899,0,1562,3,1562
J_002459,33,0.0033,0.0001887311824269721,0,1559,4,1559
J_002460,31,0.0031,0.0001941372706015607,0,1565,2,1565
J_002461,35,0.0035,0.00019096195882351425,0,3102,6,1531
J_002462,31,0.0031,0.00017988962756770497,0,1559,4,1559
J_002463,31,0.0031,0.00018960456012143752,0,1628,0,1628
J_002464,30,0.003,0.000177482880753166,0,3102,1,1571
J_002465,32,0.0032,0.00020932026049518926,0,1550,5,1550
J_002466,31,0.0031,0.00018093935913801598,0,1505,7,1505
J_002467,31,0.0031,0.0001870494070782073,0,3102,6,1531
J_002468,31,0.0031,0.00017500031154683358,0,3102,6,1531
J_002469,33,0.0033,0.0001858256626856824,0,3102,6,1531
J_002470,34,0.0034,0.00021664955024840987,0,1550,5,1550
J_002471,33,0.0033,0.0001800615725945253,0,3102,1,1571
J_002472,31,0.0031,0.0001776573406295418,0,1505,7,1505
J_002473,34,0.0034,0.00021047085430601608,0,1550,5,1550
J_002474,30,0.003,0.00016695238016302782,0,1505,7,1505
J_002475,32,0.0032,0.0002153337024698904,0,1565,2,1565
J_002476,31,0.0031,0.00018480371789552134,0,1628,0,1628
J_002477,31,0.0031,0.00017253066133718765,0,3102,6,1531
J_002478,32,0.0032,0.00019838713161999494,0,1628,0,1628
J_002479,34,0.0034,0.00018207462705464327,0,3102,6,1531
J_002480,31,0.0031,0.00016768510250977616,0,1505,7,1505
J_002481,31,0.0031,0.00018933327468869857,0,3102,6,1531
J_002482,38,0.0038,0.00021204947007068918,0,1562,3,1562
J_002483,33,0.0033,0.00020486295266570228,0,1628,0,1628
J_002484,33,0.0033,0.00019883852418969437,0,1562,3,1562
J_002485,33,0.0033,0.00020132164862101643,0,1562,3,1562
J_002486,31,0.0031,0.00018193426520820278,0,3102,1,1571
J_002487,31,0.0031,0.00017379341248993923,0,1505,7,1505
J_002488,34,0.0034,0.0001920753440977561,0,1559,4,1559
J_002489,38,0.0038,0.00020845332548777052,0,1505,7,1505
J_002490,31,0.0031,0.0001671482659630454,0,3102,1,1571
J_002491,31,0.0031,0.00018148128361316474,0,1628,0,1628
J_002492,36,0.0036,0.0001922466998640527,0,3102,6,1531
J_002493,30,0.003,0.00016570600739943353,0,3102,1,1571
J_002494,31,0.0031,0.00018045200307642662,0,3102,1,1571
J_002495,33,0.0033,0.00019451936457433514,0,1550,5,1550
J_002496,33,0.0033,0.00019585451049740113,0,1559,4,1559
J_002497,33,0.0033,0.00020758151953542995,0,1565,2,1565
J_002498,30,0.003,0.00019669597097631025,0,1565,2,1565
J_002499,32,0.0032,0.00018488349674320644,0,1628,0,1628
