resume_id,degree,bipartite_degree_centrality,pagerank,is_isolate,component_size,community_global,community_size,n_skills,n_skill_communities,dominant_skill_community,dominant_skill_community_count,dominant_skill_community_share,skill_community_entropy,skill_community_entropy_normalized
R_000000,6,0.0024,4.490471786818803e-05,0,1628,0,1628,7,1,3,7,1.0,-0.0,0.0
R_000001,9,0.0036,6.258890372727432e-05,0,1550,5,1550,5,1,0,5,1.0,-0.0,0.0
R_000002,9,0.0036,6.089425726091813e-05,0,1628,0,1628,6,1,3,6,1.0,-0.0,0.0
R_000003,6,0.0024,4.428091751162288e-05,0,1562,3,1562,6,2,6,5,0.8333333333333334,0.4505612088663046,0.6500224216483541
R_000004,5,0.002,3.884068941639369e-05,0,1562,3,1562,5,1,6,5,1.0,-0.0,0.0
R_000005,8,0.0032,5.3063561012183185e-05,0,3102,1,1571,7,4,7,3,0.4285714285714285,1.277034259466139,0.9211854965885544
R_000006,19,0.0076,0.00011289533176849963,0,1559,4,1559,7,1,1,7,1.0,-0.0,0.0
R_000007,4,0.0016,3.2304541534487406e-05,0,1505,7,1505,5,1,4,5,1.0,-0.0,0.0
R_000008,10,0.004,6.228632086576368e-05,0,1505,7,1505,8,1,4,8,1.0,-0.0,0.0
R_000009,9,0.0036,6.122063234077076e-05,0,1628,0,1628,7,1,3,7,1.0,-0.0,0.0
R_000010,8,0.0032,5.4944035849886334e-05,0,1559,4,1559,7,1,1,7,1.0,-0.0,0.0
R_000011,8,0.0032,5.6896784759952034e-05,0,1628,0,1628,8,1,3,8,1.0,-0.0,0.0
R_000012,13,0.0052,8.357535023883712e-05,0,1628,0,1628,8,1,3,8,1.0,-0.0,0.0
R_000013,11,0.0044,7.621485047640794e-05,0,1565,2,1565,8,2,5,7,0.875,0.3767701612564367,0.5435644431995964
R_000014,8,0.0032,5.8824571214999676e-05,0,1565,2,1565,8,2,5,7,0.875,0.3767701612564367,0.5435644431995964
R_000015,3,0.0012,2.7435730669634752e-05,0,3102,1,1571,5,3,7,3,0.6,0.9502705392332348,0.8649735207179272
R_000016,19,0.0076,0.00011369149898024919,0,1559,4,1559,8,1,1,8,1.0,-0.0,0.0
R_000017,11,0.0044,6.831069133745088e-05,0,3102,6,1531,7,1,2,7,1.0,-0.0,0.0
R_000018,2,0.0008,2.3834437796433677e-05,0,1550,5,1550,5,1,0,5,1.0,-0.0,0.0
R_000019,11,0.0044,7.249922975244356e-05,0,1562,3,1562,6,3,6,4,0.6666666666666666,0.8675632284814612,0.7896900821428474
R_000020,9,0.0036,6.334325654070069e-05,0,1550,5,1550,6,1,0,6,1.0,-0.0,0.0
R_000021,6,0.0024,4.5814648059237884e-05,0,1550,5,1550,8,1,0,8,1.0,-0.0,0.0
R_000022,10,0.004,6.679661857503523e-05,0,1628,0,1628,7,1,3,7,1.0,-0.0,0.0
R_000023,7,0.0028,4.824006497535972e-05,0,3102,6,1531,6,1,2,6,1.0,-0.0,0.0
R_000024,8,0.0032,5.769204766020325e-05,0,1565,2,1565,5,1,5,5,1.0,-0.0,0.0
R_000025,7,0.0028,4.966351356894978e-05,0,1562,3,1562,7,2,6,6,0.8571428571428571,0.410116318288409,0.5916727785823274
R_000026,13,0.0052,8.35775541153701e-05,0,1628,0,1628,8,1,3,8,1.0,-0.0,0.0
R_000027,11,0.0044,7.240805393756141e-05,0,1628,0,1628,8,1,3,8,1.0,-0.0,0.0
R_000028,4,0.0016,3.358442227352372e-05,0,1559,4,1559,6,1,1,6,1.0,-0.0,0.0
R_000029,11,0.0044,6.71649913374578e-05,0,1505,7,1505,8,1,4,8,1.0,-0.0,0.0
R_000030,7,0.0028,4.8518247564762864e-05,0,3102,6,1531,7,1,2,7,1.0,-0.0,0.0
R_000031,8,0.0032,5.293494807968898e-05,0,3102,1,1571,8,3,7,5,0.625,0.9002560512685369,0.8194483718728035
R_000032,6,0.0024,4.251353886953253e-05,0,1505,7,1505,5,1,4,5,1.0,-0.0,0.0
R_000033,6,0.0024,4.694597681828433e-05,0,1565,2,1565,7,1,5,7,1.0,-0.0,0.0
R_000034,4,0.0016,3.2824569943631315e-05,0,3102,1,1571,6,4,2,2,0.3333333333333333,1.3296613488547582,0.9591479170272448
R_000035,12,0.0048,7.784651772375358e-05,0,1628,0,1628,7,1,3,7,1.0,-0.0,0.0
R_000036,9,0.0036,5.7572121020867424e-05,0,1505,7,1505,8,1,4,8,1.0,-0.0,0.0
R_000037,13,0.0052,8.592014225959481e-05,0,1550,5,1550,8,1,0,8,1.0,-0.0,0.0
R_000038,10,0.004,6.629461876747225e-05,0,1628,0,1628,8,1,3,8,1.0,-0.0,0.0
R_000039,9,0.0036,5.768018563772699e-05,0,1505,7,1505,8,1,4,8,1.0,-0.0,0.0
R_000040,7,0.0028,5.096500457517998e-05,0,1550,5,1550,8,1,0,8,1.0,-0.0,0.0
R_000041,3,0.0012,2.8252984787239216e-05,0,1562,3,1562,6,2,6,5,0.8333333333333334,0.4505612088663046,0.6500224216483541
R_000042,7,0.0028,5.019787487027804e-05,0,1628,0,1628,8,1,3,8,1.0,-0.0,0.0
R_000043,3,0.0012,2.9187516046837183e-05,0,1550,5,1550,5,1,0,5,1.0,-0.0,0.0
R_000044,7,0.0028,4.785592052140743e-05,0,3102,6,1531,7,1,2,7,1.0,-0.0,0.0
R_000045,7,0.0028,4.97623253809571e-05,0,1562,3,1562,8,3,6,6,0.75,0.7356219397587946,0.6695919455357792
R_000046,6,0.0024,4.7025581837378575e-05,0,1565,2,1565,5,2,5,4,0.8,0.5004024235381879,0.7219280948873623
R_000047,10,0.004,6.650007802747333e-05,0,1562,3,1562,6,3,6,4,0.6666666666666666,0.8675632284814612,0.7896900821428474
R_000048,5,0.002,4.2060208300331926e-05,0,1565,2,1565,7,2,5,6,0.8571428571428571,0.410116318288409,0.5916727785823274
R_000049,13,0.0052,8.234054714542852e-05,0,1562,3,1562,7,2,6,6,0.8571428571428571,0.410116318288409,0.5916727785823274
R_000050,3,0.0012,2.7601498337290997e-05,0,3102,1,1571,5,4,2,2,0.4,1.3321790402101223,0.9609640474436812
R_000051,3,0.0012,2.8994482030712126e-05,0,1550,5,1550,6,1,0,6,1.0,-0.0,0.0
R_000052,12,0.0048,7.755087376805102e-05,0,1628,0,1628,8,1,3,8,1.0,-0.0,0.0
R_000053,8,0.0032,5.354635012977966e-05,0,3102,1,1571,7,3,7,4,0.5714285714285714,0.9556998911125344,0.8699155297736259
R_000054,7,0.0028,4.817007898352422e-05,0,1505,7,1505,5,1,4,5,1.0,-0.0,0.0
R_000055,12,0.0048,7.792119584725103e-05,0,1628,0,1628,7,1,3,7,1.0,-0.0,0.0
R_000056,11,0.0044,7.684160452893008e-05,0,1565,2,1565,6,2,5,5,0.8333333333333334,0.4505612088663046,0.6500224216483541
R_000057,4,0.0016,3.3626381317948814e-05,0,1559,4,1559,5,1,1,5,1.0,-0.0,0.0
R_000058,3,0.0012,2.7791344978734827e-05,0,3102,6,1531,5,1,2,5,1.0,-0.0,0.0
R_000059,5,0.002,3.862497827183654e-05,0,1559,4,1559,5,1,1,5,1.0,-0.0,0.0
R_000060,7,0.0028,5.198883446372352e-05,0,1550,5,1550,6,1,0,6,1.0,-0.0,0.0
R_000061,10,0.004,6.872606071038796e-05,0,1550,5,1550,7,1,0,7,1.0,-0.0,0.0
R_000062,12,0.0048,7.366395659481656e-05,0,3102,6,1531,8,1,2,8,1.0,-0.0,0.0
R_000063,2,0.0008,2.336972220046907e-05,0,1559,4,1559,5,1,1,5,1.0,-0.0,0.0
R_000064,3,0.0012,2.8849203108854836e-05,0,1628,0,1628,7,1,3,7,1.0,-0.0,0.0
R_000065,3,0.0012,2.8406341501469564e-05,0,1559,4,1559,5,1,1,5,1.0,-0.0,0.0
R_000066,1,0.0004,1.7972914162618793e-05,0,1550,5,1550,5,1,0,5,1.0,-0.0,0.0
R_000067,4,0.0016,3.545537773059043e-05,0,1565,2,1565,5,1,5,5,1.0,-0.0,0.0
R_000068,10,0.004,6.391921536141731e-05,0,3102,6,1531,8,1,2,8,1.0,-0.0,0.0
R_000069,3,0.0012,2.8317673842442484e-05,0,1559,4,1559,5,1,1,5,1.0,-0.0,0.0
R_000070,9,0.0036,6.166061934900984e-05,0,1628,0,1628,8,1,3,8,1.0,-0.0,0.0
R_000071,7,0.0028,5.159759406256227e-05,0,1550,5,1550,7,1,0,7,1.0,-0.0,0.0
R_000072,15,0.006,0.00010073133844128672,0,1565,2,1565,8,2,5,7,0.875,0.3767701612564367,0.5435644431995964
R_000073,10,0.004,6.220760405376088e-05,0,1505,7,1505,8,1,4,8,1.0,-0.0,0.0
R_000074,5,0.002,3.873002967768372e-05,0,1559,4,1559,5,1,1,5,1.0,-0.0,0.0
R_000075,11,0.0044,6.847377926135243e-05,0,3102,6,1531,7,1,2,7,1.0,-0.0,0.0
R_000076,4,0.0016,3.3222450052105875e-05,0,3102,6,1531,6,1,2,6,1.0,-0.0,0.0
R_000077,12,0.0048,7.3422958608925e-05,0,3102,1,1571,6,3,7,4,0.6666666666666666,0.8675632284814612,0.7896900821428474
R_000078,4,0.0016,3.4773500297220515e-05,0,1550,5,1550,6,1,0,6,1.0,-0.0,0.0
R_000079,13,0.0052,7.930296586187104e-05,0,3102,1,1571,7,4,7,4,0.5714285714285714,1.1537419427010902,0.8322488896002307
R_000080,6,0.0024,4.253339893986209e-05,0,3102,1,1571,7,3,7,5,0.7142857142857143,0.796311640173813,0.7248340915057598
R_000081,11,0.0044,6.969605305624447e-05,0,3102,6,1531,6,1,2,6,1.0,-0.0,0.0
R_000082,6,0.0024,4.2560585939442405e-05,0,1505,7,1505,5,1,4,5,1.0,-0.0,0.0
R_000083,5,0.002,3.7670994303996394e-05,0,3102,6,1531,5,1,2,5,1.0,-0.0,0.0
R_000084,14,0.0056,8.235573649219406e-05,0,1505,7,1505,7,1,4,7,1.0,-0.0,0.0
R_000085,5,0.002,4.144856916975403e-05,0,1565,2,1565,8,2,5,7,0.875,0.3767701612564367,0.5435644431995964
R_000086,5,0.002,3.789383756786363e-05,0,1505,7,1505,6,1,4,6,1.0,-0.0,0.0
R_000087,9,0.0036,6.55280861380958e-05,0,1565,2,1565,7,2,5,6,0.8571428571428571,0.410116318288409,0.5916727785823274
R_000088,8,0.0032,5.2738602678031825e-05,0,1505,7,1505,5,1,4,5,1.0,-0.0,0.0
R_000089,6,0.0024,4.4407669259111065e-05,0,1559,4,1559,6,1,1,6,1.0,-0.0,0.0
R_000090,8,0.0032,5.285785513627067e-05,0,1505,7,1505,6,1,4,6,1.0,-0.0,0.0
R_000091,5,0.002,3.838473776285625e-05,0,3102,1,1571,6,3,7,4,0.6666666666666666,0.8675632284814612,0.7896900821428474
R_000092,3,0.0012,2.9211696154207274e-05,0,1550,5,1550,5,1,0,5,1.0,-0.0,0.0
R_000093,9,0.0036,5.854573479647146e-05,0,1505,7,1505,7,1,4,7,1.0,-0.0,0.0
R_000094,7,0.0028,4.775681384891001e-05,0,3102,6,1531,7,1,2,7,1.0,-0.0,0.0
R_000095,4,0.0016,3.409582222980312e-05,0,1628,0,1628,5,1,3,5,1.0,-0.0,0.0
R_000096,6,0.0024,4.309205764709273e-05,0,1505,7,1505,7,1,4,7,1.0,-0.0,0.0
R_000097,6,0.0024,4.427070522496371e-05,0,1559,4,1559,6,1,1,6,1.0,-0.0,0.0
R_000098,4,0.0016,3.232337583196024e-05,0,3102,1,1571,7,4,7,4,0.5714285714285714,1.1537419427010902,0.8322488896002307
R_000099,5,0.002,4.044881537327578e-05,0,1550,5,1550,5,1,0,5,1.0,-0.0,0.0
R_000100,10,0.004,6.301547157047282e-05,0,3102,1,1571,6,3,7,3,0.5,1.0114042647073518,0.920619835714305
R_000101,8,0.0032,5.289689051800566e-05,0,3102,1,1571,6,3,7,4,0.6666666666666666,0.8675632284814612,0.7896900821428474
R_000102,5,0.002,3.771739577158023e-05,0,3102,1,1571,5,1,7,5,1.0,-0.0,0.0
R_000103,14,0.0056,8.274398054986849e-05,0,1505,7,1505,7,1,4,7,1.0,-0.0,0.0
R_000104,3,0.0012,2.8297113526298886e-05,0,1628,0,1628,5,1,3,5,1.0,-0.0,0.0
R_000105,12,0.0048,7.369185815309569e-05,0,3102,1,1571,8,4,7,4,0.5,1.2130075659799042,0.875
R_000106,6,0.0024,4.680728988493345e-05,0,1565,2,1565,6,2,5,5,0.8333333333333334,0.4505612088663046,0.6500224216483541
R_000107,7,0.0028,4.802562766990183e-05,0,1505,7,1505,6,1,4,6,1.0,-0.0,0.0
R_000108,4,0.0016,3.396255583187576e-05,0,1562,3,1562,6,3,6,4,0.6666666666666666,0.8675632284814612,0.7896900821428474
R_000109,16,0.0064,9.938803128522326e-05,0,1628,0,1628,8,1,3,8,1.0,-0.0,0.0
R_000110,10,0.004,6.318639353634403e-05,0,3102,1,1571,7,3,7,5,0.7142857142857143,0.796311640173813,0.7248340915057598
R_000111,2,0.0008,2.3292586002063707e-05,0,1559,4,1559,5,1,1,5,1.0,-0.0,0.0
R_000112,12,0.0048,7.339046377315444e-05,0,1505,7,1505,8,1,4,8,1.0,-0.0,0.0
R_000113,7,0.0028,4.7299012220934126e-05,0,1505,7,1505,6,1,4,6,1.0,-0.0,0.0
R_000114,8,0.0032,5.675339593277378e-05,0,1550,5,1550,5,1,0,5,1.0,-0.0,0.0
R_000115,11,0.0044,7.201538520140852e-05,0,1628,0,1628,7,1,3,7,1.0,-0.0,0.0
R_000116,3,0.0012,2.9397489339216727e-05,0,1550,5,1550,7,1,0,7,1.0,-0.0,0.0
R_000117,4,0.0016,3.4470035152588035e-05,0,1628,0,1628,6,1,3,6,1.0,-0.0,0.0
R_000118,12,0.0048,7.289436148726738e-05,0,1505,7,1505,8,1,4,8,1.0,-0.0,0.0
R_000119,4,0.0016,3.5190642197740726e-05,0,1550,5,1550,6,1,0,6,1.0,-0.0,0.0
R_000120,11,0.0044,7.124995692079862e-05,0,1559,4,1559,7,1,1,7,1.0,-0.0,0.0
R_000121,3,0.0012,2.8349024140682545e-05,0,1562,3,1562,6,3,6,4,0.6666666666666666,0.8675632284814612,0.7896900821428474
R_000122,1,0.0004,1.8199141185472987e-05,0,1565,2,1565,5,1,5,5,1.0,-0.0,0.0
R_000123,2,0.0008,2.434581537123842e-05,0,1565,2,1565,6,1,5,6,1.0,-0.0,0.0
R_000124,5,0.002,4.110115983473921e-05,0,1565,2,1565,6,1,5,6,1.0,-0.0,0.0
R_000125,6,0.0024,4.2877106654713466e-05,0,3102,1,1571,5,2,7,4,0.8,0.5004024235381879,0.7219280948873623
R_000126,9,0.0036,5.927846255862634e-05,0,3102,6,1531,8,1,2,8,1.0,-0.0,0.0
R_000127,4,0.0016,3.517745053529586e-05,0,1550,5,1550,5,1,0,5,1.0,-0.0,0.0
R_000128,10,0.004,6.405126881858228e-05,0,3102,6,1531,6,1,2,6,1.0,-0.0,0.0
R_000129,12,0.0048,7.386652933330593e-05,0,3102,6,1531,6,1,2,6,1.0,-0.0,0.0
R_000130,3,0.0012,2.7468973102926114e-05,0,3102,1,1571,5,3,2,2,0.4,1.0549201679861442,0.9602297178607612
R_000131,3,0.0012,2.9642301358801884e-05,0,1565,2,1565,5,2,5,4,0.8,0.5004024235381879,0.7219280948873623
R_000132,14,0.0056,8.268629229497251e-05,0,1505,7,1505,7,1,4,7,1.0,-0.0,0.0
R_000133,18,0.0072,0.0001025246117889197,0,1505,7,1505,7,1,4,7,1.0,-0.0,0.0
R_000134,16,0.0064,9.386937249159733e-05,0,3102,6,1531,8,1,2,8,1.0,-0.0,0.0
R_000135,3,0.0012,2.854754836949438e-05,0,1628,0,1628,5,1,3,5,1.0,-0.0,0.0
R_000136,3,0.0012,2.863043578607109e-05,0,1559,4,1559,5,1,1,5,1.0,-0.0,0.0
R_000137,12,0.0048,7.718501998437265e-05,0,1562,3,1562,8,3,6,6,0.75,0.7356219397587946,0.6695919455357792
R_000138,14,0.0056,8.401683145138843e-05,0,3102,1,1571,6,2,7,4,0.6666666666666666,0.6365141682948128,0.9182958340544894
R_000139,3,0.0012,2.871902196586458e-05,0,1562,3,1562,5,2,6,4,0.8,0.5004024235381879,0.7219280948873623
R_000140,11,0.0044,6.792197403473116e-05,0,1505,7,1505,8,1,4,8,1.0,-0.0,0.0
R_000141,1,0.0004,1.755220389774991e-05,0,1559,4,1559,5,1,1,5,1.0,-0.0,0.0
R_000142,7,0.0028,4.7714633163674015e-05,0,3102,1,1571,6,4,7,3,0.5,1.242453324894,0.8962406251802889
R_000143,5,0.002,3.769075763375238e-05,0,1505,7,1505,5,1,4,5,1.0,-0.0,0.0
R_000144,4,0.0016,3.410958045771235e-05,0,1628,0,1628,6,1,3,6,1.0,-0.0,0.0
R_000145,8,0.0032,5.2603761933464554e-05,0,3102,6,1531,7,1,2,7,1.0,-0.0,0.0
R_000146,7,0.0028,5.0401447705640905e-05,0,1628,0,1628,6,1,3,6,1.0,-0.0,0.0
R_000147,10,0.004,6.34378009453646e-05,0,3102,6,1531,8,1,2,8,1.0,-0.0,0.0
R_000148,13,0.0052,7.870748083225464e-05,0,1505,7,1505,8,1,4,8,1.0,-0.0,0.0
R_000149,3,0.0012,2.9771188029955033e-05,0,1565,2,1565,6,1,5,6,1.0,-0.0,0.0
R_000150,6,0.0024,4.410073740207582e-05,0,1562,3,1562,7,3,6,5,0.7142857142857143,0.796311640173813,0.7248340915057598
R_000151,11,0.0044,7.043680014456257e-05,0,1559,4,1559,8,1,1,8,1.0,-0.0,0.0
R_000152,6,0.0024,4.630528838104431e-05,0,1550,5,1550,5,1,0,5,1.0,-0.0,0.0
R_000153,8,0.0032,5.5866237261038876e-05,0,1628,0,1628,8,1,3,8,1.0,-0.0,0.0
R_000154,10,0.004,6.598267182364278e-05,0,1559,4,1559,6,1,1,6,1.0,-0.0,0.0
R_000155,4,0.0016,3.450065533024306e-05,0,1628,0,1628,7,1,3,7,1.0,-0.0,0.0
R_000156,9,0.0036,6.520980783861651e-05,0,1565,2,1565,8,2,5,7,0.875,0.3767701612564367,0.5435644431995964
R_000157,6,0.0024,4.267340091964595e-05,0,3102,1,1571,6,4,2,2,0.3333333333333333,1.3296613488547582,0.9591479170272448
R_000158,10,0.004,6.656402023933348e-05,0,1562,3,1562,8,3,6,6,0.75,0.7356219397587946,0.6695919455357792
R_000159,18,0.0072,0.00010440781183826239,0,3102,6,1531,8,1,2,8,1.0,-0.0,0.0
R_000160,6,0.0024,4.643510553875065e-05,0,1565,2,1565,8,2,5,7,0.875,0.3767701612564367,0.5435644431995964
R_000161,6,0.0024,4.705880659580489e-05,0,1565,2,1565,8,2,5,7,0.875,0.3767701612564367,0.5435644431995964
R_000162,13,0.0052,7.784867685701124e-05,0,1505,7,1505,8,1,4,8,1.0,-0.0,0.0
R_000163,10,0.004,6.424589540783419e-05,0,3102,6,1531,8,1,2,8,1.0,-0.0,0.0
R_000164,7,0.0028,4.8599820184977694e-05,0,3102,6,1531,6,1,2,6,1.0,-0.0,0.0
R_000165,10,0.004,6.70142419580384e-05,0,1628,0,1628,7,1,3,7,1.0,-0.0,0.0
R_000166,7,0.0028,5.059664276713036e-05,0,1562,3,1562,8,2,6,7,0.875,0.3767701612564367,0.5435644431995964
R_000167,2,0.0008,2.3238970788070032e-05,0,1550,5,1550,5,1,0,5,1.0,-0.0,0.0
R_000168,6,0.0024,4.4060614235404606e-05,0,1559,4,1559,8,1,1,8,1.0,-0.0,0.0
R_000169,5,0.002,3.8940732955836795e-05,0,1628,0,1628,6,1,3,6,1.0,-0.0,0.0
R_000170,6,0.0024,4.333229826397168e-05,0,3102,6,1531,5,1,2,5,1.0,-0.0,0.0
R_000171,13,0.0052,8.238568209347429e-05,0,1559,4,1559,8,1,1,8,1.0,-0.0,0.0
R_000172,3,0.0012,2.9942339991014887e-05,0,1565,2,1565,5,1,5,5,1.0,-0.0,0.0
R_000173,3,0.0012,2.951922951269652e-05,0,1565,2,1565,6,2,5,5,0.8333333333333334,0.4505612088663046,0.6500224216483541
R_000174,8,0.0032,5.481871197037241e-05,0,1559,4,1559,6,1,1,6,1.0,-0.0,0.0
R_000175,13,0.0052,8.774745257061115e-05,0,1565,2,1565,8,2,5,7,0.875,0.3767701612564367,0.5435644431995964
R_000176,4,0.0016,3.299373666733703e-05,0,3102,1,1571,6,4,7,3,0.5,1.242453324894,0.8962406251802889
R_000177,1,0.0004,1.7244171522761055e-05,0,3102,1,1571,5,4,7,2,0.4,1.3321790402101223,0.9609640474436812
R_000178,8,0.0032,5.905820012647648e-05,0,1565,2,1565,7,2,5,6,0.8571428571428571,0.410116318288409,0.5916727785823274
R_000179,9,0.0036,6.0692751112747785e-05,0,1562,3,1562,6,2,6,5,0.8333333333333334,0.4505612088663046,0.6500224216483541
R_000180,8,0.0032,5.362135833447528e-05,0,3102,6,1531,6,1,2,6,1.0,-0.0,0.0
R_000181,12,0.0048,7.403332617547674e-05,0,3102,1,1571,6,3,7,4,0.6666666666666666,0.8675632284814612,0.7896900821428474
R_000182,11,0.0044,7.43542921810613e-05,0,1550,5,1550,8,1,0,8,1.0,-0.0,0.0
R_000183,7,0.0028,4.9165126787640616e-05,0,1559,4,1559,6,1,1,6,1.0,-0.0,0.0
R_000184,5,0.002,3.902212493097176e-05,0,1562,3,1562,6,2,6,5,0.8333333333333334,0.4505612088663046,0.6500224216483541
R_000185,6,0.0024,4.4203972687605025e-05,0,1562,3,1562,6,2,6,5,0.8333333333333334,0.4505612088663046,0.6500224216483541
R_000186,4,0.0016,3.428077310827607e-05,0,1628,0,1628,6,1,3,6,1.0,-0.0,0.0
R_000187,7,0.0028,4.997086795407232e-05,0,1562,3,1562,6,3,6,4,0.6666666666666666,0.8675632284814612,0.7896900821428474
R_000188,13,0.0052,7.920033530315041e-05,0,3102,1,1571,8,3,7,5,0.625,0.9002560512685369,0.8194483718728035
R_000189,4,0.0016,3.5096698655110637e-05,0,1550,5,1550,7,1,0,7,1.0,-0.0,0.0
R_000190,10,0.004,6.61984341006736e-05,0,1559,4,1559,7,1,1,7,1.0,-0.0,0.0
R_000191,13,0.0052,7.822628166711848e-05,0,1505,7,1505,8,1,4,8,1.0,-0.0,0.0
R_000192,14,0.0056,8.605556484742923e-05,0,1559,4,1559,7,1,1,7,1.0,-0.0,0.0
R_000193,8,0.0032,5.3398826039190336e-05,0,3102,6,1531,6,1,2,6,1.0,-0.0,0.0
R_000194,4,0.0016,3.57638807659101e-05,0,1565,2,1565,5,1,5,5,1.0,-0.0,0.0
R_000195,6,0.0024,4.371909310309852e-05,0,3102,6,1531,7,1,2,7,1.0,-0.0,0.0
R_000196,10,0.004,6.566309128625622e-05,0,1562,3,1562,6,3,6,4,0.6666666666666666,0.8675632284814612,0.7896900821428474
R_000197,8,0.0032,5.5763397235542895e-05,0,1562,3,1562,5,2,6,4,0.8,0.5004024235381879,0.7219280948873623
R_000198,1,0.0004,1.8126678054147188e-05,0,1628,0,1628,5,1,3,5,1.0,-0.0,0.0
R_000199,4,0.0016,3.4748337832141094e-05,0,1550,5,1550,5,1,0,5,1.0,-0.0,0.0
R_000200,10,0.004,6.594797340521305e-05,0,1562,3,1562,8,3,6,6,0.75,0.7356219397587946,0.6695919455357792
R_000201,13,0.0052,7.96317258339106e-05,0,3102,6,1531,8,1,2,8,1.0,-0.0,0.0
R_000202,13,0.0052,8.262653844309761e-05,0,1562,3,1562,8,3,6,6,0.75,0.7356219397587946,0.6695919455357792
R_000203,5,0.002,3.94133222177011e-05,0,1562,3,1562,7,2,6,6,0.8571428571428571,0.410116318288409,0.5916727785823274
R_000204,7,0.0028,5.01449003279421e-05,0,1562,3,1562,7,3,6,5,0.7142857142857143,0.796311640173813,0.7248340915057598
R_000205,10,0.004,6.580167927925492e-05,0,1559,4,1559,7,1,1,7,1.0,-0.0,0.0
R_000206,8,0.0032,5.8374488133311624e-05,0,1565,2,1565,8,2,5,7,0.875,0.3767701612564367,0.5435644431995964
R_000207,20,0.008,0.00011395819129556608,0,3102,1,1571,7,3,7,4,0.5714285714285714,0.9556998911125344,0.8699155297736259
R_000208,2,0.0008,2.2633306617943754e-05,0,1505,7,1505,6,1,4,6,1.0,-0.0,0.0
R_000209,8,0.0032,5.2585012635489625e-05,0,1505,7,1505,6,1,4,6,1.0,-0.0,0.0
R_000210,5,0.002,3.758592527297356e-05,0,3102,1,1571,6,3,7,4,0.6666666666666666,0.8675632284814612,0.7896900821428474
R_000211,5,0.002,4.0032421483154136e-05,0,1550,5,1550,8,1,0,8,1.0,-0.0,0.0
R_000212,7,0.0028,4.846221322628038e-05,0,3102,1,1571,7,3,7,5,0.7142857142857143,0.796311640173813,0.7248340915057598
R_000213,14,0.0056,8.681255850393568e-05,0,1559,4,1559,7,1,1,7,1.0,-0.0,0.0
R_000214,8,0.0032,5.589640971067808e-05,0,1628,0,1628,6,1,3,6,1.0,-0.0,0.0
R_000215,10,0.004,6.334104930359258e-05,0,3102,1,1571,6,4,7,3,0.5,1.242453324894,0.8962406251802889
R_000216,7,0.0028,4.845029355162624e-05,0,3102,6,1531,7,1,2,7,1.0,-0.0,0.0
R_000217,8,0.0032,5.239376019452867e-05,0,1505,7,1505,8,1,4,8,1.0,-0.0,0.0
R_000218,4,0.0016,3.4123222134976014e-05,0,1628,0,1628,5,1,3,5,1.0,-0.0,0.0
R_000219,4,0.0016,3.5287842138939085e-05,0,1565,2,1565,7,1,5,7,1.0,-0.0,0.0
R_000220,6,0.0024,4.7521833778303854e-05,0,1565,2,1565,8,2,5,7,0.875,0.3767701612564367,0.5435644431995964
R_000221,8,0.0032,5.251136988622836e-05,0,3102,1,1571,5,3,2,2,0.4,1.0549201679861442,0.9602297178607612
R_000222,13,0.0052,8.767892443463924e-05,0,1565,2,1565,8,2,5,7,0.875,0.3767701612564367,0.5435644431995964
R_000223,5,0.002,3.778083869445832e-05,0,3102,1,1571,6,3,7,4,0.6666666666666666,0.8675632284814612,0.7896900821428474
R_000224,11,0.0044,7.382367037631335e-05,0,1550,5,1550,8,1,0,8,1.0,-0.0,0.0
R_000225,10,0.004,6.307703990003936e-05,0,3102,1,1571,8,4,7,4,0.5,1.2130075659799042,0.875
R_000226,10,0.004,6.876775329431205e-05,0,1550,5,1550,7,1,0,7,1.0,-0.0,0.0
R_000227,10,0.004,6.630232075139696e-05,0,1628,0,1628,8,1,3,8,1.0,-0.0,0.0
R_000228,6,0.0024,4.684924694884997e-05,0,1565,2,1565,6,2,5,5,0.8333333333333334,0.4505612088663046,0.6500224216483541
R_000229,7,0.0028,4.952414437468018e-05,0,1559,4,1559,6,1,1,6,1.0,-0.0,0.0
R_000230,6,0.0024,4.508012756600469e-05,0,1628,0,1628,5,1,3,5,1.0,-0.0,0.0
R_000231,4,0.0016,3.355606886347412e-05,0,1559,4,1559,6,1,1,6,1.0,-0.0,0.0
R_000232,9,0.0036,6.259161518580208e-05,0,1550,5,1550,7,1,0,7,1.0,-0.0,0.0
R_000233,4,0.0016,3.430837499512087e-05,0,1550,5,1550,5,1,0,5,1.0,-0.0,0.0
R_000234,11,0.0044,7.620953789655525e-05,0,1565,2,1565,8,2,5,7,0.875,0.3767701612564367,0.5435644431995964
R_000235,13,0.0052,7.860976607697573e-05,0,3102,1,1571,8,4,7,4,0.5,1.2130075659799042,0.875
R_000236,3,0.0012,2.852405879813109e-05,0,1628,0,1628,5,1,3,5,1.0,-0.0,0.0
R_000237,6,0.0024,4.219290601791548e-05,0,1505,7,1505,6,1,4,6,1.0,-0.0,0.0
R_000238,19,0.0076,0.00011386318595413308,0,1562,3,1562,8,3,6,6,0.75,0.7356219397587946,0.6695919455357792
R_000239,7,0.0028,4.7993358763740585e-05,0,1505,7,1505,7,1,4,7,1.0,-0.0,0.0
R_000240,4,0.0016,3.357188841178929e-05,0,1559,4,1559,5,1,1,5,1.0,-0.0,0.0
R_000241,7,0.0028,4.848662489669543e-05,0,3102,6,1531,5,1,2,5,1.0,-0.0,0.0
R_000242,8,0.0032,5.4005346029086293e-05,0,3102,6,1531,5,1,2,5,1.0,-0.0,0.0
R_000243,2,0.0008,2.3177076551125206e-05,0,1562,3,1562,5,2,6,4,0.8,0.5004024235381879,0.7219280948873623
R_000244,10,0.004,6.308032538474837e-05,0,3102,1,1571,7,2,7,5,0.7142857142857143,0.5982695885852573,0.8631205685666311
R_000245,5,0.002,4.1369976636555986e-05,0,1565,2,1565,7,1,5,7,1.0,-0.0,0.0
R_000246,9,0.0036,6.163307335870532e-05,0,1628,0,1628,7,1,3,7,1.0,-0.0,0.0
R_000247,5,0.002,3.895828609950661e-05,0,1562,3,1562,6,3,6,4,0.6666666666666666,0.8675632284814612,0.7896900821428474
R_000248,6,0.0024,4.428503858171633e-05,0,1559,4,1559,7,1,1,7,1.0,-0.0,0.0
R_000249,2,0.0008,2.271456808164857e-05,0,3102,1,1571,6,2,7,4,0.6666666666666666,0.6365141682948128,0.9182958340544894
R_000250,7,0.0028,5.112732310857071e-05,0,1628,0,1628,5,1,3,5,1.0,-0.0,0.0
R_000251,10,0.004,7.025357238999493e-05,0,1565,2,1565,7,2,5,6,0.8571428571428571,0.410116318288409,0.5916727785823274
R_000252,8,0.0032,5.7413810049003875e-05,0,1550,5,1550,8,1,0,8,1.0,-0.0,0.0
R_000253,9,0.0036,5.826650520982955e-05,0,3102,6,1531,6,1,2,6,1.0,-0.0,0.0
R_000254,3,0.0012,2.937829545422092e-05,0,1550,5,1550,6,1,0,6,1.0,-0.0,0.0
R_000255,7,0.0028,5.002764887227542e-05,0,1562,3,1562,8,3,6,6,0.75,0.7356219397587946,0.6695919455357792
R_000256,3,0.0012,2.8694599274344016e-05,0,1562,3,1562,5,1,6,5,1.0,-0.0,0.0
R_000257,6,0.0024,4.400406268102342e-05,0,1559,4,1559,8,1,1,8,1.0,-0.0,0.0
R_000258,8,0.0032,5.6895321383636565e-05,0,1550,5,1550,6,1,0,6,1.0,-0.0,0.0
R_000259,5,0.002,4.0817854059465984e-05,0,1565,2,1565,6,2,5,5,0.8333333333333334,0.4505612088663046,0.6500224216483541
R_000260,7,0.0028,4.940375206742606e-05,0,1562,3,1562,7,3,6,5,0.7142857142857143,0.796311640173813,0.7248340915057598
R_000261,5,0.002,3.823809413106415e-05,0,1505,7,1505,5,1,4,5,1.0,-0.0,0.0
R_000262,13,0.0052,8.358821357399229e-05,0,1628,0,1628,8,1,3,8,1.0,-0.0,0.0
R_000263,9,0.0036,6.126532856412388e-05,0,1628,0,1628,6,1,3,6,1.0,-0.0,0.0
R_000264,8,0.0032,5.616636807685758e-05,0,1628,0,1628,6,1,3,6,1.0,-0.0,0.0
R_000265,12,0.0048,7.333770729744439e-05,0,3102,1,1571,7,3,7,5,0.7142857142857143,0.796311640173813,0.7248340915057598
R_000266,4,0.0016,3.466367084145346e-05,0,1550,5,1550,5,1,0,5,1.0,-0.0,0.0
R_000267,14,0.0056,8.351770393573927e-05,0,3102,1,1571,8,4,7,4,0.5,1.2130075659799042,0.875
R_000268,4,0.0016,3.290834598590758e-05,0,3102,6,1531,6,1,2,6,1.0,-0.0,0.0
R_000269,11,0.0044,6.796405001784145e-05,0,1505,7,1505,8,1,4,8,1.0,-0.0,0.0
R_000270,3,0.0012,2.8497322698869432e-05,0,1562,3,1562,7,3,6,5,0.7142857142857143,0.796311640173813,0.7248340915057598
R_000271,12,0.0048,7.80347692243796e-05,0,1562,3,1562,7,2,6,6,0.8571428571428571,0.410116318288409,0.5916727785823274
R_000272,4,0.0016,3.2640376484179504e-05,0,1505,7,1505,7,1,4,7,1.0,-0.0,0.0
R_000273,2,0.0008,2.3024471964106382e-05,0,1628,0,1628,7,1,3,7,1.0,-0.0,0.0
R_000274,9,0.0036,6.044795336186557e-05,0,1559,4,1559,7,1,1,7,1.0,-0.0,0.0
R_000275,13,0.0052,8.543753815453618e-05,0,1550,5,1550,8,1,0,8,1.0,-0.0,0.0
R_000276,11,0.0044,7.101192299662308e-05,0,1562,3,1562,8,3,6,6,0.75,0.7356219397587946,0.6695919455357792
R_000277,7,0.0028,4.97871421945639e-05,0,1559,4,1559,8,1,1,8,1.0,-0.0,0.0
R_000278,7,0.0028,5.321721377452739e-05,0,1565,2,1565,7,2,5,6,0.8571428571428571,0.410116318288409,0.5916727785823274
R_000279,6,0.0024,4.588584524067592e-05,0,1628,0,1628,5,1,3,5,1.0,-0.0,0.0
R_000280,12,0.0048,7.417879267995255e-05,0,3102,6,1531,8,1,2,8,1.0,-0.0,0.0
R_000281,5,0.002,4.072926852548807e-05,0,1565,2,1565,6,1,5,6,1.0,-0.0,0.0
R_000282,7,0.0028,5.0143651184779416e-05,0,1562,3,1562,6,3,6,4,0.6666666666666666,0.8675632284814612,0.7896900821428474
R_000283,17,0.0068,0.00010715221632416718,0,1550,5,1550,8,1,0,8,1.0,-0.0,0.0
R_000284,4,0.0016,3.442494715021227e-05,0,1559,4,1559,5,1,1,5,1.0,-0.0,0.0
R_000285,11,0.0044,7.362443015514023e-05,0,1550,5,1550,8,1,0,8,1.0,-0.0,0.0
R_000286,4,0.0016,3.3187340595609956e-05,0,3102,6,1531,5,1,2,5,1.0,-0.0,0.0
R_000287,7,0.0028,5.059871026955354e-05,0,1562,3,1562,7,3,6,5,0.7142857142857143,0.796311640173813,0.7248340915057598
R_000288,5,0.002,3.7549594131785784e-05,0,3102,1,1571,5,3,7,3,0.6,0.9502705392332348,0.8649735207179272
R_000289,10,0.004,6.897017433864885e-05,0,1550,5,1550,7,1,0,7,1.0,-0.0,0.0
R_000290,10,0.004,6.573574148974708e-05,0,1559,4,1559,8,1,1,8,1.0,-0.0,0.0
R_000291,2,0.0008,2.299381227753371e-05,0,1559,4,1559,5,1,1,5,1.0,-0.0,0.0
R_000292,6,0.0024,4.503561243001316e-05,0,1628,0,1628,8,1,3,8,1.0,-0.0,0.0
R_000293,11,0.0044,6.848825198400654e-05,0,3102,6,1531,7,1,2,7,1.0,-0.0,0.0
R_000294,11,0.0044,7.224662847152939e-05,0,1628,0,1628,7,1,3,7,1.0,-0.0,0.0
R_000295,13,0.0052,7.789649777643102e-05,0,3102,1,1571,8,4,7,4,0.5,1.2130075659799042,0.875
R_000296,4,0.0016,3.238050047087403e-05,0,1505,7,1505,6,1,4,6,1.0,-0.0,0.0
R_000297,5,0.002,3.9296551826273205e-05,0,1628,0,1628,6,1,3,6,1.0,-0.0,0.0
R_000298,4,0.0016,3.258004939183105e-05,0,3102,1,1571,6,3,7,3,0.5,1.0114042647073518,0.920619835714305
R_000299,13,0.0052,8.190863335147324e-05,0,1562,3,1562,6,3,6,4,0.6666666666666666,0.8675632284814612,0.7896900821428474
R_000300,7,0.0028,5.290560621591263e-05,0,1565,2,1565,8,2,5,7,0.875,0.3767701612564367,0.5435644431995964
R_000301,9,0.0036,6.244389356045687e-05,0,1550,5,1550,8,1,0,8,1.0,-0.0,0.0
R_000302,4,0.0016,3.256937839176988e-05,0,3102,1,1571,7,4,7,3,0.4285714285714285,1.277034259466139,0.9211854965885544
R_000303,6,0.0024,4.4131992750370355e-05,0,1559,4,1559,6,1,1,6,1.0,-0.0,0.0
R_000304,7,0.0028,4.983540313170443e-05,0,1562,3,1562,8,3,6,6,0.75,0.7356219397587946,0.6695919455357792
R_000305,6,0.0024,4.445844960827683e-05,0,1628,0,1628,6,1,3,6,1.0,-0.0,0.0
R_000306,5,0.002,3.920265033848064e-05,0,1628,0,1628,6,1,3,6,1.0,-0.0,0.0
R_000307,5,0.002,3.881370425321285e-05,0,1559,4,1559,5,1,1,5,1.0,-0.0,0.0
R_000308,11,0.0044,7.590249225483424e-05,0,1565,2,1565,8,2,5,7,0.875,0.3767701612564367,0.5435644431995964
R_000309,13,0.0052,7.836968525111011e-05,0,3102,6,1531,8,1,2,8,1.0,-0.0,0.0
R_000310,4,0.0016,3.39202750506988e-05,0,1628,0,1628,5,1,3,5,1.0,-0.0,0.0
R_000311,7,0.0028,4.775916023836201e-05,0,1505,7,1505,7,1,4,7,1.0,-0.0,0.0
R_000312,4,0.0016,3.287803357110975e-05,0,3102,6,1531,7,1,2,7,1.0,-0.0,0.0
R_000313,8,0.0032,5.240696471637208e-05,0,1505,7,1505,8,1,4,8,1.0,-0.0,0.0
R_000314,11,0.0044,7.28689565530196e-05,0,1628,0,1628,8,1,3,8,1.0,-0.0,0.0
R_000315,7,0.0028,5.437832880352573e-05,0,1565,2,1565,8,2,5,7,0.875,0.3767701612564367,0.5435644431995964
R_000316,5,0.002,3.9167250041094214e-05,0,1628,0,1628,6,1,3,6,1.0,-0.0,0.0
R_000317,7,0.0028,4.821146443308862e-05,0,3102,6,1531,8,1,2,8,1.0,-0.0,0.0
R_000318,12,0.0048,7.652712124350186e-05,0,1562,3,1562,8,2,6,7,0.875,0.3767701612564367,0.5435644431995964
R_000319,11,0.0044,7.084164057271914e-05,0,1559,4,1559,8,1,1,8,1.0,-0.0,0.0
R_000320,8,0.0032,5.293970359244773e-05,0,3102,1,1571,5,4,7,2,0.4,1.3321790402101223,0.9609640474436812
R_000321,8,0.0032,5.4825502246570076e-05,0,1562,3,1562,5,2,6,4,0.8,0.5004024235381879,0.7219280948873623
R_000322,13,0.0052,7.87774464058134e-05,0,1505,7,1505,7,1,4,7,1.0,-0.0,0.0
R_000323,1,0.0004,1.8424586200391805e-05,0,1559,4,1559,5,1,1,5,1.0,-0.0,0.0
R_000324,13,0.0052,7.798024343877127e-05,0,1505,7,1505,7,1,4,7,1.0,-0.0,0.0
R_000325,8,0.0032,5.869390022306415e-05,0,1565,2,1565,7,2,5,6,0.8571428571428571,0.410116318288409,0.5916727785823274
R_000326,11,0.0044,7.224645388439838e-05,0,1628,0,1628,7,1,3,7,1.0,-0.0,0.0
R_000327,8,0.0032,5.7162598779947804e-05,0,1550,5,1550,6,1,0,6,1.0,-0.0,0.0
R_000328,9,0.0036,5.85810885410536e-05,0,3102,6,1531,8,1,2,8,1.0,-0.0,0.0
R_000329,3,0.0012,2.8832270773991436e-05,0,1628,0,1628,5,1,3,5,1.0,-0.0,0.0
R_000330,7,0.0028,5.001765048022987e-05,0,1628,0,1628,6,1,3,6,1.0,-0.0,0.0
R_000331,1,0.0004,1.7989345936428544e-05,0,1565,2,1565,5,2,5,4,0.8,0.5004024235381879,0.7219280948873623
R_000332,7,0.0028,5.011183592669893e-05,0,1562,3,1562,6,1,6,6,1.0,-0.0,0.0
R_000333,4,0.0016,3.316235507685583e-05,0,3102,6,1531,5,1,2,5,1.0,-0.0,0.0
R_000334,6,0.0024,4.702768592966562e-05,0,1565,2,1565,6,1,5,6,1.0,-0.0,0.0
R_000335,5,0.002,3.776831908173122e-05,0,3102,1,1571,5,1,7,5,1.0,-0.0,0.0
R_000336,3,0.0012,3.009933338464522e-05,0,1565,2,1565,5,2,5,4,0.8,0.5004024235381879,0.7219280948873623
R_000337,5,0.002,3.77075993193214e-05,0,1505,7,1505,5,1,4,5,1.0,-0.0,0.0
R_000338,9,0.0036,6.0871875276803205e-05,0,1562,3,1562,5,2,6,4,0.8,0.5004024235381879,0.7219280948873623
R_000339,8,0.0032,5.55853260405525e-05,0,1562,3,1562,7,3,6,5,0.7142857142857143,0.796311640173813,0.7248340915057598
R_000340,9,0.0036,5.89893284655109e-05,0,3102,6,1531,6,1,2,6,1.0,-0.0,0.0
R_000341,6,0.0024,4.5405374873416044e-05,0,1628,0,1628,6,1,3,6,1.0,-0.0,0.0
R_000342,6,0.0024,4.574556575145345e-05,0,1550,5,1550,7,1,0,7,1.0,-0.0,0.0
R_000343,8,0.0032,5.898557239396136e-05,0,1565,2,1565,8,2,5,7,0.875,0.3767701612564367,0.5435644431995964
R_000344,6,0.0024,4.294723434849592e-05,0,3102,1,1571,5,2,7,4,0.8,0.5004024235381879,0.7219280948873623
R_000345,11,0.0044,7.394641369929788e-05,0,1550,5,1550,7,1,0,7,1.0,-0.0,0.0
R_000346,8,0.0032,5.2727761645745895e-05,0,1505,7,1505,6,1,4,6,1.0,-0.0,0.0
R_000347,6,0.0024,4.275521305479505e-05,0,3102,6,1531,7,1,2,7,1.0,-0.0,0.0
R_000348,9,0.0036,6.176336588870947e-05,0,1628,0,1628,7,1,3,7,1.0,-0.0,0.0
R_000349,6,0.0024,4.540107887616288e-05,0,1550,5,1550,6,1,0,6,1.0,-0.0,0.0
R_000350,6,0.0024,4.792383801871544e-05,0,1565,2,1565,5,1,5,5,1.0,-0.0,0.0
R_000351,9,0.0036,6.020820188433447e-05,0,1559,4,1559,7,1,1,7,1.0,-0.0,0.0
R_000352,8,0.0032,5.532853248352437e-05,0,1562,3,1562,5,3,6,3,0.6,0.9502705392332348,0.8649735207179272
R_000353,9,0.0036,6.145436365245626e-05,0,1628,0,1628,6,1,3,6,1.0,-0.0,0.0
R_000354,10,0.004,6.55756196560548e-05,0,1559,4,1559,7,1,1,7,1.0,-0.0,0.0
R_000355,7,0.0028,4.7619846854580126e-05,0,3102,6,1531,6,1,2,6,1.0,-0.0,0.0
R_000356,9,0.0036,6.298816286265507e-05,0,1550,5,1550,5,1,0,5,1.0,-0.0,0.0
R_000357,10,0.004,6.655210287078636e-05,0,1628,0,1628,7,1,3,7,1.0,-0.0,0.0
R_000358,10,0.004,6.400197129544608e-05,0,3102,6,1531,7,1,2,7,1.0,-0.0,0.0
R_000359,5,0.002,4.160558626930032e-05,0,1565,2,1565,7,2,5,6,0.8571428571428571,0.410116318288409,0.5916727785823274
R_000360,9,0.0036,6.43899192866505e-05,0,1565,2,1565,7,2,5,6,0.8571428571428571,0.410116318288409,0.5916727785823274
R_000361,6,0.0024,4.497624655494261e-05,0,1628,0,1628,6,1,3,6,1.0,-0.0,0.0
R_000362,3,0.0012,2.91414335608142e-05,0,1550,5,1550,5,1,0,5,1.0,-0.0,0.0
R_000363,11,0.0044,6.763695026635783e-05,0,1505,7,1505,8,1,4,8,1.0,-0.0,0.0
R_000364,5,0.002,4.018753741313858e-05,0,1550,5,1550,5,1,0,5,1.0,-0.0,0.0
R_000365,8,0.0032,5.40691186501378e-05,0,3102,6,1531,8,1,2,8,1.0,-0.0,0.0
R_000366,12,0.0048,7.902647021269162e-05,0,1550,5,1550,8,1,0,8,1.0,-0.0,0.0
R_000367,9,0.0036,6.061353730143632e-05,0,1562,3,1562,7,2,6,6,0.8571428571428571,0.410116318288409,0.5916727785823274
R_000368,4,0.0016,3.566869172421567e-05,0,1565,2,1565,7,1,5,7,1.0,-0.0,0.0
R_000369,9,0.0036,6.067126979612747e-05,0,1562,3,1562,8,2,6,7,0.875,0.3767701612564367,0.5435644431995964
R_000370,4,0.0016,3.607473296091662e-05,0,1565,2,1565,6,1,5,6,1.0,-0.0,0.0
R_000371,8,0.0032,5.2978165227788584e-05,0,3102,1,1571,6,4,2,2,0.3333333333333333,1.3296613488547582,0.9591479170272448
R_000372,9,0.0036,5.852205890805146e-05,0,3102,1,1571,6,4,7,3,0.5,1.242453324894,0.8962406251802889
R_000373,7,0.0028,5.0317073974697854e-05,0,1562,3,1562,6,2,6,5,0.8333333333333334,0.4505612088663046,0.6500224216483541
R_000374,5,0.002,3.9990920942744416e-05,0,1628,0,1628,7,1,3,7,1.0,-0.0,0.0
R_000375,4,0.0016,3.342394459627024e-05,0,3102,1,1571,7,2,7,6,0.8571428571428571,0.410116318288409,0.5916727785823274
R_000376,10,0.004,6.886624986966344e-05,0,1550,5,1550,7,1,0,7,1.0,-0.0,0.0
R_000377,11,0.0044,7.241240406621888e-05,0,1562,3,1562,8,2,6,7,0.875,0.3767701612564367,0.5435644431995964
R_000378,5,0.002,3.889524700476346e-05,0,1559,4,1559,7,1,1,7,1.0,-0.0,0.0
R_000379,9,0.0036,6.574008246125453e-05,0,1565,2,1565,7,2,5,6,0.8571428571428571,0.410116318288409,0.5916727785823274
R_000380,6,0.0024,4.4437018965313195e-05,0,1562,3,1562,6,3,6,4,0.6666666666666666,0.8675632284814612,0.7896900821428474
R_000381,4,0.0016,3.3677396615961275e-05,0,1559,4,1559,6,1,1,6,1.0,-0.0,0.0
R_000382,6,0.0024,4.5592070703789686e-05,0,1550,5,1550,5,1,0,5,1.0,-0.0,0.0
R_000383,5,0.002,3.7711611424060536e-05,0,1505,7,1505,7,1,4,7,1.0,-0.0,0.0
R_000384,5,0.002,3.879994638130516e-05,0,1559,4,1559,7,1,1,7,1.0,-0.0,0.0
R_000385,4,0.0016,3.513090074426609e-05,0,1565,2,1565,6,2,5,5,0.8333333333333334,0.4505612088663046,0.6500224216483541
R_000386,3,0.0012,2.7814302825544265e-05,0,3102,6,1531,6,1,2,6,1.0,-0.0,0.0
R_000387,14,0.0056,8.328519944610229e-05,0,1505,7,1505,8,1,4,8,1.0,-0.0,0.0
R_000388,13,0.0052,7.948691794566527e-05,0,3102,6,1531,8,1,2,8,1.0,-0.0,0.0
R_000389,4,0.0016,3.324225517765269e-05,0,3102,6,1531,5,1,2,5,1.0,-0.0,0.0
R_000390,10,0.004,6.738157964513933e-05,0,1562,3,1562,8,3,6,6,0.75,0.7356219397587946,0.6695919455357792
R_000391,12,0.0048,7.798609048393119e-05,0,1628,0,1628,8,1,3,8,1.0,-0.0,0.0
R_000392,9,0.0036,5.978897055126551e-05,0,1559,4,1559,7,1,1,7,1.0,-0.0,0.0
R_000393,5,0.002,4.0384860961407167e-05,0,1550,5,1550,6,1,0,6,1.0,-0.0,0.0
R_000394,6,0.0024,4.269801509232232e-05,0,1505,7,1505,8,1,4,8,1.0,-0.0,0.0
R_000395,4,0.0016,3.256242875735323e-05,0,3102,1,1571,5,4,7,2,0.4,1.3321790402101223,0.9609640474436812
R_000396,4,0.0016,3.542901792275159e-05,0,1550,5,1550,5,1,0,5,1.0,-0.0,0.0
R_000397,6,0.0024,4.6593601797067067e-05,0,1565,2,1565,6,1,5,6,1.0,-0.0,0.0
R_000398,10,0.004,6.61877236133516e-05,0,1562,3,1562,6,2,6,5,0.8333333333333334,0.4505612088663046,0.6500224216483541
R_000399,11,0.0044,6.808486599729295e-05,0,1505,7,1505,7,1,4,7,1.0,-0.0,0.0
R_000400,1,0.0004,1.755967020360149e-05,0,1559,4,1559,5,1,1,5,1.0,-0.0,0.0
R_000401,2,0.0008,2.432541502895859e-05,0,1565,2,1565,7,2,5,6,0.8571428571428571,0.410116318288409,0.5916727785823274
R_000402,4,0.0016,3.242229331468008e-05,0,3102,1,1571,6,4,7,3,0.5,1.242453324894,0.8962406251802889
R_000403,11,0.0044,7.06520385657233e-05,0,1559,4,1559,7,1,1,7,1.0,-0.0,0.0
R_000404,3,0.0012,2.8965179341103625e-05,0,1550,5,1550,5,1,0,5,1.0,-0.0,0.0
R_000405,12,0.0048,7.31338234315119e-05,0,1505,7,1505,7,1,4,7,1.0,-0.0,0.0
R_000406,8,0.0032,5.554719676854591e-05,0,1559,4,1559,5,1,1,5,1.0,-0.0,0.0
R_000407,12,0.0048,8.285495368412645e-05,0,1565,2,1565,8,2,5,7,0.875,0.3767701612564367,0.5435644431995964
R_000408,9,0.0036,6.257225311302831e-05,0,1550,5,1550,8,1,0,8,1.0,-0.0,0.0
R_000409,4,0.0016,3.450997414935664e-05,0,1628,0,1628,6,1,3,6,1.0,-0.0,0.0
R_000410,4,0.0016,3.196810194311878e-05,0,1505,7,1505,6,1,4,6,1.0,-0.0,0.0
R_000411,10,0.004,6.695686380659047e-05,0,1628,0,1628,8,1,3,8,1.0,-0.0,0.0
R_000412,8,0.0032,5.567512369511227e-05,0,1562,3,1562,5,1,6,5,1.0,-0.0,0.0
R_000413,2,0.0008,2.377648715090479e-05,0,1565,2,1565,6,2,5,5,0.8333333333333334,0.4505612088663046,0.6500224216483541
R_000414,3,0.0012,2.9683409421624438e-05,0,1565,2,1565,5,2,5,4,0.8,0.5004024235381879,0.7219280948873623
R_000415,11,0.0044,6.749483300954422e-05,0,1505,7,1505,8,1,4,8,1.0,-0.0,0.0
R_000416,8,0.0032,5.324841535446957e-05,0,1505,7,1505,7,1,4,7,1.0,-0.0,0.0
R_000417,5,0.002,3.987786637946811e-05,0,1628,0,1628,5,1,3,5,1.0,-0.0,0.0
R_000418,5,0.002,3.772867252657226e-05,0,1505,7,1505,5,1,4,5,1.0,-0.0,0.0
R_000419,9,0.0036,5.9183126070411386e-05,0,3102,6,1531,5,1,2,5,1.0,-0.0,0.0
R_000420,4,0.0016,3.291047344008901e-05,0,3102,1,1571,5,1,7,5,1.0,-0.0,0.0
R_000421,9,0.0036,6.257795023186798e-05,0,1550,5,1550,7,1,0,7,1.0,-0.0,0.0
R_000422,7,0.0028,4.746728170507121e-05,0,3102,1,1571,7,3,7,4,0.5714285714285714,0.9556998911125344,0.8699155297736259
R_000423,5,0.002,3.770897534564457e-05,0,1505,7,1505,5,1,4,5,1.0,-0.0,0.0
R_000424,9,0.0036,6.140533520204795e-05,0,1628,0,1628,7,1,3,7,1.0,-0.0,0.0
R_000425,4,0.0016,3.2384246112031586e-05,0,3102,1,1571,5,2,7,4,0.8,0.5004024235381879,0.7219280948873623
R_000426,9,0.0036,5.930224246005007e-05,0,3102,6,1531,7,1,2,7,1.0,-0.0,0.0
R_000427,14,0.0056,8.378178158911418e-05,0,1505,7,1505,8,1,4,8,1.0,-0.0,0.0
R_000428,3,0.0012,2.760699683826377e-05,0,1505,7,1505,5,1,4,5,1.0,-0.0,0.0
R_000429,12,0.0048,7.913034002085604e-05,0,1550,5,1550,8,1,0,8,1.0,-0.0,0.0
R_000430,6,0.0024,4.237717150400468e-05,0,1505,7,1505,6,1,4,6,1.0,-0.0,0.0
R_000431,8,0.0032,5.585528058737752e-05,0,1562,3,1562,5,2,6,4,0.8,0.5004024235381879,0.7219280948873623
R_000432,1,0.0004,1.759043892912844e-05,0,1562,3,1562,5,2,6,4,0.8,0.5004024235381879,0.7219280948873623
R_000433,8,0.0032,5.3788418539164874e-05,0,3102,6,1531,7,1,2,7,1.0,-0.0,0.0
R_000434,11,0.0044,7.137401629959255e-05,0,1562,3,1562,7,1,6,7,1.0,-0.0,0.0
R_000435,4,0.0016,3.549797587628798e-05,0,1565,2,1565,5,1,5,5,1.0,-0.0,0.0
R_000436,12,0.0048,7.575923430603389e-05,0,1562,3,1562,6,2,6,5,0.8333333333333334,0.4505612088663046,0.6500224216483541
R_000437,6,0.0024,4.3884068259505573e-05,0,1559,4,1559,7,1,1,7,1.0,-0.0,0.0
R_000438,9,0.0036,6.118294023208239e-05,0,1559,4,1559,7,1,1,7,1.0,-0.0,0.0
R_000439,13,0.0052,7.887741018813889e-05,0,1505,7,1505,6,1,4,6,1.0,-0.0,0.0
R_000440,3,0.0012,2.9223217521676345e-05,0,1550,5,1550,6,1,0,6,1.0,-0.0,0.0
R_000441,8,0.0032,5.4967073327428674e-05,0,1559,4,1559,6,1,1,6,1.0,-0.0,0.0
R_000442,8,0.0032,5.856603606437838e-05,0,1565,2,1565,6,1,5,6,1.0,-0.0,0.0
R_000443,5,0.002,3.778289318179845e-05,0,3102,1,1571,8,4,7,5,0.625,1.073542846408523,0.7743974703476992
R_000444,13,0.0052,8.532881981943508e-05,0,1550,5,1550,8,1,0,8,1.0,-0.0,0.0
R_000445,7,0.0028,5.003645313652674e-05,0,1562,3,1562,6,2,6,5,0.8333333333333334,0.4505612088663046,0.6500224216483541
R_000446,10,0.004,6.990495564101675e-05,0,1565,2,1565,7,2,5,6,0.8571428571428571,0.410116318288409,0.5916727785823274
R_000447,7,0.0028,4.776996834716091e-05,0,1505,7,1505,5,1,4,5,1.0,-0.0,0.0
R_000448,1,0.0004,1.758548563577941e-05,0,3102,6,1531,5,1,2,5,1.0,-0.0,0.0
R_000449,9,0.0036,6.266016475443798e-05,0,1550,5,1550,6,1,0,6,1.0,-0.0,0.0
R_000450,11,0.0044,7.056563044603728e-05,0,1559,4,1559,8,1,1,8,1.0,-0.0,0.0
R_000451,6,0.0024,4.557596076666943e-05,0,1550,5,1550,6,1,0,6,1.0,-0.0,0.0
R_000452,10,0.004,6.404844976705969e-05,0,3102,6,1531,7,1,2,7,1.0,-0.0,0.0
R_000453,16,0.0064,0.00010224981823033391,0,1550,5,1550,8,1,0,8,1.0,-0.0,0.0
R_000454,2,0.0008,2.250543126543952e-05,0,3102,1,1571,8,3,7,6,0.75,0.7356219397587946,0.6695919455357792
R_000455,5,0.002,3.897886193725414e-05,0,1562,3,1562,5,1,6,5,1.0,-0.0,0.0
R_000456,12,0.0048,7.540835488430111e-05,0,1559,4,1559,7,1,1,7,1.0,-0.0,0.0
R_000457,4,0.0016,3.422943886076635e-05,0,1628,0,1628,8,1,3,8,1.0,-0.0,0.0
R_000458,6,0.0024,4.4705308363193764e-05,0,1559,4,1559,5,1,1,5,1.0,-0.0,0.0
R_000459,10,0.004,7.026797418970969e-05,0,1565,2,1565,8,2,5,7,0.875,0.3767701612564367,0.5435644431995964
R_000460,10,0.004,6.316913865486087e-05,0,1505,7,1505,7,1,4,7,1.0,-0.0,0.0
R_000461,4,0.0016,3.274445597319505e-05,0,1505,7,1505,7,1,4,7,1.0,-0.0,0.0
R_000462,8,0.0032,5.257532986362936e-05,0,3102,1,1571,6,2,7,5,0.8333333333333334,0.4505612088663046,0.6500224216483541
R_000463,6,0.0024,4.34157566412622e-05,0,3102,6,1531,5,1,2,5,1.0,-0.0,0.0
R_000464,3,0.0012,2.7415856734933188e-05,0,1505,7,1505,7,1,4,7,1.0,-0.0,0.0
R_000465,7,0.0028,5.145432849033872e-05,0,1550,5,1550,8,1,0,8,1.0,-0.0,0.0
R_000466,4,0.0016,3.356930045487774e-05,0,1562,3,1562,6,3,6,4,0.6666666666666666,0.8675632284814612,0.7896900821428474
R_000467,11,0.0044,7.295026906229654e-05,0,1628,0,1628,7,1,3,7,1.0,-0.0,0.0
R_000468,2,0.0008,2.3512835469580126e-05,0,1550,5,1550,5,1,0,5,1.0,-0.0,0.0
R_000469,9,0.0036,6.031945108366915e-05,0,1559,4,1559,7,1,1,7,1.0,-0.0,0.0
R_000470,3,0.0012,2.9822564213061932e-05,0,1565,2,1565,5,1,5,5,1.0,-0.0,0.0
R_000471,6,0.0024,4.310091357009633e-05,0,3102,6,1531,5,1,2,5,1.0,-0.0,0.0
R_000472,7,0.0028,5.128261191232129e-05,0,1628,0,1628,8,1,3,8,1.0,-0.0,0.0
R_000473,7,0.0028,4.996661444587191e-05,0,1628,0,1628,5,1,3,5,1.0,-0.0,0.0
R_000474,8,0.0032,5.659758290805009e-05,0,1628,0,1628,6,1,3,6,1.0,-0.0,0.0
R_000475,7,0.0028,5.0430985972619064e-05,0,1562,3,1562,7,2,6,6,0.8571428571428571,0.410116318288409,0.5916727785823274
R_000476,6,0.0024,4.238878418668441e-05,0,1505,7,1505,6,1,4,6,1.0,-0.0,0.0
R_000477,11,0.0044,7.038800588187802e-05,0,1559,4,1559,7,1,1,7,1.0,-0.0,0.0
R_000478,4,0.0016,3.391215265639424e-05,0,1628,0,1628,6,1,3,6,1.0,-0.0,0.0
R_000479,10,0.004,6.501020694879308e-05,0,1559,4,1559,8,1,1,8,1.0,-0.0,0.0
R_000480,3,0.0012,2.7954163633170148e-05,0,3102,6,1531,5,1,2,5,1.0,-0.0,0.0
R_000481,4,0.0016,3.298836333185451e-05,0,3102,6,1531,6,1,2,6,1.0,-0.0,0.0
R_000482,7,0.0028,5.037961063075088e-05,0,1628,0,1628,6,1,3,6,1.0,-0.0,0.0
R_000483,10,0.004,6.259566086492017e-05,0,3102,1,1571,6,2,7,5,0.8333333333333334,0.4505612088663046,0.6500224216483541
R_000484,8,0.0032,5.600797606858316e-05,0,1628,0,1628,8,1,3,8,1.0,-0.0,0.0
R_000485,11,0.0044,7.159762383316901e-05,0,1562,3,1562,8,3,6,6,0.75,0.7356219397587946,0.6695919455357792
R_000486,9,0.0036,5.8388076139221864e-05,0,3102,6,1531,8,1,2,8,1.0,-0.0,0.0
R_000487,13,0.0052,7.838832203113869e-05,0,3102,6,1531,8,1,2,8,1.0,-0.0,0.0
R_000488,5,0.002,3.888229819514599e-05,0,1559,4,1559,5,1,1,5,1.0,-0.0,0.0
R_000489,13,0.0052,7.888386290734514e-05,0,3102,1,1571,7,3,7,5,0.7142857142857143,0.796311640173813,0.7248340915057598
R_000490,9,0.0036,6.0238454137226734e-05,0,1562,3,1562,7,2,6,6,0.8571428571428571,0.410116318288409,0.5916727785823274
R_000491,6,0.0024,4.7082951655270735e-05,0,1565,2,1565,7,2,5,6,0.8571428571428571,0.410116318288409,0.5916727785823274
R_000492,7,0.0028,5.028875869823053e-05,0,1628,0,1628,5,1,3,5,1.0,-0.0,0.0
R_000493,3,0.0012,2.8330626117407244e-05,0,1559,4,1559,6,1,1,6,1.0,-0.0,0.0
R_000494,9,0.0036,6.031711502922808e-05,0,1559,4,1559,7,1,1,7,1.0,-0.0,0.0
R_000495,7,0.0028,5.0228583254530056e-05,0,1628,0,1628,8,1,3,8,1.0,-0.0,0.0
R_000496,6,0.0024,4.830664403599425e-05,0,1565,2,1565,8,2,5,7,0.875,0.3767701612564367,0.5435644431995964
R_000497,6,0.0024,4.6809911965480256e-05,0,1565,2,1565,5,2,5,4,0.8,0.5004024235381879,0.7219280948873623
R_000498,8,0.0032,5.3067341181797074e-05,0,3102,6,1531,7,1,2,7,1.0,-0.0,0.0
R_000499,5,0.002,3.754906902906664e-05,0,1505,7,1505,6,1,4,6,1.0,-0.0,0.0
R_000500,9,0.0036,6.49278434568524e-05,0,1565,2,1565,6,1,5,6,1.0,-0.0,0.0
R_000501,12,0.0048,7.994748271647325e-05,0,1550,5,1550,8,1,0,8,1.0,-0.0,0.0
R_000502,6,0.0024,4.586525501608684e-05,0,1550,5,1550,5,1,0,5,1.0,-0.0,0.0
R_000503,9,0.0036,6.055930059924384e-05,0,1562,3,1562,8,3,6,6,0.75,0.7356219397587946,0.6695919455357792
R_000504,10,0.004,6.603308238777021e-05,0,1559,4,1559,8,1,1,8,1.0,-0.0,0.0
R_000505,6,0.0024,4.427344211797753e-05,0,1628,0,1628,5,1,3,5,1.0,-0.0,0.0
R_000506,4,0.0016,3.301034409125713e-05,0,3102,6,1531,6,1,2,6,1.0,-0.0,0.0
R_000507,5,0.002,3.907728094093054e-05,0,1562,3,1562,5,2,6,4,0.8,0.5004024235381879,0.7219280948873623
R_000508,5,0.002,3.894578661944932e-05,0,1559,4,1559,7,1,1,7,1.0,-0.0,0.0
R_000509,4,0.0016,3.289723478784278e-05,0,3102,1,1571,6,4,2,2,0.3333333333333333,1.3296613488547582,0.9591479170272448
R_000510,11,0.0044,6.825651695105128e-05,0,3102,6,1531,8,1,2,8,1.0,-0.0,0.0
R_000511,8,0.0032,5.6236831442496505e-05,0,1628,0,1628,5,1,3,5,1.0,-0.0,0.0
R_000512,10,0.004,6.325703431458524e-05,0,3102,1,1571,6,4,7,3,0.5,1.242453324894,0.8962406251802889
R_000513,5,0.002,3.7480036247781496e-05,0,1505,7,1505,6,1,4,6,1.0,-0.0,0.0
R_000514,5,0.002,3.748681634634891e-05,0,3102,1,1571,7,3,7,4,0.5714285714285714,0.9556998911125344,0.8699155297736259
R_000515,5,0.002,3.7592520367730434e-05,0,1505,7,1505,5,1,4,5,1.0,-0.0,0.0
R_000516,2,0.0008,2.3043493300557056e-05,0,1628,0,1628,6,1,3,6,1.0,-0.0,0.0
R_000517,11,0.0044,7.176864695785156e-05,0,1628,0,1628,7,1,3,7,1.0,-0.0,0.0
R_000518,6,0.0024,4.405648179981907e-05,0,1559,4,1559,6,1,1,6,1.0,-0.0,0.0
R_000519,5,0.002,4.137756223312269e-05,0,1565,2,1565,7,2,5,6,0.8571428571428571,0.410116318288409,0.5916727785823274
R_000520,7,0.0028,4.8472811646694766e-05,0,3102,6,1531,8,1,2,8,1.0,-0.0,0.0
R_000521,7,0.0028,4.985079591987225e-05,0,1562,3,1562,6,3,6,4,0.6666666666666666,0.8675632284814612,0.7896900821428474
R_000522,5,0.002,3.9452130256578636e-05,0,1628,0,1628,7,1,3,7,1.0,-0.0,0.0
R_000523,3,0.0012,2.7616895686478777e-05,0,3102,1,1571,5,3,7,3,0.6,0.9502705392332348,0.8649735207179272
R_000524,5,0.002,4.030783921558152e-05,0,1550,5,1550,6,1,0,6,1.0,-0.0,0.0
R_000525,11,0.0044,6.846651124237968e-05,0,1505,7,1505,8,1,4,8,1.0,-0.0,0.0
R_000526,9,0.0036,5.827815988403346e-05,0,3102,6,1531,6,1,2,6,1.0,-0.0,0.0
R_000527,3,0.0012,2.824712276510495e-05,0,1559,4,1559,5,1,1,5,1.0,-0.0,0.0
R_000528,14,0.0056,8.412953052585984e-05,0,3102,6,1531,7,1,2,7,1.0,-0.0,0.0
R_000529,5,0.002,3.958588790123508e-05,0,1562,3,1562,5,1,6,5,1.0,-0.0,0.0
R_000530,10,0.004,6.820275533451233e-05,0,1550,5,1550,6,1,0,6,1.0,-0.0,0.0
R_000531,14,0.0056,9.051061303603591e-05,0,1550,5,1550,6,1,0,6,1.0,-0.0,0.0
R_000532,4,0.0016,3.286436770497386e-05,0,3102,6,1531,5,1,2,5,1.0,-0.0,0.0
R_000533,10,0.004,6.275853270845593e-05,0,3102,6,1531,8,1,2,8,1.0,-0.0,0.0
R_000534,5,0.002,3.975370873611057e-05,0,1562,3,1562,5,1,6,5,1.0,-0.0,0.0
R_000535,4,0.0016,3.3067286721929463e-05,0,3102,1,1571,5,3,7,3,0.6,0.9502705392332348,0.8649735207179272
R_000536,17,0.0068,0.00010299367462060303,0,1562,3,1562,7,2,6,6,0.8571428571428571,0.410116318288409,0.5916727785823274
R_000537,5,0.002,3.8296817010555544e-05,0,1505,7,1505,7,1,4,7,1.0,-0.0,0.0
R_000538,9,0.0036,5.870842526843838e-05,0,3102,1,1571,7,4,7,3,0.4285714285714285,1.277034259466139,0.9211854965885544
R_000539,6,0.0024,4.576171385720657e-05,0,1550,5,1550,6,1,0,6,1.0,-0.0,0.0
R_000540,8,0.0032,5.503457679280496e-05,0,1559,4,1559,8,1,1,8,1.0,-0.0,0.0
R_000541,3,0.0012,2.995767241605526e-05,0,1565,2,1565,5,2,5,4,0.8,0.5004024235381879,0.7219280948873623
R_000542,3,0.0012,2.981219882120997e-05,0,1565,2,1565,5,1,5,5,1.0,-0.0,0.0
R_000543,5,0.002,4.052463786934864e-05,0,1565,2,1565,6,2,5,5,0.8333333333333334,0.4505612088663046,0.6500224216483541
R_000544,9,0.0036,5.7626772961402126e-05,0,1505,7,1505,6,1,4,6,1.0,-0.0,0.0
R_000545,8,0.0032,5.492507071087902e-05,0,1559,4,1559,7,1,1,7,1.0,-0.0,0.0
R_000546,6,0.0024,4.46237257607624e-05,0,1562,3,1562,5,2,6,4,0.8,0.5004024235381879,0.7219280948873623
R_000547,12,0.0048,8.153506867889316e-05,0,1565,2,1565,8,2,5,7,0.875,0.3767701612564367,0.5435644431995964
R_000548,10,0.004,7.11633832734452e-05,0,1565,2,1565,8,2,5,7,0.875,0.3767701612564367,0.5435644431995964
R_000549,6,0.0024,4.423431809090504e-05,0,1562,3,1562,6,1,6,6,1.0,-0.0,0.0
R_000550,8,0.0032,5.339373617140779e-05,0,3102,6,1531,7,1,2,7,1.0,-0.0,0.0
R_000551,11,0.0044,6.827187742928159e-05,0,1505,7,1505,8,1,4,8,1.0,-0.0,0.0
R_000552,5,0.002,3.824884220560515e-05,0,3102,6,1531,5,1,2,5,1.0,-0.0,0.0
R_000553,2,0.0008,2.249395431014276e-05,0,3102,6,1531,7,1,2,7,1.0,-0.0,0.0
R_000554,7,0.0028,4.8860016133083865e-05,0,3102,6,1531,6,1,2,6,1.0,-0.0,0.0
R_000555,6,0.0024,4.444824187501767e-05,0,1562,3,1562,5,2,6,4,0.8,0.5004024235381879,0.7219280948873623
R_000556,4,0.0016,3.3670825184125526e-05,0,1562,3,1562,7,3,6,5,0.7142857142857143,0.796311640173813,0.7248340915057598
R_000557,6,0.0024,4.6917020265698196e-05,0,1565,2,1565,7,2,5,6,0.8571428571428571,0.410116318288409,0.5916727785823274
R_000558,8,0.0032,5.445373892047602e-05,0,1559,4,1559,8,1,1,8,1.0,-0.0,0.0
R_000559,6,0.0024,4.4925957674759137e-05,0,1562,3,1562,5,3,6,3,0.6,0.9502705392332348,0.8649735207179272
R_000560,9,0.0036,6.088826820790319e-05,0,1628,0,1628,6,1,3,6,1.0,-0.0,0.0
R_000561,4,0.0016,3.390677346888455e-05,0,1628,0,1628,7,1,3,7,1.0,-0.0,0.0
R_000562,4,0.0016,3.279325465068197e-05,0,1505,7,1505,5,1,4,5,1.0,-0.0,0.0
R_000563,4,0.0016,3.3720343562282474e-05,0,1559,4,1559,5,1,1,5,1.0,-0.0,0.0
R_000564,1,0.0004,1.7729756321468442e-05,0,3102,6,1531,5,1,2,5,1.0,-0.0,0.0
R_000565,3,0.0012,2.7603041544988166e-05,0,1505,7,1505,6,1,4,6,1.0,-0.0,0.0
R_000566,8,0.0032,5.714899159163936e-05,0,1550,5,1550,6,1,0,6,1.0,-0.0,0.0
R_000567,5,0.002,3.952456263680598e-05,0,1628,0,1628,8,1,3,8,1.0,-0.0,0.0
R_000568,7,0.0028,5.339242622442869e-05,0,1565,2,1565,7,2,5,6,0.8571428571428571,0.410116318288409,0.5916727785823274
R_000569,11,0.0044,7.213936652049539e-05,0,1562,3,1562,8,2,6,7,0.875,0.3767701612564367,0.5435644431995964
R_000570,4,0.0016,3.395240286891171e-05,0,1628,0,1628,5,1,3,5,1.0,-0.0,0.0
R_000571,6,0.0024,4.370437602769214e-05,0,1559,4,1559,8,1,1,8,1.0,-0.0,0.0
R_000572,13,0.0052,7.865518523372785e-05,0,3102,1,1571,8,3,7,5,0.625,0.9002560512685369,0.8194483718728035
R_000573,9,0.0036,6.0821476021614825e-05,0,1628,0,1628,6,1,3,6,1.0,-0.0,0.0
R_000574,10,0.004,7.113203168177576e-05,0,1565,2,1565,8,2,5,7,0.875,0.3767701612564367,0.5435644431995964
R_000575,11,0.0044,7.29342319164856e-05,0,1628,0,1628,8,1,3,8,1.0,-0.0,0.0
R_000576,7,0.0028,5.0365191326409424e-05,0,1562,3,1562,6,2,6,5,0.8333333333333334,0.4505612088663046,0.6500224216483541
R_000577,5,0.002,3.927952122713288e-05,0,1628,0,1628,6,1,3,6,1.0,-0.0,0.0
R_000578,3,0.0012,2.7620011282121867e-05,0,3102,1,1571,5,3,7,3,0.6,0.9502705392332348,0.8649735207179272
R_000579,7,0.0028,5.175150889833823e-05,0,1550,5,1550,8,1,0,8,1.0,-0.0,0.0
R_000580,13,0.0052,8.274743963815394e-05,0,1628,0,1628,7,1,3,7,1.0,-0.0,0.0
R_000581,11,0.0044,7.27517971326613e-05,0,1628,0,1628,6,1,3,6,1.0,-0.0,0.0
R_000582,8,0.0032,5.25967882446288e-05,0,1505,7,1505,7,1,4,7,1.0,-0.0,0.0
R_000583,8,0.0032,5.270750562328699e-05,0,3102,1,1571,6,2,7,5,0.8333333333333334,0.4505612088663046,0.6500224216483541
R_000584,8,0.0032,5.4994726121021494e-05,0,1562,3,1562,7,3,6,5,0.7142857142857143,0.796311640173813,0.7248340915057598
R_000585,12,0.0048,7.295838488158316e-05,0,3102,1,1571,6,3,7,3,0.5,1.0114042647073518,0.920619835714305
R_000586,4,0.0016,3.306187359358645e-05,0,3102,6,1531,6,1,2,6,1.0,-0.0,0.0
R_000587,5,0.002,3.7580587846630825e-05,0,1505,7,1505,6,1,4,6,1.0,-0.0,0.0
R_000588,12,0.0048,7.869390192269903e-05,0,1628,0,1628,6,1,3,6,1.0,-0.0,0.0
R_000589,4,0.0016,3.3166465586853834e-05,0,3102,1,1571,5,3,7,3,0.6,0.9502705392332348,0.8649735207179272
R_000590,3,0.0012,2.857679573166233e-05,0,1628,0,1628,5,1,3,5,1.0,-0.0,0.0
R_000591,8,0.0032,5.543922191800545e-05,0,1628,0,1628,7,1,3,7,1.0,-0.0,0.0
R_000592,5,0.002,3.899040332722298e-05,0,1559,4,1559,5,1,1,5,1.0,-0.0,0.0
R_000593,7,0.0028,5.0852023546352754e-05,0,1628,0,1628,8,1,3,8,1.0,-0.0,0.0
R_000594,9,0.0036,5.876182302274613e-05,0,3102,1,1571,8,4,7,5,0.625,1.073542846408523,0.7743974703476992
R_000595,13,0.0052,7.863153339516197e-05,0,3102,1,1571,7,3,7,4,0.5714285714285714,0.9556998911125344,0.8699155297736259
R_000596,11,0.0044,7.580527086969318e-05,0,1565,2,1565,7,2,5,6,0.8571428571428571,0.410116318288409,0.5916727785823274
R_000597,7,0.0028,4.852811085945275e-05,0,3102,1,1571,5,3,7,3,0.6,0.9502705392332348,0.8649735207179272
R_000598,6,0.0024,4.264281979140624e-05,0,3102,6,1531,6,1,2,6,1.0,-0.0,0.0
R_000599,2,0.0008,2.232778498205066e-05,0,1505,7,1505,5,1,4,5,1.0,-0.0,0.0
R_000600,11,0.0044,7.348646357123714e-05,0,1628,0,1628,7,1,3,7,1.0,-0.0,0.0
R_000601,5,0.002,3.775892568944433e-05,0,3102,1,1571,5,2,7,4,0.8,0.5004024235381879,0.7219280948873623
R_000602,7,0.0028,4.988701659799552e-05,0,1628,0,1628,6,1,3,6,1.0,-0.0,0.0
R_000603,7,0.0028,5.1818736363838785e-05,0,1550,5,1550,8,1,0,8,1.0,-0.0,0.0
R_000604,4,0.0016,3.260999317474212e-05,0,3102,1,1571,5,2,7,3,0.6,0.6730116670092565,0.9709505944546688
R_000605,14,0.0056,9.15912288202299e-05,0,1550,5,1550,7,1,0,7,1.0,-0.0,0.0
R_000606,16,0.0064,9.415406188663519e-05,0,3102,1,1571,8,4,7,5,0.625,1.073542846408523,0.7743974703476992
R_000607,5,0.002,3.97921597319913e-05,0,1562,3,1562,8,3,6,6,0.75,0.7356219397587946,0.6695919455357792
R_000608,6,0.0024,4.3407983894743876e-05,0,3102,6,1531,6,1,2,6,1.0,-0.0,0.0
R_000609,8,0.0032,5.316909385132921e-05,0,3102,6,1531,7,1,2,7,1.0,-0.0,0.0
R_000610,8,0.0032,5.7794999709406e-05,0,1565,2,1565,8,2,5,7,0.875,0.3767701612564367,0.5435644431995964
R_000611,14,0.0056,9.107270176956279e-05,0,1550,5,1550,7,1,0,7,1.0,-0.0,0.0
R_000612,3,0.0012,2.8668380143226614e-05,0,1562,3,1562,8,3,6,6,0.75,0.7356219397587946,0.6695919455357792
R_000613,10,0.004,6.303856077853743e-05,0,3102,6,1531,5,1,2,5,1.0,-0.0,0.0
R_000614,10,0.004,7.109555103735128e-05,0,1565,2,1565,8,2,5,7,0.875,0.3767701612564367,0.5435644431995964
R_000615,3,0.0012,2.753929494922495e-05,0,1505,7,1505,6,1,4,6,1.0,-0.0,0.0
R_000616,3,0.0012,2.7501546602812552e-05,0,3102,1,1571,5,3,7,3,0.6,0.9502705392332348,0.8649735207179272
R_000617,6,0.0024,4.7290800089725805e-05,0,1565,2,1565,7,2,5,6,0.8571428571428571,0.410116318288409,0.5916727785823274
R_000618,9,0.0036,6.0511118177564e-05,0,1562,3,1562,6,2,6,5,0.8333333333333334,0.4505612088663046,0.6500224216483541
R_000619,8,0.0032,5.2666275108867775e-05,0,3102,1,1571,8,3,7,5,0.625,0.9002560512685369,0.8194483718728035
R_000620,6,0.0024,4.577315375755391e-05,0,1628,0,1628,7,1,3,7,1.0,-0.0,0.0
R_000621,13,0.0052,8.165339369026284e-05,0,1559,4,1559,8,1,1,8,1.0,-0.0,0.0
R_000622,5,0.002,3.7819606409931945e-05,0,1505,7,1505,6,1,4,6,1.0,-0.0,0.0
R_000623,11,0.0044,7.321762245900361e-05,0,1550,5,1550,8,1,0,8,1.0,-0.0,0.0
R_000624,8,0.0032,5.904223779853793e-05,0,1565,2,1565,8,1,5,8,1.0,-0.0,0.0
R_000625,14,0.0056,8.800236263879885e-05,0,1628,0,1628,8,1,3,8,1.0,-0.0,0.0
R_000626,9,0.0036,5.862719041059533e-05,0,3102,6,1531,6,1,2,6,1.0,-0.0,0.0
R_000627,3,0.0012,2.9561143027830577e-05,0,1550,5,1550,6,1,0,6,1.0,-0.0,0.0
R_000628,11,0.0044,6.999332386692084e-05,0,3102,1,1571,8,4,7,4,0.5,1.2130075659799042,0.875
R_000629,11,0.0044,7.215588228872109e-05,0,1628,0,1628,7,1,3,7,1.0,-0.0,0.0
R_000630,10,0.004,6.336992312334333e-05,0,3102,1,1571,6,4,2,2,0.3333333333333333,1.3296613488547582,0.9591479170272448
R_000631,8,0.0032,5.5786305854677574e-05,0,1559,4,1559,5,1,1,5,1.0,-0.0,0.0
R_000632,8,0.0032,5.3402874231966185e-05,0,3102,6,1531,5,1,2,5,1.0,-0.0,0.0
R_000633,3,0.0012,2.781508640917273e-05,0,3102,6,1531,5,1,2,5,1.0,-0.0,0.0
R_000634,8,0.0032,5.480184249035395e-05,0,1562,3,1562,7,2,6,6,0.8571428571428571,0.410116318288409,0.5916727785823274
R_000635,8,0.0032,5.594543950697202e-05,0,1628,0,1628,7,1,3,7,1.0,-0.0,0.0
R_000636,10,0.004,6.29111183937639e-05,0,1505,7,1505,7,1,4,7,1.0,-0.0,0.0
R_000637,8,0.0032,5.644530010358e-05,0,1628,0,1628,8,1,3,8,1.0,-0.0,0.0
R_000638,9,0.0036,5.8228684650279455e-05,0,1505,7,1505,7,1,4,7,1.0,-0.0,0.0
R_000639,7,0.0028,5.2655120403248735e-05,0,1565,2,1565,6,2,5,5,0.8333333333333334,0.4505612088663046,0.6500224216483541
R_000640,5,0.002,4.1844537587830806e-05,0,1565,2,1565,5,2,5,4,0.8,0.5004024235381879,0.7219280948873623
R_000641,9,0.0036,5.826330841658319e-05,0,3102,6,1531,7,1,2,7,1.0,-0.0,0.0
R_000642,4,0.0016,3.4310020839702815e-05,0,1562,3,1562,7,2,6,6,0.8571428571428571,0.410116318288409,0.5916727785823274
R_000643,6,0.0024,4.5049941432256704e-05,0,1628,0,1628,6,1,3,6,1.0,-0.0,0.0
R_000644,2,0.0008,2.2431442112956514e-05,0,3102,1,1571,5,3,7,3,0.6,0.9502705392332348,0.8649735207179272
R_000645,11,0.0044,6.709721817365534e-05,0,3102,1,1571,7,3,7,5,0.7142857142857143,0.796311640173813,0.7248340915057598
R_000646,14,0.0056,8.857689297894128e-05,0,1562,3,1562,8,3,6,6,0.75,0.7356219397587946,0.6695919455357792
R_000647,6,0.0024,4.422328793862337e-05,0,1559,4,1559,5,1,1,5,1.0,-0.0,0.0
R_000648,5,0.002,3.762688324051344e-05,0,1505,7,1505,6,1,4,6,1.0,-0.0,0.0
R_000649,4,0.0016,3.423750990324967e-05,0,1628,0,1628,5,1,3,5,1.0,-0.0,0.0
R_000650,7,0.0028,4.9181502845300096e-05,0,1559,4,1559,5,1,1,5,1.0,-0.0,0.0
R_000651,6,0.0024,4.472849352087334e-05,0,1628,0,1628,7,1,3,7,1.0,-0.0,0.0
R_000652,13,0.0052,8.171900028305478e-05,0,1559,4,1559,6,1,1,6,1.0,-0.0,0.0
R_000653,9,0.0036,6.478138836856131e-05,0,1565,2,1565,7,2,5,6,0.8571428571428571,0.410116318288409,0.5916727785823274
R_000654,5,0.002,3.9051009706804035e-05,0,1562,3,1562,5,3,6,3,0.6,0.9502705392332348,0.8649735207179272
R_000655,8,0.0032,5.950399690492499e-05,0,1565,2,1565,7,2,5,6,0.8571428571428571,0.410116318288409,0.5916727785823274
R_000656,13,0.0052,8.294992434400644e-05,0,1628,0,1628,6,1,3,6,1.0,-0.0,0.0
R_000657,10,0.004,6.692960236568494e-05,0,1562,3,1562,7,2,6,6,0.8571428571428571,0.410116318288409,0.5916727785823274
R_000658,9,0.0036,6.0213484978221286e-05,0,1559,4,1559,7,1,1,7,1.0,-0.0,0.0
R_000659,6,0.0024,4.363506171402744e-05,0,3102,1,1571,8,4,7,4,0.5,1.2130075659799042,0.875
R_000660,4,0.0016,3.2616273144777474e-05,0,3102,1,1571,5,2,7,4,0.8,0.5004024235381879,0.7219280948873623
R_000661,4,0.0016,3.3243034347720564e-05,0,1559,4,1559,6,1,1,6,1.0,-0.0,0.0
R_000662,9,0.0036,6.29821113236858e-05,0,1550,5,1550,7,1,0,7,1.0,-0.0,0.0
R_000663,9,0.0036,6.011554436561799e-05,0,1559,4,1559,7,1,1,7,1.0,-0.0,0.0
R_000664,10,0.004,6.713592447365686e-05,0,1628,0,1628,8,1,3,8,1.0,-0.0,0.0
R_000665,8,0.0032,5.864277584673282e-05,0,1565,2,1565,7,2,5,6,0.8571428571428571,0.410116318288409,0.5916727785823274
R_000666,4,0.0016,3.4851832523633394e-05,0,1550,5,1550,6,1,0,6,1.0,-0.0,0.0
R_000667,3,0.0012,2.7950019055652477e-05,0,3102,6,1531,5,1,2,5,1.0,-0.0,0.0
R_000668,11,0.0044,7.13071704045721e-05,0,1559,4,1559,7,1,1,7,1.0,-0.0,0.0
R_000669,7,0.0028,4.9793960635563015e-05,0,1562,3,1562,8,2,6,7,0.875,0.3767701612564367,0.5435644431995964
R_000670,6,0.0024,4.4695205978513256e-05,0,1559,4,1559,5,1,1,5,1.0,-0.0,0.0
R_000671,5,0.002,4.100434529535503e-05,0,1550,5,1550,5,1,0,5,1.0,-0.0,0.0
R_000672,11,0.0044,6.798810824652402e-05,0,1505,7,1505,7,1,4,7,1.0,-0.0,0.0
R_000673,3,0.0012,2.8486593265327237e-05,0,1628,0,1628,5,1,3,5,1.0,-0.0,0.0
R_000674,6,0.0024,4.348587162559951e-05,0,3102,6,1531,6,1,2,6,1.0,-0.0,0.0
R_000675,3,0.0012,2.910626567490785e-05,0,1550,5,1550,5,1,0,5,1.0,-0.0,0.0
R_000676,8,0.0032,5.323294788839868e-05,0,3102,6,1531,8,1,2,8,1.0,-0.0,0.0
R_000677,10,0.004,6.863700526246714e-05,0,1550,5,1550,8,1,0,8,1.0,-0.0,0.0
R_000678,10,0.004,6.682829759522168e-05,0,1562,3,1562,6,1,6,6,1.0,-0.0,0.0
R_000679,7,0.0028,5.0782212589173644e-05,0,1628,0,1628,6,1,3,6,1.0,-0.0,0.0
R_000680,7,0.0028,4.7544036610953795e-05,0,1505,7,1505,7,1,4,7,1.0,-0.0,0.0
R_000681,5,0.002,3.923141050885623e-05,0,1562,3,1562,5,2,6,4,0.8,0.5004024235381879,0.7219280948873623
R_000682,14,0.0056,8.253543625500582e-05,0,1505,7,1505,8,1,4,8,1.0,-0.0,0.0
R_000683,9,0.0036,5.904274120987283e-05,0,3102,6,1531,8,1,2,8,1.0,-0.0,0.0
R_000684,5,0.002,3.88110671154308e-05,0,1562,3,1562,6,2,6,5,0.8333333333333334,0.4505612088663046,0.6500224216483541
R_000685,12,0.0048,7.992100279271968e-05,0,1550,5,1550,7,1,0,7,1.0,-0.0,0.0
R_000686,2,0.0008,2.3514251092687162e-05,0,1550,5,1550,6,1,0,6,1.0,-0.0,0.0
R_000687,7,0.0028,4.7638752089005914e-05,0,3102,1,1571,6,3,7,4,0.6666666666666666,0.8675632284814612,0.7896900821428474
R_000688,10,0.004,6.574271054157704e-05,0,1562,3,1562,8,3,6,6,0.75,0.7356219397587946,0.6695919455357792
R_000689,12,0.0048,7.331087796195489e-05,0,1505,7,1505,7,1,4,7,1.0,-0.0,0.0
R_000690,9,0.0036,6.438243671188041e-05,0,1565,2,1565,8,1,5,8,1.0,-0.0,0.0
R_000691,13,0.0052,7.76527098521181e-05,0,1505,7,1505,7,1,4,7,1.0,-0.0,0.0
R_000692,11,0.0044,7.466656029464924e-05,0,1550,5,1550,7,1,0,7,1.0,-0.0,0.0
R_000693,5,0.002,3.91642485467765e-05,0,1559,4,1559,7,1,1,7,1.0,-0.0,0.0
R_000694,6,0.0024,4.639320230368333e-05,0,1550,5,1550,8,1,0,8,1.0,-0.0,0.0
R_000695,4,0.0016,3.595560859516657e-05,0,1565,2,1565,5,1,5,5,1.0,-0.0,0.0
R_000696,4,0.0016,3.4253210478795084e-05,0,1550,5,1550,6,1,0,6,1.0,-0.0,0.0
R_000697,12,0.0048,7.574421827551452e-05,0,1559,4,1559,8,1,1,8,1.0,-0.0,0.0
R_000698,12,0.0048,7.974853595162027e-05,0,1550,5,1550,8,1,0,8,1.0,-0.0,0.0
R_000699,2,0.0008,2.305464827408549e-05,0,1559,4,1559,8,1,1,8,1.0,-0.0,0.0
R_000700,7,0.0028,4.82738090127667e-05,0,1505,7,1505,5,1,4,5,1.0,-0.0,0.0
R_000701,7,0.0028,5.033292722307599e-05,0,1562,3,1562,7,3,6,5,0.7142857142857143,0.796311640173813,0.7248340915057598
R_000702,15,0.006,9.918676259183704e-05,0,1565,2,1565,8,1,5,8,1.0,-0.0,0.0
R_000703,7,0.0028,5.2009053461809466e-05,0,1550,5,1550,6,1,0,6,1.0,-0.0,0.0
R_000704,10,0.004,6.329872419937467e-05,0,3102,6,1531,7,1,2,7,1.0,-0.0,0.0
R_000705,10,0.004,6.645215415984196e-05,0,1628,0,1628,8,1,3,8,1.0,-0.0,0.0
R_000706,7,0.0028,4.797517291983613e-05,0,3102,1,1571,7,4,7,3,0.4285714285714285,1.277034259466139,0.9211854965885544
R_000707,8,0.0032,5.5508517372380856e-05,0,1562,3,1562,8,2,6,7,0.875,0.3767701612564367,0.5435644431995964
R_000708,2,0.0008,2.3769383024469525e-05,0,1565,2,1565,6,2,5,5,0.8333333333333334,0.4505612088663046,0.6500224216483541
R_000709,4,0.0016,3.3236255617126456e-05,0,1559,4,1559,5,1,1,5,1.0,-0.0,0.0
R_000710,4,0.0016,3.28017288215908e-05,0,3102,6,1531,5,1,2,5,1.0,-0.0,0.0
R_000711,5,0.002,3.765696515464258e-05,0,1505,7,1505,5,1,4,5,1.0,-0.0,0.0
R_000712,3,0.0012,2.771346734332042e-05,0,1505,7,1505,5,1,4,5,1.0,-0.0,0.0
R_000713,13,0.0052,8.259934162239976e-05,0,1559,4,1559,8,1,1,8,1.0,-0.0,0.0
R_000714,8,0.0032,5.297469260262416e-05,0,3102,6,1531,7,1,2,7,1.0,-0.0,0.0
R_000715,5,0.002,3.852719084658026e-05,0,3102,1,1571,5,4,7,2,0.4,1.3321790402101223,0.9609640474436812
R_000716,9,0.0036,6.246822884790306e-05,0,1550,5,1550,8,1,0,8,1.0,-0.0,0.0
R_000717,7,0.0028,5.019042530176566e-05,0,1559,4,1559,5,1,1,5,1.0,-0.0,0.0
R_000718,6,0.0024,4.258018580312048e-05,0,1505,7,1505,7,1,4,7,1.0,-0.0,0.0
R_000719,7,0.0028,4.8179755407542285e-05,0,3102,6,1531,6,1,2,6,1.0,-0.0,0.0
R_000720,5,0.002,3.721670595958574e-05,0,1505,7,1505,6,1,4,6,1.0,-0.0,0.0
R_000721,5,0.002,3.840684953813635e-05,0,3102,6,1531,6,1,2,6,1.0,-0.0,0.0
R_000722,3,0.0012,2.7727904237140684e-05,0,3102,6,1531,5,1,2,5,1.0,-0.0,0.0
R_000723,3,0.0012,2.8389690072157723e-05,0,1562,3,1562,6,2,6,5,0.8333333333333334,0.4505612088663046,0.6500224216483541
R_000724,5,0.002,4.0273816547809076e-05,0,1628,0,1628,6,1,3,6,1.0,-0.0,0.0
R_000725,9,0.0036,6.371482559462903e-05,0,1550,5,1550,8,1,0,8,1.0,-0.0,0.0
R_000726,9,0.0036,6.491846079379944e-05,0,1565,2,1565,8,2,5,7,0.875,0.3767701612564367,0.5435644431995964
R_000727,5,0.002,4.041717916789333e-05,0,1550,5,1550,6,1,0,6,1.0,-0.0,0.0
R_000728,18,0.0072,0.00010945144456962228,0,1562,3,1562,8,3,6,6,0.75,0.7356219397587946,0.6695919455357792
R_000729,5,0.002,3.771273929586739e-05,0,3102,6,1531,5,1,2,5,1.0,-0.0,0.0
R_000730,6,0.0024,4.411355195551952e-05,0,1559,4,1559,8,1,1,8,1.0,-0.0,0.0
R_000731,14,0.0056,8.342760919425571e-05,0,3102,1,1571,8,2,7,6,0.75,0.5623351446188083,0.8112781244591328
R_000732,7,0.0028,5.207052327408745e-05,0,1550,5,1550,6,1,0,6,1.0,-0.0,0.0
R_000733,13,0.0052,7.846702816919963e-05,0,1505,7,1505,7,1,4,7,1.0,-0.0,0.0
R_000734,6,0.0024,4.7530873205177044e-05,0,1565,2,1565,5,1,5,5,1.0,-0.0,0.0
R_000735,6,0.0024,4.844404742008573e-05,0,1565,2,1565,6,2,5,5,0.8333333333333334,0.4505612088663046,0.6500224216483541
R_000736,5,0.002,4.14929626736081e-05,0,1565,2,1565,5,1,5,5,1.0,-0.0,0.0
R_000737,5,0.002,3.720220284267805e-05,0,3102,1,1571,5,3,2,2,0.4,1.0549201679861442,0.9602297178607612
R_000738,3,0.0012,2.8888369030409873e-05,0,1628,0,1628,5,1,3,5,1.0,-0.0,0.0
R_000739,9,0.0036,6.518748373704898e-05,0,1565,2,1565,6,1,5,6,1.0,-0.0,0.0
R_000740,10,0.004,6.2752089763558e-05,0,3102,1,1571,7,2,7,5,0.7142857142857143,0.5982695885852573,0.8631205685666311
R_000741,6,0.0024,4.518714009406938e-05,0,1628,0,1628,8,1,3,8,1.0,-0.0,0.0
R_000742,7,0.0028,4.794788694896055e-05,0,1505,7,1505,6,1,4,6,1.0,-0.0,0.0
R_000743,10,0.004,6.254268048741323e-05,0,3102,1,1571,8,3,7,6,0.75,0.7356219397587946,0.6695919455357792
R_000744,4,0.0016,3.301079625229676e-05,0,1505,7,1505,5,1,4,5,1.0,-0.0,0.0
R_000745,6,0.0024,4.324624085782511e-05,0,3102,6,1531,5,1,2,5,1.0,-0.0,0.0
R_000746,7,0.0028,5.011953079307171e-05,0,1628,0,1628,8,1,3,8,1.0,-0.0,0.0
R_000747,10,0.004,6.737690022291558e-05,0,1628,0,1628,6,1,3,6,1.0,-0.0,0.0
R_000748,10,0.004,6.82366877966739e-05,0,1550,5,1550,7,1,0,7,1.0,-0.0,0.0
R_000749,5,0.002,3.900376085703272e-05,0,1562,3,1562,6,2,6,5,0.8333333333333334,0.4505612088663046,0.6500224216483541
R_000750,6,0.0024,4.388154732803103e-05,0,1559,4,1559,6,1,1,6,1.0,-0.0,0.0
R_000751,6,0.0024,4.7378060152163e-05,0,1565,2,1565,7,2,5,6,0.8571428571428571,0.410116318288409,0.5916727785823274
R_000752,13,0.0052,8.543283691678305e-05,0,1550,5,1550,8,1,0,8,1.0,-0.0,0.0
R_000753,7,0.0028,5.0168891156452564e-05,0,1628,0,1628,6,1,3,6,1.0,-0.0,0.0
R_000754,14,0.0056,9.368887781938191e-05,0,1565,2,1565,8,2,5,7,0.875,0.3767701612564367,0.5435644431995964
R_000755,6,0.0024,4.575407166668933e-05,0,1550,5,1550,6,1,0,6,1.0,-0.0,0.0
R_000756,3,0.0012,2.7694603351398075e-05,0,3102,6,1531,5,1,2,5,1.0,-0.0,0.0
R_000757,5,0.002,4.1448275190000745e-05,0,1565,2,1565,5,2,5,4,0.8,0.5004024235381879,0.7219280948873623
R_000758,6,0.0024,4.424268326977378e-05,0,1559,4,1559,6,1,1,6,1.0,-0.0,0.0
R_000759,15,0.006,9.6770545850885e-05,0,1550,5,1550,8,1,0,8,1.0,-0.0,0.0
R_000760,6,0.0024,4.3026340652382114e-05,0,1505,7,1505,6,1,4,6,1.0,-0.0,0.0
R_000761,4,0.0016,3.545051064534985e-05,0,1565,2,1565,5,1,5,5,1.0,-0.0,0.0
R_000762,6,0.0024,4.4358445382037794e-05,0,1562,3,1562,8,3,6,6,0.75,0.7356219397587946,0.6695919455357792
R_000763,5,0.002,4.195600771318895e-05,0,1565,2,1565,5,2,5,4,0.8,0.5004024235381879,0.7219280948873623
R_000764,5,0.002,3.728259931474584e-05,0,1505,7,1505,5,1,4,5,1.0,-0.0,0.0
R_000765,6,0.0024,4.282949644088621e-05,0,3102,1,1571,6,2,7,4,0.6666666666666666,0.6365141682948128,0.9182958340544894
R_000766,3,0.0012,2.9001226784781745e-05,0,1550,5,1550,6,1,0,6,1.0,-0.0,0.0
R_000767,3,0.0012,2.9455719692319054e-05,0,1565,2,1565,6,2,5,5,0.8333333333333334,0.4505612088663046,0.6500224216483541
R_000768,3,0.0012,2.752567417517793e-05,0,3102,1,1571,6,4,7,3,0.5,1.242453324894,0.8962406251802889
R_000769,7,0.0028,5.024022644010751e-05,0,1559,4,1559,6,1,1,6,1.0,-0.0,0.0
R_000770,10,0.004,6.246349831060025e-05,0,3102,1,1571,7,4,7,4,0.5714285714285714,1.1537419427010902,0.8322488896002307
R_000771,11,0.0044,6.875141736841165e-05,0,3102,1,1571,8,3,7,5,0.625,0.9002560512685369,0.8194483718728035
R_000772,5,0.002,4.135132678256272e-05,0,1550,5,1550,8,1,0,8,1.0,-0.0,0.0
R_000773,10,0.004,6.86857760846737e-05,0,1550,5,1550,8,1,0,8,1.0,-0.0,0.0
R_000774,3,0.0012,2.967813998678808e-05,0,1565,2,1565,6,2,5,5,0.8333333333333334,0.4505612088663046,0.6500224216483541
R_000775,5,0.002,3.791749664940943e-05,0,3102,1,1571,5,3,7,3,0.6,0.9502705392332348,0.8649735207179272
R_000776,16,0.0064,0.00010191387173106973,0,1550,5,1550,8,1,0,8,1.0,-0.0,0.0
R_000777,4,0.0016,3.412286906005762e-05,0,1628,0,1628,6,1,3,6,1.0,-0.0,0.0
R_000778,5,0.002,3.9604137095931364e-05,0,1628,0,1628,5,1,3,5,1.0,-0.0,0.0
R_000779,3,0.0012,2.756301022205712e-05,0,1505,7,1505,5,1,4,5,1.0,-0.0,0.0
R_000780,7,0.0028,5.340015180798143e-05,0,1565,2,1565,5,1,5,5,1.0,-0.0,0.0
R_000781,6,0.0024,4.583689120107564e-05,0,1550,5,1550,7,1,0,7,1.0,-0.0,0.0
R_000782,10,0.004,6.535252846448309e-05,0,1559,4,1559,8,1,1,8,1.0,-0.0,0.0
R_000783,5,0.002,3.982540269107799e-05,0,1550,5,1550,7,1,0,7,1.0,-0.0,0.0
R_000784,15,0.006,8.921952044993514e-05,0,3102,1,1571,8,4,7,5,0.625,1.073542846408523,0.7743974703476992
R_000785,7,0.0028,4.961262735977827e-05,0,1562,3,1562,6,2,6,5,0.8333333333333334,0.4505612088663046,0.6500224216483541
R_000786,17,0.0068,0.00010400010605154417,0,1562,3,1562,8,2,6,7,0.875,0.3767701612564367,0.5435644431995964
R_000787,7,0.0028,4.892478976875469e-05,0,3102,6,1531,6,1,2,6,1.0,-0.0,0.0
R_000788,7,0.0028,5.0535530242941436e-05,0,1628,0,1628,6,1,3,6,1.0,-0.0,0.0
R_000789,5,0.002,3.748463092096459e-05,0,3102,1,1571,6,3,7,4,0.6666666666666666,0.8675632284814612,0.7896900821428474
R_000790,6,0.0024,4.2536754112665495e-05,0,3102,1,1571,6,3,7,4,0.6666666666666666,0.8675632284814612,0.7896900821428474
R_000791,4,0.0016,3.563862218335882e-05,0,1565,2,1565,6,1,5,6,1.0,-0.0,0.0
R_000792,6,0.0024,4.437652421540715e-05,0,1559,4,1559,5,1,1,5,1.0,-0.0,0.0
R_000793,7,0.0028,5.0205733270408604e-05,0,1559,4,1559,7,1,1,7,1.0,-0.0,0.0
R_000794,14,0.0056,9.129853670224366e-05,0,1550,5,1550,8,1,0,8,1.0,-0.0,0.0
R_000795,6,0.0024,4.3957738229760375e-05,0,1562,3,1562,5,2,6,4,0.8,0.5004024235381879,0.7219280948873623
R_000796,9,0.0036,6.277567564950525e-05,0,1550,5,1550,6,1,0,6,1.0,-0.0,0.0
R_000797,9,0.0036,6.144511306304716e-05,0,1628,0,1628,8,1,3,8,1.0,-0.0,0.0
R_000798,10,0.004,6.40147451048809e-05,0,3102,6,1531,8,1,2,8,1.0,-0.0,0.0
R_000799,5,0.002,3.926170358569532e-05,0,1628,0,1628,6,1,3,6,1.0,-0.0,0.0
R_000800,12,0.0048,8.155726618331375e-05,0,1565,2,1565,7,2,5,6,0.8571428571428571,0.410116318288409,0.5916727785823274
R_000801,10,0.004,6.279320797242229e-05,0,1505,7,1505,7,1,4,7,1.0,-0.0,0.0
R_000802,3,0.0012,2.8899602420230137e-05,0,1550,5,1550,5,1,0,5,1.0,-0.0,0.0
R_000803,8,0.0032,5.600912820790522e-05,0,1628,0,1628,5,1,3,5,1.0,-0.0,0.0
R_000804,3,0.0012,2.8413491916874002e-05,0,1559,4,1559,5,1,1,5,1.0,-0.0,0.0
R_000805,4,0.0016,3.553438960922031e-05,0,1565,2,1565,5,1,5,5,1.0,-0.0,0.0
R_000806,6,0.0024,4.271632267204546e-05,0,1505,7,1505,6,1,4,6,1.0,-0.0,0.0
R_000807,10,0.004,6.384013196908003e-05,0,3102,6,1531,5,1,2,5,1.0,-0.0,0.0
R_000808,10,0.004,7.027025597043952e-05,0,1565,2,1565,7,2,5,6,0.8571428571428571,0.410116318288409,0.5916727785823274
R_000809,10,0.004,7.092778704652666e-05,0,1565,2,1565,8,1,5,8,1.0,-0.0,0.0
R_000810,6,0.0024,4.439727231355305e-05,0,1559,4,1559,6,1,1,6,1.0,-0.0,0.0
R_000811,11,0.0044,7.435127299075136e-05,0,1550,5,1550,5,1,0,5,1.0,-0.0,0.0
R_000812,5,0.002,3.784454266171142e-05,0,3102,1,1571,6,2,7,4,0.6666666666666666,0.6365141682948128,0.9182958340544894
R_000813,10,0.004,6.730025201083955e-05,0,1628,0,1628,8,1,3,8,1.0,-0.0,0.0
R_000814,11,0.0044,7.071818090357658e-05,0,1562,3,1562,8,3,6,6,0.75,0.7356219397587946,0.6695919455357792
R_000815,7,0.0028,4.8714166898316044e-05,0,3102,1,1571,6,3,7,3,0.5,1.0114042647073518,0.920619835714305
R_000816,9,0.0036,5.7228273413967534e-05,0,1505,7,1505,8,1,4,8,1.0,-0.0,0.0
R_000817,3,0.0012,2.75306544462758e-05,0,3102,1,1571,5,3,7,3,0.6,0.9502705392332348,0.8649735207179272
R_000818,14,0.0056,8.50427827349852e-05,0,3102,6,1531,8,1,2,8,1.0,-0.0,0.0
R_000819,13,0.0052,7.876051114920467e-05,0,3102,1,1571,8,3,7,5,0.625,0.9002560512685369,0.8194483718728035
R_000820,6,0.0024,4.571953870588123e-05,0,1550,5,1550,8,1,0,8,1.0,-0.0,0.0
R_000821,5,0.002,3.780702034368176e-05,0,1505,7,1505,5,1,4,5,1.0,-0.0,0.0
R_000822,5,0.002,3.727949928043775e-05,0,1505,7,1505,5,1,4,5,1.0,-0.0,0.0
R_000823,4,0.0016,3.453169234309906e-05,0,1628,0,1628,5,1,3,5,1.0,-0.0,0.0
R_000824,3,0.0012,2.987872629216296e-05,0,1565,2,1565,6,2,5,5,0.8333333333333334,0.4505612088663046,0.6500224216483541
R_000825,8,0.0032,5.2838537681861414e-05,0,3102,1,1571,7,3,7,4,0.5714285714285714,0.9556998911125344,0.8699155297736259
R_000826,2,0.0008,2.342317104108419e-05,0,1562,3,1562,5,1,6,5,1.0,-0.0,0.0
R_000827,3,0.0012,2.992673247512395e-05,0,1565,2,1565,5,2,5,4,0.8,0.5004024235381879,0.7219280948873623
R_000828,1,0.0004,1.753306408766648e-05,0,1559,4,1559,5,1,1,5,1.0,-0.0,0.0
R_000829,8,0.0032,5.270451680910881e-05,0,3102,1,1571,8,3,7,6,0.75,0.7356219397587946,0.6695919455357792
R_000830,12,0.0048,7.448479512882072e-05,0,3102,1,1571,7,2,7,5,0.7142857142857143,0.5982695885852573,0.8631205685666311
R_000831,5,0.002,3.962727281059472e-05,0,1628,0,1628,5,1,3,5,1.0,-0.0,0.0
R_000832,5,0.002,3.953920979912982e-05,0,1628,0,1628,5,1,3,5,1.0,-0.0,0.0
R_000833,5,0.002,3.807011036991419e-05,0,3102,1,1571,6,3,7,3,0.5,1.0114042647073518,0.920619835714305
R_000834,10,0.004,6.559281304158693e-05,0,1559,4,1559,7,1,1,7,1.0,-0.0,0.0
R_000835,13,0.0052,8.353721966848727e-05,0,1628,0,1628,8,1,3,8,1.0,-0.0,0.0
R_000836,10,0.004,6.762521047561249e-05,0,1550,5,1550,8,1,0,8,1.0,-0.0,0.0
R_000837,6,0.0024,4.700216137570104e-05,0,1565,2,1565,5,2,5,4,0.8,0.5004024235381879,0.7219280948873623
R_000838,5,0.002,3.752885772845724e-05,0,1505,7,1505,5,1,4,5,1.0,-0.0,0.0
R_000839,9,0.0036,5.981741036961992e-05,0,1559,4,1559,6,1,1,6,1.0,-0.0,0.0
R_000840,5,0.002,3.927515396143651e-05,0,1562,3,1562,5,2,6,4,0.8,0.5004024235381879,0.7219280948873623
R_000841,11,0.0044,7.109187070650241e-05,0,1559,4,1559,7,1,1,7,1.0,-0.0,0.0
R_000842,4,0.0016,3.404102419303868e-05,0,1628,0,1628,6,1,3,6,1.0,-0.0,0.0
R_000843,5,0.002,3.746012940404605e-05,0,3102,1,1571,6,2,7,5,0.8333333333333334,0.4505612088663046,0.6500224216483541
R_000844,4,0.0016,3.243104841423844e-05,0,3102,1,1571,5,3,7,3,0.6,0.9502705392332348,0.8649735207179272
R_000845,10,0.004,7.070294621744655e-05,0,1565,2,1565,8,2,5,7,0.875,0.3767701612564367,0.5435644431995964
R_000846,8,0.0032,5.3047072859557115e-05,0,1505,7,1505,6,1,4,6,1.0,-0.0,0.0
R_000847,4,0.0016,3.2636788154369186e-05,0,1505,7,1505,5,1,4,5,1.0,-0.0,0.0
R_000848,3,0.0012,3.0325999300656226e-05,0,1565,2,1565,5,1,5,5,1.0,-0.0,0.0
R_000849,3,0.0012,2.751151266171692e-05,0,3102,1,1571,5,4,7,2,0.4,1.3321790402101223,0.9609640474436812
R_000850,3,0.0012,2.9098934484299138e-05,0,1550,5,1550,5,1,0,5,1.0,-0.0,0.0
R_000851,1,0.0004,1.8303817712540025e-05,0,1565,2,1565,5,2,5,4,0.8,0.5004024235381879,0.7219280948873623
R_000852,3,0.0012,2.7693753585012575e-05,0,3102,1,1571,6,4,7,3,0.5,1.242453324894,0.8962406251802889
R_000853,5,0.002,3.8100578922404045e-05,0,3102,1,1571,5,2,7,4,0.8,0.5004024235381879,0.7219280948873623
R_000854,10,0.004,6.950789041758839e-05,0,1565,2,1565,7,2,5,6,0.8571428571428571,0.410116318288409,0.5916727785823274
R_000855,9,0.0036,5.726124076406012e-05,0,1505,7,1505,7,1,4,7,1.0,-0.0,0.0
R_000856,6,0.0024,4.25443101431711e-05,0,3102,1,1571,5,2,7,4,0.8,0.5004024235381879,0.7219280948873623
R_000857,4,0.0016,3.422456607886484e-05,0,1550,5,1550,8,1,0,8,1.0,-0.0,0.0
R_000858,11,0.0044,7.094756422559223e-05,0,1562,3,1562,6,3,6,4,0.6666666666666666,0.8675632284814612,0.7896900821428474
R_000859,2,0.0008,2.240000196777519e-05,0,3102,1,1571,5,2,7,4,0.8,0.5004024235381879,0.7219280948873623
R_000860,8,0.0032,5.286531978366893e-05,0,1505,7,1505,5,1,4,5,1.0,-0.0,0.0
R_000861,4,0.0016,3.4242302297338286e-05,0,1550,5,1550,5,1,0,5,1.0,-0.0,0.0
R_000862,3,0.0012,2.8897272407041963e-05,0,1628,0,1628,5,1,3,5,1.0,-0.0,0.0
R_000863,11,0.0044,7.149032785794962e-05,0,1559,4,1559,7,1,1,7,1.0,-0.0,0.0
R_000864,7,0.0028,4.7796860296622285e-05,0,3102,1,1571,7,4,7,4,0.5714285714285714,1.1537419427010902,0.8322488896002307
R_000865,4,0.0016,3.3862543631480715e-05,0,1559,4,1559,5,1,1,5,1.0,-0.0,0.0
R_000866,12,0.0048,7.373387974972425e-05,0,3102,1,1571,6,2,7,5,0.8333333333333334,0.4505612088663046,0.6500224216483541
R_000867,4,0.0016,3.3837332512900225e-05,0,1559,4,1559,5,1,1,5,1.0,-0.0,0.0
R_000868,6,0.0024,4.316379891289766e-05,0,3102,1,1571,7,3,7,4,0.5714285714285714,0.9556998911125344,0.8699155297736259
R_000869,3,0.0012,2.8141937466195994e-05,0,1559,4,1559,5,1,1,5,1.0,-0.0,0.0
R_000870,9,0.0036,5.802501357131053e-05,0,3102,1,1571,6,2,7,4,0.6666666666666666,0.6365141682948128,0.9182958340544894
R_000871,7,0.0028,4.7366083702852e-05,0,1505,7,1505,7,1,4,7,1.0,-0.0,0.0
R_000872,2,0.0008,2.2550460181481374e-05,0,3102,6,1531,5,1,2,5,1.0,-0.0,0.0
R_000873,9,0.0036,6.009760855781408e-05,0,1559,4,1559,7,1,1,7,1.0,-0.0,0.0
R_000874,15,0.006,8.837317857421232e-05,0,1505,7,1505,8,1,4,8,1.0,-0.0,0.0
R_000875,14,0.0056,9.358295819807805e-05,0,1565,2,1565,8,1,5,8,1.0,-0.0,0.0
R_000876,6,0.0024,4.4049666912714274e-05,0,1562,3,1562,6,2,6,5,0.8333333333333334,0.4505612088663046,0.6500224216483541
R_000877,16,0.0064,0.00010041587067544151,0,1628,0,1628,7,1,3,7,1.0,-0.0,0.0
R_000878,9,0.0036,5.809894092597531e-05,0,3102,1,1571,8,4,7,5,0.625,1.073542846408523,0.7743974703476992
R_000879,7,0.0028,5.317634365950185e-05,0,1565,2,1565,7,2,5,6,0.8571428571428571,0.410116318288409,0.5916727785823274
R_000880,5,0.002,4.1415719731720276e-05,0,1565,2,1565,6,2,5,5,0.8333333333333334,0.4505612088663046,0.6500224216483541
R_000881,0,0.0,1.2023710757614017e-05,1,1,8,1,5,4,7,2,0.4,1.3321790402101223,0.9609640474436812
R_000882,9,0.0036,6.21942704582277e-05,0,1550,5,1550,8,1,0,8,1.0,-0.0,0.0
R_000883,4,0.0016,3.4101209546400134e-05,0,1559,4,1559,6,1,1,6,1.0,-0.0,0.0
R_000884,10,0.004,6.83034351378451e-05,0,1550,5,1550,8,1,0,8,1.0,-0.0,0.0
R_000885,5,0.002,3.9912463077711844e-05,0,1628,0,1628,5,1,3,5,1.0,-0.0,0.0
R_000886,5,0.002,4.0491999202655724e-05,0,1550,5,1550,6,1,0,6,1.0,-0.0,0.0
R_000887,10,0.004,6.410742168437224e-05,0,3102,6,1531,8,1,2,8,1.0,-0.0,0.0
R_000888,4,0.0016,3.572615604665798e-05,0,1565,2,1565,7,2,5,6,0.8571428571428571,0.410116318288409,0.5916727785823274
R_000889,4,0.0016,3.307477548523511e-05,0,3102,6,1531,5,1,2,5,1.0,-0.0,0.0
R_000890,9,0.0036,6.457046395005821e-05,0,1565,2,1565,5,1,5,5,1.0,-0.0,0.0
R_000891,6,0.0024,4.675381104984669e-05,0,1565,2,1565,6,1,5,6,1.0,-0.0,0.0
R_000892,4,0.0016,3.609365425925263e-05,0,1565,2,1565,5,1,5,5,1.0,-0.0,0.0
R_000893,13,0.0052,7.930890051748584e-05,0,3102,1,1571,8,3,7,5,0.625,0.9002560512685369,0.8194483718728035
R_000894,6,0.0024,4.437217720169152e-05,0,1559,4,1559,7,1,1,7,1.0,-0.0,0.0
R_000895,7,0.0028,4.790318042227319e-05,0,1505,7,1505,7,1,4,7,1.0,-0.0,0.0
R_000896,9,0.0036,5.8092105348477424e-05,0,3102,6,1531,7,1,2,7,1.0,-0.0,0.0
R_000897,8,0.0032,5.558453456115187e-05,0,1562,3,1562,8,3,6,6,0.75,0.7356219397587946,0.6695919455357792
R_000898,7,0.0028,5.196927295312574e-05,0,1550,5,1550,8,1,0,8,1.0,-0.0,0.0
R_000899,3,0.0012,2.981766924719855e-05,0,1565,2,1565,6,2,5,5,0.8333333333333334,0.4505612088663046,0.6500224216483541
R_000900,14,0.0056,8.750357298875798e-05,0,1559,4,1559,8,1,1,8,1.0,-0.0,0.0
R_000901,6,0.0024,4.343302078989781e-05,0,1505,7,1505,7,1,4,7,1.0,-0.0,0.0
R_000902,5,0.002,3.7407532938374776e-05,0,3102,1,1571,6,3,7,4,0.6666666666666666,0.8675632284814612,0.7896900821428474
R_000903,4,0.0016,3.3545205569587846e-05,0,1559,4,1559,5,1,1,5,1.0,-0.0,0.0
R_000904,9,0.0036,5.818450502947349e-05,0,3102,1,1571,8,3,7,6,0.75,0.7356219397587946,0.6695919455357792
R_000905,11,0.0044,7.609978169051443e-05,0,1565,2,1565,6,1,5,6,1.0,-0.0,0.0
R_000906,1,0.0004,1.827407746586405e-05,0,1565,2,1565,5,1,5,5,1.0,-0.0,0.0
R_000907,5,0.002,3.879720034584313e-05,0,1559,4,1559,5,1,1,5,1.0,-0.0,0.0
R_000908,15,0.006,8.993611839780377e-05,0,3102,6,1531,8,1,2,8,1.0,-0.0,0.0
R_000909,17,0.0068,9.905932599824282e-05,0,3102,1,1571,8,3,7,5,0.625,0.9002560512685369,0.8194483718728035
R_000910,8,0.0032,5.390135150973515e-05,0,3102,6,1531,6,1,2,6,1.0,-0.0,0.0
R_000911,10,0.004,6.254986196611634e-05,0,1505,7,1505,8,1,4,8,1.0,-0.0,0.0
R_000912,5,0.002,3.863250977754852e-05,0,1562,3,1562,8,3,6,6,0.75,0.7356219397587946,0.6695919455357792
R_000913,7,0.0028,4.741864073456817e-05,0,3102,1,1571,5,2,7,4,0.8,0.5004024235381879,0.7219280948873623
R_000914,10,0.004,6.64635102623572e-05,0,1562,3,1562,8,3,6,6,0.75,0.7356219397587946,0.6695919455357792
R_000915,13,0.0052,7.933957069823393e-05,0,3102,6,1531,8,1,2,8,1.0,-0.0,0.0
R_000916,7,0.0028,4.900884463953701e-05,0,3102,6,1531,6,1,2,6,1.0,-0.0,0.0
R_000917,4,0.0016,3.379021021977786e-05,0,1562,3,1562,6,3,6,4,0.6666666666666666,0.8675632284814612,0.7896900821428474
R_000918,13,0.0052,8.509673880642707e-05,0,1550,5,1550,8,1,0,8,1.0,-0.0,0.0
R_000919,4,0.0016,3.3172358723432476e-05,0,3102,1,1571,5,3,2,2,0.4,1.0549201679861442,0.9602297178607612
R_000920,5,0.002,4.141819737603011e-05,0,1565,2,1565,8,2,5,7,0.875,0.3767701612564367,0.5435644431995964
R_000921,13,0.0052,7.858142282197994e-05,0,1505,7,1505,8,1,4,8,1.0,-0.0,0.0
R_000922,6,0.0024,4.392193013668914e-05,0,1559,4,1559,5,1,1,5,1.0,-0.0,0.0
R_000923,10,0.004,6.648337676504709e-05,0,1628,0,1628,8,1,3,8,1.0,-0.0,0.0
R_000924,4,0.0016,3.400705247673208e-05,0,1559,4,1559,6,1,1,6,1.0,-0.0,0.0
R_000925,4,0.0016,3.389536610566739e-05,0,1628,0,1628,6,1,3,6,1.0,-0.0,0.0
R_000926,4,0.0016,3.3893265315477435e-05,0,1562,3,1562,7,3,6,5,0.7142857142857143,0.796311640173813,0.7248340915057598
R_000927,6,0.0024,4.469657928839846e-05,0,1559,4,1559,6,1,1,6,1.0,-0.0,0.0
R_000928,2,0.0008,2.378925761625307e-05,0,1565,2,1565,5,2,5,4,0.8,0.5004024235381879,0.7219280948873623
R_000929,6,0.0024,4.469486460033653e-05,0,1562,3,1562,6,1,6,6,1.0,-0.0,0.0
R_000930,8,0.0032,5.4882053172594766e-05,0,1562,3,1562,7,3,6,5,0.7142857142857143,0.796311640173813,0.7248340915057598
R_000931,8,0.0032,5.638036581622493e-05,0,1628,0,1628,7,1,3,7,1.0,-0.0,0.0
R_000932,9,0.0036,6.0095617018567485e-05,0,1559,4,1559,8,1,1,8,1.0,-0.0,0.0
R_000933,6,0.0024,4.445428645951628e-05,0,1562,3,1562,6,2,6,5,0.8333333333333334,0.4505612088663046,0.6500224216483541
R_000934,1,0.0004,1.7304611830754313e-05,0,1505,7,1505,5,1,4,5,1.0,-0.0,0.0
R_000935,6,0.0024,4.6559541167581355e-05,0,1550,5,1550,7,1,0,7,1.0,-0.0,0.0
R_000936,10,0.004,6.310526522463488e-05,0,3102,1,1571,7,2,7,6,0.8571428571428571,0.410116318288409,0.5916727785823274
R_000937,2,0.0008,2.342620904609929e-05,0,1550,5,1550,5,1,0,5,1.0,-0.0,0.0
R_000938,8,0.0032,5.587525934073663e-05,0,1562,3,1562,8,2,6,7,0.875,0.3767701612564367,0.5435644431995964
R_000939,8,0.0032,5.3586982634319574e-05,0,1505,7,1505,8,1,4,8,1.0,-0.0,0.0
R_000940,6,0.0024,4.390902487494144e-05,0,1559,4,1559,7,1,1,7,1.0,-0.0,0.0
R_000941,7,0.0028,4.75317071453857e-05,0,1505,7,1505,6,1,4,6,1.0,-0.0,0.0
R_000942,6,0.0024,4.288119713421034e-05,0,3102,1,1571,5,3,7,3,0.6,0.9502705392332348,0.8649735207179272
R_000943,10,0.004,6.774948177069741e-05,0,1628,0,1628,7,1,3,7,1.0,-0.0,0.0
R_000944,5,0.002,3.8100055476770175e-05,0,3102,6,1531,5,1,2,5,1.0,-0.0,0.0
R_000945,4,0.0016,3.424999776907767e-05,0,1559,4,1559,5,1,1,5,1.0,-0.0,0.0
R_000946,6,0.0024,4.520300981112491e-05,0,1550,5,1550,7,1,0,7,1.0,-0.0,0.0
R_000947,12,0.0048,7.688484136431333e-05,0,1559,4,1559,7,1,1,7,1.0,-0.0,0.0
R_000948,3,0.0012,2.8429748769966645e-05,0,1562,3,1562,6,2,6,5,0.8333333333333334,0.4505612088663046,0.6500224216483541
R_000949,9,0.0036,5.8500716327817774e-05,0,3102,1,1571,7,4,7,3,0.4285714285714285,1.277034259466139,0.9211854965885544
R_000950,5,0.002,4.077741411198419e-05,0,1550,5,1550,6,1,0,6,1.0,-0.0,0.0
R_000951,10,0.004,6.286213290833093e-05,0,3102,1,1571,8,4,7,5,0.625,1.073542846408523,0.7743974703476992
R_000952,13,0.0052,8.168022064734639e-05,0,1562,3,1562,8,3,6,6,0.75,0.7356219397587946,0.6695919455357792
R_000953,4,0.0016,3.2614382743519444e-05,0,3102,6,1531,7,1,2,7,1.0,-0.0,0.0
R_000954,13,0.0052,8.187543064121445e-05,0,1559,4,1559,8,1,1,8,1.0,-0.0,0.0
R_000955,11,0.0044,6.816480688445756e-05,0,1505,7,1505,7,1,4,7,1.0,-0.0,0.0
R_000956,8,0.0032,5.5514018864420636e-05,0,1628,0,1628,7,1,3,7,1.0,-0.0,0.0
R_000957,9,0.0036,5.7645326194688103e-05,0,3102,1,1571,8,4,7,4,0.5,1.2130075659799042,0.875
R_000958,7,0.0028,5.071913236216929e-05,0,1628,0,1628,7,1,3,7,1.0,-0.0,0.0
R_000959,5,0.002,4.052614790633527e-05,0,1550,5,1550,6,1,0,6,1.0,-0.0,0.0
R_000960,4,0.0016,3.363037423520444e-05,0,1628,0,1628,5,1,3,5,1.0,-0.0,0.0
R_000961,6,0.0024,4.6948916392379845e-05,0,1565,2,1565,5,1,5,5,1.0,-0.0,0.0
R_000962,7,0.0028,5.238073899543976e-05,0,1550,5,1550,7,1,0,7,1.0,-0.0,0.0
R_000963,5,0.002,3.6989067465014086e-05,0,1505,7,1505,5,1,4,5,1.0,-0.0,0.0
R_000964,9,0.0036,5.742145980718919e-05,0,3102,1,1571,6,2,7,5,0.8333333333333334,0.4505612088663046,0.6500224216483541
R_000965,7,0.0028,5.3028751160219306e-05,0,1565,2,1565,6,1,5,6,1.0,-0.0,0.0
R_000966,15,0.006,9.418995353605203e-05,0,1628,0,1628,8,1,3,8,1.0,-0.0,0.0
R_000967,6,0.0024,4.426254444871652e-05,0,1559,4,1559,7,1,1,7,1.0,-0.0,0.0
R_000968,8,0.0032,5.549101716561738e-05,0,1628,0,1628,6,1,3,6,1.0,-0.0,0.0
R_000969,4,0.0016,3.4327366368007545e-05,0,1628,0,1628,6,1,3,6,1.0,-0.0,0.0
R_000970,9,0.0036,5.7876391772487755e-05,0,1505,7,1505,8,1,4,8,1.0,-0.0,0.0
R_000971,11,0.0044,7.177821474381911e-05,0,1628,0,1628,8,1,3,8,1.0,-0.0,0.0
R_000972,13,0.0052,8.296486694911307e-05,0,1562,3,1562,8,2,6,7,0.875,0.3767701612564367,0.5435644431995964
R_000973,4,0.0016,3.424074052350433e-05,0,1628,0,1628,5,1,3,5,1.0,-0.0,0.0
R_000974,10,0.004,6.652259567672455e-05,0,1628,0,1628,6,1,3,6,1.0,-0.0,0.0
R_000975,10,0.004,6.880053894127937e-05,0,1550,5,1550,8,1,0,8,1.0,-0.0,0.0
R_000976,8,0.0032,5.8776514357804525e-05,0,1565,2,1565,6,1,5,6,1.0,-0.0,0.0
R_000977,8,0.0032,5.4602478658131126e-05,0,1559,4,1559,8,1,1,8,1.0,-0.0,0.0
R_000978,13,0.0052,7.758849601757581e-05,0,3102,1,1571,8,4,7,4,0.5,1.2130075659799042,0.875
R_000979,3,0.0012,2.8198763282196484e-05,0,1562,3,1562,5,2,6,4,0.8,0.5004024235381879,0.7219280948873623
R_000980,8,0.0032,5.533971413732702e-05,0,1628,0,1628,5,1,3,5,1.0,-0.0,0.0
R_000981,4,0.0016,3.3737756798644686e-05,0,1562,3,1562,5,2,6,4,0.8,0.5004024235381879,0.7219280948873623
R_000982,7,0.0028,4.9586069504373586e-05,0,1562,3,1562,5,1,6,5,1.0,-0.0,0.0
R_000983,10,0.004,6.627874439077065e-05,0,1562,3,1562,8,3,6,6,0.75,0.7356219397587946,0.6695919455357792
R_000984,6,0.0024,4.4606956673277434e-05,0,1628,0,1628,7,1,3,7,1.0,-0.0,0.0
R_000985,2,0.0008,2.241916321125209e-05,0,3102,1,1571,5,4,7,2,0.4,1.3321790402101223,0.9609640474436812
R_000986,7,0.0028,5.162805190498735e-05,0,1628,0,1628,8,1,3,8,1.0,-0.0,0.0
R_000987,9,0.0036,6.090724430252221e-05,0,1628,0,1628,6,1,3,6,1.0,-0.0,0.0
R_000988,4,0.0016,3.545301216422002e-05,0,1565,2,1565,7,2,5,6,0.8571428571428571,0.410116318288409,0.5916727785823274
R_000989,6,0.0024,4.7270578165688787e-05,0,1565,2,1565,5,1,5,5,1.0,-0.0,0.0
R_000990,9,0.0036,5.79358658463204e-05,0,3102,1,1571,8,3,7,5,0.625,0.9002560512685369,0.8194483718728035
R_000991,5,0.002,3.7878921438645815e-05,0,3102,1,1571,6,2,7,5,0.8333333333333334,0.4505612088663046,0.6500224216483541
R_000992,6,0.0024,4.236033307672335e-05,0,1505,7,1505,6,1,4,6,1.0,-0.0,0.0
R_000993,4,0.0016,3.553747104855506e-05,0,1565,2,1565,5,2,5,4,0.8,0.5004024235381879,0.7219280948873623
R_000994,7,0.0028,5.215362923484843e-05,0,1550,5,1550,7,1,0,7,1.0,-0.0,0.0
R_000995,16,0.0064,9.747529756025802e-05,0,1559,4,1559,8,1,1,8,1.0,-0.0,0.0
R_000996,8,0.0032,5.5151604950585313e-05,0,1562,3,1562,5,1,6,5,1.0,-0.0,0.0
R_000997,6,0.0024,4.255711158367117e-05,0,3102,1,1571,6,3,7,4,0.6666666666666666,0.8675632284814612,0.7896900821428474
R_000998,9,0.0036,6.341640163782901e-05,0,1550,5,1550,7,1,0,7,1.0,-0.0,0.0
R_000999,3,0.0012,2.8506349080521272e-05,0,1562,3,1562,5,3,6,3,0.6,0.9502705392332348,0.8649735207179272
R_001000,11,0.0044,7.390590128240498e-05,0,1550,5,1550,7,1,0,7,1.0,-0.0,0.0
R_001001,12,0.0048,7.292906511404009e-05,0,1505,7,1505,8,1,4,8,1.0,-0.0,0.0
R_001002,4,0.0016,3.42144501252062e-05,0,1562,3,1562,5,3,6,3,0.6,0.9502705392332348,0.8649735207179272
R_001003,1,0.0004,1.7825946869077685e-05,0,1559,4,1559,6,1,1,6,1.0,-0.0,0.0
R_001004,5,0.002,3.956368745539672e-05,0,1562,3,1562,5,1,6,5,1.0,-0.0,0.0
R_001005,5,0.002,3.914353830165077e-05,0,1559,4,1559,5,1,1,5,1.0,-0.0,0.0
R_001006,15,0.006,9.316131961155182e-05,0,1562,3,1562,8,3,6,6,0.75,0.7356219397587946,0.6695919455357792
R_001007,4,0.0016,3.264883352970469e-05,0,3102,6,1531,5,1,2,5,1.0,-0.0,0.0
R_001008,7,0.0028,5.2967851561779136e-05,0,1565,2,1565,6,1,5,6,1.0,-0.0,0.0
R_001009,6,0.0024,4.7433675298580846e-05,0,1565,2,1565,8,2,5,7,0.875,0.3767701612564367,0.5435644431995964
R_001010,13,0.0052,7.778953590008258e-05,0,3102,1,1571,7,3,7,5,0.7142857142857143,0.796311640173813,0.7248340915057598
R_001011,3,0.0012,2.9065861320966773e-05,0,1550,5,1550,7,1,0,7,1.0,-0.0,0.0
R_001012,3,0.0012,2.8694834049778346e-05,0,1559,4,1559,6,1,1,6,1.0,-0.0,0.0
R_001013,11,0.0044,7.092438257661493e-05,0,1559,4,1559,6,1,1,6,1.0,-0.0,0.0
R_001014,4,0.0016,3.4218323174804534e-05,0,1562,3,1562,6,3,6,4,0.6666666666666666,0.8675632284814612,0.7896900821428474
R_001015,10,0.004,6.374874218684325e-05,0,3102,6,1531,6,1,2,6,1.0,-0.0,0.0
R_001016,16,0.0064,9.228517881510883e-05,0,1505,7,1505,8,1,4,8,1.0,-0.0,0.0
R_001017,9,0.0036,6.009394610023536e-05,0,1562,3,1562,8,2,6,7,0.875,0.3767701612564367,0.5435644431995964
R_001018,7,0.0028,4.793564392291248e-05,0,1505,7,1505,5,1,4,5,1.0,-0.0,0.0
R_001019,10,0.004,6.359766218715019e-05,0,3102,6,1531,7,1,2,7,1.0,-0.0,0.0
R_001020,8,0.0032,5.449111552916763e-05,0,3102,6,1531,7,1,2,7,1.0,-0.0,0.0
R_001021,12,0.0048,7.596457513843246e-05,0,1559,4,1559,8,1,1,8,1.0,-0.0,0.0
R_001022,16,0.0064,9.375704173971989e-05,0,3102,1,1571,8,4,7,4,0.5,1.2130075659799042,0.875
R_001023,6,0.0024,4.732954973360362e-05,0,1565,2,1565,7,1,5,7,1.0,-0.0,0.0
R_001024,7,0.0028,4.782889427228612e-05,0,3102,6,1531,7,1,2,7,1.0,-0.0,0.0
R_001025,12,0.0048,8.155924662168837e-05,0,1565,2,1565,8,1,5,8,1.0,-0.0,0.0
R_001026,9,0.0036,6.111134405408238e-05,0,1628,0,1628,7,1,3,7,1.0,-0.0,0.0
R_001027,13,0.0052,8.343700812154918e-05,0,1628,0,1628,7,1,3,7,1.0,-0.0,0.0
R_001028,12,0.0048,8.250523139840083e-05,0,1565,2,1565,7,1,5,7,1.0,-0.0,0.0
R_001029,3,0.0012,2.7448155616596132e-05,0,3102,1,1571,6,2,7,4,0.6666666666666666,0.6365141682948128,0.9182958340544894
R_001030,14,0.0056,8.466824134105356e-05,0,3102,6,1531,7,1,2,7,1.0,-0.0,0.0
R_001031,4,0.0016,3.309169801177826e-05,0,3102,1,1571,5,2,7,3,0.6,0.6730116670092565,0.9709505944546688
R_001032,14,0.0056,8.411728009130954e-05,0,3102,1,1571,7,4,7,3,0.4285714285714285,1.277034259466139,0.9211854965885544
R_001033,3,0.0012,2.960902281219077e-05,0,1565,2,1565,5,2,5,4,0.8,0.5004024235381879,0.7219280948873623
R_001034,8,0.0032,5.273600807188384e-05,0,1505,7,1505,7,1,4,7,1.0,-0.0,0.0
R_001035,7,0.0028,4.925936337541178e-05,0,1562,3,1562,5,1,6,5,1.0,-0.0,0.0
R_001036,6,0.0024,4.4578201873093694e-05,0,1628,0,1628,6,1,3,6,1.0,-0.0,0.0
R_001037,12,0.0048,7.462615938801521e-05,0,3102,6,1531,7,1,2,7,1.0,-0.0,0.0
R_001038,14,0.0056,8.335201512985417e-05,0,1505,7,1505,8,1,4,8,1.0,-0.0,0.0
R_001039,8,0.0032,5.516232028794405e-05,0,1562,3,1562,8,3,6,6,0.75,0.7356219397587946,0.6695919455357792
R_001040,8,0.0032,5.258677910355479e-05,0,1505,7,1505,6,1,4,6,1.0,-0.0,0.0
R_001041,8,0.0032,5.479503962386375e-05,0,3102,6,1531,6,1,2,6,1.0,-0.0,0.0
R_001042,5,0.002,3.756140437246847e-05,0,3102,1,1571,6,3,7,3,0.5,1.0114042647073518,0.920619835714305
R_001043,9,0.0036,6.21185374354035e-05,0,1628,0,1628,7,1,3,7,1.0,-0.0,0.0
R_001044,5,0.002,3.8495786226199674e-05,0,3102,6,1531,6,1,2,6,1.0,-0.0,0.0
R_001045,10,0.004,6.677899263598174e-05,0,1628,0,1628,8,1,3,8,1.0,-0.0,0.0
R_001046,10,0.004,6.910980213959836e-05,0,1550,5,1550,7,1,0,7,1.0,-0.0,0.0
R_001047,10,0.004,6.630147349499655e-05,0,1562,3,1562,7,2,6,6,0.8571428571428571,0.410116318288409,0.5916727785823274
R_001048,11,0.0044,6.879849743212322e-05,0,3102,6,1531,7,1,2,7,1.0,-0.0,0.0
R_001049,10,0.004,6.597701833842297e-05,0,1559,4,1559,5,1,1,5,1.0,-0.0,0.0
R_001050,8,0.0032,5.5445313817333036e-05,0,1562,3,1562,8,3,6,6,0.75,0.7356219397587946,0.6695919455357792
R_001051,12,0.0048,7.595284013150762e-05,0,1559,4,1559,8,1,1,8,1.0,-0.0,0.0
R_001052,5,0.002,3.835926900906977e-05,0,1505,7,1505,6,1,4,6,1.0,-0.0,0.0
R_001053,9,0.0036,5.8549088099716465e-05,0,3102,6,1531,6,1,2,6,1.0,-0.0,0.0
R_001054,5,0.002,4.1602667725357556e-05,0,1565,2,1565,6,2,5,5,0.8333333333333334,0.4505612088663046,0.6500224216483541
R_001055,3,0.0012,3.0072169212768424e-05,0,1565,2,1565,5,1,5,5,1.0,-0.0,0.0
R_001056,9,0.0036,6.247733488905834e-05,0,1550,5,1550,8,1,0,8,1.0,-0.0,0.0
R_001057,9,0.0036,6.323213353699114e-05,0,1550,5,1550,8,1,0,8,1.0,-0.0,0.0
R_001058,4,0.0016,3.538883087088838e-05,0,1565,2,1565,7,2,5,6,0.8571428571428571,0.410116318288409,0.5916727785823274
R_001059,10,0.004,6.622386381701186e-05,0,1559,4,1559,6,1,1,6,1.0,-0.0,0.0
R_001060,6,0.0024,4.4753944004373745e-05,0,1628,0,1628,6,1,3,6,1.0,-0.0,0.0
R_001061,11,0.0044,7.118128627038375e-05,0,1562,3,1562,8,2,6,7,0.875,0.3767701612564367,0.5435644431995964
R_001062,4,0.0016,3.32085082334212e-05,0,3102,6,1531,6,1,2,6,1.0,-0.0,0.0
R_001063,6,0.0024,4.461076678513224e-05,0,1562,3,1562,6,3,6,4,0.6666666666666666,0.8675632284814612,0.7896900821428474
R_001064,4,0.0016,3.461288305764321e-05,0,1550,5,1550,7,1,0,7,1.0,-0.0,0.0
R_001065,12,0.0048,7.72792336302569e-05,0,1628,0,1628,8,1,3,8,1.0,-0.0,0.0
R_001066,15,0.006,9.512825669028021e-05,0,1550,5,1550,7,1,0,7,1.0,-0.0,0.0
R_001067,6,0.0024,4.470351943929504e-05,0,1562,3,1562,8,3,6,6,0.75,0.7356219397587946,0.6695919455357792
R_001068,5,0.002,3.917504501159685e-05,0,1562,3,1562,6,2,6,5,0.8333333333333334,0.4505612088663046,0.6500224216483541
R_001069,9,0.0036,6.332590833570668e-05,0,1550,5,1550,7,1,0,7,1.0,-0.0,0.0
R_001070,4,0.0016,3.3023491740078336e-05,0,3102,1,1571,5,2,7,4,0.8,0.5004024235381879,0.7219280948873623
R_001071,3,0.0012,2.7769487024630278e-05,0,1505,7,1505,7,1,4,7,1.0,-0.0,0.0
R_001072,1,0.0004,1.7633664509256084e-05,0,3102,6,1531,5,1,2,5,1.0,-0.0,0.0
R_001073,4,0.0016,3.5892707091578656e-05,0,1565,2,1565,5,1,5,5,1.0,-0.0,0.0
R_001074,4,0.0016,3.352339004659391e-05,0,3102,1,1571,5,2,7,3,0.6,0.6730116670092565,0.9709505944546688
R_001075,10,0.004,6.708976362715472e-05,0,1559,4,1559,5,1,1,5,1.0,-0.0,0.0
R_001076,9,0.0036,6.12128778353847e-05,0,1628,0,1628,6,1,3,6,1.0,-0.0,0.0
R_001077,10,0.004,6.539851262350437e-05,0,1559,4,1559,8,1,1,8,1.0,-0.0,0.0
R_001078,6,0.0024,4.433648617416006e-05,0,1562,3,1562,5,1,6,5,1.0,-0.0,0.0
R_001079,9,0.0036,5.828869343734283e-05,0,1505,7,1505,6,1,4,6,1.0,-0.0,0.0
R_001080,12,0.0048,7.677970946220218e-05,0,1562,3,1562,7,2,6,6,0.8571428571428571,0.410116318288409,0.5916727785823274
R_001081,9,0.0036,5.845093678804252e-05,0,3102,1,1571,7,3,7,5,0.7142857142857143,0.796311640173813,0.7248340915057598
R_001082,8,0.0032,5.341642507953206e-05,0,3102,1,1571,6,3,7,4,0.6666666666666666,0.8675632284814612,0.7896900821428474
R_001083,12,0.0048,7.350488409225372e-05,0,3102,1,1571,8,4,7,5,0.625,1.073542846408523,0.7743974703476992
R_001084,1,0.0004,1.79786540058592e-05,0,1628,0,1628,5,1,3,5,1.0,-0.0,0.0
R_001085,10,0.004,6.623518280324913e-05,0,1628,0,1628,7,1,3,7,1.0,-0.0,0.0
R_001086,13,0.0052,7.865446798773566e-05,0,3102,6,1531,8,1,2,8,1.0,-0.0,0.0
R_001087,8,0.0032,5.3024045185843625e-05,0,1505,7,1505,5,1,4,5,1.0,-0.0,0.0
R_001088,6,0.0024,4.5557920989928674e-05,0,1628,0,1628,5,1,3,5,1.0,-0.0,0.0
R_001089,14,0.0056,8.644939808815291e-05,0,1559,4,1559,7,1,1,7,1.0,-0.0,0.0
R_001090,4,0.0016,3.408514323636276e-05,0,1562,3,1562,6,2,6,5,0.8333333333333334,0.4505612088663046,0.6500224216483541
R_001091,6,0.0024,4.228608918378074e-05,0,3102,1,1571,5,4,7,2,0.4,1.3321790402101223,0.9609640474436812
R_001092,11,0.0044,6.898813508213333e-05,0,3102,6,1531,8,1,2,8,1.0,-0.0,0.0
R_001093,10,0.004,6.605977782715251e-05,0,1559,4,1559,8,1,1,8,1.0,-0.0,0.0
R_001094,6,0.0024,4.2609402947915253e-05,0,1505,7,1505,6,1,4,6,1.0,-0.0,0.0
R_001095,14,0.0056,8.711816785901932e-05,0,1562,3,1562,8,2,6,7,0.875,0.3767701612564367,0.5435644431995964
R_001096,3,0.0012,2.940599582072458e-05,0,1550,5,1550,6,1,0,6,1.0,-0.0,0.0
R_001097,7,0.0028,4.967346953356069e-05,0,1562,3,1562,6,3,6,4,0.6666666666666666,0.8675632284814612,0.7896900821428474
R_001098,18,0.0072,0.00010416807892909599,0,1505,7,1505,8,1,4,8,1.0,-0.0,0.0
R_001099,5,0.002,3.854559865167543e-05,0,3102,6,1531,6,1,2,6,1.0,-0.0,0.0
R_001100,5,0.002,3.791644344708222e-05,0,3102,1,1571,6,3,7,4,0.6666666666666666,0.8675632284814612,0.7896900821428474
R_001101,1,0.0004,1.776510439846428e-05,0,1559,4,1559,6,1,1,6,1.0,-0.0,0.0
R_001102,5,0.002,3.909130075180266e-05,0,1559,4,1559,6,1,1,6,1.0,-0.0,0.0
R_001103,7,0.0028,4.80444053449906e-05,0,1505,7,1505,6,1,4,6,1.0,-0.0,0.0
R_001104,11,0.0044,7.042328240988744e-05,0,1559,4,1559,7,1,1,7,1.0,-0.0,0.0
R_001105,16,0.0064,9.484319303570507e-05,0,3102,6,1531,8,1,2,8,1.0,-0.0,0.0
R_001106,13,0.0052,8.116582397080851e-05,0,1559,4,1559,8,1,1,8,1.0,-0.0,0.0
R_001107,4,0.0016,3.3157053324657726e-05,0,3102,6,1531,6,1,2,6,1.0,-0.0,0.0
R_001108,13,0.0052,8.15439397675121e-05,0,1559,4,1559,8,1,1,8,1.0,-0.0,0.0
R_001109,3,0.0012,2.8443084060784882e-05,0,1628,0,1628,5,1,3,5,1.0,-0.0,0.0
R_001110,9,0.0036,6.499711335640742e-05,0,1565,2,1565,7,2,5,6,0.8571428571428571,0.410116318288409,0.5916727785823274
R_001111,3,0.0012,2.813867033989907e-05,0,1559,4,1559,6,1,1,6,1.0,-0.0,0.0
R_001112,14,0.0056,8.858885688433909e-05,0,1628,0,1628,8,1,3,8,1.0,-0.0,0.0
R_001113,15,0.006,8.707873980241418e-05,0,1505,7,1505,8,1,4,8,1.0,-0.0,0.0
R_001114,7,0.0028,4.774903385770499e-05,0,3102,1,1571,7,3,7,4,0.5714285714285714,0.9556998911125344,0.8699155297736259
R_001115,10,0.004,6.492563551468461e-05,0,1559,4,1559,7,1,1,7,1.0,-0.0,0.0
R_001116,12,0.0048,7.873380109526449e-05,0,1628,0,1628,8,1,3,8,1.0,-0.0,0.0
R_001117,11,0.0044,6.737398307579204e-05,0,3102,1,1571,7,3,7,4,0.5714285714285714,0.9556998911125344,0.8699155297736259
R_001118,7,0.0028,4.7903863622660255e-05,0,1505,7,1505,6,1,4,6,1.0,-0.0,0.0
R_001119,7,0.0028,4.996209772586631e-05,0,1628,0,1628,7,1,3,7,1.0,-0.0,0.0
R_001120,8,0.0032,5.5454740256834395e-05,0,1628,0,1628,8,1,3,8,1.0,-0.0,0.0
R_001121,8,0.0032,5.5258682826331913e-05,0,1562,3,1562,7,3,6,5,0.7142857142857143,0.796311640173813,0.7248340915057598
R_001122,4,0.0016,3.374328495819397e-05,0,1559,4,1559,5,1,1,5,1.0,-0.0,0.0
R_001123,13,0.0052,8.534823239046017e-05,0,1550,5,1550,8,1,0,8,1.0,-0.0,0.0
R_001124,8,0.0032,5.710772728371e-05,0,1550,5,1550,7,1,0,7,1.0,-0.0,0.0
R_001125,4,0.0016,3.513459731892337e-05,0,1550,5,1550,6,1,0,6,1.0,-0.0,0.0
R_001126,0,0.0,1.2023710757614017e-05,1,1,9,1,5,1,2,5,1.0,-0.0,0.0
R_001127,11,0.0044,7.475290122078496e-05,0,1550,5,1550,8,1,0,8,1.0,-0.0,0.0
R_001128,7,0.0028,4.782500290004209e-05,0,3102,1,1571,7,3,7,4,0.5714285714285714,0.9556998911125344,0.8699155297736259
R_001129,4,0.0016,3.5535976083945425e-05,0,1565,2,1565,5,1,5,5,1.0,-0.0,0.0
R_001130,5,0.002,4.061598454153525e-05,0,1550,5,1550,6,1,0,6,1.0,-0.0,0.0
R_001131,8,0.0032,5.2197455365999724e-05,0,1505,7,1505,8,1,4,8,1.0,-0.0,0.0
R_001132,13,0.0052,8.116380468597929e-05,0,1559,4,1559,8,1,1,8,1.0,-0.0,0.0
R_001133,11,0.0044,7.139735428337525e-05,0,1562,3,1562,8,3,6,6,0.75,0.7356219397587946,0.6695919455357792
R_001134,13,0.0052,8.81922637342789e-05,0,1565,2,1565,8,2,5,7,0.875,0.3767701612564367,0.5435644431995964
R_001135,14,0.0056,8.626952928141367e-05,0,1562,3,1562,8,2,6,7,0.875,0.3767701612564367,0.5435644431995964
R_001136,9,0.0036,5.9993751153991614e-05,0,1562,3,1562,6,2,6,5,0.8333333333333334,0.4505612088663046,0.6500224216483541
R_001137,4,0.0016,3.426923084523792e-05,0,1628,0,1628,5,1,3,5,1.0,-0.0,0.0
R_001138,6,0.0024,4.300015431714054e-05,0,3102,6,1531,6,1,2,6,1.0,-0.0,0.0
R_001139,13,0.0052,7.804546674327527e-05,0,1505,7,1505,8,1,4,8,1.0,-0.0,0.0
R_001140,2,0.0008,2.4053497146267548e-05,0,1565,2,1565,7,2,5,6,0.8571428571428571,0.410116318288409,0.5916727785823274
R_001141,5,0.002,3.844869246091103e-05,0,3102,1,1571,5,3,7,3,0.6,0.9502705392332348,0.8649735207179272
R_001142,6,0.0024,4.5453306096727426e-05,0,1550,5,1550,6,1,0,6,1.0,-0.0,0.0
R_001143,13,0.0052,7.89870995648313e-05,0,3102,1,1571,8,4,7,5,0.625,1.073542846408523,0.7743974703476992
R_001144,12,0.0048,7.918380778791066e-05,0,1550,5,1550,8,1,0,8,1.0,-0.0,0.0
R_001145,18,0.0072,0.00010429258570352553,0,3102,1,1571,7,4,7,4,0.5714285714285714,1.1537419427010902,0.8322488896002307
R_001146,10,0.004,6.334319107177443e-05,0,3102,1,1571,7,4,7,4,0.5714285714285714,1.1537419427010902,0.8322488896002307
R_001147,13,0.0052,7.908204143104719e-05,0,3102,6,1531,8,1,2,8,1.0,-0.0,0.0
R_001148,15,0.006,8.812669036773697e-05,0,3102,1,1571,8,3,7,6,0.75,0.7356219397587946,0.6695919455357792
R_001149,7,0.0028,5.378444016673957e-05,0,1565,2,1565,5,1,5,5,1.0,-0.0,0.0
R_001150,2,0.0008,2.3051734341500023e-05,0,1628,0,1628,5,1,3,5,1.0,-0.0,0.0
R_001151,11,0.0044,7.620869586409791e-05,0,1565,2,1565,8,1,5,8,1.0,-0.0,0.0
R_001152,6,0.0024,4.324301107293997e-05,0,3102,6,1531,6,1,2,6,1.0,-0.0,0.0
R_001153,9,0.0036,5.7886533597113646e-05,0,1505,7,1505,8,1,4,8,1.0,-0.0,0.0
R_001154,7,0.0028,5.267858917534513e-05,0,1565,2,1565,6,2,5,5,0.8333333333333334,0.4505612088663046,0.6500224216483541
R_001155,14,0.0056,8.39355774163155e-05,0,1505,7,1505,8,1,4,8,1.0,-0.0,0.0
R_001156,8,0.0032,5.456804614743145e-05,0,1559,4,1559,6,1,1,6,1.0,-0.0,0.0
R_001157,11,0.0044,6.872025490823182e-05,0,3102,1,1571,8,3,7,5,0.625,0.9002560512685369,0.8194483718728035
R_001158,6,0.0024,4.277587546457204e-05,0,3102,1,1571,7,3,7,4,0.5714285714285714,0.9556998911125344,0.8699155297736259
R_001159,11,0.0044,7.465390788223755e-05,0,1550,5,1550,7,1,0,7,1.0,-0.0,0.0
R_001160,4,0.0016,3.3368919393242544e-05,0,3102,6,1531,6,1,2,6,1.0,-0.0,0.0
R_001161,8,0.0032,5.326770478209464e-05,0,3102,1,1571,8,4,7,4,0.5,1.2130075659799042,0.875
R_001162,8,0.0032,5.25590330895943e-05,0,1505,7,1505,8,1,4,8,1.0,-0.0,0.0
R_001163,5,0.002,4.007820740317888e-05,0,1550,5,1550,6,1,0,6,1.0,-0.0,0.0
R_001164,4,0.0016,3.2438078950736326e-05,0,1505,7,1505,6,1,4,6,1.0,-0.0,0.0
R_001165,13,0.0052,8.169515343115521e-05,0,1559,4,1559,8,1,1,8,1.0,-0.0,0.0
R_001166,9,0.0036,6.126259037251404e-05,0,1628,0,1628,7,1,3,7,1.0,-0.0,0.0
R_001167,11,0.0044,7.071368710006728e-05,0,1559,4,1559,7,1,1,7,1.0,-0.0,0.0
R_001168,8,0.0032,5.2833677688760165e-05,0,3102,6,1531,7,1,2,7,1.0,-0.0,0.0
R_001169,5,0.002,3.767526520617338e-05,0,3102,1,1571,7,4,7,3,0.4285714285714285,1.277034259466139,0.9211854965885544
R_001170,2,0.0008,2.3659518295813906e-05,0,1550,5,1550,5,1,0,5,1.0,-0.0,0.0
R_001171,3,0.0012,2.8830002977522112e-05,0,1562,3,1562,5,2,6,4,0.8,0.5004024235381879,0.7219280948873623
R_001172,9,0.0036,6.007651539752147e-05,0,1562,3,1562,7,3,6,5,0.7142857142857143,0.796311640173813,0.7248340915057598
R_001173,1,0.0004,1.799542345558085e-05,0,1559,4,1559,5,1,1,5,1.0,-0.0,0.0
R_001174,11,0.0044,7.249551086333826e-05,0,1562,3,1562,6,3,6,4,0.6666666666666666,0.8675632284814612,0.7896900821428474
R_001175,6,0.0024,4.500814838744614e-05,0,1628,0,1628,6,1,3,6,1.0,-0.0,0.0
R_001176,6,0.0024,4.58697919756575e-05,0,1550,5,1550,7,1,0,7,1.0,-0.0,0.0
R_001177,5,0.002,4.0488303067964804e-05,0,1550,5,1550,6,1,0,6,1.0,-0.0,0.0
R_001178,11,0.0044,7.085953624243688e-05,0,1559,4,1559,8,1,1,8,1.0,-0.0,0.0
R_001179,6,0.0024,4.4962926648799706e-05,0,1628,0,1628,5,1,3,5,1.0,-0.0,0.0
R_001180,4,0.0016,3.306145796428091e-05,0,3102,1,1571,5,2,7,4,0.8,0.5004024235381879,0.7219280948873623
R_001181,4,0.0016,3.3907053310242436e-05,0,1562,3,1562,6,3,6,4,0.6666666666666666,0.8675632284814612,0.7896900821428474
R_001182,9,0.0036,5.815908658211894e-05,0,1505,7,1505,7,1,4,7,1.0,-0.0,0.0
R_001183,9,0.0036,6.071436306925975e-05,0,1628,0,1628,8,1,3,8,1.0,-0.0,0.0
R_001184,11,0.0044,7.001487344194358e-05,0,3102,6,1531,8,1,2,8,1.0,-0.0,0.0
R_001185,8,0.0032,5.2628041316650586e-05,0,1505,7,1505,7,1,4,7,1.0,-0.0,0.0
R_001186,13,0.0052,7.773179399712677e-05,0,1505,7,1505,7,1,4,7,1.0,-0.0,0.0
R_001187,4,0.0016,3.468664958463208e-05,0,1550,5,1550,6,1,0,6,1.0,-0.0,0.0
R_001188,7,0.0028,4.902501573443951e-05,0,3102,6,1531,6,1,2,6,1.0,-0.0,0.0
R_001189,11,0.0044,6.776502934658798e-05,0,1505,7,1505,7,1,4,7,1.0,-0.0,0.0
R_001190,3,0.0012,2.976655700215112e-05,0,1565,2,1565,6,2,5,5,0.8333333333333334,0.4505612088663046,0.6500224216483541
R_001191,6,0.0024,4.350989654389753e-05,0,3102,6,1531,8,1,2,8,1.0,-0.0,0.0
R_001192,3,0.0012,2.9559875524338093e-05,0,1628,0,1628,5,1,3,5,1.0,-0.0,0.0
R_001193,8,0.0032,5.492058270509082e-05,0,1559,4,1559,5,1,1,5,1.0,-0.0,0.0
R_001194,15,0.006,9.319154764302768e-05,0,1562,3,1562,7,2,6,6,0.8571428571428571,0.410116318288409,0.5916727785823274
R_001195,3,0.0012,2.8339330468965433e-05,0,1562,3,1562,6,2,6,5,0.8333333333333334,0.4505612088663046,0.6500224216483541
R_001196,12,0.0048,7.365826322162041e-05,0,3102,6,1531,7,1,2,7,1.0,-0.0,0.0
R_001197,13,0.0052,7.731102680175295e-05,0,1505,7,1505,8,1,4,8,1.0,-0.0,0.0
R_001198,3,0.0012,2.947918186893474e-05,0,1550,5,1550,6,1,0,6,1.0,-0.0,0.0
R_001199,1,0.0004,1.766127901879096e-05,0,1628,0,1628,5,1,3,5,1.0,-0.0,0.0
R_001200,9,0.0036,5.824346948438781e-05,0,1505,7,1505,8,1,4,8,1.0,-0.0,0.0
R_001201,3,0.0012,2.825850419821293e-05,0,1562,3,1562,6,1,6,6,1.0,-0.0,0.0
R_001202,2,0.0008,2.3068236794955402e-05,0,1562,3,1562,6,1,6,6,1.0,-0.0,0.0
R_001203,9,0.0036,6.18328043142817e-05,0,1628,0,1628,6,1,3,6,1.0,-0.0,0.0
R_001204,10,0.004,6.629193888792321e-05,0,1562,3,1562,6,3,6,4,0.6666666666666666,0.8675632284814612,0.7896900821428474
R_001205,3,0.0012,2.8180563999864835e-05,0,3102,6,1531,5,1,2,5,1.0,-0.0,0.0
R_001206,10,0.004,6.218169228651176e-05,0,1505,7,1505,7,1,4,7,1.0,-0.0,0.0
R_001207,15,0.006,9.598541567755959e-05,0,1550,5,1550,8,1,0,8,1.0,-0.0,0.0
R_001208,4,0.0016,3.394177176044697e-05,0,1559,4,1559,6,1,1,6,1.0,-0.0,0.0
R_001209,3,0.0012,2.7638528835152978e-05,0,3102,1,1571,5,4,7,2,0.4,1.3321790402101223,0.9609640474436812
R_001210,10,0.004,6.568090908284823e-05,0,1559,4,1559,7,1,1,7,1.0,-0.0,0.0
R_001211,10,0.004,6.533176831133429e-05,0,1559,4,1559,8,1,1,8,1.0,-0.0,0.0
R_001212,11,0.0044,7.227057920114891e-05,0,1628,0,1628,6,1,3,6,1.0,-0.0,0.0
R_001213,9,0.0036,5.867440306184694e-05,0,3102,6,1531,6,1,2,6,1.0,-0.0,0.0
R_001214,7,0.0028,4.962023842892429e-05,0,1559,4,1559,6,1,1,6,1.0,-0.0,0.0
R_001215,4,0.0016,3.4037603869990267e-05,0,1562,3,1562,5,3,6,3,0.6,0.9502705392332348,0.8649735207179272
R_001216,6,0.0024,4.209604416637982e-05,0,3102,1,1571,7,3,7,4,0.5714285714285714,0.9556998911125344,0.8699155297736259
R_001217,10,0.004,6.79887935679316e-05,0,1550,5,1550,7,1,0,7,1.0,-0.0,0.0
R_001218,10,0.004,6.567415589338743e-05,0,1559,4,1559,6,1,1,6,1.0,-0.0,0.0
R_001219,7,0.0028,4.7558054368596384e-05,0,1505,7,1505,6,1,4,6,1.0,-0.0,0.0
R_001220,6,0.0024,4.7324789672911394e-05,0,1565,2,1565,5,1,5,5,1.0,-0.0,0.0
R_001221,6,0.0024,4.738071716183584e-05,0,1565,2,1565,6,2,5,5,0.8333333333333334,0.4505612088663046,0.6500224216483541
R_001222,2,0.0008,2.2777378229745178e-05,0,3102,1,1571,5,3,7,3,0.6,0.9502705392332348,0.8649735207179272
R_001223,10,0.004,6.342932684458283e-05,0,1505,7,1505,8,1,4,8,1.0,-0.0,0.0
R_001224,8,0.0032,5.568344079179315e-05,0,1559,4,1559,6,1,1,6,1.0,-0.0,0.0
R_001225,2,0.0008,2.32558049055026e-05,0,1628,0,1628,5,1,3,5,1.0,-0.0,0.0
R_001226,7,0.0028,4.7949308121269416e-05,0,1505,7,1505,5,1,4,5,1.0,-0.0,0.0
R_001227,7,0.0028,4.902316085119232e-05,0,3102,1,1571,6,4,7,3,0.5,1.242453324894,0.8962406251802889
R_001228,10,0.004,6.359427235256897e-05,0,3102,6,1531,7,1,2,7,1.0,-0.0,0.0
R_001229,3,0.0012,2.8704877106072453e-05,0,1628,0,1628,5,1,3,5,1.0,-0.0,0.0
R_001230,6,0.0024,4.282581208741049e-05,0,3102,6,1531,5,1,2,5,1.0,-0.0,0.0
R_001231,11,0.0044,7.435597579602951e-05,0,1550,5,1550,7,1,0,7,1.0,-0.0,0.0
R_001232,5,0.002,3.81379708569182e-05,0,1505,7,1505,5,1,4,5,1.0,-0.0,0.0
R_001233,6,0.0024,4.5607166139533004e-05,0,1550,5,1550,6,1,0,6,1.0,-0.0,0.0
R_001234,10,0.004,6.537489766291629e-05,0,1562,3,1562,8,2,6,7,0.875,0.3767701612564367,0.5435644431995964
R_001235,8,0.0032,5.5260852479259624e-05,0,1562,3,1562,6,2,6,5,0.8333333333333334,0.4505612088663046,0.6500224216483541
R_001236,8,0.0032,5.546356635845662e-05,0,1562,3,1562,6,3,6,4,0.6666666666666666,0.8675632284814612,0.7896900821428474
R_001237,4,0.0016,3.3784552147379325e-05,0,1559,4,1559,8,1,1,8,1.0,-0.0,0.0
R_001238,4,0.0016,3.432922010486551e-05,0,1559,4,1559,5,1,1,5,1.0,-0.0,0.0
R_001239,9,0.0036,5.822523805611549e-05,0,3102,6,1531,7,1,2,7,1.0,-0.0,0.0
R_001240,5,0.002,3.800963960040367e-05,0,3102,6,1531,6,1,2,6,1.0,-0.0,0.0
R_001241,1,0.0004,1.7946261672417296e-05,0,1565,2,1565,5,2,5,4,0.8,0.5004024235381879,0.7219280948873623
R_001242,6,0.0024,4.4950222737098766e-05,0,1628,0,1628,6,1,3,6,1.0,-0.0,0.0
R_001243,8,0.0032,5.848768578802551e-05,0,1565,2,1565,7,1,5,7,1.0,-0.0,0.0
R_001244,5,0.002,3.960152701865891e-05,0,1628,0,1628,7,1,3,7,1.0,-0.0,0.0
R_001245,7,0.0028,4.774222009393418e-05,0,3102,1,1571,6,3,7,3,0.5,1.0114042647073518,0.920619835714305
R_001246,7,0.0028,4.9489066071708746e-05,0,1559,4,1559,8,1,1,8,1.0,-0.0,0.0
R_001247,15,0.006,9.173492730999798e-05,0,1562,3,1562,8,3,6,6,0.75,0.7356219397587946,0.6695919455357792
R_001248,7,0.0028,4.785261783035753e-05,0,3102,1,1571,6,3,7,3,0.5,1.0114042647073518,0.920619835714305
R_001249,7,0.0028,4.776456481429839e-05,0,3102,1,1571,5,3,7,3,0.6,0.9502705392332348,0.8649735207179272
R_001250,4,0.0016,3.3671366002310074e-05,0,1628,0,1628,6,1,3,6,1.0,-0.0,0.0
R_001251,8,0.0032,5.2563942027494915e-05,0,1505,7,1505,7,1,4,7,1.0,-0.0,0.0
R_001252,5,0.002,3.95510946465036e-05,0,1628,0,1628,6,1,3,6,1.0,-0.0,0.0
R_001253,10,0.004,6.802577203250306e-05,0,1628,0,1628,8,1,3,8,1.0,-0.0,0.0
R_001254,6,0.0024,4.4123928167014354e-05,0,1559,4,1559,5,1,1,5,1.0,-0.0,0.0
R_001255,4,0.0016,3.417244557476233e-05,0,1550,5,1550,7,1,0,7,1.0,-0.0,0.0
R_001256,8,0.0032,5.545316409919979e-05,0,1562,3,1562,8,3,6,6,0.75,0.7356219397587946,0.6695919455357792
R_001257,7,0.0028,4.973532816112771e-05,0,1559,4,1559,6,1,1,6,1.0,-0.0,0.0
R_001258,3,0.0012,2.896347240148152e-05,0,1550,5,1550,5,1,0,5,1.0,-0.0,0.0
R_001259,11,0.0044,7.032607375259269e-05,0,1559,4,1559,7,1,1,7,1.0,-0.0,0.0
R_001260,5,0.002,4.069618414527304e-05,0,1550,5,1550,6,1,0,6,1.0,-0.0,0.0
R_001261,6,0.0024,4.477247636594647e-05,0,1562,3,1562,6,2,6,5,0.8333333333333334,0.4505612088663046,0.6500224216483541
R_001262,3,0.0012,2.8418069527500142e-05,0,1628,0,1628,5,1,3,5,1.0,-0.0,0.0
R_001263,4,0.0016,3.363379931013589e-05,0,1562,3,1562,6,2,6,5,0.8333333333333334,0.4505612088663046,0.6500224216483541
R_001264,7,0.0028,4.98102282758191e-05,0,1559,4,1559,6,1,1,6,1.0,-0.0,0.0
R_001265,8,0.0032,5.8463971182356546e-05,0,1565,2,1565,8,2,5,7,0.875,0.3767701612564367,0.5435644431995964
R_001266,12,0.0048,7.99213780056759e-05,0,1550,5,1550,7,1,0,7,1.0,-0.0,0.0
R_001267,10,0.004,6.657781483702714e-05,0,1628,0,1628,7,1,3,7,1.0,-0.0,0.0
R_001268,13,0.0052,8.150346591680001e-05,0,1562,3,1562,8,3,6,6,0.75,0.7356219397587946,0.6695919455357792
R_001269,9,0.0036,6.0168363797812666e-05,0,1559,4,1559,7,1,1,7,1.0,-0.0,0.0
R_001270,11,0.0044,7.63198295730797e-05,0,1565,2,1565,8,2,5,7,0.875,0.3767701612564367,0.5435644431995964
R_001271,9,0.0036,6.114562773997317e-05,0,1628,0,1628,7,1,3,7,1.0,-0.0,0.0
R_001272,14,0.0056,8.296041866209763e-05,0,1505,7,1505,8,1,4,8,1.0,-0.0,0.0
R_001273,3,0.0012,2.8434191286494652e-05,0,1562,3,1562,5,2,6,4,0.8,0.5004024235381879,0.7219280948873623
R_001274,13,0.0052,7.773636777043981e-05,0,1505,7,1505,6,1,4,6,1.0,-0.0,0.0
R_001275,5,0.002,4.104018819503693e-05,0,1565,2,1565,5,1,5,5,1.0,-0.0,0.0
R_001276,8,0.0032,5.45689667921162e-05,0,1559,4,1559,8,1,1,8,1.0,-0.0,0.0
R_001277,9,0.0036,6.290465084261196e-05,0,1550,5,1550,8,1,0,8,1.0,-0.0,0.0
R_001278,9,0.0036,6.0259110395578225e-05,0,1562,3,1562,7,2,6,6,0.8571428571428571,0.410116318288409,0.5916727785823274
R_001279,6,0.0024,4.374701636226312e-05,0,3102,6,1531,7,1,2,7,1.0,-0.0,0.0
R_001280,3,0.0012,2.8190367849808034e-05,0,1559,4,1559,6,1,1,6,1.0,-0.0,0.0
R_001281,8,0.0032,5.64071578046919e-05,0,1628,0,1628,8,1,3,8,1.0,-0.0,0.0
R_001282,8,0.0032,5.493780882080614e-05,0,1562,3,1562,7,3,6,5,0.7142857142857143,0.796311640173813,0.7248340915057598
R_001283,15,0.006,9.512309083814478e-05,0,1628,0,1628,7,1,3,7,1.0,-0.0,0.0
R_001284,3,0.0012,2.751505294859309e-05,0,3102,1,1571,6,3,7,4,0.6666666666666666,0.8675632284814612,0.7896900821428474
R_001285,3,0.0012,2.906241397781246e-05,0,1550,5,1550,5,1,0,5,1.0,-0.0,0.0
R_001286,7,0.0028,5.311137805196338e-05,0,1565,2,1565,6,2,5,5,0.8333333333333334,0.4505612088663046,0.6500224216483541
R_001287,12,0.0048,7.249535236915606e-05,0,3102,1,1571,7,2,7,5,0.7142857142857143,0.5982695885852573,0.8631205685666311
R_001288,8,0.0032,5.535782833790081e-05,0,1628,0,1628,8,1,3,8,1.0,-0.0,0.0
R_001289,2,0.0008,2.237038158128779e-05,0,3102,1,1571,5,3,7,3,0.6,0.9502705392332348,0.8649735207179272
R_001290,6,0.0024,4.41312378469876e-05,0,1562,3,1562,5,2,6,4,0.8,0.5004024235381879,0.7219280948873623
R_001291,11,0.0044,7.244970562280308e-05,0,1562,3,1562,8,2,6,7,0.875,0.3767701612564367,0.5435644431995964
R_001292,8,0.0032,5.332140876032263e-05,0,1505,7,1505,6,1,4,6,1.0,-0.0,0.0
R_001293,17,0.0068,0.00010365039932716172,0,1562,3,1562,8,3,6,6,0.75,0.7356219397587946,0.6695919455357792
R_001294,10,0.004,6.737637377880062e-05,0,1628,0,1628,6,1,3,6,1.0,-0.0,0.0
R_001295,11,0.0044,7.113521427684604e-05,0,1562,3,1562,6,3,6,4,0.6666666666666666,0.8675632284814612,0.7896900821428474
R_001296,7,0.0028,5.0100095814935655e-05,0,1562,3,1562,6,1,6,6,1.0,-0.0,0.0
R_001297,8,0.0032,5.2835963596432896e-05,0,1505,7,1505,6,1,4,6,1.0,-0.0,0.0
R_001298,12,0.0048,7.354961262747669e-05,0,3102,6,1531,8,1,2,8,1.0,-0.0,0.0
R_001299,5,0.002,4.155009801181864e-05,0,1565,2,1565,7,2,5,6,0.8571428571428571,0.410116318288409,0.5916727785823274
R_001300,3,0.0012,2.8185774769246848e-05,0,1559,4,1559,5,1,1,5,1.0,-0.0,0.0
R_001301,4,0.0016,3.439727977232984e-05,0,1550,5,1550,5,1,0,5,1.0,-0.0,0.0
R_001302,15,0.006,8.95612387409433e-05,0,3102,6,1531,8,1,2,8,1.0,-0.0,0.0
R_001303,5,0.002,3.905698239797247e-05,0,1559,4,1559,5,1,1,5,1.0,-0.0,0.0
R_001304,9,0.0036,6.081568871768049e-05,0,1559,4,1559,7,1,1,7,1.0,-0.0,0.0
R_001305,8,0.0032,5.550214114383894e-05,0,1628,0,1628,8,1,3,8,1.0,-0.0,0.0
R_001306,3,0.0012,2.9184598526240428e-05,0,1550,5,1550,7,1,0,7,1.0,-0.0,0.0
R_001307,5,0.002,3.847163405652632e-05,0,3102,6,1531,6,1,2,6,1.0,-0.0,0.0
R_001308,8,0.0032,5.2826323585576396e-05,0,3102,1,1571,6,2,7,5,0.8333333333333334,0.4505612088663046,0.6500224216483541
R_001309,4,0.0016,3.2859024892271666e-05,0,3102,6,1531,6,1,2,6,1.0,-0.0,0.0
R_001310,9,0.0036,6.208230915897069e-05,0,1550,5,1550,7,1,0,7,1.0,-0.0,0.0
R_001311,12,0.0048,7.512750795798663e-05,0,3102,6,1531,7,1,2,7,1.0,-0.0,0.0
R_001312,2,0.0008,2.373166195429108e-05,0,1550,5,1550,5,1,0,5,1.0,-0.0,0.0
R_001313,3,0.0012,2.9197372653227204e-05,0,1550,5,1550,5,1,0,5,1.0,-0.0,0.0
R_001314,8,0.0032,5.457027492950607e-05,0,1562,3,1562,5,2,6,4,0.8,0.5004024235381879,0.7219280948873623
R_001315,14,0.0056,8.355028209894751e-05,0,3102,1,1571,8,3,7,6,0.75,0.7356219397587946,0.6695919455357792
R_001316,0,0.0,1.2023710757614017e-05,1,1,10,1,5,1,2,5,1.0,-0.0,0.0
R_001317,12,0.0048,7.8393351962548e-05,0,1628,0,1628,8,1,3,8,1.0,-0.0,0.0
R_001318,6,0.0024,4.265904756749488e-05,0,3102,6,1531,6,1,2,6,1.0,-0.0,0.0
R_001319,5,0.002,3.969478458768723e-05,0,1628,0,1628,6,1,3,6,1.0,-0.0,0.0
R_001320,5,0.002,4.045737294386292e-05,0,1550,5,1550,6,1,0,6,1.0,-0.0,0.0
R_001321,9,0.0036,5.732295885203633e-05,0,3102,1,1571,5,4,2,2,0.4,1.3321790402101223,0.9609640474436812
R_001322,11,0.0044,6.71640002786e-05,0,1505,7,1505,7,1,4,7,1.0,-0.0,0.0
R_001323,6,0.0024,4.363487901475145e-05,0,3102,1,1571,6,4,7,3,0.5,1.242453324894,0.8962406251802889
R_001324,8,0.0032,5.675782470029069e-05,0,1550,5,1550,7,1,0,7,1.0,-0.0,0.0
R_001325,15,0.006,9.29383112625972e-05,0,1559,4,1559,8,1,1,8,1.0,-0.0,0.0
R_001326,21,0.0084,0.00012463611487484785,0,1562,3,1562,8,3,6,6,0.75,0.7356219397587946,0.6695919455357792
R_001327,6,0.0024,4.60728786442344e-05,0,1550,5,1550,6,1,0,6,1.0,-0.0,0.0
R_001328,8,0.0032,5.891646493950949e-05,0,1565,2,1565,6,1,5,6,1.0,-0.0,0.0
R_001329,9,0.0036,6.347708671137583e-05,0,1550,5,1550,5,1,0,5,1.0,-0.0,0.0
R_001330,10,0.004,6.835136756399954e-05,0,1550,5,1550,7,1,0,7,1.0,-0.0,0.0
R_001331,5,0.002,3.9661337136833145e-05,0,1628,0,1628,6,1,3,6,1.0,-0.0,0.0
R_001332,8,0.0032,5.213958196346124e-05,0,1505,7,1505,8,1,4,8,1.0,-0.0,0.0
R_001333,15,0.006,9.937684003461463e-05,0,1565,2,1565,8,2,5,7,0.875,0.3767701612564367,0.5435644431995964
R_001334,4,0.0016,3.298914876775694e-05,0,3102,1,1571,7,4,7,4,0.5714285714285714,1.1537419427010902,0.8322488896002307
R_001335,11,0.0044,7.401063127929168e-05,0,1550,5,1550,8,1,0,8,1.0,-0.0,0.0
R_001336,7,0.0028,4.75409850427102e-05,0,1505,7,1505,8,1,4,8,1.0,-0.0,0.0
R_001337,5,0.002,4.050553690897283e-05,0,1550,5,1550,5,1,0,5,1.0,-0.0,0.0
R_001338,6,0.0024,4.211583246805071e-05,0,1505,7,1505,6,1,4,6,1.0,-0.0,0.0
R_001339,7,0.0028,4.76103389074008e-05,0,1505,7,1505,6,1,4,6,1.0,-0.0,0.0
R_001340,8,0.0032,5.536864220011499e-05,0,1562,3,1562,8,2,6,7,0.875,0.3767701612564367,0.5435644431995964
R_001341,5,0.002,4.128589342891279e-05,0,1565,2,1565,6,2,5,5,0.8333333333333334,0.4505612088663046,0.6500224216483541
R_001342,14,0.0056,9.070520648066566e-05,0,1550,5,1550,8,1,0,8,1.0,-0.0,0.0
R_001343,7,0.0028,5.101589435376886e-05,0,1628,0,1628,6,1,3,6,1.0,-0.0,0.0
R_001344,2,0.0008,2.3682849336812288e-05,0,1550,5,1550,5,1,0,5,1.0,-0.0,0.0
R_001345,3,0.0012,2.772321204682114e-05,0,3102,1,1571,5,2,7,3,0.6,0.6730116670092565,0.9709505944546688
R_001346,7,0.0028,4.8281597234934536e-05,0,3102,6,1531,5,1,2,5,1.0,-0.0,0.0
R_001347,12,0.0048,8.171101829626292e-05,0,1565,2,1565,7,1,5,7,1.0,-0.0,0.0
R_001348,7,0.0028,5.077266643093084e-05,0,1628,0,1628,7,1,3,7,1.0,-0.0,0.0
R_001349,9,0.0036,6.557574278817157e-05,0,1565,2,1565,7,2,5,6,0.8571428571428571,0.410116318288409,0.5916727785823274
R_001350,3,0.0012,2.9074584584527778e-05,0,1550,5,1550,5,1,0,5,1.0,-0.0,0.0
R_001351,10,0.004,6.664766433411042e-05,0,1628,0,1628,8,1,3,8,1.0,-0.0,0.0
R_001352,6,0.0024,4.468309522586704e-05,0,1628,0,1628,6,1,3,6,1.0,-0.0,0.0
R_001353,4,0.0016,3.391573424172511e-05,0,1628,0,1628,6,1,3,6,1.0,-0.0,0.0
R_001354,5,0.002,4.1541981054530244e-05,0,1565,2,1565,6,2,5,5,0.8333333333333334,0.4505612088663046,0.6500224216483541
R_001355,5,0.002,3.803836653247827e-05,0,3102,6,1531,5,1,2,5,1.0,-0.0,0.0
R_001356,6,0.0024,4.2960008467929464e-05,0,3102,1,1571,7,4,7,4,0.5714285714285714,1.1537419427010902,0.8322488896002307
R_001357,7,0.0028,4.837133742070419e-05,0,3102,6,1531,8,1,2,8,1.0,-0.0,0.0
R_001358,13,0.0052,8.770717624256604e-05,0,1565,2,1565,8,2,5,7,0.875,0.3767701612564367,0.5435644431995964
R_001359,5,0.002,3.874258251866431e-05,0,1559,4,1559,7,1,1,7,1.0,-0.0,0.0
R_001360,11,0.0044,7.075751110487956e-05,0,1559,4,1559,7,1,1,7,1.0,-0.0,0.0
R_001361,6,0.0024,4.46487642128976e-05,0,1562,3,1562,7,3,6,5,0.7142857142857143,0.796311640173813,0.7248340915057598
R_001362,3,0.0012,3.0011475448434713e-05,0,1565,2,1565,5,2,5,4,0.8,0.5004024235381879,0.7219280948873623
R_001363,4,0.0016,3.499433354077825e-05,0,1550,5,1550,6,1,0,6,1.0,-0.0,0.0
R_001364,4,0.0016,3.468579197679324e-05,0,1550,5,1550,7,1,0,7,1.0,-0.0,0.0
R_001365,13,0.0052,7.844236825545912e-05,0,3102,1,1571,8,3,7,5,0.625,0.9002560512685369,0.8194483718728035
R_001366,9,0.0036,6.201796892471683e-05,0,1628,0,1628,6,1,3,6,1.0,-0.0,0.0
R_001367,9,0.0036,6.07555396714269e-05,0,1559,4,1559,8,1,1,8,1.0,-0.0,0.0
R_001368,10,0.004,6.383944974219822e-05,0,3102,6,1531,7,1,2,7,1.0,-0.0,0.0
R_001369,8,0.0032,5.540113037929588e-05,0,1562,3,1562,6,2,6,5,0.8333333333333334,0.4505612088663046,0.6500224216483541
R_001370,4,0.0016,3.334707346569161e-05,0,1562,3,1562,6,3,6,4,0.6666666666666666,0.8675632284814612,0.7896900821428474
R_001371,3,0.0012,2.730367080898884e-05,0,1505,7,1505,5,1,4,5,1.0,-0.0,0.0
R_001372,2,0.0008,2.3655564988837903e-05,0,1565,2,1565,5,2,5,4,0.8,0.5004024235381879,0.7219280948873623
R_001373,8,0.0032,5.723734402940421e-05,0,1550,5,1550,8,1,0,8,1.0,-0.0,0.0
R_001374,3,0.0012,2.7964159786484498e-05,0,3102,6,1531,5,1,2,5,1.0,-0.0,0.0
R_001375,7,0.0028,4.932584550404926e-05,0,1559,4,1559,5,1,1,5,1.0,-0.0,0.0
R_001376,5,0.002,3.933078979065594e-05,0,1628,0,1628,6,1,3,6,1.0,-0.0,0.0
R_001377,8,0.0032,5.694034643853139e-05,0,1550,5,1550,6,1,0,6,1.0,-0.0,0.0
R_001378,6,0.0024,4.290453483898097e-05,0,1505,7,1505,6,1,4,6,1.0,-0.0,0.0
R_001379,4,0.0016,3.3427609606698695e-05,0,1559,4,1559,5,1,1,5,1.0,-0.0,0.0
R_001380,9,0.0036,6.418135018972177e-05,0,1565,2,1565,8,2,5,7,0.875,0.3767701612564367,0.5435644431995964
R_001381,8,0.0032,5.7492401206546e-05,0,1550,5,1550,6,1,0,6,1.0,-0.0,0.0
R_001382,14,0.0056,8.791399045368758e-05,0,1628,0,1628,8,1,3,8,1.0,-0.0,0.0
R_001383,16,0.0064,9.613862862494376e-05,0,3102,6,1531,8,1,2,8,1.0,-0.0,0.0
R_001384,4,0.0016,3.3594455364835896e-05,0,1562,3,1562,6,2,6,5,0.8333333333333334,0.4505612088663046,0.6500224216483541
R_001385,5,0.002,3.973361280810542e-05,0,1628,0,1628,5,1,3,5,1.0,-0.0,0.0
R_001386,8,0.0032,5.959006107779057e-05,0,1565,2,1565,8,1,5,8,1.0,-0.0,0.0
R_001387,8,0.0032,5.4827481745844946e-05,0,1559,4,1559,5,1,1,5,1.0,-0.0,0.0
R_001388,6,0.0024,4.2437368211960204e-05,0,3102,1,1571,6,3,7,4,0.6666666666666666,0.8675632284814612,0.7896900821428474
R_001389,5,0.002,3.8937066629418525e-05,0,1559,4,1559,6,1,1,6,1.0,-0.0,0.0
R_001390,9,0.0036,5.865734780149502e-05,0,3102,6,1531,7,1,2,7,1.0,-0.0,0.0
R_001391,1,0.0004,1.8096007592746443e-05,0,1565,2,1565,5,1,5,5,1.0,-0.0,0.0
R_001392,10,0.004,6.28008255143279e-05,0,3102,1,1571,7,4,7,4,0.5714285714285714,1.1537419427010902,0.8322488896002307
R_001393,5,0.002,3.96290734574124e-05,0,1628,0,1628,6,1,3,6,1.0,-0.0,0.0
R_001394,3,0.0012,2.881507835026415e-05,0,1628,0,1628,6,1,3,6,1.0,-0.0,0.0
R_001395,6,0.0024,4.281197235590408e-05,0,1505,7,1505,7,1,4,7,1.0,-0.0,0.0
R_001396,12,0.0048,7.380049417371e-05,0,3102,1,1571,7,3,7,4,0.5714285714285714,0.9556998911125344,0.8699155297736259
R_001397,9,0.0036,6.02849330974056e-05,0,1559,4,1559,6,1,1,6,1.0,-0.0,0.0
R_001398,7,0.0028,5.0956449276985974e-05,0,1628,0,1628,6,1,3,6,1.0,-0.0,0.0
R_001399,13,0.0052,7.928601424567852e-05,0,3102,6,1531,7,1,2,7,1.0,-0.0,0.0
R_001400,4,0.0016,3.4804873727447307e-05,0,1550,5,1550,5,1,0,5,1.0,-0.0,0.0
R_001401,5,0.002,4.1148848517908076e-05,0,1565,2,1565,5,1,5,5,1.0,-0.0,0.0
R_001402,2,0.0008,2.3643095264623942e-05,0,1550,5,1550,6,1,0,6,1.0,-0.0,0.0
R_001403,12,0.0048,7.595451341648313e-05,0,1562,3,1562,8,2,6,7,0.875,0.3767701612564367,0.5435644431995964
R_001404,6,0.0024,4.73196301914653e-05,0,1565,2,1565,8,2,5,7,0.875,0.3767701612564367,0.5435644431995964
R_001405,3,0.0012,2.7781648553886848e-05,0,1559,4,1559,6,1,1,6,1.0,-0.0,0.0
R_001406,7,0.0028,4.7865202362542965e-05,0,1505,7,1505,7,1,4,7,1.0,-0.0,0.0
R_001407,19,0.0076,0.00010959058458257695,0,3102,6,1531,7,1,2,7,1.0,-0.0,0.0
R_001408,7,0.0028,5.157418759964838e-05,0,1550,5,1550,7,1,0,7,1.0,-0.0,0.0
R_001409,11,0.0044,6.732631770811525e-05,0,1505,7,1505,8,1,4,8,1.0,-0.0,0.0
R_001410,5,0.002,4.039416871279601e-05,0,1550,5,1550,5,1,0,5,1.0,-0.0,0.0
R_001411,10,0.004,6.410846037408293e-05,0,3102,6,1531,8,1,2,8,1.0,-0.0,0.0
R_001412,7,0.0028,4.783140559075252e-05,0,3102,1,1571,6,2,7,5,0.8333333333333334,0.4505612088663046,0.6500224216483541
R_001413,3,0.0012,2.787670544099446e-05,0,3102,6,1531,5,1,2,5,1.0,-0.0,0.0
R_001414,8,0.0032,5.3254530579470145e-05,0,3102,1,1571,8,4,7,4,0.5,1.2130075659799042,0.875
R_001415,11,0.0044,7.646870037751315e-05,0,1565,2,1565,7,1,5,7,1.0,-0.0,0.0
R_001416,9,0.0036,6.050576803597378e-05,0,1562,3,1562,7,3,6,5,0.7142857142857143,0.796311640173813,0.7248340915057598
R_001417,10,0.004,6.356635669424717e-05,0,3102,1,1571,6,3,7,4,0.6666666666666666,0.8675632284814612,0.7896900821428474
R_001418,7,0.0028,4.9435185549052086e-05,0,3102,6,1531,7,1,2,7,1.0,-0.0,0.0
R_001419,5,0.002,3.937778220094008e-05,0,1628,0,1628,8,1,3,8,1.0,-0.0,0.0
R_001420,8,0.0032,5.938580184239833e-05,0,1565,2,1565,7,2,5,6,0.8571428571428571,0.410116318288409,0.5916727785823274
R_001421,5,0.002,3.9310562423970184e-05,0,1559,4,1559,5,1,1,5,1.0,-0.0,0.0
R_001422,8,0.0032,5.322441841813874e-05,0,3102,1,1571,7,3,7,5,0.7142857142857143,0.796311640173813,0.7248340915057598
R_001423,12,0.0048,7.900942695424479e-05,0,1550,5,1550,7,1,0,7,1.0,-0.0,0.0
R_001424,4,0.0016,3.4399858141536415e-05,0,1559,4,1559,6,1,1,6,1.0,-0.0,0.0
R_001425,1,0.0004,1.8048883150994017e-05,0,1565,2,1565,5,1,5,5,1.0,-0.0,0.0
R_001426,8,0.0032,5.557912343511548e-05,0,1559,4,1559,7,1,1,7,1.0,-0.0,0.0
R_001427,9,0.0036,6.146659784834862e-05,0,1628,0,1628,8,1,3,8,1.0,-0.0,0.0
R_001428,6,0.0024,4.7484931482365004e-05,0,1565,2,1565,7,2,5,6,0.8571428571428571,0.410116318288409,0.5916727785823274
R_001429,8,0.0032,5.328858063228753e-05,0,1505,7,1505,5,1,4,5,1.0,-0.0,0.0
R_001430,7,0.0028,4.7068073251410855e-05,0,1505,7,1505,6,1,4,6,1.0,-0.0,0.0
R_001431,5,0.002,3.781659256602058e-05,0,1505,7,1505,6,1,4,6,1.0,-0.0,0.0
R_001432,9,0.0036,5.99532308906761e-05,0,1562,3,1562,6,3,6,4,0.6666666666666666,0.8675632284814612,0.7896900821428474
R_001433,17,0.0068,9.926078591770567e-05,0,3102,1,1571,8,4,7,4,0.5,1.2130075659799042,0.875
R_001434,10,0.004,6.501725172390739e-05,0,1559,4,1559,7,1,1,7,1.0,-0.0,0.0
R_001435,6,0.0024,4.333118660967259e-05,0,3102,6,1531,6,1,2,6,1.0,-0.0,0.0
R_001436,5,0.002,3.7154861911051805e-05,0,1505,7,1505,6,1,4,6,1.0,-0.0,0.0
R_001437,6,0.0024,4.2286662837124246e-05,0,1505,7,1505,5,1,4,5,1.0,-0.0,0.0
R_001438,10,0.004,6.2464196867572e-05,0,1505,7,1505,7,1,4,7,1.0,-0.0,0.0
R_001439,11,0.0044,7.039467498895292e-05,0,1559,4,1559,6,1,1,6,1.0,-0.0,0.0
R_001440,9,0.0036,5.8161669336352614e-05,0,1505,7,1505,6,1,4,6,1.0,-0.0,0.0
R_001441,5,0.002,3.950840999696913e-05,0,1559,4,1559,5,1,1,5,1.0,-0.0,0.0
R_001442,6,0.0024,4.411445492308118e-05,0,1559,4,1559,6,1,1,6,1.0,-0.0,0.0
R_001443,3,0.0012,2.9857517984191295e-05,0,1565,2,1565,5,2,5,4,0.8,0.5004024235381879,0.7219280948873623
R_001444,3,0.0012,2.9428539500400344e-05,0,1565,2,1565,6,1,5,6,1.0,-0.0,0.0
R_001445,11,0.0044,6.938591664464457e-05,0,3102,6,1531,5,1,2,5,1.0,-0.0,0.0
R_001446,8,0.0032,5.7429155940638435e-05,0,1550,5,1550,8,1,0,8,1.0,-0.0,0.0
R_001447,10,0.004,6.637225671264919e-05,0,1562,3,1562,6,2,6,5,0.8333333333333334,0.4505612088663046,0.6500224216483541
R_001448,4,0.0016,3.3750388813141806e-05,0,1628,0,1628,6,1,3,6,1.0,-0.0,0.0
R_001449,5,0.002,3.9605794555214914e-05,0,1628,0,1628,6,1,3,6,1.0,-0.0,0.0
R_001450,8,0.0032,5.787243298886523e-05,0,1550,5,1550,8,1,0,8,1.0,-0.0,0.0
R_001451,9,0.0036,6.487655588309263e-05,0,1565,2,1565,8,2,5,7,0.875,0.3767701612564367,0.5435644431995964
R_001452,6,0.0024,4.253926550178883e-05,0,1505,7,1505,5,1,4,5,1.0,-0.0,0.0
R_001453,1,0.0004,1.732221276313997e-05,0,1505,7,1505,5,1,4,5,1.0,-0.0,0.0
R_001454,7,0.0028,5.085861532831922e-05,0,1628,0,1628,6,1,3,6,1.0,-0.0,0.0
R_001455,6,0.0024,4.6825132241247805e-05,0,1565,2,1565,7,1,5,7,1.0,-0.0,0.0
R_001456,8,0.0032,5.602152164015184e-05,0,1562,3,1562,6,2,6,5,0.8333333333333334,0.4505612088663046,0.6500224216483541
R_001457,7,0.0028,4.8285085733593804e-05,0,3102,6,1531,7,1,2,7,1.0,-0.0,0.0
R_001458,5,0.002,4.041059762592736e-05,0,1550,5,1550,5,1,0,5,1.0,-0.0,0.0
R_001459,7,0.0028,4.9750151423112e-05,0,1562,3,1562,6,2,6,5,0.8333333333333334,0.4505612088663046,0.6500224216483541
R_001460,11,0.0044,7.262217012933365e-05,0,1628,0,1628,7,1,3,7,1.0,-0.0,0.0
R_001461,7,0.0028,4.840885001408958e-05,0,3102,6,1531,8,1,2,8,1.0,-0.0,0.0
R_001462,10,0.004,7.077738551158942e-05,0,1565,2,1565,7,2,5,6,0.8571428571428571,0.410116318288409,0.5916727785823274
R_001463,5,0.002,4.105414697820653e-05,0,1565,2,1565,6,2,5,5,0.8333333333333334,0.4505612088663046,0.6500224216483541
R_001464,6,0.0024,4.740186411842674e-05,0,1565,2,1565,5,2,5,4,0.8,0.5004024235381879,0.7219280948873623
R_001465,4,0.0016,3.273031694427826e-05,0,3102,6,1531,6,1,2,6,1.0,-0.0,0.0
R_001466,5,0.002,3.909753501074304e-05,0,1562,3,1562,5,2,6,4,0.8,0.5004024235381879,0.7219280948873623
R_001467,6,0.0024,4.327589410084521e-05,0,3102,1,1571,5,3,7,3,0.6,0.9502705392332348,0.8649735207179272
R_001468,10,0.004,6.307220707878215e-05,0,3102,1,1571,6,4,7,3,0.5,1.242453324894,0.8962406251802889
R_001469,6,0.0024,4.459210370293455e-05,0,1559,4,1559,5,1,1,5,1.0,-0.0,0.0
R_001470,10,0.004,6.258612630887396e-05,0,1505,7,1505,8,1,4,8,1.0,-0.0,0.0
R_001471,4,0.0016,3.387599752988716e-05,0,1562,3,1562,5,1,6,5,1.0,-0.0,0.0
R_001472,2,0.0008,2.3526790534692224e-05,0,1562,3,1562,5,2,6,4,0.8,0.5004024235381879,0.7219280948873623
R_001473,10,0.004,6.566422175349733e-05,0,1562,3,1562,7,3,6,5,0.7142857142857143,0.796311640173813,0.7248340915057598
R_001474,4,0.0016,3.3002280156664876e-05,0,3102,6,1531,5,1,2,5,1.0,-0.0,0.0
R_001475,10,0.004,6.252721684539176e-05,0,1505,7,1505,7,1,4,7,1.0,-0.0,0.0
R_001476,7,0.0028,5.023316074324249e-05,0,1562,3,1562,5,2,6,4,0.8,0.5004024235381879,0.7219280948873623
R_001477,12,0.0048,7.290448945207745e-05,0,3102,1,1571,7,2,7,5,0.7142857142857143,0.5982695885852573,0.8631205685666311
R_001478,10,0.004,6.338573087171554e-05,0,3102,1,1571,8,4,7,4,0.5,1.2130075659799042,0.875
R_001479,4,0.0016,3.469469351607537e-05,0,1628,0,1628,5,1,3,5,1.0,-0.0,0.0
R_001480,5,0.002,4.0340167708387125e-05,0,1550,5,1550,6,1,0,6,1.0,-0.0,0.0
R_001481,5,0.002,3.875903755505383e-05,0,1562,3,1562,6,3,6,4,0.6666666666666666,0.8675632284814612,0.7896900821428474
R_001482,9,0.0036,5.87142572704171e-05,0,3102,1,1571,7,3,7,4,0.5714285714285714,0.9556998911125344,0.8699155297736259
R_001483,5,0.002,3.849283308123078e-05,0,1559,4,1559,6,1,1,6,1.0,-0.0,0.0
R_001484,7,0.0028,4.928672419530462e-05,0,1562,3,1562,6,3,6,4,0.6666666666666666,0.8675632284814612,0.7896900821428474
R_001485,6,0.0024,4.323123523363057e-05,0,3102,6,1531,5,1,2,5,1.0,-0.0,0.0
R_001486,6,0.0024,4.5316718278484974e-05,0,1628,0,1628,8,1,3,8,1.0,-0.0,0.0
R_001487,6,0.0024,4.481890156434453e-05,0,1559,4,1559,5,1,1,5,1.0,-0.0,0.0
R_001488,4,0.0016,3.403403600559043e-05,0,1628,0,1628,7,1,3,7,1.0,-0.0,0.0
R_001489,5,0.002,3.993139180963105e-05,0,1550,5,1550,5,1,0,5,1.0,-0.0,0.0
R_001490,16,0.0064,9.259835199274776e-05,0,1505,7,1505,8,1,4,8,1.0,-0.0,0.0
R_001491,7,0.0028,5.3222331883051016e-05,0,1565,2,1565,8,2,5,7,0.875,0.3767701612564367,0.5435644431995964
R_001492,6,0.0024,4.467308034112159e-05,0,1562,3,1562,7,1,6,7,1.0,-0.0,0.0
R_001493,8,0.0032,5.3251381447120434e-05,0,3102,6,1531,8,1,2,8,1.0,-0.0,0.0
R_001494,9,0.0036,6.250502461992166e-05,0,1550,5,1550,8,1,0,8,1.0,-0.0,0.0
R_001495,4,0.0016,3.375741727317429e-05,0,1559,4,1559,6,1,1,6,1.0,-0.0,0.0
R_001496,16,0.0064,9.90926653641892e-05,0,1628,0,1628,8,1,3,8,1.0,-0.0,0.0
R_001497,4,0.0016,3.389096311407402e-05,0,1559,4,1559,5,1,1,5,1.0,-0.0,0.0
R_001498,5,0.002,4.173563856829075e-05,0,1565,2,1565,6,1,5,6,1.0,-0.0,0.0
R_001499,3,0.0012,2.7628232400204272e-05,0,3102,6,1531,6,1,2,6,1.0,-0.0,0.0
R_001500,13,0.0052,7.813420218824837e-05,0,1505,7,1505,6,1,4,6,1.0,-0.0,0.0
R_001501,8,0.0032,5.248816240843724e-05,0,1505,7,1505,6,1,4,6,1.0,-0.0,0.0
R_001502,4,0.0016,3.562382399313718e-05,0,1565,2,1565,5,2,5,4,0.8,0.5004024235381879,0.7219280948873623
R_001503,5,0.002,4.0178115951427497e-05,0,1628,0,1628,5,1,3,5,1.0,-0.0,0.0
R_001504,9,0.0036,6.262213519691422e-05,0,1550,5,1550,6,1,0,6,1.0,-0.0,0.0
R_001505,3,0.0012,2.847406749449735e-05,0,1562,3,1562,5,2,6,4,0.8,0.5004024235381879,0.7219280948873623
R_001506,10,0.004,6.649929980292729e-05,0,1628,0,1628,8,1,3,8,1.0,-0.0,0.0
R_001507,4,0.0016,3.398464884435645e-05,0,1628,0,1628,5,1,3,5,1.0,-0.0,0.0
R_001508,10,0.004,6.590082374687994e-05,0,1562,3,1562,6,1,6,6,1.0,-0.0,0.0
R_001509,9,0.0036,5.8490551143594126e-05,0,3102,1,1571,8,3,7,5,0.625,0.9002560512685369,0.8194483718728035
R_001510,5,0.002,3.949851920325693e-05,0,1628,0,1628,7,1,3,7,1.0,-0.0,0.0
R_001511,11,0.0044,7.111296838354611e-05,0,1559,4,1559,7,1,1,7,1.0,-0.0,0.0
R_001512,12,0.0048,7.855111880334763e-05,0,1550,5,1550,8,1,0,8,1.0,-0.0,0.0
R_001513,7,0.0028,4.819488148979443e-05,0,3102,1,1571,6,4,7,3,0.5,1.242453324894,0.8962406251802889
R_001514,5,0.002,3.747984144296715e-05,0,3102,1,1571,7,4,7,4,0.5714285714285714,1.1537419427010902,0.8322488896002307
R_001515,7,0.0028,5.032930496807071e-05,0,1562,3,1562,5,1,6,5,1.0,-0.0,0.0
R_001516,12,0.0048,7.330085123116606e-05,0,1505,7,1505,7,1,4,7,1.0,-0.0,0.0
R_001517,8,0.0032,5.3293099515010544e-05,0,3102,1,1571,7,3,7,4,0.5714285714285714,0.9556998911125344,0.8699155297736259
R_001518,10,0.004,7.044098913795341e-05,0,1565,2,1565,6,1,5,6,1.0,-0.0,0.0
R_001519,7,0.0028,4.8331445996228584e-05,0,3102,6,1531,7,1,2,7,1.0,-0.0,0.0
R_001520,5,0.002,3.928879965487182e-05,0,1559,4,1559,5,1,1,5,1.0,-0.0,0.0
R_001521,12,0.0048,7.760109750435102e-05,0,1628,0,1628,8,1,3,8,1.0,-0.0,0.0
R_001522,10,0.004,6.649058994930005e-05,0,1628,0,1628,8,1,3,8,1.0,-0.0,0.0
R_001523,4,0.0016,3.4439610850955356e-05,0,1628,0,1628,8,1,3,8,1.0,-0.0,0.0
R_001524,11,0.0044,7.123960751028271e-05,0,1559,4,1559,8,1,1,8,1.0,-0.0,0.0
R_001525,6,0.0024,4.464827216962424e-05,0,1562,3,1562,6,2,6,5,0.8333333333333334,0.4505612088663046,0.6500224216483541
R_001526,13,0.0052,7.82031287835227e-05,0,1505,7,1505,8,1,4,8,1.0,-0.0,0.0
R_001527,6,0.0024,4.664541774664653e-05,0,1565,2,1565,6,1,5,6,1.0,-0.0,0.0
R_001528,12,0.0048,7.329718884055952e-05,0,1505,7,1505,6,1,4,6,1.0,-0.0,0.0
R_001529,2,0.0008,2.326396465582443e-05,0,1562,3,1562,6,3,6,4,0.6666666666666666,0.8675632284814612,0.7896900821428474
R_001530,2,0.0008,2.3049602435767825e-05,0,1628,0,1628,5,1,3,5,1.0,-0.0,0.0
R_001531,8,0.0032,5.324626026685007e-05,0,3102,6,1531,6,1,2,6,1.0,-0.0,0.0
R_001532,4,0.0016,3.41649551742307e-05,0,1628,0,1628,6,1,3,6,1.0,-0.0,0.0
R_001533,5,0.002,3.941750288978883e-05,0,1559,4,1559,5,1,1,5,1.0,-0.0,0.0
R_001534,2,0.0008,2.2956186458550062e-05,0,1559,4,1559,5,1,1,5,1.0,-0.0,0.0
R_001535,3,0.0012,2.9478836648870726e-05,0,1550,5,1550,5,1,0,5,1.0,-0.0,0.0
R_001536,8,0.0032,5.649319894817698e-05,0,1550,5,1550,8,1,0,8,1.0,-0.0,0.0
R_001537,7,0.0028,5.163937380312844e-05,0,1550,5,1550,7,1,0,7,1.0,-0.0,0.0
R_001538,3,0.0012,2.8280945449424608e-05,0,1562,3,1562,5,2,6,4,0.8,0.5004024235381879,0.7219280948873623
R_001539,11,0.0044,7.570485171756336e-05,0,1565,2,1565,7,1,5,7,1.0,-0.0,0.0
R_001540,7,0.0028,4.80873509850166e-05,0,3102,1,1571,8,4,7,5,0.625,1.073542846408523,0.7743974703476992
R_001541,6,0.0024,4.423356374041442e-05,0,1562,3,1562,5,1,6,5,1.0,-0.0,0.0
R_001542,8,0.0032,5.3472563190496306e-05,0,3102,6,1531,7,1,2,7,1.0,-0.0,0.0
R_001543,3,0.0012,2.7466409131456576e-05,0,1505,7,1505,5,1,4,5,1.0,-0.0,0.0
R_001544,5,0.002,3.752762533019827e-05,0,3102,1,1571,6,2,7,5,0.8333333333333334,0.4505612088663046,0.6500224216483541
R_001545,14,0.0056,8.722910889721139e-05,0,1562,3,1562,6,3,6,4,0.6666666666666666,0.8675632284814612,0.7896900821428474
R_001546,11,0.0044,6.785265717955905e-05,0,3102,1,1571,8,4,7,4,0.5,1.2130075659799042,0.875
R_001547,7,0.0028,4.9491333256881995e-05,0,1559,4,1559,6,1,1,6,1.0,-0.0,0.0
R_001548,4,0.0016,3.253727322953066e-05,0,3102,1,1571,6,3,7,4,0.6666666666666666,0.8675632284814612,0.7896900821428474
R_001549,10,0.004,7.055086807101715e-05,0,1565,2,1565,7,2,5,6,0.8571428571428571,0.410116318288409,0.5916727785823274
R_001550,12,0.0048,7.420060212233315e-05,0,3102,6,1531,8,1,2,8,1.0,-0.0,0.0
R_001551,6,0.0024,4.4694200593737885e-05,0,1628,0,1628,5,1,3,5,1.0,-0.0,0.0
R_001552,1,0.0004,1.739981295337749e-05,0,1505,7,1505,5,1,4,5,1.0,-0.0,0.0
R_001553,10,0.004,6.351091682671757e-05,0,1505,7,1505,7,1,4,7,1.0,-0.0,0.0
R_001554,4,0.0016,3.317179404194079e-05,0,3102,6,1531,6,1,2,6,1.0,-0.0,0.0
R_001555,3,0.0012,2.93769157701971e-05,0,1565,2,1565,5,1,5,5,1.0,-0.0,0.0
R_001556,6,0.0024,4.762322628581665e-05,0,1565,2,1565,7,2,5,6,0.8571428571428571,0.410116318288409,0.5916727785823274
R_001557,11,0.0044,7.134256790589146e-05,0,1562,3,1562,6,2,6,5,0.8333333333333334,0.4505612088663046,0.6500224216483541
R_001558,12,0.0048,7.350817275063594e-05,0,3102,1,1571,8,4,7,5,0.625,1.073542846408523,0.7743974703476992
R_001559,1,0.0004,1.757847150310896e-05,0,3102,1,1571,5,3,7,3,0.6,0.9502705392332348,0.8649735207179272
R_001560,12,0.0048,7.262173911184065e-05,0,3102,1,1571,8,4,7,5,0.625,1.073542846408523,0.7743974703476992
R_001561,16,0.0064,0.00010077090202225814,0,1628,0,1628,8,1,3,8,1.0,-0.0,0.0
R_001562,2,0.0008,2.2376454284346388e-05,0,1505,7,1505,5,1,4,5,1.0,-0.0,0.0
R_001563,5,0.002,4.038081127007168e-05,0,1550,5,1550,6,1,0,6,1.0,-0.0,0.0
R_001564,4,0.0016,3.399891993197374e-05,0,1562,3,1562,5,1,6,5,1.0,-0.0,0.0
R_001565,6,0.0024,4.31285687217451e-05,0,3102,1,1571,6,2,7,5,0.8333333333333334,0.4505612088663046,0.6500224216483541
R_001566,10,0.004,6.349512093495248e-05,0,3102,6,1531,7,1,2,7,1.0,-0.0,0.0
R_001567,4,0.0016,3.50845631221484e-05,0,1550,5,1550,7,1,0,7,1.0,-0.0,0.0
R_001568,6,0.0024,4.588948380397888e-05,0,1550,5,1550,7,1,0,7,1.0,-0.0,0.0
R_001569,9,0.0036,5.8767796809968784e-05,0,1505,7,1505,7,1,4,7,1.0,-0.0,0.0
R_001570,5,0.002,3.799074027190146e-05,0,3102,1,1571,8,3,7,6,0.75,0.7356219397587946,0.6695919455357792
R_001571,3,0.0012,2.7634840535737204e-05,0,1505,7,1505,5,1,4,5,1.0,-0.0,0.0
R_001572,14,0.0056,8.68186803495053e-05,0,1559,4,1559,8,1,1,8,1.0,-0.0,0.0
R_001573,14,0.0056,8.895978902676177e-05,0,1628,0,1628,8,1,3,8,1.0,-0.0,0.0
R_001574,7,0.0028,5.3259696929835754e-05,0,1565,2,1565,6,2,5,5,0.8333333333333334,0.4505612088663046,0.6500224216483541
R_001575,10,0.004,6.556085986394968e-05,0,1562,3,1562,7,2,6,6,0.8571428571428571,0.410116318288409,0.5916727785823274
R_001576,13,0.0052,8.447573384393189e-05,0,1628,0,1628,8,1,3,8,1.0,-0.0,0.0
R_001577,6,0.0024,4.55153386252883e-05,0,1628,0,1628,6,1,3,6,1.0,-0.0,0.0
R_001578,8,0.0032,5.9105647350666545e-05,0,1565,2,1565,7,2,5,6,0.8571428571428571,0.410116318288409,0.5916727785823274
R_001579,12,0.0048,7.98143932967658e-05,0,1550,5,1550,7,1,0,7,1.0,-0.0,0.0
R_001580,2,0.0008,2.249209271491421e-05,0,1505,7,1505,5,1,4,5,1.0,-0.0,0.0
R_001581,11,0.0044,6.815971472718337e-05,0,3102,1,1571,7,3,7,4,0.5714285714285714,0.9556998911125344,0.8699155297736259
R_001582,8,0.0032,5.3361543896572955e-05,0,3102,1,1571,6,3,7,4,0.6666666666666666,0.8675632284814612,0.7896900821428474
R_001583,11,0.0044,7.134491498109012e-05,0,1562,3,1562,6,2,6,5,0.8333333333333334,0.4505612088663046,0.6500224216483541
R_001584,6,0.0024,4.7075629652680485e-05,0,1565,2,1565,7,2,5,6,0.8571428571428571,0.410116318288409,0.5916727785823274
R_001585,3,0.0012,2.767760451143469e-05,0,3102,6,1531,5,1,2,5,1.0,-0.0,0.0
R_001586,3,0.0012,3.0402637570169163e-05,0,1565,2,1565,6,2,5,5,0.8333333333333334,0.4505612088663046,0.6500224216483541
R_001587,7,0.0028,5.036402715100784e-05,0,1628,0,1628,6,1,3,6,1.0,-0.0,0.0
R_001588,10,0.004,6.608466240668918e-05,0,1562,3,1562,6,3,6,4,0.6666666666666666,0.8675632284814612,0.7896900821428474
R_001589,8,0.0032,5.807324888496683e-05,0,1565,2,1565,7,1,5,7,1.0,-0.0,0.0
R_001590,5,0.002,4.122946511289313e-05,0,1565,2,1565,7,2,5,6,0.8571428571428571,0.410116318288409,0.5916727785823274
R_001591,6,0.0024,4.526892130256938e-05,0,1628,0,1628,7,1,3,7,1.0,-0.0,0.0
R_001592,5,0.002,3.874718721862167e-05,0,1562,3,1562,5,2,6,4,0.8,0.5004024235381879,0.7219280948873623
R_001593,9,0.0036,6.121890817818452e-05,0,1628,0,1628,8,1,3,8,1.0,-0.0,0.0
R_001594,11,0.0044,6.82236086935965e-05,0,3102,1,1571,8,4,7,4,0.5,1.2130075659799042,0.875
R_001595,11,0.0044,6.863094847328033e-05,0,1505,7,1505,7,1,4,7,1.0,-0.0,0.0
R_001596,6,0.0024,4.5436333512302516e-05,0,1550,5,1550,6,1,0,6,1.0,-0.0,0.0
R_001597,4,0.0016,3.538801321230436e-05,0,1565,2,1565,5,2,5,4,0.8,0.5004024235381879,0.7219280948873623
R_001598,6,0.0024,4.453953895289412e-05,0,1628,0,1628,8,1,3,8,1.0,-0.0,0.0
R_001599,14,0.0056,8.721011915428732e-05,0,1562,3,1562,8,3,6,6,0.75,0.7356219397587946,0.6695919455357792
R_001600,3,0.0012,2.8703399590799962e-05,0,1550,5,1550,5,1,0,5,1.0,-0.0,0.0
R_001601,9,0.0036,6.301785348804777e-05,0,1550,5,1550,7,1,0,7,1.0,-0.0,0.0
R_001602,5,0.002,3.9493283612747886e-05,0,1628,0,1628,5,1,3,5,1.0,-0.0,0.0
R_001603,6,0.0024,4.6909811451915557e-05,0,1565,2,1565,8,2,5,7,0.875,0.3767701612564367,0.5435644431995964
R_001604,8,0.0032,5.693521892460292e-05,0,1550,5,1550,6,1,0,6,1.0,-0.0,0.0
R_001605,9,0.0036,6.040820387848812e-05,0,1562,3,1562,6,2,6,5,0.8333333333333334,0.4505612088663046,0.6500224216483541
R_001606,11,0.0044,6.831315593432172e-05,0,3102,1,1571,8,3,7,5,0.625,0.9002560512685369,0.8194483718728035
R_001607,5,0.002,3.817813626304669e-05,0,3102,1,1571,7,3,7,4,0.5714285714285714,0.9556998911125344,0.8699155297736259
R_001608,2,0.0008,2.339391194281237e-05,0,1550,5,1550,5,1,0,5,1.0,-0.0,0.0
R_001609,8,0.0032,5.311814593906598e-05,0,3102,6,1531,6,1,2,6,1.0,-0.0,0.0
R_001610,11,0.0044,6.896352209717182e-05,0,3102,1,1571,6,4,2,2,0.3333333333333333,1.3296613488547582,0.9591479170272448
R_001611,3,0.0012,2.8125449262572984e-05,0,1559,4,1559,5,1,1,5,1.0,-0.0,0.0
R_001612,7,0.0028,4.837587407365628e-05,0,1505,7,1505,6,1,4,6,1.0,-0.0,0.0
R_001613,12,0.0048,7.609817704201729e-05,0,1562,3,1562,7,2,6,6,0.8571428571428571,0.410116318288409,0.5916727785823274
R_001614,11,0.0044,7.030926311068583e-05,0,1559,4,1559,8,1,1,8,1.0,-0.0,0.0
R_001615,6,0.0024,4.6967850439472465e-05,0,1565,2,1565,8,2,5,7,0.875,0.3767701612564367,0.5435644431995964
R_001616,9,0.0036,5.7890818907367586e-05,0,1505,7,1505,7,1,4,7,1.0,-0.0,0.0
R_001617,15,0.006,8.984119269133959e-05,0,3102,1,1571,7,3,7,4,0.5714285714285714,0.9556998911125344,0.8699155297736259
R_001618,6,0.0024,4.5065459574929466e-05,0,1628,0,1628,6,1,3,6,1.0,-0.0,0.0
R_001619,4,0.0016,3.3466259678939574e-05,0,1559,4,1559,6,1,1,6,1.0,-0.0,0.0
R_001620,8,0.0032,5.7259170370403e-05,0,1550,5,1550,8,1,0,8,1.0,-0.0,0.0
R_001621,2,0.0008,2.2378313202216795e-05,0,3102,6,1531,5,1,2,5,1.0,-0.0,0.0
R_001622,5,0.002,3.986063384149591e-05,0,1628,0,1628,6,1,3,6,1.0,-0.0,0.0
R_001623,6,0.0024,4.273799365318872e-05,0,1505,7,1505,5,1,4,5,1.0,-0.0,0.0
R_001624,9,0.0036,5.8164153802722986e-05,0,3102,1,1571,7,3,7,5,0.7142857142857143,0.796311640173813,0.7248340915057598
R_001625,11,0.0044,7.639317894933342e-05,0,1565,2,1565,7,2,5,6,0.8571428571428571,0.410116318288409,0.5916727785823274
R_001626,6,0.0024,4.5888601659909114e-05,0,1550,5,1550,6,1,0,6,1.0,-0.0,0.0
R_001627,16,0.0064,9.246129534434831e-05,0,1505,7,1505,7,1,4,7,1.0,-0.0,0.0
R_001628,7,0.0028,5.133285942602407e-05,0,1550,5,1550,6,1,0,6,1.0,-0.0,0.0
R_001629,11,0.0044,6.855865780243851e-05,0,3102,6,1531,7,1,2,7,1.0,-0.0,0.0
R_001630,2,0.0008,2.359625962798486e-05,0,1550,5,1550,5,1,0,5,1.0,-0.0,0.0
R_001631,3,0.0012,2.9406260052267178e-05,0,1565,2,1565,5,1,5,5,1.0,-0.0,0.0
R_001632,9,0.0036,5.7530772383382804e-05,0,1505,7,1505,6,1,4,6,1.0,-0.0,0.0
R_001633,14,0.0056,9.093536724059432e-05,0,1550,5,1550,8,1,0,8,1.0,-0.0,0.0
R_001634,8,0.0032,5.4644826014933963e-05,0,1562,3,1562,8,3,6,6,0.75,0.7356219397587946,0.6695919455357792
R_001635,11,0.0044,7.311542935057332e-05,0,1550,5,1550,8,1,0,8,1.0,-0.0,0.0
R_001636,10,0.004,6.409585441326884e-05,0,1505,7,1505,8,1,4,8,1.0,-0.0,0.0
R_001637,5,0.002,3.88274940313289e-05,0,1559,4,1559,5,1,1,5,1.0,-0.0,0.0
R_001638,10,0.004,6.28694569837634e-05,0,1505,7,1505,6,1,4,6,1.0,-0.0,0.0
R_001639,6,0.0024,4.677824584117578e-05,0,1565,2,1565,7,2,5,6,0.8571428571428571,0.410116318288409,0.5916727785823274
R_001640,4,0.0016,3.2157189305433034e-05,0,1505,7,1505,5,1,4,5,1.0,-0.0,0.0
R_001641,7,0.0028,5.0257966066603243e-05,0,1628,0,1628,5,1,3,5,1.0,-0.0,0.0
R_001642,14,0.0056,8.327816461944687e-05,0,1505,7,1505,7,1,4,7,1.0,-0.0,0.0
R_001643,16,0.0064,0.00010036963038063573,0,1628,0,1628,7,1,3,7,1.0,-0.0,0.0
R_001644,6,0.0024,4.4537801225069524e-05,0,1559,4,1559,6,1,1,6,1.0,-0.0,0.0
R_001645,7,0.0028,4.8189655858261576e-05,0,3102,1,1571,6,3,7,3,0.5,1.0114042647073518,0.920619835714305
R_001646,14,0.0056,8.745471608544537e-05,0,1559,4,1559,8,1,1,8,1.0,-0.0,0.0
R_001647,6,0.0024,4.317838269788497e-05,0,3102,1,1571,6,2,7,5,0.8333333333333334,0.4505612088663046,0.6500224216483541
R_001648,4,0.0016,3.494143002279595e-05,0,1550,5,1550,6,1,0,6,1.0,-0.0,0.0
R_001649,11,0.0044,6.821494774746316e-05,0,3102,1,1571,7,3,7,5,0.7142857142857143,0.796311640173813,0.7248340915057598
R_001650,4,0.0016,3.5902188053787186e-05,0,1565,2,1565,5,2,5,4,0.8,0.5004024235381879,0.7219280948873623
R_001651,12,0.0048,7.890575972094692e-05,0,1628,0,1628,7,1,3,7,1.0,-0.0,0.0
R_001652,5,0.002,4.138475304501321e-05,0,1565,2,1565,6,1,5,6,1.0,-0.0,0.0
R_001653,7,0.0028,5.148904056280824e-05,0,1550,5,1550,7,1,0,7,1.0,-0.0,0.0
R_001654,10,0.004,6.262228783772178e-05,0,1505,7,1505,6,1,4,6,1.0,-0.0,0.0
R_001655,1,0.0004,1.810641502428234e-05,0,1565,2,1565,5,1,5,5,1.0,-0.0,0.0
R_001656,9,0.0036,6.0633630053704495e-05,0,1628,0,1628,7,1,3,7,1.0,-0.0,0.0
R_001657,5,0.002,3.812844455331357e-05,0,3102,6,1531,6,1,2,6,1.0,-0.0,0.0
R_001658,9,0.0036,5.864967936915383e-05,0,3102,1,1571,7,3,7,5,0.7142857142857143,0.796311640173813,0.7248340915057598
R_001659,14,0.0056,8.316244985973073e-05,0,1505,7,1505,8,1,4,8,1.0,-0.0,0.0
R_001660,4,0.0016,3.356957161311913e-05,0,1562,3,1562,5,2,6,4,0.8,0.5004024235381879,0.7219280948873623
R_001661,7,0.0028,5.129262978455956e-05,0,1550,5,1550,7,1,0,7,1.0,-0.0,0.0
R_001662,6,0.0024,4.44895169381241e-05,0,1559,4,1559,6,1,1,6,1.0,-0.0,0.0
R_001663,13,0.0052,7.853875106270698e-05,0,3102,1,1571,8,4,7,4,0.5,1.2130075659799042,0.875
R_001664,9,0.0036,6.22812494318829e-05,0,1628,0,1628,8,1,3,8,1.0,-0.0,0.0
R_001665,9,0.0036,5.8505727460323225e-05,0,1505,7,1505,8,1,4,8,1.0,-0.0,0.0
R_001666,5,0.002,4.119059566511105e-05,0,1565,2,1565,6,1,5,6,1.0,-0.0,0.0
R_001667,8,0.0032,5.849858151616495e-05,0,1565,2,1565,7,1,5,7,1.0,-0.0,0.0
R_001668,3,0.0012,2.8456851224066196e-05,0,1559,4,1559,5,1,1,5,1.0,-0.0,0.0
R_001669,6,0.0024,4.4462895224759526e-05,0,1562,3,1562,6,3,6,4,0.6666666666666666,0.8675632284814612,0.7896900821428474
R_001670,7,0.0028,5.24360534152851e-05,0,1565,2,1565,6,2,5,5,0.8333333333333334,0.4505612088663046,0.6500224216483541
R_001671,4,0.0016,3.374624704861364e-05,0,1562,3,1562,5,2,6,4,0.8,0.5004024235381879,0.7219280948873623
R_001672,4,0.0016,3.261644097613269e-05,0,3102,1,1571,5,2,7,3,0.6,0.6730116670092565,0.9709505944546688
R_001673,6,0.0024,4.340099129991511e-05,0,3102,6,1531,6,1,2,6,1.0,-0.0,0.0
R_001674,1,0.0004,1.738045572463741e-05,0,3102,6,1531,5,1,2,5,1.0,-0.0,0.0
R_001675,3,0.0012,2.845726818747201e-05,0,1628,0,1628,7,1,3,7,1.0,-0.0,0.0
R_001676,4,0.0016,3.330378996994128e-05,0,1559,4,1559,6,1,1,6,1.0,-0.0,0.0
R_001677,9,0.0036,6.222196714355686e-05,0,1550,5,1550,8,1,0,8,1.0,-0.0,0.0
R_001678,10,0.004,6.334362009132306e-05,0,3102,6,1531,8,1,2,8,1.0,-0.0,0.0
R_001679,2,0.0008,2.3215639260103657e-05,0,1628,0,1628,5,1,3,5,1.0,-0.0,0.0
R_001680,7,0.0028,4.771486032669724e-05,0,1505,7,1505,6,1,4,6,1.0,-0.0,0.0
R_001681,3,0.0012,2.96913814003574e-05,0,1550,5,1550,6,1,0,6,1.0,-0.0,0.0
R_001682,6,0.0024,4.43485216261373e-05,0,1559,4,1559,8,1,1,8,1.0,-0.0,0.0
R_001683,9,0.0036,5.788130299104612e-05,0,3102,1,1571,5,3,7,3,0.6,0.9502705392332348,0.8649735207179272
R_001684,3,0.0012,2.967474666487444e-05,0,1565,2,1565,5,1,5,5,1.0,-0.0,0.0
R_001685,7,0.0028,4.842451977633773e-05,0,3102,1,1571,6,2,7,5,0.8333333333333334,0.4505612088663046,0.6500224216483541
R_001686,4,0.0016,3.299401833950696e-05,0,3102,6,1531,5,1,2,5,1.0,-0.0,0.0
R_001687,8,0.0032,5.939604214929502e-05,0,1565,2,1565,7,2,5,6,0.8571428571428571,0.410116318288409,0.5916727785823274
R_001688,12,0.0048,8.131110023572254e-05,0,1565,2,1565,8,2,5,7,0.875,0.3767701612564367,0.5435644431995964
R_001689,6,0.0024,4.277648448387448e-05,0,3102,1,1571,5,2,7,4,0.8,0.5004024235381879,0.7219280948873623
R_001690,8,0.0032,5.8617223814774404e-05,0,1565,2,1565,5,1,5,5,1.0,-0.0,0.0
R_001691,6,0.0024,4.20843029553966e-05,0,1505,7,1505,6,1,4,6,1.0,-0.0,0.0
R_001692,4,0.0016,3.368406198019371e-05,0,1559,4,1559,5,1,1,5,1.0,-0.0,0.0
R_001693,1,0.0004,1.778438271300588e-05,0,1628,0,1628,5,1,3,5,1.0,-0.0,0.0
R_001694,3,0.0012,2.8955775891455363e-05,0,1550,5,1550,5,1,0,5,1.0,-0.0,0.0
R_001695,11,0.0044,7.294323879745044e-05,0,1628,0,1628,6,1,3,6,1.0,-0.0,0.0
R_001696,6,0.0024,4.6921001832971986e-05,0,1565,2,1565,7,1,5,7,1.0,-0.0,0.0
R_001697,6,0.0024,4.7153552057326144e-05,0,1565,2,1565,6,1,5,6,1.0,-0.0,0.0
R_001698,6,0.0024,4.464832546040591e-05,0,1562,3,1562,6,3,6,4,0.6666666666666666,0.8675632284814612,0.7896900821428474
R_001699,11,0.0044,7.103438505440433e-05,0,1559,4,1559,8,1,1,8,1.0,-0.0,0.0
R_001700,19,0.0076,0.00011424881540764449,0,1559,4,1559,8,1,1,8,1.0,-0.0,0.0
R_001701,6,0.0024,4.481860675271247e-05,0,1628,0,1628,6,1,3,6,1.0,-0.0,0.0
R_001702,5,0.002,3.803533442970811e-05,0,3102,6,1531,6,1,2,6,1.0,-0.0,0.0
R_001703,10,0.004,6.584527543408074e-05,0,1559,4,1559,7,1,1,7,1.0,-0.0,0.0
R_001704,6,0.0024,4.6955562749527804e-05,0,1565,2,1565,6,2,5,5,0.8333333333333334,0.4505612088663046,0.6500224216483541
R_001705,9,0.0036,6.191377031540843e-05,0,1628,0,1628,8,1,3,8,1.0,-0.0,0.0
R_001706,5,0.002,3.977463822437196e-05,0,1628,0,1628,7,1,3,7,1.0,-0.0,0.0
R_001707,8,0.0032,5.383293627599261e-05,0,3102,6,1531,8,1,2,8,1.0,-0.0,0.0
R_001708,4,0.0016,3.359637744024719e-05,0,1628,0,1628,6,1,3,6,1.0,-0.0,0.0
R_001709,9,0.0036,6.283875963448792e-05,0,1550,5,1550,8,1,0,8,1.0,-0.0,0.0
R_001710,6,0.0024,4.268385986054388e-05,0,1505,7,1505,5,1,4,5,1.0,-0.0,0.0
R_001711,15,0.006,9.294076186336486e-05,0,1562,3,1562,8,2,6,7,0.875,0.3767701612564367,0.5435644431995964
R_001712,7,0.0028,4.734346750466247e-05,0,3102,1,1571,8,4,7,5,0.625,1.073542846408523,0.7743974703476992
R_001713,4,0.0016,3.291107321483643e-05,0,3102,1,1571,5,3,7,3,0.6,0.9502705392332348,0.8649735207179272
R_001714,12,0.0048,7.780502972809197e-05,0,1628,0,1628,7,1,3,7,1.0,-0.0,0.0
R_001715,8,0.0032,5.695006899702167e-05,0,1550,5,1550,7,1,0,7,1.0,-0.0,0.0
R_001716,7,0.0028,5.08464158120386e-05,0,1550,5,1550,7,1,0,7,1.0,-0.0,0.0
R_001717,11,0.0044,6.837948838626046e-05,0,3102,1,1571,7,4,7,3,0.4285714285714285,1.277034259466139,0.9211854965885544
R_001718,15,0.006,8.797155401319562e-05,0,1505,7,1505,8,1,4,8,1.0,-0.0,0.0
R_001719,7,0.0028,4.83641819351817e-05,0,1505,7,1505,7,1,4,7,1.0,-0.0,0.0
R_001720,5,0.002,3.897735063687055e-05,0,1559,4,1559,8,1,1,8,1.0,-0.0,0.0
R_001721,5,0.002,3.8732768686887716e-05,0,1559,4,1559,6,1,1,6,1.0,-0.0,0.0
R_001722,6,0.0024,4.417856123218093e-05,0,1562,3,1562,7,2,6,6,0.8571428571428571,0.410116318288409,0.5916727785823274
R_001723,6,0.0024,4.4984665434527645e-05,0,1628,0,1628,8,1,3,8,1.0,-0.0,0.0
R_001724,13,0.0052,7.84534465132678e-05,0,3102,1,1571,8,3,7,5,0.625,0.9002560512685369,0.8194483718728035
R_001725,12,0.0048,7.794389396989896e-05,0,1628,0,1628,7,1,3,7,1.0,-0.0,0.0
R_001726,6,0.0024,4.274685214754625e-05,0,1505,7,1505,6,1,4,6,1.0,-0.0,0.0
R_001727,2,0.0008,2.3623071188818638e-05,0,1550,5,1550,5,1,0,5,1.0,-0.0,0.0
R_001728,4,0.0016,3.2572508964407755e-05,0,1505,7,1505,6,1,4,6,1.0,-0.0,0.0
R_001729,4,0.0016,3.38486869326727e-05,0,1559,4,1559,6,1,1,6,1.0,-0.0,0.0
R_001730,6,0.0024,4.50822647937366e-05,0,1559,4,1559,6,1,1,6,1.0,-0.0,0.0
R_001731,4,0.0016,3.474358512282904e-05,0,1550,5,1550,5,1,0,5,1.0,-0.0,0.0
R_001732,9,0.0036,5.97191210506078e-05,0,3102,6,1531,6,1,2,6,1.0,-0.0,0.0
R_001733,5,0.002,3.9475642003336944e-05,0,1628,0,1628,7,1,3,7,1.0,-0.0,0.0
R_001734,10,0.004,6.57569420083305e-05,0,1559,4,1559,8,1,1,8,1.0,-0.0,0.0
R_001735,9,0.0036,6.225886811760826e-05,0,1550,5,1550,6,1,0,6,1.0,-0.0,0.0
R_001736,2,0.0008,2.3312534482818352e-05,0,1550,5,1550,5,1,0,5,1.0,-0.0,0.0
R_001737,8,0.0032,5.3974552421913635e-05,0,3102,6,1531,8,1,2,8,1.0,-0.0,0.0
R_001738,7,0.0028,5.203820655008168e-05,0,1550,5,1550,8,1,0,8,1.0,-0.0,0.0
R_001739,9,0.0036,6.31580713747641e-05,0,1550,5,1550,7,1,0,7,1.0,-0.0,0.0
R_001740,14,0.0056,8.370103905565687e-05,0,1505,7,1505,7,1,4,7,1.0,-0.0,0.0
R_001741,4,0.0016,3.374255687827761e-05,0,1628,0,1628,5,1,3,5,1.0,-0.0,0.0
R_001742,6,0.0024,4.73499457133288e-05,0,1565,2,1565,6,1,5,6,1.0,-0.0,0.0
R_001743,8,0.0032,5.3741260229617056e-05,0,3102,6,1531,8,1,2,8,1.0,-0.0,0.0
R_001744,6,0.0024,4.5997648332657885e-05,0,1628,0,1628,5,1,3,5,1.0,-0.0,0.0
R_001745,3,0.0012,2.9019356781703202e-05,0,1550,5,1550,5,1,0,5,1.0,-0.0,0.0
R_001746,5,0.002,3.9127576010839544e-05,0,1628,0,1628,6,1,3,6,1.0,-0.0,0.0
R_001747,11,0.0044,7.11094620260665e-05,0,1559,4,1559,6,1,1,6,1.0,-0.0,0.0
R_001748,4,0.0016,3.366199709415052e-05,0,1559,4,1559,5,1,1,5,1.0,-0.0,0.0
R_001749,4,0.0016,3.5788119742355534e-05,0,1565,2,1565,8,2,5,7,0.875,0.3767701612564367,0.5435644431995964
R_001750,6,0.0024,4.551033572970184e-05,0,1628,0,1628,6,1,3,6,1.0,-0.0,0.0
R_001751,12,0.0048,7.718301457173716e-05,0,1562,3,1562,8,2,6,7,0.875,0.3767701612564367,0.5435644431995964
R_001752,5,0.002,3.7813010126535256e-05,0,1505,7,1505,5,1,4,5,1.0,-0.0,0.0
R_001753,4,0.0016,3.388108130283232e-05,0,1559,4,1559,5,1,1,5,1.0,-0.0,0.0
R_001754,11,0.0044,7.32886927176777e-05,0,1628,0,1628,7,1,3,7,1.0,-0.0,0.0
R_001755,3,0.0012,2.770640571098699e-05,0,3102,1,1571,5,3,7,3,0.6,0.9502705392332348,0.8649735207179272
R_001756,10,0.004,7.085399816902814e-05,0,1565,2,1565,8,2,5,7,0.875,0.3767701612564367,0.5435644431995964
R_001757,9,0.0036,6.18600980417598e-05,0,1628,0,1628,8,1,3,8,1.0,-0.0,0.0
R_001758,4,0.0016,3.2831556687480555e-05,0,3102,1,1571,5,2,7,3,0.6,0.6730116670092565,0.9709505944546688
R_001759,2,0.0008,2.370673458283194e-05,0,1565,2,1565,5,2,5,4,0.8,0.5004024235381879,0.7219280948873623
R_001760,14,0.0056,8.383659067985785e-05,0,3102,6,1531,8,1,2,8,1.0,-0.0,0.0
R_001761,8,0.0032,5.902365316522022e-05,0,1565,2,1565,8,2,5,7,0.875,0.3767701612564367,0.5435644431995964
R_001762,13,0.0052,7.957180901455958e-05,0,3102,1,1571,7,4,7,3,0.4285714285714285,1.277034259466139,0.9211854965885544
R_001763,6,0.0024,4.601828739871784e-05,0,1550,5,1550,6,1,0,6,1.0,-0.0,0.0
R_001764,1,0.0004,1.8075850200353864e-05,0,1550,5,1550,5,1,0,5,1.0,-0.0,0.0
R_001765,7,0.0028,4.950870979382626e-05,0,3102,6,1531,7,1,2,7,1.0,-0.0,0.0
R_001766,5,0.002,3.9380403623216656e-05,0,1628,0,1628,6,1,3,6,1.0,-0.0,0.0
R_001767,11,0.0044,7.20231444007444e-05,0,1562,3,1562,8,2,6,7,0.875,0.3767701612564367,0.5435644431995964
R_001768,6,0.0024,4.590761473549581e-05,0,1550,5,1550,6,1,0,6,1.0,-0.0,0.0
R_001769,5,0.002,3.938889524594259e-05,0,1562,3,1562,5,3,6,3,0.6,0.9502705392332348,0.8649735207179272
R_001770,16,0.0064,9.327675603275656e-05,0,3102,1,1571,8,4,7,5,0.625,1.073542846408523,0.7743974703476992
R_001771,3,0.0012,2.97400151580786e-05,0,1565,2,1565,6,2,5,5,0.8333333333333334,0.4505612088663046,0.6500224216483541
R_001772,9,0.0036,6.441020650330967e-05,0,1565,2,1565,8,1,5,8,1.0,-0.0,0.0
R_001773,11,0.0044,7.180432125432978e-05,0,1562,3,1562,8,3,6,6,0.75,0.7356219397587946,0.6695919455357792
R_001774,6,0.0024,4.3576544272252285e-05,0,3102,6,1531,5,1,2,5,1.0,-0.0,0.0
R_001775,3,0.0012,2.77282103405215e-05,0,1559,4,1559,5,1,1,5,1.0,-0.0,0.0
R_001776,11,0.0044,6.8702035811278e-05,0,3102,1,1571,5,2,7,4,0.8,0.5004024235381879,0.7219280948873623
R_001777,4,0.0016,3.2748278532956335e-05,0,3102,6,1531,6,1,2,6,1.0,-0.0,0.0
R_001778,6,0.0024,4.255995113146019e-05,0,3102,6,1531,7,1,2,7,1.0,-0.0,0.0
R_001779,3,0.0012,2.8763610122570225e-05,0,1562,3,1562,5,2,6,4,0.8,0.5004024235381879,0.7219280948873623
R_001780,7,0.0028,4.836918510396675e-05,0,3102,1,1571,7,3,7,4,0.5714285714285714,0.9556998911125344,0.8699155297736259
R_001781,3,0.0012,2.9576979415404508e-05,0,1565,2,1565,5,1,5,5,1.0,-0.0,0.0
R_001782,10,0.004,6.577387798801901e-05,0,1562,3,1562,8,3,6,6,0.75,0.7356219397587946,0.6695919455357792
R_001783,2,0.0008,2.3673213254987225e-05,0,1550,5,1550,5,1,0,5,1.0,-0.0,0.0
R_001784,8,0.0032,5.66354268604764e-05,0,1550,5,1550,6,1,0,6,1.0,-0.0,0.0
R_001785,9,0.0036,6.413673844168424e-05,0,1565,2,1565,7,2,5,6,0.8571428571428571,0.410116318288409,0.5916727785823274
R_001786,4,0.0016,3.29292039465771e-05,0,3102,1,1571,6,3,7,4,0.6666666666666666,0.8675632284814612,0.7896900821428474
R_001787,6,0.0024,4.7562265001844914e-05,0,1565,2,1565,7,1,5,7,1.0,-0.0,0.0
R_001788,6,0.0024,4.3014417141016084e-05,0,3102,1,1571,5,4,7,2,0.4,1.3321790402101223,0.9609640474436812
R_001789,8,0.0032,5.86647142876655e-05,0,1565,2,1565,8,2,5,7,0.875,0.3767701612564367,0.5435644431995964
R_001790,6,0.0024,4.73073202399802e-05,0,1565,2,1565,7,2,5,6,0.8571428571428571,0.410116318288409,0.5916727785823274
R_001791,8,0.0032,5.328358557101164e-05,0,3102,6,1531,6,1,2,6,1.0,-0.0,0.0
R_001792,5,0.002,3.886810127058384e-05,0,1562,3,1562,6,3,6,4,0.6666666666666666,0.8675632284814612,0.7896900821428474
R_001793,3,0.0012,2.893518879921339e-05,0,1550,5,1550,5,1,0,5,1.0,-0.0,0.0
R_001794,6,0.0024,4.3590329012534835e-05,0,1562,3,1562,6,3,6,4,0.6666666666666666,0.8675632284814612,0.7896900821428474
R_001795,4,0.0016,3.276384033026729e-05,0,3102,1,1571,5,4,7,2,0.4,1.3321790402101223,0.9609640474436812
R_001796,9,0.0036,5.9146644197908456e-05,0,3102,6,1531,8,1,2,8,1.0,-0.0,0.0
R_001797,8,0.0032,5.574574236501939e-05,0,1562,3,1562,8,2,6,7,0.875,0.3767701612564367,0.5435644431995964
R_001798,4,0.0016,3.446824425363225e-05,0,1628,0,1628,5,1,3,5,1.0,-0.0,0.0
R_001799,6,0.0024,4.2429033234626554e-05,0,3102,1,1571,6,4,7,3,0.5,1.242453324894,0.8962406251802889
R_001800,8,0.0032,5.250306967790679e-05,0,1505,7,1505,6,1,4,6,1.0,-0.0,0.0
R_001801,8,0.0032,5.547462408946331e-05,0,1559,4,1559,6,1,1,6,1.0,-0.0,0.0
R_001802,5,0.002,3.875541526236126e-05,0,3102,6,1531,6,1,2,6,1.0,-0.0,0.0
R_001803,10,0.004,6.336284477211651e-05,0,3102,1,1571,7,4,7,3,0.4285714285714285,1.277034259466139,0.9211854965885544
R_001804,8,0.0032,5.211985840423185e-05,0,1505,7,1505,5,1,4,5,1.0,-0.0,0.0
R_001805,9,0.0036,5.942205887355176e-05,0,1559,4,1559,8,1,1,8,1.0,-0.0,0.0
R_001806,8,0.0032,5.5356528814810067e-05,0,1628,0,1628,7,1,3,7,1.0,-0.0,0.0
R_001807,13,0.0052,7.855719097648701e-05,0,1505,7,1505,8,1,4,8,1.0,-0.0,0.0
R_001808,14,0.0056,8.343849041282081e-05,0,3102,1,1571,8,3,7,5,0.625,0.9002560512685369,0.8194483718728035
R_001809,6,0.0024,4.2892910863053896e-05,0,1505,7,1505,6,1,4,6,1.0,-0.0,0.0
R_001810,6,0.0024,4.392467704170073e-05,0,1559,4,1559,8,1,1,8,1.0,-0.0,0.0
R_001811,6,0.0024,4.482585602213763e-05,0,1562,3,1562,7,1,6,7,1.0,-0.0,0.0
R_001812,3,0.0012,2.9396539219767268e-05,0,1565,2,1565,6,2,5,5,0.8333333333333334,0.4505612088663046,0.6500224216483541
R_001813,10,0.004,6.880127308237755e-05,0,1550,5,1550,6,1,0,6,1.0,-0.0,0.0
R_001814,13,0.0052,7.788085550682435e-05,0,3102,1,1571,8,3,7,5,0.625,0.9002560512685369,0.8194483718728035
R_001815,6,0.0024,4.7505762181272e-05,0,1565,2,1565,7,2,5,6,0.8571428571428571,0.410116318288409,0.5916727785823274
R_001816,11,0.0044,6.82791539740665e-05,0,1505,7,1505,8,1,4,8,1.0,-0.0,0.0
R_001817,5,0.002,3.766150845350126e-05,0,1505,7,1505,5,1,4,5,1.0,-0.0,0.0
R_001818,7,0.0028,5.34601095842744e-05,0,1565,2,1565,8,2,5,7,0.875,0.3767701612564367,0.5435644431995964
R_001819,3,0.0012,2.8190537264794942e-05,0,1559,4,1559,5,1,1,5,1.0,-0.0,0.0
R_001820,8,0.0032,5.531244811259553e-05,0,1628,0,1628,8,1,3,8,1.0,-0.0,0.0
R_001821,3,0.0012,2.7764631226560707e-05,0,3102,6,1531,5,1,2,5,1.0,-0.0,0.0
R_001822,8,0.0032,5.528137185892684e-05,0,1628,0,1628,5,1,3,5,1.0,-0.0,0.0
R_001823,9,0.0036,6.31995313927744e-05,0,1550,5,1550,6,1,0,6,1.0,-0.0,0.0
R_001824,2,0.0008,2.3328927183554466e-05,0,1562,3,1562,5,1,6,5,1.0,-0.0,0.0
R_001825,9,0.0036,6.11493576879152e-05,0,1562,3,1562,6,1,6,6,1.0,-0.0,0.0
R_001826,12,0.0048,7.766371985772675e-05,0,1628,0,1628,8,1,3,8,1.0,-0.0,0.0
R_001827,19,0.0076,0.00011406310521294923,0,1562,3,1562,8,3,6,6,0.75,0.7356219397587946,0.6695919455357792
R_001828,6,0.0024,4.5467865785447075e-05,0,1628,0,1628,6,1,3,6,1.0,-0.0,0.0
R_001829,8,0.0032,5.864157219759411e-05,0,1565,2,1565,8,2,5,7,0.875,0.3767701612564367,0.5435644431995964
R_001830,9,0.0036,5.8560896035370394e-05,0,3102,1,1571,7,4,7,4,0.5714285714285714,1.1537419427010902,0.8322488896002307
R_001831,11,0.0044,7.154724150852757e-05,0,1628,0,1628,7,1,3,7,1.0,-0.0,0.0
R_001832,7,0.0028,4.759005591785344e-05,0,1505,7,1505,5,1,4,5,1.0,-0.0,0.0
R_001833,5,0.002,3.8085314611109475e-05,0,3102,1,1571,5,2,7,3,0.6,0.6730116670092565,0.9709505944546688
R_001834,4,0.0016,3.516875320979379e-05,0,1565,2,1565,7,1,5,7,1.0,-0.0,0.0
R_001835,5,0.002,3.723946522842361e-05,0,1505,7,1505,5,1,4,5,1.0,-0.0,0.0
R_001836,13,0.0052,7.893509626907061e-05,0,3102,1,1571,8,3,7,6,0.75,0.7356219397587946,0.6695919455357792
R_001837,4,0.0016,3.306968504198153e-05,0,3102,1,1571,6,3,7,4,0.6666666666666666,0.8675632284814612,0.7896900821428474
R_001838,4,0.0016,3.414307757282369e-05,0,1550,5,1550,6,1,0,6,1.0,-0.0,0.0
R_001839,6,0.0024,4.524945618060784e-05,0,1628,0,1628,5,1,3,5,1.0,-0.0,0.0
R_001840,13,0.0052,7.890504444173751e-05,0,3102,6,1531,7,1,2,7,1.0,-0.0,0.0
R_001841,14,0.0056,9.386883773047935e-05,0,1565,2,1565,8,1,5,8,1.0,-0.0,0.0
R_001842,13,0.0052,7.781795740417512e-05,0,3102,6,1531,8,1,2,8,1.0,-0.0,0.0
R_001843,7,0.0028,4.7240290881847806e-05,0,1505,7,1505,6,1,4,6,1.0,-0.0,0.0
R_001844,7,0.0028,5.0780688075224935e-05,0,1562,3,1562,6,1,6,6,1.0,-0.0,0.0
R_001845,12,0.0048,8.320115703577549e-05,0,1565,2,1565,8,2,5,7,0.875,0.3767701612564367,0.5435644431995964
R_001846,7,0.0028,4.948826993790837e-05,0,1562,3,1562,7,3,6,5,0.7142857142857143,0.796311640173813,0.7248340915057598
R_001847,13,0.0052,7.811180868724564e-05,0,3102,1,1571,8,4,7,4,0.5,1.2130075659799042,0.875
R_001848,4,0.0016,3.2969850503597246e-05,0,3102,6,1531,6,1,2,6,1.0,-0.0,0.0
R_001849,10,0.004,6.343166262976986e-05,0,3102,6,1531,7,1,2,7,1.0,-0.0,0.0
R_001850,3,0.0012,2.7629904572439728e-05,0,1505,7,1505,5,1,4,5,1.0,-0.0,0.0
R_001851,5,0.002,3.917909890833948e-05,0,1628,0,1628,5,1,3,5,1.0,-0.0,0.0
R_001852,6,0.0024,4.651083597704879e-05,0,1550,5,1550,5,1,0,5,1.0,-0.0,0.0
R_001853,7,0.0028,5.258934033055094e-05,0,1565,2,1565,5,2,5,4,0.8,0.5004024235381879,0.7219280948873623
R_001854,7,0.0028,5.295917315848398e-05,0,1565,2,1565,5,1,5,5,1.0,-0.0,0.0
R_001855,7,0.0028,5.247596815446803e-05,0,1565,2,1565,6,2,5,5,0.8333333333333334,0.4505612088663046,0.6500224216483541
R_001856,5,0.002,4.1567606368663e-05,0,1565,2,1565,6,2,5,5,0.8333333333333334,0.4505612088663046,0.6500224216483541
R_001857,7,0.0028,5.064845805532924e-05,0,1628,0,1628,6,1,3,6,1.0,-0.0,0.0
R_001858,10,0.004,6.279793765176622e-05,0,1505,7,1505,7,1,4,7,1.0,-0.0,0.0
R_001859,5,0.002,4.008381363184496e-05,0,1628,0,1628,6,1,3,6,1.0,-0.0,0.0
R_001860,4,0.0016,3.467972702354449e-05,0,1628,0,1628,5,1,3,5,1.0,-0.0,0.0
R_001861,4,0.0016,3.423328586853739e-05,0,1562,3,1562,5,2,6,4,0.8,0.5004024235381879,0.7219280948873623
R_001862,11,0.0044,7.027477415092151e-05,0,1562,3,1562,7,2,6,6,0.8571428571428571,0.410116318288409,0.5916727785823274
R_001863,6,0.0024,4.2922218275658846e-05,0,3102,6,1531,5,1,2,5,1.0,-0.0,0.0
R_001864,13,0.0052,8.801519312202471e-05,0,1565,2,1565,6,2,5,5,0.8333333333333334,0.4505612088663046,0.6500224216483541
R_001865,10,0.004,6.588430781095536e-05,0,1559,4,1559,7,1,1,7,1.0,-0.0,0.0
R_001866,10,0.004,6.424288870901553e-05,0,3102,6,1531,8,1,2,8,1.0,-0.0,0.0
R_001867,8,0.0032,5.294824559014661e-05,0,1505,7,1505,7,1,4,7,1.0,-0.0,0.0
R_001868,8,0.0032,5.3583029496698465e-05,0,3102,1,1571,6,4,7,3,0.5,1.242453324894,0.8962406251802889
R_001869,12,0.0048,7.43649016166256e-05,0,3102,6,1531,8,1,2,8,1.0,-0.0,0.0
R_001870,5,0.002,4.1194178679505686e-05,0,1565,2,1565,7,2,5,6,0.8571428571428571,0.410116318288409,0.5916727785823274
R_001871,15,0.006,9.492437953351651e-05,0,1628,0,1628,8,1,3,8,1.0,-0.0,0.0
R_001872,4,0.0016,3.318061939100704e-05,0,3102,6,1531,7,1,2,7,1.0,-0.0,0.0
R_001873,7,0.0028,4.789219682361034e-05,0,3102,1,1571,6,3,7,4,0.6666666666666666,0.8675632284814612,0.7896900821428474
R_001874,8,0.0032,5.8665812367840994e-05,0,1565,2,1565,7,1,5,7,1.0,-0.0,0.0
R_001875,11,0.0044,6.809364190270201e-05,0,3102,1,1571,8,4,7,4,0.5,1.2130075659799042,0.875
R_001876,3,0.0012,2.8455834660774284e-05,0,1562,3,1562,8,2,6,7,0.875,0.3767701612564367,0.5435644431995964
R_001877,6,0.0024,4.706471778248281e-05,0,1565,2,1565,7,2,5,6,0.8571428571428571,0.410116318288409,0.5916727785823274
R_001878,5,0.002,3.897785720170957e-05,0,1559,4,1559,6,1,1,6,1.0,-0.0,0.0
R_001879,8,0.0032,5.530857444377365e-05,0,1562,3,1562,6,2,6,5,0.8333333333333334,0.4505612088663046,0.6500224216483541
R_001880,7,0.0028,5.087969118061879e-05,0,1628,0,1628,6,1,3,6,1.0,-0.0,0.0
R_001881,2,0.0008,2.2405384956123557e-05,0,1505,7,1505,5,1,4,5,1.0,-0.0,0.0
R_001882,7,0.0028,5.005369948563672e-05,0,1628,0,1628,7,1,3,7,1.0,-0.0,0.0
R_001883,12,0.0048,7.715256220955907e-05,0,1628,0,1628,6,1,3,6,1.0,-0.0,0.0
R_001884,9,0.0036,6.166497539921635e-05,0,1628,0,1628,8,1,3,8,1.0,-0.0,0.0
R_001885,13,0.0052,8.109612674939352e-05,0,1559,4,1559,8,1,1,8,1.0,-0.0,0.0
R_001886,4,0.0016,3.545355447347818e-05,0,1565,2,1565,8,2,5,7,0.875,0.3767701612564367,0.5435644431995964
R_001887,8,0.0032,5.2674350136372035e-05,0,3102,1,1571,7,4,7,4,0.5714285714285714,1.1537419427010902,0.8322488896002307
R_001888,2,0.0008,2.3153889730222223e-05,0,1562,3,1562,6,3,6,4,0.6666666666666666,0.8675632284814612,0.7896900821428474
R_001889,10,0.004,6.604183368951505e-05,0,1562,3,1562,7,2,6,6,0.8571428571428571,0.410116318288409,0.5916727785823274
R_001890,12,0.0048,7.308947643426951e-05,0,1505,7,1505,7,1,4,7,1.0,-0.0,0.0
R_001891,8,0.0032,5.580522704538039e-05,0,1628,0,1628,7,1,3,7,1.0,-0.0,0.0
R_001892,4,0.0016,3.404943639501523e-05,0,1562,3,1562,6,1,6,6,1.0,-0.0,0.0
R_001893,2,0.0008,2.313436518429542e-05,0,1628,0,1628,5,1,3,5,1.0,-0.0,0.0
R_001894,7,0.0028,5.18036007565601e-05,0,1550,5,1550,6,1,0,6,1.0,-0.0,0.0
R_001895,9,0.0036,6.492554009939414e-05,0,1565,2,1565,8,2,5,7,0.875,0.3767701612564367,0.5435644431995964
R_001896,8,0.0032,5.273184340571379e-05,0,1505,7,1505,5,1,4,5,1.0,-0.0,0.0
R_001897,6,0.0024,4.431027543085149e-05,0,1559,4,1559,5,1,1,5,1.0,-0.0,0.0
R_001898,8,0.0032,5.950943274631181e-05,0,1565,2,1565,8,2,5,7,0.875,0.3767701612564367,0.5435644431995964
R_001899,11,0.0044,6.766190702717413e-05,0,1505,7,1505,8,1,4,8,1.0,-0.0,0.0
R_001900,1,0.0004,1.7964247274048574e-05,0,1565,2,1565,5,1,5,5,1.0,-0.0,0.0
R_001901,8,0.0032,5.486767971862704e-05,0,1562,3,1562,5,2,6,4,0.8,0.5004024235381879,0.7219280948873623
R_001902,5,0.002,4.085748559665479e-05,0,1565,2,1565,5,2,5,4,0.8,0.5004024235381879,0.7219280948873623
R_001903,15,0.006,9.124066970657854e-05,0,1559,4,1559,8,1,1,8,1.0,-0.0,0.0
R_001904,6,0.0024,4.505948429615441e-05,0,1562,3,1562,6,3,6,4,0.6666666666666666,0.8675632284814612,0.7896900821428474
R_001905,12,0.0048,7.296354520723733e-05,0,1505,7,1505,8,1,4,8,1.0,-0.0,0.0
R_001906,4,0.0016,3.3979503014324056e-05,0,1559,4,1559,6,1,1,6,1.0,-0.0,0.0
R_001907,5,0.002,3.9483217328009506e-05,0,1559,4,1559,5,1,1,5,1.0,-0.0,0.0
R_001908,4,0.0016,3.374984484904416e-05,0,1562,3,1562,6,2,6,5,0.8333333333333334,0.4505612088663046,0.6500224216483541
R_001909,9,0.0036,5.7931667547976875e-05,0,3102,1,1571,7,3,7,4,0.5714285714285714,0.9556998911125344,0.8699155297736259
R_001910,7,0.0028,4.8756257194467315e-05,0,3102,6,1531,7,1,2,7,1.0,-0.0,0.0
R_001911,11,0.0044,6.797005179321188e-05,0,1505,7,1505,7,1,4,7,1.0,-0.0,0.0
R_001912,4,0.0016,3.557999779824245e-05,0,1565,2,1565,8,2,5,7,0.875,0.3767701612564367,0.5435644431995964
R_001913,8,0.0032,5.5440873860842836e-05,0,1562,3,1562,7,3,6,5,0.7142857142857143,0.796311640173813,0.7248340915057598
R_001914,6,0.0024,4.302129504108992e-05,0,3102,1,1571,5,3,2,2,0.4,1.0549201679861442,0.9602297178607612
R_001915,9,0.0036,5.78235025315911e-05,0,3102,1,1571,8,4,7,5,0.625,1.073542846408523,0.7743974703476992
R_001916,8,0.0032,5.5529589790285596e-05,0,1562,3,1562,5,3,6,3,0.6,0.9502705392332348,0.8649735207179272
R_001917,12,0.0048,8.180597578851032e-05,0,1565,2,1565,5,1,5,5,1.0,-0.0,0.0
R_001918,7,0.0028,5.274784957591179e-05,0,1565,2,1565,5,2,5,4,0.8,0.5004024235381879,0.7219280948873623
R_001919,4,0.0016,3.3179413160707376e-05,0,3102,6,1531,5,1,2,5,1.0,-0.0,0.0
R_001920,0,0.0,1.2023710757614017e-05,1,1,11,1,5,1,2,5,1.0,-0.0,0.0
R_001921,4,0.0016,3.574552700136503e-05,0,1565,2,1565,6,2,5,5,0.8333333333333334,0.4505612088663046,0.6500224216483541
R_001922,3,0.0012,2.9814397964655895e-05,0,1565,2,1565,5,1,5,5,1.0,-0.0,0.0
R_001923,9,0.0036,5.777275843938542e-05,0,1505,7,1505,7,1,4,7,1.0,-0.0,0.0
R_001924,14,0.0056,8.383844695729774e-05,0,3102,6,1531,8,1,2,8,1.0,-0.0,0.0
R_001925,5,0.002,3.743708279893122e-05,0,1505,7,1505,6,1,4,6,1.0,-0.0,0.0
R_001926,12,0.0048,7.571340383199107e-05,0,1559,4,1559,7,1,1,7,1.0,-0.0,0.0
R_001927,3,0.0012,2.829995775240784e-05,0,1562,3,1562,5,2,6,4,0.8,0.5004024235381879,0.7219280948873623
R_001928,9,0.0036,5.8145343742147986e-05,0,3102,1,1571,6,2,7,5,0.8333333333333334,0.4505612088663046,0.6500224216483541
R_001929,7,0.0028,4.7879742257533324e-05,0,3102,1,1571,6,3,7,4,0.6666666666666666,0.8675632284814612,0.7896900821428474
R_001930,2,0.0008,2.3023820912414522e-05,0,1562,3,1562,6,1,6,6,1.0,-0.0,0.0
R_001931,9,0.0036,6.215354861880598e-05,0,1550,5,1550,8,1,0,8,1.0,-0.0,0.0
R_001932,6,0.0024,4.47988611653589e-05,0,1562,3,1562,6,3,6,4,0.6666666666666666,0.8675632284814612,0.7896900821428474
R_001933,12,0.0048,7.366700753731212e-05,0,3102,1,1571,6,3,7,4,0.6666666666666666,0.8675632284814612,0.7896900821428474
R_001934,3,0.0012,2.987612398613437e-05,0,1565,2,1565,5,2,5,4,0.8,0.5004024235381879,0.7219280948873623
R_001935,9,0.0036,5.7808305963064156e-05,0,3102,1,1571,6,3,7,4,0.6666666666666666,0.8675632284814612,0.7896900821428474
R_001936,5,0.002,3.7906025749988546e-05,0,3102,1,1571,5,4,7,2,0.4,1.3321790402101223,0.9609640474436812
R_001937,10,0.004,6.372753505624074e-05,0,3102,1,1571,8,4,7,4,0.5,1.2130075659799042,0.875
R_001938,10,0.004,7.148001316794009e-05,0,1565,2,1565,7,2,5,6,0.8571428571428571,0.410116318288409,0.5916727785823274
R_001939,10,0.004,6.784768113426655e-05,0,1550,5,1550,6,1,0,6,1.0,-0.0,0.0
R_001940,3,0.0012,2.7922973522362504e-05,0,3102,6,1531,5,1,2,5,1.0,-0.0,0.0
R_001941,6,0.0024,4.3532536402692123e-05,0,3102,6,1531,5,1,2,5,1.0,-0.0,0.0
R_001942,4,0.0016,3.568221939810255e-05,0,1565,2,1565,6,2,5,5,0.8333333333333334,0.4505612088663046,0.6500224216483541
R_001943,9,0.0036,6.076544908859441e-05,0,1559,4,1559,7,1,1,7,1.0,-0.0,0.0
R_001944,11,0.0044,7.035631794816446e-05,0,1559,4,1559,7,1,1,7,1.0,-0.0,0.0
R_001945,11,0.0044,6.753526271785363e-05,0,1505,7,1505,8,1,4,8,1.0,-0.0,0.0
R_001946,2,0.0008,2.2927767906293697e-05,0,3102,6,1531,5,1,2,5,1.0,-0.0,0.0
R_001947,3,0.0012,2.7396578316589495e-05,0,3102,1,1571,6,4,7,3,0.5,1.242453324894,0.8962406251802889
R_001948,11,0.0044,6.864941625050627e-05,0,3102,6,1531,5,1,2,5,1.0,-0.0,0.0
R_001949,9,0.0036,6.404664590631754e-05,0,1565,2,1565,5,1,5,5,1.0,-0.0,0.0
R_001950,9,0.0036,6.122564640908903e-05,0,1562,3,1562,7,2,6,6,0.8571428571428571,0.410116318288409,0.5916727785823274
R_001951,12,0.0048,8.265938720213798e-05,0,1565,2,1565,7,2,5,6,0.8571428571428571,0.410116318288409,0.5916727785823274
R_001952,3,0.0012,2.8701564523934064e-05,0,1628,0,1628,7,1,3,7,1.0,-0.0,0.0
R_001953,7,0.0028,4.856322426062621e-05,0,3102,6,1531,8,1,2,8,1.0,-0.0,0.0
R_001954,9,0.0036,6.056920255015652e-05,0,1562,3,1562,8,2,6,7,0.875,0.3767701612564367,0.5435644431995964
R_001955,10,0.004,6.549274712736567e-05,0,1559,4,1559,8,1,1,8,1.0,-0.0,0.0
R_001956,10,0.004,6.768337948597882e-05,0,1550,5,1550,5,1,0,5,1.0,-0.0,0.0
R_001957,5,0.002,3.814745747144565e-05,0,3102,6,1531,8,1,2,8,1.0,-0.0,0.0
R_001958,5,0.002,3.874870391511615e-05,0,1562,3,1562,6,3,6,4,0.6666666666666666,0.8675632284814612,0.7896900821428474
R_001959,14,0.0056,8.510220904328676e-05,0,3102,6,1531,7,1,2,7,1.0,-0.0,0.0
R_001960,8,0.0032,5.534373856221305e-05,0,1562,3,1562,6,2,6,5,0.8333333333333334,0.4505612088663046,0.6500224216483541
R_001961,9,0.0036,6.108454724031692e-05,0,1628,0,1628,8,1,3,8,1.0,-0.0,0.0
R_001962,7,0.0028,5.14316652489869e-05,0,1550,5,1550,6,1,0,6,1.0,-0.0,0.0
R_001963,3,0.0012,2.951568670718461e-05,0,1565,2,1565,5,2,5,4,0.8,0.5004024235381879,0.7219280948873623
R_001964,6,0.0024,4.4850605911800306e-05,0,1628,0,1628,6,1,3,6,1.0,-0.0,0.0
R_001965,5,0.002,3.800285214072762e-05,0,1505,7,1505,5,1,4,5,1.0,-0.0,0.0
R_001966,4,0.0016,3.562412926460909e-05,0,1565,2,1565,6,2,5,5,0.8333333333333334,0.4505612088663046,0.6500224216483541
R_001967,4,0.0016,3.3861595382733065e-05,0,1628,0,1628,6,1,3,6,1.0,-0.0,0.0
R_001968,11,0.0044,7.267620803196784e-05,0,1628,0,1628,7,1,3,7,1.0,-0.0,0.0
R_001969,12,0.0048,7.377878554968004e-05,0,3102,1,1571,8,4,7,5,0.625,1.073542846408523,0.7743974703476992
R_001970,18,0.0072,0.00010431118951424738,0,3102,1,1571,8,4,7,4,0.5,1.2130075659799042,0.875
R_001971,11,0.0044,6.760826215561981e-05,0,1505,7,1505,6,1,4,6,1.0,-0.0,0.0
R_001972,5,0.002,3.88928190303284e-05,0,1559,4,1559,6,1,1,6,1.0,-0.0,0.0
R_001973,11,0.0044,7.633007330023545e-05,0,1565,2,1565,5,1,5,5,1.0,-0.0,0.0
R_001974,5,0.002,3.905650019543261e-05,0,1559,4,1559,5,1,1,5,1.0,-0.0,0.0
R_001975,7,0.0028,5.187890899482261e-05,0,1550,5,1550,6,1,0,6,1.0,-0.0,0.0
R_001976,12,0.0048,7.656469303591015e-05,0,1562,3,1562,7,2,6,6,0.8571428571428571,0.410116318288409,0.5916727785823274
R_001977,5,0.002,3.843562521415044e-05,0,3102,1,1571,5,4,7,2,0.4,1.3321790402101223,0.9609640474436812
R_001978,9,0.0036,6.285614762413024e-05,0,1550,5,1550,6,1,0,6,1.0,-0.0,0.0
R_001979,13,0.0052,7.823499590166194e-05,0,3102,1,1571,8,3,7,6,0.75,0.7356219397587946,0.6695919455357792
R_001980,13,0.0052,8.74184997241576e-05,0,1565,2,1565,8,2,5,7,0.875,0.3767701612564367,0.5435644431995964
R_001981,4,0.0016,3.2681948009637684e-05,0,3102,6,1531,6,1,2,6,1.0,-0.0,0.0
R_001982,5,0.002,3.839556915089352e-05,0,1559,4,1559,6,1,1,6,1.0,-0.0,0.0
R_001983,4,0.0016,3.554823588211178e-05,0,1565,2,1565,5,2,5,4,0.8,0.5004024235381879,0.7219280948873623
R_001984,7,0.0028,4.811973475805551e-05,0,1505,7,1505,7,1,4,7,1.0,-0.0,0.0
R_001985,11,0.0044,7.33287422388086e-05,0,1550,5,1550,8,1,0,8,1.0,-0.0,0.0
R_001986,12,0.0048,7.417582082528112e-05,0,3102,6,1531,7,1,2,7,1.0,-0.0,0.0
R_001987,12,0.0048,8.098434852721465e-05,0,1550,5,1550,8,1,0,8,1.0,-0.0,0.0
R_001988,11,0.0044,7.076695391069014e-05,0,1559,4,1559,8,1,1,8,1.0,-0.0,0.0
R_001989,9,0.0036,6.497399315032091e-05,0,1565,2,1565,7,2,5,6,0.8571428571428571,0.410116318288409,0.5916727785823274
R_001990,4,0.0016,3.266960924842925e-05,0,3102,6,1531,5,2,7,3,0.6,0.6730116670092565,0.9709505944546688
R_001991,7,0.0028,5.36299328054774e-05,0,1565,2,1565,7,1,5,7,1.0,-0.0,0.0
R_001992,7,0.0028,4.834997773131183e-05,0,3102,1,1571,6,3,7,4,0.6666666666666666,0.8675632284814612,0.7896900821428474
R_001993,3,0.0012,2.8546683100912228e-05,0,1562,3,1562,7,2,6,6,0.8571428571428571,0.410116318288409,0.5916727785823274
R_001994,5,0.002,3.869826114888251e-05,0,1562,3,1562,7,2,6,6,0.8571428571428571,0.410116318288409,0.5916727785823274
R_001995,9,0.0036,6.325783762968062e-05,0,1550,5,1550,6,1,0,6,1.0,-0.0,0.0
R_001996,4,0.0016,3.236135955310844e-05,0,3102,1,1571,8,3,7,5,0.625,0.9002560512685369,0.8194483718728035
R_001997,4,0.0016,3.296376985267487e-05,0,1559,4,1559,6,1,1,6,1.0,-0.0,0.0
R_001998,6,0.0024,4.28032259755491e-05,0,1505,7,1505,7,1,4,7,1.0,-0.0,0.0
R_001999,7,0.0028,5.205293542637055e-05,0,1550,5,1550,7,1,0,7,1.0,-0.0,0.0
R_002000,11,0.0044,6.923501053500804e-05,0,3102,6,1531,7,1,2,7,1.0,-0.0,0.0
R_002001,8,0.0032,5.504008282517268e-05,0,1559,4,1559,6,1,1,6,1.0,-0.0,0.0
R_002002,4,0.0016,3.300156231317278e-05,0,3102,1,1571,5,2,7,4,0.8,0.5004024235381879,0.7219280948873623
R_002003,4,0.0016,3.280162431970676e-05,0,1505,7,1505,5,1,4,5,1.0,-0.0,0.0
R_002004,8,0.0032,5.3370804195033326e-05,0,3102,1,1571,6,2,7,5,0.8333333333333334,0.4505612088663046,0.6500224216483541
R_002005,8,0.0032,5.26433301490022e-05,0,3102,1,1571,7,4,7,4,0.5714285714285714,1.1537419427010902,0.8322488896002307
R_002006,4,0.0016,3.341490255354629e-05,0,3102,6,1531,7,1,2,7,1.0,-0.0,0.0
R_002007,7,0.0028,4.9420858121168034e-05,0,1559,4,1559,7,1,1,7,1.0,-0.0,0.0
R_002008,2,0.0008,2.298355484765128e-05,0,1562,3,1562,5,2,6,4,0.8,0.5004024235381879,0.7219280948873623
R_002009,5,0.002,3.824852173812121e-05,0,3102,6,1531,8,1,2,8,1.0,-0.0,0.0
R_002010,6,0.0024,4.724940836025915e-05,0,1565,2,1565,6,1,5,6,1.0,-0.0,0.0
R_002011,20,0.008,0.00011343829112605438,0,1505,7,1505,8,1,4,8,1.0,-0.0,0.0
R_002012,5,0.002,3.737012566440812e-05,0,1505,7,1505,7,1,4,7,1.0,-0.0,0.0
R_002013,1,0.0004,1.8110670461560258e-05,0,1565,2,1565,5,1,5,5,1.0,-0.0,0.0
R_002014,6,0.0024,4.4140405994328665e-05,0,1559,4,1559,5,1,1,5,1.0,-0.0,0.0
R_002015,6,0.0024,4.3462900740029904e-05,0,3102,6,1531,5,1,2,5,1.0,-0.0,0.0
R_002016,10,0.004,6.406395219761748e-05,0,3102,6,1531,6,1,2,6,1.0,-0.0,0.0
R_002017,6,0.0024,4.369342310803573e-05,0,1559,4,1559,6,1,1,6,1.0,-0.0,0.0
R_002018,5,0.002,3.722628296869331e-05,0,1505,7,1505,5,1,4,5,1.0,-0.0,0.0
R_002019,1,0.0004,1.7670549277666677e-05,0,1559,4,1559,6,1,1,6,1.0,-0.0,0.0
R_002020,3,0.0012,2.8503987233167524e-05,0,1559,4,1559,5,1,1,5,1.0,-0.0,0.0
R_002021,10,0.004,6.753553325740767e-05,0,1550,5,1550,6,1,0,6,1.0,-0.0,0.0
R_002022,8,0.0032,5.8939355503335075e-05,0,1565,2,1565,6,2,5,5,0.8333333333333334,0.4505612088663046,0.6500224216483541
R_002023,10,0.004,6.410112321624741e-05,0,3102,1,1571,8,3,7,5,0.625,0.9002560512685369,0.8194483718728035
R_002024,8,0.0032,5.597633052394273e-05,0,1628,0,1628,8,1,3,8,1.0,-0.0,0.0
R_002025,4,0.0016,3.481743871719827e-05,0,1550,5,1550,5,1,0,5,1.0,-0.0,0.0
R_002026,5,0.002,3.798329672055969e-05,0,3102,1,1571,5,2,7,3,0.6,0.6730116670092565,0.9709505944546688
R_002027,5,0.002,3.775819884262938e-05,0,3102,1,1571,8,4,7,5,0.625,1.073542846408523,0.7743974703476992
R_002028,6,0.0024,4.399512891449802e-05,0,1562,3,1562,6,1,6,6,1.0,-0.0,0.0
R_002029,7,0.0028,4.7749467867981275e-05,0,3102,1,1571,6,3,7,3,0.5,1.0114042647073518,0.920619835714305
R_002030,7,0.0028,4.7988633072186005e-05,0,3102,1,1571,8,4,7,5,0.625,1.073542846408523,0.7743974703476992
R_002031,6,0.0024,4.551183077346629e-05,0,1628,0,1628,5,1,3,5,1.0,-0.0,0.0
R_002032,11,0.0044,7.014007903963913e-05,0,1562,3,1562,7,3,6,5,0.7142857142857143,0.796311640173813,0.7248340915057598
R_002033,10,0.004,6.726927001654383e-05,0,1628,0,1628,6,1,3,6,1.0,-0.0,0.0
R_002034,9,0.0036,5.803796653214721e-05,0,3102,1,1571,6,3,7,4,0.6666666666666666,0.8675632284814612,0.7896900821428474
R_002035,5,0.002,4.1115812736647935e-05,0,1565,2,1565,6,2,5,5,0.8333333333333334,0.4505612088663046,0.6500224216483541
R_002036,4,0.0016,3.4008076444143384e-05,0,1562,3,1562,7,2,6,6,0.8571428571428571,0.410116318288409,0.5916727785823274
R_002037,7,0.0028,4.982508070690418e-05,0,1562,3,1562,8,3,6,6,0.75,0.7356219397587946,0.6695919455357792
R_002038,7,0.0028,5.310372981124868e-05,0,1565,2,1565,7,2,5,6,0.8571428571428571,0.410116318288409,0.5916727785823274
R_002039,8,0.0032,5.868918157883408e-05,0,1565,2,1565,7,1,5,7,1.0,-0.0,0.0
R_002040,6,0.0024,4.342587792695497e-05,0,3102,6,1531,5,1,2,5,1.0,-0.0,0.0
R_002041,6,0.0024,4.4949599427976954e-05,0,1628,0,1628,7,1,3,7,1.0,-0.0,0.0
R_002042,2,0.0008,2.247852901262715e-05,0,1505,7,1505,5,1,4,5,1.0,-0.0,0.0
R_002043,13,0.0052,8.762406995353274e-05,0,1565,2,1565,7,2,5,6,0.8571428571428571,0.410116318288409,0.5916727785823274
R_002044,4,0.0016,3.3936404680606233e-05,0,1628,0,1628,5,1,3,5,1.0,-0.0,0.0
R_002045,7,0.0028,5.234663485285687e-05,0,1550,5,1550,8,1,0,8,1.0,-0.0,0.0
R_002046,5,0.002,3.946642861271132e-05,0,1628,0,1628,6,1,3,6,1.0,-0.0,0.0
R_002047,3,0.0012,2.8451614046008582e-05,0,1559,4,1559,6,1,1,6,1.0,-0.0,0.0
R_002048,5,0.002,4.0806233694019325e-05,0,1550,5,1550,5,1,0,5,1.0,-0.0,0.0
R_002049,7,0.0028,4.791272345060679e-05,0,3102,1,1571,8,4,7,5,0.625,1.073542846408523,0.7743974703476992
R_002050,14,0.0056,8.344870320465284e-05,0,1505,7,1505,7,1,4,7,1.0,-0.0,0.0
R_002051,9,0.0036,6.315282585333711e-05,0,1550,5,1550,5,1,0,5,1.0,-0.0,0.0
R_002052,7,0.0028,4.88499282757772e-05,0,3102,6,1531,7,1,2,7,1.0,-0.0,0.0
R_002053,3,0.0012,2.8921393111903865e-05,0,1628,0,1628,5,1,3,5,1.0,-0.0,0.0
R_002054,3,0.0012,2.885837549082138e-05,0,1628,0,1628,6,1,3,6,1.0,-0.0,0.0
R_002055,8,0.0032,5.467945998287156e-05,0,1559,4,1559,7,1,1,7,1.0,-0.0,0.0
R_002056,9,0.0036,6.0648892808845584e-05,0,1559,4,1559,7,1,1,7,1.0,-0.0,0.0
R_002057,9,0.0036,6.255382480443194e-05,0,1550,5,1550,7,1,0,7,1.0,-0.0,0.0
R_002058,12,0.0048,7.348960143052226e-05,0,3102,6,1531,8,1,2,8,1.0,-0.0,0.0
R_002059,6,0.0024,4.295855216639435e-05,0,3102,1,1571,5,4,7,2,0.4,1.3321790402101223,0.9609640474436812
R_002060,15,0.006,9.278778169026728e-05,0,1562,3,1562,8,3,6,6,0.75,0.7356219397587946,0.6695919455357792
R_002061,4,0.0016,3.457445213463018e-05,0,1550,5,1550,5,1,0,5,1.0,-0.0,0.0
R_002062,4,0.0016,3.468092946195286e-05,0,1550,5,1550,5,1,0,5,1.0,-0.0,0.0
R_002063,10,0.004,6.299142362804832e-05,0,1505,7,1505,8,1,4,8,1.0,-0.0,0.0
R_002064,8,0.0032,5.301513024565864e-05,0,3102,1,1571,8,3,7,5,0.625,0.9002560512685369,0.8194483718728035
R_002065,5,0.002,3.836099273913828e-05,0,3102,1,1571,6,4,7,3,0.5,1.242453324894,0.8962406251802889
R_002066,5,0.002,3.8314245654959976e-05,0,3102,6,1531,6,1,2,6,1.0,-0.0,0.0
R_002067,4,0.0016,3.3941619036429836e-05,0,1562,3,1562,6,2,6,5,0.8333333333333334,0.4505612088663046,0.6500224216483541
R_002068,6,0.0024,4.615798780462513e-05,0,1550,5,1550,5,1,0,5,1.0,-0.0,0.0
R_002069,9,0.0036,5.783931135665084e-05,0,1505,7,1505,6,1,4,6,1.0,-0.0,0.0
R_002070,8,0.0032,5.547309591645877e-05,0,1562,3,1562,8,3,6,6,0.75,0.7356219397587946,0.6695919455357792
R_002071,11,0.0044,7.609527972966374e-05,0,1565,2,1565,7,2,5,6,0.8571428571428571,0.410116318288409,0.5916727785823274
R_002072,11,0.0044,6.927852509496635e-05,0,3102,1,1571,8,4,7,4,0.5,1.2130075659799042,0.875
R_002073,4,0.0016,3.403506364271468e-05,0,1562,3,1562,6,2,6,5,0.8333333333333334,0.4505612088663046,0.6500224216483541
R_002074,7,0.0028,5.2731603670170974e-05,0,1565,2,1565,7,2,5,6,0.8571428571428571,0.410116318288409,0.5916727785823274
R_002075,13,0.0052,8.316761977392146e-05,0,1628,0,1628,8,1,3,8,1.0,-0.0,0.0
R_002076,5,0.002,4.059450531755815e-05,0,1550,5,1550,6,1,0,6,1.0,-0.0,0.0
R_002077,11,0.0044,6.81941497008894e-05,0,3102,1,1571,7,3,7,5,0.7142857142857143,0.796311640173813,0.7248340915057598
R_002078,3,0.0012,2.8076918771710676e-05,0,1559,4,1559,5,1,1,5,1.0,-0.0,0.0
R_002079,10,0.004,6.785320078944399e-05,0,1550,5,1550,8,1,0,8,1.0,-0.0,0.0
R_002080,6,0.0024,4.849216577888997e-05,0,1565,2,1565,5,1,5,5,1.0,-0.0,0.0
R_002081,9,0.0036,5.839465881405103e-05,0,3102,1,1571,6,4,7,3,0.5,1.242453324894,0.8962406251802889
R_002082,6,0.0024,4.599531920810592e-05,0,1550,5,1550,6,1,0,6,1.0,-0.0,0.0
R_002083,4,0.0016,3.3130839924805586e-05,0,3102,1,1571,5,2,7,4,0.8,0.5004024235381879,0.7219280948873623
R_002084,2,0.0008,2.2164710088266022e-05,0,1505,7,1505,5,1,4,5,1.0,-0.0,0.0
R_002085,10,0.004,6.53701402716552e-05,0,1559,4,1559,8,1,1,8,1.0,-0.0,0.0
R_002086,12,0.0048,7.403982774846416e-05,0,3102,6,1531,7,1,2,7,1.0,-0.0,0.0
R_002087,5,0.002,3.9382578912469716e-05,0,1628,0,1628,7,1,3,7,1.0,-0.0,0.0
R_002088,9,0.0036,5.782213675027415e-05,0,3102,1,1571,5,2,7,4,0.8,0.5004024235381879,0.7219280948873623
R_002089,17,0.0068,9.976327220658071e-05,0,3102,6,1531,8,1,2,8,1.0,-0.0,0.0
R_002090,11,0.0044,6.900120719795195e-05,0,3102,6,1531,7,1,2,7,1.0,-0.0,0.0
R_002091,8,0.0032,5.719971889469229e-05,0,1550,5,1550,8,1,0,8,1.0,-0.0,0.0
R_002092,3,0.0012,2.915946260902915e-05,0,1628,0,1628,5,1,3,5,1.0,-0.0,0.0
R_002093,6,0.0024,4.453052000557327e-05,0,1628,0,1628,5,1,3,5,1.0,-0.0,0.0
R_002094,6,0.0024,4.396960865294903e-05,0,1562,3,1562,5,3,6,3,0.6,0.9502705392332348,0.8649735207179272
R_002095,8,0.0032,5.4230310141910317e-05,0,1559,4,1559,7,1,1,7,1.0,-0.0,0.0
R_002096,12,0.0048,7.786873110435565e-05,0,1628,0,1628,7,1,3,7,1.0,-0.0,0.0
R_002097,2,0.0008,2.3112773632042378e-05,0,1559,4,1559,5,1,1,5,1.0,-0.0,0.0
R_002098,4,0.0016,3.304814457741964e-05,0,3102,1,1571,7,4,7,4,0.5714285714285714,1.1537419427010902,0.8322488896002307
R_002099,6,0.0024,4.460159410770896e-05,0,1559,4,1559,7,1,1,7,1.0,-0.0,0.0
R_002100,7,0.0028,4.97196217935038e-05,0,1628,0,1628,7,1,3,7,1.0,-0.0,0.0
R_002101,7,0.0028,4.939663803611043e-05,0,1559,4,1559,7,1,1,7,1.0,-0.0,0.0
R_002102,5,0.002,3.930764438780074e-05,0,1628,0,1628,7,1,3,7,1.0,-0.0,0.0
R_002103,5,0.002,4.0340166165498526e-05,0,1550,5,1550,7,1,0,7,1.0,-0.0,0.0
R_002104,11,0.0044,6.692413741040056e-05,0,1505,7,1505,8,1,4,8,1.0,-0.0,0.0
R_002105,3,0.0012,2.926572400076695e-05,0,1550,5,1550,5,1,0,5,1.0,-0.0,0.0
R_002106,12,0.0048,7.319235172820747e-05,0,1505,7,1505,8,1,4,8,1.0,-0.0,0.0
R_002107,13,0.0052,7.830660854779831e-05,0,3102,1,1571,8,3,7,5,0.625,0.9002560512685369,0.8194483718728035
R_002108,3,0.0012,2.8444354302848454e-05,0,1628,0,1628,5,1,3,5,1.0,-0.0,0.0
R_002109,6,0.0024,4.303043551109977e-05,0,1505,7,1505,5,1,4,5,1.0,-0.0,0.0
R_002110,11,0.0044,7.543794913894412e-05,0,1565,2,1565,6,2,5,5,0.8333333333333334,0.4505612088663046,0.6500224216483541
R_002111,2,0.0008,2.3181023015914296e-05,0,1628,0,1628,7,1,3,7,1.0,-0.0,0.0
R_002112,6,0.0024,4.459704824194552e-05,0,1559,4,1559,7,1,1,7,1.0,-0.0,0.0
R_002113,2,0.0008,2.3751418677887373e-05,0,1559,4,1559,7,1,1,7,1.0,-0.0,0.0
R_002114,10,0.004,6.859655927623312e-05,0,1550,5,1550,6,1,0,6,1.0,-0.0,0.0
R_002115,3,0.0012,2.8882315440838732e-05,0,1550,5,1550,5,1,0,5,1.0,-0.0,0.0
R_002116,9,0.0036,5.797883360123244e-05,0,1505,7,1505,8,1,4,8,1.0,-0.0,0.0
R_002117,12,0.0048,8.169615797081447e-05,0,1565,2,1565,7,2,5,6,0.8571428571428571,0.410116318288409,0.5916727785823274
R_002118,3,0.0012,3.000752852528823e-05,0,1565,2,1565,5,2,5,4,0.8,0.5004024235381879,0.7219280948873623
R_002119,2,0.0008,2.3438390054934656e-05,0,1628,0,1628,8,1,3,8,1.0,-0.0,0.0
R_002120,8,0.0032,5.3184152012119165e-05,0,3102,6,1531,6,1,2,6,1.0,-0.0,0.0
R_002121,7,0.0028,4.9029925749724506e-05,0,3102,6,1531,6,1,2,6,1.0,-0.0,0.0
R_002122,3,0.0012,2.9133808713787418e-05,0,1565,2,1565,5,1,5,5,1.0,-0.0,0.0
R_002123,8,0.0032,5.443675300731259e-05,0,1562,3,1562,6,2,6,5,0.8333333333333334,0.4505612088663046,0.6500224216483541
R_002124,9,0.0036,5.972218322232281e-05,0,1559,4,1559,6,1,1,6,1.0,-0.0,0.0
R_002125,14,0.0056,8.301999266244579e-05,0,1505,7,1505,7,1,4,7,1.0,-0.0,0.0
R_002126,3,0.0012,2.99935518450026e-05,0,1565,2,1565,6,2,5,5,0.8333333333333334,0.4505612088663046,0.6500224216483541
R_002127,16,0.0064,9.717795274158718e-05,0,1559,4,1559,8,1,1,8,1.0,-0.0,0.0
R_002128,10,0.004,6.646996747373942e-05,0,1562,3,1562,6,1,6,6,1.0,-0.0,0.0
R_002129,1,0.0004,1.7729756321468442e-05,0,3102,6,1531,5,1,2,5,1.0,-0.0,0.0
R_002130,8,0.0032,5.5629696416131765e-05,0,1628,0,1628,8,1,3,8,1.0,-0.0,0.0
R_002131,5,0.002,4.056076613818477e-05,0,1550,5,1550,6,1,0,6,1.0,-0.0,0.0
R_002132,5,0.002,3.741140562927284e-05,0,1505,7,1505,5,1,4,5,1.0,-0.0,0.0
R_002133,5,0.002,3.830635912736744e-05,0,3102,6,1531,6,1,2,6,1.0,-0.0,0.0
R_002134,4,0.0016,3.258743745597948e-05,0,3102,1,1571,5,2,7,4,0.8,0.5004024235381879,0.7219280948873623
R_002135,5,0.002,3.735380412470707e-05,0,3102,1,1571,5,2,7,4,0.8,0.5004024235381879,0.7219280948873623
R_002136,15,0.006,8.862621476290938e-05,0,3102,6,1531,8,1,2,8,1.0,-0.0,0.0
R_002137,2,0.0008,2.2525493311519298e-05,0,1505,7,1505,5,1,4,5,1.0,-0.0,0.0
R_002138,4,0.0016,3.277061304978406e-05,0,3102,6,1531,5,1,2,5,1.0,-0.0,0.0
R_002139,5,0.002,4.082652634829808e-05,0,1550,5,1550,5,1,0,5,1.0,-0.0,0.0
R_002140,11,0.0044,7.411986750652262e-05,0,1550,5,1550,6,1,0,6,1.0,-0.0,0.0
R_002141,6,0.0024,4.597713586262984e-05,0,1628,0,1628,7,1,3,7,1.0,-0.0,0.0
R_002142,6,0.0024,4.296226560678295e-05,0,3102,6,1531,7,1,2,7,1.0,-0.0,0.0
R_002143,9,0.0036,5.7605086977624696e-05,0,1505,7,1505,6,1,4,6,1.0,-0.0,0.0
R_002144,11,0.0044,7.090323039975333e-05,0,1559,4,1559,6,1,1,6,1.0,-0.0,0.0
R_002145,10,0.004,6.656807770553552e-05,0,1628,0,1628,8,1,3,8,1.0,-0.0,0.0
R_002146,11,0.0044,7.418421164933962e-05,0,1550,5,1550,8,1,0,8,1.0,-0.0,0.0
R_002147,8,0.0032,5.641648316594431e-05,0,1628,0,1628,7,1,3,7,1.0,-0.0,0.0
R_002148,12,0.0048,7.371367417153039e-05,0,3102,1,1571,7,4,7,4,0.5714285714285714,1.1537419427010902,0.8322488896002307
R_002149,6,0.0024,4.441109991179399e-05,0,1628,0,1628,6,1,3,6,1.0,-0.0,0.0
R_002150,5,0.002,3.943776138989469e-05,0,1559,4,1559,6,1,1,6,1.0,-0.0,0.0
R_002151,6,0.0024,4.572039760049655e-05,0,1550,5,1550,8,1,0,8,1.0,-0.0,0.0
R_002152,14,0.0056,8.32957405890248e-05,0,1505,7,1505,7,1,4,7,1.0,-0.0,0.0
R_002153,17,0.0068,9.92692277195221e-05,0,3102,1,1571,7,3,7,4,0.5714285714285714,0.9556998911125344,0.8699155297736259
R_002154,16,0.0064,9.849024710014395e-05,0,1559,4,1559,8,1,1,8,1.0,-0.0,0.0
R_002155,6,0.0024,4.706699373994397e-05,0,1565,2,1565,5,2,5,4,0.8,0.5004024235381879,0.7219280948873623
R_002156,14,0.0056,8.369442809666696e-05,0,1505,7,1505,8,1,4,8,1.0,-0.0,0.0
R_002157,2,0.0008,2.2376684757537392e-05,0,3102,1,1571,5,2,7,4,0.8,0.5004024235381879,0.7219280948873623
R_002158,10,0.004,6.606824588424418e-05,0,1562,3,1562,7,3,6,5,0.7142857142857143,0.796311640173813,0.7248340915057598
R_002159,10,0.004,6.292395237287847e-05,0,3102,1,1571,8,4,7,4,0.5,1.2130075659799042,0.875
R_002160,8,0.0032,5.328599014508931e-05,0,3102,1,1571,6,4,7,3,0.5,1.242453324894,0.8962406251802889
R_002161,6,0.0024,4.453208245321945e-05,0,1559,4,1559,7,1,1,7,1.0,-0.0,0.0
R_002162,13,0.0052,8.215757519637347e-05,0,1562,3,1562,7,3,6,5,0.7142857142857143,0.796311640173813,0.7248340915057598
R_002163,7,0.0028,4.926703455214439e-05,0,1559,4,1559,7,1,1,7,1.0,-0.0,0.0
R_002164,3,0.0012,2.8792228545770408e-05,0,1628,0,1628,5,1,3,5,1.0,-0.0,0.0
R_002165,6,0.0024,4.249736320305204e-05,0,1505,7,1505,6,1,4,6,1.0,-0.0,0.0
R_002166,9,0.0036,5.824648301900014e-05,0,1505,7,1505,8,1,4,8,1.0,-0.0,0.0
R_002167,6,0.0024,4.5027899515167844e-05,0,1628,0,1628,6,1,3,6,1.0,-0.0,0.0
R_002168,12,0.0048,7.355653169268417e-05,0,3102,1,1571,7,4,7,3,0.4285714285714285,1.277034259466139,0.9211854965885544
R_002169,10,0.004,6.504423510547001e-05,0,1562,3,1562,8,3,6,6,0.75,0.7356219397587946,0.6695919455357792
R_002170,7,0.0028,4.9828040848730226e-05,0,1562,3,1562,6,2,6,5,0.8333333333333334,0.4505612088663046,0.6500224216483541
R_002171,11,0.0044,7.157732769411702e-05,0,1562,3,1562,8,3,6,6,0.75,0.7356219397587946,0.6695919455357792
R_002172,12,0.0048,7.302942499485267e-05,0,3102,6,1531,8,1,2,8,1.0,-0.0,0.0
R_002173,12,0.0048,7.971380434709255e-05,0,1550,5,1550,8,1,0,8,1.0,-0.0,0.0
R_002174,6,0.0024,4.276220709425274e-05,0,1505,7,1505,5,1,4,5,1.0,-0.0,0.0
R_002175,10,0.004,6.982272021744826e-05,0,1565,2,1565,8,2,5,7,0.875,0.3767701612564367,0.5435644431995964
R_002176,14,0.0056,9.128842386041706e-05,0,1550,5,1550,8,1,0,8,1.0,-0.0,0.0
R_002177,6,0.0024,4.2606470720823694e-05,0,1505,7,1505,8,1,4,8,1.0,-0.0,0.0
R_002178,5,0.002,4.064477328710717e-05,0,1565,2,1565,5,1,5,5,1.0,-0.0,0.0
R_002179,8,0.0032,5.2588420687492395e-05,0,1505,7,1505,7,1,4,7,1.0,-0.0,0.0
R_002180,14,0.0056,9.070086038045114e-05,0,1550,5,1550,7,1,0,7,1.0,-0.0,0.0
R_002181,10,0.004,6.949541137601513e-05,0,1550,5,1550,8,1,0,8,1.0,-0.0,0.0
R_002182,5,0.002,3.8095353485781804e-05,0,3102,6,1531,5,1,2,5,1.0,-0.0,0.0
R_002183,5,0.002,3.852459859633431e-05,0,3102,6,1531,5,1,2,5,1.0,-0.0,0.0
R_002184,7,0.0028,5.132267029341837e-05,0,1550,5,1550,7,1,0,7,1.0,-0.0,0.0
R_002185,8,0.0032,5.291481838401233e-05,0,1505,7,1505,6,1,4,6,1.0,-0.0,0.0
R_002186,4,0.0016,3.489020114940785e-05,0,1550,5,1550,5,1,0,5,1.0,-0.0,0.0
R_002187,6,0.0024,4.596445490229402e-05,0,1550,5,1550,6,1,0,6,1.0,-0.0,0.0
R_002188,3,0.0012,2.9810464641025194e-05,0,1565,2,1565,7,2,5,6,0.8571428571428571,0.410116318288409,0.5916727785823274
R_002189,3,0.0012,2.7470667848603913e-05,0,3102,1,1571,5,2,7,4,0.8,0.5004024235381879,0.7219280948873623
R_002190,2,0.0008,2.300786170937818e-05,0,1559,4,1559,5,1,1,5,1.0,-0.0,0.0
R_002191,10,0.004,6.302446073856229e-05,0,3102,1,1571,7,3,7,5,0.7142857142857143,0.796311640173813,0.7248340915057598
R_002192,7,0.0028,5.133566599855421e-05,0,1550,5,1550,5,1,0,5,1.0,-0.0,0.0
R_002193,7,0.0028,5.06404664913259e-05,0,1628,0,1628,8,1,3,8,1.0,-0.0,0.0
R_002194,2,0.0008,2.2567359481998526e-05,0,3102,1,1571,5,2,7,3,0.6,0.6730116670092565,0.9709505944546688
R_002195,7,0.0028,5.2905093934353e-05,0,1565,2,1565,7,1,5,7,1.0,-0.0,0.0
R_002196,6,0.0024,4.275148161322935e-05,0,3102,1,1571,6,3,7,4,0.6666666666666666,0.8675632284814612,0.7896900821428474
R_002197,1,0.0004,1.7564379293621166e-05,0,3102,6,1531,5,1,2,5,1.0,-0.0,0.0
R_002198,7,0.0028,5.337356342744917e-05,0,1565,2,1565,7,2,5,6,0.8571428571428571,0.410116318288409,0.5916727785823274
R_002199,3,0.0012,2.8788132642269208e-05,0,1628,0,1628,5,1,3,5,1.0,-0.0,0.0
R_002200,9,0.0036,5.8823192402087964e-05,0,3102,1,1571,6,3,7,3,0.5,1.0114042647073518,0.920619835714305
R_002201,6,0.0024,4.243221542569517e-05,0,3102,1,1571,7,2,7,5,0.7142857142857143,0.5982695885852573,0.8631205685666311
R_002202,8,0.0032,5.627143645827066e-05,0,1628,0,1628,8,1,3,8,1.0,-0.0,0.0
R_002203,6,0.0024,4.3243798671006554e-05,0,3102,6,1531,8,1,2,8,1.0,-0.0,0.0
R_002204,5,0.002,3.772125878406663e-05,0,3102,6,1531,5,1,2,5,1.0,-0.0,0.0
R_002205,11,0.0044,7.42526434849731e-05,0,1550,5,1550,8,1,0,8,1.0,-0.0,0.0
R_002206,7,0.0028,4.751814078323567e-05,0,1505,7,1505,6,1,4,6,1.0,-0.0,0.0
R_002207,3,0.0012,3.019827109103555e-05,0,1565,2,1565,5,1,5,5,1.0,-0.0,0.0
R_002208,11,0.0044,7.153959035704016e-05,0,1562,3,1562,7,1,6,7,1.0,-0.0,0.0
R_002209,8,0.0032,5.303120319729053e-05,0,1505,7,1505,8,1,4,8,1.0,-0.0,0.0
R_002210,8,0.0032,5.7244085748514446e-05,0,1550,5,1550,7,1,0,7,1.0,-0.0,0.0
R_002211,4,0.0016,3.446628229634353e-05,0,1550,5,1550,7,1,0,7,1.0,-0.0,0.0
R_002212,12,0.0048,7.64932330927131e-05,0,1562,3,1562,8,2,6,7,0.875,0.3767701612564367,0.5435644431995964
R_002213,7,0.0028,4.987642559099071e-05,0,1562,3,1562,8,2,6,7,0.875,0.3767701612564367,0.5435644431995964
R_002214,11,0.0044,7.120633046914368e-05,0,1562,3,1562,6,2,6,5,0.8333333333333334,0.4505612088663046,0.6500224216483541
R_002215,4,0.0016,3.263152500546615e-05,0,3102,1,1571,5,2,7,4,0.8,0.5004024235381879,0.7219280948873623
R_002216,1,0.0004,1.8018198162647705e-05,0,1565,2,1565,6,1,5,6,1.0,-0.0,0.0
R_002217,6,0.0024,4.263842459231452e-05,0,3102,6,1531,6,1,2,6,1.0,-0.0,0.0
R_002218,8,0.0032,5.61397858700659e-05,0,1559,4,1559,8,1,1,8,1.0,-0.0,0.0
R_002219,19,0.0076,0.00011071000354508116,0,3102,6,1531,8,1,2,8,1.0,-0.0,0.0
R_002220,5,0.002,3.880379553904526e-05,0,1559,4,1559,6,1,1,6,1.0,-0.0,0.0
R_002221,13,0.0052,8.265825511881341e-05,0,1628,0,1628,8,1,3,8,1.0,-0.0,0.0
R_002222,9,0.0036,6.230990500486055e-05,0,1550,5,1550,7,1,0,7,1.0,-0.0,0.0
R_002223,5,0.002,3.888993047050127e-05,0,1559,4,1559,5,1,1,5,1.0,-0.0,0.0
R_002224,3,0.0012,2.8751600931843623e-05,0,1550,5,1550,5,1,0,5,1.0,-0.0,0.0
R_002225,10,0.004,6.876161375980379e-05,0,1550,5,1550,6,1,0,6,1.0,-0.0,0.0
R_002226,2,0.0008,2.3036747601176475e-05,0,1628,0,1628,5,1,3,5,1.0,-0.0,0.0
R_002227,5,0.002,3.9152747077871e-05,0,1562,3,1562,5,2,6,4,0.8,0.5004024235381879,0.7219280948873623
R_002228,9,0.0036,5.7646908723992705e-05,0,1505,7,1505,6,1,4,6,1.0,-0.0,0.0
R_002229,10,0.004,7.072390891367302e-05,0,1565,2,1565,7,1,5,7,1.0,-0.0,0.0
R_002230,8,0.0032,5.926494540464366e-05,0,1565,2,1565,6,2,5,5,0.8333333333333334,0.4505612088663046,0.6500224216483541
R_002231,7,0.0028,4.995970982206518e-05,0,1562,3,1562,7,3,6,5,0.7142857142857143,0.796311640173813,0.7248340915057598
R_002232,7,0.0028,5.1251843156689684e-05,0,1550,5,1550,8,1,0,8,1.0,-0.0,0.0
R_002233,11,0.0044,7.083137782216812e-05,0,1562,3,1562,8,2,6,7,0.875,0.3767701612564367,0.5435644431995964
R_002234,4,0.0016,3.536033327715368e-05,0,1565,2,1565,5,1,5,5,1.0,-0.0,0.0
R_002235,15,0.006,9.54624716798815e-05,0,1550,5,1550,8,1,0,8,1.0,-0.0,0.0
R_002236,6,0.0024,4.296688702821261e-05,0,1505,7,1505,7,1,4,7,1.0,-0.0,0.0
R_002237,11,0.0044,6.889476817553574e-05,0,3102,6,1531,8,1,2,8,1.0,-0.0,0.0
R_002238,5,0.002,3.95770360176274e-05,0,1628,0,1628,5,1,3,5,1.0,-0.0,0.0
R_002239,6,0.0024,4.3950951126650324e-05,0,1559,4,1559,5,1,1,5,1.0,-0.0,0.0
R_002240,7,0.0028,4.957549958024519e-05,0,1559,4,1559,5,1,1,5,1.0,-0.0,0.0
R_002241,7,0.0028,5.20284661643469e-05,0,1550,5,1550,8,1,0,8,1.0,-0.0,0.0
R_002242,16,0.0064,9.47794454094266e-05,0,3102,1,1571,7,3,7,4,0.5714285714285714,0.9556998911125344,0.8699155297736259
R_002243,8,0.0032,5.6397414155391225e-05,0,1628,0,1628,5,1,3,5,1.0,-0.0,0.0
R_002244,1,0.0004,1.7645558562717317e-05,0,3102,6,1531,5,1,2,5,1.0,-0.0,0.0
R_002245,8,0.0032,5.269851225356203e-05,0,1505,7,1505,6,1,4,6,1.0,-0.0,0.0
R_002246,3,0.0012,2.8039924001554442e-05,0,1559,4,1559,5,1,1,5,1.0,-0.0,0.0
R_002247,10,0.004,6.509401485284031e-05,0,1559,4,1559,7,1,1,7,1.0,-0.0,0.0
R_002248,4,0.0016,3.38403783235412e-05,0,1628,0,1628,7,1,3,7,1.0,-0.0,0.0
R_002249,14,0.0056,9.392243330730333e-05,0,1565,2,1565,8,2,5,7,0.875,0.3767701612564367,0.5435644431995964
R_002250,7,0.0028,5.0976576851599095e-05,0,1562,3,1562,6,3,6,4,0.6666666666666666,0.8675632284814612,0.7896900821428474
R_002251,8,0.0032,5.59873122365082e-05,0,1628,0,1628,8,1,3,8,1.0,-0.0,0.0
R_002252,8,0.0032,5.573357974477917e-05,0,1628,0,1628,8,1,3,8,1.0,-0.0,0.0
R_002253,14,0.0056,9.058588079648509e-05,0,1550,5,1550,8,1,0,8,1.0,-0.0,0.0
R_002254,6,0.0024,4.536139953010286e-05,0,1628,0,1628,7,1,3,7,1.0,-0.0,0.0
R_002255,3,0.0012,2.9376689824686595e-05,0,1550,5,1550,5,1,0,5,1.0,-0.0,0.0
R_002256,3,0.0012,2.8764337170491415e-05,0,1559,4,1559,6,1,1,6,1.0,-0.0,0.0
R_002257,4,0.0016,3.281789945724769e-05,0,1505,7,1505,6,1,4,6,1.0,-0.0,0.0
R_002258,3,0.0012,2.9131335204958364e-05,0,1550,5,1550,5,1,0,5,1.0,-0.0,0.0
R_002259,8,0.0032,5.355984570664763e-05,0,3102,1,1571,7,4,7,3,0.4285714285714285,1.277034259466139,0.9211854965885544
R_002260,7,0.0028,4.768823897676867e-05,0,3102,6,1531,8,1,2,8,1.0,-0.0,0.0
R_002261,8,0.0032,5.2888243849359974e-05,0,1505,7,1505,8,1,4,8,1.0,-0.0,0.0
R_002262,17,0.0068,9.871387977818656e-05,0,3102,1,1571,8,3,7,5,0.625,0.9002560512685369,0.8194483718728035
R_002263,10,0.004,6.620284478590006e-05,0,1562,3,1562,8,3,6,6,0.75,0.7356219397587946,0.6695919455357792
R_002264,6,0.0024,4.634816176227552e-05,0,1550,5,1550,8,1,0,8,1.0,-0.0,0.0
R_002265,12,0.0048,8.030931280846231e-05,0,1550,5,1550,8,1,0,8,1.0,-0.0,0.0
R_002266,6,0.0024,4.659800723377648e-05,0,1550,5,1550,5,1,0,5,1.0,-0.0,0.0
R_002267,7,0.0028,5.02265141894113e-05,0,1628,0,1628,7,1,3,7,1.0,-0.0,0.0
R_002268,1,0.0004,1.7651125756629117e-05,0,1628,0,1628,7,1,3,7,1.0,-0.0,0.0
R_002269,8,0.0032,5.328065572066182e-05,0,1505,7,1505,5,1,4,5,1.0,-0.0,0.0
R_002270,5,0.002,3.854732860803816e-05,0,1562,3,1562,7,2,6,6,0.8571428571428571,0.410116318288409,0.5916727785823274
R_002271,4,0.0016,3.388487587168368e-05,0,1562,3,1562,5,1,6,5,1.0,-0.0,0.0
R_002272,9,0.0036,5.771574865898217e-05,0,1505,7,1505,7,1,4,7,1.0,-0.0,0.0
R_002273,12,0.0048,7.291027675902378e-05,0,1505,7,1505,8,1,4,8,1.0,-0.0,0.0
R_002274,12,0.0048,7.413794967029225e-05,0,3102,1,1571,8,4,7,5,0.625,1.073542846408523,0.7743974703476992
R_002275,6,0.0024,4.518331899770893e-05,0,1628,0,1628,8,1,3,8,1.0,-0.0,0.0
R_002276,4,0.0016,3.476464082435501e-05,0,1550,5,1550,5,1,0,5,1.0,-0.0,0.0
R_002277,12,0.0048,8.244014698566129e-05,0,1565,2,1565,7,2,5,6,0.8571428571428571,0.410116318288409,0.5916727785823274
R_002278,8,0.0032,5.3464549496370343e-05,0,3102,6,1531,8,1,2,8,1.0,-0.0,0.0
R_002279,8,0.0032,5.820290655971247e-05,0,1565,2,1565,7,1,5,7,1.0,-0.0,0.0
R_002280,8,0.0032,5.720198556777337e-05,0,1550,5,1550,6,1,0,6,1.0,-0.0,0.0
R_002281,7,0.0028,4.996954311384826e-05,0,1559,4,1559,6,1,1,6,1.0,-0.0,0.0
R_002282,10,0.004,6.730525197823525e-05,0,1628,0,1628,8,1,3,8,1.0,-0.0,0.0
R_002283,9,0.0036,5.781476392291669e-05,0,3102,1,1571,7,4,7,4,0.5714285714285714,1.1537419427010902,0.8322488896002307
R_002284,7,0.0028,4.811953059345072e-05,0,3102,1,1571,7,3,7,5,0.7142857142857143,0.796311640173813,0.7248340915057598
R_002285,5,0.002,3.9562209992348094e-05,0,1559,4,1559,6,1,1,6,1.0,-0.0,0.0
R_002286,4,0.0016,3.2613482093794126e-05,0,1505,7,1505,5,1,4,5,1.0,-0.0,0.0
R_002287,10,0.004,6.706414734612847e-05,0,1628,0,1628,8,1,3,8,1.0,-0.0,0.0
R_002288,13,0.0052,7.707966989474226e-05,0,1505,7,1505,7,1,4,7,1.0,-0.0,0.0
R_002289,8,0.0032,5.4979545167865675e-05,0,1559,4,1559,6,1,1,6,1.0,-0.0,0.0
R_002290,12,0.0048,7.699793563898996e-05,0,1562,3,1562,6,3,6,4,0.6666666666666666,0.8675632284814612,0.7896900821428474
R_002291,5,0.002,3.9603282545958865e-05,0,1628,0,1628,5,1,3,5,1.0,-0.0,0.0
R_002292,10,0.004,6.779364668529628e-05,0,1550,5,1550,8,1,0,8,1.0,-0.0,0.0
R_002293,9,0.0036,5.7775559983724885e-05,0,1505,7,1505,8,1,4,8,1.0,-0.0,0.0
R_002294,6,0.0024,4.306016314272617e-05,0,3102,6,1531,7,1,2,7,1.0,-0.0,0.0
R_002295,9,0.0036,5.7736998601557135e-05,0,3102,1,1571,8,4,7,4,0.5,1.2130075659799042,0.875
R_002296,10,0.004,6.319813004915694e-05,0,3102,1,1571,8,4,7,5,0.625,1.073542846408523,0.7743974703476992
R_002297,5,0.002,3.935711593585484e-05,0,1559,4,1559,5,1,1,5,1.0,-0.0,0.0
R_002298,6,0.0024,4.4928382520151026e-05,0,1628,0,1628,6,1,3,6,1.0,-0.0,0.0
R_002299,8,0.0032,5.2794293779210746e-05,0,3102,1,1571,6,4,7,3,0.5,1.242453324894,0.8962406251802889
R_002300,6,0.0024,4.4046454524777995e-05,0,1559,4,1559,7,1,1,7,1.0,-0.0,0.0
R_002301,4,0.0016,3.365852199687204e-05,0,1628,0,1628,8,1,3,8,1.0,-0.0,0.0
R_002302,13,0.0052,8.070329908503064e-05,0,1559,4,1559,7,1,1,7,1.0,-0.0,0.0
R_002303,14,0.0056,8.235257173603648e-05,0,1505,7,1505,8,1,4,8,1.0,-0.0,0.0
R_002304,5,0.002,4.09679509860462e-05,0,1550,5,1550,7,1,0,7,1.0,-0.0,0.0
R_002305,10,0.004,6.325349510642091e-05,0,3102,1,1571,7,4,7,4,0.5714285714285714,1.1537419427010902,0.8322488896002307
R_002306,7,0.0028,5.121137735648548e-05,0,1550,5,1550,8,1,0,8,1.0,-0.0,0.0
R_002307,10,0.004,6.679402955321464e-05,0,1628,0,1628,8,1,3,8,1.0,-0.0,0.0
R_002308,9,0.0036,6.285689598153977e-05,0,1550,5,1550,7,1,0,7,1.0,-0.0,0.0
R_002309,13,0.0052,8.409245917907921e-05,0,1628,0,1628,7,1,3,7,1.0,-0.0,0.0
R_002310,3,0.0012,2.7828706778018976e-05,0,3102,6,1531,7,1,2,7,1.0,-0.0,0.0
R_002311,5,0.002,3.8711494344291016e-05,0,1559,4,1559,6,1,1,6,1.0,-0.0,0.0
R_002312,7,0.0028,4.7908556774246705e-05,0,3102,6,1531,8,1,2,8,1.0,-0.0,0.0
R_002313,9,0.0036,6.412070790350803e-05,0,1565,2,1565,8,2,5,7,0.875,0.3767701612564367,0.5435644431995964
R_002314,5,0.002,3.751305518592445e-05,0,3102,6,1531,6,1,2,6,1.0,-0.0,0.0
R_002315,9,0.0036,5.8675923070069996e-05,0,3102,6,1531,8,1,2,8,1.0,-0.0,0.0
R_002316,6,0.0024,4.287845897177203e-05,0,3102,1,1571,6,3,7,4,0.6666666666666666,0.8675632284814612,0.7896900821428474
R_002317,11,0.0044,7.603779825270426e-05,0,1565,2,1565,8,2,5,7,0.875,0.3767701612564367,0.5435644431995964
R_002318,7,0.0028,4.765878933812386e-05,0,1505,7,1505,7,1,4,7,1.0,-0.0,0.0
R_002319,4,0.0016,3.25736768280197e-05,0,3102,1,1571,5,4,2,2,0.4,1.3321790402101223,0.9609640474436812
R_002320,5,0.002,3.7403913226628596e-05,0,1505,7,1505,5,1,4,5,1.0,-0.0,0.0
R_002321,3,0.0012,2.8797470630902748e-05,0,1628,0,1628,5,1,3,5,1.0,-0.0,0.0
R_002322,6,0.0024,4.6456402360729665e-05,0,1550,5,1550,5,1,0,5,1.0,-0.0,0.0
R_002323,8,0.0032,5.894922908314952e-05,0,1565,2,1565,5,2,5,4,0.8,0.5004024235381879,0.7219280948873623
R_002324,13,0.0052,7.939435455675304e-05,0,3102,6,1531,8,1,2,8,1.0,-0.0,0.0
R_002325,11,0.0044,6.85088453311689e-05,0,1505,7,1505,8,1,4,8,1.0,-0.0,0.0
R_002326,3,0.0012,2.7503861879987258e-05,0,3102,1,1571,5,3,7,3,0.6,0.9502705392332348,0.8649735207179272
R_002327,3,0.0012,2.803533632811711e-05,0,1559,4,1559,5,1,1,5,1.0,-0.0,0.0
R_002328,16,0.0064,9.703796771191283e-05,0,1559,4,1559,8,1,1,8,1.0,-0.0,0.0
R_002329,7,0.0028,5.304948184851776e-05,0,1565,2,1565,7,2,5,6,0.8571428571428571,0.410116318288409,0.5916727785823274
R_002330,10,0.004,6.22511209473164e-05,0,1505,7,1505,7,1,4,7,1.0,-0.0,0.0
R_002331,7,0.0028,5.016711584339079e-05,0,1562,3,1562,7,2,6,6,0.8571428571428571,0.410116318288409,0.5916727785823274
R_002332,5,0.002,4.150031721588996e-05,0,1565,2,1565,5,2,5,4,0.8,0.5004024235381879,0.7219280948873623
R_002333,5,0.002,4.1191121920176014e-05,0,1565,2,1565,6,2,5,5,0.8333333333333334,0.4505612088663046,0.6500224216483541
R_002334,5,0.002,3.948808248174074e-05,0,1628,0,1628,6,1,3,6,1.0,-0.0,0.0
R_002335,10,0.004,6.70071405333188e-05,0,1628,0,1628,8,1,3,8,1.0,-0.0,0.0
R_002336,5,0.002,3.738032423831915e-05,0,1505,7,1505,5,1,4,5,1.0,-0.0,0.0
R_002337,5,0.002,4.047643439674519e-05,0,1550,5,1550,8,1,0,8,1.0,-0.0,0.0
R_002338,12,0.0048,8.021326226478542e-05,0,1550,5,1550,8,1,0,8,1.0,-0.0,0.0
R_002339,2,0.0008,2.373162516106502e-05,0,1559,4,1559,5,1,1,5,1.0,-0.0,0.0
R_002340,8,0.0032,5.274998363698937e-05,0,1505,7,1505,8,1,4,8,1.0,-0.0,0.0
R_002341,5,0.002,4.176510529795978e-05,0,1565,2,1565,6,1,5,6,1.0,-0.0,0.0
R_002342,5,0.002,3.9030788933962536e-05,0,1562,3,1562,6,3,6,4,0.6666666666666666,0.8675632284814612,0.7896900821428474
R_002343,8,0.0032,5.5271305861673404e-05,0,1562,3,1562,5,2,6,4,0.8,0.5004024235381879,0.7219280948873623
R_002344,4,0.0016,3.366682436133447e-05,0,1562,3,1562,5,2,6,4,0.8,0.5004024235381879,0.7219280948873623
R_002345,6,0.0024,4.3434530030231833e-05,0,3102,6,1531,7,1,2,7,1.0,-0.0,0.0
R_002346,4,0.0016,3.236081029420524e-05,0,1505,7,1505,5,1,4,5,1.0,-0.0,0.0
R_002347,6,0.0024,4.421615065015948e-05,0,1562,3,1562,6,2,6,5,0.8333333333333334,0.4505612088663046,0.6500224216483541
R_002348,3,0.0012,2.716592049288492e-05,0,1505,7,1505,5,1,4,5,1.0,-0.0,0.0
R_002349,5,0.002,4.0687475542522934e-05,0,1550,5,1550,5,1,0,5,1.0,-0.0,0.0
R_002350,8,0.0032,5.237050014709432e-05,0,1505,7,1505,7,1,4,7,1.0,-0.0,0.0
R_002351,5,0.002,4.1378695024692735e-05,0,1565,2,1565,6,1,5,6,1.0,-0.0,0.0
R_002352,7,0.0028,5.16139990614517e-05,0,1550,5,1550,7,1,0,7,1.0,-0.0,0.0
R_002353,9,0.0036,5.786011762314004e-05,0,1505,7,1505,5,1,4,5,1.0,-0.0,0.0
R_002354,6,0.0024,4.268154003359351e-05,0,3102,1,1571,8,4,7,5,0.625,1.073542846408523,0.7743974703476992
R_002355,7,0.0028,4.989537353057535e-05,0,1562,3,1562,8,3,6,6,0.75,0.7356219397587946,0.6695919455357792
R_002356,5,0.002,3.7573973927339215e-05,0,1505,7,1505,5,1,4,5,1.0,-0.0,0.0
R_002357,12,0.0048,7.6002148692662e-05,0,1559,4,1559,8,1,1,8,1.0,-0.0,0.0
R_002358,7,0.0028,4.727434991864498e-05,0,1505,7,1505,6,1,4,6,1.0,-0.0,0.0
R_002359,6,0.0024,4.7322642696026104e-05,0,1565,2,1565,8,2,5,7,0.875,0.3767701612564367,0.5435644431995964
R_002360,5,0.002,4.050119553892924e-05,0,1550,5,1550,5,1,0,5,1.0,-0.0,0.0
R_002361,11,0.0044,6.722879841462809e-05,0,1505,7,1505,8,1,4,8,1.0,-0.0,0.0
R_002362,5,0.002,4.1812319649422036e-05,0,1565,2,1565,6,2,5,5,0.8333333333333334,0.4505612088663046,0.6500224216483541
R_002363,9,0.0036,5.872348035911145e-05,0,3102,6,1531,8,1,2,8,1.0,-0.0,0.0
R_002364,5,0.002,4.040658850984615e-05,0,1628,0,1628,5,1,3,5,1.0,-0.0,0.0
R_002365,2,0.0008,2.225659342554726e-05,0,1505,7,1505,5,1,4,5,1.0,-0.0,0.0
R_002366,13,0.0052,7.840741245894105e-05,0,1505,7,1505,7,1,4,7,1.0,-0.0,0.0
R_002367,10,0.004,6.712859045712537e-05,0,1628,0,1628,7,1,3,7,1.0,-0.0,0.0
R_002368,7,0.0028,5.134418606774007e-05,0,1550,5,1550,5,1,0,5,1.0,-0.0,0.0
R_002369,9,0.0036,5.907624240926042e-05,0,3102,6,1531,7,1,2,7,1.0,-0.0,0.0
R_002370,12,0.0048,8.277250360600878e-05,0,1565,2,1565,7,1,5,7,1.0,-0.0,0.0
R_002371,11,0.0044,7.59834960808959e-05,0,1565,2,1565,8,2,5,7,0.875,0.3767701612564367,0.5435644431995964
R_002372,16,0.0064,9.306140553511772e-05,0,1505,7,1505,8,1,4,8,1.0,-0.0,0.0
R_002373,9,0.0036,6.10421944183303e-05,0,1559,4,1559,7,1,1,7,1.0,-0.0,0.0
R_002374,10,0.004,6.55525024038663e-05,0,1562,3,1562,7,3,6,5,0.7142857142857143,0.796311640173813,0.7248340915057598
R_002375,12,0.0048,7.678575976523941e-05,0,1562,3,1562,8,2,6,7,0.875,0.3767701612564367,0.5435644431995964
R_002376,7,0.0028,5.2681652130096674e-05,0,1565,2,1565,7,2,5,6,0.8571428571428571,0.410116318288409,0.5916727785823274
R_002377,8,0.0032,5.318310937959416e-05,0,1505,7,1505,7,1,4,7,1.0,-0.0,0.0
R_002378,7,0.0028,4.9928472137209774e-05,0,1562,3,1562,8,3,6,6,0.75,0.7356219397587946,0.6695919455357792
R_002379,3,0.0012,2.7268624389809378e-05,0,1505,7,1505,5,1,4,5,1.0,-0.0,0.0
R_002380,9,0.0036,6.011978294988548e-05,0,1559,4,1559,5,1,1,5,1.0,-0.0,0.0
R_002381,4,0.0016,3.426807878835954e-05,0,1628,0,1628,7,1,3,7,1.0,-0.0,0.0
R_002382,7,0.0028,5.009357007476505e-05,0,1562,3,1562,8,3,6,6,0.75,0.7356219397587946,0.6695919455357792
R_002383,17,0.0068,0.00010540790890546416,0,1628,0,1628,8,1,3,8,1.0,-0.0,0.0
R_002384,5,0.002,4.028491135617559e-05,0,1550,5,1550,6,1,0,6,1.0,-0.0,0.0
R_002385,8,0.0032,5.357803781549584e-05,0,3102,6,1531,5,1,2,5,1.0,-0.0,0.0
R_002386,8,0.0032,5.411421254184745e-05,0,3102,6,1531,6,1,2,6,1.0,-0.0,0.0
R_002387,2,0.0008,2.2482624827751536e-05,0,3102,1,1571,5,1,2,5,1.0,-0.0,0.0
R_002388,14,0.0056,8.8182610217454e-05,0,1562,3,1562,8,3,6,6,0.75,0.7356219397587946,0.6695919455357792
R_002389,6,0.0024,4.3070682713074495e-05,0,1505,7,1505,6,1,4,6,1.0,-0.0,0.0
R_002390,11,0.0044,7.601413450471282e-05,0,1565,2,1565,7,2,5,6,0.8571428571428571,0.410116318288409,0.5916727785823274
R_002391,8,0.0032,5.925668373942541e-05,0,1565,2,1565,6,1,5,6,1.0,-0.0,0.0
R_002392,5,0.002,3.995130363007501e-05,0,1550,5,1550,7,1,0,7,1.0,-0.0,0.0
R_002393,10,0.004,6.530151972180119e-05,0,1559,4,1559,6,1,1,6,1.0,-0.0,0.0
R_002394,13,0.0052,7.944673505831093e-05,0,3102,1,1571,7,4,7,3,0.4285714285714285,1.277034259466139,0.9211854965885544
R_002395,17,0.0068,0.00010479761404771286,0,1628,0,1628,8,1,3,8,1.0,-0.0,0.0
R_002396,3,0.0012,2.9200322777115682e-05,0,1550,5,1550,5,1,0,5,1.0,-0.0,0.0
R_002397,5,0.002,4.14945556547391e-05,0,1565,2,1565,8,2,5,7,0.875,0.3767701612564367,0.5435644431995964
R_002398,4,0.0016,3.403636000938896e-05,0,1628,0,1628,5,1,3,5,1.0,-0.0,0.0
R_002399,9,0.0036,6.445034820890135e-05,0,1565,2,1565,8,2,5,7,0.875,0.3767701612564367,0.5435644431995964
R_002400,6,0.0024,4.3029062571389555e-05,0,3102,1,1571,5,2,7,4,0.8,0.5004024235381879,0.7219280948873623
R_002401,4,0.0016,3.288875273724168e-05,0,3102,1,1571,6,4,7,3,0.5,1.242453324894,0.8962406251802889
R_002402,3,0.0012,2.788608983354581e-05,0,3102,6,1531,5,1,2,5,1.0,-0.0,0.0
R_002403,4,0.0016,3.368467683972112e-05,0,1628,0,1628,6,1,3,6,1.0,-0.0,0.0
R_002404,8,0.0032,5.6641951881485027e-05,0,1550,5,1550,7,1,0,7,1.0,-0.0,0.0
R_002405,3,0.0012,2.759759308589279e-05,0,3102,1,1571,5,3,2,2,0.4,1.0549201679861442,0.9602297178607612
R_002406,10,0.004,6.380806145909988e-05,0,3102,6,1531,7,1,2,7,1.0,-0.0,0.0
R_002407,9,0.0036,6.023755424186618e-05,0,1559,4,1559,6,1,1,6,1.0,-0.0,0.0
R_002408,7,0.0028,4.829169071702214e-05,0,3102,6,1531,5,1,2,5,1.0,-0.0,0.0
R_002409,11,0.0044,7.227021401921221e-05,0,1628,0,1628,8,1,3,8,1.0,-0.0,0.0
R_002410,1,0.0004,1.775151173869752e-05,0,1628,0,1628,5,1,3,5,1.0,-0.0,0.0
R_002411,9,0.0036,6.47878552824808e-05,0,1565,2,1565,7,2,5,6,0.8571428571428571,0.410116318288409,0.5916727785823274
R_002412,4,0.0016,3.386527601395915e-05,0,1628,0,1628,5,1,3,5,1.0,-0.0,0.0
R_002413,8,0.0032,5.3054606855624316e-05,0,3102,6,1531,6,1,2,6,1.0,-0.0,0.0
R_002414,7,0.0028,4.997807253639197e-05,0,1562,3,1562,7,3,6,5,0.7142857142857143,0.796311640173813,0.7248340915057598
R_002415,11,0.0044,7.379006823652355e-05,0,1550,5,1550,8,1,0,8,1.0,-0.0,0.0
R_002416,12,0.0048,7.455599225634216e-05,0,3102,6,1531,8,1,2,8,1.0,-0.0,0.0
R_002417,3,0.0012,2.87200460099919e-05,0,1628,0,1628,5,1,3,5,1.0,-0.0,0.0
R_002418,8,0.0032,5.456939945289352e-05,0,1562,3,1562,8,3,6,6,0.75,0.7356219397587946,0.6695919455357792
R_002419,4,0.0016,3.425892869535286e-05,0,1559,4,1559,5,1,1,5,1.0,-0.0,0.0
R_002420,7,0.0028,4.804884799166054e-05,0,1505,7,1505,8,1,4,8,1.0,-0.0,0.0
R_002421,8,0.0032,5.524329291021731e-05,0,1628,0,1628,8,1,3,8,1.0,-0.0,0.0
R_002422,5,0.002,3.895930464843919e-05,0,1559,4,1559,5,1,1,5,1.0,-0.0,0.0
R_002423,6,0.0024,4.314228194565839e-05,0,1559,4,1559,8,1,1,8,1.0,-0.0,0.0
R_002424,7,0.0028,5.194234843880848e-05,0,1550,5,1550,7,1,0,7,1.0,-0.0,0.0
R_002425,8,0.0032,5.886552374644501e-05,0,1565,2,1565,7,1,5,7,1.0,-0.0,0.0
R_002426,6,0.0024,4.53927178483139e-05,0,1550,5,1550,7,1,0,7,1.0,-0.0,0.0
R_002427,8,0.0032,5.5573401237363746e-05,0,1562,3,1562,8,3,6,6,0.75,0.7356219397587946,0.6695919455357792
R_002428,1,0.0004,1.731754427018217e-05,0,3102,1,1571,6,4,7,3,0.5,1.242453324894,0.8962406251802889
R_002429,15,0.006,9.25970700012576e-05,0,1562,3,1562,8,1,6,8,1.0,-0.0,0.0
R_002430,7,0.0028,5.247819099644727e-05,0,1565,2,1565,6,1,5,6,1.0,-0.0,0.0
R_002431,7,0.0028,4.815509347404438e-05,0,3102,1,1571,6,4,2,2,0.3333333333333333,1.3296613488547582,0.9591479170272448
R_002432,3,0.0012,2.8486860524359246e-05,0,1559,4,1559,5,1,1,5,1.0,-0.0,0.0
R_002433,7,0.0028,4.811080709302558e-05,0,1505,7,1505,5,1,4,5,1.0,-0.0,0.0
R_002434,14,0.0056,8.794322797089015e-05,0,1562,3,1562,8,3,6,6,0.75,0.7356219397587946,0.6695919455357792
R_002435,10,0.004,6.300398260978512e-05,0,1505,7,1505,8,1,4,8,1.0,-0.0,0.0
R_002436,14,0.0056,9.401329146970784e-05,0,1565,2,1565,7,2,5,6,0.8571428571428571,0.410116318288409,0.5916727785823274
R_002437,6,0.0024,4.453239643765897e-05,0,1562,3,1562,7,3,6,5,0.7142857142857143,0.796311640173813,0.7248340915057598
R_002438,11,0.0044,7.632805721027313e-05,0,1565,2,1565,8,2,5,7,0.875,0.3767701612564367,0.5435644431995964
R_002439,6,0.0024,4.5795565756547524e-05,0,1628,0,1628,5,1,3,5,1.0,-0.0,0.0
R_002440,6,0.0024,4.359249783220024e-05,0,3102,6,1531,6,1,2,6,1.0,-0.0,0.0
R_002441,5,0.002,3.933313203898209e-05,0,1562,3,1562,6,2,6,5,0.8333333333333334,0.4505612088663046,0.6500224216483541
R_002442,8,0.0032,5.4747822486468604e-05,0,1562,3,1562,7,3,6,5,0.7142857142857143,0.796311640173813,0.7248340915057598
R_002443,6,0.0024,4.41372626454111e-05,0,1559,4,1559,6,1,1,6,1.0,-0.0,0.0
R_002444,6,0.0024,4.578678240521142e-05,0,1550,5,1550,7,1,0,7,1.0,-0.0,0.0
R_002445,7,0.0028,4.78978929014936e-05,0,3102,6,1531,6,1,2,6,1.0,-0.0,0.0
R_002446,5,0.002,4.157865650515022e-05,0,1550,5,1550,8,1,0,8,1.0,-0.0,0.0
R_002447,7,0.0028,4.7424575365416876e-05,0,3102,1,1571,7,3,7,4,0.5714285714285714,0.9556998911125344,0.8699155297736259
R_002448,9,0.0036,5.7980439519095324e-05,0,3102,1,1571,6,4,7,3,0.5,1.242453324894,0.8962406251802889
R_002449,4,0.0016,3.2267791433220495e-05,0,1505,7,1505,5,1,4,5,1.0,-0.0,0.0
R_002450,8,0.0032,5.706010425226734e-05,0,1550,5,1550,7,1,0,7,1.0,-0.0,0.0
R_002451,11,0.0044,7.577996688832783e-05,0,1565,2,1565,8,2,5,7,0.875,0.3767701612564367,0.5435644431995964
R_002452,11,0.0044,7.378183316419565e-05,0,1550,5,1550,7,1,0,7,1.0,-0.0,0.0
R_002453,5,0.002,3.859004848850259e-05,0,1559,4,1559,6,1,1,6,1.0,-0.0,0.0
R_002454,9,0.0036,5.913787649085116e-05,0,3102,1,1571,8,4,7,5,0.625,1.073542846408523,0.7743974703476992
R_002455,11,0.0044,7.137260035412655e-05,0,1562,3,1562,6,2,6,5,0.8333333333333334,0.4505612088663046,0.6500224216483541
R_002456,7,0.0028,5.0551875264279156e-05,0,1628,0,1628,6,1,3,6,1.0,-0.0,0.0
R_002457,15,0.006,8.9992918967333e-05,0,3102,6,1531,8,1,2,8,1.0,-0.0,0.0
R_002458,6,0.0024,4.814189606237499e-05,0,1565,2,1565,7,2,5,6,0.8571428571428571,0.410116318288409,0.5916727785823274
R_002459,11,0.0044,6.842352223108237e-05,0,3102,1,1571,6,2,7,5,0.8333333333333334,0.4505612088663046,0.6500224216483541
R_002460,8,0.0032,5.737428635068471e-05,0,1550,5,1550,7,1,0,7,1.0,-0.0,0.0
R_002461,5,0.002,3.8234275487070744e-05,0,3102,1,1571,5,2,7,4,0.8,0.5004024235381879,0.7219280948873623
R_002462,8,0.0032,5.2458383702527005e-05,0,1505,7,1505,5,1,4,5,1.0,-0.0,0.0
R_002463,5,0.002,4.119428367379583e-05,0,1565,2,1565,5,2,5,4,0.8,0.5004024235381879,0.7219280948873623
R_002464,11,0.0044,6.865632696713573e-05,0,3102,6,1531,7,1,2,7,1.0,-0.0,0.0
R_002465,5,0.002,3.731756086947586e-05,0,1505,7,1505,5,1,4,5,1.0,-0.0,0.0
R_002466,4,0.0016,3.401629271557705e-05,0,1628,0,1628,5,1,3,5,1.0,-0.0,0.0
R_002467,11,0.0044,6.887497122096493e-05,0,3102,6,1531,7,1,2,7,1.0,-0.0,0.0
R_002468,9,0.0036,6.298936610977473e-05,0,1550,5,1550,8,1,0,8,1.0,-0.0,0.0
R_002469,7,0.0028,4.992899023673478e-05,0,1562,3,1562,7,2,6,6,0.8571428571428571,0.410116318288409,0.5916727785823274
R_002470,13,0.0052,8.135752701254236e-05,0,1559,4,1559,7,1,1,7,1.0,-0.0,0.0
R_002471,10,0.004,6.553342708071919e-05,0,1559,4,1559,7,1,1,7,1.0,-0.0,0.0
R_002472,14,0.0056,8.41794954531709e-05,0,3102,1,1571,8,4,7,4,0.5,1.2130075659799042,0.875
R_002473,6,0.0024,4.4847663749446654e-05,0,1628,0,1628,6,1,3,6,1.0,-0.0,0.0
R_002474,8,0.0032,5.300402171518205e-05,0,3102,1,1571,8,4,7,5,0.625,1.073542846408523,0.7743974703476992
R_002475,9,0.0036,5.998839935646527e-05,0,1562,3,1562,8,3,6,6,0.75,0.7356219397587946,0.6695919455357792
R_002476,9,0.0036,6.081269754084061e-05,0,1559,4,1559,6,1,1,6,1.0,-0.0,0.0
R_002477,12,0.0048,7.656244087428385e-05,0,1562,3,1562,7,3,6,5,0.7142857142857143,0.796311640173813,0.7248340915057598
R_002478,6,0.0024,4.7462767489798806e-05,0,1565,2,1565,5,2,5,4,0.8,0.5004024235381879,0.7219280948873623
R_002479,11,0.0044,7.25423468172409e-05,0,1628,0,1628,8,1,3,8,1.0,-0.0,0.0
R_002480,15,0.006,9.27489640092068e-05,0,1562,3,1562,8,2,6,7,0.875,0.3767701612564367,0.5435644431995964
R_002481,10,0.004,6.281431089088046e-05,0,3102,1,1571,6,4,7,3,0.5,1.242453324894,0.8962406251802889
R_002482,8,0.0032,5.550479314759683e-05,0,1628,0,1628,6,1,3,6,1.0,-0.0,0.0
R_002483,6,0.0024,4.2275853132347554e-05,0,1505,7,1505,6,1,4,6,1.0,-0.0,0.0
R_002484,3,0.0012,2.8485254565450705e-05,0,1628,0,1628,5,1,3,5,1.0,-0.0,0.0
R_002485,4,0.0016,3.2871221750887466e-05,0,3102,6,1531,6,1,2,6,1.0,-0.0,0.0
R_002486,10,0.004,6.344014544775543e-05,0,3102,1,1571,6,3,7,4,0.6666666666666666,0.8675632284814612,0.7896900821428474
R_002487,9,0.0036,5.830829005073776e-05,0,3102,6,1531,8,1,2,8,1.0,-0.0,0.0
R_002488,2,0.0008,2.3511629602471286e-05,0,1628,0,1628,5,1,3,5,1.0,-0.0,0.0
R_002489,8,0.0032,5.8591879083560966e-05,0,1565,2,1565,7,2,5,6,0.8571428571428571,0.410116318288409,0.5916727785823274
R_002490,10,0.004,6.258312993524526e-05,0,1505,7,1505,7,1,4,7,1.0,-0.0,0.0
R_002491,3,0.0012,2.754891869520765e-05,0,1505,7,1505,5,1,4,5,1.0,-0.0,0.0
R_002492,8,0.0032,5.5712544231681515e-05,0,1562,3,1562,6,2,6,5,0.8333333333333334,0.4505612088663046,0.6500224216483541
R_002493,2,0.0008,2.312927788272312e-05,0,1550,5,1550,5,1,0,5,1.0,-0.0,0.0
R_002494,13,0.0052,7.863616510987054e-05,0,3102,6,1531,7,1,2,7,1.0,-0.0,0.0
R_002495,11,0.0044,6.890373190832158e-05,0,3102,6,1531,8,1,2,8,1.0,-0.0,0.0
R_002496,3,0.0012,2.964065859574554e-05,0,1565,2,1565,6,2,5,5,0.8333333333333334,0.4505612088663046,0.6500224216483541
R_002497,3,0.0012,2.7606986825755063e-05,0,3102,1,1571,5,3,7,3,0.6,0.9502705392332348,0.8649735207179272
R_002498,2,0.0008,2.3807581707234313e-05,0,1550,5,1550,5,1,0,5,1.0,-0.0,0.0
R_002499,4,0.0016,3.433082209693558e-05,0,1628,0,1628,6,1,3,6,1.0,-0.0,0.0
R_002500,5,0.002,4.022853761856562e-05,0,1550,5,1550,8,1,0,8,1.0,-0.0,0.0
R_002501,4,0.0016,3.3653174409730085e-05,0,1562,3,1562,5,3,6,3,0.6,0.9502705392332348,0.8649735207179272
R_002502,7,0.0028,4.82004802998713e-05,0,3102,1,1571,6,4,7,3,0.5,1.242453324894,0.8962406251802889
R_002503,10,0.004,6.558991457660583e-05,0,1559,4,1559,6,1,1,6,1.0,-0.0,0.0
R_002504,13,0.0052,7.825773749483878e-05,0,3102,1,1571,8,4,7,4,0.5,1.2130075659799042,0.875
R_002505,11,0.0044,7.082683484148039e-05,0,1562,3,1562,8,3,6,6,0.75,0.7356219397587946,0.6695919455357792
R_002506,5,0.002,3.947977639026091e-05,0,1628,0,1628,5,1,3,5,1.0,-0.0,0.0
R_002507,3,0.0012,2.9725441147013705e-05,0,1565,2,1565,5,2,5,4,0.8,0.5004024235381879,0.7219280948873623
R_002508,2,0.0008,2.3447093540605523e-05,0,1628,0,1628,5,1,3,5,1.0,-0.0,0.0
R_002509,6,0.0024,4.445048813801919e-05,0,1562,3,1562,8,3,6,6,0.75,0.7356219397587946,0.6695919455357792
R_002510,3,0.0012,2.9442742569712914e-05,0,1550,5,1550,6,1,0,6,1.0,-0.0,0.0
R_002511,3,0.0012,2.875521588124168e-05,0,1628,0,1628,5,1,3,5,1.0,-0.0,0.0
R_002512,15,0.006,8.860922535990243e-05,0,3102,1,1571,6,2,7,5,0.8333333333333334,0.4505612088663046,0.6500224216483541
R_002513,15,0.006,8.914074764491769e-05,0,3102,1,1571,8,4,7,5,0.625,1.073542846408523,0.7743974703476992
R_002514,8,0.0032,5.785475219396955e-05,0,1550,5,1550,7,1,0,7,1.0,-0.0,0.0
R_002515,6,0.0024,4.442880133039317e-05,0,1559,4,1559,7,1,1,7,1.0,-0.0,0.0
R_002516,7,0.0028,4.780642520398299e-05,0,3102,6,1531,7,1,2,7,1.0,-0.0,0.0
R_002517,7,0.0028,4.8022575261035444e-05,0,3102,6,1531,8,1,2,8,1.0,-0.0,0.0
R_002518,12,0.0048,7.319040722227013e-05,0,3102,1,1571,7,3,7,4,0.5714285714285714,0.9556998911125344,0.8699155297736259
R_002519,11,0.0044,7.092627949966836e-05,0,1559,4,1559,8,1,1,8,1.0,-0.0,0.0
R_002520,8,0.0032,5.568882284412114e-05,0,1628,0,1628,7,1,3,7,1.0,-0.0,0.0
R_002521,7,0.0028,4.800272145859787e-05,0,3102,6,1531,6,1,2,6,1.0,-0.0,0.0
R_002522,3,0.0012,2.753513357080077e-05,0,1505,7,1505,6,1,4,6,1.0,-0.0,0.0
R_002523,2,0.0008,2.29040508025457e-05,0,3102,6,1531,5,1,2,5,1.0,-0.0,0.0
R_002524,8,0.0032,5.926567517070887e-05,0,1565,2,1565,8,2,5,7,0.875,0.3767701612564367,0.5435644431995964
R_002525,4,0.0016,3.290523935086689e-05,0,3102,1,1571,5,3,7,3,0.6,0.9502705392332348,0.8649735207179272
R_002526,13,0.0052,7.822511354612826e-05,0,3102,1,1571,8,4,7,5,0.625,1.073542846408523,0.7743974703476992
R_002527,5,0.002,3.991862422604009e-05,0,1550,5,1550,7,1,0,7,1.0,-0.0,0.0
R_002528,11,0.0044,7.08022209333041e-05,0,1559,4,1559,8,1,1,8,1.0,-0.0,0.0
R_002529,5,0.002,3.7643871088208115e-05,0,3102,6,1531,6,1,2,6,1.0,-0.0,0.0
R_002530,5,0.002,3.809043068041086e-05,0,1505,7,1505,5,1,4,5,1.0,-0.0,0.0
R_002531,9,0.0036,6.201490152354601e-05,0,1550,5,1550,8,1,0,8,1.0,-0.0,0.0
R_002532,3,0.0012,2.770954744704034e-05,0,3102,1,1571,5,2,7,4,0.8,0.5004024235381879,0.7219280948873623
R_002533,5,0.002,4.11002481815794e-05,0,1565,2,1565,7,2,5,6,0.8571428571428571,0.410116318288409,0.5916727785823274
R_002534,9,0.0036,6.287562914161186e-05,0,1550,5,1550,8,1,0,8,1.0,-0.0,0.0
R_002535,4,0.0016,3.571645819357877e-05,0,1565,2,1565,5,1,5,5,1.0,-0.0,0.0
R_002536,6,0.0024,4.2745173799706836e-05,0,3102,6,1531,6,1,2,6,1.0,-0.0,0.0
R_002537,10,0.004,6.842005839127125e-05,0,1550,5,1550,7,1,0,7,1.0,-0.0,0.0
R_002538,10,0.004,6.271782698806248e-05,0,1505,7,1505,8,1,4,8,1.0,-0.0,0.0
R_002539,5,0.002,4.136559850349268e-05,0,1565,2,1565,7,1,5,7,1.0,-0.0,0.0
R_002540,10,0.004,6.542218931842217e-05,0,1559,4,1559,8,1,1,8,1.0,-0.0,0.0
R_002541,18,0.0072,0.00010835713367938877,0,1559,4,1559,8,1,1,8,1.0,-0.0,0.0
R_002542,7,0.0028,4.7840512201606225e-05,0,3102,1,1571,6,3,7,4,0.6666666666666666,0.8675632284814612,0.7896900821428474
R_002543,2,0.0008,2.3354299748282375e-05,0,1628,0,1628,5,1,3,5,1.0,-0.0,0.0
R_002544,2,0.0008,2.451119022187457e-05,0,1565,2,1565,5,2,5,4,0.8,0.5004024235381879,0.7219280948873623
R_002545,11,0.0044,7.599221824400928e-05,0,1565,2,1565,7,2,5,6,0.8571428571428571,0.410116318288409,0.5916727785823274
R_002546,6,0.0024,4.5459802526454524e-05,0,1550,5,1550,6,1,0,6,1.0,-0.0,0.0
R_002547,3,0.0012,2.9365454161051866e-05,0,1550,5,1550,5,1,0,5,1.0,-0.0,0.0
R_002548,10,0.004,6.523611186007618e-05,0,1559,4,1559,6,1,1,6,1.0,-0.0,0.0
R_002549,6,0.0024,4.6455915181756016e-05,0,1565,2,1565,7,1,5,7,1.0,-0.0,0.0
R_002550,8,0.0032,5.516855161003223e-05,0,1562,3,1562,8,2,6,7,0.875,0.3767701612564367,0.5435644431995964
R_002551,6,0.0024,4.409730720499814e-05,0,1562,3,1562,5,1,6,5,1.0,-0.0,0.0
R_002552,4,0.0016,3.368062476518419e-05,0,3102,6,1531,5,1,2,5,1.0,-0.0,0.0
R_002553,7,0.0028,4.758865688827818e-05,0,3102,1,1571,8,3,7,6,0.75,0.7356219397587946,0.6695919455357792
R_002554,15,0.006,8.973787523717647e-05,0,3102,6,1531,8,1,2,8,1.0,-0.0,0.0
R_002555,6,0.0024,4.603291579618757e-05,0,1550,5,1550,5,1,0,5,1.0,-0.0,0.0
R_002556,9,0.0036,5.726536933285002e-05,0,3102,1,1571,8,4,7,4,0.5,1.2130075659799042,0.875
R_002557,3,0.0012,2.916348775949747e-05,0,1628,0,1628,5,1,3,5,1.0,-0.0,0.0
R_002558,5,0.002,3.762831545278832e-05,0,1505,7,1505,5,1,4,5,1.0,-0.0,0.0
R_002559,4,0.0016,3.518462636805867e-05,0,1565,2,1565,7,2,5,6,0.8571428571428571,0.410116318288409,0.5916727785823274
R_002560,6,0.0024,4.509206820189013e-05,0,1562,3,1562,6,2,6,5,0.8333333333333334,0.4505612088663046,0.6500224216483541
R_002561,7,0.0028,5.110568416444712e-05,0,1550,5,1550,8,1,0,8,1.0,-0.0,0.0
R_002562,9,0.0036,6.077206040045779e-05,0,1559,4,1559,7,1,1,7,1.0,-0.0,0.0
R_002563,2,0.0008,2.3200788129681585e-05,0,1562,3,1562,5,2,6,4,0.8,0.5004024235381879,0.7219280948873623
R_002564,9,0.0036,5.9276335524892375e-05,0,3102,6,1531,6,1,2,6,1.0,-0.0,0.0
R_002565,6,0.0024,4.6251212069131375e-05,0,1550,5,1550,5,1,0,5,1.0,-0.0,0.0
R_002566,7,0.0028,5.0230366934343904e-05,0,1628,0,1628,6,1,3,6,1.0,-0.0,0.0
R_002567,3,0.0012,3.0051480719729242e-05,0,1565,2,1565,5,1,5,5,1.0,-0.0,0.0
R_002568,8,0.0032,5.63061736876286e-05,0,1628,0,1628,6,1,3,6,1.0,-0.0,0.0
R_002569,11,0.0044,7.122338107634786e-05,0,1562,3,1562,8,2,6,7,0.875,0.3767701612564367,0.5435644431995964
R_002570,6,0.0024,4.4133702262586806e-05,0,3102,6,1531,6,1,2,6,1.0,-0.0,0.0
R_002571,12,0.0048,7.324996742856592e-05,0,1505,7,1505,8,1,4,8,1.0,-0.0,0.0
R_002572,11,0.0044,6.760051019320005e-05,0,3102,1,1571,8,4,7,5,0.625,1.073542846408523,0.7743974703476992
R_002573,10,0.004,6.485778261330713e-05,0,1559,4,1559,8,1,1,8,1.0,-0.0,0.0
R_002574,7,0.0028,4.7812562630837884e-05,0,3102,1,1571,6,3,7,4,0.6666666666666666,0.8675632284814612,0.7896900821428474
R_002575,7,0.0028,5.0414155839610865e-05,0,1562,3,1562,6,1,6,6,1.0,-0.0,0.0
R_002576,3,0.0012,2.956020210472679e-05,0,1550,5,1550,5,1,0,5,1.0,-0.0,0.0
R_002577,7,0.0028,4.9244863193703125e-05,0,1559,4,1559,6,1,1,6,1.0,-0.0,0.0
R_002578,14,0.0056,8.638834941861085e-05,0,1559,4,1559,8,1,1,8,1.0,-0.0,0.0
R_002579,10,0.004,6.61707270584286e-05,0,1562,3,1562,8,2,6,7,0.875,0.3767701612564367,0.5435644431995964
R_002580,10,0.004,6.677952031670981e-05,0,1628,0,1628,8,1,3,8,1.0,-0.0,0.0
R_002581,11,0.0044,6.823949998911636e-05,0,1505,7,1505,8,1,4,8,1.0,-0.0,0.0
R_002582,6,0.0024,4.287387918298944e-05,0,1505,7,1505,7,1,4,7,1.0,-0.0,0.0
R_002583,3,0.0012,2.7877626318222896e-05,0,3102,6,1531,7,1,2,7,1.0,-0.0,0.0
R_002584,1,0.0004,1.7646330634685012e-05,0,1562,3,1562,6,2,6,5,0.8333333333333334,0.4505612088663046,0.6500224216483541
R_002585,6,0.0024,4.446482028013073e-05,0,1559,4,1559,8,1,1,8,1.0,-0.0,0.0
R_002586,8,0.0032,5.443668648897814e-05,0,1559,4,1559,8,1,1,8,1.0,-0.0,0.0
R_002587,14,0.0056,8.610088458660367e-05,0,1559,4,1559,7,1,1,7,1.0,-0.0,0.0
R_002588,3,0.0012,2.9557050260759234e-05,0,1565,2,1565,5,1,5,5,1.0,-0.0,0.0
R_002589,7,0.0028,5.165150646480927e-05,0,1550,5,1550,6,1,0,6,1.0,-0.0,0.0
R_002590,8,0.0032,5.908889972565151e-05,0,1565,2,1565,5,1,5,5,1.0,-0.0,0.0
R_002591,9,0.0036,5.803630624232506e-05,0,3102,1,1571,6,3,7,4,0.6666666666666666,0.8675632284814612,0.7896900821428474
R_002592,7,0.0028,5.050673757336955e-05,0,1562,3,1562,5,1,6,5,1.0,-0.0,0.0
R_002593,4,0.0016,3.3332308723008365e-05,0,3102,6,1531,7,1,2,7,1.0,-0.0,0.0
R_002594,14,0.0056,8.327572525574892e-05,0,3102,1,1571,8,2,7,6,0.75,0.5623351446188083,0.8112781244591328
R_002595,6,0.0024,4.720908909541034e-05,0,1565,2,1565,6,2,5,5,0.8333333333333334,0.4505612088663046,0.6500224216483541
R_002596,7,0.0028,4.890442291334648e-05,0,3102,6,1531,7,1,2,7,1.0,-0.0,0.0
R_002597,4,0.0016,3.5284956382947835e-05,0,1565,2,1565,8,2,5,7,0.875,0.3767701612564367,0.5435644431995964
R_002598,9,0.0036,6.015626217300852e-05,0,1559,4,1559,6,1,1,6,1.0,-0.0,0.0
R_002599,9,0.0036,5.829627614637487e-05,0,3102,6,1531,8,1,2,8,1.0,-0.0,0.0
R_002600,6,0.0024,4.3658940748058136e-05,0,3102,6,1531,5,1,2,5,1.0,-0.0,0.0
R_002601,6,0.0024,4.429005669393557e-05,0,1562,3,1562,5,2,6,4,0.8,0.5004024235381879,0.7219280948873623
R_002602,12,0.0048,8.119098385461127e-05,0,1565,2,1565,7,2,5,6,0.8571428571428571,0.410116318288409,0.5916727785823274
R_002603,10,0.004,6.579960678159066e-05,0,1562,3,1562,6,1,6,6,1.0,-0.0,0.0
R_002604,11,0.0044,7.085529147665183e-05,0,1562,3,1562,7,3,6,5,0.7142857142857143,0.796311640173813,0.7248340915057598
R_002605,6,0.0024,4.4918940785726916e-05,0,1628,0,1628,5,1,3,5,1.0,-0.0,0.0
R_002606,7,0.0028,4.9567637912523086e-05,0,1562,3,1562,7,2,6,6,0.8571428571428571,0.410116318288409,0.5916727785823274
R_002607,5,0.002,4.041095168224248e-05,0,1628,0,1628,6,1,3,6,1.0,-0.0,0.0
R_002608,10,0.004,6.376977331131909e-05,0,3102,1,1571,8,4,7,4,0.5,1.2130075659799042,0.875
R_002609,11,0.0044,7.627000562836187e-05,0,1565,2,1565,7,2,5,6,0.8571428571428571,0.410116318288409,0.5916727785823274
R_002610,7,0.0028,5.013979700636101e-05,0,1628,0,1628,7,1,3,7,1.0,-0.0,0.0
R_002611,9,0.0036,5.887643031746307e-05,0,1559,4,1559,7,1,1,7,1.0,-0.0,0.0
R_002612,18,0.0072,0.00011337529905799681,0,1550,5,1550,8,1,0,8,1.0,-0.0,0.0
R_002613,8,0.0032,5.268847106052165e-05,0,1505,7,1505,8,1,4,8,1.0,-0.0,0.0
R_002614,13,0.0052,7.770048103700899e-05,0,3102,1,1571,8,3,7,6,0.75,0.7356219397587946,0.6695919455357792
R_002615,7,0.0028,4.978793739310243e-05,0,1559,4,1559,7,1,1,7,1.0,-0.0,0.0
R_002616,6,0.0024,4.569434450454715e-05,0,1559,4,1559,5,1,1,5,1.0,-0.0,0.0
R_002617,11,0.0044,6.845966914668301e-05,0,3102,1,1571,8,3,7,5,0.625,0.9002560512685369,0.8194483718728035
R_002618,7,0.0028,4.68592326039091e-05,0,1505,7,1505,5,1,4,5,1.0,-0.0,0.0
R_002619,10,0.004,6.45005911107083e-05,0,3102,6,1531,7,1,2,7,1.0,-0.0,0.0
R_002620,12,0.0048,7.812964157384952e-05,0,1628,0,1628,8,1,3,8,1.0,-0.0,0.0
R_002621,10,0.004,6.290818788143701e-05,0,1505,7,1505,6,1,4,6,1.0,-0.0,0.0
R_002622,10,0.004,6.500625316213796e-05,0,1559,4,1559,6,1,1,6,1.0,-0.0,0.0
R_002623,9,0.0036,5.7007445377475695e-05,0,1505,7,1505,8,1,4,8,1.0,-0.0,0.0
R_002624,17,0.0068,0.00010514025060595225,0,1628,0,1628,8,1,3,8,1.0,-0.0,0.0
R_002625,18,0.0072,0.00010404098875222349,0,3102,1,1571,8,4,7,5,0.625,1.073542846408523,0.7743974703476992
R_002626,8,0.0032,5.5058963141335275e-05,0,1562,3,1562,6,1,6,6,1.0,-0.0,0.0
R_002627,13,0.0052,8.278112897048224e-05,0,1559,4,1559,7,1,1,7,1.0,-0.0,0.0
R_002628,17,0.0068,9.871584445255906e-05,0,3102,1,1571,8,4,7,4,0.5,1.2130075659799042,0.875
R_002629,8,0.0032,5.25587712234213e-05,0,3102,1,1571,8,3,7,5,0.625,0.9002560512685369,0.8194483718728035
R_002630,12,0.0048,8.205077242248265e-05,0,1565,2,1565,7,2,5,6,0.8571428571428571,0.410116318288409,0.5916727785823274
R_002631,11,0.0044,6.940039605378718e-05,0,3102,6,1531,7,1,2,7,1.0,-0.0,0.0
R_002632,3,0.0012,2.7157799841041253e-05,0,1505,7,1505,5,1,4,5,1.0,-0.0,0.0
R_002633,9,0.0036,6.065652370923548e-05,0,1562,3,1562,7,3,6,5,0.7142857142857143,0.796311640173813,0.7248340915057598
R_002634,10,0.004,6.335014373224123e-05,0,3102,1,1571,7,3,7,4,0.5714285714285714,0.9556998911125344,0.8699155297736259
R_002635,10,0.004,6.366736191179105e-05,0,3102,6,1531,6,1,2,6,1.0,-0.0,0.0
R_002636,4,0.0016,3.4292325199750513e-05,0,1550,5,1550,5,1,0,5,1.0,-0.0,0.0
R_002637,8,0.0032,5.818463856123299e-05,0,1565,2,1565,8,1,5,8,1.0,-0.0,0.0
R_002638,13,0.0052,8.302096885675994e-05,0,1628,0,1628,8,1,3,8,1.0,-0.0,0.0
R_002639,9,0.0036,6.0095251878753104e-05,0,1559,4,1559,7,1,1,7,1.0,-0.0,0.0
R_002640,12,0.0048,7.270646704789751e-05,0,1505,7,1505,8,1,4,8,1.0,-0.0,0.0
R_002641,12,0.0048,7.468496063776196e-05,0,3102,6,1531,8,1,2,8,1.0,-0.0,0.0
R_002642,10,0.004,7.0595894075632e-05,0,1565,2,1565,8,2,5,7,0.875,0.3767701612564367,0.5435644431995964
R_002643,11,0.0044,6.847140039156257e-05,0,3102,6,1531,8,1,2,8,1.0,-0.0,0.0
R_002644,5,0.002,3.9044623834690395e-05,0,1562,3,1562,7,2,6,6,0.8571428571428571,0.410116318288409,0.5916727785823274
R_002645,12,0.0048,7.27387894903801e-05,0,1505,7,1505,6,1,4,6,1.0,-0.0,0.0
R_002646,11,0.0044,6.912133137355984e-05,0,3102,6,1531,7,1,2,7,1.0,-0.0,0.0
R_002647,2,0.0008,2.3143124752695023e-05,0,3102,6,1531,5,1,2,5,1.0,-0.0,0.0
R_002648,2,0.0008,2.3883068759516908e-05,0,1565,2,1565,5,1,5,5,1.0,-0.0,0.0
R_002649,7,0.0028,4.996992503049166e-05,0,1562,3,1562,6,2,6,5,0.8333333333333334,0.4505612088663046,0.6500224216483541
R_002650,7,0.0028,4.9313046637689337e-05,0,1559,4,1559,5,1,1,5,1.0,-0.0,0.0
R_002651,11,0.0044,6.83887879869548e-05,0,1505,7,1505,6,1,4,6,1.0,-0.0,0.0
R_002652,8,0.0032,5.395506365519407e-05,0,3102,6,1531,7,1,2,7,1.0,-0.0,0.0
R_002653,11,0.0044,6.911658086963445e-05,0,3102,6,1531,7,1,2,7,1.0,-0.0,0.0
R_002654,15,0.006,8.814670538830429e-05,0,1505,7,1505,7,1,4,7,1.0,-0.0,0.0
R_002655,14,0.0056,8.328820365506438e-05,0,1505,7,1505,7,1,4,7,1.0,-0.0,0.0
R_002656,2,0.0008,2.3354049631286833e-05,0,1559,4,1559,6,1,1,6,1.0,-0.0,0.0
R_002657,3,0.0012,2.706146827276641e-05,0,1505,7,1505,5,1,4,5,1.0,-0.0,0.0
R_002658,8,0.0032,5.25392341014655e-05,0,1505,7,1505,7,1,4,7,1.0,-0.0,0.0
R_002659,8,0.0032,5.7049513337843806e-05,0,1550,5,1550,8,1,0,8,1.0,-0.0,0.0
R_002660,7,0.0028,5.286340327870832e-05,0,1565,2,1565,6,2,5,5,0.8333333333333334,0.4505612088663046,0.6500224216483541
R_002661,1,0.0004,1.7447421020440083e-05,0,3102,6,1531,5,1,2,5,1.0,-0.0,0.0
R_002662,10,0.004,6.281758988402069e-05,0,1505,7,1505,7,1,4,7,1.0,-0.0,0.0
R_002663,9,0.0036,6.288312400774552e-05,0,1550,5,1550,8,1,0,8,1.0,-0.0,0.0
R_002664,6,0.0024,4.490591691774505e-05,0,1628,0,1628,6,1,3,6,1.0,-0.0,0.0
R_002665,3,0.0012,2.9042957242590326e-05,0,1628,0,1628,5,1,3,5,1.0,-0.0,0.0
R_002666,5,0.002,3.960272689449136e-05,0,1628,0,1628,7,1,3,7,1.0,-0.0,0.0
R_002667,7,0.0028,4.927490135868674e-05,0,1559,4,1559,7,1,1,7,1.0,-0.0,0.0
R_002668,12,0.0048,7.670992305455431e-05,0,1562,3,1562,8,3,6,6,0.75,0.7356219397587946,0.6695919455357792
R_002669,7,0.0028,4.980864714772081e-05,0,1562,3,1562,6,3,6,4,0.6666666666666666,0.8675632284814612,0.7896900821428474
R_002670,4,0.0016,3.459288332074091e-05,0,1628,0,1628,5,1,3,5,1.0,-0.0,0.0
R_002671,15,0.006,9.193038391309865e-05,0,1559,4,1559,8,1,1,8,1.0,-0.0,0.0
R_002672,6,0.0024,4.489757043962513e-05,0,1628,0,1628,5,1,3,5,1.0,-0.0,0.0
R_002673,10,0.004,6.676631932652576e-05,0,1562,3,1562,6,2,6,5,0.8333333333333334,0.4505612088663046,0.6500224216483541
R_002674,2,0.0008,2.3692613104134345e-05,0,1550,5,1550,5,1,0,5,1.0,-0.0,0.0
R_002675,4,0.0016,3.4646821194119087e-05,0,1550,5,1550,5,1,0,5,1.0,-0.0,0.0
R_002676,8,0.0032,5.46985274029054e-05,0,1559,4,1559,6,1,1,6,1.0,-0.0,0.0
R_002677,6,0.0024,4.2496621471975255e-05,0,1505,7,1505,6,1,4,6,1.0,-0.0,0.0
R_002678,9,0.0036,6.060370740269542e-05,0,1559,4,1559,8,1,1,8,1.0,-0.0,0.0
R_002679,5,0.002,4.044046155008591e-05,0,1550,5,1550,5,1,0,5,1.0,-0.0,0.0
R_002680,6,0.0024,4.5558503286745036e-05,0,1550,5,1550,8,1,0,8,1.0,-0.0,0.0
R_002681,8,0.0032,5.5313115861675875e-05,0,1562,3,1562,5,2,6,4,0.8,0.5004024235381879,0.7219280948873623
R_002682,4,0.0016,3.617694894846395e-05,0,1565,2,1565,7,2,5,6,0.8571428571428571,0.410116318288409,0.5916727785823274
R_002683,7,0.0028,5.310235148335881e-05,0,1565,2,1565,8,2,5,7,0.875,0.3767701612564367,0.5435644431995964
R_002684,7,0.0028,4.746882549062874e-05,0,1505,7,1505,6,1,4,6,1.0,-0.0,0.0
R_002685,14,0.0056,8.399518873216555e-05,0,1505,7,1505,7,1,4,7,1.0,-0.0,0.0
R_002686,6,0.0024,4.515721312530299e-05,0,1628,0,1628,6,1,3,6,1.0,-0.0,0.0
R_002687,7,0.0028,5.1973030688200454e-05,0,1550,5,1550,7,1,0,7,1.0,-0.0,0.0
R_002688,4,0.0016,3.25504878780897e-05,0,1505,7,1505,5,1,4,5,1.0,-0.0,0.0
R_002689,8,0.0032,5.512159584665242e-05,0,1562,3,1562,8,1,6,8,1.0,-0.0,0.0
R_002690,12,0.0048,7.755448382813413e-05,0,1628,0,1628,8,1,3,8,1.0,-0.0,0.0
R_002691,6,0.0024,4.690434318231461e-05,0,1565,2,1565,7,1,5,7,1.0,-0.0,0.0
R_002692,5,0.002,4.058941795258274e-05,0,1550,5,1550,8,1,0,8,1.0,-0.0,0.0
R_002693,7,0.0028,4.8557698523965154e-05,0,3102,6,1531,7,1,2,7,1.0,-0.0,0.0
R_002694,8,0.0032,5.640915458575189e-05,0,1628,0,1628,6,1,3,6,1.0,-0.0,0.0
R_002695,9,0.0036,6.254683728319903e-05,0,1550,5,1550,6,1,0,6,1.0,-0.0,0.0
R_002696,6,0.0024,4.284931286433941e-05,0,1505,7,1505,6,1,4,6,1.0,-0.0,0.0
R_002697,15,0.006,8.810110448383309e-05,0,1505,7,1505,8,1,4,8,1.0,-0.0,0.0
R_002698,12,0.0048,7.698090950052792e-05,0,1562,3,1562,8,3,6,6,0.75,0.7356219397587946,0.6695919455357792
R_002699,13,0.0052,8.280446867908673e-05,0,1562,3,1562,7,3,6,5,0.7142857142857143,0.796311640173813,0.7248340915057598
R_002700,10,0.004,6.347783625557263e-05,0,3102,6,1531,8,1,2,8,1.0,-0.0,0.0
R_002701,11,0.0044,6.916497150113748e-05,0,3102,6,1531,8,1,2,8,1.0,-0.0,0.0
R_002702,11,0.0044,6.90021005114937e-05,0,3102,6,1531,8,1,2,8,1.0,-0.0,0.0
R_002703,3,0.0012,2.9090838123059705e-05,0,1550,5,1550,6,1,0,6,1.0,-0.0,0.0
R_002704,3,0.0012,2.774389803203458e-05,0,1505,7,1505,6,1,4,6,1.0,-0.0,0.0
R_002705,10,0.004,6.309289797225326e-05,0,3102,6,1531,8,1,2,8,1.0,-0.0,0.0
R_002706,8,0.0032,5.841377460915606e-05,0,1565,2,1565,7,1,5,7,1.0,-0.0,0.0
R_002707,5,0.002,3.796610921973836e-05,0,3102,6,1531,5,1,2,5,1.0,-0.0,0.0
R_002708,6,0.0024,4.3982196981342065e-05,0,1559,4,1559,8,1,1,8,1.0,-0.0,0.0
R_002709,6,0.0024,4.288445980029641e-05,0,3102,6,1531,6,1,2,6,1.0,-0.0,0.0
R_002710,5,0.002,3.935946711754538e-05,0,1628,0,1628,6,1,3,6,1.0,-0.0,0.0
R_002711,7,0.0028,4.915109756546085e-05,0,1559,4,1559,8,1,1,8,1.0,-0.0,0.0
R_002712,5,0.002,3.823960520263774e-05,0,3102,1,1571,5,3,2,2,0.4,1.0549201679861442,0.9602297178607612
R_002713,4,0.0016,3.2716285714798734e-05,0,3102,1,1571,5,3,2,2,0.4,1.0549201679861442,0.9602297178607612
R_002714,12,0.0048,7.631622568613492e-05,0,1559,4,1559,8,1,1,8,1.0,-0.0,0.0
R_002715,5,0.002,4.112134852720462e-05,0,1565,2,1565,5,1,5,5,1.0,-0.0,0.0
R_002716,7,0.0028,4.946524058515775e-05,0,1559,4,1559,6,1,1,6,1.0,-0.0,0.0
R_002717,9,0.0036,5.7870907134874846e-05,0,1505,7,1505,6,1,4,6,1.0,-0.0,0.0
R_002718,7,0.0028,4.984717349291824e-05,0,1559,4,1559,6,1,1,6,1.0,-0.0,0.0
R_002719,5,0.002,3.922992664851639e-05,0,1562,3,1562,6,2,6,5,0.8333333333333334,0.4505612088663046,0.6500224216483541
R_002720,9,0.0036,5.825370834469086e-05,0,3102,1,1571,6,3,7,3,0.5,1.0114042647073518,0.920619835714305
R_002721,9,0.0036,6.234073959691403e-05,0,1550,5,1550,6,1,0,6,1.0,-0.0,0.0
R_002722,7,0.0028,4.9127893645961476e-05,0,1559,4,1559,6,1,1,6,1.0,-0.0,0.0
R_002723,10,0.004,6.376640057944364e-05,0,3102,6,1531,8,1,2,8,1.0,-0.0,0.0
R_002724,18,0.0072,0.00010926601452579655,0,1628,0,1628,8,1,3,8,1.0,-0.0,0.0
R_002725,3,0.0012,2.777686699657646e-05,0,3102,1,1571,7,2,7,6,0.8571428571428571,0.410116318288409,0.5916727785823274
R_002726,5,0.002,3.89702148499226e-05,0,1559,4,1559,5,1,1,5,1.0,-0.0,0.0
R_002727,3,0.0012,2.8381300740603832e-05,0,1559,4,1559,5,1,1,5,1.0,-0.0,0.0
R_002728,5,0.002,3.963334412807444e-05,0,1628,0,1628,5,1,3,5,1.0,-0.0,0.0
R_002729,6,0.0024,4.5884781118134085e-05,0,1550,5,1550,7,1,0,7,1.0,-0.0,0.0
R_002730,14,0.0056,8.38702222989537e-05,0,3102,1,1571,8,3,7,5,0.625,0.9002560512685369,0.8194483718728035
R_002731,5,0.002,4.0230053737349226e-05,0,1550,5,1550,7,1,0,7,1.0,-0.0,0.0
R_002732,3,0.0012,2.873260077323517e-05,0,1550,5,1550,5,1,0,5,1.0,-0.0,0.0
R_002733,10,0.004,6.264675649227595e-05,0,1505,7,1505,7,1,4,7,1.0,-0.0,0.0
R_002734,8,0.0032,5.86063965328274e-05,0,1565,2,1565,5,1,5,5,1.0,-0.0,0.0
R_002735,4,0.0016,3.409752877661467e-05,0,1562,3,1562,6,2,6,5,0.8333333333333334,0.4505612088663046,0.6500224216483541
R_002736,5,0.002,3.782952928769237e-05,0,3102,6,1531,5,1,2,5,1.0,-0.0,0.0
R_002737,5,0.002,4.1108509929592773e-05,0,1565,2,1565,5,1,5,5,1.0,-0.0,0.0
R_002738,7,0.0028,4.794930420072839e-05,0,3102,6,1531,8,1,2,8,1.0,-0.0,0.0
R_002739,6,0.0024,4.460787766870843e-05,0,1628,0,1628,6,1,3,6,1.0,-0.0,0.0
R_002740,7,0.0028,5.041233290605566e-05,0,1562,3,1562,6,2,6,5,0.8333333333333334,0.4505612088663046,0.6500224216483541
R_002741,11,0.0044,7.102736283481881e-05,0,1562,3,1562,6,2,6,5,0.8333333333333334,0.4505612088663046,0.6500224216483541
R_002742,8,0.0032,5.367512009070787e-05,0,3102,1,1571,8,4,7,4,0.5,1.2130075659799042,0.875
R_002743,9,0.0036,5.868481168317545e-05,0,3102,6,1531,6,1,2,6,1.0,-0.0,0.0
R_002744,4,0.0016,3.271460771427641e-05,0,3102,1,1571,7,3,7,5,0.7142857142857143,0.796311640173813,0.7248340915057598
R_002745,5,0.002,4.083954492276848e-05,0,1550,5,1550,6,1,0,6,1.0,-0.0,0.0
R_002746,20,0.008,0.00011328472976825536,0,1505,7,1505,8,1,4,8,1.0,-0.0,0.0
R_002747,9,0.0036,6.200590849003663e-05,0,1628,0,1628,8,1,3,8,1.0,-0.0,0.0
R_002748,8,0.0032,5.2912707860062555e-05,0,3102,1,1571,8,4,7,4,0.5,1.2130075659799042,0.875
R_002749,8,0.0032,5.667139840832951e-05,0,1628,0,1628,8,1,3,8,1.0,-0.0,0.0
R_002750,4,0.0016,3.518471024565028e-05,0,1565,2,1565,7,2,5,6,0.8571428571428571,0.410116318288409,0.5916727785823274
R_002751,6,0.0024,4.61409352839921e-05,0,1550,5,1550,5,1,0,5,1.0,-0.0,0.0
R_002752,11,0.0044,6.832885831436136e-05,0,1505,7,1505,8,1,4,8,1.0,-0.0,0.0
R_002753,6,0.0024,4.486828753281348e-05,0,1628,0,1628,5,1,3,5,1.0,-0.0,0.0
R_002754,11,0.0044,7.052922344524333e-05,0,1562,3,1562,7,3,6,5,0.7142857142857143,0.796311640173813,0.7248340915057598
R_002755,2,0.0008,2.3284035147970447e-05,0,1550,5,1550,6,1,0,6,1.0,-0.0,0.0
R_002756,3,0.0012,2.973808259444967e-05,0,1565,2,1565,5,2,5,4,0.8,0.5004024235381879,0.7219280948873623
R_002757,4,0.0016,3.332642997011751e-05,0,1562,3,1562,5,2,6,4,0.8,0.5004024235381879,0.7219280948873623
R_002758,6,0.0024,4.2925502555802054e-05,0,1505,7,1505,6,1,4,6,1.0,-0.0,0.0
R_002759,14,0.0056,8.665927292044571e-05,0,1562,3,1562,8,2,6,7,0.875,0.3767701612564367,0.5435644431995964
R_002760,4,0.0016,3.3208335702327066e-05,0,3102,6,1531,5,1,2,5,1.0,-0.0,0.0
R_002761,8,0.0032,5.668974894443258e-05,0,1628,0,1628,6,1,3,6,1.0,-0.0,0.0
R_002762,1,0.0004,1.760664165779443e-05,0,1562,3,1562,5,3,6,3,0.6,0.9502705392332348,0.8649735207179272
R_002763,4,0.0016,3.360206171452427e-05,0,1628,0,1628,5,1,3,5,1.0,-0.0,0.0
R_002764,8,0.0032,5.641264836348037e-05,0,1550,5,1550,8,1,0,8,1.0,-0.0,0.0
R_002765,6,0.0024,4.560721441186664e-05,0,1550,5,1550,7,1,0,7,1.0,-0.0,0.0
R_002766,12,0.0048,7.233749289228459e-05,0,1505,7,1505,8,1,4,8,1.0,-0.0,0.0
R_002767,13,0.0052,7.911014931384397e-05,0,3102,6,1531,7,1,2,7,1.0,-0.0,0.0
R_002768,10,0.004,6.539445837877011e-05,0,1562,3,1562,6,2,6,5,0.8333333333333334,0.4505612088663046,0.6500224216483541
R_002769,11,0.0044,7.25723941513715e-05,0,1628,0,1628,8,1,3,8,1.0,-0.0,0.0
R_002770,3,0.0012,2.7272530207760115e-05,0,3102,1,1571,5,3,7,3,0.6,0.9502705392332348,0.8649735207179272
R_002771,9,0.0036,6.172276976946345e-05,0,1628,0,1628,8,1,3,8,1.0,-0.0,0.0
R_002772,9,0.0036,6.066277790449506e-05,0,1562,3,1562,6,2,6,5,0.8333333333333334,0.4505612088663046,0.6500224216483541
R_002773,6,0.0024,4.714221202541786e-05,0,1565,2,1565,5,1,5,5,1.0,-0.0,0.0
R_002774,13,0.0052,8.32838768756629e-05,0,1628,0,1628,8,1,3,8,1.0,-0.0,0.0
R_002775,6,0.0024,4.700896814980511e-05,0,1565,2,1565,6,2,5,5,0.8333333333333334,0.4505612088663046,0.6500224216483541
R_002776,8,0.0032,5.277286224352822e-05,0,3102,1,1571,7,3,7,5,0.7142857142857143,0.796311640173813,0.7248340915057598
R_002777,6,0.0024,4.8108730279847595e-05,0,1565,2,1565,6,2,5,5,0.8333333333333334,0.4505612088663046,0.6500224216483541
R_002778,12,0.0048,7.379196023598278e-05,0,3102,1,1571,7,4,7,4,0.5714285714285714,1.1537419427010902,0.8322488896002307
R_002779,5,0.002,3.965284863847399e-05,0,1628,0,1628,8,1,3,8,1.0,-0.0,0.0
R_002780,4,0.0016,3.5516655162894216e-05,0,1565,2,1565,7,2,5,6,0.8571428571428571,0.410116318288409,0.5916727785823274
R_002781,8,0.0032,5.4689883794569095e-05,0,1559,4,1559,6,1,1,6,1.0,-0.0,0.0
R_002782,15,0.006,8.836674534668345e-05,0,1505,7,1505,8,1,4,8,1.0,-0.0,0.0
R_002783,5,0.002,3.919873518912441e-05,0,1628,0,1628,7,1,3,7,1.0,-0.0,0.0
R_002784,11,0.0044,7.593693034931538e-05,0,1565,2,1565,8,1,5,8,1.0,-0.0,0.0
R_002785,8,0.0032,5.828487424393134e-05,0,1565,2,1565,6,1,5,6,1.0,-0.0,0.0
R_002786,5,0.002,4.138562288706751e-05,0,1565,2,1565,7,2,5,6,0.8571428571428571,0.410116318288409,0.5916727785823274
R_002787,8,0.0032,5.7405963480929516e-05,0,1550,5,1550,5,1,0,5,1.0,-0.0,0.0
R_002788,10,0.004,6.412841090226589e-05,0,3102,6,1531,8,1,2,8,1.0,-0.0,0.0
R_002789,13,0.0052,8.873156189950335e-05,0,1565,2,1565,7,2,5,6,0.8571428571428571,0.410116318288409,0.5916727785823274
R_002790,7,0.0028,5.006523956380505e-05,0,1562,3,1562,7,3,6,5,0.7142857142857143,0.796311640173813,0.7248340915057598
R_002791,12,0.0048,7.29168839785913e-05,0,1505,7,1505,8,1,4,8,1.0,-0.0,0.0
R_002792,10,0.004,7.021752083242605e-05,0,1565,2,1565,8,2,5,7,0.875,0.3767701612564367,0.5435644431995964
R_002793,3,0.0012,2.8074790976493236e-05,0,1562,3,1562,5,2,6,4,0.8,0.5004024235381879,0.7219280948873623
R_002794,9,0.0036,5.8655144060820666e-05,0,3102,6,1531,7,1,2,7,1.0,-0.0,0.0
R_002795,6,0.0024,4.395544639047032e-05,0,1562,3,1562,6,3,6,4,0.6666666666666666,0.8675632284814612,0.7896900821428474
R_002796,6,0.0024,4.701443200895857e-05,0,1565,2,1565,6,2,5,5,0.8333333333333334,0.4505612088663046,0.6500224216483541
R_002797,19,0.0076,0.00011462400697546845,0,1559,4,1559,7,1,1,7,1.0,-0.0,0.0
R_002798,10,0.004,6.612892428062595e-05,0,1562,3,1562,7,1,6,7,1.0,-0.0,0.0
R_002799,1,0.0004,1.78271959726279e-05,0,1628,0,1628,7,1,3,7,1.0,-0.0,0.0
R_002800,7,0.0028,5.1362240467442305e-05,0,1550,5,1550,6,1,0,6,1.0,-0.0,0.0
R_002801,7,0.0028,4.999204576844063e-05,0,1559,4,1559,7,1,1,7,1.0,-0.0,0.0
R_002802,7,0.0028,4.950353639413858e-05,0,1559,4,1559,6,1,1,6,1.0,-0.0,0.0
R_002803,2,0.0008,2.3477561081820578e-05,0,1550,5,1550,6,1,0,6,1.0,-0.0,0.0
R_002804,5,0.002,3.765815152019411e-05,0,1505,7,1505,7,1,4,7,1.0,-0.0,0.0
R_002805,10,0.004,6.451344916461567e-05,0,3102,6,1531,8,1,2,8,1.0,-0.0,0.0
R_002806,8,0.0032,5.826924432356945e-05,0,1565,2,1565,6,2,5,5,0.8333333333333334,0.4505612088663046,0.6500224216483541
R_002807,7,0.0028,5.351510714490413e-05,0,1565,2,1565,7,2,5,6,0.8571428571428571,0.410116318288409,0.5916727785823274
R_002808,6,0.0024,4.439338727560779e-05,0,1628,0,1628,5,1,3,5,1.0,-0.0,0.0
R_002809,4,0.0016,3.45638382815428e-05,0,1628,0,1628,5,1,3,5,1.0,-0.0,0.0
R_002810,10,0.004,6.553880292634715e-05,0,1562,3,1562,8,3,6,6,0.75,0.7356219397587946,0.6695919455357792
R_002811,11,0.0044,7.121243260552895e-05,0,1559,4,1559,8,1,1,8,1.0,-0.0,0.0
R_002812,6,0.0024,4.7165688861014075e-05,0,1565,2,1565,6,1,5,6,1.0,-0.0,0.0
R_002813,10,0.004,6.701716699308688e-05,0,1562,3,1562,7,3,6,5,0.7142857142857143,0.796311640173813,0.7248340915057598
R_002814,7,0.0028,5.033429414590329e-05,0,1628,0,1628,6,1,3,6,1.0,-0.0,0.0
R_002815,7,0.0028,5.0292514904865726e-05,0,1628,0,1628,7,1,3,7,1.0,-0.0,0.0
R_002816,9,0.0036,6.127381394171333e-05,0,1628,0,1628,5,1,3,5,1.0,-0.0,0.0
R_002817,10,0.004,6.685170341637234e-05,0,1562,3,1562,8,3,6,6,0.75,0.7356219397587946,0.6695919455357792
R_002818,7,0.0028,5.157152319354947e-05,0,1550,5,1550,8,1,0,8,1.0,-0.0,0.0
R_002819,5,0.002,4.1428882345525546e-05,0,1565,2,1565,6,2,5,5,0.8333333333333334,0.4505612088663046,0.6500224216483541
R_002820,13,0.0052,7.816490770175776e-05,0,3102,1,1571,8,4,7,4,0.5,1.2130075659799042,0.875
R_002821,12,0.0048,7.427620138128306e-05,0,3102,6,1531,6,1,2,6,1.0,-0.0,0.0
R_002822,2,0.0008,2.2383036974131587e-05,0,3102,1,1571,5,3,7,3,0.6,0.9502705392332348,0.8649735207179272
R_002823,5,0.002,3.95017751751438e-05,0,1559,4,1559,7,1,1,7,1.0,-0.0,0.0
R_002824,3,0.0012,2.719172497059456e-05,0,1505,7,1505,5,1,4,5,1.0,-0.0,0.0
R_002825,8,0.0032,5.51039066015635e-05,0,1559,4,1559,7,1,1,7,1.0,-0.0,0.0
R_002826,13,0.0052,8.204407467401373e-05,0,1562,3,1562,8,2,6,7,0.875,0.3767701612564367,0.5435644431995964
R_002827,15,0.006,9.154476313174768e-05,0,1559,4,1559,8,1,1,8,1.0,-0.0,0.0
R_002828,6,0.0024,4.283957838871561e-05,0,3102,6,1531,7,1,2,7,1.0,-0.0,0.0
R_002829,1,0.0004,1.796528312934542e-05,0,1562,3,1562,5,2,6,4,0.8,0.5004024235381879,0.7219280948873623
R_002830,6,0.0024,4.26958593749864e-05,0,3102,1,1571,5,4,7,2,0.4,1.3321790402101223,0.9609640474436812
R_002831,9,0.0036,6.0493740840111986e-05,0,1559,4,1559,8,1,1,8,1.0,-0.0,0.0
R_002832,5,0.002,3.896578788796165e-05,0,1559,4,1559,7,1,1,7,1.0,-0.0,0.0
R_002833,6,0.0024,4.269928036312614e-05,0,1505,7,1505,5,1,4,5,1.0,-0.0,0.0
R_002834,5,0.002,4.034185944770613e-05,0,1550,5,1550,5,1,0,5,1.0,-0.0,0.0
R_002835,6,0.0024,4.715234229851904e-05,0,1565,2,1565,6,2,5,5,0.8333333333333334,0.4505612088663046,0.6500224216483541
R_002836,8,0.0032,5.328961255659507e-05,0,3102,6,1531,5,1,2,5,1.0,-0.0,0.0
R_002837,13,0.0052,7.889030046275587e-05,0,3102,6,1531,7,1,2,7,1.0,-0.0,0.0
R_002838,2,0.0008,2.3022922337496876e-05,0,1562,3,1562,5,3,6,3,0.6,0.9502705392332348,0.8649735207179272
R_002839,9,0.0036,6.102556000389364e-05,0,1628,0,1628,7,1,3,7,1.0,-0.0,0.0
R_002840,7,0.0028,5.1525788619345146e-05,0,1550,5,1550,7,1,0,7,1.0,-0.0,0.0
R_002841,7,0.0028,5.205002032632798e-05,0,1550,5,1550,5,1,0,5,1.0,-0.0,0.0
R_002842,8,0.0032,5.7307081578737565e-05,0,1550,5,1550,5,1,0,5,1.0,-0.0,0.0
R_002843,8,0.0032,5.2463095697097554e-05,0,1505,7,1505,7,1,4,7,1.0,-0.0,0.0
R_002844,7,0.0028,5.158297716249728e-05,0,1550,5,1550,5,1,0,5,1.0,-0.0,0.0
R_002845,7,0.0028,5.1252059466178025e-05,0,1550,5,1550,8,1,0,8,1.0,-0.0,0.0
R_002846,3,0.0012,2.843372856536926e-05,0,1559,4,1559,6,1,1,6,1.0,-0.0,0.0
R_002847,7,0.0028,4.8396579882402894e-05,0,3102,6,1531,6,1,2,6,1.0,-0.0,0.0
R_002848,10,0.004,6.703060707031863e-05,0,1628,0,1628,6,1,3,6,1.0,-0.0,0.0
R_002849,6,0.0024,4.739212957700201e-05,0,1565,2,1565,8,2,5,7,0.875,0.3767701612564367,0.5435644431995964
R_002850,6,0.0024,4.697192186419527e-05,0,1565,2,1565,5,2,5,4,0.8,0.5004024235381879,0.7219280948873623
R_002851,9,0.0036,5.81630082332284e-05,0,1505,7,1505,8,1,4,8,1.0,-0.0,0.0
R_002852,10,0.004,6.334498362493512e-05,0,1505,7,1505,7,1,4,7,1.0,-0.0,0.0
R_002853,1,0.0004,1.8046207544577576e-05,0,1565,2,1565,5,2,5,4,0.8,0.5004024235381879,0.7219280948873623
R_002854,6,0.0024,4.7354357020814457e-05,0,1565,2,1565,7,2,5,6,0.8571428571428571,0.410116318288409,0.5916727785823274
R_002855,8,0.0032,5.900893527850881e-05,0,1565,2,1565,6,2,5,5,0.8333333333333334,0.4505612088663046,0.6500224216483541
R_002856,6,0.0024,4.341225822826276e-05,0,3102,6,1531,6,1,2,6,1.0,-0.0,0.0
R_002857,3,0.0012,2.9436254015273626e-05,0,1565,2,1565,5,2,5,4,0.8,0.5004024235381879,0.7219280948873623
R_002858,7,0.0028,5.3215537066733186e-05,0,1565,2,1565,6,1,5,6,1.0,-0.0,0.0
R_002859,4,0.0016,3.645430836543502e-05,0,1565,2,1565,5,2,5,4,0.8,0.5004024235381879,0.7219280948873623
R_002860,3,0.0012,2.892650376618613e-05,0,1550,5,1550,5,1,0,5,1.0,-0.0,0.0
R_002861,8,0.0032,5.524543490756749e-05,0,1562,3,1562,7,2,6,6,0.8571428571428571,0.410116318288409,0.5916727785823274
R_002862,6,0.0024,4.4038951245413785e-05,0,1559,4,1559,6,1,1,6,1.0,-0.0,0.0
R_002863,7,0.0028,4.981150447500733e-05,0,1559,4,1559,7,1,1,7,1.0,-0.0,0.0
R_002864,5,0.002,3.8486404347820096e-05,0,3102,1,1571,5,3,2,2,0.4,1.0549201679861442,0.9602297178607612
R_002865,10,0.004,6.292929945933708e-05,0,3102,1,1571,7,4,7,3,0.4285714285714285,1.277034259466139,0.9211854965885544
R_002866,5,0.002,3.745342966114174e-05,0,1505,7,1505,5,1,4,5,1.0,-0.0,0.0
R_002867,6,0.0024,4.524208479089216e-05,0,1628,0,1628,7,1,3,7,1.0,-0.0,0.0
R_002868,2,0.0008,2.3378635707275854e-05,0,1628,0,1628,6,1,3,6,1.0,-0.0,0.0
R_002869,10,0.004,7.059926924919657e-05,0,1565,2,1565,7,2,5,6,0.8571428571428571,0.410116318288409,0.5916727785823274
R_002870,11,0.0044,7.045292754343825e-05,0,1559,4,1559,8,1,1,8,1.0,-0.0,0.0
R_002871,14,0.0056,9.033567191806681e-05,0,1550,5,1550,7,1,0,7,1.0,-0.0,0.0
R_002872,7,0.0028,5.2091247851693935e-05,0,1550,5,1550,8,1,0,8,1.0,-0.0,0.0
R_002873,8,0.0032,5.371571693806789e-05,0,3102,6,1531,7,1,2,7,1.0,-0.0,0.0
R_002874,12,0.0048,7.721910269032733e-05,0,1562,3,1562,8,2,6,7,0.875,0.3767701612564367,0.5435644431995964
R_002875,4,0.0016,3.260437093087277e-05,0,3102,6,1531,5,1,2,5,1.0,-0.0,0.0
R_002876,4,0.0016,3.542570089823158e-05,0,1550,5,1550,6,1,0,6,1.0,-0.0,0.0
R_002877,6,0.0024,4.296505209063401e-05,0,3102,6,1531,6,1,2,6,1.0,-0.0,0.0
R_002878,11,0.0044,6.864726989708672e-05,0,3102,6,1531,8,1,2,8,1.0,-0.0,0.0
R_002879,0,0.0,1.2023710757614017e-05,1,1,12,1,5,1,1,5,1.0,-0.0,0.0
R_002880,5,0.002,3.7934771369857745e-05,0,3102,6,1531,5,1,2,5,1.0,-0.0,0.0
R_002881,4,0.0016,3.2923942407578234e-05,0,3102,6,1531,5,1,2,5,1.0,-0.0,0.0
R_002882,13,0.0052,8.218919083441858e-05,0,1562,3,1562,8,2,6,7,0.875,0.3767701612564367,0.5435644431995964
R_002883,7,0.0028,5.016293121864704e-05,0,1628,0,1628,7,1,3,7,1.0,-0.0,0.0
R_002884,11,0.0044,6.974425951374021e-05,0,3102,6,1531,6,1,2,6,1.0,-0.0,0.0
R_002885,4,0.0016,3.433264777158768e-05,0,1559,4,1559,5,1,1,5,1.0,-0.0,0.0
R_002886,8,0.0032,5.300920337503739e-05,0,3102,1,1571,8,3,7,6,0.75,0.7356219397587946,0.6695919455357792
R_002887,9,0.0036,6.0953548965069946e-05,0,1562,3,1562,8,2,6,7,0.875,0.3767701612564367,0.5435644431995964
R_002888,6,0.0024,4.4517735879159983e-05,0,1559,4,1559,6,1,1,6,1.0,-0.0,0.0
R_002889,4,0.0016,3.4488509652999185e-05,0,1559,4,1559,6,1,1,6,1.0,-0.0,0.0
R_002890,3,0.0012,2.8800958236036088e-05,0,1562,3,1562,5,2,6,4,0.8,0.5004024235381879,0.7219280948873623
R_002891,9,0.0036,5.819929184855993e-05,0,3102,1,1571,6,3,7,4,0.6666666666666666,0.8675632284814612,0.7896900821428474
R_002892,12,0.0048,7.660877132717112e-05,0,1559,4,1559,8,1,1,8,1.0,-0.0,0.0
R_002893,11,0.0044,7.242615328660619e-05,0,1562,3,1562,5,3,6,3,0.6,0.9502705392332348,0.8649735207179272
R_002894,7,0.0028,5.2650892837996514e-05,0,1565,2,1565,5,2,5,4,0.8,0.5004024235381879,0.7219280948873623
R_002895,9,0.0036,6.192002364155765e-05,0,1628,0,1628,6,1,3,6,1.0,-0.0,0.0
R_002896,13,0.0052,7.812165906810766e-05,0,3102,1,1571,7,4,7,4,0.5714285714285714,1.1537419427010902,0.8322488896002307
R_002897,6,0.0024,4.6828634668044234e-05,0,1565,2,1565,7,1,5,7,1.0,-0.0,0.0
R_002898,4,0.0016,3.41951614615899e-05,0,1628,0,1628,6,1,3,6,1.0,-0.0,0.0
R_002899,3,0.0012,2.8531622252067996e-05,0,1562,3,1562,5,1,6,5,1.0,-0.0,0.0
R_002900,7,0.0028,4.8077830633031724e-05,0,3102,6,1531,7,1,2,7,1.0,-0.0,0.0
R_002901,8,0.0032,5.839197002447665e-05,0,1565,2,1565,6,1,5,6,1.0,-0.0,0.0
R_002902,7,0.0028,5.0537182487411596e-05,0,1562,3,1562,6,2,6,5,0.8333333333333334,0.4505612088663046,0.6500224216483541
R_002903,6,0.0024,4.3229556218862915e-05,0,3102,6,1531,5,1,2,5,1.0,-0.0,0.0
R_002904,2,0.0008,2.3107522431435787e-05,0,3102,6,1531,5,1,2,5,1.0,-0.0,0.0
R_002905,6,0.0024,4.542001978725931e-05,0,1628,0,1628,6,1,3,6,1.0,-0.0,0.0
R_002906,7,0.0028,4.902047112759341e-05,0,3102,6,1531,5,1,2,5,1.0,-0.0,0.0
R_002907,8,0.0032,5.252253012827921e-05,0,1505,7,1505,7,1,4,7,1.0,-0.0,0.0
R_002908,11,0.0044,7.57162012563657e-05,0,1565,2,1565,8,1,5,8,1.0,-0.0,0.0
R_002909,10,0.004,6.912134694032218e-05,0,1550,5,1550,8,1,0,8,1.0,-0.0,0.0
R_002910,7,0.0028,5.024131394184659e-05,0,1628,0,1628,8,1,3,8,1.0,-0.0,0.0
R_002911,13,0.0052,7.774428983287975e-05,0,1505,7,1505,8,1,4,8,1.0,-0.0,0.0
R_002912,6,0.0024,4.359885852204548e-05,0,3102,6,1531,5,1,2,5,1.0,-0.0,0.0
R_002913,7,0.0028,4.754416087446357e-05,0,1505,7,1505,5,1,4,5,1.0,-0.0,0.0
R_002914,8,0.0032,5.6333339774897926e-05,0,1628,0,1628,5,1,3,5,1.0,-0.0,0.0
R_002915,4,0.0016,3.477880722095245e-05,0,1550,5,1550,5,1,0,5,1.0,-0.0,0.0
R_002916,8,0.0032,5.269670329886322e-05,0,3102,1,1571,6,4,7,3,0.5,1.242453324894,0.8962406251802889
R_002917,11,0.0044,6.903420495087221e-05,0,3102,6,1531,8,1,2,8,1.0,-0.0,0.0
R_002918,9,0.0036,5.802895265531875e-05,0,1505,7,1505,6,1,4,6,1.0,-0.0,0.0
R_002919,5,0.002,4.0354731415447895e-05,0,1628,0,1628,5,1,3,5,1.0,-0.0,0.0
R_002920,7,0.0028,5.022516874266664e-05,0,1562,3,1562,6,2,6,5,0.8333333333333334,0.4505612088663046,0.6500224216483541
R_002921,9,0.0036,5.7430991945033854e-05,0,1505,7,1505,8,1,4,8,1.0,-0.0,0.0
R_002922,4,0.0016,3.249702984756793e-05,0,3102,6,1531,5,1,2,5,1.0,-0.0,0.0
R_002923,7,0.0028,5.321770059543951e-05,0,1565,2,1565,6,1,5,6,1.0,-0.0,0.0
R_002924,9,0.0036,5.8525582468249644e-05,0,3102,6,1531,7,1,2,7,1.0,-0.0,0.0
R_002925,4,0.0016,3.300605818658921e-05,0,3102,6,1531,5,1,2,5,1.0,-0.0,0.0
R_002926,5,0.002,3.790408898637599e-05,0,3102,1,1571,5,2,7,4,0.8,0.5004024235381879,0.7219280948873623
R_002927,7,0.0028,4.7409058284098034e-05,0,1505,7,1505,7,1,4,7,1.0,-0.0,0.0
R_002928,8,0.0032,5.763789956229484e-05,0,1550,5,1550,7,1,0,7,1.0,-0.0,0.0
R_002929,7,0.0028,4.803888959780601e-05,0,3102,1,1571,6,3,7,4,0.6666666666666666,0.8675632284814612,0.7896900821428474
R_002930,11,0.0044,7.011021200959923e-05,0,1559,4,1559,8,1,1,8,1.0,-0.0,0.0
R_002931,9,0.0036,5.744596193568788e-05,0,1505,7,1505,7,1,4,7,1.0,-0.0,0.0
R_002932,17,0.0068,9.776441849132912e-05,0,1505,7,1505,8,1,4,8,1.0,-0.0,0.0
R_002933,6,0.0024,4.371347960534773e-05,0,3102,6,1531,5,1,2,5,1.0,-0.0,0.0
R_002934,10,0.004,6.559978577280992e-05,0,1559,4,1559,8,1,1,8,1.0,-0.0,0.0
R_002935,7,0.0028,4.95957813569154e-05,0,1559,4,1559,6,1,1,6,1.0,-0.0,0.0
R_002936,16,0.0064,0.00010213679187366637,0,1550,5,1550,6,1,0,6,1.0,-0.0,0.0
R_002937,1,0.0004,1.772891712060332e-05,0,1628,0,1628,6,1,3,6,1.0,-0.0,0.0
R_002938,8,0.0032,5.387278737213287e-05,0,3102,6,1531,6,1,2,6,1.0,-0.0,0.0
R_002939,13,0.0052,8.76002126549477e-05,0,1565,2,1565,8,2,5,7,0.875,0.3767701612564367,0.5435644431995964
R_002940,9,0.0036,5.9101279216592185e-05,0,3102,6,1531,7,1,2,7,1.0,-0.0,0.0
R_002941,6,0.0024,4.552603565116912e-05,0,1550,5,1550,6,1,0,6,1.0,-0.0,0.0
R_002942,12,0.0048,7.744587145761209e-05,0,1562,3,1562,7,3,6,5,0.7142857142857143,0.796311640173813,0.7248340915057598
R_002943,1,0.0004,1.7414311344156897e-05,0,3102,6,1531,5,1,2,5,1.0,-0.0,0.0
R_002944,1,0.0004,1.7465847384712834e-05,0,3102,1,1571,6,1,7,6,1.0,-0.0,0.0
R_002945,4,0.0016,3.419035115581914e-05,0,1628,0,1628,7,1,3,7,1.0,-0.0,0.0
R_002946,9,0.0036,5.7757930186620346e-05,0,1505,7,1505,7,1,4,7,1.0,-0.0,0.0
R_002947,3,0.0012,2.7634928049049935e-05,0,1505,7,1505,5,1,4,5,1.0,-0.0,0.0
R_002948,7,0.0028,5.0138642368979386e-05,0,1628,0,1628,5,1,3,5,1.0,-0.0,0.0
R_002949,10,0.004,6.978497402222334e-05,0,1565,2,1565,8,2,5,7,0.875,0.3767701612564367,0.5435644431995964
R_002950,6,0.0024,4.315019020947864e-05,0,3102,6,1531,5,1,2,5,1.0,-0.0,0.0
R_002951,12,0.0048,7.332147960645702e-05,0,3102,1,1571,8,3,7,5,0.625,0.9002560512685369,0.8194483718728035
R_002952,10,0.004,6.644594169918963e-05,0,1628,0,1628,6,1,3,6,1.0,-0.0,0.0
R_002953,12,0.0048,7.289733756751095e-05,0,1505,7,1505,8,1,4,8,1.0,-0.0,0.0
R_002954,3,0.0012,2.764304176783693e-05,0,1505,7,1505,6,1,4,6,1.0,-0.0,0.0
R_002955,8,0.0032,5.768265483096806e-05,0,1550,5,1550,5,1,0,5,1.0,-0.0,0.0
R_002956,6,0.0024,4.4236355683798456e-05,0,1559,4,1559,7,1,1,7,1.0,-0.0,0.0
R_002957,6,0.0024,4.720993886159734e-05,0,1565,2,1565,8,2,5,7,0.875,0.3767701612564367,0.5435644431995964
R_002958,9,0.0036,5.770610362847648e-05,0,3102,1,1571,6,2,7,5,0.8333333333333334,0.4505612088663046,0.6500224216483541
R_002959,4,0.0016,3.382485641727293e-05,0,1628,0,1628,5,1,3,5,1.0,-0.0,0.0
R_002960,9,0.0036,6.0406046558813775e-05,0,1562,3,1562,8,2,6,7,0.875,0.3767701612564367,0.5435644431995964
R_002961,12,0.0048,7.562737068693765e-05,0,1559,4,1559,6,1,1,6,1.0,-0.0,0.0
R_002962,7,0.0028,4.8088225041629704e-05,0,3102,1,1571,7,3,7,5,0.7142857142857143,0.796311640173813,0.7248340915057598
R_002963,10,0.004,6.38651850017982e-05,0,3102,6,1531,7,1,2,7,1.0,-0.0,0.0
R_002964,10,0.004,6.265430373594677e-05,0,3102,1,1571,8,3,7,5,0.625,0.9002560512685369,0.8194483718728035
R_002965,2,0.0008,2.2813172429081724e-05,0,1562,3,1562,5,3,6,3,0.6,0.9502705392332348,0.8649735207179272
R_002966,7,0.0028,5.0443221678221804e-05,0,1628,0,1628,6,1,3,6,1.0,-0.0,0.0
R_002967,5,0.002,3.950537589714447e-05,0,1559,4,1559,5,1,1,5,1.0,-0.0,0.0
R_002968,5,0.002,4.193206418096397e-05,0,1565,2,1565,6,2,5,5,0.8333333333333334,0.4505612088663046,0.6500224216483541
R_002969,7,0.0028,4.755659310182706e-05,0,1505,7,1505,5,1,4,5,1.0,-0.0,0.0
R_002970,2,0.0008,2.3461652761334465e-05,0,1550,5,1550,6,1,0,6,1.0,-0.0,0.0
R_002971,10,0.004,6.604551287154037e-05,0,1628,0,1628,8,1,3,8,1.0,-0.0,0.0
R_002972,6,0.0024,4.2805495165952276e-05,0,3102,1,1571,6,4,7,3,0.5,1.242453324894,0.8962406251802889
R_002973,12,0.0048,7.721683830285861e-05,0,1628,0,1628,7,1,3,7,1.0,-0.0,0.0
R_002974,9,0.0036,6.11089547157644e-05,0,1562,3,1562,7,3,6,5,0.7142857142857143,0.796311640173813,0.7248340915057598
R_002975,12,0.0048,7.581593738389807e-05,0,1559,4,1559,8,1,1,8,1.0,-0.0,0.0
R_002976,6,0.0024,4.285689259637038e-05,0,3102,6,1531,8,1,2,8,1.0,-0.0,0.0
R_002977,1,0.0004,1.7670958071163672e-05,0,1562,3,1562,8,3,6,6,0.75,0.7356219397587946,0.6695919455357792
R_002978,3,0.0012,2.802025785679384e-05,0,3102,6,1531,6,1,2,6,1.0,-0.0,0.0
R_002979,4,0.0016,3.369856485544923e-05,0,1559,4,1559,6,1,1,6,1.0,-0.0,0.0
R_002980,7,0.0028,4.954626036970894e-05,0,1562,3,1562,7,2,6,6,0.8571428571428571,0.410116318288409,0.5916727785823274
R_002981,4,0.0016,3.367638708774493e-05,0,1562,3,1562,5,2,6,4,0.8,0.5004024235381879,0.7219280948873623
R_002982,4,0.0016,3.461173208972237e-05,0,1562,3,1562,5,2,6,4,0.8,0.5004024235381879,0.7219280948873623
R_002983,5,0.002,3.955410874349673e-05,0,1628,0,1628,5,1,3,5,1.0,-0.0,0.0
R_002984,4,0.0016,3.2449750532546865e-05,0,1505,7,1505,5,1,4,5,1.0,-0.0,0.0
R_002985,4,0.0016,3.379585117336847e-05,0,1559,4,1559,6,1,1,6,1.0,-0.0,0.0
R_002986,8,0.0032,5.854572414329444e-05,0,1565,2,1565,7,1,5,7,1.0,-0.0,0.0
R_002987,7,0.0028,5.1274898850382163e-05,0,1550,5,1550,6,1,0,6,1.0,-0.0,0.0
R_002988,8,0.0032,5.287909689540182e-05,0,1505,7,1505,8,1,4,8,1.0,-0.0,0.0
R_002989,8,0.0032,5.525084413977374e-05,0,1559,4,1559,7,1,1,7,1.0,-0.0,0.0
R_002990,3,0.0012,2.820945678717529e-05,0,3102,1,1571,5,4,7,2,0.4,1.3321790402101223,0.9609640474436812
R_002991,2,0.0008,2.3780873356119235e-05,0,1565,2,1565,6,2,5,5,0.8333333333333334,0.4505612088663046,0.6500224216483541
R_002992,12,0.0048,7.720632889240305e-05,0,1628,0,1628,8,1,3,8,1.0,-0.0,0.0
R_002993,3,0.0012,2.7739042611516373e-05,0,3102,6,1531,5,1,2,5,1.0,-0.0,0.0
R_002994,12,0.0048,7.564308304860123e-05,0,1559,4,1559,8,1,1,8,1.0,-0.0,0.0
R_002995,11,0.0044,6.855148118411916e-05,0,3102,6,1531,7,1,2,7,1.0,-0.0,0.0
R_002996,11,0.0044,7.024484018887309e-05,0,1559,4,1559,7,1,1,7,1.0,-0.0,0.0
R_002997,7,0.0028,4.729317661404497e-05,0,1505,7,1505,5,1,4,5,1.0,-0.0,0.0
R_002998,3,0.0012,2.870968333677669e-05,0,1562,3,1562,5,2,6,4,0.8,0.5004024235381879,0.7219280948873623
R_002999,2,0.0008,2.3115507758397334e-05,0,1559,4,1559,6,1,1,6,1.0,-0.0,0.0
R_003000,8,0.0032,5.910856985854723e-05,0,1565,2,1565,8,2,5,7,0.875,0.3767701612564367,0.5435644431995964
R_003001,9,0.0036,6.241836026349385e-05,0,1550,5,1550,7,1,0,7,1.0,-0.0,0.0
R_003002,7,0.0028,4.9822830986227846e-05,0,1559,4,1559,6,1,1,6,1.0,-0.0,0.0
R_003003,7,0.0028,5.092712722735319e-05,0,1628,0,1628,7,1,3,7,1.0,-0.0,0.0
R_003004,5,0.002,3.8787578790676966e-05,0,1562,3,1562,7,2,6,6,0.8571428571428571,0.410116318288409,0.5916727785823274
R_003005,11,0.0044,7.276765710782688e-05,0,1628,0,1628,5,1,3,5,1.0,-0.0,0.0
R_003006,3,0.0012,2.9404572918729546e-05,0,1550,5,1550,5,1,0,5,1.0,-0.0,0.0
R_003007,8,0.0032,5.913501973676329e-05,0,1565,2,1565,7,2,5,6,0.8571428571428571,0.410116318288409,0.5916727785823274
R_003008,17,0.0068,0.00010236188321368774,0,1559,4,1559,8,1,1,8,1.0,-0.0,0.0
R_003009,10,0.004,6.368754474362079e-05,0,3102,6,1531,8,1,2,8,1.0,-0.0,0.0
R_003010,8,0.0032,5.653125110452306e-05,0,1550,5,1550,7,1,0,7,1.0,-0.0,0.0
R_003011,3,0.0012,2.729445136184406e-05,0,1505,7,1505,5,1,4,5,1.0,-0.0,0.0
R_003012,11,0.0044,7.012109198182046e-05,0,3102,6,1531,7,1,2,7,1.0,-0.0,0.0
R_003013,5,0.002,3.7341998115361954e-05,0,1505,7,1505,5,1,4,5,1.0,-0.0,0.0
R_003014,7,0.0028,4.8222874022285434e-05,0,3102,1,1571,7,3,7,4,0.5714285714285714,0.9556998911125344,0.8699155297736259
R_003015,3,0.0012,2.8508952104110137e-05,0,1562,3,1562,5,2,6,4,0.8,0.5004024235381879,0.7219280948873623
R_003016,5,0.002,4.120050967223313e-05,0,1565,2,1565,6,2,5,5,0.8333333333333334,0.4505612088663046,0.6500224216483541
R_003017,15,0.006,8.964218006791217e-05,0,3102,6,1531,8,1,2,8,1.0,-0.0,0.0
R_003018,4,0.0016,3.605568347445494e-05,0,1565,2,1565,5,1,5,5,1.0,-0.0,0.0
R_003019,6,0.0024,4.4826128648603266e-05,0,1628,0,1628,6,1,3,6,1.0,-0.0,0.0
R_003020,1,0.0004,1.7978811828731684e-05,0,1550,5,1550,5,1,0,5,1.0,-0.0,0.0
R_003021,10,0.004,6.479227495222155e-05,0,1562,3,1562,7,2,6,6,0.8571428571428571,0.410116318288409,0.5916727785823274
R_003022,10,0.004,6.593104124434379e-05,0,1562,3,1562,8,2,6,7,0.875,0.3767701612564367,0.5435644431995964
R_003023,7,0.0028,4.998349046878802e-05,0,1559,4,1559,6,1,1,6,1.0,-0.0,0.0
R_003024,9,0.0036,5.76519908016946e-05,0,1505,7,1505,6,1,4,6,1.0,-0.0,0.0
R_003025,7,0.0028,5.230785733953932e-05,0,1565,2,1565,8,1,5,8,1.0,-0.0,0.0
R_003026,8,0.0032,5.40534108434627e-05,0,3102,6,1531,7,1,2,7,1.0,-0.0,0.0
R_003027,9,0.0036,6.294116767468596e-05,0,1550,5,1550,8,1,0,8,1.0,-0.0,0.0
R_003028,8,0.0032,5.3559292739502716e-05,0,3102,1,1571,7,3,7,4,0.5714285714285714,0.9556998911125344,0.8699155297736259
R_003029,3,0.0012,2.747432452087115e-05,0,1505,7,1505,6,1,4,6,1.0,-0.0,0.0
R_003030,13,0.0052,7.785042771421648e-05,0,1505,7,1505,8,1,4,8,1.0,-0.0,0.0
R_003031,8,0.0032,5.5665101396882776e-05,0,1628,0,1628,5,1,3,5,1.0,-0.0,0.0
R_003032,10,0.004,6.603499936589108e-05,0,1562,3,1562,7,3,6,5,0.7142857142857143,0.796311640173813,0.7248340915057598
R_003033,3,0.0012,2.9516621295259008e-05,0,1550,5,1550,5,1,0,5,1.0,-0.0,0.0
R_003034,13,0.0052,8.4860705322984e-05,0,1550,5,1550,8,1,0,8,1.0,-0.0,0.0
R_003035,11,0.0044,6.842246608393896e-05,0,1505,7,1505,7,1,4,7,1.0,-0.0,0.0
R_003036,2,0.0008,2.2691831809211947e-05,0,3102,6,1531,5,1,2,5,1.0,-0.0,0.0
R_003037,16,0.0064,9.336035907804689e-05,0,1505,7,1505,8,1,4,8,1.0,-0.0,0.0
R_003038,5,0.002,3.875090412951346e-05,0,1559,4,1559,6,1,1,6,1.0,-0.0,0.0
R_003039,6,0.0024,4.4502183896665957e-05,0,1559,4,1559,5,1,1,5,1.0,-0.0,0.0
R_003040,1,0.0004,1.781941949106225e-05,0,1559,4,1559,6,1,1,6,1.0,-0.0,0.0
R_003041,8,0.0032,5.4353033787333757e-05,0,1559,4,1559,7,1,1,7,1.0,-0.0,0.0
R_003042,10,0.004,6.427417428178697e-05,0,3102,6,1531,6,1,2,6,1.0,-0.0,0.0
R_003043,6,0.0024,4.421227629951225e-05,0,1559,4,1559,7,1,1,7,1.0,-0.0,0.0
R_003044,7,0.0028,5.010383492487282e-05,0,1559,4,1559,6,1,1,6,1.0,-0.0,0.0
R_003045,8,0.0032,5.347631814537935e-05,0,3102,6,1531,5,1,2,5,1.0,-0.0,0.0
R_003046,11,0.0044,6.919485289082717e-05,0,3102,1,1571,8,3,7,6,0.75,0.7356219397587946,0.6695919455357792
R_003047,9,0.0036,5.7772416924311544e-05,0,1505,7,1505,6,1,4,6,1.0,-0.0,0.0
R_003048,16,0.0064,9.375917764621344e-05,0,3102,1,1571,8,4,7,4,0.5,1.2130075659799042,0.875
R_003049,10,0.004,7.048416057752549e-05,0,1565,2,1565,7,1,5,7,1.0,-0.0,0.0
R_003050,7,0.0028,4.835582418447518e-05,0,3102,1,1571,8,4,7,5,0.625,1.073542846408523,0.7743974703476992
R_003051,7,0.0028,4.891810731035982e-05,0,3102,6,1531,7,1,2,7,1.0,-0.0,0.0
R_003052,5,0.002,3.810184743426829e-05,0,3102,6,1531,5,1,2,5,1.0,-0.0,0.0
R_003053,5,0.002,3.958338917339456e-05,0,1562,3,1562,6,3,6,4,0.6666666666666666,0.8675632284814612,0.7896900821428474
R_003054,3,0.0012,2.8981589074391926e-05,0,1628,0,1628,5,1,3,5,1.0,-0.0,0.0
R_003055,14,0.0056,8.39878246318767e-05,0,3102,6,1531,8,1,2,8,1.0,-0.0,0.0
R_003056,11,0.0044,7.292632099586774e-05,0,1628,0,1628,7,1,3,7,1.0,-0.0,0.0
R_003057,9,0.0036,6.00303138718316e-05,0,1559,4,1559,7,1,1,7,1.0,-0.0,0.0
R_003058,21,0.0084,0.00012155984321059482,0,3102,6,1531,8,1,2,8,1.0,-0.0,0.0
R_003059,11,0.0044,7.379442054980168e-05,0,1550,5,1550,7,1,0,7,1.0,-0.0,0.0
R_003060,14,0.0056,8.777928330638522e-05,0,1562,3,1562,6,3,6,4,0.6666666666666666,0.8675632284814612,0.7896900821428474
R_003061,9,0.0036,5.892128236570963e-05,0,3102,6,1531,6,1,2,6,1.0,-0.0,0.0
R_003062,9,0.0036,5.829689238214253e-05,0,3102,6,1531,8,1,2,8,1.0,-0.0,0.0
R_003063,11,0.0044,6.996465426065079e-05,0,1559,4,1559,7,1,1,7,1.0,-0.0,0.0
R_003064,10,0.004,7.116241122504457e-05,0,1565,2,1565,8,2,5,7,0.875,0.3767701612564367,0.5435644431995964
R_003065,5,0.002,3.747422431840108e-05,0,1505,7,1505,6,1,4,6,1.0,-0.0,0.0
R_003066,4,0.0016,3.5785362759965645e-05,0,1565,2,1565,8,2,5,7,0.875,0.3767701612564367,0.5435644431995964
R_003067,10,0.004,6.872054188117449e-05,0,1550,5,1550,8,1,0,8,1.0,-0.0,0.0
R_003068,3,0.0012,2.8043452284134748e-05,0,1559,4,1559,5,1,1,5,1.0,-0.0,0.0
R_003069,4,0.0016,3.340262304737052e-05,0,3102,6,1531,7,1,2,7,1.0,-0.0,0.0
R_003070,9,0.0036,5.8805257625691685e-05,0,3102,1,1571,7,4,7,3,0.4285714285714285,1.277034259466139,0.9211854965885544
R_003071,5,0.002,4.0121898916557026e-05,0,1550,5,1550,6,1,0,6,1.0,-0.0,0.0
R_003072,8,0.0032,5.4913321784363994e-05,0,1562,3,1562,5,2,6,4,0.8,0.5004024235381879,0.7219280948873623
R_003073,4,0.0016,3.5539034823759246e-05,0,1565,2,1565,7,2,5,6,0.8571428571428571,0.410116318288409,0.5916727785823274
R_003074,3,0.0012,2.7405683839270318e-05,0,1505,7,1505,5,1,4,5,1.0,-0.0,0.0
R_003075,6,0.0024,4.4439630846841304e-05,0,1562,3,1562,6,1,6,6,1.0,-0.0,0.0
R_003076,4,0.0016,3.295536260778849e-05,0,3102,1,1571,5,1,7,5,1.0,-0.0,0.0
R_003077,5,0.002,3.7692754781537256e-05,0,3102,1,1571,5,3,7,3,0.6,0.9502705392332348,0.8649735207179272
R_003078,4,0.0016,3.324806698371143e-05,0,1562,3,1562,6,3,6,4,0.6666666666666666,0.8675632284814612,0.7896900821428474
R_003079,11,0.0044,6.804788454405296e-05,0,3102,1,1571,8,3,7,5,0.625,0.9002560512685369,0.8194483718728035
R_003080,7,0.0028,5.1677546128640615e-05,0,1550,5,1550,8,1,0,8,1.0,-0.0,0.0
R_003081,12,0.0048,8.253666378617934e-05,0,1565,2,1565,8,2,5,7,0.875,0.3767701612564367,0.5435644431995964
R_003082,8,0.0032,5.31673355470102e-05,0,3102,1,1571,7,3,7,5,0.7142857142857143,0.796311640173813,0.7248340915057598
R_003083,6,0.0024,4.4930870201340875e-05,0,1628,0,1628,6,1,3,6,1.0,-0.0,0.0
R_003084,5,0.002,3.7799455399757145e-05,0,1505,7,1505,6,1,4,6,1.0,-0.0,0.0
R_003085,14,0.0056,8.439782278773878e-05,0,3102,6,1531,8,1,2,8,1.0,-0.0,0.0
R_003086,10,0.004,6.640168045896434e-05,0,1628,0,1628,6,1,3,6,1.0,-0.0,0.0
R_003087,7,0.0028,4.985661419238115e-05,0,1562,3,1562,8,3,6,6,0.75,0.7356219397587946,0.6695919455357792
R_003088,7,0.0028,5.0900164087973756e-05,0,1628,0,1628,6,1,3,6,1.0,-0.0,0.0
R_003089,5,0.002,4.0208042619168494e-05,0,1550,5,1550,6,1,0,6,1.0,-0.0,0.0
R_003090,9,0.0036,5.827228841196453e-05,0,1505,7,1505,8,1,4,8,1.0,-0.0,0.0
R_003091,12,0.0048,7.580638676665826e-05,0,1559,4,1559,6,1,1,6,1.0,-0.0,0.0
R_003092,13,0.0052,7.854329964384539e-05,0,3102,1,1571,8,3,7,5,0.625,0.9002560512685369,0.8194483718728035
R_003093,11,0.0044,7.211674302130795e-05,0,1562,3,1562,7,3,6,5,0.7142857142857143,0.796311640173813,0.7248340915057598
R_003094,3,0.0012,2.8695304235372737e-05,0,1628,0,1628,5,1,3,5,1.0,-0.0,0.0
R_003095,11,0.0044,7.098018829075491e-05,0,1559,4,1559,8,1,1,8,1.0,-0.0,0.0
R_003096,8,0.0032,5.840688946474765e-05,0,1565,2,1565,6,2,5,5,0.8333333333333334,0.4505612088663046,0.6500224216483541
R_003097,7,0.0028,4.8856996882017135e-05,0,1559,4,1559,6,1,1,6,1.0,-0.0,0.0
R_003098,10,0.004,6.611896956915891e-05,0,1562,3,1562,6,1,6,6,1.0,-0.0,0.0
R_003099,1,0.0004,1.8052583383741478e-05,0,1565,2,1565,5,1,5,5,1.0,-0.0,0.0
R_003100,12,0.0048,7.390983830815088e-05,0,1505,7,1505,8,1,4,8,1.0,-0.0,0.0
R_003101,12,0.0048,7.275846614351372e-05,0,1505,7,1505,8,1,4,8,1.0,-0.0,0.0
R_003102,5,0.002,4.131024625028678e-05,0,1565,2,1565,6,2,5,5,0.8333333333333334,0.4505612088663046,0.6500224216483541
R_003103,3,0.0012,2.7230145579360146e-05,0,3102,1,1571,6,3,7,4,0.6666666666666666,0.8675632284814612,0.7896900821428474
R_003104,4,0.0016,3.362230464966565e-05,0,1559,4,1559,6,1,1,6,1.0,-0.0,0.0
R_003105,9,0.0036,6.319358832111892e-05,0,1550,5,1550,6,1,0,6,1.0,-0.0,0.0
R_003106,12,0.0048,7.43118700769273e-05,0,3102,6,1531,7,1,2,7,1.0,-0.0,0.0
R_003107,13,0.0052,8.471453541515262e-05,0,1550,5,1550,8,1,0,8,1.0,-0.0,0.0
R_003108,8,0.0032,5.411533036089246e-05,0,3102,6,1531,5,1,2,5,1.0,-0.0,0.0
R_003109,3,0.0012,2.8039069562379505e-05,0,1559,4,1559,6,1,1,6,1.0,-0.0,0.0
R_003110,4,0.0016,3.458662255183744e-05,0,1550,5,1550,5,1,0,5,1.0,-0.0,0.0
R_003111,7,0.0028,4.810375551717797e-05,0,1505,7,1505,6,1,4,6,1.0,-0.0,0.0
R_003112,12,0.0048,7.21806350267988e-05,0,1505,7,1505,8,1,4,8,1.0,-0.0,0.0
R_003113,5,0.002,3.9012539135628846e-05,0,1559,4,1559,5,1,1,5,1.0,-0.0,0.0
R_003114,9,0.0036,6.240709327328906e-05,0,1550,5,1550,8,1,0,8,1.0,-0.0,0.0
R_003115,7,0.0028,5.045599892266549e-05,0,1628,0,1628,8,1,3,8,1.0,-0.0,0.0
R_003116,7,0.0028,4.967677605661357e-05,0,1562,3,1562,6,3,6,4,0.6666666666666666,0.8675632284814612,0.7896900821428474
R_003117,13,0.0052,8.548922286990713e-05,0,1550,5,1550,7,1,0,7,1.0,-0.0,0.0
R_003118,9,0.0036,6.0998743965436214e-05,0,1628,0,1628,8,1,3,8,1.0,-0.0,0.0
R_003119,2,0.0008,2.283306318373191e-05,0,3102,6,1531,5,1,2,5,1.0,-0.0,0.0
R_003120,10,0.004,7.062112083415339e-05,0,1565,2,1565,8,1,5,8,1.0,-0.0,0.0
R_003121,2,0.0008,2.2501509259435657e-05,0,3102,1,1571,5,3,2,2,0.4,1.0549201679861442,0.9602297178607612
R_003122,8,0.0032,5.54533644444613e-05,0,1562,3,1562,7,3,6,5,0.7142857142857143,0.796311640173813,0.7248340915057598
R_003123,9,0.0036,6.451838940746097e-05,0,1565,2,1565,7,2,5,6,0.8571428571428571,0.410116318288409,0.5916727785823274
R_003124,1,0.0004,1.7800794502358928e-05,0,1550,5,1550,7,1,0,7,1.0,-0.0,0.0
R_003125,9,0.0036,6.418871234920301e-05,0,1565,2,1565,7,2,5,6,0.8571428571428571,0.410116318288409,0.5916727785823274
R_003126,12,0.0048,8.276686131584822e-05,0,1565,2,1565,8,1,5,8,1.0,-0.0,0.0
R_003127,2,0.0008,2.4031647252623772e-05,0,1565,2,1565,5,2,5,4,0.8,0.5004024235381879,0.7219280948873623
R_003128,10,0.004,6.669512793824675e-05,0,1628,0,1628,7,1,3,7,1.0,-0.0,0.0
R_003129,11,0.0044,6.817892332975502e-05,0,1505,7,1505,8,1,4,8,1.0,-0.0,0.0
R_003130,5,0.002,4.070858332032198e-05,0,1550,5,1550,6,1,0,6,1.0,-0.0,0.0
R_003131,7,0.0028,5.008319061704148e-05,0,1562,3,1562,7,2,6,6,0.8571428571428571,0.410116318288409,0.5916727785823274
R_003132,3,0.0012,2.859840544977583e-05,0,1562,3,1562,5,1,6,5,1.0,-0.0,0.0
R_003133,11,0.0044,7.051900778354775e-05,0,1559,4,1559,8,1,1,8,1.0,-0.0,0.0
R_003134,10,0.004,6.667489729289634e-05,0,1628,0,1628,8,1,3,8,1.0,-0.0,0.0
R_003135,7,0.0028,4.935973709097809e-05,0,1559,4,1559,5,1,1,5,1.0,-0.0,0.0
R_003136,8,0.0032,5.3812672477049285e-05,0,3102,6,1531,6,1,2,6,1.0,-0.0,0.0
R_003137,6,0.0024,4.419410874362903e-05,0,1559,4,1559,6,1,1,6,1.0,-0.0,0.0
R_003138,12,0.0048,7.289540752655884e-05,0,3102,1,1571,8,4,7,4,0.5,1.2130075659799042,0.875
R_003139,5,0.002,3.9940639813114335e-05,0,1550,5,1550,8,1,0,8,1.0,-0.0,0.0
R_003140,9,0.0036,6.430148612057014e-05,0,1565,2,1565,7,1,5,7,1.0,-0.0,0.0
R_003141,6,0.0024,4.447272647806102e-05,0,1562,3,1562,6,3,6,4,0.6666666666666666,0.8675632284814612,0.7896900821428474
R_003142,6,0.0024,4.5017233159754944e-05,0,1628,0,1628,8,1,3,8,1.0,-0.0,0.0
R_003143,5,0.002,3.96710470662038e-05,0,1628,0,1628,6,1,3,6,1.0,-0.0,0.0
R_003144,7,0.0028,4.806733472654359e-05,0,3102,1,1571,7,3,7,4,0.5714285714285714,0.9556998911125344,0.8699155297736259
R_003145,8,0.0032,5.544419232834448e-05,0,1562,3,1562,7,2,6,6,0.8571428571428571,0.410116318288409,0.5916727785823274
R_003146,2,0.0008,2.3447101804154453e-05,0,1628,0,1628,5,1,3,5,1.0,-0.0,0.0
R_003147,7,0.0028,4.8748419924216474e-05,0,1559,4,1559,7,1,1,7,1.0,-0.0,0.0
R_003148,14,0.0056,8.40168296506763e-05,0,3102,1,1571,8,4,7,4,0.5,1.2130075659799042,0.875
R_003149,16,0.0064,9.319409066273555e-05,0,3102,1,1571,7,3,7,4,0.5714285714285714,0.9556998911125344,0.8699155297736259
R_003150,5,0.002,3.788297344292146e-05,0,1505,7,1505,6,1,4,6,1.0,-0.0,0.0
R_003151,8,0.0032,5.5203180386114506e-05,0,1559,4,1559,6,1,1,6,1.0,-0.0,0.0
R_003152,5,0.002,3.9428331878289095e-05,0,1628,0,1628,7,1,3,7,1.0,-0.0,0.0
R_003153,9,0.0036,6.285607884585668e-05,0,1550,5,1550,6,1,0,6,1.0,-0.0,0.0
R_003154,9,0.0036,6.21952909635594e-05,0,1628,0,1628,8,1,3,8,1.0,-0.0,0.0
R_003155,2,0.0008,2.2335433721249297e-05,0,1505,7,1505,5,1,4,5,1.0,-0.0,0.0
R_003156,7,0.0028,4.859796999024805e-05,0,3102,1,1571,8,2,7,6,0.75,0.5623351446188083,0.8112781244591328
R_003157,5,0.002,3.956108709817874e-05,0,1628,0,1628,6,1,3,6,1.0,-0.0,0.0
R_003158,8,0.0032,5.250747522793122e-05,0,1505,7,1505,6,1,4,6,1.0,-0.0,0.0
R_003159,8,0.0032,5.5472044044450934e-05,0,1628,0,1628,7,1,3,7,1.0,-0.0,0.0
R_003160,5,0.002,4.120068615212419e-05,0,1565,2,1565,6,2,5,5,0.8333333333333334,0.4505612088663046,0.6500224216483541
R_003161,18,0.0072,0.0001038827477391123,0,3102,1,1571,8,4,7,4,0.5,1.2130075659799042,0.875
R_003162,5,0.002,3.8796844536708944e-05,0,1562,3,1562,5,1,6,5,1.0,-0.0,0.0
R_003163,14,0.0056,8.505808266025028e-05,0,3102,1,1571,7,3,7,5,0.7142857142857143,0.796311640173813,0.7248340915057598
R_003164,8,0.0032,5.62490319882899e-05,0,1628,0,1628,6,1,3,6,1.0,-0.0,0.0
R_003165,9,0.0036,5.7937890015311116e-05,0,3102,1,1571,8,4,7,5,0.625,1.073542846408523,0.7743974703476992
R_003166,6,0.0024,4.459058915171779e-05,0,1559,4,1559,6,1,1,6,1.0,-0.0,0.0
R_003167,7,0.0028,4.85378323812361e-05,0,3102,6,1531,6,1,2,6,1.0,-0.0,0.0
R_003168,7,0.0028,4.8156906607624244e-05,0,1505,7,1505,7,1,4,7,1.0,-0.0,0.0
R_003169,11,0.0044,6.722582837132465e-05,0,1505,7,1505,7,1,4,7,1.0,-0.0,0.0
R_003170,1,0.0004,1.7403515337874387e-05,0,1505,7,1505,6,1,4,6,1.0,-0.0,0.0
R_003171,11,0.0044,6.800432835629943e-05,0,1505,7,1505,7,1,4,7,1.0,-0.0,0.0
R_003172,12,0.0048,7.365280161598046e-05,0,3102,6,1531,8,1,2,8,1.0,-0.0,0.0
R_003173,11,0.0044,6.848326707800725e-05,0,1505,7,1505,7,1,4,7,1.0,-0.0,0.0
R_003174,12,0.0048,7.28445523702286e-05,0,1505,7,1505,7,1,4,7,1.0,-0.0,0.0
R_003175,17,0.0068,0.0001004128646257563,0,3102,6,1531,8,1,2,8,1.0,-0.0,0.0
R_003176,3,0.0012,2.9623780245128548e-05,0,1565,2,1565,8,2,5,7,0.875,0.3767701612564367,0.5435644431995964
R_003177,5,0.002,4.156588081809827e-05,0,1565,2,1565,5,1,5,5,1.0,-0.0,0.0
R_003178,3,0.0012,2.8329865880440908e-05,0,1559,4,1559,5,1,1,5,1.0,-0.0,0.0
R_003179,4,0.0016,3.358062196057766e-05,0,1562,3,1562,6,3,6,4,0.6666666666666666,0.8675632284814612,0.7896900821428474
R_003180,6,0.0024,4.587972461056128e-05,0,1550,5,1550,6,1,0,6,1.0,-0.0,0.0
R_003181,6,0.0024,4.460163185545015e-05,0,1562,3,1562,6,2,6,5,0.8333333333333334,0.4505612088663046,0.6500224216483541
R_003182,12,0.0048,7.679928724762764e-05,0,1562,3,1562,7,2,6,6,0.8571428571428571,0.410116318288409,0.5916727785823274
R_003183,8,0.0032,5.3577592660026414e-05,0,3102,6,1531,7,1,2,7,1.0,-0.0,0.0
R_003184,2,0.0008,2.2786218541108646e-05,0,3102,6,1531,5,1,2,5,1.0,-0.0,0.0
R_003185,6,0.0024,4.59206650587925e-05,0,1550,5,1550,6,1,0,6,1.0,-0.0,0.0
R_003186,12,0.0048,7.3689943211785e-05,0,3102,1,1571,8,3,7,5,0.625,0.9002560512685369,0.8194483718728035
R_003187,6,0.0024,4.553285546032992e-05,0,1559,4,1559,6,1,1,6,1.0,-0.0,0.0
R_003188,7,0.0028,5.20956331073719e-05,0,1550,5,1550,6,1,0,6,1.0,-0.0,0.0
R_003189,12,0.0048,7.233793057912447e-05,0,1505,7,1505,7,1,4,7,1.0,-0.0,0.0
R_003190,9,0.0036,5.767029681575799e-05,0,1505,7,1505,5,1,4,5,1.0,-0.0,0.0
R_003191,8,0.0032,5.610684243286509e-05,0,1628,0,1628,7,1,3,7,1.0,-0.0,0.0
R_003192,9,0.0036,6.020767737087486e-05,0,1562,3,1562,8,3,6,6,0.75,0.7356219397587946,0.6695919455357792
R_003193,6,0.0024,4.266685980068937e-05,0,1505,7,1505,7,1,4,7,1.0,-0.0,0.0
R_003194,12,0.0048,7.407500827727886e-05,0,3102,1,1571,8,3,7,5,0.625,0.9002560512685369,0.8194483718728035
R_003195,8,0.0032,5.2904798876180445e-05,0,1505,7,1505,8,1,4,8,1.0,-0.0,0.0
R_003196,4,0.0016,3.4339167841748825e-05,0,1628,0,1628,5,1,3,5,1.0,-0.0,0.0
R_003197,10,0.004,6.36838248543627e-05,0,3102,6,1531,8,1,2,8,1.0,-0.0,0.0
R_003198,12,0.0048,7.68068269030459e-05,0,1562,3,1562,8,1,6,8,1.0,-0.0,0.0
R_003199,5,0.002,3.785971930908828e-05,0,3102,1,1571,5,3,7,3,0.6,0.9502705392332348,0.8649735207179272
R_003200,6,0.0024,4.551002545012898e-05,0,1550,5,1550,8,1,0,8,1.0,-0.0,0.0
R_003201,14,0.0056,8.29297183226385e-05,0,1505,7,1505,8,1,4,8,1.0,-0.0,0.0
R_003202,13,0.0052,8.361808621210959e-05,0,1562,3,1562,8,2,6,7,0.875,0.3767701612564367,0.5435644431995964
R_003203,13,0.0052,8.29601982525917e-05,0,1628,0,1628,8,1,3,8,1.0,-0.0,0.0
R_003204,8,0.0032,5.783809448964008e-05,0,1565,2,1565,8,2,5,7,0.875,0.3767701612564367,0.5435644431995964
R_003205,5,0.002,3.9399418284730197e-05,0,1628,0,1628,5,1,3,5,1.0,-0.0,0.0
R_003206,2,0.0008,2.3976379865132346e-05,0,1550,5,1550,6,1,0,6,1.0,-0.0,0.0
R_003207,9,0.0036,5.8837297478035226e-05,0,3102,6,1531,8,1,2,8,1.0,-0.0,0.0
R_003208,4,0.0016,3.379580641454394e-05,0,1562,3,1562,5,2,6,4,0.8,0.5004024235381879,0.7219280948873623
R_003209,8,0.0032,5.7554180420130514e-05,0,1550,5,1550,8,1,0,8,1.0,-0.0,0.0
R_003210,3,0.0012,2.751345751596647e-05,0,3102,1,1571,5,3,7,3,0.6,0.9502705392332348,0.8649735207179272
R_003211,6,0.0024,4.169785534477429e-05,0,1505,7,1505,6,1,4,6,1.0,-0.0,0.0
R_003212,8,0.0032,5.3179807982215165e-05,0,3102,1,1571,8,4,7,4,0.5,1.2130075659799042,0.875
R_003213,10,0.004,7.097675779344473e-05,0,1565,2,1565,7,2,5,6,0.8571428571428571,0.410116318288409,0.5916727785823274
R_003214,8,0.0032,5.674594303259898e-05,0,1550,5,1550,7,1,0,7,1.0,-0.0,0.0
R_003215,5,0.002,3.984305846159934e-05,0,1550,5,1550,6,1,0,6,1.0,-0.0,0.0
R_003216,6,0.0024,4.2749274176013876e-05,0,3102,1,1571,5,3,7,3,0.6,0.9502705392332348,0.8649735207179272
R_003217,8,0.0032,5.2996440445717847e-05,0,1505,7,1505,7,1,4,7,1.0,-0.0,0.0
R_003218,5,0.002,3.918685618766682e-05,0,1562,3,1562,7,2,6,6,0.8571428571428571,0.410116318288409,0.5916727785823274
R_003219,9,0.0036,5.821868452347868e-05,0,3102,6,1531,6,1,2,6,1.0,-0.0,0.0
R_003220,9,0.0036,6.122497248835457e-05,0,1628,0,1628,8,1,3,8,1.0,-0.0,0.0
R_003221,17,0.0068,9.80852283325031e-05,0,1505,7,1505,7,1,4,7,1.0,-0.0,0.0
R_003222,7,0.0028,4.9298742595186604e-05,0,1559,4,1559,8,1,1,8,1.0,-0.0,0.0
R_003223,14,0.0056,8.29304619284354e-05,0,1505,7,1505,7,1,4,7,1.0,-0.0,0.0
R_003224,4,0.0016,3.4809330788059336e-05,0,1550,5,1550,5,1,0,5,1.0,-0.0,0.0
R_003225,3,0.0012,2.8305124796814092e-05,0,1562,3,1562,5,2,6,4,0.8,0.5004024235381879,0.7219280948873623
R_003226,13,0.0052,8.341923603104727e-05,0,1628,0,1628,8,1,3,8,1.0,-0.0,0.0
R_003227,8,0.0032,5.34302098286439e-05,0,3102,6,1531,7,1,2,7,1.0,-0.0,0.0
R_003228,4,0.0016,3.4505298993140104e-05,0,1628,0,1628,6,1,3,6,1.0,-0.0,0.0
R_003229,14,0.0056,8.222052397084543e-05,0,1505,7,1505,8,1,4,8,1.0,-0.0,0.0
R_003230,9,0.0036,5.874781115352468e-05,0,3102,6,1531,7,1,2,7,1.0,-0.0,0.0
R_003231,3,0.0012,2.7963914797225062e-05,0,3102,1,1571,5,3,7,3,0.6,0.9502705392332348,0.8649735207179272
R_003232,8,0.0032,5.2960846609119955e-05,0,1505,7,1505,8,1,4,8,1.0,-0.0,0.0
R_003233,8,0.0032,5.746423170497415e-05,0,1550,5,1550,5,1,0,5,1.0,-0.0,0.0
R_003234,9,0.0036,5.775453102434986e-05,0,3102,1,1571,7,3,7,4,0.5714285714285714,0.9556998911125344,0.8699155297736259
R_003235,8,0.0032,5.4638558851993275e-05,0,1562,3,1562,5,1,6,5,1.0,-0.0,0.0
R_003236,9,0.0036,5.978003262240732e-05,0,1559,4,1559,6,1,1,6,1.0,-0.0,0.0
R_003237,12,0.0048,7.488181979580976e-05,0,3102,6,1531,7,1,2,7,1.0,-0.0,0.0
R_003238,13,0.0052,7.779512598177464e-05,0,1505,7,1505,8,1,4,8,1.0,-0.0,0.0
R_003239,9,0.0036,6.137613939576314e-05,0,1628,0,1628,8,1,3,8,1.0,-0.0,0.0
R_003240,2,0.0008,2.2758949989142623e-05,0,1562,3,1562,7,2,6,6,0.8571428571428571,0.410116318288409,0.5916727785823274
R_003241,8,0.0032,5.3256516135052035e-05,0,3102,6,1531,6,1,2,6,1.0,-0.0,0.0
R_003242,1,0.0004,1.749960442557287e-05,0,3102,6,1531,7,1,2,7,1.0,-0.0,0.0
R_003243,11,0.0044,7.188889101122383e-05,0,1562,3,1562,8,3,6,6,0.75,0.7356219397587946,0.6695919455357792
R_003244,14,0.0056,8.99504712508738e-05,0,1550,5,1550,8,1,0,8,1.0,-0.0,0.0
R_003245,9,0.0036,6.363312958761187e-05,0,1550,5,1550,7,1,0,7,1.0,-0.0,0.0
R_003246,5,0.002,3.9129180672031444e-05,0,1562,3,1562,7,3,6,5,0.7142857142857143,0.796311640173813,0.7248340915057598
R_003247,10,0.004,6.852771058818874e-05,0,1550,5,1550,8,1,0,8,1.0,-0.0,0.0
R_003248,16,0.0064,9.505317694247155e-05,0,3102,6,1531,8,1,2,8,1.0,-0.0,0.0
R_003249,5,0.002,3.946003167514399e-05,0,1628,0,1628,8,1,3,8,1.0,-0.0,0.0
R_003250,5,0.002,4.0047446129001645e-05,0,1550,5,1550,6,1,0,6,1.0,-0.0,0.0
R_003251,11,0.0044,6.897788973067587e-05,0,3102,6,1531,7,1,2,7,1.0,-0.0,0.0
R_003252,9,0.0036,6.245658883851918e-05,0,1550,5,1550,6,1,0,6,1.0,-0.0,0.0
R_003253,8,0.0032,5.8690398680846083e-05,0,1565,2,1565,8,1,5,8,1.0,-0.0,0.0
R_003254,8,0.0032,5.307610797261408e-05,0,1505,7,1505,6,1,4,6,1.0,-0.0,0.0
R_003255,5,0.002,3.796869737470506e-05,0,3102,6,1531,5,1,2,5,1.0,-0.0,0.0
R_003256,4,0.0016,3.2823628705137234e-05,0,1505,7,1505,5,1,4,5,1.0,-0.0,0.0
R_003257,3,0.0012,2.9509987220507984e-05,0,1565,2,1565,6,1,5,6,1.0,-0.0,0.0
R_003258,5,0.002,3.927967370577638e-05,0,1562,3,1562,7,2,6,6,0.8571428571428571,0.410116318288409,0.5916727785823274
R_003259,5,0.002,3.891679602318763e-05,0,1559,4,1559,6,1,1,6,1.0,-0.0,0.0
R_003260,11,0.0044,6.850369764058677e-05,0,3102,6,1531,8,1,2,8,1.0,-0.0,0.0
R_003261,6,0.0024,4.2600136900429664e-05,0,3102,1,1571,6,4,7,3,0.5,1.242453324894,0.8962406251802889
R_003262,11,0.0044,6.847268007631375e-05,0,3102,1,1571,8,3,7,5,0.625,0.9002560512685369,0.8194483718728035
R_003263,11,0.0044,6.807124212936934e-05,0,3102,6,1531,6,1,2,6,1.0,-0.0,0.0
R_003264,7,0.0028,5.046713094459637e-05,0,1559,4,1559,8,1,1,8,1.0,-0.0,0.0
R_003265,5,0.002,3.729929873255059e-05,0,3102,1,1571,5,3,2,2,0.4,1.0549201679861442,0.9602297178607612
R_003266,7,0.0028,5.0679595721163575e-05,0,1550,5,1550,7,1,0,7,1.0,-0.0,0.0
R_003267,10,0.004,6.500639494682556e-05,0,1559,4,1559,8,1,1,8,1.0,-0.0,0.0
R_003268,10,0.004,6.347629386976485e-05,0,3102,6,1531,5,1,2,5,1.0,-0.0,0.0
R_003269,5,0.002,4.0943937276587625e-05,0,1565,2,1565,5,1,5,5,1.0,-0.0,0.0
R_003270,11,0.0044,7.479468011491091e-05,0,1550,5,1550,8,1,0,8,1.0,-0.0,0.0
R_003271,6,0.0024,4.4578355416770246e-05,0,1562,3,1562,5,2,6,4,0.8,0.5004024235381879,0.7219280948873623
R_003272,8,0.0032,5.487523838838879e-05,0,1559,4,1559,7,1,1,7,1.0,-0.0,0.0
R_003273,3,0.0012,2.757254356943817e-05,0,3102,1,1571,6,3,7,3,0.5,1.0114042647073518,0.920619835714305
R_003274,3,0.0012,2.8554310802736762e-05,0,1562,3,1562,5,2,6,4,0.8,0.5004024235381879,0.7219280948873623
R_003275,3,0.0012,2.916218276616375e-05,0,1628,0,1628,6,1,3,6,1.0,-0.0,0.0
R_003276,9,0.0036,5.8121519774365084e-05,0,1505,7,1505,6,1,4,6,1.0,-0.0,0.0
R_003277,6,0.0024,4.727812438307066e-05,0,1565,2,1565,8,2,5,7,0.875,0.3767701612564367,0.5435644431995964
R_003278,10,0.004,6.564429734116917e-05,0,1559,4,1559,8,1,1,8,1.0,-0.0,0.0
R_003279,7,0.0028,5.057783225082484e-05,0,1562,3,1562,7,3,6,5,0.7142857142857143,0.796311640173813,0.7248340915057598
R_003280,5,0.002,3.9446279248001074e-05,0,1628,0,1628,5,1,3,5,1.0,-0.0,0.0
R_003281,8,0.0032,5.534762737714663e-05,0,1562,3,1562,5,2,6,4,0.8,0.5004024235381879,0.7219280948873623
R_003282,10,0.004,7.09415723585176e-05,0,1565,2,1565,8,2,5,7,0.875,0.3767701612564367,0.5435644431995964
R_003283,9,0.0036,6.037895316052155e-05,0,1562,3,1562,6,2,6,5,0.8333333333333334,0.4505612088663046,0.6500224216483541
R_003284,7,0.0028,4.795376583379809e-05,0,3102,1,1571,6,3,7,4,0.6666666666666666,0.8675632284814612,0.7896900821428474
R_003285,3,0.0012,2.715302326802751e-05,0,1505,7,1505,5,1,4,5,1.0,-0.0,0.0
R_003286,6,0.0024,4.772917670356437e-05,0,1565,2,1565,8,2,5,7,0.875,0.3767701612564367,0.5435644431995964
R_003287,13,0.0052,8.247616956270158e-05,0,1628,0,1628,8,1,3,8,1.0,-0.0,0.0
R_003288,5,0.002,4.083552676822158e-05,0,1565,2,1565,7,2,5,6,0.8571428571428571,0.410116318288409,0.5916727785823274
R_003289,5,0.002,3.939323718957874e-05,0,1562,3,1562,6,2,6,5,0.8333333333333334,0.4505612088663046,0.6500224216483541
R_003290,7,0.0028,5.118122981236329e-05,0,1550,5,1550,7,1,0,7,1.0,-0.0,0.0
R_003291,10,0.004,6.363608089631458e-05,0,1505,7,1505,7,1,4,7,1.0,-0.0,0.0
R_003292,12,0.0048,7.54390936653492e-05,0,1559,4,1559,8,1,1,8,1.0,-0.0,0.0
R_003293,5,0.002,3.993556337622158e-05,0,1550,5,1550,5,1,0,5,1.0,-0.0,0.0
R_003294,8,0.0032,5.559349409981278e-05,0,1562,3,1562,7,3,6,5,0.7142857142857143,0.796311640173813,0.7248340915057598
R_003295,5,0.002,3.8061171499188786e-05,0,1505,7,1505,5,1,4,5,1.0,-0.0,0.0
R_003296,7,0.0028,5.2471709072994086e-05,0,1565,2,1565,8,1,5,8,1.0,-0.0,0.0
R_003297,13,0.0052,8.113963150074217e-05,0,1559,4,1559,8,1,1,8,1.0,-0.0,0.0
R_003298,4,0.0016,3.3940667847505925e-05,0,1628,0,1628,8,1,3,8,1.0,-0.0,0.0
R_003299,4,0.0016,3.329433966135662e-05,0,3102,6,1531,6,1,2,6,1.0,-0.0,0.0
R_003300,15,0.006,8.813200410328382e-05,0,1505,7,1505,8,1,4,8,1.0,-0.0,0.0
R_003301,8,0.0032,5.361424865091434e-05,0,3102,6,1531,7,1,2,7,1.0,-0.0,0.0
R_003302,10,0.004,6.270559790887319e-05,0,1505,7,1505,8,1,4,8,1.0,-0.0,0.0
R_003303,6,0.0024,4.4936813220748016e-05,0,1628,0,1628,8,1,3,8,1.0,-0.0,0.0
R_003304,9,0.0036,6.141966447734946e-05,0,1628,0,1628,7,1,3,7,1.0,-0.0,0.0
R_003305,9,0.0036,5.726966309067873e-05,0,1505,7,1505,6,1,4,6,1.0,-0.0,0.0
R_003306,4,0.0016,3.4558666159077075e-05,0,1628,0,1628,7,1,3,7,1.0,-0.0,0.0
R_003307,14,0.0056,8.659543922831798e-05,0,1559,4,1559,7,1,1,7,1.0,-0.0,0.0
R_003308,10,0.004,6.288493150382595e-05,0,1505,7,1505,8,1,4,8,1.0,-0.0,0.0
R_003309,14,0.0056,9.038216719430201e-05,0,1550,5,1550,7,1,0,7,1.0,-0.0,0.0
R_003310,4,0.0016,3.491975399893667e-05,0,1550,5,1550,5,1,0,5,1.0,-0.0,0.0
R_003311,7,0.0028,5.05187852359415e-05,0,1628,0,1628,8,1,3,8,1.0,-0.0,0.0
R_003312,6,0.0024,4.2857389982906624e-05,0,3102,6,1531,7,1,2,7,1.0,-0.0,0.0
R_003313,6,0.0024,4.5440950922777944e-05,0,1550,5,1550,8,1,0,8,1.0,-0.0,0.0
R_003314,8,0.0032,5.335085215343323e-05,0,3102,1,1571,5,4,7,2,0.4,1.3321790402101223,0.9609640474436812
R_003315,7,0.0028,5.28341407329664e-05,0,1565,2,1565,8,2,5,7,0.875,0.3767701612564367,0.5435644431995964
R_003316,15,0.006,9.250232372032374e-05,0,1562,3,1562,7,2,6,6,0.8571428571428571,0.410116318288409,0.5916727785823274
R_003317,12,0.0048,7.767163360130084e-05,0,1628,0,1628,8,1,3,8,1.0,-0.0,0.0
R_003318,9,0.0036,5.906330646159159e-05,0,3102,6,1531,8,1,2,8,1.0,-0.0,0.0
R_003319,6,0.0024,4.330739803329471e-05,0,3102,6,1531,7,1,2,7,1.0,-0.0,0.0
R_003320,7,0.0028,4.923406448643782e-05,0,1559,4,1559,7,1,1,7,1.0,-0.0,0.0
R_003321,3,0.0012,2.9271299527993132e-05,0,1550,5,1550,8,1,0,8,1.0,-0.0,0.0
R_003322,7,0.0028,4.935690945985465e-05,0,1559,4,1559,8,1,1,8,1.0,-0.0,0.0
R_003323,10,0.004,7.003374132094338e-05,0,1565,2,1565,7,2,5,6,0.8571428571428571,0.410116318288409,0.5916727785823274
R_003324,4,0.0016,3.442230028188121e-05,0,1550,5,1550,5,1,0,5,1.0,-0.0,0.0
R_003325,5,0.002,3.760555240115617e-05,0,1505,7,1505,5,1,4,5,1.0,-0.0,0.0
R_003326,8,0.0032,5.3611717248231937e-05,0,3102,6,1531,6,1,2,6,1.0,-0.0,0.0
R_003327,7,0.0028,4.694516484778109e-05,0,1505,7,1505,5,1,4,5,1.0,-0.0,0.0
R_003328,6,0.0024,4.5751378544330325e-05,0,1628,0,1628,5,1,3,5,1.0,-0.0,0.0
R_003329,3,0.0012,2.9648093609785916e-05,0,1565,2,1565,5,1,5,5,1.0,-0.0,0.0
R_003330,11,0.0044,6.799655211207348e-05,0,3102,1,1571,7,3,7,4,0.5714285714285714,0.9556998911125344,0.8699155297736259
R_003331,16,0.0064,9.377709975259955e-05,0,3102,1,1571,8,4,7,4,0.5,1.2130075659799042,0.875
R_003332,10,0.004,6.346071588710466e-05,0,3102,1,1571,8,4,7,4,0.5,1.2130075659799042,0.875
R_003333,12,0.0048,8.106380606006464e-05,0,1565,2,1565,8,2,5,7,0.875,0.3767701612564367,0.5435644431995964
R_003334,10,0.004,6.378223396854204e-05,0,3102,6,1531,6,1,2,6,1.0,-0.0,0.0
R_003335,8,0.0032,5.566136134606487e-05,0,1628,0,1628,7,1,3,7,1.0,-0.0,0.0
R_003336,7,0.0028,4.97993201447116e-05,0,1628,0,1628,5,1,3,5,1.0,-0.0,0.0
R_003337,7,0.0028,4.773590767991862e-05,0,1505,7,1505,6,1,4,6,1.0,-0.0,0.0
R_003338,2,0.0008,2.253610500809169e-05,0,3102,1,1571,7,4,7,4,0.5714285714285714,1.1537419427010902,0.8322488896002307
R_003339,9,0.0036,5.7998747039130814e-05,0,3102,1,1571,7,3,7,4,0.5714285714285714,0.9556998911125344,0.8699155297736259
R_003340,8,0.0032,5.283053478863363e-05,0,3102,1,1571,8,4,7,5,0.625,1.073542846408523,0.7743974703476992
R_003341,6,0.0024,4.2204699949878525e-05,0,1505,7,1505,6,1,4,6,1.0,-0.0,0.0
R_003342,8,0.0032,5.694412245944635e-05,0,1550,5,1550,7,1,0,7,1.0,-0.0,0.0
R_003343,8,0.0032,5.47995052200502e-05,0,1559,4,1559,8,1,1,8,1.0,-0.0,0.0
R_003344,10,0.004,6.351912329845968e-05,0,3102,1,1571,7,4,7,3,0.4285714285714285,1.277034259466139,0.9211854965885544
R_003345,10,0.004,6.332874230159183e-05,0,3102,1,1571,6,3,7,4,0.6666666666666666,0.8675632284814612,0.7896900821428474
R_003346,8,0.0032,5.261318386138501e-05,0,1505,7,1505,8,1,4,8,1.0,-0.0,0.0
R_003347,3,0.0012,2.7502387805570448e-05,0,1505,7,1505,5,1,4,5,1.0,-0.0,0.0
R_003348,9,0.0036,5.9847089811467784e-05,0,1559,4,1559,7,1,1,7,1.0,-0.0,0.0
R_003349,11,0.0044,7.58207645299263e-05,0,1565,2,1565,8,1,5,8,1.0,-0.0,0.0
R_003350,10,0.004,6.390974477116123e-05,0,3102,6,1531,6,1,2,6,1.0,-0.0,0.0
R_003351,6,0.0024,4.284209603228174e-05,0,1505,7,1505,6,1,4,6,1.0,-0.0,0.0
R_003352,8,0.0032,5.536452072473957e-05,0,1559,4,1559,7,1,1,7,1.0,-0.0,0.0
R_003353,16,0.0064,0.00010122916979239835,0,1550,5,1550,8,1,0,8,1.0,-0.0,0.0
R_003354,7,0.0028,5.252838331206445e-05,0,1565,2,1565,7,2,5,6,0.8571428571428571,0.410116318288409,0.5916727785823274
R_003355,7,0.0028,4.772425980274013e-05,0,1505,7,1505,6,1,4,6,1.0,-0.0,0.0
R_003356,9,0.0036,6.452557524981509e-05,0,1565,2,1565,8,2,5,7,0.875,0.3767701612564367,0.5435644431995964
R_003357,11,0.0044,6.753980222315071e-05,0,1505,7,1505,8,1,4,8,1.0,-0.0,0.0
R_003358,5,0.002,3.905355585785276e-05,0,1562,3,1562,5,2,6,4,0.8,0.5004024235381879,0.7219280948873623
R_003359,12,0.0048,7.321168666310409e-05,0,1505,7,1505,8,1,4,8,1.0,-0.0,0.0
R_003360,12,0.0048,7.232483981353721e-05,0,1505,7,1505,7,1,4,7,1.0,-0.0,0.0
R_003361,12,0.0048,7.60350246912861e-05,0,1562,3,1562,8,3,6,6,0.75,0.7356219397587946,0.6695919455357792
R_003362,8,0.0032,5.327023369210062e-05,0,3102,6,1531,7,1,2,7,1.0,-0.0,0.0
R_003363,6,0.0024,4.461194129567074e-05,0,1562,3,1562,7,3,6,5,0.7142857142857143,0.796311640173813,0.7248340915057598
R_003364,2,0.0008,2.2440312535418622e-05,0,1505,7,1505,5,1,4,5,1.0,-0.0,0.0
R_003365,7,0.0028,5.261611895730607e-05,0,1565,2,1565,8,2,5,7,0.875,0.3767701612564367,0.5435644431995964
R_003366,8,0.0032,5.412158334195607e-05,0,3102,6,1531,6,1,2,6,1.0,-0.0,0.0
R_003367,9,0.0036,5.8009213163491476e-05,0,3102,1,1571,6,3,7,3,0.5,1.0114042647073518,0.920619835714305
R_003368,11,0.0044,7.043678452991453e-05,0,1559,4,1559,7,1,1,7,1.0,-0.0,0.0
R_003369,3,0.0012,2.7327606467253164e-05,0,1505,7,1505,5,1,4,5,1.0,-0.0,0.0
R_003370,7,0.0028,4.771035728974082e-05,0,3102,6,1531,7,1,2,7,1.0,-0.0,0.0
R_003371,1,0.0004,1.768097932717947e-05,0,1628,0,1628,5,1,3,5,1.0,-0.0,0.0
R_003372,7,0.0028,4.874338135406867e-05,0,3102,1,1571,6,4,7,3,0.5,1.242453324894,0.8962406251802889
R_003373,7,0.0028,4.7568846648117184e-05,0,3102,1,1571,7,3,7,4,0.5714285714285714,0.9556998911125344,0.8699155297736259
R_003374,12,0.0048,8.089373263698833e-05,0,1550,5,1550,7,1,0,7,1.0,-0.0,0.0
R_003375,6,0.0024,4.298400909026144e-05,0,1505,7,1505,5,1,4,5,1.0,-0.0,0.0
R_003376,9,0.0036,5.7187593854738e-05,0,1505,7,1505,6,1,4,6,1.0,-0.0,0.0
R_003377,6,0.0024,4.474317214791214e-05,0,1562,3,1562,8,2,6,7,0.875,0.3767701612564367,0.5435644431995964
R_003378,12,0.0048,7.939011692559018e-05,0,1550,5,1550,8,1,0,8,1.0,-0.0,0.0
R_003379,2,0.0008,2.2878444204836488e-05,0,1562,3,1562,5,1,6,5,1.0,-0.0,0.0
R_003380,7,0.0028,4.844907980776121e-05,0,3102,1,1571,5,2,7,3,0.6,0.6730116670092565,0.9709505944546688
R_003381,8,0.0032,5.364899362182729e-05,0,3102,6,1531,7,1,2,7,1.0,-0.0,0.0
R_003382,12,0.0048,7.546982782742121e-05,0,1559,4,1559,7,1,1,7,1.0,-0.0,0.0
R_003383,7,0.0028,5.1134726664007994e-05,0,1550,5,1550,6,1,0,6,1.0,-0.0,0.0
R_003384,5,0.002,3.813122972967108e-05,0,3102,6,1531,5,1,2,5,1.0,-0.0,0.0
R_003385,13,0.0052,8.301764277913391e-05,0,1628,0,1628,8,1,3,8,1.0,-0.0,0.0
R_003386,15,0.006,8.842649560752728e-05,0,1505,7,1505,8,1,4,8,1.0,-0.0,0.0
R_003387,8,0.0032,5.4929653259289194e-05,0,1559,4,1559,6,1,1,6,1.0,-0.0,0.0
R_003388,8,0.0032,5.436289751727835e-05,0,1559,4,1559,6,1,1,6,1.0,-0.0,0.0
R_003389,6,0.0024,4.3285170594821774e-05,0,3102,1,1571,5,3,7,3,0.6,0.9502705392332348,0.8649735207179272
R_003390,6,0.0024,4.2916144307706356e-05,0,1505,7,1505,7,1,4,7,1.0,-0.0,0.0
R_003391,4,0.0016,3.465258639880147e-05,0,1550,5,1550,5,1,0,5,1.0,-0.0,0.0
R_003392,9,0.0036,5.7662551713805654e-05,0,1505,7,1505,8,1,4,8,1.0,-0.0,0.0
R_003393,9,0.0036,6.0497481062546976e-05,0,1562,3,1562,7,3,6,5,0.7142857142857143,0.796311640173813,0.7248340915057598
R_003394,5,0.002,3.798611321508837e-05,0,3102,1,1571,7,4,7,4,0.5714285714285714,1.1537419427010902,0.8322488896002307
R_003395,5,0.002,3.9317257821913615e-05,0,1562,3,1562,7,2,6,6,0.8571428571428571,0.410116318288409,0.5916727785823274
R_003396,5,0.002,3.8825346979681466e-05,0,3102,6,1531,5,1,2,5,1.0,-0.0,0.0
R_003397,6,0.0024,4.4390643463036706e-05,0,1559,4,1559,7,1,1,7,1.0,-0.0,0.0
R_003398,11,0.0044,6.860855035351038e-05,0,3102,1,1571,7,4,7,4,0.5714285714285714,1.1537419427010902,0.8322488896002307
R_003399,15,0.006,8.858994262023976e-05,0,1505,7,1505,8,1,4,8,1.0,-0.0,0.0
R_003400,6,0.0024,4.447319325527143e-05,0,1559,4,1559,6,1,1,6,1.0,-0.0,0.0
R_003401,5,0.002,3.882225193641199e-05,0,1559,4,1559,5,1,1,5,1.0,-0.0,0.0
R_003402,12,0.0048,7.806579687500681e-05,0,1628,0,1628,8,1,3,8,1.0,-0.0,0.0
R_003403,8,0.0032,5.4116774450291225e-05,0,1559,4,1559,6,1,1,6,1.0,-0.0,0.0
R_003404,4,0.0016,3.275107433494068e-05,0,1505,7,1505,8,1,4,8,1.0,-0.0,0.0
R_003405,10,0.004,6.646572279197592e-05,0,1628,0,1628,8,1,3,8,1.0,-0.0,0.0
R_003406,6,0.0024,4.2749446700580185e-05,0,3102,6,1531,8,1,2,8,1.0,-0.0,0.0
R_003407,5,0.002,4.009589809914913e-05,0,1550,5,1550,6,1,0,6,1.0,-0.0,0.0
R_003408,8,0.0032,5.246633837564816e-05,0,1505,7,1505,6,1,4,6,1.0,-0.0,0.0
R_003409,8,0.0032,5.5113081760162536e-05,0,1562,3,1562,5,2,6,4,0.8,0.5004024235381879,0.7219280948873623
R_003410,14,0.0056,8.833313529200935e-05,0,1628,0,1628,8,1,3,8,1.0,-0.0,0.0
R_003411,12,0.0048,7.36908090886107e-05,0,3102,6,1531,6,1,2,6,1.0,-0.0,0.0
R_003412,11,0.0044,6.972526897470572e-05,0,3102,6,1531,6,1,2,6,1.0,-0.0,0.0
R_003413,6,0.0024,4.354574433650899e-05,0,3102,6,1531,5,1,2,5,1.0,-0.0,0.0
R_003414,6,0.0024,4.4870932973145804e-05,0,1628,0,1628,6,1,3,6,1.0,-0.0,0.0
R_003415,5,0.002,3.8320872791016766e-05,0,3102,6,1531,7,1,2,7,1.0,-0.0,0.0
R_003416,6,0.0024,4.383721689234763e-05,0,1559,4,1559,6,1,1,6,1.0,-0.0,0.0
R_003417,11,0.0044,6.770280726124092e-05,0,1505,7,1505,8,1,4,8,1.0,-0.0,0.0
R_003418,6,0.0024,4.397996844450927e-05,0,1562,3,1562,7,3,6,5,0.7142857142857143,0.796311640173813,0.7248340915057598
R_003419,8,0.0032,5.280865290381019e-05,0,1505,7,1505,7,1,4,7,1.0,-0.0,0.0
R_003420,11,0.0044,6.88137830616018e-05,0,1505,7,1505,8,1,4,8,1.0,-0.0,0.0
R_003421,5,0.002,4.101977410507028e-05,0,1565,2,1565,6,1,5,6,1.0,-0.0,0.0
R_003422,10,0.004,6.478724041816644e-05,0,1559,4,1559,7,1,1,7,1.0,-0.0,0.0
R_003423,7,0.0028,5.147971504825034e-05,0,1562,3,1562,6,2,6,5,0.8333333333333334,0.4505612088663046,0.6500224216483541
R_003424,10,0.004,6.5964221623325e-05,0,1559,4,1559,7,1,1,7,1.0,-0.0,0.0
R_003425,3,0.0012,2.863763160746032e-05,0,1628,0,1628,5,1,3,5,1.0,-0.0,0.0
R_003426,15,0.006,9.227614169780287e-05,0,1559,4,1559,8,1,1,8,1.0,-0.0,0.0
R_003427,3,0.0012,2.7506600705140744e-05,0,3102,1,1571,5,3,7,3,0.6,0.9502705392332348,0.8649735207179272
R_003428,5,0.002,3.96050262619437e-05,0,1628,0,1628,5,1,3,5,1.0,-0.0,0.0
R_003429,9,0.0036,6.1133653529991e-05,0,1628,0,1628,8,1,3,8,1.0,-0.0,0.0
R_003430,12,0.0048,7.448128324657075e-05,0,3102,1,1571,5,3,7,3,0.6,0.9502705392332348,0.8649735207179272
R_003431,9,0.0036,6.001890559442103e-05,0,1559,4,1559,8,1,1,8,1.0,-0.0,0.0
R_003432,10,0.004,6.300510332034e-05,0,1505,7,1505,6,1,4,6,1.0,-0.0,0.0
R_003433,5,0.002,4.094691195050839e-05,0,1565,2,1565,7,2,5,6,0.8571428571428571,0.410116318288409,0.5916727785823274
R_003434,9,0.0036,6.118219249683924e-05,0,1628,0,1628,7,1,3,7,1.0,-0.0,0.0
R_003435,2,0.0008,2.2429635194236105e-05,0,3102,1,1571,5,4,2,2,0.4,1.3321790402101223,0.9609640474436812
R_003436,5,0.002,3.7860757450256515e-05,0,3102,1,1571,7,4,7,4,0.5714285714285714,1.1537419427010902,0.8322488896002307
R_003437,8,0.0032,5.28819167393848e-05,0,3102,1,1571,6,4,2,2,0.3333333333333333,1.3296613488547582,0.9591479170272448
R_003438,14,0.0056,8.324110219350982e-05,0,1505,7,1505,8,1,4,8,1.0,-0.0,0.0
R_003439,1,0.0004,1.8424586200391805e-05,0,1559,4,1559,5,1,1,5,1.0,-0.0,0.0
R_003440,5,0.002,3.916947171278592e-05,0,1562,3,1562,6,1,6,6,1.0,-0.0,0.0
R_003441,11,0.0044,6.867253021466535e-05,0,3102,6,1531,8,1,2,8,1.0,-0.0,0.0
R_003442,3,0.0012,2.9017687463635846e-05,0,1550,5,1550,7,1,0,7,1.0,-0.0,0.0
R_003443,10,0.004,6.653983233097795e-05,0,1628,0,1628,8,1,3,8,1.0,-0.0,0.0
R_003444,8,0.0032,5.827819603982298e-05,0,1565,2,1565,7,1,5,7,1.0,-0.0,0.0
R_003445,6,0.0024,4.2376466531563695e-05,0,3102,1,1571,6,2,7,4,0.6666666666666666,0.6365141682948128,0.9182958340544894
R_003446,9,0.0036,6.113787383124903e-05,0,1562,3,1562,6,3,6,4,0.6666666666666666,0.8675632284814612,0.7896900821428474
R_003447,2,0.0008,2.3339095494122946e-05,0,1550,5,1550,5,1,0,5,1.0,-0.0,0.0
R_003448,0,0.0,1.2023710757614017e-05,1,1,13,1,5,1,0,5,1.0,-0.0,0.0
R_003449,7,0.0028,5.261596569861486e-05,0,1565,2,1565,6,2,5,5,0.8333333333333334,0.4505612088663046,0.6500224216483541
R_003450,4,0.0016,3.48835236895474e-05,0,1565,2,1565,5,1,5,5,1.0,-0.0,0.0
R_003451,4,0.0016,3.293319438015732e-05,0,3102,6,1531,5,1,2,5,1.0,-0.0,0.0
R_003452,2,0.0008,2.2678072817407894e-05,0,1559,4,1559,6,1,1,6,1.0,-0.0,0.0
R_003453,2,0.0008,2.3189897915983907e-05,0,1628,0,1628,6,1,3,6,1.0,-0.0,0.0
R_003454,10,0.004,6.345714076268689e-05,0,3102,1,1571,7,4,7,3,0.4285714285714285,1.277034259466139,0.9211854965885544
R_003455,10,0.004,6.625012683317867e-05,0,1559,4,1559,6,1,1,6,1.0,-0.0,0.0
R_003456,12,0.0048,7.338360423721388e-05,0,3102,1,1571,7,3,7,5,0.7142857142857143,0.796311640173813,0.7248340915057598
R_003457,8,0.0032,5.48625230358693e-05,0,1559,4,1559,5,1,1,5,1.0,-0.0,0.0
R_003458,13,0.0052,8.77464394793995e-05,0,1565,2,1565,8,2,5,7,0.875,0.3767701612564367,0.5435644431995964
R_003459,3,0.0012,2.9980034382563122e-05,0,1565,2,1565,5,1,5,5,1.0,-0.0,0.0
R_003460,6,0.0024,4.6017290726701505e-05,0,1550,5,1550,6,1,0,6,1.0,-0.0,0.0
R_003461,4,0.0016,3.533870290408904e-05,0,1565,2,1565,6,2,5,5,0.8333333333333334,0.4505612088663046,0.6500224216483541
R_003462,8,0.0032,5.4036357510150406e-05,0,1559,4,1559,6,1,1,6,1.0,-0.0,0.0
R_003463,7,0.0028,4.939912068195095e-05,0,3102,6,1531,7,1,2,7,1.0,-0.0,0.0
R_003464,14,0.0056,8.716912606889762e-05,0,1562,3,1562,7,3,6,5,0.7142857142857143,0.796311640173813,0.7248340915057598
R_003465,5,0.002,3.9534590084069957e-05,0,1628,0,1628,5,1,3,5,1.0,-0.0,0.0
R_003466,9,0.0036,5.870533142191501e-05,0,3102,6,1531,6,1,2,6,1.0,-0.0,0.0
R_003467,8,0.0032,5.3020725975947114e-05,0,3102,1,1571,7,3,7,4,0.5714285714285714,0.9556998911125344,0.8699155297736259
R_003468,8,0.0032,5.337466162406606e-05,0,3102,6,1531,5,1,2,5,1.0,-0.0,0.0
R_003469,8,0.0032,5.612751738536384e-05,0,1562,3,1562,6,2,6,5,0.8333333333333334,0.4505612088663046,0.6500224216483541
R_003470,5,0.002,3.8278395341029304e-05,0,3102,6,1531,5,1,2,5,1.0,-0.0,0.0
R_003471,5,0.002,4.0402035540235757e-05,0,1550,5,1550,7,1,0,7,1.0,-0.0,0.0
R_003472,9,0.0036,6.061640542504507e-05,0,1562,3,1562,5,1,6,5,1.0,-0.0,0.0
R_003473,3,0.0012,2.9068535906436578e-05,0,1550,5,1550,6,1,0,6,1.0,-0.0,0.0
R_003474,7,0.0028,4.804957051081744e-05,0,3102,1,1571,8,4,7,4,0.5,1.2130075659799042,0.875
R_003475,5,0.002,3.9596075956833046e-05,0,1562,3,1562,6,2,6,5,0.8333333333333334,0.4505612088663046,0.6500224216483541
R_003476,7,0.0028,5.019604433989764e-05,0,1562,3,1562,8,3,6,6,0.75,0.7356219397587946,0.6695919455357792
R_003477,10,0.004,6.863258259986722e-05,0,1550,5,1550,7,1,0,7,1.0,-0.0,0.0
R_003478,10,0.004,6.340146618354398e-05,0,3102,1,1571,6,2,7,4,0.6666666666666666,0.6365141682948128,0.9182958340544894
R_003479,1,0.0004,1.7694170880711576e-05,0,1562,3,1562,5,2,6,4,0.8,0.5004024235381879,0.7219280948873623
R_003480,11,0.0044,7.287392394583883e-05,0,1628,0,1628,6,1,3,6,1.0,-0.0,0.0
R_003481,13,0.0052,8.410842898054541e-05,0,1550,5,1550,8,1,0,8,1.0,-0.0,0.0
R_003482,5,0.002,3.758539015415291e-05,0,1505,7,1505,6,1,4,6,1.0,-0.0,0.0
R_003483,3,0.0012,2.83758705016865e-05,0,1559,4,1559,5,1,1,5,1.0,-0.0,0.0
R_003484,11,0.0044,7.209029795098707e-05,0,1628,0,1628,7,1,3,7,1.0,-0.0,0.0
R_003485,6,0.0024,4.4376469653754645e-05,0,1559,4,1559,5,1,1,5,1.0,-0.0,0.0
R_003486,11,0.0044,6.980462883268734e-05,0,3102,6,1531,8,1,2,8,1.0,-0.0,0.0
R_003487,4,0.0016,3.308867164133874e-05,0,3102,6,1531,5,1,2,5,1.0,-0.0,0.0
R_003488,7,0.0028,4.8971145725642154e-05,0,1559,4,1559,6,1,1,6,1.0,-0.0,0.0
R_003489,9,0.0036,5.775369862670993e-05,0,3102,1,1571,7,3,7,5,0.7142857142857143,0.796311640173813,0.7248340915057598
R_003490,12,0.0048,7.577869877411876e-05,0,1559,4,1559,7,1,1,7,1.0,-0.0,0.0
R_003491,4,0.0016,3.220511280095286e-05,0,1505,7,1505,5,1,4,5,1.0,-0.0,0.0
R_003492,10,0.004,6.729082694534709e-05,0,1628,0,1628,7,1,3,7,1.0,-0.0,0.0
R_003493,11,0.0044,6.71323414506688e-05,0,1505,7,1505,7,1,4,7,1.0,-0.0,0.0
R_003494,13,0.0052,7.816051381248343e-05,0,1505,7,1505,7,1,4,7,1.0,-0.0,0.0
R_003495,5,0.002,3.950406068786583e-05,0,1628,0,1628,5,1,3,5,1.0,-0.0,0.0
R_003496,11,0.0044,7.243563660641704e-05,0,1628,0,1628,7,1,3,7,1.0,-0.0,0.0
R_003497,4,0.0016,3.266675821553719e-05,0,3102,1,1571,5,2,7,4,0.8,0.5004024235381879,0.7219280948873623
R_003498,8,0.0032,5.6023462249909976e-05,0,1562,3,1562,6,2,6,5,0.8333333333333334,0.4505612088663046,0.6500224216483541
R_003499,7,0.0028,5.011633456084454e-05,0,1562,3,1562,5,2,6,4,0.8,0.5004024235381879,0.7219280948873623
R_003500,8,0.0032,5.359066775144882e-05,0,3102,1,1571,5,2,7,4,0.8,0.5004024235381879,0.7219280948873623
R_003501,11,0.0044,6.876726934197285e-05,0,3102,6,1531,6,1,2,6,1.0,-0.0,0.0
R_003502,3,0.0012,2.847509778347377e-05,0,1628,0,1628,6,1,3,6,1.0,-0.0,0.0
R_003503,7,0.0028,5.0305829289840215e-05,0,1562,3,1562,6,2,6,5,0.8333333333333334,0.4505612088663046,0.6500224216483541
R_003504,15,0.006,8.870118524769279e-05,0,3102,1,1571,7,3,7,4,0.5714285714285714,0.9556998911125344,0.8699155297736259
R_003505,8,0.0032,5.258796223105311e-05,0,1505,7,1505,5,1,4,5,1.0,-0.0,0.0
R_003506,9,0.0036,5.7733724544386433e-05,0,1505,7,1505,7,1,4,7,1.0,-0.0,0.0
R_003507,5,0.002,4.150236407420417e-05,0,1565,2,1565,6,2,5,5,0.8333333333333334,0.4505612088663046,0.6500224216483541
R_003508,5,0.002,3.913465413344006e-05,0,1559,4,1559,5,1,1,5,1.0,-0.0,0.0
R_003509,9,0.0036,6.379009804766859e-05,0,1565,2,1565,7,2,5,6,0.8571428571428571,0.410116318288409,0.5916727785823274
R_003510,10,0.004,6.803139165737305e-05,0,1550,5,1550,8,1,0,8,1.0,-0.0,0.0
R_003511,11,0.0044,6.8432143318431e-05,0,3102,6,1531,7,1,2,7,1.0,-0.0,0.0
R_003512,4,0.0016,3.366563534924556e-05,0,1559,4,1559,6,1,1,6,1.0,-0.0,0.0
R_003513,4,0.0016,3.551276091587504e-05,0,1565,2,1565,5,2,5,4,0.8,0.5004024235381879,0.7219280948873623
R_003514,4,0.0016,3.5613898835321554e-05,0,1565,2,1565,5,1,5,5,1.0,-0.0,0.0
R_003515,5,0.002,4.053017397740094e-05,0,1550,5,1550,6,1,0,6,1.0,-0.0,0.0
R_003516,4,0.0016,3.2340118963914016e-05,0,3102,1,1571,5,3,7,3,0.6,0.9502705392332348,0.8649735207179272
R_003517,8,0.0032,5.582229981372907e-05,0,1562,3,1562,6,2,6,5,0.8333333333333334,0.4505612088663046,0.6500224216483541
R_003518,6,0.0024,4.311145118599165e-05,0,3102,6,1531,6,1,2,6,1.0,-0.0,0.0
R_003519,8,0.0032,5.754286174683573e-05,0,1550,5,1550,8,1,0,8,1.0,-0.0,0.0
R_003520,13,0.0052,8.06913040250288e-05,0,1559,4,1559,7,1,1,7,1.0,-0.0,0.0
R_003521,8,0.0032,5.6764879392730457e-05,0,1550,5,1550,8,1,0,8,1.0,-0.0,0.0
R_003522,6,0.0024,4.2931691004212007e-05,0,3102,6,1531,5,1,2,5,1.0,-0.0,0.0
R_003523,4,0.0016,3.5231443277105325e-05,0,1550,5,1550,5,1,0,5,1.0,-0.0,0.0
R_003524,10,0.004,6.955310856294626e-05,0,1550,5,1550,7,1,0,7,1.0,-0.0,0.0
R_003525,11,0.0044,7.048325294863298e-05,0,1559,4,1559,8,1,1,8,1.0,-0.0,0.0
R_003526,10,0.004,6.978863208306342e-05,0,1565,2,1565,7,1,5,7,1.0,-0.0,0.0
R_003527,10,0.004,6.660661715567339e-05,0,1559,4,1559,8,1,1,8,1.0,-0.0,0.0
R_003528,11,0.0044,6.786330310012492e-05,0,1505,7,1505,7,1,4,7,1.0,-0.0,0.0
R_003529,8,0.0032,5.888924635796888e-05,0,1565,2,1565,8,2,5,7,0.875,0.3767701612564367,0.5435644431995964
R_003530,11,0.0044,7.131236136565387e-05,0,1562,3,1562,7,3,6,5,0.7142857142857143,0.796311640173813,0.7248340915057598
R_003531,14,0.0056,8.472955493976864e-05,0,3102,1,1571,7,3,7,4,0.5714285714285714,0.9556998911125344,0.8699155297736259
R_003532,5,0.002,4.077838943237184e-05,0,1565,2,1565,7,2,5,6,0.8571428571428571,0.410116318288409,0.5916727785823274
R_003533,6,0.0024,4.4348405900531186e-05,0,1562,3,1562,5,1,6,5,1.0,-0.0,0.0
R_003534,9,0.0036,6.031655954669271e-05,0,1562,3,1562,7,3,6,5,0.7142857142857143,0.796311640173813,0.7248340915057598
R_003535,10,0.004,6.612948659321975e-05,0,1562,3,1562,7,3,6,5,0.7142857142857143,0.796311640173813,0.7248340915057598
R_003536,9,0.0036,5.871176661993207e-05,0,3102,1,1571,8,4,7,4,0.5,1.2130075659799042,0.875
R_003537,7,0.0028,4.980693423484143e-05,0,1559,4,1559,7,1,1,7,1.0,-0.0,0.0
R_003538,5,0.002,3.833577783192831e-05,0,3102,6,1531,7,1,2,7,1.0,-0.0,0.0
R_003539,4,0.0016,3.407783676732423e-05,0,1628,0,1628,5,1,3,5,1.0,-0.0,0.0
R_003540,4,0.0016,3.41284842521925e-05,0,1628,0,1628,6,1,3,6,1.0,-0.0,0.0
R_003541,5,0.002,3.824552090862813e-05,0,3102,6,1531,6,1,2,6,1.0,-0.0,0.0
R_003542,5,0.002,4.024115460470984e-05,0,1550,5,1550,7,1,0,7,1.0,-0.0,0.0
R_003543,12,0.0048,8.009075936268936e-05,0,1550,5,1550,6,1,0,6,1.0,-0.0,0.0
R_003544,12,0.0048,7.78009044452801e-05,0,1628,0,1628,8,1,3,8,1.0,-0.0,0.0
R_003545,5,0.002,3.852025302653087e-05,0,3102,6,1531,5,1,2,5,1.0,-0.0,0.0
R_003546,3,0.0012,2.8604289227359692e-05,0,1559,4,1559,5,1,1,5,1.0,-0.0,0.0
R_003547,8,0.0032,5.4864029926550816e-05,0,1559,4,1559,8,1,1,8,1.0,-0.0,0.0
R_003548,4,0.0016,3.276068666940545e-05,0,3102,1,1571,5,3,7,3,0.6,0.9502705392332348,0.8649735207179272
R_003549,10,0.004,6.980056646338865e-05,0,1565,2,1565,6,1,5,6,1.0,-0.0,0.0
R_003550,10,0.004,6.699489994533531e-05,0,1628,0,1628,7,1,3,7,1.0,-0.0,0.0
R_003551,12,0.0048,8.248747012574476e-05,0,1565,2,1565,6,2,5,5,0.8333333333333334,0.4505612088663046,0.6500224216483541
R_003552,4,0.0016,3.2930789875542473e-05,0,3102,6,1531,5,1,2,5,1.0,-0.0,0.0
R_003553,4,0.0016,3.342130539276464e-05,0,1562,3,1562,6,3,6,4,0.6666666666666666,0.8675632284814612,0.7896900821428474
R_003554,5,0.002,3.918367014487327e-05,0,1562,3,1562,7,2,6,6,0.8571428571428571,0.410116318288409,0.5916727785823274
R_003555,8,0.0032,5.603333309312046e-05,0,1628,0,1628,8,1,3,8,1.0,-0.0,0.0
R_003556,6,0.0024,4.428507163918618e-05,0,1559,4,1559,8,1,1,8,1.0,-0.0,0.0
R_003557,6,0.0024,4.244446807595351e-05,0,1505,7,1505,5,1,4,5,1.0,-0.0,0.0
R_003558,15,0.006,8.839190920149738e-05,0,1505,7,1505,8,1,4,8,1.0,-0.0,0.0
R_003559,5,0.002,3.871052245890838e-05,0,3102,6,1531,5,1,2,5,1.0,-0.0,0.0
R_003560,8,0.0032,5.562082703043211e-05,0,1559,4,1559,7,1,1,7,1.0,-0.0,0.0
R_003561,15,0.006,8.895165519494201e-05,0,3102,6,1531,8,1,2,8,1.0,-0.0,0.0
R_003562,6,0.0024,4.559183799220689e-05,0,1550,5,1550,6,1,0,6,1.0,-0.0,0.0
R_003563,6,0.0024,4.7093368746876015e-05,0,1565,2,1565,6,2,5,5,0.8333333333333334,0.4505612088663046,0.6500224216483541
R_003564,9,0.0036,6.475994916370592e-05,0,1565,2,1565,8,2,5,7,0.875,0.3767701612564367,0.5435644431995964
R_003565,8,0.0032,5.524232615153783e-05,0,1559,4,1559,8,1,1,8,1.0,-0.0,0.0
R_003566,11,0.0044,7.222999824508957e-05,0,1562,3,1562,6,3,6,4,0.6666666666666666,0.8675632284814612,0.7896900821428474
R_003567,16,0.0064,9.325655177961883e-05,0,1505,7,1505,8,1,4,8,1.0,-0.0,0.0
R_003568,6,0.0024,4.468920642394622e-05,0,1628,0,1628,5,1,3,5,1.0,-0.0,0.0
R_003569,4,0.0016,3.403172943389328e-05,0,1559,4,1559,6,1,1,6,1.0,-0.0,0.0
R_003570,8,0.0032,5.735153973164202e-05,0,1550,5,1550,8,1,0,8,1.0,-0.0,0.0
R_003571,5,0.002,4.092178498058366e-05,0,1565,2,1565,6,2,5,5,0.8333333333333334,0.4505612088663046,0.6500224216483541
R_003572,2,0.0008,2.306603549907266e-05,0,1628,0,1628,5,1,3,5,1.0,-0.0,0.0
R_003573,15,0.006,8.712155894774388e-05,0,1505,7,1505,8,1,4,8,1.0,-0.0,0.0
R_003574,12,0.0048,7.62817927022122e-05,0,1562,3,1562,6,3,6,4,0.6666666666666666,0.8675632284814612,0.7896900821428474
R_003575,4,0.0016,3.3896990826258e-05,0,1562,3,1562,5,3,6,3,0.6,0.9502705392332348,0.8649735207179272
R_003576,3,0.0012,2.8931888884287374e-05,0,1559,4,1559,5,1,1,5,1.0,-0.0,0.0
R_003577,8,0.0032,5.346672363861273e-05,0,3102,6,1531,6,1,2,6,1.0,-0.0,0.0
R_003578,6,0.0024,4.2911402424882707e-05,0,1505,7,1505,5,1,4,5,1.0,-0.0,0.0
R_003579,0,0.0,1.2023710757614017e-05,1,1,14,1,5,1,1,5,1.0,-0.0,0.0
R_003580,6,0.0024,4.27166851417695e-05,0,1505,7,1505,5,1,4,5,1.0,-0.0,0.0
R_003581,8,0.0032,5.7387588658046723e-05,0,1550,5,1550,8,1,0,8,1.0,-0.0,0.0
R_003582,2,0.0008,2.3414575099430937e-05,0,1628,0,1628,5,1,3,5,1.0,-0.0,0.0
R_003583,6,0.0024,4.404107736528347e-05,0,1559,4,1559,5,1,1,5,1.0,-0.0,0.0
R_003584,1,0.0004,1.8142740059415225e-05,0,1550,5,1550,5,1,0,5,1.0,-0.0,0.0
R_003585,4,0.0016,3.3777564964357515e-05,0,1562,3,1562,6,2,6,5,0.8333333333333334,0.4505612088663046,0.6500224216483541
R_003586,10,0.004,6.4079894029212e-05,0,3102,6,1531,7,1,2,7,1.0,-0.0,0.0
R_003587,3,0.0012,2.8442127861824247e-05,0,1628,0,1628,6,1,3,6,1.0,-0.0,0.0
R_003588,10,0.004,6.505680180418152e-05,0,1559,4,1559,7,1,1,7,1.0,-0.0,0.0
R_003589,2,0.0008,2.2593114897221862e-05,0,3102,1,1571,5,4,2,2,0.4,1.3321790402101223,0.9609640474436812
R_003590,12,0.0048,7.2726014807014e-05,0,1505,7,1505,8,1,4,8,1.0,-0.0,0.0
R_003591,12,0.0048,8.153286650220888e-05,0,1565,2,1565,8,2,5,7,0.875,0.3767701612564367,0.5435644431995964
R_003592,10,0.004,6.721642949521888e-05,0,1628,0,1628,8,1,3,8,1.0,-0.0,0.0
R_003593,7,0.0028,5.014082288173807e-05,0,1628,0,1628,8,1,3,8,1.0,-0.0,0.0
R_003594,16,0.0064,9.815029439623847e-05,0,1562,3,1562,8,3,6,6,0.75,0.7356219397587946,0.6695919455357792
R_003595,6,0.0024,4.2529642053187545e-05,0,1505,7,1505,7,1,4,7,1.0,-0.0,0.0
R_003596,9,0.0036,6.408837000803714e-05,0,1565,2,1565,7,2,5,6,0.8571428571428571,0.410116318288409,0.5916727785823274
R_003597,7,0.0028,4.810877978014435e-05,0,3102,1,1571,5,3,2,2,0.4,1.0549201679861442,0.9602297178607612
R_003598,11,0.0044,7.04670817508512e-05,0,1559,4,1559,6,1,1,6,1.0,-0.0,0.0
R_003599,4,0.0016,3.3548103659831856e-05,0,1559,4,1559,5,1,1,5,1.0,-0.0,0.0
R_003600,10,0.004,6.279871722435568e-05,0,1505,7,1505,6,1,4,6,1.0,-0.0,0.0
R_003601,2,0.0008,2.346777248936773e-05,0,1550,5,1550,5,1,0,5,1.0,-0.0,0.0
R_003602,7,0.0028,4.962105680069721e-05,0,1559,4,1559,8,1,1,8,1.0,-0.0,0.0
R_003603,5,0.002,4.043317417102353e-05,0,1628,0,1628,6,1,3,6,1.0,-0.0,0.0
R_003604,6,0.0024,4.2554962625476875e-05,0,1505,7,1505,6,1,4,6,1.0,-0.0,0.0
R_003605,11,0.0044,7.179943935277448e-05,0,1559,4,1559,7,1,1,7,1.0,-0.0,0.0
R_003606,8,0.0032,5.546730150510761e-05,0,1562,3,1562,6,3,6,4,0.6666666666666666,0.8675632284814612,0.7896900821428474
R_003607,11,0.0044,6.770422455058474e-05,0,1505,7,1505,7,1,4,7,1.0,-0.0,0.0
R_003608,8,0.0032,5.8095665056113355e-05,0,1550,5,1550,7,1,0,7,1.0,-0.0,0.0
R_003609,11,0.0044,7.158912620771818e-05,0,1562,3,1562,8,3,6,6,0.75,0.7356219397587946,0.6695919455357792
R_003610,12,0.0048,7.690120396923361e-05,0,1562,3,1562,7,3,6,5,0.7142857142857143,0.796311640173813,0.7248340915057598
R_003611,7,0.0028,4.992199562478193e-05,0,1562,3,1562,8,2,6,7,0.875,0.3767701612564367,0.5435644431995964
R_003612,3,0.0012,2.7587987518118397e-05,0,3102,1,1571,5,4,7,2,0.4,1.3321790402101223,0.9609640474436812
R_003613,2,0.0008,2.3734120199397643e-05,0,1550,5,1550,5,1,0,5,1.0,-0.0,0.0
R_003614,6,0.0024,4.209210221135312e-05,0,1505,7,1505,5,1,4,5,1.0,-0.0,0.0
R_003615,8,0.0032,5.2713470618938115e-05,0,1505,7,1505,5,1,4,5,1.0,-0.0,0.0
R_003616,10,0.004,6.430342936093032e-05,0,3102,6,1531,7,1,2,7,1.0,-0.0,0.0
R_003617,11,0.0044,7.18831954691719e-05,0,1562,3,1562,8,3,6,6,0.75,0.7356219397587946,0.6695919455357792
R_003618,13,0.0052,7.964330947220404e-05,0,3102,6,1531,8,1,2,8,1.0,-0.0,0.0
R_003619,16,0.0064,0.0001061145918822722,0,1565,2,1565,8,2,5,7,0.875,0.3767701612564367,0.5435644431995964
R_003620,8,0.0032,5.291336209878898e-05,0,1505,7,1505,5,1,4,5,1.0,-0.0,0.0
R_003621,9,0.0036,5.72575426920397e-05,0,1505,7,1505,6,1,4,6,1.0,-0.0,0.0
R_003622,12,0.0048,7.67686575175417e-05,0,1562,3,1562,7,2,6,6,0.8571428571428571,0.410116318288409,0.5916727785823274
R_003623,13,0.0052,7.858150299285659e-05,0,1505,7,1505,7,1,4,7,1.0,-0.0,0.0
R_003624,12,0.0048,7.305720046208721e-05,0,1505,7,1505,8,1,4,8,1.0,-0.0,0.0
R_003625,12,0.0048,8.106927120561884e-05,0,1550,5,1550,8,1,0,8,1.0,-0.0,0.0
R_003626,6,0.0024,4.280390668147286e-05,0,3102,6,1531,6,1,2,6,1.0,-0.0,0.0
R_003627,6,0.0024,4.3715033895166104e-05,0,3102,6,1531,5,1,2,5,1.0,-0.0,0.0
R_003628,12,0.0048,7.540829410687738e-05,0,1562,3,1562,8,2,6,7,0.875,0.3767701612564367,0.5435644431995964
R_003629,7,0.0028,4.9743320399434246e-05,0,1559,4,1559,6,1,1,6,1.0,-0.0,0.0
R_003630,14,0.0056,9.01823880633282e-05,0,1550,5,1550,8,1,0,8,1.0,-0.0,0.0
R_003631,9,0.0036,6.301687058606188e-05,0,1550,5,1550,7,1,0,7,1.0,-0.0,0.0
R_003632,5,0.002,3.7631494835932436e-05,0,3102,1,1571,5,2,7,3,0.6,0.6730116670092565,0.9709505944546688
R_003633,13,0.0052,8.267869842132762e-05,0,1562,3,1562,8,3,6,6,0.75,0.7356219397587946,0.6695919455357792
R_003634,1,0.0004,1.758723882153083e-05,0,3102,6,1531,5,1,2,5,1.0,-0.0,0.0
R_003635,7,0.0028,4.960861326484041e-05,0,1562,3,1562,8,3,6,6,0.75,0.7356219397587946,0.6695919455357792
R_003636,7,0.0028,4.826725843116902e-05,0,3102,1,1571,7,4,7,3,0.4285714285714285,1.277034259466139,0.9211854965885544
R_003637,4,0.0016,3.288855757280047e-05,0,3102,1,1571,6,4,2,2,0.3333333333333333,1.3296613488547582,0.9591479170272448
R_003638,7,0.0028,5.140245562893774e-05,0,1550,5,1550,7,1,0,7,1.0,-0.0,0.0
R_003639,5,0.002,3.974142572677966e-05,0,1562,3,1562,5,3,6,3,0.6,0.9502705392332348,0.8649735207179272
R_003640,9,0.0036,5.765537979677542e-05,0,3102,1,1571,7,3,7,4,0.5714285714285714,0.9556998911125344,0.8699155297736259
R_003641,13,0.0052,8.045625780779988e-05,0,3102,6,1531,8,1,2,8,1.0,-0.0,0.0
R_003642,9,0.0036,6.259586562796146e-05,0,1550,5,1550,8,1,0,8,1.0,-0.0,0.0
R_003643,6,0.0024,4.3752284462009616e-05,0,3102,6,1531,8,1,2,8,1.0,-0.0,0.0
R_003644,7,0.0028,5.2516755290722126e-05,0,1550,5,1550,8,1,0,8,1.0,-0.0,0.0
R_003645,7,0.0028,4.812103299578196e-05,0,1505,7,1505,5,1,4,5,1.0,-0.0,0.0
R_003646,13,0.0052,8.280843801807347e-05,0,1628,0,1628,8,1,3,8,1.0,-0.0,0.0
R_003647,11,0.0044,6.969306025702334e-05,0,3102,6,1531,8,1,2,8,1.0,-0.0,0.0
R_003648,6,0.0024,4.3257286764680005e-05,0,3102,1,1571,5,2,7,3,0.6,0.6730116670092565,0.9709505944546688
R_003649,9,0.0036,5.746187348697986e-05,0,1505,7,1505,7,1,4,7,1.0,-0.0,0.0
R_003650,12,0.0048,7.618862724724061e-05,0,1559,4,1559,8,1,1,8,1.0,-0.0,0.0
R_003651,3,0.0012,2.827831716844656e-05,0,1559,4,1559,6,1,1,6,1.0,-0.0,0.0
R_003652,12,0.0048,7.561690259833214e-05,0,1559,4,1559,6,1,1,6,1.0,-0.0,0.0
R_003653,15,0.006,0.00010017502234810871,0,1565,2,1565,8,2,5,7,0.875,0.3767701612564367,0.5435644431995964
R_003654,7,0.0028,5.055728809952593e-05,0,1562,3,1562,5,2,6,4,0.8,0.5004024235381879,0.7219280948873623
R_003655,7,0.0028,4.964132921693252e-05,0,1562,3,1562,6,3,6,4,0.6666666666666666,0.8675632284814612,0.7896900821428474
R_003656,10,0.004,6.312348938908725e-05,0,3102,1,1571,8,3,7,5,0.625,0.9002560512685369,0.8194483718728035
R_003657,11,0.0044,7.153700216203322e-05,0,1562,3,1562,8,3,6,6,0.75,0.7356219397587946,0.6695919455357792
R_003658,14,0.0056,8.695951057375395e-05,0,1559,4,1559,7,1,1,7,1.0,-0.0,0.0
R_003659,8,0.0032,5.578432938093142e-05,0,1628,0,1628,6,1,3,6,1.0,-0.0,0.0
R_003660,2,0.0008,2.423541437207274e-05,0,1565,2,1565,5,2,5,4,0.8,0.5004024235381879,0.7219280948873623
R_003661,10,0.004,6.374700403541717e-05,0,3102,1,1571,8,3,7,5,0.625,0.9002560512685369,0.8194483718728035
R_003662,6,0.0024,4.449291453928069e-05,0,1562,3,1562,5,2,6,4,0.8,0.5004024235381879,0.7219280948873623
R_003663,8,0.0032,5.313500273518747e-05,0,3102,6,1531,8,1,2,8,1.0,-0.0,0.0
R_003664,4,0.0016,3.3580998735252676e-05,0,1559,4,1559,5,1,1,5,1.0,-0.0,0.0
R_003665,9,0.0036,6.210184390051484e-05,0,1550,5,1550,5,1,0,5,1.0,-0.0,0.0
R_003666,8,0.0032,5.4828468081371004e-05,0,1559,4,1559,8,1,1,8,1.0,-0.0,0.0
R_003667,10,0.004,6.381023687649905e-05,0,3102,1,1571,8,4,7,4,0.5,1.2130075659799042,0.875
R_003668,7,0.0028,5.025617684179809e-05,0,1562,3,1562,7,2,6,6,0.8571428571428571,0.410116318288409,0.5916727785823274
R_003669,4,0.0016,3.578621251713985e-05,0,1565,2,1565,5,2,5,4,0.8,0.5004024235381879,0.7219280948873623
R_003670,5,0.002,3.878946737215606e-05,0,1559,4,1559,5,1,1,5,1.0,-0.0,0.0
R_003671,4,0.0016,3.4921641434333986e-05,0,1550,5,1550,5,1,0,5,1.0,-0.0,0.0
R_003672,6,0.0024,4.671093719815599e-05,0,1550,5,1550,8,1,0,8,1.0,-0.0,0.0
R_003673,5,0.002,3.971792768339207e-05,0,1562,3,1562,5,1,6,5,1.0,-0.0,0.0
R_003674,7,0.0028,5.042252035254533e-05,0,1562,3,1562,6,3,6,4,0.6666666666666666,0.8675632284814612,0.7896900821428474
R_003675,9,0.0036,5.7847215880071784e-05,0,1505,7,1505,8,1,4,8,1.0,-0.0,0.0
R_003676,10,0.004,6.204417739876974e-05,0,3102,1,1571,7,3,7,5,0.7142857142857143,0.796311640173813,0.7248340915057598
R_003677,8,0.0032,5.8157484245759945e-05,0,1565,2,1565,6,2,5,5,0.8333333333333334,0.4505612088663046,0.6500224216483541
R_003678,7,0.0028,5.008239467408807e-05,0,1559,4,1559,6,1,1,6,1.0,-0.0,0.0
R_003679,4,0.0016,3.5121333114567924e-05,0,1565,2,1565,5,2,5,4,0.8,0.5004024235381879,0.7219280948873623
R_003680,3,0.0012,3.0211837892327372e-05,0,1565,2,1565,5,2,5,4,0.8,0.5004024235381879,0.7219280948873623
R_003681,13,0.0052,8.197683446070754e-05,0,1562,3,1562,7,2,6,6,0.8571428571428571,0.410116318288409,0.5916727785823274
R_003682,4,0.0016,3.420190057409006e-05,0,1562,3,1562,7,2,6,6,0.8571428571428571,0.410116318288409,0.5916727785823274
R_003683,2,0.0008,2.3739347022562163e-05,0,1550,5,1550,5,1,0,5,1.0,-0.0,0.0
R_003684,5,0.002,4.128651670638486e-05,0,1565,2,1565,8,2,5,7,0.875,0.3767701612564367,0.5435644431995964
R_003685,5,0.002,4.135560526512635e-05,0,1565,2,1565,7,1,5,7,1.0,-0.0,0.0
R_003686,6,0.0024,4.2254896998746045e-05,0,3102,1,1571,5,2,7,3,0.6,0.6730116670092565,0.9709505944546688
R_003687,6,0.0024,4.289574750540091e-05,0,3102,6,1531,6,1,2,6,1.0,-0.0,0.0
R_003688,5,0.002,3.9389073753308614e-05,0,1628,0,1628,5,1,3,5,1.0,-0.0,0.0
R_003689,16,0.0064,9.78923673127806e-05,0,1559,4,1559,8,1,1,8,1.0,-0.0,0.0
R_003690,7,0.0028,5.334712074178275e-05,0,1565,2,1565,6,1,5,6,1.0,-0.0,0.0
R_003691,6,0.0024,4.3087502144826516e-05,0,1505,7,1505,7,1,4,7,1.0,-0.0,0.0
R_003692,4,0.0016,3.426254313732262e-05,0,1628,0,1628,6,1,3,6,1.0,-0.0,0.0
R_003693,9,0.0036,6.0267569816434947e-05,0,1559,4,1559,8,1,1,8,1.0,-0.0,0.0
R_003694,9,0.0036,6.109607878679653e-05,0,1628,0,1628,7,1,3,7,1.0,-0.0,0.0
R_003695,5,0.002,3.7767186097624506e-05,0,3102,1,1571,5,3,2,2,0.4,1.0549201679861442,0.9602297178607612
R_003696,13,0.0052,7.760719991787612e-05,0,1505,7,1505,7,1,4,7,1.0,-0.0,0.0
R_003697,9,0.0036,6.0434480576019224e-05,0,1562,3,1562,7,3,6,5,0.7142857142857143,0.796311640173813,0.7248340915057598
R_003698,5,0.002,3.925828278643414e-05,0,1628,0,1628,8,1,3,8,1.0,-0.0,0.0
R_003699,8,0.0032,5.706866530848236e-05,0,1550,5,1550,7,1,0,7,1.0,-0.0,0.0
R_003700,3,0.0012,2.867731269494649e-05,0,1628,0,1628,6,1,3,6,1.0,-0.0,0.0
R_003701,9,0.0036,6.083621504635517e-05,0,1628,0,1628,7,1,3,7,1.0,-0.0,0.0
R_003702,7,0.0028,5.071925248533686e-05,0,1628,0,1628,6,1,3,6,1.0,-0.0,0.0
R_003703,3,0.0012,2.983148500089383e-05,0,1550,5,1550,5,1,0,5,1.0,-0.0,0.0
R_003704,3,0.0012,2.7959861498892583e-05,0,1505,7,1505,5,1,4,5,1.0,-0.0,0.0
R_003705,4,0.0016,3.458241065433794e-05,0,1628,0,1628,7,1,3,7,1.0,-0.0,0.0
R_003706,4,0.0016,3.26409331974271e-05,0,3102,6,1531,5,1,2,5,1.0,-0.0,0.0
R_003707,12,0.0048,8.010013633188847e-05,0,1550,5,1550,6,1,0,6,1.0,-0.0,0.0
R_003708,8,0.0032,5.322094803258751e-05,0,3102,1,1571,6,3,7,4,0.6666666666666666,0.8675632284814612,0.7896900821428474
R_003709,6,0.0024,4.42842896921961e-05,0,1559,4,1559,5,1,1,5,1.0,-0.0,0.0
R_003710,7,0.0028,5.031424547612846e-05,0,1628,0,1628,7,1,3,7,1.0,-0.0,0.0
R_003711,8,0.0032,5.709763915071553e-05,0,1550,5,1550,6,1,0,6,1.0,-0.0,0.0
R_003712,5,0.002,3.877754323421036e-05,0,3102,6,1531,5,1,2,5,1.0,-0.0,0.0
R_003713,14,0.0056,8.860980647519246e-05,0,1628,0,1628,8,1,3,8,1.0,-0.0,0.0
R_003714,10,0.004,6.29678119504871e-05,0,3102,1,1571,7,4,7,4,0.5714285714285714,1.1537419427010902,0.8322488896002307
R_003715,10,0.004,6.57396063301896e-05,0,1562,3,1562,6,2,6,5,0.8333333333333334,0.4505612088663046,0.6500224216483541
R_003716,13,0.0052,8.141189934347497e-05,0,1562,3,1562,8,3,6,6,0.75,0.7356219397587946,0.6695919455357792
R_003717,7,0.0028,5.0070661668082975e-05,0,1628,0,1628,7,1,3,7,1.0,-0.0,0.0
R_003718,3,0.0012,2.7824033818400198e-05,0,3102,1,1571,5,3,2,2,0.4,1.0549201679861442,0.9602297178607612
R_003719,9,0.0036,6.116176748645074e-05,0,1628,0,1628,7,1,3,7,1.0,-0.0,0.0
R_003720,4,0.0016,3.485962340192342e-05,0,1565,2,1565,7,1,5,7,1.0,-0.0,0.0
R_003721,6,0.0024,4.4324737367278616e-05,0,1562,3,1562,8,3,6,6,0.75,0.7356219397587946,0.6695919455357792
R_003722,8,0.0032,5.394644273757251e-05,0,3102,6,1531,8,1,2,8,1.0,-0.0,0.0
R_003723,9,0.0036,5.776577534166426e-05,0,1505,7,1505,6,1,4,6,1.0,-0.0,0.0
R_003724,10,0.004,6.792391143192294e-05,0,1550,5,1550,7,1,0,7,1.0,-0.0,0.0
R_003725,11,0.0044,7.112552648023959e-05,0,1559,4,1559,8,1,1,8,1.0,-0.0,0.0
R_003726,6,0.0024,4.607770475121383e-05,0,1550,5,1550,5,1,0,5,1.0,-0.0,0.0
R_003727,8,0.0032,5.336096305025928e-05,0,3102,1,1571,6,3,7,3,0.5,1.0114042647073518,0.920619835714305
R_003728,11,0.0044,7.070982206200171e-05,0,1562,3,1562,8,3,6,6,0.75,0.7356219397587946,0.6695919455357792
R_003729,5,0.002,3.7790294342369775e-05,0,1505,7,1505,5,1,4,5,1.0,-0.0,0.0
R_003730,11,0.0044,7.060397570734253e-05,0,1559,4,1559,6,1,1,6,1.0,-0.0,0.0
R_003731,9,0.0036,6.0491152631160336e-05,0,1562,3,1562,8,3,6,6,0.75,0.7356219397587946,0.6695919455357792
R_003732,5,0.002,3.99506503418565e-05,0,1550,5,1550,5,1,0,5,1.0,-0.0,0.0
R_003733,2,0.0008,2.2155043113685142e-05,0,1505,7,1505,5,1,4,5,1.0,-0.0,0.0
R_003734,4,0.0016,3.528028759150066e-05,0,1550,5,1550,6,1,0,6,1.0,-0.0,0.0
R_003735,5,0.002,4.1572582252212266e-05,0,1565,2,1565,7,2,5,6,0.8571428571428571,0.410116318288409,0.5916727785823274
R_003736,7,0.0028,4.782999634192505e-05,0,3102,1,1571,6,4,7,3,0.5,1.242453324894,0.8962406251802889
R_003737,7,0.0028,4.8903581373648193e-05,0,3102,6,1531,5,1,2,5,1.0,-0.0,0.0
R_003738,10,0.004,6.644199428516952e-05,0,1628,0,1628,7,1,3,7,1.0,-0.0,0.0
R_003739,8,0.0032,5.672038389030696e-05,0,1550,5,1550,6,1,0,6,1.0,-0.0,0.0
R_003740,11,0.0044,6.782396230078217e-05,0,3102,1,1571,7,3,7,4,0.5714285714285714,0.9556998911125344,0.8699155297736259
R_003741,14,0.0056,9.378192246056723e-05,0,1565,2,1565,8,2,5,7,0.875,0.3767701612564367,0.5435644431995964
R_003742,3,0.0012,2.7810524872342102e-05,0,3102,1,1571,5,3,7,3,0.6,0.9502705392332348,0.8649735207179272
R_003743,6,0.0024,4.677647443818394e-05,0,1565,2,1565,7,2,5,6,0.8571428571428571,0.410116318288409,0.5916727785823274
R_003744,4,0.0016,3.317856072247249e-05,0,1505,7,1505,5,1,4,5,1.0,-0.0,0.0
R_003745,3,0.0012,2.7543751015332948e-05,0,3102,1,1571,5,4,7,2,0.4,1.3321790402101223,0.9609640474436812
R_003746,9,0.0036,6.123610864513076e-05,0,1628,0,1628,7,1,3,7,1.0,-0.0,0.0
R_003747,3,0.0012,2.795791511434101e-05,0,3102,6,1531,6,1,2,6,1.0,-0.0,0.0
R_003748,16,0.0064,9.916319464656178e-05,0,1628,0,1628,7,1,3,7,1.0,-0.0,0.0
R_003749,3,0.0012,2.936396232618829e-05,0,1550,5,1550,6,1,0,6,1.0,-0.0,0.0
R_003750,7,0.0028,5.012025094335606e-05,0,1628,0,1628,6,1,3,6,1.0,-0.0,0.0
R_003751,5,0.002,3.7742215300330914e-05,0,1505,7,1505,6,1,4,6,1.0,-0.0,0.0
R_003752,4,0.0016,3.543845294202451e-05,0,1565,2,1565,8,2,5,7,0.875,0.3767701612564367,0.5435644431995964
R_003753,7,0.0028,4.9281233095764897e-05,0,1562,3,1562,7,3,6,5,0.7142857142857143,0.796311640173813,0.7248340915057598
R_003754,6,0.0024,4.3987005944207546e-05,0,1562,3,1562,5,1,6,5,1.0,-0.0,0.0
R_003755,10,0.004,6.736057943122969e-05,0,1628,0,1628,8,1,3,8,1.0,-0.0,0.0
R_003756,11,0.0044,6.843919170747731e-05,0,3102,1,1571,7,3,7,5,0.7142857142857143,0.796311640173813,0.7248340915057598
R_003757,6,0.0024,4.615617322574149e-05,0,1550,5,1550,7,1,0,7,1.0,-0.0,0.0
R_003758,9,0.0036,5.7874837526201287e-05,0,1505,7,1505,6,1,4,6,1.0,-0.0,0.0
R_003759,8,0.0032,5.251619514563017e-05,0,3102,1,1571,6,2,7,5,0.8333333333333334,0.4505612088663046,0.6500224216483541
R_003760,4,0.0016,3.425867249706156e-05,0,1562,3,1562,6,3,6,4,0.6666666666666666,0.8675632284814612,0.7896900821428474
R_003761,8,0.0032,5.504983453383896e-05,0,1562,3,1562,7,2,6,6,0.8571428571428571,0.410116318288409,0.5916727785823274
R_003762,5,0.002,3.923957217205157e-05,0,1562,3,1562,5,2,6,4,0.8,0.5004024235381879,0.7219280948873623
R_003763,14,0.0056,8.819929737159755e-05,0,1628,0,1628,7,1,3,7,1.0,-0.0,0.0
R_003764,3,0.0012,2.8721420933685292e-05,0,1562,3,1562,5,2,6,4,0.8,0.5004024235381879,0.7219280948873623
R_003765,1,0.0004,1.7643082591235104e-05,0,1628,0,1628,5,1,3,5,1.0,-0.0,0.0
R_003766,16,0.0064,9.479412071173309e-05,0,3102,6,1531,8,1,2,8,1.0,-0.0,0.0
R_003767,9,0.0036,6.413752520009594e-05,0,1565,2,1565,7,1,5,7,1.0,-0.0,0.0
R_003768,8,0.0032,5.335233792460324e-05,0,3102,6,1531,8,1,2,8,1.0,-0.0,0.0
R_003769,15,0.006,9.312036365358982e-05,0,1562,3,1562,7,3,6,5,0.7142857142857143,0.796311640173813,0.7248340915057598
R_003770,0,0.0,1.2023710757614017e-05,1,1,15,1,5,1,3,5,1.0,-0.0,0.0
R_003771,7,0.0028,4.9580824994707514e-05,0,1562,3,1562,7,3,6,5,0.7142857142857143,0.796311640173813,0.7248340915057598
R_003772,6,0.0024,4.344846289456547e-05,0,3102,6,1531,5,1,2,5,1.0,-0.0,0.0
R_003773,6,0.0024,4.442835960471505e-05,0,1559,4,1559,5,1,1,5,1.0,-0.0,0.0
R_003774,5,0.002,3.97147220487795e-05,0,1628,0,1628,6,1,3,6,1.0,-0.0,0.0
R_003775,3,0.0012,2.9034228352875156e-05,0,1550,5,1550,5,1,0,5,1.0,-0.0,0.0
R_003776,4,0.0016,3.463562390268838e-05,0,1628,0,1628,5,1,3,5,1.0,-0.0,0.0
R_003777,1,0.0004,1.7401193535311825e-05,0,3102,1,1571,5,3,7,3,0.6,0.9502705392332348,0.8649735207179272
R_003778,1,0.0004,1.7503605845112845e-05,0,3102,1,1571,5,2,7,4,0.8,0.5004024235381879,0.7219280948873623
R_003779,2,0.0008,2.294848302895589e-05,0,3102,1,1571,7,3,7,4,0.5714285714285714,0.9556998911125344,0.8699155297736259
R_003780,9,0.0036,5.8958905865609683e-05,0,3102,6,1531,8,1,2,8,1.0,-0.0,0.0
R_003781,10,0.004,6.584401507268364e-05,0,1559,4,1559,8,1,1,8,1.0,-0.0,0.0
R_003782,7,0.0028,4.767554788653551e-05,0,1505,7,1505,6,1,4,6,1.0,-0.0,0.0
R_003783,6,0.0024,4.27283190960037e-05,0,1505,7,1505,5,1,4,5,1.0,-0.0,0.0
R_003784,4,0.0016,3.5590320311389435e-05,0,1565,2,1565,5,1,5,5,1.0,-0.0,0.0
R_003785,11,0.0044,6.846364773933373e-05,0,3102,1,1571,6,3,7,4,0.6666666666666666,0.8675632284814612,0.7896900821428474
R_003786,5,0.002,4.103305160597975e-05,0,1550,5,1550,6,1,0,6,1.0,-0.0,0.0
R_003787,9,0.0036,5.893494372854969e-05,0,3102,6,1531,7,1,2,7,1.0,-0.0,0.0
R_003788,3,0.0012,2.8782369798348576e-05,0,1628,0,1628,6,1,3,6,1.0,-0.0,0.0
R_003789,7,0.0028,4.808938464021508e-05,0,1505,7,1505,8,1,4,8,1.0,-0.0,0.0
R_003790,11,0.0044,7.256818195399088e-05,0,1628,0,1628,7,1,3,7,1.0,-0.0,0.0
R_003791,7,0.0028,4.92273644447931e-05,0,1559,4,1559,5,1,1,5,1.0,-0.0,0.0
R_003792,5,0.002,3.8507573015024464e-05,0,1559,4,1559,6,1,1,6,1.0,-0.0,0.0
R_003793,11,0.0044,7.196618286144363e-05,0,1562,3,1562,6,3,6,4,0.6666666666666666,0.8675632284814612,0.7896900821428474
R_003794,5,0.002,3.892968748429273e-05,0,1559,4,1559,6,1,1,6,1.0,-0.0,0.0
R_003795,8,0.0032,5.860582798575655e-05,0,1565,2,1565,6,1,5,6,1.0,-0.0,0.0
R_003796,8,0.0032,5.789597482350215e-05,0,1550,5,1550,8,1,0,8,1.0,-0.0,0.0
R_003797,9,0.0036,6.068672991505106e-05,0,1562,3,1562,8,3,6,6,0.75,0.7356219397587946,0.6695919455357792
R_003798,15,0.006,8.83934607341852e-05,0,3102,1,1571,7,3,7,5,0.7142857142857143,0.796311640173813,0.7248340915057598
R_003799,9,0.0036,6.32375849323324e-05,0,1550,5,1550,8,1,0,8,1.0,-0.0,0.0
R_003800,10,0.004,6.686534252359239e-05,0,1628,0,1628,7,1,3,7,1.0,-0.0,0.0
R_003801,4,0.0016,3.5546842368619867e-05,0,1565,2,1565,5,2,5,4,0.8,0.5004024235381879,0.7219280948873623
R_003802,9,0.0036,6.065567460665472e-05,0,1562,3,1562,8,2,6,7,0.875,0.3767701612564367,0.5435644431995964
R_003803,10,0.004,6.840329558266055e-05,0,1550,5,1550,8,1,0,8,1.0,-0.0,0.0
R_003804,15,0.006,8.908035967849866e-05,0,3102,6,1531,6,1,2,6,1.0,-0.0,0.0
R_003805,6,0.0024,4.375195451601385e-05,0,1559,4,1559,5,1,1,5,1.0,-0.0,0.0
R_003806,11,0.0044,7.24358563233385e-05,0,1628,0,1628,7,1,3,7,1.0,-0.0,0.0
R_003807,8,0.0032,5.8118556442356664e-05,0,1565,2,1565,8,2,5,7,0.875,0.3767701612564367,0.5435644431995964
R_003808,6,0.0024,4.402626933014443e-05,0,1559,4,1559,7,1,1,7,1.0,-0.0,0.0
R_003809,2,0.0008,2.3114063169634802e-05,0,1562,3,1562,6,3,6,4,0.6666666666666666,0.8675632284814612,0.7896900821428474
R_003810,9,0.0036,6.433079253822879e-05,0,1565,2,1565,8,2,5,7,0.875,0.3767701612564367,0.5435644431995964
R_003811,11,0.0044,7.143141347713365e-05,0,1559,4,1559,8,1,1,8,1.0,-0.0,0.0
R_003812,2,0.0008,2.4112688938487905e-05,0,1565,2,1565,5,1,5,5,1.0,-0.0,0.0
R_003813,7,0.0028,4.7534727062387024e-05,0,3102,1,1571,6,3,7,4,0.6666666666666666,0.8675632284814612,0.7896900821428474
R_003814,7,0.0028,5.148638333708551e-05,0,1550,5,1550,8,1,0,8,1.0,-0.0,0.0
R_003815,8,0.0032,5.268546798083341e-05,0,3102,1,1571,7,4,7,4,0.5714285714285714,1.1537419427010902,0.8322488896002307
R_003816,7,0.0028,5.209784803531366e-05,0,1550,5,1550,8,1,0,8,1.0,-0.0,0.0
R_003817,6,0.0024,4.594120169298384e-05,0,1550,5,1550,5,1,0,5,1.0,-0.0,0.0
R_003818,6,0.0024,4.45208234606551e-05,0,1562,3,1562,7,2,6,6,0.8571428571428571,0.410116318288409,0.5916727785823274
R_003819,6,0.0024,4.256291960464171e-05,0,1505,7,1505,6,1,4,6,1.0,-0.0,0.0
R_003820,4,0.0016,3.240616289654756e-05,0,1505,7,1505,5,1,4,5,1.0,-0.0,0.0
R_003821,5,0.002,3.741955665408728e-05,0,1505,7,1505,7,1,4,7,1.0,-0.0,0.0
R_003822,15,0.006,8.683947209474532e-05,0,1505,7,1505,8,1,4,8,1.0,-0.0,0.0
R_003823,3,0.0012,2.735509149339312e-05,0,3102,1,1571,5,2,7,4,0.8,0.5004024235381879,0.7219280948873623
R_003824,14,0.0056,8.828388622978385e-05,0,1628,0,1628,7,1,3,7,1.0,-0.0,0.0
R_003825,3,0.0012,2.8141329407499284e-05,0,1562,3,1562,6,1,6,6,1.0,-0.0,0.0
R_003826,2,0.0008,2.2532230001063568e-05,0,1505,7,1505,5,1,4,5,1.0,-0.0,0.0
R_003827,10,0.004,6.569326664227333e-05,0,1559,4,1559,8,1,1,8,1.0,-0.0,0.0
R_003828,10,0.004,7.020380111617308e-05,0,1565,2,1565,7,2,5,6,0.8571428571428571,0.410116318288409,0.5916727785823274
R_003829,9,0.0036,6.374770586736403e-05,0,1550,5,1550,6,1,0,6,1.0,-0.0,0.0
R_003830,6,0.0024,4.545715307329385e-05,0,1550,5,1550,8,1,0,8,1.0,-0.0,0.0
R_003831,13,0.0052,7.758982347385617e-05,0,1505,7,1505,8,1,4,8,1.0,-0.0,0.0
R_003832,9,0.0036,6.121119882143468e-05,0,1628,0,1628,7,1,3,7,1.0,-0.0,0.0
R_003833,9,0.0036,5.840078762512167e-05,0,3102,6,1531,7,1,2,7,1.0,-0.0,0.0
R_003834,4,0.0016,3.2529182109475936e-05,0,1505,7,1505,6,1,4,6,1.0,-0.0,0.0
R_003835,5,0.002,4.1526900884753876e-05,0,1565,2,1565,8,2,5,7,0.875,0.3767701612564367,0.5435644431995964
R_003836,5,0.002,3.808437545006906e-05,0,3102,1,1571,5,3,7,3,0.6,0.9502705392332348,0.8649735207179272
R_003837,5,0.002,3.94740948205834e-05,0,1628,0,1628,5,1,3,5,1.0,-0.0,0.0
R_003838,3,0.0012,2.7756099086246305e-05,0,1505,7,1505,5,1,4,5,1.0,-0.0,0.0
R_003839,12,0.0048,7.801820810305907e-05,0,1628,0,1628,7,1,3,7,1.0,-0.0,0.0
R_003840,9,0.0036,5.78056558511412e-05,0,1505,7,1505,7,1,4,7,1.0,-0.0,0.0
R_003841,6,0.0024,4.339212718629366e-05,0,3102,6,1531,6,1,2,6,1.0,-0.0,0.0
R_003842,9,0.0036,6.269756049032692e-05,0,1550,5,1550,6,1,0,6,1.0,-0.0,0.0
R_003843,4,0.0016,3.3496542096871596e-05,0,1628,0,1628,6,1,3,6,1.0,-0.0,0.0
R_003844,4,0.0016,3.2731499422632395e-05,0,3102,1,1571,5,3,7,3,0.6,0.9502705392332348,0.8649735207179272
R_003845,11,0.0044,6.880790569404935e-05,0,3102,1,1571,8,2,7,6,0.75,0.5623351446188083,0.8112781244591328
R_003846,5,0.002,4.041109418507194e-05,0,1550,5,1550,6,1,0,6,1.0,-0.0,0.0
R_003847,3,0.0012,2.882422835795638e-05,0,1628,0,1628,7,1,3,7,1.0,-0.0,0.0
R_003848,5,0.002,4.132848173271054e-05,0,1565,2,1565,5,1,5,5,1.0,-0.0,0.0
R_003849,7,0.0028,4.966582502593693e-05,0,1559,4,1559,6,1,1,6,1.0,-0.0,0.0
R_003850,7,0.0028,4.791984764322393e-05,0,3102,1,1571,5,1,7,5,1.0,-0.0,0.0
R_003851,9,0.0036,6.0110811170839834e-05,0,1559,4,1559,8,1,1,8,1.0,-0.0,0.0
R_003852,7,0.0028,5.0251047109144883e-05,0,1628,0,1628,7,1,3,7,1.0,-0.0,0.0
R_003853,8,0.0032,5.540775908965291e-05,0,1559,4,1559,8,1,1,8,1.0,-0.0,0.0
R_003854,4,0.0016,3.543066513396102e-05,0,1550,5,1550,5,1,0,5,1.0,-0.0,0.0
R_003855,2,0.0008,2.2332892619556156e-05,0,1505,7,1505,5,1,4,5,1.0,-0.0,0.0
R_003856,12,0.0048,7.320673528404325e-05,0,3102,1,1571,7,3,7,4,0.5714285714285714,0.9556998911125344,0.8699155297736259
R_003857,4,0.0016,3.3768108018156044e-05,0,1559,4,1559,5,1,1,5,1.0,-0.0,0.0
R_003858,8,0.0032,5.8720952616469127e-05,0,1565,2,1565,8,1,5,8,1.0,-0.0,0.0
R_003859,8,0.0032,5.4385624309106455e-05,0,1559,4,1559,7,1,1,7,1.0,-0.0,0.0
R_003860,4,0.0016,3.527629487545205e-05,0,1565,2,1565,5,1,5,5,1.0,-0.0,0.0
R_003861,3,0.0012,2.8476875558877004e-05,0,1562,3,1562,5,1,6,5,1.0,-0.0,0.0
R_003862,4,0.0016,3.6058715973364695e-05,0,1565,2,1565,5,1,5,5,1.0,-0.0,0.0
R_003863,2,0.0008,2.3255943884233333e-05,0,1628,0,1628,6,1,3,6,1.0,-0.0,0.0
R_003864,13,0.0052,7.694486282227466e-05,0,1505,7,1505,8,1,4,8,1.0,-0.0,0.0
R_003865,5,0.002,4.176242273174075e-05,0,1565,2,1565,6,2,5,5,0.8333333333333334,0.4505612088663046,0.6500224216483541
R_003866,11,0.0044,6.859930265529839e-05,0,3102,6,1531,8,1,2,8,1.0,-0.0,0.0
R_003867,11,0.0044,6.954249322760719e-05,0,3102,6,1531,8,1,2,8,1.0,-0.0,0.0
R_003868,3,0.0012,2.9363869690997268e-05,0,1550,5,1550,5,1,0,5,1.0,-0.0,0.0
R_003869,5,0.002,3.895032033314656e-05,0,1559,4,1559,6,1,1,6,1.0,-0.0,0.0
R_003870,10,0.004,6.237647517547374e-05,0,1505,7,1505,6,1,4,6,1.0,-0.0,0.0
R_003871,4,0.0016,3.272311118971362e-05,0,1505,7,1505,5,1,4,5,1.0,-0.0,0.0
R_003872,15,0.006,9.961966796333526e-05,0,1565,2,1565,8,2,5,7,0.875,0.3767701612564367,0.5435644431995964
R_003873,6,0.0024,4.3393174856052824e-05,0,1505,7,1505,8,1,4,8,1.0,-0.0,0.0
R_003874,8,0.0032,5.680380127100484e-05,0,1550,5,1550,7,1,0,7,1.0,-0.0,0.0
R_003875,8,0.0032,5.7701809501416896e-05,0,1550,5,1550,5,1,0,5,1.0,-0.0,0.0
R_003876,16,0.0064,0.00010115270141310807,0,1550,5,1550,8,1,0,8,1.0,-0.0,0.0
R_003877,1,0.0004,1.8219701239879253e-05,0,1565,2,1565,6,2,5,5,0.8333333333333334,0.4505612088663046,0.6500224216483541
R_003878,6,0.0024,4.311740437254742e-05,0,3102,6,1531,5,1,2,5,1.0,-0.0,0.0
R_003879,17,0.0068,9.830487548374136e-05,0,3102,1,1571,8,3,7,6,0.75,0.7356219397587946,0.6695919455357792
R_003880,14,0.0056,9.03700782975004e-05,0,1550,5,1550,8,1,0,8,1.0,-0.0,0.0
R_003881,8,0.0032,5.44850563948118e-05,0,1562,3,1562,6,2,6,5,0.8333333333333334,0.4505612088663046,0.6500224216483541
R_003882,8,0.0032,5.750754676406098e-05,0,1550,5,1550,6,1,0,6,1.0,-0.0,0.0
R_003883,5,0.002,4.1780695987080945e-05,0,1565,2,1565,6,2,5,5,0.8333333333333334,0.4505612088663046,0.6500224216483541
R_003884,7,0.0028,4.7752180609315805e-05,0,3102,1,1571,6,3,7,3,0.5,1.0114042647073518,0.920619835714305
R_003885,11,0.0044,6.890547400118336e-05,0,3102,6,1531,8,1,2,8,1.0,-0.0,0.0
R_003886,3,0.0012,2.8373960237453537e-05,0,1562,3,1562,6,1,6,6,1.0,-0.0,0.0
R_003887,10,0.004,6.417153824773017e-05,0,3102,6,1531,8,1,2,8,1.0,-0.0,0.0
R_003888,6,0.0024,4.4549234215071244e-05,0,1562,3,1562,5,3,6,3,0.6,0.9502705392332348,0.8649735207179272
R_003889,8,0.0032,5.328291293274847e-05,0,3102,1,1571,8,4,7,5,0.625,1.073542846408523,0.7743974703476992
R_003890,13,0.0052,8.782179149787863e-05,0,1565,2,1565,7,2,5,6,0.8571428571428571,0.410116318288409,0.5916727785823274
R_003891,7,0.0028,4.968561318126367e-05,0,1559,4,1559,7,1,1,7,1.0,-0.0,0.0
R_003892,11,0.0044,7.144372006706717e-05,0,1562,3,1562,8,2,6,7,0.875,0.3767701612564367,0.5435644431995964
R_003893,10,0.004,6.385810817273273e-05,0,3102,6,1531,8,1,2,8,1.0,-0.0,0.0
R_003894,7,0.0028,5.268523074430887e-05,0,1565,2,1565,8,2,5,7,0.875,0.3767701612564367,0.5435644431995964
R_003895,2,0.0008,2.308303308978752e-05,0,1628,0,1628,7,1,3,7,1.0,-0.0,0.0
R_003896,11,0.0044,7.204443098850045e-05,0,1628,0,1628,7,1,3,7,1.0,-0.0,0.0
R_003897,3,0.0012,2.732666070583478e-05,0,3102,1,1571,5,3,7,3,0.6,0.9502705392332348,0.8649735207179272
R_003898,5,0.002,3.93025396727521e-05,0,1628,0,1628,5,1,3,5,1.0,-0.0,0.0
R_003899,6,0.0024,4.356461320673786e-05,0,3102,6,1531,6,1,2,6,1.0,-0.0,0.0
R_003900,3,0.0012,2.7692890296220235e-05,0,1505,7,1505,5,1,4,5,1.0,-0.0,0.0
R_003901,7,0.0028,4.866229610243341e-05,0,3102,6,1531,8,1,2,8,1.0,-0.0,0.0
R_003902,5,0.002,3.8773338865007075e-05,0,1559,4,1559,6,1,1,6,1.0,-0.0,0.0
R_003903,3,0.0012,2.8510919863625405e-05,0,1559,4,1559,5,1,1,5,1.0,-0.0,0.0
R_003904,10,0.004,6.357416838119391e-05,0,3102,6,1531,6,1,2,6,1.0,-0.0,0.0
R_003905,3,0.0012,2.7989238238040372e-05,0,3102,6,1531,5,1,2,5,1.0,-0.0,0.0
R_003906,6,0.0024,4.412389545496408e-05,0,1562,3,1562,5,1,6,5,1.0,-0.0,0.0
R_003907,10,0.004,6.382299038379766e-05,0,3102,6,1531,7,1,2,7,1.0,-0.0,0.0
R_003908,12,0.0048,8.000910019150831e-05,0,1550,5,1550,7,1,0,7,1.0,-0.0,0.0
R_003909,7,0.0028,5.2289068567860056e-05,0,1550,5,1550,5,1,0,5,1.0,-0.0,0.0
R_003910,4,0.0016,3.30998867607964e-05,0,3102,6,1531,5,1,2,5,1.0,-0.0,0.0
R_003911,9,0.0036,5.755465654323052e-05,0,1505,7,1505,6,1,4,6,1.0,-0.0,0.0
R_003912,5,0.002,3.778746175247422e-05,0,3102,1,1571,5,3,7,3,0.6,0.9502705392332348,0.8649735207179272
R_003913,7,0.0028,4.820501705255942e-05,0,1505,7,1505,5,1,4,5,1.0,-0.0,0.0
R_003914,3,0.0012,2.7943172919434014e-05,0,3102,6,1531,5,1,2,5,1.0,-0.0,0.0
R_003915,9,0.0036,5.960861252911056e-05,0,1559,4,1559,8,1,1,8,1.0,-0.0,0.0
R_003916,5,0.002,3.9371413173702635e-05,0,1628,0,1628,6,1,3,6,1.0,-0.0,0.0
R_003917,11,0.0044,7.271930346092028e-05,0,1628,0,1628,8,1,3,8,1.0,-0.0,0.0
R_003918,9,0.0036,6.15115084585446e-05,0,1559,4,1559,8,1,1,8,1.0,-0.0,0.0
R_003919,10,0.004,6.633046194472424e-05,0,1628,0,1628,5,1,3,5,1.0,-0.0,0.0
R_003920,11,0.0044,7.345139467341793e-05,0,1550,5,1550,6,1,0,6,1.0,-0.0,0.0
R_003921,6,0.0024,4.43128726198951e-05,0,1559,4,1559,5,1,1,5,1.0,-0.0,0.0
R_003922,10,0.004,6.734998313849666e-05,0,1628,0,1628,6,1,3,6,1.0,-0.0,0.0
R_003923,4,0.0016,3.4177884211598845e-05,0,1628,0,1628,7,1,3,7,1.0,-0.0,0.0
R_003924,8,0.0032,5.883369946146778e-05,0,1565,2,1565,5,2,5,4,0.8,0.5004024235381879,0.7219280948873623
R_003925,9,0.0036,6.489605596437866e-05,0,1565,2,1565,7,2,5,6,0.8571428571428571,0.410116318288409,0.5916727785823274
R_003926,4,0.0016,3.592710007286487e-05,0,1565,2,1565,5,2,5,4,0.8,0.5004024235381879,0.7219280948873623
R_003927,9,0.0036,6.291329882523726e-05,0,1550,5,1550,6,1,0,6,1.0,-0.0,0.0
R_003928,11,0.0044,7.151013688877635e-05,0,1559,4,1559,7,1,1,7,1.0,-0.0,0.0
R_003929,9,0.0036,6.258200754300933e-05,0,1550,5,1550,7,1,0,7,1.0,-0.0,0.0
R_003930,4,0.0016,3.230895885045626e-05,0,3102,6,1531,5,1,2,5,1.0,-0.0,0.0
R_003931,17,0.0068,9.835722022052069e-05,0,1505,7,1505,8,1,4,8,1.0,-0.0,0.0
R_003932,10,0.004,6.646255292368602e-05,0,1562,3,1562,7,3,6,5,0.7142857142857143,0.796311640173813,0.7248340915057598
R_003933,12,0.0048,7.94542954780706e-05,0,1550,5,1550,8,1,0,8,1.0,-0.0,0.0
R_003934,7,0.0028,4.7866179265816234e-05,0,1505,7,1505,7,1,4,7,1.0,-0.0,0.0
R_003935,10,0.004,6.837146542804731e-05,0,1550,5,1550,8,1,0,8,1.0,-0.0,0.0
R_003936,8,0.0032,5.902257885980427e-05,0,1565,2,1565,7,2,5,6,0.8571428571428571,0.410116318288409,0.5916727785823274
R_003937,7,0.0028,5.0319230732136506e-05,0,1562,3,1562,6,1,6,6,1.0,-0.0,0.0
R_003938,6,0.0024,4.7095628742210065e-05,0,1565,2,1565,6,2,5,5,0.8333333333333334,0.4505612088663046,0.6500224216483541
R_003939,10,0.004,6.294394718959139e-05,0,3102,1,1571,7,3,7,4,0.5714285714285714,0.9556998911125344,0.8699155297736259
R_003940,13,0.0052,7.893884300749538e-05,0,3102,6,1531,7,1,2,7,1.0,-0.0,0.0
R_003941,9,0.0036,6.0887255551816316e-05,0,1559,4,1559,8,1,1,8,1.0,-0.0,0.0
R_003942,9,0.0036,6.0522351766457394e-05,0,1559,4,1559,7,1,1,7,1.0,-0.0,0.0
R_003943,9,0.0036,6.017759706739292e-05,0,1562,3,1562,7,1,6,7,1.0,-0.0,0.0
R_003944,7,0.0028,4.731051481046397e-05,0,1505,7,1505,7,1,4,7,1.0,-0.0,0.0
R_003945,7,0.0028,4.9737405825624125e-05,0,1562,3,1562,7,3,6,5,0.7142857142857143,0.796311640173813,0.7248340915057598
R_003946,15,0.006,9.241280208846293e-05,0,1562,3,1562,7,2,6,6,0.8571428571428571,0.410116318288409,0.5916727785823274
R_003947,13,0.0052,8.62473500957169e-05,0,1550,5,1550,5,1,0,5,1.0,-0.0,0.0
R_003948,6,0.0024,4.299840690435105e-05,0,3102,6,1531,8,1,2,8,1.0,-0.0,0.0
R_003949,6,0.0024,4.505670169860911e-05,0,1628,0,1628,5,1,3,5,1.0,-0.0,0.0
R_003950,6,0.0024,4.252064634392651e-05,0,3102,1,1571,5,3,7,3,0.6,0.9502705392332348,0.8649735207179272
R_003951,3,0.0012,2.844479801864629e-05,0,1559,4,1559,5,1,1,5,1.0,-0.0,0.0
R_003952,8,0.0032,5.4372817558367726e-05,0,1559,4,1559,7,1,1,7,1.0,-0.0,0.0
R_003953,10,0.004,6.314620238465447e-05,0,1505,7,1505,6,1,4,6,1.0,-0.0,0.0
R_003954,11,0.0044,7.241319508420018e-05,0,1628,0,1628,8,1,3,8,1.0,-0.0,0.0
R_003955,2,0.0008,2.315826281658548e-05,0,1559,4,1559,7,1,1,7,1.0,-0.0,0.0
R_003956,12,0.0048,7.961510606092215e-05,0,1550,5,1550,7,1,0,7,1.0,-0.0,0.0
R_003957,9,0.0036,5.81279940427251e-05,0,3102,1,1571,7,3,7,5,0.7142857142857143,0.796311640173813,0.7248340915057598
R_003958,9,0.0036,6.24885683000771e-05,0,1550,5,1550,6,1,0,6,1.0,-0.0,0.0
R_003959,6,0.0024,4.458582229782702e-05,0,1628,0,1628,5,1,3,5,1.0,-0.0,0.0
R_003960,5,0.002,3.7505720261777474e-05,0,3102,1,1571,7,3,7,5,0.7142857142857143,0.796311640173813,0.7248340915057598
R_003961,4,0.0016,3.4335263137908655e-05,0,1550,5,1550,6,1,0,6,1.0,-0.0,0.0
R_003962,9,0.0036,6.0878063929707884e-05,0,1562,3,1562,8,2,6,7,0.875,0.3767701612564367,0.5435644431995964
R_003963,5,0.002,4.08552286663857e-05,0,1550,5,1550,6,1,0,6,1.0,-0.0,0.0
R_003964,3,0.0012,2.7556589362497375e-05,0,3102,1,1571,5,4,7,2,0.4,1.3321790402101223,0.9609640474436812
R_003965,9,0.0036,6.437768004851885e-05,0,1565,2,1565,8,1,5,8,1.0,-0.0,0.0
R_003966,13,0.0052,8.225687302026805e-05,0,1562,3,1562,8,3,6,6,0.75,0.7356219397587946,0.6695919455357792
R_003967,7,0.0028,5.1149434776033577e-05,0,1628,0,1628,6,1,3,6,1.0,-0.0,0.0
R_003968,4,0.0016,3.343245872396076e-05,0,1559,4,1559,5,1,1,5,1.0,-0.0,0.0
R_003969,11,0.0044,6.83396064242598e-05,0,1505,7,1505,5,1,4,5,1.0,-0.0,0.0
R_003970,8,0.0032,5.778935777413082e-05,0,1550,5,1550,7,1,0,7,1.0,-0.0,0.0
R_003971,10,0.004,6.28808152908356e-05,0,1505,7,1505,6,1,4,6,1.0,-0.0,0.0
R_003972,5,0.002,3.895356709998296e-05,0,1562,3,1562,5,1,6,5,1.0,-0.0,0.0
R_003973,5,0.002,3.9535153506550604e-05,0,1628,0,1628,5,1,3,5,1.0,-0.0,0.0
R_003974,5,0.002,3.732991475743701e-05,0,3102,1,1571,6,3,7,3,0.5,1.0114042647073518,0.920619835714305
R_003975,3,0.0012,2.9083174194036947e-05,0,1550,5,1550,5,1,0,5,1.0,-0.0,0.0
R_003976,8,0.0032,5.557285839165096e-05,0,1628,0,1628,8,1,3,8,1.0,-0.0,0.0
R_003977,10,0.004,7.007229067878656e-05,0,1565,2,1565,8,2,5,7,0.875,0.3767701612564367,0.5435644431995964
R_003978,5,0.002,3.7674581817217165e-05,0,3102,1,1571,5,3,7,3,0.6,0.9502705392332348,0.8649735207179272
R_003979,3,0.0012,2.8896862450216836e-05,0,1550,5,1550,5,1,0,5,1.0,-0.0,0.0
R_003980,12,0.0048,7.745292844197719e-05,0,1628,0,1628,6,1,3,6,1.0,-0.0,0.0
R_003981,11,0.0044,7.101803959962668e-05,0,1559,4,1559,8,1,1,8,1.0,-0.0,0.0
R_003982,8,0.0032,5.8308271939085885e-05,0,1565,2,1565,8,2,5,7,0.875,0.3767701612564367,0.5435644431995964
R_003983,3,0.0012,2.9537027384528183e-05,0,1565,2,1565,5,2,5,4,0.8,0.5004024235381879,0.7219280948873623
R_003984,7,0.0028,5.23185083423538e-05,0,1565,2,1565,6,2,5,5,0.8333333333333334,0.4505612088663046,0.6500224216483541
R_003985,4,0.0016,3.387227713681533e-05,0,1628,0,1628,6,1,3,6,1.0,-0.0,0.0
R_003986,6,0.0024,4.6894204739153815e-05,0,1565,2,1565,7,2,5,6,0.8571428571428571,0.410116318288409,0.5916727785823274
R_003987,6,0.0024,4.31746646897853e-05,0,1505,7,1505,8,1,4,8,1.0,-0.0,0.0
R_003988,11,0.0044,7.680534781014307e-05,0,1565,2,1565,6,2,5,5,0.8333333333333334,0.4505612088663046,0.6500224216483541
R_003989,4,0.0016,3.383451899144941e-05,0,1559,4,1559,8,1,1,8,1.0,-0.0,0.0
R_003990,10,0.004,6.493751320318057e-05,0,1559,4,1559,6,1,1,6,1.0,-0.0,0.0
R_003991,7,0.0028,4.915908231195093e-05,0,1559,4,1559,7,1,1,7,1.0,-0.0,0.0
R_003992,10,0.004,7.069705831215645e-05,0,1565,2,1565,6,2,5,5,0.8333333333333334,0.4505612088663046,0.6500224216483541
R_003993,3,0.0012,2.7599135060468287e-05,0,3102,6,1531,5,1,2,5,1.0,-0.0,0.0
R_003994,9,0.0036,6.253843276584721e-05,0,1550,5,1550,6,1,0,6,1.0,-0.0,0.0
R_003995,9,0.0036,5.784001287014538e-05,0,1505,7,1505,7,1,4,7,1.0,-0.0,0.0
R_003996,8,0.0032,5.436917702380322e-05,0,1559,4,1559,8,1,1,8,1.0,-0.0,0.0
R_003997,7,0.0028,5.113884766205235e-05,0,1550,5,1550,7,1,0,7,1.0,-0.0,0.0
R_003998,7,0.0028,4.7607628820354775e-05,0,3102,1,1571,8,4,7,4,0.5,1.2130075659799042,0.875
R_003999,4,0.0016,3.554088219485079e-05,0,1565,2,1565,5,1,5,5,1.0,-0.0,0.0
R_004000,8,0.0032,5.471188192282307e-05,0,1559,4,1559,8,1,1,8,1.0,-0.0,0.0
R_004001,7,0.0028,5.144970335846861e-05,0,1550,5,1550,6,1,0,6,1.0,-0.0,0.0
R_004002,10,0.004,7.052604946689568e-05,0,1565,2,1565,6,2,5,5,0.8333333333333334,0.4505612088663046,0.6500224216483541
R_004003,6,0.0024,4.529811798288761e-05,0,1628,0,1628,5,1,3,5,1.0,-0.0,0.0
R_004004,13,0.0052,7.758518101825184e-05,0,1505,7,1505,7,1,4,7,1.0,-0.0,0.0
R_004005,3,0.0012,2.9297969613271598e-05,0,1550,5,1550,5,1,0,5,1.0,-0.0,0.0
R_004006,4,0.0016,3.231305361730575e-05,0,1505,7,1505,5,1,4,5,1.0,-0.0,0.0
R_004007,8,0.0032,5.824988046544304e-05,0,1565,2,1565,7,1,5,7,1.0,-0.0,0.0
R_004008,7,0.0028,5.3125857635506365e-05,0,1565,2,1565,6,2,5,5,0.8333333333333334,0.4505612088663046,0.6500224216483541
R_004009,9,0.0036,5.821308037935239e-05,0,3102,1,1571,8,4,7,4,0.5,1.2130075659799042,0.875
R_004010,4,0.0016,3.4694201495439464e-05,0,1628,0,1628,6,1,3,6,1.0,-0.0,0.0
R_004011,4,0.0016,3.602274940608025e-05,0,1565,2,1565,5,1,5,5,1.0,-0.0,0.0
R_004012,8,0.0032,5.5857988314278206e-05,0,1559,4,1559,8,1,1,8,1.0,-0.0,0.0
R_004013,9,0.0036,6.255504308119246e-05,0,1550,5,1550,7,1,0,7,1.0,-0.0,0.0
R_004014,11,0.0044,6.939340724456617e-05,0,3102,1,1571,8,3,7,6,0.75,0.7356219397587946,0.6695919455357792
R_004015,4,0.0016,3.2600059830789106e-05,0,1505,7,1505,6,1,4,6,1.0,-0.0,0.0
R_004016,15,0.006,8.899641219016225e-05,0,3102,6,1531,8,1,2,8,1.0,-0.0,0.0
R_004017,9,0.0036,6.28206848302964e-05,0,1550,5,1550,8,1,0,8,1.0,-0.0,0.0
R_004018,7,0.0028,4.9413006965654036e-05,0,3102,6,1531,6,1,2,6,1.0,-0.0,0.0
R_004019,6,0.0024,4.740448991210139e-05,0,1565,2,1565,6,2,5,5,0.8333333333333334,0.4505612088663046,0.6500224216483541
R_004020,4,0.0016,3.3806996369009726e-05,0,1562,3,1562,5,1,6,5,1.0,-0.0,0.0
R_004021,6,0.0024,4.258256896040604e-05,0,1505,7,1505,7,1,4,7,1.0,-0.0,0.0
R_004022,4,0.0016,3.317017245217036e-05,0,3102,1,1571,5,2,7,3,0.6,0.6730116670092565,0.9709505944546688
R_004023,12,0.0048,7.276043846584408e-05,0,3102,1,1571,7,4,7,4,0.5714285714285714,1.1537419427010902,0.8322488896002307
R_004024,4,0.0016,3.4373878326731344e-05,0,1628,0,1628,5,1,3,5,1.0,-0.0,0.0
R_004025,7,0.0028,5.0508699109539104e-05,0,1562,3,1562,5,2,6,4,0.8,0.5004024235381879,0.7219280948873623
R_004026,5,0.002,3.878755004197769e-05,0,1562,3,1562,5,2,6,4,0.8,0.5004024235381879,0.7219280948873623
R_004027,1,0.0004,1.73944422265234e-05,0,3102,6,1531,5,1,2,5,1.0,-0.0,0.0
R_004028,7,0.0028,4.7915183725887434e-05,0,3102,1,1571,5,3,2,2,0.4,1.0549201679861442,0.9602297178607612
R_004029,3,0.0012,2.92639998893817e-05,0,1550,5,1550,5,1,0,5,1.0,-0.0,0.0
R_004030,8,0.0032,5.298773347231594e-05,0,1505,7,1505,7,1,4,7,1.0,-0.0,0.0
R_004031,4,0.0016,3.264960353817535e-05,0,3102,1,1571,5,3,7,3,0.6,0.9502705392332348,0.8649735207179272
R_004032,8,0.0032,5.253561084682837e-05,0,1505,7,1505,8,1,4,8,1.0,-0.0,0.0
R_004033,14,0.0056,9.068695955832121e-05,0,1550,5,1550,8,1,0,8,1.0,-0.0,0.0
R_004034,4,0.0016,3.460745310651711e-05,0,1550,5,1550,5,1,0,5,1.0,-0.0,0.0
R_004035,10,0.004,6.565222775392183e-05,0,1559,4,1559,6,1,1,6,1.0,-0.0,0.0
R_004036,4,0.0016,3.2718352965552525e-05,0,3102,6,1531,5,1,2,5,1.0,-0.0,0.0
R_004037,4,0.0016,3.570025731030314e-05,0,1565,2,1565,6,1,5,6,1.0,-0.0,0.0
R_004038,4,0.0016,3.405158015249299e-05,0,1562,3,1562,6,3,6,4,0.6666666666666666,0.8675632284814612,0.7896900821428474
R_004039,6,0.0024,4.353973650468387e-05,0,3102,6,1531,5,1,2,5,1.0,-0.0,0.0
R_004040,5,0.002,3.981529142813769e-05,0,1628,0,1628,7,1,3,7,1.0,-0.0,0.0
R_004041,2,0.0008,2.2992124691025235e-05,0,1562,3,1562,5,1,6,5,1.0,-0.0,0.0
R_004042,9,0.0036,6.125863356721573e-05,0,1559,4,1559,7,1,1,7,1.0,-0.0,0.0
R_004043,9,0.0036,5.9711106719198214e-05,0,1562,3,1562,5,3,6,3,0.6,0.9502705392332348,0.8649735207179272
R_004044,8,0.0032,5.2146274772516e-05,0,1505,7,1505,6,1,4,6,1.0,-0.0,0.0
R_004045,8,0.0032,5.339207378714135e-05,0,3102,1,1571,8,3,7,6,0.75,0.7356219397587946,0.6695919455357792
R_004046,10,0.004,6.325853340438168e-05,0,1505,7,1505,8,1,4,8,1.0,-0.0,0.0
R_004047,2,0.0008,2.2799439082447074e-05,0,3102,1,1571,5,2,7,4,0.8,0.5004024235381879,0.7219280948873623
R_004048,7,0.0028,4.7710943109933176e-05,0,3102,1,1571,7,2,7,5,0.7142857142857143,0.5982695885852573,0.8631205685666311
R_004049,12,0.0048,7.447429605790316e-05,0,3102,1,1571,6,3,7,3,0.5,1.0114042647073518,0.920619835714305
R_004050,3,0.0012,2.8021471764327143e-05,0,3102,6,1531,7,1,2,7,1.0,-0.0,0.0
R_004051,6,0.0024,4.4307530766290275e-05,0,1559,4,1559,5,1,1,5,1.0,-0.0,0.0
R_004052,13,0.0052,7.813144032592183e-05,0,3102,1,1571,7,4,7,4,0.5714285714285714,1.1537419427010902,0.8322488896002307
R_004053,1,0.0004,1.7900760227310372e-05,0,1550,5,1550,5,1,0,5,1.0,-0.0,0.0
R_004054,5,0.002,3.977077176691503e-05,0,1562,3,1562,5,1,6,5,1.0,-0.0,0.0
R_004055,6,0.0024,4.4295132170555725e-05,0,1559,4,1559,5,1,1,5,1.0,-0.0,0.0
R_004056,5,0.002,3.844996021486122e-05,0,1559,4,1559,8,1,1,8,1.0,-0.0,0.0
R_004057,10,0.004,6.555886735160426e-05,0,1559,4,1559,6,1,1,6,1.0,-0.0,0.0
R_004058,13,0.0052,7.895057532021783e-05,0,3102,1,1571,8,4,7,4,0.5,1.2130075659799042,0.875
R_004059,9,0.0036,5.750458407509962e-05,0,1505,7,1505,7,1,4,7,1.0,-0.0,0.0
R_004060,16,0.0064,9.683389291167374e-05,0,1559,4,1559,8,1,1,8,1.0,-0.0,0.0
R_004061,8,0.0032,5.482617847445088e-05,0,1559,4,1559,6,1,1,6,1.0,-0.0,0.0
R_004062,9,0.0036,6.051921302741703e-05,0,1559,4,1559,7,1,1,7,1.0,-0.0,0.0
R_004063,6,0.0024,4.3567798062269594e-05,0,3102,6,1531,8,1,2,8,1.0,-0.0,0.0
R_004064,9,0.0036,5.8194275747895037e-05,0,1505,7,1505,7,1,4,7,1.0,-0.0,0.0
R_004065,14,0.0056,9.081886875152232e-05,0,1550,5,1550,8,1,0,8,1.0,-0.0,0.0
R_004066,12,0.0048,7.597439160341318e-05,0,1559,4,1559,8,1,1,8,1.0,-0.0,0.0
R_004067,12,0.0048,7.344866197752173e-05,0,3102,6,1531,8,1,2,8,1.0,-0.0,0.0
R_004068,3,0.0012,2.8056632447938025e-05,0,1559,4,1559,5,1,1,5,1.0,-0.0,0.0
R_004069,14,0.0056,8.348298742963102e-05,0,3102,1,1571,8,4,7,4,0.5,1.2130075659799042,0.875
R_004070,2,0.0008,2.301893842071783e-05,0,1562,3,1562,5,2,6,4,0.8,0.5004024235381879,0.7219280948873623
R_004071,9,0.0036,5.7499988311598026e-05,0,3102,1,1571,6,3,7,3,0.5,1.0114042647073518,0.920619835714305
R_004072,10,0.004,6.383209496181137e-05,0,3102,6,1531,8,1,2,8,1.0,-0.0,0.0
R_004073,10,0.004,6.372582478037914e-05,0,3102,6,1531,7,1,2,7,1.0,-0.0,0.0
R_004074,7,0.0028,4.883318509553524e-05,0,3102,6,1531,5,1,2,5,1.0,-0.0,0.0
R_004075,8,0.0032,5.327310387265211e-05,0,3102,6,1531,6,1,2,6,1.0,-0.0,0.0
R_004076,11,0.0044,6.857820571577993e-05,0,3102,1,1571,7,3,7,5,0.7142857142857143,0.796311640173813,0.7248340915057598
R_004077,3,0.0012,2.8992190879643624e-05,0,1628,0,1628,5,1,3,5,1.0,-0.0,0.0
R_004078,14,0.0056,8.412259135608185e-05,0,3102,1,1571,8,4,7,5,0.625,1.073542846408523,0.7743974703476992
R_004079,10,0.004,6.345404390609777e-05,0,3102,6,1531,6,1,2,6,1.0,-0.0,0.0
R_004080,8,0.0032,5.259441591067595e-05,0,1505,7,1505,6,1,4,6,1.0,-0.0,0.0
R_004081,10,0.004,6.662918530769373e-05,0,1628,0,1628,7,1,3,7,1.0,-0.0,0.0
R_004082,19,0.0076,0.0001090542190041545,0,1505,7,1505,8,1,4,8,1.0,-0.0,0.0
R_004083,9,0.0036,5.90138776759756e-05,0,3102,6,1531,7,1,2,7,1.0,-0.0,0.0
R_004084,8,0.0032,5.4556498535493355e-05,0,1559,4,1559,6,1,1,6,1.0,-0.0,0.0
R_004085,5,0.002,3.773571228356187e-05,0,1505,7,1505,5,1,4,5,1.0,-0.0,0.0
R_004086,6,0.0024,4.435830177304366e-05,0,1562,3,1562,5,1,6,5,1.0,-0.0,0.0
R_004087,7,0.0028,4.999719627155433e-05,0,1562,3,1562,6,2,6,5,0.8333333333333334,0.4505612088663046,0.6500224216483541
R_004088,9,0.0036,6.458210605036233e-05,0,1565,2,1565,7,1,5,7,1.0,-0.0,0.0
R_004089,6,0.0024,4.6963502336271474e-05,0,1565,2,1565,6,2,5,5,0.8333333333333334,0.4505612088663046,0.6500224216483541
R_004090,3,0.0012,2.9415997340341446e-05,0,1550,5,1550,5,1,0,5,1.0,-0.0,0.0
R_004091,7,0.0028,4.7322856721266424e-05,0,3102,1,1571,8,3,7,5,0.625,0.9002560512685369,0.8194483718728035
R_004092,11,0.0044,6.740410360651411e-05,0,1505,7,1505,7,1,4,7,1.0,-0.0,0.0
R_004093,2,0.0008,2.4077557885448856e-05,0,1565,2,1565,5,2,5,4,0.8,0.5004024235381879,0.7219280948873623
R_004094,4,0.0016,3.458711639370629e-05,0,1628,0,1628,6,1,3,6,1.0,-0.0,0.0
R_004095,7,0.0028,4.9530786396156413e-05,0,1562,3,1562,5,2,6,4,0.8,0.5004024235381879,0.7219280948873623
R_004096,8,0.0032,5.311041578770779e-05,0,3102,1,1571,7,4,7,3,0.4285714285714285,1.277034259466139,0.9211854965885544
R_004097,6,0.0024,4.2865329348997676e-05,0,3102,1,1571,5,2,7,3,0.6,0.6730116670092565,0.9709505944546688
R_004098,12,0.0048,8.235019362348839e-05,0,1565,2,1565,6,2,5,5,0.8333333333333334,0.4505612088663046,0.6500224216483541
R_004099,2,0.0008,2.2909725541227e-05,0,1559,4,1559,5,1,1,5,1.0,-0.0,0.0
R_004100,5,0.002,3.766440331463681e-05,0,3102,1,1571,7,4,7,3,0.4285714285714285,1.277034259466139,0.9211854965885544
R_004101,10,0.004,6.651331010240325e-05,0,1628,0,1628,7,1,3,7,1.0,-0.0,0.0
R_004102,13,0.0052,8.30211245170072e-05,0,1628,0,1628,7,1,3,7,1.0,-0.0,0.0
R_004103,4,0.0016,3.271974081676711e-05,0,3102,1,1571,5,4,7,2,0.4,1.3321790402101223,0.9609640474436812
R_004104,9,0.0036,5.7874887081292376e-05,0,1505,7,1505,5,1,4,5,1.0,-0.0,0.0
R_004105,7,0.0028,5.0280081697933276e-05,0,1559,4,1559,8,1,1,8,1.0,-0.0,0.0
R_004106,8,0.0032,5.503462266388166e-05,0,1562,3,1562,8,3,6,6,0.75,0.7356219397587946,0.6695919455357792
R_004107,11,0.0044,6.892418330478817e-05,0,3102,6,1531,7,1,2,7,1.0,-0.0,0.0
R_004108,4,0.0016,3.3670813799676763e-05,0,1559,4,1559,6,1,1,6,1.0,-0.0,0.0
R_004109,2,0.0008,2.2465814626122295e-05,0,1505,7,1505,5,1,4,5,1.0,-0.0,0.0
R_004110,2,0.0008,2.280516169844154e-05,0,1559,4,1559,7,1,1,7,1.0,-0.0,0.0
R_004111,10,0.004,6.78247165121403e-05,0,1628,0,1628,5,1,3,5,1.0,-0.0,0.0
R_004112,11,0.0044,6.762196222193117e-05,0,3102,1,1571,8,4,7,5,0.625,1.073542846408523,0.7743974703476992
R_004113,9,0.0036,6.0907492027090245e-05,0,1562,3,1562,7,2,6,6,0.8571428571428571,0.410116318288409,0.5916727785823274
R_004114,6,0.0024,4.3085665272569426e-05,0,1505,7,1505,5,1,4,5,1.0,-0.0,0.0
R_004115,5,0.002,4.2106130078992106e-05,0,1565,2,1565,5,2,5,4,0.8,0.5004024235381879,0.7219280948873623
R_004116,6,0.0024,4.5555744953362364e-05,0,1550,5,1550,6,1,0,6,1.0,-0.0,0.0
R_004117,4,0.0016,3.262633033126484e-05,0,3102,6,1531,5,1,2,5,1.0,-0.0,0.0
R_004118,10,0.004,6.622243791133732e-05,0,1562,3,1562,6,3,6,4,0.6666666666666666,0.8675632284814612,0.7896900821428474
R_004119,6,0.0024,4.725714727629292e-05,0,1565,2,1565,6,1,5,6,1.0,-0.0,0.0
R_004120,5,0.002,3.941671737886276e-05,0,1562,3,1562,5,2,6,4,0.8,0.5004024235381879,0.7219280948873623
R_004121,7,0.0028,4.7567024002042934e-05,0,1505,7,1505,5,1,4,5,1.0,-0.0,0.0
R_004122,0,0.0,1.2023710757614017e-05,1,1,16,1,5,1,3,5,1.0,-0.0,0.0
R_004123,6,0.0024,4.463674644977596e-05,0,1628,0,1628,7,1,3,7,1.0,-0.0,0.0
R_004124,8,0.0032,5.263907506843446e-05,0,1505,7,1505,6,1,4,6,1.0,-0.0,0.0
R_004125,9,0.0036,5.880839319795455e-05,0,3102,1,1571,7,3,7,4,0.5714285714285714,0.9556998911125344,0.8699155297736259
R_004126,8,0.0032,5.811359827657773e-05,0,1565,2,1565,7,2,5,6,0.8571428571428571,0.410116318288409,0.5916727785823274
R_004127,16,0.0064,0.0001018307734008157,0,1550,5,1550,8,1,0,8,1.0,-0.0,0.0
R_004128,13,0.0052,7.951770761311063e-05,0,3102,1,1571,8,3,7,5,0.625,0.9002560512685369,0.8194483718728035
R_004129,10,0.004,6.441970227021422e-05,0,3102,6,1531,7,1,2,7,1.0,-0.0,0.0
R_004130,4,0.0016,3.402459378718963e-05,0,1559,4,1559,5,1,1,5,1.0,-0.0,0.0
R_004131,6,0.0024,4.276291399097925e-05,0,1505,7,1505,6,1,4,6,1.0,-0.0,0.0
R_004132,13,0.0052,8.189881588383855e-05,0,1562,3,1562,7,2,6,6,0.8571428571428571,0.410116318288409,0.5916727785823274
R_004133,3,0.0012,2.8127679606754495e-05,0,3102,6,1531,5,1,2,5,1.0,-0.0,0.0
R_004134,7,0.0028,5.257345936828369e-05,0,1565,2,1565,7,1,5,7,1.0,-0.0,0.0
R_004135,12,0.0048,8.023840380952316e-05,0,1550,5,1550,7,1,0,7,1.0,-0.0,0.0
R_004136,6,0.0024,4.55596842390183e-05,0,1550,5,1550,8,1,0,8,1.0,-0.0,0.0
R_004137,3,0.0012,2.8856122148958154e-05,0,1550,5,1550,5,1,0,5,1.0,-0.0,0.0
R_004138,5,0.002,4.001139651105074e-05,0,1628,0,1628,6,1,3,6,1.0,-0.0,0.0
R_004139,7,0.0028,4.805165869888736e-05,0,3102,6,1531,7,1,2,7,1.0,-0.0,0.0
R_004140,10,0.004,6.602803690917416e-05,0,1628,0,1628,7,1,3,7,1.0,-0.0,0.0
R_004141,6,0.0024,4.265471017658329e-05,0,1505,7,1505,7,1,4,7,1.0,-0.0,0.0
R_004142,7,0.0028,4.787396698724785e-05,0,1505,7,1505,6,1,4,6,1.0,-0.0,0.0
R_004143,10,0.004,6.366305615999341e-05,0,1505,7,1505,7,1,4,7,1.0,-0.0,0.0
R_004144,5,0.002,3.860275137663634e-05,0,3102,6,1531,7,1,2,7,1.0,-0.0,0.0
R_004145,9,0.0036,6.030404300716267e-05,0,1562,3,1562,8,2,6,7,0.875,0.3767701612564367,0.5435644431995964
R_004146,4,0.0016,3.358786940935986e-05,0,1559,4,1559,5,1,1,5,1.0,-0.0,0.0
R_004147,4,0.0016,3.27161710676139e-05,0,1505,7,1505,5,1,4,5,1.0,-0.0,0.0
R_004148,15,0.006,9.388589398116178e-05,0,1628,0,1628,8,1,3,8,1.0,-0.0,0.0
R_004149,13,0.0052,8.168920171549714e-05,0,1559,4,1559,8,1,1,8,1.0,-0.0,0.0
R_004150,4,0.0016,3.621915497289869e-05,0,1565,2,1565,6,1,5,6,1.0,-0.0,0.0
R_004151,4,0.0016,3.4010485425764595e-05,0,1628,0,1628,5,1,3,5,1.0,-0.0,0.0
R_004152,15,0.006,9.226554383658807e-05,0,1559,4,1559,7,1,1,7,1.0,-0.0,0.0
R_004153,13,0.0052,8.488145249585031e-05,0,1550,5,1550,8,1,0,8,1.0,-0.0,0.0
R_004154,7,0.0028,5.1259037415614476e-05,0,1628,0,1628,6,1,3,6,1.0,-0.0,0.0
R_004155,9,0.0036,6.165217513401089e-05,0,1628,0,1628,6,1,3,6,1.0,-0.0,0.0
R_004156,9,0.0036,6.504327290691127e-05,0,1565,2,1565,7,2,5,6,0.8571428571428571,0.410116318288409,0.5916727785823274
R_004157,17,0.0068,9.864720884740358e-05,0,1505,7,1505,8,1,4,8,1.0,-0.0,0.0
R_004158,10,0.004,6.86228215648055e-05,0,1550,5,1550,7,1,0,7,1.0,-0.0,0.0
R_004159,11,0.0044,7.042758588044557e-05,0,1559,4,1559,8,1,1,8,1.0,-0.0,0.0
R_004160,4,0.0016,3.276583499792749e-05,0,3102,6,1531,5,1,2,5,1.0,-0.0,0.0
R_004161,17,0.0068,0.00010512919402974467,0,1628,0,1628,8,1,3,8,1.0,-0.0,0.0
R_004162,12,0.0048,7.406824252725305e-05,0,3102,6,1531,5,1,2,5,1.0,-0.0,0.0
R_004163,10,0.004,6.419703604186987e-05,0,3102,6,1531,7,1,2,7,1.0,-0.0,0.0
R_004164,11,0.0044,6.808353947680494e-05,0,1505,7,1505,7,1,4,7,1.0,-0.0,0.0
R_004165,9,0.0036,5.8089777985320845e-05,0,1505,7,1505,7,1,4,7,1.0,-0.0,0.0
R_004166,4,0.0016,3.412281466470995e-05,0,1562,3,1562,6,2,6,5,0.8333333333333334,0.4505612088663046,0.6500224216483541
R_004167,4,0.0016,3.4938133461613014e-05,0,1550,5,1550,6,1,0,6,1.0,-0.0,0.0
R_004168,20,0.008,0.00011440126598787703,0,3102,6,1531,8,1,2,8,1.0,-0.0,0.0
R_004169,10,0.004,6.654952451445665e-05,0,1628,0,1628,8,1,3,8,1.0,-0.0,0.0
R_004170,6,0.0024,4.485588486638092e-05,0,1628,0,1628,6,1,3,6,1.0,-0.0,0.0
R_004171,5,0.002,4.071433256831976e-05,0,1565,2,1565,5,2,5,4,0.8,0.5004024235381879,0.7219280948873623
R_004172,7,0.0028,5.092562347000428e-05,0,1628,0,1628,5,1,3,5,1.0,-0.0,0.0
R_004173,2,0.0008,2.4231071617710418e-05,0,1565,2,1565,6,2,5,5,0.8333333333333334,0.4505612088663046,0.6500224216483541
R_004174,11,0.0044,7.58028573909547e-05,0,1565,2,1565,7,2,5,6,0.8571428571428571,0.410116318288409,0.5916727785823274
R_004175,15,0.006,9.364725388303628e-05,0,1559,4,1559,8,1,1,8,1.0,-0.0,0.0
R_004176,7,0.0028,5.029357902321151e-05,0,1628,0,1628,6,1,3,6,1.0,-0.0,0.0
R_004177,8,0.0032,5.619143103816817e-05,0,1628,0,1628,8,1,3,8,1.0,-0.0,0.0
R_004178,14,0.0056,8.83173929794684e-05,0,1628,0,1628,8,1,3,8,1.0,-0.0,0.0
R_004179,6,0.0024,4.51781306494109e-05,0,1562,3,1562,8,2,6,7,0.875,0.3767701612564367,0.5435644431995964
R_004180,15,0.006,9.255313132399606e-05,0,1562,3,1562,8,3,6,6,0.75,0.7356219397587946,0.6695919455357792
R_004181,7,0.0028,5.13456578044559e-05,0,1550,5,1550,8,1,0,8,1.0,-0.0,0.0
R_004182,3,0.0012,2.8056560926112786e-05,0,3102,6,1531,5,1,2,5,1.0,-0.0,0.0
R_004183,3,0.0012,2.718938108524352e-05,0,1505,7,1505,5,1,4,5,1.0,-0.0,0.0
R_004184,5,0.002,3.773759406736225e-05,0,1505,7,1505,5,1,4,5,1.0,-0.0,0.0
R_004185,6,0.0024,4.314506296870127e-05,0,3102,1,1571,6,3,7,4,0.6666666666666666,0.8675632284814612,0.7896900821428474
R_004186,10,0.004,6.412848924923281e-05,0,3102,6,1531,7,1,2,7,1.0,-0.0,0.0
R_004187,10,0.004,6.687592233962648e-05,0,1628,0,1628,6,1,3,6,1.0,-0.0,0.0
R_004188,10,0.004,6.351320711541789e-05,0,3102,6,1531,7,1,2,7,1.0,-0.0,0.0
R_004189,15,0.006,9.912779004680951e-05,0,1565,2,1565,8,2,5,7,0.875,0.3767701612564367,0.5435644431995964
R_004190,7,0.0028,5.2768724988331176e-05,0,1565,2,1565,7,2,5,6,0.8571428571428571,0.410116318288409,0.5916727785823274
R_004191,7,0.0028,4.9756407407080364e-05,0,1628,0,1628,5,1,3,5,1.0,-0.0,0.0
R_004192,14,0.0056,9.030331205982258e-05,0,1550,5,1550,8,1,0,8,1.0,-0.0,0.0
R_004193,11,0.0044,7.106807843583506e-05,0,1562,3,1562,8,3,6,6,0.75,0.7356219397587946,0.6695919455357792
R_004194,11,0.0044,7.415417673812818e-05,0,1550,5,1550,7,1,0,7,1.0,-0.0,0.0
R_004195,11,0.0044,7.17928809791519e-05,0,1628,0,1628,6,1,3,6,1.0,-0.0,0.0
R_004196,5,0.002,3.805764388675317e-05,0,1505,7,1505,8,1,4,8,1.0,-0.0,0.0
R_004197,3,0.0012,2.76216415316285e-05,0,1505,7,1505,5,1,4,5,1.0,-0.0,0.0
R_004198,3,0.0012,2.9407038468967396e-05,0,1550,5,1550,7,1,0,7,1.0,-0.0,0.0
R_004199,12,0.0048,7.65554410193036e-05,0,1562,3,1562,8,2,6,7,0.875,0.3767701612564367,0.5435644431995964
R_004200,10,0.004,6.356115225734533e-05,0,3102,6,1531,5,1,2,5,1.0,-0.0,0.0
R_004201,8,0.0032,5.604262151062542e-05,0,1628,0,1628,7,1,3,7,1.0,-0.0,0.0
R_004202,11,0.0044,7.503028875710874e-05,0,1550,5,1550,6,1,0,6,1.0,-0.0,0.0
R_004203,9,0.0036,5.81884108652502e-05,0,3102,1,1571,6,3,7,3,0.5,1.0114042647073518,0.920619835714305
R_004204,3,0.0012,2.7657494394843752e-05,0,1505,7,1505,5,1,4,5,1.0,-0.0,0.0
R_004205,6,0.0024,4.32131944469337e-05,0,3102,1,1571,6,2,7,5,0.8333333333333334,0.4505612088663046,0.6500224216483541
R_004206,14,0.0056,8.719789131476907e-05,0,1559,4,1559,8,1,1,8,1.0,-0.0,0.0
R_004207,6,0.0024,4.716080156496896e-05,0,1565,2,1565,6,2,5,5,0.8333333333333334,0.4505612088663046,0.6500224216483541
R_004208,2,0.0008,2.3728794767142933e-05,0,1550,5,1550,5,1,0,5,1.0,-0.0,0.0
R_004209,10,0.004,6.360716541603925e-05,0,1505,7,1505,7,1,4,7,1.0,-0.0,0.0
R_004210,8,0.0032,5.561702237968485e-05,0,1628,0,1628,7,1,3,7,1.0,-0.0,0.0
R_004211,6,0.0024,4.625219662070418e-05,0,1550,5,1550,8,1,0,8,1.0,-0.0,0.0
R_004212,3,0.0012,2.8452359038586254e-05,0,1559,4,1559,5,1,1,5,1.0,-0.0,0.0
R_004213,9,0.0036,6.138445638405798e-05,0,1628,0,1628,8,1,3,8,1.0,-0.0,0.0
R_004214,8,0.0032,5.2310886572285216e-05,0,1505,7,1505,6,1,4,6,1.0,-0.0,0.0
R_004215,10,0.004,6.289589947192835e-05,0,3102,1,1571,5,2,7,4,0.8,0.5004024235381879,0.7219280948873623
R_004216,13,0.0052,8.131416618604567e-05,0,1559,4,1559,8,1,1,8,1.0,-0.0,0.0
R_004217,3,0.0012,2.7725916916813e-05,0,3102,6,1531,6,1,2,6,1.0,-0.0,0.0
R_004218,13,0.0052,8.145514290818629e-05,0,1562,3,1562,8,3,6,6,0.75,0.7356219397587946,0.6695919455357792
R_004219,6,0.0024,4.305221693337068e-05,0,3102,6,1531,6,1,2,6,1.0,-0.0,0.0
R_004220,10,0.004,6.576530769743908e-05,0,1559,4,1559,8,1,1,8,1.0,-0.0,0.0
R_004221,7,0.0028,5.2254508638797115e-05,0,1550,5,1550,7,1,0,7,1.0,-0.0,0.0
R_004222,6,0.0024,4.3138756597626604e-05,0,3102,6,1531,5,1,2,5,1.0,-0.0,0.0
R_004223,13,0.0052,8.251714551407773e-05,0,1562,3,1562,8,2,6,7,0.875,0.3767701612564367,0.5435644431995964
R_004224,5,0.002,3.965291010290846e-05,0,1628,0,1628,5,1,3,5,1.0,-0.0,0.0
R_004225,13,0.0052,8.401815672850074e-05,0,1628,0,1628,8,1,3,8,1.0,-0.0,0.0
R_004226,6,0.0024,4.538690900267477e-05,0,1628,0,1628,6,1,3,6,1.0,-0.0,0.0
R_004227,10,0.004,6.328178668456765e-05,0,3102,1,1571,7,3,7,4,0.5714285714285714,0.9556998911125344,0.8699155297736259
R_004228,16,0.0064,0.00010483562028492642,0,1565,2,1565,8,2,5,7,0.875,0.3767701612564367,0.5435644431995964
R_004229,4,0.0016,3.292730402407604e-05,0,3102,1,1571,5,4,7,2,0.4,1.3321790402101223,0.9609640474436812
R_004230,8,0.0032,5.59847722519191e-05,0,1628,0,1628,8,1,3,8,1.0,-0.0,0.0
R_004231,14,0.0056,8.796715154863136e-05,0,1562,3,1562,8,3,6,6,0.75,0.7356219397587946,0.6695919455357792
R_004232,7,0.0028,5.1590064851023266e-05,0,1550,5,1550,5,1,0,5,1.0,-0.0,0.0
R_004233,11,0.0044,7.107669191820258e-05,0,1562,3,1562,7,3,6,5,0.7142857142857143,0.796311640173813,0.7248340915057598
R_004234,3,0.0012,2.779646065574482e-05,0,3102,6,1531,5,1,2,5,1.0,-0.0,0.0
R_004235,7,0.0028,4.773382546552928e-05,0,1505,7,1505,5,1,4,5,1.0,-0.0,0.0
R_004236,14,0.0056,8.276175658452283e-05,0,1505,7,1505,8,1,4,8,1.0,-0.0,0.0
R_004237,7,0.0028,5.052526434934954e-05,0,1550,5,1550,7,1,0,7,1.0,-0.0,0.0
R_004238,8,0.0032,5.676572198029302e-05,0,1550,5,1550,7,1,0,7,1.0,-0.0,0.0
R_004239,6,0.0024,4.5055754089183405e-05,0,1628,0,1628,6,1,3,6,1.0,-0.0,0.0
R_004240,7,0.0028,4.792620991309971e-05,0,3102,6,1531,5,1,2,5,1.0,-0.0,0.0
R_004241,9,0.0036,6.03367305097482e-05,0,1562,3,1562,8,2,6,7,0.875,0.3767701612564367,0.5435644431995964
R_004242,5,0.002,4.140132887958149e-05,0,1565,2,1565,8,2,5,7,0.875,0.3767701612564367,0.5435644431995964
R_004243,2,0.0008,2.250581470827918e-05,0,1505,7,1505,5,1,4,5,1.0,-0.0,0.0
R_004244,8,0.0032,5.360686698856818e-05,0,3102,1,1571,8,3,7,5,0.625,0.9002560512685369,0.8194483718728035
R_004245,6,0.0024,4.476211295133961e-05,0,1562,3,1562,7,3,6,5,0.7142857142857143,0.796311640173813,0.7248340915057598
R_004246,14,0.0056,9.085924081378831e-05,0,1550,5,1550,8,1,0,8,1.0,-0.0,0.0
R_004247,10,0.004,7.008725890576992e-05,0,1565,2,1565,8,2,5,7,0.875,0.3767701612564367,0.5435644431995964
R_004248,9,0.0036,5.794209903190062e-05,0,3102,1,1571,6,4,7,3,0.5,1.242453324894,0.8962406251802889
R_004249,4,0.0016,3.381972456400693e-05,0,1562,3,1562,5,1,6,5,1.0,-0.0,0.0
R_004250,7,0.0028,4.9234604248917114e-05,0,1562,3,1562,7,2,6,6,0.8571428571428571,0.410116318288409,0.5916727785823274
R_004251,5,0.002,4.131095184430278e-05,0,1565,2,1565,5,2,5,4,0.8,0.5004024235381879,0.7219280948873623
R_004252,10,0.004,6.965363647409566e-05,0,1565,2,1565,8,2,5,7,0.875,0.3767701612564367,0.5435644431995964
R_004253,5,0.002,4.2108636562623214e-05,0,1565,2,1565,5,2,5,4,0.8,0.5004024235381879,0.7219280948873623
R_004254,10,0.004,6.588638288405096e-05,0,1559,4,1559,7,1,1,7,1.0,-0.0,0.0
R_004255,15,0.006,8.951877613933991e-05,0,3102,6,1531,7,1,2,7,1.0,-0.0,0.0
R_004256,8,0.0032,5.639407009871073e-05,0,1628,0,1628,7,1,3,7,1.0,-0.0,0.0
R_004257,7,0.0028,4.986335181276657e-05,0,1559,4,1559,7,1,1,7,1.0,-0.0,0.0
R_004258,3,0.0012,2.776170146554096e-05,0,1505,7,1505,5,1,4,5,1.0,-0.0,0.0
R_004259,9,0.0036,5.781989092157862e-05,0,1505,7,1505,7,1,4,7,1.0,-0.0,0.0
R_004260,8,0.0032,5.31018795557405e-05,0,3102,6,1531,6,1,2,6,1.0,-0.0,0.0
R_004261,9,0.0036,5.761957741804391e-05,0,3102,1,1571,7,4,7,4,0.5714285714285714,1.1537419427010902,0.8322488896002307
R_004262,11,0.0044,7.211988739036826e-05,0,1628,0,1628,7,1,3,7,1.0,-0.0,0.0
R_004263,5,0.002,3.919851457634523e-05,0,1559,4,1559,6,1,1,6,1.0,-0.0,0.0
R_004264,11,0.0044,7.155772300718382e-05,0,1628,0,1628,8,1,3,8,1.0,-0.0,0.0
R_004265,7,0.0028,5.1897505642990695e-05,0,1550,5,1550,5,1,0,5,1.0,-0.0,0.0
R_004266,9,0.0036,5.74216231631433e-05,0,1505,7,1505,6,1,4,6,1.0,-0.0,0.0
R_004267,1,0.0004,1.8205273782179923e-05,0,1565,2,1565,5,1,5,5,1.0,-0.0,0.0
R_004268,11,0.0044,6.7823227749113e-05,0,3102,1,1571,8,3,7,5,0.625,0.9002560512685369,0.8194483718728035
R_004269,7,0.0028,5.273147904153654e-05,0,1565,2,1565,6,2,5,5,0.8333333333333334,0.4505612088663046,0.6500224216483541
R_004270,7,0.0028,4.771797703541791e-05,0,1505,7,1505,7,1,4,7,1.0,-0.0,0.0
R_004271,6,0.0024,4.490773752794903e-05,0,1562,3,1562,7,3,6,5,0.7142857142857143,0.796311640173813,0.7248340915057598
R_004272,6,0.0024,4.475337611817876e-05,0,1562,3,1562,6,2,6,5,0.8333333333333334,0.4505612088663046,0.6500224216483541
R_004273,10,0.004,6.620347945649677e-05,0,1559,4,1559,5,1,1,5,1.0,-0.0,0.0
R_004274,7,0.0028,5.020731004075253e-05,0,1628,0,1628,6,1,3,6,1.0,-0.0,0.0
R_004275,10,0.004,6.769769961747284e-05,0,1550,5,1550,8,1,0,8,1.0,-0.0,0.0
R_004276,5,0.002,3.8022715861190736e-05,0,3102,6,1531,6,1,2,6,1.0,-0.0,0.0
R_004277,5,0.002,3.9849951315969885e-05,0,1550,5,1550,8,1,0,8,1.0,-0.0,0.0
R_004278,15,0.006,9.222547863572695e-05,0,1562,3,1562,7,3,6,5,0.7142857142857143,0.796311640173813,0.7248340915057598
R_004279,10,0.004,7.02188143426003e-05,0,1565,2,1565,8,2,5,7,0.875,0.3767701612564367,0.5435644431995964
R_004280,8,0.0032,5.3683103890287914e-05,0,3102,6,1531,7,1,2,7,1.0,-0.0,0.0
R_004281,6,0.0024,4.281972353227982e-05,0,1505,7,1505,7,1,4,7,1.0,-0.0,0.0
R_004282,6,0.0024,4.2729519340178735e-05,0,3102,1,1571,5,3,2,2,0.4,1.0549201679861442,0.9602297178607612
R_004283,13,0.0052,8.20722348600754e-05,0,1562,3,1562,8,3,6,6,0.75,0.7356219397587946,0.6695919455357792
R_004284,15,0.006,9.444852581198734e-05,0,1628,0,1628,8,1,3,8,1.0,-0.0,0.0
R_004285,8,0.0032,5.805017129228134e-05,0,1565,2,1565,6,1,5,6,1.0,-0.0,0.0
R_004286,5,0.002,3.999942791755404e-05,0,1628,0,1628,5,1,3,5,1.0,-0.0,0.0
R_004287,8,0.0032,5.294834576682057e-05,0,3102,6,1531,7,1,2,7,1.0,-0.0,0.0
R_004288,3,0.0012,2.9388726108541455e-05,0,1550,5,1550,5,1,0,5,1.0,-0.0,0.0
R_004289,5,0.002,3.739531730185347e-05,0,3102,6,1531,5,1,2,5,1.0,-0.0,0.0
R_004290,4,0.0016,3.4129966641200946e-05,0,1628,0,1628,6,1,3,6,1.0,-0.0,0.0
R_004291,7,0.0028,5.230541695382194e-05,0,1565,2,1565,6,1,5,6,1.0,-0.0,0.0
R_004292,11,0.0044,6.85168872936925e-05,0,1505,7,1505,7,1,4,7,1.0,-0.0,0.0
R_004293,7,0.0028,5.1978912621965164e-05,0,1550,5,1550,8,1,0,8,1.0,-0.0,0.0
R_004294,10,0.004,6.581385857995956e-05,0,1559,4,1559,6,1,1,6,1.0,-0.0,0.0
R_004295,16,0.0064,0.00010039887832840642,0,1550,5,1550,8,1,0,8,1.0,-0.0,0.0
R_004296,3,0.0012,2.9742678959473544e-05,0,1565,2,1565,7,1,5,7,1.0,-0.0,0.0
R_004297,7,0.0028,5.153044144784854e-05,0,1550,5,1550,7,1,0,7,1.0,-0.0,0.0
R_004298,8,0.0032,5.2881213866888253e-05,0,3102,6,1531,6,1,2,6,1.0,-0.0,0.0
R_004299,3,0.0012,2.9411108872264774e-05,0,1565,2,1565,5,1,5,5,1.0,-0.0,0.0
R_004300,11,0.0044,6.80075956037905e-05,0,3102,1,1571,8,4,7,4,0.5,1.2130075659799042,0.875
R_004301,8,0.0032,5.7833699678178913e-05,0,1565,2,1565,7,1,5,7,1.0,-0.0,0.0
R_004302,12,0.0048,8.217651597611224e-05,0,1565,2,1565,6,2,5,5,0.8333333333333334,0.4505612088663046,0.6500224216483541
R_004303,5,0.002,3.8517476721693334e-05,0,1559,4,1559,7,1,1,7,1.0,-0.0,0.0
R_004304,5,0.002,4.131404100186675e-05,0,1565,2,1565,5,1,5,5,1.0,-0.0,0.0
R_004305,11,0.0044,7.234828557106969e-05,0,1628,0,1628,7,1,3,7,1.0,-0.0,0.0
R_004306,5,0.002,4.008128253906518e-05,0,1550,5,1550,6,1,0,6,1.0,-0.0,0.0
R_004307,11,0.0044,6.880587595402506e-05,0,3102,6,1531,8,1,2,8,1.0,-0.0,0.0
R_004308,5,0.002,3.972657663250297e-05,0,1562,3,1562,7,3,6,5,0.7142857142857143,0.796311640173813,0.7248340915057598
R_004309,7,0.0028,5.177625725203061e-05,0,1550,5,1550,8,1,0,8,1.0,-0.0,0.0
R_004310,7,0.0028,5.319575857566373e-05,0,1565,2,1565,6,2,5,5,0.8333333333333334,0.4505612088663046,0.6500224216483541
R_004311,7,0.0028,4.938924267214446e-05,0,1559,4,1559,7,1,1,7,1.0,-0.0,0.0
R_004312,0,0.0,1.2023710757614017e-05,1,1,17,1,5,1,7,5,1.0,-0.0,0.0
R_004313,8,0.0032,5.3228584164518386e-05,0,3102,1,1571,7,3,7,4,0.5714285714285714,0.9556998911125344,0.8699155297736259
R_004314,3,0.0012,2.866772498121759e-05,0,1628,0,1628,7,1,3,7,1.0,-0.0,0.0
R_004315,6,0.0024,4.488568594748246e-05,0,1562,3,1562,5,2,6,4,0.8,0.5004024235381879,0.7219280948873623
R_004316,5,0.002,4.135569675905852e-05,0,1565,2,1565,8,2,5,7,0.875,0.3767701612564367,0.5435644431995964
R_004317,11,0.0044,7.051179645885952e-05,0,1562,3,1562,8,3,6,6,0.75,0.7356219397587946,0.6695919455357792
R_004318,11,0.0044,7.131715415475711e-05,0,1559,4,1559,8,1,1,8,1.0,-0.0,0.0
R_004319,18,0.0072,0.00010487384679377846,0,3102,6,1531,8,1,2,8,1.0,-0.0,0.0
R_004320,12,0.0048,7.654472814133304e-05,0,1562,3,1562,6,2,6,5,0.8333333333333334,0.4505612088663046,0.6500224216483541
R_004321,9,0.0036,5.858837933761815e-05,0,1505,7,1505,5,1,4,5,1.0,-0.0,0.0
R_004322,8,0.0032,5.652269583424596e-05,0,1550,5,1550,7,1,0,7,1.0,-0.0,0.0
R_004323,6,0.0024,4.3027897835628015e-05,0,3102,6,1531,5,1,2,5,1.0,-0.0,0.0
R_004324,9,0.0036,5.801869111089939e-05,0,1505,7,1505,7,1,4,7,1.0,-0.0,0.0
R_004325,3,0.0012,2.91045835173527e-05,0,1550,5,1550,5,1,0,5,1.0,-0.0,0.0
R_004326,8,0.0032,5.494470208549566e-05,0,1562,3,1562,7,2,6,6,0.8571428571428571,0.410116318288409,0.5916727785823274
R_004327,10,0.004,6.32451799450986e-05,0,3102,1,1571,7,3,7,5,0.7142857142857143,0.796311640173813,0.7248340915057598
R_004328,8,0.0032,5.305170006460069e-05,0,3102,6,1531,6,1,2,6,1.0,-0.0,0.0
R_004329,5,0.002,3.888370702427886e-05,0,1559,4,1559,5,1,1,5,1.0,-0.0,0.0
R_004330,8,0.0032,5.74693406908962e-05,0,1550,5,1550,5,1,0,5,1.0,-0.0,0.0
R_004331,13,0.0052,8.151870968921886e-05,0,1562,3,1562,8,3,6,6,0.75,0.7356219397587946,0.6695919455357792
R_004332,4,0.0016,3.413689328605188e-05,0,1628,0,1628,7,1,3,7,1.0,-0.0,0.0
R_004333,2,0.0008,2.3917272927605207e-05,0,1565,2,1565,6,2,5,5,0.8333333333333334,0.4505612088663046,0.6500224216483541
R_004334,7,0.0028,4.743069587316345e-05,0,1505,7,1505,7,1,4,7,1.0,-0.0,0.0
R_004335,7,0.0028,4.9758937606009034e-05,0,1559,4,1559,5,1,1,5,1.0,-0.0,0.0
R_004336,9,0.0036,5.8836850007867285e-05,0,3102,1,1571,6,4,2,2,0.3333333333333333,1.3296613488547582,0.9591479170272448
R_004337,6,0.0024,4.7003940386925215e-05,0,1565,2,1565,6,1,5,6,1.0,-0.0,0.0
R_004338,2,0.0008,2.303699140457962e-05,0,1562,3,1562,5,2,6,4,0.8,0.5004024235381879,0.7219280948873623
R_004339,22,0.0088,0.00012972121131760901,0,1559,4,1559,8,1,1,8,1.0,-0.0,0.0
R_004340,16,0.0064,9.33927742060656e-05,0,1505,7,1505,8,1,4,8,1.0,-0.0,0.0
R_004341,11,0.0044,7.558607822036919e-05,0,1565,2,1565,7,2,5,6,0.8571428571428571,0.410116318288409,0.5916727785823274
R_004342,7,0.0028,5.296909525820129e-05,0,1565,2,1565,5,1,5,5,1.0,-0.0,0.0
R_004343,13,0.0052,8.175061434748407e-05,0,1562,3,1562,8,2,6,7,0.875,0.3767701612564367,0.5435644431995964
R_004344,15,0.006,8.843749626502142e-05,0,3102,1,1571,8,4,7,4,0.5,1.2130075659799042,0.875
R_004345,0,0.0,1.2023710757614017e-05,1,1,18,1,5,1,1,5,1.0,-0.0,0.0
R_004346,3,0.0012,2.818450320501541e-05,0,1559,4,1559,5,1,1,5,1.0,-0.0,0.0
R_004347,2,0.0008,2.2401233592011183e-05,0,1505,7,1505,5,1,4,5,1.0,-0.0,0.0
R_004348,9,0.0036,6.286149057502232e-05,0,1550,5,1550,8,1,0,8,1.0,-0.0,0.0
R_004349,3,0.0012,3.0229597856422522e-05,0,1565,2,1565,5,2,5,4,0.8,0.5004024235381879,0.7219280948873623
R_004350,5,0.002,4.020843298446517e-05,0,1550,5,1550,5,1,0,5,1.0,-0.0,0.0
R_004351,11,0.0044,6.985860892578879e-05,0,1559,4,1559,8,1,1,8,1.0,-0.0,0.0
R_004352,4,0.0016,3.5708324693617016e-05,0,1565,2,1565,5,2,5,4,0.8,0.5004024235381879,0.7219280948873623
R_004353,9,0.0036,6.0765080974684964e-05,0,1559,4,1559,6,1,1,6,1.0,-0.0,0.0
R_004354,4,0.0016,3.529438827248971e-05,0,1550,5,1550,7,1,0,7,1.0,-0.0,0.0
R_004355,5,0.002,4.146586148704166e-05,0,1565,2,1565,8,2,5,7,0.875,0.3767701612564367,0.5435644431995964
R_004356,11,0.0044,7.142869371417909e-05,0,1628,0,1628,8,1,3,8,1.0,-0.0,0.0
R_004357,6,0.0024,4.516197453229727e-05,0,1562,3,1562,6,2,6,5,0.8333333333333334,0.4505612088663046,0.6500224216483541
R_004358,5,0.002,3.763515529305761e-05,0,3102,6,1531,6,1,2,6,1.0,-0.0,0.0
R_004359,4,0.0016,3.344041356963322e-05,0,1559,4,1559,5,1,1,5,1.0,-0.0,0.0
R_004360,5,0.002,4.1488207202441484e-05,0,1565,2,1565,6,2,5,5,0.8333333333333334,0.4505612088663046,0.6500224216483541
R_004361,9,0.0036,5.7907474638401864e-05,0,3102,1,1571,8,3,7,5,0.625,0.9002560512685369,0.8194483718728035
R_004362,3,0.0012,2.8332811588277898e-05,0,1628,0,1628,6,1,3,6,1.0,-0.0,0.0
R_004363,13,0.0052,8.506256609454709e-05,0,1550,5,1550,8,1,0,8,1.0,-0.0,0.0
R_004364,5,0.002,3.7660153603863056e-05,0,3102,1,1571,6,2,7,4,0.6666666666666666,0.6365141682948128,0.9182958340544894
R_004365,6,0.0024,4.2899739112682045e-05,0,1505,7,1505,5,1,4,5,1.0,-0.0,0.0
R_004366,4,0.0016,3.40704622273248e-05,0,1559,4,1559,7,1,1,7,1.0,-0.0,0.0
R_004367,5,0.002,4.0107496924504496e-05,0,1550,5,1550,5,1,0,5,1.0,-0.0,0.0
R_004368,7,0.0028,4.854845030918389e-05,0,3102,6,1531,7,1,2,7,1.0,-0.0,0.0
R_004369,7,0.0028,5.10593963653422e-05,0,1550,5,1550,8,1,0,8,1.0,-0.0,0.0
R_004370,10,0.004,6.740914856246869e-05,0,1550,5,1550,7,1,0,7,1.0,-0.0,0.0
R_004371,7,0.0028,5.07914532054518e-05,0,1628,0,1628,5,1,3,5,1.0,-0.0,0.0
R_004372,7,0.0028,5.340243578878961e-05,0,1565,2,1565,6,1,5,6,1.0,-0.0,0.0
R_004373,12,0.0048,7.406172237027477e-05,0,3102,6,1531,6,1,2,6,1.0,-0.0,0.0
R_004374,10,0.004,6.529868588295747e-05,0,1559,4,1559,6,1,1,6,1.0,-0.0,0.0
R_004375,4,0.0016,3.410111069172682e-05,0,1628,0,1628,5,1,3,5,1.0,-0.0,0.0
R_004376,4,0.0016,3.350659315146813e-05,0,1562,3,1562,7,3,6,5,0.7142857142857143,0.796311640173813,0.7248340915057598
R_004377,9,0.0036,6.44292552018217e-05,0,1565,2,1565,7,2,5,6,0.8571428571428571,0.410116318288409,0.5916727785823274
R_004378,5,0.002,3.806618947990804e-05,0,3102,6,1531,6,1,2,6,1.0,-0.0,0.0
R_004379,10,0.004,6.34692716446089e-05,0,3102,6,1531,8,1,2,8,1.0,-0.0,0.0
R_004380,5,0.002,3.78039707150378e-05,0,3102,1,1571,6,2,7,4,0.6666666666666666,0.6365141682948128,0.9182958340544894
R_004381,10,0.004,6.999850618562878e-05,0,1565,2,1565,5,1,5,5,1.0,-0.0,0.0
R_004382,3,0.0012,2.7555202937937982e-05,0,3102,1,1571,5,2,7,4,0.8,0.5004024235381879,0.7219280948873623
R_004383,8,0.0032,5.24540631005281e-05,0,3102,1,1571,6,3,7,4,0.6666666666666666,0.8675632284814612,0.7896900821428474
R_004384,4,0.0016,3.4332759724842474e-05,0,1562,3,1562,5,2,6,4,0.8,0.5004024235381879,0.7219280948873623
R_004385,15,0.006,8.83390212185875e-05,0,3102,1,1571,8,4,7,5,0.625,1.073542846408523,0.7743974703476992
R_004386,12,0.0048,7.41358859033923e-05,0,3102,1,1571,8,3,7,5,0.625,0.9002560512685369,0.8194483718728035
R_004387,11,0.0044,7.558447754686823e-05,0,1565,2,1565,8,2,5,7,0.875,0.3767701612564367,0.5435644431995964
R_004388,11,0.0044,7.06373642943768e-05,0,1559,4,1559,8,1,1,8,1.0,-0.0,0.0
R_004389,10,0.004,6.698793029651428e-05,0,1628,0,1628,7,1,3,7,1.0,-0.0,0.0
R_004390,7,0.0028,4.945197233476465e-05,0,1562,3,1562,6,1,6,6,1.0,-0.0,0.0
R_004391,3,0.0012,2.7629667807054876e-05,0,3102,1,1571,5,2,7,4,0.8,0.5004024235381879,0.7219280948873623
R_004392,11,0.0044,7.457772920024831e-05,0,1550,5,1550,8,1,0,8,1.0,-0.0,0.0
R_004393,12,0.0048,7.785424956680589e-05,0,1628,0,1628,8,1,3,8,1.0,-0.0,0.0
R_004394,11,0.0044,7.251694159399058e-05,0,1628,0,1628,8,1,3,8,1.0,-0.0,0.0
R_004395,5,0.002,4.056108142016014e-05,0,1550,5,1550,6,1,0,6,1.0,-0.0,0.0
R_004396,7,0.0028,4.908253423527252e-05,0,1562,3,1562,8,2,6,7,0.875,0.3767701612564367,0.5435644431995964
R_004397,8,0.0032,5.3331668613997347e-05,0,3102,1,1571,8,4,7,4,0.5,1.2130075659799042,0.875
R_004398,8,0.0032,5.2580967366627965e-05,0,1505,7,1505,5,1,4,5,1.0,-0.0,0.0
R_004399,4,0.0016,3.276842026640983e-05,0,3102,1,1571,5,3,7,3,0.6,0.9502705392332348,0.8649735207179272
R_004400,8,0.0032,5.487622567028565e-05,0,1559,4,1559,6,1,1,6,1.0,-0.0,0.0
R_004401,7,0.0028,4.857604931521245e-05,0,3102,6,1531,6,1,2,6,1.0,-0.0,0.0
R_004402,9,0.0036,6.450223131779695e-05,0,1565,2,1565,7,2,5,6,0.8571428571428571,0.410116318288409,0.5916727785823274
R_004403,5,0.002,3.810639634684686e-05,0,1505,7,1505,8,1,4,8,1.0,-0.0,0.0
R_004404,11,0.0044,6.871248943470812e-05,0,3102,6,1531,5,1,2,5,1.0,-0.0,0.0
R_004405,5,0.002,3.985704400481147e-05,0,1628,0,1628,5,1,3,5,1.0,-0.0,0.0
R_004406,11,0.0044,6.844941708952933e-05,0,3102,1,1571,7,4,7,3,0.4285714285714285,1.277034259466139,0.9211854965885544
R_004407,3,0.0012,2.8696567706519054e-05,0,1562,3,1562,5,1,6,5,1.0,-0.0,0.0
R_004408,7,0.0028,5.1374312200541244e-05,0,1550,5,1550,5,1,0,5,1.0,-0.0,0.0
R_004409,5,0.002,3.7685030535815056e-05,0,1505,7,1505,8,1,4,8,1.0,-0.0,0.0
R_004410,10,0.004,6.90077170392523e-05,0,1550,5,1550,7,1,0,7,1.0,-0.0,0.0
R_004411,3,0.0012,2.7563313811971973e-05,0,3102,1,1571,6,3,7,3,0.5,1.0114042647073518,0.920619835714305
R_004412,9,0.0036,5.9897432497147294e-05,0,1559,4,1559,7,1,1,7,1.0,-0.0,0.0
R_004413,6,0.0024,4.570027397434726e-05,0,1550,5,1550,7,1,0,7,1.0,-0.0,0.0
R_004414,8,0.0032,5.5749792436888546e-05,0,1562,3,1562,7,3,6,5,0.7142857142857143,0.796311640173813,0.7248340915057598
R_004415,6,0.0024,4.2488785314012553e-05,0,1505,7,1505,6,1,4,6,1.0,-0.0,0.0
R_004416,11,0.0044,6.843323566280696e-05,0,3102,6,1531,8,1,2,8,1.0,-0.0,0.0
R_004417,13,0.0052,7.960543928026022e-05,0,3102,6,1531,8,1,2,8,1.0,-0.0,0.0
R_004418,7,0.0028,5.3013769843307045e-05,0,1565,2,1565,8,2,5,7,0.875,0.3767701612564367,0.5435644431995964
R_004419,6,0.0024,4.450531990954919e-05,0,1628,0,1628,5,1,3,5,1.0,-0.0,0.0
R_004420,6,0.0024,4.7148760208420306e-05,0,1565,2,1565,5,2,5,4,0.8,0.5004024235381879,0.7219280948873623
R_004421,8,0.0032,5.824439162506094e-05,0,1565,2,1565,7,1,5,7,1.0,-0.0,0.0
R_004422,7,0.0028,5.0820327095467666e-05,0,1628,0,1628,6,1,3,6,1.0,-0.0,0.0
R_004423,12,0.0048,7.435186630015908e-05,0,3102,6,1531,8,1,2,8,1.0,-0.0,0.0
R_004424,9,0.0036,6.254952325068364e-05,0,1550,5,1550,8,1,0,8,1.0,-0.0,0.0
R_004425,10,0.004,6.502228393765231e-05,0,1559,4,1559,8,1,1,8,1.0,-0.0,0.0
R_004426,14,0.0056,8.359337195589181e-05,0,3102,1,1571,7,3,7,4,0.5714285714285714,0.9556998911125344,0.8699155297736259
R_004427,8,0.0032,5.237885175713378e-05,0,1505,7,1505,6,1,4,6,1.0,-0.0,0.0
R_004428,6,0.0024,4.7388661580604794e-05,0,1565,2,1565,5,1,5,5,1.0,-0.0,0.0
R_004429,4,0.0016,3.31077180111296e-05,0,3102,6,1531,7,1,2,7,1.0,-0.0,0.0
R_004430,5,0.002,3.9210272894467195e-05,0,1628,0,1628,6,1,3,6,1.0,-0.0,0.0
R_004431,11,0.0044,6.886704165809902e-05,0,3102,1,1571,8,4,7,4,0.5,1.2130075659799042,0.875
R_004432,2,0.0008,2.3253093364180718e-05,0,1562,3,1562,8,1,6,8,1.0,-0.0,0.0
R_004433,15,0.006,8.852501674553662e-05,0,1505,7,1505,7,1,4,7,1.0,-0.0,0.0
R_004434,5,0.002,4.0172443490178176e-05,0,1550,5,1550,6,1,0,6,1.0,-0.0,0.0
R_004435,3,0.0012,2.9647959691701924e-05,0,1565,2,1565,5,2,5,4,0.8,0.5004024235381879,0.7219280948873623
R_004436,4,0.0016,3.5796586866655364e-05,0,1565,2,1565,5,1,5,5,1.0,-0.0,0.0
R_004437,11,0.0044,6.862196764700716e-05,0,3102,6,1531,8,1,2,8,1.0,-0.0,0.0
R_004438,9,0.0036,6.334494232885668e-05,0,1550,5,1550,8,1,0,8,1.0,-0.0,0.0
R_004439,11,0.0044,7.148901824074994e-05,0,1562,3,1562,8,2,6,7,0.875,0.3767701612564367,0.5435644431995964
R_004440,5,0.002,3.933399660488397e-05,0,1562,3,1562,7,3,6,5,0.7142857142857143,0.796311640173813,0.7248340915057598
R_004441,1,0.0004,1.7825946869077685e-05,0,1559,4,1559,5,1,1,5,1.0,-0.0,0.0
R_004442,5,0.002,3.899030747860732e-05,0,1562,3,1562,7,1,6,7,1.0,-0.0,0.0
R_004443,11,0.0044,7.62402803666763e-05,0,1565,2,1565,8,1,5,8,1.0,-0.0,0.0
R_004444,10,0.004,6.327508775835005e-05,0,3102,6,1531,7,1,2,7,1.0,-0.0,0.0
R_004445,13,0.0052,8.386678196258065e-05,0,1628,0,1628,8,1,3,8,1.0,-0.0,0.0
R_004446,8,0.0032,5.5913422160457984e-05,0,1628,0,1628,7,1,3,7,1.0,-0.0,0.0
R_004447,8,0.0032,5.301287327296118e-05,0,3102,1,1571,7,3,7,4,0.5714285714285714,0.9556998911125344,0.8699155297736259
R_004448,5,0.002,3.969901158981463e-05,0,1559,4,1559,6,1,1,6,1.0,-0.0,0.0
R_004449,6,0.0024,4.2794773040671356e-05,0,1505,7,1505,8,1,4,8,1.0,-0.0,0.0
R_004450,5,0.002,3.846690310011058e-05,0,3102,6,1531,5,1,2,5,1.0,-0.0,0.0
R_004451,11,0.0044,6.811096862854945e-05,0,1505,7,1505,7,1,4,7,1.0,-0.0,0.0
R_004452,5,0.002,3.879267383862985e-05,0,1559,4,1559,5,1,1,5,1.0,-0.0,0.0
R_004453,2,0.0008,2.2720367462018028e-05,0,1505,7,1505,5,1,4,5,1.0,-0.0,0.0
R_004454,3,0.0012,2.9719251072771377e-05,0,1565,2,1565,6,2,5,5,0.8333333333333334,0.4505612088663046,0.6500224216483541
R_004455,11,0.0044,7.109437569133348e-05,0,1559,4,1559,8,1,1,8,1.0,-0.0,0.0
R_004456,4,0.0016,3.262608103573637e-05,0,1505,7,1505,5,1,4,5,1.0,-0.0,0.0
R_004457,8,0.0032,5.3131673855891256e-05,0,3102,1,1571,6,4,7,3,0.5,1.242453324894,0.8962406251802889
R_004458,4,0.0016,3.460003147642438e-05,0,1550,5,1550,7,1,0,7,1.0,-0.0,0.0
R_004459,11,0.0044,7.147375079994385e-05,0,1628,0,1628,7,1,3,7,1.0,-0.0,0.0
R_004460,19,0.0076,0.00010817099602064513,0,1505,7,1505,8,1,4,8,1.0,-0.0,0.0
R_004461,15,0.006,9.319311565853127e-05,0,1562,3,1562,8,3,6,6,0.75,0.7356219397587946,0.6695919455357792
R_004462,12,0.0048,7.244662167752041e-05,0,1505,7,1505,7,1,4,7,1.0,-0.0,0.0
R_004463,12,0.0048,7.336163966561485e-05,0,3102,1,1571,7,3,7,5,0.7142857142857143,0.796311640173813,0.7248340915057598
R_004464,7,0.0028,5.013432510489159e-05,0,1562,3,1562,6,2,6,5,0.8333333333333334,0.4505612088663046,0.6500224216483541
R_004465,13,0.0052,7.799067287761642e-05,0,1505,7,1505,8,1,4,8,1.0,-0.0,0.0
R_004466,9,0.0036,5.865216775776493e-05,0,3102,1,1571,6,4,7,3,0.5,1.242453324894,0.8962406251802889
R_004467,5,0.002,4.0542540286160645e-05,0,1550,5,1550,6,1,0,6,1.0,-0.0,0.0
R_004468,4,0.0016,3.435795656676208e-05,0,1628,0,1628,7,1,3,7,1.0,-0.0,0.0
R_004469,5,0.002,3.969173516988318e-05,0,1559,4,1559,5,1,1,5,1.0,-0.0,0.0
R_004470,6,0.0024,4.485924113033072e-05,0,1562,3,1562,7,2,6,6,0.8571428571428571,0.410116318288409,0.5916727785823274
R_004471,6,0.0024,4.698556923125923e-05,0,1565,2,1565,7,2,5,6,0.8571428571428571,0.410116318288409,0.5916727785823274
R_004472,17,0.0068,9.84108257132249e-05,0,3102,1,1571,7,3,7,5,0.7142857142857143,0.796311640173813,0.7248340915057598
R_004473,9,0.0036,6.051419002222985e-05,0,1562,3,1562,7,1,6,7,1.0,-0.0,0.0
R_004474,13,0.0052,8.119254950526935e-05,0,1559,4,1559,8,1,1,8,1.0,-0.0,0.0
R_004475,11,0.0044,7.629239557109016e-05,0,1565,2,1565,8,2,5,7,0.875,0.3767701612564367,0.5435644431995964
R_004476,7,0.0028,5.147118074206886e-05,0,1550,5,1550,6,1,0,6,1.0,-0.0,0.0
R_004477,5,0.002,3.746686619713027e-05,0,3102,1,1571,8,4,7,4,0.5,1.2130075659799042,0.875
R_004478,5,0.002,3.754600318981964e-05,0,1505,7,1505,7,1,4,7,1.0,-0.0,0.0
R_004479,6,0.0024,4.7100116871932874e-05,0,1565,2,1565,5,1,5,5,1.0,-0.0,0.0
R_004480,10,0.004,6.513014153939225e-05,0,1559,4,1559,6,1,1,6,1.0,-0.0,0.0
R_004481,2,0.0008,2.381008019500089e-05,0,1628,0,1628,5,1,3,5,1.0,-0.0,0.0
R_004482,11,0.0044,6.773086839122772e-05,0,3102,1,1571,7,4,7,3,0.4285714285714285,1.277034259466139,0.9211854965885544
R_004483,12,0.0048,7.598271570576393e-05,0,1559,4,1559,8,1,1,8,1.0,-0.0,0.0
R_004484,16,0.0064,9.276885857838675e-05,0,3102,1,1571,8,4,7,4,0.5,1.2130075659799042,0.875
R_004485,6,0.0024,4.784597706632499e-05,0,1565,2,1565,5,2,5,4,0.8,0.5004024235381879,0.7219280948873623
R_004486,2,0.0008,2.2491229195795954e-05,0,3102,1,1571,6,4,7,3,0.5,1.242453324894,0.8962406251802889
R_004487,7,0.0028,5.000547038860867e-05,0,1562,3,1562,7,3,6,5,0.7142857142857143,0.796311640173813,0.7248340915057598
R_004488,10,0.004,6.647163750413877e-05,0,1628,0,1628,7,1,3,7,1.0,-0.0,0.0
R_004489,9,0.0036,6.248121838225964e-05,0,1550,5,1550,7,1,0,7,1.0,-0.0,0.0
R_004490,7,0.0028,5.247992674510995e-05,0,1565,2,1565,8,2,5,7,0.875,0.3767701612564367,0.5435644431995964
R_004491,11,0.0044,6.791537698766284e-05,0,3102,1,1571,6,3,7,3,0.5,1.0114042647073518,0.920619835714305
R_004492,9,0.0036,5.8059154803848106e-05,0,3102,1,1571,8,3,7,5,0.625,0.9002560512685369,0.8194483718728035
R_004493,6,0.0024,4.458344708626033e-05,0,1559,4,1559,8,1,1,8,1.0,-0.0,0.0
R_004494,5,0.002,4.01797010570274e-05,0,1550,5,1550,8,1,0,8,1.0,-0.0,0.0
R_004495,6,0.0024,4.431753134282578e-05,0,1559,4,1559,6,1,1,6,1.0,-0.0,0.0
R_004496,3,0.0012,2.880330841956858e-05,0,1628,0,1628,5,1,3,5,1.0,-0.0,0.0
R_004497,4,0.0016,3.290360227955326e-05,0,3102,6,1531,5,1,2,5,1.0,-0.0,0.0
R_004498,3,0.0012,2.8598177161958775e-05,0,1562,3,1562,6,3,6,4,0.6666666666666666,0.8675632284814612,0.7896900821428474
R_004499,14,0.0056,8.197149804520986e-05,0,1505,7,1505,8,1,4,8,1.0,-0.0,0.0
R_004500,7,0.0028,4.945386987415701e-05,0,1562,3,1562,7,3,6,5,0.7142857142857143,0.796311640173813,0.7248340915057598
R_004501,7,0.0028,4.957057590683132e-05,0,1562,3,1562,7,2,6,6,0.8571428571428571,0.410116318288409,0.5916727785823274
R_004502,8,0.0032,5.390518494591429e-05,0,3102,6,1531,7,1,2,7,1.0,-0.0,0.0
R_004503,6,0.0024,4.45809844130679e-05,0,1562,3,1562,6,2,6,5,0.8333333333333334,0.4505612088663046,0.6500224216483541
R_004504,15,0.006,9.200752088687793e-05,0,1559,4,1559,8,1,1,8,1.0,-0.0,0.0
R_004505,3,0.0012,2.8678705123104056e-05,0,1628,0,1628,5,1,3,5,1.0,-0.0,0.0
R_004506,16,0.0064,9.893306831531557e-05,0,1628,0,1628,7,1,3,7,1.0,-0.0,0.0
R_004507,9,0.0036,6.318715380813684e-05,0,1550,5,1550,7,1,0,7,1.0,-0.0,0.0
R_004508,9,0.0036,6.0421113726328095e-05,0,1559,4,1559,6,1,1,6,1.0,-0.0,0.0
R_004509,7,0.0028,4.774175751689817e-05,0,1505,7,1505,6,1,4,6,1.0,-0.0,0.0
R_004510,8,0.0032,5.4935769788327335e-05,0,1562,3,1562,6,2,6,5,0.8333333333333334,0.4505612088663046,0.6500224216483541
R_004511,5,0.002,4.151902823232582e-05,0,1565,2,1565,6,1,5,6,1.0,-0.0,0.0
R_004512,8,0.0032,5.495563815112137e-05,0,1562,3,1562,8,2,6,7,0.875,0.3767701612564367,0.5435644431995964
R_004513,6,0.0024,4.452561587095194e-05,0,1562,3,1562,7,3,6,5,0.7142857142857143,0.796311640173813,0.7248340915057598
R_004514,8,0.0032,5.860291262926978e-05,0,1565,2,1565,6,2,5,5,0.8333333333333334,0.4505612088663046,0.6500224216483541
R_004515,6,0.0024,4.64203693169254e-05,0,1550,5,1550,6,1,0,6,1.0,-0.0,0.0
R_004516,11,0.0044,7.323965983973334e-05,0,1628,0,1628,8,1,3,8,1.0,-0.0,0.0
R_004517,4,0.0016,3.469924236226444e-05,0,1550,5,1550,6,1,0,6,1.0,-0.0,0.0
R_004518,2,0.0008,2.2390107597755593e-05,0,1505,7,1505,5,1,4,5,1.0,-0.0,0.0
R_004519,9,0.0036,6.518988904011914e-05,0,1565,2,1565,6,2,5,5,0.8333333333333334,0.4505612088663046,0.6500224216483541
R_004520,2,0.0008,2.3908690209107494e-05,0,1565,2,1565,5,1,5,5,1.0,-0.0,0.0
R_004521,7,0.0028,5.048807791955103e-05,0,1628,0,1628,6,1,3,6,1.0,-0.0,0.0
R_004522,10,0.004,6.855490836759658e-05,0,1550,5,1550,7,1,0,7,1.0,-0.0,0.0
R_004523,7,0.0028,4.9923933493262056e-05,0,1562,3,1562,7,3,6,5,0.7142857142857143,0.796311640173813,0.7248340915057598
R_004524,4,0.0016,3.4474782894832305e-05,0,1550,5,1550,6,1,0,6,1.0,-0.0,0.0
R_004525,12,0.0048,8.161854363409539e-05,0,1565,2,1565,8,2,5,7,0.875,0.3767701612564367,0.5435644431995964
R_004526,6,0.0024,4.308100127793609e-05,0,3102,1,1571,5,3,2,2,0.4,1.0549201679861442,0.9602297178607612
R_004527,13,0.0052,7.909150715324822e-05,0,3102,1,1571,7,4,7,4,0.5714285714285714,1.1537419427010902,0.8322488896002307
R_004528,6,0.0024,4.383031994550242e-05,0,1559,4,1559,7,1,1,7,1.0,-0.0,0.0
R_004529,8,0.0032,5.392930270933352e-05,0,3102,1,1571,5,2,7,3,0.6,0.6730116670092565,0.9709505944546688
R_004530,10,0.004,6.310557554316921e-05,0,3102,1,1571,7,4,7,3,0.4285714285714285,1.277034259466139,0.9211854965885544
R_004531,3,0.0012,2.8869225461055103e-05,0,1559,4,1559,5,1,1,5,1.0,-0.0,0.0
R_004532,7,0.0028,4.888804975519897e-05,0,3102,1,1571,7,4,7,4,0.5714285714285714,1.1537419427010902,0.8322488896002307
R_004533,6,0.0024,4.589640806129155e-05,0,1550,5,1550,6,1,0,6,1.0,-0.0,0.0
R_004534,5,0.002,3.7588650385193374e-05,0,1505,7,1505,6,1,4,6,1.0,-0.0,0.0
R_004535,5,0.002,3.887308734658142e-05,0,1562,3,1562,6,3,6,4,0.6666666666666666,0.8675632284814612,0.7896900821428474
R_004536,19,0.0076,0.00010938891357551101,0,3102,1,1571,8,4,7,4,0.5,1.2130075659799042,0.875
R_004537,6,0.0024,4.4911159844451746e-05,0,1562,3,1562,6,3,6,4,0.6666666666666666,0.8675632284814612,0.7896900821428474
R_004538,10,0.004,7.092407881219859e-05,0,1565,2,1565,8,2,5,7,0.875,0.3767701612564367,0.5435644431995964
R_004539,7,0.0028,4.9704228086958646e-05,0,1562,3,1562,8,3,6,6,0.75,0.7356219397587946,0.6695919455357792
R_004540,5,0.002,3.768115579036243e-05,0,1505,7,1505,6,1,4,6,1.0,-0.0,0.0
R_004541,6,0.0024,4.533049097303578e-05,0,1628,0,1628,5,1,3,5,1.0,-0.0,0.0
R_004542,10,0.004,6.807639265518138e-05,0,1550,5,1550,7,1,0,7,1.0,-0.0,0.0
R_004543,6,0.0024,4.476706419328351e-05,0,1562,3,1562,6,2,6,5,0.8333333333333334,0.4505612088663046,0.6500224216483541
R_004544,9,0.0036,6.307424841172607e-05,0,1550,5,1550,6,1,0,6,1.0,-0.0,0.0
R_004545,6,0.0024,4.315708783475803e-05,0,3102,6,1531,8,1,2,8,1.0,-0.0,0.0
R_004546,4,0.0016,3.3766982969554726e-05,0,1562,3,1562,6,1,6,6,1.0,-0.0,0.0
R_004547,11,0.0044,6.969578655308489e-05,0,3102,6,1531,8,1,2,8,1.0,-0.0,0.0
R_004548,12,0.0048,7.61750648391502e-05,0,1559,4,1559,8,1,1,8,1.0,-0.0,0.0
R_004549,8,0.0032,5.460615601218076e-05,0,1559,4,1559,8,1,1,8,1.0,-0.0,0.0
R_004550,7,0.0028,5.026653556487848e-05,0,1562,3,1562,6,2,6,5,0.8333333333333334,0.4505612088663046,0.6500224216483541
R_004551,5,0.002,3.9366066746316647e-05,0,1628,0,1628,8,1,3,8,1.0,-0.0,0.0
R_004552,8,0.0032,5.3428030657456483e-05,0,3102,6,1531,7,1,2,7,1.0,-0.0,0.0
R_004553,4,0.0016,3.368175555398552e-05,0,1559,4,1559,6,1,1,6,1.0,-0.0,0.0
R_004554,4,0.0016,3.410937426694049e-05,0,1628,0,1628,6,1,3,6,1.0,-0.0,0.0
R_004555,4,0.0016,3.556121135556719e-05,0,1565,2,1565,5,2,5,4,0.8,0.5004024235381879,0.7219280948873623
R_004556,6,0.0024,4.579063934412949e-05,0,1550,5,1550,6,1,0,6,1.0,-0.0,0.0
R_004557,6,0.0024,4.289206176799604e-05,0,3102,6,1531,5,1,2,5,1.0,-0.0,0.0
R_004558,4,0.0016,3.53910940411394e-05,0,1565,2,1565,5,2,5,4,0.8,0.5004024235381879,0.7219280948873623
R_004559,3,0.0012,2.887557749314474e-05,0,1559,4,1559,5,1,1,5,1.0,-0.0,0.0
R_004560,13,0.0052,8.515037854116853e-05,0,1550,5,1550,7,1,0,7,1.0,-0.0,0.0
R_004561,7,0.0028,4.786079376244946e-05,0,1505,7,1505,7,1,4,7,1.0,-0.0,0.0
R_004562,5,0.002,4.126655956226256e-05,0,1565,2,1565,5,1,5,5,1.0,-0.0,0.0
R_004563,11,0.0044,7.571063919686927e-05,0,1565,2,1565,5,2,5,4,0.8,0.5004024235381879,0.7219280948873623
R_004564,4,0.0016,3.4750044409298576e-05,0,1550,5,1550,5,1,0,5,1.0,-0.0,0.0
R_004565,5,0.002,4.107426154162538e-05,0,1565,2,1565,6,1,5,6,1.0,-0.0,0.0
R_004566,10,0.004,6.286217370293476e-05,0,1505,7,1505,8,1,4,8,1.0,-0.0,0.0
R_004567,4,0.0016,3.517511116012163e-05,0,1550,5,1550,7,1,0,7,1.0,-0.0,0.0
R_004568,7,0.0028,4.863117821378673e-05,0,3102,6,1531,6,1,2,6,1.0,-0.0,0.0
R_004569,12,0.0048,7.290683480876203e-05,0,3102,6,1531,5,1,2,5,1.0,-0.0,0.0
R_004570,11,0.0044,6.845066677333221e-05,0,3102,6,1531,6,1,2,6,1.0,-0.0,0.0
R_004571,9,0.0036,6.456196724718145e-05,0,1565,2,1565,6,1,5,6,1.0,-0.0,0.0
R_004572,3,0.0012,2.9575247674755048e-05,0,1628,0,1628,5,1,3,5,1.0,-0.0,0.0
R_004573,4,0.0016,3.316005362681457e-05,0,3102,1,1571,5,2,7,4,0.8,0.5004024235381879,0.7219280948873623
R_004574,4,0.0016,3.2512011382586025e-05,0,1505,7,1505,6,1,4,6,1.0,-0.0,0.0
R_004575,6,0.0024,4.323319006287094e-05,0,1505,7,1505,5,1,4,5,1.0,-0.0,0.0
R_004576,9,0.0036,6.306548242459182e-05,0,1550,5,1550,6,1,0,6,1.0,-0.0,0.0
R_004577,7,0.0028,4.8145853768007295e-05,0,3102,1,1571,8,4,7,4,0.5,1.2130075659799042,0.875
R_004578,5,0.002,3.9214524537178233e-05,0,1628,0,1628,5,1,3,5,1.0,-0.0,0.0
R_004579,10,0.004,6.548139784973931e-05,0,1559,4,1559,8,1,1,8,1.0,-0.0,0.0
R_004580,3,0.0012,2.8851261813922713e-05,0,1559,4,1559,5,1,1,5,1.0,-0.0,0.0
R_004581,4,0.0016,3.5247717073532595e-05,0,1565,2,1565,7,2,5,6,0.8571428571428571,0.410116318288409,0.5916727785823274
R_004582,6,0.0024,4.518211925199262e-05,0,1628,0,1628,7,1,3,7,1.0,-0.0,0.0
R_004583,10,0.004,6.68626261770264e-05,0,1628,0,1628,8,1,3,8,1.0,-0.0,0.0
R_004584,7,0.0028,5.17146406669989e-05,0,1550,5,1550,6,1,0,6,1.0,-0.0,0.0
R_004585,7,0.0028,5.02351169121076e-05,0,1562,3,1562,6,3,6,4,0.6666666666666666,0.8675632284814612,0.7896900821428474
R_004586,3,0.0012,2.7477860229997906e-05,0,1505,7,1505,6,1,4,6,1.0,-0.0,0.0
R_004587,4,0.0016,3.463674204635786e-05,0,1550,5,1550,7,1,0,7,1.0,-0.0,0.0
R_004588,2,0.0008,2.3260667298751928e-05,0,1562,3,1562,5,3,6,3,0.6,0.9502705392332348,0.8649735207179272
R_004589,18,0.0072,0.00011014677369240108,0,1628,0,1628,8,1,3,8,1.0,-0.0,0.0
R_004590,12,0.0048,7.799226157375526e-05,0,1628,0,1628,7,1,3,7,1.0,-0.0,0.0
R_004591,6,0.0024,4.420726857853996e-05,0,1559,4,1559,8,1,1,8,1.0,-0.0,0.0
R_004592,14,0.0056,9.281453598623047e-05,0,1565,2,1565,8,1,5,8,1.0,-0.0,0.0
R_004593,3,0.0012,2.768090493746831e-05,0,3102,6,1531,5,1,2,5,1.0,-0.0,0.0
R_004594,1,0.0004,1.7825336674433967e-05,0,1628,0,1628,7,1,3,7,1.0,-0.0,0.0
R_004595,7,0.0028,4.833006885393987e-05,0,3102,1,1571,7,3,7,5,0.7142857142857143,0.796311640173813,0.7248340915057598
R_004596,4,0.0016,3.474457086782537e-05,0,1550,5,1550,5,1,0,5,1.0,-0.0,0.0
R_004597,5,0.002,3.872368285065702e-05,0,1559,4,1559,6,1,1,6,1.0,-0.0,0.0
R_004598,8,0.0032,5.2463297080561956e-05,0,3102,1,1571,7,3,7,5,0.7142857142857143,0.796311640173813,0.7248340915057598
R_004599,6,0.0024,4.627944452820214e-05,0,1550,5,1550,6,1,0,6,1.0,-0.0,0.0
R_004600,3,0.0012,2.810268840394079e-05,0,1559,4,1559,6,1,1,6,1.0,-0.0,0.0
R_004601,13,0.0052,7.928551600775195e-05,0,3102,6,1531,8,1,2,8,1.0,-0.0,0.0
R_004602,5,0.002,4.0842033959520024e-05,0,1565,2,1565,7,2,5,6,0.8571428571428571,0.410116318288409,0.5916727785823274
R_004603,2,0.0008,2.2932995267600966e-05,0,1628,0,1628,5,1,3,5,1.0,-0.0,0.0
R_004604,12,0.0048,7.911594098712168e-05,0,1550,5,1550,8,1,0,8,1.0,-0.0,0.0
R_004605,9,0.0036,6.043337020408825e-05,0,1559,4,1559,8,1,1,8,1.0,-0.0,0.0
R_004606,8,0.0032,5.3949402228078266e-05,0,3102,6,1531,7,1,2,7,1.0,-0.0,0.0
R_004607,3,0.0012,2.8363156859371527e-05,0,1559,4,1559,5,1,1,5,1.0,-0.0,0.0
R_004608,12,0.0048,8.100651938074257e-05,0,1550,5,1550,8,1,0,8,1.0,-0.0,0.0
R_004609,4,0.0016,3.385999227917634e-05,0,1559,4,1559,5,1,1,5,1.0,-0.0,0.0
R_004610,11,0.0044,7.137335789126095e-05,0,1628,0,1628,8,1,3,8,1.0,-0.0,0.0
R_004611,12,0.0048,7.289417832710827e-05,0,3102,1,1571,7,2,7,5,0.7142857142857143,0.5982695885852573,0.8631205685666311
R_004612,4,0.0016,3.2507322290685526e-05,0,3102,1,1571,5,2,7,3,0.6,0.6730116670092565,0.9709505944546688
R_004613,14,0.0056,8.289978690360163e-05,0,1505,7,1505,7,1,4,7,1.0,-0.0,0.0
R_004614,7,0.0028,4.7650266997989133e-05,0,3102,1,1571,8,4,7,4,0.5,1.2130075659799042,0.875
R_004615,7,0.0028,5.16321657692278e-05,0,1550,5,1550,7,1,0,7,1.0,-0.0,0.0
R_004616,7,0.0028,5.0015702080447186e-05,0,1562,3,1562,5,3,6,3,0.6,0.9502705392332348,0.8649735207179272
R_004617,11,0.0044,7.063107842016448e-05,0,1559,4,1559,6,1,1,6,1.0,-0.0,0.0
R_004618,9,0.0036,6.017213087994617e-05,0,1559,4,1559,6,1,1,6,1.0,-0.0,0.0
R_004619,8,0.0032,5.566209696192068e-05,0,1562,3,1562,7,2,6,6,0.8571428571428571,0.410116318288409,0.5916727785823274
R_004620,5,0.002,3.888394431403977e-05,0,1559,4,1559,5,1,1,5,1.0,-0.0,0.0
R_004621,3,0.0012,2.8246968940264686e-05,0,1562,3,1562,5,2,6,4,0.8,0.5004024235381879,0.7219280948873623
R_004622,11,0.0044,6.970751225521638e-05,0,3102,6,1531,8,1,2,8,1.0,-0.0,0.0
R_004623,11,0.0044,6.74978071668096e-05,0,1505,7,1505,8,1,4,8,1.0,-0.0,0.0
R_004624,12,0.0048,7.23319154082765e-05,0,1505,7,1505,8,1,4,8,1.0,-0.0,0.0
R_004625,8,0.0032,5.575050023597352e-05,0,1628,0,1628,8,1,3,8,1.0,-0.0,0.0
R_004626,9,0.0036,5.954697910101527e-05,0,1559,4,1559,8,1,1,8,1.0,-0.0,0.0
R_004627,5,0.002,4.084579258800921e-05,0,1550,5,1550,6,1,0,6,1.0,-0.0,0.0
R_004628,10,0.004,7.052674118318393e-05,0,1565,2,1565,8,1,5,8,1.0,-0.0,0.0
R_004629,12,0.0048,7.237743319989974e-05,0,1505,7,1505,6,1,4,6,1.0,-0.0,0.0
R_004630,8,0.0032,5.961228819015466e-05,0,1565,2,1565,6,1,5,6,1.0,-0.0,0.0
R_004631,9,0.0036,5.893725903003362e-05,0,3102,6,1531,7,1,2,7,1.0,-0.0,0.0
R_004632,9,0.0036,6.300154937689498e-05,0,1550,5,1550,7,1,0,7,1.0,-0.0,0.0
R_004633,11,0.0044,7.564110694260321e-05,0,1565,2,1565,8,2,5,7,0.875,0.3767701612564367,0.5435644431995964
R_004634,4,0.0016,3.392576078957393e-05,0,1628,0,1628,7,1,3,7,1.0,-0.0,0.0
R_004635,9,0.0036,6.022260934048681e-05,0,1562,3,1562,7,2,6,6,0.8571428571428571,0.410116318288409,0.5916727785823274
R_004636,16,0.0064,9.785742135216027e-05,0,1559,4,1559,8,1,1,8,1.0,-0.0,0.0
R_004637,6,0.0024,4.4518220402435434e-05,0,1562,3,1562,7,3,6,5,0.7142857142857143,0.796311640173813,0.7248340915057598
R_004638,8,0.0032,5.366720273313763e-05,0,3102,6,1531,5,1,2,5,1.0,-0.0,0.0
R_004639,7,0.0028,4.812149736618248e-05,0,1505,7,1505,6,1,4,6,1.0,-0.0,0.0
R_004640,8,0.0032,5.7043128101484006e-05,0,1550,5,1550,5,1,0,5,1.0,-0.0,0.0
R_004641,11,0.0044,7.637584258828799e-05,0,1565,2,1565,7,2,5,6,0.8571428571428571,0.410116318288409,0.5916727785823274
R_004642,13,0.0052,8.317380681792491e-05,0,1628,0,1628,7,1,3,7,1.0,-0.0,0.0
R_004643,8,0.0032,5.663780374033442e-05,0,1550,5,1550,8,1,0,8,1.0,-0.0,0.0
R_004644,5,0.002,3.7651994556450165e-05,0,3102,1,1571,7,4,7,4,0.5714285714285714,1.1537419427010902,0.8322488896002307
R_004645,10,0.004,6.512421200011601e-05,0,1559,4,1559,6,1,1,6,1.0,-0.0,0.0
R_004646,4,0.0016,3.4694203814828394e-05,0,1550,5,1550,5,1,0,5,1.0,-0.0,0.0
R_004647,6,0.0024,4.462343509270213e-05,0,1559,4,1559,5,1,1,5,1.0,-0.0,0.0
R_004648,12,0.0048,7.601284512397996e-05,0,1559,4,1559,7,1,1,7,1.0,-0.0,0.0
R_004649,8,0.0032,5.550988264848554e-05,0,1562,3,1562,8,2,6,7,0.875,0.3767701612564367,0.5435644431995964
R_004650,6,0.0024,4.5873700455116204e-05,0,1550,5,1550,8,1,0,8,1.0,-0.0,0.0
R_004651,8,0.0032,5.521609353378721e-05,0,1559,4,1559,5,1,1,5,1.0,-0.0,0.0
R_004652,12,0.0048,7.421414048214288e-05,0,3102,6,1531,8,1,2,8,1.0,-0.0,0.0
R_004653,4,0.0016,3.309546449512355e-05,0,1505,7,1505,6,1,4,6,1.0,-0.0,0.0
R_004654,8,0.0032,5.332146675207528e-05,0,3102,1,1571,8,3,7,6,0.75,0.7356219397587946,0.6695919455357792
R_004655,11,0.0044,6.901254421289527e-05,0,3102,1,1571,8,2,7,6,0.75,0.5623351446188083,0.8112781244591328
R_004656,7,0.0028,4.788649339109925e-05,0,3102,1,1571,5,3,7,3,0.6,0.9502705392332348,0.8649735207179272
R_004657,8,0.0032,5.7423101271155506e-05,0,1550,5,1550,6,1,0,6,1.0,-0.0,0.0
R_004658,9,0.0036,5.83789389781317e-05,0,1505,7,1505,8,1,4,8,1.0,-0.0,0.0
R_004659,5,0.002,3.7151710439607504e-05,0,1505,7,1505,7,1,4,7,1.0,-0.0,0.0
R_004660,4,0.0016,3.387319634117058e-05,0,1628,0,1628,6,1,3,6,1.0,-0.0,0.0
R_004661,7,0.0028,5.020818629995062e-05,0,1562,3,1562,6,2,6,5,0.8333333333333334,0.4505612088663046,0.6500224216483541
R_004662,2,0.0008,2.2817430908991664e-05,0,1562,3,1562,5,1,6,5,1.0,-0.0,0.0
R_004663,9,0.0036,6.390225010990014e-05,0,1565,2,1565,8,2,5,7,0.875,0.3767701612564367,0.5435644431995964
R_004664,3,0.0012,2.978303059807521e-05,0,1565,2,1565,6,1,5,6,1.0,-0.0,0.0
R_004665,3,0.0012,2.922860801768485e-05,0,1550,5,1550,6,1,0,6,1.0,-0.0,0.0
R_004666,7,0.0028,4.8507514236650164e-05,0,3102,1,1571,5,4,7,2,0.4,1.3321790402101223,0.9609640474436812
R_004667,4,0.0016,3.328631394320535e-05,0,1562,3,1562,6,3,6,4,0.6666666666666666,0.8675632284814612,0.7896900821428474
R_004668,12,0.0048,7.608220378955277e-05,0,1559,4,1559,7,1,1,7,1.0,-0.0,0.0
R_004669,9,0.0036,5.7238875363487035e-05,0,1505,7,1505,7,1,4,7,1.0,-0.0,0.0
R_004670,5,0.002,3.8667778148517045e-05,0,3102,6,1531,5,1,2,5,1.0,-0.0,0.0
R_004671,5,0.002,3.786312653803661e-05,0,3102,1,1571,5,4,7,2,0.4,1.3321790402101223,0.9609640474436812
R_004672,2,0.0008,2.3047070764482e-05,0,1562,3,1562,5,2,6,4,0.8,0.5004024235381879,0.7219280948873623
R_004673,7,0.0028,5.095370828283724e-05,0,1628,0,1628,7,1,3,7,1.0,-0.0,0.0
R_004674,6,0.0024,4.734768976231651e-05,0,1565,2,1565,5,2,5,4,0.8,0.5004024235381879,0.7219280948873623
R_004675,8,0.0032,5.394621375704512e-05,0,3102,6,1531,7,1,2,7,1.0,-0.0,0.0
R_004676,11,0.0044,7.31562572414701e-05,0,1550,5,1550,6,1,0,6,1.0,-0.0,0.0
R_004677,4,0.0016,3.396454523282696e-05,0,1628,0,1628,5,1,3,5,1.0,-0.0,0.0
R_004678,11,0.0044,6.86041342409342e-05,0,3102,1,1571,8,4,7,5,0.625,1.073542846408523,0.7743974703476992
R_004679,5,0.002,4.040215163855928e-05,0,1550,5,1550,5,1,0,5,1.0,-0.0,0.0
R_004680,7,0.0028,4.781245663838475e-05,0,1505,7,1505,7,1,4,7,1.0,-0.0,0.0
R_004681,6,0.0024,4.3485352336178125e-05,0,3102,6,1531,5,1,2,5,1.0,-0.0,0.0
R_004682,10,0.004,6.313082750656425e-05,0,3102,1,1571,6,4,2,2,0.3333333333333333,1.3296613488547582,0.9591479170272448
R_004683,6,0.0024,4.708324117954382e-05,0,1565,2,1565,6,2,5,5,0.8333333333333334,0.4505612088663046,0.6500224216483541
R_004684,7,0.0028,4.7401624544083756e-05,0,3102,1,1571,5,4,7,2,0.4,1.3321790402101223,0.9609640474436812
R_004685,10,0.004,6.380235342277584e-05,0,3102,1,1571,8,3,7,6,0.75,0.7356219397587946,0.6695919455357792
R_004686,9,0.0036,5.8394130299713995e-05,0,1505,7,1505,8,1,4,8,1.0,-0.0,0.0
R_004687,9,0.0036,5.826227302910522e-05,0,3102,1,1571,7,2,7,5,0.7142857142857143,0.5982695885852573,0.8631205685666311
R_004688,8,0.0032,5.510004368697289e-05,0,1559,4,1559,6,1,1,6,1.0,-0.0,0.0
R_004689,4,0.0016,3.5326195272566394e-05,0,1565,2,1565,5,2,5,4,0.8,0.5004024235381879,0.7219280948873623
R_004690,3,0.0012,2.9686943614850015e-05,0,1565,2,1565,5,1,5,5,1.0,-0.0,0.0
R_004691,8,0.0032,5.715938082396349e-05,0,1550,5,1550,6,1,0,6,1.0,-0.0,0.0
R_004692,3,0.0012,2.7496788220675032e-05,0,3102,1,1571,5,3,7,3,0.6,0.9502705392332348,0.8649735207179272
R_004693,12,0.0048,7.426447317989943e-05,0,3102,1,1571,8,4,7,4,0.5,1.2130075659799042,0.875
R_004694,10,0.004,6.333827302190071e-05,0,1505,7,1505,8,1,4,8,1.0,-0.0,0.0
R_004695,2,0.0008,2.3423585533806305e-05,0,1550,5,1550,5,1,0,5,1.0,-0.0,0.0
R_004696,8,0.0032,5.359347277809245e-05,0,3102,6,1531,6,1,2,6,1.0,-0.0,0.0
R_004697,7,0.0028,4.99817332494113e-05,0,1628,0,1628,8,1,3,8,1.0,-0.0,0.0
R_004698,11,0.0044,7.262355903410376e-05,0,1628,0,1628,8,1,3,8,1.0,-0.0,0.0
R_004699,3,0.0012,2.830952855303162e-05,0,1562,3,1562,6,2,6,5,0.8333333333333334,0.4505612088663046,0.6500224216483541
R_004700,9,0.0036,6.521067989864722e-05,0,1565,2,1565,6,2,5,5,0.8333333333333334,0.4505612088663046,0.6500224216483541
R_004701,11,0.0044,6.824091713409105e-05,0,3102,1,1571,7,4,7,3,0.4285714285714285,1.277034259466139,0.9211854965885544
R_004702,10,0.004,6.359715369585076e-05,0,3102,1,1571,8,4,7,4,0.5,1.2130075659799042,0.875
R_004703,8,0.0032,5.2900754107078166e-05,0,3102,1,1571,6,3,7,4,0.6666666666666666,0.8675632284814612,0.7896900821428474
R_004704,4,0.0016,3.4308254208234694e-05,0,1559,4,1559,5,1,1,5,1.0,-0.0,0.0
R_004705,9,0.0036,5.8847919975750725e-05,0,3102,6,1531,7,1,2,7,1.0,-0.0,0.0
R_004706,5,0.002,4.1036611401083825e-05,0,1565,2,1565,5,1,5,5,1.0,-0.0,0.0
R_004707,12,0.0048,7.269991912502746e-05,0,1505,7,1505,7,1,4,7,1.0,-0.0,0.0
R_004708,6,0.0024,4.4068570886070546e-05,0,1559,4,1559,5,1,1,5,1.0,-0.0,0.0
R_004709,4,0.0016,3.407763434441425e-05,0,1562,3,1562,6,1,6,6,1.0,-0.0,0.0
R_004710,5,0.002,3.822003400471778e-05,0,3102,1,1571,5,3,7,3,0.6,0.9502705392332348,0.8649735207179272
R_004711,9,0.0036,5.8644333921026534e-05,0,3102,6,1531,8,1,2,8,1.0,-0.0,0.0
R_004712,9,0.0036,5.808983390780809e-05,0,3102,1,1571,8,4,7,5,0.625,1.073542846408523,0.7743974703476992
R_004713,14,0.0056,8.680187549951574e-05,0,1562,3,1562,8,2,6,7,0.875,0.3767701612564367,0.5435644431995964
R_004714,10,0.004,7.04103530569583e-05,0,1565,2,1565,8,2,5,7,0.875,0.3767701612564367,0.5435644431995964
R_004715,5,0.002,3.75870088984673e-05,0,3102,1,1571,7,2,7,6,0.8571428571428571,0.410116318288409,0.5916727785823274
R_004716,6,0.0024,4.460959412845004e-05,0,1562,3,1562,8,2,6,7,0.875,0.3767701612564367,0.5435644431995964
R_004717,6,0.0024,4.557989464225271e-05,0,1550,5,1550,6,1,0,6,1.0,-0.0,0.0
R_004718,2,0.0008,2.2993412562827588e-05,0,1559,4,1559,6,1,1,6,1.0,-0.0,0.0
R_004719,11,0.0044,7.589357159934396e-05,0,1565,2,1565,8,1,5,8,1.0,-0.0,0.0
R_004720,11,0.0044,6.775505618902329e-05,0,3102,1,1571,8,4,7,4,0.5,1.2130075659799042,0.875
R_004721,3,0.0012,2.9819629262489386e-05,0,1565,2,1565,5,2,5,4,0.8,0.5004024235381879,0.7219280948873623
R_004722,4,0.0016,3.340783301672935e-05,0,1562,3,1562,7,2,6,6,0.8571428571428571,0.410116318288409,0.5916727785823274
R_004723,5,0.002,3.935824162970634e-05,0,1628,0,1628,6,1,3,6,1.0,-0.0,0.0
R_004724,9,0.0036,6.313681547389213e-05,0,1550,5,1550,7,1,0,7,1.0,-0.0,0.0
R_004725,6,0.0024,4.5246295001190895e-05,0,1562,3,1562,5,1,6,5,1.0,-0.0,0.0
R_004726,8,0.0032,5.618283321670331e-05,0,1628,0,1628,6,1,3,6,1.0,-0.0,0.0
R_004727,3,0.0012,2.7286485528267916e-05,0,1505,7,1505,5,1,4,5,1.0,-0.0,0.0
R_004728,7,0.0028,5.144061017841708e-05,0,1550,5,1550,7,1,0,7,1.0,-0.0,0.0
R_004729,4,0.0016,3.230117976613359e-05,0,3102,6,1531,6,1,2,6,1.0,-0.0,0.0
R_004730,5,0.002,4.0726826493616164e-05,0,1550,5,1550,6,1,0,6,1.0,-0.0,0.0
R_004731,4,0.0016,3.578880424681353e-05,0,1565,2,1565,8,2,5,7,0.875,0.3767701612564367,0.5435644431995964
R_004732,3,0.0012,2.9266548689230174e-05,0,1550,5,1550,5,1,0,5,1.0,-0.0,0.0
R_004733,9,0.0036,6.489933259205847e-05,0,1565,2,1565,8,2,5,7,0.875,0.3767701612564367,0.5435644431995964
R_004734,5,0.002,3.8943012029284344e-05,0,1559,4,1559,7,1,1,7,1.0,-0.0,0.0
R_004735,5,0.002,3.769015587883786e-05,0,3102,6,1531,7,1,2,7,1.0,-0.0,0.0
R_004736,5,0.002,3.7636858377840267e-05,0,1505,7,1505,5,1,4,5,1.0,-0.0,0.0
R_004737,7,0.0028,4.9407740496689706e-05,0,1559,4,1559,5,1,1,5,1.0,-0.0,0.0
R_004738,11,0.0044,6.878004333753369e-05,0,3102,6,1531,7,1,2,7,1.0,-0.0,0.0
R_004739,9,0.0036,6.044200235968079e-05,0,1559,4,1559,7,1,1,7,1.0,-0.0,0.0
R_004740,11,0.0044,7.146037573980305e-05,0,1562,3,1562,7,2,6,6,0.8571428571428571,0.410116318288409,0.5916727785823274
R_004741,7,0.0028,4.890495482864843e-05,0,1562,3,1562,5,2,6,4,0.8,0.5004024235381879,0.7219280948873623
R_004742,7,0.0028,5.2713424647143155e-05,0,1565,2,1565,8,2,5,7,0.875,0.3767701612564367,0.5435644431995964
R_004743,6,0.0024,4.738125066178369e-05,0,1565,2,1565,7,2,5,6,0.8571428571428571,0.410116318288409,0.5916727785823274
R_004744,3,0.0012,2.925648079005184e-05,0,1550,5,1550,7,1,0,7,1.0,-0.0,0.0
R_004745,6,0.0024,4.607705518717991e-05,0,1550,5,1550,6,1,0,6,1.0,-0.0,0.0
R_004746,7,0.0028,5.11152188884198e-05,0,1550,5,1550,6,1,0,6,1.0,-0.0,0.0
R_004747,7,0.0028,4.9995351021299475e-05,0,1562,3,1562,6,1,6,6,1.0,-0.0,0.0
R_004748,15,0.006,8.902831201511455e-05,0,3102,6,1531,8,1,2,8,1.0,-0.0,0.0
R_004749,5,0.002,4.008390564709257e-05,0,1550,5,1550,6,1,0,6,1.0,-0.0,0.0
R_004750,6,0.0024,4.2728216475334825e-05,0,3102,6,1531,5,1,2,5,1.0,-0.0,0.0
R_004751,8,0.0032,5.2825875118063386e-05,0,3102,1,1571,7,4,7,4,0.5714285714285714,1.1537419427010902,0.8322488896002307
R_004752,4,0.0016,3.343979641351084e-05,0,3102,6,1531,5,1,2,5,1.0,-0.0,0.0
R_004753,6,0.0024,4.5018380865167056e-05,0,1628,0,1628,7,1,3,7,1.0,-0.0,0.0
R_004754,10,0.004,6.662227354134333e-05,0,1628,0,1628,5,1,3,5,1.0,-0.0,0.0
R_004755,3,0.0012,2.738628478461398e-05,0,1505,7,1505,5,1,4,5,1.0,-0.0,0.0
R_004756,6,0.0024,4.5216250505581585e-05,0,1628,0,1628,6,1,3,6,1.0,-0.0,0.0
R_004757,13,0.0052,7.778101532400921e-05,0,1505,7,1505,7,1,4,7,1.0,-0.0,0.0
R_004758,10,0.004,6.595351351187511e-05,0,1628,0,1628,7,1,3,7,1.0,-0.0,0.0
R_004759,10,0.004,6.303309744545007e-05,0,3102,1,1571,8,3,7,6,0.75,0.7356219397587946,0.6695919455357792
R_004760,8,0.0032,5.515502872910497e-05,0,1559,4,1559,8,1,1,8,1.0,-0.0,0.0
R_004761,4,0.0016,3.474851426881891e-05,0,1550,5,1550,5,1,0,5,1.0,-0.0,0.0
R_004762,5,0.002,3.8867082515547345e-05,0,1559,4,1559,5,1,1,5,1.0,-0.0,0.0
R_004763,3,0.0012,2.8616986401008378e-05,0,1628,0,1628,6,1,3,6,1.0,-0.0,0.0
R_004764,3,0.0012,2.8453881567608633e-05,0,1559,4,1559,6,1,1,6,1.0,-0.0,0.0
R_004765,2,0.0008,2.3660185711185583e-05,0,1550,5,1550,5,1,0,5,1.0,-0.0,0.0
R_004766,7,0.0028,4.761905700474293e-05,0,1505,7,1505,5,1,4,5,1.0,-0.0,0.0
R_004767,19,0.0076,0.00010715312621921234,0,1505,7,1505,8,1,4,8,1.0,-0.0,0.0
R_004768,8,0.0032,5.469250303167376e-05,0,1559,4,1559,7,1,1,7,1.0,-0.0,0.0
R_004769,10,0.004,7.036664154408436e-05,0,1565,2,1565,8,2,5,7,0.875,0.3767701612564367,0.5435644431995964
R_004770,2,0.0008,2.329053660227933e-05,0,1628,0,1628,5,1,3,5,1.0,-0.0,0.0
R_004771,13,0.0052,7.92263859314119e-05,0,3102,1,1571,7,3,7,4,0.5714285714285714,0.9556998911125344,0.8699155297736259
R_004772,7,0.0028,5.267498684359527e-05,0,1565,2,1565,8,2,5,7,0.875,0.3767701612564367,0.5435644431995964
R_004773,8,0.0032,5.3356833076817114e-05,0,3102,6,1531,8,1,2,8,1.0,-0.0,0.0
R_004774,6,0.0024,4.5037128050080294e-05,0,1562,3,1562,5,2,6,4,0.8,0.5004024235381879,0.7219280948873623
R_004775,10,0.004,6.829935938731485e-05,0,1628,0,1628,5,1,3,5,1.0,-0.0,0.0
R_004776,5,0.002,3.809563318807989e-05,0,3102,6,1531,6,1,2,6,1.0,-0.0,0.0
R_004777,6,0.0024,4.5291923677670846e-05,0,1550,5,1550,7,1,0,7,1.0,-0.0,0.0
R_004778,4,0.0016,3.276749479161398e-05,0,3102,1,1571,5,3,2,2,0.4,1.0549201679861442,0.9602297178607612
R_004779,11,0.0044,7.249609873660393e-05,0,1628,0,1628,7,1,3,7,1.0,-0.0,0.0
R_004780,1,0.0004,1.7624281840075793e-05,0,3102,6,1531,5,1,2,5,1.0,-0.0,0.0
R_004781,8,0.0032,5.877926906293559e-05,0,1565,2,1565,6,1,5,6,1.0,-0.0,0.0
R_004782,5,0.002,3.731977619429681e-05,0,1505,7,1505,7,1,4,7,1.0,-0.0,0.0
R_004783,6,0.0024,4.478604209328841e-05,0,1628,0,1628,6,1,3,6,1.0,-0.0,0.0
R_004784,3,0.0012,2.9872876880052607e-05,0,1565,2,1565,5,1,5,5,1.0,-0.0,0.0
R_004785,6,0.0024,4.487925694446646e-05,0,1628,0,1628,8,1,3,8,1.0,-0.0,0.0
R_004786,3,0.0012,2.8712900911591218e-05,0,1628,0,1628,6,1,3,6,1.0,-0.0,0.0
R_004787,3,0.0012,2.9707441407670844e-05,0,1565,2,1565,5,2,5,4,0.8,0.5004024235381879,0.7219280948873623
R_004788,11,0.0044,6.929399776455072e-05,0,3102,6,1531,7,1,2,7,1.0,-0.0,0.0
R_004789,7,0.0028,4.7926103155749874e-05,0,3102,1,1571,6,3,7,3,0.5,1.0114042647073518,0.920619835714305
R_004790,13,0.0052,7.794133554183157e-05,0,3102,1,1571,7,4,7,3,0.4285714285714285,1.277034259466139,0.9211854965885544
R_004791,4,0.0016,3.320693488879967e-05,0,3102,6,1531,5,1,2,5,1.0,-0.0,0.0
R_004792,2,0.0008,2.291482475447932e-05,0,1562,3,1562,5,1,6,5,1.0,-0.0,0.0
R_004793,13,0.0052,7.963507894534408e-05,0,3102,6,1531,8,1,2,8,1.0,-0.0,0.0
R_004794,12,0.0048,7.410797389219486e-05,0,3102,6,1531,6,1,2,6,1.0,-0.0,0.0
R_004795,5,0.002,4.172896873139616e-05,0,1565,2,1565,6,1,5,6,1.0,-0.0,0.0
R_004796,5,0.002,4.1785306672519316e-05,0,1565,2,1565,5,1,5,5,1.0,-0.0,0.0
R_004797,5,0.002,4.1173395847296674e-05,0,1565,2,1565,7,2,5,6,0.8571428571428571,0.410116318288409,0.5916727785823274
R_004798,5,0.002,3.8826681960649224e-05,0,3102,1,1571,6,3,7,4,0.6666666666666666,0.8675632284814612,0.7896900821428474
R_004799,8,0.0032,5.725242798291995e-05,0,1550,5,1550,7,1,0,7,1.0,-0.0,0.0
R_004800,5,0.002,3.916331507113322e-05,0,1628,0,1628,8,1,3,8,1.0,-0.0,0.0
R_004801,7,0.0028,5.2533215002622924e-05,0,1565,2,1565,6,1,5,6,1.0,-0.0,0.0
R_004802,18,0.0072,0.00010829483225397714,0,1559,4,1559,8,1,1,8,1.0,-0.0,0.0
R_004803,5,0.002,3.882585713348017e-05,0,1559,4,1559,6,1,1,6,1.0,-0.0,0.0
R_004804,3,0.0012,2.8755688966699994e-05,0,1559,4,1559,5,1,1,5,1.0,-0.0,0.0
R_004805,1,0.0004,1.7671254727668084e-05,0,1559,4,1559,5,1,1,5,1.0,-0.0,0.0
R_004806,8,0.0032,5.538676992456143e-05,0,1559,4,1559,7,1,1,7,1.0,-0.0,0.0
R_004807,10,0.004,6.377346132727231e-05,0,3102,6,1531,7,1,2,7,1.0,-0.0,0.0
R_004808,6,0.0024,4.464846909440922e-05,0,1628,0,1628,6,1,3,6,1.0,-0.0,0.0
R_004809,5,0.002,3.850867441171279e-05,0,1562,3,1562,7,2,6,6,0.8571428571428571,0.410116318288409,0.5916727785823274
R_004810,9,0.0036,6.307896119553236e-05,0,1550,5,1550,7,1,0,7,1.0,-0.0,0.0
R_004811,7,0.0028,5.1134235478126346e-05,0,1550,5,1550,8,1,0,8,1.0,-0.0,0.0
R_004812,1,0.0004,1.822059852852213e-05,0,1565,2,1565,5,2,5,4,0.8,0.5004024235381879,0.7219280948873623
R_004813,13,0.0052,8.140933346386735e-05,0,1559,4,1559,8,1,1,8,1.0,-0.0,0.0
R_004814,6,0.0024,4.5283681681454204e-05,0,1628,0,1628,7,1,3,7,1.0,-0.0,0.0
R_004815,8,0.0032,5.680832226579635e-05,0,1550,5,1550,8,1,0,8,1.0,-0.0,0.0
R_004816,11,0.0044,7.414387746487489e-05,0,1550,5,1550,8,1,0,8,1.0,-0.0,0.0
R_004817,8,0.0032,5.917188444170744e-05,0,1565,2,1565,5,1,5,5,1.0,-0.0,0.0
R_004818,4,0.0016,3.510753876794872e-05,0,1565,2,1565,5,2,5,4,0.8,0.5004024235381879,0.7219280948873623
R_004819,5,0.002,3.798733364473867e-05,0,3102,6,1531,7,1,2,7,1.0,-0.0,0.0
R_004820,6,0.0024,4.37796650358728e-05,0,3102,6,1531,7,1,2,7,1.0,-0.0,0.0
R_004821,6,0.0024,4.5863913359249565e-05,0,1550,5,1550,7,1,0,7,1.0,-0.0,0.0
R_004822,3,0.0012,2.9862155737215814e-05,0,1565,2,1565,5,1,5,5,1.0,-0.0,0.0
R_004823,10,0.004,6.424215900550302e-05,0,3102,6,1531,7,1,2,7,1.0,-0.0,0.0
R_004824,7,0.0028,5.093138196537779e-05,0,1628,0,1628,7,1,3,7,1.0,-0.0,0.0
R_004825,11,0.0044,7.349330659662505e-05,0,1550,5,1550,8,1,0,8,1.0,-0.0,0.0
R_004826,8,0.0032,5.418408599388882e-05,0,3102,6,1531,6,1,2,6,1.0,-0.0,0.0
R_004827,6,0.0024,4.3906999610089204e-05,0,1559,4,1559,7,1,1,7,1.0,-0.0,0.0
R_004828,11,0.0044,7.123028552888086e-05,0,1562,3,1562,5,3,6,3,0.6,0.9502705392332348,0.8649735207179272
R_004829,11,0.0044,7.176913787680432e-05,0,1562,3,1562,7,2,6,6,0.8571428571428571,0.410116318288409,0.5916727785823274
R_004830,8,0.0032,5.4482119827457226e-05,0,1559,4,1559,6,1,1,6,1.0,-0.0,0.0
R_004831,5,0.002,4.068565991736471e-05,0,1550,5,1550,8,1,0,8,1.0,-0.0,0.0
R_004832,10,0.004,6.672883828660089e-05,0,1628,0,1628,8,1,3,8,1.0,-0.0,0.0
R_004833,8,0.0032,5.2682537950460634e-05,0,1505,7,1505,8,1,4,8,1.0,-0.0,0.0
R_004834,8,0.0032,5.4937987658230875e-05,0,1562,3,1562,6,3,6,4,0.6666666666666666,0.8675632284814612,0.7896900821428474
R_004835,9,0.0036,6.464487765669726e-05,0,1565,2,1565,6,2,5,5,0.8333333333333334,0.4505612088663046,0.6500224216483541
R_004836,5,0.002,4.133563391856417e-05,0,1565,2,1565,7,2,5,6,0.8571428571428571,0.410116318288409,0.5916727785823274
R_004837,3,0.0012,2.8217922547233686e-05,0,1559,4,1559,5,1,1,5,1.0,-0.0,0.0
R_004838,3,0.0012,2.8582308080646672e-05,0,1628,0,1628,5,1,3,5,1.0,-0.0,0.0
R_004839,4,0.0016,3.267724258011006e-05,0,3102,1,1571,5,3,7,3,0.6,0.9502705392332348,0.8649735207179272
R_004840,6,0.0024,4.7781913437635706e-05,0,1565,2,1565,6,2,5,5,0.8333333333333334,0.4505612088663046,0.6500224216483541
R_004841,6,0.0024,4.731076211260098e-05,0,1565,2,1565,6,2,5,5,0.8333333333333334,0.4505612088663046,0.6500224216483541
R_004842,4,0.0016,3.372927641902603e-05,0,1559,4,1559,5,1,1,5,1.0,-0.0,0.0
R_004843,6,0.0024,4.7645525138070184e-05,0,1565,2,1565,6,2,5,5,0.8333333333333334,0.4505612088663046,0.6500224216483541
R_004844,5,0.002,3.926429957764382e-05,0,1562,3,1562,5,2,6,4,0.8,0.5004024235381879,0.7219280948873623
R_004845,4,0.0016,3.576123791889213e-05,0,1565,2,1565,5,2,5,4,0.8,0.5004024235381879,0.7219280948873623
R_004846,4,0.0016,3.266255108798581e-05,0,3102,6,1531,5,1,2,5,1.0,-0.0,0.0
R_004847,9,0.0036,5.783594573731116e-05,0,3102,1,1571,5,2,7,4,0.8,0.5004024235381879,0.7219280948873623
R_004848,9,0.0036,5.748085673699177e-05,0,3102,1,1571,7,3,7,5,0.7142857142857143,0.796311640173813,0.7248340915057598
R_004849,7,0.0028,5.2200245946390093e-05,0,1565,2,1565,7,2,5,6,0.8571428571428571,0.410116318288409,0.5916727785823274
R_004850,2,0.0008,2.2462346583368256e-05,0,1505,7,1505,5,1,4,5,1.0,-0.0,0.0
R_004851,8,0.0032,5.525306921235975e-05,0,1562,3,1562,8,3,6,6,0.75,0.7356219397587946,0.6695919455357792
R_004852,7,0.0028,5.261510519768689e-05,0,1565,2,1565,6,2,5,5,0.8333333333333334,0.4505612088663046,0.6500224216483541
R_004853,8,0.0032,5.669738946475684e-05,0,1628,0,1628,8,1,3,8,1.0,-0.0,0.0
R_004854,11,0.0044,7.456409000559267e-05,0,1550,5,1550,8,1,0,8,1.0,-0.0,0.0
R_004855,4,0.0016,3.511025174713202e-05,0,1565,2,1565,6,1,5,6,1.0,-0.0,0.0
R_004856,7,0.0028,5.261885789643022e-05,0,1565,2,1565,6,1,5,6,1.0,-0.0,0.0
R_004857,9,0.0036,6.044474316319813e-05,0,1559,4,1559,7,1,1,7,1.0,-0.0,0.0
R_004858,9,0.0036,6.136632517857204e-05,0,1628,0,1628,6,1,3,6,1.0,-0.0,0.0
R_004859,10,0.004,6.794681165553291e-05,0,1550,5,1550,7,1,0,7,1.0,-0.0,0.0
R_004860,8,0.0032,5.8617010724039324e-05,0,1565,2,1565,6,1,5,6,1.0,-0.0,0.0
R_004861,6,0.0024,4.489289705225655e-05,0,1628,0,1628,7,1,3,7,1.0,-0.0,0.0
R_004862,9,0.0036,5.8567254084300546e-05,0,3102,6,1531,8,1,2,8,1.0,-0.0,0.0
R_004863,3,0.0012,2.9842224769956123e-05,0,1565,2,1565,6,2,5,5,0.8333333333333334,0.4505612088663046,0.6500224216483541
R_004864,6,0.0024,4.305044867208553e-05,0,1505,7,1505,5,1,4,5,1.0,-0.0,0.0
R_004865,10,0.004,7.024872639000306e-05,0,1565,2,1565,5,1,5,5,1.0,-0.0,0.0
R_004866,5,0.002,3.996414800383167e-05,0,1628,0,1628,5,1,3,5,1.0,-0.0,0.0
R_004867,9,0.0036,5.893193072843402e-05,0,3102,6,1531,7,1,2,7,1.0,-0.0,0.0
R_004868,13,0.0052,7.98071752717486e-05,0,3102,6,1531,8,1,2,8,1.0,-0.0,0.0
R_004869,4,0.0016,3.414102471475975e-05,0,1628,0,1628,6,1,3,6,1.0,-0.0,0.0
R_004870,3,0.0012,2.7133142484030175e-05,0,1505,7,1505,6,1,4,6,1.0,-0.0,0.0
R_004871,4,0.0016,3.3059459038981736e-05,0,3102,6,1531,5,1,2,5,1.0,-0.0,0.0
R_004872,2,0.0008,2.2766943581268948e-05,0,1559,4,1559,6,1,1,6,1.0,-0.0,0.0
R_004873,3,0.0012,2.8637763484288578e-05,0,1562,3,1562,5,1,6,5,1.0,-0.0,0.0
R_004874,5,0.002,3.790976640115515e-05,0,3102,1,1571,6,3,7,4,0.6666666666666666,0.8675632284814612,0.7896900821428474
R_004875,7,0.0028,5.114065445035206e-05,0,1628,0,1628,6,1,3,6,1.0,-0.0,0.0
R_004876,9,0.0036,6.095738109279464e-05,0,1628,0,1628,8,1,3,8,1.0,-0.0,0.0
R_004877,6,0.0024,4.542175606113858e-05,0,1559,4,1559,5,1,1,5,1.0,-0.0,0.0
R_004878,8,0.0032,5.888711126394537e-05,0,1565,2,1565,8,2,5,7,0.875,0.3767701612564367,0.5435644431995964
R_004879,1,0.0004,1.7998299097787234e-05,0,1550,5,1550,5,1,0,5,1.0,-0.0,0.0
R_004880,2,0.0008,2.2882136551616133e-05,0,1562,3,1562,5,2,6,4,0.8,0.5004024235381879,0.7219280948873623
R_004881,13,0.0052,7.835012256027499e-05,0,1505,7,1505,8,1,4,8,1.0,-0.0,0.0
R_004882,4,0.0016,3.49878234731627e-05,0,1550,5,1550,5,1,0,5,1.0,-0.0,0.0
R_004883,3,0.0012,2.7534515472142202e-05,0,3102,6,1531,6,1,2,6,1.0,-0.0,0.0
R_004884,8,0.0032,5.786778931730929e-05,0,1550,5,1550,5,1,0,5,1.0,-0.0,0.0
R_004885,4,0.0016,3.570220336111725e-05,0,1565,2,1565,5,2,5,4,0.8,0.5004024235381879,0.7219280948873623
R_004886,7,0.0028,4.816122889217433e-05,0,1505,7,1505,6,1,4,6,1.0,-0.0,0.0
R_004887,6,0.0024,4.39975088849607e-05,0,1559,4,1559,5,1,1,5,1.0,-0.0,0.0
R_004888,5,0.002,3.817206244087758e-05,0,3102,6,1531,6,1,2,6,1.0,-0.0,0.0
R_004889,8,0.0032,5.88465850955539e-05,0,1565,2,1565,6,2,5,5,0.8333333333333334,0.4505612088663046,0.6500224216483541
R_004890,8,0.0032,5.335757664547586e-05,0,3102,6,1531,7,1,2,7,1.0,-0.0,0.0
R_004891,8,0.0032,5.52603195603305e-05,0,1562,3,1562,6,3,6,4,0.6666666666666666,0.8675632284814612,0.7896900821428474
R_004892,15,0.006,8.930483203312696e-05,0,3102,1,1571,7,4,7,3,0.4285714285714285,1.277034259466139,0.9211854965885544
R_004893,2,0.0008,2.297426626610459e-05,0,1559,4,1559,5,1,1,5,1.0,-0.0,0.0
R_004894,6,0.0024,4.526590723576345e-05,0,1628,0,1628,8,1,3,8,1.0,-0.0,0.0
R_004895,5,0.002,4.1390957440127474e-05,0,1565,2,1565,5,2,5,4,0.8,0.5004024235381879,0.7219280948873623
R_004896,8,0.0032,5.485123631950566e-05,0,1559,4,1559,6,1,1,6,1.0,-0.0,0.0
R_004897,5,0.002,4.179030189809953e-05,0,1565,2,1565,7,2,5,6,0.8571428571428571,0.410116318288409,0.5916727785823274
R_004898,10,0.004,6.329628635719147e-05,0,3102,1,1571,7,4,7,3,0.4285714285714285,1.277034259466139,0.9211854965885544
R_004899,5,0.002,3.77230320494595e-05,0,1505,7,1505,6,1,4,6,1.0,-0.0,0.0
R_004900,6,0.0024,4.4017195941293093e-05,0,1562,3,1562,5,1,6,5,1.0,-0.0,0.0
R_004901,4,0.0016,3.359329783470575e-05,0,1559,4,1559,5,1,1,5,1.0,-0.0,0.0
R_004902,3,0.0012,2.9184661902135082e-05,0,1550,5,1550,5,1,0,5,1.0,-0.0,0.0
R_004903,6,0.0024,4.47577809200772e-05,0,1628,0,1628,5,1,3,5,1.0,-0.0,0.0
R_004904,3,0.0012,3.0393842940060104e-05,0,1565,2,1565,5,2,5,4,0.8,0.5004024235381879,0.7219280948873623
R_004905,8,0.0032,5.38972996385134e-05,0,3102,6,1531,7,1,2,7,1.0,-0.0,0.0
R_004906,8,0.0032,5.395527194756185e-05,0,3102,6,1531,6,1,2,6,1.0,-0.0,0.0
R_004907,9,0.0036,6.08098790360142e-05,0,1562,3,1562,6,2,6,5,0.8333333333333334,0.4505612088663046,0.6500224216483541
R_004908,10,0.004,6.932267039045085e-05,0,1550,5,1550,7,1,0,7,1.0,-0.0,0.0
R_004909,2,0.0008,2.279283207094186e-05,0,1562,3,1562,5,1,6,5,1.0,-0.0,0.0
R_004910,15,0.006,8.854587732669536e-05,0,3102,1,1571,8,4,7,5,0.625,1.073542846408523,0.7743974703476992
R_004911,9,0.0036,6.0009345943594904e-05,0,1559,4,1559,7,1,1,7,1.0,-0.0,0.0
R_004912,11,0.0044,6.887952815332166e-05,0,3102,6,1531,7,1,2,7,1.0,-0.0,0.0
R_004913,4,0.0016,3.395903327552402e-05,0,1628,0,1628,6,1,3,6,1.0,-0.0,0.0
R_004914,4,0.0016,3.369610489346918e-05,0,1628,0,1628,6,1,3,6,1.0,-0.0,0.0
R_004915,6,0.0024,4.320307011526784e-05,0,1505,7,1505,6,1,4,6,1.0,-0.0,0.0
R_004916,1,0.0004,1.762641794097461e-05,0,1559,4,1559,6,1,1,6,1.0,-0.0,0.0
R_004917,9,0.0036,5.790848034205343e-05,0,3102,1,1571,8,3,7,6,0.75,0.7356219397587946,0.6695919455357792
R_004918,6,0.0024,4.2393096057573285e-05,0,1505,7,1505,6,1,4,6,1.0,-0.0,0.0
R_004919,8,0.0032,5.314717454487542e-05,0,3102,6,1531,6,1,2,6,1.0,-0.0,0.0
R_004920,16,0.0064,9.685430963421122e-05,0,1559,4,1559,8,1,1,8,1.0,-0.0,0.0
R_004921,4,0.0016,3.518923028404966e-05,0,1565,2,1565,5,2,5,4,0.8,0.5004024235381879,0.7219280948873623
R_004922,16,0.0064,9.820128712939067e-05,0,1562,3,1562,8,2,6,7,0.875,0.3767701612564367,0.5435644431995964
R_004923,8,0.0032,5.2863180694310485e-05,0,1505,7,1505,8,1,4,8,1.0,-0.0,0.0
R_004924,3,0.0012,2.749575052288749e-05,0,3102,6,1531,5,1,2,5,1.0,-0.0,0.0
R_004925,5,0.002,3.9477190114963555e-05,0,1562,3,1562,5,2,6,4,0.8,0.5004024235381879,0.7219280948873623
R_004926,2,0.0008,2.3567892430856173e-05,0,1628,0,1628,5,1,3,5,1.0,-0.0,0.0
R_004927,7,0.0028,5.221835229842512e-05,0,1550,5,1550,6,1,0,6,1.0,-0.0,0.0
R_004928,10,0.004,6.37041087474485e-05,0,3102,1,1571,8,3,7,6,0.75,0.7356219397587946,0.6695919455357792
R_004929,12,0.0048,7.775420825148897e-05,0,1562,3,1562,8,3,6,6,0.75,0.7356219397587946,0.6695919455357792
R_004930,9,0.0036,5.783290116050084e-05,0,3102,1,1571,6,4,2,2,0.3333333333333333,1.3296613488547582,0.9591479170272448
R_004931,3,0.0012,2.8724158648747105e-05,0,1628,0,1628,5,1,3,5,1.0,-0.0,0.0
R_004932,5,0.002,3.792354940114746e-05,0,1505,7,1505,5,1,4,5,1.0,-0.0,0.0
R_004933,13,0.0052,8.257956514144621e-05,0,1628,0,1628,7,1,3,7,1.0,-0.0,0.0
R_004934,7,0.0028,5.097475171274617e-05,0,1628,0,1628,8,1,3,8,1.0,-0.0,0.0
R_004935,12,0.0048,7.316011997786251e-05,0,1505,7,1505,8,1,4,8,1.0,-0.0,0.0
R_004936,3,0.0012,2.706288717990227e-05,0,1505,7,1505,6,1,4,6,1.0,-0.0,0.0
R_004937,4,0.0016,3.370759208083318e-05,0,1562,3,1562,5,3,6,3,0.6,0.9502705392332348,0.8649735207179272
R_004938,11,0.0044,6.761337808730518e-05,0,1505,7,1505,6,1,4,6,1.0,-0.0,0.0
R_004939,9,0.0036,6.035213370112544e-05,0,1562,3,1562,8,3,6,6,0.75,0.7356219397587946,0.6695919455357792
R_004940,8,0.0032,5.4658565653838186e-05,0,1559,4,1559,7,1,1,7,1.0,-0.0,0.0
R_004941,3,0.0012,2.8446309368927657e-05,0,1628,0,1628,5,1,3,5,1.0,-0.0,0.0
R_004942,7,0.0028,5.020380218277308e-05,0,1628,0,1628,6,1,3,6,1.0,-0.0,0.0
R_004943,10,0.004,6.817619694842295e-05,0,1550,5,1550,8,1,0,8,1.0,-0.0,0.0
R_004944,12,0.0048,7.456045150803535e-05,0,3102,1,1571,7,3,7,4,0.5714285714285714,0.9556998911125344,0.8699155297736259
R_004945,5,0.002,3.98822255380223e-05,0,1550,5,1550,7,1,0,7,1.0,-0.0,0.0
R_004946,7,0.0028,5.183807997018279e-05,0,1550,5,1550,6,1,0,6,1.0,-0.0,0.0
R_004947,9,0.0036,5.797977829163617e-05,0,3102,1,1571,8,4,7,5,0.625,1.073542846408523,0.7743974703476992
R_004948,6,0.0024,4.197805297899344e-05,0,1505,7,1505,6,1,4,6,1.0,-0.0,0.0
R_004949,11,0.0044,7.064285802434807e-05,0,1562,3,1562,7,1,6,7,1.0,-0.0,0.0
R_004950,5,0.002,4.008346262970919e-05,0,1628,0,1628,6,1,3,6,1.0,-0.0,0.0
R_004951,11,0.0044,7.140650068582273e-05,0,1562,3,1562,7,2,6,6,0.8571428571428571,0.410116318288409,0.5916727785823274
R_004952,5,0.002,3.9313212627957594e-05,0,1628,0,1628,6,1,3,6,1.0,-0.0,0.0
R_004953,11,0.0044,7.074089423033494e-05,0,1559,4,1559,8,1,1,8,1.0,-0.0,0.0
R_004954,8,0.0032,5.547624056574153e-05,0,1562,3,1562,6,2,6,5,0.8333333333333334,0.4505612088663046,0.6500224216483541
R_004955,3,0.0012,2.8237990299244606e-05,0,1562,3,1562,6,1,6,6,1.0,-0.0,0.0
R_004956,4,0.0016,3.265164289638695e-05,0,3102,1,1571,5,2,7,4,0.8,0.5004024235381879,0.7219280948873623
R_004957,4,0.0016,3.388809928679485e-05,0,1628,0,1628,5,1,3,5,1.0,-0.0,0.0
R_004958,10,0.004,6.45103036696321e-05,0,3102,6,1531,8,1,2,8,1.0,-0.0,0.0
R_004959,9,0.0036,6.277971896283786e-05,0,1550,5,1550,7,1,0,7,1.0,-0.0,0.0
R_004960,5,0.002,3.7270751423379764e-05,0,1505,7,1505,5,1,4,5,1.0,-0.0,0.0
R_004961,7,0.0028,4.881262457823072e-05,0,1559,4,1559,6,1,1,6,1.0,-0.0,0.0
R_004962,14,0.0056,9.068572865078746e-05,0,1550,5,1550,8,1,0,8,1.0,-0.0,0.0
R_004963,14,0.0056,8.38677222127895e-05,0,3102,1,1571,8,4,7,5,0.625,1.073542846408523,0.7743974703476992
R_004964,7,0.0028,4.8305650775350735e-05,0,3102,6,1531,5,1,2,5,1.0,-0.0,0.0
R_004965,8,0.0032,5.387769535364291e-05,0,3102,1,1571,6,3,7,3,0.5,1.0114042647073518,0.920619835714305
R_004966,12,0.0048,7.294231022087559e-05,0,1505,7,1505,8,1,4,8,1.0,-0.0,0.0
R_004967,13,0.0052,7.885949245197876e-05,0,3102,6,1531,8,1,2,8,1.0,-0.0,0.0
R_004968,7,0.0028,5.1443662813800876e-05,0,1550,5,1550,5,1,0,5,1.0,-0.0,0.0
R_004969,15,0.006,9.658113912910857e-05,0,1550,5,1550,7,1,0,7,1.0,-0.0,0.0
R_004970,9,0.0036,6.0346298980468314e-05,0,1559,4,1559,6,1,1,6,1.0,-0.0,0.0
R_004971,4,0.0016,3.298774375672906e-05,0,3102,6,1531,5,1,2,5,1.0,-0.0,0.0
R_004972,5,0.002,3.967869403880156e-05,0,1550,5,1550,6,1,0,6,1.0,-0.0,0.0
R_004973,16,0.0064,9.330974609164824e-05,0,1505,7,1505,8,1,4,8,1.0,-0.0,0.0
R_004974,4,0.0016,3.307132496409033e-05,0,3102,6,1531,7,1,2,7,1.0,-0.0,0.0
R_004975,11,0.0044,7.197270383457994e-05,0,1628,0,1628,8,1,3,8,1.0,-0.0,0.0
R_004976,7,0.0028,5.34927717700372e-05,0,1565,2,1565,8,1,5,8,1.0,-0.0,0.0
R_004977,8,0.0032,5.703097884212209e-05,0,1550,5,1550,6,1,0,6,1.0,-0.0,0.0
R_004978,4,0.0016,3.488245762629284e-05,0,1550,5,1550,5,1,0,5,1.0,-0.0,0.0
R_004979,4,0.0016,3.4279685175951324e-05,0,1550,5,1550,5,1,0,5,1.0,-0.0,0.0
R_004980,15,0.006,9.965306232756014e-05,0,1565,2,1565,8,2,5,7,0.875,0.3767701612564367,0.5435644431995964
R_004981,5,0.002,4.141034230576085e-05,0,1565,2,1565,7,1,5,7,1.0,-0.0,0.0
R_004982,11,0.0044,7.117323966023182e-05,0,1559,4,1559,6,1,1,6,1.0,-0.0,0.0
R_004983,15,0.006,9.611868508995063e-05,0,1550,5,1550,8,1,0,8,1.0,-0.0,0.0
R_004984,5,0.002,3.918484841410635e-05,0,1562,3,1562,5,2,6,4,0.8,0.5004024235381879,0.7219280948873623
R_004985,11,0.0044,6.904995025356714e-05,0,3102,6,1531,6,1,2,6,1.0,-0.0,0.0
R_004986,5,0.002,3.887761847760006e-05,0,1559,4,1559,5,1,1,5,1.0,-0.0,0.0
R_004987,7,0.0028,5.013815212292623e-05,0,1562,3,1562,8,3,6,6,0.75,0.7356219397587946,0.6695919455357792
R_004988,12,0.0048,7.280846582033619e-05,0,1505,7,1505,7,1,4,7,1.0,-0.0,0.0
R_004989,6,0.0024,4.5427162381300853e-05,0,1550,5,1550,6,1,0,6,1.0,-0.0,0.0
R_004990,12,0.0048,7.386336510190417e-05,0,3102,1,1571,7,3,7,5,0.7142857142857143,0.796311640173813,0.7248340915057598
R_004991,7,0.0028,5.2042119077995125e-05,0,1550,5,1550,8,1,0,8,1.0,-0.0,0.0
R_004992,9,0.0036,6.0859745128507643e-05,0,1628,0,1628,8,1,3,8,1.0,-0.0,0.0
R_004993,4,0.0016,3.461120917289307e-05,0,1550,5,1550,7,1,0,7,1.0,-0.0,0.0
R_004994,3,0.0012,2.8612513535497915e-05,0,1628,0,1628,5,1,3,5,1.0,-0.0,0.0
R_004995,11,0.0044,6.832206806406585e-05,0,3102,1,1571,7,2,7,5,0.7142857142857143,0.5982695885852573,0.8631205685666311
R_004996,15,0.006,9.777179607075867e-05,0,1565,2,1565,7,2,5,6,0.8571428571428571,0.410116318288409,0.5916727785823274
R_004997,8,0.0032,5.5530470985244714e-05,0,1628,0,1628,6,1,3,6,1.0,-0.0,0.0
R_004998,4,0.0016,3.5090714516191417e-05,0,1550,5,1550,7,1,0,7,1.0,-0.0,0.0
R_004999,8,0.0032,5.864516880874735e-05,0,1565,2,1565,7,1,5,7,1.0,-0.0,0.0
R_005000,7,0.0028,5.1973588228215484e-05,0,1550,5,1550,7,1,0,7,1.0,-0.0,0.0
R_005001,12,0.0048,7.363908422243071e-05,0,3102,1,1571,7,4,7,4,0.5714285714285714,1.1537419427010902,0.8322488896002307
R_005002,1,0.0004,1.7566702514253904e-05,0,3102,1,1571,5,3,7,3,0.6,0.9502705392332348,0.8649735207179272
R_005003,10,0.004,6.569326625181325e-05,0,1559,4,1559,7,1,1,7,1.0,-0.0,0.0
R_005004,7,0.0028,4.77869565814514e-05,0,3102,1,1571,6,2,7,4,0.6666666666666666,0.6365141682948128,0.9182958340544894
R_005005,9,0.0036,6.413327294862665e-05,0,1565,2,1565,8,2,5,7,0.875,0.3767701612564367,0.5435644431995964
R_005006,5,0.002,3.876456082097902e-05,0,1559,4,1559,5,1,1,5,1.0,-0.0,0.0
R_005007,8,0.0032,5.329555822316013e-05,0,3102,1,1571,7,3,7,4,0.5714285714285714,0.9556998911125344,0.8699155297736259
R_005008,9,0.0036,5.82208806273641e-05,0,3102,1,1571,7,3,7,5,0.7142857142857143,0.796311640173813,0.7248340915057598
R_005009,7,0.0028,5.018007062139169e-05,0,1628,0,1628,7,1,3,7,1.0,-0.0,0.0
R_005010,8,0.0032,5.6987713936990664e-05,0,1550,5,1550,8,1,0,8,1.0,-0.0,0.0
R_005011,7,0.0028,4.9806730307149374e-05,0,1562,3,1562,5,3,6,3,0.6,0.9502705392332348,0.8649735207179272
R_005012,8,0.0032,5.372371382626344e-05,0,3102,6,1531,6,1,2,6,1.0,-0.0,0.0
R_005013,6,0.0024,4.7684339567311626e-05,0,1565,2,1565,5,2,5,4,0.8,0.5004024235381879,0.7219280948873623
R_005014,14,0.0056,8.347770256152418e-05,0,1505,7,1505,7,1,4,7,1.0,-0.0,0.0
R_005015,9,0.0036,6.249320122025517e-05,0,1550,5,1550,8,1,0,8,1.0,-0.0,0.0
R_005016,3,0.0012,2.8993961683634837e-05,0,1628,0,1628,6,1,3,6,1.0,-0.0,0.0
R_005017,13,0.0052,8.776542617142596e-05,0,1565,2,1565,7,2,5,6,0.8571428571428571,0.410116318288409,0.5916727785823274
R_005018,9,0.0036,6.0635701179921645e-05,0,1559,4,1559,7,1,1,7,1.0,-0.0,0.0
R_005019,5,0.002,4.090674605710191e-05,0,1550,5,1550,8,1,0,8,1.0,-0.0,0.0
R_005020,4,0.0016,3.523206168430903e-05,0,1565,2,1565,5,1,5,5,1.0,-0.0,0.0
R_005021,8,0.0032,5.353313816382241e-05,0,3102,6,1531,8,1,2,8,1.0,-0.0,0.0
R_005022,3,0.0012,2.7634648868594983e-05,0,3102,6,1531,5,1,2,5,1.0,-0.0,0.0
R_005023,5,0.002,4.137497208866137e-05,0,1565,2,1565,5,2,5,4,0.8,0.5004024235381879,0.7219280948873623
R_005024,10,0.004,6.400048604450588e-05,0,3102,6,1531,7,1,2,7,1.0,-0.0,0.0
R_005025,14,0.0056,8.421685730283385e-05,0,3102,6,1531,7,1,2,7,1.0,-0.0,0.0
R_005026,5,0.002,3.9602845080880875e-05,0,1562,3,1562,6,1,6,6,1.0,-0.0,0.0
R_005027,5,0.002,4.126045714359449e-05,0,1565,2,1565,6,2,5,5,0.8333333333333334,0.4505612088663046,0.6500224216483541
R_005028,5,0.002,4.04424952186988e-05,0,1550,5,1550,6,1,0,6,1.0,-0.0,0.0
R_005029,2,0.0008,2.367750747746505e-05,0,1565,2,1565,5,1,5,5,1.0,-0.0,0.0
R_005030,4,0.0016,3.3438579083922775e-05,0,1559,4,1559,5,1,1,5,1.0,-0.0,0.0
R_005031,14,0.0056,8.659319590078872e-05,0,1559,4,1559,8,1,1,8,1.0,-0.0,0.0
R_005032,7,0.0028,4.754414251214383e-05,0,1505,7,1505,5,1,4,5,1.0,-0.0,0.0
R_005033,5,0.002,3.82132504715397e-05,0,3102,6,1531,5,1,2,5,1.0,-0.0,0.0
R_005034,5,0.002,4.1507822386882864e-05,0,1565,2,1565,6,1,5,6,1.0,-0.0,0.0
R_005035,11,0.0044,7.243609135332978e-05,0,1628,0,1628,8,1,3,8,1.0,-0.0,0.0
R_005036,10,0.004,6.278261875016036e-05,0,1505,7,1505,5,1,4,5,1.0,-0.0,0.0
R_005037,7,0.0028,5.04575701211663e-05,0,1628,0,1628,5,1,3,5,1.0,-0.0,0.0
R_005038,4,0.0016,3.3168406039842975e-05,0,3102,6,1531,5,1,2,5,1.0,-0.0,0.0
R_005039,10,0.004,6.784198026207315e-05,0,1550,5,1550,8,1,0,8,1.0,-0.0,0.0
R_005040,4,0.0016,3.5950992106549575e-05,0,1565,2,1565,5,1,5,5,1.0,-0.0,0.0
R_005041,3,0.0012,2.8662742629178954e-05,0,1559,4,1559,5,1,1,5,1.0,-0.0,0.0
R_005042,9,0.0036,6.316116053574597e-05,0,1550,5,1550,8,1,0,8,1.0,-0.0,0.0
R_005043,6,0.0024,4.369676326154471e-05,0,1562,3,1562,6,2,6,5,0.8333333333333334,0.4505612088663046,0.6500224216483541
R_005044,10,0.004,6.658257396368246e-05,0,1562,3,1562,7,2,6,6,0.8571428571428571,0.410116318288409,0.5916727785823274
R_005045,4,0.0016,3.4181861963191514e-05,0,1562,3,1562,5,2,6,4,0.8,0.5004024235381879,0.7219280948873623
R_005046,12,0.0048,7.946076669150616e-05,0,1550,5,1550,8,1,0,8,1.0,-0.0,0.0
R_005047,6,0.0024,4.604435986847647e-05,0,1550,5,1550,7,1,0,7,1.0,-0.0,0.0
R_005048,3,0.0012,2.974549946310295e-05,0,1565,2,1565,5,1,5,5,1.0,-0.0,0.0
R_005049,9,0.0036,5.8094705608111385e-05,0,1505,7,1505,8,1,4,8,1.0,-0.0,0.0
R_005050,7,0.0028,5.219264722448069e-05,0,1550,5,1550,6,1,0,6,1.0,-0.0,0.0
R_005051,4,0.0016,3.351019644684239e-05,0,1562,3,1562,7,2,6,6,0.8571428571428571,0.410116318288409,0.5916727785823274
R_005052,8,0.0032,5.248681513151134e-05,0,3102,1,1571,5,2,7,4,0.8,0.5004024235381879,0.7219280948873623
R_005053,2,0.0008,2.3125801952232028e-05,0,1562,3,1562,5,2,6,4,0.8,0.5004024235381879,0.7219280948873623
R_005054,9,0.0036,6.171055110434074e-05,0,1628,0,1628,7,1,3,7,1.0,-0.0,0.0
R_005055,13,0.0052,7.906334225266551e-05,0,3102,1,1571,8,3,7,5,0.625,0.9002560512685369,0.8194483718728035
R_005056,8,0.0032,5.312253565978161e-05,0,1505,7,1505,7,1,4,7,1.0,-0.0,0.0
R_005057,7,0.0028,4.8575143512653037e-05,0,3102,6,1531,6,1,2,6,1.0,-0.0,0.0
R_005058,14,0.0056,8.36075438132854e-05,0,3102,6,1531,7,1,2,7,1.0,-0.0,0.0
R_005059,5,0.002,3.795289728711778e-05,0,3102,1,1571,5,3,7,3,0.6,0.9502705392332348,0.8649735207179272
R_005060,8,0.0032,5.499568964819498e-05,0,1559,4,1559,7,1,1,7,1.0,-0.0,0.0
R_005061,3,0.0012,2.820979460554287e-05,0,1562,3,1562,6,2,6,5,0.8333333333333334,0.4505612088663046,0.6500224216483541
R_005062,4,0.0016,3.45712659068714e-05,0,1550,5,1550,5,1,0,5,1.0,-0.0,0.0
R_005063,3,0.0012,2.8271324798248465e-05,0,1628,0,1628,6,1,3,6,1.0,-0.0,0.0
R_005064,10,0.004,6.240930557616163e-05,0,1505,7,1505,6,1,4,6,1.0,-0.0,0.0
R_005065,10,0.004,6.328630170484659e-05,0,3102,1,1571,8,4,7,4,0.5,1.2130075659799042,0.875
R_005066,6,0.0024,4.654839978204861e-05,0,1550,5,1550,6,1,0,6,1.0,-0.0,0.0
R_005067,4,0.0016,3.357173475830713e-05,0,1559,4,1559,8,1,1,8,1.0,-0.0,0.0
R_005068,5,0.002,4.011883928238967e-05,0,1550,5,1550,7,1,0,7,1.0,-0.0,0.0
R_005069,5,0.002,3.7392327573042344e-05,0,1505,7,1505,5,1,4,5,1.0,-0.0,0.0
R_005070,5,0.002,4.072315251975822e-05,0,1565,2,1565,7,2,5,6,0.8571428571428571,0.410116318288409,0.5916727785823274
R_005071,9,0.0036,6.1403155510679e-05,0,1628,0,1628,8,1,3,8,1.0,-0.0,0.0
R_005072,6,0.0024,4.301356701299516e-05,0,3102,6,1531,6,1,2,6,1.0,-0.0,0.0
R_005073,10,0.004,6.258499271600205e-05,0,1505,7,1505,8,1,4,8,1.0,-0.0,0.0
R_005074,2,0.0008,2.281119957617538e-05,0,1562,3,1562,5,2,6,4,0.8,0.5004024235381879,0.7219280948873623
R_005075,12,0.0048,7.405246324653631e-05,0,3102,6,1531,7,1,2,7,1.0,-0.0,0.0
R_005076,5,0.002,3.879595408747925e-05,0,1562,3,1562,6,2,6,5,0.8333333333333334,0.4505612088663046,0.6500224216483541
R_005077,3,0.0012,2.984726314075658e-05,0,1565,2,1565,7,2,5,6,0.8571428571428571,0.410116318288409,0.5916727785823274
R_005078,5,0.002,3.765221880629628e-05,0,3102,1,1571,6,4,2,2,0.3333333333333333,1.3296613488547582,0.9591479170272448
R_005079,9,0.0036,5.812464913664673e-05,0,1505,7,1505,8,1,4,8,1.0,-0.0,0.0
R_005080,11,0.0044,7.175217714753748e-05,0,1628,0,1628,8,1,3,8,1.0,-0.0,0.0
R_005081,4,0.0016,3.557643004699557e-05,0,1565,2,1565,6,2,5,5,0.8333333333333334,0.4505612088663046,0.6500224216483541
R_005082,5,0.002,3.8051113229882324e-05,0,3102,6,1531,6,1,2,6,1.0,-0.0,0.0
R_005083,4,0.0016,3.269427276024903e-05,0,1505,7,1505,7,1,4,7,1.0,-0.0,0.0
R_005084,4,0.0016,3.575743645874921e-05,0,1565,2,1565,6,1,5,6,1.0,-0.0,0.0
R_005085,4,0.0016,3.3522816554940473e-05,0,3102,1,1571,5,3,7,3,0.6,0.9502705392332348,0.8649735207179272
R_005086,12,0.0048,7.94830432375867e-05,0,1550,5,1550,8,1,0,8,1.0,-0.0,0.0
R_005087,4,0.0016,3.234857012824046e-05,0,1505,7,1505,5,1,4,5,1.0,-0.0,0.0
R_005088,10,0.004,6.341164618781951e-05,0,3102,6,1531,8,1,2,8,1.0,-0.0,0.0
R_005089,9,0.0036,6.485410469071686e-05,0,1565,2,1565,8,2,5,7,0.875,0.3767701612564367,0.5435644431995964
R_005090,8,0.0032,5.4265482047841886e-05,0,1559,4,1559,7,1,1,7,1.0,-0.0,0.0
R_005091,11,0.0044,7.106455803088778e-05,0,1562,3,1562,8,3,6,6,0.75,0.7356219397587946,0.6695919455357792
R_005092,5,0.002,3.916640594730279e-05,0,1562,3,1562,6,2,6,5,0.8333333333333334,0.4505612088663046,0.6500224216483541
R_005093,7,0.0028,5.270312740875247e-05,0,1565,2,1565,8,2,5,7,0.875,0.3767701612564367,0.5435644431995964
R_005094,2,0.0008,2.3035742426516327e-05,0,1628,0,1628,5,1,3,5,1.0,-0.0,0.0
R_005095,10,0.004,6.821619723711924e-05,0,1550,5,1550,7,1,0,7,1.0,-0.0,0.0
R_005096,14,0.0056,8.374170774941827e-05,0,3102,1,1571,8,4,7,5,0.625,1.073542846408523,0.7743974703476992
R_005097,7,0.0028,5.012736102756139e-05,0,1628,0,1628,8,1,3,8,1.0,-0.0,0.0
R_005098,3,0.0012,2.877839258700319e-05,0,1628,0,1628,6,1,3,6,1.0,-0.0,0.0
R_005099,11,0.0044,6.767968125945633e-05,0,3102,1,1571,7,3,7,5,0.7142857142857143,0.796311640173813,0.7248340915057598
R_005100,11,0.0044,6.688499656403871e-05,0,1505,7,1505,8,1,4,8,1.0,-0.0,0.0
R_005101,15,0.006,8.77513600445988e-05,0,3102,1,1571,8,2,7,6,0.75,0.5623351446188083,0.8112781244591328
R_005102,6,0.0024,4.375947230196427e-05,0,3102,6,1531,5,1,2,5,1.0,-0.0,0.0
R_005103,14,0.0056,9.070558865990257e-05,0,1550,5,1550,8,1,0,8,1.0,-0.0,0.0
R_005104,3,0.0012,2.903358464027268e-05,0,1550,5,1550,5,1,0,5,1.0,-0.0,0.0
R_005105,6,0.0024,4.369875924923393e-05,0,1559,4,1559,6,1,1,6,1.0,-0.0,0.0
R_005106,7,0.0028,4.980802676976136e-05,0,1628,0,1628,7,1,3,7,1.0,-0.0,0.0
R_005107,4,0.0016,3.401910498087644e-05,0,1628,0,1628,5,1,3,5,1.0,-0.0,0.0
R_005108,10,0.004,6.323791413817944e-05,0,1505,7,1505,7,1,4,7,1.0,-0.0,0.0
R_005109,8,0.0032,5.888622420225893e-05,0,1565,2,1565,7,2,5,6,0.8571428571428571,0.410116318288409,0.5916727785823274
R_005110,8,0.0032,5.4281843431984117e-05,0,1559,4,1559,6,1,1,6,1.0,-0.0,0.0
R_005111,9,0.0036,5.937047391824706e-05,0,1562,3,1562,8,3,6,6,0.75,0.7356219397587946,0.6695919455357792
R_005112,5,0.002,3.79537217927357e-05,0,3102,1,1571,5,4,7,2,0.4,1.3321790402101223,0.9609640474436812
R_005113,5,0.002,4.0707457645011244e-05,0,1565,2,1565,5,1,5,5,1.0,-0.0,0.0
R_005114,4,0.0016,3.4027695060100294e-05,0,1559,4,1559,7,1,1,7,1.0,-0.0,0.0
R_005115,6,0.0024,4.501444262918417e-05,0,1562,3,1562,8,2,6,7,0.875,0.3767701612564367,0.5435644431995964
R_005116,2,0.0008,2.3239807280779218e-05,0,1628,0,1628,6,1,3,6,1.0,-0.0,0.0
R_005117,3,0.0012,2.920892364314864e-05,0,1550,5,1550,6,1,0,6,1.0,-0.0,0.0
R_005118,10,0.004,6.457700530727773e-05,0,1559,4,1559,8,1,1,8,1.0,-0.0,0.0
R_005119,5,0.002,3.871298546643533e-05,0,3102,6,1531,6,1,2,6,1.0,-0.0,0.0
R_005120,5,0.002,4.0445392723983464e-05,0,1550,5,1550,7,1,0,7,1.0,-0.0,0.0
R_005121,11,0.0044,6.837840946744337e-05,0,3102,1,1571,8,4,7,4,0.5,1.2130075659799042,0.875
R_005122,12,0.0048,7.470017593495305e-05,0,3102,1,1571,8,4,7,5,0.625,1.073542846408523,0.7743974703476992
R_005123,4,0.0016,3.312866121727384e-05,0,3102,6,1531,6,1,2,6,1.0,-0.0,0.0
R_005124,9,0.0036,6.244490699480642e-05,0,1628,0,1628,7,1,3,7,1.0,-0.0,0.0
R_005125,3,0.0012,2.887872257470782e-05,0,1550,5,1550,5,1,0,5,1.0,-0.0,0.0
R_005126,7,0.0028,4.821687722870699e-05,0,3102,6,1531,7,1,2,7,1.0,-0.0,0.0
R_005127,7,0.0028,5.155419958511422e-05,0,1550,5,1550,6,1,0,6,1.0,-0.0,0.0
R_005128,11,0.0044,7.126547723745488e-05,0,1562,3,1562,8,3,6,6,0.75,0.7356219397587946,0.6695919455357792
R_005129,8,0.0032,5.4620338358347426e-05,0,1562,3,1562,6,2,6,5,0.8333333333333334,0.4505612088663046,0.6500224216483541
R_005130,9,0.0036,6.41462251629885e-05,0,1565,2,1565,8,1,5,8,1.0,-0.0,0.0
R_005131,8,0.0032,5.702492410054113e-05,0,1550,5,1550,6,1,0,6,1.0,-0.0,0.0
R_005132,0,0.0,1.2023710757614017e-05,1,1,19,1,5,1,5,5,1.0,-0.0,0.0
R_005133,8,0.0032,5.317743924754345e-05,0,3102,6,1531,6,1,2,6,1.0,-0.0,0.0
R_005134,3,0.0012,2.89072318521598e-05,0,1562,3,1562,5,1,6,5,1.0,-0.0,0.0
R_005135,5,0.002,3.7997257070025934e-05,0,3102,1,1571,5,3,7,3,0.6,0.9502705392332348,0.8649735207179272
R_005136,10,0.004,6.5260382983333e-05,0,1559,4,1559,8,1,1,8,1.0,-0.0,0.0
R_005137,10,0.004,6.527236458890492e-05,0,1559,4,1559,8,1,1,8,1.0,-0.0,0.0
R_005138,4,0.0016,3.371316562921881e-05,0,1562,3,1562,7,3,6,5,0.7142857142857143,0.796311640173813,0.7248340915057598
R_005139,2,0.0008,2.3090589385850598e-05,0,1562,3,1562,5,2,6,4,0.8,0.5004024235381879,0.7219280948873623
R_005140,7,0.0028,4.9209753960758324e-05,0,1559,4,1559,7,1,1,7,1.0,-0.0,0.0
R_005141,4,0.0016,3.35521217437264e-05,0,1628,0,1628,5,1,3,5,1.0,-0.0,0.0
R_005142,8,0.0032,5.537288110364284e-05,0,1562,3,1562,8,2,6,7,0.875,0.3767701612564367,0.5435644431995964
R_005143,3,0.0012,2.7837804512576436e-05,0,3102,6,1531,5,1,2,5,1.0,-0.0,0.0
R_005144,4,0.0016,3.401775040256142e-05,0,1628,0,1628,6,1,3,6,1.0,-0.0,0.0
R_005145,3,0.0012,2.9209960124320968e-05,0,1565,2,1565,5,2,5,4,0.8,0.5004024235381879,0.7219280948873623
R_005146,4,0.0016,3.4352224367686945e-05,0,1550,5,1550,7,1,0,7,1.0,-0.0,0.0
R_005147,3,0.0012,2.826828910882213e-05,0,1562,3,1562,5,3,6,3,0.6,0.9502705392332348,0.8649735207179272
R_005148,11,0.0044,6.783820241718979e-05,0,3102,1,1571,7,3,7,5,0.7142857142857143,0.796311640173813,0.7248340915057598
R_005149,10,0.004,6.253756170523696e-05,0,1505,7,1505,6,1,4,6,1.0,-0.0,0.0
R_005150,4,0.0016,3.467821587099938e-05,0,1550,5,1550,6,1,0,6,1.0,-0.0,0.0
R_005151,6,0.0024,4.745660128836676e-05,0,1565,2,1565,6,2,5,5,0.8333333333333334,0.4505612088663046,0.6500224216483541
R_005152,10,0.004,6.667961203345985e-05,0,1628,0,1628,8,1,3,8,1.0,-0.0,0.0
R_005153,3,0.0012,2.930350237818882e-05,0,1550,5,1550,5,1,0,5,1.0,-0.0,0.0
R_005154,3,0.0012,2.830954591808951e-05,0,1562,3,1562,5,2,6,4,0.8,0.5004024235381879,0.7219280948873623
R_005155,3,0.0012,2.840348058608815e-05,0,1562,3,1562,5,2,6,4,0.8,0.5004024235381879,0.7219280948873623
R_005156,7,0.0028,5.004565492335724e-05,0,1628,0,1628,5,1,3,5,1.0,-0.0,0.0
R_005157,6,0.0024,4.6881819572422305e-05,0,1565,2,1565,7,2,5,6,0.8571428571428571,0.410116318288409,0.5916727785823274
R_005158,4,0.0016,3.581874175720109e-05,0,1565,2,1565,7,2,5,6,0.8571428571428571,0.410116318288409,0.5916727785823274
R_005159,3,0.0012,2.921746659896435e-05,0,1550,5,1550,6,1,0,6,1.0,-0.0,0.0
R_005160,7,0.0028,5.015375481217366e-05,0,1562,3,1562,7,2,6,6,0.8571428571428571,0.410116318288409,0.5916727785823274
R_005161,15,0.006,9.463683734883883e-05,0,1628,0,1628,7,1,3,7,1.0,-0.0,0.0
R_005162,2,0.0008,2.354563100967853e-05,0,1550,5,1550,6,1,0,6,1.0,-0.0,0.0
R_005163,5,0.002,3.81493657861832e-05,0,3102,1,1571,8,3,7,5,0.625,0.9002560512685369,0.8194483718728035
R_005164,8,0.0032,5.64016036105247e-05,0,1550,5,1550,8,1,0,8,1.0,-0.0,0.0
R_005165,1,0.0004,1.8121938518220718e-05,0,1565,2,1565,5,2,5,4,0.8,0.5004024235381879,0.7219280948873623
R_005166,3,0.0012,2.864939648150044e-05,0,1559,4,1559,5,1,1,5,1.0,-0.0,0.0
R_005167,6,0.0024,4.452247379404205e-05,0,1559,4,1559,6,1,1,6,1.0,-0.0,0.0
R_005168,7,0.0028,4.848002174078429e-05,0,3102,6,1531,5,1,2,5,1.0,-0.0,0.0
R_005169,7,0.0028,5.26770304498549e-05,0,1565,2,1565,7,1,5,7,1.0,-0.0,0.0
R_005170,8,0.0032,5.352093763666422e-05,0,3102,1,1571,8,4,7,5,0.625,1.073542846408523,0.7743974703476992
R_005171,4,0.0016,3.268486305376264e-05,0,3102,6,1531,5,1,2,5,1.0,-0.0,0.0
R_005172,6,0.0024,4.2946480946638735e-05,0,3102,1,1571,5,3,2,2,0.4,1.0549201679861442,0.9602297178607612
R_005173,9,0.0036,6.073498046079125e-05,0,1562,3,1562,6,2,6,5,0.8333333333333334,0.4505612088663046,0.6500224216483541
R_005174,6,0.0024,4.3919923937151644e-05,0,1562,3,1562,6,3,6,4,0.6666666666666666,0.8675632284814612,0.7896900821428474
R_005175,13,0.0052,8.711350900940798e-05,0,1565,2,1565,8,2,5,7,0.875,0.3767701612564367,0.5435644431995964
R_005176,8,0.0032,5.5613390950727274e-05,0,1628,0,1628,7,1,3,7,1.0,-0.0,0.0
R_005177,6,0.0024,4.531180874648411e-05,0,1550,5,1550,7,1,0,7,1.0,-0.0,0.0
R_005178,14,0.0056,8.423659497431797e-05,0,3102,6,1531,8,1,2,8,1.0,-0.0,0.0
R_005179,8,0.0032,5.5955181708987804e-05,0,1628,0,1628,7,1,3,7,1.0,-0.0,0.0
R_005180,1,0.0004,1.744268490839487e-05,0,3102,1,1571,5,3,7,3,0.6,0.9502705392332348,0.8649735207179272
R_005181,7,0.0028,5.381927950013029e-05,0,1565,2,1565,8,2,5,7,0.875,0.3767701612564367,0.5435644431995964
R_005182,11,0.0044,6.858389649356252e-05,0,3102,1,1571,7,3,7,5,0.7142857142857143,0.796311640173813,0.7248340915057598
R_005183,8,0.0032,5.5933754048477495e-05,0,1628,0,1628,7,1,3,7,1.0,-0.0,0.0
R_005184,11,0.0044,6.761479266385265e-05,0,1505,7,1505,8,1,4,8,1.0,-0.0,0.0
R_005185,8,0.0032,5.338686769081617e-05,0,3102,6,1531,7,1,2,7,1.0,-0.0,0.0
R_005186,9,0.0036,6.12959640721761e-05,0,1628,0,1628,8,1,3,8,1.0,-0.0,0.0
R_005187,10,0.004,6.936547130177133e-05,0,1550,5,1550,8,1,0,8,1.0,-0.0,0.0
R_005188,9,0.0036,6.36399463994023e-05,0,1550,5,1550,5,1,0,5,1.0,-0.0,0.0
R_005189,13,0.0052,8.59968571393512e-05,0,1550,5,1550,8,1,0,8,1.0,-0.0,0.0
R_005190,8,0.0032,5.524821188027886e-05,0,1559,4,1559,5,1,1,5,1.0,-0.0,0.0
R_005191,10,0.004,6.409885125938829e-05,0,3102,6,1531,7,1,2,7,1.0,-0.0,0.0
R_005192,5,0.002,3.743301444119314e-05,0,3102,1,1571,5,3,7,3,0.6,0.9502705392332348,0.8649735207179272
R_005193,7,0.0028,4.9392554165609774e-05,0,1559,4,1559,5,1,1,5,1.0,-0.0,0.0
R_005194,18,0.0072,0.00011083874874505162,0,1628,0,1628,8,1,3,8,1.0,-0.0,0.0
R_005195,12,0.0048,8.06768891292224e-05,0,1550,5,1550,8,1,0,8,1.0,-0.0,0.0
R_005196,4,0.0016,3.481346598474087e-05,0,1550,5,1550,5,1,0,5,1.0,-0.0,0.0
R_005197,6,0.0024,4.306973273834803e-05,0,3102,1,1571,5,3,7,3,0.6,0.9502705392332348,0.8649735207179272
R_005198,8,0.0032,5.958467945278312e-05,0,1565,2,1565,6,2,5,5,0.8333333333333334,0.4505612088663046,0.6500224216483541
R_005199,5,0.002,3.8971573583464786e-05,0,1559,4,1559,7,1,1,7,1.0,-0.0,0.0
R_005200,3,0.0012,2.7874602980628384e-05,0,3102,6,1531,5,1,2,5,1.0,-0.0,0.0
R_005201,14,0.0056,8.943182040338142e-05,0,1628,0,1628,8,1,3,8,1.0,-0.0,0.0
R_005202,6,0.0024,4.799365512556947e-05,0,1565,2,1565,8,2,5,7,0.875,0.3767701612564367,0.5435644431995964
R_005203,7,0.0028,4.8497738956187365e-05,0,3102,6,1531,6,1,2,6,1.0,-0.0,0.0
R_005204,5,0.002,3.889501687533874e-05,0,1562,3,1562,5,1,6,5,1.0,-0.0,0.0
R_005205,7,0.0028,5.147678937980291e-05,0,1550,5,1550,5,1,0,5,1.0,-0.0,0.0
R_005206,5,0.002,3.9911364487740294e-05,0,1562,3,1562,7,2,6,6,0.8571428571428571,0.410116318288409,0.5916727785823274
R_005207,4,0.0016,3.257517311677834e-05,0,3102,1,1571,5,4,7,2,0.4,1.3321790402101223,0.9609640474436812
R_005208,2,0.0008,2.3146410510023244e-05,0,1628,0,1628,6,1,3,6,1.0,-0.0,0.0
R_005209,13,0.0052,8.070157159255036e-05,0,1559,4,1559,7,1,1,7,1.0,-0.0,0.0
R_005210,10,0.004,6.302815335570408e-05,0,1505,7,1505,8,1,4,8,1.0,-0.0,0.0
R_005211,6,0.0024,4.763605810603381e-05,0,1565,2,1565,5,1,5,5,1.0,-0.0,0.0
R_005212,8,0.0032,5.648087560098745e-05,0,1628,0,1628,6,1,3,6,1.0,-0.0,0.0
R_005213,6,0.0024,4.2710191296707034e-05,0,1505,7,1505,6,1,4,6,1.0,-0.0,0.0
R_005214,2,0.0008,2.3645587979685775e-05,0,1565,2,1565,5,2,5,4,0.8,0.5004024235381879,0.7219280948873623
R_005215,6,0.0024,4.262338974619634e-05,0,3102,1,1571,7,4,7,4,0.5714285714285714,1.1537419427010902,0.8322488896002307
R_005216,6,0.0024,4.6052430819485716e-05,0,1550,5,1550,6,1,0,6,1.0,-0.0,0.0
R_005217,8,0.0032,5.5069982534431356e-05,0,1562,3,1562,8,2,6,7,0.875,0.3767701612564367,0.5435644431995964
R_005218,6,0.0024,4.2586515229213686e-05,0,1505,7,1505,5,1,4,5,1.0,-0.0,0.0
R_005219,7,0.0028,5.2776478987106425e-05,0,1565,2,1565,5,1,5,5,1.0,-0.0,0.0
R_005220,8,0.0032,5.352233963387463e-05,0,3102,6,1531,8,1,2,8,1.0,-0.0,0.0
R_005221,7,0.0028,5.2903989434077054e-05,0,1565,2,1565,8,2,5,7,0.875,0.3767701612564367,0.5435644431995964
R_005222,11,0.0044,7.216116826331215e-05,0,1628,0,1628,8,1,3,8,1.0,-0.0,0.0
R_005223,11,0.0044,7.590032034621765e-05,0,1565,2,1565,7,2,5,6,0.8571428571428571,0.410116318288409,0.5916727785823274
R_005224,3,0.0012,2.9515463314982338e-05,0,1550,5,1550,8,1,0,8,1.0,-0.0,0.0
R_005225,10,0.004,7.097549969283944e-05,0,1565,2,1565,6,1,5,6,1.0,-0.0,0.0
R_005226,4,0.0016,3.2906504525870476e-05,0,1559,4,1559,7,1,1,7,1.0,-0.0,0.0
R_005227,11,0.0044,7.363713255451536e-05,0,1550,5,1550,8,1,0,8,1.0,-0.0,0.0
R_005228,12,0.0048,7.325522790204193e-05,0,1505,7,1505,8,1,4,8,1.0,-0.0,0.0
R_005229,5,0.002,4.162478763945862e-05,0,1565,2,1565,8,2,5,7,0.875,0.3767701612564367,0.5435644431995964
R_005230,7,0.0028,5.153288116051439e-05,0,1550,5,1550,7,1,0,7,1.0,-0.0,0.0
R_005231,3,0.0012,2.78227747836423e-05,0,3102,6,1531,8,1,2,8,1.0,-0.0,0.0
R_005232,4,0.0016,3.427073939722774e-05,0,1628,0,1628,5,1,3,5,1.0,-0.0,0.0
R_005233,6,0.0024,4.263129755749576e-05,0,3102,1,1571,6,3,7,4,0.6666666666666666,0.8675632284814612,0.7896900821428474
R_005234,3,0.0012,2.8860499769763413e-05,0,1562,3,1562,5,1,6,5,1.0,-0.0,0.0
R_005235,5,0.002,3.9069757232756555e-05,0,1559,4,1559,7,1,1,7,1.0,-0.0,0.0
R_005236,6,0.0024,4.362597842852541e-05,0,3102,1,1571,7,4,7,3,0.4285714285714285,1.277034259466139,0.9211854965885544
R_005237,9,0.0036,6.278828581579023e-05,0,1550,5,1550,8,1,0,8,1.0,-0.0,0.0
R_005238,8,0.0032,5.314660563920585e-05,0,3102,1,1571,7,4,7,3,0.4285714285714285,1.277034259466139,0.9211854965885544
R_005239,13,0.0052,8.315796924961778e-05,0,1628,0,1628,7,1,3,7,1.0,-0.0,0.0
R_005240,14,0.0056,8.676687493105423e-05,0,1559,4,1559,7,1,1,7,1.0,-0.0,0.0
R_005241,5,0.002,3.9274610361934196e-05,0,1559,4,1559,8,1,1,8,1.0,-0.0,0.0
R_005242,5,0.002,4.050223997716591e-05,0,1550,5,1550,6,1,0,6,1.0,-0.0,0.0
R_005243,5,0.002,3.8213373925236445e-05,0,3102,6,1531,5,1,2,5,1.0,-0.0,0.0
R_005244,5,0.002,3.903887726879134e-05,0,1562,3,1562,5,2,6,4,0.8,0.5004024235381879,0.7219280948873623
R_005245,11,0.0044,6.905066790997442e-05,0,3102,6,1531,8,1,2,8,1.0,-0.0,0.0
R_005246,4,0.0016,3.2674888135926496e-05,0,3102,1,1571,5,3,7,3,0.6,0.9502705392332348,0.8649735207179272
R_005247,3,0.0012,2.858255405022808e-05,0,1562,3,1562,5,1,6,5,1.0,-0.0,0.0
R_005248,6,0.0024,4.4774198805595225e-05,0,1628,0,1628,5,1,3,5,1.0,-0.0,0.0
R_005249,10,0.004,6.314760522125252e-05,0,3102,1,1571,8,4,7,4,0.5,1.2130075659799042,0.875
R_005250,11,0.0044,6.895863219045412e-05,0,3102,1,1571,7,2,7,5,0.7142857142857143,0.5982695885852573,0.8631205685666311
R_005251,10,0.004,6.663795688683971e-05,0,1562,3,1562,8,2,6,7,0.875,0.3767701612564367,0.5435644431995964
R_005252,11,0.0044,7.053742809385232e-05,0,1559,4,1559,6,1,1,6,1.0,-0.0,0.0
R_005253,4,0.0016,3.311098045907468e-05,0,3102,6,1531,5,1,2,5,1.0,-0.0,0.0
R_005254,6,0.0024,4.5441934988266946e-05,0,1550,5,1550,6,1,0,6,1.0,-0.0,0.0
R_005255,2,0.0008,2.3152656665189226e-05,0,1559,4,1559,5,1,1,5,1.0,-0.0,0.0
R_005256,6,0.0024,4.419655975522353e-05,0,1562,3,1562,5,2,6,4,0.8,0.5004024235381879,0.7219280948873623
R_005257,8,0.0032,5.649848528492689e-05,0,1628,0,1628,5,1,3,5,1.0,-0.0,0.0
R_005258,2,0.0008,2.3370368834607592e-05,0,1628,0,1628,5,1,3,5,1.0,-0.0,0.0
R_005259,6,0.0024,4.261996415567639e-05,0,3102,1,1571,7,3,7,5,0.7142857142857143,0.796311640173813,0.7248340915057598
R_005260,13,0.0052,7.924133360273397e-05,0,3102,6,1531,7,1,2,7,1.0,-0.0,0.0
R_005261,9,0.0036,5.954946346985909e-05,0,1559,4,1559,8,1,1,8,1.0,-0.0,0.0
R_005262,5,0.002,4.033197659595533e-05,0,1550,5,1550,5,1,0,5,1.0,-0.0,0.0
R_005263,5,0.002,3.9315443293695946e-05,0,1628,0,1628,5,1,3,5,1.0,-0.0,0.0
R_005264,3,0.0012,2.8783467528825996e-05,0,1550,5,1550,6,1,0,6,1.0,-0.0,0.0
R_005265,9,0.0036,5.830234363607351e-05,0,3102,1,1571,5,3,7,3,0.6,0.9502705392332348,0.8649735207179272
R_005266,5,0.002,4.1825124216802026e-05,0,1565,2,1565,6,2,5,5,0.8333333333333334,0.4505612088663046,0.6500224216483541
R_005267,8,0.0032,5.369972951509995e-05,0,3102,6,1531,7,1,2,7,1.0,-0.0,0.0
R_005268,8,0.0032,5.404143480694251e-05,0,3102,6,1531,8,1,2,8,1.0,-0.0,0.0
R_005269,4,0.0016,3.270345892576387e-05,0,3102,1,1571,5,4,7,2,0.4,1.3321790402101223,0.9609640474436812
R_005270,5,0.002,3.847838678480437e-05,0,3102,6,1531,5,1,2,5,1.0,-0.0,0.0
R_005271,10,0.004,6.359492637898934e-05,0,3102,6,1531,8,1,2,8,1.0,-0.0,0.0
R_005272,8,0.0032,5.7254474963898084e-05,0,1550,5,1550,8,1,0,8,1.0,-0.0,0.0
R_005273,9,0.0036,6.404335762033136e-05,0,1565,2,1565,7,2,5,6,0.8571428571428571,0.410116318288409,0.5916727785823274
R_005274,5,0.002,4.039733921289082e-05,0,1550,5,1550,6,1,0,6,1.0,-0.0,0.0
R_005275,10,0.004,6.313406455617696e-05,0,1505,7,1505,8,1,4,8,1.0,-0.0,0.0
R_005276,3,0.0012,2.8722095573801457e-05,0,1628,0,1628,6,1,3,6,1.0,-0.0,0.0
R_005277,6,0.0024,4.418010595172255e-05,0,1562,3,1562,5,2,6,4,0.8,0.5004024235381879,0.7219280948873623
R_005278,11,0.0044,6.867815818105885e-05,0,3102,6,1531,7,1,2,7,1.0,-0.0,0.0
R_005279,9,0.0036,6.049929995867001e-05,0,1562,3,1562,8,3,6,6,0.75,0.7356219397587946,0.6695919455357792
R_005280,11,0.0044,6.767165886648162e-05,0,1505,7,1505,8,1,4,8,1.0,-0.0,0.0
R_005281,13,0.0052,7.875726045571568e-05,0,3102,6,1531,8,1,2,8,1.0,-0.0,0.0
R_005282,2,0.0008,2.2907442197543064e-05,0,1562,3,1562,5,2,6,4,0.8,0.5004024235381879,0.7219280948873623
R_005283,3,0.0012,2.7829708689543783e-05,0,1559,4,1559,6,1,1,6,1.0,-0.0,0.0
R_005284,8,0.0032,5.747601899912709e-05,0,1550,5,1550,6,1,0,6,1.0,-0.0,0.0
R_005285,5,0.002,3.9898377773290524e-05,0,1550,5,1550,5,1,0,5,1.0,-0.0,0.0
R_005286,12,0.0048,7.76285771981441e-05,0,1628,0,1628,8,1,3,8,1.0,-0.0,0.0
R_005287,9,0.0036,6.086343383762451e-05,0,1628,0,1628,6,1,3,6,1.0,-0.0,0.0
R_005288,15,0.006,9.609957025974488e-05,0,1550,5,1550,7,1,0,7,1.0,-0.0,0.0
R_005289,10,0.004,6.797727580602672e-05,0,1550,5,1550,8,1,0,8,1.0,-0.0,0.0
R_005290,11,0.0044,7.131897780776512e-05,0,1562,3,1562,8,2,6,7,0.875,0.3767701612564367,0.5435644431995964
R_005291,2,0.0008,2.3416950060771137e-05,0,1628,0,1628,5,1,3,5,1.0,-0.0,0.0
R_005292,11,0.0044,6.87413598998545e-05,0,3102,6,1531,8,1,2,8,1.0,-0.0,0.0
R_005293,12,0.0048,7.320711523184663e-05,0,1505,7,1505,8,1,4,8,1.0,-0.0,0.0
R_005294,7,0.0028,4.8016898891652446e-05,0,1505,7,1505,7,1,4,7,1.0,-0.0,0.0
R_005295,5,0.002,4.009694509028904e-05,0,1550,5,1550,7,1,0,7,1.0,-0.0,0.0
R_005296,7,0.0028,5.024547295520819e-05,0,1628,0,1628,8,1,3,8,1.0,-0.0,0.0
R_005297,3,0.0012,2.7678701549650263e-05,0,3102,6,1531,5,1,2,5,1.0,-0.0,0.0
R_005298,9,0.0036,5.730844195286931e-05,0,1505,7,1505,7,1,4,7,1.0,-0.0,0.0
R_005299,5,0.002,3.78612955778036e-05,0,3102,6,1531,6,1,2,6,1.0,-0.0,0.0
R_005300,7,0.0028,4.941746260087819e-05,0,1559,4,1559,6,1,1,6,1.0,-0.0,0.0
R_005301,9,0.0036,6.11434966423828e-05,0,1628,0,1628,8,1,3,8,1.0,-0.0,0.0
R_005302,6,0.0024,4.434011149250055e-05,0,1562,3,1562,7,3,6,5,0.7142857142857143,0.796311640173813,0.7248340915057598
R_005303,10,0.004,7.081010593785083e-05,0,1565,2,1565,5,2,5,4,0.8,0.5004024235381879,0.7219280948873623
R_005304,3,0.0012,2.858963725927401e-05,0,1628,0,1628,5,1,3,5,1.0,-0.0,0.0
R_005305,15,0.006,9.430772631790853e-05,0,1628,0,1628,8,1,3,8,1.0,-0.0,0.0
R_005306,4,0.0016,3.2702718962877155e-05,0,3102,1,1571,5,3,2,2,0.4,1.0549201679861442,0.9602297178607612
R_005307,10,0.004,7.056554025821524e-05,0,1565,2,1565,8,1,5,8,1.0,-0.0,0.0
R_005308,10,0.004,6.264458615116553e-05,0,1505,7,1505,7,1,4,7,1.0,-0.0,0.0
R_005309,7,0.0028,4.8089791236627406e-05,0,1505,7,1505,6,1,4,6,1.0,-0.0,0.0
R_005310,5,0.002,3.731524921451955e-05,0,1505,7,1505,6,1,4,6,1.0,-0.0,0.0
R_005311,7,0.0028,5.036779377746523e-05,0,1559,4,1559,5,1,1,5,1.0,-0.0,0.0
R_005312,13,0.0052,8.502616455476586e-05,0,1550,5,1550,7,1,0,7,1.0,-0.0,0.0
R_005313,4,0.0016,3.403344606917767e-05,0,1628,0,1628,6,1,3,6,1.0,-0.0,0.0
R_005314,15,0.006,9.977227203698896e-05,0,1565,2,1565,8,2,5,7,0.875,0.3767701612564367,0.5435644431995964
R_005315,12,0.0048,7.496831198555527e-05,0,3102,6,1531,8,1,2,8,1.0,-0.0,0.0
R_005316,5,0.002,3.962153659524015e-05,0,1628,0,1628,5,1,3,5,1.0,-0.0,0.0
R_005317,8,0.0032,5.303531190629511e-05,0,3102,1,1571,7,3,7,4,0.5714285714285714,0.9556998911125344,0.8699155297736259
R_005318,8,0.0032,5.5873893331123165e-05,0,1562,3,1562,7,3,6,5,0.7142857142857143,0.796311640173813,0.7248340915057598
R_005319,2,0.0008,2.256103290618093e-05,0,3102,1,1571,5,3,7,3,0.6,0.9502705392332348,0.8649735207179272
R_005320,7,0.0028,4.720233833215477e-05,0,1505,7,1505,8,1,4,8,1.0,-0.0,0.0
R_005321,9,0.0036,6.418734991812142e-05,0,1565,2,1565,5,1,5,5,1.0,-0.0,0.0
R_005322,8,0.0032,5.262352156416777e-05,0,1505,7,1505,6,1,4,6,1.0,-0.0,0.0
R_005323,7,0.0028,4.7775822349288135e-05,0,1505,7,1505,6,1,4,6,1.0,-0.0,0.0
R_005324,13,0.0052,8.238346257498546e-05,0,1562,3,1562,7,2,6,6,0.8571428571428571,0.410116318288409,0.5916727785823274
R_005325,7,0.0028,4.962525601340819e-05,0,1628,0,1628,7,1,3,7,1.0,-0.0,0.0
R_005326,15,0.006,8.920608003491194e-05,0,3102,1,1571,8,4,7,5,0.625,1.073542846408523,0.7743974703476992
R_005327,6,0.0024,4.2138547289427125e-05,0,1505,7,1505,5,1,4,5,1.0,-0.0,0.0
R_005328,4,0.0016,3.480650394365309e-05,0,1550,5,1550,8,1,0,8,1.0,-0.0,0.0
R_005329,7,0.0028,5.0200588856795994e-05,0,1562,3,1562,6,2,6,5,0.8333333333333334,0.4505612088663046,0.6500224216483541
R_005330,5,0.002,4.033763714008092e-05,0,1550,5,1550,6,1,0,6,1.0,-0.0,0.0
R_005331,4,0.0016,3.6172786318373605e-05,0,1565,2,1565,5,1,5,5,1.0,-0.0,0.0
R_005332,17,0.0068,0.0001048320993718134,0,1628,0,1628,8,1,3,8,1.0,-0.0,0.0
R_005333,7,0.0028,4.750894519356845e-05,0,3102,1,1571,7,4,7,4,0.5714285714285714,1.1537419427010902,0.8322488896002307
R_005334,7,0.0028,4.977595455395013e-05,0,1559,4,1559,7,1,1,7,1.0,-0.0,0.0
R_005335,5,0.002,3.997718179512393e-05,0,1628,0,1628,5,1,3,5,1.0,-0.0,0.0
R_005336,10,0.004,6.846179097598246e-05,0,1550,5,1550,8,1,0,8,1.0,-0.0,0.0
R_005337,5,0.002,3.87897531945032e-05,0,1562,3,1562,5,1,6,5,1.0,-0.0,0.0
R_005338,8,0.0032,5.87834591864078e-05,0,1565,2,1565,6,1,5,6,1.0,-0.0,0.0
R_005339,12,0.0048,8.245119317142355e-05,0,1565,2,1565,7,1,5,7,1.0,-0.0,0.0
R_005340,9,0.0036,6.111095748431322e-05,0,1628,0,1628,8,1,3,8,1.0,-0.0,0.0
R_005341,14,0.0056,8.397153811482485e-05,0,3102,1,1571,8,4,7,5,0.625,1.073542846408523,0.7743974703476992
R_005342,1,0.0004,1.793736576291398e-05,0,1565,2,1565,5,1,5,5,1.0,-0.0,0.0
R_005343,5,0.002,3.7982064324098514e-05,0,3102,1,1571,5,4,7,2,0.4,1.3321790402101223,0.9609640474436812
R_005344,7,0.0028,4.7854352964802513e-05,0,3102,1,1571,6,3,7,4,0.6666666666666666,0.8675632284814612,0.7896900821428474
R_005345,5,0.002,3.7438030146702574e-05,0,3102,1,1571,5,3,7,3,0.6,0.9502705392332348,0.8649735207179272
R_005346,5,0.002,4.1615842109046904e-05,0,1565,2,1565,5,1,5,5,1.0,-0.0,0.0
R_005347,4,0.0016,3.3508910862499235e-05,0,1562,3,1562,6,3,6,4,0.6666666666666666,0.8675632284814612,0.7896900821428474
R_005348,7,0.0028,4.912905683153981e-05,0,1559,4,1559,5,1,1,5,1.0,-0.0,0.0
R_005349,1,0.0004,1.802940511191673e-05,0,1565,2,1565,5,2,5,4,0.8,0.5004024235381879,0.7219280948873623
R_005350,11,0.0044,7.611296806895653e-05,0,1565,2,1565,7,2,5,6,0.8571428571428571,0.410116318288409,0.5916727785823274
R_005351,8,0.0032,5.5453994246604025e-05,0,1562,3,1562,8,2,6,7,0.875,0.3767701612564367,0.5435644431995964
R_005352,9,0.0036,6.324126956333419e-05,0,1550,5,1550,6,1,0,6,1.0,-0.0,0.0
R_005353,3,0.0012,2.7270392069470634e-05,0,1505,7,1505,5,1,4,5,1.0,-0.0,0.0
R_005354,12,0.0048,7.474018233161536e-05,0,3102,6,1531,7,1,2,7,1.0,-0.0,0.0
R_005355,3,0.0012,2.7552560851348223e-05,0,3102,6,1531,5,1,2,5,1.0,-0.0,0.0
R_005356,9,0.0036,5.774415632323546e-05,0,1505,7,1505,8,1,4,8,1.0,-0.0,0.0
R_005357,8,0.0032,5.3536774121831304e-05,0,3102,1,1571,5,2,7,3,0.6,0.6730116670092565,0.9709505944546688
R_005358,13,0.0052,7.885636422800558e-05,0,3102,6,1531,7,1,2,7,1.0,-0.0,0.0
R_005359,8,0.0032,5.716102832444433e-05,0,1550,5,1550,7,1,0,7,1.0,-0.0,0.0
R_005360,6,0.0024,4.534546385910757e-05,0,1628,0,1628,5,1,3,5,1.0,-0.0,0.0
R_005361,9,0.0036,6.158100783610613e-05,0,1562,3,1562,7,2,6,6,0.8571428571428571,0.410116318288409,0.5916727785823274
R_005362,2,0.0008,2.3787526568512495e-05,0,1565,2,1565,5,2,5,4,0.8,0.5004024235381879,0.7219280948873623
R_005363,6,0.0024,4.467847741785121e-05,0,1559,4,1559,5,1,1,5,1.0,-0.0,0.0
R_005364,4,0.0016,3.602794797562712e-05,0,1565,2,1565,5,1,5,5,1.0,-0.0,0.0
R_005365,11,0.0044,7.563374390423553e-05,0,1565,2,1565,8,2,5,7,0.875,0.3767701612564367,0.5435644431995964
R_005366,10,0.004,6.85255206326392e-05,0,1550,5,1550,7,1,0,7,1.0,-0.0,0.0
R_005367,3,0.0012,2.8068127451687553e-05,0,1559,4,1559,6,1,1,6,1.0,-0.0,0.0
R_005368,3,0.0012,2.845727134125564e-05,0,1628,0,1628,5,1,3,5,1.0,-0.0,0.0
R_005369,8,0.0032,5.5437740882885184e-05,0,1628,0,1628,6,1,3,6,1.0,-0.0,0.0
R_005370,12,0.0048,7.734844208226436e-05,0,1628,0,1628,7,1,3,7,1.0,-0.0,0.0
R_005371,11,0.0044,7.275326672729512e-05,0,1628,0,1628,6,1,3,6,1.0,-0.0,0.0
R_005372,14,0.0056,8.459999313529847e-05,0,3102,6,1531,7,1,2,7,1.0,-0.0,0.0
R_005373,13,0.0052,8.344052259311212e-05,0,1628,0,1628,8,1,3,8,1.0,-0.0,0.0
R_005374,12,0.0048,7.686396900482594e-05,0,1562,3,1562,8,3,6,6,0.75,0.7356219397587946,0.6695919455357792
R_005375,6,0.0024,4.594279379499795e-05,0,1550,5,1550,5,1,0,5,1.0,-0.0,0.0
R_005376,3,0.0012,2.7837536705675465e-05,0,3102,6,1531,5,1,2,5,1.0,-0.0,0.0
R_005377,6,0.0024,4.2999528830300134e-05,0,1505,7,1505,5,1,4,5,1.0,-0.0,0.0
R_005378,8,0.0032,5.340431993550711e-05,0,3102,1,1571,7,3,7,5,0.7142857142857143,0.796311640173813,0.7248340915057598
R_005379,12,0.0048,7.731419224341202e-05,0,1628,0,1628,7,1,3,7,1.0,-0.0,0.0
R_005380,3,0.0012,2.964126680578885e-05,0,1565,2,1565,6,2,5,5,0.8333333333333334,0.4505612088663046,0.6500224216483541
R_005381,2,0.0008,2.4169805227722044e-05,0,1550,5,1550,6,1,0,6,1.0,-0.0,0.0
R_005382,12,0.0048,7.494043295182882e-05,0,3102,6,1531,6,1,2,6,1.0,-0.0,0.0
R_005383,9,0.0036,6.037470931407547e-05,0,1562,3,1562,7,2,6,6,0.8571428571428571,0.410116318288409,0.5916727785823274
R_005384,7,0.0028,5.230522293927431e-05,0,1565,2,1565,6,1,5,6,1.0,-0.0,0.0
R_005385,18,0.0072,0.00010375402575281173,0,1505,7,1505,8,1,4,8,1.0,-0.0,0.0
R_005386,6,0.0024,4.5745443216736224e-05,0,1550,5,1550,6,1,0,6,1.0,-0.0,0.0
R_005387,5,0.002,3.7904678978625624e-05,0,3102,6,1531,5,1,2,5,1.0,-0.0,0.0
R_005388,11,0.0044,7.102171353747936e-05,0,1559,4,1559,7,1,1,7,1.0,-0.0,0.0
R_005389,13,0.0052,7.892605857187242e-05,0,3102,6,1531,8,1,2,8,1.0,-0.0,0.0
R_005390,5,0.002,3.971099972858506e-05,0,1628,0,1628,8,1,3,8,1.0,-0.0,0.0
R_005391,3,0.0012,2.8343042102299155e-05,0,1559,4,1559,6,1,1,6,1.0,-0.0,0.0
R_005392,7,0.0028,4.922764378348646e-05,0,1559,4,1559,8,1,1,8,1.0,-0.0,0.0
R_005393,4,0.0016,3.566975623701096e-05,0,1565,2,1565,6,2,5,5,0.8333333333333334,0.4505612088663046,0.6500224216483541
R_005394,9,0.0036,5.9305661067688595e-05,0,3102,1,1571,6,3,7,4,0.6666666666666666,0.8675632284814612,0.7896900821428474
R_005395,10,0.004,6.259821453266396e-05,0,1505,7,1505,6,1,4,6,1.0,-0.0,0.0
R_005396,8,0.0032,5.447424090803257e-05,0,1559,4,1559,7,1,1,7,1.0,-0.0,0.0
R_005397,7,0.0028,4.811872851884874e-05,0,3102,6,1531,7,1,2,7,1.0,-0.0,0.0
R_005398,9,0.0036,6.140017091375254e-05,0,1562,3,1562,8,3,6,6,0.75,0.7356219397587946,0.6695919455357792
R_005399,11,0.0044,7.251444803087763e-05,0,1628,0,1628,6,1,3,6,1.0,-0.0,0.0
R_005400,7,0.0028,4.8102206353975995e-05,0,1505,7,1505,7,1,4,7,1.0,-0.0,0.0
R_005401,17,0.0068,0.00010820605382592496,0,1550,5,1550,8,1,0,8,1.0,-0.0,0.0
R_005402,8,0.0032,5.582627384550563e-05,0,1628,0,1628,7,1,3,7,1.0,-0.0,0.0
R_005403,11,0.0044,7.230463748146852e-05,0,1628,0,1628,5,1,3,5,1.0,-0.0,0.0
R_005404,10,0.004,6.413643067414374e-05,0,3102,6,1531,7,1,2,7,1.0,-0.0,0.0
R_005405,13,0.0052,8.516754910057658e-05,0,1550,5,1550,7,1,0,7,1.0,-0.0,0.0
R_005406,7,0.0028,5.000434180708782e-05,0,1562,3,1562,8,3,6,6,0.75,0.7356219397587946,0.6695919455357792
R_005407,14,0.0056,9.12316222991358e-05,0,1550,5,1550,6,1,0,6,1.0,-0.0,0.0
R_005408,4,0.0016,3.254007275436228e-05,0,3102,1,1571,5,2,7,4,0.8,0.5004024235381879,0.7219280948873623
R_005409,4,0.0016,3.5649037109390936e-05,0,1565,2,1565,5,1,5,5,1.0,-0.0,0.0
R_005410,6,0.0024,4.299486765968155e-05,0,3102,6,1531,7,1,2,7,1.0,-0.0,0.0
R_005411,14,0.0056,8.323729526424459e-05,0,1505,7,1505,8,1,4,8,1.0,-0.0,0.0
R_005412,3,0.0012,2.826968440780535e-05,0,1562,3,1562,5,2,6,4,0.8,0.5004024235381879,0.7219280948873623
R_005413,8,0.0032,5.28373629454948e-05,0,3102,1,1571,6,3,7,4,0.6666666666666666,0.8675632284814612,0.7896900821428474
R_005414,6,0.0024,4.495755511221765e-05,0,1628,0,1628,7,1,3,7,1.0,-0.0,0.0
R_005415,6,0.0024,4.742795916226991e-05,0,1565,2,1565,7,2,5,6,0.8571428571428571,0.410116318288409,0.5916727785823274
R_005416,8,0.0032,5.534500562521707e-05,0,1562,3,1562,8,3,6,6,0.75,0.7356219397587946,0.6695919455357792
R_005417,7,0.0028,4.954256744074425e-05,0,1559,4,1559,6,1,1,6,1.0,-0.0,0.0
R_005418,8,0.0032,5.304270776325682e-05,0,3102,6,1531,6,1,2,6,1.0,-0.0,0.0
R_005419,8,0.0032,5.74483385892142e-05,0,1550,5,1550,5,1,0,5,1.0,-0.0,0.0
R_005420,5,0.002,3.772360609114208e-05,0,1505,7,1505,8,1,4,8,1.0,-0.0,0.0
R_005421,8,0.0032,5.7205570432857056e-05,0,1550,5,1550,8,1,0,8,1.0,-0.0,0.0
R_005422,10,0.004,6.315522068410633e-05,0,3102,1,1571,8,4,7,5,0.625,1.073542846408523,0.7743974703476992
R_005423,9,0.0036,6.427401736691206e-05,0,1565,2,1565,7,2,5,6,0.8571428571428571,0.410116318288409,0.5916727785823274
R_005424,6,0.0024,4.795589459970623e-05,0,1565,2,1565,6,2,5,5,0.8333333333333334,0.4505612088663046,0.6500224216483541
R_005425,11,0.0044,6.751497610264303e-05,0,1505,7,1505,8,1,4,8,1.0,-0.0,0.0
R_005426,6,0.0024,4.455294458176388e-05,0,1559,4,1559,5,1,1,5,1.0,-0.0,0.0
R_005427,8,0.0032,5.311549308555704e-05,0,3102,1,1571,6,3,7,3,0.5,1.0114042647073518,0.920619835714305
R_005428,14,0.0056,8.81104115885724e-05,0,1628,0,1628,7,1,3,7,1.0,-0.0,0.0
R_005429,5,0.002,3.955300735251915e-05,0,1628,0,1628,6,1,3,6,1.0,-0.0,0.0
R_005430,2,0.0008,2.2626049559041302e-05,0,1562,3,1562,5,2,6,4,0.8,0.5004024235381879,0.7219280948873623
R_005431,7,0.0028,4.878344133085086e-05,0,3102,6,1531,7,1,2,7,1.0,-0.0,0.0
R_005432,11,0.0044,7.21046866298899e-05,0,1628,0,1628,8,1,3,8,1.0,-0.0,0.0
R_005433,12,0.0048,7.515581191487586e-05,0,3102,6,1531,8,1,2,8,1.0,-0.0,0.0
R_005434,7,0.0028,4.760536067147143e-05,0,1505,7,1505,5,1,4,5,1.0,-0.0,0.0
R_005435,5,0.002,3.9844723017436876e-05,0,1550,5,1550,6,1,0,6,1.0,-0.0,0.0
R_005436,6,0.0024,4.4360550036826235e-05,0,1559,4,1559,6,1,1,6,1.0,-0.0,0.0
R_005437,8,0.0032,5.544635729582775e-05,0,1562,3,1562,6,3,6,4,0.6666666666666666,0.8675632284814612,0.7896900821428474
R_005438,6,0.0024,4.2606398024001695e-05,0,3102,1,1571,5,3,7,3,0.6,0.9502705392332348,0.8649735207179272
R_005439,9,0.0036,6.175699937323516e-05,0,1559,4,1559,8,1,1,8,1.0,-0.0,0.0
R_005440,10,0.004,6.239000369408522e-05,0,1505,7,1505,7,1,4,7,1.0,-0.0,0.0
R_005441,3,0.0012,2.888800700882667e-05,0,1550,5,1550,5,1,0,5,1.0,-0.0,0.0
R_005442,4,0.0016,3.395399785372211e-05,0,1628,0,1628,5,1,3,5,1.0,-0.0,0.0
R_005443,8,0.0032,5.6435750873091126e-05,0,1550,5,1550,8,1,0,8,1.0,-0.0,0.0
R_005444,8,0.0032,5.493965749720299e-05,0,1559,4,1559,7,1,1,7,1.0,-0.0,0.0
R_005445,9,0.0036,5.8398238849860773e-05,0,1505,7,1505,7,1,4,7,1.0,-0.0,0.0
R_005446,14,0.0056,8.33778714841958e-05,0,1505,7,1505,8,1,4,8,1.0,-0.0,0.0
R_005447,15,0.006,9.345730359214098e-05,0,1562,3,1562,8,3,6,6,0.75,0.7356219397587946,0.6695919455357792
R_005448,3,0.0012,2.950238805454728e-05,0,1565,2,1565,6,2,5,5,0.8333333333333334,0.4505612088663046,0.6500224216483541
R_005449,5,0.002,3.8626858349310844e-05,0,1559,4,1559,5,1,1,5,1.0,-0.0,0.0
R_005450,11,0.0044,7.123262060399205e-05,0,1559,4,1559,8,1,1,8,1.0,-0.0,0.0
R_005451,7,0.0028,5.1364717058621544e-05,0,1550,5,1550,8,1,0,8,1.0,-0.0,0.0
R_005452,11,0.0044,7.316436054105764e-05,0,1628,0,1628,7,1,3,7,1.0,-0.0,0.0
R_005453,8,0.0032,5.736181668410604e-05,0,1550,5,1550,6,1,0,6,1.0,-0.0,0.0
R_005454,7,0.0028,5.165925971162246e-05,0,1550,5,1550,5,1,0,5,1.0,-0.0,0.0
R_005455,8,0.0032,5.7316844053286904e-05,0,1550,5,1550,6,1,0,6,1.0,-0.0,0.0
R_005456,19,0.0076,0.00010767275672900843,0,3102,1,1571,8,3,7,5,0.625,0.9002560512685369,0.8194483718728035
R_005457,16,0.0064,0.00010095416676249957,0,1550,5,1550,8,1,0,8,1.0,-0.0,0.0
R_005458,7,0.0028,5.234812024006504e-05,0,1550,5,1550,7,1,0,7,1.0,-0.0,0.0
R_005459,11,0.0044,7.210548584202736e-05,0,1628,0,1628,8,1,3,8,1.0,-0.0,0.0
R_005460,11,0.0044,7.132333964564831e-05,0,1559,4,1559,8,1,1,8,1.0,-0.0,0.0
R_005461,4,0.0016,3.580629190837296e-05,0,1565,2,1565,5,2,5,4,0.8,0.5004024235381879,0.7219280948873623
R_005462,7,0.0028,4.740318582420387e-05,0,1505,7,1505,6,1,4,6,1.0,-0.0,0.0
R_005463,3,0.0012,2.9332975007562605e-05,0,1565,2,1565,5,2,5,4,0.8,0.5004024235381879,0.7219280948873623
R_005464,6,0.0024,4.5186649027533754e-05,0,1628,0,1628,8,1,3,8,1.0,-0.0,0.0
R_005465,6,0.0024,4.3255133292532555e-05,0,3102,1,1571,5,2,7,4,0.8,0.5004024235381879,0.7219280948873623
R_005466,9,0.0036,5.830015483348577e-05,0,1505,7,1505,8,1,4,8,1.0,-0.0,0.0
R_005467,9,0.0036,6.17737624187899e-05,0,1628,0,1628,8,1,3,8,1.0,-0.0,0.0
R_005468,9,0.0036,6.23986089518816e-05,0,1550,5,1550,7,1,0,7,1.0,-0.0,0.0
R_005469,9,0.0036,6.179033907418833e-05,0,1628,0,1628,8,1,3,8,1.0,-0.0,0.0
R_005470,5,0.002,3.945398211230296e-05,0,1628,0,1628,6,1,3,6,1.0,-0.0,0.0
R_005471,7,0.0028,4.8779169393139084e-05,0,3102,6,1531,7,1,2,7,1.0,-0.0,0.0
R_005472,10,0.004,6.802820380172747e-05,0,1550,5,1550,7,1,0,7,1.0,-0.0,0.0
R_005473,5,0.002,4.009084939999044e-05,0,1628,0,1628,5,1,3,5,1.0,-0.0,0.0
R_005474,6,0.0024,4.2988935164545996e-05,0,1505,7,1505,6,1,4,6,1.0,-0.0,0.0
R_005475,5,0.002,3.991173277447172e-05,0,1628,0,1628,7,1,3,7,1.0,-0.0,0.0
R_005476,14,0.0056,8.662219597518469e-05,0,1559,4,1559,7,1,1,7,1.0,-0.0,0.0
R_005477,5,0.002,3.934130977816822e-05,0,1559,4,1559,5,1,1,5,1.0,-0.0,0.0
R_005478,9,0.0036,5.910986233739643e-05,0,3102,6,1531,8,1,2,8,1.0,-0.0,0.0
R_005479,9,0.0036,5.8121621857102766e-05,0,3102,1,1571,5,3,2,2,0.4,1.0549201679861442,0.9602297178607612
R_005480,12,0.0048,7.406291661436436e-05,0,1505,7,1505,7,1,4,7,1.0,-0.0,0.0
R_005481,7,0.0028,5.072656877152109e-05,0,1628,0,1628,6,1,3,6,1.0,-0.0,0.0
R_005482,4,0.0016,3.249230796462707e-05,0,3102,1,1571,5,2,7,4,0.8,0.5004024235381879,0.7219280948873623
R_005483,6,0.0024,4.54065605928319e-05,0,1559,4,1559,8,1,1,8,1.0,-0.0,0.0
R_005484,6,0.0024,4.631670141207751e-05,0,1550,5,1550,5,1,0,5,1.0,-0.0,0.0
R_005485,11,0.0044,7.675978109345926e-05,0,1565,2,1565,7,2,5,6,0.8571428571428571,0.410116318288409,0.5916727785823274
R_005486,7,0.0028,5.055088950423135e-05,0,1628,0,1628,5,1,3,5,1.0,-0.0,0.0
R_005487,9,0.0036,5.763713561069884e-05,0,1505,7,1505,6,1,4,6,1.0,-0.0,0.0
R_005488,7,0.0028,5.330016348735894e-05,0,1565,2,1565,6,2,5,5,0.8333333333333334,0.4505612088663046,0.6500224216483541
R_005489,6,0.0024,4.2896630998063496e-05,0,3102,6,1531,6,1,2,6,1.0,-0.0,0.0
R_005490,0,0.0,1.2023710757614017e-05,1,1,20,1,5,1,2,5,1.0,-0.0,0.0
R_005491,8,0.0032,5.549111675446523e-05,0,1559,4,1559,6,1,1,6,1.0,-0.0,0.0
R_005492,14,0.0056,8.319906504821149e-05,0,1505,7,1505,8,1,4,8,1.0,-0.0,0.0
R_005493,6,0.0024,4.466481477969466e-05,0,1628,0,1628,6,1,3,6,1.0,-0.0,0.0
R_005494,10,0.004,6.301690537465592e-05,0,3102,1,1571,7,4,7,4,0.5714285714285714,1.1537419427010902,0.8322488896002307
R_005495,6,0.0024,4.7472320732236656e-05,0,1565,2,1565,6,1,5,6,1.0,-0.0,0.0
R_005496,5,0.002,3.754653142479885e-05,0,1505,7,1505,6,1,4,6,1.0,-0.0,0.0
R_005497,6,0.0024,4.412676510814077e-05,0,1559,4,1559,5,1,1,5,1.0,-0.0,0.0
R_005498,3,0.0012,2.9596248530227146e-05,0,1565,2,1565,5,2,5,4,0.8,0.5004024235381879,0.7219280948873623
R_005499,3,0.0012,2.771292396223878e-05,0,3102,6,1531,8,1,2,8,1.0,-0.0,0.0
R_005500,5,0.002,3.8215665102798864e-05,0,1505,7,1505,5,1,4,5,1.0,-0.0,0.0
R_005501,14,0.0056,8.877243939430899e-05,0,1628,0,1628,7,1,3,7,1.0,-0.0,0.0
R_005502,12,0.0048,7.258902955876668e-05,0,3102,1,1571,7,3,7,5,0.7142857142857143,0.796311640173813,0.7248340915057598
R_005503,4,0.0016,3.5321395069957756e-05,0,1550,5,1550,6,1,0,6,1.0,-0.0,0.0
R_005504,9,0.0036,5.943582767820238e-05,0,3102,6,1531,5,1,2,5,1.0,-0.0,0.0
R_005505,8,0.0032,5.2943498336957e-05,0,3102,1,1571,6,2,7,5,0.8333333333333334,0.4505612088663046,0.6500224216483541
R_005506,7,0.0028,4.815333638733481e-05,0,3102,6,1531,8,1,2,8,1.0,-0.0,0.0
R_005507,3,0.0012,2.8843819323906214e-05,0,1562,3,1562,5,2,6,4,0.8,0.5004024235381879,0.7219280948873623
R_005508,10,0.004,6.577379790287826e-05,0,1562,3,1562,7,3,6,5,0.7142857142857143,0.796311640173813,0.7248340915057598
R_005509,5,0.002,4.148507296306694e-05,0,1565,2,1565,7,1,5,7,1.0,-0.0,0.0
R_005510,7,0.0028,4.851953320688001e-05,0,3102,6,1531,5,1,2,5,1.0,-0.0,0.0
R_005511,4,0.0016,3.5484752223659136e-05,0,1565,2,1565,6,2,5,5,0.8333333333333334,0.4505612088663046,0.6500224216483541
R_005512,3,0.0012,2.9371538544715842e-05,0,1550,5,1550,7,1,0,7,1.0,-0.0,0.0
R_005513,1,0.0004,1.7517485811833695e-05,0,1562,3,1562,5,1,6,5,1.0,-0.0,0.0
R_005514,6,0.0024,4.451245213603076e-05,0,1559,4,1559,6,1,1,6,1.0,-0.0,0.0
R_005515,8,0.0032,5.4328342401337507e-05,0,1559,4,1559,5,1,1,5,1.0,-0.0,0.0
R_005516,8,0.0032,5.3150297847183824e-05,0,1505,7,1505,7,1,4,7,1.0,-0.0,0.0
R_005517,8,0.0032,5.4413708188735026e-05,0,3102,6,1531,6,1,2,6,1.0,-0.0,0.0
R_005518,9,0.0036,6.425595678853187e-05,0,1565,2,1565,7,2,5,6,0.8571428571428571,0.410116318288409,0.5916727785823274
R_005519,5,0.002,4.1014268323878115e-05,0,1565,2,1565,5,2,5,4,0.8,0.5004024235381879,0.7219280948873623
R_005520,4,0.0016,3.2337774128898184e-05,0,3102,1,1571,5,4,7,2,0.4,1.3321790402101223,0.9609640474436812
R_005521,4,0.0016,3.4105082957927975e-05,0,1628,0,1628,7,1,3,7,1.0,-0.0,0.0
R_005522,10,0.004,6.630833262007972e-05,0,1562,3,1562,6,2,6,5,0.8333333333333334,0.4505612088663046,0.6500224216483541
R_005523,6,0.0024,4.7438377086222486e-05,0,1565,2,1565,8,2,5,7,0.875,0.3767701612564367,0.5435644431995964
R_005524,4,0.0016,3.288577311040954e-05,0,1505,7,1505,6,1,4,6,1.0,-0.0,0.0
R_005525,11,0.0044,7.077182209708505e-05,0,1562,3,1562,7,2,6,6,0.8571428571428571,0.410116318288409,0.5916727785823274
R_005526,12,0.0048,8.167177164835514e-05,0,1565,2,1565,7,1,5,7,1.0,-0.0,0.0
R_005527,11,0.0044,6.831913681560928e-05,0,3102,1,1571,7,4,7,4,0.5714285714285714,1.1537419427010902,0.8322488896002307
R_005528,5,0.002,4.058345843730579e-05,0,1550,5,1550,6,1,0,6,1.0,-0.0,0.0
R_005529,12,0.0048,7.311013527123356e-05,0,1505,7,1505,7,1,4,7,1.0,-0.0,0.0
R_005530,5,0.002,3.962588291489259e-05,0,1562,3,1562,5,1,6,5,1.0,-0.0,0.0
R_005531,12,0.0048,7.315688290333809e-05,0,3102,1,1571,7,3,7,5,0.7142857142857143,0.796311640173813,0.7248340915057598
R_005532,10,0.004,6.688793528636616e-05,0,1562,3,1562,7,2,6,6,0.8571428571428571,0.410116318288409,0.5916727785823274
R_005533,10,0.004,6.226035920962165e-05,0,1505,7,1505,7,1,4,7,1.0,-0.0,0.0
R_005534,9,0.0036,5.805583046907982e-05,0,1505,7,1505,7,1,4,7,1.0,-0.0,0.0
R_005535,8,0.0032,5.509597208947077e-05,0,1562,3,1562,7,1,6,7,1.0,-0.0,0.0
R_005536,13,0.0052,8.22204233024537e-05,0,1562,3,1562,7,2,6,6,0.8571428571428571,0.410116318288409,0.5916727785823274
R_005537,5,0.002,3.769271377050621e-05,0,3102,1,1571,6,3,7,4,0.6666666666666666,0.8675632284814612,0.7896900821428474
R_005538,12,0.0048,7.370352109836778e-05,0,1505,7,1505,8,1,4,8,1.0,-0.0,0.0
R_005539,6,0.0024,4.4866848873091354e-05,0,1559,4,1559,8,1,1,8,1.0,-0.0,0.0
R_005540,8,0.0032,5.3331084916294416e-05,0,1505,7,1505,5,1,4,5,1.0,-0.0,0.0
R_005541,15,0.006,9.235966062313785e-05,0,1559,4,1559,8,1,1,8,1.0,-0.0,0.0
R_005542,7,0.0028,5.218776600039364e-05,0,1565,2,1565,6,2,5,5,0.8333333333333334,0.4505612088663046,0.6500224216483541
R_005543,12,0.0048,7.326957664650982e-05,0,1505,7,1505,8,1,4,8,1.0,-0.0,0.0
R_005544,4,0.0016,3.4176997064862165e-05,0,1562,3,1562,5,3,6,3,0.6,0.9502705392332348,0.8649735207179272
R_005545,8,0.0032,5.280110556402927e-05,0,3102,1,1571,5,3,7,3,0.6,0.9502705392332348,0.8649735207179272
R_005546,8,0.0032,5.283277973688143e-05,0,3102,1,1571,6,3,7,4,0.6666666666666666,0.8675632284814612,0.7896900821428474
R_005547,6,0.0024,4.5260598333414326e-05,0,1628,0,1628,7,1,3,7,1.0,-0.0,0.0
R_005548,9,0.0036,5.795678237517231e-05,0,3102,1,1571,8,4,7,5,0.625,1.073542846408523,0.7743974703476992
R_005549,11,0.0044,7.402655392806225e-05,0,1550,5,1550,8,1,0,8,1.0,-0.0,0.0
R_005550,9,0.0036,5.764756070332754e-05,0,3102,1,1571,8,3,7,5,0.625,0.9002560512685369,0.8194483718728035
R_005551,10,0.004,6.582873431390364e-05,0,1559,4,1559,8,1,1,8,1.0,-0.0,0.0
R_005552,3,0.0012,3.0770028383944214e-05,0,1565,2,1565,6,2,5,5,0.8333333333333334,0.4505612088663046,0.6500224216483541
R_005553,7,0.0028,4.7733244138053414e-05,0,1505,7,1505,8,1,4,8,1.0,-0.0,0.0
R_005554,3,0.0012,2.8983144646954093e-05,0,1550,5,1550,5,1,0,5,1.0,-0.0,0.0
R_005555,6,0.0024,4.3319307961745735e-05,0,3102,6,1531,6,1,2,6,1.0,-0.0,0.0
R_005556,2,0.0008,2.3085849116140637e-05,0,1559,4,1559,5,1,1,5,1.0,-0.0,0.0
R_005557,10,0.004,6.414970419679597e-05,0,3102,1,1571,7,4,7,4,0.5714285714285714,1.1537419427010902,0.8322488896002307
R_005558,10,0.004,6.255318489125153e-05,0,3102,1,1571,8,3,7,5,0.625,0.9002560512685369,0.8194483718728035
R_005559,12,0.0048,7.79587398302274e-05,0,1628,0,1628,8,1,3,8,1.0,-0.0,0.0
R_005560,10,0.004,6.315080334966318e-05,0,1505,7,1505,7,1,4,7,1.0,-0.0,0.0
R_005561,2,0.0008,2.340332549028357e-05,0,1628,0,1628,5,1,3,5,1.0,-0.0,0.0
R_005562,8,0.0032,5.5508982500799676e-05,0,1562,3,1562,8,2,6,7,0.875,0.3767701612564367,0.5435644431995964
R_005563,8,0.0032,5.728759289628622e-05,0,1550,5,1550,8,1,0,8,1.0,-0.0,0.0
R_005564,9,0.0036,5.7927505044441424e-05,0,3102,1,1571,7,4,7,4,0.5714285714285714,1.1537419427010902,0.8322488896002307
R_005565,11,0.0044,6.754144724107918e-05,0,1505,7,1505,7,1,4,7,1.0,-0.0,0.0
R_005566,7,0.0028,4.7784358622698305e-05,0,1505,7,1505,6,1,4,6,1.0,-0.0,0.0
R_005567,8,0.0032,5.668256180783575e-05,0,1550,5,1550,7,1,0,7,1.0,-0.0,0.0
R_005568,5,0.002,3.773662878424225e-05,0,3102,6,1531,5,1,2,5,1.0,-0.0,0.0
R_005569,7,0.0028,4.762849904109002e-05,0,1505,7,1505,8,1,4,8,1.0,-0.0,0.0
R_005570,8,0.0032,5.2746117722328663e-05,0,3102,1,1571,6,4,2,2,0.3333333333333333,1.3296613488547582,0.9591479170272448
R_005571,9,0.0036,5.8950996061247164e-05,0,3102,6,1531,8,1,2,8,1.0,-0.0,0.0
R_005572,4,0.0016,3.386851664245877e-05,0,1628,0,1628,6,1,3,6,1.0,-0.0,0.0
R_005573,2,0.0008,2.3199117503125895e-05,0,1550,5,1550,5,1,0,5,1.0,-0.0,0.0
R_005574,1,0.0004,1.7299005249471283e-05,0,3102,1,1571,5,4,7,2,0.4,1.3321790402101223,0.9609640474436812
R_005575,7,0.0028,5.2499796947910855e-05,0,1550,5,1550,6,1,0,6,1.0,-0.0,0.0
R_005576,8,0.0032,5.956758290813732e-05,0,1565,2,1565,7,2,5,6,0.8571428571428571,0.410116318288409,0.5916727785823274
R_005577,3,0.0012,2.9278337070487014e-05,0,1550,5,1550,5,1,0,5,1.0,-0.0,0.0
R_005578,7,0.0028,5.0426559267890165e-05,0,1628,0,1628,7,1,3,7,1.0,-0.0,0.0
R_005579,8,0.0032,5.3265678561539985e-05,0,3102,6,1531,8,1,2,8,1.0,-0.0,0.0
R_005580,13,0.0052,7.883199767321778e-05,0,3102,1,1571,6,3,7,3,0.5,1.0114042647073518,0.920619835714305
R_005581,13,0.0052,7.9067231726477e-05,0,3102,6,1531,7,1,2,7,1.0,-0.0,0.0
R_005582,2,0.0008,2.2598404674308172e-05,0,3102,1,1571,6,3,7,4,0.6666666666666666,0.8675632284814612,0.7896900821428474
R_005583,4,0.0016,3.284651641870132e-05,0,3102,1,1571,7,3,7,4,0.5714285714285714,0.9556998911125344,0.8699155297736259
R_005584,5,0.002,4.0854092356958966e-05,0,1550,5,1550,7,1,0,7,1.0,-0.0,0.0
R_005585,9,0.0036,6.296258168058839e-05,0,1550,5,1550,7,1,0,7,1.0,-0.0,0.0
R_005586,9,0.0036,5.868391273795481e-05,0,3102,6,1531,8,1,2,8,1.0,-0.0,0.0
R_005587,4,0.0016,3.419739702346767e-05,0,1559,4,1559,7,1,1,7,1.0,-0.0,0.0
R_005588,9,0.0036,6.164172582405124e-05,0,1562,3,1562,6,3,6,4,0.6666666666666666,0.8675632284814612,0.7896900821428474
R_005589,16,0.0064,9.314956064124595e-05,0,1505,7,1505,7,1,4,7,1.0,-0.0,0.0
R_005590,6,0.0024,4.390028774690522e-05,0,1559,4,1559,7,1,1,7,1.0,-0.0,0.0
R_005591,8,0.0032,5.3347472516720754e-05,0,1505,7,1505,5,1,4,5,1.0,-0.0,0.0
R_005592,6,0.0024,4.500175497451422e-05,0,1628,0,1628,5,1,3,5,1.0,-0.0,0.0
R_005593,12,0.0048,7.386614058986865e-05,0,3102,6,1531,7,1,2,7,1.0,-0.0,0.0
R_005594,8,0.0032,5.4869842732029166e-05,0,1562,3,1562,6,2,6,5,0.8333333333333334,0.4505612088663046,0.6500224216483541
R_005595,7,0.0028,5.138244204313691e-05,0,1550,5,1550,6,1,0,6,1.0,-0.0,0.0
R_005596,7,0.0028,4.9727329289425846e-05,0,1559,4,1559,6,1,1,6,1.0,-0.0,0.0
R_005597,3,0.0012,3.0136125198704354e-05,0,1565,2,1565,6,2,5,5,0.8333333333333334,0.4505612088663046,0.6500224216483541
R_005598,6,0.0024,4.291853077981345e-05,0,3102,1,1571,5,3,7,3,0.6,0.9502705392332348,0.8649735207179272
R_005599,10,0.004,6.340629751479655e-05,0,3102,6,1531,8,1,2,8,1.0,-0.0,0.0
R_005600,10,0.004,6.301266153003705e-05,0,3102,1,1571,8,4,7,5,0.625,1.073542846408523,0.7743974703476992
R_005601,12,0.0048,7.570366467498064e-05,0,1562,3,1562,8,2,6,7,0.875,0.3767701612564367,0.5435644431995964
R_005602,8,0.0032,5.620502429072292e-05,0,1628,0,1628,6,1,3,6,1.0,-0.0,0.0
R_005603,6,0.0024,4.4113218166202066e-05,0,1559,4,1559,6,1,1,6,1.0,-0.0,0.0
R_005604,6,0.0024,4.403300706779882e-05,0,1562,3,1562,7,3,6,5,0.7142857142857143,0.796311640173813,0.7248340915057598
R_005605,2,0.0008,2.26953440176846e-05,0,1559,4,1559,6,1,1,6,1.0,-0.0,0.0
R_005606,12,0.0048,7.217766896636974e-05,0,1505,7,1505,8,1,4,8,1.0,-0.0,0.0
R_005607,3,0.0012,2.9527236719469165e-05,0,1565,2,1565,8,2,5,7,0.875,0.3767701612564367,0.5435644431995964
R_005608,7,0.0028,4.8926805208825796e-05,0,3102,6,1531,6,1,2,6,1.0,-0.0,0.0
R_005609,6,0.0024,4.2977478678476114e-05,0,3102,6,1531,6,1,2,6,1.0,-0.0,0.0
R_005610,11,0.0044,6.822061607914886e-05,0,3102,1,1571,8,3,7,5,0.625,0.9002560512685369,0.8194483718728035
R_005611,8,0.0032,5.6467440938967305e-05,0,1628,0,1628,5,1,3,5,1.0,-0.0,0.0
R_005612,7,0.0028,5.2906806531890087e-05,0,1565,2,1565,7,1,5,7,1.0,-0.0,0.0
R_005613,10,0.004,6.812500087850563e-05,0,1550,5,1550,7,1,0,7,1.0,-0.0,0.0
R_005614,3,0.0012,2.9079511880916144e-05,0,1550,5,1550,5,1,0,5,1.0,-0.0,0.0
R_005615,5,0.002,3.912380283016e-05,0,1559,4,1559,5,1,1,5,1.0,-0.0,0.0
R_005616,5,0.002,3.973920170037973e-05,0,1550,5,1550,7,1,0,7,1.0,-0.0,0.0
R_005617,4,0.0016,3.3724587706100526e-05,0,1559,4,1559,6,1,1,6,1.0,-0.0,0.0
R_005618,4,0.0016,3.3968109899577995e-05,0,1628,0,1628,5,1,3,5,1.0,-0.0,0.0
R_005619,7,0.0028,5.027709082242498e-05,0,1628,0,1628,6,1,3,6,1.0,-0.0,0.0
R_005620,4,0.0016,3.471157493829712e-05,0,1628,0,1628,5,1,3,5,1.0,-0.0,0.0
R_005621,16,0.0064,9.67620909297236e-05,0,1559,4,1559,8,1,1,8,1.0,-0.0,0.0
R_005622,10,0.004,6.573478879083497e-05,0,1559,4,1559,7,1,1,7,1.0,-0.0,0.0
R_005623,12,0.0048,7.357099970858785e-05,0,3102,1,1571,8,2,7,6,0.75,0.5623351446188083,0.8112781244591328
R_005624,2,0.0008,2.3079875433689503e-05,0,1562,3,1562,5,2,6,4,0.8,0.5004024235381879,0.7219280948873623
R_005625,8,0.0032,5.4873723732036555e-05,0,1562,3,1562,6,2,6,5,0.8333333333333334,0.4505612088663046,0.6500224216483541
R_005626,13,0.0052,8.098312595755177e-05,0,1559,4,1559,7,1,1,7,1.0,-0.0,0.0
R_005627,7,0.0028,5.055999638302412e-05,0,1628,0,1628,7,1,3,7,1.0,-0.0,0.0
R_005628,10,0.004,6.715893043303968e-05,0,1628,0,1628,7,1,3,7,1.0,-0.0,0.0
R_005629,4,0.0016,3.34831094973261e-05,0,1562,3,1562,6,3,6,4,0.6666666666666666,0.8675632284814612,0.7896900821428474
R_005630,3,0.0012,2.8418924322458882e-05,0,1559,4,1559,6,1,1,6,1.0,-0.0,0.0
R_005631,8,0.0032,5.443966331402252e-05,0,1559,4,1559,7,1,1,7,1.0,-0.0,0.0
R_005632,6,0.0024,4.3549555414802684e-05,0,3102,6,1531,7,1,2,7,1.0,-0.0,0.0
R_005633,12,0.0048,7.431240417855826e-05,0,3102,6,1531,8,1,2,8,1.0,-0.0,0.0
R_005634,7,0.0028,4.947168105028054e-05,0,3102,6,1531,8,1,2,8,1.0,-0.0,0.0
R_005635,5,0.002,3.795078471014186e-05,0,3102,1,1571,6,3,7,4,0.6666666666666666,0.8675632284814612,0.7896900821428474
R_005636,10,0.004,6.283696614661385e-05,0,1505,7,1505,7,1,4,7,1.0,-0.0,0.0
R_005637,12,0.0048,7.629790043171887e-05,0,1559,4,1559,7,1,1,7,1.0,-0.0,0.0
R_005638,10,0.004,6.833698693850635e-05,0,1550,5,1550,8,1,0,8,1.0,-0.0,0.0
R_005639,6,0.0024,4.5534387851233384e-05,0,1550,5,1550,8,1,0,8,1.0,-0.0,0.0
R_005640,13,0.0052,8.250069048597238e-05,0,1562,3,1562,8,2,6,7,0.875,0.3767701612564367,0.5435644431995964
R_005641,8,0.0032,5.514681681792123e-05,0,1559,4,1559,8,1,1,8,1.0,-0.0,0.0
R_005642,3,0.0012,2.7581733279545922e-05,0,1505,7,1505,5,1,4,5,1.0,-0.0,0.0
R_005643,10,0.004,6.656406787236086e-05,0,1628,0,1628,8,1,3,8,1.0,-0.0,0.0
R_005644,10,0.004,6.244807722977329e-05,0,1505,7,1505,8,1,4,8,1.0,-0.0,0.0
R_005645,3,0.0012,2.8297022130736504e-05,0,1559,4,1559,5,1,1,5,1.0,-0.0,0.0
R_005646,4,0.0016,3.576983210318436e-05,0,1565,2,1565,5,1,5,5,1.0,-0.0,0.0
R_005647,10,0.004,6.303989230234511e-05,0,3102,1,1571,8,4,7,4,0.5,1.2130075659799042,0.875
R_005648,10,0.004,6.347780816253927e-05,0,3102,6,1531,7,1,2,7,1.0,-0.0,0.0
R_005649,3,0.0012,2.712198627641522e-05,0,3102,1,1571,5,3,2,2,0.4,1.0549201679861442,0.9602297178607612
R_005650,3,0.0012,2.770909690014116e-05,0,3102,6,1531,5,1,2,5,1.0,-0.0,0.0
R_005651,6,0.0024,4.45609961179508e-05,0,1628,0,1628,6,1,3,6,1.0,-0.0,0.0
R_005652,7,0.0028,5.0024591113106164e-05,0,1628,0,1628,8,1,3,8,1.0,-0.0,0.0
R_005653,13,0.0052,8.282464078333222e-05,0,1628,0,1628,8,1,3,8,1.0,-0.0,0.0
R_005654,13,0.0052,7.899461763406136e-05,0,3102,1,1571,8,3,7,5,0.625,0.9002560512685369,0.8194483718728035
R_005655,5,0.002,3.9165323701619825e-05,0,1562,3,1562,5,2,6,4,0.8,0.5004024235381879,0.7219280948873623
R_005656,6,0.0024,4.430480860861972e-05,0,1559,4,1559,6,1,1,6,1.0,-0.0,0.0
R_005657,7,0.0028,4.7679815227304976e-05,0,1505,7,1505,7,1,4,7,1.0,-0.0,0.0
R_005658,7,0.0028,5.066294752550291e-05,0,1628,0,1628,6,1,3,6,1.0,-0.0,0.0
R_005659,13,0.0052,8.264102352606467e-05,0,1628,0,1628,8,1,3,8,1.0,-0.0,0.0
R_005660,9,0.0036,5.81469930792581e-05,0,1505,7,1505,7,1,4,7,1.0,-0.0,0.0
R_005661,4,0.0016,3.4447089666266644e-05,0,1628,0,1628,5,1,3,5,1.0,-0.0,0.0
R_005662,15,0.006,9.348271744960142e-05,0,1628,0,1628,8,1,3,8,1.0,-0.0,0.0
R_005663,1,0.0004,1.7644634624874843e-05,0,1562,3,1562,5,3,6,3,0.6,0.9502705392332348,0.8649735207179272
R_005664,8,0.0032,5.780457881644039e-05,0,1550,5,1550,8,1,0,8,1.0,-0.0,0.0
R_005665,5,0.002,4.1430678201669366e-05,0,1565,2,1565,6,1,5,6,1.0,-0.0,0.0
R_005666,13,0.0052,7.941204955123081e-05,0,3102,6,1531,6,1,2,6,1.0,-0.0,0.0
R_005667,15,0.006,8.882393292573073e-05,0,3102,6,1531,8,1,2,8,1.0,-0.0,0.0
R_005668,15,0.006,9.28686003458614e-05,0,1628,0,1628,8,1,3,8,1.0,-0.0,0.0
R_005669,3,0.0012,2.8614490544894243e-05,0,1562,3,1562,5,3,6,3,0.6,0.9502705392332348,0.8649735207179272
R_005670,8,0.0032,5.446520133499596e-05,0,1559,4,1559,7,1,1,7,1.0,-0.0,0.0
R_005671,11,0.0044,6.783020120628212e-05,0,1505,7,1505,7,1,4,7,1.0,-0.0,0.0
R_005672,4,0.0016,3.3571970223109916e-05,0,1559,4,1559,5,1,1,5,1.0,-0.0,0.0
R_005673,12,0.0048,7.550119276944153e-05,0,1559,4,1559,8,1,1,8,1.0,-0.0,0.0
R_005674,7,0.0028,4.985653203996177e-05,0,1559,4,1559,6,1,1,6,1.0,-0.0,0.0
R_005675,4,0.0016,3.527851402475406e-05,0,1565,2,1565,6,2,5,5,0.8333333333333334,0.4505612088663046,0.6500224216483541
R_005676,4,0.0016,3.496293244146721e-05,0,1550,5,1550,5,1,0,5,1.0,-0.0,0.0
R_005677,6,0.0024,4.784211859137256e-05,0,1565,2,1565,5,2,5,4,0.8,0.5004024235381879,0.7219280948873623
R_005678,9,0.0036,5.775083287973711e-05,0,3102,1,1571,7,4,7,4,0.5714285714285714,1.1537419427010902,0.8322488896002307
R_005679,12,0.0048,7.632876400412737e-05,0,1559,4,1559,8,1,1,8,1.0,-0.0,0.0
R_005680,11,0.0044,7.095691109168402e-05,0,1562,3,1562,6,3,6,4,0.6666666666666666,0.8675632284814612,0.7896900821428474
R_005681,3,0.0012,2.9505544726676265e-05,0,1550,5,1550,5,1,0,5,1.0,-0.0,0.0
R_005682,4,0.0016,3.3389979715045115e-05,0,1559,4,1559,5,1,1,5,1.0,-0.0,0.0
R_005683,11,0.0044,6.855820108307226e-05,0,3102,1,1571,8,4,7,4,0.5,1.2130075659799042,0.875
R_005684,3,0.0012,2.800264152907736e-05,0,3102,6,1531,5,1,2,5,1.0,-0.0,0.0
R_005685,7,0.0028,4.9244465745917613e-05,0,1562,3,1562,7,3,6,5,0.7142857142857143,0.796311640173813,0.7248340915057598
R_005686,8,0.0032,5.792635160753058e-05,0,1550,5,1550,5,1,0,5,1.0,-0.0,0.0
R_005687,8,0.0032,5.907618669059319e-05,0,1565,2,1565,7,2,5,6,0.8571428571428571,0.410116318288409,0.5916727785823274
R_005688,4,0.0016,3.287327007339858e-05,0,3102,6,1531,6,1,2,6,1.0,-0.0,0.0
R_005689,2,0.0008,2.2425461226099376e-05,0,1505,7,1505,6,1,4,6,1.0,-0.0,0.0
R_005690,4,0.0016,3.24358172449362e-05,0,1505,7,1505,5,1,4,5,1.0,-0.0,0.0
R_005691,6,0.0024,4.6043940467262206e-05,0,1550,5,1550,7,1,0,7,1.0,-0.0,0.0
R_005692,16,0.0064,9.365487717552745e-05,0,3102,1,1571,8,3,7,6,0.75,0.7356219397587946,0.6695919455357792
R_005693,4,0.0016,3.378689318521569e-05,0,1562,3,1562,5,2,6,4,0.8,0.5004024235381879,0.7219280948873623
R_005694,11,0.0044,6.78059061286637e-05,0,3102,1,1571,8,4,7,5,0.625,1.073542846408523,0.7743974703476992
R_005695,8,0.0032,5.335604657387347e-05,0,3102,6,1531,8,1,2,8,1.0,-0.0,0.0
R_005696,5,0.002,4.133937997612061e-05,0,1565,2,1565,5,2,5,4,0.8,0.5004024235381879,0.7219280948873623
R_005697,4,0.0016,3.541950504722362e-05,0,1565,2,1565,5,2,5,4,0.8,0.5004024235381879,0.7219280948873623
R_005698,4,0.0016,3.548807259645999e-05,0,1565,2,1565,6,1,5,6,1.0,-0.0,0.0
R_005699,7,0.0028,4.808071839175775e-05,0,3102,6,1531,5,1,2,5,1.0,-0.0,0.0
R_005700,9,0.0036,5.953217265737861e-05,0,1559,4,1559,6,1,1,6,1.0,-0.0,0.0
R_005701,2,0.0008,2.376134469301664e-05,0,1550,5,1550,5,1,0,5,1.0,-0.0,0.0
R_005702,4,0.0016,3.383176671630254e-05,0,1559,4,1559,5,1,1,5,1.0,-0.0,0.0
R_005703,4,0.0016,3.568544407909771e-05,0,1565,2,1565,5,1,5,5,1.0,-0.0,0.0
R_005704,9,0.0036,6.246384977704725e-05,0,1628,0,1628,6,1,3,6,1.0,-0.0,0.0
R_005705,5,0.002,3.862981024059485e-05,0,1559,4,1559,6,1,1,6,1.0,-0.0,0.0
R_005706,5,0.002,3.896891791612174e-05,0,1559,4,1559,5,1,1,5,1.0,-0.0,0.0
R_005707,6,0.0024,4.285298215464495e-05,0,3102,1,1571,6,2,7,5,0.8333333333333334,0.4505612088663046,0.6500224216483541
R_005708,8,0.0032,5.850042597236176e-05,0,1565,2,1565,5,2,5,4,0.8,0.5004024235381879,0.7219280948873623
R_005709,10,0.004,6.44689880920071e-05,0,3102,6,1531,8,1,2,8,1.0,-0.0,0.0
R_005710,11,0.0044,6.891175570083571e-05,0,3102,1,1571,8,4,7,4,0.5,1.2130075659799042,0.875
R_005711,5,0.002,3.937415938592171e-05,0,1559,4,1559,6,1,1,6,1.0,-0.0,0.0
R_005712,10,0.004,6.514442519386724e-05,0,1559,4,1559,6,1,1,6,1.0,-0.0,0.0
R_005713,10,0.004,6.262619171451569e-05,0,1505,7,1505,5,1,4,5,1.0,-0.0,0.0
R_005714,10,0.004,6.412113091223803e-05,0,3102,6,1531,7,1,2,7,1.0,-0.0,0.0
R_005715,7,0.0028,4.98660501002066e-05,0,1562,3,1562,7,3,6,5,0.7142857142857143,0.796311640173813,0.7248340915057598
R_005716,7,0.0028,4.834686909978458e-05,0,3102,6,1531,6,1,2,6,1.0,-0.0,0.0
R_005717,6,0.0024,4.4384945327295095e-05,0,1559,4,1559,6,1,1,6,1.0,-0.0,0.0
R_005718,8,0.0032,5.2644895076488994e-05,0,1505,7,1505,6,1,4,6,1.0,-0.0,0.0
R_005719,5,0.002,3.864500458452558e-05,0,1559,4,1559,6,1,1,6,1.0,-0.0,0.0
R_005720,7,0.0028,4.8310297219888075e-05,0,3102,6,1531,5,1,2,5,1.0,-0.0,0.0
R_005721,12,0.0048,8.055372961667144e-05,0,1550,5,1550,7,1,0,7,1.0,-0.0,0.0
R_005722,2,0.0008,2.3650262378263893e-05,0,1565,2,1565,6,2,5,5,0.8333333333333334,0.4505612088663046,0.6500224216483541
R_005723,8,0.0032,5.8498765494067305e-05,0,1565,2,1565,8,2,5,7,0.875,0.3767701612564367,0.5435644431995964
R_005724,4,0.0016,3.30441172602519e-05,0,3102,6,1531,5,1,2,5,1.0,-0.0,0.0
R_005725,11,0.0044,7.227230674269997e-05,0,1628,0,1628,7,1,3,7,1.0,-0.0,0.0
R_005726,5,0.002,3.882434773871063e-05,0,1559,4,1559,5,1,1,5,1.0,-0.0,0.0
R_005727,3,0.0012,2.8335650490679556e-05,0,1559,4,1559,6,1,1,6,1.0,-0.0,0.0
R_005728,4,0.0016,3.586962659121676e-05,0,1565,2,1565,7,2,5,6,0.8571428571428571,0.410116318288409,0.5916727785823274
R_005729,6,0.0024,4.583544844501815e-05,0,1550,5,1550,6,1,0,6,1.0,-0.0,0.0
R_005730,2,0.0008,2.3730614144167838e-05,0,1550,5,1550,5,1,0,5,1.0,-0.0,0.0
R_005731,8,0.0032,5.480288076972821e-05,0,1559,4,1559,6,1,1,6,1.0,-0.0,0.0
R_005732,15,0.006,8.969225994183807e-05,0,3102,6,1531,8,1,2,8,1.0,-0.0,0.0
R_005733,12,0.0048,7.42663997975954e-05,0,3102,6,1531,8,1,2,8,1.0,-0.0,0.0
R_005734,7,0.0028,4.933908955226754e-05,0,3102,6,1531,7,1,2,7,1.0,-0.0,0.0
R_005735,6,0.0024,4.570415238960798e-05,0,1550,5,1550,6,1,0,6,1.0,-0.0,0.0
R_005736,5,0.002,3.802420142796785e-05,0,3102,1,1571,5,2,7,4,0.8,0.5004024235381879,0.7219280948873623
R_005737,7,0.0028,4.775332700170261e-05,0,3102,1,1571,6,2,7,4,0.6666666666666666,0.6365141682948128,0.9182958340544894
R_005738,13,0.0052,8.201076301803226e-05,0,1562,3,1562,7,3,6,5,0.7142857142857143,0.796311640173813,0.7248340915057598
R_005739,6,0.0024,4.4698919658530866e-05,0,1562,3,1562,5,2,6,4,0.8,0.5004024235381879,0.7219280948873623
R_005740,10,0.004,6.780884737825854e-05,0,1550,5,1550,7,1,0,7,1.0,-0.0,0.0
R_005741,4,0.0016,3.269619442028437e-05,0,3102,1,1571,5,2,7,3,0.6,0.6730116670092565,0.9709505944546688
R_005742,11,0.0044,6.870604845327305e-05,0,3102,1,1571,6,2,7,5,0.8333333333333334,0.4505612088663046,0.6500224216483541
R_005743,11,0.0044,7.178314126311514e-05,0,1628,0,1628,8,1,3,8,1.0,-0.0,0.0
R_005744,3,0.0012,2.8332147699528266e-05,0,1559,4,1559,5,1,1,5,1.0,-0.0,0.0
R_005745,4,0.0016,3.321293662596806e-05,0,3102,1,1571,6,3,7,4,0.6666666666666666,0.8675632284814612,0.7896900821428474
R_005746,4,0.0016,3.4630757828648513e-05,0,1550,5,1550,7,1,0,7,1.0,-0.0,0.0
R_005747,10,0.004,6.373409664238533e-05,0,3102,6,1531,7,1,2,7,1.0,-0.0,0.0
R_005748,3,0.0012,2.998224904836247e-05,0,1565,2,1565,5,1,5,5,1.0,-0.0,0.0
R_005749,8,0.0032,5.5120547697865496e-05,0,1559,4,1559,6,1,1,6,1.0,-0.0,0.0
R_005750,6,0.0024,4.65639605289711e-05,0,1550,5,1550,6,1,0,6,1.0,-0.0,0.0
R_005751,10,0.004,6.818005729512265e-05,0,1550,5,1550,7,1,0,7,1.0,-0.0,0.0
R_005752,10,0.004,6.293420607662483e-05,0,3102,1,1571,7,3,7,4,0.5714285714285714,0.9556998911125344,0.8699155297736259
R_005753,4,0.0016,3.31438142892394e-05,0,3102,6,1531,5,1,2,5,1.0,-0.0,0.0
R_005754,7,0.0028,5.178487802481539e-05,0,1550,5,1550,6,1,0,6,1.0,-0.0,0.0
R_005755,7,0.0028,5.129285636311845e-05,0,1550,5,1550,6,1,0,6,1.0,-0.0,0.0
R_005756,9,0.0036,5.776979579234157e-05,0,1505,7,1505,7,1,4,7,1.0,-0.0,0.0
R_005757,9,0.0036,6.0153167855694084e-05,0,1559,4,1559,7,1,1,7,1.0,-0.0,0.0
R_005758,9,0.0036,6.325254019375932e-05,0,1550,5,1550,8,1,0,8,1.0,-0.0,0.0
R_005759,12,0.0048,7.583152943610697e-05,0,1562,3,1562,8,3,6,6,0.75,0.7356219397587946,0.6695919455357792
R_005760,5,0.002,3.763911211429554e-05,0,3102,6,1531,5,1,2,5,1.0,-0.0,0.0
R_005761,7,0.0028,4.93890261941598e-05,0,1559,4,1559,6,1,1,6,1.0,-0.0,0.0
R_005762,12,0.0048,7.248467548745368e-05,0,1505,7,1505,7,1,4,7,1.0,-0.0,0.0
R_005763,4,0.0016,3.363560802102278e-05,0,3102,6,1531,6,1,2,6,1.0,-0.0,0.0
R_005764,4,0.0016,3.321133673584661e-05,0,1559,4,1559,5,1,1,5,1.0,-0.0,0.0
R_005765,8,0.0032,5.815787926465069e-05,0,1565,2,1565,6,2,5,5,0.8333333333333334,0.4505612088663046,0.6500224216483541
R_005766,7,0.0028,5.222798031532911e-05,0,1550,5,1550,7,1,0,7,1.0,-0.0,0.0
R_005767,4,0.0016,3.471147084795843e-05,0,1550,5,1550,6,1,0,6,1.0,-0.0,0.0
R_005768,8,0.0032,5.586140454792402e-05,0,1628,0,1628,6,1,3,6,1.0,-0.0,0.0
R_005769,7,0.0028,4.999631786460055e-05,0,1559,4,1559,6,1,1,6,1.0,-0.0,0.0
R_005770,12,0.0048,7.36982389729336e-05,0,3102,1,1571,8,3,7,5,0.625,0.9002560512685369,0.8194483718728035
R_005771,12,0.0048,7.255061686071849e-05,0,1505,7,1505,8,1,4,8,1.0,-0.0,0.0
R_005772,12,0.0048,7.865369624719727e-05,0,1628,0,1628,7,1,3,7,1.0,-0.0,0.0
R_005773,7,0.0028,4.983761990397855e-05,0,1559,4,1559,5,1,1,5,1.0,-0.0,0.0
R_005774,8,0.0032,5.2618700986632276e-05,0,3102,1,1571,6,2,7,4,0.6666666666666666,0.6365141682948128,0.9182958340544894
R_005775,4,0.0016,3.343219713882259e-05,0,1562,3,1562,5,2,6,4,0.8,0.5004024235381879,0.7219280948873623
R_005776,7,0.0028,5.025251839890745e-05,0,1562,3,1562,5,2,6,4,0.8,0.5004024235381879,0.7219280948873623
R_005777,4,0.0016,3.281776827229376e-05,0,3102,6,1531,5,1,2,5,1.0,-0.0,0.0
R_005778,3,0.0012,2.780819833657736e-05,0,3102,6,1531,5,1,2,5,1.0,-0.0,0.0
R_005779,2,0.0008,2.2969308434800374e-05,0,1562,3,1562,6,2,6,5,0.8333333333333334,0.4505612088663046,0.6500224216483541
R_005780,8,0.0032,5.344415971375667e-05,0,3102,6,1531,7,1,2,7,1.0,-0.0,0.0
R_005781,14,0.0056,8.739546566937277e-05,0,1562,3,1562,7,3,6,5,0.7142857142857143,0.796311640173813,0.7248340915057598
R_005782,11,0.0044,7.178688056693727e-05,0,1562,3,1562,7,2,6,6,0.8571428571428571,0.410116318288409,0.5916727785823274
R_005783,12,0.0048,7.911164835904585e-05,0,1550,5,1550,7,1,0,7,1.0,-0.0,0.0
R_005784,13,0.0052,8.271281612123139e-05,0,1628,0,1628,8,1,3,8,1.0,-0.0,0.0
R_005785,15,0.006,9.27094170695822e-05,0,1562,3,1562,8,3,6,6,0.75,0.7356219397587946,0.6695919455357792
R_005786,9,0.0036,6.439972775807709e-05,0,1565,2,1565,7,2,5,6,0.8571428571428571,0.410116318288409,0.5916727785823274
R_005787,12,0.0048,7.478761059199428e-05,0,3102,6,1531,8,1,2,8,1.0,-0.0,0.0
R_005788,11,0.0044,7.120493286834151e-05,0,1562,3,1562,7,2,6,6,0.8571428571428571,0.410116318288409,0.5916727785823274
R_005789,9,0.0036,5.785010865152787e-05,0,3102,1,1571,5,3,7,3,0.6,0.9502705392332348,0.8649735207179272
R_005790,7,0.0028,5.0615622482356346e-05,0,1562,3,1562,6,2,6,5,0.8333333333333334,0.4505612088663046,0.6500224216483541
R_005791,11,0.0044,6.923230310873893e-05,0,3102,6,1531,6,1,2,6,1.0,-0.0,0.0
R_005792,6,0.0024,4.465606026855925e-05,0,1559,4,1559,7,1,1,7,1.0,-0.0,0.0
R_005793,6,0.0024,4.4223954514596764e-05,0,1559,4,1559,7,1,1,7,1.0,-0.0,0.0
R_005794,10,0.004,6.604447463676615e-05,0,1562,3,1562,6,2,6,5,0.8333333333333334,0.4505612088663046,0.6500224216483541
R_005795,9,0.0036,5.754988636170347e-05,0,3102,1,1571,7,3,7,4,0.5714285714285714,0.9556998911125344,0.8699155297736259
R_005796,10,0.004,6.550193637573042e-05,0,1562,3,1562,8,2,6,7,0.875,0.3767701612564367,0.5435644431995964
R_005797,11,0.0044,6.829090013398501e-05,0,1505,7,1505,8,1,4,8,1.0,-0.0,0.0
R_005798,5,0.002,3.8956321289077914e-05,0,1559,4,1559,5,1,1,5,1.0,-0.0,0.0
R_005799,9,0.0036,6.092921035547346e-05,0,1559,4,1559,8,1,1,8,1.0,-0.0,0.0
R_005800,3,0.0012,2.9429560711330426e-05,0,1565,2,1565,5,2,5,4,0.8,0.5004024235381879,0.7219280948873623
R_005801,2,0.0008,2.388980298303425e-05,0,1550,5,1550,5,1,0,5,1.0,-0.0,0.0
R_005802,6,0.0024,4.425716534950532e-05,0,1559,4,1559,6,1,1,6,1.0,-0.0,0.0
R_005803,8,0.0032,5.3722752231010796e-05,0,3102,6,1531,7,1,2,7,1.0,-0.0,0.0
R_005804,3,0.0012,2.85714404945168e-05,0,1559,4,1559,5,1,1,5,1.0,-0.0,0.0
R_005805,5,0.002,3.8708932203496344e-05,0,1559,4,1559,6,1,1,6,1.0,-0.0,0.0
R_005806,7,0.0028,5.053412085653161e-05,0,1562,3,1562,7,2,6,6,0.8571428571428571,0.410116318288409,0.5916727785823274
R_005807,6,0.0024,4.478326220412256e-05,0,1562,3,1562,5,2,6,4,0.8,0.5004024235381879,0.7219280948873623
R_005808,14,0.0056,8.890048465715167e-05,0,1628,0,1628,7,1,3,7,1.0,-0.0,0.0
R_005809,6,0.0024,4.4501906973863586e-05,0,1562,3,1562,6,3,6,4,0.6666666666666666,0.8675632284814612,0.7896900821428474
R_005810,7,0.0028,4.74554300119628e-05,0,3102,1,1571,6,3,7,3,0.5,1.0114042647073518,0.920619835714305
R_005811,6,0.0024,4.2965600522131066e-05,0,3102,6,1531,5,1,2,5,1.0,-0.0,0.0
R_005812,4,0.0016,3.243715713082535e-05,0,1505,7,1505,6,1,4,6,1.0,-0.0,0.0
R_005813,7,0.0028,4.9877636632959475e-05,0,1562,3,1562,7,2,6,6,0.8571428571428571,0.410116318288409,0.5916727785823274
R_005814,11,0.0044,7.410035635113401e-05,0,1550,5,1550,8,1,0,8,1.0,-0.0,0.0
R_005815,11,0.0044,7.205038215002342e-05,0,1628,0,1628,7,1,3,7,1.0,-0.0,0.0
R_005816,7,0.0028,5.163672216325602e-05,0,1550,5,1550,6,1,0,6,1.0,-0.0,0.0
R_005817,6,0.0024,4.3348348057851596e-05,0,3102,6,1531,7,1,2,7,1.0,-0.0,0.0
R_005818,11,0.0044,7.11264726819423e-05,0,1562,3,1562,8,3,6,6,0.75,0.7356219397587946,0.6695919455357792
R_005819,8,0.0032,5.764744955276217e-05,0,1550,5,1550,5,1,0,5,1.0,-0.0,0.0
R_005820,8,0.0032,5.292952183958458e-05,0,1505,7,1505,7,1,4,7,1.0,-0.0,0.0
R_005821,10,0.004,6.549453828562071e-05,0,1559,4,1559,7,1,1,7,1.0,-0.0,0.0
R_005822,6,0.0024,4.478415925065127e-05,0,1562,3,1562,6,2,6,5,0.8333333333333334,0.4505612088663046,0.6500224216483541
R_005823,10,0.004,6.36527357646445e-05,0,3102,1,1571,8,3,7,5,0.625,0.9002560512685369,0.8194483718728035
R_005824,8,0.0032,5.90040819227554e-05,0,1565,2,1565,6,1,5,6,1.0,-0.0,0.0
R_005825,6,0.0024,4.381639222236503e-05,0,1559,4,1559,7,1,1,7,1.0,-0.0,0.0
R_005826,7,0.0028,5.081914157919604e-05,0,1550,5,1550,6,1,0,6,1.0,-0.0,0.0
R_005827,13,0.0052,8.181138143997853e-05,0,1562,3,1562,7,3,6,5,0.7142857142857143,0.796311640173813,0.7248340915057598
R_005828,10,0.004,6.650933718388918e-05,0,1628,0,1628,8,1,3,8,1.0,-0.0,0.0
R_005829,4,0.0016,3.350793975581034e-05,0,1559,4,1559,6,1,1,6,1.0,-0.0,0.0
R_005830,9,0.0036,6.064969994388393e-05,0,1628,0,1628,7,1,3,7,1.0,-0.0,0.0
R_005831,4,0.0016,3.440398180151216e-05,0,1628,0,1628,6,1,3,6,1.0,-0.0,0.0
R_005832,13,0.0052,8.118576080296665e-05,0,1559,4,1559,8,1,1,8,1.0,-0.0,0.0
R_005833,10,0.004,6.52851865130577e-05,0,1559,4,1559,6,1,1,6,1.0,-0.0,0.0
R_005834,1,0.0004,1.7607299769940786e-05,0,1559,4,1559,5,1,1,5,1.0,-0.0,0.0
R_005835,6,0.0024,4.429413102151865e-05,0,1559,4,1559,8,1,1,8,1.0,-0.0,0.0
R_005836,0,0.0,1.2023710757614017e-05,1,1,21,1,5,1,2,5,1.0,-0.0,0.0
R_005837,5,0.002,3.7995160735308857e-05,0,3102,6,1531,5,1,2,5,1.0,-0.0,0.0
R_005838,7,0.0028,4.987089921160003e-05,0,1562,3,1562,8,3,6,6,0.75,0.7356219397587946,0.6695919455357792
R_005839,2,0.0008,2.323276020715839e-05,0,1628,0,1628,5,1,3,5,1.0,-0.0,0.0
R_005840,10,0.004,6.37945379298363e-05,0,3102,6,1531,6,1,2,6,1.0,-0.0,0.0
R_005841,9,0.0036,6.153994396974438e-05,0,1628,0,1628,6,1,3,6,1.0,-0.0,0.0
R_005842,9,0.0036,5.868089362327312e-05,0,3102,6,1531,8,1,2,8,1.0,-0.0,0.0
R_005843,3,0.0012,2.7615550697686195e-05,0,3102,6,1531,5,1,2,5,1.0,-0.0,0.0
R_005844,5,0.002,4.0740894947319167e-05,0,1550,5,1550,6,1,0,6,1.0,-0.0,0.0
R_005845,11,0.0044,7.014765245154295e-05,0,1559,4,1559,6,1,1,6,1.0,-0.0,0.0
R_005846,6,0.0024,4.331495784407872e-05,0,3102,6,1531,6,1,2,6,1.0,-0.0,0.0
R_005847,11,0.0044,7.615780508133363e-05,0,1565,2,1565,6,2,5,5,0.8333333333333334,0.4505612088663046,0.6500224216483541
R_005848,5,0.002,4.132428704552381e-05,0,1565,2,1565,6,1,5,6,1.0,-0.0,0.0
R_005849,10,0.004,6.774753365591587e-05,0,1550,5,1550,8,1,0,8,1.0,-0.0,0.0
R_005850,8,0.0032,5.5775809229862936e-05,0,1628,0,1628,8,1,3,8,1.0,-0.0,0.0
R_005851,5,0.002,4.025318680807741e-05,0,1550,5,1550,6,1,0,6,1.0,-0.0,0.0
R_005852,12,0.0048,7.607295297890869e-05,0,1559,4,1559,7,1,1,7,1.0,-0.0,0.0
R_005853,6,0.0024,4.491485875224005e-05,0,1628,0,1628,5,1,3,5,1.0,-0.0,0.0
R_005854,3,0.0012,2.7517714174938217e-05,0,3102,1,1571,5,4,7,2,0.4,1.3321790402101223,0.9609640474436812
R_005855,7,0.0028,5.0836801716307923e-05,0,1628,0,1628,6,1,3,6,1.0,-0.0,0.0
R_005856,10,0.004,7.036562880113872e-05,0,1565,2,1565,7,2,5,6,0.8571428571428571,0.410116318288409,0.5916727785823274
R_005857,8,0.0032,5.822690605192777e-05,0,1565,2,1565,7,1,5,7,1.0,-0.0,0.0
R_005858,2,0.0008,2.2651901770041686e-05,0,3102,1,1571,6,2,7,5,0.8333333333333334,0.4505612088663046,0.6500224216483541
R_005859,5,0.002,3.90533802155481e-05,0,1562,3,1562,7,2,6,6,0.8571428571428571,0.410116318288409,0.5916727785823274
R_005860,6,0.0024,4.5771366250813104e-05,0,1550,5,1550,7,1,0,7,1.0,-0.0,0.0
R_005861,7,0.0028,4.9374229541724494e-05,0,1559,4,1559,7,1,1,7,1.0,-0.0,0.0
R_005862,2,0.0008,2.267613069390451e-05,0,3102,6,1531,5,1,2,5,1.0,-0.0,0.0
R_005863,6,0.0024,4.608545991359975e-05,0,1550,5,1550,8,1,0,8,1.0,-0.0,0.0
R_005864,10,0.004,6.589950124417189e-05,0,1562,3,1562,6,2,6,5,0.8333333333333334,0.4505612088663046,0.6500224216483541
R_005865,1,0.0004,1.763246486911333e-05,0,1559,4,1559,6,1,1,6,1.0,-0.0,0.0
R_005866,6,0.0024,4.370805475575818e-05,0,3102,1,1571,7,4,7,4,0.5714285714285714,1.1537419427010902,0.8322488896002307
R_005867,2,0.0008,2.2576902922254395e-05,0,1505,7,1505,5,1,4,5,1.0,-0.0,0.0
R_005868,6,0.0024,4.60187384937024e-05,0,1550,5,1550,5,1,0,5,1.0,-0.0,0.0
R_005869,10,0.004,6.473778432145698e-05,0,3102,6,1531,8,1,2,8,1.0,-0.0,0.0
R_005870,8,0.0032,5.372740715324745e-05,0,3102,6,1531,7,1,2,7,1.0,-0.0,0.0
R_005871,11,0.0044,7.261224681833492e-05,0,1628,0,1628,8,1,3,8,1.0,-0.0,0.0
R_005872,9,0.0036,6.147908118841909e-05,0,1628,0,1628,6,1,3,6,1.0,-0.0,0.0
R_005873,12,0.0048,7.296328570730609e-05,0,1505,7,1505,8,1,4,8,1.0,-0.0,0.0
R_005874,5,0.002,4.1027408395824386e-05,0,1565,2,1565,6,1,5,6,1.0,-0.0,0.0
R_005875,11,0.0044,7.64817972341553e-05,0,1565,2,1565,8,1,5,8,1.0,-0.0,0.0
R_005876,2,0.0008,2.3669850954138432e-05,0,1565,2,1565,8,1,5,8,1.0,-0.0,0.0
R_005877,6,0.0024,4.250812568574766e-05,0,1505,7,1505,7,1,4,7,1.0,-0.0,0.0
R_005878,3,0.0012,2.8822560940177137e-05,0,1562,3,1562,5,1,6,5,1.0,-0.0,0.0
R_005879,6,0.0024,4.238379803442252e-05,0,1505,7,1505,7,1,4,7,1.0,-0.0,0.0
R_005880,4,0.0016,3.5216849358376494e-05,0,1550,5,1550,5,1,0,5,1.0,-0.0,0.0
R_005881,11,0.0044,7.58510238631136e-05,0,1565,2,1565,6,2,5,5,0.8333333333333334,0.4505612088663046,0.6500224216483541
R_005882,2,0.0008,2.2647768865827114e-05,0,3102,1,1571,5,4,7,2,0.4,1.3321790402101223,0.9609640474436812
R_005883,12,0.0048,7.697757555965979e-05,0,1562,3,1562,8,3,6,6,0.75,0.7356219397587946,0.6695919455357792
R_005884,8,0.0032,5.332262816900416e-05,0,3102,6,1531,8,1,2,8,1.0,-0.0,0.0
R_005885,6,0.0024,4.5159572670548236e-05,0,1628,0,1628,5,1,3,5,1.0,-0.0,0.0
R_005886,14,0.0056,8.324112385927726e-05,0,3102,1,1571,8,2,7,6,0.75,0.5623351446188083,0.8112781244591328
R_005887,6,0.0024,4.465578879675335e-05,0,1559,4,1559,5,1,1,5,1.0,-0.0,0.0
R_005888,2,0.0008,2.2395163255005433e-05,0,3102,1,1571,5,3,7,3,0.6,0.9502705392332348,0.8649735207179272
R_005889,4,0.0016,3.400308786916334e-05,0,1559,4,1559,5,1,1,5,1.0,-0.0,0.0
R_005890,4,0.0016,3.266201748538482e-05,0,1505,7,1505,7,1,4,7,1.0,-0.0,0.0
R_005891,8,0.0032,5.269172869624188e-05,0,1505,7,1505,7,1,4,7,1.0,-0.0,0.0
R_005892,7,0.0028,5.040411724702589e-05,0,1628,0,1628,7,1,3,7,1.0,-0.0,0.0
R_005893,3,0.0012,2.797720272979887e-05,0,3102,1,1571,5,3,7,3,0.6,0.9502705392332348,0.8649735207179272
R_005894,5,0.002,3.732578627423631e-05,0,1505,7,1505,8,1,4,8,1.0,-0.0,0.0
R_005895,9,0.0036,6.19171730847874e-05,0,1550,5,1550,7,1,0,7,1.0,-0.0,0.0
R_005896,14,0.0056,8.239947449436305e-05,0,1505,7,1505,8,1,4,8,1.0,-0.0,0.0
R_005897,9,0.0036,5.788019537969579e-05,0,3102,1,1571,8,4,7,4,0.5,1.2130075659799042,0.875
R_005898,6,0.0024,4.76873481642655e-05,0,1565,2,1565,6,2,5,5,0.8333333333333334,0.4505612088663046,0.6500224216483541
R_005899,8,0.0032,5.3669860559431485e-05,0,3102,6,1531,5,1,2,5,1.0,-0.0,0.0
R_005900,10,0.004,6.804968750502509e-05,0,1550,5,1550,7,1,0,7,1.0,-0.0,0.0
R_005901,11,0.0044,7.18113828861492e-05,0,1562,3,1562,8,2,6,7,0.875,0.3767701612564367,0.5435644431995964
R_005902,11,0.0044,7.677439558391578e-05,0,1565,2,1565,6,1,5,6,1.0,-0.0,0.0
R_005903,6,0.0024,4.370581928292156e-05,0,3102,6,1531,7,1,2,7,1.0,-0.0,0.0
R_005904,4,0.0016,3.513766013212317e-05,0,1550,5,1550,6,1,0,6,1.0,-0.0,0.0
R_005905,9,0.0036,6.0345054716393436e-05,0,1559,4,1559,7,1,1,7,1.0,-0.0,0.0
R_005906,9,0.0036,6.0897842727497645e-05,0,1628,0,1628,7,1,3,7,1.0,-0.0,0.0
R_005907,8,0.0032,5.298797108908482e-05,0,3102,1,1571,8,4,7,5,0.625,1.073542846408523,0.7743974703476992
R_005908,14,0.0056,8.755247988227532e-05,0,1562,3,1562,7,2,6,6,0.8571428571428571,0.410116318288409,0.5916727785823274
R_005909,3,0.0012,2.973674594742386e-05,0,1550,5,1550,5,1,0,5,1.0,-0.0,0.0
R_005910,7,0.0028,4.824684183727157e-05,0,3102,6,1531,7,1,2,7,1.0,-0.0,0.0
R_005911,14,0.0056,9.393676892181679e-05,0,1565,2,1565,7,2,5,6,0.8571428571428571,0.410116318288409,0.5916727785823274
R_005912,7,0.0028,4.974478028613275e-05,0,1559,4,1559,6,1,1,6,1.0,-0.0,0.0
R_005913,9,0.0036,6.023536619467913e-05,0,1559,4,1559,8,1,1,8,1.0,-0.0,0.0
R_005914,3,0.0012,2.7538746301460788e-05,0,1505,7,1505,5,1,4,5,1.0,-0.0,0.0
R_005915,10,0.004,6.750709622385663e-05,0,1628,0,1628,7,1,3,7,1.0,-0.0,0.0
R_005916,5,0.002,3.8566729065148195e-05,0,3102,6,1531,7,1,2,7,1.0,-0.0,0.0
R_005917,7,0.0028,4.9353239826261796e-05,0,1559,4,1559,5,1,1,5,1.0,-0.0,0.0
R_005918,7,0.0028,4.9539822602210396e-05,0,1559,4,1559,6,1,1,6,1.0,-0.0,0.0
R_005919,6,0.0024,4.4572430399928384e-05,0,1562,3,1562,8,3,6,6,0.75,0.7356219397587946,0.6695919455357792
R_005920,12,0.0048,7.343868306347607e-05,0,3102,1,1571,7,3,7,4,0.5714285714285714,0.9556998911125344,0.8699155297736259
R_005921,6,0.0024,4.2485956471963464e-05,0,1505,7,1505,6,1,4,6,1.0,-0.0,0.0
R_005922,10,0.004,6.329352104693911e-05,0,3102,1,1571,7,3,7,4,0.5714285714285714,0.9556998911125344,0.8699155297736259
R_005923,12,0.0048,7.879662135133125e-05,0,1550,5,1550,8,1,0,8,1.0,-0.0,0.0
R_005924,10,0.004,6.578717989768246e-05,0,1559,4,1559,8,1,1,8,1.0,-0.0,0.0
R_005925,10,0.004,6.519812414386752e-05,0,1559,4,1559,7,1,1,7,1.0,-0.0,0.0
R_005926,8,0.0032,5.2867517423133365e-05,0,3102,1,1571,6,3,7,3,0.5,1.0114042647073518,0.920619835714305
R_005927,5,0.002,4.1446389639206665e-05,0,1565,2,1565,6,1,5,6,1.0,-0.0,0.0
R_005928,7,0.0028,5.176120436455805e-05,0,1550,5,1550,7,1,0,7,1.0,-0.0,0.0
R_005929,10,0.004,6.672773521800226e-05,0,1628,0,1628,8,1,3,8,1.0,-0.0,0.0
R_005930,9,0.0036,5.8486841938600505e-05,0,3102,6,1531,7,1,2,7,1.0,-0.0,0.0
R_005931,10,0.004,6.350318894856181e-05,0,1505,7,1505,8,1,4,8,1.0,-0.0,0.0
R_005932,8,0.0032,5.482097147960335e-05,0,1559,4,1559,6,1,1,6,1.0,-0.0,0.0
R_005933,4,0.0016,3.467033074998874e-05,0,1550,5,1550,5,1,0,5,1.0,-0.0,0.0
R_005934,6,0.0024,4.4762414817452316e-05,0,1562,3,1562,5,3,6,3,0.6,0.9502705392332348,0.8649735207179272
R_005935,6,0.0024,4.4982288955394894e-05,0,1562,3,1562,5,2,6,4,0.8,0.5004024235381879,0.7219280948873623
R_005936,7,0.0028,4.958857531017014e-05,0,1559,4,1559,8,1,1,8,1.0,-0.0,0.0
R_005937,2,0.0008,2.3153363378995497e-05,0,1628,0,1628,5,1,3,5,1.0,-0.0,0.0
R_005938,3,0.0012,2.9483953056961064e-05,0,1565,2,1565,7,2,5,6,0.8571428571428571,0.410116318288409,0.5916727785823274
R_005939,5,0.002,3.9516261508339356e-05,0,1628,0,1628,5,1,3,5,1.0,-0.0,0.0
R_005940,5,0.002,3.879148472700305e-05,0,1559,4,1559,5,1,1,5,1.0,-0.0,0.0
R_005941,2,0.0008,2.2359011291799304e-05,0,1505,7,1505,6,1,4,6,1.0,-0.0,0.0
R_005942,9,0.0036,6.292913515631385e-05,0,1550,5,1550,8,1,0,8,1.0,-0.0,0.0
R_005943,3,0.0012,2.8819917277661288e-05,0,1628,0,1628,7,1,3,7,1.0,-0.0,0.0
R_005944,5,0.002,3.896055561334717e-05,0,1562,3,1562,6,3,6,4,0.6666666666666666,0.8675632284814612,0.7896900821428474
R_005945,6,0.0024,4.699796580458775e-05,0,1565,2,1565,6,2,5,5,0.8333333333333334,0.4505612088663046,0.6500224216483541
R_005946,7,0.0028,4.960120969359634e-05,0,1562,3,1562,6,2,6,5,0.8333333333333334,0.4505612088663046,0.6500224216483541
R_005947,3,0.0012,2.807054618663081e-05,0,1559,4,1559,5,1,1,5,1.0,-0.0,0.0
R_005948,4,0.0016,3.276331330381953e-05,0,1505,7,1505,5,1,4,5,1.0,-0.0,0.0
R_005949,8,0.0032,5.3243174407896035e-05,0,3102,6,1531,7,1,2,7,1.0,-0.0,0.0
R_005950,0,0.0,1.2023710757614017e-05,1,1,22,1,5,1,5,5,1.0,-0.0,0.0
R_005951,9,0.0036,6.249545108829698e-05,0,1550,5,1550,8,1,0,8,1.0,-0.0,0.0
R_005952,7,0.0028,5.0285885585897736e-05,0,1628,0,1628,8,1,3,8,1.0,-0.0,0.0
R_005953,6,0.0024,4.434774929622101e-05,0,1562,3,1562,8,3,6,6,0.75,0.7356219397587946,0.6695919455357792
R_005954,9,0.0036,5.9926159656282886e-05,0,1559,4,1559,5,1,1,5,1.0,-0.0,0.0
R_005955,3,0.0012,2.732217153876268e-05,0,3102,1,1571,5,3,7,3,0.6,0.9502705392332348,0.8649735207179272
R_005956,6,0.0024,4.45730809567265e-05,0,1559,4,1559,6,1,1,6,1.0,-0.0,0.0
R_005957,6,0.0024,4.4636029663685913e-05,0,1559,4,1559,5,1,1,5,1.0,-0.0,0.0
R_005958,3,0.0012,2.994333062698201e-05,0,1565,2,1565,5,1,5,5,1.0,-0.0,0.0
R_005959,7,0.0028,4.984694828040273e-05,0,1559,4,1559,8,1,1,8,1.0,-0.0,0.0
R_005960,10,0.004,6.638743406046343e-05,0,1559,4,1559,8,1,1,8,1.0,-0.0,0.0
R_005961,8,0.0032,5.2930665205006777e-05,0,3102,1,1571,6,3,7,4,0.6666666666666666,0.8675632284814612,0.7896900821428474
R_005962,3,0.0012,2.772245684822932e-05,0,3102,1,1571,5,3,2,2,0.4,1.0549201679861442,0.9602297178607612
R_005963,6,0.0024,4.45908544397132e-05,0,1562,3,1562,8,2,6,7,0.875,0.3767701612564367,0.5435644431995964
R_005964,10,0.004,6.958572631770026e-05,0,1565,2,1565,8,2,5,7,0.875,0.3767701612564367,0.5435644431995964
R_005965,11,0.0044,6.837400681654785e-05,0,3102,1,1571,8,4,7,4,0.5,1.2130075659799042,0.875
R_005966,12,0.0048,7.842231524110998e-05,0,1628,0,1628,7,1,3,7,1.0,-0.0,0.0
R_005967,11,0.0044,6.829696270292875e-05,0,3102,1,1571,5,3,2,2,0.4,1.0549201679861442,0.9602297178607612
R_005968,10,0.004,6.818475528131138e-05,0,1550,5,1550,8,1,0,8,1.0,-0.0,0.0
R_005969,15,0.006,8.893096668776626e-05,0,3102,1,1571,8,4,7,4,0.5,1.2130075659799042,0.875
R_005970,12,0.0048,7.680595452096618e-05,0,1562,3,1562,8,2,6,7,0.875,0.3767701612564367,0.5435644431995964
R_005971,6,0.0024,4.770181257431767e-05,0,1565,2,1565,6,1,5,6,1.0,-0.0,0.0
R_005972,10,0.004,7.033198569026021e-05,0,1565,2,1565,7,2,5,6,0.8571428571428571,0.410116318288409,0.5916727785823274
R_005973,7,0.0028,4.7528633905214605e-05,0,1505,7,1505,5,1,4,5,1.0,-0.0,0.0
R_005974,2,0.0008,2.352172284130095e-05,0,1550,5,1550,6,1,0,6,1.0,-0.0,0.0
R_005975,8,0.0032,5.540412347358219e-05,0,1628,0,1628,8,1,3,8,1.0,-0.0,0.0
R_005976,11,0.0044,7.703875201884482e-05,0,1565,2,1565,7,1,5,7,1.0,-0.0,0.0
R_005977,3,0.0012,2.7490294248801454e-05,0,1505,7,1505,5,1,4,5,1.0,-0.0,0.0
R_005978,12,0.0048,7.417398234327397e-05,0,3102,6,1531,8,1,2,8,1.0,-0.0,0.0
R_005979,14,0.0056,8.842281882418551e-05,0,1628,0,1628,8,1,3,8,1.0,-0.0,0.0
R_005980,9,0.0036,6.0821688160598193e-05,0,1562,3,1562,8,3,6,6,0.75,0.7356219397587946,0.6695919455357792
R_005981,9,0.0036,5.842229818080165e-05,0,1505,7,1505,6,1,4,6,1.0,-0.0,0.0
R_005982,7,0.0028,5.001930721632667e-05,0,1559,4,1559,6,1,1,6,1.0,-0.0,0.0
R_005983,9,0.0036,6.42807468294148e-05,0,1550,5,1550,6,1,0,6,1.0,-0.0,0.0
R_005984,2,0.0008,2.2574145245615934e-05,0,3102,6,1531,6,1,2,6,1.0,-0.0,0.0
R_005985,10,0.004,6.53244830673594e-05,0,1562,3,1562,7,2,6,6,0.8571428571428571,0.410116318288409,0.5916727785823274
R_005986,5,0.002,4.02089529677814e-05,0,1550,5,1550,7,1,0,7,1.0,-0.0,0.0
R_005987,7,0.0028,5.293068157061134e-05,0,1565,2,1565,6,2,5,5,0.8333333333333334,0.4505612088663046,0.6500224216483541
R_005988,7,0.0028,4.887217232741131e-05,0,3102,6,1531,8,1,2,8,1.0,-0.0,0.0
R_005989,8,0.0032,5.337196327533926e-05,0,3102,6,1531,8,1,2,8,1.0,-0.0,0.0
R_005990,6,0.0024,4.4890036681574227e-05,0,1562,3,1562,6,2,6,5,0.8333333333333334,0.4505612088663046,0.6500224216483541
R_005991,10,0.004,6.664316117531983e-05,0,1628,0,1628,8,1,3,8,1.0,-0.0,0.0
R_005992,11,0.0044,7.211045696465618e-05,0,1559,4,1559,7,1,1,7,1.0,-0.0,0.0
R_005993,13,0.0052,7.791594403457126e-05,0,3102,1,1571,7,4,7,3,0.4285714285714285,1.277034259466139,0.9211854965885544
R_005994,2,0.0008,2.284003324154985e-05,0,3102,6,1531,5,1,2,5,1.0,-0.0,0.0
R_005995,3,0.0012,2.8541138649906765e-05,0,1562,3,1562,6,2,6,5,0.8333333333333334,0.4505612088663046,0.6500224216483541
R_005996,8,0.0032,5.602125434498641e-05,0,1628,0,1628,6,1,3,6,1.0,-0.0,0.0
R_005997,12,0.0048,7.40033516628018e-05,0,3102,6,1531,8,1,2,8,1.0,-0.0,0.0
R_005998,5,0.002,3.993741741308513e-05,0,1628,0,1628,8,1,3,8,1.0,-0.0,0.0
R_005999,10,0.004,6.399013981118526e-05,0,3102,6,1531,6,1,2,6,1.0,-0.0,0.0
R_006000,7,0.0028,5.108247621169017e-05,0,1550,5,1550,8,1,0,8,1.0,-0.0,0.0
R_006001,4,0.0016,3.2746975490195614e-05,0,3102,6,1531,5,1,2,5,1.0,-0.0,0.0
R_006002,6,0.0024,4.52691298904314e-05,0,1628,0,1628,5,1,3,5,1.0,-0.0,0.0
R_006003,7,0.0028,4.7821715949868525e-05,0,1505,7,1505,5,1,4,5,1.0,-0.0,0.0
R_006004,7,0.0028,5.0598082596981425e-05,0,1628,0,1628,6,1,3,6,1.0,-0.0,0.0
R_006005,9,0.0036,5.975453945356762e-05,0,1559,4,1559,7,1,1,7,1.0,-0.0,0.0
R_006006,7,0.0028,5.176710258861729e-05,0,1550,5,1550,6,1,0,6,1.0,-0.0,0.0
R_006007,7,0.0028,5.200523576502823e-05,0,1550,5,1550,6,1,0,6,1.0,-0.0,0.0
R_006008,13,0.0052,8.344172520501578e-05,0,1628,0,1628,6,1,3,6,1.0,-0.0,0.0
R_006009,7,0.0028,4.7846624865339785e-05,0,1505,7,1505,7,1,4,7,1.0,-0.0,0.0
R_006010,10,0.004,6.666686472372279e-05,0,1628,0,1628,8,1,3,8,1.0,-0.0,0.0
R_006011,12,0.0048,7.732203833673659e-05,0,1562,3,1562,8,2,6,7,0.875,0.3767701612564367,0.5435644431995964
R_006012,9,0.0036,6.268475599444581e-05,0,1550,5,1550,8,1,0,8,1.0,-0.0,0.0
R_006013,3,0.0012,2.8609300539975553e-05,0,1562,3,1562,5,2,6,4,0.8,0.5004024235381879,0.7219280948873623
R_006014,5,0.002,3.770606376084393e-05,0,3102,1,1571,5,3,7,3,0.6,0.9502705392332348,0.8649735207179272
R_006015,5,0.002,3.929604420375036e-05,0,1628,0,1628,7,1,3,7,1.0,-0.0,0.0
R_006016,17,0.0068,0.00010499979145051658,0,1628,0,1628,8,1,3,8,1.0,-0.0,0.0
R_006017,8,0.0032,5.4493287023675126e-05,0,1559,4,1559,7,1,1,7,1.0,-0.0,0.0
R_006018,7,0.0028,5.1311693881390575e-05,0,1550,5,1550,5,1,0,5,1.0,-0.0,0.0
R_006019,7,0.0028,5.010411668683971e-05,0,1628,0,1628,7,1,3,7,1.0,-0.0,0.0
R_006020,12,0.0048,7.357560214670588e-05,0,3102,1,1571,8,4,7,4,0.5,1.2130075659799042,0.875
R_006021,10,0.004,6.294835146005737e-05,0,3102,1,1571,6,3,7,3,0.5,1.0114042647073518,0.920619835714305
R_006022,7,0.0028,5.30677659111971e-05,0,1565,2,1565,5,1,5,5,1.0,-0.0,0.0
R_006023,8,0.0032,5.563628431738077e-05,0,1562,3,1562,6,3,6,4,0.6666666666666666,0.8675632284814612,0.7896900821428474
R_006024,12,0.0048,7.698119071035362e-05,0,1562,3,1562,8,3,6,6,0.75,0.7356219397587946,0.6695919455357792
R_006025,10,0.004,7.030014644153385e-05,0,1565,2,1565,8,2,5,7,0.875,0.3767701612564367,0.5435644431995964
R_006026,12,0.0048,7.684849529592258e-05,0,1562,3,1562,7,3,6,5,0.7142857142857143,0.796311640173813,0.7248340915057598
R_006027,2,0.0008,2.2847386794768777e-05,0,1562,3,1562,5,3,6,3,0.6,0.9502705392332348,0.8649735207179272
R_006028,12,0.0048,7.389984035606478e-05,0,3102,6,1531,8,1,2,8,1.0,-0.0,0.0
R_006029,5,0.002,3.729043311769424e-05,0,1505,7,1505,6,1,4,6,1.0,-0.0,0.0
R_006030,10,0.004,6.327220986785187e-05,0,3102,1,1571,5,3,7,3,0.6,0.9502705392332348,0.8649735207179272
R_006031,11,0.0044,6.934136474418009e-05,0,3102,6,1531,8,1,2,8,1.0,-0.0,0.0
R_006032,8,0.0032,5.9164682883489994e-05,0,1565,2,1565,7,2,5,6,0.8571428571428571,0.410116318288409,0.5916727785823274
R_006033,1,0.0004,1.7503051175310268e-05,0,1505,7,1505,5,1,4,5,1.0,-0.0,0.0
R_006034,6,0.0024,4.721868034535083e-05,0,1565,2,1565,7,1,5,7,1.0,-0.0,0.0
R_006035,11,0.0044,7.028261812500793e-05,0,1559,4,1559,7,1,1,7,1.0,-0.0,0.0
R_006036,5,0.002,3.840463122791876e-05,0,3102,6,1531,7,1,2,7,1.0,-0.0,0.0
R_006037,8,0.0032,5.3392190737070845e-05,0,3102,6,1531,8,1,2,8,1.0,-0.0,0.0
R_006038,8,0.0032,5.727497434051813e-05,0,1550,5,1550,7,1,0,7,1.0,-0.0,0.0
R_006039,4,0.0016,3.2737527219601386e-05,0,1505,7,1505,5,1,4,5,1.0,-0.0,0.0
R_006040,7,0.0028,4.8103661760968015e-05,0,3102,1,1571,7,4,7,3,0.4285714285714285,1.277034259466139,0.9211854965885544
R_006041,8,0.0032,5.246877376572442e-05,0,1505,7,1505,5,1,4,5,1.0,-0.0,0.0
R_006042,7,0.0028,4.877660152405119e-05,0,1559,4,1559,5,1,1,5,1.0,-0.0,0.0
R_006043,13,0.0052,8.173084251959148e-05,0,1559,4,1559,8,1,1,8,1.0,-0.0,0.0
R_006044,8,0.0032,5.694139789745162e-05,0,1550,5,1550,8,1,0,8,1.0,-0.0,0.0
R_006045,13,0.0052,8.186041547175131e-05,0,1562,3,1562,8,2,6,7,0.875,0.3767701612564367,0.5435644431995964
R_006046,8,0.0032,5.9027261573801426e-05,0,1565,2,1565,7,2,5,6,0.8571428571428571,0.410116318288409,0.5916727785823274
R_006047,5,0.002,3.8202429092713466e-05,0,3102,1,1571,5,4,7,2,0.4,1.3321790402101223,0.9609640474436812
R_006048,8,0.0032,5.9570470618692366e-05,0,1565,2,1565,7,1,5,7,1.0,-0.0,0.0
R_006049,10,0.004,6.72098085946702e-05,0,1628,0,1628,8,1,3,8,1.0,-0.0,0.0
R_006050,9,0.0036,6.518603717844893e-05,0,1565,2,1565,8,2,5,7,0.875,0.3767701612564367,0.5435644431995964
R_006051,5,0.002,3.8859488586259424e-05,0,1562,3,1562,5,2,6,4,0.8,0.5004024235381879,0.7219280948873623
R_006052,3,0.0012,2.7998468019948113e-05,0,3102,6,1531,5,1,2,5,1.0,-0.0,0.0
R_006053,8,0.0032,5.5992104873700736e-05,0,1550,5,1550,8,1,0,8,1.0,-0.0,0.0
R_006054,5,0.002,3.741915709129595e-05,0,1505,7,1505,6,1,4,6,1.0,-0.0,0.0
R_006055,9,0.0036,5.875879019919968e-05,0,3102,6,1531,7,1,2,7,1.0,-0.0,0.0
R_006056,11,0.0044,6.823298942722203e-05,0,3102,1,1571,6,3,7,3,0.5,1.0114042647073518,0.920619835714305
R_006057,8,0.0032,5.460291588257879e-05,0,1559,4,1559,7,1,1,7,1.0,-0.0,0.0
R_006058,9,0.0036,6.053831771248347e-05,0,1562,3,1562,6,2,6,5,0.8333333333333334,0.4505612088663046,0.6500224216483541
R_006059,8,0.0032,5.409057272594622e-05,0,3102,6,1531,8,1,2,8,1.0,-0.0,0.0
R_006060,13,0.0052,7.807648683962187e-05,0,1505,7,1505,7,1,4,7,1.0,-0.0,0.0
R_006061,11,0.0044,7.140099370171205e-05,0,1562,3,1562,8,2,6,7,0.875,0.3767701612564367,0.5435644431995964
R_006062,9,0.0036,6.090592267041026e-05,0,1562,3,1562,8,3,6,6,0.75,0.7356219397587946,0.6695919455357792
R_006063,6,0.0024,4.5809814028665216e-05,0,1550,5,1550,7,1,0,7,1.0,-0.0,0.0
R_006064,8,0.0032,5.305205838069717e-05,0,3102,1,1571,6,2,7,5,0.8333333333333334,0.4505612088663046,0.6500224216483541
R_006065,11,0.0044,7.276403857776451e-05,0,1628,0,1628,8,1,3,8,1.0,-0.0,0.0
R_006066,7,0.0028,5.19778544292589e-05,0,1550,5,1550,5,1,0,5,1.0,-0.0,0.0
R_006067,7,0.0028,5.1046596055266876e-05,0,1550,5,1550,8,1,0,8,1.0,-0.0,0.0
R_006068,3,0.0012,2.8095804250598594e-05,0,3102,6,1531,5,1,2,5,1.0,-0.0,0.0
R_006069,13,0.0052,7.795941207312198e-05,0,1505,7,1505,7,1,4,7,1.0,-0.0,0.0
R_006070,13,0.0052,7.854560458275082e-05,0,3102,1,1571,7,3,7,4,0.5714285714285714,0.9556998911125344,0.8699155297736259
R_006071,8,0.0032,5.602290434069095e-05,0,1628,0,1628,6,1,3,6,1.0,-0.0,0.0
R_006072,5,0.002,3.907737489019215e-05,0,1562,3,1562,8,3,6,6,0.75,0.7356219397587946,0.6695919455357792
R_006073,8,0.0032,5.5573443960136515e-05,0,1562,3,1562,6,3,6,4,0.6666666666666666,0.8675632284814612,0.7896900821428474
R_006074,7,0.0028,5.3020681425374817e-05,0,1565,2,1565,7,2,5,6,0.8571428571428571,0.410116318288409,0.5916727785823274
R_006075,8,0.0032,5.487498172159536e-05,0,1562,3,1562,8,3,6,6,0.75,0.7356219397587946,0.6695919455357792
R_006076,6,0.0024,4.472122313467246e-05,0,1562,3,1562,5,2,6,4,0.8,0.5004024235381879,0.7219280948873623
R_006077,6,0.0024,4.6025370106597774e-05,0,1550,5,1550,6,1,0,6,1.0,-0.0,0.0
R_006078,6,0.0024,4.681382182904958e-05,0,1565,2,1565,6,1,5,6,1.0,-0.0,0.0
R_006079,4,0.0016,3.2717818230965e-05,0,3102,6,1531,5,1,2,5,1.0,-0.0,0.0
R_006080,10,0.004,6.270325624169801e-05,0,1505,7,1505,6,1,4,6,1.0,-0.0,0.0
R_006081,9,0.0036,6.098106683302958e-05,0,1628,0,1628,8,1,3,8,1.0,-0.0,0.0
R_006082,5,0.002,4.00868785351945e-05,0,1550,5,1550,6,1,0,6,1.0,-0.0,0.0
R_006083,2,0.0008,2.398326087837241e-05,0,1565,2,1565,6,1,5,6,1.0,-0.0,0.0
R_006084,7,0.0028,4.9228309506131875e-05,0,1559,4,1559,8,1,1,8,1.0,-0.0,0.0
R_006085,2,0.0008,2.390853966334678e-05,0,1550,5,1550,5,1,0,5,1.0,-0.0,0.0
R_006086,4,0.0016,3.233451198565294e-05,0,1505,7,1505,6,1,4,6,1.0,-0.0,0.0
R_006087,14,0.0056,8.233179487738372e-05,0,1505,7,1505,8,1,4,8,1.0,-0.0,0.0
R_006088,11,0.0044,7.768786893547041e-05,0,1565,2,1565,6,2,5,5,0.8333333333333334,0.4505612088663046,0.6500224216483541
R_006089,4,0.0016,3.418323824999264e-05,0,1562,3,1562,5,2,6,4,0.8,0.5004024235381879,0.7219280948873623
R_006090,10,0.004,7.074082074980746e-05,0,1565,2,1565,7,1,5,7,1.0,-0.0,0.0
R_006091,6,0.0024,4.465640383220258e-05,0,1559,4,1559,5,1,1,5,1.0,-0.0,0.0
R_006092,6,0.0024,4.643324397715946e-05,0,1550,5,1550,7,1,0,7,1.0,-0.0,0.0
R_006093,3,0.0012,2.7658513668089182e-05,0,1505,7,1505,5,1,4,5,1.0,-0.0,0.0
R_006094,4,0.0016,3.401344765313513e-05,0,1562,3,1562,5,3,6,3,0.6,0.9502705392332348,0.8649735207179272
R_006095,15,0.006,9.400348503609633e-05,0,1628,0,1628,7,1,3,7,1.0,-0.0,0.0
R_006096,2,0.0008,2.3579421125215384e-05,0,1628,0,1628,5,1,3,5,1.0,-0.0,0.0
R_006097,11,0.0044,7.662832930120512e-05,0,1565,2,1565,7,2,5,6,0.8571428571428571,0.410116318288409,0.5916727785823274
R_006098,7,0.0028,5.1552699088628604e-05,0,1550,5,1550,6,1,0,6,1.0,-0.0,0.0
R_006099,4,0.0016,3.400971894885957e-05,0,1628,0,1628,5,1,3,5,1.0,-0.0,0.0
R_006100,2,0.0008,2.3428805490930385e-05,0,1550,5,1550,5,1,0,5,1.0,-0.0,0.0
R_006101,8,0.0032,5.8378012992858595e-05,0,1565,2,1565,8,2,5,7,0.875,0.3767701612564367,0.5435644431995964
R_006102,13,0.0052,8.765474321186184e-05,0,1565,2,1565,8,2,5,7,0.875,0.3767701612564367,0.5435644431995964
R_006103,4,0.0016,3.394290470778399e-05,0,1628,0,1628,6,1,3,6,1.0,-0.0,0.0
R_006104,8,0.0032,5.353115417311511e-05,0,3102,6,1531,8,1,2,8,1.0,-0.0,0.0
R_006105,6,0.0024,4.5114035676327285e-05,0,1628,0,1628,7,1,3,7,1.0,-0.0,0.0
R_006106,5,0.002,3.838480828833061e-05,0,3102,1,1571,7,4,7,4,0.5714285714285714,1.1537419427010902,0.8322488896002307
R_006107,10,0.004,6.870961306822734e-05,0,1550,5,1550,7,1,0,7,1.0,-0.0,0.0
R_006108,0,0.0,1.2023710757614017e-05,1,1,23,1,5,1,5,5,1.0,-0.0,0.0
R_006109,16,0.0064,9.972122265388811e-05,0,1628,0,1628,8,1,3,8,1.0,-0.0,0.0
R_006110,7,0.0028,5.014558840836552e-05,0,1562,3,1562,7,3,6,5,0.7142857142857143,0.796311640173813,0.7248340915057598
R_006111,5,0.002,3.787962535329305e-05,0,1505,7,1505,7,1,4,7,1.0,-0.0,0.0
R_006112,11,0.0044,7.060059303794095e-05,0,1562,3,1562,7,3,6,5,0.7142857142857143,0.796311640173813,0.7248340915057598
R_006113,8,0.0032,5.602406593937281e-05,0,1562,3,1562,7,3,6,5,0.7142857142857143,0.796311640173813,0.7248340915057598
R_006114,10,0.004,6.281221182865449e-05,0,1505,7,1505,7,1,4,7,1.0,-0.0,0.0
R_006115,10,0.004,6.620007376264472e-05,0,1562,3,1562,8,3,6,6,0.75,0.7356219397587946,0.6695919455357792
R_006116,12,0.0048,7.675473841764138e-05,0,1562,3,1562,7,2,6,6,0.8571428571428571,0.410116318288409,0.5916727785823274
R_006117,8,0.0032,5.4833043616890036e-05,0,1559,4,1559,7,1,1,7,1.0,-0.0,0.0
R_006118,2,0.0008,2.424750485219904e-05,0,1565,2,1565,5,2,5,4,0.8,0.5004024235381879,0.7219280948873623
R_006119,9,0.0036,6.522398169185007e-05,0,1565,2,1565,8,2,5,7,0.875,0.3767701612564367,0.5435644431995964
R_006120,7,0.0028,4.870030649852255e-05,0,3102,6,1531,6,1,2,6,1.0,-0.0,0.0
R_006121,6,0.0024,4.375113511852863e-05,0,1559,4,1559,6,1,1,6,1.0,-0.0,0.0
R_006122,6,0.0024,4.2822613849291924e-05,0,1505,7,1505,5,1,4,5,1.0,-0.0,0.0
R_006123,2,0.0008,2.3202363627896903e-05,0,1628,0,1628,5,1,3,5,1.0,-0.0,0.0
R_006124,17,0.0068,0.00010129306212721577,0,3102,6,1531,8,1,2,8,1.0,-0.0,0.0
R_006125,8,0.0032,5.507978336463791e-05,0,1559,4,1559,8,1,1,8,1.0,-0.0,0.0
R_006126,5,0.002,3.9288010519288295e-05,0,1559,4,1559,5,1,1,5,1.0,-0.0,0.0
R_006127,9,0.0036,5.758954310255506e-05,0,1505,7,1505,8,1,4,8,1.0,-0.0,0.0
R_006128,3,0.0012,2.9653983235585732e-05,0,1565,2,1565,5,1,5,5,1.0,-0.0,0.0
R_006129,11,0.0044,6.864908411244394e-05,0,3102,6,1531,7,1,2,7,1.0,-0.0,0.0
R_006130,6,0.0024,4.2796096475185955e-05,0,1505,7,1505,6,1,4,6,1.0,-0.0,0.0
R_006131,8,0.0032,5.36245682982146e-05,0,3102,1,1571,7,4,7,4,0.5714285714285714,1.1537419427010902,0.8322488896002307
R_006132,9,0.0036,5.834856219889147e-05,0,1505,7,1505,6,1,4,6,1.0,-0.0,0.0
R_006133,8,0.0032,5.345503330154909e-05,0,3102,6,1531,8,1,2,8,1.0,-0.0,0.0
R_006134,7,0.0028,4.961187444680591e-05,0,1562,3,1562,5,2,6,4,0.8,0.5004024235381879,0.7219280948873623
R_006135,14,0.0056,9.383356074700714e-05,0,1565,2,1565,8,1,5,8,1.0,-0.0,0.0
R_006136,5,0.002,3.756283150527751e-05,0,1505,7,1505,6,1,4,6,1.0,-0.0,0.0
R_006137,6,0.0024,4.573114792303436e-05,0,1550,5,1550,8,1,0,8,1.0,-0.0,0.0
R_006138,7,0.0028,5.030423939477914e-05,0,1628,0,1628,7,1,3,7,1.0,-0.0,0.0
R_006139,1,0.0004,1.785571960399547e-05,0,1562,3,1562,5,3,6,3,0.6,0.9502705392332348,0.8649735207179272
R_006140,5,0.002,3.9891394786209936e-05,0,1628,0,1628,6,1,3,6,1.0,-0.0,0.0
R_006141,3,0.0012,2.881999033796674e-05,0,1550,5,1550,5,1,0,5,1.0,-0.0,0.0
R_006142,9,0.0036,5.794732101279659e-05,0,3102,6,1531,8,1,2,8,1.0,-0.0,0.0
R_006143,12,0.0048,7.890559424193988e-05,0,1550,5,1550,7,1,0,7,1.0,-0.0,0.0
R_006144,9,0.0036,6.302891124179965e-05,0,1550,5,1550,7,1,0,7,1.0,-0.0,0.0
R_006145,5,0.002,3.930915951119293e-05,0,1628,0,1628,5,1,3,5,1.0,-0.0,0.0
R_006146,6,0.0024,4.452467412129181e-05,0,1562,3,1562,6,3,6,4,0.6666666666666666,0.8675632284814612,0.7896900821428474
R_006147,6,0.0024,4.769079814968866e-05,0,1565,2,1565,6,2,5,5,0.8333333333333334,0.4505612088663046,0.6500224216483541
R_006148,10,0.004,6.530481154470696e-05,0,1562,3,1562,8,3,6,6,0.75,0.7356219397587946,0.6695919455357792
R_006149,13,0.0052,8.551157144356382e-05,0,1550,5,1550,7,1,0,7,1.0,-0.0,0.0
R_006150,4,0.0016,3.2768900883678504e-05,0,3102,6,1531,5,1,2,5,1.0,-0.0,0.0
R_006151,9,0.0036,6.129727616892648e-05,0,1562,3,1562,8,3,6,6,0.75,0.7356219397587946,0.6695919455357792
R_006152,7,0.0028,5.310754879735426e-05,0,1565,2,1565,7,1,5,7,1.0,-0.0,0.0
R_006153,6,0.0024,4.5586093433586545e-05,0,1562,3,1562,5,2,6,4,0.8,0.5004024235381879,0.7219280948873623
R_006154,5,0.002,3.8832554745918036e-05,0,1559,4,1559,5,1,1,5,1.0,-0.0,0.0
R_006155,10,0.004,6.99072354032794e-05,0,1565,2,1565,7,1,5,7,1.0,-0.0,0.0
R_006156,15,0.006,8.861997077430099e-05,0,3102,1,1571,8,3,7,6,0.75,0.7356219397587946,0.6695919455357792
R_006157,6,0.0024,4.3137880177196356e-05,0,3102,6,1531,8,1,2,8,1.0,-0.0,0.0
R_006158,12,0.0048,7.458980481649218e-05,0,3102,6,1531,7,1,2,7,1.0,-0.0,0.0
R_006159,10,0.004,6.566116458810612e-05,0,1628,0,1628,7,1,3,7,1.0,-0.0,0.0
R_006160,4,0.0016,3.275046040350806e-05,0,3102,1,1571,5,4,7,2,0.4,1.3321790402101223,0.9609640474436812
R_006161,5,0.002,3.8381991033282786e-05,0,1559,4,1559,5,1,1,5,1.0,-0.0,0.0
R_006162,13,0.0052,8.493316074992082e-05,0,1550,5,1550,8,1,0,8,1.0,-0.0,0.0
R_006163,6,0.0024,4.2603330596362486e-05,0,3102,1,1571,5,4,7,2,0.4,1.3321790402101223,0.9609640474436812
R_006164,10,0.004,6.586237284457906e-05,0,1559,4,1559,8,1,1,8,1.0,-0.0,0.0
R_006165,4,0.0016,3.499196013224659e-05,0,1550,5,1550,6,1,0,6,1.0,-0.0,0.0
R_006166,6,0.0024,4.478712172009003e-05,0,1628,0,1628,6,1,3,6,1.0,-0.0,0.0
R_006167,10,0.004,6.394435162172108e-05,0,3102,1,1571,7,3,7,5,0.7142857142857143,0.796311640173813,0.7248340915057598
R_006168,12,0.0048,7.780565671788038e-05,0,1628,0,1628,7,1,3,7,1.0,-0.0,0.0
R_006169,9,0.0036,5.954936951969163e-05,0,1559,4,1559,7,1,1,7,1.0,-0.0,0.0
R_006170,3,0.0012,2.738130318355321e-05,0,1505,7,1505,5,1,4,5,1.0,-0.0,0.0
R_006171,4,0.0016,3.282572761092889e-05,0,3102,1,1571,5,4,2,2,0.4,1.3321790402101223,0.9609640474436812
R_006172,11,0.0044,7.094044722475924e-05,0,1559,4,1559,8,1,1,8,1.0,-0.0,0.0
R_006173,5,0.002,4.124445877590989e-05,0,1565,2,1565,6,1,5,6,1.0,-0.0,0.0
R_006174,14,0.0056,8.6391370389336e-05,0,1559,4,1559,8,1,1,8,1.0,-0.0,0.0
R_006175,16,0.0064,9.403664537544221e-05,0,3102,6,1531,8,1,2,8,1.0,-0.0,0.0
R_006176,3,0.0012,2.797461500009977e-05,0,1559,4,1559,5,1,1,5,1.0,-0.0,0.0
R_006177,9,0.0036,6.516625093534263e-05,0,1565,2,1565,7,2,5,6,0.8571428571428571,0.410116318288409,0.5916727785823274
R_006178,6,0.0024,4.5394816888540474e-05,0,1628,0,1628,7,1,3,7,1.0,-0.0,0.0
R_006179,3,0.0012,2.7299729839247005e-05,0,3102,1,1571,5,3,2,2,0.4,1.0549201679861442,0.9602297178607612
R_006180,5,0.002,4.0116500510245886e-05,0,1550,5,1550,7,1,0,7,1.0,-0.0,0.0
R_006181,5,0.002,3.865842109540355e-05,0,1559,4,1559,5,1,1,5,1.0,-0.0,0.0
R_006182,3,0.0012,2.8253756230966088e-05,0,1562,3,1562,5,1,6,5,1.0,-0.0,0.0
R_006183,9,0.0036,6.35960358064819e-05,0,1550,5,1550,7,1,0,7,1.0,-0.0,0.0
R_006184,0,0.0,1.2023710757614017e-05,1,1,24,1,6,1,0,6,1.0,-0.0,0.0
R_006185,6,0.0024,4.6467081421674796e-05,0,1550,5,1550,6,1,0,6,1.0,-0.0,0.0
R_006186,8,0.0032,5.486147376318912e-05,0,1562,3,1562,6,2,6,5,0.8333333333333334,0.4505612088663046,0.6500224216483541
R_006187,9,0.0036,5.857355131904855e-05,0,3102,6,1531,6,1,2,6,1.0,-0.0,0.0
R_006188,13,0.0052,8.74245072674158e-05,0,1565,2,1565,8,2,5,7,0.875,0.3767701612564367,0.5435644431995964
R_006189,7,0.0028,4.869387718265728e-05,0,3102,1,1571,5,2,7,4,0.8,0.5004024235381879,0.7219280948873623
R_006190,11,0.0044,7.191372579807819e-05,0,1628,0,1628,5,1,3,5,1.0,-0.0,0.0
R_006191,11,0.0044,6.917545118210696e-05,0,3102,1,1571,7,4,7,4,0.5714285714285714,1.1537419427010902,0.8322488896002307
R_006192,9,0.0036,6.0011322040584804e-05,0,1559,4,1559,8,1,1,8,1.0,-0.0,0.0
R_006193,2,0.0008,2.314895259243799e-05,0,1628,0,1628,6,1,3,6,1.0,-0.0,0.0
R_006194,8,0.0032,5.5350349114828196e-05,0,1562,3,1562,5,2,6,4,0.8,0.5004024235381879,0.7219280948873623
R_006195,6,0.0024,4.5180407571882823e-05,0,1628,0,1628,6,1,3,6,1.0,-0.0,0.0
R_006196,11,0.0044,6.900721865992195e-05,0,3102,6,1531,8,1,2,8,1.0,-0.0,0.0
R_006197,5,0.002,3.777800379953832e-05,0,3102,1,1571,5,2,7,4,0.8,0.5004024235381879,0.7219280948873623
R_006198,9,0.0036,6.269858543243323e-05,0,1550,5,1550,6,1,0,6,1.0,-0.0,0.0
R_006199,4,0.0016,3.4925012586633174e-05,0,1628,0,1628,5,1,3,5,1.0,-0.0,0.0
R_006200,9,0.0036,5.917325535747813e-05,0,3102,6,1531,6,1,2,6,1.0,-0.0,0.0
R_006201,2,0.0008,2.256875695243273e-05,0,3102,6,1531,6,1,2,6,1.0,-0.0,0.0
R_006202,11,0.0044,7.67601996621285e-05,0,1565,2,1565,8,2,5,7,0.875,0.3767701612564367,0.5435644431995964
R_006203,6,0.0024,4.631789246211e-05,0,1550,5,1550,6,1,0,6,1.0,-0.0,0.0
R_006204,9,0.0036,6.038081428266036e-05,0,1559,4,1559,7,1,1,7,1.0,-0.0,0.0
R_006205,9,0.0036,6.0618647920875895e-05,0,1559,4,1559,8,1,1,8,1.0,-0.0,0.0
R_006206,5,0.002,4.0008771991832955e-05,0,1550,5,1550,7,1,0,7,1.0,-0.0,0.0
R_006207,4,0.0016,3.280177358812103e-05,0,1505,7,1505,5,1,4,5,1.0,-0.0,0.0
R_006208,3,0.0012,2.77387004932469e-05,0,3102,6,1531,5,1,2,5,1.0,-0.0,0.0
R_006209,7,0.0028,5.062737865453781e-05,0,1562,3,1562,5,1,6,5,1.0,-0.0,0.0
R_006210,6,0.0024,4.2646919860851455e-05,0,3102,1,1571,6,3,7,4,0.6666666666666666,0.8675632284814612,0.7896900821428474
R_006211,6,0.0024,4.260841161181299e-05,0,1505,7,1505,7,1,4,7,1.0,-0.0,0.0
R_006212,6,0.0024,4.3485662012866036e-05,0,3102,6,1531,5,1,2,5,1.0,-0.0,0.0
R_006213,7,0.0028,5.01174020875801e-05,0,1628,0,1628,8,1,3,8,1.0,-0.0,0.0
R_006214,4,0.0016,3.3878683258688956e-05,0,1559,4,1559,8,1,1,8,1.0,-0.0,0.0
R_006215,7,0.0028,4.86337559425801e-05,0,3102,6,1531,5,1,2,5,1.0,-0.0,0.0
R_006216,7,0.0028,4.8627838362607316e-05,0,3102,6,1531,6,1,2,6,1.0,-0.0,0.0
R_006217,6,0.0024,4.294924026491591e-05,0,3102,6,1531,5,1,2,5,1.0,-0.0,0.0
R_006218,7,0.0028,4.9463989287859284e-05,0,1559,4,1559,7,1,1,7,1.0,-0.0,0.0
R_006219,5,0.002,3.8442687776499316e-05,0,3102,6,1531,6,1,2,6,1.0,-0.0,0.0
R_006220,4,0.0016,3.290725022911376e-05,0,3102,1,1571,6,3,7,3,0.5,1.0114042647073518,0.920619835714305
R_006221,12,0.0048,7.613285780873303e-05,0,1559,4,1559,8,1,1,8,1.0,-0.0,0.0
R_006222,13,0.0052,7.923576012341771e-05,0,3102,1,1571,8,4,7,4,0.5,1.2130075659799042,0.875
R_006223,11,0.0044,7.0092718088841e-05,0,1559,4,1559,7,1,1,7,1.0,-0.0,0.0
R_006224,8,0.0032,5.873334350169847e-05,0,1565,2,1565,7,2,5,6,0.8571428571428571,0.410116318288409,0.5916727785823274
R_006225,13,0.0052,7.944692166353401e-05,0,3102,6,1531,8,1,2,8,1.0,-0.0,0.0
R_006226,3,0.0012,2.769399096140503e-05,0,3102,6,1531,5,1,2,5,1.0,-0.0,0.0
R_006227,6,0.0024,4.316229726875039e-05,0,3102,1,1571,6,3,7,4,0.6666666666666666,0.8675632284814612,0.7896900821428474
R_006228,9,0.0036,6.453257402627768e-05,0,1565,2,1565,6,2,5,5,0.8333333333333334,0.4505612088663046,0.6500224216483541
R_006229,9,0.0036,6.029080471851947e-05,0,1562,3,1562,7,3,6,5,0.7142857142857143,0.796311640173813,0.7248340915057598
R_006230,9,0.0036,5.732532425546995e-05,0,1505,7,1505,6,1,4,6,1.0,-0.0,0.0
R_006231,4,0.0016,3.524202822826769e-05,0,1565,2,1565,5,2,5,4,0.8,0.5004024235381879,0.7219280948873623
R_006232,5,0.002,4.022786368205756e-05,0,1550,5,1550,7,1,0,7,1.0,-0.0,0.0
R_006233,10,0.004,6.736737898231227e-05,0,1628,0,1628,7,1,3,7,1.0,-0.0,0.0
R_006234,4,0.0016,3.4334430358602115e-05,0,1628,0,1628,5,1,3,5,1.0,-0.0,0.0
R_006235,5,0.002,3.885608187478302e-05,0,1559,4,1559,7,1,1,7,1.0,-0.0,0.0
R_006236,9,0.0036,6.446841805546811e-05,0,1565,2,1565,8,2,5,7,0.875,0.3767701612564367,0.5435644431995964
R_006237,7,0.0028,4.965538016534613e-05,0,1628,0,1628,6,1,3,6,1.0,-0.0,0.0
R_006238,7,0.0028,5.166794046675953e-05,0,1550,5,1550,5,1,0,5,1.0,-0.0,0.0
R_006239,4,0.0016,3.3589991907520665e-05,0,1562,3,1562,5,2,6,4,0.8,0.5004024235381879,0.7219280948873623
R_006240,12,0.0048,7.537577027327714e-05,0,1559,4,1559,7,1,1,7,1.0,-0.0,0.0
R_006241,15,0.006,9.301220278321116e-05,0,1562,3,1562,8,3,6,6,0.75,0.7356219397587946,0.6695919455357792
R_006242,1,0.0004,1.7406889859244575e-05,0,3102,1,1571,5,3,2,2,0.4,1.0549201679861442,0.9602297178607612
R_006243,8,0.0032,5.836360977001167e-05,0,1565,2,1565,8,2,5,7,0.875,0.3767701612564367,0.5435644431995964
R_006244,4,0.0016,3.36200820547321e-05,0,3102,1,1571,5,3,2,2,0.4,1.0549201679861442,0.9602297178607612
R_006245,9,0.0036,5.972086392004052e-05,0,1559,4,1559,7,1,1,7,1.0,-0.0,0.0
R_006246,17,0.0068,0.0001045897152768225,0,1628,0,1628,8,1,3,8,1.0,-0.0,0.0
R_006247,10,0.004,6.639667889493111e-05,0,1628,0,1628,7,1,3,7,1.0,-0.0,0.0
R_006248,6,0.0024,4.56504523111454e-05,0,1550,5,1550,6,1,0,6,1.0,-0.0,0.0
R_006249,8,0.0032,5.591238420253837e-05,0,1628,0,1628,6,1,3,6,1.0,-0.0,0.0
R_006250,6,0.0024,4.495762975810595e-05,0,1628,0,1628,5,1,3,5,1.0,-0.0,0.0
R_006251,4,0.0016,3.3650765183479666e-05,0,1562,3,1562,5,1,6,5,1.0,-0.0,0.0
R_006252,3,0.0012,2.855693583841972e-05,0,1628,0,1628,5,1,3,5,1.0,-0.0,0.0
R_006253,8,0.0032,5.2841548851278124e-05,0,3102,1,1571,6,4,7,3,0.5,1.242453324894,0.8962406251802889
R_006254,8,0.0032,5.284008542684382e-05,0,3102,1,1571,7,3,7,4,0.5714285714285714,0.9556998911125344,0.8699155297736259
R_006255,5,0.002,4.1152869080529976e-05,0,1550,5,1550,7,1,0,7,1.0,-0.0,0.0
R_006256,9,0.0036,6.117248886899134e-05,0,1628,0,1628,8,1,3,8,1.0,-0.0,0.0
R_006257,9,0.0036,6.0486186650031636e-05,0,1562,3,1562,7,3,6,5,0.7142857142857143,0.796311640173813,0.7248340915057598
R_006258,5,0.002,3.988007415345934e-05,0,1628,0,1628,6,1,3,6,1.0,-0.0,0.0
R_006259,7,0.0028,5.382344314232223e-05,0,1565,2,1565,8,1,5,8,1.0,-0.0,0.0
R_006260,14,0.0056,8.341799227028078e-05,0,1505,7,1505,8,1,4,8,1.0,-0.0,0.0
R_006261,7,0.0028,4.967883446699044e-05,0,1559,4,1559,6,1,1,6,1.0,-0.0,0.0
R_006262,2,0.0008,2.345478205905069e-05,0,1550,5,1550,5,1,0,5,1.0,-0.0,0.0
R_006263,11,0.0044,6.902225346388762e-05,0,3102,1,1571,7,3,7,5,0.7142857142857143,0.796311640173813,0.7248340915057598
R_006264,10,0.004,6.310346533966599e-05,0,3102,6,1531,7,1,2,7,1.0,-0.0,0.0
R_006265,11,0.0044,6.83114300574148e-05,0,3102,6,1531,7,1,2,7,1.0,-0.0,0.0
R_006266,10,0.004,6.77174428987149e-05,0,1550,5,1550,7,1,0,7,1.0,-0.0,0.0
R_006267,12,0.0048,7.781524952204188e-05,0,1628,0,1628,7,1,3,7,1.0,-0.0,0.0
R_006268,3,0.0012,2.7311577192267753e-05,0,1505,7,1505,5,1,4,5,1.0,-0.0,0.0
R_006269,2,0.0008,2.2420106142762798e-05,0,1505,7,1505,5,1,4,5,1.0,-0.0,0.0
R_006270,5,0.002,4.013730121602988e-05,0,1550,5,1550,6,1,0,6,1.0,-0.0,0.0
R_006271,17,0.0068,0.00010214790152866399,0,1559,4,1559,7,1,1,7,1.0,-0.0,0.0
R_006272,13,0.0052,8.218887861515625e-05,0,1562,3,1562,8,3,6,6,0.75,0.7356219397587946,0.6695919455357792
R_006273,8,0.0032,5.577913522503e-05,0,1628,0,1628,5,1,3,5,1.0,-0.0,0.0
R_006274,5,0.002,3.751146359481622e-05,0,1505,7,1505,7,1,4,7,1.0,-0.0,0.0
R_006275,19,0.0076,0.00011543034167151321,0,1628,0,1628,8,1,3,8,1.0,-0.0,0.0
R_006276,8,0.0032,5.881546317076439e-05,0,1565,2,1565,7,2,5,6,0.8571428571428571,0.410116318288409,0.5916727785823274
R_006277,6,0.0024,4.3020737559262944e-05,0,3102,6,1531,7,1,2,7,1.0,-0.0,0.0
R_006278,6,0.0024,4.469918299596603e-05,0,1628,0,1628,6,1,3,6,1.0,-0.0,0.0
R_006279,6,0.0024,4.4975113678913114e-05,0,1559,4,1559,6,1,1,6,1.0,-0.0,0.0
R_006280,9,0.0036,6.002164432335833e-05,0,1562,3,1562,6,2,6,5,0.8333333333333334,0.4505612088663046,0.6500224216483541
R_006281,10,0.004,6.68869006167497e-05,0,1628,0,1628,7,1,3,7,1.0,-0.0,0.0
R_006282,7,0.0028,4.960903030509941e-05,0,1562,3,1562,5,2,6,4,0.8,0.5004024235381879,0.7219280948873623
R_006283,12,0.0048,8.133801784717282e-05,0,1565,2,1565,7,2,5,6,0.8571428571428571,0.410116318288409,0.5916727785823274
R_006284,2,0.0008,2.2756317484346298e-05,0,3102,6,1531,5,1,2,5,1.0,-0.0,0.0
R_006285,4,0.0016,3.2902979786464165e-05,0,3102,6,1531,5,1,2,5,1.0,-0.0,0.0
R_006286,11,0.0044,7.05437848509461e-05,0,1562,3,1562,8,1,6,8,1.0,-0.0,0.0
R_006287,4,0.0016,3.4832156347369446e-05,0,1550,5,1550,6,1,0,6,1.0,-0.0,0.0
R_006288,5,0.002,4.126118926543407e-05,0,1565,2,1565,7,2,5,6,0.8571428571428571,0.410116318288409,0.5916727785823274
R_006289,9,0.0036,5.809641538922528e-05,0,3102,6,1531,8,1,2,8,1.0,-0.0,0.0
R_006290,6,0.0024,4.6825618481542354e-05,0,1565,2,1565,6,2,5,5,0.8333333333333334,0.4505612088663046,0.6500224216483541
R_006291,5,0.002,3.880618267075913e-05,0,1559,4,1559,5,1,1,5,1.0,-0.0,0.0
R_006292,6,0.0024,4.25262959313741e-05,0,3102,1,1571,6,3,7,3,0.5,1.0114042647073518,0.920619835714305
R_006293,4,0.0016,3.429131421036074e-05,0,1562,3,1562,6,3,6,4,0.6666666666666666,0.8675632284814612,0.7896900821428474
R_006294,5,0.002,3.9075413538583146e-05,0,1559,4,1559,5,1,1,5,1.0,-0.0,0.0
R_006295,15,0.006,8.759937054793523e-05,0,1505,7,1505,7,1,4,7,1.0,-0.0,0.0
R_006296,10,0.004,6.589275148103945e-05,0,1562,3,1562,7,2,6,6,0.8571428571428571,0.410116318288409,0.5916727785823274
R_006297,5,0.002,3.8893650330786044e-05,0,1559,4,1559,5,1,1,5,1.0,-0.0,0.0
R_006298,4,0.0016,3.420687896073061e-05,0,1628,0,1628,7,1,3,7,1.0,-0.0,0.0
R_006299,7,0.0028,4.755165178822505e-05,0,1505,7,1505,7,1,4,7,1.0,-0.0,0.0
R_006300,3,0.0012,2.8603467969577792e-05,0,1559,4,1559,6,1,1,6,1.0,-0.0,0.0
R_006301,9,0.0036,5.703391213494075e-05,0,1505,7,1505,7,1,4,7,1.0,-0.0,0.0
R_006302,9,0.0036,6.389381247148616e-05,0,1565,2,1565,8,2,5,7,0.875,0.3767701612564367,0.5435644431995964
R_006303,9,0.0036,6.087810762157796e-05,0,1562,3,1562,8,2,6,7,0.875,0.3767701612564367,0.5435644431995964
R_006304,9,0.0036,5.8578883042268444e-05,0,3102,1,1571,8,3,7,6,0.75,0.7356219397587946,0.6695919455357792
R_006305,3,0.0012,2.8773292688897367e-05,0,1628,0,1628,5,1,3,5,1.0,-0.0,0.0
R_006306,6,0.0024,4.40721270208976e-05,0,1562,3,1562,6,2,6,5,0.8333333333333334,0.4505612088663046,0.6500224216483541
R_006307,7,0.0028,5.0000610321499525e-05,0,1562,3,1562,5,1,6,5,1.0,-0.0,0.0
R_006308,5,0.002,3.879294821331168e-05,0,1562,3,1562,6,3,6,4,0.6666666666666666,0.8675632284814612,0.7896900821428474
R_006309,3,0.0012,2.8860584394729092e-05,0,1628,0,1628,5,1,3,5,1.0,-0.0,0.0
R_006310,2,0.0008,2.266848797014058e-05,0,3102,6,1531,6,1,2,6,1.0,-0.0,0.0
R_006311,12,0.0048,7.726492549558164e-05,0,1628,0,1628,8,1,3,8,1.0,-0.0,0.0
R_006312,9,0.0036,5.842901440268235e-05,0,3102,1,1571,6,4,7,3,0.5,1.242453324894,0.8962406251802889
R_006313,4,0.0016,3.465999702581449e-05,0,1550,5,1550,7,1,0,7,1.0,-0.0,0.0
R_006314,5,0.002,3.8129447127977344e-05,0,3102,6,1531,8,1,2,8,1.0,-0.0,0.0
R_006315,13,0.0052,7.858666808969595e-05,0,3102,1,1571,8,3,7,5,0.625,0.9002560512685369,0.8194483718728035
R_006316,9,0.0036,6.090700482156413e-05,0,1562,3,1562,5,2,6,4,0.8,0.5004024235381879,0.7219280948873623
R_006317,9,0.0036,5.917770110847116e-05,0,3102,6,1531,7,1,2,7,1.0,-0.0,0.0
R_006318,9,0.0036,5.769882414420203e-05,0,1505,7,1505,7,1,4,7,1.0,-0.0,0.0
R_006319,12,0.0048,7.899106542177694e-05,0,1550,5,1550,8,1,0,8,1.0,-0.0,0.0
R_006320,12,0.0048,7.785750337890412e-05,0,1628,0,1628,6,1,3,6,1.0,-0.0,0.0
R_006321,5,0.002,4.1823918010218857e-05,0,1565,2,1565,6,2,5,5,0.8333333333333334,0.4505612088663046,0.6500224216483541
R_006322,8,0.0032,5.565994344260381e-05,0,1628,0,1628,6,1,3,6,1.0,-0.0,0.0
R_006323,6,0.0024,4.315308510804554e-05,0,3102,6,1531,5,1,2,5,1.0,-0.0,0.0
R_006324,9,0.0036,5.813453750914655e-05,0,3102,1,1571,8,4,7,4,0.5,1.2130075659799042,0.875
R_006325,9,0.0036,6.021394225259061e-05,0,1559,4,1559,7,1,1,7,1.0,-0.0,0.0
R_006326,1,0.0004,1.768516731139606e-05,0,1628,0,1628,6,1,3,6,1.0,-0.0,0.0
R_006327,5,0.002,4.129595020770961e-05,0,1565,2,1565,6,1,5,6,1.0,-0.0,0.0
R_006328,9,0.0036,5.754108002372596e-05,0,1505,7,1505,6,1,4,6,1.0,-0.0,0.0
R_006329,2,0.0008,2.3532818823269325e-05,0,1550,5,1550,5,1,0,5,1.0,-0.0,0.0
R_006330,15,0.006,8.723740119498353e-05,0,1505,7,1505,8,1,4,8,1.0,-0.0,0.0
R_006331,15,0.006,9.260171267535522e-05,0,1559,4,1559,8,1,1,8,1.0,-0.0,0.0
R_006332,12,0.0048,7.794287074278813e-05,0,1628,0,1628,8,1,3,8,1.0,-0.0,0.0
R_006333,11,0.0044,7.082549334716885e-05,0,1559,4,1559,8,1,1,8,1.0,-0.0,0.0
R_006334,2,0.0008,2.3528280624628968e-05,0,1550,5,1550,5,1,0,5,1.0,-0.0,0.0
R_006335,11,0.0044,7.105796306157537e-05,0,1559,4,1559,7,1,1,7,1.0,-0.0,0.0
R_006336,9,0.0036,5.7711961139159814e-05,0,3102,1,1571,8,4,7,5,0.625,1.073542846408523,0.7743974703476992
R_006337,6,0.0024,4.2512463607678894e-05,0,3102,1,1571,6,3,7,4,0.6666666666666666,0.8675632284814612,0.7896900821428474
R_006338,11,0.0044,6.836749061970337e-05,0,1505,7,1505,8,1,4,8,1.0,-0.0,0.0
R_006339,7,0.0028,4.785958599964379e-05,0,1505,7,1505,6,1,4,6,1.0,-0.0,0.0
R_006340,6,0.0024,4.304869027459208e-05,0,3102,1,1571,7,3,7,4,0.5714285714285714,0.9556998911125344,0.8699155297736259
R_006341,4,0.0016,3.2905816028777175e-05,0,1505,7,1505,5,1,4,5,1.0,-0.0,0.0
R_006342,9,0.0036,6.0179579800544084e-05,0,1559,4,1559,6,1,1,6,1.0,-0.0,0.0
R_006343,4,0.0016,3.484257397385712e-05,0,1550,5,1550,5,1,0,5,1.0,-0.0,0.0
R_006344,8,0.0032,5.860251088557513e-05,0,1565,2,1565,6,1,5,6,1.0,-0.0,0.0
R_006345,8,0.0032,5.395174257012484e-05,0,3102,1,1571,5,3,7,3,0.6,0.9502705392332348,0.8649735207179272
R_006346,10,0.004,6.373725662970753e-05,0,3102,1,1571,7,4,7,4,0.5714285714285714,1.1537419427010902,0.8322488896002307
R_006347,7,0.0028,4.767363055748958e-05,0,1505,7,1505,8,1,4,8,1.0,-0.0,0.0
R_006348,11,0.0044,6.746077105941356e-05,0,3102,1,1571,6,3,7,3,0.5,1.0114042647073518,0.920619835714305
R_006349,14,0.0056,8.331585988021857e-05,0,3102,1,1571,8,3,7,5,0.625,0.9002560512685369,0.8194483718728035
R_006350,8,0.0032,5.334719971043983e-05,0,3102,6,1531,7,1,2,7,1.0,-0.0,0.0
R_006351,3,0.0012,2.8060011550436103e-05,0,1562,3,1562,6,2,6,5,0.8333333333333334,0.4505612088663046,0.6500224216483541
R_006352,10,0.004,6.96648862562939e-05,0,1565,2,1565,7,1,5,7,1.0,-0.0,0.0
R_006353,11,0.0044,6.895427366613075e-05,0,3102,1,1571,7,4,7,4,0.5714285714285714,1.1537419427010902,0.8322488896002307
R_006354,11,0.0044,7.29085305382346e-05,0,1550,5,1550,7,1,0,7,1.0,-0.0,0.0
R_006355,13,0.0052,8.040072153797543e-05,0,3102,6,1531,8,1,2,8,1.0,-0.0,0.0
R_006356,10,0.004,6.301986029020497e-05,0,1505,7,1505,6,1,4,6,1.0,-0.0,0.0
R_006357,8,0.0032,5.502524197616923e-05,0,1559,4,1559,8,1,1,8,1.0,-0.0,0.0
R_006358,7,0.0028,4.8247106047638445e-05,0,3102,6,1531,6,1,2,6,1.0,-0.0,0.0
R_006359,13,0.0052,7.887828654623158e-05,0,3102,6,1531,7,1,2,7,1.0,-0.0,0.0
R_006360,10,0.004,6.410310593896324e-05,0,3102,6,1531,7,1,2,7,1.0,-0.0,0.0
R_006361,8,0.0032,5.330046646752323e-05,0,3102,1,1571,6,3,7,4,0.6666666666666666,0.8675632284814612,0.7896900821428474
R_006362,10,0.004,6.360175045433182e-05,0,3102,6,1531,8,1,2,8,1.0,-0.0,0.0
R_006363,9,0.0036,5.9091730042460194e-05,0,3102,6,1531,7,1,2,7,1.0,-0.0,0.0
R_006364,11,0.0044,6.882323090572831e-05,0,3102,1,1571,8,4,7,4,0.5,1.2130075659799042,0.875
R_006365,5,0.002,4.1593182899540795e-05,0,1565,2,1565,7,2,5,6,0.8571428571428571,0.410116318288409,0.5916727785823274
R_006366,8,0.0032,5.7178968624395746e-05,0,1550,5,1550,7,1,0,7,1.0,-0.0,0.0
R_006367,7,0.0028,4.794253688431108e-05,0,3102,1,1571,5,4,7,2,0.4,1.3321790402101223,0.9609640474436812
R_006368,7,0.0028,4.781339939551997e-05,0,3102,1,1571,7,4,7,4,0.5714285714285714,1.1537419427010902,0.8322488896002307
R_006369,5,0.002,4.108280450263291e-05,0,1565,2,1565,5,1,5,5,1.0,-0.0,0.0
R_006370,13,0.0052,7.809875517018738e-05,0,3102,6,1531,8,1,2,8,1.0,-0.0,0.0
R_006371,7,0.0028,4.751976719743586e-05,0,1505,7,1505,5,1,4,5,1.0,-0.0,0.0
R_006372,8,0.0032,5.335236790498924e-05,0,3102,1,1571,5,2,7,4,0.8,0.5004024235381879,0.7219280948873623
R_006373,9,0.0036,6.034008226990682e-05,0,1562,3,1562,6,3,6,4,0.6666666666666666,0.8675632284814612,0.7896900821428474
R_006374,5,0.002,4.149896307447339e-05,0,1565,2,1565,6,1,5,6,1.0,-0.0,0.0
R_006375,8,0.0032,5.6239342982741595e-05,0,1628,0,1628,8,1,3,8,1.0,-0.0,0.0
R_006376,3,0.0012,2.8527052366547073e-05,0,1628,0,1628,5,1,3,5,1.0,-0.0,0.0
R_006377,6,0.0024,4.450598184817814e-05,0,1559,4,1559,6,1,1,6,1.0,-0.0,0.0
R_006378,4,0.0016,3.3444071278987975e-05,0,1559,4,1559,5,1,1,5,1.0,-0.0,0.0
R_006379,5,0.002,3.9895243507829294e-05,0,1559,4,1559,8,1,1,8,1.0,-0.0,0.0
R_006380,3,0.0012,2.7867401182248537e-05,0,1559,4,1559,8,1,1,8,1.0,-0.0,0.0
R_006381,3,0.0012,2.7542246531794025e-05,0,3102,6,1531,5,1,2,5,1.0,-0.0,0.0
R_006382,15,0.006,9.370463325217559e-05,0,1628,0,1628,8,1,3,8,1.0,-0.0,0.0
R_006383,9,0.0036,5.850089653301458e-05,0,3102,6,1531,7,1,2,7,1.0,-0.0,0.0
R_006384,8,0.0032,5.540884668114093e-05,0,1562,3,1562,5,3,6,3,0.6,0.9502705392332348,0.8649735207179272
R_006385,3,0.0012,2.8680364277144226e-05,0,1628,0,1628,5,1,3,5,1.0,-0.0,0.0
R_006386,2,0.0008,2.3128572538899245e-05,0,1628,0,1628,5,1,3,5,1.0,-0.0,0.0
R_006387,4,0.0016,3.469773826495862e-05,0,1550,5,1550,6,1,0,6,1.0,-0.0,0.0
R_006388,9,0.0036,5.814894169000643e-05,0,3102,1,1571,7,4,7,4,0.5714285714285714,1.1537419427010902,0.8322488896002307
R_006389,8,0.0032,5.8480932583649216e-05,0,1565,2,1565,7,1,5,7,1.0,-0.0,0.0
R_006390,4,0.0016,3.3456988810897074e-05,0,1559,4,1559,5,1,1,5,1.0,-0.0,0.0
R_006391,5,0.002,3.9416509942804715e-05,0,1628,0,1628,6,1,3,6,1.0,-0.0,0.0
R_006392,9,0.0036,5.8564284585311714e-05,0,3102,6,1531,8,1,2,8,1.0,-0.0,0.0
R_006393,3,0.0012,2.7328847498031307e-05,0,1505,7,1505,5,1,4,5,1.0,-0.0,0.0
R_006394,12,0.0048,8.003220339427389e-05,0,1550,5,1550,8,1,0,8,1.0,-0.0,0.0
R_006395,4,0.0016,3.258205680513671e-05,0,3102,1,1571,5,2,7,3,0.6,0.6730116670092565,0.9709505944546688
R_006396,16,0.0064,9.313930701204989e-05,0,3102,1,1571,7,4,7,4,0.5714285714285714,1.1537419427010902,0.8322488896002307
R_006397,8,0.0032,5.3708872229625374e-05,0,3102,6,1531,7,1,2,7,1.0,-0.0,0.0
R_006398,9,0.0036,5.886405929467661e-05,0,3102,6,1531,7,1,2,7,1.0,-0.0,0.0
R_006399,7,0.0028,4.7758374447488884e-05,0,1505,7,1505,6,1,4,6,1.0,-0.0,0.0
R_006400,6,0.0024,4.48890630999399e-05,0,1628,0,1628,6,1,3,6,1.0,-0.0,0.0
R_006401,7,0.0028,4.8111286448369914e-05,0,1505,7,1505,6,1,4,6,1.0,-0.0,0.0
R_006402,14,0.0056,8.717148851467542e-05,0,1559,4,1559,7,1,1,7,1.0,-0.0,0.0
R_006403,6,0.0024,4.534671739548139e-05,0,1550,5,1550,8,1,0,8,1.0,-0.0,0.0
R_006404,8,0.0032,5.270182711646054e-05,0,1505,7,1505,6,1,4,6,1.0,-0.0,0.0
R_006405,9,0.0036,6.448136833834452e-05,0,1565,2,1565,8,2,5,7,0.875,0.3767701612564367,0.5435644431995964
R_006406,9,0.0036,6.0951310901492356e-05,0,1562,3,1562,8,3,6,6,0.75,0.7356219397587946,0.6695919455357792
R_006407,5,0.002,4.037494537216241e-05,0,1550,5,1550,5,1,0,5,1.0,-0.0,0.0
R_006408,8,0.0032,5.277817054358649e-05,0,1505,7,1505,7,1,4,7,1.0,-0.0,0.0
R_006409,13,0.0052,8.190931196156483e-05,0,1562,3,1562,8,3,6,6,0.75,0.7356219397587946,0.6695919455357792
R_006410,11,0.0044,7.098918453933594e-05,0,1559,4,1559,6,1,1,6,1.0,-0.0,0.0
R_006411,6,0.0024,4.555164486922548e-05,0,1628,0,1628,6,1,3,6,1.0,-0.0,0.0
R_006412,27,0.0108,0.0001511033775759554,0,3102,6,1531,8,1,2,8,1.0,-0.0,0.0
R_006413,11,0.0044,7.171204422818328e-05,0,1559,4,1559,7,1,1,7,1.0,-0.0,0.0
R_006414,7,0.0028,5.225088849574249e-05,0,1565,2,1565,6,2,5,5,0.8333333333333334,0.4505612088663046,0.6500224216483541
R_006415,7,0.0028,5.3128861703855416e-05,0,1565,2,1565,6,1,5,6,1.0,-0.0,0.0
R_006416,9,0.0036,5.876251961701121e-05,0,3102,6,1531,7,1,2,7,1.0,-0.0,0.0
R_006417,6,0.0024,4.4263921745184505e-05,0,1628,0,1628,8,1,3,8,1.0,-0.0,0.0
R_006418,11,0.0044,7.704464708686717e-05,0,1565,2,1565,7,2,5,6,0.8571428571428571,0.410116318288409,0.5916727785823274
R_006419,12,0.0048,7.57113016803404e-05,0,1562,3,1562,8,2,6,7,0.875,0.3767701612564367,0.5435644431995964
R_006420,6,0.0024,4.495128749694017e-05,0,1562,3,1562,5,2,6,4,0.8,0.5004024235381879,0.7219280948873623
R_006421,12,0.0048,7.938285590369226e-05,0,1550,5,1550,7,1,0,7,1.0,-0.0,0.0
R_006422,5,0.002,3.7747462310722646e-05,0,1505,7,1505,7,1,4,7,1.0,-0.0,0.0
R_006423,10,0.004,6.241915605973691e-05,0,1505,7,1505,8,1,4,8,1.0,-0.0,0.0
R_006424,7,0.0028,5.3339168631927567e-05,0,1565,2,1565,8,2,5,7,0.875,0.3767701612564367,0.5435644431995964
R_006425,8,0.0032,5.343730404227965e-05,0,3102,1,1571,5,4,7,2,0.4,1.3321790402101223,0.9609640474436812
R_006426,6,0.0024,4.449545625407101e-05,0,1559,4,1559,5,1,1,5,1.0,-0.0,0.0
R_006427,6,0.0024,4.7345427349914714e-05,0,1565,2,1565,6,2,5,5,0.8333333333333334,0.4505612088663046,0.6500224216483541
R_006428,12,0.0048,7.477964199380771e-05,0,3102,6,1531,6,1,2,6,1.0,-0.0,0.0
R_006429,6,0.0024,4.367901332464279e-05,0,3102,6,1531,7,1,2,7,1.0,-0.0,0.0
R_006430,1,0.0004,1.7720182625136605e-05,0,1562,3,1562,5,1,6,5,1.0,-0.0,0.0
R_006431,12,0.0048,7.675470613342763e-05,0,1628,0,1628,8,1,3,8,1.0,-0.0,0.0
R_006432,9,0.0036,6.465536666023859e-05,0,1565,2,1565,6,2,5,5,0.8333333333333334,0.4505612088663046,0.6500224216483541
R_006433,5,0.002,4.0581837075227496e-05,0,1550,5,1550,5,1,0,5,1.0,-0.0,0.0
R_006434,13,0.0052,7.853847815293195e-05,0,3102,1,1571,8,4,7,5,0.625,1.073542846408523,0.7743974703476992
R_006435,5,0.002,4.151188900488053e-05,0,1565,2,1565,5,2,5,4,0.8,0.5004024235381879,0.7219280948873623
R_006436,12,0.0048,7.933354806340661e-05,0,1550,5,1550,8,1,0,8,1.0,-0.0,0.0
R_006437,5,0.002,3.9323128267360935e-05,0,1559,4,1559,5,1,1,5,1.0,-0.0,0.0
R_006438,9,0.0036,6.401539858584593e-05,0,1565,2,1565,8,2,5,7,0.875,0.3767701612564367,0.5435644431995964
R_006439,9,0.0036,6.0307876543506375e-05,0,1559,4,1559,6,1,1,6,1.0,-0.0,0.0
R_006440,6,0.0024,4.7532701606056345e-05,0,1565,2,1565,7,2,5,6,0.8571428571428571,0.410116318288409,0.5916727785823274
R_006441,3,0.0012,2.9355727713466065e-05,0,1550,5,1550,5,1,0,5,1.0,-0.0,0.0
R_006442,8,0.0032,5.554997522902347e-05,0,1628,0,1628,7,1,3,7,1.0,-0.0,0.0
R_006443,7,0.0028,5.0600353463022655e-05,0,1628,0,1628,5,1,3,5,1.0,-0.0,0.0
R_006444,3,0.0012,2.8209243364523765e-05,0,3102,1,1571,5,3,7,3,0.6,0.9502705392332348,0.8649735207179272
R_006445,11,0.0044,6.886442364396259e-05,0,1505,7,1505,8,1,4,8,1.0,-0.0,0.0
R_006446,4,0.0016,3.3059618815147144e-05,0,3102,6,1531,5,1,2,5,1.0,-0.0,0.0
R_006447,5,0.002,4.132925846529455e-05,0,1565,2,1565,7,2,5,6,0.8571428571428571,0.410116318288409,0.5916727785823274
R_006448,5,0.002,4.012711974394285e-05,0,1550,5,1550,6,1,0,6,1.0,-0.0,0.0
R_006449,7,0.0028,4.831044176458112e-05,0,3102,1,1571,5,1,7,5,1.0,-0.0,0.0
R_006450,3,0.0012,2.961297629808645e-05,0,1565,2,1565,5,1,5,5,1.0,-0.0,0.0
R_006451,13,0.0052,7.839573118280755e-05,0,3102,1,1571,8,3,7,5,0.625,0.9002560512685369,0.8194483718728035
R_006452,12,0.0048,7.377879880861538e-05,0,3102,1,1571,8,2,7,6,0.75,0.5623351446188083,0.8112781244591328
R_006453,4,0.0016,3.273222211790512e-05,0,1505,7,1505,5,1,4,5,1.0,-0.0,0.0
R_006454,15,0.006,9.882505013681929e-05,0,1565,2,1565,8,2,5,7,0.875,0.3767701612564367,0.5435644431995964
R_006455,3,0.0012,2.7809837721179627e-05,0,3102,1,1571,5,3,7,3,0.6,0.9502705392332348,0.8649735207179272
R_006456,10,0.004,6.52187651217016e-05,0,1559,4,1559,8,1,1,8,1.0,-0.0,0.0
R_006457,8,0.0032,5.5440937111294174e-05,0,1559,4,1559,6,1,1,6,1.0,-0.0,0.0
R_006458,9,0.0036,6.408192914711795e-05,0,1565,2,1565,7,2,5,6,0.8571428571428571,0.410116318288409,0.5916727785823274
R_006459,11,0.0044,7.244641606676072e-05,0,1628,0,1628,8,1,3,8,1.0,-0.0,0.0
R_006460,10,0.004,6.696699473987985e-05,0,1628,0,1628,8,1,3,8,1.0,-0.0,0.0
R_006461,9,0.0036,6.16668267497125e-05,0,1628,0,1628,7,1,3,7,1.0,-0.0,0.0
R_006462,7,0.0028,4.947082958865752e-05,0,1562,3,1562,6,2,6,5,0.8333333333333334,0.4505612088663046,0.6500224216483541
R_006463,5,0.002,4.1889840838500265e-05,0,1565,2,1565,6,1,5,6,1.0,-0.0,0.0
R_006464,3,0.0012,2.783164171568282e-05,0,3102,1,1571,5,3,2,2,0.4,1.0549201679861442,0.9602297178607612
R_006465,5,0.002,3.9024015091753094e-05,0,1562,3,1562,6,3,6,4,0.6666666666666666,0.8675632284814612,0.7896900821428474
R_006466,7,0.0028,5.038059736630182e-05,0,1628,0,1628,8,1,3,8,1.0,-0.0,0.0
R_006467,4,0.0016,3.520477852047079e-05,0,1550,5,1550,7,1,0,7,1.0,-0.0,0.0
R_006468,5,0.002,3.864611895631418e-05,0,1559,4,1559,6,1,1,6,1.0,-0.0,0.0
R_006469,8,0.0032,5.793177611078232e-05,0,1550,5,1550,7,1,0,7,1.0,-0.0,0.0
R_006470,0,0.0,1.2023710757614017e-05,1,1,25,1,5,2,5,4,0.8,0.5004024235381879,0.7219280948873623
R_006471,7,0.0028,4.968253698083255e-05,0,1562,3,1562,7,3,6,5,0.7142857142857143,0.796311640173813,0.7248340915057598
R_006472,8,0.0032,5.436544063916306e-05,0,3102,6,1531,5,1,2,5,1.0,-0.0,0.0
R_006473,8,0.0032,5.3617554543207054e-05,0,3102,1,1571,6,3,7,4,0.6666666666666666,0.8675632284814612,0.7896900821428474
R_006474,6,0.0024,4.396486652961039e-05,0,1562,3,1562,8,3,6,6,0.75,0.7356219397587946,0.6695919455357792
R_006475,4,0.0016,3.403031750896081e-05,0,1562,3,1562,6,3,6,4,0.6666666666666666,0.8675632284814612,0.7896900821428474
R_006476,9,0.0036,6.097955147781816e-05,0,1562,3,1562,6,3,6,4,0.6666666666666666,0.8675632284814612,0.7896900821428474
R_006477,5,0.002,3.91616737676555e-05,0,1562,3,1562,6,3,6,4,0.6666666666666666,0.8675632284814612,0.7896900821428474
R_006478,2,0.0008,2.3022768086446585e-05,0,1562,3,1562,5,3,6,3,0.6,0.9502705392332348,0.8649735207179272
R_006479,4,0.0016,3.3158923164694486e-05,0,3102,6,1531,5,1,2,5,1.0,-0.0,0.0
R_006480,10,0.004,6.535814035089643e-05,0,1559,4,1559,7,1,1,7,1.0,-0.0,0.0
R_006481,15,0.006,8.797693097554691e-05,0,3102,1,1571,7,4,7,3,0.4285714285714285,1.277034259466139,0.9211854965885544
R_006482,6,0.0024,4.536103620466222e-05,0,1559,4,1559,6,1,1,6,1.0,-0.0,0.0
R_006483,11,0.0044,7.614156491640427e-05,0,1565,2,1565,7,2,5,6,0.8571428571428571,0.410116318288409,0.5916727785823274
R_006484,5,0.002,3.871563599698641e-05,0,3102,6,1531,8,1,2,8,1.0,-0.0,0.0
R_006485,3,0.0012,3.010486967813406e-05,0,1565,2,1565,5,1,5,5,1.0,-0.0,0.0
R_006486,7,0.0028,5.113067203120272e-05,0,1550,5,1550,6,1,0,6,1.0,-0.0,0.0
R_006487,9,0.0036,6.454626676736506e-05,0,1565,2,1565,7,2,5,6,0.8571428571428571,0.410116318288409,0.5916727785823274
R_006488,8,0.0032,5.7208910231425245e-05,0,1550,5,1550,6,1,0,6,1.0,-0.0,0.0
R_006489,5,0.002,3.9042655526082374e-05,0,1562,3,1562,6,2,6,5,0.8333333333333334,0.4505612088663046,0.6500224216483541
R_006490,8,0.0032,5.317557179100983e-05,0,1505,7,1505,8,1,4,8,1.0,-0.0,0.0
R_006491,10,0.004,6.648167389587209e-05,0,1628,0,1628,8,1,3,8,1.0,-0.0,0.0
R_006492,5,0.002,3.9061255382629965e-05,0,1562,3,1562,6,3,6,4,0.6666666666666666,0.8675632284814612,0.7896900821428474
R_006493,11,0.0044,7.653838944960802e-05,0,1565,2,1565,7,2,5,6,0.8571428571428571,0.410116318288409,0.5916727785823274
R_006494,6,0.0024,4.356172881900054e-05,0,1559,4,1559,8,1,1,8,1.0,-0.0,0.0
R_006495,8,0.0032,5.4725771003691225e-05,0,1559,4,1559,7,1,1,7,1.0,-0.0,0.0
R_006496,8,0.0032,5.370895591184323e-05,0,3102,6,1531,6,1,2,6,1.0,-0.0,0.0
R_006497,5,0.002,3.822706274268875e-05,0,1505,7,1505,5,1,4,5,1.0,-0.0,0.0
R_006498,12,0.0048,8.060196419571946e-05,0,1550,5,1550,8,1,0,8,1.0,-0.0,0.0
R_006499,7,0.0028,5.024027858924644e-05,0,1628,0,1628,8,1,3,8,1.0,-0.0,0.0
R_006500,1,0.0004,1.802842261956895e-05,0,1565,2,1565,5,1,5,5,1.0,-0.0,0.0
R_006501,4,0.0016,3.444441490913061e-05,0,1628,0,1628,6,1,3,6,1.0,-0.0,0.0
R_006502,3,0.0012,2.888601735529293e-05,0,1628,0,1628,6,1,3,6,1.0,-0.0,0.0
R_006503,4,0.0016,3.22711893164743e-05,0,3102,1,1571,7,3,7,4,0.5714285714285714,0.9556998911125344,0.8699155297736259
R_006504,5,0.002,3.769941890109093e-05,0,3102,1,1571,5,3,7,3,0.6,0.9502705392332348,0.8649735207179272
R_006505,15,0.006,9.629146293019631e-05,0,1550,5,1550,8,1,0,8,1.0,-0.0,0.0
R_006506,12,0.0048,7.439695985084927e-05,0,3102,6,1531,8,1,2,8,1.0,-0.0,0.0
R_006507,5,0.002,3.828875479058144e-05,0,3102,1,1571,7,3,7,5,0.7142857142857143,0.796311640173813,0.7248340915057598
R_006508,1,0.0004,1.7270784733504627e-05,0,3102,1,1571,5,4,7,2,0.4,1.3321790402101223,0.9609640474436812
R_006509,6,0.0024,4.533350798273805e-05,0,1628,0,1628,5,1,3,5,1.0,-0.0,0.0
R_006510,11,0.0044,6.874201618137025e-05,0,1505,7,1505,7,1,4,7,1.0,-0.0,0.0
R_006511,3,0.0012,2.8406056308466962e-05,0,1562,3,1562,5,3,6,3,0.6,0.9502705392332348,0.8649735207179272
R_006512,9,0.0036,5.8299803698066254e-05,0,3102,6,1531,8,1,2,8,1.0,-0.0,0.0
R_006513,14,0.0056,8.91207971973183e-05,0,1628,0,1628,7,1,3,7,1.0,-0.0,0.0
R_006514,5,0.002,3.839426675647221e-05,0,3102,6,1531,5,1,2,5,1.0,-0.0,0.0
R_006515,4,0.0016,3.5019226157881964e-05,0,1550,5,1550,6,1,0,6,1.0,-0.0,0.0
R_006516,5,0.002,3.806003679107422e-05,0,1505,7,1505,5,1,4,5,1.0,-0.0,0.0
R_006517,7,0.0028,5.077051405128523e-05,0,1628,0,1628,6,1,3,6,1.0,-0.0,0.0
R_006518,9,0.0036,6.275062029389664e-05,0,1628,0,1628,7,1,3,7,1.0,-0.0,0.0
R_006519,9,0.0036,5.802002520047924e-05,0,1505,7,1505,6,1,4,6,1.0,-0.0,0.0
R_006520,6,0.0024,4.7361883849919586e-05,0,1565,2,1565,8,1,5,8,1.0,-0.0,0.0
R_006521,7,0.0028,5.14303444397009e-05,0,1550,5,1550,5,1,0,5,1.0,-0.0,0.0
R_006522,8,0.0032,5.976652985441557e-05,0,1565,2,1565,6,1,5,6,1.0,-0.0,0.0
R_006523,13,0.0052,7.88302616633445e-05,0,3102,6,1531,7,1,2,7,1.0,-0.0,0.0
R_006524,13,0.0052,7.803868843078844e-05,0,3102,6,1531,7,1,2,7,1.0,-0.0,0.0
R_006525,5,0.002,3.940576090685934e-05,0,1628,0,1628,6,1,3,6,1.0,-0.0,0.0
R_006526,4,0.0016,3.575561362703586e-05,0,1565,2,1565,5,2,5,4,0.8,0.5004024235381879,0.7219280948873623
R_006527,10,0.004,6.471109524654673e-05,0,1559,4,1559,8,1,1,8,1.0,-0.0,0.0
R_006528,9,0.0036,5.724705511727546e-05,0,1505,7,1505,6,1,4,6,1.0,-0.0,0.0
R_006529,4,0.0016,3.299244638699591e-05,0,3102,6,1531,5,1,2,5,1.0,-0.0,0.0
R_006530,8,0.0032,5.754532696135177e-05,0,1550,5,1550,7,1,0,7,1.0,-0.0,0.0
R_006531,2,0.0008,2.2466528257182163e-05,0,1505,7,1505,5,1,4,5,1.0,-0.0,0.0
R_006532,9,0.0036,6.072362712965927e-05,0,1562,3,1562,7,2,6,6,0.8571428571428571,0.410116318288409,0.5916727785823274
R_006533,7,0.0028,4.826257469992463e-05,0,3102,6,1531,8,1,2,8,1.0,-0.0,0.0
R_006534,4,0.0016,3.476993256843434e-05,0,1550,5,1550,6,1,0,6,1.0,-0.0,0.0
R_006535,5,0.002,3.753831453793082e-05,0,1505,7,1505,5,1,4,5,1.0,-0.0,0.0
R_006536,1,0.0004,1.805828598387642e-05,0,1565,2,1565,7,2,5,6,0.8571428571428571,0.410116318288409,0.5916727785823274
R_006537,4,0.0016,3.435568588157575e-05,0,1562,3,1562,5,1,6,5,1.0,-0.0,0.0
R_006538,7,0.0028,5.34307251188115e-05,0,1565,2,1565,8,2,5,7,0.875,0.3767701612564367,0.5435644431995964
R_006539,7,0.0028,4.9815892848691136e-05,0,1559,4,1559,5,1,1,5,1.0,-0.0,0.0
R_006540,7,0.0028,5.165813710150539e-05,0,1550,5,1550,8,1,0,8,1.0,-0.0,0.0
R_006541,3,0.0012,2.776794423814793e-05,0,1505,7,1505,5,1,4,5,1.0,-0.0,0.0
R_006542,6,0.0024,4.292676678369737e-05,0,3102,6,1531,6,1,2,6,1.0,-0.0,0.0
R_006543,4,0.0016,3.2589757987111156e-05,0,3102,1,1571,5,2,7,3,0.6,0.6730116670092565,0.9709505944546688
R_006544,6,0.0024,4.305404943218249e-05,0,1505,7,1505,7,1,4,7,1.0,-0.0,0.0
R_006545,11,0.0044,6.895158378594774e-05,0,3102,1,1571,8,4,7,5,0.625,1.073542846408523,0.7743974703476992
R_006546,3,0.0012,2.776749438892383e-05,0,1505,7,1505,5,1,4,5,1.0,-0.0,0.0
R_006547,10,0.004,6.804955762005828e-05,0,1550,5,1550,8,1,0,8,1.0,-0.0,0.0
R_006548,8,0.0032,5.345322504548571e-05,0,3102,6,1531,5,1,2,5,1.0,-0.0,0.0
R_006549,6,0.0024,4.302988227826811e-05,0,3102,1,1571,5,3,7,3,0.6,0.9502705392332348,0.8649735207179272
R_006550,11,0.0044,7.553921043674341e-05,0,1565,2,1565,8,2,5,7,0.875,0.3767701612564367,0.5435644431995964
R_006551,11,0.0044,7.148257956045458e-05,0,1562,3,1562,6,3,6,4,0.6666666666666666,0.8675632284814612,0.7896900821428474
R_006552,7,0.0028,4.96178871197149e-05,0,1559,4,1559,6,1,1,6,1.0,-0.0,0.0
R_006553,5,0.002,3.7910611662886154e-05,0,3102,6,1531,6,1,2,6,1.0,-0.0,0.0
R_006554,2,0.0008,2.3702814130414754e-05,0,1565,2,1565,5,1,5,5,1.0,-0.0,0.0
R_006555,9,0.0036,5.7880308634986086e-05,0,3102,1,1571,6,3,7,4,0.6666666666666666,0.8675632284814612,0.7896900821428474
R_006556,8,0.0032,5.477410082687791e-05,0,1559,4,1559,8,1,1,8,1.0,-0.0,0.0
R_006557,10,0.004,6.537615696893024e-05,0,1559,4,1559,8,1,1,8,1.0,-0.0,0.0
R_006558,11,0.0044,6.920710229394743e-05,0,3102,6,1531,8,1,2,8,1.0,-0.0,0.0
R_006559,6,0.0024,4.737169772770135e-05,0,1565,2,1565,7,2,5,6,0.8571428571428571,0.410116318288409,0.5916727785823274
R_006560,3,0.0012,2.7780056913382198e-05,0,3102,6,1531,5,1,2,5,1.0,-0.0,0.0
R_006561,7,0.0028,5.3049696718919306e-05,0,1565,2,1565,7,2,5,6,0.8571428571428571,0.410116318288409,0.5916727785823274
R_006562,13,0.0052,7.722554380754303e-05,0,1505,7,1505,8,1,4,8,1.0,-0.0,0.0
R_006563,14,0.0056,8.629225553414898e-05,0,1559,4,1559,8,1,1,8,1.0,-0.0,0.0
R_006564,7,0.0028,5.0679523668387706e-05,0,1562,3,1562,6,2,6,5,0.8333333333333334,0.4505612088663046,0.6500224216483541
R_006565,10,0.004,6.64834733905398e-05,0,1562,3,1562,8,3,6,6,0.75,0.7356219397587946,0.6695919455357792
R_006566,4,0.0016,3.371593674691225e-05,0,1628,0,1628,6,1,3,6,1.0,-0.0,0.0
R_006567,4,0.0016,3.364075558431473e-05,0,1562,3,1562,5,2,6,4,0.8,0.5004024235381879,0.7219280948873623
R_006568,8,0.0032,5.3449363623180065e-05,0,3102,1,1571,6,2,7,5,0.8333333333333334,0.4505612088663046,0.6500224216483541
R_006569,7,0.0028,4.8346971610850675e-05,0,3102,6,1531,6,1,2,6,1.0,-0.0,0.0
R_006570,6,0.0024,4.387014195270306e-05,0,1559,4,1559,6,1,1,6,1.0,-0.0,0.0
R_006571,5,0.002,3.916172423336536e-05,0,1562,3,1562,5,3,6,3,0.6,0.9502705392332348,0.8649735207179272
R_006572,2,0.0008,2.435967766599182e-05,0,1565,2,1565,5,2,5,4,0.8,0.5004024235381879,0.7219280948873623
R_006573,9,0.0036,6.064264634477219e-05,0,1562,3,1562,7,3,6,5,0.7142857142857143,0.796311640173813,0.7248340915057598
R_006574,9,0.0036,6.084350894873366e-05,0,1562,3,1562,8,2,6,7,0.875,0.3767701612564367,0.5435644431995964
R_006575,13,0.0052,7.936823479358391e-05,0,3102,1,1571,7,4,7,4,0.5714285714285714,1.1537419427010902,0.8322488896002307
R_006576,4,0.0016,3.437679700802244e-05,0,1559,4,1559,5,1,1,5,1.0,-0.0,0.0
R_006577,8,0.0032,5.411256883286544e-05,0,3102,6,1531,7,1,2,7,1.0,-0.0,0.0
R_006578,7,0.0028,4.8473841370554155e-05,0,3102,6,1531,6,1,2,6,1.0,-0.0,0.0
R_006579,11,0.0044,7.194073139314526e-05,0,1628,0,1628,8,1,3,8,1.0,-0.0,0.0
R_006580,4,0.0016,3.308049826325262e-05,0,3102,1,1571,5,3,7,3,0.6,0.9502705392332348,0.8649735207179272
R_006581,15,0.006,9.42388343974633e-05,0,1628,0,1628,7,1,3,7,1.0,-0.0,0.0
R_006582,17,0.0068,9.845286209316796e-05,0,1505,7,1505,8,1,4,8,1.0,-0.0,0.0
R_006583,8,0.0032,5.598629281141006e-05,0,1628,0,1628,7,1,3,7,1.0,-0.0,0.0
R_006584,8,0.0032,5.3007441988256124e-05,0,3102,1,1571,5,3,7,3,0.6,0.9502705392332348,0.8649735207179272
R_006585,17,0.0068,9.784337599278362e-05,0,1505,7,1505,7,1,4,7,1.0,-0.0,0.0
R_006586,8,0.0032,5.323825821145303e-05,0,1505,7,1505,6,1,4,6,1.0,-0.0,0.0
R_006587,2,0.0008,2.3992331061402674e-05,0,1565,2,1565,5,1,5,5,1.0,-0.0,0.0
R_006588,12,0.0048,7.315975277602982e-05,0,3102,1,1571,7,3,7,5,0.7142857142857143,0.796311640173813,0.7248340915057598
R_006589,3,0.0012,2.8958055076482867e-05,0,1550,5,1550,5,1,0,5,1.0,-0.0,0.0
R_006590,5,0.002,3.7355312365969615e-05,0,3102,1,1571,6,4,2,2,0.3333333333333333,1.3296613488547582,0.9591479170272448
R_006591,8,0.0032,5.5323935465943524e-05,0,1559,4,1559,6,1,1,6,1.0,-0.0,0.0
R_006592,6,0.0024,4.682657572825296e-05,0,1565,2,1565,6,1,5,6,1.0,-0.0,0.0
R_006593,12,0.0048,7.315640298000316e-05,0,3102,1,1571,7,4,7,4,0.5714285714285714,1.1537419427010902,0.8322488896002307
R_006594,11,0.0044,7.094859687463844e-05,0,1559,4,1559,8,1,1,8,1.0,-0.0,0.0
R_006595,1,0.0004,1.7710992619562e-05,0,1628,0,1628,6,1,3,6,1.0,-0.0,0.0
R_006596,11,0.0044,6.696612764759828e-05,0,1505,7,1505,7,1,4,7,1.0,-0.0,0.0
R_006597,10,0.004,6.352328937953702e-05,0,3102,6,1531,6,1,2,6,1.0,-0.0,0.0
R_006598,4,0.0016,3.418587797939057e-05,0,1562,3,1562,5,3,6,3,0.6,0.9502705392332348,0.8649735207179272
R_006599,12,0.0048,7.623087508025112e-05,0,1559,4,1559,7,1,1,7,1.0,-0.0,0.0
R_006600,2,0.0008,2.3396720949314246e-05,0,1562,3,1562,6,2,6,5,0.8333333333333334,0.4505612088663046,0.6500224216483541
R_006601,16,0.0064,9.621296790500622e-05,0,1559,4,1559,8,1,1,8,1.0,-0.0,0.0
R_006602,6,0.0024,4.283328136900762e-05,0,1505,7,1505,8,1,4,8,1.0,-0.0,0.0
R_006603,5,0.002,3.914267183811133e-05,0,1559,4,1559,5,1,1,5,1.0,-0.0,0.0
R_006604,8,0.0032,5.370566279168989e-05,0,3102,6,1531,6,1,2,6,1.0,-0.0,0.0
R_006605,6,0.0024,4.752361198884184e-05,0,1565,2,1565,7,2,5,6,0.8571428571428571,0.410116318288409,0.5916727785823274
R_006606,10,0.004,7.049129102396607e-05,0,1565,2,1565,6,2,5,5,0.8333333333333334,0.4505612088663046,0.6500224216483541
R_006607,15,0.006,8.91674321653105e-05,0,3102,1,1571,7,3,7,4,0.5714285714285714,0.9556998911125344,0.8699155297736259
R_006608,2,0.0008,2.2992527891363526e-05,0,1628,0,1628,7,1,3,7,1.0,-0.0,0.0
R_006609,9,0.0036,6.486403514060024e-05,0,1565,2,1565,6,2,5,5,0.8333333333333334,0.4505612088663046,0.6500224216483541
R_006610,5,0.002,3.7566689426070485e-05,0,3102,6,1531,5,1,2,5,1.0,-0.0,0.0
R_006611,10,0.004,6.632056668838093e-05,0,1628,0,1628,7,1,3,7,1.0,-0.0,0.0
R_006612,6,0.0024,4.416490109005734e-05,0,1559,4,1559,6,1,1,6,1.0,-0.0,0.0
R_006613,4,0.0016,3.349815311432253e-05,0,1562,3,1562,5,3,6,3,0.6,0.9502705392332348,0.8649735207179272
R_006614,8,0.0032,5.34152763193688e-05,0,3102,1,1571,6,3,7,4,0.6666666666666666,0.8675632284814612,0.7896900821428474
R_006615,9,0.0036,5.8518552974746e-05,0,3102,6,1531,6,1,2,6,1.0,-0.0,0.0
R_006616,7,0.0028,5.0024231148735875e-05,0,1562,3,1562,5,2,6,4,0.8,0.5004024235381879,0.7219280948873623
R_006617,5,0.002,3.7880793575045124e-05,0,3102,1,1571,6,2,7,4,0.6666666666666666,0.6365141682948128,0.9182958340544894
R_006618,7,0.0028,4.8658190586468564e-05,0,3102,6,1531,5,1,2,5,1.0,-0.0,0.0
R_006619,4,0.0016,3.2361873085715694e-05,0,1505,7,1505,5,1,4,5,1.0,-0.0,0.0
R_006620,2,0.0008,2.2355070998059447e-05,0,3102,6,1531,6,1,2,6,1.0,-0.0,0.0
R_006621,12,0.0048,7.700220148100916e-05,0,1562,3,1562,8,2,6,7,0.875,0.3767701612564367,0.5435644431995964
R_006622,2,0.0008,2.2478267789811224e-05,0,3102,1,1571,5,2,7,4,0.8,0.5004024235381879,0.7219280948873623
R_006623,2,0.0008,2.243795556770918e-05,0,3102,1,1571,5,4,7,2,0.4,1.3321790402101223,0.9609640474436812
R_006624,9,0.0036,6.16994170976036e-05,0,1628,0,1628,6,1,3,6,1.0,-0.0,0.0
R_006625,8,0.0032,5.3009372196411895e-05,0,1505,7,1505,6,1,4,6,1.0,-0.0,0.0
R_006626,7,0.0028,5.157722000992501e-05,0,1628,0,1628,6,1,3,6,1.0,-0.0,0.0
R_006627,7,0.0028,4.99072976616812e-05,0,1628,0,1628,8,1,3,8,1.0,-0.0,0.0
R_006628,7,0.0028,4.802487125517573e-05,0,1505,7,1505,7,1,4,7,1.0,-0.0,0.0
R_006629,6,0.0024,4.3089420628060764e-05,0,3102,6,1531,6,1,2,6,1.0,-0.0,0.0
R_006630,10,0.004,6.36307498636567e-05,0,3102,6,1531,6,1,2,6,1.0,-0.0,0.0
R_006631,4,0.0016,3.2559225771358956e-05,0,3102,1,1571,5,2,7,3,0.6,0.6730116670092565,0.9709505944546688
R_006632,11,0.0044,6.876739290299936e-05,0,3102,1,1571,7,3,7,5,0.7142857142857143,0.796311640173813,0.7248340915057598
R_006633,12,0.0048,7.433750944104428e-05,0,1505,7,1505,7,1,4,7,1.0,-0.0,0.0
R_006634,2,0.0008,2.2839234811368465e-05,0,1559,4,1559,5,1,1,5,1.0,-0.0,0.0
R_006635,9,0.0036,6.420956336875491e-05,0,1565,2,1565,6,2,5,5,0.8333333333333334,0.4505612088663046,0.6500224216483541
R_006636,4,0.0016,3.25659416736084e-05,0,3102,1,1571,6,3,7,4,0.6666666666666666,0.8675632284814612,0.7896900821428474
R_006637,7,0.0028,4.9917823944967996e-05,0,1559,4,1559,5,1,1,5,1.0,-0.0,0.0
R_006638,8,0.0032,5.269203514981625e-05,0,1505,7,1505,7,1,4,7,1.0,-0.0,0.0
R_006639,9,0.0036,6.0103221397243634e-05,0,1562,3,1562,6,3,6,4,0.6666666666666666,0.8675632284814612,0.7896900821428474
R_006640,4,0.0016,3.261249552431987e-05,0,3102,1,1571,6,4,7,3,0.5,1.242453324894,0.8962406251802889
R_006641,10,0.004,6.399501290362657e-05,0,3102,6,1531,7,1,2,7,1.0,-0.0,0.0
R_006642,4,0.0016,3.3329409229311244e-05,0,1562,3,1562,5,1,6,5,1.0,-0.0,0.0
R_006643,8,0.0032,5.6891169937094664e-05,0,1550,5,1550,8,1,0,8,1.0,-0.0,0.0
R_006644,6,0.0024,4.381900039472474e-05,0,1562,3,1562,6,2,6,5,0.8333333333333334,0.4505612088663046,0.6500224216483541
R_006645,7,0.0028,4.862687353664215e-05,0,3102,6,1531,5,1,2,5,1.0,-0.0,0.0
R_006646,9,0.0036,5.7693261742884384e-05,0,1505,7,1505,6,1,4,6,1.0,-0.0,0.0
R_006647,7,0.0028,5.2319181462202074e-05,0,1565,2,1565,7,2,5,6,0.8571428571428571,0.410116318288409,0.5916727785823274
R_006648,7,0.0028,5.036655348050911e-05,0,1628,0,1628,8,1,3,8,1.0,-0.0,0.0
R_006649,8,0.0032,5.6794494389925624e-05,0,1550,5,1550,8,1,0,8,1.0,-0.0,0.0
R_006650,8,0.0032,5.250970711356235e-05,0,1505,7,1505,8,1,4,8,1.0,-0.0,0.0
R_006651,5,0.002,3.927004378655634e-05,0,1628,0,1628,6,1,3,6,1.0,-0.0,0.0
R_006652,6,0.0024,4.2668831559656995e-05,0,3102,1,1571,6,3,7,3,0.5,1.0114042647073518,0.920619835714305
R_006653,12,0.0048,7.358011312849953e-05,0,3102,1,1571,7,4,7,3,0.4285714285714285,1.277034259466139,0.9211854965885544
R_006654,10,0.004,6.802045223942138e-05,0,1550,5,1550,7,1,0,7,1.0,-0.0,0.0
R_006655,13,0.0052,7.866803813734655e-05,0,3102,1,1571,8,3,7,5,0.625,0.9002560512685369,0.8194483718728035
R_006656,7,0.0028,5.004407308607831e-05,0,1562,3,1562,6,3,6,4,0.6666666666666666,0.8675632284814612,0.7896900821428474
R_006657,10,0.004,6.82961217622446e-05,0,1550,5,1550,6,1,0,6,1.0,-0.0,0.0
R_006658,19,0.0076,0.00010852786539560755,0,3102,1,1571,7,4,7,4,0.5714285714285714,1.1537419427010902,0.8322488896002307
R_006659,10,0.004,6.485956709171382e-05,0,1562,3,1562,8,2,6,7,0.875,0.3767701612564367,0.5435644431995964
R_006660,14,0.0056,8.783921656571795e-05,0,1562,3,1562,8,2,6,7,0.875,0.3767701612564367,0.5435644431995964
R_006661,2,0.0008,2.3037449764546478e-05,0,1562,3,1562,5,3,6,3,0.6,0.9502705392332348,0.8649735207179272
R_006662,10,0.004,6.546370297192937e-05,0,1562,3,1562,8,3,6,6,0.75,0.7356219397587946,0.6695919455357792
R_006663,4,0.0016,3.530251701358439e-05,0,1565,2,1565,5,2,5,4,0.8,0.5004024235381879,0.7219280948873623
R_006664,7,0.0028,4.964657553391528e-05,0,1562,3,1562,6,2,6,5,0.8333333333333334,0.4505612088663046,0.6500224216483541
R_006665,5,0.002,4.026009063905783e-05,0,1550,5,1550,6,1,0,6,1.0,-0.0,0.0
R_006666,7,0.0028,4.754569597739276e-05,0,1505,7,1505,8,1,4,8,1.0,-0.0,0.0
R_006667,6,0.0024,4.303875602127687e-05,0,3102,1,1571,6,3,7,4,0.6666666666666666,0.8675632284814612,0.7896900821428474
R_006668,11,0.0044,7.169597907558877e-05,0,1628,0,1628,8,1,3,8,1.0,-0.0,0.0
R_006669,11,0.0044,6.838621897282367e-05,0,3102,6,1531,5,1,2,5,1.0,-0.0,0.0
R_006670,3,0.0012,2.890796017936134e-05,0,1550,5,1550,5,1,0,5,1.0,-0.0,0.0
R_006671,17,0.0068,0.00010110411087302728,0,3102,6,1531,6,1,2,6,1.0,-0.0,0.0
R_006672,3,0.0012,2.9092413545615184e-05,0,1550,5,1550,5,1,0,5,1.0,-0.0,0.0
R_006673,5,0.002,3.869390313320097e-05,0,3102,6,1531,5,1,2,5,1.0,-0.0,0.0
R_006674,9,0.0036,6.326601891962291e-05,0,1550,5,1550,6,1,0,6,1.0,-0.0,0.0
R_006675,9,0.0036,6.386220935170744e-05,0,1550,5,1550,7,1,0,7,1.0,-0.0,0.0
R_006676,10,0.004,7.015209047039402e-05,0,1565,2,1565,7,2,5,6,0.8571428571428571,0.410116318288409,0.5916727785823274
R_006677,16,0.0064,9.371281148590918e-05,0,1505,7,1505,8,1,4,8,1.0,-0.0,0.0
R_006678,2,0.0008,2.2828216252367947e-05,0,1559,4,1559,6,1,1,6,1.0,-0.0,0.0
R_006679,4,0.0016,3.670577876452844e-05,0,1565,2,1565,5,1,5,5,1.0,-0.0,0.0
R_006680,6,0.0024,4.354090987488982e-05,0,3102,6,1531,7,1,2,7,1.0,-0.0,0.0
R_006681,11,0.0044,6.978722824122963e-05,0,3102,1,1571,8,3,7,5,0.625,0.9002560512685369,0.8194483718728035
R_006682,7,0.0028,4.9921196520466796e-05,0,1559,4,1559,6,1,1,6,1.0,-0.0,0.0
R_006683,5,0.002,4.1225060055673304e-05,0,1565,2,1565,6,1,5,6,1.0,-0.0,0.0
R_006684,6,0.0024,4.434247036683216e-05,0,1562,3,1562,6,2,6,5,0.8333333333333334,0.4505612088663046,0.6500224216483541
R_006685,9,0.0036,6.148199050590636e-05,0,1628,0,1628,6,1,3,6,1.0,-0.0,0.0
R_006686,9,0.0036,5.8310780176687315e-05,0,3102,6,1531,8,1,2,8,1.0,-0.0,0.0
R_006687,6,0.0024,4.265947573847474e-05,0,1505,7,1505,8,1,4,8,1.0,-0.0,0.0
R_006688,14,0.0056,8.706198793561907e-05,0,1562,3,1562,7,2,6,6,0.8571428571428571,0.410116318288409,0.5916727785823274
R_006689,7,0.0028,5.329942925605227e-05,0,1565,2,1565,7,1,5,7,1.0,-0.0,0.0
R_006690,7,0.0028,4.795698516225104e-05,0,3102,1,1571,6,3,7,3,0.5,1.0114042647073518,0.920619835714305
R_006691,6,0.0024,4.718404922107213e-05,0,1565,2,1565,7,2,5,6,0.8571428571428571,0.410116318288409,0.5916727785823274
R_006692,11,0.0044,6.74969252764734e-05,0,1505,7,1505,8,1,4,8,1.0,-0.0,0.0
R_006693,6,0.0024,4.383773367063101e-05,0,3102,6,1531,5,1,2,5,1.0,-0.0,0.0
R_006694,9,0.0036,6.225667884188552e-05,0,1550,5,1550,8,1,0,8,1.0,-0.0,0.0
R_006695,3,0.0012,2.8792176300614662e-05,0,1562,3,1562,5,3,6,3,0.6,0.9502705392332348,0.8649735207179272
R_006696,15,0.006,9.226787123720283e-05,0,1562,3,1562,8,2,6,7,0.875,0.3767701612564367,0.5435644431995964
R_006697,7,0.0028,5.173541740961896e-05,0,1550,5,1550,7,1,0,7,1.0,-0.0,0.0
R_006698,7,0.0028,4.926578379786415e-05,0,1559,4,1559,7,1,1,7,1.0,-0.0,0.0
R_006699,1,0.0004,1.7689738969514828e-05,0,1628,0,1628,5,1,3,5,1.0,-0.0,0.0
R_006700,10,0.004,6.684022332526632e-05,0,1628,0,1628,7,1,3,7,1.0,-0.0,0.0
R_006701,9,0.0036,5.91140714629169e-05,0,3102,6,1531,8,1,2,8,1.0,-0.0,0.0
R_006702,17,0.0068,0.00010349712054556694,0,1562,3,1562,7,2,6,6,0.8571428571428571,0.410116318288409,0.5916727785823274
R_006703,8,0.0032,5.6135842875599134e-05,0,1628,0,1628,7,1,3,7,1.0,-0.0,0.0
R_006704,6,0.0024,4.3281884119402026e-05,0,3102,6,1531,7,1,2,7,1.0,-0.0,0.0
R_006705,7,0.0028,4.79971624590746e-05,0,3102,1,1571,7,4,7,3,0.4285714285714285,1.277034259466139,0.9211854965885544
R_006706,13,0.0052,8.290662944743059e-05,0,1628,0,1628,8,1,3,8,1.0,-0.0,0.0
R_006707,7,0.0028,5.2665460931192084e-05,0,1565,2,1565,6,1,5,6,1.0,-0.0,0.0
R_006708,6,0.0024,4.288188669683011e-05,0,3102,1,1571,5,3,7,3,0.6,0.9502705392332348,0.8649735207179272
R_006709,13,0.0052,8.134565339232179e-05,0,1559,4,1559,8,1,1,8,1.0,-0.0,0.0
R_006710,6,0.0024,4.551517316304533e-05,0,1628,0,1628,6,1,3,6,1.0,-0.0,0.0
R_006711,6,0.0024,4.466143317459367e-05,0,1628,0,1628,8,1,3,8,1.0,-0.0,0.0
R_006712,5,0.002,3.764638601158948e-05,0,1505,7,1505,6,1,4,6,1.0,-0.0,0.0
R_006713,9,0.0036,5.8417762252185084e-05,0,3102,1,1571,7,3,7,5,0.7142857142857143,0.796311640173813,0.7248340915057598
R_006714,2,0.0008,2.294401127338289e-05,0,1562,3,1562,5,2,6,4,0.8,0.5004024235381879,0.7219280948873623
R_006715,1,0.0004,1.8099541302712998e-05,0,1628,0,1628,5,1,3,5,1.0,-0.0,0.0
R_006716,9,0.0036,6.120399780512515e-05,0,1562,3,1562,6,3,6,4,0.6666666666666666,0.8675632284814612,0.7896900821428474
R_006717,10,0.004,6.665119417405923e-05,0,1628,0,1628,8,1,3,8,1.0,-0.0,0.0
R_006718,5,0.002,3.910293605544696e-05,0,1628,0,1628,5,1,3,5,1.0,-0.0,0.0
R_006719,9,0.0036,5.921399603854592e-05,0,3102,6,1531,7,1,2,7,1.0,-0.0,0.0
R_006720,5,0.002,3.906265434544697e-05,0,1562,3,1562,6,2,6,5,0.8333333333333334,0.4505612088663046,0.6500224216483541
R_006721,11,0.0044,6.746177849303724e-05,0,1505,7,1505,6,1,4,6,1.0,-0.0,0.0
R_006722,4,0.0016,3.368380731390018e-05,0,1559,4,1559,5,1,1,5,1.0,-0.0,0.0
R_006723,8,0.0032,5.679905483509103e-05,0,1550,5,1550,7,1,0,7,1.0,-0.0,0.0
R_006724,12,0.0048,7.713167251065787e-05,0,1628,0,1628,8,1,3,8,1.0,-0.0,0.0
R_006725,5,0.002,3.9496698549434025e-05,0,1562,3,1562,6,2,6,5,0.8333333333333334,0.4505612088663046,0.6500224216483541
R_006726,7,0.0028,5.0257861821292726e-05,0,1562,3,1562,7,3,6,5,0.7142857142857143,0.796311640173813,0.7248340915057598
R_006727,5,0.002,3.862583940013028e-05,0,1559,4,1559,6,1,1,6,1.0,-0.0,0.0
R_006728,10,0.004,6.37573420560238e-05,0,3102,1,1571,8,4,7,5,0.625,1.073542846408523,0.7743974703476992
R_006729,8,0.0032,5.268388038250381e-05,0,1505,7,1505,5,1,4,5,1.0,-0.0,0.0
R_006730,10,0.004,7.09574260583565e-05,0,1565,2,1565,8,1,5,8,1.0,-0.0,0.0
R_006731,6,0.0024,4.4406549016155964e-05,0,1628,0,1628,5,1,3,5,1.0,-0.0,0.0
R_006732,8,0.0032,5.766832285938738e-05,0,1550,5,1550,8,1,0,8,1.0,-0.0,0.0
R_006733,5,0.002,3.884853615873158e-05,0,1559,4,1559,6,1,1,6,1.0,-0.0,0.0
R_006734,8,0.0032,5.488622061149906e-05,0,1559,4,1559,8,1,1,8,1.0,-0.0,0.0
R_006735,10,0.004,6.571525906788183e-05,0,1559,4,1559,7,1,1,7,1.0,-0.0,0.0
R_006736,9,0.0036,6.104053037940494e-05,0,1562,3,1562,8,3,6,6,0.75,0.7356219397587946,0.6695919455357792
R_006737,2,0.0008,2.3118720936463608e-05,0,1628,0,1628,5,1,3,5,1.0,-0.0,0.0
R_006738,5,0.002,3.954824432890856e-05,0,1562,3,1562,7,2,6,6,0.8571428571428571,0.410116318288409,0.5916727785823274
R_006739,3,0.0012,2.945984127497675e-05,0,1565,2,1565,5,2,5,4,0.8,0.5004024235381879,0.7219280948873623
R_006740,7,0.0028,4.766273498063899e-05,0,1505,7,1505,7,1,4,7,1.0,-0.0,0.0
R_006741,13,0.0052,7.891655471176043e-05,0,3102,1,1571,8,4,7,4,0.5,1.2130075659799042,0.875
R_006742,9,0.0036,5.9904307201664254e-05,0,1559,4,1559,6,1,1,6,1.0,-0.0,0.0
R_006743,6,0.0024,4.719958847802915e-05,0,1565,2,1565,7,2,5,6,0.8571428571428571,0.410116318288409,0.5916727785823274
R_006744,4,0.0016,3.2716284196877135e-05,0,3102,1,1571,5,4,7,2,0.4,1.3321790402101223,0.9609640474436812
R_006745,7,0.0028,5.059606429076199e-05,0,1562,3,1562,8,3,6,6,0.75,0.7356219397587946,0.6695919455357792
R_006746,8,0.0032,5.5238739103306175e-05,0,1562,3,1562,5,1,6,5,1.0,-0.0,0.0
R_006747,4,0.0016,3.403630203544524e-05,0,1628,0,1628,7,1,3,7,1.0,-0.0,0.0
R_006748,2,0.0008,2.324274182337535e-05,0,1628,0,1628,5,1,3,5,1.0,-0.0,0.0
R_006749,11,0.0044,6.924346385323497e-05,0,3102,6,1531,7,1,2,7,1.0,-0.0,0.0
R_006750,1,0.0004,1.7223638484639577e-05,0,3102,1,1571,6,4,7,3,0.5,1.242453324894,0.8962406251802889
R_006751,4,0.0016,3.2457956908383076e-05,0,3102,6,1531,5,1,2,5,1.0,-0.0,0.0
R_006752,9,0.0036,6.0985419248699315e-05,0,1559,4,1559,6,1,1,6,1.0,-0.0,0.0
R_006753,5,0.002,3.7458575450996187e-05,0,1505,7,1505,6,1,4,6,1.0,-0.0,0.0
R_006754,8,0.0032,5.2842621824538536e-05,0,3102,1,1571,7,3,7,5,0.7142857142857143,0.796311640173813,0.7248340915057598
R_006755,11,0.0044,6.882367551267163e-05,0,3102,6,1531,7,1,2,7,1.0,-0.0,0.0
R_006756,1,0.0004,1.7709426337584664e-05,0,1628,0,1628,5,1,3,5,1.0,-0.0,0.0
R_006757,11,0.0044,6.82564575230057e-05,0,3102,1,1571,6,4,2,2,0.3333333333333333,1.3296613488547582,0.9591479170272448
R_006758,9,0.0036,6.0651686248742144e-05,0,1628,0,1628,8,1,3,8,1.0,-0.0,0.0
R_006759,9,0.0036,6.114222240781736e-05,0,1562,3,1562,6,3,6,4,0.6666666666666666,0.8675632284814612,0.7896900821428474
R_006760,8,0.0032,5.2707864537360594e-05,0,1505,7,1505,7,1,4,7,1.0,-0.0,0.0
R_006761,9,0.0036,6.0375675745162914e-05,0,1562,3,1562,7,1,6,7,1.0,-0.0,0.0
R_006762,8,0.0032,5.694611456382611e-05,0,1559,4,1559,5,1,1,5,1.0,-0.0,0.0
R_006763,5,0.002,3.827283129644452e-05,0,1559,4,1559,6,1,1,6,1.0,-0.0,0.0
R_006764,4,0.0016,3.597363900256406e-05,0,1565,2,1565,5,1,5,5,1.0,-0.0,0.0
R_006765,11,0.0044,7.39062857903515e-05,0,1550,5,1550,7,1,0,7,1.0,-0.0,0.0
R_006766,4,0.0016,3.2324134343840656e-05,0,3102,6,1531,5,1,2,5,1.0,-0.0,0.0
R_006767,14,0.0056,8.279470568958216e-05,0,3102,1,1571,8,4,7,5,0.625,1.073542846408523,0.7743974703476992
R_006768,3,0.0012,2.9225538149479994e-05,0,1550,5,1550,6,1,0,6,1.0,-0.0,0.0
R_006769,13,0.0052,7.882563371102424e-05,0,3102,6,1531,8,1,2,8,1.0,-0.0,0.0
R_006770,9,0.0036,6.121348203739668e-05,0,1628,0,1628,8,1,3,8,1.0,-0.0,0.0
R_006771,8,0.0032,5.745710605636598e-05,0,1550,5,1550,7,1,0,7,1.0,-0.0,0.0
R_006772,4,0.0016,3.394619358201839e-05,0,1628,0,1628,5,1,3,5,1.0,-0.0,0.0
R_006773,8,0.0032,5.4118167171530734e-05,0,3102,1,1571,5,3,2,2,0.4,1.0549201679861442,0.9602297178607612
R_006774,12,0.0048,7.526162403077281e-05,0,3102,6,1531,8,1,2,8,1.0,-0.0,0.0
R_006775,2,0.0008,2.313183869771189e-05,0,1562,3,1562,5,3,6,3,0.6,0.9502705392332348,0.8649735207179272
R_006776,11,0.0044,6.903185979666962e-05,0,3102,6,1531,7,1,2,7,1.0,-0.0,0.0
R_006777,13,0.0052,8.472858799479812e-05,0,1550,5,1550,7,1,0,7,1.0,-0.0,0.0
R_006778,5,0.002,3.766319505719991e-05,0,1505,7,1505,5,1,4,5,1.0,-0.0,0.0
R_006779,10,0.004,6.298641887141917e-05,0,3102,1,1571,6,3,7,4,0.6666666666666666,0.8675632284814612,0.7896900821428474
R_006780,6,0.0024,4.272894907706651e-05,0,3102,1,1571,5,3,7,3,0.6,0.9502705392332348,0.8649735207179272
R_006781,12,0.0048,8.188904144790441e-05,0,1565,2,1565,7,1,5,7,1.0,-0.0,0.0
R_006782,15,0.006,9.264485019531618e-05,0,1562,3,1562,8,2,6,7,0.875,0.3767701612564367,0.5435644431995964
R_006783,5,0.002,3.8947798542182165e-05,0,3102,6,1531,6,1,2,6,1.0,-0.0,0.0
R_006784,13,0.0052,7.902794309721229e-05,0,3102,6,1531,7,1,2,7,1.0,-0.0,0.0
R_006785,5,0.002,4.008416203058154e-05,0,1550,5,1550,6,1,0,6,1.0,-0.0,0.0
R_006786,8,0.0032,5.731175904828944e-05,0,1550,5,1550,6,1,0,6,1.0,-0.0,0.0
R_006787,8,0.0032,5.572347827876502e-05,0,1628,0,1628,7,1,3,7,1.0,-0.0,0.0
R_006788,13,0.0052,8.13726989749082e-05,0,1559,4,1559,7,1,1,7,1.0,-0.0,0.0
R_006789,3,0.0012,2.7481777159822028e-05,0,1505,7,1505,6,1,4,6,1.0,-0.0,0.0
R_006790,6,0.0024,4.4016117353878493e-05,0,1562,3,1562,6,3,6,4,0.6666666666666666,0.8675632284814612,0.7896900821428474
R_006791,11,0.0044,6.935887660159536e-05,0,3102,6,1531,8,1,2,8,1.0,-0.0,0.0
R_006792,11,0.0044,7.260335467885525e-05,0,1628,0,1628,7,1,3,7,1.0,-0.0,0.0
R_006793,13,0.0052,8.7839329630221e-05,0,1565,2,1565,5,1,5,5,1.0,-0.0,0.0
R_006794,4,0.0016,3.28780495410024e-05,0,3102,6,1531,5,1,2,5,1.0,-0.0,0.0
R_006795,3,0.0012,2.7878273435859648e-05,0,3102,6,1531,5,1,2,5,1.0,-0.0,0.0
R_006796,8,0.0032,5.6873379038005426e-05,0,1550,5,1550,8,1,0,8,1.0,-0.0,0.0
R_006797,6,0.0024,4.401763338767177e-05,0,1562,3,1562,6,2,6,5,0.8333333333333334,0.4505612088663046,0.6500224216483541
R_006798,2,0.0008,2.22239233844551e-05,0,1505,7,1505,5,1,4,5,1.0,-0.0,0.0
R_006799,5,0.002,4.048898100970092e-05,0,1550,5,1550,5,1,0,5,1.0,-0.0,0.0
R_006800,9,0.0036,6.156009325883297e-05,0,1628,0,1628,7,1,3,7,1.0,-0.0,0.0
R_006801,6,0.0024,4.738978860563737e-05,0,1565,2,1565,6,2,5,5,0.8333333333333334,0.4505612088663046,0.6500224216483541
R_006802,4,0.0016,3.265678000626217e-05,0,1505,7,1505,6,1,4,6,1.0,-0.0,0.0
R_006803,7,0.0028,4.7746365883910456e-05,0,1505,7,1505,5,1,4,5,1.0,-0.0,0.0
R_006804,7,0.0028,5.278341490932697e-05,0,1565,2,1565,8,2,5,7,0.875,0.3767701612564367,0.5435644431995964
R_006805,6,0.0024,4.734954269349317e-05,0,1565,2,1565,5,2,5,4,0.8,0.5004024235381879,0.7219280948873623
R_006806,10,0.004,6.662800026133459e-05,0,1628,0,1628,8,1,3,8,1.0,-0.0,0.0
R_006807,12,0.0048,7.386382400167083e-05,0,1505,7,1505,7,1,4,7,1.0,-0.0,0.0
R_006808,14,0.0056,8.70363690465881e-05,0,1562,3,1562,8,3,6,6,0.75,0.7356219397587946,0.6695919455357792
R_006809,2,0.0008,2.3065894833366863e-05,0,1559,4,1559,7,1,1,7,1.0,-0.0,0.0
R_006810,5,0.002,3.939431977835999e-05,0,1562,3,1562,8,2,6,7,0.875,0.3767701612564367,0.5435644431995964
R_006811,5,0.002,3.9967583294245456e-05,0,1628,0,1628,5,1,3,5,1.0,-0.0,0.0
R_006812,6,0.0024,4.468581234829105e-05,0,1628,0,1628,5,1,3,5,1.0,-0.0,0.0
R_006813,13,0.0052,7.895610427562322e-05,0,3102,1,1571,7,4,7,4,0.5714285714285714,1.1537419427010902,0.8322488896002307
R_006814,5,0.002,3.78912348622389e-05,0,3102,1,1571,5,2,7,4,0.8,0.5004024235381879,0.7219280948873623
R_006815,2,0.0008,2.2662742144423153e-05,0,3102,1,1571,5,3,7,3,0.6,0.9502705392332348,0.8649735207179272
R_006816,7,0.0028,5.0226054572129533e-05,0,1628,0,1628,6,1,3,6,1.0,-0.0,0.0
R_006817,12,0.0048,7.642593700001432e-05,0,1562,3,1562,8,2,6,7,0.875,0.3767701612564367,0.5435644431995964
R_006818,8,0.0032,5.5514120384435524e-05,0,1562,3,1562,8,2,6,7,0.875,0.3767701612564367,0.5435644431995964
R_006819,3,0.0012,2.82215085272562e-05,0,3102,6,1531,5,1,2,5,1.0,-0.0,0.0
R_006820,11,0.0044,7.145350843696818e-05,0,1628,0,1628,8,1,3,8,1.0,-0.0,0.0
R_006821,9,0.0036,6.228110956976801e-05,0,1628,0,1628,8,1,3,8,1.0,-0.0,0.0
R_006822,8,0.0032,5.504877278621428e-05,0,1562,3,1562,5,2,6,4,0.8,0.5004024235381879,0.7219280948873623
R_006823,4,0.0016,3.376841206167853e-05,0,1559,4,1559,6,1,1,6,1.0,-0.0,0.0
R_006824,11,0.0044,7.290122563894869e-05,0,1628,0,1628,8,1,3,8,1.0,-0.0,0.0
R_006825,6,0.0024,4.408591788737193e-05,0,1559,4,1559,6,1,1,6,1.0,-0.0,0.0
R_006826,14,0.0056,8.767695327714261e-05,0,1562,3,1562,8,1,6,8,1.0,-0.0,0.0
R_006827,7,0.0028,5.1117391443435424e-05,0,1628,0,1628,6,1,3,6,1.0,-0.0,0.0
R_006828,12,0.0048,7.230514772487543e-05,0,1505,7,1505,8,1,4,8,1.0,-0.0,0.0
R_006829,13,0.0052,8.249226479144876e-05,0,1562,3,1562,8,2,6,7,0.875,0.3767701612564367,0.5435644431995964
R_006830,9,0.0036,6.0732668198993655e-05,0,1562,3,1562,8,2,6,7,0.875,0.3767701612564367,0.5435644431995964
R_006831,10,0.004,6.506478884823466e-05,0,1559,4,1559,7,1,1,7,1.0,-0.0,0.0
R_006832,6,0.0024,4.693407012045011e-05,0,1565,2,1565,7,1,5,7,1.0,-0.0,0.0
R_006833,12,0.0048,7.556205677053702e-05,0,1562,3,1562,6,3,6,4,0.6666666666666666,0.8675632284814612,0.7896900821428474
R_006834,3,0.0012,2.8300934496922258e-05,0,1559,4,1559,6,1,1,6,1.0,-0.0,0.0
R_006835,4,0.0016,3.4331959880147664e-05,0,1628,0,1628,5,1,3,5,1.0,-0.0,0.0
R_006836,6,0.0024,4.756968274538196e-05,0,1565,2,1565,6,1,5,6,1.0,-0.0,0.0
R_006837,5,0.002,3.767030177595039e-05,0,1505,7,1505,5,1,4,5,1.0,-0.0,0.0
R_006838,3,0.0012,2.7611020846902137e-05,0,1505,7,1505,5,1,4,5,1.0,-0.0,0.0
R_006839,6,0.0024,4.5761076770178584e-05,0,1550,5,1550,8,1,0,8,1.0,-0.0,0.0
R_006840,5,0.002,3.761915849208374e-05,0,3102,1,1571,5,3,7,3,0.6,0.9502705392332348,0.8649735207179272
R_006841,9,0.0036,6.0755611952881317e-05,0,1562,3,1562,8,2,6,7,0.875,0.3767701612564367,0.5435644431995964
R_006842,14,0.0056,9.273530174161658e-05,0,1565,2,1565,8,2,5,7,0.875,0.3767701612564367,0.5435644431995964
R_006843,11,0.0044,6.849961311179074e-05,0,3102,6,1531,7,1,2,7,1.0,-0.0,0.0
R_006844,12,0.0048,7.965963262923303e-05,0,1550,5,1550,7,1,0,7,1.0,-0.0,0.0
R_006845,11,0.0044,7.280567798221394e-05,0,1628,0,1628,7,1,3,7,1.0,-0.0,0.0
R_006846,10,0.004,6.429636937388827e-05,0,1559,4,1559,7,1,1,7,1.0,-0.0,0.0
R_006847,2,0.0008,2.2526821439143537e-05,0,3102,6,1531,7,1,2,7,1.0,-0.0,0.0
R_006848,6,0.0024,4.6985802516943115e-05,0,1565,2,1565,7,1,5,7,1.0,-0.0,0.0
R_006849,3,0.0012,2.810056590370851e-05,0,3102,6,1531,6,1,2,6,1.0,-0.0,0.0
R_006850,8,0.0032,5.341846647531138e-05,0,3102,1,1571,5,3,7,3,0.6,0.9502705392332348,0.8649735207179272
R_006851,3,0.0012,2.8298370661532553e-05,0,1559,4,1559,5,1,1,5,1.0,-0.0,0.0
R_006852,4,0.0016,3.319367757435259e-05,0,3102,6,1531,6,1,2,6,1.0,-0.0,0.0
R_006853,5,0.002,4.065447924715627e-05,0,1550,5,1550,6,1,0,6,1.0,-0.0,0.0
R_006854,6,0.0024,4.293939164046462e-05,0,1505,7,1505,7,1,4,7,1.0,-0.0,0.0
R_006855,6,0.0024,4.358635952303137e-05,0,3102,6,1531,5,1,2,5,1.0,-0.0,0.0
R_006856,12,0.0048,7.341206142261181e-05,0,1505,7,1505,8,1,4,8,1.0,-0.0,0.0
R_006857,10,0.004,6.59895958941436e-05,0,1562,3,1562,6,2,6,5,0.8333333333333334,0.4505612088663046,0.6500224216483541
R_006858,6,0.0024,4.310815307714828e-05,0,3102,6,1531,6,1,2,6,1.0,-0.0,0.0
R_006859,6,0.0024,4.336456904679626e-05,0,3102,6,1531,6,1,2,6,1.0,-0.0,0.0
R_006860,8,0.0032,5.56237985871924e-05,0,1562,3,1562,6,2,6,5,0.8333333333333334,0.4505612088663046,0.6500224216483541
R_006861,13,0.0052,8.203423817934969e-05,0,1562,3,1562,8,3,6,6,0.75,0.7356219397587946,0.6695919455357792
R_006862,4,0.0016,3.4185953949520626e-05,0,1628,0,1628,5,1,3,5,1.0,-0.0,0.0
R_006863,7,0.0028,4.96148198384698e-05,0,1559,4,1559,7,1,1,7,1.0,-0.0,0.0
R_006864,4,0.0016,3.4271608413868925e-05,0,1550,5,1550,6,1,0,6,1.0,-0.0,0.0
R_006865,9,0.0036,5.7424923201575304e-05,0,1505,7,1505,7,1,4,7,1.0,-0.0,0.0
R_006866,5,0.002,3.710616416058988e-05,0,3102,1,1571,7,4,7,4,0.5714285714285714,1.1537419427010902,0.8322488896002307
R_006867,5,0.002,4.066496516998773e-05,0,1550,5,1550,5,1,0,5,1.0,-0.0,0.0
R_006868,6,0.0024,4.443149010150963e-05,0,1562,3,1562,6,2,6,5,0.8333333333333334,0.4505612088663046,0.6500224216483541
R_006869,7,0.0028,4.850472909301778e-05,0,3102,6,1531,5,1,2,5,1.0,-0.0,0.0
R_006870,5,0.002,3.834488420369477e-05,0,3102,6,1531,6,1,2,6,1.0,-0.0,0.0
R_006871,9,0.0036,5.9114904566894963e-05,0,3102,6,1531,6,1,2,6,1.0,-0.0,0.0
R_006872,10,0.004,6.344073381115796e-05,0,3102,1,1571,7,4,7,4,0.5714285714285714,1.1537419427010902,0.8322488896002307
R_006873,10,0.004,6.549249941375777e-05,0,1562,3,1562,7,3,6,5,0.7142857142857143,0.796311640173813,0.7248340915057598
R_006874,8,0.0032,5.622573157783671e-05,0,1628,0,1628,7,1,3,7,1.0,-0.0,0.0
R_006875,3,0.0012,2.742577718413286e-05,0,1505,7,1505,5,1,4,5,1.0,-0.0,0.0
R_006876,5,0.002,4.003790470723415e-05,0,1550,5,1550,7,1,0,7,1.0,-0.0,0.0
R_006877,10,0.004,6.319694772586791e-05,0,3102,1,1571,7,3,7,4,0.5714285714285714,0.9556998911125344,0.8699155297736259
R_006878,10,0.004,7.05305989793869e-05,0,1565,2,1565,7,1,5,7,1.0,-0.0,0.0
R_006879,4,0.0016,3.316893525377086e-05,0,3102,1,1571,6,2,7,4,0.6666666666666666,0.6365141682948128,0.9182958340544894
R_006880,7,0.0028,4.763542413950516e-05,0,1505,7,1505,8,1,4,8,1.0,-0.0,0.0
R_006881,2,0.0008,2.230081197009387e-05,0,1505,7,1505,5,1,4,5,1.0,-0.0,0.0
R_006882,9,0.0036,5.9762808159078126e-05,0,1562,3,1562,7,2,6,6,0.8571428571428571,0.410116318288409,0.5916727785823274
R_006883,1,0.0004,1.7515698440191344e-05,0,3102,6,1531,5,1,2,5,1.0,-0.0,0.0
R_006884,4,0.0016,3.398987715581762e-05,0,1559,4,1559,6,1,1,6,1.0,-0.0,0.0
R_006885,7,0.0028,5.1797350765257794e-05,0,1550,5,1550,8,1,0,8,1.0,-0.0,0.0
R_006886,7,0.0028,4.788226201231867e-05,0,3102,1,1571,7,3,7,4,0.5714285714285714,0.9556998911125344,0.8699155297736259
R_006887,6,0.0024,4.6203642759992066e-05,0,1550,5,1550,6,1,0,6,1.0,-0.0,0.0
R_006888,11,0.0044,6.90011621359963e-05,0,3102,1,1571,8,4,7,4,0.5,1.2130075659799042,0.875
R_006889,5,0.002,3.7425612544277326e-05,0,3102,1,1571,7,3,7,5,0.7142857142857143,0.796311640173813,0.7248340915057598
R_006890,9,0.0036,5.7535894477758345e-05,0,1505,7,1505,7,1,4,7,1.0,-0.0,0.0
R_006891,7,0.0028,5.265297861749885e-05,0,1565,2,1565,5,2,5,4,0.8,0.5004024235381879,0.7219280948873623
R_006892,5,0.002,3.745516019640622e-05,0,3102,1,1571,7,3,7,5,0.7142857142857143,0.796311640173813,0.7248340915057598
R_006893,9,0.0036,5.763434631393628e-05,0,1505,7,1505,6,1,4,6,1.0,-0.0,0.0
R_006894,6,0.0024,4.246904195162296e-05,0,1505,7,1505,7,1,4,7,1.0,-0.0,0.0
R_006895,9,0.0036,5.917495394274072e-05,0,3102,6,1531,6,1,2,6,1.0,-0.0,0.0
R_006896,3,0.0012,2.7722764162465283e-05,0,3102,6,1531,5,1,2,5,1.0,-0.0,0.0
R_006897,5,0.002,4.1833218063642566e-05,0,1565,2,1565,5,1,5,5,1.0,-0.0,0.0
R_006898,5,0.002,3.972011315407911e-05,0,1628,0,1628,5,1,3,5,1.0,-0.0,0.0
R_006899,9,0.0036,5.7507275793885285e-05,0,1505,7,1505,7,1,4,7,1.0,-0.0,0.0
R_006900,8,0.0032,5.874540304027466e-05,0,1565,2,1565,8,2,5,7,0.875,0.3767701612564367,0.5435644431995964
R_006901,8,0.0032,5.82338453337981e-05,0,1565,2,1565,8,2,5,7,0.875,0.3767701612564367,0.5435644431995964
R_006902,3,0.0012,2.8263214594134356e-05,0,3102,6,1531,5,1,2,5,1.0,-0.0,0.0
R_006903,12,0.0048,7.614571488440956e-05,0,1562,3,1562,8,2,6,7,0.875,0.3767701612564367,0.5435644431995964
R_006904,10,0.004,6.406429561871835e-05,0,3102,6,1531,6,1,2,6,1.0,-0.0,0.0
R_006905,8,0.0032,5.518042060118877e-05,0,1562,3,1562,7,1,6,7,1.0,-0.0,0.0
R_006906,9,0.0036,6.054916316952917e-05,0,1559,4,1559,6,1,1,6,1.0,-0.0,0.0
R_006907,6,0.0024,4.293757068577824e-05,0,1505,7,1505,6,1,4,6,1.0,-0.0,0.0
R_006908,12,0.0048,7.863539591232808e-05,0,1550,5,1550,7,1,0,7,1.0,-0.0,0.0
R_006909,6,0.0024,4.5479002257787235e-05,0,1550,5,1550,6,1,0,6,1.0,-0.0,0.0
R_006910,11,0.0044,6.890913547895282e-05,0,3102,6,1531,7,1,2,7,1.0,-0.0,0.0
R_006911,6,0.0024,4.478641118856949e-05,0,1559,4,1559,6,1,1,6,1.0,-0.0,0.0
R_006912,3,0.0012,2.7567434745377382e-05,0,1505,7,1505,5,1,4,5,1.0,-0.0,0.0
R_006913,7,0.0028,4.997155672525419e-05,0,1628,0,1628,7,1,3,7,1.0,-0.0,0.0
R_006914,3,0.0012,2.9271829923824642e-05,0,1550,5,1550,6,1,0,6,1.0,-0.0,0.0
R_006915,4,0.0016,3.242266600856918e-05,0,3102,1,1571,5,3,7,3,0.6,0.9502705392332348,0.8649735207179272
R_006916,7,0.0028,4.793573808811684e-05,0,3102,1,1571,5,3,7,3,0.6,0.9502705392332348,0.8649735207179272
R_006917,4,0.0016,3.380734734351524e-05,0,1628,0,1628,5,1,3,5,1.0,-0.0,0.0
R_006918,4,0.0016,3.27250213180014e-05,0,3102,6,1531,6,1,2,6,1.0,-0.0,0.0
R_006919,11,0.0044,7.040238174063111e-05,0,1562,3,1562,6,2,6,5,0.8333333333333334,0.4505612088663046,0.6500224216483541
R_006920,9,0.0036,6.059308613854069e-05,0,1562,3,1562,7,3,6,5,0.7142857142857143,0.796311640173813,0.7248340915057598
R_006921,10,0.004,6.628812561482242e-05,0,1562,3,1562,8,3,6,6,0.75,0.7356219397587946,0.6695919455357792
R_006922,11,0.0044,7.114442346375229e-05,0,1559,4,1559,8,1,1,8,1.0,-0.0,0.0
R_006923,9,0.0036,5.885608891075729e-05,0,3102,6,1531,7,1,2,7,1.0,-0.0,0.0
R_006924,5,0.002,3.787243195332172e-05,0,3102,6,1531,5,1,2,5,1.0,-0.0,0.0
R_006925,4,0.0016,3.249691086103016e-05,0,1505,7,1505,6,1,4,6,1.0,-0.0,0.0
R_006926,5,0.002,4.074066720820584e-05,0,1550,5,1550,6,1,0,6,1.0,-0.0,0.0
R_006927,2,0.0008,2.4312841416563266e-05,0,1565,2,1565,5,2,5,4,0.8,0.5004024235381879,0.7219280948873623
R_006928,9,0.0036,6.50946200164323e-05,0,1565,2,1565,6,1,5,6,1.0,-0.0,0.0
R_006929,9,0.0036,5.829856342202512e-05,0,3102,6,1531,8,1,2,8,1.0,-0.0,0.0
R_006930,6,0.0024,4.371005891965329e-05,0,3102,6,1531,5,1,2,5,1.0,-0.0,0.0
R_006931,12,0.0048,7.216240980586705e-05,0,1505,7,1505,8,1,4,8,1.0,-0.0,0.0
R_006932,4,0.0016,3.400713217921451e-05,0,1628,0,1628,5,1,3,5,1.0,-0.0,0.0
R_006933,9,0.0036,5.7825888513950026e-05,0,1505,7,1505,7,1,4,7,1.0,-0.0,0.0
R_006934,6,0.0024,4.320953108558753e-05,0,3102,1,1571,5,3,2,2,0.4,1.0549201679861442,0.9602297178607612
R_006935,3,0.0012,2.9189542981596752e-05,0,1550,5,1550,5,1,0,5,1.0,-0.0,0.0
R_006936,6,0.0024,4.481281046267662e-05,0,1628,0,1628,6,1,3,6,1.0,-0.0,0.0
R_006937,11,0.0044,7.685154699566743e-05,0,1565,2,1565,7,2,5,6,0.8571428571428571,0.410116318288409,0.5916727785823274
R_006938,5,0.002,4.0979400849354843e-05,0,1565,2,1565,7,2,5,6,0.8571428571428571,0.410116318288409,0.5916727785823274
R_006939,7,0.0028,5.198573541285399e-05,0,1550,5,1550,7,1,0,7,1.0,-0.0,0.0
R_006940,4,0.0016,3.3111445337756576e-05,0,3102,6,1531,6,1,2,6,1.0,-0.0,0.0
R_006941,7,0.0028,4.773843171386893e-05,0,1505,7,1505,7,1,4,7,1.0,-0.0,0.0
R_006942,5,0.002,3.892748508344414e-05,0,1559,4,1559,5,1,1,5,1.0,-0.0,0.0
R_006943,2,0.0008,2.320030789812887e-05,0,1628,0,1628,5,1,3,5,1.0,-0.0,0.0
R_006944,4,0.0016,3.382744022518284e-05,0,3102,6,1531,5,1,2,5,1.0,-0.0,0.0
R_006945,5,0.002,4.16390771869232e-05,0,1565,2,1565,5,1,5,5,1.0,-0.0,0.0
R_006946,10,0.004,6.460829551285936e-05,0,3102,6,1531,8,1,2,8,1.0,-0.0,0.0
R_006947,3,0.0012,2.9334663273862836e-05,0,1550,5,1550,6,1,0,6,1.0,-0.0,0.0
R_006948,1,0.0004,1.7771438474198444e-05,0,1628,0,1628,6,1,3,6,1.0,-0.0,0.0
R_006949,11,0.0044,7.703445289928217e-05,0,1565,2,1565,8,2,5,7,0.875,0.3767701612564367,0.5435644431995964
R_006950,19,0.0076,0.00010980500490075456,0,3102,1,1571,8,3,7,5,0.625,0.9002560512685369,0.8194483718728035
R_006951,6,0.0024,4.6740745235935445e-05,0,1565,2,1565,5,1,5,5,1.0,-0.0,0.0
R_006952,5,0.002,4.0184546640285595e-05,0,1550,5,1550,5,1,0,5,1.0,-0.0,0.0
R_006953,5,0.002,3.731228620682508e-05,0,1505,7,1505,6,1,4,6,1.0,-0.0,0.0
R_006954,6,0.0024,4.71481325212323e-05,0,1565,2,1565,7,2,5,6,0.8571428571428571,0.410116318288409,0.5916727785823274
R_006955,9,0.0036,6.131338951243481e-05,0,1628,0,1628,8,1,3,8,1.0,-0.0,0.0
R_006956,5,0.002,3.900831356066898e-05,0,1562,3,1562,5,3,6,3,0.6,0.9502705392332348,0.8649735207179272
R_006957,8,0.0032,5.5665290557491644e-05,0,1628,0,1628,5,1,3,5,1.0,-0.0,0.0
R_006958,6,0.0024,4.395113012379514e-05,0,3102,6,1531,6,1,2,6,1.0,-0.0,0.0
R_006959,16,0.0064,9.957057374636954e-05,0,1628,0,1628,8,1,3,8,1.0,-0.0,0.0
R_006960,8,0.0032,5.850506015571135e-05,0,1565,2,1565,7,2,5,6,0.8571428571428571,0.410116318288409,0.5916727785823274
R_006961,6,0.0024,4.2838921033107155e-05,0,3102,1,1571,5,3,7,3,0.6,0.9502705392332348,0.8649735207179272
R_006962,9,0.0036,5.842625337364558e-05,0,3102,6,1531,7,1,2,7,1.0,-0.0,0.0
R_006963,9,0.0036,5.6791222415918066e-05,0,3102,1,1571,5,2,7,3,0.6,0.6730116670092565,0.9709505944546688
R_006964,7,0.0028,5.1840051220273796e-05,0,1550,5,1550,8,1,0,8,1.0,-0.0,0.0
R_006965,5,0.002,3.819803841693926e-05,0,1505,7,1505,5,1,4,5,1.0,-0.0,0.0
R_006966,3,0.0012,2.9015199510940428e-05,0,1550,5,1550,5,1,0,5,1.0,-0.0,0.0
R_006967,7,0.0028,5.2820286816141264e-05,0,1565,2,1565,7,1,5,7,1.0,-0.0,0.0
R_006968,6,0.0024,4.4766686315793766e-05,0,1628,0,1628,5,1,3,5,1.0,-0.0,0.0
R_006969,8,0.0032,5.4357244920442124e-05,0,1559,4,1559,8,1,1,8,1.0,-0.0,0.0
R_006970,4,0.0016,3.330534125081561e-05,0,3102,6,1531,6,1,2,6,1.0,-0.0,0.0
R_006971,12,0.0048,7.474264628707922e-05,0,3102,6,1531,7,1,2,7,1.0,-0.0,0.0
R_006972,3,0.0012,2.8273450108594235e-05,0,3102,6,1531,5,1,2,5,1.0,-0.0,0.0
R_006973,3,0.0012,2.9787581952790947e-05,0,1550,5,1550,6,1,0,6,1.0,-0.0,0.0
R_006974,3,0.0012,2.9918424586987375e-05,0,1565,2,1565,5,2,5,4,0.8,0.5004024235381879,0.7219280948873623
R_006975,5,0.002,4.0728075085915926e-05,0,1550,5,1550,5,1,0,5,1.0,-0.0,0.0
R_006976,1,0.0004,1.8163677831606486e-05,0,1550,5,1550,5,1,0,5,1.0,-0.0,0.0
R_006977,13,0.0052,7.990906613428564e-05,0,3102,6,1531,8,1,2,8,1.0,-0.0,0.0
R_006978,9,0.0036,5.892173775029958e-05,0,3102,6,1531,6,1,2,6,1.0,-0.0,0.0
R_006979,9,0.0036,5.7154932090838915e-05,0,1505,7,1505,7,1,4,7,1.0,-0.0,0.0
R_006980,7,0.0028,4.950583832916874e-05,0,1559,4,1559,6,1,1,6,1.0,-0.0,0.0
R_006981,6,0.0024,4.340924058251174e-05,0,3102,6,1531,7,1,2,7,1.0,-0.0,0.0
R_006982,8,0.0032,5.278383372534962e-05,0,1505,7,1505,8,1,4,8,1.0,-0.0,0.0
R_006983,7,0.0028,5.309700415530816e-05,0,1565,2,1565,8,2,5,7,0.875,0.3767701612564367,0.5435644431995964
R_006984,3,0.0012,2.9539569063727214e-05,0,1565,2,1565,6,2,5,5,0.8333333333333334,0.4505612088663046,0.6500224216483541
R_006985,14,0.0056,8.493540120551236e-05,0,3102,1,1571,8,4,7,5,0.625,1.073542846408523,0.7743974703476992
R_006986,7,0.0028,5.3366509791566434e-05,0,1565,2,1565,6,2,5,5,0.8333333333333334,0.4505612088663046,0.6500224216483541
R_006987,10,0.004,7.10591644084137e-05,0,1565,2,1565,7,2,5,6,0.8571428571428571,0.410116318288409,0.5916727785823274
R_006988,1,0.0004,1.7895609060421682e-05,0,1565,2,1565,6,2,5,5,0.8333333333333334,0.4505612088663046,0.6500224216483541
R_006989,7,0.0028,4.9842975663710666e-05,0,1562,3,1562,7,3,6,5,0.7142857142857143,0.796311640173813,0.7248340915057598
R_006990,8,0.0032,5.530852760831189e-05,0,1562,3,1562,5,3,6,3,0.6,0.9502705392332348,0.8649735207179272
R_006991,8,0.0032,5.502015576471767e-05,0,1562,3,1562,8,3,6,6,0.75,0.7356219397587946,0.6695919455357792
R_006992,6,0.0024,4.468925337633143e-05,0,1628,0,1628,7,1,3,7,1.0,-0.0,0.0
R_006993,11,0.0044,6.94172367063454e-05,0,3102,6,1531,8,1,2,8,1.0,-0.0,0.0
R_006994,3,0.0012,2.9950629431988162e-05,0,1565,2,1565,5,2,5,4,0.8,0.5004024235381879,0.7219280948873623
R_006995,10,0.004,6.354870224769104e-05,0,3102,6,1531,8,1,2,8,1.0,-0.0,0.0
R_006996,8,0.0032,5.4607371112762714e-05,0,1562,3,1562,8,2,6,7,0.875,0.3767701612564367,0.5435644431995964
R_006997,12,0.0048,7.486797679194164e-05,0,3102,6,1531,8,1,2,8,1.0,-0.0,0.0
R_006998,15,0.006,8.92522254231233e-05,0,3102,6,1531,8,1,2,8,1.0,-0.0,0.0
R_006999,4,0.0016,3.363267171672711e-05,0,1559,4,1559,5,1,1,5,1.0,-0.0,0.0
R_007000,8,0.0032,5.2381319672153676e-05,0,1505,7,1505,7,1,4,7,1.0,-0.0,0.0
R_007001,5,0.002,3.7739512018736836e-05,0,3102,6,1531,5,1,2,5,1.0,-0.0,0.0
R_007002,1,0.0004,1.776620007685588e-05,0,1628,0,1628,5,1,3,5,1.0,-0.0,0.0
R_007003,7,0.0028,5.293769096920839e-05,0,1565,2,1565,8,2,5,7,0.875,0.3767701612564367,0.5435644431995964
R_007004,8,0.0032,5.364879711408519e-05,0,3102,6,1531,7,1,2,7,1.0,-0.0,0.0
R_007005,1,0.0004,1.768036550291431e-05,0,1628,0,1628,8,1,3,8,1.0,-0.0,0.0
R_007006,3,0.0012,2.858682895503725e-05,0,1562,3,1562,5,2,6,4,0.8,0.5004024235381879,0.7219280948873623
R_007007,11,0.0044,6.782764138267324e-05,0,1505,7,1505,7,1,4,7,1.0,-0.0,0.0
R_007008,13,0.0052,8.185117376448547e-05,0,1559,4,1559,8,1,1,8,1.0,-0.0,0.0
R_007009,2,0.0008,2.3088393302542586e-05,0,1562,3,1562,5,3,6,3,0.6,0.9502705392332348,0.8649735207179272
R_007010,7,0.0028,4.995907921673007e-05,0,1562,3,1562,5,2,6,4,0.8,0.5004024235381879,0.7219280948873623
R_007011,10,0.004,6.3857501514745e-05,0,3102,6,1531,8,1,2,8,1.0,-0.0,0.0
R_007012,6,0.0024,4.559316379871108e-05,0,1550,5,1550,6,1,0,6,1.0,-0.0,0.0
R_007013,10,0.004,7.050872543194886e-05,0,1565,2,1565,8,2,5,7,0.875,0.3767701612564367,0.5435644431995964
R_007014,8,0.0032,5.540030873531934e-05,0,1562,3,1562,8,2,6,7,0.875,0.3767701612564367,0.5435644431995964
R_007015,1,0.0004,1.8029821936322606e-05,0,1565,2,1565,5,1,5,5,1.0,-0.0,0.0
R_007016,4,0.0016,3.362495871755075e-05,0,1559,4,1559,5,1,1,5,1.0,-0.0,0.0
R_007017,11,0.0044,7.366875147357303e-05,0,1550,5,1550,8,1,0,8,1.0,-0.0,0.0
R_007018,5,0.002,3.81863901388767e-05,0,3102,6,1531,6,1,2,6,1.0,-0.0,0.0
R_007019,6,0.0024,4.51052408914789e-05,0,1628,0,1628,6,1,3,6,1.0,-0.0,0.0
R_007020,4,0.0016,3.399271145081841e-05,0,1562,3,1562,5,1,6,5,1.0,-0.0,0.0
R_007021,6,0.0024,4.442077267485662e-05,0,1562,3,1562,7,3,6,5,0.7142857142857143,0.796311640173813,0.7248340915057598
R_007022,12,0.0048,7.918270678363832e-05,0,1550,5,1550,7,1,0,7,1.0,-0.0,0.0
R_007023,9,0.0036,6.445280502797917e-05,0,1565,2,1565,8,2,5,7,0.875,0.3767701612564367,0.5435644431995964
R_007024,9,0.0036,6.413889902954902e-05,0,1565,2,1565,7,2,5,6,0.8571428571428571,0.410116318288409,0.5916727785823274
R_007025,11,0.0044,7.107643245798012e-05,0,1562,3,1562,6,2,6,5,0.8333333333333334,0.4505612088663046,0.6500224216483541
R_007026,9,0.0036,6.455018405393898e-05,0,1565,2,1565,8,2,5,7,0.875,0.3767701612564367,0.5435644431995964
R_007027,4,0.0016,3.372528618098828e-05,0,1559,4,1559,5,1,1,5,1.0,-0.0,0.0
R_007028,9,0.0036,6.146443053977804e-05,0,1562,3,1562,7,3,6,5,0.7142857142857143,0.796311640173813,0.7248340915057598
R_007029,11,0.0044,6.937161142266416e-05,0,3102,6,1531,8,1,2,8,1.0,-0.0,0.0
R_007030,13,0.0052,7.90467488574126e-05,0,1505,7,1505,8,1,4,8,1.0,-0.0,0.0
R_007031,8,0.0032,5.3217578935448296e-05,0,3102,6,1531,8,1,2,8,1.0,-0.0,0.0
R_007032,7,0.0028,5.2849448615984166e-05,0,1565,2,1565,7,2,5,6,0.8571428571428571,0.410116318288409,0.5916727785823274
R_007033,3,0.0012,2.8064494858966543e-05,0,3102,6,1531,5,1,2,5,1.0,-0.0,0.0
R_007034,2,0.0008,2.4119833055145026e-05,0,1565,2,1565,5,1,5,5,1.0,-0.0,0.0
R_007035,11,0.0044,6.79258465996204e-05,0,1505,7,1505,8,1,4,8,1.0,-0.0,0.0
R_007036,7,0.0028,5.311760998051605e-05,0,1565,2,1565,6,2,5,5,0.8333333333333334,0.4505612088663046,0.6500224216483541
R_007037,11,0.0044,7.219538421201523e-05,0,1628,0,1628,7,1,3,7,1.0,-0.0,0.0
R_007038,9,0.0036,5.808646841706458e-05,0,3102,1,1571,6,3,7,4,0.6666666666666666,0.8675632284814612,0.7896900821428474
R_007039,7,0.0028,5.245812280577332e-05,0,1565,2,1565,6,2,5,5,0.8333333333333334,0.4505612088663046,0.6500224216483541
R_007040,6,0.0024,4.461606386376084e-05,0,1562,3,1562,6,2,6,5,0.8333333333333334,0.4505612088663046,0.6500224216483541
R_007041,7,0.0028,4.9672265986091715e-05,0,1562,3,1562,7,2,6,6,0.8571428571428571,0.410116318288409,0.5916727785823274
R_007042,9,0.0036,6.189223471119506e-05,0,1628,0,1628,8,1,3,8,1.0,-0.0,0.0
R_007043,13,0.0052,8.332692105960269e-05,0,1628,0,1628,8,1,3,8,1.0,-0.0,0.0
R_007044,8,0.0032,5.88716172328482e-05,0,1565,2,1565,7,2,5,6,0.8571428571428571,0.410116318288409,0.5916727785823274
R_007045,9,0.0036,6.148810243361383e-05,0,1628,0,1628,7,1,3,7,1.0,-0.0,0.0
R_007046,5,0.002,4.172411373725306e-05,0,1565,2,1565,6,1,5,6,1.0,-0.0,0.0
R_007047,5,0.002,3.8820249616972326e-05,0,1559,4,1559,5,1,1,5,1.0,-0.0,0.0
R_007048,3,0.0012,2.9664891717104012e-05,0,1565,2,1565,5,1,5,5,1.0,-0.0,0.0
R_007049,11,0.0044,6.788308952327386e-05,0,1505,7,1505,8,1,4,8,1.0,-0.0,0.0
R_007050,11,0.0044,6.816607925805029e-05,0,3102,1,1571,7,3,7,5,0.7142857142857143,0.796311640173813,0.7248340915057598
R_007051,6,0.0024,4.687501883358168e-05,0,1565,2,1565,7,2,5,6,0.8571428571428571,0.410116318288409,0.5916727785823274
R_007052,11,0.0044,6.781095758751505e-05,0,1505,7,1505,6,1,4,6,1.0,-0.0,0.0
R_007053,8,0.0032,5.370340219503864e-05,0,1505,7,1505,7,1,4,7,1.0,-0.0,0.0
R_007054,9,0.0036,6.0876017314363e-05,0,1628,0,1628,6,1,3,6,1.0,-0.0,0.0
R_007055,13,0.0052,7.971990464537028e-05,0,3102,6,1531,8,1,2,8,1.0,-0.0,0.0
R_007056,5,0.002,3.7706133696493785e-05,0,1505,7,1505,5,1,4,5,1.0,-0.0,0.0
R_007057,4,0.0016,3.453334690445693e-05,0,1550,5,1550,6,1,0,6,1.0,-0.0,0.0
R_007058,5,0.002,3.9369099897834954e-05,0,1562,3,1562,5,3,6,3,0.6,0.9502705392332348,0.8649735207179272
R_007059,10,0.004,6.719571508547436e-05,0,1628,0,1628,8,1,3,8,1.0,-0.0,0.0
R_007060,9,0.0036,6.346067958920318e-05,0,1550,5,1550,8,1,0,8,1.0,-0.0,0.0
R_007061,6,0.0024,4.4555399006579136e-05,0,1559,4,1559,8,1,1,8,1.0,-0.0,0.0
R_007062,10,0.004,6.682947821669535e-05,0,1628,0,1628,6,1,3,6,1.0,-0.0,0.0
R_007063,8,0.0032,5.606697195485157e-05,0,1628,0,1628,7,1,3,7,1.0,-0.0,0.0
R_007064,7,0.0028,4.8276658125011136e-05,0,3102,1,1571,6,3,7,3,0.5,1.0114042647073518,0.920619835714305
R_007065,6,0.0024,4.44164087783887e-05,0,1562,3,1562,6,2,6,5,0.8333333333333334,0.4505612088663046,0.6500224216483541
R_007066,3,0.0012,2.7587207895153436e-05,0,3102,6,1531,7,1,2,7,1.0,-0.0,0.0
R_007067,12,0.0048,7.326231679659303e-05,0,3102,1,1571,8,4,7,5,0.625,1.073542846408523,0.7743974703476992
R_007068,7,0.0028,4.9381693766785326e-05,0,1562,3,1562,6,1,6,6,1.0,-0.0,0.0
R_007069,7,0.0028,5.3566529398418165e-05,0,1565,2,1565,5,2,5,4,0.8,0.5004024235381879,0.7219280948873623
R_007070,5,0.002,3.861696786657662e-05,0,1559,4,1559,5,1,1,5,1.0,-0.0,0.0
R_007071,4,0.0016,3.2532417774208985e-05,0,1505,7,1505,5,1,4,5,1.0,-0.0,0.0
R_007072,3,0.0012,2.861586318836582e-05,0,1559,4,1559,5,1,1,5,1.0,-0.0,0.0
R_007073,4,0.0016,3.325360765366317e-05,0,3102,6,1531,5,1,2,5,1.0,-0.0,0.0
R_007074,6,0.0024,4.426006950368912e-05,0,1559,4,1559,6,1,1,6,1.0,-0.0,0.0
R_007075,12,0.0048,7.289586652296955e-05,0,1505,7,1505,8,1,4,8,1.0,-0.0,0.0
R_007076,16,0.0064,9.264585358410938e-05,0,1505,7,1505,6,1,4,6,1.0,-0.0,0.0
R_007077,5,0.002,3.864973162798776e-05,0,1559,4,1559,5,1,1,5,1.0,-0.0,0.0
R_007078,9,0.0036,6.571690652773292e-05,0,1565,2,1565,8,2,5,7,0.875,0.3767701612564367,0.5435644431995964
R_007079,4,0.0016,3.4069455745150035e-05,0,1628,0,1628,6,1,3,6,1.0,-0.0,0.0
R_007080,5,0.002,3.783226484183372e-05,0,3102,1,1571,5,3,7,3,0.6,0.9502705392332348,0.8649735207179272
R_007081,9,0.0036,5.8432206865667105e-05,0,3102,6,1531,8,1,2,8,1.0,-0.0,0.0
R_007082,12,0.0048,7.569028906142237e-05,0,1559,4,1559,7,1,1,7,1.0,-0.0,0.0
R_007083,8,0.0032,5.8823851364391274e-05,0,1565,2,1565,8,2,5,7,0.875,0.3767701612564367,0.5435644431995964
R_007084,18,0.0072,0.00010320828977658305,0,3102,1,1571,8,4,7,4,0.5,1.2130075659799042,0.875
R_007085,3,0.0012,2.7349301839965083e-05,0,1505,7,1505,7,1,4,7,1.0,-0.0,0.0
R_007086,7,0.0028,5.262079660528332e-05,0,1550,5,1550,7,1,0,7,1.0,-0.0,0.0
R_007087,10,0.004,6.548669197933473e-05,0,1559,4,1559,6,1,1,6,1.0,-0.0,0.0
R_007088,7,0.0028,4.8003926325971496e-05,0,3102,1,1571,5,2,7,4,0.8,0.5004024235381879,0.7219280948873623
R_007089,13,0.0052,8.306131430451245e-05,0,1628,0,1628,8,1,3,8,1.0,-0.0,0.0
R_007090,7,0.0028,5.000708940303523e-05,0,1562,3,1562,8,3,6,6,0.75,0.7356219397587946,0.6695919455357792
R_007091,7,0.0028,5.123181134984224e-05,0,1550,5,1550,7,1,0,7,1.0,-0.0,0.0
R_007092,6,0.0024,4.512718296262657e-05,0,1628,0,1628,6,1,3,6,1.0,-0.0,0.0
R_007093,4,0.0016,3.584531711291078e-05,0,1565,2,1565,6,2,5,5,0.8333333333333334,0.4505612088663046,0.6500224216483541
R_007094,9,0.0036,5.789226141586261e-05,0,3102,1,1571,6,2,7,4,0.6666666666666666,0.6365141682948128,0.9182958340544894
R_007095,12,0.0048,7.724539931804018e-05,0,1562,3,1562,7,1,6,7,1.0,-0.0,0.0
R_007096,6,0.0024,4.59710605425356e-05,0,1550,5,1550,7,1,0,7,1.0,-0.0,0.0
R_007097,5,0.002,4.1762156538522234e-05,0,1565,2,1565,5,2,5,4,0.8,0.5004024235381879,0.7219280948873623
R_007098,0,0.0,1.2023710757614017e-05,1,1,26,1,6,3,6,4,0.6666666666666666,0.8675632284814612,0.7896900821428474
R_007099,7,0.0028,5.2892668009469234e-05,0,1565,2,1565,8,2,5,7,0.875,0.3767701612564367,0.5435644431995964
R_007100,7,0.0028,5.191514050424101e-05,0,1550,5,1550,8,1,0,8,1.0,-0.0,0.0
R_007101,6,0.0024,4.2867828365400804e-05,0,3102,1,1571,8,3,7,6,0.75,0.7356219397587946,0.6695919455357792
R_007102,7,0.0028,4.963529489371345e-05,0,1559,4,1559,6,1,1,6,1.0,-0.0,0.0
R_007103,3,0.0012,2.8881040258749842e-05,0,1628,0,1628,5,1,3,5,1.0,-0.0,0.0
R_007104,10,0.004,6.697301483576328e-05,0,1628,0,1628,8,1,3,8,1.0,-0.0,0.0
R_007105,14,0.0056,8.348614365633952e-05,0,3102,1,1571,7,3,7,5,0.7142857142857143,0.796311640173813,0.7248340915057598
R_007106,10,0.004,6.381300385659943e-05,0,3102,6,1531,8,1,2,8,1.0,-0.0,0.0
R_007107,9,0.0036,5.731793161203335e-05,0,1505,7,1505,7,1,4,7,1.0,-0.0,0.0
R_007108,7,0.0028,4.831476895920265e-05,0,3102,6,1531,5,1,2,5,1.0,-0.0,0.0
R_007109,11,0.0044,7.616124437680825e-05,0,1565,2,1565,6,2,5,5,0.8333333333333334,0.4505612088663046,0.6500224216483541
R_007110,6,0.0024,4.50172534797552e-05,0,1628,0,1628,7,1,3,7,1.0,-0.0,0.0
R_007111,5,0.002,3.815247291258836e-05,0,3102,6,1531,6,1,2,6,1.0,-0.0,0.0
R_007112,11,0.0044,7.259254865010675e-05,0,1628,0,1628,7,1,3,7,1.0,-0.0,0.0
R_007113,11,0.0044,7.14284303119331e-05,0,1559,4,1559,8,1,1,8,1.0,-0.0,0.0
R_007114,2,0.0008,2.236050076756368e-05,0,1505,7,1505,5,1,4,5,1.0,-0.0,0.0
R_007115,6,0.0024,4.7361709601516425e-05,0,1565,2,1565,7,1,5,7,1.0,-0.0,0.0
R_007116,9,0.0036,5.770971255517194e-05,0,3102,1,1571,7,3,7,5,0.7142857142857143,0.796311640173813,0.7248340915057598
R_007117,8,0.0032,5.470235643931552e-05,0,1559,4,1559,8,1,1,8,1.0,-0.0,0.0
R_007118,8,0.0032,5.514271288863152e-05,0,1562,3,1562,6,2,6,5,0.8333333333333334,0.4505612088663046,0.6500224216483541
R_007119,17,0.0068,0.00010016270520135255,0,3102,6,1531,8,1,2,8,1.0,-0.0,0.0
R_007120,13,0.0052,7.99450633028467e-05,0,3102,6,1531,8,1,2,8,1.0,-0.0,0.0
R_007121,4,0.0016,3.436742509147796e-05,0,1562,3,1562,7,2,6,6,0.8571428571428571,0.410116318288409,0.5916727785823274
R_007122,5,0.002,4.0146491634130336e-05,0,1550,5,1550,6,1,0,6,1.0,-0.0,0.0
R_007123,8,0.0032,5.4890431494177836e-05,0,1562,3,1562,8,3,6,6,0.75,0.7356219397587946,0.6695919455357792
R_007124,6,0.0024,4.266510420455291e-05,0,1505,7,1505,7,1,4,7,1.0,-0.0,0.0
R_007125,6,0.0024,4.6974477946126125e-05,0,1565,2,1565,7,2,5,6,0.8571428571428571,0.410116318288409,0.5916727785823274
R_007126,5,0.002,3.925924714086895e-05,0,1562,3,1562,8,2,6,7,0.875,0.3767701612564367,0.5435644431995964
R_007127,11,0.0044,7.413126704099455e-05,0,1550,5,1550,8,1,0,8,1.0,-0.0,0.0
R_007128,7,0.0028,4.9678280000044215e-05,0,1559,4,1559,6,1,1,6,1.0,-0.0,0.0
R_007129,13,0.0052,7.784035244661806e-05,0,1505,7,1505,8,1,4,8,1.0,-0.0,0.0
R_007130,14,0.0056,8.295759979395075e-05,0,3102,6,1531,8,1,2,8,1.0,-0.0,0.0
R_007131,8,0.0032,5.294182475924027e-05,0,3102,1,1571,6,3,7,3,0.5,1.0114042647073518,0.920619835714305
R_007132,9,0.0036,5.919417996085011e-05,0,3102,6,1531,6,1,2,6,1.0,-0.0,0.0
R_007133,9,0.0036,6.0272720672704884e-05,0,1559,4,1559,8,1,1,8,1.0,-0.0,0.0
R_007134,9,0.0036,6.048275232873206e-05,0,1628,0,1628,8,1,3,8,1.0,-0.0,0.0
R_007135,7,0.0028,4.749132709764898e-05,0,3102,1,1571,6,3,7,4,0.6666666666666666,0.8675632284814612,0.7896900821428474
R_007136,7,0.0028,5.154755580820805e-05,0,1550,5,1550,5,1,0,5,1.0,-0.0,0.0
R_007137,8,0.0032,5.190202649514208e-05,0,1505,7,1505,7,1,4,7,1.0,-0.0,0.0
R_007138,12,0.0048,7.82945075041552e-05,0,1628,0,1628,8,1,3,8,1.0,-0.0,0.0
R_007139,3,0.0012,2.947318765235611e-05,0,1550,5,1550,6,1,0,6,1.0,-0.0,0.0
R_007140,5,0.002,3.738334541733127e-05,0,3102,1,1571,5,3,7,3,0.6,0.9502705392332348,0.8649735207179272
R_007141,3,0.0012,2.990131923278287e-05,0,1565,2,1565,5,2,5,4,0.8,0.5004024235381879,0.7219280948873623
R_007142,7,0.0028,4.748098922398821e-05,0,1505,7,1505,5,1,4,5,1.0,-0.0,0.0
R_007143,13,0.0052,8.257730893697899e-05,0,1628,0,1628,8,1,3,8,1.0,-0.0,0.0
R_007144,7,0.0028,4.7745788177909337e-05,0,3102,1,1571,6,4,7,3,0.5,1.242453324894,0.8962406251802889
R_007145,0,0.0,1.2023710757614017e-05,1,1,27,1,5,1,6,5,1.0,-0.0,0.0
R_007146,1,0.0004,1.7321712938704904e-05,0,3102,1,1571,5,2,7,4,0.8,0.5004024235381879,0.7219280948873623
R_007147,8,0.0032,5.4218236003150306e-05,0,3102,6,1531,6,1,2,6,1.0,-0.0,0.0
R_007148,6,0.0024,4.533789291379055e-05,0,1628,0,1628,7,1,3,7,1.0,-0.0,0.0
R_007149,10,0.004,6.630524200808453e-05,0,1628,0,1628,7,1,3,7,1.0,-0.0,0.0
R_007150,7,0.0028,5.290063745842927e-05,0,1565,2,1565,8,2,5,7,0.875,0.3767701612564367,0.5435644431995964
R_007151,4,0.0016,3.273749704311762e-05,0,1505,7,1505,6,1,4,6,1.0,-0.0,0.0
R_007152,5,0.002,3.939953544090315e-05,0,1628,0,1628,6,1,3,6,1.0,-0.0,0.0
R_007153,22,0.0088,0.0001412591168851914,0,1565,2,1565,8,2,5,7,0.875,0.3767701612564367,0.5435644431995964
R_007154,11,0.0044,6.865419017294407e-05,0,3102,1,1571,7,3,7,4,0.5714285714285714,0.9556998911125344,0.8699155297736259
R_007155,8,0.0032,5.805081675338947e-05,0,1550,5,1550,8,1,0,8,1.0,-0.0,0.0
R_007156,4,0.0016,3.280806516173919e-05,0,3102,6,1531,6,1,2,6,1.0,-0.0,0.0
R_007157,4,0.0016,3.3653507142884834e-05,0,1562,3,1562,6,2,6,5,0.8333333333333334,0.4505612088663046,0.6500224216483541
R_007158,8,0.0032,5.510896174408132e-05,0,1562,3,1562,8,3,6,6,0.75,0.7356219397587946,0.6695919455357792
R_007159,6,0.0024,4.4513756667416074e-05,0,1562,3,1562,6,2,6,5,0.8333333333333334,0.4505612088663046,0.6500224216483541
R_007160,3,0.0012,2.8266860484125655e-05,0,1559,4,1559,5,1,1,5,1.0,-0.0,0.0
R_007161,3,0.0012,2.8770306366303153e-05,0,1628,0,1628,6,1,3,6,1.0,-0.0,0.0
R_007162,6,0.0024,4.4218323182107136e-05,0,1562,3,1562,8,2,6,7,0.875,0.3767701612564367,0.5435644431995964
R_007163,4,0.0016,3.3714990100073464e-05,0,1628,0,1628,6,1,3,6,1.0,-0.0,0.0
R_007164,6,0.0024,4.3934425786216286e-05,0,1559,4,1559,5,1,1,5,1.0,-0.0,0.0
R_007165,9,0.0036,6.0326655062324044e-05,0,1559,4,1559,7,1,1,7,1.0,-0.0,0.0
R_007166,5,0.002,4.004674676261902e-05,0,1550,5,1550,5,1,0,5,1.0,-0.0,0.0
R_007167,5,0.002,4.012703099250854e-05,0,1550,5,1550,6,1,0,6,1.0,-0.0,0.0
R_007168,6,0.0024,4.6305103520572246e-05,0,1550,5,1550,8,1,0,8,1.0,-0.0,0.0
R_007169,1,0.0004,1.7402814962971883e-05,0,3102,1,1571,5,3,7,3,0.6,0.9502705392332348,0.8649735207179272
R_007170,5,0.002,3.775750364157805e-05,0,3102,6,1531,5,1,2,5,1.0,-0.0,0.0
R_007171,9,0.0036,5.744226057304671e-05,0,1505,7,1505,6,1,4,6,1.0,-0.0,0.0
R_007172,5,0.002,3.8175136238583545e-05,0,3102,6,1531,6,1,2,6,1.0,-0.0,0.0
R_007173,8,0.0032,5.742868093832212e-05,0,1550,5,1550,8,1,0,8,1.0,-0.0,0.0
R_007174,8,0.0032,5.2592297721902443e-05,0,3102,1,1571,6,3,7,3,0.5,1.0114042647073518,0.920619835714305
R_007175,9,0.0036,6.47489385842449e-05,0,1565,2,1565,8,2,5,7,0.875,0.3767701612564367,0.5435644431995964
R_007176,11,0.0044,7.654795502201229e-05,0,1565,2,1565,7,2,5,6,0.8571428571428571,0.410116318288409,0.5916727785823274
R_007177,6,0.0024,4.444880124918644e-05,0,1562,3,1562,6,3,6,4,0.6666666666666666,0.8675632284814612,0.7896900821428474
R_007178,13,0.0052,7.804426895712683e-05,0,3102,1,1571,7,3,7,4,0.5714285714285714,0.9556998911125344,0.8699155297736259
R_007179,9,0.0036,6.10794833781e-05,0,1628,0,1628,7,1,3,7,1.0,-0.0,0.0
R_007180,6,0.0024,4.260109420380489e-05,0,1505,7,1505,7,1,4,7,1.0,-0.0,0.0
R_007181,10,0.004,6.587451447819364e-05,0,1628,0,1628,8,1,3,8,1.0,-0.0,0.0
R_007182,10,0.004,6.724481719604199e-05,0,1628,0,1628,7,1,3,7,1.0,-0.0,0.0
R_007183,5,0.002,3.9284189258454705e-05,0,1562,3,1562,5,2,6,4,0.8,0.5004024235381879,0.7219280948873623
R_007184,10,0.004,7.095139084615795e-05,0,1565,2,1565,8,1,5,8,1.0,-0.0,0.0
R_007185,4,0.0016,3.463572178181733e-05,0,1550,5,1550,5,1,0,5,1.0,-0.0,0.0
R_007186,6,0.0024,4.7488139893179624e-05,0,1565,2,1565,6,2,5,5,0.8333333333333334,0.4505612088663046,0.6500224216483541
R_007187,5,0.002,3.782371115611762e-05,0,3102,1,1571,6,3,7,4,0.6666666666666666,0.8675632284814612,0.7896900821428474
R_007188,2,0.0008,2.2790305597787595e-05,0,1559,4,1559,7,1,1,7,1.0,-0.0,0.0
R_007189,4,0.0016,3.2494119571849795e-05,0,1505,7,1505,6,1,4,6,1.0,-0.0,0.0
R_007190,10,0.004,6.43263967305287e-05,0,3102,6,1531,7,1,2,7,1.0,-0.0,0.0
R_007191,3,0.0012,2.8244067940980386e-05,0,1562,3,1562,6,1,6,6,1.0,-0.0,0.0
R_007192,11,0.0044,6.901111444256805e-05,0,3102,6,1531,7,1,2,7,1.0,-0.0,0.0
R_007193,6,0.0024,4.283870690230313e-05,0,1505,7,1505,6,1,4,6,1.0,-0.0,0.0
R_007194,6,0.0024,4.4453067418867224e-05,0,1562,3,1562,6,2,6,5,0.8333333333333334,0.4505612088663046,0.6500224216483541
R_007195,10,0.004,6.25104528569443e-05,0,1505,7,1505,8,1,4,8,1.0,-0.0,0.0
R_007196,12,0.0048,7.323427142678106e-05,0,1505,7,1505,8,1,4,8,1.0,-0.0,0.0
R_007197,5,0.002,3.87921023964815e-05,0,1559,4,1559,5,1,1,5,1.0,-0.0,0.0
R_007198,16,0.0064,9.487740727390337e-05,0,3102,6,1531,8,1,2,8,1.0,-0.0,0.0
R_007199,3,0.0012,2.889526948568257e-05,0,1562,3,1562,6,2,6,5,0.8333333333333334,0.4505612088663046,0.6500224216483541
R_007200,6,0.0024,4.2326071024791965e-05,0,1505,7,1505,5,1,4,5,1.0,-0.0,0.0
R_007201,8,0.0032,5.971809534332598e-05,0,1565,2,1565,6,1,5,6,1.0,-0.0,0.0
R_007202,4,0.0016,3.364543745005279e-05,0,1559,4,1559,5,1,1,5,1.0,-0.0,0.0
R_007203,15,0.006,9.429587659190984e-05,0,1628,0,1628,8,1,3,8,1.0,-0.0,0.0
R_007204,16,0.0064,9.787928111265453e-05,0,1562,3,1562,8,3,6,6,0.75,0.7356219397587946,0.6695919455357792
R_007205,5,0.002,3.727504189624912e-05,0,3102,1,1571,5,2,7,4,0.8,0.5004024235381879,0.7219280948873623
R_007206,6,0.0024,4.3548543281183445e-05,0,1559,4,1559,7,1,1,7,1.0,-0.0,0.0
R_007207,2,0.0008,2.271920492539382e-05,0,1559,4,1559,5,1,1,5,1.0,-0.0,0.0
R_007208,7,0.0028,4.7554402513973106e-05,0,1505,7,1505,6,1,4,6,1.0,-0.0,0.0
R_007209,9,0.0036,6.489850033412442e-05,0,1565,2,1565,7,1,5,7,1.0,-0.0,0.0
R_007210,11,0.0044,7.55481772012681e-05,0,1565,2,1565,7,2,5,6,0.8571428571428571,0.410116318288409,0.5916727785823274
R_007211,10,0.004,6.330810167688535e-05,0,3102,1,1571,6,3,7,3,0.5,1.0114042647073518,0.920619835714305
R_007212,7,0.0028,5.06602094708785e-05,0,1628,0,1628,5,1,3,5,1.0,-0.0,0.0
R_007213,5,0.002,3.875057755775471e-05,0,1562,3,1562,5,2,6,4,0.8,0.5004024235381879,0.7219280948873623
R_007214,7,0.0028,4.9551960705952664e-05,0,1562,3,1562,6,3,6,4,0.6666666666666666,0.8675632284814612,0.7896900821428474
R_007215,7,0.0028,4.769810349169258e-05,0,3102,1,1571,7,3,7,4,0.5714285714285714,0.9556998911125344,0.8699155297736259
R_007216,2,0.0008,2.3098863505437545e-05,0,1559,4,1559,5,1,1,5,1.0,-0.0,0.0
R_007217,14,0.0056,8.937347397455292e-05,0,1628,0,1628,8,1,3,8,1.0,-0.0,0.0
R_007218,1,0.0004,1.784212021759297e-05,0,1550,5,1550,5,1,0,5,1.0,-0.0,0.0
R_007219,6,0.0024,4.445274919458949e-05,0,1559,4,1559,5,1,1,5,1.0,-0.0,0.0
R_007220,13,0.0052,7.794322286495874e-05,0,3102,1,1571,8,4,7,4,0.5,1.2130075659799042,0.875
R_007221,12,0.0048,7.607571866452152e-05,0,1559,4,1559,8,1,1,8,1.0,-0.0,0.0
R_007222,4,0.0016,3.276333899474062e-05,0,3102,6,1531,5,1,2,5,1.0,-0.0,0.0
R_007223,2,0.0008,2.2448086112979865e-05,0,1505,7,1505,5,1,4,5,1.0,-0.0,0.0
R_007224,3,0.0012,2.7777959765632707e-05,0,1505,7,1505,5,1,4,5,1.0,-0.0,0.0
R_007225,7,0.0028,5.0303730922966855e-05,0,1562,3,1562,5,3,6,3,0.6,0.9502705392332348,0.8649735207179272
R_007226,6,0.0024,4.7362535037687953e-05,0,1565,2,1565,7,1,5,7,1.0,-0.0,0.0
R_007227,7,0.0028,5.0284472374036786e-05,0,1628,0,1628,7,1,3,7,1.0,-0.0,0.0
R_007228,4,0.0016,3.3389712339837e-05,0,1559,4,1559,6,1,1,6,1.0,-0.0,0.0
R_007229,7,0.0028,4.9162344685664994e-05,0,1559,4,1559,6,1,1,6,1.0,-0.0,0.0
R_007230,7,0.0028,4.8463569391958184e-05,0,3102,6,1531,6,1,2,6,1.0,-0.0,0.0
R_007231,6,0.0024,4.1986150391761376e-05,0,1505,7,1505,6,1,4,6,1.0,-0.0,0.0
R_007232,2,0.0008,2.3309924069927805e-05,0,1550,5,1550,5,1,0,5,1.0,-0.0,0.0
R_007233,7,0.0028,5.2737954781793334e-05,0,1565,2,1565,6,2,5,5,0.8333333333333334,0.4505612088663046,0.6500224216483541
R_007234,9,0.0036,6.241704693901735e-05,0,1550,5,1550,5,1,0,5,1.0,-0.0,0.0
R_007235,6,0.0024,4.7813803091653106e-05,0,1565,2,1565,8,2,5,7,0.875,0.3767701612564367,0.5435644431995964
R_007236,7,0.0028,5.001669535730347e-05,0,1628,0,1628,6,1,3,6,1.0,-0.0,0.0
R_007237,8,0.0032,5.501227045082251e-05,0,1562,3,1562,6,3,6,4,0.6666666666666666,0.8675632284814612,0.7896900821428474
R_007238,5,0.002,3.9459050921224854e-05,0,1628,0,1628,7,1,3,7,1.0,-0.0,0.0
R_007239,2,0.0008,2.2993212530510384e-05,0,1562,3,1562,5,3,6,3,0.6,0.9502705392332348,0.8649735207179272
R_007240,1,0.0004,1.7896438291058814e-05,0,1550,5,1550,5,1,0,5,1.0,-0.0,0.0
R_007241,5,0.002,3.997567576306797e-05,0,1628,0,1628,6,1,3,6,1.0,-0.0,0.0
R_007242,11,0.0044,6.785227865437247e-05,0,3102,1,1571,7,3,7,4,0.5714285714285714,0.9556998911125344,0.8699155297736259
R_007243,12,0.0048,7.321772371949041e-05,0,3102,1,1571,7,4,7,4,0.5714285714285714,1.1537419427010902,0.8322488896002307
R_007244,8,0.0032,5.714100528167416e-05,0,1550,5,1550,7,1,0,7,1.0,-0.0,0.0
R_007245,7,0.0028,4.96702887909644e-05,0,1559,4,1559,6,1,1,6,1.0,-0.0,0.0
R_007246,12,0.0048,7.397427279260126e-05,0,3102,6,1531,7,1,2,7,1.0,-0.0,0.0
R_007247,5,0.002,4.1545548415428944e-05,0,1565,2,1565,5,2,5,4,0.8,0.5004024235381879,0.7219280948873623
R_007248,3,0.0012,2.9220208634954238e-05,0,1550,5,1550,6,1,0,6,1.0,-0.0,0.0
R_007249,4,0.0016,3.3939415295960315e-05,0,1628,0,1628,5,1,3,5,1.0,-0.0,0.0
R_007250,14,0.0056,8.24908920702176e-05,0,1505,7,1505,8,1,4,8,1.0,-0.0,0.0
R_007251,8,0.0032,5.508162157648226e-05,0,1562,3,1562,5,3,6,3,0.6,0.9502705392332348,0.8649735207179272
R_007252,12,0.0048,7.785373491587229e-05,0,1628,0,1628,7,1,3,7,1.0,-0.0,0.0
R_007253,11,0.0044,7.118436115265515e-05,0,1562,3,1562,8,3,6,6,0.75,0.7356219397587946,0.6695919455357792
R_007254,12,0.0048,7.505528526619496e-05,0,3102,6,1531,6,1,2,6,1.0,-0.0,0.0
R_007255,5,0.002,4.1407546907652126e-05,0,1565,2,1565,7,2,5,6,0.8571428571428571,0.410116318288409,0.5916727785823274
R_007256,15,0.006,8.874684216263765e-05,0,3102,1,1571,7,3,7,4,0.5714285714285714,0.9556998911125344,0.8699155297736259
R_007257,5,0.002,3.800112872328319e-05,0,1505,7,1505,6,1,4,6,1.0,-0.0,0.0
R_007258,2,0.0008,2.2606970736839006e-05,0,3102,6,1531,5,1,2,5,1.0,-0.0,0.0
R_007259,9,0.0036,6.404752467129594e-05,0,1565,2,1565,8,1,5,8,1.0,-0.0,0.0
R_007260,8,0.0032,5.675745605007708e-05,0,1550,5,1550,8,1,0,8,1.0,-0.0,0.0
R_007261,9,0.0036,5.7665178446036116e-05,0,1505,7,1505,8,1,4,8,1.0,-0.0,0.0
R_007262,4,0.0016,3.574403364241393e-05,0,1565,2,1565,5,1,5,5,1.0,-0.0,0.0
R_007263,13,0.0052,8.302579069374834e-05,0,1628,0,1628,8,1,3,8,1.0,-0.0,0.0
R_007264,11,0.0044,7.369958263334874e-05,0,1550,5,1550,7,1,0,7,1.0,-0.0,0.0
R_007265,12,0.0048,8.1694022995951e-05,0,1565,2,1565,6,1,5,6,1.0,-0.0,0.0
R_007266,11,0.0044,7.364996814930011e-05,0,1550,5,1550,7,1,0,7,1.0,-0.0,0.0
R_007267,4,0.0016,3.273533285549661e-05,0,3102,6,1531,7,1,2,7,1.0,-0.0,0.0
R_007268,7,0.0028,4.923074239065944e-05,0,1559,4,1559,7,1,1,7,1.0,-0.0,0.0
R_007269,7,0.0028,4.837088826804668e-05,0,3102,1,1571,7,4,7,4,0.5714285714285714,1.1537419427010902,0.8322488896002307
R_007270,11,0.0044,7.172047825087163e-05,0,1559,4,1559,6,1,1,6,1.0,-0.0,0.0
R_007271,7,0.0028,4.8097479059744155e-05,0,3102,1,1571,6,3,7,4,0.6666666666666666,0.8675632284814612,0.7896900821428474
R_007272,8,0.0032,5.352854399725336e-05,0,3102,1,1571,6,3,7,4,0.6666666666666666,0.8675632284814612,0.7896900821428474
R_007273,9,0.0036,5.9711504029291236e-05,0,1559,4,1559,5,1,1,5,1.0,-0.0,0.0
R_007274,6,0.0024,4.276393569080741e-05,0,1505,7,1505,5,1,4,5,1.0,-0.0,0.0
R_007275,17,0.0068,9.864154763007618e-05,0,3102,1,1571,8,4,7,5,0.625,1.073542846408523,0.7743974703476992
R_007276,3,0.0012,2.903376280292379e-05,0,1550,5,1550,5,1,0,5,1.0,-0.0,0.0
R_007277,10,0.004,7.063063783432565e-05,0,1565,2,1565,8,2,5,7,0.875,0.3767701612564367,0.5435644431995964
R_007278,10,0.004,6.72459939731584e-05,0,1628,0,1628,7,1,3,7,1.0,-0.0,0.0
R_007279,8,0.0032,5.532524824842525e-05,0,1562,3,1562,7,3,6,5,0.7142857142857143,0.796311640173813,0.7248340915057598
R_007280,5,0.002,3.806160064586489e-05,0,3102,6,1531,5,1,2,5,1.0,-0.0,0.0
R_007281,5,0.002,4.0719382345399666e-05,0,1550,5,1550,7,1,0,7,1.0,-0.0,0.0
R_007282,5,0.002,3.968877312740864e-05,0,1562,3,1562,8,3,6,6,0.75,0.7356219397587946,0.6695919455357792
R_007283,4,0.0016,3.6156659527555525e-05,0,1565,2,1565,8,2,5,7,0.875,0.3767701612564367,0.5435644431995964
R_007284,4,0.0016,3.467655447467651e-05,0,1550,5,1550,6,1,0,6,1.0,-0.0,0.0
R_007285,6,0.0024,4.381834108499868e-05,0,3102,6,1531,6,1,2,6,1.0,-0.0,0.0
R_007286,16,0.0064,0.00010220359675705627,0,1550,5,1550,7,1,0,7,1.0,-0.0,0.0
R_007287,13,0.0052,7.835400262042006e-05,0,3102,1,1571,8,4,7,4,0.5,1.2130075659799042,0.875
R_007288,7,0.0028,4.789337140597035e-05,0,3102,1,1571,6,3,7,4,0.6666666666666666,0.8675632284814612,0.7896900821428474
R_007289,8,0.0032,5.300361043233695e-05,0,3102,1,1571,8,4,7,5,0.625,1.073542846408523,0.7743974703476992
R_007290,9,0.0036,5.8692341263719635e-05,0,3102,6,1531,7,1,2,7,1.0,-0.0,0.0
R_007291,1,0.0004,1.8207445732823905e-05,0,1565,2,1565,5,2,5,4,0.8,0.5004024235381879,0.7219280948873623
R_007292,11,0.0044,7.479365167020399e-05,0,1550,5,1550,7,1,0,7,1.0,-0.0,0.0
R_007293,5,0.002,4.151241881290189e-05,0,1565,2,1565,6,2,5,5,0.8333333333333334,0.4505612088663046,0.6500224216483541
R_007294,14,0.0056,8.680241262477938e-05,0,1559,4,1559,8,1,1,8,1.0,-0.0,0.0
R_007295,9,0.0036,5.887631553706299e-05,0,3102,6,1531,6,1,2,6,1.0,-0.0,0.0
R_007296,9,0.0036,5.8802429836233884e-05,0,3102,6,1531,8,1,2,8,1.0,-0.0,0.0
R_007297,4,0.0016,3.438336824447628e-05,0,1562,3,1562,8,1,6,8,1.0,-0.0,0.0
R_007298,8,0.0032,5.829828081352854e-05,0,1565,2,1565,6,2,5,5,0.8333333333333334,0.4505612088663046,0.6500224216483541
R_007299,11,0.0044,7.660203406015725e-05,0,1565,2,1565,8,2,5,7,0.875,0.3767701612564367,0.5435644431995964
R_007300,8,0.0032,5.4866927882004e-05,0,1562,3,1562,7,3,6,5,0.7142857142857143,0.796311640173813,0.7248340915057598
R_007301,7,0.0028,4.755234707264397e-05,0,3102,1,1571,5,3,2,2,0.4,1.0549201679861442,0.9602297178607612
R_007302,3,0.0012,2.8262427173552907e-05,0,1562,3,1562,5,3,6,3,0.6,0.9502705392332348,0.8649735207179272
R_007303,3,0.0012,2.8207712755927917e-05,0,1559,4,1559,7,1,1,7,1.0,-0.0,0.0
R_007304,17,0.0068,0.00011091782612132858,0,1565,2,1565,6,1,5,6,1.0,-0.0,0.0
R_007305,9,0.0036,6.0748870570420666e-05,0,1559,4,1559,7,1,1,7,1.0,-0.0,0.0
R_007306,10,0.004,6.371970267088971e-05,0,3102,6,1531,6,1,2,6,1.0,-0.0,0.0
R_007307,5,0.002,3.9119265895078825e-05,0,1559,4,1559,6,1,1,6,1.0,-0.0,0.0
R_007308,10,0.004,6.565605787725182e-05,0,1559,4,1559,6,1,1,6,1.0,-0.0,0.0
R_007309,14,0.0056,8.384387082192523e-05,0,1505,7,1505,8,1,4,8,1.0,-0.0,0.0
R_007310,4,0.0016,3.2780540819285176e-05,0,1505,7,1505,6,1,4,6,1.0,-0.0,0.0
R_007311,12,0.0048,7.43761193567703e-05,0,3102,6,1531,8,1,2,8,1.0,-0.0,0.0
R_007312,10,0.004,6.32926822379476e-05,0,1505,7,1505,6,1,4,6,1.0,-0.0,0.0
R_007313,11,0.0044,7.191666717930523e-05,0,1628,0,1628,8,1,3,8,1.0,-0.0,0.0
R_007314,5,0.002,3.809913660925256e-05,0,3102,1,1571,6,3,7,3,0.5,1.0114042647073518,0.920619835714305
R_007315,5,0.002,3.8272522219326425e-05,0,3102,6,1531,5,1,2,5,1.0,-0.0,0.0
R_007316,8,0.0032,5.5635977004709094e-05,0,1562,3,1562,7,2,6,6,0.8571428571428571,0.410116318288409,0.5916727785823274
R_007317,9,0.0036,5.9999645467846265e-05,0,1559,4,1559,7,1,1,7,1.0,-0.0,0.0
R_007318,5,0.002,3.860227212336509e-05,0,1562,3,1562,5,3,6,3,0.6,0.9502705392332348,0.8649735207179272
R_007319,9,0.0036,5.880079437038666e-05,0,3102,6,1531,6,1,2,6,1.0,-0.0,0.0
R_007320,7,0.0028,5.0188854197237826e-05,0,1562,3,1562,7,3,6,5,0.7142857142857143,0.796311640173813,0.7248340915057598
R_007321,6,0.0024,4.32979877535709e-05,0,3102,1,1571,6,4,2,2,0.3333333333333333,1.3296613488547582,0.9591479170272448
R_007322,5,0.002,3.727296823784422e-05,0,1505,7,1505,7,1,4,7,1.0,-0.0,0.0
R_007323,8,0.0032,5.324155051245139e-05,0,3102,1,1571,5,4,7,2,0.4,1.3321790402101223,0.9609640474436812
R_007324,4,0.0016,3.447053177239833e-05,0,1559,4,1559,5,1,1,5,1.0,-0.0,0.0
R_007325,5,0.002,3.917767157515281e-05,0,1628,0,1628,8,1,3,8,1.0,-0.0,0.0
R_007326,7,0.0028,5.0764303892554266e-05,0,1562,3,1562,6,3,6,4,0.6666666666666666,0.8675632284814612,0.7896900821428474
R_007327,8,0.0032,5.6096323202638724e-05,0,1628,0,1628,6,1,3,6,1.0,-0.0,0.0
R_007328,4,0.0016,3.5146312116109086e-05,0,1565,2,1565,5,2,5,4,0.8,0.5004024235381879,0.7219280948873623
R_007329,17,0.0068,9.902163375485629e-05,0,3102,1,1571,7,3,7,5,0.7142857142857143,0.796311640173813,0.7248340915057598
R_007330,6,0.0024,4.304105990263007e-05,0,3102,6,1531,6,1,2,6,1.0,-0.0,0.0
R_007331,11,0.0044,7.114402948996456e-05,0,1628,0,1628,8,1,3,8,1.0,-0.0,0.0
R_007332,6,0.0024,4.7092391903694165e-05,0,1565,2,1565,7,1,5,7,1.0,-0.0,0.0
R_007333,2,0.0008,2.3158908178900946e-05,0,1559,4,1559,6,1,1,6,1.0,-0.0,0.0
R_007334,4,0.0016,3.404621908504668e-05,0,1628,0,1628,6,1,3,6,1.0,-0.0,0.0
R_007335,4,0.0016,3.37578676361462e-05,0,1559,4,1559,5,1,1,5,1.0,-0.0,0.0
R_007336,10,0.004,6.361217149947253e-05,0,3102,1,1571,8,4,7,5,0.625,1.073542846408523,0.7743974703476992
R_007337,5,0.002,3.9435415031029784e-05,0,1562,3,1562,6,2,6,5,0.8333333333333334,0.4505612088663046,0.6500224216483541
R_007338,8,0.0032,5.6906183575991695e-05,0,1550,5,1550,8,1,0,8,1.0,-0.0,0.0
R_007339,8,0.0032,5.6807071429556375e-05,0,1550,5,1550,7,1,0,7,1.0,-0.0,0.0
R_007340,9,0.0036,6.213341144860256e-05,0,1550,5,1550,7,1,0,7,1.0,-0.0,0.0
R_007341,0,0.0,1.2023710757614017e-05,1,1,28,1,5,1,5,5,1.0,-0.0,0.0
R_007342,10,0.004,6.240663238187955e-05,0,1505,7,1505,8,1,4,8,1.0,-0.0,0.0
R_007343,6,0.0024,4.616199095380592e-05,0,1550,5,1550,6,1,0,6,1.0,-0.0,0.0
R_007344,8,0.0032,5.4986439270324296e-05,0,1562,3,1562,7,3,6,5,0.7142857142857143,0.796311640173813,0.7248340915057598
R_007345,2,0.0008,2.413481421136046e-05,0,1565,2,1565,7,1,5,7,1.0,-0.0,0.0
R_007346,10,0.004,6.558925853798372e-05,0,1562,3,1562,8,3,6,6,0.75,0.7356219397587946,0.6695919455357792
R_007347,10,0.004,6.69270288046805e-05,0,1628,0,1628,8,1,3,8,1.0,-0.0,0.0
R_007348,12,0.0048,7.375218142187167e-05,0,3102,1,1571,7,4,7,4,0.5714285714285714,1.1537419427010902,0.8322488896002307
R_007349,6,0.0024,4.405912706233267e-05,0,1559,4,1559,8,1,1,8,1.0,-0.0,0.0
R_007350,5,0.002,3.9561531905937924e-05,0,1559,4,1559,6,1,1,6,1.0,-0.0,0.0
R_007351,3,0.0012,2.802290038571771e-05,0,3102,6,1531,5,1,2,5,1.0,-0.0,0.0
R_007352,11,0.0044,7.06998529980683e-05,0,1559,4,1559,5,1,1,5,1.0,-0.0,0.0
R_007353,10,0.004,6.76723879586646e-05,0,1550,5,1550,7,1,0,7,1.0,-0.0,0.0
R_007354,13,0.0052,8.426825803660349e-05,0,1550,5,1550,8,1,0,8,1.0,-0.0,0.0
R_007355,13,0.0052,7.856012168787415e-05,0,3102,1,1571,8,4,7,5,0.625,1.073542846408523,0.7743974703476992
R_007356,7,0.0028,5.1603695279461135e-05,0,1550,5,1550,6,1,0,6,1.0,-0.0,0.0
R_007357,6,0.0024,4.278102709002917e-05,0,3102,6,1531,5,1,2,5,1.0,-0.0,0.0
R_007358,6,0.0024,4.737999329502346e-05,0,1565,2,1565,6,2,5,5,0.8333333333333334,0.4505612088663046,0.6500224216483541
R_007359,6,0.0024,4.409200907869121e-05,0,1559,4,1559,7,1,1,7,1.0,-0.0,0.0
R_007360,6,0.0024,4.3374933842957256e-05,0,1505,7,1505,7,1,4,7,1.0,-0.0,0.0
R_007361,6,0.0024,4.5060610451083216e-05,0,1628,0,1628,6,1,3,6,1.0,-0.0,0.0
R_007362,10,0.004,6.691613257129272e-05,0,1628,0,1628,7,1,3,7,1.0,-0.0,0.0
R_007363,13,0.0052,8.183020661794592e-05,0,1562,3,1562,7,2,6,6,0.8571428571428571,0.410116318288409,0.5916727785823274
R_007364,10,0.004,6.261576743813214e-05,0,1505,7,1505,6,1,4,6,1.0,-0.0,0.0
R_007365,6,0.0024,4.705769163731522e-05,0,1565,2,1565,8,2,5,7,0.875,0.3767701612564367,0.5435644431995964
R_007366,4,0.0016,3.371781024485849e-05,0,1559,4,1559,5,1,1,5,1.0,-0.0,0.0
R_007367,9,0.0036,5.8478843089503e-05,0,3102,6,1531,7,1,2,7,1.0,-0.0,0.0
R_007368,6,0.0024,4.223216869225407e-05,0,3102,1,1571,6,2,7,4,0.6666666666666666,0.6365141682948128,0.9182958340544894
R_007369,6,0.0024,4.339590359027526e-05,0,3102,6,1531,7,1,2,7,1.0,-0.0,0.0
R_007370,10,0.004,6.761696205448859e-05,0,1628,0,1628,8,1,3,8,1.0,-0.0,0.0
R_007371,3,0.0012,2.725826578682658e-05,0,1505,7,1505,5,1,4,5,1.0,-0.0,0.0
R_007372,3,0.0012,2.9318768286840505e-05,0,1565,2,1565,5,1,5,5,1.0,-0.0,0.0
R_007373,6,0.0024,4.4691320831337743e-05,0,1562,3,1562,6,1,6,6,1.0,-0.0,0.0
R_007374,6,0.0024,4.288007551296232e-05,0,3102,1,1571,5,4,7,2,0.4,1.3321790402101223,0.9609640474436812
R_007375,10,0.004,6.242229110677004e-05,0,1505,7,1505,8,1,4,8,1.0,-0.0,0.0
R_007376,8,0.0032,5.371499305302008e-05,0,3102,6,1531,6,1,2,6,1.0,-0.0,0.0
R_007377,12,0.0048,7.697501492083422e-05,0,1628,0,1628,8,1,3,8,1.0,-0.0,0.0
R_007378,11,0.0044,6.757121666249119e-05,0,1505,7,1505,7,1,4,7,1.0,-0.0,0.0
R_007379,4,0.0016,3.5961247262955055e-05,0,1565,2,1565,5,2,5,4,0.8,0.5004024235381879,0.7219280948873623
R_007380,7,0.0028,4.866729325490188e-05,0,3102,6,1531,7,1,2,7,1.0,-0.0,0.0
R_007381,3,0.0012,2.849454572987562e-05,0,1559,4,1559,8,1,1,8,1.0,-0.0,0.0
R_007382,10,0.004,6.488825749291897e-05,0,1559,4,1559,7,1,1,7,1.0,-0.0,0.0
R_007383,6,0.0024,4.671437950352039e-05,0,1565,2,1565,6,1,5,6,1.0,-0.0,0.0
R_007384,12,0.0048,7.601295611242498e-05,0,1559,4,1559,8,1,1,8,1.0,-0.0,0.0
R_007385,10,0.004,6.651579067304645e-05,0,1628,0,1628,7,1,3,7,1.0,-0.0,0.0
R_007386,8,0.0032,5.350118429538212e-05,0,3102,6,1531,6,1,2,6,1.0,-0.0,0.0
R_007387,7,0.0028,4.7599462473208786e-05,0,3102,6,1531,7,1,2,7,1.0,-0.0,0.0
R_007388,7,0.0028,4.958855777933909e-05,0,1562,3,1562,7,2,6,6,0.8571428571428571,0.410116318288409,0.5916727785823274
R_007389,3,0.0012,2.7602842879112458e-05,0,1505,7,1505,5,1,4,5,1.0,-0.0,0.0
R_007390,15,0.006,9.258862163902947e-05,0,1559,4,1559,8,1,1,8,1.0,-0.0,0.0
R_007391,7,0.0028,5.052729085872159e-05,0,1628,0,1628,5,1,3,5,1.0,-0.0,0.0
R_007392,5,0.002,3.924590272160115e-05,0,1559,4,1559,6,1,1,6,1.0,-0.0,0.0
R_007393,14,0.0056,8.875728868797468e-05,0,1628,0,1628,8,1,3,8,1.0,-0.0,0.0
R_007394,4,0.0016,3.530481173100001e-05,0,1565,2,1565,6,2,5,5,0.8333333333333334,0.4505612088663046,0.6500224216483541
R_007395,3,0.0012,2.9108161359961403e-05,0,1628,0,1628,5,1,3,5,1.0,-0.0,0.0
R_007396,6,0.0024,4.222617225841285e-05,0,1505,7,1505,5,1,4,5,1.0,-0.0,0.0
R_007397,14,0.0056,8.643504179028656e-05,0,1559,4,1559,7,1,1,7,1.0,-0.0,0.0
R_007398,6,0.0024,4.742049501805589e-05,0,1565,2,1565,5,2,5,4,0.8,0.5004024235381879,0.7219280948873623
R_007399,9,0.0036,5.7827402249808976e-05,0,1505,7,1505,6,1,4,6,1.0,-0.0,0.0
R_007400,10,0.004,6.715977575421903e-05,0,1550,5,1550,7,1,0,7,1.0,-0.0,0.0
R_007401,11,0.0044,7.05681533425692e-05,0,1559,4,1559,8,1,1,8,1.0,-0.0,0.0
R_007402,5,0.002,4.162653071449841e-05,0,1565,2,1565,8,2,5,7,0.875,0.3767701612564367,0.5435644431995964
R_007403,6,0.0024,4.292694423379966e-05,0,3102,6,1531,6,1,2,6,1.0,-0.0,0.0
R_007404,9,0.0036,6.0872788207817695e-05,0,1562,3,1562,8,3,6,6,0.75,0.7356219397587946,0.6695919455357792
R_007405,15,0.006,9.722311956362022e-05,0,1550,5,1550,8,1,0,8,1.0,-0.0,0.0
R_007406,12,0.0048,8.237379804437034e-05,0,1565,2,1565,8,2,5,7,0.875,0.3767701612564367,0.5435644431995964
R_007407,9,0.0036,6.0351446844407144e-05,0,1559,4,1559,7,1,1,7,1.0,-0.0,0.0
R_007408,13,0.0052,8.304720197450158e-05,0,1628,0,1628,7,1,3,7,1.0,-0.0,0.0
R_007409,4,0.0016,3.275182738731888e-05,0,1505,7,1505,5,1,4,5,1.0,-0.0,0.0
R_007410,8,0.0032,5.280862928530625e-05,0,1505,7,1505,6,1,4,6,1.0,-0.0,0.0
R_007411,9,0.0036,6.381223241324073e-05,0,1550,5,1550,8,1,0,8,1.0,-0.0,0.0
R_007412,6,0.0024,4.388075571292962e-05,0,1562,3,1562,6,3,6,4,0.6666666666666666,0.8675632284814612,0.7896900821428474
R_007413,8,0.0032,5.736277345706073e-05,0,1550,5,1550,7,1,0,7,1.0,-0.0,0.0
R_007414,4,0.0016,3.2750506027209863e-05,0,3102,6,1531,5,1,2,5,1.0,-0.0,0.0
R_007415,4,0.0016,3.25101802051594e-05,0,3102,1,1571,5,3,7,3,0.6,0.9502705392332348,0.8649735207179272
R_007416,8,0.0032,5.8772412348191846e-05,0,1565,2,1565,7,2,5,6,0.8571428571428571,0.410116318288409,0.5916727785823274
R_007417,8,0.0032,5.337268753437919e-05,0,3102,6,1531,7,1,2,7,1.0,-0.0,0.0
R_007418,11,0.0044,7.640913038901211e-05,0,1565,2,1565,8,2,5,7,0.875,0.3767701612564367,0.5435644431995964
R_007419,7,0.0028,4.801030884121632e-05,0,3102,1,1571,8,4,7,5,0.625,1.073542846408523,0.7743974703476992
R_007420,3,0.0012,2.859425630837086e-05,0,1628,0,1628,5,1,3,5,1.0,-0.0,0.0
R_007421,9,0.0036,6.163659551289762e-05,0,1628,0,1628,6,1,3,6,1.0,-0.0,0.0
R_007422,15,0.006,8.936727536143584e-05,0,3102,6,1531,8,1,2,8,1.0,-0.0,0.0
R_007423,4,0.0016,3.5846310752185034e-05,0,1565,2,1565,5,1,5,5,1.0,-0.0,0.0
R_007424,6,0.0024,4.428434599700857e-05,0,1628,0,1628,8,1,3,8,1.0,-0.0,0.0
R_007425,13,0.0052,7.744909638349303e-05,0,1505,7,1505,8,1,4,8,1.0,-0.0,0.0
R_007426,7,0.0028,4.766324574534403e-05,0,1505,7,1505,7,1,4,7,1.0,-0.0,0.0
R_007427,8,0.0032,5.2665863562200215e-05,0,3102,1,1571,5,3,7,3,0.6,0.9502705392332348,0.8649735207179272
R_007428,10,0.004,6.646321060300359e-05,0,1628,0,1628,7,1,3,7,1.0,-0.0,0.0
R_007429,15,0.006,9.026154950458034e-05,0,3102,6,1531,8,1,2,8,1.0,-0.0,0.0
R_007430,5,0.002,3.8914511222338876e-05,0,1559,4,1559,7,1,1,7,1.0,-0.0,0.0
R_007431,13,0.0052,8.11702438902115e-05,0,1559,4,1559,8,1,1,8,1.0,-0.0,0.0
R_007432,11,0.0044,6.777983337111837e-05,0,1505,7,1505,6,1,4,6,1.0,-0.0,0.0
R_007433,6,0.0024,4.307830006598631e-05,0,1505,7,1505,7,1,4,7,1.0,-0.0,0.0
R_007434,8,0.0032,5.566283313088624e-05,0,1562,3,1562,5,2,6,4,0.8,0.5004024235381879,0.7219280948873623
R_007435,3,0.0012,2.9446522407196822e-05,0,1550,5,1550,5,1,0,5,1.0,-0.0,0.0
R_007436,3,0.0012,2.8246008891021783e-05,0,1562,3,1562,6,2,6,5,0.8333333333333334,0.4505612088663046,0.6500224216483541
R_007437,5,0.002,3.92266735987522e-05,0,1559,4,1559,6,1,1,6,1.0,-0.0,0.0
R_007438,8,0.0032,5.777317151284089e-05,0,1550,5,1550,8,1,0,8,1.0,-0.0,0.0
R_007439,10,0.004,6.86217839610503e-05,0,1550,5,1550,8,1,0,8,1.0,-0.0,0.0
R_007440,9,0.0036,6.295460452287592e-05,0,1550,5,1550,7,1,0,7,1.0,-0.0,0.0
R_007441,9,0.0036,6.037931475554414e-05,0,1562,3,1562,7,2,6,6,0.8571428571428571,0.410116318288409,0.5916727785823274
R_007442,10,0.004,7.086923278068919e-05,0,1565,2,1565,8,2,5,7,0.875,0.3767701612564367,0.5435644431995964
R_007443,15,0.006,9.249407221461268e-05,0,1562,3,1562,7,3,6,5,0.7142857142857143,0.796311640173813,0.7248340915057598
R_007444,7,0.0028,4.8475525694228057e-05,0,3102,1,1571,5,3,2,2,0.4,1.0549201679861442,0.9602297178607612
R_007445,9,0.0036,6.0517933159154756e-05,0,1562,3,1562,8,3,6,6,0.75,0.7356219397587946,0.6695919455357792
R_007446,3,0.0012,2.9830377457543456e-05,0,1565,2,1565,5,2,5,4,0.8,0.5004024235381879,0.7219280948873623
R_007447,7,0.0028,4.713434627605224e-05,0,3102,1,1571,7,3,7,4,0.5714285714285714,0.9556998911125344,0.8699155297736259
R_007448,4,0.0016,3.4051857444111464e-05,0,1562,3,1562,5,3,6,3,0.6,0.9502705392332348,0.8649735207179272
R_007449,8,0.0032,5.6581846515491824e-05,0,1628,0,1628,8,1,3,8,1.0,-0.0,0.0
R_007450,6,0.0024,4.271971113444006e-05,0,3102,6,1531,5,1,2,5,1.0,-0.0,0.0
R_007451,11,0.0044,6.986713723827227e-05,0,3102,6,1531,8,1,2,8,1.0,-0.0,0.0
R_007452,4,0.0016,3.563120321468236e-05,0,1565,2,1565,5,2,5,4,0.8,0.5004024235381879,0.7219280948873623
R_007453,4,0.0016,3.644493117723657e-05,0,1565,2,1565,6,1,5,6,1.0,-0.0,0.0
R_007454,12,0.0048,7.375914267619071e-05,0,3102,6,1531,7,1,2,7,1.0,-0.0,0.0
R_007455,5,0.002,3.984375752423839e-05,0,1628,0,1628,5,1,3,5,1.0,-0.0,0.0
R_007456,3,0.0012,2.9805290943584163e-05,0,1565,2,1565,6,2,5,5,0.8333333333333334,0.4505612088663046,0.6500224216483541
R_007457,9,0.0036,5.799715348562149e-05,0,1505,7,1505,6,1,4,6,1.0,-0.0,0.0
R_007458,6,0.0024,4.561766886644726e-05,0,1628,0,1628,5,1,3,5,1.0,-0.0,0.0
R_007459,4,0.0016,3.398763243924113e-05,0,1562,3,1562,5,2,6,4,0.8,0.5004024235381879,0.7219280948873623
R_007460,15,0.006,8.80487602599423e-05,0,3102,1,1571,8,3,7,6,0.75,0.7356219397587946,0.6695919455357792
R_007461,3,0.0012,2.8904903183507503e-05,0,1628,0,1628,8,1,3,8,1.0,-0.0,0.0
R_007462,7,0.0028,5.119654781635166e-05,0,1550,5,1550,7,1,0,7,1.0,-0.0,0.0
R_007463,16,0.0064,9.410146035625697e-05,0,3102,6,1531,8,1,2,8,1.0,-0.0,0.0
R_007464,7,0.0028,5.196894064932178e-05,0,1550,5,1550,7,1,0,7,1.0,-0.0,0.0
R_007465,3,0.0012,2.7784824512915683e-05,0,3102,6,1531,5,1,2,5,1.0,-0.0,0.0
R_007466,3,0.0012,2.8624143618310504e-05,0,1562,3,1562,5,1,6,5,1.0,-0.0,0.0
R_007467,10,0.004,6.269756088775071e-05,0,3102,1,1571,8,3,7,5,0.625,0.9002560512685369,0.8194483718728035
R_007468,4,0.0016,3.306360088669973e-05,0,1505,7,1505,5,1,4,5,1.0,-0.0,0.0
R_007469,3,0.0012,3.016704954595823e-05,0,1565,2,1565,5,2,5,4,0.8,0.5004024235381879,0.7219280948873623
R_007470,10,0.004,6.468244309121717e-05,0,1559,4,1559,7,1,1,7,1.0,-0.0,0.0
R_007471,11,0.0044,7.259107022502707e-05,0,1628,0,1628,6,1,3,6,1.0,-0.0,0.0
R_007472,6,0.0024,4.708405418258189e-05,0,1565,2,1565,6,2,5,5,0.8333333333333334,0.4505612088663046,0.6500224216483541
R_007473,10,0.004,6.965978845170463e-05,0,1565,2,1565,7,2,5,6,0.8571428571428571,0.410116318288409,0.5916727785823274
R_007474,9,0.0036,6.032651687129232e-05,0,1559,4,1559,7,1,1,7,1.0,-0.0,0.0
R_007475,9,0.0036,5.789491669380405e-05,0,3102,1,1571,8,3,7,5,0.625,0.9002560512685369,0.8194483718728035
R_007476,5,0.002,3.773091500507346e-05,0,3102,1,1571,5,3,7,3,0.6,0.9502705392332348,0.8649735207179272
R_007477,4,0.0016,3.4209873821989e-05,0,1562,3,1562,5,2,6,4,0.8,0.5004024235381879,0.7219280948873623
R_007478,7,0.0028,4.951248008053668e-05,0,1562,3,1562,6,2,6,5,0.8333333333333334,0.4505612088663046,0.6500224216483541
R_007479,1,0.0004,1.7711297293256555e-05,0,1559,4,1559,5,1,1,5,1.0,-0.0,0.0
R_007480,9,0.0036,5.8304263287140776e-05,0,1505,7,1505,6,1,4,6,1.0,-0.0,0.0
R_007481,9,0.0036,6.0982083746143565e-05,0,1628,0,1628,6,1,3,6,1.0,-0.0,0.0
R_007482,5,0.002,4.053941036610628e-05,0,1550,5,1550,7,1,0,7,1.0,-0.0,0.0
R_007483,7,0.0028,4.793093839869896e-05,0,3102,1,1571,6,2,7,5,0.8333333333333334,0.4505612088663046,0.6500224216483541
R_007484,7,0.0028,4.8839084705864526e-05,0,3102,6,1531,6,1,2,6,1.0,-0.0,0.0
R_007485,12,0.0048,7.34393052668231e-05,0,3102,6,1531,8,1,2,8,1.0,-0.0,0.0
R_007486,7,0.0028,4.861356298777086e-05,0,3102,6,1531,8,1,2,8,1.0,-0.0,0.0
R_007487,8,0.0032,5.50464422763764e-05,0,1562,3,1562,6,2,6,5,0.8333333333333334,0.4505612088663046,0.6500224216483541
R_007488,13,0.0052,8.207446608484647e-05,0,1559,4,1559,8,1,1,8,1.0,-0.0,0.0
R_007489,11,0.0044,6.807713368133586e-05,0,3102,1,1571,8,3,7,6,0.75,0.7356219397587946,0.6695919455357792
R_007490,8,0.0032,5.454928585808509e-05,0,1559,4,1559,6,1,1,6,1.0,-0.0,0.0
R_007491,0,0.0,1.2023710757614017e-05,1,1,29,1,5,1,4,5,1.0,-0.0,0.0
R_007492,4,0.0016,3.406377008979104e-05,0,1559,4,1559,5,1,1,5,1.0,-0.0,0.0
R_007493,9,0.0036,5.871426750439011e-05,0,3102,6,1531,8,1,2,8,1.0,-0.0,0.0
R_007494,9,0.0036,5.7540724638181126e-05,0,1505,7,1505,6,1,4,6,1.0,-0.0,0.0
R_007495,5,0.002,3.770980661977286e-05,0,1505,7,1505,7,1,4,7,1.0,-0.0,0.0
R_007496,13,0.0052,8.331090205365528e-05,0,1628,0,1628,7,1,3,7,1.0,-0.0,0.0
R_007497,13,0.0052,8.22379244001091e-05,0,1559,4,1559,8,1,1,8,1.0,-0.0,0.0
R_007498,4,0.0016,3.326252674917239e-05,0,3102,6,1531,5,1,2,5,1.0,-0.0,0.0
R_007499,9,0.0036,6.156815083121279e-05,0,1628,0,1628,8,1,3,8,1.0,-0.0,0.0
R_007500,6,0.0024,4.706633674036311e-05,0,1565,2,1565,6,1,5,6,1.0,-0.0,0.0
R_007501,5,0.002,4.110251735500236e-05,0,1565,2,1565,8,2,5,7,0.875,0.3767701612564367,0.5435644431995964
R_007502,7,0.0028,5.001269859248178e-05,0,1628,0,1628,7,1,3,7,1.0,-0.0,0.0
R_007503,7,0.0028,5.0748741358327445e-05,0,1628,0,1628,5,1,3,5,1.0,-0.0,0.0
R_007504,19,0.0076,0.00010968809845441976,0,3102,6,1531,8,1,2,8,1.0,-0.0,0.0
R_007505,11,0.0044,7.124602525737787e-05,0,1559,4,1559,8,1,1,8,1.0,-0.0,0.0
R_007506,8,0.0032,5.4778321274986815e-05,0,1559,4,1559,8,1,1,8,1.0,-0.0,0.0
R_007507,6,0.0024,4.2780324032776116e-05,0,1505,7,1505,6,1,4,6,1.0,-0.0,0.0
R_007508,11,0.0044,6.868456389066899e-05,0,3102,1,1571,7,4,7,4,0.5714285714285714,1.1537419427010902,0.8322488896002307
R_007509,7,0.0028,4.8333381268704596e-05,0,3102,6,1531,7,1,2,7,1.0,-0.0,0.0
R_007510,3,0.0012,2.7484893674224388e-05,0,3102,1,1571,5,3,7,3,0.6,0.9502705392332348,0.8649735207179272
R_007511,11,0.0044,7.417865149159294e-05,0,1550,5,1550,6,1,0,6,1.0,-0.0,0.0
R_007512,8,0.0032,5.545122909165318e-05,0,1628,0,1628,7,1,3,7,1.0,-0.0,0.0
R_007513,7,0.0028,4.877065281548609e-05,0,3102,6,1531,5,1,2,5,1.0,-0.0,0.0
R_007514,9,0.0036,6.084676228203401e-05,0,1562,3,1562,7,2,6,6,0.8571428571428571,0.410116318288409,0.5916727785823274
R_007515,3,0.0012,2.8554947817182322e-05,0,1562,3,1562,6,3,6,4,0.6666666666666666,0.8675632284814612,0.7896900821428474
R_007516,4,0.0016,3.3571277923709235e-05,0,3102,6,1531,7,1,2,7,1.0,-0.0,0.0
R_007517,5,0.002,4.13331482405763e-05,0,1565,2,1565,6,2,5,5,0.8333333333333334,0.4505612088663046,0.6500224216483541
R_007518,5,0.002,4.0197954100587376e-05,0,1550,5,1550,5,1,0,5,1.0,-0.0,0.0
R_007519,7,0.0028,5.109195619890425e-05,0,1550,5,1550,6,1,0,6,1.0,-0.0,0.0
R_007520,18,0.0072,0.00010421685223923106,0,3102,1,1571,8,4,7,4,0.5,1.2130075659799042,0.875
R_007521,11,0.0044,6.871302879884145e-05,0,3102,6,1531,8,1,2,8,1.0,-0.0,0.0
R_007522,2,0.0008,2.258621323829996e-05,0,3102,6,1531,5,1,2,5,1.0,-0.0,0.0
R_007523,12,0.0048,7.668297522454319e-05,0,1562,3,1562,7,1,6,7,1.0,-0.0,0.0
R_007524,13,0.0052,7.87195340583597e-05,0,3102,1,1571,8,3,7,6,0.75,0.7356219397587946,0.6695919455357792
R_007525,9,0.0036,5.892562509975045e-05,0,3102,6,1531,8,1,2,8,1.0,-0.0,0.0
R_007526,6,0.0024,4.683004469185492e-05,0,1565,2,1565,7,2,5,6,0.8571428571428571,0.410116318288409,0.5916727785823274
R_007527,8,0.0032,5.636575355638689e-05,0,1628,0,1628,8,1,3,8,1.0,-0.0,0.0
R_007528,5,0.002,3.981902754466959e-05,0,1628,0,1628,7,1,3,7,1.0,-0.0,0.0
R_007529,6,0.0024,4.522839499171629e-05,0,1628,0,1628,8,1,3,8,1.0,-0.0,0.0
R_007530,5,0.002,4.16688947827078e-05,0,1565,2,1565,5,2,5,4,0.8,0.5004024235381879,0.7219280948873623
R_007531,7,0.0028,4.754567398388969e-05,0,1505,7,1505,7,1,4,7,1.0,-0.0,0.0
R_007532,4,0.0016,3.365430523703606e-05,0,1562,3,1562,5,2,6,4,0.8,0.5004024235381879,0.7219280948873623
R_007533,4,0.0016,3.4877374291731864e-05,0,1550,5,1550,8,1,0,8,1.0,-0.0,0.0
R_007534,10,0.004,6.517837708277635e-05,0,1559,4,1559,8,1,1,8,1.0,-0.0,0.0
R_007535,7,0.0028,5.114967289874464e-05,0,1550,5,1550,6,1,0,6,1.0,-0.0,0.0
R_007536,4,0.0016,3.391690657347267e-05,0,1628,0,1628,5,1,3,5,1.0,-0.0,0.0
R_007537,8,0.0032,5.63685974469951e-05,0,1628,0,1628,8,1,3,8,1.0,-0.0,0.0
R_007538,10,0.004,6.388255482443033e-05,0,3102,6,1531,8,1,2,8,1.0,-0.0,0.0
R_007539,16,0.0064,9.360847484881061e-05,0,3102,1,1571,8,4,7,5,0.625,1.073542846408523,0.7743974703476992
R_007540,4,0.0016,3.5821352162319605e-05,0,1565,2,1565,5,2,5,4,0.8,0.5004024235381879,0.7219280948873623
R_007541,15,0.006,9.945482212300367e-05,0,1565,2,1565,8,2,5,7,0.875,0.3767701612564367,0.5435644431995964
R_007542,7,0.0028,4.795094796630714e-05,0,3102,1,1571,6,2,7,4,0.6666666666666666,0.6365141682948128,0.9182958340544894
R_007543,11,0.0044,7.266211404737882e-05,0,1628,0,1628,8,1,3,8,1.0,-0.0,0.0
R_007544,12,0.0048,7.71306679878223e-05,0,1562,3,1562,7,2,6,6,0.8571428571428571,0.410116318288409,0.5916727785823274
R_007545,8,0.0032,5.471721330458946e-05,0,1559,4,1559,6,1,1,6,1.0,-0.0,0.0
R_007546,4,0.0016,3.330928689815898e-05,0,3102,6,1531,5,1,2,5,1.0,-0.0,0.0
R_007547,7,0.0028,5.018685762651961e-05,0,1628,0,1628,5,1,3,5,1.0,-0.0,0.0
R_007548,10,0.004,6.249918022599947e-05,0,3102,1,1571,8,3,7,5,0.625,0.9002560512685369,0.8194483718728035
R_007549,5,0.002,3.91374825291107e-05,0,1562,3,1562,7,3,6,5,0.7142857142857143,0.796311640173813,0.7248340915057598
R_007550,19,0.0076,0.0001194978965224304,0,1550,5,1550,8,1,0,8,1.0,-0.0,0.0
R_007551,6,0.0024,4.6878153777168944e-05,0,1565,2,1565,6,1,5,6,1.0,-0.0,0.0
R_007552,4,0.0016,3.481097238806286e-05,0,1550,5,1550,6,1,0,6,1.0,-0.0,0.0
R_007553,8,0.0032,5.679981974108605e-05,0,1550,5,1550,8,1,0,8,1.0,-0.0,0.0
R_007554,6,0.0024,4.501316810502913e-05,0,1562,3,1562,5,3,6,3,0.6,0.9502705392332348,0.8649735207179272
R_007555,4,0.0016,3.315263335183348e-05,0,3102,6,1531,7,1,2,7,1.0,-0.0,0.0
R_007556,8,0.0032,5.316096038776501e-05,0,1505,7,1505,6,1,4,6,1.0,-0.0,0.0
R_007557,3,0.0012,2.7419914641312683e-05,0,1505,7,1505,5,1,4,5,1.0,-0.0,0.0
R_007558,5,0.002,3.922447226717202e-05,0,1559,4,1559,5,1,1,5,1.0,-0.0,0.0
R_007559,7,0.0028,4.790992461968989e-05,0,3102,1,1571,6,3,7,4,0.6666666666666666,0.8675632284814612,0.7896900821428474
R_007560,6,0.0024,4.415338884854649e-05,0,1559,4,1559,6,1,1,6,1.0,-0.0,0.0
R_007561,10,0.004,6.322197630713545e-05,0,3102,6,1531,6,1,2,6,1.0,-0.0,0.0
R_007562,9,0.0036,5.741800038512479e-05,0,1505,7,1505,7,1,4,7,1.0,-0.0,0.0
R_007563,2,0.0008,2.3227214292833695e-05,0,1562,3,1562,5,2,6,4,0.8,0.5004024235381879,0.7219280948873623
R_007564,3,0.0012,2.8407141766121338e-05,0,1559,4,1559,5,1,1,5,1.0,-0.0,0.0
R_007565,12,0.0048,7.636561077907312e-05,0,1559,4,1559,8,1,1,8,1.0,-0.0,0.0
R_007566,10,0.004,6.995226949823521e-05,0,1565,2,1565,6,1,5,6,1.0,-0.0,0.0
R_007567,11,0.0044,6.831222686689898e-05,0,1505,7,1505,8,1,4,8,1.0,-0.0,0.0
R_007568,11,0.0044,7.43068777023683e-05,0,1550,5,1550,8,1,0,8,1.0,-0.0,0.0
R_007569,11,0.0044,7.125723245366809e-05,0,1562,3,1562,7,3,6,5,0.7142857142857143,0.796311640173813,0.7248340915057598
R_007570,12,0.0048,7.817627197180096e-05,0,1628,0,1628,8,1,3,8,1.0,-0.0,0.0
R_007571,4,0.0016,3.3630906844841246e-05,0,1559,4,1559,5,1,1,5,1.0,-0.0,0.0
R_007572,11,0.0044,6.932604950535169e-05,0,3102,6,1531,7,1,2,7,1.0,-0.0,0.0
R_007573,7,0.0028,4.959679642494537e-05,0,1562,3,1562,5,1,6,5,1.0,-0.0,0.0
R_007574,7,0.0028,4.9449934957947475e-05,0,1559,4,1559,7,1,1,7,1.0,-0.0,0.0
R_007575,1,0.0004,1.797577628502423e-05,0,1550,5,1550,5,1,0,5,1.0,-0.0,0.0
R_007576,14,0.0056,8.24782946006697e-05,0,1505,7,1505,7,1,4,7,1.0,-0.0,0.0
R_007577,12,0.0048,7.374746325520406e-05,0,3102,6,1531,8,1,2,8,1.0,-0.0,0.0
R_007578,7,0.0028,4.8318961063059295e-05,0,3102,6,1531,8,1,2,8,1.0,-0.0,0.0
R_007579,14,0.0056,8.428547022957068e-05,0,3102,1,1571,8,3,7,6,0.75,0.7356219397587946,0.6695919455357792
R_007580,9,0.0036,6.429128383582828e-05,0,1565,2,1565,8,2,5,7,0.875,0.3767701612564367,0.5435644431995964
R_007581,17,0.0068,0.00010470115733834362,0,1628,0,1628,7,1,3,7,1.0,-0.0,0.0
R_007582,4,0.0016,3.2776036948742256e-05,0,1505,7,1505,5,1,4,5,1.0,-0.0,0.0
R_007583,5,0.002,4.106527042575845e-05,0,1565,2,1565,5,1,5,5,1.0,-0.0,0.0
R_007584,5,0.002,3.9497750286710607e-05,0,1628,0,1628,5,1,3,5,1.0,-0.0,0.0
R_007585,3,0.0012,2.8303616902799667e-05,0,1562,3,1562,5,3,6,3,0.6,0.9502705392332348,0.8649735207179272
R_007586,10,0.004,6.84604857298663e-05,0,1550,5,1550,7,1,0,7,1.0,-0.0,0.0
R_007587,9,0.0036,6.0420238322100235e-05,0,1562,3,1562,7,3,6,5,0.7142857142857143,0.796311640173813,0.7248340915057598
R_007588,7,0.0028,5.3015575978116716e-05,0,1565,2,1565,8,1,5,8,1.0,-0.0,0.0
R_007589,13,0.0052,8.296240153115251e-05,0,1628,0,1628,8,1,3,8,1.0,-0.0,0.0
R_007590,8,0.0032,5.5543525375876043e-05,0,1562,3,1562,7,2,6,6,0.8571428571428571,0.410116318288409,0.5916727785823274
R_007591,4,0.0016,3.372144542700492e-05,0,1628,0,1628,5,1,3,5,1.0,-0.0,0.0
R_007592,3,0.0012,2.729610902932679e-05,0,3102,1,1571,5,2,7,3,0.6,0.6730116670092565,0.9709505944546688
R_007593,9,0.0036,5.814369408500448e-05,0,1505,7,1505,8,1,4,8,1.0,-0.0,0.0
R_007594,14,0.0056,8.266305480965037e-05,0,1505,7,1505,7,1,4,7,1.0,-0.0,0.0
R_007595,8,0.0032,5.55938866215857e-05,0,1628,0,1628,5,1,3,5,1.0,-0.0,0.0
R_007596,4,0.0016,3.263428985553381e-05,0,1505,7,1505,8,1,4,8,1.0,-0.0,0.0
R_007597,16,0.0064,9.79475162514188e-05,0,1562,3,1562,8,2,6,7,0.875,0.3767701612564367,0.5435644431995964
R_007598,2,0.0008,2.3010995897786504e-05,0,1559,4,1559,5,1,1,5,1.0,-0.0,0.0
R_007599,5,0.002,3.973277984138195e-05,0,1628,0,1628,8,1,3,8,1.0,-0.0,0.0
R_007600,5,0.002,3.9481232562838145e-05,0,1628,0,1628,6,1,3,6,1.0,-0.0,0.0
R_007601,10,0.004,6.34490000753253e-05,0,3102,6,1531,8,1,2,8,1.0,-0.0,0.0
R_007602,9,0.0036,6.225899924535123e-05,0,1550,5,1550,7,1,0,7,1.0,-0.0,0.0
R_007603,11,0.0044,6.754419348270019e-05,0,1505,7,1505,7,1,4,7,1.0,-0.0,0.0
R_007604,15,0.006,9.140451529582814e-05,0,1559,4,1559,8,1,1,8,1.0,-0.0,0.0
R_007605,11,0.0044,7.423266712836526e-05,0,1550,5,1550,7,1,0,7,1.0,-0.0,0.0
R_007606,6,0.0024,4.684901233924021e-05,0,1565,2,1565,6,1,5,6,1.0,-0.0,0.0
R_007607,7,0.0028,4.958710004030381e-05,0,1562,3,1562,6,1,6,6,1.0,-0.0,0.0
R_007608,6,0.0024,4.2713695128900475e-05,0,1505,7,1505,5,1,4,5,1.0,-0.0,0.0
R_007609,8,0.0032,5.5119736211213485e-05,0,1559,4,1559,6,1,1,6,1.0,-0.0,0.0
R_007610,1,0.0004,1.783025710462978e-05,0,1550,5,1550,5,1,0,5,1.0,-0.0,0.0
R_007611,3,0.0012,2.7963087075385954e-05,0,1559,4,1559,6,1,1,6,1.0,-0.0,0.0
R_007612,13,0.0052,7.883284681513832e-05,0,1505,7,1505,8,1,4,8,1.0,-0.0,0.0
R_007613,12,0.0048,7.275319430631686e-05,0,1505,7,1505,8,1,4,8,1.0,-0.0,0.0
R_007614,7,0.0028,5.1828361191162475e-05,0,1550,5,1550,6,1,0,6,1.0,-0.0,0.0
R_007615,11,0.0044,7.056138043928601e-05,0,1559,4,1559,6,1,1,6,1.0,-0.0,0.0
R_007616,10,0.004,6.395788698544445e-05,0,3102,1,1571,7,3,7,4,0.5714285714285714,0.9556998911125344,0.8699155297736259
R_007617,3,0.0012,2.9186646237596037e-05,0,1550,5,1550,5,1,0,5,1.0,-0.0,0.0
R_007618,9,0.0036,5.844514379711696e-05,0,3102,6,1531,7,1,2,7,1.0,-0.0,0.0
R_007619,5,0.002,3.988233677079789e-05,0,1550,5,1550,7,1,0,7,1.0,-0.0,0.0
R_007620,6,0.0024,4.716210060722175e-05,0,1565,2,1565,7,2,5,6,0.8571428571428571,0.410116318288409,0.5916727785823274
R_007621,7,0.0028,4.978483728567116e-05,0,1559,4,1559,7,1,1,7,1.0,-0.0,0.0
R_007622,7,0.0028,4.926223559073467e-05,0,1562,3,1562,6,3,6,4,0.6666666666666666,0.8675632284814612,0.7896900821428474
R_007623,12,0.0048,7.498055722940889e-05,0,3102,6,1531,7,1,2,7,1.0,-0.0,0.0
R_007624,11,0.0044,7.083229676258152e-05,0,1559,4,1559,8,1,1,8,1.0,-0.0,0.0
R_007625,4,0.0016,3.4333128238633496e-05,0,1628,0,1628,6,1,3,6,1.0,-0.0,0.0
R_007626,9,0.0036,5.851270085224243e-05,0,3102,6,1531,7,1,2,7,1.0,-0.0,0.0
R_007627,6,0.0024,4.7172800943504244e-05,0,1565,2,1565,7,2,5,6,0.8571428571428571,0.410116318288409,0.5916727785823274
R_007628,5,0.002,3.803617989354433e-05,0,3102,1,1571,5,2,7,4,0.8,0.5004024235381879,0.7219280948873623
R_007629,6,0.0024,4.4109750207519364e-05,0,1559,4,1559,6,1,1,6,1.0,-0.0,0.0
R_007630,5,0.002,3.756572269314278e-05,0,3102,1,1571,5,3,2,2,0.4,1.0549201679861442,0.9602297178607612
R_007631,2,0.0008,2.3112857004253074e-05,0,1628,0,1628,5,1,3,5,1.0,-0.0,0.0
R_007632,9,0.0036,5.836765410500811e-05,0,3102,6,1531,5,1,2,5,1.0,-0.0,0.0
R_007633,5,0.002,4.0225606575626935e-05,0,1550,5,1550,6,1,0,6,1.0,-0.0,0.0
R_007634,6,0.0024,4.358128463210506e-05,0,3102,6,1531,6,1,2,6,1.0,-0.0,0.0
R_007635,7,0.0028,5.079700108309245e-05,0,1628,0,1628,6,1,3,6,1.0,-0.0,0.0
R_007636,14,0.0056,8.610270291747805e-05,0,1559,4,1559,8,1,1,8,1.0,-0.0,0.0
R_007637,8,0.0032,5.6299594691269384e-05,0,1628,0,1628,7,1,3,7,1.0,-0.0,0.0
R_007638,11,0.0044,7.068518372977666e-05,0,1559,4,1559,7,1,1,7,1.0,-0.0,0.0
R_007639,4,0.0016,3.563533043551721e-05,0,1565,2,1565,6,1,5,6,1.0,-0.0,0.0
R_007640,6,0.0024,4.5605359925092376e-05,0,1550,5,1550,8,1,0,8,1.0,-0.0,0.0
R_007641,6,0.0024,4.536458046811665e-05,0,1628,0,1628,6,1,3,6,1.0,-0.0,0.0
R_007642,5,0.002,3.916668022540058e-05,0,1559,4,1559,5,1,1,5,1.0,-0.0,0.0
R_007643,9,0.0036,6.022647957102301e-05,0,1559,4,1559,8,1,1,8,1.0,-0.0,0.0
R_007644,11,0.0044,6.922356589960724e-05,0,3102,6,1531,7,1,2,7,1.0,-0.0,0.0
R_007645,5,0.002,3.833084526600697e-05,0,1559,4,1559,5,1,1,5,1.0,-0.0,0.0
R_007646,12,0.0048,7.626329609705686e-05,0,1562,3,1562,8,2,6,7,0.875,0.3767701612564367,0.5435644431995964
R_007647,9,0.0036,5.7804977470026995e-05,0,3102,1,1571,7,3,7,5,0.7142857142857143,0.796311640173813,0.7248340915057598
R_007648,7,0.0028,4.929431076232628e-05,0,1559,4,1559,7,1,1,7,1.0,-0.0,0.0
R_007649,9,0.0036,6.435683022107622e-05,0,1565,2,1565,6,2,5,5,0.8333333333333334,0.4505612088663046,0.6500224216483541
R_007650,11,0.0044,7.237181363253979e-05,0,1628,0,1628,7,1,3,7,1.0,-0.0,0.0
R_007651,13,0.0052,8.204710918588053e-05,0,1562,3,1562,8,2,6,7,0.875,0.3767701612564367,0.5435644431995964
R_007652,9,0.0036,5.793620101761385e-05,0,3102,1,1571,7,3,7,4,0.5714285714285714,0.9556998911125344,0.8699155297736259
R_007653,9,0.0036,6.303414049602555e-05,0,1550,5,1550,6,1,0,6,1.0,-0.0,0.0
R_007654,13,0.0052,7.705012793927098e-05,0,1505,7,1505,8,1,4,8,1.0,-0.0,0.0
R_007655,10,0.004,6.189129630588743e-05,0,1505,7,1505,8,1,4,8,1.0,-0.0,0.0
R_007656,4,0.0016,3.342899662568331e-05,0,1562,3,1562,8,2,6,7,0.875,0.3767701612564367,0.5435644431995964
R_007657,4,0.0016,3.311730928911046e-05,0,3102,1,1571,5,3,7,3,0.6,0.9502705392332348,0.8649735207179272
R_007658,5,0.002,3.9505123798382484e-05,0,1562,3,1562,6,3,6,4,0.6666666666666666,0.8675632284814612,0.7896900821428474
R_007659,5,0.002,3.798594423857081e-05,0,3102,6,1531,5,1,2,5,1.0,-0.0,0.0
R_007660,8,0.0032,5.594759858255055e-05,0,1628,0,1628,7,1,3,7,1.0,-0.0,0.0
R_007661,21,0.0084,0.0001213405908013788,0,3102,6,1531,8,1,2,8,1.0,-0.0,0.0
R_007662,9,0.0036,5.856192439379052e-05,0,1505,7,1505,5,1,4,5,1.0,-0.0,0.0
R_007663,11,0.0044,7.400273398478137e-05,0,1550,5,1550,8,1,0,8,1.0,-0.0,0.0
R_007664,5,0.002,3.982421765696923e-05,0,1628,0,1628,8,1,3,8,1.0,-0.0,0.0
R_007665,3,0.0012,2.8829707709233465e-05,0,1550,5,1550,5,1,0,5,1.0,-0.0,0.0
R_007666,16,0.0064,0.00010173372899268941,0,1550,5,1550,8,1,0,8,1.0,-0.0,0.0
R_007667,7,0.0028,4.9278282378648443e-05,0,1559,4,1559,7,1,1,7,1.0,-0.0,0.0
R_007668,7,0.0028,4.982180968234216e-05,0,1628,0,1628,7,1,3,7,1.0,-0.0,0.0
R_007669,13,0.0052,7.741485110368625e-05,0,3102,1,1571,7,2,7,5,0.7142857142857143,0.5982695885852573,0.8631205685666311
R_007670,10,0.004,7.028800209574774e-05,0,1565,2,1565,7,1,5,7,1.0,-0.0,0.0
R_007671,16,0.0064,9.852510162377051e-05,0,1559,4,1559,8,1,1,8,1.0,-0.0,0.0
R_007672,7,0.0028,4.920847034525115e-05,0,3102,6,1531,5,1,2,5,1.0,-0.0,0.0
R_007673,5,0.002,3.856830456618785e-05,0,1559,4,1559,5,1,1,5,1.0,-0.0,0.0
R_007674,6,0.0024,4.247779459052202e-05,0,3102,6,1531,7,1,2,7,1.0,-0.0,0.0
R_007675,2,0.0008,2.263261713187613e-05,0,1559,4,1559,5,1,1,5,1.0,-0.0,0.0
R_007676,1,0.0004,1.7643833392756552e-05,0,1559,4,1559,5,1,1,5,1.0,-0.0,0.0
R_007677,7,0.0028,5.022435122821318e-05,0,1562,3,1562,6,2,6,5,0.8333333333333334,0.4505612088663046,0.6500224216483541
R_007678,12,0.0048,7.630556885528869e-05,0,1562,3,1562,7,2,6,6,0.8571428571428571,0.410116318288409,0.5916727785823274
R_007679,6,0.0024,4.239369207384924e-05,0,1505,7,1505,5,1,4,5,1.0,-0.0,0.0
R_007680,8,0.0032,5.472646722748466e-05,0,1562,3,1562,8,3,6,6,0.75,0.7356219397587946,0.6695919455357792
R_007681,12,0.0048,7.749402612567388e-05,0,1628,0,1628,7,1,3,7,1.0,-0.0,0.0
R_007682,11,0.0044,7.161597588927301e-05,0,1559,4,1559,8,1,1,8,1.0,-0.0,0.0
R_007683,10,0.004,6.253328914843351e-05,0,3102,1,1571,8,3,7,6,0.75,0.7356219397587946,0.6695919455357792
R_007684,12,0.0048,7.317828445325325e-05,0,1505,7,1505,8,1,4,8,1.0,-0.0,0.0
R_007685,8,0.0032,5.338219684607103e-05,0,1505,7,1505,6,1,4,6,1.0,-0.0,0.0
R_007686,10,0.004,7.05233771605656e-05,0,1565,2,1565,8,2,5,7,0.875,0.3767701612564367,0.5435644431995964
R_007687,7,0.0028,4.758981081009808e-05,0,1505,7,1505,8,1,4,8,1.0,-0.0,0.0
R_007688,10,0.004,6.451595577536519e-05,0,3102,6,1531,7,1,2,7,1.0,-0.0,0.0
R_007689,9,0.0036,6.476457456874414e-05,0,1565,2,1565,7,2,5,6,0.8571428571428571,0.410116318288409,0.5916727785823274
R_007690,7,0.0028,4.8953375578450315e-05,0,1559,4,1559,5,1,1,5,1.0,-0.0,0.0
R_007691,9,0.0036,6.0893815059220536e-05,0,1562,3,1562,6,3,6,4,0.6666666666666666,0.8675632284814612,0.7896900821428474
R_007692,5,0.002,3.8162733430336766e-05,0,3102,6,1531,5,1,2,5,1.0,-0.0,0.0
R_007693,7,0.0028,4.891452825459658e-05,0,3102,6,1531,8,1,2,8,1.0,-0.0,0.0
R_007694,10,0.004,6.307789108352848e-05,0,3102,1,1571,7,4,7,4,0.5714285714285714,1.1537419427010902,0.8322488896002307
R_007695,3,0.0012,2.839999448161545e-05,0,1559,4,1559,5,1,1,5,1.0,-0.0,0.0
R_007696,8,0.0032,5.279937215750931e-05,0,1505,7,1505,8,1,4,8,1.0,-0.0,0.0
R_007697,4,0.0016,3.46306210727852e-05,0,1550,5,1550,7,1,0,7,1.0,-0.0,0.0
R_007698,4,0.0016,3.2601723359717647e-05,0,3102,6,1531,7,1,2,7,1.0,-0.0,0.0
R_007699,13,0.0052,7.882541449214204e-05,0,1505,7,1505,7,1,4,7,1.0,-0.0,0.0
R_007700,13,0.0052,8.14718304276628e-05,0,1562,3,1562,8,3,6,6,0.75,0.7356219397587946,0.6695919455357792
R_007701,15,0.006,9.261580037293074e-05,0,1559,4,1559,8,1,1,8,1.0,-0.0,0.0
R_007702,4,0.0016,3.6018470355221724e-05,0,1565,2,1565,5,2,5,4,0.8,0.5004024235381879,0.7219280948873623
R_007703,4,0.0016,3.2356013050865727e-05,0,3102,1,1571,6,3,7,3,0.5,1.0114042647073518,0.920619835714305
R_007704,8,0.0032,5.343618344236989e-05,0,3102,1,1571,7,4,7,4,0.5714285714285714,1.1537419427010902,0.8322488896002307
R_007705,6,0.0024,4.7361591674887554e-05,0,1565,2,1565,5,1,5,5,1.0,-0.0,0.0
R_007706,11,0.0044,7.705060259469008e-05,0,1565,2,1565,7,2,5,6,0.8571428571428571,0.410116318288409,0.5916727785823274
R_007707,9,0.0036,5.774031170795907e-05,0,3102,1,1571,8,3,7,5,0.625,0.9002560512685369,0.8194483718728035
R_007708,3,0.0012,2.8086899569997053e-05,0,3102,6,1531,5,1,2,5,1.0,-0.0,0.0
R_007709,7,0.0028,4.7782564288537146e-05,0,3102,1,1571,5,4,7,2,0.4,1.3321790402101223,0.9609640474436812
R_007710,9,0.0036,5.917270326213408e-05,0,3102,6,1531,5,1,2,5,1.0,-0.0,0.0
R_007711,2,0.0008,2.2939024145516334e-05,0,1562,3,1562,5,2,6,4,0.8,0.5004024235381879,0.7219280948873623
R_007712,5,0.002,3.956300937816981e-05,0,1562,3,1562,7,2,6,6,0.8571428571428571,0.410116318288409,0.5916727785823274
R_007713,7,0.0028,4.9526345691392036e-05,0,1559,4,1559,8,1,1,8,1.0,-0.0,0.0
R_007714,8,0.0032,5.6469553787862814e-05,0,1550,5,1550,7,1,0,7,1.0,-0.0,0.0
R_007715,5,0.002,3.802934133233743e-05,0,1505,7,1505,7,1,4,7,1.0,-0.0,0.0
R_007716,5,0.002,3.963122889492804e-05,0,1628,0,1628,6,1,3,6,1.0,-0.0,0.0
R_007717,9,0.0036,6.407475277843304e-05,0,1565,2,1565,7,1,5,7,1.0,-0.0,0.0
R_007718,9,0.0036,5.902893500460682e-05,0,3102,6,1531,6,1,2,6,1.0,-0.0,0.0
R_007719,4,0.0016,3.223197063132159e-05,0,1505,7,1505,5,1,4,5,1.0,-0.0,0.0
R_007720,5,0.002,4.049507572530712e-05,0,1550,5,1550,5,1,0,5,1.0,-0.0,0.0
R_007721,7,0.0028,5.153136213160132e-05,0,1550,5,1550,7,1,0,7,1.0,-0.0,0.0
R_007722,7,0.0028,5.0970651458480546e-05,0,1550,5,1550,6,1,0,6,1.0,-0.0,0.0
R_007723,10,0.004,6.677084515530116e-05,0,1628,0,1628,7,1,3,7,1.0,-0.0,0.0
R_007724,5,0.002,3.8949219035566116e-05,0,1559,4,1559,7,1,1,7,1.0,-0.0,0.0
R_007725,5,0.002,3.937837706008481e-05,0,1628,0,1628,6,1,3,6,1.0,-0.0,0.0
R_007726,9,0.0036,6.143071082643688e-05,0,1628,0,1628,6,1,3,6,1.0,-0.0,0.0
R_007727,13,0.0052,8.122498793119949e-05,0,1559,4,1559,8,1,1,8,1.0,-0.0,0.0
R_007728,8,0.0032,5.3538118809478994e-05,0,3102,6,1531,5,1,2,5,1.0,-0.0,0.0
R_007729,4,0.0016,3.262791538243968e-05,0,1505,7,1505,5,1,4,5,1.0,-0.0,0.0
R_007730,14,0.0056,8.328824810351784e-05,0,1505,7,1505,6,1,4,6,1.0,-0.0,0.0
R_007731,4,0.0016,3.301749558692645e-05,0,3102,6,1531,5,1,2,5,1.0,-0.0,0.0
R_007732,5,0.002,4.1085729716394945e-05,0,1565,2,1565,6,1,5,6,1.0,-0.0,0.0
R_007733,4,0.0016,3.3531595317091557e-05,0,1559,4,1559,5,1,1,5,1.0,-0.0,0.0
R_007734,13,0.0052,7.943964952938107e-05,0,3102,6,1531,8,1,2,8,1.0,-0.0,0.0
R_007735,2,0.0008,2.347648173589023e-05,0,1562,3,1562,5,1,6,5,1.0,-0.0,0.0
R_007736,2,0.0008,2.2422068827984002e-05,0,3102,1,1571,5,2,7,3,0.6,0.6730116670092565,0.9709505944546688
R_007737,15,0.006,9.272204049228842e-05,0,1562,3,1562,8,3,6,6,0.75,0.7356219397587946,0.6695919455357792
R_007738,7,0.0028,5.011250065886828e-05,0,1559,4,1559,7,1,1,7,1.0,-0.0,0.0
R_007739,6,0.0024,4.317911479411109e-05,0,3102,6,1531,5,1,2,5,1.0,-0.0,0.0
R_007740,8,0.0032,5.600272428810758e-05,0,1628,0,1628,7,1,3,7,1.0,-0.0,0.0
R_007741,11,0.0044,7.267612772260938e-05,0,1628,0,1628,8,1,3,8,1.0,-0.0,0.0
R_007742,9,0.0036,5.990766002489432e-05,0,1559,4,1559,6,1,1,6,1.0,-0.0,0.0
R_007743,12,0.0048,7.384454562715932e-05,0,3102,1,1571,8,3,7,6,0.75,0.7356219397587946,0.6695919455357792
R_007744,7,0.0028,5.29187378683085e-05,0,1565,2,1565,8,2,5,7,0.875,0.3767701612564367,0.5435644431995964
R_007745,4,0.0016,3.539642689142393e-05,0,1565,2,1565,6,2,5,5,0.8333333333333334,0.4505612088663046,0.6500224216483541
R_007746,10,0.004,6.548344406659213e-05,0,1559,4,1559,7,1,1,7,1.0,-0.0,0.0
R_007747,9,0.0036,6.0956847203729734e-05,0,1628,0,1628,8,1,3,8,1.0,-0.0,0.0
R_007748,5,0.002,3.859201646603929e-05,0,1559,4,1559,7,1,1,7,1.0,-0.0,0.0
R_007749,15,0.006,9.225369616372898e-05,0,1559,4,1559,8,1,1,8,1.0,-0.0,0.0
R_007750,5,0.002,3.794917704589538e-05,0,1505,7,1505,8,1,4,8,1.0,-0.0,0.0
R_007751,2,0.0008,2.3063698919005576e-05,0,1562,3,1562,5,1,6,5,1.0,-0.0,0.0
R_007752,2,0.0008,2.2508418458944727e-05,0,1505,7,1505,5,1,4,5,1.0,-0.0,0.0
R_007753,8,0.0032,5.634554730024576e-05,0,1550,5,1550,8,1,0,8,1.0,-0.0,0.0
R_007754,8,0.0032,5.802409391958655e-05,0,1550,5,1550,5,1,0,5,1.0,-0.0,0.0
R_007755,13,0.0052,8.74605556179204e-05,0,1565,2,1565,8,2,5,7,0.875,0.3767701612564367,0.5435644431995964
R_007756,4,0.0016,3.567137572000195e-05,0,1550,5,1550,6,1,0,6,1.0,-0.0,0.0
R_007757,2,0.0008,2.3384828752063217e-05,0,1550,5,1550,5,1,0,5,1.0,-0.0,0.0
R_007758,7,0.0028,5.0193949714123776e-05,0,1562,3,1562,5,3,6,3,0.6,0.9502705392332348,0.8649735207179272
R_007759,2,0.0008,2.4026143679858467e-05,0,1565,2,1565,5,2,5,4,0.8,0.5004024235381879,0.7219280948873623
R_007760,2,0.0008,2.2981258426315736e-05,0,1559,4,1559,5,1,1,5,1.0,-0.0,0.0
R_007761,4,0.0016,3.563230090994094e-05,0,1565,2,1565,6,1,5,6,1.0,-0.0,0.0
R_007762,4,0.0016,3.420854740122646e-05,0,1562,3,1562,5,3,6,3,0.6,0.9502705392332348,0.8649735207179272
R_007763,18,0.0072,0.00010749625752301759,0,1559,4,1559,8,1,1,8,1.0,-0.0,0.0
R_007764,8,0.0032,5.520949046779548e-05,0,1628,0,1628,8,1,3,8,1.0,-0.0,0.0
R_007765,11,0.0044,7.40738471360213e-05,0,1550,5,1550,8,1,0,8,1.0,-0.0,0.0
R_007766,10,0.004,7.07391450568165e-05,0,1565,2,1565,7,1,5,7,1.0,-0.0,0.0
R_007767,8,0.0032,5.527165753040111e-05,0,1562,3,1562,7,3,6,5,0.7142857142857143,0.796311640173813,0.7248340915057598
R_007768,4,0.0016,3.4206437904575026e-05,0,1628,0,1628,6,1,3,6,1.0,-0.0,0.0
R_007769,4,0.0016,3.277818180116086e-05,0,1505,7,1505,5,1,4,5,1.0,-0.0,0.0
R_007770,13,0.0052,8.109433788600645e-05,0,1562,3,1562,7,2,6,6,0.8571428571428571,0.410116318288409,0.5916727785823274
R_007771,12,0.0048,7.634053970088568e-05,0,1559,4,1559,8,1,1,8,1.0,-0.0,0.0
R_007772,11,0.0044,7.399561651141623e-05,0,1550,5,1550,8,1,0,8,1.0,-0.0,0.0
R_007773,3,0.0012,2.847477019705003e-05,0,1562,3,1562,7,2,6,6,0.8571428571428571,0.410116318288409,0.5916727785823274
R_007774,1,0.0004,1.789113052807505e-05,0,1628,0,1628,5,1,3,5,1.0,-0.0,0.0
R_007775,6,0.0024,4.4563556536777255e-05,0,1559,4,1559,6,1,1,6,1.0,-0.0,0.0
R_007776,2,0.0008,2.3118908029709642e-05,0,1562,3,1562,5,2,6,4,0.8,0.5004024235381879,0.7219280948873623
R_007777,4,0.0016,3.504442441038215e-05,0,1550,5,1550,6,1,0,6,1.0,-0.0,0.0
R_007778,10,0.004,6.85335340619725e-05,0,1550,5,1550,7,1,0,7,1.0,-0.0,0.0
R_007779,7,0.0028,4.767791332711322e-05,0,1505,7,1505,5,1,4,5,1.0,-0.0,0.0
R_007780,9,0.0036,5.748280098057394e-05,0,1505,7,1505,8,1,4,8,1.0,-0.0,0.0
R_007781,7,0.0028,5.351619492271796e-05,0,1565,2,1565,8,2,5,7,0.875,0.3767701612564367,0.5435644431995964
R_007782,12,0.0048,7.336394884133009e-05,0,3102,1,1571,7,3,7,4,0.5714285714285714,0.9556998911125344,0.8699155297736259
R_007783,4,0.0016,3.586334819452016e-05,0,1565,2,1565,5,2,5,4,0.8,0.5004024235381879,0.7219280948873623
R_007784,1,0.0004,1.8018353282550555e-05,0,1565,2,1565,6,2,5,5,0.8333333333333334,0.4505612088663046,0.6500224216483541
R_007785,9,0.0036,5.895904854355122e-05,0,3102,6,1531,7,1,2,7,1.0,-0.0,0.0
R_007786,12,0.0048,7.82742953392149e-05,0,1628,0,1628,7,1,3,7,1.0,-0.0,0.0
R_007787,5,0.002,3.954803888429478e-05,0,1628,0,1628,6,1,3,6,1.0,-0.0,0.0
R_007788,5,0.002,4.0301836679588756e-05,0,1550,5,1550,5,1,0,5,1.0,-0.0,0.0
R_007789,7,0.0028,4.94077860784547e-05,0,1559,4,1559,6,1,1,6,1.0,-0.0,0.0
R_007790,7,0.0028,4.8670878601983295e-05,0,3102,6,1531,6,1,2,6,1.0,-0.0,0.0
R_007791,7,0.0028,4.7508052705113684e-05,0,1505,7,1505,8,1,4,8,1.0,-0.0,0.0
R_007792,5,0.002,4.026328778913879e-05,0,1550,5,1550,8,1,0,8,1.0,-0.0,0.0
R_007793,13,0.0052,7.830930335177428e-05,0,1505,7,1505,8,1,4,8,1.0,-0.0,0.0
R_007794,9,0.0036,5.7188467530643366e-05,0,1505,7,1505,6,1,4,6,1.0,-0.0,0.0
R_007795,13,0.0052,7.795789915100053e-05,0,3102,1,1571,6,3,7,4,0.6666666666666666,0.8675632284814612,0.7896900821428474
R_007796,7,0.0028,5.2504800797010596e-05,0,1565,2,1565,6,1,5,6,1.0,-0.0,0.0
R_007797,7,0.0028,4.792161562504505e-05,0,3102,1,1571,8,3,7,5,0.625,0.9002560512685369,0.8194483718728035
R_007798,5,0.002,3.7889298679539966e-05,0,3102,6,1531,5,1,2,5,1.0,-0.0,0.0
R_007799,7,0.0028,5.279202547055424e-05,0,1565,2,1565,7,1,5,7,1.0,-0.0,0.0
R_007800,7,0.0028,4.994630147928433e-05,0,1562,3,1562,6,3,6,4,0.6666666666666666,0.8675632284814612,0.7896900821428474
R_007801,10,0.004,6.387007352762467e-05,0,3102,6,1531,7,1,2,7,1.0,-0.0,0.0
R_007802,13,0.0052,8.051061458250553e-05,0,1559,4,1559,8,1,1,8,1.0,-0.0,0.0
R_007803,11,0.0044,7.12131087833644e-05,0,1559,4,1559,8,1,1,8,1.0,-0.0,0.0
R_007804,6,0.0024,4.468437891983658e-05,0,1562,3,1562,7,3,6,5,0.7142857142857143,0.796311640173813,0.7248340915057598
R_007805,5,0.002,3.80692603159073e-05,0,3102,6,1531,7,1,2,7,1.0,-0.0,0.0
R_007806,2,0.0008,2.258984122343524e-05,0,1505,7,1505,5,1,4,5,1.0,-0.0,0.0
R_007807,3,0.0012,2.831156564869983e-05,0,1562,3,1562,5,1,6,5,1.0,-0.0,0.0
R_007808,5,0.002,3.864443010128577e-05,0,1562,3,1562,7,2,6,6,0.8571428571428571,0.410116318288409,0.5916727785823274
R_007809,3,0.0012,2.814532458685871e-05,0,1562,3,1562,7,2,6,6,0.8571428571428571,0.410116318288409,0.5916727785823274
R_007810,4,0.0016,3.377486468355088e-05,0,1559,4,1559,5,1,1,5,1.0,-0.0,0.0
R_007811,7,0.0028,5.145312820543514e-05,0,1550,5,1550,6,1,0,6,1.0,-0.0,0.0
R_007812,4,0.0016,3.4118091754278635e-05,0,1562,3,1562,5,2,6,4,0.8,0.5004024235381879,0.7219280948873623
R_007813,9,0.0036,5.8594211762706066e-05,0,3102,1,1571,8,3,7,5,0.625,0.9002560512685369,0.8194483718728035
R_007814,5,0.002,3.766239196418166e-05,0,3102,1,1571,6,3,7,4,0.6666666666666666,0.8675632284814612,0.7896900821428474
R_007815,10,0.004,6.375070291131688e-05,0,3102,6,1531,6,1,2,6,1.0,-0.0,0.0
R_007816,11,0.0044,6.861982944648532e-05,0,3102,6,1531,6,1,2,6,1.0,-0.0,0.0
R_007817,11,0.0044,6.842302240050949e-05,0,3102,1,1571,6,4,2,2,0.3333333333333333,1.3296613488547582,0.9591479170272448
R_007818,4,0.0016,3.463923066485936e-05,0,1559,4,1559,5,1,1,5,1.0,-0.0,0.0
R_007819,9,0.0036,5.834135759547371e-05,0,3102,6,1531,8,1,2,8,1.0,-0.0,0.0
R_007820,10,0.004,6.534051411444787e-05,0,1559,4,1559,7,1,1,7,1.0,-0.0,0.0
R_007821,9,0.0036,6.121137450782835e-05,0,1628,0,1628,6,1,3,6,1.0,-0.0,0.0
R_007822,5,0.002,3.9520615214478646e-05,0,1628,0,1628,7,1,3,7,1.0,-0.0,0.0
R_007823,15,0.006,8.964157601531125e-05,0,3102,6,1531,8,1,2,8,1.0,-0.0,0.0
R_007824,2,0.0008,2.2481854353905703e-05,0,3102,1,1571,5,4,7,2,0.4,1.3321790402101223,0.9609640474436812
R_007825,3,0.0012,2.975120135804972e-05,0,1565,2,1565,5,1,5,5,1.0,-0.0,0.0
R_007826,6,0.0024,4.2729407301521886e-05,0,1505,7,1505,5,1,4,5,1.0,-0.0,0.0
R_007827,3,0.0012,2.903139519374636e-05,0,1550,5,1550,5,1,0,5,1.0,-0.0,0.0
R_007828,4,0.0016,3.339919672325939e-05,0,1559,4,1559,5,1,1,5,1.0,-0.0,0.0
R_007829,5,0.002,3.7846448481374504e-05,0,3102,1,1571,5,3,7,3,0.6,0.9502705392332348,0.8649735207179272
R_007830,3,0.0012,2.8244627060232775e-05,0,1559,4,1559,6,1,1,6,1.0,-0.0,0.0
R_007831,7,0.0028,4.795778776794692e-05,0,1505,7,1505,5,1,4,5,1.0,-0.0,0.0
R_007832,6,0.0024,4.54793897071533e-05,0,1628,0,1628,8,1,3,8,1.0,-0.0,0.0
R_007833,7,0.0028,5.070649896480109e-05,0,1628,0,1628,7,1,3,7,1.0,-0.0,0.0
R_007834,2,0.0008,2.398798258927294e-05,0,1565,2,1565,5,1,5,5,1.0,-0.0,0.0
R_007835,5,0.002,4.090660002144508e-05,0,1550,5,1550,6,1,0,6,1.0,-0.0,0.0
R_007836,19,0.0076,0.0001226770498748623,0,1565,2,1565,8,2,5,7,0.875,0.3767701612564367,0.5435644431995964
R_007837,6,0.0024,4.336800329823803e-05,0,1505,7,1505,7,1,4,7,1.0,-0.0,0.0
R_007838,9,0.0036,5.747820976975053e-05,0,1505,7,1505,7,1,4,7,1.0,-0.0,0.0
R_007839,14,0.0056,8.282779943424349e-05,0,1505,7,1505,8,1,4,8,1.0,-0.0,0.0
R_007840,2,0.0008,2.392420974110851e-05,0,1565,2,1565,5,1,5,5,1.0,-0.0,0.0
R_007841,8,0.0032,5.897820403889675e-05,0,1565,2,1565,8,2,5,7,0.875,0.3767701612564367,0.5435644431995964
R_007842,8,0.0032,5.7327265598428615e-05,0,1550,5,1550,8,1,0,8,1.0,-0.0,0.0
R_007843,6,0.0024,4.5413414246980475e-05,0,1628,0,1628,7,1,3,7,1.0,-0.0,0.0
R_007844,4,0.0016,3.4283146281664526e-05,0,1628,0,1628,7,1,3,7,1.0,-0.0,0.0
R_007845,3,0.0012,2.8423707303991407e-05,0,1559,4,1559,7,1,1,7,1.0,-0.0,0.0
R_007846,4,0.0016,3.2541132892906836e-05,0,3102,1,1571,6,3,7,3,0.5,1.0114042647073518,0.920619835714305
R_007847,9,0.0036,5.8025673512901206e-05,0,3102,1,1571,8,3,7,5,0.625,0.9002560512685369,0.8194483718728035
R_007848,3,0.0012,2.8594071224478542e-05,0,1628,0,1628,5,1,3,5,1.0,-0.0,0.0
R_007849,5,0.002,3.9817291833223584e-05,0,1550,5,1550,7,1,0,7,1.0,-0.0,0.0
R_007850,7,0.0028,5.1236903964157484e-05,0,1550,5,1550,8,1,0,8,1.0,-0.0,0.0
R_007851,2,0.0008,2.3359170151190942e-05,0,1550,5,1550,5,1,0,5,1.0,-0.0,0.0
R_007852,5,0.002,3.7881274434923136e-05,0,3102,1,1571,5,3,7,3,0.6,0.9502705392332348,0.8649735207179272
R_007853,8,0.0032,5.287549657257899e-05,0,1505,7,1505,7,1,4,7,1.0,-0.0,0.0
R_007854,10,0.004,6.39583424322339e-05,0,3102,6,1531,6,1,2,6,1.0,-0.0,0.0
R_007855,6,0.0024,4.5834109511535625e-05,0,1550,5,1550,7,1,0,7,1.0,-0.0,0.0
R_007856,6,0.0024,4.496075470973305e-05,0,1562,3,1562,7,3,6,5,0.7142857142857143,0.796311640173813,0.7248340915057598
R_007857,7,0.0028,5.3087993687637553e-05,0,1565,2,1565,8,1,5,8,1.0,-0.0,0.0
R_007858,7,0.0028,4.929166321409827e-05,0,1562,3,1562,8,3,6,6,0.75,0.7356219397587946,0.6695919455357792
R_007859,11,0.0044,6.850513465042338e-05,0,3102,6,1531,7,1,2,7,1.0,-0.0,0.0
R_007860,12,0.0048,7.29589262475786e-05,0,1505,7,1505,7,1,4,7,1.0,-0.0,0.0
R_007861,4,0.0016,3.5891139337951305e-05,0,1565,2,1565,6,2,5,5,0.8333333333333334,0.4505612088663046,0.6500224216483541
R_007862,6,0.0024,4.55214080037198e-05,0,1550,5,1550,8,1,0,8,1.0,-0.0,0.0
R_007863,10,0.004,6.915645914522432e-05,0,1550,5,1550,7,1,0,7,1.0,-0.0,0.0
R_007864,11,0.0044,6.830391814882449e-05,0,3102,1,1571,6,4,7,3,0.5,1.242453324894,0.8962406251802889
R_007865,8,0.0032,5.332582859210062e-05,0,3102,6,1531,7,1,2,7,1.0,-0.0,0.0
R_007866,5,0.002,3.9728422334558144e-05,0,1562,3,1562,5,2,6,4,0.8,0.5004024235381879,0.7219280948873623
R_007867,5,0.002,3.897571530117264e-05,0,1562,3,1562,8,3,6,6,0.75,0.7356219397587946,0.6695919455357792
R_007868,10,0.004,6.590961368308263e-05,0,1562,3,1562,8,3,6,6,0.75,0.7356219397587946,0.6695919455357792
R_007869,12,0.0048,7.591094876137302e-05,0,1562,3,1562,7,3,6,5,0.7142857142857143,0.796311640173813,0.7248340915057598
R_007870,1,0.0004,1.787331156014484e-05,0,1550,5,1550,5,1,0,5,1.0,-0.0,0.0
R_007871,12,0.0048,7.599448540109271e-05,0,1562,3,1562,6,2,6,5,0.8333333333333334,0.4505612088663046,0.6500224216483541
R_007872,9,0.0036,5.780101657357756e-05,0,1505,7,1505,6,1,4,6,1.0,-0.0,0.0
R_007873,3,0.0012,2.8146236313223633e-05,0,1559,4,1559,5,1,1,5,1.0,-0.0,0.0
R_007874,4,0.0016,3.381910674383218e-05,0,1562,3,1562,6,3,6,4,0.6666666666666666,0.8675632284814612,0.7896900821428474
R_007875,3,0.0012,2.791410311949091e-05,0,3102,1,1571,5,2,7,4,0.8,0.5004024235381879,0.7219280948873623
R_007876,7,0.0028,4.822295054770187e-05,0,3102,1,1571,7,3,7,5,0.7142857142857143,0.796311640173813,0.7248340915057598
R_007877,12,0.0048,8.228070896568209e-05,0,1565,2,1565,7,1,5,7,1.0,-0.0,0.0
R_007878,8,0.0032,5.2765344746320264e-05,0,1505,7,1505,7,1,4,7,1.0,-0.0,0.0
R_007879,4,0.0016,3.507237331126787e-05,0,1550,5,1550,6,1,0,6,1.0,-0.0,0.0
R_007880,1,0.0004,1.7881080488515176e-05,0,1550,5,1550,5,1,0,5,1.0,-0.0,0.0
R_007881,4,0.0016,3.54533166914993e-05,0,1565,2,1565,6,1,5,6,1.0,-0.0,0.0
R_007882,9,0.0036,5.828276126609175e-05,0,1505,7,1505,6,1,4,6,1.0,-0.0,0.0
R_007883,11,0.0044,6.782047275456261e-05,0,1505,7,1505,6,1,4,6,1.0,-0.0,0.0
R_007884,12,0.0048,7.317578679467759e-05,0,3102,1,1571,7,4,7,3,0.4285714285714285,1.277034259466139,0.9211854965885544
R_007885,2,0.0008,2.3389917540761444e-05,0,1550,5,1550,5,1,0,5,1.0,-0.0,0.0
R_007886,11,0.0044,6.893856965250608e-05,0,3102,6,1531,8,1,2,8,1.0,-0.0,0.0
R_007887,7,0.0028,5.0194760539990666e-05,0,1562,3,1562,6,1,6,6,1.0,-0.0,0.0
R_007888,8,0.0032,5.294299127540012e-05,0,3102,1,1571,6,3,7,4,0.6666666666666666,0.8675632284814612,0.7896900821428474
R_007889,13,0.0052,8.738810509362755e-05,0,1565,2,1565,8,2,5,7,0.875,0.3767701612564367,0.5435644431995964
R_007890,8,0.0032,5.2823291731432345e-05,0,1505,7,1505,5,1,4,5,1.0,-0.0,0.0
R_007891,5,0.002,3.789923348854962e-05,0,3102,1,1571,5,3,7,3,0.6,0.9502705392332348,0.8649735207179272
R_007892,11,0.0044,6.76942705490614e-05,0,3102,1,1571,7,4,7,4,0.5714285714285714,1.1537419427010902,0.8322488896002307
R_007893,6,0.0024,4.537996299948538e-05,0,1628,0,1628,5,1,3,5,1.0,-0.0,0.0
R_007894,8,0.0032,5.4636989586133574e-05,0,1559,4,1559,8,1,1,8,1.0,-0.0,0.0
R_007895,5,0.002,3.910697935015295e-05,0,1559,4,1559,5,1,1,5,1.0,-0.0,0.0
R_007896,4,0.0016,3.362032011641985e-05,0,1559,4,1559,5,1,1,5,1.0,-0.0,0.0
R_007897,8,0.0032,5.5994927763553116e-05,0,1628,0,1628,6,1,3,6,1.0,-0.0,0.0
R_007898,8,0.0032,5.5650334165198256e-05,0,1559,4,1559,6,1,1,6,1.0,-0.0,0.0
R_007899,6,0.0024,4.630757069534992e-05,0,1550,5,1550,7,1,0,7,1.0,-0.0,0.0
R_007900,7,0.0028,4.9535617641534305e-05,0,1559,4,1559,6,1,1,6,1.0,-0.0,0.0
R_007901,6,0.0024,4.483177991187543e-05,0,1628,0,1628,7,1,3,7,1.0,-0.0,0.0
R_007902,3,0.0012,2.691854681535405e-05,0,1505,7,1505,6,1,4,6,1.0,-0.0,0.0
R_007903,6,0.0024,4.591594689062746e-05,0,1550,5,1550,7,1,0,7,1.0,-0.0,0.0
R_007904,3,0.0012,2.735318601346429e-05,0,3102,1,1571,5,3,7,3,0.6,0.9502705392332348,0.8649735207179272
R_007905,3,0.0012,2.790846185041653e-05,0,3102,6,1531,5,1,2,5,1.0,-0.0,0.0
R_007906,6,0.0024,4.4824332425569646e-05,0,1562,3,1562,8,3,6,6,0.75,0.7356219397587946,0.6695919455357792
R_007907,9,0.0036,5.873431822269563e-05,0,3102,6,1531,7,1,2,7,1.0,-0.0,0.0
R_007908,15,0.006,9.081494392751283e-05,0,1559,4,1559,8,1,1,8,1.0,-0.0,0.0
R_007909,9,0.0036,6.095566433212207e-05,0,1562,3,1562,8,2,6,7,0.875,0.3767701612564367,0.5435644431995964
R_007910,5,0.002,3.896849649908668e-05,0,1562,3,1562,5,2,6,4,0.8,0.5004024235381879,0.7219280948873623
R_007911,9,0.0036,5.773189720879362e-05,0,3102,1,1571,7,2,7,6,0.8571428571428571,0.410116318288409,0.5916727785823274
R_007912,14,0.0056,8.354924851878279e-05,0,3102,1,1571,8,4,7,4,0.5,1.2130075659799042,0.875
R_007913,1,0.0004,1.754538642789482e-05,0,1562,3,1562,5,1,6,5,1.0,-0.0,0.0
R_007914,3,0.0012,2.909887870199414e-05,0,1559,4,1559,5,1,1,5,1.0,-0.0,0.0
R_007915,8,0.0032,5.4003962883477755e-05,0,3102,6,1531,5,1,2,5,1.0,-0.0,0.0
R_007916,7,0.0028,5.338556711179612e-05,0,1565,2,1565,8,2,5,7,0.875,0.3767701612564367,0.5435644431995964
R_007917,11,0.0044,7.302600784893743e-05,0,1628,0,1628,7,1,3,7,1.0,-0.0,0.0
R_007918,9,0.0036,6.03929057144411e-05,0,1559,4,1559,7,1,1,7,1.0,-0.0,0.0
R_007919,4,0.0016,3.3178170458291863e-05,0,3102,1,1571,6,3,7,4,0.6666666666666666,0.8675632284814612,0.7896900821428474
R_007920,14,0.0056,9.033083442612181e-05,0,1550,5,1550,8,1,0,8,1.0,-0.0,0.0
R_007921,5,0.002,4.1227987405343656e-05,0,1565,2,1565,8,2,5,7,0.875,0.3767701612564367,0.5435644431995964
R_007922,5,0.002,3.8012181301958995e-05,0,3102,6,1531,6,1,2,6,1.0,-0.0,0.0
R_007923,11,0.0044,6.946760863713883e-05,0,3102,6,1531,8,1,2,8,1.0,-0.0,0.0
R_007924,8,0.0032,5.281879380933384e-05,0,3102,1,1571,7,2,7,5,0.7142857142857143,0.5982695885852573,0.8631205685666311
R_007925,13,0.0052,7.802677479488149e-05,0,1505,7,1505,7,1,4,7,1.0,-0.0,0.0
R_007926,11,0.0044,7.241552898158623e-05,0,1562,3,1562,8,2,6,7,0.875,0.3767701612564367,0.5435644431995964
R_007927,9,0.0036,5.7844408607337016e-05,0,3102,1,1571,8,3,7,5,0.625,0.9002560512685369,0.8194483718728035
R_007928,4,0.0016,3.536973920768901e-05,0,1565,2,1565,7,2,5,6,0.8571428571428571,0.410116318288409,0.5916727785823274
R_007929,10,0.004,6.534445938524899e-05,0,1562,3,1562,6,2,6,5,0.8333333333333334,0.4505612088663046,0.6500224216483541
R_007930,11,0.0044,7.071877649777199e-05,0,1559,4,1559,7,1,1,7,1.0,-0.0,0.0
R_007931,9,0.0036,6.152831097020764e-05,0,1628,0,1628,8,1,3,8,1.0,-0.0,0.0
R_007932,3,0.0012,2.9118754015133447e-05,0,1550,5,1550,5,1,0,5,1.0,-0.0,0.0
R_007933,15,0.006,9.009928487613475e-05,0,3102,6,1531,8,1,2,8,1.0,-0.0,0.0
R_007934,7,0.0028,4.939583291095542e-05,0,1559,4,1559,7,1,1,7,1.0,-0.0,0.0
R_007935,10,0.004,7.083224300852854e-05,0,1565,2,1565,6,2,5,5,0.8333333333333334,0.4505612088663046,0.6500224216483541
R_007936,12,0.0048,7.337294942113725e-05,0,1505,7,1505,8,1,4,8,1.0,-0.0,0.0
R_007937,9,0.0036,6.069899282181542e-05,0,1559,4,1559,5,1,1,5,1.0,-0.0,0.0
R_007938,8,0.0032,5.311096852009279e-05,0,3102,6,1531,6,1,2,6,1.0,-0.0,0.0
R_007939,10,0.004,6.342600672045582e-05,0,3102,6,1531,6,1,2,6,1.0,-0.0,0.0
R_007940,10,0.004,6.65629700241086e-05,0,1628,0,1628,6,1,3,6,1.0,-0.0,0.0
R_007941,8,0.0032,5.3080590587937136e-05,0,3102,1,1571,7,4,7,4,0.5714285714285714,1.1537419427010902,0.8322488896002307
R_007942,5,0.002,3.91127997118133e-05,0,1562,3,1562,5,2,6,4,0.8,0.5004024235381879,0.7219280948873623
R_007943,3,0.0012,2.842854600641818e-05,0,1562,3,1562,5,3,6,3,0.6,0.9502705392332348,0.8649735207179272
R_007944,8,0.0032,5.442271482103011e-05,0,1559,4,1559,6,1,1,6,1.0,-0.0,0.0
R_007945,3,0.0012,2.7921039771601132e-05,0,1559,4,1559,7,1,1,7,1.0,-0.0,0.0
R_007946,7,0.0028,4.96802713631718e-05,0,1559,4,1559,7,1,1,7,1.0,-0.0,0.0
R_007947,13,0.0052,8.203621945336691e-05,0,1562,3,1562,8,3,6,6,0.75,0.7356219397587946,0.6695919455357792
R_007948,8,0.0032,5.442654996190405e-05,0,1559,4,1559,7,1,1,7,1.0,-0.0,0.0
R_007949,3,0.0012,2.863721693698561e-05,0,1562,3,1562,5,2,6,4,0.8,0.5004024235381879,0.7219280948873623
R_007950,7,0.0028,4.8864437637908116e-05,0,3102,6,1531,8,1,2,8,1.0,-0.0,0.0
R_007951,7,0.0028,4.942436522741381e-05,0,1559,4,1559,6,1,1,6,1.0,-0.0,0.0
R_007952,11,0.0044,6.863612090779685e-05,0,3102,1,1571,6,4,7,3,0.5,1.242453324894,0.8962406251802889
R_007953,4,0.0016,3.3906104001743764e-05,0,1562,3,1562,5,2,6,4,0.8,0.5004024235381879,0.7219280948873623
R_007954,12,0.0048,8.033135741720223e-05,0,1550,5,1550,8,1,0,8,1.0,-0.0,0.0
R_007955,7,0.0028,5.2774301577357765e-05,0,1565,2,1565,7,2,5,6,0.8571428571428571,0.410116318288409,0.5916727785823274
R_007956,15,0.006,9.213811271314309e-05,0,1559,4,1559,7,1,1,7,1.0,-0.0,0.0
R_007957,11,0.0044,6.776515705927979e-05,0,1505,7,1505,8,1,4,8,1.0,-0.0,0.0
R_007958,4,0.0016,3.3268158154559836e-05,0,1559,4,1559,6,1,1,6,1.0,-0.0,0.0
R_007959,11,0.0044,6.994471003299252e-05,0,3102,6,1531,8,1,2,8,1.0,-0.0,0.0
R_007960,10,0.004,6.626813976939724e-05,0,1562,3,1562,6,2,6,5,0.8333333333333334,0.4505612088663046,0.6500224216483541
R_007961,6,0.0024,4.242855845422292e-05,0,1505,7,1505,5,1,4,5,1.0,-0.0,0.0
R_007962,2,0.0008,2.2625699097200893e-05,0,1505,7,1505,5,1,4,5,1.0,-0.0,0.0
R_007963,6,0.0024,4.373061215594696e-05,0,3102,1,1571,6,3,7,4,0.6666666666666666,0.8675632284814612,0.7896900821428474
R_007964,7,0.0028,4.7791501744722664e-05,0,3102,1,1571,6,3,7,4,0.6666666666666666,0.8675632284814612,0.7896900821428474
R_007965,13,0.0052,8.24281705079123e-05,0,1562,3,1562,8,3,6,6,0.75,0.7356219397587946,0.6695919455357792
R_007966,4,0.0016,3.394456186547308e-05,0,1562,3,1562,6,2,6,5,0.8333333333333334,0.4505612088663046,0.6500224216483541
R_007967,7,0.0028,5.04856962700045e-05,0,1628,0,1628,5,1,3,5,1.0,-0.0,0.0
R_007968,9,0.0036,6.291695591915676e-05,0,1550,5,1550,7,1,0,7,1.0,-0.0,0.0
R_007969,10,0.004,6.626939537774511e-05,0,1562,3,1562,7,2,6,6,0.8571428571428571,0.410116318288409,0.5916727785823274
R_007970,3,0.0012,2.7884297336487726e-05,0,3102,1,1571,6,3,7,3,0.5,1.0114042647073518,0.920619835714305
R_007971,12,0.0048,7.325864151950743e-05,0,1505,7,1505,8,1,4,8,1.0,-0.0,0.0
R_007972,10,0.004,6.392055095361723e-05,0,3102,6,1531,7,1,2,7,1.0,-0.0,0.0
R_007973,1,0.0004,1.751267768293139e-05,0,3102,1,1571,5,3,7,3,0.6,0.9502705392332348,0.8649735207179272
R_007974,9,0.0036,6.433332151757601e-05,0,1565,2,1565,6,1,5,6,1.0,-0.0,0.0
R_007975,6,0.0024,4.330297580636023e-05,0,3102,1,1571,5,4,7,2,0.4,1.3321790402101223,0.9609640474436812
R_007976,8,0.0032,5.726940583775233e-05,0,1550,5,1550,8,1,0,8,1.0,-0.0,0.0
R_007977,8,0.0032,5.5323989607213035e-05,0,1562,3,1562,8,3,6,6,0.75,0.7356219397587946,0.6695919455357792
R_007978,7,0.0028,4.9552139127732876e-05,0,1559,4,1559,6,1,1,6,1.0,-0.0,0.0
R_007979,12,0.0048,7.642599145077151e-05,0,1559,4,1559,7,1,1,7,1.0,-0.0,0.0
R_007980,1,0.0004,1.8350113196498052e-05,0,1565,2,1565,5,1,5,5,1.0,-0.0,0.0
R_007981,13,0.0052,7.897382923678767e-05,0,3102,6,1531,8,1,2,8,1.0,-0.0,0.0
R_007982,7,0.0028,5.0355155061593667e-05,0,1628,0,1628,5,1,3,5,1.0,-0.0,0.0
R_007983,9,0.0036,6.497154266242155e-05,0,1565,2,1565,6,2,5,5,0.8333333333333334,0.4505612088663046,0.6500224216483541
R_007984,8,0.0032,5.551990164668908e-05,0,1562,3,1562,8,2,6,7,0.875,0.3767701612564367,0.5435644431995964
R_007985,6,0.0024,4.493218785534733e-05,0,1562,3,1562,7,3,6,5,0.7142857142857143,0.796311640173813,0.7248340915057598
R_007986,14,0.0056,8.330687644392585e-05,0,3102,1,1571,8,3,7,5,0.625,0.9002560512685369,0.8194483718728035
R_007987,9,0.0036,6.055416620250667e-05,0,1562,3,1562,7,3,6,5,0.7142857142857143,0.796311640173813,0.7248340915057598
R_007988,12,0.0048,7.369799260696625e-05,0,3102,1,1571,8,4,7,4,0.5,1.2130075659799042,0.875
R_007989,5,0.002,3.772732280968398e-05,0,3102,6,1531,6,1,2,6,1.0,-0.0,0.0
R_007990,8,0.0032,5.723237973979212e-05,0,1550,5,1550,7,1,0,7,1.0,-0.0,0.0
R_007991,11,0.0044,7.402450931296929e-05,0,1550,5,1550,7,1,0,7,1.0,-0.0,0.0
R_007992,3,0.0012,2.9824704402684515e-05,0,1565,2,1565,5,1,5,5,1.0,-0.0,0.0
R_007993,6,0.0024,4.4856753754319084e-05,0,1559,4,1559,6,1,1,6,1.0,-0.0,0.0
R_007994,8,0.0032,5.6020871739384335e-05,0,1628,0,1628,8,1,3,8,1.0,-0.0,0.0
R_007995,0,0.0,1.2023710757614017e-05,1,1,30,1,5,1,5,5,1.0,-0.0,0.0
R_007996,3,0.0012,2.8291332946607117e-05,0,1559,4,1559,6,1,1,6,1.0,-0.0,0.0
R_007997,7,0.0028,4.746152362161494e-05,0,3102,1,1571,6,2,7,5,0.8333333333333334,0.4505612088663046,0.6500224216483541
R_007998,10,0.004,6.43450928498597e-05,0,3102,6,1531,7,1,2,7,1.0,-0.0,0.0
R_007999,7,0.0028,4.9910662874021835e-05,0,1559,4,1559,6,1,1,6,1.0,-0.0,0.0
R_008000,9,0.0036,6.050571518974772e-05,0,1562,3,1562,8,3,6,6,0.75,0.7356219397587946,0.6695919455357792
R_008001,4,0.0016,3.344448944247794e-05,0,1559,4,1559,5,1,1,5,1.0,-0.0,0.0
R_008002,7,0.0028,4.7455127108885936e-05,0,1505,7,1505,7,1,4,7,1.0,-0.0,0.0
R_008003,12,0.0048,7.908430330099272e-05,0,1550,5,1550,6,1,0,6,1.0,-0.0,0.0
R_008004,11,0.0044,6.77256656174331e-05,0,1505,7,1505,8,1,4,8,1.0,-0.0,0.0
R_008005,7,0.0028,5.055022346307645e-05,0,1628,0,1628,7,1,3,7,1.0,-0.0,0.0
R_008006,10,0.004,6.324168609004078e-05,0,3102,1,1571,7,4,7,3,0.4285714285714285,1.277034259466139,0.9211854965885544
R_008007,8,0.0032,5.525009169217335e-05,0,1562,3,1562,6,2,6,5,0.8333333333333334,0.4505612088663046,0.6500224216483541
R_008008,12,0.0048,7.678141268654135e-05,0,1559,4,1559,8,1,1,8,1.0,-0.0,0.0
R_008009,4,0.0016,3.403769374811402e-05,0,1562,3,1562,6,3,6,4,0.6666666666666666,0.8675632284814612,0.7896900821428474
R_008010,10,0.004,6.367026774342509e-05,0,1505,7,1505,7,1,4,7,1.0,-0.0,0.0
R_008011,8,0.0032,5.5817175996173375e-05,0,1628,0,1628,6,1,3,6,1.0,-0.0,0.0
R_008012,5,0.002,3.905068511489866e-05,0,1559,4,1559,8,1,1,8,1.0,-0.0,0.0
R_008013,13,0.0052,8.013628362790197e-05,0,3102,6,1531,7,1,2,7,1.0,-0.0,0.0
R_008014,3,0.0012,2.915117442516977e-05,0,1550,5,1550,5,1,0,5,1.0,-0.0,0.0
R_008015,10,0.004,6.636444281495744e-05,0,1628,0,1628,8,1,3,8,1.0,-0.0,0.0
R_008016,14,0.0056,8.360959431497525e-05,0,3102,6,1531,8,1,2,8,1.0,-0.0,0.0
R_008017,6,0.0024,4.435355997464476e-05,0,1559,4,1559,6,1,1,6,1.0,-0.0,0.0
R_008018,4,0.0016,3.385181543633659e-05,0,1559,4,1559,6,1,1,6,1.0,-0.0,0.0
R_008019,4,0.0016,3.392035432430948e-05,0,1628,0,1628,5,1,3,5,1.0,-0.0,0.0
R_008020,6,0.0024,4.7219895841347226e-05,0,1565,2,1565,6,1,5,6,1.0,-0.0,0.0
R_008021,4,0.0016,3.359444140947122e-05,0,1559,4,1559,8,1,1,8,1.0,-0.0,0.0
R_008022,9,0.0036,6.056010958053961e-05,0,1562,3,1562,8,3,6,6,0.75,0.7356219397587946,0.6695919455357792
R_008023,2,0.0008,2.2980247719795476e-05,0,1559,4,1559,5,1,1,5,1.0,-0.0,0.0
R_008024,7,0.0028,4.9737001996380846e-05,0,1562,3,1562,6,2,6,5,0.8333333333333334,0.4505612088663046,0.6500224216483541
R_008025,5,0.002,3.773799529776697e-05,0,1505,7,1505,8,1,4,8,1.0,-0.0,0.0
R_008026,8,0.0032,5.253421917286813e-05,0,1505,7,1505,8,1,4,8,1.0,-0.0,0.0
R_008027,18,0.0072,0.00010221597730917878,0,1505,7,1505,8,1,4,8,1.0,-0.0,0.0
R_008028,9,0.0036,5.861197605657382e-05,0,3102,6,1531,7,1,2,7,1.0,-0.0,0.0
R_008029,7,0.0028,5.278702603775774e-05,0,1565,2,1565,6,1,5,6,1.0,-0.0,0.0
R_008030,16,0.0064,9.25926533579389e-05,0,1505,7,1505,7,1,4,7,1.0,-0.0,0.0
R_008031,7,0.0028,4.859443399161284e-05,0,3102,1,1571,7,3,7,5,0.7142857142857143,0.796311640173813,0.7248340915057598
R_008032,5,0.002,3.9622364916098174e-05,0,1628,0,1628,6,1,3,6,1.0,-0.0,0.0
R_008033,9,0.0036,6.13669998781206e-05,0,1559,4,1559,6,1,1,6,1.0,-0.0,0.0
R_008034,8,0.0032,5.4610058377014845e-05,0,1559,4,1559,8,1,1,8,1.0,-0.0,0.0
R_008035,11,0.0044,6.771294706477994e-05,0,3102,1,1571,8,4,7,4,0.5,1.2130075659799042,0.875
R_008036,1,0.0004,1.7329394605650696e-05,0,1505,7,1505,5,1,4,5,1.0,-0.0,0.0
R_008037,6,0.0024,4.406743672452405e-05,0,1562,3,1562,6,3,6,4,0.6666666666666666,0.8675632284814612,0.7896900821428474
R_008038,8,0.0032,5.915307588411837e-05,0,1565,2,1565,6,2,5,5,0.8333333333333334,0.4505612088663046,0.6500224216483541
R_008039,13,0.0052,7.985878155261822e-05,0,3102,6,1531,8,1,2,8,1.0,-0.0,0.0
R_008040,6,0.0024,4.752525403817967e-05,0,1565,2,1565,7,2,5,6,0.8571428571428571,0.410116318288409,0.5916727785823274
R_008041,4,0.0016,3.40229413645396e-05,0,1628,0,1628,5,1,3,5,1.0,-0.0,0.0
R_008042,5,0.002,3.76740984759257e-05,0,3102,1,1571,5,3,2,2,0.4,1.0549201679861442,0.9602297178607612
R_008043,3,0.0012,2.8420884164830965e-05,0,1562,3,1562,6,3,6,4,0.6666666666666666,0.8675632284814612,0.7896900821428474
R_008044,18,0.0072,0.00010800320057758632,0,1559,4,1559,8,1,1,8,1.0,-0.0,0.0
R_008045,2,0.0008,2.2594748016527382e-05,0,3102,1,1571,5,3,7,3,0.6,0.9502705392332348,0.8649735207179272
R_008046,7,0.0028,4.847070638383364e-05,0,3102,6,1531,5,1,2,5,1.0,-0.0,0.0
R_008047,9,0.0036,6.123319624968535e-05,0,1628,0,1628,5,1,3,5,1.0,-0.0,0.0
R_008048,3,0.0012,2.739047192056377e-05,0,1505,7,1505,5,1,4,5,1.0,-0.0,0.0
R_008049,3,0.0012,2.7472318074996325e-05,0,3102,1,1571,5,3,2,2,0.4,1.0549201679861442,0.9602297178607612
R_008050,4,0.0016,3.33078116057336e-05,0,1559,4,1559,5,1,1,5,1.0,-0.0,0.0
R_008051,6,0.0024,4.633563722308578e-05,0,1565,2,1565,7,2,5,6,0.8571428571428571,0.410116318288409,0.5916727785823274
R_008052,12,0.0048,7.336632103739079e-05,0,3102,1,1571,8,4,7,5,0.625,1.073542846408523,0.7743974703476992
R_008053,12,0.0048,7.791190426792645e-05,0,1559,4,1559,8,1,1,8,1.0,-0.0,0.0
R_008054,7,0.0028,4.742220369731066e-05,0,3102,1,1571,7,3,7,5,0.7142857142857143,0.796311640173813,0.7248340915057598
R_008055,5,0.002,3.7575202891500454e-05,0,1505,7,1505,6,1,4,6,1.0,-0.0,0.0
R_008056,5,0.002,3.781565163020639e-05,0,1505,7,1505,7,1,4,7,1.0,-0.0,0.0
R_008057,13,0.0052,8.153870014446347e-05,0,1562,3,1562,8,3,6,6,0.75,0.7356219397587946,0.6695919455357792
R_008058,5,0.002,3.8946646407342654e-05,0,1559,4,1559,5,1,1,5,1.0,-0.0,0.0
R_008059,8,0.0032,5.892834648374985e-05,0,1565,2,1565,7,1,5,7,1.0,-0.0,0.0
R_008060,8,0.0032,5.858437889973741e-05,0,1565,2,1565,8,1,5,8,1.0,-0.0,0.0
R_008061,7,0.0028,5.326668382276046e-05,0,1565,2,1565,6,2,5,5,0.8333333333333334,0.4505612088663046,0.6500224216483541
R_008062,12,0.0048,7.763705613035822e-05,0,1628,0,1628,7,1,3,7,1.0,-0.0,0.0
R_008063,9,0.0036,6.120087617506591e-05,0,1562,3,1562,6,1,6,6,1.0,-0.0,0.0
R_008064,14,0.0056,9.504181696044276e-05,0,1565,2,1565,7,2,5,6,0.8571428571428571,0.410116318288409,0.5916727785823274
R_008065,6,0.0024,4.2514516142062446e-05,0,3102,1,1571,6,3,7,4,0.6666666666666666,0.8675632284814612,0.7896900821428474
R_008066,15,0.006,8.823092943587486e-05,0,1505,7,1505,7,1,4,7,1.0,-0.0,0.0
R_008067,7,0.0028,4.8564313026837745e-05,0,3102,6,1531,5,1,2,5,1.0,-0.0,0.0
R_008068,7,0.0028,5.153570563687385e-05,0,1550,5,1550,8,1,0,8,1.0,-0.0,0.0
R_008069,12,0.0048,7.605582993484706e-05,0,1559,4,1559,8,1,1,8,1.0,-0.0,0.0
R_008070,5,0.002,4.011354445291374e-05,0,1550,5,1550,6,1,0,6,1.0,-0.0,0.0
R_008071,4,0.0016,3.405780660392177e-05,0,1562,3,1562,8,3,6,6,0.75,0.7356219397587946,0.6695919455357792
R_008072,14,0.0056,8.294366555433191e-05,0,3102,1,1571,8,4,7,4,0.5,1.2130075659799042,0.875
R_008073,4,0.0016,3.583892489709941e-05,0,1565,2,1565,7,2,5,6,0.8571428571428571,0.410116318288409,0.5916727785823274
R_008074,6,0.0024,4.275345051887187e-05,0,1505,7,1505,7,1,4,7,1.0,-0.0,0.0
R_008075,4,0.0016,3.249334790553582e-05,0,3102,1,1571,5,3,7,3,0.6,0.9502705392332348,0.8649735207179272
R_008076,4,0.0016,3.2564263220530464e-05,0,1505,7,1505,5,1,4,5,1.0,-0.0,0.0
R_008077,6,0.0024,4.510739645833395e-05,0,1628,0,1628,5,1,3,5,1.0,-0.0,0.0
R_008078,11,0.0044,6.780709278124747e-05,0,1505,7,1505,8,1,4,8,1.0,-0.0,0.0
R_008079,5,0.002,3.926122937796217e-05,0,1562,3,1562,6,1,6,6,1.0,-0.0,0.0
R_008080,10,0.004,6.315870023284222e-05,0,3102,1,1571,7,4,7,4,0.5714285714285714,1.1537419427010902,0.8322488896002307
R_008081,5,0.002,3.822221794283499e-05,0,3102,6,1531,6,1,2,6,1.0,-0.0,0.0
R_008082,6,0.0024,4.361211104292777e-05,0,3102,6,1531,7,1,2,7,1.0,-0.0,0.0
R_008083,7,0.0028,4.997297975971127e-05,0,1562,3,1562,8,3,6,6,0.75,0.7356219397587946,0.6695919455357792
R_008084,6,0.0024,4.5842944765717244e-05,0,1550,5,1550,6,1,0,6,1.0,-0.0,0.0
R_008085,5,0.002,3.739970810932358e-05,0,1505,7,1505,6,1,4,6,1.0,-0.0,0.0
R_008086,8,0.0032,5.88701408529397e-05,0,1565,2,1565,8,2,5,7,0.875,0.3767701612564367,0.5435644431995964
R_008087,6,0.0024,4.3228356187747374e-05,0,3102,1,1571,5,3,7,3,0.6,0.9502705392332348,0.8649735207179272
R_008088,5,0.002,3.923775565518235e-05,0,1559,4,1559,6,1,1,6,1.0,-0.0,0.0
R_008089,4,0.0016,3.585418348287385e-05,0,1565,2,1565,5,2,5,4,0.8,0.5004024235381879,0.7219280948873623
R_008090,5,0.002,3.9125838487571505e-05,0,1628,0,1628,6,1,3,6,1.0,-0.0,0.0
R_008091,4,0.0016,3.34221850965614e-05,0,3102,6,1531,5,1,2,5,1.0,-0.0,0.0
R_008092,10,0.004,6.752068301796644e-05,0,1628,0,1628,7,1,3,7,1.0,-0.0,0.0
R_008093,5,0.002,3.7967059258270814e-05,0,3102,6,1531,6,1,2,6,1.0,-0.0,0.0
R_008094,10,0.004,6.892033786592436e-05,0,1550,5,1550,8,1,0,8,1.0,-0.0,0.0
R_008095,6,0.0024,4.4616091281557584e-05,0,1562,3,1562,6,2,6,5,0.8333333333333334,0.4505612088663046,0.6500224216483541
R_008096,7,0.0028,4.8392604293010515e-05,0,3102,6,1531,7,1,2,7,1.0,-0.0,0.0
R_008097,11,0.0044,6.88779190732144e-05,0,3102,1,1571,7,3,7,4,0.5714285714285714,0.9556998911125344,0.8699155297736259
R_008098,6,0.0024,4.675006800493008e-05,0,1565,2,1565,7,2,5,6,0.8571428571428571,0.410116318288409,0.5916727785823274
R_008099,5,0.002,4.01859332363637e-05,0,1550,5,1550,8,1,0,8,1.0,-0.0,0.0
R_008100,8,0.0032,5.3129155500863616e-05,0,1505,7,1505,8,1,4,8,1.0,-0.0,0.0
R_008101,3,0.0012,2.750315701503379e-05,0,1505,7,1505,6,1,4,6,1.0,-0.0,0.0
R_008102,4,0.0016,3.3280258835343024e-05,0,3102,1,1571,5,3,2,2,0.4,1.0549201679861442,0.9602297178607612
R_008103,9,0.0036,6.137390773732904e-05,0,1628,0,1628,8,1,3,8,1.0,-0.0,0.0
R_008104,6,0.0024,4.302130307512007e-05,0,3102,1,1571,7,4,7,3,0.4285714285714285,1.277034259466139,0.9211854965885544
R_008105,6,0.0024,4.436566223225655e-05,0,1562,3,1562,5,1,6,5,1.0,-0.0,0.0
R_008106,12,0.0048,7.250416758945045e-05,0,1505,7,1505,7,1,4,7,1.0,-0.0,0.0
R_008107,6,0.0024,4.5702933972492644e-05,0,1628,0,1628,5,1,3,5,1.0,-0.0,0.0
R_008108,7,0.0028,4.893610431271104e-05,0,1559,4,1559,7,1,1,7,1.0,-0.0,0.0
R_008109,6,0.0024,4.344732822435439e-05,0,3102,6,1531,8,1,2,8,1.0,-0.0,0.0
R_008110,9,0.0036,5.8091516646849377e-05,0,1505,7,1505,7,1,4,7,1.0,-0.0,0.0
R_008111,11,0.0044,7.598026445031884e-05,0,1565,2,1565,8,2,5,7,0.875,0.3767701612564367,0.5435644431995964
R_008112,8,0.0032,5.313763381049322e-05,0,3102,1,1571,6,2,7,4,0.6666666666666666,0.6365141682948128,0.9182958340544894
R_008113,10,0.004,6.861754886009135e-05,0,1550,5,1550,8,1,0,8,1.0,-0.0,0.0
R_008114,9,0.0036,6.370984405615045e-05,0,1550,5,1550,5,1,0,5,1.0,-0.0,0.0
R_008115,9,0.0036,6.0464847120056e-05,0,1559,4,1559,7,1,1,7,1.0,-0.0,0.0
R_008116,8,0.0032,5.7569588122368464e-05,0,1550,5,1550,8,1,0,8,1.0,-0.0,0.0
R_008117,4,0.0016,3.335013181348258e-05,0,1559,4,1559,5,1,1,5,1.0,-0.0,0.0
R_008118,2,0.0008,2.2954814310030204e-05,0,3102,1,1571,6,3,7,4,0.6666666666666666,0.8675632284814612,0.7896900821428474
R_008119,6,0.0024,4.5036588065359436e-05,0,1628,0,1628,6,1,3,6,1.0,-0.0,0.0
R_008120,10,0.004,6.740926259064745e-05,0,1628,0,1628,6,1,3,6,1.0,-0.0,0.0
R_008121,6,0.0024,4.708209674473488e-05,0,1565,2,1565,8,2,5,7,0.875,0.3767701612564367,0.5435644431995964
R_008122,9,0.0036,6.12862581684332e-05,0,1628,0,1628,8,1,3,8,1.0,-0.0,0.0
R_008123,9,0.0036,6.153450154906252e-05,0,1628,0,1628,8,1,3,8,1.0,-0.0,0.0
R_008124,4,0.0016,3.639922057306685e-05,0,1565,2,1565,5,1,5,5,1.0,-0.0,0.0
R_008125,11,0.0044,7.247440867395339e-05,0,1562,3,1562,8,3,6,6,0.75,0.7356219397587946,0.6695919455357792
R_008126,13,0.0052,8.226968224082705e-05,0,1562,3,1562,8,3,6,6,0.75,0.7356219397587946,0.6695919455357792
R_008127,6,0.0024,4.6632143757413786e-05,0,1550,5,1550,7,1,0,7,1.0,-0.0,0.0
R_008128,9,0.0036,6.300872897981785e-05,0,1550,5,1550,6,1,0,6,1.0,-0.0,0.0
R_008129,9,0.0036,5.990575375719681e-05,0,1562,3,1562,8,3,6,6,0.75,0.7356219397587946,0.6695919455357792
R_008130,8,0.0032,5.3097457671497194e-05,0,3102,1,1571,6,4,7,3,0.5,1.242453324894,0.8962406251802889
R_008131,13,0.0052,7.911130549240345e-05,0,3102,1,1571,7,2,7,6,0.8571428571428571,0.410116318288409,0.5916727785823274
R_008132,11,0.0044,7.154186279558973e-05,0,1562,3,1562,8,3,6,6,0.75,0.7356219397587946,0.6695919455357792
R_008133,4,0.0016,3.572042651856206e-05,0,1565,2,1565,6,2,5,5,0.8333333333333334,0.4505612088663046,0.6500224216483541
R_008134,2,0.0008,2.3171239051549926e-05,0,1562,3,1562,5,2,6,4,0.8,0.5004024235381879,0.7219280948873623
R_008135,6,0.0024,4.3886311295507566e-05,0,3102,1,1571,5,2,7,3,0.6,0.6730116670092565,0.9709505944546688
R_008136,1,0.0004,1.7957295767432977e-05,0,1550,5,1550,5,1,0,5,1.0,-0.0,0.0
R_008137,10,0.004,6.889162526591978e-05,0,1550,5,1550,7,1,0,7,1.0,-0.0,0.0
R_008138,3,0.0012,2.766823975305925e-05,0,3102,6,1531,5,1,2,5,1.0,-0.0,0.0
R_008139,8,0.0032,5.277162232898713e-05,0,3102,1,1571,6,2,7,4,0.6666666666666666,0.6365141682948128,0.9182958340544894
R_008140,10,0.004,6.554909948273653e-05,0,1559,4,1559,8,1,1,8,1.0,-0.0,0.0
R_008141,3,0.0012,2.9659233011674207e-05,0,1565,2,1565,5,2,5,4,0.8,0.5004024235381879,0.7219280948873623
R_008142,10,0.004,6.297371936952567e-05,0,1505,7,1505,7,1,4,7,1.0,-0.0,0.0
R_008143,8,0.0032,5.588594494991213e-05,0,1628,0,1628,8,1,3,8,1.0,-0.0,0.0
R_008144,7,0.0028,4.837308925609149e-05,0,3102,6,1531,7,1,2,7,1.0,-0.0,0.0
R_008145,10,0.004,6.845459942939232e-05,0,1550,5,1550,6,1,0,6,1.0,-0.0,0.0
R_008146,8,0.0032,5.586621718506915e-05,0,1628,0,1628,8,1,3,8,1.0,-0.0,0.0
R_008147,5,0.002,3.73322038722241e-05,0,1505,7,1505,6,1,4,6,1.0,-0.0,0.0
R_008148,8,0.0032,5.466226088053346e-05,0,1559,4,1559,6,1,1,6,1.0,-0.0,0.0
R_008149,10,0.004,6.71616487300568e-05,0,1628,0,1628,6,1,3,6,1.0,-0.0,0.0
R_008150,10,0.004,6.683424769451105e-05,0,1628,0,1628,7,1,3,7,1.0,-0.0,0.0
R_008151,4,0.0016,3.280898256406023e-05,0,3102,1,1571,7,4,7,4,0.5714285714285714,1.1537419427010902,0.8322488896002307
R_008152,3,0.0012,2.8063016126896624e-05,0,3102,1,1571,5,3,7,3,0.6,0.9502705392332348,0.8649735207179272
R_008153,5,0.002,3.958030546756306e-05,0,1628,0,1628,6,1,3,6,1.0,-0.0,0.0
R_008154,12,0.0048,7.518032968623824e-05,0,3102,6,1531,8,1,2,8,1.0,-0.0,0.0
R_008155,3,0.0012,2.9013667387784165e-05,0,1550,5,1550,7,1,0,7,1.0,-0.0,0.0
R_008156,5,0.002,3.9208220910550474e-05,0,1559,4,1559,5,1,1,5,1.0,-0.0,0.0
R_008157,7,0.0028,4.812181120651305e-05,0,3102,6,1531,6,1,2,6,1.0,-0.0,0.0
R_008158,9,0.0036,5.886129001617358e-05,0,3102,6,1531,5,1,2,5,1.0,-0.0,0.0
R_008159,13,0.0052,7.82505969203763e-05,0,3102,1,1571,7,4,7,4,0.5714285714285714,1.1537419427010902,0.8322488896002307
R_008160,5,0.002,4.0957788791830235e-05,0,1550,5,1550,7,1,0,7,1.0,-0.0,0.0
R_008161,6,0.0024,4.72753028721019e-05,0,1565,2,1565,7,2,5,6,0.8571428571428571,0.410116318288409,0.5916727785823274
R_008162,4,0.0016,3.659929758957016e-05,0,1565,2,1565,6,2,5,5,0.8333333333333334,0.4505612088663046,0.6500224216483541
R_008163,6,0.0024,4.303828722925043e-05,0,3102,1,1571,7,3,7,4,0.5714285714285714,0.9556998911125344,0.8699155297736259
R_008164,5,0.002,3.920431771888426e-05,0,1562,3,1562,6,2,6,5,0.8333333333333334,0.4505612088663046,0.6500224216483541
R_008165,2,0.0008,2.347836185494547e-05,0,1550,5,1550,5,1,0,5,1.0,-0.0,0.0
R_008166,13,0.0052,8.148435267492292e-05,0,1562,3,1562,8,3,6,6,0.75,0.7356219397587946,0.6695919455357792
R_008167,8,0.0032,5.775212373298401e-05,0,1550,5,1550,8,1,0,8,1.0,-0.0,0.0
R_008168,5,0.002,3.969554668002065e-05,0,1559,4,1559,5,1,1,5,1.0,-0.0,0.0
R_008169,3,0.0012,2.7751444352354092e-05,0,3102,6,1531,7,1,2,7,1.0,-0.0,0.0
R_008170,2,0.0008,2.3190852818427995e-05,0,1628,0,1628,5,1,3,5,1.0,-0.0,0.0
R_008171,2,0.0008,2.3402170123431995e-05,0,1550,5,1550,5,1,0,5,1.0,-0.0,0.0
R_008172,5,0.002,4.1593088263377116e-05,0,1565,2,1565,5,2,5,4,0.8,0.5004024235381879,0.7219280948873623
R_008173,8,0.0032,5.310889033104696e-05,0,1505,7,1505,7,1,4,7,1.0,-0.0,0.0
R_008174,3,0.0012,2.73654731603641e-05,0,3102,1,1571,5,2,7,4,0.8,0.5004024235381879,0.7219280948873623
R_008175,7,0.0028,4.8806461041464785e-05,0,3102,6,1531,6,1,2,6,1.0,-0.0,0.0
R_008176,10,0.004,6.52874231139124e-05,0,1559,4,1559,7,1,1,7,1.0,-0.0,0.0
R_008177,12,0.0048,7.624348469357428e-05,0,1559,4,1559,6,1,1,6,1.0,-0.0,0.0
R_008178,8,0.0032,5.5495622483101465e-05,0,1562,3,1562,8,3,6,6,0.75,0.7356219397587946,0.6695919455357792
R_008179,10,0.004,6.37938561395671e-05,0,3102,1,1571,7,4,7,4,0.5714285714285714,1.1537419427010902,0.8322488896002307
R_008180,9,0.0036,6.489880508808706e-05,0,1565,2,1565,8,2,5,7,0.875,0.3767701612564367,0.5435644431995964
R_008181,8,0.0032,5.269210627237943e-05,0,3102,1,1571,6,4,2,2,0.3333333333333333,1.3296613488547582,0.9591479170272448
R_008182,5,0.002,3.8907611612341554e-05,0,3102,6,1531,5,1,2,5,1.0,-0.0,0.0
R_008183,9,0.0036,6.159150938987689e-05,0,1628,0,1628,8,1,3,8,1.0,-0.0,0.0
R_008184,7,0.0028,4.755696154961973e-05,0,3102,1,1571,6,4,7,3,0.5,1.242453324894,0.8962406251802889
R_008185,8,0.0032,5.271019180068019e-05,0,1505,7,1505,7,1,4,7,1.0,-0.0,0.0
R_008186,5,0.002,4.032911314477914e-05,0,1550,5,1550,7,1,0,7,1.0,-0.0,0.0
R_008187,5,0.002,3.950914919253329e-05,0,1562,3,1562,5,2,6,4,0.8,0.5004024235381879,0.7219280948873623
R_008188,7,0.0028,4.9969929823388236e-05,0,1562,3,1562,5,2,6,4,0.8,0.5004024235381879,0.7219280948873623
R_008189,4,0.0016,3.44568868210562e-05,0,1550,5,1550,5,1,0,5,1.0,-0.0,0.0
R_008190,10,0.004,7.134607257736432e-05,0,1565,2,1565,8,1,5,8,1.0,-0.0,0.0
R_008191,14,0.0056,9.47495104027262e-05,0,1565,2,1565,8,2,5,7,0.875,0.3767701612564367,0.5435644431995964
R_008192,5,0.002,3.9324425585337525e-05,0,1562,3,1562,5,2,6,4,0.8,0.5004024235381879,0.7219280948873623
R_008193,7,0.0028,5.3085688971004296e-05,0,1565,2,1565,7,2,5,6,0.8571428571428571,0.410116318288409,0.5916727785823274
R_008194,4,0.0016,3.233016702994117e-05,0,1505,7,1505,6,1,4,6,1.0,-0.0,0.0
R_008195,9,0.0036,5.706289625417819e-05,0,3102,1,1571,5,2,7,3,0.6,0.6730116670092565,0.9709505944546688
R_008196,11,0.0044,7.171460795758422e-05,0,1559,4,1559,7,1,1,7,1.0,-0.0,0.0
R_008197,7,0.0028,4.975117491364122e-05,0,1562,3,1562,7,3,6,5,0.7142857142857143,0.796311640173813,0.7248340915057598
R_008198,6,0.0024,4.6960504885432064e-05,0,1565,2,1565,7,2,5,6,0.8571428571428571,0.410116318288409,0.5916727785823274
R_008199,7,0.0028,5.120987785342163e-05,0,1550,5,1550,8,1,0,8,1.0,-0.0,0.0
R_008200,9,0.0036,5.7297498270657296e-05,0,1505,7,1505,8,1,4,8,1.0,-0.0,0.0
R_008201,12,0.0048,7.31534299665503e-05,0,1505,7,1505,8,1,4,8,1.0,-0.0,0.0
R_008202,7,0.0028,4.9468590422614264e-05,0,1562,3,1562,7,3,6,5,0.7142857142857143,0.796311640173813,0.7248340915057598
R_008203,8,0.0032,5.276555810379731e-05,0,3102,1,1571,6,3,7,4,0.6666666666666666,0.8675632284814612,0.7896900821428474
R_008204,1,0.0004,1.79906207988671e-05,0,1550,5,1550,6,1,0,6,1.0,-0.0,0.0
R_008205,9,0.0036,5.869764970749024e-05,0,3102,6,1531,7,1,2,7,1.0,-0.0,0.0
R_008206,12,0.0048,7.686482301896751e-05,0,1559,4,1559,8,1,1,8,1.0,-0.0,0.0
R_008207,8,0.0032,5.263347333609851e-05,0,1505,7,1505,6,1,4,6,1.0,-0.0,0.0
R_008208,9,0.0036,6.088074045004528e-05,0,1628,0,1628,7,1,3,7,1.0,-0.0,0.0
R_008209,8,0.0032,5.447922231358312e-05,0,1559,4,1559,7,1,1,7,1.0,-0.0,0.0
R_008210,9,0.0036,5.767077658159426e-05,0,3102,1,1571,7,4,7,4,0.5714285714285714,1.1537419427010902,0.8322488896002307
R_008211,5,0.002,3.9078362494063196e-05,0,1559,4,1559,6,1,1,6,1.0,-0.0,0.0
R_008212,7,0.0028,4.7930809030355475e-05,0,3102,6,1531,6,1,2,6,1.0,-0.0,0.0
R_008213,7,0.0028,4.7674338182700625e-05,0,3102,1,1571,6,2,7,5,0.8333333333333334,0.4505612088663046,0.6500224216483541
R_008214,8,0.0032,5.63741430288475e-05,0,1628,0,1628,8,1,3,8,1.0,-0.0,0.0
R_008215,7,0.0028,4.832076296168575e-05,0,3102,1,1571,6,4,7,3,0.5,1.242453324894,0.8962406251802889
R_008216,9,0.0036,5.930095596089005e-05,0,3102,6,1531,7,1,2,7,1.0,-0.0,0.0
R_008217,5,0.002,4.078794925655151e-05,0,1550,5,1550,7,1,0,7,1.0,-0.0,0.0
R_008218,4,0.0016,3.552520151033999e-05,0,1565,2,1565,6,2,5,5,0.8333333333333334,0.4505612088663046,0.6500224216483541
R_008219,7,0.0028,5.074528338941648e-05,0,1628,0,1628,7,1,3,7,1.0,-0.0,0.0
R_008220,7,0.0028,5.024279261744763e-05,0,1628,0,1628,7,1,3,7,1.0,-0.0,0.0
R_008221,9,0.0036,6.0743031792091106e-05,0,1562,3,1562,7,2,6,6,0.8571428571428571,0.410116318288409,0.5916727785823274
R_008222,4,0.0016,3.502744345210792e-05,0,1565,2,1565,7,2,5,6,0.8571428571428571,0.410116318288409,0.5916727785823274
R_008223,1,0.0004,1.7533364142215516e-05,0,3102,6,1531,6,1,2,6,1.0,-0.0,0.0
R_008224,10,0.004,6.313327092117801e-05,0,1505,7,1505,8,1,4,8,1.0,-0.0,0.0
R_008225,5,0.002,3.905716515270081e-05,0,1562,3,1562,6,2,6,5,0.8333333333333334,0.4505612088663046,0.6500224216483541
R_008226,5,0.002,3.773813579777498e-05,0,1505,7,1505,6,1,4,6,1.0,-0.0,0.0
R_008227,3,0.0012,2.795556397540985e-05,0,3102,1,1571,6,4,2,2,0.3333333333333333,1.3296613488547582,0.9591479170272448
R_008228,5,0.002,3.9145062831459516e-05,0,1559,4,1559,6,1,1,6,1.0,-0.0,0.0
R_008229,8,0.0032,5.5552628843567475e-05,0,1562,3,1562,7,2,6,6,0.8571428571428571,0.410116318288409,0.5916727785823274
R_008230,3,0.0012,2.761949685617132e-05,0,3102,1,1571,5,2,7,4,0.8,0.5004024235381879,0.7219280948873623
R_008231,5,0.002,3.969602207439151e-05,0,1628,0,1628,7,1,3,7,1.0,-0.0,0.0
R_008232,6,0.0024,4.4096321113125916e-05,0,1562,3,1562,5,1,6,5,1.0,-0.0,0.0
R_008233,3,0.0012,2.8527525140066123e-05,0,1562,3,1562,5,2,6,4,0.8,0.5004024235381879,0.7219280948873623
R_008234,6,0.0024,4.518089408907971e-05,0,1550,5,1550,7,1,0,7,1.0,-0.0,0.0
R_008235,10,0.004,6.278593623830554e-05,0,1505,7,1505,6,1,4,6,1.0,-0.0,0.0
R_008236,11,0.0044,7.132749800855631e-05,0,1628,0,1628,7,1,3,7,1.0,-0.0,0.0
R_008237,8,0.0032,5.881083942125525e-05,0,1565,2,1565,7,2,5,6,0.8571428571428571,0.410116318288409,0.5916727785823274
R_008238,6,0.0024,4.25231186646425e-05,0,1505,7,1505,8,1,4,8,1.0,-0.0,0.0
R_008239,4,0.0016,3.239985241011055e-05,0,3102,6,1531,5,1,2,5,1.0,-0.0,0.0
R_008240,6,0.0024,4.4559686411487164e-05,0,1562,3,1562,6,2,6,5,0.8333333333333334,0.4505612088663046,0.6500224216483541
R_008241,9,0.0036,5.699893877586419e-05,0,1505,7,1505,7,1,4,7,1.0,-0.0,0.0
R_008242,7,0.0028,5.283790445067461e-05,0,1565,2,1565,8,2,5,7,0.875,0.3767701612564367,0.5435644431995964
R_008243,3,0.0012,3.070749324979893e-05,0,1565,2,1565,6,2,5,5,0.8333333333333334,0.4505612088663046,0.6500224216483541
R_008244,3,0.0012,2.8387290537623044e-05,0,1562,3,1562,6,2,6,5,0.8333333333333334,0.4505612088663046,0.6500224216483541
R_008245,8,0.0032,5.822605691427866e-05,0,1565,2,1565,8,2,5,7,0.875,0.3767701612564367,0.5435644431995964
R_008246,9,0.0036,5.8468262312391063e-05,0,1505,7,1505,6,1,4,6,1.0,-0.0,0.0
R_008247,3,0.0012,2.86684457633044e-05,0,1562,3,1562,6,2,6,5,0.8333333333333334,0.4505612088663046,0.6500224216483541
R_008248,2,0.0008,2.3020703914055503e-05,0,1628,0,1628,5,1,3,5,1.0,-0.0,0.0
R_008249,7,0.0028,4.9826969516922535e-05,0,1562,3,1562,5,1,6,5,1.0,-0.0,0.0
R_008250,5,0.002,3.9398071630878723e-05,0,1628,0,1628,6,1,3,6,1.0,-0.0,0.0
R_008251,7,0.0028,4.774538256331918e-05,0,1505,7,1505,7,1,4,7,1.0,-0.0,0.0
R_008252,10,0.004,6.358195062240634e-05,0,3102,6,1531,5,1,2,5,1.0,-0.0,0.0
R_008253,10,0.004,6.837562492532226e-05,0,1550,5,1550,8,1,0,8,1.0,-0.0,0.0
R_008254,4,0.0016,3.4615701034778445e-05,0,1550,5,1550,5,1,0,5,1.0,-0.0,0.0
R_008255,6,0.0024,4.261813959246099e-05,0,1505,7,1505,8,1,4,8,1.0,-0.0,0.0
R_008256,3,0.0012,2.7375776103778955e-05,0,3102,1,1571,5,2,7,4,0.8,0.5004024235381879,0.7219280948873623
R_008257,9,0.0036,6.522280319907286e-05,0,1565,2,1565,6,2,5,5,0.8333333333333334,0.4505612088663046,0.6500224216483541
R_008258,5,0.002,3.984540752347798e-05,0,1628,0,1628,8,1,3,8,1.0,-0.0,0.0
R_008259,13,0.0052,8.110538130362262e-05,0,1559,4,1559,8,1,1,8,1.0,-0.0,0.0
R_008260,7,0.0028,4.975403943646161e-05,0,1559,4,1559,5,1,1,5,1.0,-0.0,0.0
R_008261,1,0.0004,1.7988944692724063e-05,0,1565,2,1565,5,1,5,5,1.0,-0.0,0.0
R_008262,10,0.004,6.576114358308272e-05,0,1559,4,1559,8,1,1,8,1.0,-0.0,0.0
R_008263,12,0.0048,7.928412352594754e-05,0,1550,5,1550,7,1,0,7,1.0,-0.0,0.0
R_008264,8,0.0032,5.333751458482593e-05,0,3102,6,1531,5,1,2,5,1.0,-0.0,0.0
R_008265,8,0.0032,5.263951037198467e-05,0,1505,7,1505,8,1,4,8,1.0,-0.0,0.0
R_008266,1,0.0004,1.7669699259532635e-05,0,1559,4,1559,5,1,1,5,1.0,-0.0,0.0
R_008267,6,0.0024,4.392383483848674e-05,0,1559,4,1559,5,1,1,5,1.0,-0.0,0.0
R_008268,3,0.0012,2.9213357383447475e-05,0,1550,5,1550,5,1,0,5,1.0,-0.0,0.0
R_008269,5,0.002,3.83029665691531e-05,0,3102,1,1571,5,3,7,3,0.6,0.9502705392332348,0.8649735207179272
R_008270,7,0.0028,5.037776491886783e-05,0,1628,0,1628,6,1,3,6,1.0,-0.0,0.0
R_008271,9,0.0036,6.016966587071196e-05,0,1559,4,1559,8,1,1,8,1.0,-0.0,0.0
R_008272,6,0.0024,4.4782484617001794e-05,0,1628,0,1628,6,1,3,6,1.0,-0.0,0.0
R_008273,8,0.0032,5.3555360400223145e-05,0,3102,1,1571,8,4,7,5,0.625,1.073542846408523,0.7743974703476992
R_008274,15,0.006,9.411615396981721e-05,0,1628,0,1628,7,1,3,7,1.0,-0.0,0.0
R_008275,7,0.0028,4.9735080669521475e-05,0,1562,3,1562,8,3,6,6,0.75,0.7356219397587946,0.6695919455357792
R_008276,9,0.0036,6.244947715140333e-05,0,1550,5,1550,8,1,0,8,1.0,-0.0,0.0
R_008277,11,0.0044,7.667692580664381e-05,0,1565,2,1565,8,2,5,7,0.875,0.3767701612564367,0.5435644431995964
R_008278,11,0.0044,7.597777524707752e-05,0,1565,2,1565,8,1,5,8,1.0,-0.0,0.0
R_008279,10,0.004,6.81038768024394e-05,0,1550,5,1550,8,1,0,8,1.0,-0.0,0.0
R_008280,6,0.0024,4.5930529922238085e-05,0,1550,5,1550,7,1,0,7,1.0,-0.0,0.0
R_008281,11,0.0044,6.7255252114262e-05,0,1505,7,1505,6,1,4,6,1.0,-0.0,0.0
R_008282,5,0.002,3.81002829416908e-05,0,3102,1,1571,6,4,2,2,0.3333333333333333,1.3296613488547582,0.9591479170272448
R_008283,5,0.002,3.847770215214121e-05,0,3102,1,1571,5,3,2,2,0.4,1.0549201679861442,0.9602297178607612
R_008284,9,0.0036,6.219372434150945e-05,0,1550,5,1550,8,1,0,8,1.0,-0.0,0.0
R_008285,5,0.002,3.8213123381903905e-05,0,3102,6,1531,5,1,2,5,1.0,-0.0,0.0
R_008286,5,0.002,3.873636522189901e-05,0,1559,4,1559,5,1,1,5,1.0,-0.0,0.0
R_008287,16,0.0064,9.770402090994065e-05,0,1559,4,1559,8,1,1,8,1.0,-0.0,0.0
R_008288,10,0.004,6.565311290276456e-05,0,1559,4,1559,6,1,1,6,1.0,-0.0,0.0
R_008289,7,0.0028,4.970476542167181e-05,0,1559,4,1559,8,1,1,8,1.0,-0.0,0.0
R_008290,6,0.0024,4.31781029269252e-05,0,3102,6,1531,5,1,2,5,1.0,-0.0,0.0
R_008291,3,0.0012,2.7669955215869506e-05,0,1505,7,1505,5,1,4,5,1.0,-0.0,0.0
R_008292,4,0.0016,3.4116568696145565e-05,0,1628,0,1628,5,1,3,5,1.0,-0.0,0.0
R_008293,3,0.0012,2.8773294005918932e-05,0,1562,3,1562,5,1,6,5,1.0,-0.0,0.0
R_008294,7,0.0028,5.310262105351202e-05,0,1565,2,1565,8,2,5,7,0.875,0.3767701612564367,0.5435644431995964
R_008295,10,0.004,6.243006777781527e-05,0,1505,7,1505,7,1,4,7,1.0,-0.0,0.0
R_008296,6,0.0024,4.306179085304284e-05,0,3102,1,1571,7,4,7,4,0.5714285714285714,1.1537419427010902,0.8322488896002307
R_008297,6,0.0024,4.3544525019225274e-05,0,3102,6,1531,5,1,2,5,1.0,-0.0,0.0
R_008298,8,0.0032,5.513431466131443e-05,0,1562,3,1562,8,3,6,6,0.75,0.7356219397587946,0.6695919455357792
R_008299,10,0.004,6.821263911159926e-05,0,1550,5,1550,5,1,0,5,1.0,-0.0,0.0
R_008300,9,0.0036,6.101660047743883e-05,0,1562,3,1562,8,2,6,7,0.875,0.3767701612564367,0.5435644431995964
R_008301,6,0.0024,4.3847173778399184e-05,0,1559,4,1559,7,1,1,7,1.0,-0.0,0.0
R_008302,5,0.002,3.9135373830207286e-05,0,1562,3,1562,5,2,6,4,0.8,0.5004024235381879,0.7219280948873623
R_008303,10,0.004,6.476468648684409e-05,0,1559,4,1559,6,1,1,6,1.0,-0.0,0.0
R_008304,8,0.0032,5.44214085436677e-05,0,1559,4,1559,7,1,1,7,1.0,-0.0,0.0
R_008305,5,0.002,3.710152305772872e-05,0,1505,7,1505,6,1,4,6,1.0,-0.0,0.0
R_008306,6,0.0024,4.243842870591316e-05,0,1505,7,1505,7,1,4,7,1.0,-0.0,0.0
R_008307,7,0.0028,5.029452693437178e-05,0,1628,0,1628,7,1,3,7,1.0,-0.0,0.0
R_008308,11,0.0044,6.78988638495e-05,0,3102,1,1571,8,4,7,4,0.5,1.2130075659799042,0.875
R_008309,12,0.0048,7.638451134652611e-05,0,1559,4,1559,6,1,1,6,1.0,-0.0,0.0
R_008310,11,0.0044,7.408154034881078e-05,0,1550,5,1550,7,1,0,7,1.0,-0.0,0.0
R_008311,17,0.0068,9.911058120575744e-05,0,1505,7,1505,6,1,4,6,1.0,-0.0,0.0
R_008312,14,0.0056,9.03126642717088e-05,0,1550,5,1550,7,1,0,7,1.0,-0.0,0.0
R_008313,8,0.0032,5.7101296500217886e-05,0,1550,5,1550,7,1,0,7,1.0,-0.0,0.0
R_008314,4,0.0016,3.598308155604304e-05,0,1565,2,1565,5,2,5,4,0.8,0.5004024235381879,0.7219280948873623
R_008315,3,0.0012,2.863606519924926e-05,0,1628,0,1628,7,1,3,7,1.0,-0.0,0.0
R_008316,10,0.004,6.405371599471818e-05,0,3102,6,1531,8,1,2,8,1.0,-0.0,0.0
R_008317,6,0.0024,4.334767485291192e-05,0,3102,1,1571,6,4,7,3,0.5,1.242453324894,0.8962406251802889
R_008318,10,0.004,6.369863191357167e-05,0,3102,1,1571,7,3,7,4,0.5714285714285714,0.9556998911125344,0.8699155297736259
R_008319,3,0.0012,2.830883644359091e-05,0,1559,4,1559,7,1,1,7,1.0,-0.0,0.0
R_008320,11,0.0044,7.571629090632333e-05,0,1565,2,1565,5,1,5,5,1.0,-0.0,0.0
R_008321,10,0.004,6.586489962015508e-05,0,1559,4,1559,6,1,1,6,1.0,-0.0,0.0
R_008322,13,0.0052,7.864972508379841e-05,0,3102,6,1531,8,1,2,8,1.0,-0.0,0.0
R_008323,6,0.0024,4.293548287498261e-05,0,3102,1,1571,5,2,7,4,0.8,0.5004024235381879,0.7219280948873623
R_008324,8,0.0032,5.5408062020536766e-05,0,1562,3,1562,6,1,6,6,1.0,-0.0,0.0
R_008325,4,0.0016,3.554454553809671e-05,0,1565,2,1565,7,1,5,7,1.0,-0.0,0.0
R_008326,9,0.0036,6.574794119194622e-05,0,1565,2,1565,7,2,5,6,0.8571428571428571,0.410116318288409,0.5916727785823274
R_008327,5,0.002,4.1762779761159895e-05,0,1565,2,1565,6,2,5,5,0.8333333333333334,0.4505612088663046,0.6500224216483541
R_008328,5,0.002,4.0137148384972304e-05,0,1628,0,1628,5,1,3,5,1.0,-0.0,0.0
R_008329,2,0.0008,2.2394906829007423e-05,0,3102,1,1571,5,3,7,3,0.6,0.9502705392332348,0.8649735207179272
R_008330,10,0.004,6.653895435996472e-05,0,1562,3,1562,8,3,6,6,0.75,0.7356219397587946,0.6695919455357792
R_008331,6,0.0024,4.409199554237645e-05,0,1562,3,1562,5,2,6,4,0.8,0.5004024235381879,0.7219280948873623
R_008332,4,0.0016,3.385997981326089e-05,0,1559,4,1559,5,1,1,5,1.0,-0.0,0.0
R_008333,7,0.0028,4.990269208264839e-05,0,1559,4,1559,5,1,1,5,1.0,-0.0,0.0
R_008334,10,0.004,6.659224695175984e-05,0,1562,3,1562,8,3,6,6,0.75,0.7356219397587946,0.6695919455357792
R_008335,13,0.0052,8.78727410847369e-05,0,1565,2,1565,8,2,5,7,0.875,0.3767701612564367,0.5435644431995964
R_008336,11,0.0044,7.326800646293311e-05,0,1550,5,1550,8,1,0,8,1.0,-0.0,0.0
R_008337,5,0.002,3.8052739247612595e-05,0,1505,7,1505,6,1,4,6,1.0,-0.0,0.0
R_008338,2,0.0008,2.3868372071275e-05,0,1565,2,1565,5,2,5,4,0.8,0.5004024235381879,0.7219280948873623
R_008339,9,0.0036,6.079825848176868e-05,0,1628,0,1628,7,1,3,7,1.0,-0.0,0.0
R_008340,8,0.0032,5.552875783237384e-05,0,1628,0,1628,6,1,3,6,1.0,-0.0,0.0
R_008341,5,0.002,3.739310931744173e-05,0,3102,6,1531,6,1,2,6,1.0,-0.0,0.0
R_008342,10,0.004,6.304456790928022e-05,0,1505,7,1505,6,1,4,6,1.0,-0.0,0.0
R_008343,6,0.0024,4.2241065586832e-05,0,1505,7,1505,5,1,4,5,1.0,-0.0,0.0
R_008344,5,0.002,3.9516545841886975e-05,0,1628,0,1628,8,1,3,8,1.0,-0.0,0.0
R_008345,8,0.0032,5.3837982525816626e-05,0,3102,6,1531,6,1,2,6,1.0,-0.0,0.0
R_008346,5,0.002,4.045827649253215e-05,0,1628,0,1628,7,1,3,7,1.0,-0.0,0.0
R_008347,8,0.0032,5.519914213173017e-05,0,1562,3,1562,6,3,6,4,0.6666666666666666,0.8675632284814612,0.7896900821428474
R_008348,7,0.0028,5.412757260450917e-05,0,1565,2,1565,7,1,5,7,1.0,-0.0,0.0
R_008349,4,0.0016,3.3686883488523526e-05,0,1628,0,1628,6,1,3,6,1.0,-0.0,0.0
R_008350,8,0.0032,5.929864446020549e-05,0,1565,2,1565,7,2,5,6,0.8571428571428571,0.410116318288409,0.5916727785823274
R_008351,3,0.0012,2.8226165243737913e-05,0,1559,4,1559,5,1,1,5,1.0,-0.0,0.0
R_008352,16,0.0064,9.424651397954815e-05,0,3102,6,1531,7,1,2,7,1.0,-0.0,0.0
R_008353,8,0.0032,5.32368950571688e-05,0,3102,1,1571,7,3,7,5,0.7142857142857143,0.796311640173813,0.7248340915057598
R_008354,8,0.0032,5.509743549621914e-05,0,1562,3,1562,6,1,6,6,1.0,-0.0,0.0
R_008355,4,0.0016,3.2460461740155894e-05,0,1505,7,1505,5,1,4,5,1.0,-0.0,0.0
R_008356,11,0.0044,6.915277784753308e-05,0,3102,6,1531,6,1,2,6,1.0,-0.0,0.0
R_008357,7,0.0028,5.083527947485365e-05,0,1562,3,1562,7,2,6,6,0.8571428571428571,0.410116318288409,0.5916727785823274
R_008358,22,0.0088,0.00012334867146289634,0,1505,7,1505,8,1,4,8,1.0,-0.0,0.0
R_008359,4,0.0016,3.526762706812364e-05,0,1565,2,1565,6,2,5,5,0.8333333333333334,0.4505612088663046,0.6500224216483541
R_008360,6,0.0024,4.782390778445622e-05,0,1565,2,1565,6,2,5,5,0.8333333333333334,0.4505612088663046,0.6500224216483541
R_008361,3,0.0012,2.786743863777772e-05,0,1505,7,1505,5,1,4,5,1.0,-0.0,0.0
R_008362,9,0.0036,6.24929108782351e-05,0,1550,5,1550,8,1,0,8,1.0,-0.0,0.0
R_008363,3,0.0012,2.9519081979241016e-05,0,1550,5,1550,6,1,0,6,1.0,-0.0,0.0
R_008364,5,0.002,3.942622079240565e-05,0,1628,0,1628,6,1,3,6,1.0,-0.0,0.0
R_008365,6,0.0024,4.529601655315759e-05,0,1628,0,1628,6,1,3,6,1.0,-0.0,0.0
R_008366,10,0.004,6.391386269668855e-05,0,3102,6,1531,5,1,2,5,1.0,-0.0,0.0
R_008367,6,0.0024,4.6319144154906905e-05,0,1550,5,1550,7,1,0,7,1.0,-0.0,0.0
R_008368,3,0.0012,2.9113415213425075e-05,0,1550,5,1550,7,1,0,7,1.0,-0.0,0.0
R_008369,6,0.0024,4.2558506723081655e-05,0,3102,1,1571,7,4,7,3,0.4285714285714285,1.277034259466139,0.9211854965885544
R_008370,3,0.0012,2.7578414955901054e-05,0,3102,1,1571,5,3,7,3,0.6,0.9502705392332348,0.8649735207179272
R_008371,4,0.0016,3.3613057915963215e-05,0,1562,3,1562,5,2,6,4,0.8,0.5004024235381879,0.7219280948873623
R_008372,4,0.0016,3.4329661149245726e-05,0,1550,5,1550,7,1,0,7,1.0,-0.0,0.0
R_008373,5,0.002,3.7799188666411516e-05,0,1505,7,1505,5,1,4,5,1.0,-0.0,0.0
R_008374,15,0.006,9.241355024812142e-05,0,1559,4,1559,8,1,1,8,1.0,-0.0,0.0
R_008375,8,0.0032,5.482349629829358e-05,0,1559,4,1559,8,1,1,8,1.0,-0.0,0.0
R_008376,11,0.0044,7.35087439688015e-05,0,1550,5,1550,8,1,0,8,1.0,-0.0,0.0
R_008377,9,0.0036,6.187177126384077e-05,0,1628,0,1628,6,1,3,6,1.0,-0.0,0.0
R_008378,9,0.0036,6.303629498979724e-05,0,1550,5,1550,7,1,0,7,1.0,-0.0,0.0
R_008379,8,0.0032,5.3385432515896624e-05,0,3102,6,1531,6,1,2,6,1.0,-0.0,0.0
R_008380,4,0.0016,3.473678285628854e-05,0,1550,5,1550,6,1,0,6,1.0,-0.0,0.0
R_008381,3,0.0012,2.772002069425827e-05,0,3102,1,1571,5,3,7,3,0.6,0.9502705392332348,0.8649735207179272
R_008382,2,0.0008,2.2923929821076963e-05,0,1559,4,1559,5,1,1,5,1.0,-0.0,0.0
R_008383,4,0.0016,3.312898367301664e-05,0,3102,6,1531,5,1,2,5,1.0,-0.0,0.0
R_008384,7,0.0028,4.797205618407088e-05,0,3102,1,1571,5,2,7,4,0.8,0.5004024235381879,0.7219280948873623
R_008385,2,0.0008,2.278483520654286e-05,0,1559,4,1559,5,1,1,5,1.0,-0.0,0.0
R_008386,10,0.004,7.018831977061142e-05,0,1565,2,1565,5,1,5,5,1.0,-0.0,0.0
R_008387,6,0.0024,4.583608689118396e-05,0,1550,5,1550,7,1,0,7,1.0,-0.0,0.0
R_008388,7,0.0028,5.1859222273937875e-05,0,1550,5,1550,6,1,0,6,1.0,-0.0,0.0
R_008389,10,0.004,6.5603150440637e-05,0,1562,3,1562,8,3,6,6,0.75,0.7356219397587946,0.6695919455357792
R_008390,13,0.0052,7.888038453070242e-05,0,3102,1,1571,8,4,7,5,0.625,1.073542846408523,0.7743974703476992
R_008391,4,0.0016,3.275135054782179e-05,0,1505,7,1505,6,1,4,6,1.0,-0.0,0.0
R_008392,9,0.0036,5.840795717757138e-05,0,1505,7,1505,7,1,4,7,1.0,-0.0,0.0
R_008393,10,0.004,6.406415832742053e-05,0,3102,6,1531,7,1,2,7,1.0,-0.0,0.0
R_008394,11,0.0044,6.837620282848348e-05,0,3102,6,1531,8,1,2,8,1.0,-0.0,0.0
R_008395,6,0.0024,4.576278531068598e-05,0,1550,5,1550,5,1,0,5,1.0,-0.0,0.0
R_008396,5,0.002,3.917724458529442e-05,0,1562,3,1562,5,3,6,3,0.6,0.9502705392332348,0.8649735207179272
R_008397,4,0.0016,3.5296611546136114e-05,0,1565,2,1565,7,1,5,7,1.0,-0.0,0.0
R_008398,4,0.0016,3.399197075583626e-05,0,1628,0,1628,5,1,3,5,1.0,-0.0,0.0
R_008399,3,0.0012,2.8610708345643594e-05,0,1562,3,1562,6,2,6,5,0.8333333333333334,0.4505612088663046,0.6500224216483541
R_008400,14,0.0056,8.785819305032936e-05,0,1559,4,1559,7,1,1,7,1.0,-0.0,0.0
R_008401,8,0.0032,5.8421540718143636e-05,0,1565,2,1565,8,2,5,7,0.875,0.3767701612564367,0.5435644431995964
R_008402,3,0.0012,2.797420174898455e-05,0,1559,4,1559,6,1,1,6,1.0,-0.0,0.0
R_008403,9,0.0036,5.808139521050919e-05,0,1505,7,1505,8,1,4,8,1.0,-0.0,0.0
R_008404,10,0.004,6.673175670209677e-05,0,1628,0,1628,8,1,3,8,1.0,-0.0,0.0
R_008405,14,0.0056,8.357929386593901e-05,0,3102,6,1531,8,1,2,8,1.0,-0.0,0.0
R_008406,11,0.0044,6.837938937980965e-05,0,3102,1,1571,8,4,7,5,0.625,1.073542846408523,0.7743974703476992
R_008407,7,0.0028,4.967297427405622e-05,0,1562,3,1562,6,3,6,4,0.6666666666666666,0.8675632284814612,0.7896900821428474
R_008408,13,0.0052,7.863541007700636e-05,0,3102,1,1571,8,4,7,5,0.625,1.073542846408523,0.7743974703476992
R_008409,7,0.0028,4.963339504213184e-05,0,1559,4,1559,8,1,1,8,1.0,-0.0,0.0
R_008410,7,0.0028,5.019558406549673e-05,0,1562,3,1562,6,3,6,4,0.6666666666666666,0.8675632284814612,0.7896900821428474
R_008411,10,0.004,6.601415376439211e-05,0,1562,3,1562,7,2,6,6,0.8571428571428571,0.410116318288409,0.5916727785823274
R_008412,10,0.004,6.31180252820691e-05,0,3102,1,1571,6,4,2,2,0.3333333333333333,1.3296613488547582,0.9591479170272448
R_008413,6,0.0024,4.4843602396295184e-05,0,1628,0,1628,6,1,3,6,1.0,-0.0,0.0
R_008414,6,0.0024,4.2897400384818534e-05,0,3102,1,1571,5,4,7,2,0.4,1.3321790402101223,0.9609640474436812
R_008415,3,0.0012,2.9121789834609108e-05,0,1550,5,1550,5,1,0,5,1.0,-0.0,0.0
R_008416,11,0.0044,6.813878057207611e-05,0,3102,1,1571,6,3,7,4,0.6666666666666666,0.8675632284814612,0.7896900821428474
R_008417,10,0.004,6.366254349283414e-05,0,3102,1,1571,6,3,7,3,0.5,1.0114042647073518,0.920619835714305
R_008418,10,0.004,6.63169258903378e-05,0,1628,0,1628,7,1,3,7,1.0,-0.0,0.0
R_008419,6,0.0024,4.338307303640812e-05,0,3102,6,1531,5,1,2,5,1.0,-0.0,0.0
R_008420,9,0.0036,6.332581678230768e-05,0,1565,2,1565,6,1,5,6,1.0,-0.0,0.0
R_008421,10,0.004,6.410635411338027e-05,0,3102,1,1571,7,4,7,4,0.5714285714285714,1.1537419427010902,0.8322488896002307
R_008422,4,0.0016,3.4000865502033845e-05,0,1562,3,1562,5,2,6,4,0.8,0.5004024235381879,0.7219280948873623
R_008423,8,0.0032,5.8683784256235264e-05,0,1565,2,1565,7,1,5,7,1.0,-0.0,0.0
R_008424,6,0.0024,4.292419971221911e-05,0,3102,1,1571,5,2,7,3,0.6,0.6730116670092565,0.9709505944546688
R_008425,13,0.0052,8.213780174163825e-05,0,1559,4,1559,7,1,1,7,1.0,-0.0,0.0
R_008426,10,0.004,6.680378819460026e-05,0,1628,0,1628,6,1,3,6,1.0,-0.0,0.0
R_008427,11,0.0044,6.827156660532864e-05,0,1505,7,1505,8,1,4,8,1.0,-0.0,0.0
R_008428,9,0.0036,5.756359762576287e-05,0,1505,7,1505,8,1,4,8,1.0,-0.0,0.0
R_008429,7,0.0028,4.857490404523304e-05,0,1505,7,1505,5,1,4,5,1.0,-0.0,0.0
R_008430,5,0.002,3.819199558720386e-05,0,3102,1,1571,6,3,7,4,0.6666666666666666,0.8675632284814612,0.7896900821428474
R_008431,7,0.0028,5.026399426140881e-05,0,1628,0,1628,6,1,3,6,1.0,-0.0,0.0
R_008432,11,0.0044,7.25049309078863e-05,0,1628,0,1628,6,1,3,6,1.0,-0.0,0.0
R_008433,7,0.0028,5.009065153911211e-05,0,1562,3,1562,5,2,6,4,0.8,0.5004024235381879,0.7219280948873623
R_008434,2,0.0008,2.3955176097543886e-05,0,1565,2,1565,6,2,5,5,0.8333333333333334,0.4505612088663046,0.6500224216483541
R_008435,6,0.0024,4.562187938048381e-05,0,1550,5,1550,7,1,0,7,1.0,-0.0,0.0
R_008436,3,0.0012,2.9006812811176668e-05,0,1628,0,1628,5,1,3,5,1.0,-0.0,0.0
R_008437,3,0.0012,2.7470705706853827e-05,0,1505,7,1505,5,1,4,5,1.0,-0.0,0.0
R_008438,3,0.0012,2.8358204917833545e-05,0,1559,4,1559,5,1,1,5,1.0,-0.0,0.0
R_008439,5,0.002,4.082462863314004e-05,0,1550,5,1550,8,1,0,8,1.0,-0.0,0.0
R_008440,6,0.0024,4.495345968102322e-05,0,1562,3,1562,7,2,6,6,0.8571428571428571,0.410116318288409,0.5916727785823274
R_008441,9,0.0036,6.270489531605006e-05,0,1550,5,1550,7,1,0,7,1.0,-0.0,0.0
R_008442,13,0.0052,7.883644365994289e-05,0,3102,1,1571,8,3,7,5,0.625,0.9002560512685369,0.8194483718728035
R_008443,8,0.0032,5.868976857434093e-05,0,1565,2,1565,7,2,5,6,0.8571428571428571,0.410116318288409,0.5916727785823274
R_008444,12,0.0048,7.70946664759975e-05,0,1628,0,1628,8,1,3,8,1.0,-0.0,0.0
R_008445,9,0.0036,5.902189273604856e-05,0,3102,1,1571,6,3,7,4,0.6666666666666666,0.8675632284814612,0.7896900821428474
R_008446,8,0.0032,5.8799930467991946e-05,0,1565,2,1565,7,1,5,7,1.0,-0.0,0.0
R_008447,9,0.0036,6.253791096189392e-05,0,1550,5,1550,5,1,0,5,1.0,-0.0,0.0
R_008448,8,0.0032,5.569025842889624e-05,0,1628,0,1628,5,1,3,5,1.0,-0.0,0.0
R_008449,4,0.0016,3.393649084090928e-05,0,1562,3,1562,8,2,6,7,0.875,0.3767701612564367,0.5435644431995964
R_008450,5,0.002,3.772377865281592e-05,0,1505,7,1505,5,1,4,5,1.0,-0.0,0.0
R_008451,5,0.002,3.730740014261284e-05,0,1505,7,1505,5,1,4,5,1.0,-0.0,0.0
R_008452,11,0.0044,7.213545034644933e-05,0,1562,3,1562,7,1,6,7,1.0,-0.0,0.0
R_008453,5,0.002,4.1077668846993286e-05,0,1565,2,1565,6,2,5,5,0.8333333333333334,0.4505612088663046,0.6500224216483541
R_008454,1,0.0004,1.8029838153729577e-05,0,1550,5,1550,6,1,0,6,1.0,-0.0,0.0
R_008455,3,0.0012,2.8455894545410048e-05,0,1559,4,1559,7,1,1,7,1.0,-0.0,0.0
R_008456,8,0.0032,5.481892050340075e-05,0,1559,4,1559,6,1,1,6,1.0,-0.0,0.0
R_008457,6,0.0024,4.506280666448812e-05,0,1628,0,1628,5,1,3,5,1.0,-0.0,0.0
R_008458,3,0.0012,2.7988920989469107e-05,0,1559,4,1559,6,1,1,6,1.0,-0.0,0.0
R_008459,8,0.0032,5.295329334742383e-05,0,3102,1,1571,7,3,7,5,0.7142857142857143,0.796311640173813,0.7248340915057598
R_008460,10,0.004,6.271535479899292e-05,0,1505,7,1505,7,1,4,7,1.0,-0.0,0.0
R_008461,11,0.0044,7.151386707573896e-05,0,1562,3,1562,8,3,6,6,0.75,0.7356219397587946,0.6695919455357792
R_008462,9,0.0036,6.430927088955295e-05,0,1565,2,1565,6,2,5,5,0.8333333333333334,0.4505612088663046,0.6500224216483541
R_008463,7,0.0028,4.807943050306255e-05,0,3102,6,1531,7,1,2,7,1.0,-0.0,0.0
R_008464,8,0.0032,5.5348848293932426e-05,0,1562,3,1562,5,1,6,5,1.0,-0.0,0.0
R_008465,9,0.0036,6.106069280312735e-05,0,1562,3,1562,6,2,6,5,0.8333333333333334,0.4505612088663046,0.6500224216483541
R_008466,10,0.004,6.668966582631831e-05,0,1628,0,1628,8,1,3,8,1.0,-0.0,0.0
R_008467,7,0.0028,5.2901649656773595e-05,0,1565,2,1565,7,2,5,6,0.8571428571428571,0.410116318288409,0.5916727785823274
R_008468,7,0.0028,5.0303940549042807e-05,0,1628,0,1628,5,1,3,5,1.0,-0.0,0.0
R_008469,5,0.002,4.150942722848863e-05,0,1565,2,1565,5,2,5,4,0.8,0.5004024235381879,0.7219280948873623
R_008470,9,0.0036,6.450614635928687e-05,0,1565,2,1565,8,2,5,7,0.875,0.3767701612564367,0.5435644431995964
R_008471,7,0.0028,4.886620608107209e-05,0,1559,4,1559,8,1,1,8,1.0,-0.0,0.0
R_008472,3,0.0012,2.98889095641068e-05,0,1565,2,1565,5,2,5,4,0.8,0.5004024235381879,0.7219280948873623
R_008473,6,0.0024,4.624714420397037e-05,0,1550,5,1550,5,1,0,5,1.0,-0.0,0.0
R_008474,4,0.0016,3.3248798428609846e-05,0,3102,1,1571,5,3,7,3,0.6,0.9502705392332348,0.8649735207179272
R_008475,17,0.0068,9.952435409563456e-05,0,3102,6,1531,8,1,2,8,1.0,-0.0,0.0
R_008476,7,0.0028,4.752497289024199e-05,0,1505,7,1505,8,1,4,8,1.0,-0.0,0.0
R_008477,10,0.004,6.872473266363105e-05,0,1550,5,1550,6,1,0,6,1.0,-0.0,0.0
R_008478,12,0.0048,7.674650480946127e-05,0,1562,3,1562,8,3,6,6,0.75,0.7356219397587946,0.6695919455357792
R_008479,7,0.0028,4.9731685656612835e-05,0,1628,0,1628,7,1,3,7,1.0,-0.0,0.0
R_008480,8,0.0032,5.389404710606392e-05,0,3102,6,1531,8,1,2,8,1.0,-0.0,0.0
R_008481,5,0.002,4.150837335288528e-05,0,1565,2,1565,5,1,5,5,1.0,-0.0,0.0
R_008482,7,0.0028,4.970282935416274e-05,0,1559,4,1559,6,1,1,6,1.0,-0.0,0.0
R_008483,12,0.0048,7.960723663610696e-05,0,1550,5,1550,8,1,0,8,1.0,-0.0,0.0
R_008484,13,0.0052,7.838231362794773e-05,0,1505,7,1505,8,1,4,8,1.0,-0.0,0.0
R_008485,6,0.0024,4.2707816811032856e-05,0,3102,1,1571,6,3,7,4,0.6666666666666666,0.8675632284814612,0.7896900821428474
R_008486,5,0.002,3.8101660398529603e-05,0,1505,7,1505,5,1,4,5,1.0,-0.0,0.0
R_008487,10,0.004,6.594921985185363e-05,0,1628,0,1628,8,1,3,8,1.0,-0.0,0.0
R_008488,5,0.002,3.877956752835406e-05,0,1559,4,1559,5,1,1,5,1.0,-0.0,0.0
R_008489,4,0.0016,3.601192646652851e-05,0,1565,2,1565,5,2,5,4,0.8,0.5004024235381879,0.7219280948873623
R_008490,13,0.0052,8.144467328947535e-05,0,1559,4,1559,8,1,1,8,1.0,-0.0,0.0
R_008491,10,0.004,6.57554223323966e-05,0,1559,4,1559,7,1,1,7,1.0,-0.0,0.0
R_008492,6,0.0024,4.41739441300616e-05,0,1559,4,1559,5,1,1,5,1.0,-0.0,0.0
R_008493,13,0.0052,7.817580851705042e-05,0,1505,7,1505,7,1,4,7,1.0,-0.0,0.0
R_008494,7,0.0028,4.759591308364776e-05,0,1505,7,1505,5,1,4,5,1.0,-0.0,0.0
R_008495,4,0.0016,3.266826885942666e-05,0,3102,1,1571,7,4,7,3,0.4285714285714285,1.277034259466139,0.9211854965885544
R_008496,8,0.0032,5.6217213806207745e-05,0,1628,0,1628,8,1,3,8,1.0,-0.0,0.0
R_008497,5,0.002,3.863005020195484e-05,0,1559,4,1559,6,1,1,6,1.0,-0.0,0.0
R_008498,18,0.0072,0.00010346654790388623,0,1505,7,1505,8,1,4,8,1.0,-0.0,0.0
R_008499,8,0.0032,5.873895709264632e-05,0,1565,2,1565,8,2,5,7,0.875,0.3767701612564367,0.5435644431995964
R_008500,13,0.0052,7.8963344136984e-05,0,3102,6,1531,7,1,2,7,1.0,-0.0,0.0
R_008501,5,0.002,3.90591288850245e-05,0,1562,3,1562,5,3,6,3,0.6,0.9502705392332348,0.8649735207179272
R_008502,5,0.002,4.096822431539327e-05,0,1565,2,1565,5,2,5,4,0.8,0.5004024235381879,0.7219280948873623
R_008503,4,0.0016,3.2588566557086524e-05,0,3102,1,1571,7,4,7,3,0.4285714285714285,1.277034259466139,0.9211854965885544
R_008504,3,0.0012,2.9539236927556258e-05,0,1565,2,1565,5,2,5,4,0.8,0.5004024235381879,0.7219280948873623
R_008505,13,0.0052,8.36643337737797e-05,0,1628,0,1628,7,1,3,7,1.0,-0.0,0.0
R_008506,9,0.0036,6.423682078789185e-05,0,1565,2,1565,7,1,5,7,1.0,-0.0,0.0
R_008507,5,0.002,3.886219523437822e-05,0,1562,3,1562,8,2,6,7,0.875,0.3767701612564367,0.5435644431995964
R_008508,5,0.002,3.9297638182895025e-05,0,1628,0,1628,6,1,3,6,1.0,-0.0,0.0
R_008509,6,0.0024,4.2292413625095025e-05,0,1505,7,1505,7,1,4,7,1.0,-0.0,0.0
R_008510,3,0.0012,2.779555475877756e-05,0,3102,1,1571,5,3,7,3,0.6,0.9502705392332348,0.8649735207179272
R_008511,6,0.0024,4.4906377118997414e-05,0,1628,0,1628,7,1,3,7,1.0,-0.0,0.0
R_008512,6,0.0024,4.293950977798386e-05,0,3102,1,1571,6,3,7,4,0.6666666666666666,0.8675632284814612,0.7896900821428474
R_008513,6,0.0024,4.2838015190198815e-05,0,3102,6,1531,5,1,2,5,1.0,-0.0,0.0
R_008514,9,0.0036,6.272155686009174e-05,0,1550,5,1550,7,1,0,7,1.0,-0.0,0.0
R_008515,8,0.0032,5.3436391317535655e-05,0,3102,1,1571,7,3,7,5,0.7142857142857143,0.796311640173813,0.7248340915057598
R_008516,1,0.0004,1.7544685375798077e-05,0,1628,0,1628,7,1,3,7,1.0,-0.0,0.0
R_008517,7,0.0028,4.965721544428062e-05,0,1562,3,1562,6,2,6,5,0.8333333333333334,0.4505612088663046,0.6500224216483541
R_008518,3,0.0012,2.8268311045923746e-05,0,1559,4,1559,5,1,1,5,1.0,-0.0,0.0
R_008519,14,0.0056,8.349236202160718e-05,0,1505,7,1505,8,1,4,8,1.0,-0.0,0.0
R_008520,7,0.0028,5.254445452724783e-05,0,1565,2,1565,5,1,5,5,1.0,-0.0,0.0
R_008521,6,0.0024,4.514476476374878e-05,0,1628,0,1628,5,1,3,5,1.0,-0.0,0.0
R_008522,2,0.0008,2.233836298592884e-05,0,1505,7,1505,5,1,4,5,1.0,-0.0,0.0
R_008523,8,0.0032,5.3347702289726796e-05,0,3102,6,1531,7,1,2,7,1.0,-0.0,0.0
R_008524,12,0.0048,7.867227013677945e-05,0,1550,5,1550,8,1,0,8,1.0,-0.0,0.0
R_008525,9,0.0036,6.06539407063198e-05,0,1559,4,1559,7,1,1,7,1.0,-0.0,0.0
R_008526,11,0.0044,7.083393532322041e-05,0,1562,3,1562,8,3,6,6,0.75,0.7356219397587946,0.6695919455357792
R_008527,5,0.002,3.900328495009931e-05,0,1562,3,1562,5,1,6,5,1.0,-0.0,0.0
R_008528,13,0.0052,7.864445064669413e-05,0,1505,7,1505,6,1,4,6,1.0,-0.0,0.0
R_008529,6,0.0024,4.3020736500823136e-05,0,3102,1,1571,5,2,7,4,0.8,0.5004024235381879,0.7219280948873623
R_008530,2,0.0008,2.3383301829285438e-05,0,1628,0,1628,7,1,3,7,1.0,-0.0,0.0
R_008531,2,0.0008,2.3057428140483684e-05,0,1562,3,1562,5,3,6,3,0.6,0.9502705392332348,0.8649735207179272
R_008532,6,0.0024,4.440303034214312e-05,0,1562,3,1562,7,2,6,6,0.8571428571428571,0.410116318288409,0.5916727785823274
R_008533,8,0.0032,5.8493535065671095e-05,0,1565,2,1565,6,2,5,5,0.8333333333333334,0.4505612088663046,0.6500224216483541
R_008534,7,0.0028,4.976157707002364e-05,0,1562,3,1562,7,2,6,6,0.8571428571428571,0.410116318288409,0.5916727785823274
R_008535,8,0.0032,5.875120851662984e-05,0,1565,2,1565,5,2,5,4,0.8,0.5004024235381879,0.7219280948873623
R_008536,8,0.0032,5.290221069625219e-05,0,3102,1,1571,8,4,7,5,0.625,1.073542846408523,0.7743974703476992
R_008537,5,0.002,4.078578193512528e-05,0,1565,2,1565,6,2,5,5,0.8333333333333334,0.4505612088663046,0.6500224216483541
R_008538,4,0.0016,3.501545654901701e-05,0,1565,2,1565,7,2,5,6,0.8571428571428571,0.410116318288409,0.5916727785823274
R_008539,9,0.0036,5.986659567787465e-05,0,1559,4,1559,6,1,1,6,1.0,-0.0,0.0
R_008540,1,0.0004,1.7616990727081867e-05,0,3102,6,1531,5,1,2,5,1.0,-0.0,0.0
R_008541,6,0.0024,4.592272300368427e-05,0,1550,5,1550,6,1,0,6,1.0,-0.0,0.0
R_008542,9,0.0036,6.269159491109161e-05,0,1550,5,1550,6,1,0,6,1.0,-0.0,0.0
R_008543,12,0.0048,7.972509011135014e-05,0,1550,5,1550,8,1,0,8,1.0,-0.0,0.0
R_008544,3,0.0012,2.7664621401493377e-05,0,1505,7,1505,6,1,4,6,1.0,-0.0,0.0
R_008545,12,0.0048,7.304707178577056e-05,0,1505,7,1505,7,1,4,7,1.0,-0.0,0.0
R_008546,9,0.0036,6.14226503320593e-05,0,1628,0,1628,8,1,3,8,1.0,-0.0,0.0
R_008547,7,0.0028,4.7474608933003996e-05,0,1505,7,1505,8,1,4,8,1.0,-0.0,0.0
R_008548,7,0.0028,4.705520479147444e-05,0,1505,7,1505,5,1,4,5,1.0,-0.0,0.0
R_008549,4,0.0016,3.2791365715256965e-05,0,3102,6,1531,6,1,2,6,1.0,-0.0,0.0
R_008550,11,0.0044,7.101624303218238e-05,0,1562,3,1562,8,3,6,6,0.75,0.7356219397587946,0.6695919455357792
R_008551,6,0.0024,4.3022613722803435e-05,0,3102,1,1571,7,3,7,5,0.7142857142857143,0.796311640173813,0.7248340915057598
R_008552,8,0.0032,5.3185371799178575e-05,0,1505,7,1505,7,1,4,7,1.0,-0.0,0.0
R_008553,7,0.0028,4.718433548192458e-05,0,1505,7,1505,5,1,4,5,1.0,-0.0,0.0
R_008554,6,0.0024,4.2597086997719256e-05,0,1505,7,1505,5,1,4,5,1.0,-0.0,0.0
R_008555,4,0.0016,3.5236637297425986e-05,0,1550,5,1550,5,1,0,5,1.0,-0.0,0.0
R_008556,3,0.0012,2.772102140525461e-05,0,3102,6,1531,5,1,2,5,1.0,-0.0,0.0
R_008557,4,0.0016,3.419949742458538e-05,0,1550,5,1550,6,1,0,6,1.0,-0.0,0.0
R_008558,2,0.0008,2.3645162782225492e-05,0,1565,2,1565,5,2,5,4,0.8,0.5004024235381879,0.7219280948873623
R_008559,12,0.0048,7.672867091935913e-05,0,1562,3,1562,8,3,6,6,0.75,0.7356219397587946,0.6695919455357792
R_008560,6,0.0024,4.2125552311458484e-05,0,1505,7,1505,8,1,4,8,1.0,-0.0,0.0
R_008561,10,0.004,6.974325866106879e-05,0,1565,2,1565,7,2,5,6,0.8571428571428571,0.410116318288409,0.5916727785823274
R_008562,8,0.0032,5.3591034144397707e-05,0,3102,6,1531,7,1,2,7,1.0,-0.0,0.0
R_008563,12,0.0048,7.680762964156673e-05,0,1562,3,1562,8,3,6,6,0.75,0.7356219397587946,0.6695919455357792
R_008564,12,0.0048,8.196854527850994e-05,0,1565,2,1565,8,1,5,8,1.0,-0.0,0.0
R_008565,11,0.0044,6.851658321078337e-05,0,3102,1,1571,7,4,7,4,0.5714285714285714,1.1537419427010902,0.8322488896002307
R_008566,11,0.0044,7.108059087141872e-05,0,1562,3,1562,8,2,6,7,0.875,0.3767701612564367,0.5435644431995964
R_008567,10,0.004,7.027810312812283e-05,0,1565,2,1565,8,1,5,8,1.0,-0.0,0.0
R_008568,20,0.008,0.00011930845094230859,0,1562,3,1562,8,3,6,6,0.75,0.7356219397587946,0.6695919455357792
R_008569,9,0.0036,6.247630090359909e-05,0,1550,5,1550,5,1,0,5,1.0,-0.0,0.0
R_008570,9,0.0036,6.117125757452965e-05,0,1628,0,1628,7,1,3,7,1.0,-0.0,0.0
R_008571,12,0.0048,7.289024518792983e-05,0,1505,7,1505,8,1,4,8,1.0,-0.0,0.0
R_008572,7,0.0028,4.7944575056825204e-05,0,3102,1,1571,8,3,7,5,0.625,0.9002560512685369,0.8194483718728035
R_008573,8,0.0032,5.865172906669285e-05,0,1565,2,1565,6,1,5,6,1.0,-0.0,0.0
R_008574,13,0.0052,8.866999214388522e-05,0,1565,2,1565,8,1,5,8,1.0,-0.0,0.0
R_008575,6,0.0024,4.436763276822271e-05,0,1559,4,1559,5,1,1,5,1.0,-0.0,0.0
R_008576,6,0.0024,4.23332728569269e-05,0,1505,7,1505,8,1,4,8,1.0,-0.0,0.0
R_008577,6,0.0024,4.3044355808888005e-05,0,3102,6,1531,5,1,2,5,1.0,-0.0,0.0
R_008578,7,0.0028,4.819619824914692e-05,0,3102,1,1571,6,1,7,6,1.0,-0.0,0.0
R_008579,6,0.0024,4.5435458278983875e-05,0,1550,5,1550,8,1,0,8,1.0,-0.0,0.0
R_008580,0,0.0,1.2023710757614017e-05,1,1,31,1,5,2,5,4,0.8,0.5004024235381879,0.7219280948873623
R_008581,7,0.0028,4.9608484353134196e-05,0,1562,3,1562,7,2,6,6,0.8571428571428571,0.410116318288409,0.5916727785823274
R_008582,5,0.002,3.810490901192788e-05,0,3102,1,1571,5,3,2,2,0.4,1.0549201679861442,0.9602297178607612
R_008583,9,0.0036,5.8883153039538065e-05,0,1505,7,1505,5,1,4,5,1.0,-0.0,0.0
R_008584,14,0.0056,9.369524702027202e-05,0,1565,2,1565,7,2,5,6,0.8571428571428571,0.410116318288409,0.5916727785823274
R_008585,13,0.0052,7.962962055244391e-05,0,3102,1,1571,8,4,7,5,0.625,1.073542846408523,0.7743974703476992
R_008586,6,0.0024,4.4588886686067594e-05,0,1562,3,1562,8,3,6,6,0.75,0.7356219397587946,0.6695919455357792
R_008587,6,0.0024,4.259661531008382e-05,0,1505,7,1505,8,1,4,8,1.0,-0.0,0.0
R_008588,9,0.0036,6.050865281088799e-05,0,1562,3,1562,8,3,6,6,0.75,0.7356219397587946,0.6695919455357792
R_008589,9,0.0036,5.8768736296654435e-05,0,3102,1,1571,7,3,7,5,0.7142857142857143,0.796311640173813,0.7248340915057598
R_008590,7,0.0028,4.981012057326316e-05,0,1562,3,1562,8,3,6,6,0.75,0.7356219397587946,0.6695919455357792
R_008591,10,0.004,6.253683099500566e-05,0,3102,1,1571,8,3,7,5,0.625,0.9002560512685369,0.8194483718728035
R_008592,3,0.0012,2.9962889477044206e-05,0,1565,2,1565,6,2,5,5,0.8333333333333334,0.4505612088663046,0.6500224216483541
R_008593,9,0.0036,6.460188385210487e-05,0,1565,2,1565,8,2,5,7,0.875,0.3767701612564367,0.5435644431995964
R_008594,8,0.0032,5.250845784946209e-05,0,1505,7,1505,8,1,4,8,1.0,-0.0,0.0
R_008595,10,0.004,7.025364741161819e-05,0,1565,2,1565,8,1,5,8,1.0,-0.0,0.0
R_008596,1,0.0004,1.7957004722402246e-05,0,1550,5,1550,5,1,0,5,1.0,-0.0,0.0
R_008597,4,0.0016,3.3080957056043535e-05,0,3102,6,1531,6,1,2,6,1.0,-0.0,0.0
R_008598,3,0.0012,2.7438506007937703e-05,0,1505,7,1505,6,1,4,6,1.0,-0.0,0.0
R_008599,5,0.002,3.910066712716047e-05,0,1562,3,1562,6,3,6,4,0.6666666666666666,0.8675632284814612,0.7896900821428474
R_008600,7,0.0028,5.022181032243726e-05,0,1628,0,1628,7,1,3,7,1.0,-0.0,0.0
R_008601,3,0.0012,2.871222840672041e-05,0,1550,5,1550,6,1,0,6,1.0,-0.0,0.0
R_008602,6,0.0024,4.247138136155977e-05,0,3102,1,1571,6,3,7,4,0.6666666666666666,0.8675632284814612,0.7896900821428474
R_008603,8,0.0032,5.733885049124774e-05,0,1550,5,1550,6,1,0,6,1.0,-0.0,0.0
R_008604,9,0.0036,5.938148596445162e-05,0,3102,6,1531,7,1,2,7,1.0,-0.0,0.0
R_008605,9,0.0036,6.035237872443942e-05,0,1559,4,1559,6,1,1,6,1.0,-0.0,0.0
R_008606,8,0.0032,5.5688825737286035e-05,0,1562,3,1562,7,2,6,6,0.8571428571428571,0.410116318288409,0.5916727785823274
R_008607,7,0.0028,5.1350407874322256e-05,0,1550,5,1550,7,1,0,7,1.0,-0.0,0.0
R_008608,4,0.0016,3.294141495736063e-05,0,3102,1,1571,5,3,7,3,0.6,0.9502705392332348,0.8649735207179272
R_008609,7,0.0028,5.15969021439381e-05,0,1550,5,1550,5,1,0,5,1.0,-0.0,0.0
R_008610,8,0.0032,5.2470598171763015e-05,0,1505,7,1505,6,1,4,6,1.0,-0.0,0.0
R_008611,8,0.0032,5.847585909840829e-05,0,1565,2,1565,8,2,5,7,0.875,0.3767701612564367,0.5435644431995964
R_008612,7,0.0028,5.230282900036246e-05,0,1565,2,1565,6,1,5,6,1.0,-0.0,0.0
R_008613,11,0.0044,6.856432718474627e-05,0,3102,1,1571,8,4,7,4,0.5,1.2130075659799042,0.875
R_008614,6,0.0024,4.251940133863076e-05,0,1505,7,1505,6,1,4,6,1.0,-0.0,0.0
R_008615,12,0.0048,7.759840686783943e-05,0,1628,0,1628,7,1,3,7,1.0,-0.0,0.0
R_008616,3,0.0012,2.9184338409886855e-05,0,1550,5,1550,6,1,0,6,1.0,-0.0,0.0
R_008617,10,0.004,6.573329064724769e-05,0,1562,3,1562,8,3,6,6,0.75,0.7356219397587946,0.6695919455357792
R_008618,8,0.0032,5.3128341330873495e-05,0,3102,1,1571,8,3,7,5,0.625,0.9002560512685369,0.8194483718728035
R_008619,9,0.0036,5.866741448195217e-05,0,3102,6,1531,8,1,2,8,1.0,-0.0,0.0
R_008620,11,0.0044,7.220899330042508e-05,0,1628,0,1628,7,1,3,7,1.0,-0.0,0.0
R_008621,12,0.0048,7.72041548090171e-05,0,1628,0,1628,7,1,3,7,1.0,-0.0,0.0
R_008622,4,0.0016,3.324107190941358e-05,0,1559,4,1559,5,1,1,5,1.0,-0.0,0.0
R_008623,11,0.0044,6.879666917181057e-05,0,3102,1,1571,7,3,7,4,0.5714285714285714,0.9556998911125344,0.8699155297736259
R_008624,6,0.0024,4.323672287555149e-05,0,3102,1,1571,8,4,7,4,0.5,1.2130075659799042,0.875
R_008625,3,0.0012,2.7426573627724888e-05,0,3102,1,1571,5,2,7,4,0.8,0.5004024235381879,0.7219280948873623
R_008626,11,0.0044,7.090359389458265e-05,0,1559,4,1559,8,1,1,8,1.0,-0.0,0.0
R_008627,5,0.002,3.883117310684679e-05,0,1562,3,1562,6,3,6,4,0.6666666666666666,0.8675632284814612,0.7896900821428474
R_008628,7,0.0028,4.743640567189136e-05,0,1505,7,1505,8,1,4,8,1.0,-0.0,0.0
R_008629,8,0.0032,5.284788587740853e-05,0,1505,7,1505,7,1,4,7,1.0,-0.0,0.0
R_008630,6,0.0024,4.610203402793547e-05,0,1550,5,1550,6,1,0,6,1.0,-0.0,0.0
R_008631,11,0.0044,7.702092038331172e-05,0,1565,2,1565,8,1,5,8,1.0,-0.0,0.0
R_008632,7,0.0028,5.131143397990027e-05,0,1550,5,1550,6,1,0,6,1.0,-0.0,0.0
R_008633,12,0.0048,7.949515669316263e-05,0,1550,5,1550,8,1,0,8,1.0,-0.0,0.0
R_008634,1,0.0004,1.7432579930264948e-05,0,3102,1,1571,5,3,7,3,0.6,0.9502705392332348,0.8649735207179272
R_008635,15,0.006,9.204208312183432e-05,0,1562,3,1562,8,2,6,7,0.875,0.3767701612564367,0.5435644431995964
R_008636,1,0.0004,1.7689456509150678e-05,0,1562,3,1562,6,2,6,5,0.8333333333333334,0.4505612088663046,0.6500224216483541
R_008637,11,0.0044,6.904294840110345e-05,0,3102,6,1531,5,1,2,5,1.0,-0.0,0.0
R_008638,5,0.002,3.9428188593234226e-05,0,1559,4,1559,7,1,1,7,1.0,-0.0,0.0
R_008639,13,0.0052,8.737220062597015e-05,0,1565,2,1565,6,2,5,5,0.8333333333333334,0.4505612088663046,0.6500224216483541
R_008640,12,0.0048,7.650180936156441e-05,0,1562,3,1562,8,2,6,7,0.875,0.3767701612564367,0.5435644431995964
R_008641,5,0.002,4.135343988210125e-05,0,1565,2,1565,6,1,5,6,1.0,-0.0,0.0
R_008642,10,0.004,6.320604676855804e-05,0,3102,1,1571,8,4,7,5,0.625,1.073542846408523,0.7743974703476992
R_008643,14,0.0056,8.351851781273255e-05,0,3102,1,1571,7,3,7,4,0.5714285714285714,0.9556998911125344,0.8699155297736259
R_008644,4,0.0016,3.2813517881822976e-05,0,3102,1,1571,5,3,7,3,0.6,0.9502705392332348,0.8649735207179272
R_008645,8,0.0032,5.46899958256644e-05,0,1559,4,1559,6,1,1,6,1.0,-0.0,0.0
R_008646,2,0.0008,2.3740103949030024e-05,0,1565,2,1565,5,2,5,4,0.8,0.5004024235381879,0.7219280948873623
R_008647,8,0.0032,5.2694933841059806e-05,0,1505,7,1505,7,1,4,7,1.0,-0.0,0.0
R_008648,1,0.0004,1.8191795882243674e-05,0,1565,2,1565,5,1,5,5,1.0,-0.0,0.0
R_008649,1,0.0004,1.8218169350387088e-05,0,1565,2,1565,5,1,5,5,1.0,-0.0,0.0
R_008650,12,0.0048,7.559547519096817e-05,0,1559,4,1559,7,1,1,7,1.0,-0.0,0.0
R_008651,3,0.0012,2.813700518342165e-05,0,3102,6,1531,5,1,2,5,1.0,-0.0,0.0
R_008652,6,0.0024,4.381272447444409e-05,0,3102,6,1531,5,1,2,5,1.0,-0.0,0.0
R_008653,11,0.0044,7.126341630198099e-05,0,1562,3,1562,7,3,6,5,0.7142857142857143,0.796311640173813,0.7248340915057598
R_008654,9,0.0036,6.013487774261102e-05,0,1559,4,1559,8,1,1,8,1.0,-0.0,0.0
R_008655,13,0.0052,7.817920655773837e-05,0,1505,7,1505,8,1,4,8,1.0,-0.0,0.0
R_008656,10,0.004,6.58610190081629e-05,0,1562,3,1562,6,2,6,5,0.8333333333333334,0.4505612088663046,0.6500224216483541
R_008657,6,0.0024,4.4455867776686534e-05,0,1628,0,1628,5,1,3,5,1.0,-0.0,0.0
R_008658,11,0.0044,6.777017312119817e-05,0,3102,1,1571,6,2,7,4,0.6666666666666666,0.6365141682948128,0.9182958340544894
R_008659,10,0.004,7.101753994389728e-05,0,1565,2,1565,6,2,5,5,0.8333333333333334,0.4505612088663046,0.6500224216483541
R_008660,11,0.0044,6.943320631644013e-05,0,3102,1,1571,8,4,7,5,0.625,1.073542846408523,0.7743974703476992
R_008661,7,0.0028,4.811215998771543e-05,0,3102,6,1531,5,1,2,5,1.0,-0.0,0.0
R_008662,8,0.0032,5.855110365725344e-05,0,1565,2,1565,8,1,5,8,1.0,-0.0,0.0
R_008663,5,0.002,3.9819120849929394e-05,0,1628,0,1628,6,1,3,6,1.0,-0.0,0.0
R_008664,5,0.002,3.869275571598761e-05,0,1559,4,1559,7,1,1,7,1.0,-0.0,0.0
R_008665,11,0.0044,7.110170931391927e-05,0,1562,3,1562,8,2,6,7,0.875,0.3767701612564367,0.5435644431995964
R_008666,3,0.0012,2.8276343889862758e-05,0,1628,0,1628,5,1,3,5,1.0,-0.0,0.0
R_008667,5,0.002,3.9534899594504715e-05,0,1628,0,1628,6,1,3,6,1.0,-0.0,0.0
R_008668,6,0.0024,4.289553506163633e-05,0,3102,1,1571,5,2,7,4,0.8,0.5004024235381879,0.7219280948873623
R_008669,8,0.0032,5.291292526737334e-05,0,3102,1,1571,8,2,7,6,0.75,0.5623351446188083,0.8112781244591328
R_008670,12,0.0048,7.271714948234727e-05,0,1505,7,1505,8,1,4,8,1.0,-0.0,0.0
R_008671,2,0.0008,2.3772025025890386e-05,0,1550,5,1550,5,1,0,5,1.0,-0.0,0.0
R_008672,9,0.0036,6.51921264031157e-05,0,1565,2,1565,7,2,5,6,0.8571428571428571,0.410116318288409,0.5916727785823274
R_008673,9,0.0036,5.9108029563825e-05,0,3102,1,1571,7,3,7,4,0.5714285714285714,0.9556998911125344,0.8699155297736259
R_008674,8,0.0032,5.326210469803048e-05,0,3102,1,1571,6,4,7,3,0.5,1.242453324894,0.8962406251802889
R_008675,7,0.0028,4.865256049634888e-05,0,3102,6,1531,6,1,2,6,1.0,-0.0,0.0
R_008676,4,0.0016,3.4812679153910646e-05,0,1550,5,1550,5,1,0,5,1.0,-0.0,0.0
R_008677,15,0.006,9.328319510660754e-05,0,1562,3,1562,8,3,6,6,0.75,0.7356219397587946,0.6695919455357792
R_008678,3,0.0012,2.9856208840038612e-05,0,1565,2,1565,6,2,5,5,0.8333333333333334,0.4505612088663046,0.6500224216483541
R_008679,3,0.0012,2.813058178318691e-05,0,1559,4,1559,5,1,1,5,1.0,-0.0,0.0
R_008680,6,0.0024,4.307288902141801e-05,0,3102,1,1571,7,4,7,3,0.4285714285714285,1.277034259466139,0.9211854965885544
R_008681,7,0.0028,5.062843155854501e-05,0,1628,0,1628,6,1,3,6,1.0,-0.0,0.0
R_008682,3,0.0012,2.7950395497647275e-05,0,3102,1,1571,5,2,7,3,0.6,0.6730116670092565,0.9709505944546688
R_008683,9,0.0036,5.829082089052353e-05,0,3102,1,1571,5,2,7,4,0.8,0.5004024235381879,0.7219280948873623
R_008684,3,0.0012,2.835161287991997e-05,0,1562,3,1562,5,2,6,4,0.8,0.5004024235381879,0.7219280948873623
R_008685,4,0.0016,3.427044647265546e-05,0,1628,0,1628,6,1,3,6,1.0,-0.0,0.0
R_008686,9,0.0036,5.772078277386321e-05,0,3102,1,1571,6,2,7,5,0.8333333333333334,0.4505612088663046,0.6500224216483541
R_008687,14,0.0056,9.416116897705715e-05,0,1565,2,1565,8,1,5,8,1.0,-0.0,0.0
R_008688,5,0.002,3.89331757433114e-05,0,1559,4,1559,5,1,1,5,1.0,-0.0,0.0
R_008689,11,0.0044,6.901146577653276e-05,0,3102,1,1571,8,4,7,5,0.625,1.073542846408523,0.7743974703476992
R_008690,5,0.002,3.770410032392189e-05,0,3102,1,1571,5,3,2,2,0.4,1.0549201679861442,0.9602297178607612
R_008691,7,0.0028,5.008293603785771e-05,0,1559,4,1559,5,1,1,5,1.0,-0.0,0.0
R_008692,8,0.0032,5.6164206307515565e-05,0,1628,0,1628,8,1,3,8,1.0,-0.0,0.0
R_008693,2,0.0008,2.378986354327831e-05,0,1565,2,1565,5,2,5,4,0.8,0.5004024235381879,0.7219280948873623
R_008694,5,0.002,3.8422012496855275e-05,0,3102,6,1531,8,1,2,8,1.0,-0.0,0.0
R_008695,12,0.0048,7.669005109890897e-05,0,1562,3,1562,8,2,6,7,0.875,0.3767701612564367,0.5435644431995964
R_008696,9,0.0036,6.468537282622937e-05,0,1565,2,1565,6,2,5,5,0.8333333333333334,0.4505612088663046,0.6500224216483541
R_008697,8,0.0032,5.617231160906569e-05,0,1628,0,1628,6,1,3,6,1.0,-0.0,0.0
R_008698,5,0.002,3.906277984711719e-05,0,1562,3,1562,6,2,6,5,0.8333333333333334,0.4505612088663046,0.6500224216483541
R_008699,7,0.0028,5.06955130785703e-05,0,1559,4,1559,6,1,1,6,1.0,-0.0,0.0
R_008700,4,0.0016,3.30011646468644e-05,0,1505,7,1505,5,1,4,5,1.0,-0.0,0.0
R_008701,8,0.0032,5.530344768650106e-05,0,1559,4,1559,8,1,1,8,1.0,-0.0,0.0
R_008702,10,0.004,6.848905941361445e-05,0,1628,0,1628,7,1,3,7,1.0,-0.0,0.0
R_008703,22,0.0088,0.00013068622581165716,0,1559,4,1559,8,1,1,8,1.0,-0.0,0.0
R_008704,12,0.0048,7.420239852219165e-05,0,3102,1,1571,7,3,7,5,0.7142857142857143,0.796311640173813,0.7248340915057598
R_008705,8,0.0032,5.438250133371267e-05,0,1559,4,1559,6,1,1,6,1.0,-0.0,0.0
R_008706,9,0.0036,6.261992715542599e-05,0,1550,5,1550,8,1,0,8,1.0,-0.0,0.0
R_008707,3,0.0012,2.8421594017861664e-05,0,1559,4,1559,5,1,1,5,1.0,-0.0,0.0
R_008708,11,0.0044,7.591625057027146e-05,0,1565,2,1565,8,2,5,7,0.875,0.3767701612564367,0.5435644431995964
R_008709,4,0.0016,3.544835433556325e-05,0,1550,5,1550,5,1,0,5,1.0,-0.0,0.0
R_008710,12,0.0048,8.225312255111947e-05,0,1565,2,1565,8,2,5,7,0.875,0.3767701612564367,0.5435644431995964
R_008711,7,0.0028,4.776764645132712e-05,0,1505,7,1505,7,1,4,7,1.0,-0.0,0.0
R_008712,7,0.0028,5.289157562773956e-05,0,1565,2,1565,6,2,5,5,0.8333333333333334,0.4505612088663046,0.6500224216483541
R_008713,11,0.0044,6.799449154453728e-05,0,3102,1,1571,8,4,7,4,0.5,1.2130075659799042,0.875
R_008714,7,0.0028,5.269820586798036e-05,0,1565,2,1565,6,2,5,5,0.8333333333333334,0.4505612088663046,0.6500224216483541
R_008715,3,0.0012,2.720836979538653e-05,0,1505,7,1505,5,1,4,5,1.0,-0.0,0.0
R_008716,5,0.002,3.910783991029822e-05,0,1628,0,1628,6,1,3,6,1.0,-0.0,0.0
R_008717,3,0.0012,2.7638409476540662e-05,0,1505,7,1505,6,1,4,6,1.0,-0.0,0.0
R_008718,3,0.0012,2.7757850575686787e-05,0,3102,6,1531,6,1,2,6,1.0,-0.0,0.0
R_008719,10,0.004,6.292993654125135e-05,0,1505,7,1505,6,1,4,6,1.0,-0.0,0.0
R_008720,7,0.0028,5.1859328547589456e-05,0,1550,5,1550,8,1,0,8,1.0,-0.0,0.0
R_008721,9,0.0036,6.023518168002704e-05,0,1562,3,1562,8,3,6,6,0.75,0.7356219397587946,0.6695919455357792
R_008722,5,0.002,3.909073736943578e-05,0,1562,3,1562,5,1,6,5,1.0,-0.0,0.0
R_008723,6,0.0024,4.605753042809944e-05,0,1550,5,1550,6,1,0,6,1.0,-0.0,0.0
R_008724,6,0.0024,4.463747085172609e-05,0,1562,3,1562,7,2,6,6,0.8571428571428571,0.410116318288409,0.5916727785823274
R_008725,6,0.0024,4.323948167381245e-05,0,1505,7,1505,6,1,4,6,1.0,-0.0,0.0
R_008726,9,0.0036,5.833472920075051e-05,0,1505,7,1505,8,1,4,8,1.0,-0.0,0.0
R_008727,3,0.0012,2.8458470176155182e-05,0,1628,0,1628,6,1,3,6,1.0,-0.0,0.0
R_008728,6,0.0024,4.585167066571578e-05,0,1550,5,1550,5,1,0,5,1.0,-0.0,0.0
R_008729,8,0.0032,5.73541035657228e-05,0,1550,5,1550,6,1,0,6,1.0,-0.0,0.0
R_008730,5,0.002,3.920211832519464e-05,0,1559,4,1559,5,1,1,5,1.0,-0.0,0.0
R_008731,9,0.0036,6.0521627754903654e-05,0,1562,3,1562,7,3,6,5,0.7142857142857143,0.796311640173813,0.7248340915057598
R_008732,8,0.0032,5.5290257617807045e-05,0,1628,0,1628,6,1,3,6,1.0,-0.0,0.0
R_008733,4,0.0016,3.3875364742673005e-05,0,1562,3,1562,8,3,6,6,0.75,0.7356219397587946,0.6695919455357792
R_008734,4,0.0016,3.3447186764859735e-05,0,1562,3,1562,7,3,6,5,0.7142857142857143,0.796311640173813,0.7248340915057598
R_008735,10,0.004,6.336537740195345e-05,0,3102,6,1531,7,1,2,7,1.0,-0.0,0.0
R_008736,7,0.0028,4.7846601550413054e-05,0,1505,7,1505,5,1,4,5,1.0,-0.0,0.0
R_008737,4,0.0016,3.367802077191196e-05,0,1559,4,1559,6,1,1,6,1.0,-0.0,0.0
R_008738,5,0.002,3.831851126298403e-05,0,1559,4,1559,5,1,1,5,1.0,-0.0,0.0
R_008739,6,0.0024,4.354370026561064e-05,0,3102,6,1531,7,1,2,7,1.0,-0.0,0.0
R_008740,9,0.0036,6.225653802551496e-05,0,1550,5,1550,6,1,0,6,1.0,-0.0,0.0
R_008741,6,0.0024,4.537421617406365e-05,0,1628,0,1628,6,1,3,6,1.0,-0.0,0.0
R_008742,7,0.0028,5.0870852090206254e-05,0,1628,0,1628,6,1,3,6,1.0,-0.0,0.0
R_008743,7,0.0028,4.965064388497549e-05,0,1559,4,1559,5,1,1,5,1.0,-0.0,0.0
R_008744,6,0.0024,4.2292273109935825e-05,0,1505,7,1505,6,1,4,6,1.0,-0.0,0.0
R_008745,7,0.0028,4.834385568035057e-05,0,1505,7,1505,6,1,4,6,1.0,-0.0,0.0
R_008746,12,0.0048,7.769420653834419e-05,0,1628,0,1628,7,1,3,7,1.0,-0.0,0.0
R_008747,13,0.0052,7.746335264401788e-05,0,1505,7,1505,8,1,4,8,1.0,-0.0,0.0
R_008748,7,0.0028,5.299797275331711e-05,0,1565,2,1565,6,2,5,5,0.8333333333333334,0.4505612088663046,0.6500224216483541
R_008749,8,0.0032,5.86173316583697e-05,0,1550,5,1550,6,1,0,6,1.0,-0.0,0.0
R_008750,12,0.0048,7.875570520685975e-05,0,1550,5,1550,8,1,0,8,1.0,-0.0,0.0
R_008751,2,0.0008,2.2482560619264105e-05,0,1505,7,1505,5,1,4,5,1.0,-0.0,0.0
R_008752,4,0.0016,3.437555935592937e-05,0,1550,5,1550,5,1,0,5,1.0,-0.0,0.0
R_008753,6,0.0024,4.444770267292384e-05,0,1628,0,1628,6,1,3,6,1.0,-0.0,0.0
R_008754,9,0.0036,6.032441235525784e-05,0,1559,4,1559,7,1,1,7,1.0,-0.0,0.0
R_008755,3,0.0012,2.9856256562115865e-05,0,1565,2,1565,7,2,5,6,0.8571428571428571,0.410116318288409,0.5916727785823274
R_008756,9,0.0036,5.918641385640687e-05,0,3102,6,1531,7,1,2,7,1.0,-0.0,0.0
R_008757,8,0.0032,5.5006990515785395e-05,0,3102,6,1531,6,1,2,6,1.0,-0.0,0.0
R_008758,12,0.0048,7.362134314789357e-05,0,3102,1,1571,8,4,7,4,0.5,1.2130075659799042,0.875
R_008759,12,0.0048,7.45028443613214e-05,0,3102,6,1531,7,1,2,7,1.0,-0.0,0.0
R_008760,10,0.004,6.708998160973938e-05,0,1628,0,1628,6,1,3,6,1.0,-0.0,0.0
R_008761,4,0.0016,3.2836774864252266e-05,0,3102,1,1571,5,3,2,2,0.4,1.0549201679861442,0.9602297178607612
R_008762,3,0.0012,2.8398542115538076e-05,0,1628,0,1628,5,1,3,5,1.0,-0.0,0.0
R_008763,5,0.002,4.01854075430453e-05,0,1550,5,1550,7,1,0,7,1.0,-0.0,0.0
R_008764,4,0.0016,3.321427854828765e-05,0,1562,3,1562,5,2,6,4,0.8,0.5004024235381879,0.7219280948873623
R_008765,15,0.006,8.907608351764718e-05,0,3102,1,1571,8,4,7,5,0.625,1.073542846408523,0.7743974703476992
R_008766,12,0.0048,7.29039725218925e-05,0,1505,7,1505,7,1,4,7,1.0,-0.0,0.0
R_008767,7,0.0028,4.987102561002274e-05,0,1562,3,1562,5,1,6,5,1.0,-0.0,0.0
R_008768,9,0.0036,6.058615751536652e-05,0,1562,3,1562,7,2,6,6,0.8571428571428571,0.410116318288409,0.5916727785823274
R_008769,7,0.0028,5.0777074033064325e-05,0,1628,0,1628,5,1,3,5,1.0,-0.0,0.0
R_008770,5,0.002,4.054593958145941e-05,0,1550,5,1550,5,1,0,5,1.0,-0.0,0.0
R_008771,10,0.004,6.642923084859432e-05,0,1562,3,1562,8,3,6,6,0.75,0.7356219397587946,0.6695919455357792
R_008772,11,0.0044,6.763046202595179e-05,0,1505,7,1505,6,1,4,6,1.0,-0.0,0.0
R_008773,12,0.0048,7.78377944295953e-05,0,1628,0,1628,8,1,3,8,1.0,-0.0,0.0
R_008774,1,0.0004,1.806347204358442e-05,0,1550,5,1550,7,1,0,7,1.0,-0.0,0.0
R_008775,5,0.002,4.16363437280807e-05,0,1565,2,1565,7,1,5,7,1.0,-0.0,0.0
R_008776,6,0.0024,4.282598488272729e-05,0,3102,6,1531,6,1,2,6,1.0,-0.0,0.0
R_008777,3,0.0012,2.8708187285927845e-05,0,1559,4,1559,5,1,1,5,1.0,-0.0,0.0
R_008778,7,0.0028,4.761557592405987e-05,0,1505,7,1505,6,1,4,6,1.0,-0.0,0.0
R_008779,11,0.0044,7.346343030630147e-05,0,1550,5,1550,8,1,0,8,1.0,-0.0,0.0
R_008780,6,0.0024,4.3227124296333844e-05,0,3102,1,1571,6,4,2,2,0.3333333333333333,1.3296613488547582,0.9591479170272448
R_008781,4,0.0016,3.374397276445046e-05,0,1559,4,1559,5,1,1,5,1.0,-0.0,0.0
R_008782,7,0.0028,4.8360399858724397e-05,0,3102,1,1571,5,2,7,3,0.6,0.6730116670092565,0.9709505944546688
R_008783,19,0.0076,0.00011039550099343224,0,3102,6,1531,8,1,2,8,1.0,-0.0,0.0
R_008784,11,0.0044,6.78724079675277e-05,0,1505,7,1505,8,1,4,8,1.0,-0.0,0.0
R_008785,5,0.002,3.9546518775629595e-05,0,1628,0,1628,6,1,3,6,1.0,-0.0,0.0
R_008786,8,0.0032,5.252878956572349e-05,0,3102,1,1571,8,3,7,6,0.75,0.7356219397587946,0.6695919455357792
R_008787,5,0.002,3.9810928322173364e-05,0,1628,0,1628,7,1,3,7,1.0,-0.0,0.0
R_008788,6,0.0024,4.251702680391208e-05,0,1505,7,1505,6,1,4,6,1.0,-0.0,0.0
R_008789,14,0.0056,8.316737783202601e-05,0,1505,7,1505,7,1,4,7,1.0,-0.0,0.0
R_008790,5,0.002,4.003813594451883e-05,0,1562,3,1562,6,3,6,4,0.6666666666666666,0.8675632284814612,0.7896900821428474
R_008791,7,0.0028,4.891348931245472e-05,0,3102,6,1531,6,1,2,6,1.0,-0.0,0.0
R_008792,5,0.002,4.035096434271987e-05,0,1550,5,1550,5,1,0,5,1.0,-0.0,0.0
R_008793,4,0.0016,3.571457635079726e-05,0,1565,2,1565,5,2,5,4,0.8,0.5004024235381879,0.7219280948873623
R_008794,6,0.0024,4.670624915381361e-05,0,1565,2,1565,5,1,5,5,1.0,-0.0,0.0
R_008795,7,0.0028,4.939831677863914e-05,0,1559,4,1559,6,1,1,6,1.0,-0.0,0.0
R_008796,6,0.0024,4.275692702782662e-05,0,1505,7,1505,5,1,4,5,1.0,-0.0,0.0
R_008797,17,0.0068,0.00010425249009767176,0,1562,3,1562,7,3,6,5,0.7142857142857143,0.796311640173813,0.7248340915057598
R_008798,9,0.0036,6.330070101891145e-05,0,1550,5,1550,8,1,0,8,1.0,-0.0,0.0
R_008799,7,0.0028,4.936458722115529e-05,0,1559,4,1559,5,1,1,5,1.0,-0.0,0.0
R_008800,8,0.0032,5.4656889542455314e-05,0,1559,4,1559,7,1,1,7,1.0,-0.0,0.0
R_008801,7,0.0028,4.9297697817251193e-05,0,1559,4,1559,6,1,1,6,1.0,-0.0,0.0
R_008802,5,0.002,3.947255127822597e-05,0,1559,4,1559,6,1,1,6,1.0,-0.0,0.0
R_008803,12,0.0048,7.483967536776305e-05,0,3102,6,1531,7,1,2,7,1.0,-0.0,0.0
R_008804,5,0.002,3.89125937303649e-05,0,1559,4,1559,6,1,1,6,1.0,-0.0,0.0
R_008805,12,0.0048,7.607968297991436e-05,0,1559,4,1559,8,1,1,8,1.0,-0.0,0.0
R_008806,16,0.0064,9.464402313000867e-05,0,3102,6,1531,7,1,2,7,1.0,-0.0,0.0
R_008807,16,0.0064,9.269478201432476e-05,0,1505,7,1505,8,1,4,8,1.0,-0.0,0.0
R_008808,12,0.0048,8.284053156469252e-05,0,1565,2,1565,5,2,5,4,0.8,0.5004024235381879,0.7219280948873623
R_008809,11,0.0044,7.061395394529745e-05,0,1559,4,1559,8,1,1,8,1.0,-0.0,0.0
R_008810,11,0.0044,6.761997017327633e-05,0,1505,7,1505,6,1,4,6,1.0,-0.0,0.0
R_008811,0,0.0,1.2023710757614017e-05,1,1,32,1,5,1,7,5,1.0,-0.0,0.0
R_008812,4,0.0016,3.3677115777563355e-05,0,1628,0,1628,5,1,3,5,1.0,-0.0,0.0
R_008813,13,0.0052,8.154985068110083e-05,0,1562,3,1562,7,3,6,5,0.7142857142857143,0.796311640173813,0.7248340915057598
R_008814,4,0.0016,3.475549054591046e-05,0,1550,5,1550,5,1,0,5,1.0,-0.0,0.0
R_008815,6,0.0024,4.5647762300838316e-05,0,1628,0,1628,5,1,3,5,1.0,-0.0,0.0
R_008816,3,0.0012,2.92554424354808e-05,0,1565,2,1565,5,1,5,5,1.0,-0.0,0.0
R_008817,5,0.002,3.8254644098681586e-05,0,3102,6,1531,6,1,2,6,1.0,-0.0,0.0
R_008818,7,0.0028,5.0821297204442284e-05,0,1628,0,1628,6,1,3,6,1.0,-0.0,0.0
R_008819,10,0.004,6.650528363910271e-05,0,1628,0,1628,6,1,3,6,1.0,-0.0,0.0
R_008820,3,0.0012,2.861526223209383e-05,0,1562,3,1562,5,2,6,4,0.8,0.5004024235381879,0.7219280948873623
R_008821,9,0.0036,6.326071200070212e-05,0,1550,5,1550,8,1,0,8,1.0,-0.0,0.0
R_008822,4,0.0016,3.286974938672728e-05,0,1505,7,1505,6,1,4,6,1.0,-0.0,0.0
R_008823,3,0.0012,2.8411025757959367e-05,0,1562,3,1562,5,3,6,3,0.6,0.9502705392332348,0.8649735207179272
R_008824,3,0.0012,2.91187393593321e-05,0,1550,5,1550,5,1,0,5,1.0,-0.0,0.0
R_008825,13,0.0052,8.777761637541118e-05,0,1565,2,1565,8,2,5,7,0.875,0.3767701612564367,0.5435644431995964
R_008826,15,0.006,9.882901575629418e-05,0,1565,2,1565,8,2,5,7,0.875,0.3767701612564367,0.5435644431995964
R_008827,7,0.0028,4.797657914713941e-05,0,1505,7,1505,8,1,4,8,1.0,-0.0,0.0
R_008828,6,0.0024,4.725469427268715e-05,0,1565,2,1565,7,2,5,6,0.8571428571428571,0.410116318288409,0.5916727785823274
R_008829,6,0.0024,4.250016388944327e-05,0,3102,1,1571,6,3,7,4,0.6666666666666666,0.8675632284814612,0.7896900821428474
R_008830,9,0.0036,5.83528905060052e-05,0,3102,6,1531,8,1,2,8,1.0,-0.0,0.0
R_008831,6,0.0024,4.2761783987934636e-05,0,1505,7,1505,7,1,4,7,1.0,-0.0,0.0
R_008832,5,0.002,3.7364186134481685e-05,0,1505,7,1505,5,1,4,5,1.0,-0.0,0.0
R_008833,15,0.006,8.789526006447662e-05,0,1505,7,1505,8,1,4,8,1.0,-0.0,0.0
R_008834,15,0.006,8.895971524643571e-05,0,3102,1,1571,7,3,7,4,0.5714285714285714,0.9556998911125344,0.8699155297736259
R_008835,4,0.0016,3.334965846421668e-05,0,3102,6,1531,7,1,2,7,1.0,-0.0,0.0
R_008836,2,0.0008,2.330937984720346e-05,0,1628,0,1628,6,1,3,6,1.0,-0.0,0.0
R_008837,8,0.0032,5.29542460240161e-05,0,1505,7,1505,7,1,4,7,1.0,-0.0,0.0
R_008838,14,0.0056,8.347434390400099e-05,0,3102,6,1531,8,1,2,8,1.0,-0.0,0.0
R_008839,13,0.0052,8.342159797119016e-05,0,1628,0,1628,8,1,3,8,1.0,-0.0,0.0
R_008840,6,0.0024,4.6776895935820414e-05,0,1565,2,1565,5,1,5,5,1.0,-0.0,0.0
R_008841,6,0.0024,4.400948763713621e-05,0,1562,3,1562,8,3,6,6,0.75,0.7356219397587946,0.6695919455357792
R_008842,7,0.0028,4.775015330981435e-05,0,1505,7,1505,8,1,4,8,1.0,-0.0,0.0
R_008843,7,0.0028,4.8378184324855194e-05,0,3102,6,1531,7,1,2,7,1.0,-0.0,0.0
R_008844,10,0.004,6.300646492600824e-05,0,3102,1,1571,8,3,7,5,0.625,0.9002560512685369,0.8194483718728035
R_008845,6,0.0024,4.423307194097263e-05,0,1559,4,1559,5,1,1,5,1.0,-0.0,0.0
R_008846,5,0.002,4.152223064767728e-05,0,1565,2,1565,7,1,5,7,1.0,-0.0,0.0
R_008847,8,0.0032,5.603526830169588e-05,0,1628,0,1628,8,1,3,8,1.0,-0.0,0.0
R_008848,9,0.0036,5.7600797884341805e-05,0,1505,7,1505,7,1,4,7,1.0,-0.0,0.0
R_008849,6,0.0024,4.5962942362614434e-05,0,1550,5,1550,7,1,0,7,1.0,-0.0,0.0
R_008850,10,0.004,6.317393379520063e-05,0,3102,6,1531,8,1,2,8,1.0,-0.0,0.0
R_008851,12,0.0048,7.805977480001215e-05,0,1628,0,1628,7,1,3,7,1.0,-0.0,0.0
R_008852,12,0.0048,7.776445229933073e-05,0,1628,0,1628,8,1,3,8,1.0,-0.0,0.0
R_008853,12,0.0048,8.137881684986851e-05,0,1565,2,1565,8,2,5,7,0.875,0.3767701612564367,0.5435644431995964
R_008854,4,0.0016,3.334344181254097e-05,0,1559,4,1559,6,1,1,6,1.0,-0.0,0.0
R_008855,8,0.0032,5.798714283042148e-05,0,1565,2,1565,6,2,5,5,0.8333333333333334,0.4505612088663046,0.6500224216483541
R_008856,12,0.0048,7.383746972976692e-05,0,3102,6,1531,8,1,2,8,1.0,-0.0,0.0
R_008857,2,0.0008,2.3540463795617026e-05,0,1550,5,1550,6,1,0,6,1.0,-0.0,0.0
R_008858,5,0.002,3.832313076896886e-05,0,3102,1,1571,5,3,7,3,0.6,0.9502705392332348,0.8649735207179272
R_008859,7,0.0028,5.0874348654159317e-05,0,1628,0,1628,7,1,3,7,1.0,-0.0,0.0
R_008860,7,0.0028,4.8010500130499267e-05,0,1505,7,1505,5,1,4,5,1.0,-0.0,0.0
R_008861,5,0.002,3.793790181080228e-05,0,1505,7,1505,5,1,4,5,1.0,-0.0,0.0
R_008862,11,0.0044,7.419805342224911e-05,0,1550,5,1550,8,1,0,8,1.0,-0.0,0.0
R_008863,12,0.0048,7.455200010239535e-05,0,3102,6,1531,8,1,2,8,1.0,-0.0,0.0
R_008864,16,0.0064,9.89850941156912e-05,0,1559,4,1559,8,1,1,8,1.0,-0.0,0.0
R_008865,8,0.0032,5.29733961289225e-05,0,3102,6,1531,5,1,2,5,1.0,-0.0,0.0
R_008866,4,0.0016,3.560389596168607e-05,0,1565,2,1565,6,1,5,6,1.0,-0.0,0.0
R_008867,4,0.0016,3.380414035349247e-05,0,1559,4,1559,7,1,1,7,1.0,-0.0,0.0
R_008868,6,0.0024,4.387198852071317e-05,0,3102,6,1531,8,1,2,8,1.0,-0.0,0.0
R_008869,4,0.0016,3.318676461368147e-05,0,3102,6,1531,5,1,2,5,1.0,-0.0,0.0
R_008870,6,0.0024,4.52574364960597e-05,0,1628,0,1628,5,1,3,5,1.0,-0.0,0.0
R_008871,5,0.002,3.7921976039835426e-05,0,3102,6,1531,5,1,2,5,1.0,-0.0,0.0
R_008872,11,0.0044,6.811489750201026e-05,0,1505,7,1505,8,1,4,8,1.0,-0.0,0.0
R_008873,6,0.0024,4.363886343696993e-05,0,3102,6,1531,5,1,2,5,1.0,-0.0,0.0
R_008874,5,0.002,3.8332890596190075e-05,0,3102,6,1531,5,1,2,5,1.0,-0.0,0.0
R_008875,11,0.0044,7.619532186720089e-05,0,1565,2,1565,8,1,5,8,1.0,-0.0,0.0
R_008876,1,0.0004,1.773037605685155e-05,0,3102,6,1531,6,1,2,6,1.0,-0.0,0.0
R_008877,3,0.0012,2.937702225075655e-05,0,1550,5,1550,6,1,0,6,1.0,-0.0,0.0
R_008878,23,0.0092,0.00013517488353489396,0,1559,4,1559,8,1,1,8,1.0,-0.0,0.0
R_008879,2,0.0008,2.4143842716337572e-05,0,1565,2,1565,6,2,5,5,0.8333333333333334,0.4505612088663046,0.6500224216483541
R_008880,7,0.0028,5.163256363896084e-05,0,1550,5,1550,8,1,0,8,1.0,-0.0,0.0
R_008881,7,0.0028,4.9311953989697497e-05,0,3102,6,1531,6,1,2,6,1.0,-0.0,0.0
R_008882,6,0.0024,4.34368469342326e-05,0,3102,1,1571,5,3,7,3,0.6,0.9502705392332348,0.8649735207179272
R_008883,6,0.0024,4.592708298189253e-05,0,1550,5,1550,6,1,0,6,1.0,-0.0,0.0
R_008884,4,0.0016,3.40921531353624e-05,0,1550,5,1550,5,1,0,5,1.0,-0.0,0.0
R_008885,7,0.0028,5.290952824634926e-05,0,1565,2,1565,6,2,5,5,0.8333333333333334,0.4505612088663046,0.6500224216483541
R_008886,4,0.0016,3.366498232350447e-05,0,1562,3,1562,6,2,6,5,0.8333333333333334,0.4505612088663046,0.6500224216483541
R_008887,5,0.002,3.9191062400977877e-05,0,1559,4,1559,5,1,1,5,1.0,-0.0,0.0
R_008888,4,0.0016,3.553487274381495e-05,0,1565,2,1565,6,1,5,6,1.0,-0.0,0.0
R_008889,6,0.0024,4.276178332703888e-05,0,3102,1,1571,5,1,7,5,1.0,-0.0,0.0
R_008890,6,0.0024,4.688612440937238e-05,0,1550,5,1550,5,1,0,5,1.0,-0.0,0.0
R_008891,4,0.0016,3.3609999336926846e-05,0,1562,3,1562,5,1,6,5,1.0,-0.0,0.0
R_008892,9,0.0036,6.3908309499396e-05,0,1550,5,1550,7,1,0,7,1.0,-0.0,0.0
R_008893,7,0.0028,5.144366943965481e-05,0,1550,5,1550,8,1,0,8,1.0,-0.0,0.0
R_008894,15,0.006,9.263931916323068e-05,0,1559,4,1559,7,1,1,7,1.0,-0.0,0.0
R_008895,7,0.0028,5.1988095145343906e-05,0,1550,5,1550,6,1,0,6,1.0,-0.0,0.0
R_008896,12,0.0048,7.729191354507909e-05,0,1628,0,1628,8,1,3,8,1.0,-0.0,0.0
R_008897,13,0.0052,8.137649225745707e-05,0,1559,4,1559,8,1,1,8,1.0,-0.0,0.0
R_008898,2,0.0008,2.3843280382203934e-05,0,1550,5,1550,5,1,0,5,1.0,-0.0,0.0
R_008899,4,0.0016,3.5299706323860554e-05,0,1565,2,1565,8,2,5,7,0.875,0.3767701612564367,0.5435644431995964
R_008900,7,0.0028,5.013328625374843e-05,0,1628,0,1628,8,1,3,8,1.0,-0.0,0.0
R_008901,8,0.0032,5.7322839703600894e-05,0,1550,5,1550,7,1,0,7,1.0,-0.0,0.0
R_008902,13,0.0052,7.76245472677756e-05,0,1505,7,1505,7,1,4,7,1.0,-0.0,0.0
R_008903,5,0.002,4.18367677733157e-05,0,1565,2,1565,6,1,5,6,1.0,-0.0,0.0
R_008904,8,0.0032,5.58893014659215e-05,0,1562,3,1562,8,3,6,6,0.75,0.7356219397587946,0.6695919455357792
R_008905,16,0.0064,9.326767444506424e-05,0,3102,1,1571,8,3,7,6,0.75,0.7356219397587946,0.6695919455357792
R_008906,10,0.004,6.99506160658299e-05,0,1565,2,1565,7,1,5,7,1.0,-0.0,0.0
R_008907,16,0.0064,9.923231684492278e-05,0,1562,3,1562,8,2,6,7,0.875,0.3767701612564367,0.5435644431995964
R_008908,6,0.0024,4.510246324310547e-05,0,1628,0,1628,7,1,3,7,1.0,-0.0,0.0
R_008909,6,0.0024,4.4709240678647275e-05,0,1628,0,1628,7,1,3,7,1.0,-0.0,0.0
R_008910,10,0.004,6.697884465922902e-05,0,1628,0,1628,6,1,3,6,1.0,-0.0,0.0
R_008911,6,0.0024,4.4998991671856386e-05,0,1562,3,1562,5,2,6,4,0.8,0.5004024235381879,0.7219280948873623
R_008912,4,0.0016,3.5742915027142934e-05,0,1565,2,1565,5,2,5,4,0.8,0.5004024235381879,0.7219280948873623
R_008913,11,0.0044,6.99211440523001e-05,0,1559,4,1559,8,1,1,8,1.0,-0.0,0.0
R_008914,12,0.0048,7.683182902397724e-05,0,1562,3,1562,8,3,6,6,0.75,0.7356219397587946,0.6695919455357792
R_008915,7,0.0028,4.78259602713019e-05,0,1505,7,1505,7,1,4,7,1.0,-0.0,0.0
R_008916,5,0.002,4.0127545570451294e-05,0,1550,5,1550,6,1,0,6,1.0,-0.0,0.0
R_008917,3,0.0012,2.891538985675713e-05,0,1628,0,1628,5,1,3,5,1.0,-0.0,0.0
R_008918,5,0.002,3.919746765615398e-05,0,1628,0,1628,6,1,3,6,1.0,-0.0,0.0
R_008919,5,0.002,3.9569749291367105e-05,0,1550,5,1550,5,1,0,5,1.0,-0.0,0.0
R_008920,5,0.002,3.762388516793089e-05,0,3102,6,1531,5,1,2,5,1.0,-0.0,0.0
R_008921,6,0.0024,4.786718407227011e-05,0,1565,2,1565,7,1,5,7,1.0,-0.0,0.0
R_008922,7,0.0028,4.9584099218710225e-05,0,1562,3,1562,8,3,6,6,0.75,0.7356219397587946,0.6695919455357792
R_008923,15,0.006,8.820972786933373e-05,0,1505,7,1505,7,1,4,7,1.0,-0.0,0.0
R_008924,11,0.0044,6.726411955746488e-05,0,1505,7,1505,8,1,4,8,1.0,-0.0,0.0
R_008925,13,0.0052,8.318312457147991e-05,0,1628,0,1628,7,1,3,7,1.0,-0.0,0.0
R_008926,13,0.0052,7.806672718975728e-05,0,1505,7,1505,8,1,4,8,1.0,-0.0,0.0
R_008927,3,0.0012,2.821543086383151e-05,0,3102,6,1531,5,1,2,5,1.0,-0.0,0.0
R_008928,6,0.0024,4.526807447107525e-05,0,1628,0,1628,5,1,3,5,1.0,-0.0,0.0
R_008929,8,0.0032,5.35359493553657e-05,0,3102,6,1531,7,1,2,7,1.0,-0.0,0.0
R_008930,7,0.0028,5.102086607309222e-05,0,1550,5,1550,6,1,0,6,1.0,-0.0,0.0
R_008931,10,0.004,6.274658972248631e-05,0,1505,7,1505,8,1,4,8,1.0,-0.0,0.0
R_008932,6,0.0024,4.5608308518093256e-05,0,1628,0,1628,6,1,3,6,1.0,-0.0,0.0
R_008933,10,0.004,6.335637969576247e-05,0,3102,1,1571,8,4,7,4,0.5,1.2130075659799042,0.875
R_008934,7,0.0028,5.135163633958025e-05,0,1550,5,1550,6,1,0,6,1.0,-0.0,0.0
R_008935,3,0.0012,2.94739071465081e-05,0,1565,2,1565,5,2,5,4,0.8,0.5004024235381879,0.7219280948873623
R_008936,6,0.0024,4.754976840696305e-05,0,1565,2,1565,8,2,5,7,0.875,0.3767701612564367,0.5435644431995964
R_008937,9,0.0036,5.83982244299027e-05,0,3102,6,1531,7,1,2,7,1.0,-0.0,0.0
R_008938,2,0.0008,2.3913098569563352e-05,0,1550,5,1550,5,1,0,5,1.0,-0.0,0.0
R_008939,4,0.0016,3.539759243210501e-05,0,1565,2,1565,6,1,5,6,1.0,-0.0,0.0
R_008940,6,0.0024,4.2180853530282963e-05,0,1505,7,1505,5,1,4,5,1.0,-0.0,0.0
R_008941,5,0.002,3.805947136172607e-05,0,3102,6,1531,5,1,2,5,1.0,-0.0,0.0
R_008942,12,0.0048,7.818301712791433e-05,0,1628,0,1628,7,1,3,7,1.0,-0.0,0.0
R_008943,5,0.002,3.949020144620367e-05,0,1628,0,1628,6,1,3,6,1.0,-0.0,0.0
R_008944,7,0.0028,4.8403154004260296e-05,0,3102,6,1531,5,1,2,5,1.0,-0.0,0.0
R_008945,3,0.0012,2.8166832715344583e-05,0,3102,6,1531,5,1,2,5,1.0,-0.0,0.0
R_008946,10,0.004,6.927150966840029e-05,0,1565,2,1565,7,2,5,6,0.8571428571428571,0.410116318288409,0.5916727785823274
R_008947,6,0.0024,4.451218927519682e-05,0,1559,4,1559,5,1,1,5,1.0,-0.0,0.0
R_008948,4,0.0016,3.269945874098763e-05,0,3102,6,1531,6,1,2,6,1.0,-0.0,0.0
R_008949,4,0.0016,3.241178201979612e-05,0,3102,1,1571,5,2,7,4,0.8,0.5004024235381879,0.7219280948873623
R_008950,4,0.0016,3.286099919940103e-05,0,3102,6,1531,5,1,2,5,1.0,-0.0,0.0
R_008951,13,0.0052,7.962018999722649e-05,0,3102,6,1531,7,1,2,7,1.0,-0.0,0.0
R_008952,2,0.0008,2.2924656457818344e-05,0,1559,4,1559,6,1,1,6,1.0,-0.0,0.0
R_008953,8,0.0032,5.298901919233203e-05,0,3102,6,1531,6,1,2,6,1.0,-0.0,0.0
R_008954,8,0.0032,5.298289623498452e-05,0,3102,6,1531,7,1,2,7,1.0,-0.0,0.0
R_008955,2,0.0008,2.28493500041779e-05,0,3102,6,1531,5,1,2,5,1.0,-0.0,0.0
R_008956,13,0.0052,7.837269536606699e-05,0,3102,1,1571,7,4,7,3,0.4285714285714285,1.277034259466139,0.9211854965885544
R_008957,11,0.0044,7.409229421076725e-05,0,1550,5,1550,7,1,0,7,1.0,-0.0,0.0
R_008958,4,0.0016,3.400098883122344e-05,0,1550,5,1550,5,1,0,5,1.0,-0.0,0.0
R_008959,4,0.0016,3.524283372106739e-05,0,1565,2,1565,6,2,5,5,0.8333333333333334,0.4505612088663046,0.6500224216483541
R_008960,8,0.0032,5.2736317097561294e-05,0,3102,1,1571,8,4,7,5,0.625,1.073542846408523,0.7743974703476992
R_008961,6,0.0024,4.460771633310486e-05,0,1562,3,1562,6,3,6,4,0.6666666666666666,0.8675632284814612,0.7896900821428474
R_008962,7,0.0028,4.90012190809844e-05,0,3102,6,1531,5,1,2,5,1.0,-0.0,0.0
R_008963,7,0.0028,5.1963338807860535e-05,0,1550,5,1550,8,1,0,8,1.0,-0.0,0.0
R_008964,11,0.0044,7.032476789916923e-05,0,1559,4,1559,8,1,1,8,1.0,-0.0,0.0
R_008965,10,0.004,6.808022870484992e-05,0,1550,5,1550,8,1,0,8,1.0,-0.0,0.0
R_008966,6,0.0024,4.4890968006045694e-05,0,1628,0,1628,5,1,3,5,1.0,-0.0,0.0
R_008967,9,0.0036,6.052543312739102e-05,0,1559,4,1559,6,1,1,6,1.0,-0.0,0.0
R_008968,8,0.0032,5.651795856759305e-05,0,1550,5,1550,6,1,0,6,1.0,-0.0,0.0
R_008969,7,0.0028,4.8389667572359005e-05,0,3102,6,1531,7,1,2,7,1.0,-0.0,0.0
R_008970,9,0.0036,6.44138378541071e-05,0,1565,2,1565,8,2,5,7,0.875,0.3767701612564367,0.5435644431995964
R_008971,2,0.0008,2.4060526231105122e-05,0,1565,2,1565,5,2,5,4,0.8,0.5004024235381879,0.7219280948873623
R_008972,10,0.004,6.534362012606629e-05,0,1559,4,1559,8,1,1,8,1.0,-0.0,0.0
R_008973,10,0.004,7.070930587103609e-05,0,1565,2,1565,7,2,5,6,0.8571428571428571,0.410116318288409,0.5916727785823274
R_008974,5,0.002,4.0296524799060215e-05,0,1550,5,1550,7,1,0,7,1.0,-0.0,0.0
R_008975,4,0.0016,3.387198042685557e-05,0,1628,0,1628,8,1,3,8,1.0,-0.0,0.0
R_008976,6,0.0024,4.422709011265446e-05,0,1562,3,1562,6,3,6,4,0.6666666666666666,0.8675632284814612,0.7896900821428474
R_008977,7,0.0028,4.805831145674628e-05,0,3102,1,1571,5,3,7,3,0.6,0.9502705392332348,0.8649735207179272
R_008978,5,0.002,3.7795464968388824e-05,0,3102,1,1571,6,3,7,4,0.6666666666666666,0.8675632284814612,0.7896900821428474
R_008979,7,0.0028,4.806933640865182e-05,0,3102,6,1531,5,1,2,5,1.0,-0.0,0.0
R_008980,4,0.0016,3.2956057824578324e-05,0,3102,1,1571,7,3,7,4,0.5714285714285714,0.9556998911125344,0.8699155297736259
R_008981,12,0.0048,7.679703724894197e-05,0,1562,3,1562,6,2,6,5,0.8333333333333334,0.4505612088663046,0.6500224216483541
R_008982,5,0.002,3.7269488780823926e-05,0,1505,7,1505,5,1,4,5,1.0,-0.0,0.0
R_008983,13,0.0052,8.426474545098634e-05,0,1550,5,1550,8,1,0,8,1.0,-0.0,0.0
R_008984,7,0.0028,5.099526972350457e-05,0,1550,5,1550,7,1,0,7,1.0,-0.0,0.0
R_008985,13,0.0052,7.836951015160074e-05,0,3102,1,1571,7,3,7,5,0.7142857142857143,0.796311640173813,0.7248340915057598
R_008986,11,0.0044,7.413235011451967e-05,0,1550,5,1550,8,1,0,8,1.0,-0.0,0.0
R_008987,5,0.002,3.764478430967566e-05,0,1505,7,1505,5,1,4,5,1.0,-0.0,0.0
R_008988,10,0.004,6.525276060606615e-05,0,1559,4,1559,7,1,1,7,1.0,-0.0,0.0
R_008989,11,0.0044,6.855063834900057e-05,0,3102,1,1571,6,3,7,4,0.6666666666666666,0.8675632284814612,0.7896900821428474
R_008990,11,0.0044,7.162800759462783e-05,0,1628,0,1628,8,1,3,8,1.0,-0.0,0.0
R_008991,12,0.0048,7.454715061305548e-05,0,3102,6,1531,8,1,2,8,1.0,-0.0,0.0
R_008992,7,0.0028,5.119561144951723e-05,0,1550,5,1550,7,1,0,7,1.0,-0.0,0.0
R_008993,5,0.002,3.8508716055070935e-05,0,1562,3,1562,5,1,6,5,1.0,-0.0,0.0
R_008994,8,0.0032,5.570172258705444e-05,0,1628,0,1628,7,1,3,7,1.0,-0.0,0.0
R_008995,3,0.0012,2.7621103866945384e-05,0,3102,6,1531,5,1,2,5,1.0,-0.0,0.0
R_008996,14,0.0056,8.502965743020578e-05,0,3102,6,1531,7,1,2,7,1.0,-0.0,0.0
R_008997,6,0.0024,4.324762347694013e-05,0,3102,1,1571,5,4,7,2,0.4,1.3321790402101223,0.9609640474436812
R_008998,7,0.0028,4.788662278666329e-05,0,1505,7,1505,8,1,4,8,1.0,-0.0,0.0
R_008999,7,0.0028,4.8992510347518614e-05,0,3102,6,1531,6,1,2,6,1.0,-0.0,0.0
R_009000,3,0.0012,3.0006431902838598e-05,0,1565,2,1565,5,2,5,4,0.8,0.5004024235381879,0.7219280948873623
R_009001,7,0.0028,4.976991374685718e-05,0,1559,4,1559,5,1,1,5,1.0,-0.0,0.0
R_009002,6,0.0024,4.3806105594117706e-05,0,3102,6,1531,7,1,2,7,1.0,-0.0,0.0
R_009003,8,0.0032,5.5590358443200666e-05,0,1562,3,1562,7,2,6,6,0.8571428571428571,0.410116318288409,0.5916727785823274
R_009004,6,0.0024,4.2700336114143836e-05,0,3102,1,1571,5,3,2,2,0.4,1.0549201679861442,0.9602297178607612
R_009005,9,0.0036,5.903368078836424e-05,0,3102,6,1531,7,1,2,7,1.0,-0.0,0.0
R_009006,3,0.0012,2.8897715575457624e-05,0,1628,0,1628,5,1,3,5,1.0,-0.0,0.0
R_009007,2,0.0008,2.2885877953686912e-05,0,1562,3,1562,6,3,6,4,0.6666666666666666,0.8675632284814612,0.7896900821428474
R_009008,15,0.006,9.220890688035741e-05,0,1562,3,1562,8,2,6,7,0.875,0.3767701612564367,0.5435644431995964
R_009009,10,0.004,6.320397136314997e-05,0,3102,1,1571,8,3,7,6,0.75,0.7356219397587946,0.6695919455357792
R_009010,3,0.0012,2.848441925487544e-05,0,1628,0,1628,6,1,3,6,1.0,-0.0,0.0
R_009011,8,0.0032,5.2849412650057355e-05,0,1505,7,1505,7,1,4,7,1.0,-0.0,0.0
R_009012,7,0.0028,4.755459571641487e-05,0,3102,1,1571,6,2,7,4,0.6666666666666666,0.6365141682948128,0.9182958340544894
R_009013,4,0.0016,3.463928263524555e-05,0,1550,5,1550,8,1,0,8,1.0,-0.0,0.0
R_009014,4,0.0016,3.3442820098918065e-05,0,1559,4,1559,6,1,1,6,1.0,-0.0,0.0
R_009015,12,0.0048,7.71329977282327e-05,0,1628,0,1628,7,1,3,7,1.0,-0.0,0.0
R_009016,12,0.0048,7.652030996650177e-05,0,1559,4,1559,7,1,1,7,1.0,-0.0,0.0
R_009017,3,0.0012,2.88408687054239e-05,0,1550,5,1550,6,1,0,6,1.0,-0.0,0.0
R_009018,7,0.0028,5.294718230894309e-05,0,1565,2,1565,8,2,5,7,0.875,0.3767701612564367,0.5435644431995964
R_009019,4,0.0016,3.2866232622909434e-05,0,3102,1,1571,7,2,7,5,0.7142857142857143,0.5982695885852573,0.8631205685666311
R_009020,10,0.004,6.604402112271528e-05,0,1562,3,1562,6,3,6,4,0.6666666666666666,0.8675632284814612,0.7896900821428474
R_009021,6,0.0024,4.288917480515404e-05,0,3102,1,1571,6,3,7,4,0.6666666666666666,0.8675632284814612,0.7896900821428474
R_009022,16,0.0064,9.717776113698849e-05,0,1559,4,1559,7,1,1,7,1.0,-0.0,0.0
R_009023,7,0.0028,4.766965176864115e-05,0,1505,7,1505,6,1,4,6,1.0,-0.0,0.0
R_009024,5,0.002,4.133186552289955e-05,0,1565,2,1565,6,1,5,6,1.0,-0.0,0.0
R_009025,3,0.0012,2.9665761275671355e-05,0,1565,2,1565,6,1,5,6,1.0,-0.0,0.0
R_009026,8,0.0032,5.701346429348879e-05,0,1550,5,1550,6,1,0,6,1.0,-0.0,0.0
R_009027,2,0.0008,2.327926981211412e-05,0,1562,3,1562,6,2,6,5,0.8333333333333334,0.4505612088663046,0.6500224216483541
R_009028,12,0.0048,7.574752816078618e-05,0,1559,4,1559,6,1,1,6,1.0,-0.0,0.0
R_009029,9,0.0036,5.750582177834186e-05,0,1505,7,1505,7,1,4,7,1.0,-0.0,0.0
R_009030,5,0.002,3.9003647603746534e-05,0,1559,4,1559,5,1,1,5,1.0,-0.0,0.0
R_009031,13,0.0052,8.797496091307183e-05,0,1565,2,1565,8,1,5,8,1.0,-0.0,0.0
R_009032,12,0.0048,7.703471144984737e-05,0,1559,4,1559,6,1,1,6,1.0,-0.0,0.0
R_009033,15,0.006,9.420797264530627e-05,0,1628,0,1628,8,1,3,8,1.0,-0.0,0.0
R_009034,7,0.0028,5.219023439154943e-05,0,1565,2,1565,6,2,5,5,0.8333333333333334,0.4505612088663046,0.6500224216483541
R_009035,6,0.0024,4.484277116805451e-05,0,1628,0,1628,6,1,3,6,1.0,-0.0,0.0
R_009036,7,0.0028,4.823958485952615e-05,0,3102,1,1571,6,4,7,3,0.5,1.242453324894,0.8962406251802889
R_009037,12,0.0048,8.209478714393314e-05,0,1565,2,1565,8,2,5,7,0.875,0.3767701612564367,0.5435644431995964
R_009038,10,0.004,6.601876465274849e-05,0,1559,4,1559,8,1,1,8,1.0,-0.0,0.0
R_009039,2,0.0008,2.2624217010239398e-05,0,3102,1,1571,5,4,7,2,0.4,1.3321790402101223,0.9609640474436812
R_009040,6,0.0024,4.292217442671686e-05,0,3102,6,1531,6,1,2,6,1.0,-0.0,0.0
R_009041,13,0.0052,8.169300451062792e-05,0,1559,4,1559,8,1,1,8,1.0,-0.0,0.0
R_009042,15,0.006,9.810050993606619e-05,0,1565,2,1565,8,2,5,7,0.875,0.3767701612564367,0.5435644431995964
R_009043,5,0.002,3.9877715383864585e-05,0,1628,0,1628,6,1,3,6,1.0,-0.0,0.0
R_009044,11,0.0044,7.20620215380476e-05,0,1628,0,1628,8,1,3,8,1.0,-0.0,0.0
R_009045,10,0.004,6.361959146841968e-05,0,1505,7,1505,7,1,4,7,1.0,-0.0,0.0
R_009046,12,0.0048,7.283510358593154e-05,0,1505,7,1505,8,1,4,8,1.0,-0.0,0.0
R_009047,7,0.0028,4.78633690619432e-05,0,1505,7,1505,7,1,4,7,1.0,-0.0,0.0
R_009048,3,0.0012,2.853457636093176e-05,0,1562,3,1562,5,2,6,4,0.8,0.5004024235381879,0.7219280948873623
R_009049,1,0.0004,1.767092910907736e-05,0,1562,3,1562,6,1,6,6,1.0,-0.0,0.0
R_009050,11,0.0044,7.424348876048151e-05,0,1550,5,1550,8,1,0,8,1.0,-0.0,0.0
R_009051,7,0.0028,4.815092622659747e-05,0,3102,6,1531,5,1,2,5,1.0,-0.0,0.0
R_009052,3,0.0012,2.8430977805555827e-05,0,1562,3,1562,5,3,6,3,0.6,0.9502705392332348,0.8649735207179272
R_009053,9,0.0036,5.978929865589696e-05,0,1559,4,1559,8,1,1,8,1.0,-0.0,0.0
R_009054,5,0.002,3.9162583072276634e-05,0,1628,0,1628,5,1,3,5,1.0,-0.0,0.0
R_009055,9,0.0036,5.843349826491926e-05,0,3102,6,1531,6,1,2,6,1.0,-0.0,0.0
R_009056,7,0.0028,4.810880377137965e-05,0,3102,6,1531,6,1,2,6,1.0,-0.0,0.0
R_009057,4,0.0016,3.5287569704917664e-05,0,1565,2,1565,7,1,5,7,1.0,-0.0,0.0
R_009058,7,0.0028,5.268503637355363e-05,0,1565,2,1565,8,1,5,8,1.0,-0.0,0.0
R_009059,7,0.0028,5.321517465595355e-05,0,1565,2,1565,7,1,5,7,1.0,-0.0,0.0
R_009060,11,0.0044,7.116682244713839e-05,0,1562,3,1562,7,2,6,6,0.8571428571428571,0.410116318288409,0.5916727785823274
R_009061,10,0.004,6.558461321622465e-05,0,1628,0,1628,8,1,3,8,1.0,-0.0,0.0
R_009062,4,0.0016,3.279593618138923e-05,0,3102,1,1571,7,3,7,5,0.7142857142857143,0.796311640173813,0.7248340915057598
R_009063,8,0.0032,5.304615662092898e-05,0,3102,6,1531,8,1,2,8,1.0,-0.0,0.0
R_009064,11,0.0044,7.217349845471232e-05,0,1628,0,1628,7,1,3,7,1.0,-0.0,0.0
R_009065,5,0.002,3.7865865243218345e-05,0,3102,1,1571,6,3,7,4,0.6666666666666666,0.8675632284814612,0.7896900821428474
R_009066,3,0.0012,2.8879563261049753e-05,0,1628,0,1628,6,1,3,6,1.0,-0.0,0.0
R_009067,5,0.002,4.019273566727792e-05,0,1559,4,1559,7,1,1,7,1.0,-0.0,0.0
R_009068,3,0.0012,2.7338667340574194e-05,0,1505,7,1505,5,1,4,5,1.0,-0.0,0.0
R_009069,14,0.0056,8.423645981477806e-05,0,3102,6,1531,7,1,2,7,1.0,-0.0,0.0
R_009070,2,0.0008,2.255220291468051e-05,0,1505,7,1505,5,1,4,5,1.0,-0.0,0.0
R_009071,9,0.0036,6.149089380807745e-05,0,1628,0,1628,6,1,3,6,1.0,-0.0,0.0
R_009072,13,0.0052,8.451143503078013e-05,0,1550,5,1550,7,1,0,7,1.0,-0.0,0.0
R_009073,3,0.0012,2.742105167008784e-05,0,1505,7,1505,5,1,4,5,1.0,-0.0,0.0
R_009074,6,0.0024,4.446240327900558e-05,0,1562,3,1562,5,2,6,4,0.8,0.5004024235381879,0.7219280948873623
R_009075,10,0.004,6.349768457906822e-05,0,3102,1,1571,8,4,7,4,0.5,1.2130075659799042,0.875
R_009076,8,0.0032,5.495939404905984e-05,0,1559,4,1559,8,1,1,8,1.0,-0.0,0.0
R_009077,13,0.0052,8.504506883583564e-05,0,1550,5,1550,7,1,0,7,1.0,-0.0,0.0
R_009078,11,0.0044,7.723599062453097e-05,0,1565,2,1565,6,2,5,5,0.8333333333333334,0.4505612088663046,0.6500224216483541
R_009079,10,0.004,6.299515284233386e-05,0,1505,7,1505,8,1,4,8,1.0,-0.0,0.0
R_009080,7,0.0028,4.882634129931243e-05,0,3102,1,1571,5,2,7,4,0.8,0.5004024235381879,0.7219280948873623
R_009081,13,0.0052,8.436737052488809e-05,0,1550,5,1550,8,1,0,8,1.0,-0.0,0.0
R_009082,6,0.0024,4.668395263197302e-05,0,1565,2,1565,8,2,5,7,0.875,0.3767701612564367,0.5435644431995964
R_009083,5,0.002,4.162398097521033e-05,0,1565,2,1565,6,2,5,5,0.8333333333333334,0.4505612088663046,0.6500224216483541
R_009084,12,0.0048,7.528023875892097e-05,0,1559,4,1559,8,1,1,8,1.0,-0.0,0.0
R_009085,6,0.0024,4.453772082486285e-05,0,1559,4,1559,6,1,1,6,1.0,-0.0,0.0
R_009086,7,0.0028,4.888645817951376e-05,0,3102,6,1531,6,1,2,6,1.0,-0.0,0.0
R_009087,15,0.006,8.89329178628395e-05,0,3102,1,1571,8,3,7,6,0.75,0.7356219397587946,0.6695919455357792
R_009088,8,0.0032,5.337903046945316e-05,0,3102,1,1571,8,4,7,5,0.625,1.073542846408523,0.7743974703476992
R_009089,1,0.0004,1.7747881463919062e-05,0,1562,3,1562,6,2,6,5,0.8333333333333334,0.4505612088663046,0.6500224216483541
R_009090,5,0.002,3.9996136637445846e-05,0,1628,0,1628,6,1,3,6,1.0,-0.0,0.0
R_009091,8,0.0032,5.380522544905098e-05,0,3102,6,1531,7,1,2,7,1.0,-0.0,0.0
R_009092,6,0.0024,4.490955335550713e-05,0,1628,0,1628,5,1,3,5,1.0,-0.0,0.0
R_009093,8,0.0032,5.636498794627446e-05,0,1559,4,1559,5,1,1,5,1.0,-0.0,0.0
R_009094,6,0.0024,4.283200237457714e-05,0,3102,1,1571,5,3,2,2,0.4,1.0549201679861442,0.9602297178607612
R_009095,2,0.0008,2.2606032534145178e-05,0,1505,7,1505,5,1,4,5,1.0,-0.0,0.0
R_009096,8,0.0032,5.40184676046239e-05,0,3102,6,1531,6,1,2,6,1.0,-0.0,0.0
R_009097,8,0.0032,5.323287376015855e-05,0,3102,1,1571,6,2,7,5,0.8333333333333334,0.4505612088663046,0.6500224216483541
R_009098,9,0.0036,6.258084531001551e-05,0,1550,5,1550,8,1,0,8,1.0,-0.0,0.0
R_009099,3,0.0012,2.967429368593069e-05,0,1565,2,1565,6,1,5,6,1.0,-0.0,0.0
R_009100,3,0.0012,2.784522418102469e-05,0,1505,7,1505,5,1,4,5,1.0,-0.0,0.0
R_009101,9,0.0036,5.811101216472443e-05,0,3102,1,1571,8,4,7,4,0.5,1.2130075659799042,0.875
R_009102,7,0.0028,5.114349069311647e-05,0,1550,5,1550,5,1,0,5,1.0,-0.0,0.0
R_009103,6,0.0024,4.673370063724849e-05,0,1565,2,1565,7,2,5,6,0.8571428571428571,0.410116318288409,0.5916727785823274
R_009104,9,0.0036,6.051577077224775e-05,0,1628,0,1628,5,1,3,5,1.0,-0.0,0.0
R_009105,9,0.0036,5.8757756516889755e-05,0,3102,1,1571,5,2,7,4,0.8,0.5004024235381879,0.7219280948873623
R_009106,2,0.0008,2.344090791527207e-05,0,1628,0,1628,5,1,3,5,1.0,-0.0,0.0
R_009107,6,0.0024,4.325469242277441e-05,0,1505,7,1505,6,1,4,6,1.0,-0.0,0.0
R_009108,7,0.0028,4.7467144886724124e-05,0,1505,7,1505,8,1,4,8,1.0,-0.0,0.0
R_009109,5,0.002,3.7608683635018606e-05,0,1505,7,1505,8,1,4,8,1.0,-0.0,0.0
R_009110,5,0.002,3.837629210108962e-05,0,3102,6,1531,5,1,2,5,1.0,-0.0,0.0
R_009111,10,0.004,6.409637736950571e-05,0,3102,6,1531,7,1,2,7,1.0,-0.0,0.0
R_009112,15,0.006,9.026410264366066e-05,0,3102,6,1531,8,1,2,8,1.0,-0.0,0.0
R_009113,8,0.0032,5.635555474275973e-05,0,1628,0,1628,7,1,3,7,1.0,-0.0,0.0
R_009114,5,0.002,3.874286341145743e-05,0,1562,3,1562,5,3,6,3,0.6,0.9502705392332348,0.8649735207179272
R_009115,9,0.0036,6.223274231983689e-05,0,1550,5,1550,8,1,0,8,1.0,-0.0,0.0
R_009116,9,0.0036,6.12821650681159e-05,0,1628,0,1628,7,1,3,7,1.0,-0.0,0.0
R_009117,9,0.0036,5.8841335226492454e-05,0,3102,6,1531,8,1,2,8,1.0,-0.0,0.0
R_009118,7,0.0028,5.0854600015989576e-05,0,1628,0,1628,6,1,3,6,1.0,-0.0,0.0
R_009119,4,0.0016,3.318325016395106e-05,0,3102,6,1531,8,1,2,8,1.0,-0.0,0.0
R_009120,6,0.0024,4.438692370012686e-05,0,1562,3,1562,6,2,6,5,0.8333333333333334,0.4505612088663046,0.6500224216483541
R_009121,5,0.002,3.800218085998788e-05,0,3102,1,1571,5,3,7,3,0.6,0.9502705392332348,0.8649735207179272
R_009122,4,0.0016,3.3630089270708327e-05,0,1562,3,1562,6,2,6,5,0.8333333333333334,0.4505612088663046,0.6500224216483541
R_009123,7,0.0028,5.343986471185585e-05,0,1565,2,1565,8,2,5,7,0.875,0.3767701612564367,0.5435644431995964
R_009124,8,0.0032,5.5275986940524594e-05,0,1628,0,1628,7,1,3,7,1.0,-0.0,0.0
R_009125,4,0.0016,3.246507015924526e-05,0,1505,7,1505,6,1,4,6,1.0,-0.0,0.0
R_009126,5,0.002,3.799543748879472e-05,0,3102,6,1531,6,1,2,6,1.0,-0.0,0.0
R_009127,7,0.0028,5.016909194438767e-05,0,1559,4,1559,5,1,1,5,1.0,-0.0,0.0
R_009128,8,0.0032,5.591253817041214e-05,0,1628,0,1628,7,1,3,7,1.0,-0.0,0.0
R_009129,10,0.004,6.251171325107014e-05,0,1505,7,1505,7,1,4,7,1.0,-0.0,0.0
R_009130,6,0.0024,4.330012992476102e-05,0,3102,6,1531,5,1,2,5,1.0,-0.0,0.0
R_009131,6,0.0024,4.587566487433681e-05,0,1550,5,1550,5,1,0,5,1.0,-0.0,0.0
R_009132,10,0.004,6.976433008412124e-05,0,1565,2,1565,7,2,5,6,0.8571428571428571,0.410116318288409,0.5916727785823274
R_009133,11,0.0044,7.278769114968557e-05,0,1628,0,1628,8,1,3,8,1.0,-0.0,0.0
R_009134,7,0.0028,4.9946947356661515e-05,0,1562,3,1562,6,2,6,5,0.8333333333333334,0.4505612088663046,0.6500224216483541
R_009135,6,0.0024,4.7808393519411386e-05,0,1565,2,1565,6,2,5,5,0.8333333333333334,0.4505612088663046,0.6500224216483541
R_009136,6,0.0024,4.667913611834471e-05,0,1550,5,1550,7,1,0,7,1.0,-0.0,0.0
R_009137,2,0.0008,2.3392186276490193e-05,0,1559,4,1559,5,1,1,5,1.0,-0.0,0.0
R_009138,12,0.0048,7.400223682723637e-05,0,3102,1,1571,7,4,7,3,0.4285714285714285,1.277034259466139,0.9211854965885544
R_009139,3,0.0012,2.9948088648298587e-05,0,1565,2,1565,5,2,5,4,0.8,0.5004024235381879,0.7219280948873623
R_009140,9,0.0036,5.85043977971943e-05,0,3102,6,1531,7,1,2,7,1.0,-0.0,0.0
R_009141,11,0.0044,6.90715827424316e-05,0,3102,6,1531,8,1,2,8,1.0,-0.0,0.0
R_009142,7,0.0028,5.005128676146881e-05,0,1562,3,1562,6,3,6,4,0.6666666666666666,0.8675632284814612,0.7896900821428474
R_009143,8,0.0032,5.3173049721627525e-05,0,1505,7,1505,5,1,4,5,1.0,-0.0,0.0
R_009144,6,0.0024,4.5777143150509444e-05,0,1550,5,1550,6,1,0,6,1.0,-0.0,0.0
R_009145,4,0.0016,3.312845448069915e-05,0,3102,6,1531,5,1,2,5,1.0,-0.0,0.0
R_009146,8,0.0032,5.3235254696465606e-05,0,1505,7,1505,8,1,4,8,1.0,-0.0,0.0
R_009147,6,0.0024,4.729967792195871e-05,0,1565,2,1565,5,1,5,5,1.0,-0.0,0.0
R_009148,10,0.004,6.848433727424849e-05,0,1550,5,1550,8,1,0,8,1.0,-0.0,0.0
R_009149,6,0.0024,4.461514902239014e-05,0,1562,3,1562,7,2,6,6,0.8571428571428571,0.410116318288409,0.5916727785823274
R_009150,8,0.0032,5.582329343991486e-05,0,1562,3,1562,8,2,6,7,0.875,0.3767701612564367,0.5435644431995964
R_009151,6,0.0024,4.735167791866709e-05,0,1565,2,1565,5,1,5,5,1.0,-0.0,0.0
R_009152,11,0.0044,7.379223464307723e-05,0,1550,5,1550,6,1,0,6,1.0,-0.0,0.0
R_009153,8,0.0032,5.261362026838343e-05,0,3102,6,1531,7,1,2,7,1.0,-0.0,0.0
R_009154,7,0.0028,4.801416070156097e-05,0,1505,7,1505,5,1,4,5,1.0,-0.0,0.0
R_009155,6,0.0024,4.5897674028110125e-05,0,1628,0,1628,6,1,3,6,1.0,-0.0,0.0
R_009156,8,0.0032,5.370474703268975e-05,0,3102,6,1531,8,1,2,8,1.0,-0.0,0.0
R_009157,5,0.002,3.796667282532458e-05,0,1505,7,1505,5,1,4,5,1.0,-0.0,0.0
R_009158,3,0.0012,2.8238691467768267e-05,0,1559,4,1559,5,1,1,5,1.0,-0.0,0.0
R_009159,6,0.0024,4.640003328377476e-05,0,1550,5,1550,5,1,0,5,1.0,-0.0,0.0
R_009160,4,0.0016,3.26425298531306e-05,0,3102,1,1571,5,3,7,3,0.6,0.9502705392332348,0.8649735207179272
R_009161,7,0.0028,5.037608823359574e-05,0,1628,0,1628,8,1,3,8,1.0,-0.0,0.0
R_009162,7,0.0028,4.746433047541132e-05,0,3102,1,1571,8,4,7,4,0.5,1.2130075659799042,0.875
R_009163,6,0.0024,4.714111040731849e-05,0,1565,2,1565,6,1,5,6,1.0,-0.0,0.0
R_009164,4,0.0016,3.537558794610396e-05,0,1565,2,1565,5,2,5,4,0.8,0.5004024235381879,0.7219280948873623
R_009165,4,0.0016,3.4073291750186324e-05,0,1628,0,1628,7,1,3,7,1.0,-0.0,0.0
R_009166,9,0.0036,6.284221211649453e-05,0,1550,5,1550,8,1,0,8,1.0,-0.0,0.0
R_009167,12,0.0048,7.444277020322336e-05,0,3102,6,1531,8,1,2,8,1.0,-0.0,0.0
R_009168,4,0.0016,3.2429679048318176e-05,0,3102,1,1571,5,2,7,4,0.8,0.5004024235381879,0.7219280948873623
R_009169,4,0.0016,3.564433016933508e-05,0,1565,2,1565,6,1,5,6,1.0,-0.0,0.0
R_009170,9,0.0036,5.8572412672155766e-05,0,1505,7,1505,6,1,4,6,1.0,-0.0,0.0
R_009171,8,0.0032,5.2942190066836404e-05,0,3102,1,1571,6,2,7,5,0.8333333333333334,0.4505612088663046,0.6500224216483541
R_009172,6,0.0024,4.598632744724516e-05,0,1550,5,1550,6,1,0,6,1.0,-0.0,0.0
R_009173,13,0.0052,8.571663026397064e-05,0,1550,5,1550,7,1,0,7,1.0,-0.0,0.0
R_009174,6,0.0024,4.4780292843566563e-05,0,1562,3,1562,6,3,6,4,0.6666666666666666,0.8675632284814612,0.7896900821428474
R_009175,7,0.0028,5.110731969753467e-05,0,1628,0,1628,7,1,3,7,1.0,-0.0,0.0
R_009176,8,0.0032,5.35481574799009e-05,0,3102,1,1571,6,2,7,4,0.6666666666666666,0.6365141682948128,0.9182958340544894
R_009177,6,0.0024,4.475178768005786e-05,0,1628,0,1628,7,1,3,7,1.0,-0.0,0.0
R_009178,10,0.004,6.38147689577707e-05,0,3102,6,1531,7,1,2,7,1.0,-0.0,0.0
R_009179,3,0.0012,2.8042783436189566e-05,0,3102,6,1531,5,1,2,5,1.0,-0.0,0.0
R_009180,6,0.0024,4.41842237235731e-05,0,1559,4,1559,7,1,1,7,1.0,-0.0,0.0
R_009181,5,0.002,3.8820910863558235e-05,0,1562,3,1562,6,2,6,5,0.8333333333333334,0.4505612088663046,0.6500224216483541
R_009182,13,0.0052,8.071014661214807e-05,0,3102,6,1531,8,1,2,8,1.0,-0.0,0.0
R_009183,5,0.002,3.733624792066019e-05,0,1505,7,1505,7,1,4,7,1.0,-0.0,0.0
R_009184,0,0.0,1.2023710757614017e-05,1,1,33,1,5,3,7,3,0.6,0.9502705392332348,0.8649735207179272
R_009185,6,0.0024,4.497317950576455e-05,0,1559,4,1559,7,1,1,7,1.0,-0.0,0.0
R_009186,9,0.0036,6.0133298388562734e-05,0,1559,4,1559,8,1,1,8,1.0,-0.0,0.0
R_009187,9,0.0036,5.890225298445889e-05,0,3102,6,1531,7,1,2,7,1.0,-0.0,0.0
R_009188,9,0.0036,6.55483215665089e-05,0,1565,2,1565,7,2,5,6,0.8571428571428571,0.410116318288409,0.5916727785823274
R_009189,6,0.0024,4.779885609135346e-05,0,1565,2,1565,6,2,5,5,0.8333333333333334,0.4505612088663046,0.6500224216483541
R_009190,5,0.002,3.9754722344210453e-05,0,1550,5,1550,8,1,0,8,1.0,-0.0,0.0
R_009191,1,0.0004,1.7984896597577252e-05,0,1550,5,1550,5,1,0,5,1.0,-0.0,0.0
R_009192,3,0.0012,2.7709795756377826e-05,0,3102,6,1531,5,1,2,5,1.0,-0.0,0.0
R_009193,11,0.0044,7.108205381488897e-05,0,1562,3,1562,8,2,6,7,0.875,0.3767701612564367,0.5435644431995964
R_009194,13,0.0052,7.941715169524979e-05,0,3102,6,1531,6,1,2,6,1.0,-0.0,0.0
R_009195,6,0.0024,4.6691901538753594e-05,0,1565,2,1565,5,2,5,4,0.8,0.5004024235381879,0.7219280948873623
R_009196,8,0.0032,5.85918409122193e-05,0,1565,2,1565,6,1,5,6,1.0,-0.0,0.0
R_009197,6,0.0024,4.7475708064289454e-05,0,1565,2,1565,8,2,5,7,0.875,0.3767701612564367,0.5435644431995964
R_009198,5,0.002,3.743378586111195e-05,0,3102,1,1571,5,4,7,2,0.4,1.3321790402101223,0.9609640474436812
R_009199,5,0.002,3.9474203370488535e-05,0,1628,0,1628,6,1,3,6,1.0,-0.0,0.0
R_009200,6,0.0024,4.398001715070935e-05,0,1559,4,1559,7,1,1,7,1.0,-0.0,0.0
R_009201,10,0.004,6.428579428344586e-05,0,3102,6,1531,6,1,2,6,1.0,-0.0,0.0
R_009202,10,0.004,6.594424970502106e-05,0,1562,3,1562,7,2,6,6,0.8571428571428571,0.410116318288409,0.5916727785823274
R_009203,9,0.0036,6.120731656919809e-05,0,1562,3,1562,7,3,6,5,0.7142857142857143,0.796311640173813,0.7248340915057598
R_009204,4,0.0016,3.348902860471041e-05,0,3102,1,1571,5,2,7,4,0.8,0.5004024235381879,0.7219280948873623
R_009205,7,0.0028,4.83642587880746e-05,0,3102,6,1531,6,1,2,6,1.0,-0.0,0.0
R_009206,9,0.0036,6.118725004280765e-05,0,1559,4,1559,7,1,1,7,1.0,-0.0,0.0
R_009207,6,0.0024,4.51175336547279e-05,0,1550,5,1550,7,1,0,7,1.0,-0.0,0.0
R_009208,4,0.0016,3.2542759468571305e-05,0,3102,1,1571,5,3,7,3,0.6,0.9502705392332348,0.8649735207179272
R_009209,6,0.0024,4.6769675058257177e-05,0,1565,2,1565,7,1,5,7,1.0,-0.0,0.0
R_009210,2,0.0008,2.368525043909466e-05,0,1565,2,1565,6,1,5,6,1.0,-0.0,0.0
R_009211,5,0.002,3.885904760408333e-05,0,1562,3,1562,6,2,6,5,0.8333333333333334,0.4505612088663046,0.6500224216483541
R_009212,9,0.0036,5.743664338702717e-05,0,3102,1,1571,7,4,7,4,0.5714285714285714,1.1537419427010902,0.8322488896002307
R_009213,3,0.0012,2.7515141881257587e-05,0,3102,1,1571,5,2,7,4,0.8,0.5004024235381879,0.7219280948873623
R_009214,10,0.004,7.073486162609949e-05,0,1565,2,1565,8,2,5,7,0.875,0.3767701612564367,0.5435644431995964
R_009215,8,0.0032,5.567729737402658e-05,0,1628,0,1628,6,1,3,6,1.0,-0.0,0.0
R_009216,10,0.004,6.233186966848913e-05,0,1505,7,1505,6,1,4,6,1.0,-0.0,0.0
R_009217,8,0.0032,5.5233830727823036e-05,0,1559,4,1559,5,1,1,5,1.0,-0.0,0.0
R_009218,11,0.0044,6.78836982376466e-05,0,3102,1,1571,8,3,7,6,0.75,0.7356219397587946,0.6695919455357792
R_009219,11,0.0044,6.879459061869133e-05,0,3102,6,1531,8,1,2,8,1.0,-0.0,0.0
R_009220,7,0.0028,5.0205465536037316e-05,0,1559,4,1559,7,1,1,7,1.0,-0.0,0.0
R_009221,5,0.002,3.8492079651958054e-05,0,3102,6,1531,6,1,2,6,1.0,-0.0,0.0
R_009222,2,0.0008,2.2765666644544698e-05,0,1559,4,1559,5,1,1,5,1.0,-0.0,0.0
R_009223,6,0.0024,4.5214270922200375e-05,0,1628,0,1628,6,1,3,6,1.0,-0.0,0.0
R_009224,2,0.0008,2.3206487506973485e-05,0,1628,0,1628,5,1,3,5,1.0,-0.0,0.0
R_009225,7,0.0028,4.970125759468156e-05,0,1559,4,1559,8,1,1,8,1.0,-0.0,0.0
R_009226,12,0.0048,7.484106848174025e-05,0,3102,6,1531,6,1,2,6,1.0,-0.0,0.0
R_009227,7,0.0028,4.982802651270802e-05,0,1559,4,1559,6,1,1,6,1.0,-0.0,0.0
R_009228,7,0.0028,4.898023951315101e-05,0,1562,3,1562,7,3,6,5,0.7142857142857143,0.796311640173813,0.7248340915057598
R_009229,3,0.0012,2.9594421867711583e-05,0,1565,2,1565,5,1,5,5,1.0,-0.0,0.0
R_009230,11,0.0044,6.92814865302822e-05,0,3102,6,1531,8,1,2,8,1.0,-0.0,0.0
R_009231,7,0.0028,4.7417891412772356e-05,0,3102,1,1571,6,3,7,4,0.6666666666666666,0.8675632284814612,0.7896900821428474
R_009232,1,0.0004,1.7954842357497412e-05,0,3102,1,1571,5,4,7,2,0.4,1.3321790402101223,0.9609640474436812
R_009233,6,0.0024,4.6675591933586914e-05,0,1565,2,1565,8,2,5,7,0.875,0.3767701612564367,0.5435644431995964
R_009234,8,0.0032,5.849496950078049e-05,0,1565,2,1565,7,2,5,6,0.8571428571428571,0.410116318288409,0.5916727785823274
R_009235,7,0.0028,4.931045303250675e-05,0,1562,3,1562,5,2,6,4,0.8,0.5004024235381879,0.7219280948873623
R_009236,7,0.0028,4.803815097239042e-05,0,3102,1,1571,5,2,7,3,0.6,0.6730116670092565,0.9709505944546688
R_009237,7,0.0028,4.7545652991118506e-05,0,3102,1,1571,6,3,7,3,0.5,1.0114042647073518,0.920619835714305
R_009238,8,0.0032,5.22914679962047e-05,0,3102,1,1571,7,4,7,4,0.5714285714285714,1.1537419427010902,0.8322488896002307
R_009239,4,0.0016,3.4352005998732035e-05,0,1550,5,1550,5,1,0,5,1.0,-0.0,0.0
R_009240,11,0.0044,7.152145112981877e-05,0,1562,3,1562,7,1,6,7,1.0,-0.0,0.0
R_009241,6,0.0024,4.546437461451092e-05,0,1550,5,1550,5,1,0,5,1.0,-0.0,0.0
R_009242,3,0.0012,2.947264995914011e-05,0,1565,2,1565,6,2,5,5,0.8333333333333334,0.4505612088663046,0.6500224216483541
R_009243,3,0.0012,2.8584423996129184e-05,0,1628,0,1628,6,1,3,6,1.0,-0.0,0.0
R_009244,2,0.0008,2.369770445881395e-05,0,1550,5,1550,5,1,0,5,1.0,-0.0,0.0
R_009245,7,0.0028,4.89591648873613e-05,0,1559,4,1559,7,1,1,7,1.0,-0.0,0.0
R_009246,5,0.002,4.0169312919602835e-05,0,1628,0,1628,6,1,3,6,1.0,-0.0,0.0
R_009247,7,0.0028,4.817797168481716e-05,0,3102,1,1571,7,4,7,4,0.5714285714285714,1.1537419427010902,0.8322488896002307
R_009248,8,0.0032,5.5017437318221416e-05,0,1559,4,1559,6,1,1,6,1.0,-0.0,0.0
R_009249,7,0.0028,5.242635535410102e-05,0,1565,2,1565,7,2,5,6,0.8571428571428571,0.410116318288409,0.5916727785823274
R_009250,4,0.0016,3.570299979190427e-05,0,1565,2,1565,7,1,5,7,1.0,-0.0,0.0
R_009251,0,0.0,1.2023710757614017e-05,1,1,34,1,5,1,2,5,1.0,-0.0,0.0
R_009252,9,0.0036,5.895078485821068e-05,0,1559,4,1559,6,1,1,6,1.0,-0.0,0.0
R_009253,9,0.0036,6.015360159751668e-05,0,1562,3,1562,7,3,6,5,0.7142857142857143,0.796311640173813,0.7248340915057598
R_009254,7,0.0028,5.0610399352205586e-05,0,1628,0,1628,7,1,3,7,1.0,-0.0,0.0
R_009255,13,0.0052,8.380753311368784e-05,0,1628,0,1628,8,1,3,8,1.0,-0.0,0.0
R_009256,8,0.0032,5.9249603030366244e-05,0,1565,2,1565,7,2,5,6,0.8571428571428571,0.410116318288409,0.5916727785823274
R_009257,6,0.0024,4.684291041064659e-05,0,1565,2,1565,5,1,5,5,1.0,-0.0,0.0
R_009258,6,0.0024,4.5350738252775695e-05,0,1628,0,1628,7,1,3,7,1.0,-0.0,0.0
R_009259,12,0.0048,7.227708734653907e-05,0,1505,7,1505,5,1,4,5,1.0,-0.0,0.0
R_009260,2,0.0008,2.270269270135007e-05,0,1505,7,1505,5,1,4,5,1.0,-0.0,0.0
R_009261,8,0.0032,5.742003552938832e-05,0,1550,5,1550,5,1,0,5,1.0,-0.0,0.0
R_009262,13,0.0052,7.980663314992644e-05,0,3102,6,1531,7,1,2,7,1.0,-0.0,0.0
R_009263,6,0.0024,4.346226261710424e-05,0,3102,6,1531,8,1,2,8,1.0,-0.0,0.0
R_009264,3,0.0012,2.7672900138461715e-05,0,3102,6,1531,6,1,2,6,1.0,-0.0,0.0
R_009265,9,0.0036,6.090051279937835e-05,0,1628,0,1628,7,1,3,7,1.0,-0.0,0.0
R_009266,10,0.004,6.298505073419372e-05,0,1505,7,1505,6,1,4,6,1.0,-0.0,0.0
R_009267,6,0.0024,4.4737830449955976e-05,0,1559,4,1559,6,1,1,6,1.0,-0.0,0.0
R_009268,6,0.0024,4.503040061421227e-05,0,1628,0,1628,5,1,3,5,1.0,-0.0,0.0
R_009269,8,0.0032,5.3578843325325453e-05,0,3102,6,1531,5,1,2,5,1.0,-0.0,0.0
R_009270,9,0.0036,5.844111320214625e-05,0,3102,6,1531,7,1,2,7,1.0,-0.0,0.0
R_009271,11,0.0044,7.545807369710592e-05,0,1565,2,1565,8,2,5,7,0.875,0.3767701612564367,0.5435644431995964
R_009272,6,0.0024,4.333904944294495e-05,0,3102,6,1531,8,1,2,8,1.0,-0.0,0.0
R_009273,2,0.0008,2.279198443712983e-05,0,3102,6,1531,5,1,2,5,1.0,-0.0,0.0
R_009274,11,0.0044,7.104589485520718e-05,0,1559,4,1559,7,1,1,7,1.0,-0.0,0.0
R_009275,9,0.0036,5.880008367440916e-05,0,3102,6,1531,8,1,2,8,1.0,-0.0,0.0
R_009276,11,0.0044,7.258222329764072e-05,0,1628,0,1628,8,1,3,8,1.0,-0.0,0.0
R_009277,10,0.004,6.655566807080297e-05,0,1628,0,1628,8,1,3,8,1.0,-0.0,0.0
R_009278,8,0.0032,5.2504626156896194e-05,0,3102,1,1571,5,3,7,3,0.6,0.9502705392332348,0.8649735207179272
R_009279,6,0.0024,4.707527220047385e-05,0,1565,2,1565,7,2,5,6,0.8571428571428571,0.410116318288409,0.5916727785823274
R_009280,8,0.0032,5.736661968909119e-05,0,1550,5,1550,5,1,0,5,1.0,-0.0,0.0
R_009281,3,0.0012,2.8794422653455734e-05,0,1562,3,1562,5,2,6,4,0.8,0.5004024235381879,0.7219280948873623
R_009282,6,0.0024,4.739184715501983e-05,0,1565,2,1565,6,1,5,6,1.0,-0.0,0.0
R_009283,6,0.0024,4.3393230647436015e-05,0,3102,1,1571,6,4,7,3,0.5,1.242453324894,0.8962406251802889
R_009284,5,0.002,3.9329376946651704e-05,0,1628,0,1628,5,1,3,5,1.0,-0.0,0.0
R_009285,12,0.0048,8.162561355137323e-05,0,1565,2,1565,7,2,5,6,0.8571428571428571,0.410116318288409,0.5916727785823274
R_009286,7,0.0028,4.763316386613274e-05,0,1505,7,1505,6,1,4,6,1.0,-0.0,0.0
R_009287,5,0.002,4.184866050283506e-05,0,1565,2,1565,7,1,5,7,1.0,-0.0,0.0
R_009288,6,0.0024,4.71750615409824e-05,0,1565,2,1565,8,2,5,7,0.875,0.3767701612564367,0.5435644431995964
R_009289,2,0.0008,2.4157962584162355e-05,0,1565,2,1565,6,1,5,6,1.0,-0.0,0.0
R_009290,5,0.002,3.9348259319396336e-05,0,1628,0,1628,5,1,3,5,1.0,-0.0,0.0
R_009291,6,0.0024,4.331827652908314e-05,0,3102,6,1531,7,1,2,7,1.0,-0.0,0.0
R_009292,14,0.0056,8.736315826034162e-05,0,1559,4,1559,8,1,1,8,1.0,-0.0,0.0
R_009293,10,0.004,6.598199110688447e-05,0,1628,0,1628,8,1,3,8,1.0,-0.0,0.0
R_009294,10,0.004,6.254039394160635e-05,0,1505,7,1505,8,1,4,8,1.0,-0.0,0.0
R_009295,3,0.0012,2.9563312893061315e-05,0,1550,5,1550,5,1,0,5,1.0,-0.0,0.0
R_009296,8,0.0032,5.650133888938361e-05,0,1550,5,1550,8,1,0,8,1.0,-0.0,0.0
R_009297,8,0.0032,5.660151904439129e-05,0,1550,5,1550,6,1,0,6,1.0,-0.0,0.0
R_009298,7,0.0028,4.829301677375931e-05,0,3102,1,1571,6,3,7,4,0.6666666666666666,0.8675632284814612,0.7896900821428474
R_009299,5,0.002,4.1447616572528403e-05,0,1565,2,1565,7,2,5,6,0.8571428571428571,0.410116318288409,0.5916727785823274
R_009300,8,0.0032,5.321146714163804e-05,0,3102,1,1571,6,4,2,2,0.3333333333333333,1.3296613488547582,0.9591479170272448
R_009301,7,0.0028,4.7778624051347045e-05,0,1505,7,1505,6,1,4,6,1.0,-0.0,0.0
R_009302,4,0.0016,3.443607185375943e-05,0,1628,0,1628,5,1,3,5,1.0,-0.0,0.0
R_009303,3,0.0012,2.7828075108270377e-05,0,1505,7,1505,5,1,4,5,1.0,-0.0,0.0
R_009304,4,0.0016,3.353031252744434e-05,0,1559,4,1559,5,1,1,5,1.0,-0.0,0.0
R_009305,19,0.0076,0.00010814365775465648,0,1505,7,1505,7,1,4,7,1.0,-0.0,0.0
R_009306,8,0.0032,5.807154929261714e-05,0,1550,5,1550,6,1,0,6,1.0,-0.0,0.0
R_009307,9,0.0036,5.795432471521933e-05,0,3102,1,1571,7,4,7,4,0.5714285714285714,1.1537419427010902,0.8322488896002307
R_009308,7,0.0028,5.2576778792147436e-05,0,1565,2,1565,6,2,5,5,0.8333333333333334,0.4505612088663046,0.6500224216483541
R_009309,6,0.0024,4.5618612344974514e-05,0,1628,0,1628,6,1,3,6,1.0,-0.0,0.0
R_009310,4,0.0016,3.4201641919954515e-05,0,1562,3,1562,6,3,6,4,0.6666666666666666,0.8675632284814612,0.7896900821428474
R_009311,7,0.0028,4.69424122473992e-05,0,1505,7,1505,8,1,4,8,1.0,-0.0,0.0
R_009312,2,0.0008,2.292084513482519e-05,0,1628,0,1628,5,1,3,5,1.0,-0.0,0.0
R_009313,11,0.0044,6.923451824495567e-05,0,3102,1,1571,8,4,7,5,0.625,1.073542846408523,0.7743974703476992
R_009314,4,0.0016,3.609289328404419e-05,0,1565,2,1565,6,2,5,5,0.8333333333333334,0.4505612088663046,0.6500224216483541
R_009315,5,0.002,4.0566865342533683e-05,0,1550,5,1550,5,1,0,5,1.0,-0.0,0.0
R_009316,5,0.002,3.959706818225328e-05,0,1628,0,1628,5,1,3,5,1.0,-0.0,0.0
R_009317,10,0.004,6.602424724341054e-05,0,1562,3,1562,8,3,6,6,0.75,0.7356219397587946,0.6695919455357792
R_009318,8,0.0032,5.298565647714284e-05,0,3102,1,1571,6,4,7,3,0.5,1.242453324894,0.8962406251802889
R_009319,7,0.0028,4.9805302633507794e-05,0,1562,3,1562,7,2,6,6,0.8571428571428571,0.410116318288409,0.5916727785823274
R_009320,9,0.0036,6.452771392122897e-05,0,1565,2,1565,8,1,5,8,1.0,-0.0,0.0
R_009321,7,0.0028,5.124944842323316e-05,0,1550,5,1550,6,1,0,6,1.0,-0.0,0.0
R_009322,2,0.0008,2.311576135222535e-05,0,1559,4,1559,5,1,1,5,1.0,-0.0,0.0
R_009323,6,0.0024,4.799571826406814e-05,0,1565,2,1565,6,2,5,5,0.8333333333333334,0.4505612088663046,0.6500224216483541
R_009324,10,0.004,6.42195463181239e-05,0,3102,6,1531,7,1,2,7,1.0,-0.0,0.0
R_009325,18,0.0072,0.0001083867173092411,0,1562,3,1562,8,3,6,6,0.75,0.7356219397587946,0.6695919455357792
R_009326,5,0.002,3.917343272677016e-05,0,1562,3,1562,5,1,6,5,1.0,-0.0,0.0
R_009327,3,0.0012,2.8798453082770667e-05,0,1628,0,1628,5,1,3,5,1.0,-0.0,0.0
R_009328,15,0.006,8.99478452585795e-05,0,3102,6,1531,7,1,2,7,1.0,-0.0,0.0
R_009329,6,0.0024,4.476215011050477e-05,0,1562,3,1562,8,3,6,6,0.75,0.7356219397587946,0.6695919455357792
R_009330,4,0.0016,3.2426359616131474e-05,0,1505,7,1505,5,1,4,5,1.0,-0.0,0.0
R_009331,4,0.0016,3.33593931392347e-05,0,1559,4,1559,6,1,1,6,1.0,-0.0,0.0
R_009332,7,0.0028,4.950851163601549e-05,0,1559,4,1559,7,1,1,7,1.0,-0.0,0.0
R_009333,11,0.0044,6.84818735060595e-05,0,3102,1,1571,6,2,7,4,0.6666666666666666,0.6365141682948128,0.9182958340544894
R_009334,10,0.004,6.407286818551337e-05,0,3102,6,1531,8,1,2,8,1.0,-0.0,0.0
R_009335,3,0.0012,2.9948123742333232e-05,0,1565,2,1565,6,2,5,5,0.8333333333333334,0.4505612088663046,0.6500224216483541
R_009336,9,0.0036,6.427779574298134e-05,0,1565,2,1565,6,2,5,5,0.8333333333333334,0.4505612088663046,0.6500224216483541
R_009337,3,0.0012,2.8688399726960794e-05,0,1628,0,1628,5,1,3,5,1.0,-0.0,0.0
R_009338,14,0.0056,8.345404051463736e-05,0,1505,7,1505,8,1,4,8,1.0,-0.0,0.0
R_009339,6,0.0024,4.382792806251186e-05,0,3102,6,1531,5,1,2,5,1.0,-0.0,0.0
R_009340,6,0.0024,4.383436028810182e-05,0,3102,6,1531,7,1,2,7,1.0,-0.0,0.0
R_009341,4,0.0016,3.442889488003465e-05,0,1550,5,1550,6,1,0,6,1.0,-0.0,0.0
R_009342,9,0.0036,5.8058168779159396e-05,0,3102,1,1571,5,1,7,5,1.0,-0.0,0.0
R_009343,12,0.0048,7.907951012456155e-05,0,1550,5,1550,8,1,0,8,1.0,-0.0,0.0
R_009344,10,0.004,6.695440542029012e-05,0,1628,0,1628,6,1,3,6,1.0,-0.0,0.0
R_009345,13,0.0052,8.479252738332752e-05,0,1550,5,1550,8,1,0,8,1.0,-0.0,0.0
R_009346,9,0.0036,6.41435575307444e-05,0,1565,2,1565,7,2,5,6,0.8571428571428571,0.410116318288409,0.5916727785823274
R_009347,5,0.002,4.114064190131811e-05,0,1550,5,1550,5,1,0,5,1.0,-0.0,0.0
R_009348,6,0.0024,4.733260110627998e-05,0,1565,2,1565,5,2,5,4,0.8,0.5004024235381879,0.7219280948873623
R_009349,3,0.0012,2.9245120107580588e-05,0,1565,2,1565,8,1,5,8,1.0,-0.0,0.0
R_009350,16,0.0064,0.00010058604160728693,0,1628,0,1628,8,1,3,8,1.0,-0.0,0.0
R_009351,7,0.0028,5.116877667522224e-05,0,1559,4,1559,6,1,1,6,1.0,-0.0,0.0
R_009352,10,0.004,7.062493281186926e-05,0,1565,2,1565,8,2,5,7,0.875,0.3767701612564367,0.5435644431995964
R_009353,6,0.0024,4.260216678087069e-05,0,1505,7,1505,6,1,4,6,1.0,-0.0,0.0
R_009354,5,0.002,3.868203916394017e-05,0,3102,6,1531,5,1,2,5,1.0,-0.0,0.0
R_009355,4,0.0016,3.3670341683817424e-05,0,1562,3,1562,5,3,6,3,0.6,0.9502705392332348,0.8649735207179272
R_009356,12,0.0048,7.989534719284462e-05,0,1550,5,1550,8,1,0,8,1.0,-0.0,0.0
R_009357,6,0.0024,4.232334415785833e-05,0,1505,7,1505,7,1,4,7,1.0,-0.0,0.0
R_009358,4,0.0016,3.515492140740363e-05,0,1550,5,1550,6,1,0,6,1.0,-0.0,0.0
R_009359,7,0.0028,5.1749690896931126e-05,0,1550,5,1550,7,1,0,7,1.0,-0.0,0.0
R_009360,7,0.0028,5.233490951453297e-05,0,1565,2,1565,6,1,5,6,1.0,-0.0,0.0
R_009361,13,0.0052,8.505299931703198e-05,0,1550,5,1550,8,1,0,8,1.0,-0.0,0.0
R_009362,13,0.0052,8.181776883879213e-05,0,1562,3,1562,7,2,6,6,0.8571428571428571,0.410116318288409,0.5916727785823274
R_009363,8,0.0032,5.7116478972249897e-05,0,1550,5,1550,6,1,0,6,1.0,-0.0,0.0
R_009364,9,0.0036,5.8507865653667354e-05,0,3102,6,1531,6,1,2,6,1.0,-0.0,0.0
R_009365,3,0.0012,2.8590465312468517e-05,0,1559,4,1559,6,1,1,6,1.0,-0.0,0.0
R_009366,7,0.0028,4.8279244485264156e-05,0,3102,1,1571,7,3,7,5,0.7142857142857143,0.796311640173813,0.7248340915057598
R_009367,7,0.0028,4.9759604660307564e-05,0,1562,3,1562,6,3,6,4,0.6666666666666666,0.8675632284814612,0.7896900821428474
R_009368,4,0.0016,3.242366013485996e-05,0,3102,1,1571,5,3,7,3,0.6,0.9502705392332348,0.8649735207179272
R_009369,8,0.0032,5.482604587427718e-05,0,1559,4,1559,6,1,1,6,1.0,-0.0,0.0
R_009370,5,0.002,3.891056755622511e-05,0,1562,3,1562,5,3,6,3,0.6,0.9502705392332348,0.8649735207179272
R_009371,11,0.0044,7.378903448078037e-05,0,1550,5,1550,8,1,0,8,1.0,-0.0,0.0
R_009372,6,0.0024,4.348475085393015e-05,0,3102,6,1531,6,1,2,6,1.0,-0.0,0.0
R_009373,12,0.0048,7.658935694283401e-05,0,1562,3,1562,8,3,6,6,0.75,0.7356219397587946,0.6695919455357792
R_009374,7,0.0028,5.3247405948593846e-05,0,1565,2,1565,5,1,5,5,1.0,-0.0,0.0
R_009375,3,0.0012,2.7505645803996802e-05,0,3102,6,1531,5,1,2,5,1.0,-0.0,0.0
R_009376,14,0.0056,8.970588849293e-05,0,1550,5,1550,7,1,0,7,1.0,-0.0,0.0
R_009377,15,0.006,8.854223350264291e-05,0,3102,1,1571,8,4,7,4,0.5,1.2130075659799042,0.875
R_009378,7,0.0028,4.943152994774888e-05,0,1562,3,1562,7,2,6,6,0.8571428571428571,0.410116318288409,0.5916727785823274
R_009379,7,0.0028,4.9490498267766764e-05,0,1559,4,1559,6,1,1,6,1.0,-0.0,0.0
R_009380,2,0.0008,2.323430049297918e-05,0,1628,0,1628,5,1,3,5,1.0,-0.0,0.0
R_009381,12,0.0048,7.311235786668305e-05,0,3102,1,1571,7,4,7,4,0.5714285714285714,1.1537419427010902,0.8322488896002307
R_009382,9,0.0036,6.491457362506667e-05,0,1565,2,1565,8,2,5,7,0.875,0.3767701612564367,0.5435644431995964
R_009383,6,0.0024,4.4292348736471716e-05,0,1628,0,1628,5,1,3,5,1.0,-0.0,0.0
R_009384,5,0.002,3.733071789122958e-05,0,1505,7,1505,6,1,4,6,1.0,-0.0,0.0
R_009385,5,0.002,3.786728365348684e-05,0,3102,1,1571,6,4,7,3,0.5,1.242453324894,0.8962406251802889
R_009386,8,0.0032,5.2406500752837205e-05,0,1505,7,1505,7,1,4,7,1.0,-0.0,0.0
R_009387,12,0.0048,7.233080963451279e-05,0,1505,7,1505,8,1,4,8,1.0,-0.0,0.0
R_009388,2,0.0008,2.3300551264169198e-05,0,1628,0,1628,5,1,3,5,1.0,-0.0,0.0
R_009389,8,0.0032,5.303433432824033e-05,0,3102,1,1571,6,4,7,3,0.5,1.242453324894,0.8962406251802889
R_009390,4,0.0016,3.5714537888132144e-05,0,1565,2,1565,5,2,5,4,0.8,0.5004024235381879,0.7219280948873623
R_009391,7,0.0028,4.926229408525699e-05,0,1559,4,1559,6,1,1,6,1.0,-0.0,0.0
R_009392,12,0.0048,8.208869830499613e-05,0,1565,2,1565,7,1,5,7,1.0,-0.0,0.0
R_009393,8,0.0032,5.652484800014999e-05,0,1550,5,1550,8,1,0,8,1.0,-0.0,0.0
R_009394,4,0.0016,3.313412993177732e-05,0,3102,6,1531,8,1,2,8,1.0,-0.0,0.0
R_009395,4,0.0016,3.5473849343544664e-05,0,1565,2,1565,8,1,5,8,1.0,-0.0,0.0
R_009396,9,0.0036,6.0651594480698114e-05,0,1562,3,1562,7,2,6,6,0.8571428571428571,0.410116318288409,0.5916727785823274
R_009397,13,0.0052,8.238450700110993e-05,0,1562,3,1562,8,3,6,6,0.75,0.7356219397587946,0.6695919455357792
R_009398,2,0.0008,2.3200463605596107e-05,0,1628,0,1628,5,1,3,5,1.0,-0.0,0.0
R_009399,7,0.0028,4.9129036398643326e-05,0,1559,4,1559,6,1,1,6,1.0,-0.0,0.0
R_009400,4,0.0016,3.345067733540786e-05,0,1562,3,1562,5,2,6,4,0.8,0.5004024235381879,0.7219280948873623
R_009401,11,0.0044,6.714598780601806e-05,0,1505,7,1505,6,1,4,6,1.0,-0.0,0.0
R_009402,8,0.0032,5.863542670983667e-05,0,1565,2,1565,8,2,5,7,0.875,0.3767701612564367,0.5435644431995964
R_009403,6,0.0024,4.3915678883771175e-05,0,1559,4,1559,7,1,1,7,1.0,-0.0,0.0
R_009404,9,0.0036,5.795790384916626e-05,0,1505,7,1505,7,1,4,7,1.0,-0.0,0.0
R_009405,14,0.0056,9.0265765809973e-05,0,1550,5,1550,8,1,0,8,1.0,-0.0,0.0
R_009406,15,0.006,9.191431292483265e-05,0,1559,4,1559,8,1,1,8,1.0,-0.0,0.0
R_009407,4,0.0016,3.57309626501901e-05,0,1565,2,1565,7,1,5,7,1.0,-0.0,0.0
R_009408,10,0.004,6.546755446502788e-05,0,1562,3,1562,8,2,6,7,0.875,0.3767701612564367,0.5435644431995964
R_009409,6,0.0024,4.300612451592591e-05,0,1505,7,1505,6,1,4,6,1.0,-0.0,0.0
R_009410,4,0.0016,3.270045270235293e-05,0,1505,7,1505,5,1,4,5,1.0,-0.0,0.0
R_009411,5,0.002,4.000902995229682e-05,0,1628,0,1628,5,1,3,5,1.0,-0.0,0.0
R_009412,16,0.0064,9.71606809408303e-05,0,1559,4,1559,8,1,1,8,1.0,-0.0,0.0
R_009413,4,0.0016,3.357515264622e-05,0,1559,4,1559,5,1,1,5,1.0,-0.0,0.0
R_009414,14,0.0056,8.362676065278692e-05,0,3102,1,1571,8,4,7,4,0.5,1.2130075659799042,0.875
R_009415,9,0.0036,6.106221239173006e-05,0,1562,3,1562,6,1,6,6,1.0,-0.0,0.0
R_009416,2,0.0008,2.352236027368562e-05,0,1562,3,1562,5,1,6,5,1.0,-0.0,0.0
R_009417,1,0.0004,1.7816292507079085e-05,0,1628,0,1628,5,1,3,5,1.0,-0.0,0.0
R_009418,2,0.0008,2.3823483790798813e-05,0,1565,2,1565,6,1,5,6,1.0,-0.0,0.0
R_009419,7,0.0028,5.112638288056841e-05,0,1550,5,1550,8,1,0,8,1.0,-0.0,0.0
R_009420,14,0.0056,8.934359495020908e-05,0,1550,5,1550,7,1,0,7,1.0,-0.0,0.0
R_009421,7,0.0028,5.339979614977346e-05,0,1565,2,1565,5,2,5,4,0.8,0.5004024235381879,0.7219280948873623
R_009422,4,0.0016,3.246506635819861e-05,0,3102,1,1571,5,2,7,4,0.8,0.5004024235381879,0.7219280948873623
R_009423,4,0.0016,3.419867009424679e-05,0,1628,0,1628,6,1,3,6,1.0,-0.0,0.0
R_009424,4,0.0016,3.271259781996496e-05,0,3102,1,1571,6,3,7,3,0.5,1.0114042647073518,0.920619835714305
R_009425,6,0.0024,4.689636594704106e-05,0,1565,2,1565,5,2,5,4,0.8,0.5004024235381879,0.7219280948873623
R_009426,4,0.0016,3.29555492760897e-05,0,3102,6,1531,6,1,2,6,1.0,-0.0,0.0
R_009427,11,0.0044,6.79126661651636e-05,0,1505,7,1505,8,1,4,8,1.0,-0.0,0.0
R_009428,6,0.0024,4.343817697590893e-05,0,3102,6,1531,7,1,2,7,1.0,-0.0,0.0
R_009429,5,0.002,3.8389400229256456e-05,0,3102,1,1571,8,4,7,5,0.625,1.073542846408523,0.7743974703476992
R_009430,4,0.0016,3.283445073977938e-05,0,3102,6,1531,5,1,2,5,1.0,-0.0,0.0
R_009431,5,0.002,4.055948426434938e-05,0,1550,5,1550,7,1,0,7,1.0,-0.0,0.0
R_009432,7,0.0028,4.821200014619744e-05,0,3102,1,1571,5,3,7,3,0.6,0.9502705392332348,0.8649735207179272
R_009433,10,0.004,6.500827030399866e-05,0,1559,4,1559,8,1,1,8,1.0,-0.0,0.0
R_009434,9,0.0036,6.111497913950232e-05,0,1562,3,1562,7,2,6,6,0.8571428571428571,0.410116318288409,0.5916727785823274
R_009435,9,0.0036,6.160580247112982e-05,0,1628,0,1628,8,1,3,8,1.0,-0.0,0.0
R_009436,7,0.0028,4.933749869185807e-05,0,1559,4,1559,6,1,1,6,1.0,-0.0,0.0
R_009437,10,0.004,6.670773285943478e-05,0,1562,3,1562,8,3,6,6,0.75,0.7356219397587946,0.6695919455357792
R_009438,6,0.0024,4.720650567438191e-05,0,1565,2,1565,7,2,5,6,0.8571428571428571,0.410116318288409,0.5916727785823274
R_009439,3,0.0012,2.7901279359022165e-05,0,1505,7,1505,5,1,4,5,1.0,-0.0,0.0
R_009440,11,0.0044,7.641397915843458e-05,0,1565,2,1565,7,2,5,6,0.8571428571428571,0.410116318288409,0.5916727785823274
R_009441,5,0.002,3.8669945096603244e-05,0,1559,4,1559,7,1,1,7,1.0,-0.0,0.0
R_009442,11,0.0044,6.925359263440608e-05,0,3102,6,1531,6,1,2,6,1.0,-0.0,0.0
R_009443,13,0.0052,7.846890489749633e-05,0,3102,1,1571,7,3,7,4,0.5714285714285714,0.9556998911125344,0.8699155297736259
R_009444,3,0.0012,2.8666253991998277e-05,0,1562,3,1562,6,2,6,5,0.8333333333333334,0.4505612088663046,0.6500224216483541
R_009445,8,0.0032,5.2850361772235816e-05,0,1505,7,1505,6,1,4,6,1.0,-0.0,0.0
R_009446,14,0.0056,8.403287752022548e-05,0,3102,1,1571,8,3,7,5,0.625,0.9002560512685369,0.8194483718728035
R_009447,7,0.0028,5.041303998843757e-05,0,1559,4,1559,6,1,1,6,1.0,-0.0,0.0
R_009448,9,0.0036,5.7982892266761204e-05,0,3102,1,1571,7,3,7,5,0.7142857142857143,0.796311640173813,0.7248340915057598
R_009449,5,0.002,3.9536582792878005e-05,0,1628,0,1628,6,1,3,6,1.0,-0.0,0.0
R_009450,11,0.0044,6.789757243758418e-05,0,1505,7,1505,5,1,4,5,1.0,-0.0,0.0
R_009451,6,0.0024,4.375474866487086e-05,0,1559,4,1559,5,1,1,5,1.0,-0.0,0.0
R_009452,9,0.0036,5.832323801361097e-05,0,3102,6,1531,5,1,2,5,1.0,-0.0,0.0
R_009453,9,0.0036,6.032457112283615e-05,0,1559,4,1559,8,1,1,8,1.0,-0.0,0.0
R_009454,9,0.0036,6.032018878647134e-05,0,1559,4,1559,7,1,1,7,1.0,-0.0,0.0
R_009455,4,0.0016,3.409685720364671e-05,0,1562,3,1562,5,1,6,5,1.0,-0.0,0.0
R_009456,6,0.0024,4.297556739099765e-05,0,3102,1,1571,7,4,7,3,0.4285714285714285,1.277034259466139,0.9211854965885544
R_009457,7,0.0028,5.295604445358352e-05,0,1565,2,1565,6,1,5,6,1.0,-0.0,0.0
R_009458,6,0.0024,4.607143143232091e-05,0,1550,5,1550,5,1,0,5,1.0,-0.0,0.0
R_009459,10,0.004,6.581687695576425e-05,0,1562,3,1562,7,2,6,6,0.8571428571428571,0.410116318288409,0.5916727785823274
R_009460,8,0.0032,5.3476252413009115e-05,0,1505,7,1505,5,1,4,5,1.0,-0.0,0.0
R_009461,12,0.0048,7.313520494514906e-05,0,3102,1,1571,8,4,7,5,0.625,1.073542846408523,0.7743974703476992
R_009462,11,0.0044,6.893202061891227e-05,0,3102,1,1571,8,4,7,5,0.625,1.073542846408523,0.7743974703476992
R_009463,7,0.0028,5.18917351691894e-05,0,1550,5,1550,6,1,0,6,1.0,-0.0,0.0
R_009464,4,0.0016,3.265543253281233e-05,0,3102,1,1571,6,4,2,2,0.3333333333333333,1.3296613488547582,0.9591479170272448
R_009465,6,0.0024,4.431234959442008e-05,0,1562,3,1562,6,2,6,5,0.8333333333333334,0.4505612088663046,0.6500224216483541
R_009466,6,0.0024,4.369722489325899e-05,0,3102,6,1531,5,1,2,5,1.0,-0.0,0.0
R_009467,4,0.0016,3.3728546215952615e-05,0,1559,4,1559,5,1,1,5,1.0,-0.0,0.0
R_009468,4,0.0016,3.383697138224445e-05,0,1559,4,1559,7,1,1,7,1.0,-0.0,0.0
R_009469,3,0.0012,2.8652868987058245e-05,0,1628,0,1628,5,1,3,5,1.0,-0.0,0.0
R_009470,3,0.0012,2.7728014004425504e-05,0,3102,6,1531,6,1,2,6,1.0,-0.0,0.0
R_009471,12,0.0048,7.270227872067215e-05,0,3102,1,1571,8,3,7,5,0.625,0.9002560512685369,0.8194483718728035
R_009472,7,0.0028,4.934146869532947e-05,0,1559,4,1559,7,1,1,7,1.0,-0.0,0.0
R_009473,8,0.0032,5.37281630391273e-05,0,3102,1,1571,6,3,7,4,0.6666666666666666,0.8675632284814612,0.7896900821428474
R_009474,12,0.0048,7.48880262099812e-05,0,3102,1,1571,6,4,2,2,0.3333333333333333,1.3296613488547582,0.9591479170272448
R_009475,10,0.004,6.909424794945319e-05,0,1550,5,1550,8,1,0,8,1.0,-0.0,0.0
R_009476,14,0.0056,8.545156725422826e-05,0,1559,4,1559,8,1,1,8,1.0,-0.0,0.0
R_009477,8,0.0032,5.683678865076971e-05,0,1628,0,1628,7,1,3,7,1.0,-0.0,0.0
R_009478,6,0.0024,4.272292477993399e-05,0,3102,1,1571,6,3,7,4,0.6666666666666666,0.8675632284814612,0.7896900821428474
R_009479,4,0.0016,3.506204719195917e-05,0,1565,2,1565,7,1,5,7,1.0,-0.0,0.0
R_009480,9,0.0036,6.0946882493637e-05,0,1559,4,1559,7,1,1,7,1.0,-0.0,0.0
R_009481,10,0.004,6.892738519161283e-05,0,1550,5,1550,8,1,0,8,1.0,-0.0,0.0
R_009482,11,0.0044,7.14209096812579e-05,0,1559,4,1559,8,1,1,8,1.0,-0.0,0.0
R_009483,13,0.0052,7.904494825096341e-05,0,3102,6,1531,7,1,2,7,1.0,-0.0,0.0
R_009484,14,0.0056,8.364921220517678e-05,0,3102,6,1531,8,1,2,8,1.0,-0.0,0.0
R_009485,7,0.0028,4.988250171650075e-05,0,1562,3,1562,6,1,6,6,1.0,-0.0,0.0
R_009486,3,0.0012,2.9862305067230117e-05,0,1565,2,1565,6,1,5,6,1.0,-0.0,0.0
R_009487,13,0.0052,7.800987618680591e-05,0,1505,7,1505,8,1,4,8,1.0,-0.0,0.0
R_009488,15,0.006,8.781628596878802e-05,0,3102,1,1571,8,4,7,5,0.625,1.073542846408523,0.7743974703476992
R_009489,12,0.0048,7.76897370759862e-05,0,1628,0,1628,7,1,3,7,1.0,-0.0,0.0
R_009490,4,0.0016,3.5078941828305136e-05,0,1565,2,1565,5,2,5,4,0.8,0.5004024235381879,0.7219280948873623
R_009491,12,0.0048,7.272507014836545e-05,0,1505,7,1505,8,1,4,8,1.0,-0.0,0.0
R_009492,3,0.0012,2.756199644536165e-05,0,3102,6,1531,5,1,2,5,1.0,-0.0,0.0
R_009493,6,0.0024,4.4395484987406664e-05,0,1562,3,1562,5,2,6,4,0.8,0.5004024235381879,0.7219280948873623
R_009494,9,0.0036,6.199954892977608e-05,0,1628,0,1628,5,1,3,5,1.0,-0.0,0.0
R_009495,6,0.0024,4.4769995222178544e-05,0,1628,0,1628,6,1,3,6,1.0,-0.0,0.0
R_009496,9,0.0036,6.0530869440393383e-05,0,1559,4,1559,6,1,1,6,1.0,-0.0,0.0
R_009497,7,0.0028,4.862572385202557e-05,0,3102,6,1531,7,1,2,7,1.0,-0.0,0.0
R_009498,5,0.002,4.0179112087362716e-05,0,1550,5,1550,6,1,0,6,1.0,-0.0,0.0
R_009499,5,0.002,3.8608996783585265e-05,0,1559,4,1559,6,1,1,6,1.0,-0.0,0.0
R_009500,7,0.0028,5.115114905334835e-05,0,1550,5,1550,6,1,0,6,1.0,-0.0,0.0
R_009501,2,0.0008,2.286712807287954e-05,0,3102,1,1571,6,4,2,2,0.3333333333333333,1.3296613488547582,0.9591479170272448
R_009502,5,0.002,3.779576187374178e-05,0,1505,7,1505,5,1,4,5,1.0,-0.0,0.0
R_009503,8,0.0032,5.5207255949342004e-05,0,1562,3,1562,5,2,6,4,0.8,0.5004024235381879,0.7219280948873623
R_009504,8,0.0032,5.667151226685584e-05,0,1550,5,1550,8,1,0,8,1.0,-0.0,0.0
R_009505,3,0.0012,2.72585580299468e-05,0,1505,7,1505,5,1,4,5,1.0,-0.0,0.0
R_009506,2,0.0008,2.3874110626076705e-05,0,1565,2,1565,5,1,5,5,1.0,-0.0,0.0
R_009507,3,0.0012,2.8679206207016443e-05,0,1628,0,1628,5,1,3,5,1.0,-0.0,0.0
R_009508,2,0.0008,2.233154015711993e-05,0,1505,7,1505,5,1,4,5,1.0,-0.0,0.0
R_009509,10,0.004,6.3757150597765e-05,0,3102,1,1571,8,4,7,4,0.5,1.2130075659799042,0.875
R_009510,6,0.0024,4.4262974588573734e-05,0,1559,4,1559,6,1,1,6,1.0,-0.0,0.0
R_009511,12,0.0048,7.383999994281981e-05,0,3102,1,1571,7,3,7,4,0.5714285714285714,0.9556998911125344,0.8699155297736259
R_009512,6,0.0024,4.431029234901305e-05,0,1562,3,1562,6,3,6,4,0.6666666666666666,0.8675632284814612,0.7896900821428474
R_009513,7,0.0028,5.143337303239287e-05,0,1550,5,1550,7,1,0,7,1.0,-0.0,0.0
R_009514,6,0.0024,4.425995674364524e-05,0,1562,3,1562,6,2,6,5,0.8333333333333334,0.4505612088663046,0.6500224216483541
R_009515,11,0.0044,7.406629151905956e-05,0,1550,5,1550,8,1,0,8,1.0,-0.0,0.0
R_009516,8,0.0032,5.311994367885843e-05,0,1505,7,1505,7,1,4,7,1.0,-0.0,0.0
R_009517,6,0.0024,4.2866885828955875e-05,0,1505,7,1505,5,1,4,5,1.0,-0.0,0.0
R_009518,5,0.002,3.974634434550297e-05,0,1550,5,1550,6,1,0,6,1.0,-0.0,0.0
R_009519,7,0.0028,5.108471395469885e-05,0,1550,5,1550,5,1,0,5,1.0,-0.0,0.0
R_009520,2,0.0008,2.310980898254172e-05,0,1559,4,1559,5,1,1,5,1.0,-0.0,0.0
R_009521,7,0.0028,4.745039784564577e-05,0,3102,1,1571,8,3,7,5,0.625,0.9002560512685369,0.8194483718728035
R_009522,2,0.0008,2.3077388609772176e-05,0,1628,0,1628,5,1,3,5,1.0,-0.0,0.0
R_009523,8,0.0032,5.561332510339443e-05,0,1628,0,1628,7,1,3,7,1.0,-0.0,0.0
R_009524,9,0.0036,6.493866321421634e-05,0,1565,2,1565,6,1,5,6,1.0,-0.0,0.0
R_009525,2,0.0008,2.254683411624575e-05,0,3102,1,1571,6,2,7,5,0.8333333333333334,0.4505612088663046,0.6500224216483541
R_009526,3,0.0012,2.7416065606562612e-05,0,3102,1,1571,5,3,7,3,0.6,0.9502705392332348,0.8649735207179272
R_009527,6,0.0024,4.431487047621375e-05,0,1559,4,1559,6,1,1,6,1.0,-0.0,0.0
R_009528,7,0.0028,4.820211986423028e-05,0,1505,7,1505,5,1,4,5,1.0,-0.0,0.0
R_009529,7,0.0028,4.768542004748738e-05,0,3102,1,1571,5,2,7,3,0.6,0.6730116670092565,0.9709505944546688
R_009530,6,0.0024,4.2858292221805485e-05,0,3102,1,1571,7,3,7,5,0.7142857142857143,0.796311640173813,0.7248340915057598
R_009531,15,0.006,9.171822836459745e-05,0,1559,4,1559,8,1,1,8,1.0,-0.0,0.0
R_009532,10,0.004,6.787843391949757e-05,0,1550,5,1550,6,1,0,6,1.0,-0.0,0.0
R_009533,13,0.0052,8.110047954004863e-05,0,1559,4,1559,8,1,1,8,1.0,-0.0,0.0
R_009534,13,0.0052,8.164425197245726e-05,0,1559,4,1559,8,1,1,8,1.0,-0.0,0.0
R_009535,5,0.002,3.944227670114816e-05,0,1628,0,1628,5,1,3,5,1.0,-0.0,0.0
R_009536,12,0.0048,7.692935176427481e-05,0,1562,3,1562,8,3,6,6,0.75,0.7356219397587946,0.6695919455357792
R_009537,9,0.0036,5.87815641436633e-05,0,3102,6,1531,8,1,2,8,1.0,-0.0,0.0
R_009538,5,0.002,4.0108906134294697e-05,0,1550,5,1550,5,1,0,5,1.0,-0.0,0.0
R_009539,1,0.0004,1.8055365421862487e-05,0,1550,5,1550,5,1,0,5,1.0,-0.0,0.0
R_009540,2,0.0008,2.27468103062949e-05,0,3102,1,1571,5,2,7,4,0.8,0.5004024235381879,0.7219280948873623
R_009541,6,0.0024,4.678440438800812e-05,0,1565,2,1565,8,2,5,7,0.875,0.3767701612564367,0.5435644431995964
R_009542,6,0.0024,4.525112985812126e-05,0,1562,3,1562,6,3,6,4,0.6666666666666666,0.8675632284814612,0.7896900821428474
R_009543,10,0.004,6.604020416809148e-05,0,1628,0,1628,8,1,3,8,1.0,-0.0,0.0
R_009544,6,0.0024,4.428361342496938e-05,0,1562,3,1562,6,2,6,5,0.8333333333333334,0.4505612088663046,0.6500224216483541
R_009545,9,0.0036,6.057732214372028e-05,0,1559,4,1559,6,1,1,6,1.0,-0.0,0.0
R_009546,10,0.004,6.754694714241039e-05,0,1550,5,1550,6,1,0,6,1.0,-0.0,0.0
R_009547,8,0.0032,5.455258243752055e-05,0,1559,4,1559,7,1,1,7,1.0,-0.0,0.0
R_009548,5,0.002,3.940483624851572e-05,0,1562,3,1562,5,2,6,4,0.8,0.5004024235381879,0.7219280948873623
R_009549,10,0.004,6.592964607948447e-05,0,1559,4,1559,6,1,1,6,1.0,-0.0,0.0
R_009550,10,0.004,6.450936470316359e-05,0,3102,6,1531,7,1,2,7,1.0,-0.0,0.0
R_009551,8,0.0032,5.5228901616814385e-05,0,1562,3,1562,7,3,6,5,0.7142857142857143,0.796311640173813,0.7248340915057598
R_009552,15,0.006,9.889236589503468e-05,0,1565,2,1565,8,2,5,7,0.875,0.3767701612564367,0.5435644431995964
R_009553,7,0.0028,5.0538533145870947e-05,0,1628,0,1628,8,1,3,8,1.0,-0.0,0.0
R_009554,12,0.0048,7.80853811398495e-05,0,1628,0,1628,7,1,3,7,1.0,-0.0,0.0
R_009555,10,0.004,6.324415431782961e-05,0,3102,1,1571,7,3,7,4,0.5714285714285714,0.9556998911125344,0.8699155297736259
R_009556,10,0.004,6.323727530875332e-05,0,1505,7,1505,8,1,4,8,1.0,-0.0,0.0
R_009557,6,0.0024,4.5541326525682994e-05,0,1550,5,1550,7,1,0,7,1.0,-0.0,0.0
R_009558,7,0.0028,5.143333277410877e-05,0,1550,5,1550,6,1,0,6,1.0,-0.0,0.0
R_009559,2,0.0008,2.2518791816600884e-05,0,3102,1,1571,5,3,7,3,0.6,0.9502705392332348,0.8649735207179272
R_009560,7,0.0028,4.8625317613967214e-05,0,3102,6,1531,7,1,2,7,1.0,-0.0,0.0
R_009561,7,0.0028,5.018915856403437e-05,0,1628,0,1628,6,1,3,6,1.0,-0.0,0.0
R_009562,12,0.0048,7.693010404701273e-05,0,1562,3,1562,8,3,6,6,0.75,0.7356219397587946,0.6695919455357792
R_009563,18,0.0072,0.0001046145713866753,0,3102,1,1571,8,4,7,5,0.625,1.073542846408523,0.7743974703476992
R_009564,6,0.0024,4.4671992019096554e-05,0,1628,0,1628,5,1,3,5,1.0,-0.0,0.0
R_009565,8,0.0032,5.336317340521288e-05,0,3102,1,1571,5,2,7,4,0.8,0.5004024235381879,0.7219280948873623
R_009566,12,0.0048,8.003685911456834e-05,0,1550,5,1550,7,1,0,7,1.0,-0.0,0.0
R_009567,6,0.0024,4.463723959322501e-05,0,1559,4,1559,6,1,1,6,1.0,-0.0,0.0
R_009568,9,0.0036,6.52364947607814e-05,0,1565,2,1565,8,2,5,7,0.875,0.3767701612564367,0.5435644431995964
R_009569,14,0.0056,8.696816137487483e-05,0,1562,3,1562,7,2,6,6,0.8571428571428571,0.410116318288409,0.5916727785823274
R_009570,16,0.0064,9.941340858287674e-05,0,1628,0,1628,7,1,3,7,1.0,-0.0,0.0
R_009571,9,0.0036,6.0156544414485374e-05,0,1562,3,1562,5,3,6,3,0.6,0.9502705392332348,0.8649735207179272
R_009572,5,0.002,4.183203032416307e-05,0,1565,2,1565,6,1,5,6,1.0,-0.0,0.0
R_009573,13,0.0052,7.813853075723406e-05,0,3102,1,1571,7,4,7,4,0.5714285714285714,1.1537419427010902,0.8322488896002307
R_009574,8,0.0032,5.558274987166595e-05,0,1562,3,1562,7,3,6,5,0.7142857142857143,0.796311640173813,0.7248340915057598
R_009575,4,0.0016,3.4599178043403234e-05,0,1550,5,1550,6,1,0,6,1.0,-0.0,0.0
R_009576,8,0.0032,5.335972437227291e-05,0,3102,6,1531,6,1,2,6,1.0,-0.0,0.0
R_009577,8,0.0032,5.233102028043967e-05,0,1505,7,1505,8,1,4,8,1.0,-0.0,0.0
R_009578,11,0.0044,7.394341897563879e-05,0,1550,5,1550,6,1,0,6,1.0,-0.0,0.0
R_009579,7,0.0028,5.145314689649212e-05,0,1550,5,1550,7,1,0,7,1.0,-0.0,0.0
R_009580,13,0.0052,8.139907698370999e-05,0,1559,4,1559,8,1,1,8,1.0,-0.0,0.0
R_009581,7,0.0028,5.272307021216203e-05,0,1565,2,1565,7,2,5,6,0.8571428571428571,0.410116318288409,0.5916727785823274
R_009582,6,0.0024,4.593002160044364e-05,0,1628,0,1628,5,1,3,5,1.0,-0.0,0.0
R_009583,4,0.0016,3.4118610413801835e-05,0,1562,3,1562,7,2,6,6,0.8571428571428571,0.410116318288409,0.5916727785823274
R_009584,2,0.0008,2.2866104176826292e-05,0,1559,4,1559,6,1,1,6,1.0,-0.0,0.0
R_009585,12,0.0048,7.450206089680472e-05,0,3102,6,1531,7,1,2,7,1.0,-0.0,0.0
R_009586,7,0.0028,4.9842909360364355e-05,0,1562,3,1562,7,2,6,6,0.8571428571428571,0.410116318288409,0.5916727785823274
R_009587,6,0.0024,4.259907153206533e-05,0,3102,1,1571,6,3,7,4,0.6666666666666666,0.8675632284814612,0.7896900821428474
R_009588,3,0.0012,2.854440864563128e-05,0,1628,0,1628,5,1,3,5,1.0,-0.0,0.0
R_009589,2,0.0008,2.426356902990922e-05,0,1565,2,1565,5,1,5,5,1.0,-0.0,0.0
R_009590,18,0.0072,0.00011197257897886561,0,1628,0,1628,8,1,3,8,1.0,-0.0,0.0
R_009591,3,0.0012,2.745085852969785e-05,0,1505,7,1505,6,1,4,6,1.0,-0.0,0.0
R_009592,3,0.0012,2.946332324916339e-05,0,1550,5,1550,6,1,0,6,1.0,-0.0,0.0
R_009593,4,0.0016,3.4001737748830486e-05,0,1562,3,1562,5,2,6,4,0.8,0.5004024235381879,0.7219280948873623
R_009594,7,0.0028,5.161673509472467e-05,0,1550,5,1550,6,1,0,6,1.0,-0.0,0.0
R_009595,16,0.0064,9.388206032733817e-05,0,3102,6,1531,8,1,2,8,1.0,-0.0,0.0
R_009596,9,0.0036,6.121598956452672e-05,0,1628,0,1628,8,1,3,8,1.0,-0.0,0.0
R_009597,5,0.002,3.786887718247289e-05,0,1505,7,1505,6,1,4,6,1.0,-0.0,0.0
R_009598,8,0.0032,5.4528982567057885e-05,0,1559,4,1559,7,1,1,7,1.0,-0.0,0.0
R_009599,6,0.0024,4.538285404816734e-05,0,1550,5,1550,5,1,0,5,1.0,-0.0,0.0
R_009600,7,0.0028,4.9996832909963006e-05,0,1628,0,1628,6,1,3,6,1.0,-0.0,0.0
R_009601,11,0.0044,7.141501297528857e-05,0,1559,4,1559,6,1,1,6,1.0,-0.0,0.0
R_009602,4,0.0016,3.407797415984349e-05,0,1562,3,1562,5,3,6,3,0.6,0.9502705392332348,0.8649735207179272
R_009603,6,0.0024,4.738334097519208e-05,0,1565,2,1565,6,2,5,5,0.8333333333333334,0.4505612088663046,0.6500224216483541
R_009604,9,0.0036,6.272869772969637e-05,0,1550,5,1550,6,1,0,6,1.0,-0.0,0.0
R_009605,10,0.004,6.297867222415421e-05,0,1505,7,1505,8,1,4,8,1.0,-0.0,0.0
R_009606,6,0.0024,4.327609648147166e-05,0,3102,6,1531,6,1,2,6,1.0,-0.0,0.0
R_009607,2,0.0008,2.4035676631136902e-05,0,1565,2,1565,5,1,5,5,1.0,-0.0,0.0
R_009608,7,0.0028,4.902925817991635e-05,0,3102,6,1531,5,1,2,5,1.0,-0.0,0.0
R_009609,9,0.0036,5.980757111257822e-05,0,1559,4,1559,7,1,1,7,1.0,-0.0,0.0
R_009610,3,0.0012,2.9744168658988575e-05,0,1565,2,1565,5,2,5,4,0.8,0.5004024235381879,0.7219280948873623
R_009611,4,0.0016,3.348969310816101e-05,0,1559,4,1559,5,1,1,5,1.0,-0.0,0.0
R_009612,3,0.0012,2.7456465648628457e-05,0,3102,6,1531,5,1,2,5,1.0,-0.0,0.0
R_009613,3,0.0012,2.8061864799996582e-05,0,1559,4,1559,7,1,1,7,1.0,-0.0,0.0
R_009614,16,0.0064,9.311514300521224e-05,0,1505,7,1505,8,1,4,8,1.0,-0.0,0.0
R_009615,11,0.0044,7.146872232680965e-05,0,1559,4,1559,6,1,1,6,1.0,-0.0,0.0
R_009616,11,0.0044,7.346592482404515e-05,0,1550,5,1550,8,1,0,8,1.0,-0.0,0.0
R_009617,9,0.0036,6.042802677375499e-05,0,1559,4,1559,7,1,1,7,1.0,-0.0,0.0
R_009618,11,0.0044,7.05964947150677e-05,0,1559,4,1559,8,1,1,8,1.0,-0.0,0.0
R_009619,10,0.004,6.550028032099208e-05,0,1559,4,1559,7,1,1,7,1.0,-0.0,0.0
R_009620,1,0.0004,1.777663905013228e-05,0,1628,0,1628,5,1,3,5,1.0,-0.0,0.0
R_009621,7,0.0028,4.861754818081131e-05,0,3102,6,1531,6,1,2,6,1.0,-0.0,0.0
R_009622,3,0.0012,2.9096032692385475e-05,0,1550,5,1550,5,1,0,5,1.0,-0.0,0.0
R_009623,7,0.0028,5.362122356940049e-05,0,1565,2,1565,8,2,5,7,0.875,0.3767701612564367,0.5435644431995964
R_009624,7,0.0028,4.840858777108042e-05,0,3102,6,1531,7,1,2,7,1.0,-0.0,0.0
R_009625,2,0.0008,2.2432611197347363e-05,0,1505,7,1505,5,1,4,5,1.0,-0.0,0.0
R_009626,12,0.0048,7.929264675058616e-05,0,1550,5,1550,8,1,0,8,1.0,-0.0,0.0
R_009627,7,0.0028,5.232251606126476e-05,0,1565,2,1565,6,2,5,5,0.8333333333333334,0.4505612088663046,0.6500224216483541
R_009628,8,0.0032,5.6358965249892214e-05,0,1550,5,1550,7,1,0,7,1.0,-0.0,0.0
R_009629,4,0.0016,3.364094930624161e-05,0,1559,4,1559,6,1,1,6,1.0,-0.0,0.0
R_009630,10,0.004,7.113887375397581e-05,0,1565,2,1565,7,2,5,6,0.8571428571428571,0.410116318288409,0.5916727785823274
R_009631,7,0.0028,4.9981252573601114e-05,0,1562,3,1562,6,2,6,5,0.8333333333333334,0.4505612088663046,0.6500224216483541
R_009632,10,0.004,6.604445388516163e-05,0,1562,3,1562,7,2,6,6,0.8571428571428571,0.410116318288409,0.5916727785823274
R_009633,9,0.0036,5.8622769458893895e-05,0,3102,6,1531,5,1,2,5,1.0,-0.0,0.0
R_009634,3,0.0012,2.868381888573996e-05,0,1628,0,1628,5,1,3,5,1.0,-0.0,0.0
R_009635,5,0.002,4.1646923287933853e-05,0,1565,2,1565,6,1,5,6,1.0,-0.0,0.0
R_009636,14,0.0056,9.067000319754615e-05,0,1550,5,1550,8,1,0,8,1.0,-0.0,0.0
R_009637,4,0.0016,3.244274545892541e-05,0,1505,7,1505,6,1,4,6,1.0,-0.0,0.0
R_009638,5,0.002,3.942635903855686e-05,0,1628,0,1628,5,1,3,5,1.0,-0.0,0.0
R_009639,11,0.0044,6.932616934869551e-05,0,3102,6,1531,5,1,2,5,1.0,-0.0,0.0
R_009640,5,0.002,3.900529249155967e-05,0,1559,4,1559,5,1,1,5,1.0,-0.0,0.0
R_009641,3,0.0012,2.7242887491187532e-05,0,1505,7,1505,5,1,4,5,1.0,-0.0,0.0
R_009642,8,0.0032,5.375075052858748e-05,0,3102,6,1531,7,1,2,7,1.0,-0.0,0.0
R_009643,13,0.0052,7.960503068488307e-05,0,3102,6,1531,6,1,2,6,1.0,-0.0,0.0
R_009644,6,0.0024,4.431441477161201e-05,0,1562,3,1562,8,3,6,6,0.75,0.7356219397587946,0.6695919455357792
R_009645,9,0.0036,6.0313074088754686e-05,0,1562,3,1562,7,2,6,6,0.8571428571428571,0.410116318288409,0.5916727785823274
R_009646,12,0.0048,7.95240563795076e-05,0,1550,5,1550,7,1,0,7,1.0,-0.0,0.0
R_009647,3,0.0012,2.976419962278538e-05,0,1565,2,1565,5,1,5,5,1.0,-0.0,0.0
R_009648,9,0.0036,5.725892490449218e-05,0,1505,7,1505,7,1,4,7,1.0,-0.0,0.0
R_009649,9,0.0036,5.8723638903373905e-05,0,3102,1,1571,7,4,7,4,0.5714285714285714,1.1537419427010902,0.8322488896002307
R_009650,15,0.006,8.776955905741183e-05,0,1505,7,1505,7,1,4,7,1.0,-0.0,0.0
R_009651,6,0.0024,4.524965111630463e-05,0,1550,5,1550,6,1,0,6,1.0,-0.0,0.0
R_009652,11,0.0044,7.171599596467335e-05,0,1562,3,1562,8,3,6,6,0.75,0.7356219397587946,0.6695919455357792
R_009653,3,0.0012,3.044452576519876e-05,0,1565,2,1565,5,1,5,5,1.0,-0.0,0.0
R_009654,11,0.0044,6.869648814797967e-05,0,3102,6,1531,7,1,2,7,1.0,-0.0,0.0
R_009655,3,0.0012,2.918883701633222e-05,0,1550,5,1550,7,1,0,7,1.0,-0.0,0.0
R_009656,6,0.0024,4.723127375192895e-05,0,1565,2,1565,7,1,5,7,1.0,-0.0,0.0
R_009657,3,0.0012,2.806317784246991e-05,0,1562,3,1562,6,1,6,6,1.0,-0.0,0.0
R_009658,3,0.0012,2.942039128194959e-05,0,1628,0,1628,5,1,3,5,1.0,-0.0,0.0
R_009659,6,0.0024,4.319300059550448e-05,0,3102,6,1531,7,1,2,7,1.0,-0.0,0.0
R_009660,13,0.0052,7.936336733645683e-05,0,3102,6,1531,6,1,2,6,1.0,-0.0,0.0
R_009661,7,0.0028,4.811205678281157e-05,0,1505,7,1505,7,1,4,7,1.0,-0.0,0.0
R_009662,12,0.0048,7.41183553489708e-05,0,3102,6,1531,8,1,2,8,1.0,-0.0,0.0
R_009663,7,0.0028,4.9838823210283875e-05,0,1562,3,1562,7,1,6,7,1.0,-0.0,0.0
R_009664,8,0.0032,5.536968213278303e-05,0,1562,3,1562,7,2,6,6,0.8571428571428571,0.410116318288409,0.5916727785823274
R_009665,6,0.0024,4.2807335149542334e-05,0,3102,6,1531,8,1,2,8,1.0,-0.0,0.0
R_009666,6,0.0024,4.5806922637298676e-05,0,1550,5,1550,7,1,0,7,1.0,-0.0,0.0
R_009667,7,0.0028,5.319890857250175e-05,0,1565,2,1565,8,2,5,7,0.875,0.3767701612564367,0.5435644431995964
R_009668,6,0.0024,4.513602847411475e-05,0,1628,0,1628,7,1,3,7,1.0,-0.0,0.0
R_009669,2,0.0008,2.305414630528237e-05,0,1628,0,1628,6,1,3,6,1.0,-0.0,0.0
R_009670,5,0.002,4.040294589464478e-05,0,1550,5,1550,7,1,0,7,1.0,-0.0,0.0
R_009671,9,0.0036,5.80815207576735e-05,0,1505,7,1505,7,1,4,7,1.0,-0.0,0.0
R_009672,3,0.0012,2.953985508736731e-05,0,1565,2,1565,5,2,5,4,0.8,0.5004024235381879,0.7219280948873623
R_009673,11,0.0044,7.112034057446972e-05,0,1562,3,1562,7,2,6,6,0.8571428571428571,0.410116318288409,0.5916727785823274
R_009674,7,0.0028,4.9554181675011176e-05,0,1562,3,1562,8,3,6,6,0.75,0.7356219397587946,0.6695919455357792
R_009675,4,0.0016,3.346683399874956e-05,0,1559,4,1559,7,1,1,7,1.0,-0.0,0.0
R_009676,6,0.0024,4.646531288954614e-05,0,1550,5,1550,5,1,0,5,1.0,-0.0,0.0
R_009677,15,0.006,8.807941722804108e-05,0,1505,7,1505,8,1,4,8,1.0,-0.0,0.0
R_009678,6,0.0024,4.601403510500081e-05,0,1550,5,1550,6,1,0,6,1.0,-0.0,0.0
R_009679,7,0.0028,4.945420604182081e-05,0,1562,3,1562,5,3,6,3,0.6,0.9502705392332348,0.8649735207179272
R_009680,6,0.0024,4.47151287040877e-05,0,1562,3,1562,8,3,6,6,0.75,0.7356219397587946,0.6695919455357792
R_009681,2,0.0008,2.2741526093665178e-05,0,3102,6,1531,5,1,2,5,1.0,-0.0,0.0
R_009682,4,0.0016,3.299642101536355e-05,0,3102,6,1531,5,1,2,5,1.0,-0.0,0.0
R_009683,7,0.0028,4.7737367044946446e-05,0,1505,7,1505,6,1,4,6,1.0,-0.0,0.0
R_009684,7,0.0028,4.8705371111321234e-05,0,3102,1,1571,5,2,7,4,0.8,0.5004024235381879,0.7219280948873623
R_009685,6,0.0024,4.5707044309262315e-05,0,1550,5,1550,7,1,0,7,1.0,-0.0,0.0
R_009686,6,0.0024,4.4250568337208524e-05,0,1562,3,1562,5,2,6,4,0.8,0.5004024235381879,0.7219280948873623
R_009687,10,0.004,6.293712252700727e-05,0,3102,1,1571,7,2,7,5,0.7142857142857143,0.5982695885852573,0.8631205685666311
R_009688,9,0.0036,5.797456458578825e-05,0,3102,6,1531,7,1,2,7,1.0,-0.0,0.0
R_009689,7,0.0028,4.821390879130236e-05,0,3102,1,1571,7,4,7,3,0.4285714285714285,1.277034259466139,0.9211854965885544
R_009690,8,0.0032,5.332474260648613e-05,0,3102,1,1571,6,3,7,3,0.5,1.0114042647073518,0.920619835714305
R_009691,9,0.0036,5.9948100595101106e-05,0,1559,4,1559,6,1,1,6,1.0,-0.0,0.0
R_009692,6,0.0024,4.2573330447492585e-05,0,3102,1,1571,7,4,7,4,0.5714285714285714,1.1537419427010902,0.8322488896002307
R_009693,12,0.0048,7.769587448061903e-05,0,1628,0,1628,8,1,3,8,1.0,-0.0,0.0
R_009694,4,0.0016,3.3810429262242244e-05,0,1562,3,1562,6,3,6,4,0.6666666666666666,0.8675632284814612,0.7896900821428474
R_009695,4,0.0016,3.5516230656996206e-05,0,1565,2,1565,6,1,5,6,1.0,-0.0,0.0
R_009696,7,0.0028,5.1377607944797185e-05,0,1550,5,1550,8,1,0,8,1.0,-0.0,0.0
R_009697,4,0.0016,3.3628443744116454e-05,0,1559,4,1559,5,1,1,5,1.0,-0.0,0.0
R_009698,11,0.0044,7.25520305810847e-05,0,1628,0,1628,8,1,3,8,1.0,-0.0,0.0
R_009699,3,0.0012,2.842291718958348e-05,0,1562,3,1562,5,2,6,4,0.8,0.5004024235381879,0.7219280948873623
R_009700,9,0.0036,5.7666027148530555e-05,0,1505,7,1505,5,1,4,5,1.0,-0.0,0.0
R_009701,8,0.0032,5.348062393300573e-05,0,3102,6,1531,6,1,2,6,1.0,-0.0,0.0
R_009702,7,0.0028,5.345731951772259e-05,0,1565,2,1565,5,1,5,5,1.0,-0.0,0.0
R_009703,10,0.004,6.640453096731986e-05,0,1562,3,1562,8,3,6,6,0.75,0.7356219397587946,0.6695919455357792
R_009704,9,0.0036,6.179626132244474e-05,0,1628,0,1628,6,1,3,6,1.0,-0.0,0.0
R_009705,13,0.0052,7.845035053159095e-05,0,1505,7,1505,7,1,4,7,1.0,-0.0,0.0
R_009706,10,0.004,6.649009773359576e-05,0,1628,0,1628,8,1,3,8,1.0,-0.0,0.0
R_009707,7,0.0028,5.143772616503405e-05,0,1550,5,1550,5,1,0,5,1.0,-0.0,0.0
R_009708,11,0.0044,6.830172569621282e-05,0,3102,1,1571,8,3,7,5,0.625,0.9002560512685369,0.8194483718728035
R_009709,15,0.006,9.225997364544781e-05,0,1559,4,1559,8,1,1,8,1.0,-0.0,0.0
R_009710,2,0.0008,2.3474709801062283e-05,0,1550,5,1550,5,1,0,5,1.0,-0.0,0.0
R_009711,5,0.002,3.797192077817186e-05,0,3102,1,1571,5,2,7,4,0.8,0.5004024235381879,0.7219280948873623
R_009712,11,0.0044,7.170807069857727e-05,0,1628,0,1628,8,1,3,8,1.0,-0.0,0.0
R_009713,1,0.0004,1.7585347506351123e-05,0,3102,1,1571,5,2,7,4,0.8,0.5004024235381879,0.7219280948873623
R_009714,9,0.0036,5.853240070476655e-05,0,1505,7,1505,5,1,4,5,1.0,-0.0,0.0
R_009715,6,0.0024,4.3993751067285504e-05,0,1562,3,1562,7,3,6,5,0.7142857142857143,0.796311640173813,0.7248340915057598
R_009716,11,0.0044,7.602297717482456e-05,0,1565,2,1565,7,1,5,7,1.0,-0.0,0.0
R_009717,13,0.0052,7.819072290604722e-05,0,1505,7,1505,7,1,4,7,1.0,-0.0,0.0
R_009718,6,0.0024,4.6875000926649004e-05,0,1565,2,1565,6,2,5,5,0.8333333333333334,0.4505612088663046,0.6500224216483541
R_009719,12,0.0048,7.375346798630903e-05,0,3102,1,1571,6,4,2,2,0.3333333333333333,1.3296613488547582,0.9591479170272448
R_009720,10,0.004,6.627605918290318e-05,0,1562,3,1562,7,2,6,6,0.8571428571428571,0.410116318288409,0.5916727785823274
R_009721,2,0.0008,2.3011760371013983e-05,0,1562,3,1562,5,3,6,3,0.6,0.9502705392332348,0.8649735207179272
R_009722,7,0.0028,4.791497994058247e-05,0,1505,7,1505,6,1,4,6,1.0,-0.0,0.0
R_009723,7,0.0028,5.1755857804361114e-05,0,1550,5,1550,8,1,0,8,1.0,-0.0,0.0
R_009724,7,0.0028,4.828300333964707e-05,0,1505,7,1505,6,1,4,6,1.0,-0.0,0.0
R_009725,3,0.0012,2.8449364356429805e-05,0,1628,0,1628,6,1,3,6,1.0,-0.0,0.0
R_009726,11,0.0044,7.351291239591464e-05,0,1550,5,1550,8,1,0,8,1.0,-0.0,0.0
R_009727,8,0.0032,5.679092372736017e-05,0,1628,0,1628,8,1,3,8,1.0,-0.0,0.0
R_009728,6,0.0024,4.3871700473944386e-05,0,3102,1,1571,6,2,7,5,0.8333333333333334,0.4505612088663046,0.6500224216483541
R_009729,10,0.004,6.341327164025982e-05,0,3102,1,1571,8,3,7,5,0.625,0.9002560512685369,0.8194483718728035
R_009730,9,0.0036,6.340382520857049e-05,0,1550,5,1550,5,1,0,5,1.0,-0.0,0.0
R_009731,7,0.0028,4.8381467322229345e-05,0,3102,6,1531,7,1,2,7,1.0,-0.0,0.0
R_009732,6,0.0024,4.561044548644221e-05,0,1562,3,1562,5,3,6,3,0.6,0.9502705392332348,0.8649735207179272
R_009733,10,0.004,6.998385043555363e-05,0,1565,2,1565,6,1,5,6,1.0,-0.0,0.0
R_009734,9,0.0036,6.095047216719086e-05,0,1562,3,1562,6,2,6,5,0.8333333333333334,0.4505612088663046,0.6500224216483541
R_009735,10,0.004,6.268920389849738e-05,0,1505,7,1505,7,1,4,7,1.0,-0.0,0.0
R_009736,3,0.0012,2.925466821187837e-05,0,1550,5,1550,5,1,0,5,1.0,-0.0,0.0
R_009737,11,0.0044,7.153409342952102e-05,0,1628,0,1628,8,1,3,8,1.0,-0.0,0.0
R_009738,6,0.0024,4.2968876516169215e-05,0,3102,1,1571,7,3,7,4,0.5714285714285714,0.9556998911125344,0.8699155297736259
R_009739,5,0.002,3.953350889544399e-05,0,1559,4,1559,6,1,1,6,1.0,-0.0,0.0
R_009740,6,0.0024,4.4257774103395134e-05,0,1559,4,1559,7,1,1,7,1.0,-0.0,0.0
R_009741,15,0.006,8.81121060554674e-05,0,1505,7,1505,8,1,4,8,1.0,-0.0,0.0
R_009742,16,0.0064,9.352344775310882e-05,0,3102,1,1571,8,4,7,4,0.5,1.2130075659799042,0.875
R_009743,10,0.004,6.753896713663007e-05,0,1628,0,1628,6,1,3,6,1.0,-0.0,0.0
R_009744,8,0.0032,5.225665299773644e-05,0,1505,7,1505,7,1,4,7,1.0,-0.0,0.0
R_009745,11,0.0044,7.134725138303018e-05,0,1562,3,1562,7,2,6,6,0.8571428571428571,0.410116318288409,0.5916727785823274
R_009746,12,0.0048,7.272803128703594e-05,0,1505,7,1505,8,1,4,8,1.0,-0.0,0.0
R_009747,2,0.0008,2.3946793336006654e-05,0,1565,2,1565,6,2,5,5,0.8333333333333334,0.4505612088663046,0.6500224216483541
R_009748,8,0.0032,5.501830252429686e-05,0,1562,3,1562,7,3,6,5,0.7142857142857143,0.796311640173813,0.7248340915057598
R_009749,5,0.002,3.885167805589554e-05,0,1559,4,1559,6,1,1,6,1.0,-0.0,0.0
R_009750,5,0.002,4.1729081866901435e-05,0,1565,2,1565,6,2,5,5,0.8333333333333334,0.4505612088663046,0.6500224216483541
R_009751,14,0.0056,8.271007288156562e-05,0,1505,7,1505,7,1,4,7,1.0,-0.0,0.0
R_009752,7,0.0028,4.767338013456895e-05,0,1505,7,1505,5,1,4,5,1.0,-0.0,0.0
R_009753,5,0.002,4.067426856660168e-05,0,1565,2,1565,5,1,5,5,1.0,-0.0,0.0
R_009754,11,0.0044,7.379468843762606e-05,0,1550,5,1550,8,1,0,8,1.0,-0.0,0.0
R_009755,6,0.0024,4.338648687627226e-05,0,3102,6,1531,7,1,2,7,1.0,-0.0,0.0
R_009756,6,0.0024,4.310225953430821e-05,0,3102,6,1531,6,1,2,6,1.0,-0.0,0.0
R_009757,1,0.0004,1.7909460684965972e-05,0,1628,0,1628,5,1,3,5,1.0,-0.0,0.0
R_009758,5,0.002,3.7819357577088936e-05,0,1505,7,1505,5,1,4,5,1.0,-0.0,0.0
R_009759,10,0.004,6.31268154171089e-05,0,3102,1,1571,8,4,7,4,0.5,1.2130075659799042,0.875
R_009760,10,0.004,6.752158528632836e-05,0,1550,5,1550,6,1,0,6,1.0,-0.0,0.0
R_009761,4,0.0016,3.3243358797387634e-05,0,1562,3,1562,5,2,6,4,0.8,0.5004024235381879,0.7219280948873623
R_009762,9,0.0036,6.095552124971311e-05,0,1628,0,1628,6,1,3,6,1.0,-0.0,0.0
R_009763,3,0.0012,2.922295732962644e-05,0,1550,5,1550,7,1,0,7,1.0,-0.0,0.0
R_009764,6,0.0024,4.325783665827142e-05,0,3102,6,1531,8,1,2,8,1.0,-0.0,0.0
R_009765,6,0.0024,4.7680645305959334e-05,0,1565,2,1565,6,2,5,5,0.8333333333333334,0.4505612088663046,0.6500224216483541
R_009766,12,0.0048,7.962667206600834e-05,0,1550,5,1550,6,1,0,6,1.0,-0.0,0.0
R_009767,10,0.004,6.607767422893468e-05,0,1628,0,1628,6,1,3,6,1.0,-0.0,0.0
R_009768,9,0.0036,5.9116471542563556e-05,0,3102,6,1531,6,1,2,6,1.0,-0.0,0.0
R_009769,13,0.0052,7.87208223891528e-05,0,1505,7,1505,7,1,4,7,1.0,-0.0,0.0
R_009770,7,0.0028,4.812131658013679e-05,0,1505,7,1505,8,1,4,8,1.0,-0.0,0.0
R_009771,2,0.0008,2.366179660134177e-05,0,1550,5,1550,7,1,0,7,1.0,-0.0,0.0
R_009772,9,0.0036,6.066445868041179e-05,0,1559,4,1559,8,1,1,8,1.0,-0.0,0.0
R_009773,8,0.0032,5.8677330293479586e-05,0,1565,2,1565,6,1,5,6,1.0,-0.0,0.0
R_009774,11,0.0044,6.834013793540866e-05,0,3102,1,1571,8,3,7,5,0.625,0.9002560512685369,0.8194483718728035
R_009775,8,0.0032,5.304469548692516e-05,0,3102,1,1571,6,3,7,3,0.5,1.0114042647073518,0.920619835714305
R_009776,7,0.0028,4.7844121009332896e-05,0,3102,1,1571,8,4,7,4,0.5,1.2130075659799042,0.875
R_009777,9,0.0036,6.388598990724094e-05,0,1565,2,1565,7,2,5,6,0.8571428571428571,0.410116318288409,0.5916727785823274
R_009778,6,0.0024,4.6988151172268684e-05,0,1565,2,1565,5,1,5,5,1.0,-0.0,0.0
R_009779,11,0.0044,6.866883799522059e-05,0,1505,7,1505,8,1,4,8,1.0,-0.0,0.0
R_009780,5,0.002,4.047496534497642e-05,0,1550,5,1550,6,1,0,6,1.0,-0.0,0.0
R_009781,5,0.002,3.8238584367846215e-05,0,3102,6,1531,6,1,2,6,1.0,-0.0,0.0
R_009782,9,0.0036,5.847801198881144e-05,0,3102,6,1531,7,1,2,7,1.0,-0.0,0.0
R_009783,20,0.008,0.00011574176248184841,0,3102,6,1531,8,1,2,8,1.0,-0.0,0.0
R_009784,14,0.0056,8.610558097086529e-05,0,1559,4,1559,8,1,1,8,1.0,-0.0,0.0
R_009785,15,0.006,9.857211668052584e-05,0,1565,2,1565,8,2,5,7,0.875,0.3767701612564367,0.5435644431995964
R_009786,7,0.0028,4.834723364989984e-05,0,3102,1,1571,7,3,7,4,0.5714285714285714,0.9556998911125344,0.8699155297736259
R_009787,7,0.0028,4.925946188393566e-05,0,1559,4,1559,6,1,1,6,1.0,-0.0,0.0
R_009788,2,0.0008,2.2506326566971135e-05,0,1505,7,1505,5,1,4,5,1.0,-0.0,0.0
R_009789,8,0.0032,5.276996917898593e-05,0,1505,7,1505,8,1,4,8,1.0,-0.0,0.0
R_009790,2,0.0008,2.3124814433893194e-05,0,1628,0,1628,7,1,3,7,1.0,-0.0,0.0
R_009791,3,0.0012,2.769224247541326e-05,0,3102,6,1531,5,1,2,5,1.0,-0.0,0.0
R_009792,4,0.0016,3.562248810117653e-05,0,1565,2,1565,6,2,5,5,0.8333333333333334,0.4505612088663046,0.6500224216483541
R_009793,6,0.0024,4.384250728855912e-05,0,3102,6,1531,6,1,2,6,1.0,-0.0,0.0
R_009794,5,0.002,3.777956639006847e-05,0,3102,1,1571,6,3,7,4,0.6666666666666666,0.8675632284814612,0.7896900821428474
R_009795,11,0.0044,7.11922887095106e-05,0,1562,3,1562,7,2,6,6,0.8571428571428571,0.410116318288409,0.5916727785823274
R_009796,6,0.0024,4.5254372013597455e-05,0,1628,0,1628,6,1,3,6,1.0,-0.0,0.0
R_009797,17,0.0068,0.00011108743982119395,0,1565,2,1565,8,2,5,7,0.875,0.3767701612564367,0.5435644431995964
R_009798,9,0.0036,6.032782745390052e-05,0,1562,3,1562,5,1,6,5,1.0,-0.0,0.0
R_009799,7,0.0028,5.0591465219067646e-05,0,1628,0,1628,6,1,3,6,1.0,-0.0,0.0
R_009800,8,0.0032,5.457405374857398e-05,0,1559,4,1559,6,1,1,6,1.0,-0.0,0.0
R_009801,8,0.0032,5.323676920172159e-05,0,3102,1,1571,8,3,7,6,0.75,0.7356219397587946,0.6695919455357792
R_009802,3,0.0012,2.9816171323064534e-05,0,1565,2,1565,6,1,5,6,1.0,-0.0,0.0
R_009803,5,0.002,3.966774975566549e-05,0,1628,0,1628,5,1,3,5,1.0,-0.0,0.0
R_009804,6,0.0024,4.413355931501984e-05,0,1559,4,1559,6,1,1,6,1.0,-0.0,0.0
R_009805,8,0.0032,5.8992854330787626e-05,0,1565,2,1565,7,2,5,6,0.8571428571428571,0.410116318288409,0.5916727785823274
R_009806,7,0.0028,4.979450729921291e-05,0,1559,4,1559,7,1,1,7,1.0,-0.0,0.0
R_009807,8,0.0032,5.58210474667684e-05,0,1628,0,1628,8,1,3,8,1.0,-0.0,0.0
R_009808,10,0.004,6.335395591487073e-05,0,3102,6,1531,8,1,2,8,1.0,-0.0,0.0
R_009809,6,0.0024,4.343649786468858e-05,0,3102,6,1531,5,1,2,5,1.0,-0.0,0.0
R_009810,8,0.0032,5.5452383790624054e-05,0,1562,3,1562,7,2,6,6,0.8571428571428571,0.410116318288409,0.5916727785823274
R_009811,7,0.0028,5.073874062101968e-05,0,1562,3,1562,5,3,6,3,0.6,0.9502705392332348,0.8649735207179272
R_009812,7,0.0028,4.962483079305495e-05,0,1559,4,1559,6,1,1,6,1.0,-0.0,0.0
R_009813,11,0.0044,6.957018996679329e-05,0,3102,6,1531,8,1,2,8,1.0,-0.0,0.0
R_009814,4,0.0016,3.414777407942069e-05,0,1628,0,1628,5,1,3,5,1.0,-0.0,0.0
R_009815,3,0.0012,2.737941721166031e-05,0,1505,7,1505,7,1,4,7,1.0,-0.0,0.0
R_009816,6,0.0024,4.448915503184632e-05,0,1562,3,1562,8,2,6,7,0.875,0.3767701612564367,0.5435644431995964
R_009817,8,0.0032,5.4945584406209084e-05,0,1559,4,1559,7,1,1,7,1.0,-0.0,0.0
R_009818,2,0.0008,2.414779859021264e-05,0,1565,2,1565,5,1,5,5,1.0,-0.0,0.0
R_009819,8,0.0032,5.569056491762859e-05,0,1628,0,1628,5,1,3,5,1.0,-0.0,0.0
R_009820,5,0.002,3.7671719583916744e-05,0,1505,7,1505,5,1,4,5,1.0,-0.0,0.0
R_009821,19,0.0076,0.00011292277359201499,0,1559,4,1559,8,1,1,8,1.0,-0.0,0.0
R_009822,2,0.0008,2.368019596419674e-05,0,1565,2,1565,5,2,5,4,0.8,0.5004024235381879,0.7219280948873623
R_009823,5,0.002,3.94924709586584e-05,0,1550,5,1550,5,1,0,5,1.0,-0.0,0.0
R_009824,9,0.0036,5.981544034299545e-05,0,1559,4,1559,7,1,1,7,1.0,-0.0,0.0
R_009825,4,0.0016,3.3954501721623795e-05,0,1628,0,1628,5,1,3,5,1.0,-0.0,0.0
R_009826,16,0.0064,9.317320240745817e-05,0,1505,7,1505,8,1,4,8,1.0,-0.0,0.0
R_009827,5,0.002,3.9523948461885807e-05,0,1562,3,1562,7,3,6,5,0.7142857142857143,0.796311640173813,0.7248340915057598
R_009828,6,0.0024,4.7219874529265766e-05,0,1565,2,1565,6,1,5,6,1.0,-0.0,0.0
R_009829,6,0.0024,4.258824289890373e-05,0,1505,7,1505,5,1,4,5,1.0,-0.0,0.0
R_009830,9,0.0036,5.8489918554673006e-05,0,3102,1,1571,7,2,7,5,0.7142857142857143,0.5982695885852573,0.8631205685666311
R_009831,12,0.0048,7.359928910156223e-05,0,3102,1,1571,8,3,7,6,0.75,0.7356219397587946,0.6695919455357792
R_009832,10,0.004,6.280386528643807e-05,0,1505,7,1505,5,1,4,5,1.0,-0.0,0.0
R_009833,11,0.0044,7.419163185311216e-05,0,1550,5,1550,7,1,0,7,1.0,-0.0,0.0
R_009834,5,0.002,3.8038965390202834e-05,0,3102,6,1531,6,1,2,6,1.0,-0.0,0.0
R_009835,5,0.002,4.1612366965578334e-05,0,1565,2,1565,6,2,5,5,0.8333333333333334,0.4505612088663046,0.6500224216483541
R_009836,7,0.0028,4.9975954945943246e-05,0,1562,3,1562,6,3,6,4,0.6666666666666666,0.8675632284814612,0.7896900821428474
R_009837,8,0.0032,5.4477900150138036e-05,0,1559,4,1559,7,1,1,7,1.0,-0.0,0.0
R_009838,6,0.0024,4.334959601668005e-05,0,3102,1,1571,7,4,7,4,0.5714285714285714,1.1537419427010902,0.8322488896002307
R_009839,4,0.0016,3.413440603958055e-05,0,1628,0,1628,5,1,3,5,1.0,-0.0,0.0
R_009840,3,0.0012,2.924767836713391e-05,0,1550,5,1550,5,1,0,5,1.0,-0.0,0.0
R_009841,7,0.0028,5.0031209105697705e-05,0,1562,3,1562,6,2,6,5,0.8333333333333334,0.4505612088663046,0.6500224216483541
R_009842,14,0.0056,8.29510575970867e-05,0,1505,7,1505,7,1,4,7,1.0,-0.0,0.0
R_009843,10,0.004,6.567793653126103e-05,0,1559,4,1559,8,1,1,8,1.0,-0.0,0.0
R_009844,2,0.0008,2.38163994230984e-05,0,1565,2,1565,6,2,5,5,0.8333333333333334,0.4505612088663046,0.6500224216483541
R_009845,3,0.0012,2.91317346916079e-05,0,1550,5,1550,6,1,0,6,1.0,-0.0,0.0
R_009846,8,0.0032,5.861104945003602e-05,0,1565,2,1565,6,2,5,5,0.8333333333333334,0.4505612088663046,0.6500224216483541
R_009847,7,0.0028,4.973482948166475e-05,0,1559,4,1559,5,1,1,5,1.0,-0.0,0.0
R_009848,4,0.0016,3.4431723090988185e-05,0,1550,5,1550,5,1,0,5,1.0,-0.0,0.0
R_009849,2,0.0008,2.3294796531595094e-05,0,3102,1,1571,5,4,2,2,0.4,1.3321790402101223,0.9609640474436812
R_009850,14,0.0056,8.274350921939929e-05,0,1505,7,1505,8,1,4,8,1.0,-0.0,0.0
R_009851,6,0.0024,4.78370388680317e-05,0,1565,2,1565,5,2,5,4,0.8,0.5004024235381879,0.7219280948873623
R_009852,3,0.0012,2.884732160659335e-05,0,1550,5,1550,5,1,0,5,1.0,-0.0,0.0
R_009853,5,0.002,4.007769164757447e-05,0,1628,0,1628,5,1,3,5,1.0,-0.0,0.0
R_009854,7,0.0028,4.7883113341547575e-05,0,1505,7,1505,6,1,4,6,1.0,-0.0,0.0
R_009855,12,0.0048,7.30010333314046e-05,0,3102,1,1571,8,4,7,5,0.625,1.073542846408523,0.7743974703476992
R_009856,7,0.0028,4.878199371150293e-05,0,3102,6,1531,6,1,2,6,1.0,-0.0,0.0
R_009857,10,0.004,6.282980068057507e-05,0,1505,7,1505,7,1,4,7,1.0,-0.0,0.0
R_009858,5,0.002,3.9663868660595904e-05,0,1628,0,1628,6,1,3,6,1.0,-0.0,0.0
R_009859,6,0.0024,4.412699374816358e-05,0,1562,3,1562,6,3,6,4,0.6666666666666666,0.8675632284814612,0.7896900821428474
R_009860,13,0.0052,7.830217222797796e-05,0,1505,7,1505,8,1,4,8,1.0,-0.0,0.0
R_009861,3,0.0012,2.8098359861599268e-05,0,1559,4,1559,7,1,1,7,1.0,-0.0,0.0
R_009862,6,0.0024,4.311119665376282e-05,0,3102,1,1571,7,4,7,3,0.4285714285714285,1.277034259466139,0.9211854965885544
R_009863,7,0.0028,4.946853866843344e-05,0,1562,3,1562,5,2,6,4,0.8,0.5004024235381879,0.7219280948873623
R_009864,10,0.004,6.538942288623769e-05,0,1559,4,1559,7,1,1,7,1.0,-0.0,0.0
R_009865,8,0.0032,5.303374141737485e-05,0,3102,6,1531,8,1,2,8,1.0,-0.0,0.0
R_009866,6,0.0024,4.339367981247556e-05,0,1505,7,1505,7,1,4,7,1.0,-0.0,0.0
R_009867,10,0.004,6.981123024201613e-05,0,1565,2,1565,8,2,5,7,0.875,0.3767701612564367,0.5435644431995964
R_009868,5,0.002,3.764457155494493e-05,0,1505,7,1505,6,1,4,6,1.0,-0.0,0.0
R_009869,5,0.002,4.121280119215546e-05,0,1565,2,1565,7,1,5,7,1.0,-0.0,0.0
R_009870,10,0.004,7.080404161138039e-05,0,1565,2,1565,7,1,5,7,1.0,-0.0,0.0
R_009871,7,0.0028,5.009647192443786e-05,0,1562,3,1562,8,3,6,6,0.75,0.7356219397587946,0.6695919455357792
R_009872,9,0.0036,6.0849410284465974e-05,0,1562,3,1562,7,3,6,5,0.7142857142857143,0.796311640173813,0.7248340915057598
R_009873,6,0.0024,4.4774999887212614e-05,0,1562,3,1562,5,2,6,4,0.8,0.5004024235381879,0.7219280948873623
R_009874,5,0.002,3.9368530728052604e-05,0,1562,3,1562,5,1,6,5,1.0,-0.0,0.0
R_009875,9,0.0036,6.458434799540585e-05,0,1565,2,1565,8,2,5,7,0.875,0.3767701612564367,0.5435644431995964
R_009876,3,0.0012,2.7633932432181594e-05,0,3102,6,1531,6,1,2,6,1.0,-0.0,0.0
R_009877,7,0.0028,4.995711792145489e-05,0,1559,4,1559,7,1,1,7,1.0,-0.0,0.0
R_009878,11,0.0044,7.2106958402623e-05,0,1628,0,1628,7,1,3,7,1.0,-0.0,0.0
R_009879,6,0.0024,4.516636957079507e-05,0,1550,5,1550,5,1,0,5,1.0,-0.0,0.0
R_009880,5,0.002,3.891444779504401e-05,0,1562,3,1562,5,1,6,5,1.0,-0.0,0.0
R_009881,6,0.0024,4.341844427641564e-05,0,3102,6,1531,7,1,2,7,1.0,-0.0,0.0
R_009882,10,0.004,7.12463959307394e-05,0,1565,2,1565,6,2,5,5,0.8333333333333334,0.4505612088663046,0.6500224216483541
R_009883,8,0.0032,5.505322107963154e-05,0,1559,4,1559,7,1,1,7,1.0,-0.0,0.0
R_009884,9,0.0036,6.0085469923644544e-05,0,1559,4,1559,7,1,1,7,1.0,-0.0,0.0
R_009885,1,0.0004,1.7799962987441657e-05,0,1562,3,1562,5,2,6,4,0.8,0.5004024235381879,0.7219280948873623
R_009886,4,0.0016,3.425119129155674e-05,0,1628,0,1628,7,1,3,7,1.0,-0.0,0.0
R_009887,10,0.004,6.252631474795362e-05,0,3102,1,1571,8,4,7,4,0.5,1.2130075659799042,0.875
R_009888,11,0.0044,6.948543606313396e-05,0,3102,1,1571,6,2,7,4,0.6666666666666666,0.6365141682948128,0.9182958340544894
R_009889,16,0.0064,9.378745732342742e-05,0,3102,1,1571,8,4,7,4,0.5,1.2130075659799042,0.875
R_009890,12,0.0048,8.113696882337285e-05,0,1565,2,1565,8,1,5,8,1.0,-0.0,0.0
R_009891,5,0.002,4.1572269328172396e-05,0,1565,2,1565,8,1,5,8,1.0,-0.0,0.0
R_009892,17,0.0068,0.00010263571647848916,0,1562,3,1562,8,3,6,6,0.75,0.7356219397587946,0.6695919455357792
R_009893,8,0.0032,5.947542374781112e-05,0,1565,2,1565,6,1,5,6,1.0,-0.0,0.0
R_009894,11,0.0044,7.621132930481148e-05,0,1565,2,1565,8,2,5,7,0.875,0.3767701612564367,0.5435644431995964
R_009895,8,0.0032,5.34664774474074e-05,0,3102,1,1571,7,3,7,4,0.5714285714285714,0.9556998911125344,0.8699155297736259
R_009896,6,0.0024,4.4764639960180444e-05,0,1562,3,1562,6,2,6,5,0.8333333333333334,0.4505612088663046,0.6500224216483541
R_009897,6,0.0024,4.2537738332656335e-05,0,3102,1,1571,5,1,7,5,1.0,-0.0,0.0
R_009898,10,0.004,6.553319084826213e-05,0,1559,4,1559,8,1,1,8,1.0,-0.0,0.0
R_009899,8,0.0032,5.298038777262491e-05,0,1505,7,1505,5,1,4,5,1.0,-0.0,0.0
R_009900,7,0.0028,4.8863510335676695e-05,0,1559,4,1559,6,1,1,6,1.0,-0.0,0.0
R_009901,7,0.0028,5.1696701151235556e-05,0,1550,5,1550,8,1,0,8,1.0,-0.0,0.0
R_009902,6,0.0024,4.520466633552395e-05,0,1628,0,1628,6,1,3,6,1.0,-0.0,0.0
R_009903,11,0.0044,6.865615539958525e-05,0,3102,1,1571,7,4,7,4,0.5714285714285714,1.1537419427010902,0.8322488896002307
R_009904,8,0.0032,5.625107099338758e-05,0,1628,0,1628,8,1,3,8,1.0,-0.0,0.0
R_009905,6,0.0024,4.367618149937281e-05,0,3102,6,1531,5,1,2,5,1.0,-0.0,0.0
R_009906,14,0.0056,8.887806313429014e-05,0,1628,0,1628,7,1,3,7,1.0,-0.0,0.0
R_009907,10,0.004,6.578697062904305e-05,0,1559,4,1559,8,1,1,8,1.0,-0.0,0.0
R_009908,4,0.0016,3.584729502898637e-05,0,1565,2,1565,5,1,5,5,1.0,-0.0,0.0
R_009909,4,0.0016,3.2923981011372644e-05,0,3102,6,1531,6,1,2,6,1.0,-0.0,0.0
R_009910,9,0.0036,6.265220100196253e-05,0,1550,5,1550,7,1,0,7,1.0,-0.0,0.0
R_009911,0,0.0,1.2023710757614017e-05,1,1,35,1,6,1,3,6,1.0,-0.0,0.0
R_009912,11,0.0044,7.152724168044188e-05,0,1559,4,1559,6,1,1,6,1.0,-0.0,0.0
R_009913,11,0.0044,7.075738707405513e-05,0,1562,3,1562,7,2,6,6,0.8571428571428571,0.410116318288409,0.5916727785823274
R_009914,11,0.0044,6.789483646784747e-05,0,3102,1,1571,5,3,7,3,0.6,0.9502705392332348,0.8649735207179272
R_009915,15,0.006,9.323636821420544e-05,0,1562,3,1562,8,3,6,6,0.75,0.7356219397587946,0.6695919455357792
R_009916,11,0.0044,7.085401037137414e-05,0,1559,4,1559,8,1,1,8,1.0,-0.0,0.0
R_009917,11,0.0044,7.172346357558188e-05,0,1562,3,1562,7,2,6,6,0.8571428571428571,0.410116318288409,0.5916727785823274
R_009918,10,0.004,7.027164186499582e-05,0,1565,2,1565,8,2,5,7,0.875,0.3767701612564367,0.5435644431995964
R_009919,5,0.002,3.9366097743114725e-05,0,1562,3,1562,6,2,6,5,0.8333333333333334,0.4505612088663046,0.6500224216483541
R_009920,8,0.0032,5.680089669828768e-05,0,1550,5,1550,8,1,0,8,1.0,-0.0,0.0
R_009921,4,0.0016,3.230662831259613e-05,0,1505,7,1505,5,1,4,5,1.0,-0.0,0.0
R_009922,7,0.0028,5.211924519647552e-05,0,1550,5,1550,6,1,0,6,1.0,-0.0,0.0
R_009923,3,0.0012,2.7603243977405112e-05,0,3102,1,1571,5,3,7,3,0.6,0.9502705392332348,0.8649735207179272
R_009924,10,0.004,6.803693648605958e-05,0,1550,5,1550,6,1,0,6,1.0,-0.0,0.0
R_009925,6,0.0024,4.622699784714333e-05,0,1550,5,1550,5,1,0,5,1.0,-0.0,0.0
R_009926,6,0.0024,4.2912809936406285e-05,0,3102,1,1571,5,2,7,4,0.8,0.5004024235381879,0.7219280948873623
R_009927,8,0.0032,5.287022719594046e-05,0,1505,7,1505,6,1,4,6,1.0,-0.0,0.0
R_009928,15,0.006,9.874812271399825e-05,0,1565,2,1565,7,1,5,7,1.0,-0.0,0.0
R_009929,9,0.0036,6.263969248358532e-05,0,1550,5,1550,8,1,0,8,1.0,-0.0,0.0
R_009930,5,0.002,4.1126906609374385e-05,0,1565,2,1565,5,1,5,5,1.0,-0.0,0.0
R_009931,9,0.0036,6.116697898859522e-05,0,1628,0,1628,5,1,3,5,1.0,-0.0,0.0
R_009932,17,0.0068,0.00010270242428225445,0,1562,3,1562,8,2,6,7,0.875,0.3767701612564367,0.5435644431995964
R_009933,13,0.0052,7.81461942989479e-05,0,1505,7,1505,6,1,4,6,1.0,-0.0,0.0
R_009934,2,0.0008,2.2484980430408792e-05,0,3102,1,1571,5,3,2,2,0.4,1.0549201679861442,0.9602297178607612
R_009935,11,0.0044,7.200484437678102e-05,0,1628,0,1628,6,1,3,6,1.0,-0.0,0.0
R_009936,9,0.0036,5.9207390856276534e-05,0,3102,6,1531,6,1,2,6,1.0,-0.0,0.0
R_009937,3,0.0012,2.819734000070519e-05,0,3102,6,1531,5,1,2,5,1.0,-0.0,0.0
R_009938,10,0.004,6.540330675110246e-05,0,1559,4,1559,8,1,1,8,1.0,-0.0,0.0
R_009939,9,0.0036,6.41208273585319e-05,0,1565,2,1565,7,2,5,6,0.8571428571428571,0.410116318288409,0.5916727785823274
R_009940,4,0.0016,3.4959251645290016e-05,0,1550,5,1550,5,1,0,5,1.0,-0.0,0.0
R_009941,11,0.0044,6.756759815616789e-05,0,1505,7,1505,7,1,4,7,1.0,-0.0,0.0
R_009942,13,0.0052,7.861347797668544e-05,0,3102,6,1531,8,1,2,8,1.0,-0.0,0.0
R_009943,5,0.002,3.755069262077642e-05,0,3102,6,1531,6,1,2,6,1.0,-0.0,0.0
R_009944,5,0.002,4.132547663373816e-05,0,1565,2,1565,6,1,5,6,1.0,-0.0,0.0
R_009945,8,0.0032,5.742972836602903e-05,0,1550,5,1550,6,1,0,6,1.0,-0.0,0.0
R_009946,5,0.002,3.9811712918556684e-05,0,1628,0,1628,7,1,3,7,1.0,-0.0,0.0
R_009947,14,0.0056,8.394102789508372e-05,0,3102,1,1571,6,3,7,4,0.6666666666666666,0.8675632284814612,0.7896900821428474
R_009948,13,0.0052,8.509487501035285e-05,0,1550,5,1550,8,1,0,8,1.0,-0.0,0.0
R_009949,9,0.0036,5.857937969405591e-05,0,3102,6,1531,7,1,2,7,1.0,-0.0,0.0
R_009950,0,0.0,1.2023710757614017e-05,1,1,36,1,5,1,5,5,1.0,-0.0,0.0
R_009951,11,0.0044,7.12684486527835e-05,0,1559,4,1559,7,1,1,7,1.0,-0.0,0.0
R_009952,5,0.002,3.7688468877081234e-05,0,1505,7,1505,5,1,4,5,1.0,-0.0,0.0
R_009953,5,0.002,3.898860698355176e-05,0,1559,4,1559,6,1,1,6,1.0,-0.0,0.0
R_009954,11,0.0044,7.12240010528758e-05,0,1562,3,1562,6,3,6,4,0.6666666666666666,0.8675632284814612,0.7896900821428474
R_009955,4,0.0016,3.6107140302284654e-05,0,1565,2,1565,8,2,5,7,0.875,0.3767701612564367,0.5435644431995964
R_009956,3,0.0012,2.9052483715179428e-05,0,1550,5,1550,6,1,0,6,1.0,-0.0,0.0
R_009957,4,0.0016,3.2641076777490935e-05,0,3102,1,1571,6,2,7,5,0.8333333333333334,0.4505612088663046,0.6500224216483541
R_009958,4,0.0016,3.2384324797633627e-05,0,1505,7,1505,6,1,4,6,1.0,-0.0,0.0
R_009959,2,0.0008,2.3548597663213976e-05,0,1550,5,1550,6,1,0,6,1.0,-0.0,0.0
R_009960,12,0.0048,7.373518828147536e-05,0,3102,6,1531,7,1,2,7,1.0,-0.0,0.0
R_009961,7,0.0028,5.040823561058603e-05,0,1559,4,1559,6,1,1,6,1.0,-0.0,0.0
R_009962,6,0.0024,4.4145852051868485e-05,0,1559,4,1559,7,1,1,7,1.0,-0.0,0.0
R_009963,5,0.002,3.913069390714755e-05,0,1559,4,1559,6,1,1,6,1.0,-0.0,0.0
R_009964,8,0.0032,5.3997311241385825e-05,0,3102,6,1531,8,1,2,8,1.0,-0.0,0.0
R_009965,6,0.0024,4.7102278872019794e-05,0,1565,2,1565,6,2,5,5,0.8333333333333334,0.4505612088663046,0.6500224216483541
R_009966,8,0.0032,5.291715136418696e-05,0,3102,6,1531,5,1,2,5,1.0,-0.0,0.0
R_009967,7,0.0028,4.964353682742214e-05,0,1562,3,1562,6,3,6,4,0.6666666666666666,0.8675632284814612,0.7896900821428474
R_009968,12,0.0048,7.437410679020991e-05,0,3102,6,1531,8,1,2,8,1.0,-0.0,0.0
R_009969,4,0.0016,3.366597351018543e-05,0,1628,0,1628,5,1,3,5,1.0,-0.0,0.0
R_009970,4,0.0016,3.4113882821024593e-05,0,1628,0,1628,6,1,3,6,1.0,-0.0,0.0
R_009971,14,0.0056,8.661910051773126e-05,0,1562,3,1562,7,3,6,5,0.7142857142857143,0.796311640173813,0.7248340915057598
R_009972,4,0.0016,3.3982004768046195e-05,0,1562,3,1562,7,2,6,6,0.8571428571428571,0.410116318288409,0.5916727785823274
R_009973,8,0.0032,5.342715779836459e-05,0,3102,6,1531,7,1,2,7,1.0,-0.0,0.0
R_009974,7,0.0028,4.783657347761895e-05,0,1505,7,1505,8,1,4,8,1.0,-0.0,0.0
R_009975,6,0.0024,4.50497495516307e-05,0,1628,0,1628,6,1,3,6,1.0,-0.0,0.0
R_009976,6,0.0024,4.2227070892938676e-05,0,1505,7,1505,7,1,4,7,1.0,-0.0,0.0
R_009977,6,0.0024,4.3845043242562144e-05,0,1559,4,1559,6,1,1,6,1.0,-0.0,0.0
R_009978,4,0.0016,3.55578391875159e-05,0,1565,2,1565,6,1,5,6,1.0,-0.0,0.0
R_009979,6,0.0024,4.239508237901591e-05,0,1505,7,1505,6,1,4,6,1.0,-0.0,0.0
R_009980,14,0.0056,9.038135942792643e-05,0,1550,5,1550,8,1,0,8,1.0,-0.0,0.0
R_009981,5,0.002,4.009311193751646e-05,0,1550,5,1550,5,1,0,5,1.0,-0.0,0.0
R_009982,7,0.0028,5.344674955699989e-05,0,1565,2,1565,6,2,5,5,0.8333333333333334,0.4505612088663046,0.6500224216483541
R_009983,2,0.0008,2.3168720604406582e-05,0,1559,4,1559,6,1,1,6,1.0,-0.0,0.0
R_009984,6,0.0024,4.330318214358016e-05,0,3102,1,1571,6,3,7,4,0.6666666666666666,0.8675632284814612,0.7896900821428474
R_009985,10,0.004,6.573955493956171e-05,0,1559,4,1559,7,1,1,7,1.0,-0.0,0.0
R_009986,8,0.0032,5.582030437607671e-05,0,1628,0,1628,8,1,3,8,1.0,-0.0,0.0
R_009987,18,0.0072,0.00011730317009547553,0,1565,2,1565,7,2,5,6,0.8571428571428571,0.410116318288409,0.5916727785823274
R_009988,7,0.0028,5.287399758747363e-05,0,1565,2,1565,6,2,5,5,0.8333333333333334,0.4505612088663046,0.6500224216483541
R_009989,12,0.0048,7.175479537845622e-05,0,1505,7,1505,7,1,4,7,1.0,-0.0,0.0
R_009990,9,0.0036,6.278798055473969e-05,0,1550,5,1550,5,1,0,5,1.0,-0.0,0.0
R_009991,5,0.002,3.9552182262953946e-05,0,1628,0,1628,6,1,3,6,1.0,-0.0,0.0
R_009992,12,0.0048,7.697336450203309e-05,0,1559,4,1559,8,1,1,8,1.0,-0.0,0.0
R_009993,8,0.0032,5.21944091061409e-05,0,3102,1,1571,8,3,7,5,0.625,0.9002560512685369,0.8194483718728035
R_009994,4,0.0016,3.2813876205729384e-05,0,3102,1,1571,6,3,7,4,0.6666666666666666,0.8675632284814612,0.7896900821428474
R_009995,7,0.0028,4.709716545883889e-05,0,3102,1,1571,7,3,7,4,0.5714285714285714,0.9556998911125344,0.8699155297736259
R_009996,7,0.0028,4.746062158397612e-05,0,1505,7,1505,7,1,4,7,1.0,-0.0,0.0
R_009997,16,0.0064,9.818164774461457e-05,0,1559,4,1559,8,1,1,8,1.0,-0.0,0.0
R_009998,6,0.0024,4.24581485319117e-05,0,1505,7,1505,5,1,4,5,1.0,-0.0,0.0
R_009999,5,0.002,3.817086459725272e-05,0,3102,6,1531,6,1,2,6,1.0,-0.0,0.0
