node_id,node_type,community_global,role,job_title,seniority,industry
R_000000,CV,0,Software Engineer,,Senior,EdTech
R_000001,CV,5,Marketing Manager,,Junior,E-commerce
R_000002,CV,0,Full Stack Engineer,,Mid,FinTech
R_000003,CV,3,Data Analyst,,Junior,Healthcare
R_000004,CV,3,BI Analyst,,Junior,Gaming
R_000005,CV,1,Financial Analyst,,Mid,Travel
R_000006,CV,4,Sales Representative,,Junior,Retail
R_000007,CV,7,Technical Support Specialist,,Junior,Healthcare
R_000008,CV,7,Customer Support Specialist,,Junior,Retail
R_000009,CV,0,Backend Engineer,,Mid,Travel
R_000010,CV,4,Sales Representative,,Senior,Logistics
R_000011,CV,0,Backend Engineer,,Junior,Gaming
R_000012,CV,0,Full Stack Engineer,,Mid,E-commerce
R_000013,CV,2,Product Manager,,Senior,Logistics
R_000014,CV,2,Associate Product Manager,,Senior,Travel
R_000015,CV,1,Financial Analyst,,Senior,Healthcare
R_000016,CV,4,Account Executive,,Senior,Cybersecurity
R_000017,CV,6,Program Coordinator,,Mid,E-commerce
R_000018,CV,5,Marketing Manager,,Junior,Cybersecurity
R_000019,CV,3,BI Analyst,,Senior,Healthcare
R_000020,CV,5,Marketing Manager,,Junior,FinTech
R_000021,CV,5,Marketing Manager,,Junior,Cybersecurity
R_000022,CV,0,Full Stack Engineer,,Junior,EdTech
R_000023,CV,6,Operations Manager,,Senior,SaaS
R_000024,CV,2,Associate Product Manager,,Senior,EdTech
R_000025,CV,3,BI Analyst,,Senior,EdTech
R_000026,CV,0,Software Engineer,,Mid,E-commerce
R_000027,CV,0,Full Stack Engineer,,Senior,SaaS
R_000028,CV,4,Account Executive,,Senior,Healthcare
R_000029,CV,7,Customer Support Specialist,,Senior,EdTech
R_000030,CV,6,Project Manager,,Junior,E-commerce
R_000031,CV,1,FP&A Analyst,,Junior,FinTech
R_000032,CV,7,Customer Support Specialist,,Senior,EdTech
R_000033,CV,2,Technical Product Manager,,Mid,Gaming
R_000034,CV,1,Junior Accountant,,Junior,E-commerce
R_000035,CV,0,Full Stack Engineer,,Junior,Gaming
R_000036,CV,7,Technical Support Specialist,,Mid,Logistics
R_000037,CV,5,Content Marketer,,Mid,SaaS
R_000038,CV,0,Backend Engineer,,Senior,Travel
R_000039,CV,7,Customer Support Specialist,,Junior,EdTech
R_000040,CV,5,Marketing Manager,,Junior,FinTech
R_000041,CV,3,Data Analyst,,Mid,Travel
R_000042,CV,0,Backend Engineer,,Mid,Travel
R_000043,CV,5,Content Marketer,,Senior,Retail
R_000044,CV,6,Project Manager,,Junior,SaaS
R_000045,CV,3,Data Analyst,,Mid,Healthcare
R_000046,CV,2,Technical Product Manager,,Senior,Logistics
R_000047,CV,3,BI Analyst,,Junior,E-commerce
R_000048,CV,2,Associate Product Manager,,Junior,Travel
R_000049,CV,3,Business Analyst,,Senior,Retail
R_000050,CV,1,Junior Accountant,,Junior,E-commerce
R_000051,CV,5,Marketing Manager,,Senior,EdTech
R_000052,CV,0,Full Stack Engineer,,Junior,Cybersecurity
R_000053,CV,1,Junior Accountant,,Mid,E-commerce
R_000054,CV,7,Customer Support Specialist,,Mid,Logistics
R_000055,CV,0,Backend Engineer,,Mid,Logistics
R_000056,CV,2,Associate Product Manager,,Junior,Gaming
R_000057,CV,4,Business Development Manager,,Senior,Logistics
R_000058,CV,6,Project Manager,,Senior,Travel
R_000059,CV,4,Account Executive,,Junior,E-commerce
R_000060,CV,5,Marketing Manager,,Senior,Retail
R_000061,CV,5,Content Marketer,,Mid,Logistics
R_000062,CV,6,Project Manager,,Senior,Retail
R_000063,CV,4,Business Development Manager,,Senior,FinTech
R_000064,CV,0,Software Engineer,,Senior,Healthcare
R_000065,CV,4,Business Development Manager,,Junior,SaaS
R_000066,CV,5,Marketing Manager,,Senior,E-commerce
R_000067,CV,2,Product Manager,,Mid,Logistics
R_000068,CV,6,Project Manager,,Junior,Healthcare
R_000069,CV,4,Business Development Manager,,Mid,Logistics
R_000070,CV,0,Full Stack Engineer,,Junior,EdTech
R_000071,CV,5,Performance Marketer,,Junior,Gaming
R_000072,CV,2,Product Manager,,Mid,Retail
R_000073,CV,7,Customer Success Associate,,Mid,FinTech
R_000074,CV,4,Business Development Manager,,Mid,Travel
R_000075,CV,6,Operations Manager,,Mid,Gaming
R_000076,CV,6,Project Manager,,Mid,Gaming
R_000077,CV,1,FP&A Analyst,,Mid,Healthcare
R_000078,CV,5,Content Marketer,,Mid,Healthcare
R_000079,CV,1,Financial Analyst,,Mid,Logistics
R_000080,CV,1,FP&A Analyst,,Senior,SaaS
R_000081,CV,6,Operations Manager,,Junior,Gaming
R_000082,CV,7,Customer Support Specialist,,Mid,E-commerce
R_000083,CV,6,Operations Manager,,Senior,SaaS
R_000084,CV,7,Customer Success Associate,,Senior,EdTech
R_000085,CV,2,Associate Product Manager,,Mid,EdTech
R_000086,CV,7,Customer Support Specialist,,Mid,E-commerce
R_000087,CV,2,Product Manager,,Senior,Retail
R_000088,CV,7,Customer Support Specialist,,Mid,FinTech
R_000089,CV,4,Business Development Manager,,Junior,Logistics
R_000090,CV,7,Customer Success Associate,,Senior,EdTech
R_000091,CV,1,Junior Accountant,,Mid,E-commerce
R_000092,CV,5,Performance Marketer,,Junior,Travel
R_000093,CV,7,Customer Success Associate,,Junior,E-commerce
R_000094,CV,6,Program Coordinator,,Mid,Retail
R_000095,CV,0,Software Engineer,,Junior,FinTech
R_000096,CV,7,Technical Support Specialist,,Senior,Gaming
R_000097,CV,4,Account Executive,,Senior,Travel
R_000098,CV,1,Financial Analyst,,Senior,E-commerce
R_000099,CV,5,Performance Marketer,,Mid,Healthcare
R_000100,CV,1,FP&A Analyst,,Mid,Retail
R_000101,CV,1,Junior Accountant,,Junior,Cybersecurity
R_000102,CV,1,FP&A Analyst,,Senior,EdTech
R_000103,CV,7,Customer Support Specialist,,Senior,Logistics
R_000104,CV,0,Software Engineer,,Junior,E-commerce
R_000105,CV,1,Financial Analyst,,Senior,Cybersecurity
R_000106,CV,2,Technical Product Manager,,Junior,Travel
R_000107,CV,7,Customer Success Associate,,Junior,Retail
R_000108,CV,3,Business Analyst,,Junior,Logistics
R_000109,CV,0,Backend Engineer,,Senior,Retail
R_000110,CV,1,Junior Accountant,,Senior,Retail
R_000111,CV,4,Sales Representative,,Mid,FinTech
R_000112,CV,7,Customer Support Specialist,,Senior,Logistics
R_000113,CV,7,Customer Support Specialist,,Mid,E-commerce
R_000114,CV,5,Performance Marketer,,Senior,Retail
R_000115,CV,0,Backend Engineer,,Mid,Cybersecurity
R_000116,CV,5,Performance Marketer,,Junior,E-commerce
R_000117,CV,0,Full Stack Engineer,,Senior,Healthcare
R_000118,CV,7,Technical Support Specialist,,Senior,SaaS
R_000119,CV,5,Marketing Manager,,Junior,EdTech
R_000120,CV,4,Sales Representative,,Senior,Gaming
R_000121,CV,3,BI Analyst,,Mid,Travel
R_000122,CV,2,Technical Product Manager,,Mid,SaaS
R_000123,CV,2,Product Manager,,Senior,Travel
R_000124,CV,2,Technical Product Manager,,Mid,FinTech
R_000125,CV,1,FP&A Analyst,,Senior,Healthcare
R_000126,CV,6,Program Coordinator,,Mid,Logistics
R_000127,CV,5,Content Marketer,,Junior,EdTech
R_000128,CV,6,Operations Manager,,Mid,Travel
R_000129,CV,6,Project Manager,,Mid,Retail
R_000130,CV,1,Financial Analyst,,Junior,Travel
R_000131,CV,2,Associate Product Manager,,Junior,Logistics
R_000132,CV,7,Customer Support Specialist,,Junior,Cybersecurity
R_000133,CV,7,Customer Success Associate,,Junior,Logistics
R_000134,CV,6,Program Coordinator,,Junior,SaaS
R_000135,CV,0,Full Stack Engineer,,Mid,FinTech
R_000136,CV,4,Sales Representative,,Junior,Healthcare
R_000137,CV,3,Business Analyst,,Mid,Gaming
R_000138,CV,1,Junior Accountant,,Mid,EdTech
R_000139,CV,3,BI Analyst,,Junior,EdTech
R_000140,CV,7,Customer Support Specialist,,Senior,Cybersecurity
R_000141,CV,4,Sales Representative,,Mid,Retail
R_000142,CV,1,Junior Accountant,,Mid,Retail
R_000143,CV,7,Customer Support Specialist,,Mid,Logistics
R_000144,CV,0,Software Engineer,,Mid,Retail
R_000145,CV,6,Program Coordinator,,Mid,Retail
R_000146,CV,0,Software Engineer,,Mid,E-commerce
R_000147,CV,6,Project Manager,,Senior,Gaming
R_000148,CV,7,Customer Support Specialist,,Senior,Travel
R_000149,CV,2,Product Manager,,Mid,Gaming
R_000150,CV,3,Data Analyst,,Senior,SaaS
R_000151,CV,4,Sales Representative,,Junior,Cybersecurity
R_000152,CV,5,Performance Marketer,,Senior,EdTech
R_000153,CV,0,Backend Engineer,,Junior,Gaming
R_000154,CV,4,Sales Representative,,Senior,EdTech
R_000155,CV,0,Full Stack Engineer,,Senior,SaaS
R_000156,CV,2,Product Manager,,Senior,Gaming
R_000157,CV,1,Junior Accountant,,Junior,FinTech
R_000158,CV,3,Data Analyst,,Senior,Cybersecurity
R_000159,CV,6,Program Coordinator,,Mid,SaaS
R_000160,CV,2,Associate Product Manager,,Senior,Cybersecurity
R_000161,CV,2,Associate Product Manager,,Senior,EdTech
R_000162,CV,7,Customer Success Associate,,Senior,Gaming
R_000163,CV,6,Program Coordinator,,Senior,EdTech
R_000164,CV,6,Operations Manager,,Mid,Cybersecurity
R_000165,CV,0,Backend Engineer,,Senior,EdTech
R_000166,CV,3,BI Analyst,,Mid,EdTech
R_000167,CV,5,Content Marketer,,Junior,Travel
R_000168,CV,4,Sales Representative,,Junior,EdTech
R_000169,CV,0,Backend Engineer,,Mid,Logistics
R_000170,CV,6,Operations Manager,,Senior,Logistics
R_000171,CV,4,Sales Representative,,Junior,Cybersecurity
R_000172,CV,2,Technical Product Manager,,Mid,EdTech
R_000173,CV,2,Product Manager,,Senior,Cybersecurity
R_000174,CV,4,Business Development Manager,,Senior,Healthcare
R_000175,CV,2,Technical Product Manager,,Senior,Retail
R_000176,CV,1,Junior Accountant,,Mid,E-commerce
R_000177,CV,1,Junior Accountant,,Junior,SaaS
R_000178,CV,2,Associate Product Manager,,Mid,Healthcare
R_000179,CV,3,Business Analyst,,Mid,Healthcare
R_000180,CV,6,Program Coordinator,,Senior,Gaming
R_000181,CV,1,Junior Accountant,,Mid,Healthcare
R_000182,CV,5,Performance Marketer,,Mid,SaaS
R_000183,CV,4,Sales Representative,,Senior,E-commerce
R_000184,CV,3,BI Analyst,,Mid,Travel
R_000185,CV,3,Data Analyst,,Junior,E-commerce
R_000186,CV,0,Full Stack Engineer,,Junior,Logistics
R_000187,CV,3,Data Analyst,,Senior,FinTech
R_000188,CV,1,FP&A Analyst,,Junior,Gaming
R_000189,CV,5,Marketing Manager,,Junior,Gaming
R_000190,CV,4,Sales Representative,,Senior,Travel
R_000191,CV,7,Customer Success Associate,,Senior,Cybersecurity
R_000192,CV,4,Account Executive,,Senior,Logistics
R_000193,CV,6,Operations Manager,,Senior,Cybersecurity
R_000194,CV,2,Product Manager,,Senior,Gaming
R_000195,CV,6,Operations Manager,,Senior,FinTech
R_000196,CV,3,Data Analyst,,Senior,FinTech
R_000197,CV,3,Business Analyst,,Junior,Healthcare
R_000198,CV,0,Full Stack Engineer,,Junior,FinTech
R_000199,CV,5,Content Marketer,,Mid,Cybersecurity
R_000200,CV,3,BI Analyst,,Senior,Travel
R_000201,CV,6,Program Coordinator,,Mid,FinTech
R_000202,CV,3,BI Analyst,,Senior,Retail
R_000203,CV,3,Data Analyst,,Senior,EdTech
R_000204,CV,3,Business Analyst,,Mid,Cybersecurity
R_000205,CV,4,Sales Representative,,Junior,E-commerce
R_000206,CV,2,Associate Product Manager,,Mid,Gaming
R_000207,CV,1,Financial Analyst,,Junior,E-commerce
R_000208,CV,7,Customer Success Associate,,Junior,Travel
R_000209,CV,7,Technical Support Specialist,,Junior,EdTech
R_000210,CV,1,FP&A Analyst,,Junior,Gaming
R_000211,CV,5,Content Marketer,,Senior,SaaS
R_000212,CV,1,Financial Analyst,,Junior,EdTech
R_000213,CV,4,Account Executive,,Mid,SaaS
R_000214,CV,0,Software Engineer,,Mid,EdTech
R_000215,CV,1,FP&A Analyst,,Mid,E-commerce
R_000216,CV,6,Operations Manager,,Mid,Logistics
R_000217,CV,7,Customer Support Specialist,,Mid,FinTech
R_000218,CV,0,Software Engineer,,Mid,E-commerce
R_000219,CV,2,Technical Product Manager,,Junior,Gaming
R_000220,CV,2,Technical Product Manager,,Junior,Cybersecurity
R_000221,CV,1,FP&A Analyst,,Junior,Retail
R_000222,CV,2,Product Manager,,Senior,Retail
R_000223,CV,1,Financial Analyst,,Senior,Travel
R_000224,CV,5,Performance Marketer,,Senior,Retail
R_000225,CV,1,Financial Analyst,,Senior,Healthcare
R_000226,CV,5,Performance Marketer,,Senior,E-commerce
R_000227,CV,0,Full Stack Engineer,,Junior,Cybersecurity
R_000228,CV,2,Associate Product Manager,,Senior,EdTech
R_000229,CV,4,Business Development Manager,,Mid,Gaming
R_000230,CV,0,Software Engineer,,Mid,FinTech
R_000231,CV,4,Business Development Manager,,Junior,SaaS
R_000232,CV,5,Marketing Manager,,Senior,Cybersecurity
R_000233,CV,5,Content Marketer,,Mid,Logistics
R_000234,CV,2,Technical Product Manager,,Senior,EdTech
R_000235,CV,1,FP&A Analyst,,Mid,E-commerce
R_000236,CV,0,Backend Engineer,,Senior,EdTech
R_000237,CV,7,Technical Support Specialist,,Mid,Cybersecurity
R_000238,CV,3,BI Analyst,,Junior,Logistics
R_000239,CV,7,Customer Support Specialist,,Senior,Retail
R_000240,CV,4,Business Development Manager,,Junior,Healthcare
R_000241,CV,6,Project Manager,,Junior,Healthcare
R_000242,CV,6,Program Coordinator,,Senior,E-commerce
R_000243,CV,3,Business Analyst,,Mid,SaaS
R_000244,CV,1,Junior Accountant,,Mid,Cybersecurity
R_000245,CV,2,Associate Product Manager,,Junior,FinTech
R_000246,CV,0,Software Engineer,,Mid,Healthcare
R_000247,CV,3,Data Analyst,,Mid,Gaming
R_000248,CV,4,Business Development Manager,,Senior,Gaming
R_000249,CV,1,FP&A Analyst,,Senior,Retail
R_000250,CV,0,Full Stack Engineer,,Senior,Gaming
R_000251,CV,2,Associate Product Manager,,Junior,EdTech
R_000252,CV,5,Performance Marketer,,Mid,Travel
R_000253,CV,6,Operations Manager,,Senior,Gaming
R_000254,CV,5,Marketing Manager,,Junior,Retail
R_000255,CV,3,Data Analyst,,Senior,Cybersecurity
R_000256,CV,3,Business Analyst,,Junior,Retail
R_000257,CV,4,Sales Representative,,Junior,Gaming
R_000258,CV,5,Performance Marketer,,Mid,FinTech
R_000259,CV,2,Technical Product Manager,,Mid,E-commerce
R_000260,CV,3,Data Analyst,,Senior,Retail
R_000261,CV,7,Technical Support Specialist,,Senior,E-commerce
R_000262,CV,0,Full Stack Engineer,,Junior,Retail
R_000263,CV,0,Full Stack Engineer,,Senior,FinTech
R_000264,CV,0,Backend Engineer,,Mid,SaaS
R_000265,CV,1,Financial Analyst,,Senior,Gaming
R_000266,CV,5,Content Marketer,,Senior,FinTech
R_000267,CV,1,Junior Accountant,,Mid,Logistics
R_000268,CV,6,Project Manager,,Senior,Gaming
R_000269,CV,7,Technical Support Specialist,,Mid,SaaS
R_000270,CV,3,Business Analyst,,Senior,Healthcare
R_000271,CV,3,Business Analyst,,Junior,Logistics
R_000272,CV,7,Customer Success Associate,,Junior,SaaS
R_000273,CV,0,Software Engineer,,Senior,Healthcare
R_000274,CV,4,Business Development Manager,,Senior,FinTech
R_000275,CV,5,Content Marketer,,Mid,Cybersecurity
R_000276,CV,3,Business Analyst,,Junior,Cybersecurity
R_000277,CV,4,Sales Representative,,Junior,Cybersecurity
R_000278,CV,2,Associate Product Manager,,Junior,E-commerce
R_000279,CV,0,Backend Engineer,,Senior,Travel
R_000280,CV,6,Program Coordinator,,Junior,Retail
R_000281,CV,2,Technical Product Manager,,Mid,SaaS
R_000282,CV,3,Data Analyst,,Mid,Healthcare
R_000283,CV,5,Performance Marketer,,Senior,Gaming
R_000284,CV,4,Business Development Manager,,Mid,EdTech
R_000285,CV,5,Marketing Manager,,Junior,Retail
R_000286,CV,6,Operations Manager,,Junior,Cybersecurity
R_000287,CV,3,Business Analyst,,Junior,EdTech
R_000288,CV,1,Financial Analyst,,Mid,Cybersecurity
R_000289,CV,5,Marketing Manager,,Senior,Logistics
R_000290,CV,4,Account Executive,,Junior,Cybersecurity
R_000291,CV,4,Account Executive,,Mid,Logistics
R_000292,CV,0,Software Engineer,,Junior,EdTech
R_000293,CV,6,Project Manager,,Mid,Retail
R_000294,CV,0,Software Engineer,,Mid,Healthcare
R_000295,CV,1,Junior Accountant,,Mid,Gaming
R_000296,CV,7,Customer Support Specialist,,Senior,SaaS
R_000297,CV,0,Backend Engineer,,Senior,Gaming
R_000298,CV,1,Financial Analyst,,Senior,Travel
R_000299,CV,3,Data Analyst,,Junior,Healthcare
R_000300,CV,2,Technical Product Manager,,Mid,E-commerce
R_000301,CV,5,Performance Marketer,,Junior,EdTech
R_000302,CV,1,FP&A Analyst,,Mid,EdTech
R_000303,CV,4,Account Executive,,Junior,Logistics
R_000304,CV,3,BI Analyst,,Senior,Travel
R_000305,CV,0,Backend Engineer,,Junior,Gaming
R_000306,CV,0,Full Stack Engineer,,Mid,Gaming
R_000307,CV,4,Account Executive,,Junior,SaaS
R_000308,CV,2,Product Manager,,Mid,Retail
R_000309,CV,6,Operations Manager,,Mid,SaaS
R_000310,CV,0,Backend Engineer,,Mid,SaaS
R_000311,CV,7,Customer Success Associate,,Junior,FinTech
R_000312,CV,6,Operations Manager,,Senior,Logistics
R_000313,CV,7,Customer Support Specialist,,Junior,FinTech
R_000314,CV,0,Software Engineer,,Senior,Logistics
R_000315,CV,2,Product Manager,,Senior,E-commerce
R_000316,CV,0,Backend Engineer,,Senior,Healthcare
R_000317,CV,6,Project Manager,,Mid,Logistics
R_000318,CV,3,Data Analyst,,Junior,FinTech
R_000319,CV,4,Account Executive,,Senior,Cybersecurity
R_000320,CV,1,Junior Accountant,,Junior,E-commerce
R_000321,CV,3,Data Analyst,,Junior,SaaS
R_000322,CV,7,Technical Support Specialist,,Mid,Travel
R_000323,CV,4,Business Development Manager,,Junior,Cybersecurity
R_000324,CV,7,Customer Success Associate,,Junior,FinTech
R_000325,CV,2,Associate Product Manager,,Junior,Retail
R_000326,CV,0,Backend Engineer,,Senior,Healthcare
R_000327,CV,5,Marketing Manager,,Mid,Healthcare
R_000328,CV,6,Operations Manager,,Senior,Cybersecurity
R_000329,CV,0,Backend Engineer,,Junior,Travel
R_000330,CV,0,Backend Engineer,,Mid,Travel
R_000331,CV,2,Associate Product Manager,,Junior,Gaming
R_000332,CV,3,BI Analyst,,Mid,Travel
R_000333,CV,6,Program Coordinator,,Junior,Travel
R_000334,CV,2,Technical Product Manager,,Junior,E-commerce
R_000335,CV,1,Junior Accountant,,Senior,Travel
R_000336,CV,2,Technical Product Manager,,Mid,FinTech
R_000337,CV,7,Technical Support Specialist,,Senior,SaaS
R_000338,CV,3,Data Analyst,,Mid,Travel
R_000339,CV,3,BI Analyst,,Senior,EdTech
R_000340,CV,6,Program Coordinator,,Senior,Cybersecurity
R_000341,CV,0,Full Stack Engineer,,Mid,Gaming
R_000342,CV,5,Marketing Manager,,Senior,E-commerce
R_000343,CV,2,Associate Product Manager,,Senior,Gaming
R_000344,CV,1,Financial Analyst,,Mid,Healthcare
R_000345,CV,5,Content Marketer,,Mid,Cybersecurity
R_000346,CV,7,Technical Support Specialist,,Junior,Travel
R_000347,CV,6,Program Coordinator,,Senior,FinTech
R_000348,CV,0,Backend Engineer,,Junior,Cybersecurity
R_000349,CV,5,Performance Marketer,,Senior,Gaming
R_000350,CV,2,Product Manager,,Junior,Healthcare
R_000351,CV,4,Sales Representative,,Junior,SaaS
R_000352,CV,3,BI Analyst,,Mid,Gaming
R_000353,CV,0,Backend Engineer,,Senior,E-commerce
R_000354,CV,4,Sales Representative,,Junior,Travel
R_000355,CV,6,Project Manager,,Mid,SaaS
R_000356,CV,5,Marketing Manager,,Mid,Travel
R_000357,CV,0,Software Engineer,,Mid,Logistics
R_000358,CV,6,Project Manager,,Senior,EdTech
R_000359,CV,2,Technical Product Manager,,Senior,Cybersecurity
R_000360,CV,2,Associate Product Manager,,Junior,Healthcare
R_000361,CV,0,Full Stack Engineer,,Senior,EdTech
R_000362,CV,5,Marketing Manager,,Junior,SaaS
R_000363,CV,7,Customer Success Associate,,Senior,E-commerce
R_000364,CV,5,Performance Marketer,,Mid,E-commerce
R_000365,CV,6,Program Coordinator,,Mid,Logistics
R_000366,CV,5,Content Marketer,,Junior,Retail
R_000367,CV,3,Data Analyst,,Junior,SaaS
R_000368,CV,2,Product Manager,,Senior,Gaming
R_000369,CV,3,BI Analyst,,Junior,FinTech
R_000370,CV,2,Associate Product Manager,,Junior,Gaming
R_000371,CV,1,Junior Accountant,,Senior,FinTech
R_000372,CV,1,FP&A Analyst,,Senior,Travel
R_000373,CV,3,Data Analyst,,Mid,FinTech
R_000374,CV,0,Software Engineer,,Mid,Travel
R_000375,CV,1,Financial Analyst,,Junior,EdTech
R_000376,CV,5,Performance Marketer,,Junior,Travel
R_000377,CV,3,BI Analyst,,Mid,Retail
R_000378,CV,4,Business Development Manager,,Senior,FinTech
R_000379,CV,2,Technical Product Manager,,Mid,Logistics
R_000380,CV,3,Data Analyst,,Senior,Gaming
R_000381,CV,4,Sales Representative,,Junior,Travel
R_000382,CV,5,Content Marketer,,Junior,FinTech
R_000383,CV,7,Customer Support Specialist,,Senior,FinTech
R_000384,CV,4,Account Executive,,Junior,Travel
R_000385,CV,2,Product Manager,,Senior,Retail
R_000386,CV,6,Program Coordinator,,Junior,Gaming
R_000387,CV,7,Technical Support Specialist,,Senior,SaaS
R_000388,CV,6,Operations Manager,,Senior,Gaming
R_000389,CV,6,Project Manager,,Senior,FinTech
R_000390,CV,3,BI Analyst,,Junior,Retail
R_000391,CV,0,Backend Engineer,,Mid,Travel
R_000392,CV,4,Sales Representative,,Senior,EdTech
R_000393,CV,5,Performance Marketer,,Mid,Travel
R_000394,CV,7,Technical Support Specialist,,Junior,Logistics
R_000395,CV,1,Financial Analyst,,Mid,Cybersecurity
R_000396,CV,5,Content Marketer,,Mid,Logistics
R_000397,CV,2,Product Manager,,Senior,SaaS
R_000398,CV,3,Data Analyst,,Senior,Cybersecurity
R_000399,CV,7,Technical Support Specialist,,Mid,Gaming
R_000400,CV,4,Business Development Manager,,Mid,SaaS
R_000401,CV,2,Technical Product Manager,,Senior,Logistics
R_000402,CV,1,Junior Accountant,,Senior,Gaming
R_000403,CV,4,Account Executive,,Mid,Gaming
R_000404,CV,5,Marketing Manager,,Mid,EdTech
R_000405,CV,7,Technical Support Specialist,,Mid,SaaS
R_000406,CV,4,Sales Representative,,Junior,Gaming
R_000407,CV,2,Associate Product Manager,,Mid,Logistics
R_000408,CV,5,Performance Marketer,,Junior,Healthcare
R_000409,CV,0,Software Engineer,,Senior,Retail
R_000410,CV,7,Customer Support Specialist,,Junior,EdTech
R_000411,CV,0,Backend Engineer,,Junior,FinTech
R_000412,CV,3,BI Analyst,,Senior,Logistics
R_000413,CV,2,Associate Product Manager,,Junior,Healthcare
R_000414,CV,2,Associate Product Manager,,Junior,Travel
R_000415,CV,7,Customer Success Associate,,Junior,FinTech
R_000416,CV,7,Customer Success Associate,,Junior,Gaming
R_000417,CV,0,Software Engineer,,Mid,Healthcare
R_000418,CV,7,Customer Success Associate,,Senior,Cybersecurity
R_000419,CV,6,Program Coordinator,,Junior,FinTech
R_000420,CV,1,Financial Analyst,,Junior,Gaming
R_000421,CV,5,Content Marketer,,Senior,SaaS
R_000422,CV,1,Junior Accountant,,Junior,Travel
R_000423,CV,7,Customer Success Associate,,Mid,Retail
R_000424,CV,0,Software Engineer,,Junior,Gaming
R_000425,CV,1,Junior Accountant,,Mid,SaaS
R_000426,CV,6,Project Manager,,Mid,Gaming
R_000427,CV,7,Technical Support Specialist,,Mid,Retail
R_000428,CV,7,Customer Success Associate,,Junior,Travel
R_000429,CV,5,Performance Marketer,,Senior,EdTech
R_000430,CV,7,Technical Support Specialist,,Mid,Retail
R_000431,CV,3,BI Analyst,,Junior,EdTech
R_000432,CV,3,Business Analyst,,Junior,Cybersecurity
R_000433,CV,6,Program Coordinator,,Junior,Logistics
R_000434,CV,3,Data Analyst,,Junior,Cybersecurity
R_000435,CV,2,Technical Product Manager,,Junior,E-commerce
R_000436,CV,3,Data Analyst,,Senior,SaaS
R_000437,CV,4,Sales Representative,,Mid,E-commerce
R_000438,CV,4,Account Executive,,Mid,FinTech
R_000439,CV,7,Customer Support Specialist,,Senior,Gaming
R_000440,CV,5,Marketing Manager,,Senior,Gaming
R_000441,CV,4,Business Development Manager,,Mid,Travel
R_000442,CV,2,Technical Product Manager,,Senior,FinTech
R_000443,CV,1,Junior Accountant,,Senior,Gaming
R_000444,CV,5,Content Marketer,,Junior,Healthcare
R_000445,CV,3,Business Analyst,,Junior,Logistics
R_000446,CV,2,Technical Product Manager,,Senior,Logistics
R_000447,CV,7,Customer Support Specialist,,Mid,Logistics
R_000448,CV,6,Operations Manager,,Junior,Healthcare
R_000449,CV,5,Marketing Manager,,Mid,FinTech
R_000450,CV,4,Account Executive,,Junior,Healthcare
R_000451,CV,5,Marketing Manager,,Junior,Logistics
R_000452,CV,6,Program Coordinator,,Mid,Logistics
R_000453,CV,5,Performance Marketer,,Mid,FinTech
R_000454,CV,1,Junior Accountant,,Mid,Retail
R_000455,CV,3,BI Analyst,,Junior,Logistics
R_000456,CV,4,Account Executive,,Junior,FinTech
R_000457,CV,0,Backend Engineer,,Junior,SaaS
R_000458,CV,4,Business Development Manager,,Senior,Travel
R_000459,CV,2,Associate Product Manager,,Senior,Travel
R_000460,CV,7,Customer Support Specialist,,Junior,EdTech
R_000461,CV,7,Technical Support Specialist,,Mid,E-commerce
R_000462,CV,1,Junior Accountant,,Junior,EdTech
R_000463,CV,6,Operations Manager,,Junior,EdTech
R_000464,CV,7,Customer Success Associate,,Mid,Gaming
R_000465,CV,5,Content Marketer,,Junior,Travel
R_000466,CV,3,Data Analyst,,Senior,Gaming
R_000467,CV,0,Backend Engineer,,Senior,Travel
R_000468,CV,5,Performance Marketer,,Mid,Gaming
R_000469,CV,4,Account Executive,,Junior,E-commerce
R_000470,CV,2,Product Manager,,Senior,FinTech
R_000471,CV,6,Project Manager,,Senior,Gaming
R_000472,CV,0,Software Engineer,,Mid,FinTech
R_000473,CV,0,Backend Engineer,,Mid,FinTech
R_000474,CV,0,Full Stack Engineer,,Senior,EdTech
R_000475,CV,3,BI Analyst,,Mid,Healthcare
R_000476,CV,7,Customer Support Specialist,,Junior,EdTech
R_000477,CV,4,Business Development Manager,,Mid,Logistics
R_000478,CV,0,Backend Engineer,,Junior,SaaS
R_000479,CV,4,Sales Representative,,Junior,Travel
R_000480,CV,6,Project Manager,,Senior,E-commerce
R_000481,CV,6,Operations Manager,,Mid,Retail
R_000482,CV,0,Full Stack Engineer,,Junior,Travel
R_000483,CV,1,FP&A Analyst,,Mid,FinTech
R_000484,CV,0,Software Engineer,,Junior,Travel
R_000485,CV,3,Data Analyst,,Senior,SaaS
R_000486,CV,6,Program Coordinator,,Mid,Retail
R_000487,CV,6,Operations Manager,,Junior,Cybersecurity
R_000488,CV,4,Business Development Manager,,Senior,EdTech
R_000489,CV,1,Junior Accountant,,Mid,E-commerce
R_000490,CV,3,BI Analyst,,Senior,Retail
R_000491,CV,2,Associate Product Manager,,Junior,Cybersecurity
R_000492,CV,0,Software Engineer,,Senior,E-commerce
R_000493,CV,4,Account Executive,,Junior,Travel
R_000494,CV,4,Account Executive,,Mid,FinTech
R_000495,CV,0,Full Stack Engineer,,Junior,Travel
R_000496,CV,2,Technical Product Manager,,Mid,Cybersecurity
R_000497,CV,2,Associate Product Manager,,Senior,Healthcare
R_000498,CV,6,Operations Manager,,Senior,FinTech
R_000499,CV,7,Customer Support Specialist,,Junior,Travel
R_000500,CV,2,Associate Product Manager,,Mid,Retail
R_000501,CV,5,Content Marketer,,Mid,SaaS
R_000502,CV,5,Content Marketer,,Senior,Cybersecurity
R_000503,CV,3,BI Analyst,,Mid,E-commerce
R_000504,CV,4,Sales Representative,,Junior,E-commerce
R_000505,CV,0,Full Stack Engineer,,Senior,EdTech
R_000506,CV,6,Operations Manager,,Mid,SaaS
R_000507,CV,3,Data Analyst,,Senior,Retail
R_000508,CV,4,Sales Representative,,Senior,Cybersecurity
R_000509,CV,1,Junior Accountant,,Junior,Gaming
R_000510,CV,6,Project Manager,,Mid,Retail
R_000511,CV,0,Full Stack Engineer,,Junior,FinTech
R_000512,CV,1,Junior Accountant,,Mid,E-commerce
R_000513,CV,7,Technical Support Specialist,,Senior,EdTech
R_000514,CV,1,Financial Analyst,,Senior,E-commerce
R_000515,CV,7,Customer Success Associate,,Mid,E-commerce
R_000516,CV,0,Software Engineer,,Junior,SaaS
R_000517,CV,0,Full Stack Engineer,,Senior,Travel
R_000518,CV,4,Account Executive,,Senior,Logistics
R_000519,CV,2,Product Manager,,Junior,EdTech
R_000520,CV,6,Project Manager,,Junior,SaaS
R_000521,CV,3,BI Analyst,,Junior,Logistics
R_000522,CV,0,Full Stack Engineer,,Mid,Cybersecurity
R_000523,CV,1,Financial Analyst,,Senior,Healthcare
R_000524,CV,5,Marketing Manager,,Senior,E-commerce
R_000525,CV,7,Customer Success Associate,,Senior,Healthcare
R_000526,CV,6,Program Coordinator,,Senior,Healthcare
R_000527,CV,4,Sales Representative,,Junior,E-commerce
R_000528,CV,6,Operations Manager,,Junior,Gaming
R_000529,CV,3,BI Analyst,,Senior,Retail
R_000530,CV,5,Marketing Manager,,Mid,EdTech
R_000531,CV,5,Content Marketer,,Junior,FinTech
R_000532,CV,6,Program Coordinator,,Mid,SaaS
R_000533,CV,6,Program Coordinator,,Senior,Travel
R_000534,CV,3,Business Analyst,,Mid,SaaS
R_000535,CV,1,Financial Analyst,,Mid,Logistics
R_000536,CV,3,BI Analyst,,Junior,Retail
R_000537,CV,7,Customer Success Associate,,Junior,EdTech
R_000538,CV,1,FP&A Analyst,,Senior,Travel
R_000539,CV,5,Content Marketer,,Junior,Travel
R_000540,CV,4,Account Executive,,Junior,Travel
R_000541,CV,2,Technical Product Manager,,Senior,EdTech
R_000542,CV,2,Product Manager,,Senior,SaaS
R_000543,CV,2,Product Manager,,Junior,FinTech
R_000544,CV,7,Customer Success Associate,,Junior,Logistics
R_000545,CV,4,Account Executive,,Junior,Healthcare
R_000546,CV,3,BI Analyst,,Mid,Cybersecurity
R_000547,CV,2,Associate Product Manager,,Mid,Gaming
R_000548,CV,2,Technical Product Manager,,Mid,E-commerce
R_000549,CV,3,Business Analyst,,Mid,SaaS
R_000550,CV,6,Project Manager,,Junior,FinTech
R_000551,CV,7,Customer Success Associate,,Senior,EdTech
R_000552,CV,6,Operations Manager,,Senior,Cybersecurity
R_000553,CV,6,Program Coordinator,,Mid,EdTech
R_000554,CV,6,Program Coordinator,,Junior,Cybersecurity
R_000555,CV,3,Business Analyst,,Junior,Travel
R_000556,CV,3,Data Analyst,,Mid,Logistics
R_000557,CV,2,Associate Product Manager,,Junior,FinTech
R_000558,CV,4,Account Executive,,Mid,Cybersecurity
R_000559,CV,3,Business Analyst,,Mid,Gaming
R_000560,CV,0,Full Stack Engineer,,Junior,SaaS
R_000561,CV,0,Full Stack Engineer,,Junior,Gaming
R_000562,CV,7,Technical Support Specialist,,Senior,EdTech
R_000563,CV,4,Business Development Manager,,Senior,Cybersecurity
R_000564,CV,6,Program Coordinator,,Junior,SaaS
R_000565,CV,7,Technical Support Specialist,,Mid,Healthcare
R_000566,CV,5,Performance Marketer,,Junior,Cybersecurity
R_000567,CV,0,Backend Engineer,,Junior,Gaming
R_000568,CV,2,Associate Product Manager,,Mid,EdTech
R_000569,CV,3,Data Analyst,,Mid,Logistics
R_000570,CV,0,Backend Engineer,,Mid,Logistics
R_000571,CV,4,Business Development Manager,,Mid,Healthcare
R_000572,CV,1,FP&A Analyst,,Mid,Healthcare
R_000573,CV,0,Backend Engineer,,Senior,Cybersecurity
R_000574,CV,2,Product Manager,,Senior,Logistics
R_000575,CV,0,Backend Engineer,,Mid,Gaming
R_000576,CV,3,BI Analyst,,Mid,Retail
R_000577,CV,0,Backend Engineer,,Mid,Cybersecurity
R_000578,CV,1,FP&A Analyst,,Junior,Healthcare
R_000579,CV,5,Marketing Manager,,Senior,EdTech
R_000580,CV,0,Full Stack Engineer,,Junior,EdTech
R_000581,CV,0,Backend Engineer,,Junior,FinTech
R_000582,CV,7,Customer Support Specialist,,Mid,Retail
R_000583,CV,1,FP&A Analyst,,Junior,Logistics
R_000584,CV,3,Business Analyst,,Mid,Travel
R_000585,CV,1,FP&A Analyst,,Senior,E-commerce
R_000586,CV,6,Operations Manager,,Senior,Healthcare
R_000587,CV,7,Technical Support Specialist,,Senior,Cybersecurity
R_000588,CV,0,Backend Engineer,,Mid,E-commerce
R_000589,CV,1,Junior Accountant,,Junior,Healthcare
R_000590,CV,0,Full Stack Engineer,,Senior,Gaming
R_000591,CV,0,Full Stack Engineer,,Senior,Travel
R_000592,CV,4,Account Executive,,Junior,Healthcare
R_000593,CV,0,Backend Engineer,,Mid,Travel
R_000594,CV,1,Junior Accountant,,Senior,Healthcare
R_000595,CV,1,Financial Analyst,,Junior,E-commerce
R_000596,CV,2,Product Manager,,Mid,Logistics
R_000597,CV,1,FP&A Analyst,,Senior,FinTech
R_000598,CV,6,Program Coordinator,,Mid,E-commerce
R_000599,CV,7,Customer Success Associate,,Mid,Logistics
R_000600,CV,0,Software Engineer,,Senior,Gaming
R_000601,CV,1,FP&A Analyst,,Senior,Logistics
R_000602,CV,0,Software Engineer,,Senior,Healthcare
R_000603,CV,5,Performance Marketer,,Mid,Logistics
R_000604,CV,1,Financial Analyst,,Mid,Healthcare
R_000605,CV,5,Performance Marketer,,Senior,Healthcare
R_000606,CV,1,Financial Analyst,,Mid,SaaS
R_000607,CV,3,Business Analyst,,Mid,Healthcare
R_000608,CV,6,Operations Manager,,Mid,Travel
R_000609,CV,6,Operations Manager,,Junior,Logistics
R_000610,CV,2,Associate Product Manager,,Senior,Retail
R_000611,CV,5,Content Marketer,,Mid,Retail
R_000612,CV,3,Business Analyst,,Junior,Travel
R_000613,CV,6,Project Manager,,Senior,Travel
R_000614,CV,2,Product Manager,,Junior,EdTech
R_000615,CV,7,Customer Support Specialist,,Senior,E-commerce
R_000616,CV,1,Financial Analyst,,Mid,EdTech
R_000617,CV,2,Product Manager,,Mid,E-commerce
R_000618,CV,3,Data Analyst,,Junior,Retail
R_000619,CV,1,FP&A Analyst,,Senior,SaaS
R_000620,CV,0,Backend Engineer,,Mid,Retail
R_000621,CV,4,Business Development Manager,,Senior,SaaS
R_000622,CV,7,Customer Success Associate,,Junior,Cybersecurity
R_000623,CV,5,Performance Marketer,,Mid,Retail
R_000624,CV,2,Associate Product Manager,,Mid,FinTech
R_000625,CV,0,Software Engineer,,Junior,Logistics
R_000626,CV,6,Project Manager,,Junior,Logistics
R_000627,CV,5,Marketing Manager,,Mid,Travel
R_000628,CV,1,Financial Analyst,,Mid,FinTech
R_000629,CV,0,Full Stack Engineer,,Senior,Retail
R_000630,CV,1,FP&A Analyst,,Senior,Travel
R_000631,CV,4,Sales Representative,,Mid,Retail
R_000632,CV,6,Program Coordinator,,Senior,Travel
R_000633,CV,6,Operations Manager,,Senior,FinTech
R_000634,CV,3,Business Analyst,,Senior,Cybersecurity
R_000635,CV,0,Backend Engineer,,Senior,Retail
R_000636,CV,7,Technical Support Specialist,,Senior,SaaS
R_000637,CV,0,Backend Engineer,,Mid,Retail
R_000638,CV,7,Customer Success Associate,,Senior,Healthcare
R_000639,CV,2,Technical Product Manager,,Mid,Healthcare
R_000640,CV,2,Associate Product Manager,,Mid,Retail
R_000641,CV,6,Program Coordinator,,Senior,Cybersecurity
R_000642,CV,3,Business Analyst,,Junior,FinTech
R_000643,CV,0,Software Engineer,,Mid,Cybersecurity
R_000644,CV,1,Financial Analyst,,Mid,FinTech
R_000645,CV,1,Financial Analyst,,Senior,SaaS
R_000646,CV,3,BI Analyst,,Senior,Gaming
R_000647,CV,4,Account Executive,,Mid,Gaming
R_000648,CV,7,Customer Support Specialist,,Senior,Retail
R_000649,CV,0,Software Engineer,,Mid,Travel
R_000650,CV,4,Sales Representative,,Senior,SaaS
R_000651,CV,0,Backend Engineer,,Mid,Cybersecurity
R_000652,CV,4,Account Executive,,Mid,FinTech
R_000653,CV,2,Product Manager,,Senior,Retail
R_000654,CV,3,Business Analyst,,Mid,Healthcare
R_000655,CV,2,Technical Product Manager,,Mid,FinTech
R_000656,CV,0,Full Stack Engineer,,Mid,E-commerce
R_000657,CV,3,Business Analyst,,Mid,Travel
R_000658,CV,4,Business Development Manager,,Mid,Cybersecurity
R_000659,CV,1,FP&A Analyst,,Senior,Travel
R_000660,CV,1,Junior Accountant,,Junior,FinTech
R_000661,CV,4,Business Development Manager,,Senior,E-commerce
R_000662,CV,5,Content Marketer,,Senior,SaaS
R_000663,CV,4,Business Development Manager,,Mid,Logistics
R_000664,CV,0,Full Stack Engineer,,Senior,Healthcare
R_000665,CV,2,Associate Product Manager,,Senior,SaaS
R_000666,CV,5,Content Marketer,,Mid,Gaming
R_000667,CV,6,Operations Manager,,Junior,Logistics
R_000668,CV,4,Business Development Manager,,Junior,FinTech
R_000669,CV,3,Business Analyst,,Mid,Travel
R_000670,CV,4,Business Development Manager,,Mid,Cybersecurity
R_000671,CV,5,Content Marketer,,Senior,EdTech
R_000672,CV,7,Technical Support Specialist,,Mid,EdTech
R_000673,CV,0,Full Stack Engineer,,Senior,Logistics
R_000674,CV,6,Project Manager,,Senior,FinTech
R_000675,CV,5,Marketing Manager,,Mid,Retail
R_000676,CV,6,Project Manager,,Junior,Retail
R_000677,CV,5,Performance Marketer,,Junior,Travel
R_000678,CV,3,BI Analyst,,Junior,Retail
R_000679,CV,0,Software Engineer,,Junior,SaaS
R_000680,CV,7,Technical Support Specialist,,Junior,E-commerce
R_000681,CV,3,Business Analyst,,Mid,FinTech
R_000682,CV,7,Technical Support Specialist,,Junior,E-commerce
R_000683,CV,6,Operations Manager,,Mid,FinTech
R_000684,CV,3,Business Analyst,,Junior,FinTech
R_000685,CV,5,Content Marketer,,Junior,Logistics
R_000686,CV,5,Marketing Manager,,Mid,Cybersecurity
R_000687,CV,1,Financial Analyst,,Mid,SaaS
R_000688,CV,3,Business Analyst,,Junior,E-commerce
R_000689,CV,7,Customer Support Specialist,,Senior,E-commerce
R_000690,CV,2,Associate Product Manager,,Mid,Healthcare
R_000691,CV,7,Customer Support Specialist,,Junior,Healthcare
R_000692,CV,5,Performance Marketer,,Junior,Healthcare
R_000693,CV,4,Business Development Manager,,Junior,Cybersecurity
R_000694,CV,5,Marketing Manager,,Junior,FinTech
R_000695,CV,2,Associate Product Manager,,Junior,FinTech
R_000696,CV,5,Performance Marketer,,Junior,Cybersecurity
R_000697,CV,4,Account Executive,,Senior,EdTech
R_000698,CV,5,Content Marketer,,Senior,SaaS
R_000699,CV,4,Sales Representative,,Mid,EdTech
R_000700,CV,7,Technical Support Specialist,,Mid,Travel
R_000701,CV,3,Business Analyst,,Senior,Gaming
R_000702,CV,2,Associate Product Manager,,Junior,Healthcare
R_000703,CV,5,Performance Marketer,,Junior,Gaming
R_000704,CV,6,Program Coordinator,,Mid,Cybersecurity
R_000705,CV,0,Backend Engineer,,Junior,Retail
R_000706,CV,1,Financial Analyst,,Mid,Logistics
R_000707,CV,3,Business Analyst,,Junior,Travel
R_000708,CV,2,Associate Product Manager,,Senior,Gaming
R_000709,CV,4,Business Development Manager,,Junior,Healthcare
R_000710,CV,6,Project Manager,,Senior,E-commerce
R_000711,CV,7,Customer Support Specialist,,Junior,Gaming
R_000712,CV,7,Technical Support Specialist,,Mid,SaaS
R_000713,CV,4,Sales Representative,,Senior,FinTech
R_000714,CV,6,Operations Manager,,Junior,Logistics
R_000715,CV,1,FP&A Analyst,,Senior,Retail
R_000716,CV,5,Performance Marketer,,Junior,FinTech
R_000717,CV,4,Sales Representative,,Senior,SaaS
R_000718,CV,7,Customer Success Associate,,Senior,Logistics
R_000719,CV,6,Project Manager,,Junior,E-commerce
R_000720,CV,7,Customer Support Specialist,,Senior,Cybersecurity
R_000721,CV,6,Operations Manager,,Mid,FinTech
R_000722,CV,6,Project Manager,,Senior,Healthcare
R_000723,CV,3,Data Analyst,,Junior,Travel
R_000724,CV,0,Backend Engineer,,Junior,Retail
R_000725,CV,5,Content Marketer,,Junior,FinTech
R_000726,CV,2,Associate Product Manager,,Mid,EdTech
R_000727,CV,5,Marketing Manager,,Mid,Healthcare
R_000728,CV,3,Data Analyst,,Senior,Travel
R_000729,CV,6,Program Coordinator,,Mid,SaaS
R_000730,CV,4,Account Executive,,Senior,FinTech
R_000731,CV,1,Junior Accountant,,Mid,FinTech
R_000732,CV,5,Marketing Manager,,Mid,FinTech
R_000733,CV,7,Customer Success Associate,,Senior,FinTech
R_000734,CV,2,Associate Product Manager,,Senior,Logistics
R_000735,CV,2,Associate Product Manager,,Junior,Travel
R_000736,CV,2,Product Manager,,Junior,E-commerce
R_000737,CV,1,FP&A Analyst,,Senior,Travel
R_000738,CV,0,Full Stack Engineer,,Junior,Retail
R_000739,CV,2,Associate Product Manager,,Mid,EdTech
R_000740,CV,1,Junior Accountant,,Mid,Retail
R_000741,CV,0,Software Engineer,,Senior,Travel
R_000742,CV,7,Customer Support Specialist,,Mid,Healthcare
R_000743,CV,1,Junior Accountant,,Mid,FinTech
R_000744,CV,7,Customer Success Associate,,Mid,Healthcare
R_000745,CV,6,Project Manager,,Senior,Travel
R_000746,CV,0,Backend Engineer,,Mid,Logistics
R_000747,CV,0,Full Stack Engineer,,Mid,EdTech
R_000748,CV,5,Content Marketer,,Junior,Gaming
R_000749,CV,3,Data Analyst,,Mid,E-commerce
R_000750,CV,4,Business Development Manager,,Senior,Logistics
R_000751,CV,2,Associate Product Manager,,Junior,Logistics
R_000752,CV,5,Marketing Manager,,Junior,SaaS
R_000753,CV,0,Software Engineer,,Mid,FinTech
R_000754,CV,2,Associate Product Manager,,Mid,EdTech
R_000755,CV,5,Content Marketer,,Mid,Logistics
R_000756,CV,6,Program Coordinator,,Junior,Travel
R_000757,CV,2,Associate Product Manager,,Senior,Logistics
R_000758,CV,4,Sales Representative,,Junior,Healthcare
R_000759,CV,5,Content Marketer,,Senior,FinTech
R_000760,CV,7,Customer Success Associate,,Senior,E-commerce
R_000761,CV,2,Associate Product Manager,,Mid,SaaS
R_000762,CV,3,Data Analyst,,Mid,Logistics
R_000763,CV,2,Product Manager,,Junior,Gaming
R_000764,CV,7,Customer Success Associate,,Mid,SaaS
R_000765,CV,1,Financial Analyst,,Junior,E-commerce
R_000766,CV,5,Performance Marketer,,Mid,EdTech
R_000767,CV,2,Technical Product Manager,,Senior,Retail
R_000768,CV,1,Financial Analyst,,Senior,EdTech
R_000769,CV,4,Account Executive,,Senior,SaaS
R_000770,CV,1,FP&A Analyst,,Junior,EdTech
R_000771,CV,1,Junior Accountant,,Junior,Gaming
R_000772,CV,5,Marketing Manager,,Senior,EdTech
R_000773,CV,5,Content Marketer,,Mid,Travel
R_000774,CV,2,Associate Product Manager,,Junior,Cybersecurity
R_000775,CV,1,FP&A Analyst,,Junior,Travel
R_000776,CV,5,Marketing Manager,,Mid,E-commerce
R_000777,CV,0,Full Stack Engineer,,Senior,Retail
R_000778,CV,0,Backend Engineer,,Senior,E-commerce
R_000779,CV,7,Technical Support Specialist,,Mid,SaaS
R_000780,CV,2,Associate Product Manager,,Junior,Cybersecurity
R_000781,CV,5,Content Marketer,,Junior,EdTech
R_000782,CV,4,Account Executive,,Mid,EdTech
R_000783,CV,5,Marketing Manager,,Senior,Travel
R_000784,CV,1,Financial Analyst,,Mid,Gaming
R_000785,CV,3,Business Analyst,,Senior,Logistics
R_000786,CV,3,Business Analyst,,Junior,Travel
R_000787,CV,6,Project Manager,,Mid,Cybersecurity
R_000788,CV,0,Software Engineer,,Mid,SaaS
R_000789,CV,1,FP&A Analyst,,Junior,E-commerce
R_000790,CV,1,FP&A Analyst,,Junior,E-commerce
R_000791,CV,2,Associate Product Manager,,Junior,Logistics
R_000792,CV,4,Sales Representative,,Mid,Cybersecurity
R_000793,CV,4,Account Executive,,Senior,Retail
R_000794,CV,5,Performance Marketer,,Junior,SaaS
R_000795,CV,3,Data Analyst,,Junior,Cybersecurity
R_000796,CV,5,Performance Marketer,,Mid,EdTech
R_000797,CV,0,Backend Engineer,,Junior,EdTech
R_000798,CV,6,Project Manager,,Mid,EdTech
R_000799,CV,0,Software Engineer,,Senior,FinTech
R_000800,CV,2,Associate Product Manager,,Mid,Cybersecurity
R_000801,CV,7,Customer Support Specialist,,Senior,EdTech
R_000802,CV,5,Content Marketer,,Mid,E-commerce
R_000803,CV,0,Software Engineer,,Senior,Travel
R_000804,CV,4,Sales Representative,,Senior,Retail
R_000805,CV,2,Associate Product Manager,,Junior,Retail
R_000806,CV,7,Customer Support Specialist,,Mid,E-commerce
R_000807,CV,6,Operations Manager,,Mid,SaaS
R_000808,CV,2,Product Manager,,Senior,Logistics
R_000809,CV,2,Technical Product Manager,,Mid,FinTech
R_000810,CV,4,Sales Representative,,Junior,Retail
R_000811,CV,5,Marketing Manager,,Junior,E-commerce
R_000812,CV,1,Financial Analyst,,Mid,Retail
R_000813,CV,0,Full Stack Engineer,,Senior,SaaS
R_000814,CV,3,BI Analyst,,Junior,Retail
R_000815,CV,1,Financial Analyst,,Junior,FinTech
R_000816,CV,7,Customer Support Specialist,,Senior,Healthcare
R_000817,CV,1,FP&A Analyst,,Senior,Logistics
R_000818,CV,6,Program Coordinator,,Senior,Healthcare
R_000819,CV,1,Financial Analyst,,Senior,Retail
R_000820,CV,5,Content Marketer,,Junior,Healthcare
R_000821,CV,7,Customer Support Specialist,,Junior,FinTech
R_000822,CV,7,Customer Success Associate,,Mid,SaaS
R_000823,CV,0,Software Engineer,,Mid,Cybersecurity
R_000824,CV,2,Associate Product Manager,,Mid,SaaS
R_000825,CV,1,Financial Analyst,,Junior,Healthcare
R_000826,CV,3,BI Analyst,,Junior,E-commerce
R_000827,CV,2,Associate Product Manager,,Senior,FinTech
R_000828,CV,4,Sales Representative,,Mid,EdTech
R_000829,CV,1,Junior Accountant,,Junior,Cybersecurity
R_000830,CV,1,Junior Accountant,,Mid,SaaS
R_000831,CV,0,Backend Engineer,,Mid,Gaming
R_000832,CV,0,Full Stack Engineer,,Junior,FinTech
R_000833,CV,1,FP&A Analyst,,Senior,FinTech
R_000834,CV,4,Sales Representative,,Junior,Logistics
R_000835,CV,0,Full Stack Engineer,,Junior,Healthcare
R_000836,CV,5,Content Marketer,,Senior,SaaS
R_000837,CV,2,Technical Product Manager,,Senior,Travel
R_000838,CV,7,Technical Support Specialist,,Junior,Cybersecurity
R_000839,CV,4,Account Executive,,Senior,Retail
R_000840,CV,3,Data Analyst,,Junior,Retail
R_000841,CV,4,Account Executive,,Senior,SaaS
R_000842,CV,0,Software Engineer,,Junior,EdTech
R_000843,CV,1,Financial Analyst,,Mid,Logistics
R_000844,CV,1,Junior Accountant,,Junior,EdTech
R_000845,CV,2,Product Manager,,Junior,Retail
R_000846,CV,7,Technical Support Specialist,,Junior,Healthcare
R_000847,CV,7,Technical Support Specialist,,Mid,Logistics
R_000848,CV,2,Technical Product Manager,,Mid,Cybersecurity
R_000849,CV,1,Financial Analyst,,Senior,Travel
R_000850,CV,5,Marketing Manager,,Senior,Travel
R_000851,CV,2,Associate Product Manager,,Senior,Cybersecurity
R_000852,CV,1,Junior Accountant,,Junior,FinTech
R_000853,CV,1,Financial Analyst,,Junior,FinTech
R_000854,CV,2,Associate Product Manager,,Senior,Travel
R_000855,CV,7,Technical Support Specialist,,Junior,Travel
R_000856,CV,1,Financial Analyst,,Senior,Retail
R_000857,CV,5,Content Marketer,,Senior,Retail
R_000858,CV,3,BI Analyst,,Mid,SaaS
R_000859,CV,1,Junior Accountant,,Junior,Retail
R_000860,CV,7,Customer Success Associate,,Junior,Retail
R_000861,CV,5,Marketing Manager,,Senior,SaaS
R_000862,CV,0,Full Stack Engineer,,Senior,Retail
R_000863,CV,4,Business Development Manager,,Junior,Cybersecurity
R_000864,CV,1,Junior Accountant,,Mid,Healthcare
R_000865,CV,4,Sales Representative,,Junior,EdTech
R_000866,CV,1,Financial Analyst,,Senior,Travel
R_000867,CV,4,Sales Representative,,Junior,Logistics
R_000868,CV,1,FP&A Analyst,,Mid,Travel
R_000869,CV,4,Account Executive,,Senior,E-commerce
R_000870,CV,1,FP&A Analyst,,Junior,Travel
R_000871,CV,7,Technical Support Specialist,,Senior,E-commerce
R_000872,CV,6,Operations Manager,,Junior,Gaming
R_000873,CV,4,Business Development Manager,,Mid,EdTech
R_000874,CV,7,Technical Support Specialist,,Junior,E-commerce
R_000875,CV,2,Associate Product Manager,,Mid,SaaS
R_000876,CV,3,Data Analyst,,Junior,EdTech
R_000877,CV,0,Backend Engineer,,Mid,Travel
R_000878,CV,1,FP&A Analyst,,Senior,SaaS
R_000879,CV,2,Technical Product Manager,,Mid,E-commerce
R_000880,CV,2,Associate Product Manager,,Junior,Travel
R_000881,CV,8,Junior Accountant,,Mid,E-commerce
R_000882,CV,5,Content Marketer,,Mid,Logistics
R_000883,CV,4,Account Executive,,Senior,Logistics
R_000884,CV,5,Marketing Manager,,Mid,EdTech
R_000885,CV,0,Backend Engineer,,Senior,Healthcare
R_000886,CV,5,Content Marketer,,Junior,E-commerce
R_000887,CV,6,Operations Manager,,Junior,FinTech
R_000888,CV,2,Technical Product Manager,,Senior,Travel
R_000889,CV,6,Program Coordinator,,Mid,Healthcare
R_000890,CV,2,Associate Product Manager,,Senior,E-commerce
R_000891,CV,2,Product Manager,,Mid,Logistics
R_000892,CV,2,Product Manager,,Senior,Logistics
R_000893,CV,1,FP&A Analyst,,Junior,SaaS
R_000894,CV,4,Sales Representative,,Junior,FinTech
R_000895,CV,7,Technical Support Specialist,,Senior,FinTech
R_000896,CV,6,Operations Manager,,Mid,E-commerce
R_000897,CV,3,Data Analyst,,Senior,EdTech
R_000898,CV,5,Content Marketer,,Senior,SaaS
R_000899,CV,2,Product Manager,,Junior,EdTech
R_000900,CV,4,Sales Representative,,Junior,Logistics
R_000901,CV,7,Customer Support Specialist,,Senior,Retail
R_000902,CV,1,FP&A Analyst,,Junior,EdTech
R_000903,CV,4,Business Development Manager,,Mid,SaaS
R_000904,CV,1,Junior Accountant,,Mid,Travel
R_000905,CV,2,Technical Product Manager,,Junior,EdTech
R_000906,CV,2,Associate Product Manager,,Senior,Healthcare
R_000907,CV,4,Account Executive,,Junior,EdTech
R_000908,CV,6,Program Coordinator,,Junior,Retail
R_000909,CV,1,Financial Analyst,,Junior,Gaming
R_000910,CV,6,Program Coordinator,,Mid,Gaming
R_000911,CV,7,Technical Support Specialist,,Mid,Retail
R_000912,CV,3,Business Analyst,,Mid,E-commerce
R_000913,CV,1,Financial Analyst,,Senior,EdTech
R_000914,CV,3,BI Analyst,,Senior,Travel
R_000915,CV,6,Operations Manager,,Mid,SaaS
R_000916,CV,6,Program Coordinator,,Mid,EdTech
R_000917,CV,3,Data Analyst,,Mid,Gaming
R_000918,CV,5,Performance Marketer,,Senior,Gaming
R_000919,CV,1,Junior Accountant,,Junior,SaaS
R_000920,CV,2,Associate Product Manager,,Senior,Travel
R_000921,CV,7,Technical Support Specialist,,Senior,SaaS
R_000922,CV,4,Business Development Manager,,Mid,Retail
R_000923,CV,0,Full Stack Engineer,,Mid,Retail
R_000924,CV,4,Account Executive,,Senior,FinTech
R_000925,CV,0,Full Stack Engineer,,Mid,EdTech
R_000926,CV,3,Data Analyst,,Mid,Retail
R_000927,CV,4,Sales Representative,,Mid,FinTech
R_000928,CV,2,Product Manager,,Senior,Cybersecurity
R_000929,CV,3,Data Analyst,,Mid,E-commerce
R_000930,CV,3,Business Analyst,,Junior,Retail
R_000931,CV,0,Full Stack Engineer,,Mid,SaaS
R_000932,CV,4,Business Development Manager,,Junior,E-commerce
R_000933,CV,3,Business Analyst,,Senior,Healthcare
R_000934,CV,7,Technical Support Specialist,,Mid,EdTech
R_000935,CV,5,Marketing Manager,,Junior,FinTech
R_000936,CV,1,FP&A Analyst,,Junior,Healthcare
R_000937,CV,5,Performance Marketer,,Junior,Retail
R_000938,CV,3,BI Analyst,,Mid,FinTech
R_000939,CV,7,Customer Support Specialist,,Senior,Cybersecurity
R_000940,CV,4,Business Development Manager,,Junior,FinTech
R_000941,CV,7,Customer Success Associate,,Senior,Retail
R_000942,CV,1,Junior Accountant,,Senior,FinTech
R_000943,CV,0,Full Stack Engineer,,Mid,EdTech
R_000944,CV,6,Project Manager,,Senior,Travel
R_000945,CV,4,Sales Representative,,Mid,Logistics
R_000946,CV,5,Marketing Manager,,Junior,EdTech
R_000947,CV,4,Sales Representative,,Junior,Gaming
R_000948,CV,3,BI Analyst,,Senior,SaaS
R_000949,CV,1,Junior Accountant,,Junior,E-commerce
R_000950,CV,5,Content Marketer,,Senior,Travel
R_000951,CV,1,Junior Accountant,,Senior,E-commerce
R_000952,CV,3,BI Analyst,,Mid,Gaming
R_000953,CV,6,Project Manager,,Mid,Healthcare
R_000954,CV,4,Sales Representative,,Mid,Healthcare
R_000955,CV,7,Customer Support Specialist,,Mid,Cybersecurity
R_000956,CV,0,Full Stack Engineer,,Junior,Logistics
R_000957,CV,1,FP&A Analyst,,Junior,Cybersecurity
R_000958,CV,0,Backend Engineer,,Senior,Logistics
R_000959,CV,5,Performance Marketer,,Mid,Healthcare
R_000960,CV,0,Software Engineer,,Senior,Gaming
R_000961,CV,2,Product Manager,,Senior,FinTech
R_000962,CV,5,Marketing Manager,,Mid,FinTech
R_000963,CV,7,Customer Support Specialist,,Mid,Travel
R_000964,CV,1,Junior Accountant,,Mid,Gaming
R_000965,CV,2,Associate Product Manager,,Mid,E-commerce
R_000966,CV,0,Backend Engineer,,Mid,Logistics
R_000967,CV,4,Sales Representative,,Junior,EdTech
R_000968,CV,0,Backend Engineer,,Junior,Healthcare
R_000969,CV,0,Backend Engineer,,Junior,Gaming
R_000970,CV,7,Technical Support Specialist,,Mid,Gaming
R_000971,CV,0,Full Stack Engineer,,Senior,Cybersecurity
R_000972,CV,3,BI Analyst,,Junior,Retail
R_000973,CV,0,Full Stack Engineer,,Mid,Cybersecurity
R_000974,CV,0,Full Stack Engineer,,Junior,Gaming
R_000975,CV,5,Performance Marketer,,Senior,Healthcare
R_000976,CV,2,Technical Product Manager,,Mid,Healthcare
R_000977,CV,4,Sales Representative,,Mid,Cybersecurity
R_000978,CV,1,Financial Analyst,,Senior,Healthcare
R_000979,CV,3,Data Analyst,,Junior,Gaming
R_000980,CV,0,Full Stack Engineer,,Mid,Logistics
R_000981,CV,3,Data Analyst,,Mid,EdTech
R_000982,CV,3,Data Analyst,,Senior,Healthcare
R_000983,CV,3,Business Analyst,,Senior,E-commerce
R_000984,CV,0,Software Engineer,,Mid,E-commerce
R_000985,CV,1,Financial Analyst,,Junior,SaaS
R_000986,CV,0,Software Engineer,,Junior,Logistics
R_000987,CV,0,Software Engineer,,Mid,Logistics
R_000988,CV,2,Technical Product Manager,,Senior,Logistics
R_000989,CV,2,Technical Product Manager,,Senior,Retail
R_000990,CV,1,Financial Analyst,,Mid,E-commerce
R_000991,CV,1,FP&A Analyst,,Senior,EdTech
R_000992,CV,7,Customer Success Associate,,Mid,Travel
R_000993,CV,2,Product Manager,,Mid,Gaming
R_000994,CV,5,Content Marketer,,Senior,Cybersecurity
R_000995,CV,4,Account Executive,,Mid,Healthcare
R_000996,CV,3,Business Analyst,,Mid,Cybersecurity
R_000997,CV,1,Financial Analyst,,Senior,Gaming
R_000998,CV,5,Performance Marketer,,Mid,SaaS
R_000999,CV,3,Data Analyst,,Mid,Cybersecurity
R_001000,CV,5,Marketing Manager,,Senior,EdTech
R_001001,CV,7,Customer Support Specialist,,Mid,EdTech
R_001002,CV,3,BI Analyst,,Mid,FinTech
R_001003,CV,4,Business Development Manager,,Mid,Retail
R_001004,CV,3,BI Analyst,,Senior,EdTech
R_001005,CV,4,Business Development Manager,,Junior,Travel
R_001006,CV,3,BI Analyst,,Mid,Travel
R_001007,CV,6,Project Manager,,Junior,Logistics
R_001008,CV,2,Product Manager,,Senior,Retail
R_001009,CV,2,Technical Product Manager,,Senior,Healthcare
R_001010,CV,1,FP&A Analyst,,Senior,EdTech
R_001011,CV,5,Performance Marketer,,Senior,Gaming
R_001012,CV,4,Sales Representative,,Senior,Healthcare
R_001013,CV,4,Sales Representative,,Mid,EdTech
R_001014,CV,3,Data Analyst,,Senior,SaaS
R_001015,CV,6,Operations Manager,,Mid,Travel
R_001016,CV,7,Technical Support Specialist,,Senior,Retail
R_001017,CV,3,Business Analyst,,Senior,E-commerce
R_001018,CV,7,Customer Support Specialist,,Junior,Retail
R_001019,CV,6,Project Manager,,Mid,E-commerce
R_001020,CV,6,Operations Manager,,Junior,Healthcare
R_001021,CV,4,Account Executive,,Junior,Cybersecurity
R_001022,CV,1,Junior Accountant,,Junior,Retail
R_001023,CV,2,Associate Product Manager,,Mid,Retail
R_001024,CV,6,Operations Manager,,Mid,Retail
R_001025,CV,2,Product Manager,,Mid,Gaming
R_001026,CV,0,Backend Engineer,,Junior,Cybersecurity
R_001027,CV,0,Full Stack Engineer,,Mid,FinTech
R_001028,CV,2,Associate Product Manager,,Junior,Travel
R_001029,CV,1,Junior Accountant,,Mid,FinTech
R_001030,CV,6,Program Coordinator,,Senior,Retail
R_001031,CV,1,Financial Analyst,,Mid,Retail
R_001032,CV,1,Financial Analyst,,Junior,Retail
R_001033,CV,2,Associate Product Manager,,Mid,Logistics
R_001034,CV,7,Customer Support Specialist,,Junior,Healthcare
R_001035,CV,3,BI Analyst,,Mid,Healthcare
R_001036,CV,0,Full Stack Engineer,,Mid,Travel
R_001037,CV,6,Program Coordinator,,Mid,Travel
R_001038,CV,7,Customer Success Associate,,Mid,Logistics
R_001039,CV,3,Business Analyst,,Mid,Cybersecurity
R_001040,CV,7,Technical Support Specialist,,Junior,Logistics
R_001041,CV,6,Operations Manager,,Senior,SaaS
R_001042,CV,1,FP&A Analyst,,Mid,FinTech
R_001043,CV,0,Full Stack Engineer,,Mid,Gaming
R_001044,CV,6,Operations Manager,,Junior,Logistics
R_001045,CV,0,Full Stack Engineer,,Mid,SaaS
R_001046,CV,5,Performance Marketer,,Senior,E-commerce
R_001047,CV,3,BI Analyst,,Junior,Retail
R_001048,CV,6,Project Manager,,Junior,Retail
R_001049,CV,4,Business Development Manager,,Senior,E-commerce
R_001050,CV,3,Business Analyst,,Mid,FinTech
R_001051,CV,4,Account Executive,,Senior,FinTech
R_001052,CV,7,Technical Support Specialist,,Senior,Gaming
R_001053,CV,6,Project Manager,,Junior,E-commerce
R_001054,CV,2,Associate Product Manager,,Senior,E-commerce
R_001055,CV,2,Associate Product Manager,,Mid,Cybersecurity
R_001056,CV,5,Marketing Manager,,Mid,SaaS
R_001057,CV,5,Marketing Manager,,Senior,Logistics
R_001058,CV,2,Product Manager,,Senior,EdTech
R_001059,CV,4,Sales Representative,,Senior,Healthcare
R_001060,CV,0,Software Engineer,,Senior,EdTech
R_001061,CV,3,Data Analyst,,Junior,Healthcare
R_001062,CV,6,Project Manager,,Junior,Gaming
R_001063,CV,3,Business Analyst,,Senior,E-commerce
R_001064,CV,5,Performance Marketer,,Junior,Logistics
R_001065,CV,0,Backend Engineer,,Junior,E-commerce
R_001066,CV,5,Content Marketer,,Mid,EdTech
R_001067,CV,3,BI Analyst,,Mid,E-commerce
R_001068,CV,3,BI Analyst,,Mid,Logistics
R_001069,CV,5,Performance Marketer,,Senior,Travel
R_001070,CV,1,Financial Analyst,,Junior,FinTech
R_001071,CV,7,Technical Support Specialist,,Senior,Cybersecurity
R_001072,CV,6,Project Manager,,Junior,Logistics
R_001073,CV,2,Technical Product Manager,,Junior,Cybersecurity
R_001074,CV,1,Financial Analyst,,Junior,Travel
R_001075,CV,4,Business Development Manager,,Junior,Gaming
R_001076,CV,0,Backend Engineer,,Junior,Cybersecurity
R_001077,CV,4,Business Development Manager,,Senior,EdTech
R_001078,CV,3,Data Analyst,,Junior,Cybersecurity
R_001079,CV,7,Technical Support Specialist,,Senior,Healthcare
R_001080,CV,3,Data Analyst,,Mid,E-commerce
R_001081,CV,1,Financial Analyst,,Mid,Healthcare
R_001082,CV,1,Financial Analyst,,Mid,Logistics
R_001083,CV,1,Financial Analyst,,Junior,Retail
R_001084,CV,0,Software Engineer,,Junior,Gaming
R_001085,CV,0,Software Engineer,,Junior,E-commerce
R_001086,CV,6,Program Coordinator,,Senior,Cybersecurity
R_001087,CV,7,Technical Support Specialist,,Junior,Healthcare
R_001088,CV,0,Full Stack Engineer,,Mid,Logistics
R_001089,CV,4,Business Development Manager,,Junior,Logistics
R_001090,CV,3,Data Analyst,,Mid,Retail
R_001091,CV,1,Financial Analyst,,Mid,Cybersecurity
R_001092,CV,6,Program Coordinator,,Senior,Gaming
R_001093,CV,4,Sales Representative,,Mid,Retail
R_001094,CV,7,Customer Success Associate,,Junior,Travel
R_001095,CV,3,BI Analyst,,Mid,FinTech
R_001096,CV,5,Marketing Manager,,Junior,SaaS
R_001097,CV,3,Data Analyst,,Junior,Retail
R_001098,CV,7,Customer Support Specialist,,Senior,Logistics
R_001099,CV,6,Project Manager,,Junior,Travel
R_001100,CV,1,FP&A Analyst,,Junior,Logistics
R_001101,CV,4,Business Development Manager,,Mid,E-commerce
R_001102,CV,4,Business Development Manager,,Senior,Cybersecurity
R_001103,CV,7,Customer Support Specialist,,Mid,Cybersecurity
R_001104,CV,4,Business Development Manager,,Junior,Travel
R_001105,CV,6,Operations Manager,,Senior,Logistics
R_001106,CV,4,Sales Representative,,Senior,Travel
R_001107,CV,6,Operations Manager,,Junior,Cybersecurity
R_001108,CV,4,Sales Representative,,Mid,EdTech
R_001109,CV,0,Full Stack Engineer,,Mid,Retail
R_001110,CV,2,Technical Product Manager,,Senior,Logistics
R_001111,CV,4,Sales Representative,,Senior,E-commerce
R_001112,CV,0,Full Stack Engineer,,Senior,Travel
R_001113,CV,7,Customer Support Specialist,,Senior,Logistics
R_001114,CV,1,FP&A Analyst,,Junior,E-commerce
R_001115,CV,4,Business Development Manager,,Senior,EdTech
R_001116,CV,0,Software Engineer,,Junior,E-commerce
R_001117,CV,1,FP&A Analyst,,Junior,Cybersecurity
R_001118,CV,7,Technical Support Specialist,,Junior,Retail
R_001119,CV,0,Full Stack Engineer,,Mid,Travel
R_001120,CV,0,Backend Engineer,,Junior,Logistics
R_001121,CV,3,Data Analyst,,Senior,SaaS
R_001122,CV,4,Sales Representative,,Mid,Healthcare
R_001123,CV,5,Marketing Manager,,Junior,Logistics
R_001124,CV,5,Marketing Manager,,Junior,EdTech
R_001125,CV,5,Marketing Manager,,Senior,Logistics
R_001126,CV,9,Project Manager,,Senior,Gaming
R_001127,CV,5,Performance Marketer,,Junior,Gaming
R_001128,CV,1,FP&A Analyst,,Mid,E-commerce
R_001129,CV,2,Associate Product Manager,,Mid,Healthcare
R_001130,CV,5,Performance Marketer,,Senior,E-commerce
R_001131,CV,7,Technical Support Specialist,,Junior,Gaming
R_001132,CV,4,Sales Representative,,Senior,FinTech
R_001133,CV,3,BI Analyst,,Mid,E-commerce
R_001134,CV,2,Product Manager,,Senior,FinTech
R_001135,CV,3,Business Analyst,,Mid,EdTech
R_001136,CV,3,BI Analyst,,Senior,Cybersecurity
R_001137,CV,0,Software Engineer,,Junior,Travel
R_001138,CV,6,Operations Manager,,Senior,Healthcare
R_001139,CV,7,Customer Support Specialist,,Senior,SaaS
R_001140,CV,2,Associate Product Manager,,Junior,Cybersecurity
R_001141,CV,1,Financial Analyst,,Junior,SaaS
R_001142,CV,5,Content Marketer,,Senior,EdTech
R_001143,CV,1,Junior Accountant,,Senior,EdTech
R_001144,CV,5,Content Marketer,,Senior,EdTech
R_001145,CV,1,Junior Accountant,,Junior,Retail
R_001146,CV,1,FP&A Analyst,,Mid,Healthcare
R_001147,CV,6,Project Manager,,Senior,FinTech
R_001148,CV,1,Financial Analyst,,Senior,Logistics
R_001149,CV,2,Technical Product Manager,,Senior,Healthcare
R_001150,CV,0,Full Stack Engineer,,Junior,E-commerce
R_001151,CV,2,Associate Product Manager,,Junior,SaaS
R_001152,CV,6,Operations Manager,,Mid,Gaming
R_001153,CV,7,Customer Support Specialist,,Junior,EdTech
R_001154,CV,2,Associate Product Manager,,Mid,SaaS
R_001155,CV,7,Customer Success Associate,,Junior,Retail
R_001156,CV,4,Sales Representative,,Junior,Logistics
R_001157,CV,1,Junior Accountant,,Senior,Healthcare
R_001158,CV,1,Financial Analyst,,Senior,Cybersecurity
R_001159,CV,5,Performance Marketer,,Mid,Retail
R_001160,CV,6,Program Coordinator,,Mid,Logistics
R_001161,CV,1,FP&A Analyst,,Mid,Cybersecurity
R_001162,CV,7,Customer Success Associate,,Mid,SaaS
R_001163,CV,5,Marketing Manager,,Junior,Healthcare
R_001164,CV,7,Customer Support Specialist,,Junior,SaaS
R_001165,CV,4,Business Development Manager,,Mid,SaaS
R_001166,CV,0,Full Stack Engineer,,Junior,Cybersecurity
R_001167,CV,4,Business Development Manager,,Junior,Cybersecurity
R_001168,CV,6,Operations Manager,,Senior,Travel
R_001169,CV,1,Financial Analyst,,Mid,EdTech
R_001170,CV,5,Content Marketer,,Mid,Gaming
R_001171,CV,3,Business Analyst,,Mid,SaaS
R_001172,CV,3,BI Analyst,,Junior,EdTech
R_001173,CV,4,Account Executive,,Mid,Cybersecurity
R_001174,CV,3,Business Analyst,,Senior,Logistics
R_001175,CV,0,Backend Engineer,,Senior,FinTech
R_001176,CV,5,Performance Marketer,,Mid,Cybersecurity
R_001177,CV,5,Content Marketer,,Junior,EdTech
R_001178,CV,4,Sales Representative,,Junior,FinTech
R_001179,CV,0,Backend Engineer,,Mid,FinTech
R_001180,CV,1,Financial Analyst,,Senior,Logistics
R_001181,CV,3,BI Analyst,,Senior,E-commerce
R_001182,CV,7,Customer Success Associate,,Mid,Travel
R_001183,CV,0,Full Stack Engineer,,Mid,Cybersecurity
R_001184,CV,6,Project Manager,,Senior,Logistics
R_001185,CV,7,Technical Support Specialist,,Mid,Logistics
R_001186,CV,7,Customer Success Associate,,Senior,Healthcare
R_001187,CV,5,Content Marketer,,Junior,FinTech
R_001188,CV,6,Program Coordinator,,Mid,FinTech
R_001189,CV,7,Customer Success Associate,,Junior,Retail
R_001190,CV,2,Technical Product Manager,,Mid,E-commerce
R_001191,CV,6,Project Manager,,Senior,EdTech
R_001192,CV,0,Backend Engineer,,Mid,Healthcare
R_001193,CV,4,Business Development Manager,,Junior,Cybersecurity
R_001194,CV,3,Business Analyst,,Junior,Healthcare
R_001195,CV,3,Business Analyst,,Mid,Travel
R_001196,CV,6,Program Coordinator,,Junior,EdTech
R_001197,CV,7,Technical Support Specialist,,Mid,Travel
R_001198,CV,5,Content Marketer,,Junior,Travel
R_001199,CV,0,Backend Engineer,,Senior,FinTech
R_001200,CV,7,Technical Support Specialist,,Senior,Retail
R_001201,CV,3,BI Analyst,,Mid,Logistics
R_001202,CV,3,BI Analyst,,Senior,Retail
R_001203,CV,0,Software Engineer,,Junior,Travel
R_001204,CV,3,Data Analyst,,Junior,Travel
R_001205,CV,6,Operations Manager,,Mid,E-commerce
R_001206,CV,7,Customer Success Associate,,Junior,Retail
R_001207,CV,5,Marketing Manager,,Senior,FinTech
R_001208,CV,4,Account Executive,,Senior,Cybersecurity
R_001209,CV,1,Financial Analyst,,Junior,Travel
R_001210,CV,4,Account Executive,,Junior,Cybersecurity
R_001211,CV,4,Account Executive,,Junior,EdTech
R_001212,CV,0,Backend Engineer,,Senior,EdTech
R_001213,CV,6,Operations Manager,,Mid,FinTech
R_001214,CV,4,Sales Representative,,Junior,Logistics
R_001215,CV,3,BI Analyst,,Junior,Travel
R_001216,CV,1,Junior Accountant,,Senior,Logistics
R_001217,CV,5,Content Marketer,,Senior,FinTech
R_001218,CV,4,Account Executive,,Junior,Travel
R_001219,CV,7,Technical Support Specialist,,Mid,Gaming
R_001220,CV,2,Associate Product Manager,,Senior,Cybersecurity
R_001221,CV,2,Associate Product Manager,,Senior,Cybersecurity
R_001222,CV,1,Financial Analyst,,Senior,Retail
R_001223,CV,7,Technical Support Specialist,,Mid,EdTech
R_001224,CV,4,Business Development Manager,,Mid,Retail
R_001225,CV,0,Backend Engineer,,Senior,Travel
R_001226,CV,7,Customer Success Associate,,Mid,FinTech
R_001227,CV,1,Financial Analyst,,Mid,E-commerce
R_001228,CV,6,Project Manager,,Senior,E-commerce
R_001229,CV,0,Software Engineer,,Senior,E-commerce
R_001230,CV,6,Project Manager,,Senior,Cybersecurity
R_001231,CV,5,Content Marketer,,Mid,FinTech
R_001232,CV,7,Technical Support Specialist,,Senior,Logistics
R_001233,CV,5,Content Marketer,,Mid,E-commerce
R_001234,CV,3,BI Analyst,,Junior,Travel
R_001235,CV,3,BI Analyst,,Mid,E-commerce
R_001236,CV,3,BI Analyst,,Junior,E-commerce
R_001237,CV,4,Business Development Manager,,Senior,FinTech
R_001238,CV,4,Sales Representative,,Mid,Healthcare
R_001239,CV,6,Operations Manager,,Junior,Logistics
R_001240,CV,6,Project Manager,,Junior,E-commerce
R_001241,CV,2,Associate Product Manager,,Senior,Gaming
R_001242,CV,0,Software Engineer,,Senior,SaaS
R_001243,CV,2,Product Manager,,Mid,Gaming
R_001244,CV,0,Full Stack Engineer,,Junior,Healthcare
R_001245,CV,1,Junior Accountant,,Mid,Healthcare
R_001246,CV,4,Account Executive,,Junior,Retail
R_001247,CV,3,Business Analyst,,Mid,FinTech
R_001248,CV,1,Financial Analyst,,Mid,FinTech
R_001249,CV,1,Junior Accountant,,Mid,Travel
R_001250,CV,0,Backend Engineer,,Mid,Retail
R_001251,CV,7,Customer Support Specialist,,Junior,SaaS
R_001252,CV,0,Backend Engineer,,Junior,FinTech
R_001253,CV,0,Backend Engineer,,Junior,Gaming
R_001254,CV,4,Sales Representative,,Junior,Retail
R_001255,CV,5,Marketing Manager,,Senior,Travel
R_001256,CV,3,Data Analyst,,Junior,Cybersecurity
R_001257,CV,4,Account Executive,,Mid,Healthcare
R_001258,CV,5,Marketing Manager,,Senior,Travel
R_001259,CV,4,Business Development Manager,,Mid,Healthcare
R_001260,CV,5,Marketing Manager,,Mid,Cybersecurity
R_001261,CV,3,Data Analyst,,Junior,SaaS
R_001262,CV,0,Full Stack Engineer,,Senior,Gaming
R_001263,CV,3,Business Analyst,,Junior,Gaming
R_001264,CV,4,Account Executive,,Junior,EdTech
R_001265,CV,2,Associate Product Manager,,Mid,SaaS
R_001266,CV,5,Performance Marketer,,Mid,SaaS
R_001267,CV,0,Software Engineer,,Junior,Travel
R_001268,CV,3,BI Analyst,,Senior,SaaS
R_001269,CV,4,Business Development Manager,,Mid,Retail
R_001270,CV,2,Product Manager,,Junior,Healthcare
R_001271,CV,0,Software Engineer,,Junior,EdTech
R_001272,CV,7,Customer Success Associate,,Senior,Logistics
R_001273,CV,3,Business Analyst,,Junior,Cybersecurity
R_001274,CV,7,Customer Support Specialist,,Mid,Gaming
R_001275,CV,2,Product Manager,,Junior,SaaS
R_001276,CV,4,Sales Representative,,Junior,Gaming
R_001277,CV,5,Content Marketer,,Senior,Cybersecurity
R_001278,CV,3,Business Analyst,,Mid,Cybersecurity
R_001279,CV,6,Project Manager,,Senior,Cybersecurity
R_001280,CV,4,Account Executive,,Junior,Gaming
R_001281,CV,0,Backend Engineer,,Mid,Retail
R_001282,CV,3,BI Analyst,,Senior,Travel
R_001283,CV,0,Software Engineer,,Mid,Cybersecurity
R_001284,CV,1,FP&A Analyst,,Junior,EdTech
R_001285,CV,5,Content Marketer,,Junior,Cybersecurity
R_001286,CV,2,Technical Product Manager,,Mid,Travel
R_001287,CV,1,Financial Analyst,,Junior,E-commerce
R_001288,CV,0,Full Stack Engineer,,Junior,SaaS
R_001289,CV,1,FP&A Analyst,,Junior,SaaS
R_001290,CV,3,Data Analyst,,Mid,SaaS
R_001291,CV,3,Data Analyst,,Mid,Cybersecurity
R_001292,CV,7,Customer Success Associate,,Senior,E-commerce
R_001293,CV,3,Data Analyst,,Mid,Cybersecurity
R_001294,CV,0,Software Engineer,,Senior,E-commerce
R_001295,CV,3,BI Analyst,,Junior,Healthcare
R_001296,CV,3,BI Analyst,,Mid,Cybersecurity
R_001297,CV,7,Technical Support Specialist,,Junior,E-commerce
R_001298,CV,6,Program Coordinator,,Junior,Healthcare
R_001299,CV,2,Associate Product Manager,,Senior,Gaming
R_001300,CV,4,Business Development Manager,,Mid,Gaming
R_001301,CV,5,Performance Marketer,,Senior,FinTech
R_001302,CV,6,Program Coordinator,,Senior,Gaming
R_001303,CV,4,Business Development Manager,,Mid,FinTech
R_001304,CV,4,Account Executive,,Junior,Retail
R_001305,CV,0,Backend Engineer,,Mid,Logistics
R_001306,CV,5,Performance Marketer,,Senior,Healthcare
R_001307,CV,6,Project Manager,,Mid,FinTech
R_001308,CV,1,Financial Analyst,,Junior,Healthcare
R_001309,CV,6,Program Coordinator,,Senior,E-commerce
R_001310,CV,5,Content Marketer,,Mid,Gaming
R_001311,CV,6,Project Manager,,Mid,Cybersecurity
R_001312,CV,5,Marketing Manager,,Junior,Logistics
R_001313,CV,5,Marketing Manager,,Senior,Cybersecurity
R_001314,CV,3,BI Analyst,,Mid,Cybersecurity
R_001315,CV,1,Junior Accountant,,Junior,Cybersecurity
R_001316,CV,10,Operations Manager,,Junior,E-commerce
R_001317,CV,0,Full Stack Engineer,,Junior,Logistics
R_001318,CV,6,Program Coordinator,,Senior,Cybersecurity
R_001319,CV,0,Full Stack Engineer,,Junior,Cybersecurity
R_001320,CV,5,Marketing Manager,,Mid,Healthcare
R_001321,CV,1,Financial Analyst,,Senior,EdTech
R_001322,CV,7,Customer Support Specialist,,Mid,Travel
R_001323,CV,1,Junior Accountant,,Mid,EdTech
R_001324,CV,5,Content Marketer,,Junior,Retail
R_001325,CV,4,Business Development Manager,,Senior,Logistics
R_001326,CV,3,Data Analyst,,Mid,Travel
R_001327,CV,5,Content Marketer,,Mid,SaaS
R_001328,CV,2,Technical Product Manager,,Senior,E-commerce
R_001329,CV,5,Marketing Manager,,Senior,FinTech
R_001330,CV,5,Marketing Manager,,Senior,FinTech
R_001331,CV,0,Full Stack Engineer,,Mid,SaaS
R_001332,CV,7,Customer Support Specialist,,Mid,Healthcare
R_001333,CV,2,Product Manager,,Senior,EdTech
R_001334,CV,1,FP&A Analyst,,Senior,EdTech
R_001335,CV,5,Content Marketer,,Mid,Travel
R_001336,CV,7,Customer Support Specialist,,Mid,Logistics
R_001337,CV,5,Marketing Manager,,Mid,FinTech
R_001338,CV,7,Technical Support Specialist,,Mid,Healthcare
R_001339,CV,7,Technical Support Specialist,,Junior,Retail
R_001340,CV,3,BI Analyst,,Junior,E-commerce
R_001341,CV,2,Product Manager,,Mid,FinTech
R_001342,CV,5,Performance Marketer,,Mid,Gaming
R_001343,CV,0,Software Engineer,,Senior,Gaming
R_001344,CV,5,Content Marketer,,Junior,Healthcare
R_001345,CV,1,FP&A Analyst,,Mid,Gaming
R_001346,CV,6,Operations Manager,,Senior,E-commerce
R_001347,CV,2,Product Manager,,Junior,Gaming
R_001348,CV,0,Full Stack Engineer,,Mid,Retail
R_001349,CV,2,Product Manager,,Senior,SaaS
R_001350,CV,5,Marketing Manager,,Junior,FinTech
R_001351,CV,0,Software Engineer,,Senior,Gaming
R_001352,CV,0,Backend Engineer,,Senior,Gaming
R_001353,CV,0,Backend Engineer,,Mid,Cybersecurity
R_001354,CV,2,Product Manager,,Junior,Retail
R_001355,CV,6,Operations Manager,,Junior,Healthcare
R_001356,CV,1,Junior Accountant,,Senior,Gaming
R_001357,CV,6,Program Coordinator,,Mid,FinTech
R_001358,CV,2,Product Manager,,Junior,FinTech
R_001359,CV,4,Sales Representative,,Junior,Retail
R_001360,CV,4,Business Development Manager,,Junior,Gaming
R_001361,CV,3,Business Analyst,,Senior,EdTech
R_001362,CV,2,Technical Product Manager,,Mid,Logistics
R_001363,CV,5,Content Marketer,,Junior,Retail
R_001364,CV,5,Content Marketer,,Senior,E-commerce
R_001365,CV,1,FP&A Analyst,,Junior,SaaS
R_001366,CV,0,Software Engineer,,Senior,Retail
R_001367,CV,4,Business Development Manager,,Junior,Gaming
R_001368,CV,6,Program Coordinator,,Mid,Gaming
R_001369,CV,3,Data Analyst,,Junior,Healthcare
R_001370,CV,3,Data Analyst,,Senior,E-commerce
R_001371,CV,7,Technical Support Specialist,,Junior,Gaming
R_001372,CV,2,Technical Product Manager,,Senior,FinTech
R_001373,CV,5,Content Marketer,,Mid,Cybersecurity
R_001374,CV,6,Program Coordinator,,Senior,Logistics
R_001375,CV,4,Business Development Manager,,Mid,Travel
R_001376,CV,0,Full Stack Engineer,,Mid,FinTech
R_001377,CV,5,Performance Marketer,,Mid,Travel
R_001378,CV,7,Customer Support Specialist,,Junior,E-commerce
R_001379,CV,4,Business Development Manager,,Junior,E-commerce
R_001380,CV,2,Associate Product Manager,,Junior,Healthcare
R_001381,CV,5,Content Marketer,,Mid,Travel
R_001382,CV,0,Software Engineer,,Junior,Cybersecurity
R_001383,CV,6,Program Coordinator,,Senior,FinTech
R_001384,CV,3,BI Analyst,,Mid,Travel
R_001385,CV,0,Backend Engineer,,Mid,Travel
R_001386,CV,2,Product Manager,,Senior,Logistics
R_001387,CV,4,Business Development Manager,,Junior,Retail
R_001388,CV,1,Junior Accountant,,Senior,Retail
R_001389,CV,4,Business Development Manager,,Senior,Travel
R_001390,CV,6,Operations Manager,,Senior,EdTech
R_001391,CV,2,Technical Product Manager,,Mid,Travel
R_001392,CV,1,FP&A Analyst,,Junior,FinTech
R_001393,CV,0,Backend Engineer,,Senior,Healthcare
R_001394,CV,0,Software Engineer,,Senior,Healthcare
R_001395,CV,7,Customer Support Specialist,,Junior,E-commerce
R_001396,CV,1,Junior Accountant,,Junior,Travel
R_001397,CV,4,Sales Representative,,Mid,Travel
R_001398,CV,0,Full Stack Engineer,,Mid,FinTech
R_001399,CV,6,Project Manager,,Junior,Gaming
R_001400,CV,5,Content Marketer,,Mid,Retail
R_001401,CV,2,Product Manager,,Senior,Cybersecurity
R_001402,CV,5,Content Marketer,,Mid,EdTech
R_001403,CV,3,Business Analyst,,Mid,Logistics
R_001404,CV,2,Product Manager,,Senior,Healthcare
R_001405,CV,4,Business Development Manager,,Mid,SaaS
R_001406,CV,7,Customer Success Associate,,Mid,Travel
R_001407,CV,6,Operations Manager,,Mid,Healthcare
R_001408,CV,5,Marketing Manager,,Senior,SaaS
R_001409,CV,7,Technical Support Specialist,,Junior,Cybersecurity
R_001410,CV,5,Content Marketer,,Mid,FinTech
R_001411,CV,6,Program Coordinator,,Senior,Gaming
R_001412,CV,1,FP&A Analyst,,Senior,E-commerce
R_001413,CV,6,Project Manager,,Senior,FinTech
R_001414,CV,1,FP&A Analyst,,Junior,Retail
R_001415,CV,2,Product Manager,,Mid,FinTech
R_001416,CV,3,BI Analyst,,Mid,Retail
R_001417,CV,1,Junior Accountant,,Senior,Cybersecurity
R_001418,CV,6,Program Coordinator,,Junior,FinTech
R_001419,CV,0,Software Engineer,,Mid,Gaming
R_001420,CV,2,Technical Product Manager,,Mid,Cybersecurity
R_001421,CV,4,Account Executive,,Junior,Gaming
R_001422,CV,1,FP&A Analyst,,Senior,Retail
R_001423,CV,5,Marketing Manager,,Mid,Travel
R_001424,CV,4,Sales Representative,,Senior,Healthcare
R_001425,CV,2,Technical Product Manager,,Senior,Travel
R_001426,CV,4,Account Executive,,Junior,Healthcare
R_001427,CV,0,Backend Engineer,,Mid,SaaS
R_001428,CV,2,Associate Product Manager,,Junior,EdTech
R_001429,CV,7,Customer Support Specialist,,Junior,Gaming
R_001430,CV,7,Technical Support Specialist,,Junior,SaaS
R_001431,CV,7,Customer Success Associate,,Mid,Retail
R_001432,CV,3,Business Analyst,,Senior,Gaming
R_001433,CV,1,FP&A Analyst,,Senior,Logistics
R_001434,CV,4,Account Executive,,Junior,SaaS
R_001435,CV,6,Program Coordinator,,Mid,Gaming
R_001436,CV,7,Customer Success Associate,,Senior,EdTech
R_001437,CV,7,Customer Success Associate,,Senior,Retail
R_001438,CV,7,Technical Support Specialist,,Senior,Travel
R_001439,CV,4,Sales Representative,,Senior,SaaS
R_001440,CV,7,Technical Support Specialist,,Mid,Cybersecurity
R_001441,CV,4,Business Development Manager,,Mid,Gaming
R_001442,CV,4,Account Executive,,Junior,Retail
R_001443,CV,2,Technical Product Manager,,Junior,Cybersecurity
R_001444,CV,2,Technical Product Manager,,Junior,Gaming
R_001445,CV,6,Project Manager,,Senior,Gaming
R_001446,CV,5,Content Marketer,,Junior,Retail
R_001447,CV,3,BI Analyst,,Junior,Logistics
R_001448,CV,0,Full Stack Engineer,,Mid,SaaS
R_001449,CV,0,Backend Engineer,,Senior,Healthcare
R_001450,CV,5,Performance Marketer,,Senior,Healthcare
R_001451,CV,2,Product Manager,,Mid,SaaS
R_001452,CV,7,Customer Support Specialist,,Mid,E-commerce
R_001453,CV,7,Customer Support Specialist,,Junior,Travel
R_001454,CV,0,Software Engineer,,Junior,Travel
R_001455,CV,2,Technical Product Manager,,Senior,Cybersecurity
R_001456,CV,3,Data Analyst,,Mid,Healthcare
R_001457,CV,6,Project Manager,,Senior,Gaming
R_001458,CV,5,Marketing Manager,,Senior,Healthcare
R_001459,CV,3,BI Analyst,,Mid,Logistics
R_001460,CV,0,Software Engineer,,Senior,Travel
R_001461,CV,6,Operations Manager,,Senior,E-commerce
R_001462,CV,2,Associate Product Manager,,Junior,SaaS
R_001463,CV,2,Product Manager,,Junior,SaaS
R_001464,CV,2,Associate Product Manager,,Junior,Gaming
R_001465,CV,6,Project Manager,,Junior,SaaS
R_001466,CV,3,Business Analyst,,Senior,E-commerce
R_001467,CV,1,FP&A Analyst,,Senior,FinTech
R_001468,CV,1,Financial Analyst,,Junior,SaaS
R_001469,CV,4,Business Development Manager,,Senior,E-commerce
R_001470,CV,7,Technical Support Specialist,,Mid,SaaS
R_001471,CV,3,Data Analyst,,Senior,EdTech
R_001472,CV,3,Data Analyst,,Junior,E-commerce
R_001473,CV,3,BI Analyst,,Mid,Retail
R_001474,CV,6,Program Coordinator,,Senior,Logistics
R_001475,CV,7,Technical Support Specialist,,Mid,Travel
R_001476,CV,3,Business Analyst,,Junior,Healthcare
R_001477,CV,1,Financial Analyst,,Mid,EdTech
R_001478,CV,1,FP&A Analyst,,Mid,SaaS
R_001479,CV,0,Backend Engineer,,Senior,E-commerce
R_001480,CV,5,Marketing Manager,,Senior,Logistics
R_001481,CV,3,Data Analyst,,Junior,EdTech
R_001482,CV,1,FP&A Analyst,,Mid,E-commerce
R_001483,CV,4,Account Executive,,Senior,Travel
R_001484,CV,3,Data Analyst,,Junior,FinTech
R_001485,CV,6,Program Coordinator,,Mid,Logistics
R_001486,CV,0,Backend Engineer,,Junior,FinTech
R_001487,CV,4,Business Development Manager,,Junior,Gaming
R_001488,CV,0,Backend Engineer,,Mid,Gaming
R_001489,CV,5,Content Marketer,,Mid,Gaming
R_001490,CV,7,Technical Support Specialist,,Junior,Gaming
R_001491,CV,2,Product Manager,,Junior,EdTech
R_001492,CV,3,Business Analyst,,Mid,Cybersecurity
R_001493,CV,6,Program Coordinator,,Junior,SaaS
R_001494,CV,5,Performance Marketer,,Senior,E-commerce
R_001495,CV,4,Business Development Manager,,Mid,E-commerce
R_001496,CV,0,Software Engineer,,Senior,Logistics
R_001497,CV,4,Sales Representative,,Senior,Retail
R_001498,CV,2,Associate Product Manager,,Senior,Retail
R_001499,CV,6,Program Coordinator,,Senior,FinTech
R_001500,CV,7,Customer Success Associate,,Junior,SaaS
R_001501,CV,7,Technical Support Specialist,,Mid,Logistics
R_001502,CV,2,Associate Product Manager,,Junior,Travel
R_001503,CV,0,Backend Engineer,,Mid,FinTech
R_001504,CV,5,Content Marketer,,Mid,EdTech
R_001505,CV,3,BI Analyst,,Mid,Retail
R_001506,CV,0,Backend Engineer,,Senior,Logistics
R_001507,CV,0,Full Stack Engineer,,Junior,EdTech
R_001508,CV,3,BI Analyst,,Senior,FinTech
R_001509,CV,1,FP&A Analyst,,Senior,SaaS
R_001510,CV,0,Backend Engineer,,Junior,Logistics
R_001511,CV,4,Account Executive,,Senior,E-commerce
R_001512,CV,5,Performance Marketer,,Mid,Retail
R_001513,CV,1,Financial Analyst,,Senior,SaaS
R_001514,CV,1,FP&A Analyst,,Senior,EdTech
R_001515,CV,3,Data Analyst,,Mid,Cybersecurity
R_001516,CV,7,Customer Support Specialist,,Junior,FinTech
R_001517,CV,1,Financial Analyst,,Junior,E-commerce
R_001518,CV,2,Product Manager,,Mid,SaaS
R_001519,CV,6,Project Manager,,Mid,Logistics
R_001520,CV,4,Account Executive,,Junior,Cybersecurity
R_001521,CV,0,Backend Engineer,,Junior,E-commerce
R_001522,CV,0,Software Engineer,,Mid,E-commerce
R_001523,CV,0,Backend Engineer,,Senior,EdTech
R_001524,CV,4,Account Executive,,Senior,Healthcare
R_001525,CV,3,Business Analyst,,Senior,Healthcare
R_001526,CV,7,Customer Success Associate,,Senior,Gaming
R_001527,CV,2,Associate Product Manager,,Senior,Healthcare
R_001528,CV,7,Customer Support Specialist,,Mid,FinTech
R_001529,CV,3,BI Analyst,,Senior,E-commerce
R_001530,CV,0,Full Stack Engineer,,Mid,Logistics
R_001531,CV,6,Program Coordinator,,Mid,Gaming
R_001532,CV,0,Backend Engineer,,Mid,SaaS
R_001533,CV,4,Account Executive,,Mid,Cybersecurity
R_001534,CV,4,Account Executive,,Mid,FinTech
R_001535,CV,5,Content Marketer,,Mid,E-commerce
R_001536,CV,5,Content Marketer,,Mid,Cybersecurity
R_001537,CV,5,Content Marketer,,Junior,Travel
R_001538,CV,3,Business Analyst,,Mid,Retail
R_001539,CV,2,Product Manager,,Mid,EdTech
R_001540,CV,1,Junior Accountant,,Mid,E-commerce
R_001541,CV,3,Data Analyst,,Junior,FinTech
R_001542,CV,6,Project Manager,,Junior,FinTech
R_001543,CV,7,Technical Support Specialist,,Mid,Travel
R_001544,CV,1,FP&A Analyst,,Junior,Cybersecurity
R_001545,CV,3,BI Analyst,,Junior,Retail
R_001546,CV,1,Junior Accountant,,Mid,Retail
R_001547,CV,4,Sales Representative,,Junior,FinTech
R_001548,CV,1,Financial Analyst,,Mid,EdTech
R_001549,CV,2,Product Manager,,Junior,Travel
R_001550,CV,6,Project Manager,,Senior,Travel
R_001551,CV,0,Backend Engineer,,Junior,EdTech
R_001552,CV,7,Technical Support Specialist,,Junior,E-commerce
R_001553,CV,7,Customer Success Associate,,Mid,Cybersecurity
R_001554,CV,6,Operations Manager,,Mid,Retail
R_001555,CV,2,Product Manager,,Senior,SaaS
R_001556,CV,2,Associate Product Manager,,Mid,FinTech
R_001557,CV,3,BI Analyst,,Junior,E-commerce
R_001558,CV,1,Financial Analyst,,Senior,Cybersecurity
R_001559,CV,1,FP&A Analyst,,Junior,Logistics
R_001560,CV,1,Financial Analyst,,Senior,SaaS
R_001561,CV,0,Backend Engineer,,Mid,Healthcare
R_001562,CV,7,Technical Support Specialist,,Mid,Gaming
R_001563,CV,5,Performance Marketer,,Junior,Retail
R_001564,CV,3,Business Analyst,,Mid,Gaming
R_001565,CV,1,Financial Analyst,,Senior,Retail
R_001566,CV,6,Operations Manager,,Senior,Gaming
R_001567,CV,5,Content Marketer,,Mid,EdTech
R_001568,CV,5,Content Marketer,,Mid,SaaS
R_001569,CV,7,Customer Support Specialist,,Mid,EdTech
R_001570,CV,1,Financial Analyst,,Senior,FinTech
R_001571,CV,7,Technical Support Specialist,,Junior,Logistics
R_001572,CV,4,Business Development Manager,,Junior,Healthcare
R_001573,CV,0,Software Engineer,,Mid,Cybersecurity
R_001574,CV,2,Product Manager,,Junior,Retail
R_001575,CV,3,BI Analyst,,Senior,EdTech
R_001576,CV,0,Software Engineer,,Senior,EdTech
R_001577,CV,0,Software Engineer,,Senior,Cybersecurity
R_001578,CV,2,Technical Product Manager,,Mid,Cybersecurity
R_001579,CV,5,Performance Marketer,,Senior,Travel
R_001580,CV,7,Customer Support Specialist,,Junior,Cybersecurity
R_001581,CV,1,Financial Analyst,,Junior,FinTech
R_001582,CV,1,FP&A Analyst,,Senior,Travel
R_001583,CV,3,BI Analyst,,Junior,Retail
R_001584,CV,2,Product Manager,,Mid,Logistics
R_001585,CV,6,Operations Manager,,Senior,Travel
R_001586,CV,2,Product Manager,,Mid,E-commerce
R_001587,CV,0,Backend Engineer,,Junior,Healthcare
R_001588,CV,3,Data Analyst,,Junior,Retail
R_001589,CV,2,Product Manager,,Senior,Travel
R_001590,CV,2,Product Manager,,Mid,Gaming
R_001591,CV,0,Full Stack Engineer,,Senior,Logistics
R_001592,CV,3,BI Analyst,,Mid,Travel
R_001593,CV,0,Backend Engineer,,Junior,E-commerce
R_001594,CV,1,Financial Analyst,,Senior,Cybersecurity
R_001595,CV,7,Customer Success Associate,,Senior,E-commerce
R_001596,CV,5,Marketing Manager,,Junior,FinTech
R_001597,CV,2,Technical Product Manager,,Junior,Retail
R_001598,CV,0,Backend Engineer,,Mid,Retail
R_001599,CV,3,Data Analyst,,Senior,Gaming
R_001600,CV,5,Marketing Manager,,Junior,EdTech
R_001601,CV,5,Content Marketer,,Senior,EdTech
R_001602,CV,0,Full Stack Engineer,,Mid,Retail
R_001603,CV,2,Product Manager,,Senior,E-commerce
R_001604,CV,5,Marketing Manager,,Mid,Logistics
R_001605,CV,3,BI Analyst,,Junior,Cybersecurity
R_001606,CV,1,Junior Accountant,,Mid,Retail
R_001607,CV,1,FP&A Analyst,,Junior,Retail
R_001608,CV,5,Performance Marketer,,Mid,Travel
R_001609,CV,6,Project Manager,,Mid,Retail
R_001610,CV,1,Financial Analyst,,Mid,Healthcare
R_001611,CV,4,Sales Representative,,Junior,SaaS
R_001612,CV,7,Technical Support Specialist,,Mid,FinTech
R_001613,CV,3,BI Analyst,,Mid,Travel
R_001614,CV,4,Business Development Manager,,Junior,Cybersecurity
R_001615,CV,2,Associate Product Manager,,Senior,SaaS
R_001616,CV,7,Technical Support Specialist,,Senior,Retail
R_001617,CV,1,FP&A Analyst,,Mid,SaaS
R_001618,CV,0,Software Engineer,,Junior,Logistics
R_001619,CV,4,Sales Representative,,Junior,Cybersecurity
R_001620,CV,5,Performance Marketer,,Senior,E-commerce
R_001621,CV,6,Operations Manager,,Junior,Healthcare
R_001622,CV,0,Software Engineer,,Mid,Travel
R_001623,CV,7,Technical Support Specialist,,Senior,SaaS
R_001624,CV,1,Financial Analyst,,Senior,FinTech
R_001625,CV,2,Technical Product Manager,,Senior,Logistics
R_001626,CV,5,Performance Marketer,,Junior,Cybersecurity
R_001627,CV,7,Customer Success Associate,,Senior,Healthcare
R_001628,CV,5,Marketing Manager,,Junior,SaaS
R_001629,CV,6,Operations Manager,,Senior,Travel
R_001630,CV,5,Content Marketer,,Senior,Travel
R_001631,CV,2,Product Manager,,Mid,Cybersecurity
R_001632,CV,7,Customer Support Specialist,,Junior,E-commerce
R_001633,CV,5,Performance Marketer,,Junior,Retail
R_001634,CV,3,BI Analyst,,Mid,Retail
R_001635,CV,5,Content Marketer,,Senior,Logistics
R_001636,CV,7,Technical Support Specialist,,Junior,Cybersecurity
R_001637,CV,4,Account Executive,,Junior,Cybersecurity
R_001638,CV,7,Technical Support Specialist,,Senior,E-commerce
R_001639,CV,2,Technical Product Manager,,Senior,E-commerce
R_001640,CV,7,Customer Support Specialist,,Mid,EdTech
R_001641,CV,0,Software Engineer,,Senior,Cybersecurity
R_001642,CV,7,Technical Support Specialist,,Mid,FinTech
R_001643,CV,0,Full Stack Engineer,,Senior,Retail
R_001644,CV,4,Sales Representative,,Mid,Healthcare
R_001645,CV,1,FP&A Analyst,,Mid,FinTech
R_001646,CV,4,Account Executive,,Junior,FinTech
R_001647,CV,1,Financial Analyst,,Mid,Cybersecurity
R_001648,CV,5,Performance Marketer,,Junior,FinTech
R_001649,CV,1,FP&A Analyst,,Senior,Retail
R_001650,CV,2,Associate Product Manager,,Mid,E-commerce
R_001651,CV,0,Full Stack Engineer,,Senior,Cybersecurity
R_001652,CV,2,Technical Product Manager,,Senior,Retail
R_001653,CV,5,Performance Marketer,,Junior,FinTech
R_001654,CV,7,Customer Success Associate,,Mid,FinTech
R_001655,CV,2,Associate Product Manager,,Mid,E-commerce
R_001656,CV,0,Software Engineer,,Junior,Healthcare
R_001657,CV,6,Project Manager,,Mid,Cybersecurity
R_001658,CV,1,Financial Analyst,,Mid,Travel
R_001659,CV,7,Customer Success Associate,,Senior,Logistics
R_001660,CV,3,BI Analyst,,Mid,E-commerce
R_001661,CV,5,Marketing Manager,,Mid,Cybersecurity
R_001662,CV,4,Sales Representative,,Mid,Cybersecurity
R_001663,CV,1,FP&A Analyst,,Junior,E-commerce
R_001664,CV,0,Software Engineer,,Senior,Gaming
R_001665,CV,7,Customer Support Specialist,,Junior,EdTech
R_001666,CV,2,Product Manager,,Mid,SaaS
R_001667,CV,2,Product Manager,,Junior,Healthcare
R_001668,CV,4,Account Executive,,Junior,Travel
R_001669,CV,3,Data Analyst,,Mid,SaaS
R_001670,CV,2,Technical Product Manager,,Junior,EdTech
R_001671,CV,3,Business Analyst,,Junior,Logistics
R_001672,CV,1,FP&A Analyst,,Senior,Gaming
R_001673,CV,6,Program Coordinator,,Junior,Logistics
R_001674,CV,6,Project Manager,,Mid,Retail
R_001675,CV,0,Full Stack Engineer,,Senior,SaaS
R_001676,CV,4,Sales Representative,,Mid,Cybersecurity
R_001677,CV,5,Content Marketer,,Mid,SaaS
R_001678,CV,6,Program Coordinator,,Junior,Cybersecurity
R_001679,CV,0,Software Engineer,,Junior,Cybersecurity
R_001680,CV,7,Customer Support Specialist,,Senior,Cybersecurity
R_001681,CV,5,Content Marketer,,Mid,Logistics
R_001682,CV,4,Business Development Manager,,Senior,SaaS
R_001683,CV,1,FP&A Analyst,,Senior,Healthcare
R_001684,CV,2,Technical Product Manager,,Senior,Cybersecurity
R_001685,CV,1,Financial Analyst,,Mid,SaaS
R_001686,CV,6,Project Manager,,Mid,Cybersecurity
R_001687,CV,2,Product Manager,,Mid,Travel
R_001688,CV,2,Product Manager,,Mid,E-commerce
R_001689,CV,1,FP&A Analyst,,Senior,E-commerce
R_001690,CV,2,Technical Product Manager,,Junior,FinTech
R_001691,CV,7,Customer Success Associate,,Senior,SaaS
R_001692,CV,4,Account Executive,,Senior,EdTech
R_001693,CV,0,Full Stack Engineer,,Mid,SaaS
R_001694,CV,5,Performance Marketer,,Senior,SaaS
R_001695,CV,0,Full Stack Engineer,,Junior,Retail
R_001696,CV,2,Product Manager,,Junior,Healthcare
R_001697,CV,2,Product Manager,,Mid,E-commerce
R_001698,CV,3,Business Analyst,,Junior,Travel
R_001699,CV,4,Business Development Manager,,Junior,E-commerce
R_001700,CV,4,Business Development Manager,,Mid,Gaming
R_001701,CV,0,Software Engineer,,Mid,Travel
R_001702,CV,6,Operations Manager,,Mid,Travel
R_001703,CV,4,Business Development Manager,,Senior,Gaming
R_001704,CV,2,Product Manager,,Senior,Gaming
R_001705,CV,0,Full Stack Engineer,,Mid,Healthcare
R_001706,CV,0,Full Stack Engineer,,Junior,Logistics
R_001707,CV,6,Project Manager,,Junior,Logistics
R_001708,CV,0,Backend Engineer,,Senior,Retail
R_001709,CV,5,Content Marketer,,Senior,EdTech
R_001710,CV,7,Customer Success Associate,,Mid,SaaS
R_001711,CV,3,BI Analyst,,Senior,SaaS
R_001712,CV,1,FP&A Analyst,,Mid,Retail
R_001713,CV,1,Financial Analyst,,Senior,Cybersecurity
R_001714,CV,0,Software Engineer,,Mid,Logistics
R_001715,CV,5,Performance Marketer,,Senior,Gaming
R_001716,CV,5,Marketing Manager,,Senior,Cybersecurity
R_001717,CV,1,Junior Accountant,,Mid,E-commerce
R_001718,CV,7,Customer Success Associate,,Junior,FinTech
R_001719,CV,7,Technical Support Specialist,,Mid,E-commerce
R_001720,CV,4,Business Development Manager,,Junior,Logistics
R_001721,CV,4,Account Executive,,Mid,Travel
R_001722,CV,3,BI Analyst,,Mid,FinTech
R_001723,CV,0,Full Stack Engineer,,Mid,SaaS
R_001724,CV,1,Junior Accountant,,Junior,FinTech
R_001725,CV,0,Full Stack Engineer,,Junior,Retail
R_001726,CV,7,Customer Success Associate,,Junior,FinTech
R_001727,CV,5,Performance Marketer,,Mid,EdTech
R_001728,CV,7,Technical Support Specialist,,Senior,E-commerce
R_001729,CV,4,Account Executive,,Mid,EdTech
R_001730,CV,4,Account Executive,,Junior,Cybersecurity
R_001731,CV,5,Performance Marketer,,Junior,EdTech
R_001732,CV,6,Program Coordinator,,Senior,EdTech
R_001733,CV,0,Backend Engineer,,Junior,Cybersecurity
R_001734,CV,4,Business Development Manager,,Senior,Logistics
R_001735,CV,5,Performance Marketer,,Mid,Travel
R_001736,CV,5,Marketing Manager,,Mid,Healthcare
R_001737,CV,6,Program Coordinator,,Senior,FinTech
R_001738,CV,5,Marketing Manager,,Junior,Gaming
R_001739,CV,5,Performance Marketer,,Junior,E-commerce
R_001740,CV,7,Customer Success Associate,,Junior,Gaming
R_001741,CV,0,Full Stack Engineer,,Junior,SaaS
R_001742,CV,2,Product Manager,,Mid,Travel
R_001743,CV,6,Program Coordinator,,Senior,Travel
R_001744,CV,0,Software Engineer,,Mid,Gaming
R_001745,CV,5,Content Marketer,,Senior,Logistics
R_001746,CV,0,Backend Engineer,,Junior,Cybersecurity
R_001747,CV,4,Account Executive,,Mid,E-commerce
R_001748,CV,4,Sales Representative,,Mid,Logistics
R_001749,CV,2,Technical Product Manager,,Mid,Gaming
R_001750,CV,0,Software Engineer,,Junior,Healthcare
R_001751,CV,3,Data Analyst,,Senior,Gaming
R_001752,CV,7,Technical Support Specialist,,Junior,Cybersecurity
R_001753,CV,4,Account Executive,,Senior,Healthcare
R_001754,CV,0,Full Stack Engineer,,Mid,Retail
R_001755,CV,1,Financial Analyst,,Senior,Logistics
R_001756,CV,2,Associate Product Manager,,Mid,E-commerce
R_001757,CV,0,Backend Engineer,,Mid,Healthcare
R_001758,CV,1,Junior Accountant,,Senior,FinTech
R_001759,CV,2,Technical Product Manager,,Junior,Logistics
R_001760,CV,6,Operations Manager,,Mid,FinTech
R_001761,CV,2,Technical Product Manager,,Senior,Retail
R_001762,CV,1,FP&A Analyst,,Junior,Cybersecurity
R_001763,CV,5,Performance Marketer,,Junior,Gaming
R_001764,CV,5,Marketing Manager,,Mid,EdTech
R_001765,CV,6,Project Manager,,Junior,EdTech
R_001766,CV,0,Software Engineer,,Senior,FinTech
R_001767,CV,3,BI Analyst,,Junior,Cybersecurity
R_001768,CV,5,Content Marketer,,Senior,Retail
R_001769,CV,3,Data Analyst,,Senior,SaaS
R_001770,CV,1,Financial Analyst,,Mid,EdTech
R_001771,CV,2,Product Manager,,Mid,E-commerce
R_001772,CV,2,Product Manager,,Junior,Travel
R_001773,CV,3,BI Analyst,,Senior,Cybersecurity
R_001774,CV,6,Project Manager,,Junior,FinTech
R_001775,CV,4,Account Executive,,Junior,FinTech
R_001776,CV,1,Junior Accountant,,Junior,Gaming
R_001777,CV,6,Operations Manager,,Senior,Retail
R_001778,CV,6,Operations Manager,,Junior,E-commerce
R_001779,CV,3,Business Analyst,,Mid,EdTech
R_001780,CV,1,Financial Analyst,,Mid,E-commerce
R_001781,CV,2,Technical Product Manager,,Junior,Logistics
R_001782,CV,3,Business Analyst,,Mid,EdTech
R_001783,CV,5,Performance Marketer,,Junior,SaaS
R_001784,CV,5,Performance Marketer,,Mid,SaaS
R_001785,CV,2,Associate Product Manager,,Junior,E-commerce
R_001786,CV,1,Financial Analyst,,Junior,Cybersecurity
R_001787,CV,2,Product Manager,,Senior,EdTech
R_001788,CV,1,FP&A Analyst,,Mid,Retail
R_001789,CV,2,Product Manager,,Senior,FinTech
R_001790,CV,2,Product Manager,,Junior,Healthcare
R_001791,CV,6,Program Coordinator,,Senior,SaaS
R_001792,CV,3,Business Analyst,,Mid,FinTech
R_001793,CV,5,Marketing Manager,,Junior,FinTech
R_001794,CV,3,Data Analyst,,Senior,Gaming
R_001795,CV,1,Financial Analyst,,Mid,Retail
R_001796,CV,6,Operations Manager,,Senior,E-commerce
R_001797,CV,3,Data Analyst,,Senior,Gaming
R_001798,CV,0,Software Engineer,,Mid,E-commerce
R_001799,CV,1,Financial Analyst,,Junior,Travel
R_001800,CV,7,Customer Success Associate,,Junior,Logistics
R_001801,CV,4,Business Development Manager,,Mid,SaaS
R_001802,CV,6,Operations Manager,,Mid,Healthcare
R_001803,CV,1,FP&A Analyst,,Junior,Healthcare
R_001804,CV,7,Technical Support Specialist,,Junior,FinTech
R_001805,CV,4,Sales Representative,,Junior,Travel
R_001806,CV,0,Full Stack Engineer,,Junior,Gaming
R_001807,CV,7,Customer Support Specialist,,Senior,E-commerce
R_001808,CV,1,Financial Analyst,,Senior,SaaS
R_001809,CV,7,Technical Support Specialist,,Senior,FinTech
R_001810,CV,4,Business Development Manager,,Mid,E-commerce
R_001811,CV,3,Data Analyst,,Mid,Travel
R_001812,CV,2,Product Manager,,Mid,EdTech
R_001813,CV,5,Performance Marketer,,Junior,EdTech
R_001814,CV,1,Junior Accountant,,Mid,Gaming
R_001815,CV,2,Product Manager,,Junior,E-commerce
R_001816,CV,7,Customer Success Associate,,Mid,EdTech
R_001817,CV,7,Customer Support Specialist,,Mid,EdTech
R_001818,CV,2,Product Manager,,Mid,EdTech
R_001819,CV,4,Business Development Manager,,Junior,E-commerce
R_001820,CV,0,Full Stack Engineer,,Senior,Travel
R_001821,CV,6,Operations Manager,,Senior,Gaming
R_001822,CV,0,Full Stack Engineer,,Junior,Logistics
R_001823,CV,5,Marketing Manager,,Senior,Retail
R_001824,CV,3,Business Analyst,,Junior,Logistics
R_001825,CV,3,BI Analyst,,Junior,Logistics
R_001826,CV,0,Backend Engineer,,Junior,Retail
R_001827,CV,3,BI Analyst,,Senior,Gaming
R_001828,CV,0,Full Stack Engineer,,Mid,SaaS
R_001829,CV,2,Product Manager,,Senior,Travel
R_001830,CV,1,FP&A Analyst,,Mid,Logistics
R_001831,CV,0,Full Stack Engineer,,Junior,Logistics
R_001832,CV,7,Customer Support Specialist,,Junior,Logistics
R_001833,CV,1,Junior Accountant,,Junior,FinTech
R_001834,CV,2,Associate Product Manager,,Senior,FinTech
R_001835,CV,7,Technical Support Specialist,,Mid,Gaming
R_001836,CV,1,FP&A Analyst,,Junior,Logistics
R_001837,CV,1,Financial Analyst,,Mid,Logistics
R_001838,CV,5,Content Marketer,,Mid,Cybersecurity
R_001839,CV,0,Software Engineer,,Senior,E-commerce
R_001840,CV,6,Project Manager,,Mid,E-commerce
R_001841,CV,2,Product Manager,,Senior,Cybersecurity
R_001842,CV,6,Program Coordinator,,Junior,Cybersecurity
R_001843,CV,7,Technical Support Specialist,,Junior,Retail
R_001844,CV,3,BI Analyst,,Senior,Logistics
R_001845,CV,2,Product Manager,,Senior,Retail
R_001846,CV,3,Data Analyst,,Mid,EdTech
R_001847,CV,1,Junior Accountant,,Mid,EdTech
R_001848,CV,6,Operations Manager,,Senior,Logistics
R_001849,CV,6,Project Manager,,Senior,Cybersecurity
R_001850,CV,7,Technical Support Specialist,,Junior,Retail
R_001851,CV,0,Full Stack Engineer,,Senior,FinTech
R_001852,CV,5,Content Marketer,,Mid,SaaS
R_001853,CV,2,Associate Product Manager,,Junior,Retail
R_001854,CV,2,Associate Product Manager,,Senior,Healthcare
R_001855,CV,2,Product Manager,,Senior,SaaS
R_001856,CV,2,Technical Product Manager,,Junior,Logistics
R_001857,CV,0,Software Engineer,,Junior,Logistics
R_001858,CV,7,Customer Success Associate,,Mid,Retail
R_001859,CV,0,Backend Engineer,,Junior,Retail
R_001860,CV,0,Backend Engineer,,Junior,Cybersecurity
R_001861,CV,3,Business Analyst,,Senior,Retail
R_001862,CV,3,Data Analyst,,Mid,Retail
R_001863,CV,6,Project Manager,,Senior,Cybersecurity
R_001864,CV,2,Associate Product Manager,,Junior,Gaming
R_001865,CV,4,Account Executive,,Junior,Travel
R_001866,CV,6,Project Manager,,Senior,Travel
R_001867,CV,7,Customer Support Specialist,,Mid,FinTech
R_001868,CV,1,FP&A Analyst,,Junior,Retail
R_001869,CV,6,Project Manager,,Mid,FinTech
R_001870,CV,2,Product Manager,,Senior,FinTech
R_001871,CV,0,Full Stack Engineer,,Junior,Travel
R_001872,CV,6,Project Manager,,Junior,Gaming
R_001873,CV,1,FP&A Analyst,,Mid,E-commerce
R_001874,CV,2,Technical Product Manager,,Junior,Travel
R_001875,CV,1,Financial Analyst,,Mid,Healthcare
R_001876,CV,3,Data Analyst,,Senior,Travel
R_001877,CV,2,Technical Product Manager,,Senior,Gaming
R_001878,CV,4,Account Executive,,Junior,EdTech
R_001879,CV,3,Data Analyst,,Junior,E-commerce
R_001880,CV,0,Backend Engineer,,Senior,Healthcare
R_001881,CV,7,Technical Support Specialist,,Junior,Cybersecurity
R_001882,CV,0,Backend Engineer,,Junior,SaaS
R_001883,CV,0,Full Stack Engineer,,Senior,E-commerce
R_001884,CV,0,Software Engineer,,Junior,Healthcare
R_001885,CV,4,Sales Representative,,Mid,Travel
R_001886,CV,2,Technical Product Manager,,Junior,FinTech
R_001887,CV,1,FP&A Analyst,,Junior,Logistics
R_001888,CV,3,Data Analyst,,Mid,Retail
R_001889,CV,3,Business Analyst,,Mid,FinTech
R_001890,CV,7,Technical Support Specialist,,Junior,SaaS
R_001891,CV,0,Backend Engineer,,Mid,FinTech
R_001892,CV,3,BI Analyst,,Junior,Travel
R_001893,CV,0,Software Engineer,,Senior,E-commerce
R_001894,CV,5,Marketing Manager,,Mid,Healthcare
R_001895,CV,2,Product Manager,,Junior,EdTech
R_001896,CV,7,Customer Support Specialist,,Senior,Retail
R_001897,CV,4,Account Executive,,Senior,FinTech
R_001898,CV,2,Associate Product Manager,,Mid,Gaming
R_001899,CV,7,Customer Success Associate,,Junior,Retail
R_001900,CV,2,Associate Product Manager,,Senior,Travel
R_001901,CV,3,Business Analyst,,Senior,Logistics
R_001902,CV,2,Product Manager,,Senior,Retail
R_001903,CV,4,Sales Representative,,Senior,FinTech
R_001904,CV,3,BI Analyst,,Mid,Healthcare
R_001905,CV,7,Customer Success Associate,,Mid,Logistics
R_001906,CV,4,Sales Representative,,Junior,Retail
R_001907,CV,4,Sales Representative,,Mid,Travel
R_001908,CV,3,Business Analyst,,Mid,Healthcare
R_001909,CV,1,Financial Analyst,,Mid,SaaS
R_001910,CV,6,Project Manager,,Junior,Cybersecurity
R_001911,CV,7,Customer Support Specialist,,Senior,EdTech
R_001912,CV,2,Product Manager,,Junior,Logistics
R_001913,CV,3,Business Analyst,,Senior,Gaming
R_001914,CV,1,Junior Accountant,,Junior,Gaming
R_001915,CV,1,Junior Accountant,,Senior,Logistics
R_001916,CV,3,Business Analyst,,Mid,Healthcare
R_001917,CV,2,Product Manager,,Junior,Retail
R_001918,CV,2,Technical Product Manager,,Senior,FinTech
R_001919,CV,6,Operations Manager,,Senior,Travel
R_001920,CV,11,Operations Manager,,Mid,SaaS
R_001921,CV,2,Technical Product Manager,,Mid,Gaming
R_001922,CV,2,Technical Product Manager,,Mid,EdTech
R_001923,CV,7,Customer Support Specialist,,Senior,FinTech
R_001924,CV,6,Operations Manager,,Senior,Gaming
R_001925,CV,7,Customer Success Associate,,Junior,Logistics
R_001926,CV,4,Sales Representative,,Junior,Retail
R_001927,CV,3,Business Analyst,,Senior,E-commerce
R_001928,CV,1,Financial Analyst,,Junior,Logistics
R_001929,CV,1,FP&A Analyst,,Junior,FinTech
R_001930,CV,3,BI Analyst,,Junior,FinTech
R_001931,CV,5,Content Marketer,,Junior,Logistics
R_001932,CV,3,Business Analyst,,Junior,Travel
R_001933,CV,1,Financial Analyst,,Junior,Retail
R_001934,CV,2,Product Manager,,Mid,Retail
R_001935,CV,1,Financial Analyst,,Mid,Travel
R_001936,CV,1,Financial Analyst,,Junior,Cybersecurity
R_001937,CV,1,Junior Accountant,,Senior,Travel
R_001938,CV,2,Technical Product Manager,,Senior,Travel
R_001939,CV,5,Marketing Manager,,Mid,Gaming
R_001940,CV,6,Project Manager,,Senior,Gaming
R_001941,CV,6,Program Coordinator,,Mid,Logistics
R_001942,CV,2,Associate Product Manager,,Mid,FinTech
R_001943,CV,4,Sales Representative,,Junior,EdTech
R_001944,CV,4,Sales Representative,,Senior,SaaS
R_001945,CV,7,Customer Support Specialist,,Junior,Healthcare
R_001946,CV,6,Program Coordinator,,Senior,Cybersecurity
R_001947,CV,1,Financial Analyst,,Junior,FinTech
R_001948,CV,6,Project Manager,,Mid,Healthcare
R_001949,CV,2,Product Manager,,Mid,Cybersecurity
R_001950,CV,3,Data Analyst,,Mid,E-commerce
R_001951,CV,2,Product Manager,,Junior,Cybersecurity
R_001952,CV,0,Full Stack Engineer,,Junior,Gaming
R_001953,CV,6,Operations Manager,,Junior,Logistics
R_001954,CV,3,Data Analyst,,Mid,SaaS
R_001955,CV,4,Account Executive,,Mid,Logistics
R_001956,CV,5,Marketing Manager,,Junior,Travel
R_001957,CV,6,Project Manager,,Mid,FinTech
R_001958,CV,3,Business Analyst,,Mid,FinTech
R_001959,CV,6,Operations Manager,,Senior,SaaS
R_001960,CV,3,BI Analyst,,Senior,E-commerce
R_001961,CV,0,Full Stack Engineer,,Senior,EdTech
R_001962,CV,5,Marketing Manager,,Junior,Healthcare
R_001963,CV,2,Associate Product Manager,,Mid,E-commerce
R_001964,CV,0,Backend Engineer,,Senior,EdTech
R_001965,CV,7,Customer Success Associate,,Junior,Cybersecurity
R_001966,CV,2,Associate Product Manager,,Junior,SaaS
R_001967,CV,0,Software Engineer,,Senior,Retail
R_001968,CV,0,Full Stack Engineer,,Senior,SaaS
R_001969,CV,1,Financial Analyst,,Junior,Travel
R_001970,CV,1,Financial Analyst,,Junior,Logistics
R_001971,CV,7,Technical Support Specialist,,Mid,Cybersecurity
R_001972,CV,4,Account Executive,,Senior,Travel
R_001973,CV,2,Product Manager,,Mid,EdTech
R_001974,CV,4,Business Development Manager,,Mid,Cybersecurity
R_001975,CV,5,Content Marketer,,Junior,E-commerce
R_001976,CV,3,BI Analyst,,Senior,E-commerce
R_001977,CV,1,FP&A Analyst,,Senior,Cybersecurity
R_001978,CV,5,Performance Marketer,,Mid,Cybersecurity
R_001979,CV,1,FP&A Analyst,,Junior,SaaS
R_001980,CV,2,Product Manager,,Senior,Logistics
R_001981,CV,6,Program Coordinator,,Junior,Gaming
R_001982,CV,4,Sales Representative,,Junior,E-commerce
R_001983,CV,2,Product Manager,,Junior,Travel
R_001984,CV,7,Technical Support Specialist,,Mid,Healthcare
R_001985,CV,5,Marketing Manager,,Junior,Travel
R_001986,CV,6,Operations Manager,,Senior,SaaS
R_001987,CV,5,Content Marketer,,Mid,EdTech
R_001988,CV,4,Sales Representative,,Junior,Gaming
R_001989,CV,2,Associate Product Manager,,Junior,SaaS
R_001990,CV,6,FP&A Analyst,,Mid,Travel
R_001991,CV,2,Associate Product Manager,,Junior,Logistics
R_001992,CV,1,Financial Analyst,,Mid,Travel
R_001993,CV,3,Business Analyst,,Junior,FinTech
R_001994,CV,3,Data Analyst,,Senior,Retail
R_001995,CV,5,Content Marketer,,Senior,Cybersecurity
R_001996,CV,1,FP&A Analyst,,Mid,E-commerce
R_001997,CV,4,Business Development Manager,,Mid,EdTech
R_001998,CV,7,Customer Success Associate,,Mid,Travel
R_001999,CV,5,Marketing Manager,,Senior,Healthcare
R_002000,CV,6,Program Coordinator,,Senior,Gaming
R_002001,CV,4,Business Development Manager,,Junior,EdTech
R_002002,CV,1,Financial Analyst,,Senior,Travel
R_002003,CV,7,Technical Support Specialist,,Junior,EdTech
R_002004,CV,1,FP&A Analyst,,Mid,Logistics
R_002005,CV,1,FP&A Analyst,,Mid,Cybersecurity
R_002006,CV,6,Project Manager,,Junior,SaaS
R_002007,CV,4,Account Executive,,Mid,EdTech
R_002008,CV,3,Data Analyst,,Junior,Retail
R_002009,CV,6,Project Manager,,Senior,Retail
R_002010,CV,2,Associate Product Manager,,Senior,FinTech
R_002011,CV,7,Customer Support Specialist,,Mid,Retail
R_002012,CV,7,Technical Support Specialist,,Mid,E-commerce
R_002013,CV,2,Product Manager,,Mid,EdTech
R_002014,CV,4,Sales Representative,,Senior,Travel
R_002015,CV,6,Project Manager,,Junior,SaaS
R_002016,CV,6,Program Coordinator,,Mid,Logistics
R_002017,CV,4,Business Development Manager,,Mid,Logistics
R_002018,CV,7,Customer Success Associate,,Mid,E-commerce
R_002019,CV,4,Sales Representative,,Senior,Retail
R_002020,CV,4,Business Development Manager,,Senior,SaaS
R_002021,CV,5,Marketing Manager,,Senior,Gaming
R_002022,CV,2,Technical Product Manager,,Mid,Gaming
R_002023,CV,1,Junior Accountant,,Senior,EdTech
R_002024,CV,0,Full Stack Engineer,,Mid,SaaS
R_002025,CV,5,Content Marketer,,Junior,SaaS
R_002026,CV,1,Financial Analyst,,Senior,Cybersecurity
R_002027,CV,1,Junior Accountant,,Senior,EdTech
R_002028,CV,3,Data Analyst,,Junior,Logistics
R_002029,CV,1,Financial Analyst,,Junior,Healthcare
R_002030,CV,1,Junior Accountant,,Junior,SaaS
R_002031,CV,0,Full Stack Engineer,,Senior,Travel
R_002032,CV,3,BI Analyst,,Mid,E-commerce
R_002033,CV,0,Software Engineer,,Senior,Gaming
R_002034,CV,1,Junior Accountant,,Junior,Gaming
R_002035,CV,2,Product Manager,,Senior,Logistics
R_002036,CV,3,Business Analyst,,Mid,Travel
R_002037,CV,3,Data Analyst,,Junior,Logistics
R_002038,CV,2,Product Manager,,Mid,SaaS
R_002039,CV,2,Associate Product Manager,,Senior,Travel
R_002040,CV,6,Program Coordinator,,Senior,Healthcare
R_002041,CV,0,Backend Engineer,,Senior,Logistics
R_002042,CV,7,Technical Support Specialist,,Senior,SaaS
R_002043,CV,2,Technical Product Manager,,Mid,Healthcare
R_002044,CV,0,Full Stack Engineer,,Mid,Gaming
R_002045,CV,5,Content Marketer,,Junior,SaaS
R_002046,CV,0,Backend Engineer,,Senior,Cybersecurity
R_002047,CV,4,Business Development Manager,,Junior,Healthcare
R_002048,CV,5,Marketing Manager,,Mid,E-commerce
R_002049,CV,1,Junior Accountant,,Mid,E-commerce
R_002050,CV,7,Customer Success Associate,,Senior,EdTech
R_002051,CV,5,Content Marketer,,Mid,Retail
R_002052,CV,6,Project Manager,,Senior,FinTech
R_002053,CV,0,Backend Engineer,,Mid,Travel
R_002054,CV,0,Backend Engineer,,Junior,EdTech
R_002055,CV,4,Account Executive,,Junior,EdTech
R_002056,CV,4,Sales Representative,,Senior,SaaS
R_002057,CV,5,Marketing Manager,,Mid,E-commerce
R_002058,CV,6,Project Manager,,Mid,Cybersecurity
R_002059,CV,1,FP&A Analyst,,Junior,Retail
R_002060,CV,3,Data Analyst,,Senior,Retail
R_002061,CV,5,Performance Marketer,,Junior,Retail
R_002062,CV,5,Marketing Manager,,Senior,Travel
R_002063,CV,7,Customer Success Associate,,Senior,Retail
R_002064,CV,1,Junior Accountant,,Senior,Cybersecurity
R_002065,CV,1,FP&A Analyst,,Junior,Cybersecurity
R_002066,CV,6,Operations Manager,,Mid,Gaming
R_002067,CV,3,Data Analyst,,Mid,Travel
R_002068,CV,5,Marketing Manager,,Senior,E-commerce
R_002069,CV,7,Technical Support Specialist,,Junior,Healthcare
R_002070,CV,3,Business Analyst,,Junior,FinTech
R_002071,CV,2,Product Manager,,Junior,SaaS
R_002072,CV,1,FP&A Analyst,,Senior,Cybersecurity
R_002073,CV,3,BI Analyst,,Mid,SaaS
R_002074,CV,2,Associate Product Manager,,Senior,E-commerce
R_002075,CV,0,Backend Engineer,,Junior,FinTech
R_002076,CV,5,Content Marketer,,Senior,FinTech
R_002077,CV,1,FP&A Analyst,,Mid,E-commerce
R_002078,CV,4,Account Executive,,Mid,Healthcare
R_002079,CV,5,Performance Marketer,,Senior,Cybersecurity
R_002080,CV,2,Associate Product Manager,,Mid,EdTech
R_002081,CV,1,FP&A Analyst,,Senior,Cybersecurity
R_002082,CV,5,Performance Marketer,,Junior,Gaming
R_002083,CV,1,Financial Analyst,,Senior,Travel
R_002084,CV,7,Customer Success Associate,,Junior,SaaS
R_002085,CV,4,Sales Representative,,Senior,Retail
R_002086,CV,6,Program Coordinator,,Junior,EdTech
R_002087,CV,0,Backend Engineer,,Mid,E-commerce
R_002088,CV,1,Junior Accountant,,Mid,EdTech
R_002089,CV,6,Operations Manager,,Senior,Retail
R_002090,CV,6,Program Coordinator,,Junior,Retail
R_002091,CV,5,Marketing Manager,,Mid,Healthcare
R_002092,CV,0,Software Engineer,,Junior,Retail
R_002093,CV,0,Software Engineer,,Mid,Travel
R_002094,CV,3,Data Analyst,,Mid,Healthcare
R_002095,CV,4,Business Development Manager,,Senior,FinTech
R_002096,CV,0,Software Engineer,,Junior,Healthcare
R_002097,CV,4,Account Executive,,Junior,Logistics
R_002098,CV,1,FP&A Analyst,,Senior,Healthcare
R_002099,CV,4,Business Development Manager,,Junior,EdTech
R_002100,CV,0,Software Engineer,,Senior,Logistics
R_002101,CV,4,Business Development Manager,,Junior,Retail
R_002102,CV,0,Full Stack Engineer,,Mid,SaaS
R_002103,CV,5,Content Marketer,,Junior,E-commerce
R_002104,CV,7,Technical Support Specialist,,Junior,E-commerce
R_002105,CV,5,Marketing Manager,,Mid,Healthcare
R_002106,CV,7,Customer Support Specialist,,Mid,Travel
R_002107,CV,1,Junior Accountant,,Junior,Retail
R_002108,CV,0,Backend Engineer,,Senior,EdTech
R_002109,CV,7,Technical Support Specialist,,Junior,Cybersecurity
R_002110,CV,2,Technical Product Manager,,Mid,EdTech
R_002111,CV,0,Software Engineer,,Junior,Cybersecurity
R_002112,CV,4,Sales Representative,,Junior,Gaming
R_002113,CV,4,Account Executive,,Senior,E-commerce
R_002114,CV,5,Performance Marketer,,Junior,E-commerce
R_002115,CV,5,Performance Marketer,,Senior,FinTech
R_002116,CV,7,Customer Support Specialist,,Mid,Logistics
R_002117,CV,2,Product Manager,,Senior,Gaming
R_002118,CV,2,Product Manager,,Mid,EdTech
R_002119,CV,0,Full Stack Engineer,,Senior,Cybersecurity
R_002120,CV,6,Program Coordinator,,Junior,Travel
R_002121,CV,6,Program Coordinator,,Junior,FinTech
R_002122,CV,2,Technical Product Manager,,Junior,E-commerce
R_002123,CV,3,Business Analyst,,Junior,Travel
R_002124,CV,4,Account Executive,,Mid,SaaS
R_002125,CV,7,Customer Support Specialist,,Senior,EdTech
R_002126,CV,2,Product Manager,,Senior,SaaS
R_002127,CV,4,Sales Representative,,Junior,EdTech
R_002128,CV,3,Data Analyst,,Mid,E-commerce
R_002129,CV,6,Program Coordinator,,Junior,EdTech
R_002130,CV,0,Full Stack Engineer,,Mid,Cybersecurity
R_002131,CV,5,Performance Marketer,,Senior,E-commerce
R_002132,CV,7,Customer Success Associate,,Mid,Cybersecurity
R_002133,CV,6,Project Manager,,Senior,FinTech
R_002134,CV,1,Financial Analyst,,Mid,Travel
R_002135,CV,1,Financial Analyst,,Junior,EdTech
R_002136,CV,6,Operations Manager,,Senior,Cybersecurity
R_002137,CV,7,Customer Success Associate,,Mid,FinTech
R_002138,CV,6,Program Coordinator,,Senior,SaaS
R_002139,CV,5,Marketing Manager,,Mid,Cybersecurity
R_002140,CV,5,Marketing Manager,,Senior,Healthcare
R_002141,CV,0,Backend Engineer,,Senior,Logistics
R_002142,CV,6,Program Coordinator,,Junior,EdTech
R_002143,CV,7,Technical Support Specialist,,Mid,Logistics
R_002144,CV,4,Sales Representative,,Mid,FinTech
R_002145,CV,0,Full Stack Engineer,,Mid,Cybersecurity
R_002146,CV,5,Content Marketer,,Senior,E-commerce
R_002147,CV,0,Full Stack Engineer,,Mid,Logistics
R_002148,CV,1,FP&A Analyst,,Junior,Cybersecurity
R_002149,CV,0,Software Engineer,,Mid,SaaS
R_002150,CV,4,Account Executive,,Mid,Healthcare
R_002151,CV,5,Performance Marketer,,Mid,Retail
R_002152,CV,7,Technical Support Specialist,,Senior,Logistics
R_002153,CV,1,FP&A Analyst,,Senior,Logistics
R_002154,CV,4,Business Development Manager,,Mid,SaaS
R_002155,CV,2,Associate Product Manager,,Senior,EdTech
R_002156,CV,7,Customer Support Specialist,,Junior,EdTech
R_002157,CV,1,Junior Accountant,,Junior,Cybersecurity
R_002158,CV,3,Business Analyst,,Senior,SaaS
R_002159,CV,1,FP&A Analyst,,Mid,Gaming
R_002160,CV,1,Financial Analyst,,Mid,EdTech
R_002161,CV,4,Account Executive,,Senior,SaaS
R_002162,CV,3,BI Analyst,,Mid,Retail
R_002163,CV,4,Business Development Manager,,Senior,FinTech
R_002164,CV,0,Software Engineer,,Junior,EdTech
R_002165,CV,7,Customer Support Specialist,,Senior,Healthcare
R_002166,CV,7,Customer Support Specialist,,Senior,FinTech
R_002167,CV,0,Software Engineer,,Mid,EdTech
R_002168,CV,1,Financial Analyst,,Mid,Cybersecurity
R_002169,CV,3,BI Analyst,,Junior,Healthcare
R_002170,CV,3,Business Analyst,,Mid,E-commerce
R_002171,CV,3,Business Analyst,,Junior,EdTech
R_002172,CV,6,Program Coordinator,,Junior,FinTech
R_002173,CV,5,Marketing Manager,,Junior,Gaming
R_002174,CV,7,Customer Support Specialist,,Junior,Logistics
R_002175,CV,2,Associate Product Manager,,Mid,Retail
R_002176,CV,5,Performance Marketer,,Mid,E-commerce
R_002177,CV,7,Customer Success Associate,,Senior,FinTech
R_002178,CV,2,Associate Product Manager,,Junior,Gaming
R_002179,CV,7,Technical Support Specialist,,Mid,E-commerce
R_002180,CV,5,Marketing Manager,,Senior,Logistics
R_002181,CV,5,Marketing Manager,,Senior,Travel
R_002182,CV,6,Operations Manager,,Senior,FinTech
R_002183,CV,6,Operations Manager,,Senior,SaaS
R_002184,CV,5,Content Marketer,,Mid,Logistics
R_002185,CV,7,Customer Success Associate,,Mid,Gaming
R_002186,CV,5,Marketing Manager,,Mid,EdTech
R_002187,CV,5,Performance Marketer,,Mid,E-commerce
R_002188,CV,2,Product Manager,,Mid,Travel
R_002189,CV,1,FP&A Analyst,,Senior,E-commerce
R_002190,CV,4,Account Executive,,Junior,Gaming
R_002191,CV,1,Junior Accountant,,Mid,EdTech
R_002192,CV,5,Marketing Manager,,Junior,Healthcare
R_002193,CV,0,Backend Engineer,,Senior,SaaS
R_002194,CV,1,FP&A Analyst,,Mid,SaaS
R_002195,CV,2,Associate Product Manager,,Mid,Gaming
R_002196,CV,1,FP&A Analyst,,Junior,Travel
R_002197,CV,6,Program Coordinator,,Senior,EdTech
R_002198,CV,2,Product Manager,,Senior,Travel
R_002199,CV,0,Full Stack Engineer,,Mid,SaaS
R_002200,CV,1,Junior Accountant,,Junior,Logistics
R_002201,CV,1,Junior Accountant,,Mid,FinTech
R_002202,CV,0,Backend Engineer,,Mid,Retail
R_002203,CV,6,Program Coordinator,,Junior,Gaming
R_002204,CV,6,Project Manager,,Mid,SaaS
R_002205,CV,5,Performance Marketer,,Junior,Retail
R_002206,CV,7,Customer Support Specialist,,Junior,Retail
R_002207,CV,2,Associate Product Manager,,Mid,SaaS
R_002208,CV,3,Business Analyst,,Senior,Travel
R_002209,CV,7,Customer Support Specialist,,Junior,SaaS
R_002210,CV,5,Marketing Manager,,Mid,Travel
R_002211,CV,5,Marketing Manager,,Senior,Gaming
R_002212,CV,3,Business Analyst,,Junior,FinTech
R_002213,CV,3,Business Analyst,,Senior,Healthcare
R_002214,CV,3,Data Analyst,,Mid,SaaS
R_002215,CV,1,Junior Accountant,,Senior,Retail
R_002216,CV,2,Associate Product Manager,,Senior,Travel
R_002217,CV,6,Project Manager,,Junior,Logistics
R_002218,CV,4,Sales Representative,,Senior,Cybersecurity
R_002219,CV,6,Program Coordinator,,Junior,EdTech
R_002220,CV,4,Account Executive,,Junior,SaaS
R_002221,CV,0,Backend Engineer,,Junior,Cybersecurity
R_002222,CV,5,Marketing Manager,,Junior,Logistics
R_002223,CV,4,Business Development Manager,,Senior,Healthcare
R_002224,CV,5,Performance Marketer,,Senior,Cybersecurity
R_002225,CV,5,Marketing Manager,,Senior,E-commerce
R_002226,CV,0,Software Engineer,,Junior,Cybersecurity
R_002227,CV,3,Business Analyst,,Junior,Retail
R_002228,CV,7,Customer Support Specialist,,Mid,EdTech
R_002229,CV,2,Technical Product Manager,,Mid,Retail
R_002230,CV,2,Technical Product Manager,,Mid,E-commerce
R_002231,CV,3,BI Analyst,,Mid,Logistics
R_002232,CV,5,Performance Marketer,,Mid,Cybersecurity
R_002233,CV,3,BI Analyst,,Junior,Gaming
R_002234,CV,2,Technical Product Manager,,Junior,E-commerce
R_002235,CV,5,Performance Marketer,,Junior,Logistics
R_002236,CV,7,Technical Support Specialist,,Mid,Retail
R_002237,CV,6,Operations Manager,,Senior,Travel
R_002238,CV,0,Software Engineer,,Senior,Cybersecurity
R_002239,CV,4,Business Development Manager,,Junior,EdTech
R_002240,CV,4,Sales Representative,,Junior,Gaming
R_002241,CV,5,Content Marketer,,Mid,Healthcare
R_002242,CV,1,Junior Accountant,,Mid,Healthcare
R_002243,CV,0,Software Engineer,,Senior,SaaS
R_002244,CV,6,Operations Manager,,Junior,FinTech
R_002245,CV,7,Customer Support Specialist,,Junior,Healthcare
R_002246,CV,4,Account Executive,,Junior,E-commerce
R_002247,CV,4,Sales Representative,,Junior,FinTech
R_002248,CV,0,Software Engineer,,Senior,Gaming
R_002249,CV,2,Associate Product Manager,,Junior,SaaS
R_002250,CV,3,BI Analyst,,Senior,Healthcare
R_002251,CV,0,Full Stack Engineer,,Mid,Gaming
R_002252,CV,0,Full Stack Engineer,,Senior,Retail
R_002253,CV,5,Performance Marketer,,Junior,Healthcare
R_002254,CV,0,Full Stack Engineer,,Senior,Logistics
R_002255,CV,5,Content Marketer,,Mid,Travel
R_002256,CV,4,Sales Representative,,Senior,E-commerce
R_002257,CV,7,Customer Support Specialist,,Mid,Gaming
R_002258,CV,5,Marketing Manager,,Senior,Retail
R_002259,CV,1,Financial Analyst,,Mid,EdTech
R_002260,CV,6,Operations Manager,,Mid,Retail
R_002261,CV,7,Technical Support Specialist,,Senior,Travel
R_002262,CV,1,Junior Accountant,,Senior,Logistics
R_002263,CV,3,Data Analyst,,Mid,Gaming
R_002264,CV,5,Marketing Manager,,Junior,EdTech
R_002265,CV,5,Performance Marketer,,Senior,Travel
R_002266,CV,5,Performance Marketer,,Senior,Healthcare
R_002267,CV,0,Backend Engineer,,Senior,SaaS
R_002268,CV,0,Backend Engineer,,Senior,Gaming
R_002269,CV,7,Technical Support Specialist,,Senior,FinTech
R_002270,CV,3,Business Analyst,,Senior,Travel
R_002271,CV,3,Data Analyst,,Mid,SaaS
R_002272,CV,7,Customer Success Associate,,Mid,Cybersecurity
R_002273,CV,7,Customer Success Associate,,Junior,Cybersecurity
R_002274,CV,1,Financial Analyst,,Senior,Travel
R_002275,CV,0,Software Engineer,,Mid,EdTech
R_002276,CV,5,Content Marketer,,Senior,SaaS
R_002277,CV,2,Associate Product Manager,,Mid,E-commerce
R_002278,CV,6,Project Manager,,Junior,Travel
R_002279,CV,2,Associate Product Manager,,Senior,E-commerce
R_002280,CV,5,Performance Marketer,,Junior,Travel
R_002281,CV,4,Account Executive,,Mid,Cybersecurity
R_002282,CV,0,Software Engineer,,Senior,Gaming
R_002283,CV,1,Junior Accountant,,Junior,Cybersecurity
R_002284,CV,1,FP&A Analyst,,Junior,Travel
R_002285,CV,4,Sales Representative,,Mid,Logistics
R_002286,CV,7,Customer Support Specialist,,Senior,Gaming
R_002287,CV,0,Software Engineer,,Mid,FinTech
R_002288,CV,7,Technical Support Specialist,,Senior,SaaS
R_002289,CV,4,Account Executive,,Junior,Travel
R_002290,CV,3,BI Analyst,,Junior,Retail
R_002291,CV,0,Full Stack Engineer,,Junior,FinTech
R_002292,CV,5,Marketing Manager,,Junior,Travel
R_002293,CV,7,Technical Support Specialist,,Junior,Gaming
R_002294,CV,6,Operations Manager,,Mid,EdTech
R_002295,CV,1,Junior Accountant,,Mid,Gaming
R_002296,CV,1,FP&A Analyst,,Mid,Travel
R_002297,CV,4,Account Executive,,Junior,Retail
R_002298,CV,0,Backend Engineer,,Senior,FinTech
R_002299,CV,1,Junior Accountant,,Junior,E-commerce
R_002300,CV,4,Business Development Manager,,Mid,E-commerce
R_002301,CV,0,Software Engineer,,Junior,Gaming
R_002302,CV,4,Business Development Manager,,Mid,E-commerce
R_002303,CV,7,Technical Support Specialist,,Mid,Cybersecurity
R_002304,CV,5,Content Marketer,,Senior,EdTech
R_002305,CV,1,Junior Accountant,,Senior,Retail
R_002306,CV,5,Marketing Manager,,Junior,Gaming
R_002307,CV,0,Full Stack Engineer,,Junior,Healthcare
R_002308,CV,5,Performance Marketer,,Mid,Retail
R_002309,CV,0,Backend Engineer,,Senior,FinTech
R_002310,CV,6,Operations Manager,,Junior,Logistics
R_002311,CV,4,Account Executive,,Mid,Logistics
R_002312,CV,6,Project Manager,,Junior,Retail
R_002313,CV,2,Associate Product Manager,,Junior,Retail
R_002314,CV,6,Program Coordinator,,Mid,FinTech
R_002315,CV,6,Project Manager,,Mid,Logistics
R_002316,CV,1,FP&A Analyst,,Senior,Retail
R_002317,CV,2,Technical Product Manager,,Senior,FinTech
R_002318,CV,7,Customer Success Associate,,Junior,Cybersecurity
R_002319,CV,1,FP&A Analyst,,Senior,Travel
R_002320,CV,7,Customer Support Specialist,,Senior,Travel
R_002321,CV,0,Backend Engineer,,Senior,SaaS
R_002322,CV,5,Content Marketer,,Junior,FinTech
R_002323,CV,2,Technical Product Manager,,Senior,SaaS
R_002324,CV,6,Project Manager,,Mid,FinTech
R_002325,CV,7,Technical Support Specialist,,Mid,Healthcare
R_002326,CV,1,Financial Analyst,,Junior,E-commerce
R_002327,CV,4,Sales Representative,,Mid,E-commerce
R_002328,CV,4,Sales Representative,,Senior,Travel
R_002329,CV,2,Associate Product Manager,,Junior,E-commerce
R_002330,CV,7,Customer Success Associate,,Mid,Healthcare
R_002331,CV,3,BI Analyst,,Senior,E-commerce
R_002332,CV,2,Product Manager,,Senior,Cybersecurity
R_002333,CV,2,Associate Product Manager,,Junior,EdTech
R_002334,CV,0,Software Engineer,,Mid,Retail
R_002335,CV,0,Software Engineer,,Junior,E-commerce
R_002336,CV,7,Customer Success Associate,,Mid,Cybersecurity
R_002337,CV,5,Marketing Manager,,Junior,Cybersecurity
R_002338,CV,5,Marketing Manager,,Junior,FinTech
R_002339,CV,4,Account Executive,,Junior,Logistics
R_002340,CV,7,Customer Success Associate,,Senior,FinTech
R_002341,CV,2,Technical Product Manager,,Senior,Retail
R_002342,CV,3,Business Analyst,,Junior,EdTech
R_002343,CV,3,Data Analyst,,Junior,EdTech
R_002344,CV,3,Business Analyst,,Mid,EdTech
R_002345,CV,6,Project Manager,,Mid,Retail
R_002346,CV,7,Customer Support Specialist,,Senior,Travel
R_002347,CV,3,Business Analyst,,Junior,Gaming
R_002348,CV,7,Technical Support Specialist,,Mid,EdTech
R_002349,CV,5,Marketing Manager,,Junior,Retail
R_002350,CV,7,Customer Success Associate,,Mid,Retail
R_002351,CV,2,Product Manager,,Senior,Gaming
R_002352,CV,5,Marketing Manager,,Mid,Gaming
R_002353,CV,7,Technical Support Specialist,,Senior,EdTech
R_002354,CV,1,FP&A Analyst,,Mid,Logistics
R_002355,CV,3,BI Analyst,,Mid,EdTech
R_002356,CV,7,Customer Success Associate,,Junior,Logistics
R_002357,CV,4,Business Development Manager,,Mid,Travel
R_002358,CV,7,Customer Success Associate,,Mid,Cybersecurity
R_002359,CV,2,Product Manager,,Junior,Cybersecurity
R_002360,CV,5,Marketing Manager,,Mid,Cybersecurity
R_002361,CV,7,Customer Success Associate,,Senior,Cybersecurity
R_002362,CV,2,Technical Product Manager,,Senior,Travel
R_002363,CV,6,Project Manager,,Senior,Logistics
R_002364,CV,0,Software Engineer,,Senior,SaaS
R_002365,CV,7,Technical Support Specialist,,Mid,SaaS
R_002366,CV,7,Customer Success Associate,,Junior,SaaS
R_002367,CV,0,Backend Engineer,,Mid,Healthcare
R_002368,CV,5,Marketing Manager,,Senior,Logistics
R_002369,CV,6,Project Manager,,Mid,Gaming
R_002370,CV,2,Product Manager,,Junior,Retail
R_002371,CV,2,Associate Product Manager,,Mid,Healthcare
R_002372,CV,7,Technical Support Specialist,,Mid,Gaming
R_002373,CV,4,Account Executive,,Senior,Retail
R_002374,CV,3,Business Analyst,,Senior,Travel
R_002375,CV,3,Business Analyst,,Mid,E-commerce
R_002376,CV,2,Product Manager,,Junior,Gaming
R_002377,CV,7,Technical Support Specialist,,Mid,Gaming
R_002378,CV,3,BI Analyst,,Senior,Travel
R_002379,CV,7,Technical Support Specialist,,Senior,Travel
R_002380,CV,4,Account Executive,,Mid,Gaming
R_002381,CV,0,Full Stack Engineer,,Mid,Retail
R_002382,CV,3,Data Analyst,,Senior,EdTech
R_002383,CV,0,Software Engineer,,Mid,SaaS
R_002384,CV,5,Marketing Manager,,Senior,EdTech
R_002385,CV,6,Operations Manager,,Mid,FinTech
R_002386,CV,6,Operations Manager,,Mid,Retail
R_002387,CV,1,Program Coordinator,,Senior,E-commerce
R_002388,CV,3,Business Analyst,,Senior,Healthcare
R_002389,CV,7,Customer Success Associate,,Mid,Cybersecurity
R_002390,CV,2,Associate Product Manager,,Junior,Gaming
R_002391,CV,2,Associate Product Manager,,Junior,Retail
R_002392,CV,5,Content Marketer,,Mid,Travel
R_002393,CV,4,Business Development Manager,,Junior,SaaS
R_002394,CV,1,FP&A Analyst,,Senior,E-commerce
R_002395,CV,0,Software Engineer,,Senior,SaaS
R_002396,CV,5,Marketing Manager,,Junior,EdTech
R_002397,CV,2,Associate Product Manager,,Junior,Retail
R_002398,CV,0,Software Engineer,,Senior,Logistics
R_002399,CV,2,Associate Product Manager,,Senior,EdTech
R_002400,CV,1,FP&A Analyst,,Senior,Cybersecurity
R_002401,CV,1,FP&A Analyst,,Senior,Retail
R_002402,CV,6,Project Manager,,Junior,Travel
R_002403,CV,0,Backend Engineer,,Junior,Cybersecurity
R_002404,CV,5,Content Marketer,,Senior,FinTech
R_002405,CV,1,FP&A Analyst,,Senior,FinTech
R_002406,CV,6,Program Coordinator,,Junior,Healthcare
R_002407,CV,4,Sales Representative,,Mid,E-commerce
R_002408,CV,6,Program Coordinator,,Junior,E-commerce
R_002409,CV,0,Full Stack Engineer,,Mid,Gaming
R_002410,CV,0,Software Engineer,,Mid,Gaming
R_002411,CV,2,Technical Product Manager,,Mid,Logistics
R_002412,CV,0,Full Stack Engineer,,Mid,Retail
R_002413,CV,6,Project Manager,,Senior,Retail
R_002414,CV,3,Data Analyst,,Mid,EdTech
R_002415,CV,5,Performance Marketer,,Mid,Travel
R_002416,CV,6,Program Coordinator,,Senior,Healthcare
R_002417,CV,0,Full Stack Engineer,,Mid,Healthcare
R_002418,CV,3,Data Analyst,,Junior,SaaS
R_002419,CV,4,Business Development Manager,,Mid,Logistics
R_002420,CV,7,Technical Support Specialist,,Mid,Cybersecurity
R_002421,CV,0,Software Engineer,,Mid,Gaming
R_002422,CV,4,Business Development Manager,,Junior,Travel
R_002423,CV,4,Business Development Manager,,Mid,Healthcare
R_002424,CV,5,Content Marketer,,Junior,FinTech
R_002425,CV,2,Product Manager,,Senior,Travel
R_002426,CV,5,Performance Marketer,,Mid,Retail
R_002427,CV,3,Business Analyst,,Senior,FinTech
R_002428,CV,1,Junior Accountant,,Mid,Healthcare
R_002429,CV,3,Business Analyst,,Senior,Cybersecurity
R_002430,CV,2,Product Manager,,Mid,Logistics
R_002431,CV,1,FP&A Analyst,,Junior,Travel
R_002432,CV,4,Sales Representative,,Junior,Gaming
R_002433,CV,7,Customer Support Specialist,,Mid,FinTech
R_002434,CV,3,Business Analyst,,Mid,EdTech
R_002435,CV,7,Technical Support Specialist,,Senior,Logistics
R_002436,CV,2,Technical Product Manager,,Senior,E-commerce
R_002437,CV,3,Business Analyst,,Mid,Retail
R_002438,CV,2,Associate Product Manager,,Mid,FinTech
R_002439,CV,0,Backend Engineer,,Junior,Retail
R_002440,CV,6,Project Manager,,Mid,SaaS
R_002441,CV,3,Data Analyst,,Senior,Retail
R_002442,CV,3,Business Analyst,,Senior,Cybersecurity
R_002443,CV,4,Business Development Manager,,Senior,Healthcare
R_002444,CV,5,Marketing Manager,,Senior,Cybersecurity
R_002445,CV,6,Operations Manager,,Junior,Gaming
R_002446,CV,5,Performance Marketer,,Senior,FinTech
R_002447,CV,1,Financial Analyst,,Junior,EdTech
R_002448,CV,1,FP&A Analyst,,Mid,E-commerce
R_002449,CV,7,Technical Support Specialist,,Senior,EdTech
R_002450,CV,5,Content Marketer,,Senior,FinTech
R_002451,CV,2,Technical Product Manager,,Senior,FinTech
R_002452,CV,5,Performance Marketer,,Senior,FinTech
R_002453,CV,4,Sales Representative,,Mid,Logistics
R_002454,CV,1,Financial Analyst,,Senior,FinTech
R_002455,CV,3,BI Analyst,,Mid,FinTech
R_002456,CV,0,Backend Engineer,,Senior,Cybersecurity
R_002457,CV,6,Operations Manager,,Mid,Retail
R_002458,CV,2,Associate Product Manager,,Junior,Retail
R_002459,CV,1,Junior Accountant,,Senior,SaaS
R_002460,CV,5,Performance Marketer,,Junior,Travel
R_002461,CV,1,Junior Accountant,,Junior,EdTech
R_002462,CV,7,Customer Support Specialist,,Senior,Travel
R_002463,CV,2,Technical Product Manager,,Mid,SaaS
R_002464,CV,6,Program Coordinator,,Senior,Healthcare
R_002465,CV,7,Technical Support Specialist,,Junior,Healthcare
R_002466,CV,0,Software Engineer,,Junior,FinTech
R_002467,CV,6,Operations Manager,,Mid,Cybersecurity
R_002468,CV,5,Content Marketer,,Senior,Healthcare
R_002469,CV,3,Data Analyst,,Junior,Retail
R_002470,CV,4,Sales Representative,,Junior,SaaS
R_002471,CV,4,Account Executive,,Mid,FinTech
R_002472,CV,1,Junior Accountant,,Mid,Logistics
R_002473,CV,0,Backend Engineer,,Junior,Healthcare
R_002474,CV,1,Financial Analyst,,Senior,FinTech
R_002475,CV,3,Data Analyst,,Junior,E-commerce
R_002476,CV,4,Account Executive,,Senior,E-commerce
R_002477,CV,3,BI Analyst,,Junior,Travel
R_002478,CV,2,Associate Product Manager,,Senior,Gaming
R_002479,CV,0,Full Stack Engineer,,Senior,Healthcare
R_002480,CV,3,Business Analyst,,Mid,E-commerce
R_002481,CV,1,Financial Analyst,,Senior,Gaming
R_002482,CV,0,Backend Engineer,,Senior,Logistics
R_002483,CV,7,Customer Support Specialist,,Senior,Cybersecurity
R_002484,CV,0,Backend Engineer,,Mid,Gaming
R_002485,CV,6,Operations Manager,,Senior,SaaS
R_002486,CV,1,Financial Analyst,,Mid,EdTech
R_002487,CV,6,Program Coordinator,,Junior,FinTech
R_002488,CV,0,Software Engineer,,Mid,FinTech
R_002489,CV,2,Associate Product Manager,,Mid,Cybersecurity
R_002490,CV,7,Customer Support Specialist,,Senior,FinTech
R_002491,CV,7,Technical Support Specialist,,Senior,FinTech
R_002492,CV,3,BI Analyst,,Senior,Travel
R_002493,CV,5,Content Marketer,,Mid,Retail
R_002494,CV,6,Operations Manager,,Senior,Gaming
R_002495,CV,6,Operations Manager,,Mid,Retail
R_002496,CV,2,Associate Product Manager,,Senior,Gaming
R_002497,CV,1,Financial Analyst,,Senior,E-commerce
R_002498,CV,5,Performance Marketer,,Junior,Logistics
R_002499,CV,0,Backend Engineer,,Mid,FinTech
R_002500,CV,5,Marketing Manager,,Junior,Gaming
R_002501,CV,3,BI Analyst,,Junior,Retail
R_002502,CV,1,Junior Accountant,,Senior,E-commerce
R_002503,CV,4,Sales Representative,,Senior,Healthcare
R_002504,CV,1,Financial Analyst,,Mid,E-commerce
R_002505,CV,3,Business Analyst,,Mid,E-commerce
R_002506,CV,0,Software Engineer,,Senior,Travel
R_002507,CV,2,Technical Product Manager,,Mid,Retail
R_002508,CV,0,Full Stack Engineer,,Senior,Gaming
R_002509,CV,3,Business Analyst,,Mid,Retail
R_002510,CV,5,Marketing Manager,,Senior,FinTech
R_002511,CV,0,Software Engineer,,Senior,Travel
R_002512,CV,1,Junior Accountant,,Mid,EdTech
R_002513,CV,1,Financial Analyst,,Junior,Cybersecurity
R_002514,CV,5,Performance Marketer,,Junior,Retail
R_002515,CV,4,Sales Representative,,Junior,EdTech
R_002516,CV,6,Project Manager,,Senior,Retail
R_002517,CV,6,Program Coordinator,,Mid,Gaming
R_002518,CV,1,Junior Accountant,,Senior,Travel
R_002519,CV,4,Business Development Manager,,Mid,Gaming
R_002520,CV,0,Backend Engineer,,Senior,Retail
R_002521,CV,6,Operations Manager,,Mid,FinTech
R_002522,CV,7,Technical Support Specialist,,Senior,E-commerce
R_002523,CV,6,Operations Manager,,Mid,Logistics
R_002524,CV,2,Product Manager,,Senior,E-commerce
R_002525,CV,1,Financial Analyst,,Mid,FinTech
R_002526,CV,1,Junior Accountant,,Senior,Gaming
R_002527,CV,5,Performance Marketer,,Mid,Retail
R_002528,CV,4,Account Executive,,Junior,Travel
R_002529,CV,6,Operations Manager,,Junior,EdTech
R_002530,CV,7,Technical Support Specialist,,Mid,FinTech
R_002531,CV,5,Content Marketer,,Senior,Healthcare
R_002532,CV,1,FP&A Analyst,,Junior,Healthcare
R_002533,CV,2,Product Manager,,Senior,E-commerce
R_002534,CV,5,Content Marketer,,Junior,Cybersecurity
R_002535,CV,2,Technical Product Manager,,Junior,Retail
R_002536,CV,6,Operations Manager,,Junior,Retail
R_002537,CV,5,Performance Marketer,,Senior,EdTech
R_002538,CV,7,Customer Support Specialist,,Junior,Cybersecurity
R_002539,CV,2,Technical Product Manager,,Mid,EdTech
R_002540,CV,4,Account Executive,,Senior,Gaming
R_002541,CV,4,Sales Representative,,Senior,Retail
R_002542,CV,1,Junior Accountant,,Junior,E-commerce
R_002543,CV,0,Backend Engineer,,Junior,Healthcare
R_002544,CV,2,Technical Product Manager,,Mid,Healthcare
R_002545,CV,2,Product Manager,,Junior,Logistics
R_002546,CV,5,Marketing Manager,,Junior,Logistics
R_002547,CV,5,Content Marketer,,Mid,Cybersecurity
R_002548,CV,4,Business Development Manager,,Mid,SaaS
R_002549,CV,2,Product Manager,,Mid,SaaS
R_002550,CV,3,Data Analyst,,Senior,Logistics
R_002551,CV,3,BI Analyst,,Mid,SaaS
R_002552,CV,6,Project Manager,,Senior,E-commerce
R_002553,CV,1,Junior Accountant,,Senior,SaaS
R_002554,CV,6,Program Coordinator,,Senior,Retail
R_002555,CV,5,Content Marketer,,Mid,Cybersecurity
R_002556,CV,1,Financial Analyst,,Senior,Healthcare
R_002557,CV,0,Backend Engineer,,Junior,Cybersecurity
R_002558,CV,7,Customer Support Specialist,,Senior,Healthcare
R_002559,CV,2,Product Manager,,Senior,Gaming
R_002560,CV,3,Business Analyst,,Senior,Gaming
R_002561,CV,5,Performance Marketer,,Senior,Logistics
R_002562,CV,4,Sales Representative,,Mid,EdTech
R_002563,CV,3,BI Analyst,,Senior,EdTech
R_002564,CV,6,Project Manager,,Junior,Cybersecurity
R_002565,CV,5,Content Marketer,,Mid,FinTech
R_002566,CV,0,Software Engineer,,Junior,Cybersecurity
R_002567,CV,2,Associate Product Manager,,Mid,Gaming
R_002568,CV,0,Full Stack Engineer,,Mid,Retail
R_002569,CV,3,Data Analyst,,Junior,Gaming
R_002570,CV,6,Program Coordinator,,Senior,Gaming
R_002571,CV,7,Customer Support Specialist,,Senior,Cybersecurity
R_002572,CV,1,Junior Accountant,,Senior,E-commerce
R_002573,CV,4,Sales Representative,,Senior,Logistics
R_002574,CV,1,Junior Accountant,,Junior,FinTech
R_002575,CV,3,BI Analyst,,Junior,Logistics
R_002576,CV,5,Performance Marketer,,Senior,EdTech
R_002577,CV,4,Account Executive,,Mid,Logistics
R_002578,CV,4,Account Executive,,Mid,E-commerce
R_002579,CV,3,Business Analyst,,Mid,Travel
R_002580,CV,0,Backend Engineer,,Mid,Travel
R_002581,CV,7,Customer Support Specialist,,Senior,Healthcare
R_002582,CV,7,Technical Support Specialist,,Mid,Cybersecurity
R_002583,CV,6,Operations Manager,,Junior,FinTech
R_002584,CV,3,Business Analyst,,Junior,Logistics
R_002585,CV,4,Sales Representative,,Junior,Retail
R_002586,CV,4,Account Executive,,Mid,Travel
R_002587,CV,4,Account Executive,,Mid,E-commerce
R_002588,CV,2,Product Manager,,Senior,Travel
R_002589,CV,5,Content Marketer,,Senior,E-commerce
R_002590,CV,2,Associate Product Manager,,Senior,FinTech
R_002591,CV,1,FP&A Analyst,,Junior,Logistics
R_002592,CV,3,Business Analyst,,Junior,FinTech
R_002593,CV,6,Operations Manager,,Junior,SaaS
R_002594,CV,1,Financial Analyst,,Junior,Gaming
R_002595,CV,2,Product Manager,,Senior,Healthcare
R_002596,CV,6,Project Manager,,Senior,EdTech
R_002597,CV,2,Associate Product Manager,,Junior,Cybersecurity
R_002598,CV,4,Business Development Manager,,Senior,Cybersecurity
R_002599,CV,6,Program Coordinator,,Senior,Gaming
R_002600,CV,6,Operations Manager,,Senior,SaaS
R_002601,CV,3,Business Analyst,,Junior,SaaS
R_002602,CV,2,Technical Product Manager,,Senior,Gaming
R_002603,CV,3,Data Analyst,,Junior,Retail
R_002604,CV,3,Data Analyst,,Senior,Travel
R_002605,CV,0,Full Stack Engineer,,Senior,EdTech
R_002606,CV,3,BI Analyst,,Mid,FinTech
R_002607,CV,0,Backend Engineer,,Junior,Gaming
R_002608,CV,1,FP&A Analyst,,Junior,Cybersecurity
R_002609,CV,2,Product Manager,,Mid,Logistics
R_002610,CV,0,Full Stack Engineer,,Junior,Logistics
R_002611,CV,4,Sales Representative,,Mid,Healthcare
R_002612,CV,5,Performance Marketer,,Senior,Travel
R_002613,CV,7,Customer Success Associate,,Mid,Travel
R_002614,CV,1,FP&A Analyst,,Senior,SaaS
R_002615,CV,4,Account Executive,,Junior,FinTech
R_002616,CV,4,Account Executive,,Junior,Travel
R_002617,CV,1,Financial Analyst,,Junior,EdTech
R_002618,CV,7,Customer Support Specialist,,Mid,SaaS
R_002619,CV,6,Program Coordinator,,Senior,E-commerce
R_002620,CV,0,Software Engineer,,Junior,FinTech
R_002621,CV,7,Customer Success Associate,,Junior,Gaming
R_002622,CV,4,Account Executive,,Senior,Retail
R_002623,CV,7,Customer Success Associate,,Junior,SaaS
R_002624,CV,0,Software Engineer,,Mid,Travel
R_002625,CV,1,Financial Analyst,,Senior,Healthcare
R_002626,CV,3,BI Analyst,,Mid,Healthcare
R_002627,CV,4,Business Development Manager,,Senior,FinTech
R_002628,CV,1,Financial Analyst,,Junior,Cybersecurity
R_002629,CV,1,Junior Accountant,,Mid,SaaS
R_002630,CV,2,Technical Product Manager,,Junior,FinTech
R_002631,CV,6,Operations Manager,,Senior,Retail
R_002632,CV,7,Customer Success Associate,,Mid,Gaming
R_002633,CV,3,Business Analyst,,Junior,E-commerce
R_002634,CV,1,Financial Analyst,,Junior,SaaS
R_002635,CV,6,Program Coordinator,,Mid,Healthcare
R_002636,CV,5,Marketing Manager,,Junior,Logistics
R_002637,CV,2,Technical Product Manager,,Senior,Logistics
R_002638,CV,0,Full Stack Engineer,,Mid,SaaS
R_002639,CV,4,Account Executive,,Mid,Cybersecurity
R_002640,CV,7,Customer Success Associate,,Senior,Cybersecurity
R_002641,CV,6,Operations Manager,,Mid,Retail
R_002642,CV,2,Product Manager,,Senior,SaaS
R_002643,CV,6,Project Manager,,Senior,FinTech
R_002644,CV,3,Business Analyst,,Mid,Healthcare
R_002645,CV,7,Customer Success Associate,,Mid,Travel
R_002646,CV,6,Operations Manager,,Junior,SaaS
R_002647,CV,6,Operations Manager,,Senior,SaaS
R_002648,CV,2,Technical Product Manager,,Mid,Logistics
R_002649,CV,3,Business Analyst,,Senior,SaaS
R_002650,CV,4,Sales Representative,,Senior,SaaS
R_002651,CV,7,Technical Support Specialist,,Mid,EdTech
R_002652,CV,6,Project Manager,,Junior,Gaming
R_002653,CV,6,Operations Manager,,Mid,Retail
R_002654,CV,7,Customer Success Associate,,Mid,Travel
R_002655,CV,7,Technical Support Specialist,,Senior,Travel
R_002656,CV,4,Account Executive,,Mid,Cybersecurity
R_002657,CV,7,Customer Success Associate,,Senior,Cybersecurity
R_002658,CV,7,Customer Support Specialist,,Mid,Cybersecurity
R_002659,CV,5,Content Marketer,,Senior,Retail
R_002660,CV,2,Technical Product Manager,,Senior,E-commerce
R_002661,CV,6,Operations Manager,,Mid,Gaming
R_002662,CV,7,Technical Support Specialist,,Junior,Gaming
R_002663,CV,5,Content Marketer,,Mid,SaaS
R_002664,CV,0,Software Engineer,,Junior,SaaS
R_002665,CV,0,Full Stack Engineer,,Senior,Healthcare
R_002666,CV,0,Software Engineer,,Junior,E-commerce
R_002667,CV,4,Business Development Manager,,Mid,Gaming
R_002668,CV,3,Data Analyst,,Senior,Gaming
R_002669,CV,3,BI Analyst,,Senior,Gaming
R_002670,CV,0,Full Stack Engineer,,Mid,Retail
R_002671,CV,4,Account Executive,,Junior,Healthcare
R_002672,CV,0,Full Stack Engineer,,Junior,Travel
R_002673,CV,3,BI Analyst,,Junior,E-commerce
R_002674,CV,5,Marketing Manager,,Mid,Retail
R_002675,CV,5,Marketing Manager,,Mid,SaaS
R_002676,CV,4,Sales Representative,,Junior,Retail
R_002677,CV,7,Customer Success Associate,,Mid,EdTech
R_002678,CV,4,Business Development Manager,,Senior,Gaming
R_002679,CV,5,Content Marketer,,Senior,SaaS
R_002680,CV,5,Performance Marketer,,Mid,Travel
R_002681,CV,3,BI Analyst,,Mid,SaaS
R_002682,CV,2,Technical Product Manager,,Mid,Gaming
R_002683,CV,2,Technical Product Manager,,Mid,Gaming
R_002684,CV,7,Customer Success Associate,,Mid,Cybersecurity
R_002685,CV,7,Customer Support Specialist,,Junior,Travel
R_002686,CV,0,Full Stack Engineer,,Mid,FinTech
R_002687,CV,5,Performance Marketer,,Senior,SaaS
R_002688,CV,7,Customer Success Associate,,Mid,Retail
R_002689,CV,3,Data Analyst,,Junior,FinTech
R_002690,CV,0,Software Engineer,,Senior,Retail
R_002691,CV,2,Product Manager,,Mid,SaaS
R_002692,CV,5,Content Marketer,,Mid,Travel
R_002693,CV,6,Project Manager,,Senior,SaaS
R_002694,CV,0,Full Stack Engineer,,Senior,Logistics
R_002695,CV,5,Performance Marketer,,Senior,Healthcare
R_002696,CV,7,Customer Success Associate,,Junior,Travel
R_002697,CV,7,Customer Success Associate,,Senior,Logistics
R_002698,CV,3,BI Analyst,,Junior,EdTech
R_002699,CV,3,BI Analyst,,Senior,Travel
R_002700,CV,6,Operations Manager,,Senior,Gaming
R_002701,CV,6,Program Coordinator,,Mid,Retail
R_002702,CV,6,Program Coordinator,,Senior,E-commerce
R_002703,CV,5,Marketing Manager,,Junior,Retail
R_002704,CV,7,Technical Support Specialist,,Mid,Logistics
R_002705,CV,6,Operations Manager,,Junior,Cybersecurity
R_002706,CV,2,Technical Product Manager,,Senior,E-commerce
R_002707,CV,6,Operations Manager,,Senior,Gaming
R_002708,CV,4,Sales Representative,,Senior,FinTech
R_002709,CV,6,Program Coordinator,,Senior,E-commerce
R_002710,CV,0,Backend Engineer,,Junior,E-commerce
R_002711,CV,4,Account Executive,,Mid,EdTech
R_002712,CV,1,FP&A Analyst,,Mid,SaaS
R_002713,CV,1,FP&A Analyst,,Mid,Cybersecurity
R_002714,CV,4,Sales Representative,,Senior,Gaming
R_002715,CV,2,Technical Product Manager,,Junior,Logistics
R_002716,CV,4,Account Executive,,Mid,Travel
R_002717,CV,7,Customer Support Specialist,,Junior,Healthcare
R_002718,CV,4,Account Executive,,Junior,SaaS
R_002719,CV,3,Data Analyst,,Mid,SaaS
R_002720,CV,1,Junior Accountant,,Junior,FinTech
R_002721,CV,5,Marketing Manager,,Senior,Retail
R_002722,CV,4,Account Executive,,Junior,Cybersecurity
R_002723,CV,6,Operations Manager,,Junior,FinTech
R_002724,CV,0,Backend Engineer,,Mid,Travel
R_002725,CV,1,Junior Accountant,,Junior,Retail
R_002726,CV,4,Account Executive,,Senior,Cybersecurity
R_002727,CV,4,Account Executive,,Senior,SaaS
R_002728,CV,0,Backend Engineer,,Mid,Gaming
R_002729,CV,5,Performance Marketer,,Senior,SaaS
R_002730,CV,1,FP&A Analyst,,Junior,Cybersecurity
R_002731,CV,5,Content Marketer,,Junior,Logistics
R_002732,CV,5,Content Marketer,,Senior,Retail
R_002733,CV,7,Customer Success Associate,,Junior,EdTech
R_002734,CV,2,Technical Product Manager,,Senior,Healthcare
R_002735,CV,3,Data Analyst,,Senior,Logistics
R_002736,CV,6,Operations Manager,,Senior,SaaS
R_002737,CV,2,Technical Product Manager,,Junior,EdTech
R_002738,CV,6,Project Manager,,Senior,Healthcare
R_002739,CV,0,Backend Engineer,,Senior,Retail
R_002740,CV,3,Data Analyst,,Senior,E-commerce
R_002741,CV,3,BI Analyst,,Junior,EdTech
R_002742,CV,1,FP&A Analyst,,Senior,FinTech
R_002743,CV,6,Operations Manager,,Senior,SaaS
R_002744,CV,1,FP&A Analyst,,Mid,Logistics
R_002745,CV,5,Content Marketer,,Mid,Gaming
R_002746,CV,7,Customer Success Associate,,Mid,EdTech
R_002747,CV,0,Backend Engineer,,Mid,FinTech
R_002748,CV,1,Junior Accountant,,Senior,E-commerce
R_002749,CV,0,Backend Engineer,,Junior,SaaS
R_002750,CV,2,Product Manager,,Mid,FinTech
R_002751,CV,5,Content Marketer,,Senior,Retail
R_002752,CV,7,Technical Support Specialist,,Senior,Retail
R_002753,CV,0,Full Stack Engineer,,Senior,FinTech
R_002754,CV,3,Business Analyst,,Junior,Cybersecurity
R_002755,CV,5,Marketing Manager,,Junior,Cybersecurity
R_002756,CV,2,Technical Product Manager,,Mid,Retail
R_002757,CV,3,Data Analyst,,Junior,Gaming
R_002758,CV,7,Technical Support Specialist,,Senior,FinTech
R_002759,CV,3,Data Analyst,,Senior,Cybersecurity
R_002760,CV,6,Program Coordinator,,Junior,SaaS
R_002761,CV,0,Software Engineer,,Senior,Retail
R_002762,CV,3,BI Analyst,,Junior,Gaming
R_002763,CV,0,Software Engineer,,Senior,SaaS
R_002764,CV,5,Content Marketer,,Senior,Travel
R_002765,CV,5,Marketing Manager,,Junior,SaaS
R_002766,CV,7,Technical Support Specialist,,Senior,Gaming
R_002767,CV,6,Program Coordinator,,Senior,SaaS
R_002768,CV,3,Business Analyst,,Junior,Healthcare
R_002769,CV,0,Backend Engineer,,Senior,Cybersecurity
R_002770,CV,1,Junior Accountant,,Senior,Gaming
R_002771,CV,0,Software Engineer,,Senior,Retail
R_002772,CV,3,Data Analyst,,Senior,Retail
R_002773,CV,2,Technical Product Manager,,Mid,Retail
R_002774,CV,0,Software Engineer,,Mid,Retail
R_002775,CV,2,Technical Product Manager,,Senior,Retail
R_002776,CV,1,Financial Analyst,,Junior,EdTech
R_002777,CV,2,Associate Product Manager,,Mid,Gaming
R_002778,CV,1,FP&A Analyst,,Senior,FinTech
R_002779,CV,0,Backend Engineer,,Mid,Retail
R_002780,CV,2,Associate Product Manager,,Senior,Logistics
R_002781,CV,4,Sales Representative,,Junior,E-commerce
R_002782,CV,7,Technical Support Specialist,,Junior,Healthcare
R_002783,CV,0,Full Stack Engineer,,Junior,Cybersecurity
R_002784,CV,2,Product Manager,,Senior,Logistics
R_002785,CV,2,Associate Product Manager,,Mid,EdTech
R_002786,CV,2,Product Manager,,Senior,Cybersecurity
R_002787,CV,5,Performance Marketer,,Junior,E-commerce
R_002788,CV,6,Program Coordinator,,Senior,Gaming
R_002789,CV,2,Technical Product Manager,,Junior,Cybersecurity
R_002790,CV,3,Data Analyst,,Mid,Cybersecurity
R_002791,CV,7,Customer Support Specialist,,Senior,Gaming
R_002792,CV,2,Technical Product Manager,,Mid,SaaS
R_002793,CV,3,Business Analyst,,Mid,Retail
R_002794,CV,6,Project Manager,,Mid,Retail
R_002795,CV,3,BI Analyst,,Junior,Gaming
R_002796,CV,2,Product Manager,,Senior,Cybersecurity
R_002797,CV,4,Business Development Manager,,Junior,Logistics
R_002798,CV,3,Business Analyst,,Mid,Healthcare
R_002799,CV,0,Backend Engineer,,Senior,Gaming
R_002800,CV,5,Performance Marketer,,Senior,Logistics
R_002801,CV,4,Account Executive,,Mid,Logistics
R_002802,CV,4,Sales Representative,,Mid,FinTech
R_002803,CV,5,Performance Marketer,,Mid,Retail
R_002804,CV,7,Technical Support Specialist,,Junior,FinTech
R_002805,CV,6,Project Manager,,Senior,SaaS
R_002806,CV,2,Technical Product Manager,,Junior,E-commerce
R_002807,CV,2,Technical Product Manager,,Senior,Gaming
R_002808,CV,0,Backend Engineer,,Mid,Travel
R_002809,CV,0,Full Stack Engineer,,Mid,Healthcare
R_002810,CV,3,BI Analyst,,Senior,Gaming
R_002811,CV,4,Sales Representative,,Mid,Logistics
R_002812,CV,2,Product Manager,,Junior,Travel
R_002813,CV,3,BI Analyst,,Mid,Retail
R_002814,CV,0,Backend Engineer,,Junior,FinTech
R_002815,CV,0,Software Engineer,,Junior,Healthcare
R_002816,CV,0,Backend Engineer,,Mid,Gaming
R_002817,CV,3,Business Analyst,,Mid,SaaS
R_002818,CV,5,Performance Marketer,,Mid,Logistics
R_002819,CV,2,Product Manager,,Mid,Travel
R_002820,CV,1,FP&A Analyst,,Senior,Cybersecurity
R_002821,CV,6,Program Coordinator,,Senior,Retail
R_002822,CV,1,Junior Accountant,,Mid,Travel
R_002823,CV,4,Account Executive,,Senior,E-commerce
R_002824,CV,7,Technical Support Specialist,,Senior,Healthcare
R_002825,CV,4,Account Executive,,Mid,Cybersecurity
R_002826,CV,3,BI Analyst,,Senior,SaaS
R_002827,CV,4,Sales Representative,,Mid,Healthcare
R_002828,CV,6,Project Manager,,Junior,Travel
R_002829,CV,3,BI Analyst,,Senior,EdTech
R_002830,CV,1,FP&A Analyst,,Junior,Travel
R_002831,CV,4,Account Executive,,Junior,Healthcare
R_002832,CV,4,Sales Representative,,Mid,Logistics
R_002833,CV,7,Technical Support Specialist,,Senior,Logistics
R_002834,CV,5,Performance Marketer,,Junior,Cybersecurity
R_002835,CV,2,Associate Product Manager,,Junior,SaaS
R_002836,CV,6,Operations Manager,,Senior,Retail
R_002837,CV,6,Project Manager,,Mid,Logistics
R_002838,CV,3,Business Analyst,,Junior,Gaming
R_002839,CV,0,Software Engineer,,Senior,SaaS
R_002840,CV,5,Content Marketer,,Mid,E-commerce
R_002841,CV,5,Content Marketer,,Junior,SaaS
R_002842,CV,5,Performance Marketer,,Mid,EdTech
R_002843,CV,7,Customer Success Associate,,Senior,Travel
R_002844,CV,5,Marketing Manager,,Senior,SaaS
R_002845,CV,5,Performance Marketer,,Mid,Cybersecurity
R_002846,CV,4,Sales Representative,,Junior,FinTech
R_002847,CV,6,Program Coordinator,,Senior,Travel
R_002848,CV,0,Backend Engineer,,Mid,FinTech
R_002849,CV,2,Technical Product Manager,,Mid,Healthcare
R_002850,CV,2,Product Manager,,Junior,SaaS
R_002851,CV,7,Customer Support Specialist,,Junior,Gaming
R_002852,CV,7,Customer Support Specialist,,Junior,EdTech
R_002853,CV,2,Product Manager,,Junior,Gaming
R_002854,CV,2,Technical Product Manager,,Junior,Retail
R_002855,CV,2,Product Manager,,Mid,Gaming
R_002856,CV,6,Project Manager,,Mid,Cybersecurity
R_002857,CV,2,Associate Product Manager,,Mid,E-commerce
R_002858,CV,2,Product Manager,,Senior,Logistics
R_002859,CV,2,Associate Product Manager,,Senior,Travel
R_002860,CV,5,Performance Marketer,,Senior,Logistics
R_002861,CV,3,Data Analyst,,Mid,FinTech
R_002862,CV,4,Account Executive,,Mid,Travel
R_002863,CV,4,Business Development Manager,,Mid,Travel
R_002864,CV,1,FP&A Analyst,,Mid,E-commerce
R_002865,CV,1,FP&A Analyst,,Junior,Healthcare
R_002866,CV,7,Technical Support Specialist,,Senior,Logistics
R_002867,CV,0,Software Engineer,,Mid,Cybersecurity
R_002868,CV,0,Software Engineer,,Mid,Healthcare
R_002869,CV,2,Product Manager,,Junior,Retail
R_002870,CV,4,Sales Representative,,Junior,Travel
R_002871,CV,5,Content Marketer,,Senior,Healthcare
R_002872,CV,5,Content Marketer,,Mid,Healthcare
R_002873,CV,6,Program Coordinator,,Junior,SaaS
R_002874,CV,3,BI Analyst,,Senior,Healthcare
R_002875,CV,6,Program Coordinator,,Junior,E-commerce
R_002876,CV,5,Content Marketer,,Mid,EdTech
R_002877,CV,6,Program Coordinator,,Junior,Retail
R_002878,CV,6,Project Manager,,Mid,Healthcare
R_002879,CV,12,Sales Representative,,Senior,FinTech
R_002880,CV,6,Program Coordinator,,Mid,Cybersecurity
R_002881,CV,6,Program Coordinator,,Mid,Gaming
R_002882,CV,3,Data Analyst,,Mid,Cybersecurity
R_002883,CV,0,Full Stack Engineer,,Junior,Retail
R_002884,CV,6,Program Coordinator,,Mid,EdTech
R_002885,CV,4,Business Development Manager,,Mid,Healthcare
R_002886,CV,1,Financial Analyst,,Junior,Logistics
R_002887,CV,3,Business Analyst,,Mid,E-commerce
R_002888,CV,4,Account Executive,,Mid,Healthcare
R_002889,CV,4,Account Executive,,Junior,FinTech
R_002890,CV,3,Business Analyst,,Junior,E-commerce
R_002891,CV,1,FP&A Analyst,,Mid,Logistics
R_002892,CV,4,Account Executive,,Junior,SaaS
R_002893,CV,3,Business Analyst,,Junior,E-commerce
R_002894,CV,2,Associate Product Manager,,Mid,Healthcare
R_002895,CV,0,Software Engineer,,Mid,Retail
R_002896,CV,1,FP&A Analyst,,Mid,FinTech
R_002897,CV,2,Product Manager,,Junior,Retail
R_002898,CV,0,Backend Engineer,,Mid,Cybersecurity
R_002899,CV,3,Business Analyst,,Junior,EdTech
R_002900,CV,6,Project Manager,,Mid,Cybersecurity
R_002901,CV,2,Associate Product Manager,,Mid,SaaS
R_002902,CV,3,BI Analyst,,Junior,Retail
R_002903,CV,6,Program Coordinator,,Junior,SaaS
R_002904,CV,6,Project Manager,,Junior,SaaS
R_002905,CV,0,Backend Engineer,,Junior,EdTech
R_002906,CV,6,Operations Manager,,Junior,SaaS
R_002907,CV,7,Customer Success Associate,,Senior,Travel
R_002908,CV,2,Technical Product Manager,,Senior,Healthcare
R_002909,CV,5,Content Marketer,,Senior,Logistics
R_002910,CV,0,Backend Engineer,,Senior,Gaming
R_002911,CV,7,Technical Support Specialist,,Senior,E-commerce
R_002912,CV,6,Project Manager,,Senior,Logistics
R_002913,CV,7,Customer Support Specialist,,Mid,Travel
R_002914,CV,0,Backend Engineer,,Senior,Healthcare
R_002915,CV,5,Marketing Manager,,Senior,E-commerce
R_002916,CV,1,FP&A Analyst,,Mid,FinTech
R_002917,CV,6,Project Manager,,Junior,Cybersecurity
R_002918,CV,7,Technical Support Specialist,,Senior,Travel
R_002919,CV,0,Full Stack Engineer,,Junior,SaaS
R_002920,CV,3,Business Analyst,,Junior,Healthcare
R_002921,CV,7,Technical Support Specialist,,Junior,Travel
R_002922,CV,6,Project Manager,,Senior,Gaming
R_002923,CV,2,Associate Product Manager,,Junior,FinTech
R_002924,CV,6,Project Manager,,Junior,Retail
R_002925,CV,6,Program Coordinator,,Mid,Gaming
R_002926,CV,1,Junior Accountant,,Mid,Healthcare
R_002927,CV,7,Customer Success Associate,,Junior,Gaming
R_002928,CV,5,Marketing Manager,,Mid,Logistics
R_002929,CV,1,FP&A Analyst,,Junior,Healthcare
R_002930,CV,4,Business Development Manager,,Senior,Logistics
R_002931,CV,7,Customer Success Associate,,Senior,FinTech
R_002932,CV,7,Technical Support Specialist,,Mid,Logistics
R_002933,CV,6,Program Coordinator,,Junior,Logistics
R_002934,CV,4,Sales Representative,,Junior,SaaS
R_002935,CV,4,Sales Representative,,Mid,Cybersecurity
R_002936,CV,5,Performance Marketer,,Junior,Gaming
R_002937,CV,0,Software Engineer,,Senior,Cybersecurity
R_002938,CV,6,Project Manager,,Junior,Travel
R_002939,CV,2,Associate Product Manager,,Junior,FinTech
R_002940,CV,6,Operations Manager,,Senior,EdTech
R_002941,CV,5,Performance Marketer,,Mid,Retail
R_002942,CV,3,BI Analyst,,Mid,EdTech
R_002943,CV,6,Program Coordinator,,Junior,FinTech
R_002944,CV,1,Financial Analyst,,Junior,Travel
R_002945,CV,0,Software Engineer,,Mid,Travel
R_002946,CV,7,Customer Support Specialist,,Mid,Healthcare
R_002947,CV,7,Customer Support Specialist,,Junior,EdTech
R_002948,CV,0,Full Stack Engineer,,Junior,FinTech
R_002949,CV,2,Product Manager,,Mid,E-commerce
R_002950,CV,6,Project Manager,,Mid,E-commerce
R_002951,CV,1,Junior Accountant,,Junior,Travel
R_002952,CV,0,Software Engineer,,Junior,FinTech
R_002953,CV,7,Customer Support Specialist,,Junior,E-commerce
R_002954,CV,7,Technical Support Specialist,,Senior,SaaS
R_002955,CV,5,Performance Marketer,,Junior,Gaming
R_002956,CV,4,Business Development Manager,,Junior,SaaS
R_002957,CV,2,Technical Product Manager,,Senior,EdTech
R_002958,CV,1,Financial Analyst,,Mid,Logistics
R_002959,CV,0,Full Stack Engineer,,Junior,SaaS
R_002960,CV,3,Data Analyst,,Mid,Healthcare
R_002961,CV,4,Sales Representative,,Junior,Gaming
R_002962,CV,1,FP&A Analyst,,Junior,Logistics
R_002963,CV,6,Project Manager,,Junior,EdTech
R_002964,CV,1,Financial Analyst,,Junior,Healthcare
R_002965,CV,3,Business Analyst,,Senior,Cybersecurity
R_002966,CV,0,Full Stack Engineer,,Mid,Gaming
R_002967,CV,4,Business Development Manager,,Mid,EdTech
R_002968,CV,2,Product Manager,,Mid,Travel
R_002969,CV,7,Technical Support Specialist,,Junior,Healthcare
R_002970,CV,5,Content Marketer,,Junior,Cybersecurity
R_002971,CV,0,Backend Engineer,,Mid,E-commerce
R_002972,CV,1,Financial Analyst,,Senior,Cybersecurity
R_002973,CV,0,Full Stack Engineer,,Senior,E-commerce
R_002974,CV,3,BI Analyst,,Mid,Logistics
R_002975,CV,4,Account Executive,,Junior,Healthcare
R_002976,CV,6,Operations Manager,,Junior,SaaS
R_002977,CV,3,Business Analyst,,Junior,EdTech
R_002978,CV,6,Project Manager,,Junior,Healthcare
R_002979,CV,4,Account Executive,,Junior,E-commerce
R_002980,CV,3,Business Analyst,,Mid,E-commerce
R_002981,CV,3,Data Analyst,,Mid,Retail
R_002982,CV,3,Data Analyst,,Junior,EdTech
R_002983,CV,0,Software Engineer,,Junior,Healthcare
R_002984,CV,7,Technical Support Specialist,,Mid,Logistics
R_002985,CV,4,Sales Representative,,Junior,Logistics
R_002986,CV,2,Technical Product Manager,,Senior,SaaS
R_002987,CV,5,Content Marketer,,Mid,Retail
R_002988,CV,7,Customer Support Specialist,,Senior,Cybersecurity
R_002989,CV,4,Account Executive,,Junior,Logistics
R_002990,CV,1,FP&A Analyst,,Mid,Gaming
R_002991,CV,2,Technical Product Manager,,Senior,SaaS
R_002992,CV,0,Software Engineer,,Senior,FinTech
R_002993,CV,6,Operations Manager,,Senior,FinTech
R_002994,CV,4,Sales Representative,,Senior,EdTech
R_002995,CV,6,Operations Manager,,Junior,SaaS
R_002996,CV,4,Account Executive,,Junior,Logistics
R_002997,CV,7,Customer Success Associate,,Mid,Gaming
R_002998,CV,3,Business Analyst,,Junior,FinTech
R_002999,CV,4,Business Development Manager,,Mid,Retail
R_003000,CV,2,Associate Product Manager,,Junior,SaaS
R_003001,CV,5,Marketing Manager,,Junior,Cybersecurity
R_003002,CV,4,Sales Representative,,Senior,E-commerce
R_003003,CV,0,Full Stack Engineer,,Junior,SaaS
R_003004,CV,3,Business Analyst,,Junior,Logistics
R_003005,CV,0,Software Engineer,,Senior,Retail
R_003006,CV,5,Marketing Manager,,Junior,Cybersecurity
R_003007,CV,2,Product Manager,,Junior,EdTech
R_003008,CV,4,Sales Representative,,Senior,Retail
R_003009,CV,6,Program Coordinator,,Junior,Cybersecurity
R_003010,CV,5,Content Marketer,,Mid,SaaS
R_003011,CV,7,Technical Support Specialist,,Junior,E-commerce
R_003012,CV,6,Operations Manager,,Mid,EdTech
R_003013,CV,7,Customer Success Associate,,Junior,Travel
R_003014,CV,1,Financial Analyst,,Junior,Retail
R_003015,CV,3,BI Analyst,,Senior,Healthcare
R_003016,CV,2,Technical Product Manager,,Senior,EdTech
R_003017,CV,6,Operations Manager,,Mid,Travel
R_003018,CV,2,Associate Product Manager,,Junior,Cybersecurity
R_003019,CV,0,Full Stack Engineer,,Mid,EdTech
R_003020,CV,5,Marketing Manager,,Senior,Retail
R_003021,CV,3,Data Analyst,,Junior,Cybersecurity
R_003022,CV,3,BI Analyst,,Junior,Travel
R_003023,CV,4,Sales Representative,,Senior,Travel
R_003024,CV,7,Customer Support Specialist,,Junior,FinTech
R_003025,CV,2,Associate Product Manager,,Junior,Logistics
R_003026,CV,6,Operations Manager,,Junior,EdTech
R_003027,CV,5,Content Marketer,,Senior,EdTech
R_003028,CV,1,Junior Accountant,,Senior,Retail
R_003029,CV,7,Customer Support Specialist,,Mid,E-commerce
R_003030,CV,7,Technical Support Specialist,,Mid,Healthcare
R_003031,CV,0,Software Engineer,,Mid,SaaS
R_003032,CV,3,BI Analyst,,Senior,Gaming
R_003033,CV,5,Marketing Manager,,Senior,Logistics
R_003034,CV,5,Marketing Manager,,Senior,Travel
R_003035,CV,7,Customer Support Specialist,,Mid,Travel
R_003036,CV,6,Operations Manager,,Senior,Retail
R_003037,CV,7,Customer Support Specialist,,Senior,E-commerce
R_003038,CV,4,Business Development Manager,,Junior,FinTech
R_003039,CV,4,Sales Representative,,Senior,Gaming
R_003040,CV,4,Business Development Manager,,Mid,FinTech
R_003041,CV,4,Account Executive,,Junior,E-commerce
R_003042,CV,6,Project Manager,,Mid,Healthcare
R_003043,CV,4,Business Development Manager,,Junior,Travel
R_003044,CV,4,Sales Representative,,Mid,Retail
R_003045,CV,6,Project Manager,,Junior,Logistics
R_003046,CV,1,Junior Accountant,,Senior,Cybersecurity
R_003047,CV,7,Technical Support Specialist,,Mid,Travel
R_003048,CV,1,FP&A Analyst,,Senior,Healthcare
R_003049,CV,2,Technical Product Manager,,Senior,Cybersecurity
R_003050,CV,1,Junior Accountant,,Senior,EdTech
R_003051,CV,6,Program Coordinator,,Mid,FinTech
R_003052,CV,6,Operations Manager,,Mid,FinTech
R_003053,CV,3,Business Analyst,,Mid,Retail
R_003054,CV,0,Backend Engineer,,Junior,Healthcare
R_003055,CV,6,Operations Manager,,Junior,EdTech
R_003056,CV,0,Full Stack Engineer,,Senior,Logistics
R_003057,CV,4,Account Executive,,Junior,Retail
R_003058,CV,6,Operations Manager,,Senior,Retail
R_003059,CV,5,Content Marketer,,Senior,Logistics
R_003060,CV,3,Business Analyst,,Senior,Travel
R_003061,CV,6,Program Coordinator,,Junior,Travel
R_003062,CV,6,Operations Manager,,Mid,Cybersecurity
R_003063,CV,4,Business Development Manager,,Mid,SaaS
R_003064,CV,2,Product Manager,,Mid,E-commerce
R_003065,CV,7,Customer Success Associate,,Junior,Retail
R_003066,CV,2,Technical Product Manager,,Senior,Logistics
R_003067,CV,5,Content Marketer,,Senior,Retail
R_003068,CV,4,Sales Representative,,Junior,Retail
R_003069,CV,6,Operations Manager,,Mid,Retail
R_003070,CV,1,Financial Analyst,,Senior,FinTech
R_003071,CV,5,Marketing Manager,,Junior,EdTech
R_003072,CV,3,Data Analyst,,Senior,Logistics
R_003073,CV,2,Product Manager,,Junior,E-commerce
R_003074,CV,7,Customer Success Associate,,Junior,Travel
R_003075,CV,3,BI Analyst,,Mid,Cybersecurity
R_003076,CV,1,Financial Analyst,,Mid,EdTech
R_003077,CV,1,Junior Accountant,,Junior,SaaS
R_003078,CV,3,Data Analyst,,Mid,Cybersecurity
R_003079,CV,1,FP&A Analyst,,Junior,Healthcare
R_003080,CV,5,Content Marketer,,Mid,FinTech
R_003081,CV,2,Associate Product Manager,,Junior,SaaS
R_003082,CV,1,Financial Analyst,,Mid,Healthcare
R_003083,CV,0,Backend Engineer,,Junior,Healthcare
R_003084,CV,7,Customer Success Associate,,Junior,EdTech
R_003085,CV,6,Project Manager,,Junior,Healthcare
R_003086,CV,0,Software Engineer,,Senior,Travel
R_003087,CV,3,Data Analyst,,Mid,E-commerce
R_003088,CV,0,Software Engineer,,Mid,Cybersecurity
R_003089,CV,5,Content Marketer,,Senior,Cybersecurity
R_003090,CV,7,Technical Support Specialist,,Senior,E-commerce
R_003091,CV,4,Sales Representative,,Junior,E-commerce
R_003092,CV,1,Junior Accountant,,Junior,SaaS
R_003093,CV,3,BI Analyst,,Mid,Cybersecurity
R_003094,CV,0,Software Engineer,,Junior,EdTech
R_003095,CV,4,Sales Representative,,Mid,EdTech
R_003096,CV,2,Technical Product Manager,,Mid,EdTech
R_003097,CV,4,Business Development Manager,,Junior,E-commerce
R_003098,CV,3,BI Analyst,,Junior,SaaS
R_003099,CV,2,Associate Product Manager,,Junior,EdTech
R_003100,CV,7,Technical Support Specialist,,Mid,Travel
R_003101,CV,7,Customer Success Associate,,Junior,Logistics
R_003102,CV,2,Product Manager,,Mid,Retail
R_003103,CV,1,Financial Analyst,,Mid,E-commerce
R_003104,CV,4,Sales Representative,,Mid,EdTech
R_003105,CV,5,Marketing Manager,,Junior,Travel
R_003106,CV,6,Operations Manager,,Senior,E-commerce
R_003107,CV,5,Performance Marketer,,Junior,SaaS
R_003108,CV,6,Program Coordinator,,Junior,EdTech
R_003109,CV,4,Business Development Manager,,Mid,FinTech
R_003110,CV,5,Content Marketer,,Senior,Travel
R_003111,CV,7,Customer Support Specialist,,Senior,Retail
R_003112,CV,7,Technical Support Specialist,,Junior,Healthcare
R_003113,CV,4,Account Executive,,Junior,Gaming
R_003114,CV,5,Content Marketer,,Senior,Healthcare
R_003115,CV,0,Full Stack Engineer,,Junior,Gaming
R_003116,CV,3,Data Analyst,,Mid,Travel
R_003117,CV,5,Performance Marketer,,Mid,Retail
R_003118,CV,0,Software Engineer,,Senior,Healthcare
R_003119,CV,6,Project Manager,,Senior,Healthcare
R_003120,CV,2,Product Manager,,Junior,E-commerce
R_003121,CV,1,Junior Accountant,,Senior,FinTech
R_003122,CV,3,Business Analyst,,Senior,Healthcare
R_003123,CV,2,Associate Product Manager,,Senior,E-commerce
R_003124,CV,5,Marketing Manager,,Senior,Cybersecurity
R_003125,CV,2,Technical Product Manager,,Mid,Retail
R_003126,CV,2,Associate Product Manager,,Junior,FinTech
R_003127,CV,2,Product Manager,,Junior,E-commerce
R_003128,CV,0,Backend Engineer,,Mid,Travel
R_003129,CV,7,Customer Success Associate,,Mid,SaaS
R_003130,CV,5,Marketing Manager,,Mid,Logistics
R_003131,CV,3,Data Analyst,,Senior,E-commerce
R_003132,CV,3,Business Analyst,,Junior,SaaS
R_003133,CV,4,Sales Representative,,Mid,Cybersecurity
R_003134,CV,0,Software Engineer,,Senior,Logistics
R_003135,CV,4,Account Executive,,Junior,E-commerce
R_003136,CV,6,Operations Manager,,Senior,Retail
R_003137,CV,4,Business Development Manager,,Mid,Logistics
R_003138,CV,1,Junior Accountant,,Senior,Retail
R_003139,CV,5,Content Marketer,,Senior,E-commerce
R_003140,CV,2,Associate Product Manager,,Junior,Logistics
R_003141,CV,3,Business Analyst,,Senior,EdTech
R_003142,CV,0,Software Engineer,,Senior,Gaming
R_003143,CV,0,Full Stack Engineer,,Junior,E-commerce
R_003144,CV,1,Financial Analyst,,Junior,EdTech
R_003145,CV,3,Data Analyst,,Mid,SaaS
R_003146,CV,0,Backend Engineer,,Mid,Healthcare
R_003147,CV,4,Business Development Manager,,Mid,SaaS
R_003148,CV,1,Financial Analyst,,Mid,SaaS
R_003149,CV,1,Financial Analyst,,Junior,Healthcare
R_003150,CV,7,Technical Support Specialist,,Junior,EdTech
R_003151,CV,4,Account Executive,,Mid,Cybersecurity
R_003152,CV,0,Full Stack Engineer,,Senior,EdTech
R_003153,CV,5,Performance Marketer,,Mid,SaaS
R_003154,CV,0,Software Engineer,,Junior,Logistics
R_003155,CV,7,Technical Support Specialist,,Senior,EdTech
R_003156,CV,1,FP&A Analyst,,Junior,Retail
R_003157,CV,0,Backend Engineer,,Mid,E-commerce
R_003158,CV,7,Customer Success Associate,,Junior,E-commerce
R_003159,CV,0,Software Engineer,,Mid,FinTech
R_003160,CV,2,Technical Product Manager,,Junior,E-commerce
R_003161,CV,1,Financial Analyst,,Junior,EdTech
R_003162,CV,3,Data Analyst,,Mid,SaaS
R_003163,CV,1,Junior Accountant,,Junior,SaaS
R_003164,CV,0,Software Engineer,,Junior,Gaming
R_003165,CV,1,Financial Analyst,,Mid,Travel
R_003166,CV,4,Sales Representative,,Mid,FinTech
R_003167,CV,6,Program Coordinator,,Mid,Retail
R_003168,CV,7,Customer Success Associate,,Mid,FinTech
R_003169,CV,7,Customer Success Associate,,Senior,Healthcare
R_003170,CV,7,Technical Support Specialist,,Mid,Healthcare
R_003171,CV,7,Customer Support Specialist,,Mid,Healthcare
R_003172,CV,6,Project Manager,,Senior,Travel
R_003173,CV,7,Customer Support Specialist,,Mid,Retail
R_003174,CV,7,Technical Support Specialist,,Mid,Healthcare
R_003175,CV,6,Project Manager,,Senior,Cybersecurity
R_003176,CV,2,Associate Product Manager,,Junior,SaaS
R_003177,CV,2,Associate Product Manager,,Senior,Gaming
R_003178,CV,4,Account Executive,,Mid,Travel
R_003179,CV,3,Data Analyst,,Senior,Logistics
R_003180,CV,5,Marketing Manager,,Junior,Logistics
R_003181,CV,3,BI Analyst,,Junior,E-commerce
R_003182,CV,3,BI Analyst,,Junior,Retail
R_003183,CV,6,Program Coordinator,,Senior,Retail
R_003184,CV,6,Project Manager,,Mid,Logistics
R_003185,CV,5,Performance Marketer,,Mid,Logistics
R_003186,CV,1,FP&A Analyst,,Mid,Cybersecurity
R_003187,CV,4,Account Executive,,Senior,FinTech
R_003188,CV,5,Performance Marketer,,Senior,E-commerce
R_003189,CV,7,Customer Success Associate,,Mid,Healthcare
R_003190,CV,7,Customer Success Associate,,Senior,E-commerce
R_003191,CV,0,Software Engineer,,Junior,Retail
R_003192,CV,3,Data Analyst,,Mid,E-commerce
R_003193,CV,7,Customer Support Specialist,,Mid,SaaS
R_003194,CV,1,FP&A Analyst,,Senior,Cybersecurity
R_003195,CV,7,Technical Support Specialist,,Mid,FinTech
R_003196,CV,0,Full Stack Engineer,,Senior,Logistics
R_003197,CV,6,Program Coordinator,,Senior,Cybersecurity
R_003198,CV,3,Data Analyst,,Senior,EdTech
R_003199,CV,1,FP&A Analyst,,Junior,Travel
R_003200,CV,5,Performance Marketer,,Mid,SaaS
R_003201,CV,7,Customer Support Specialist,,Senior,SaaS
R_003202,CV,3,Data Analyst,,Senior,EdTech
R_003203,CV,0,Backend Engineer,,Mid,FinTech
R_003204,CV,2,Product Manager,,Mid,Travel
R_003205,CV,0,Backend Engineer,,Mid,SaaS
R_003206,CV,5,Marketing Manager,,Junior,SaaS
R_003207,CV,6,Project Manager,,Mid,Travel
R_003208,CV,3,Data Analyst,,Mid,Retail
R_003209,CV,5,Marketing Manager,,Senior,E-commerce
R_003210,CV,1,Financial Analyst,,Mid,FinTech
R_003211,CV,7,Customer Success Associate,,Mid,Healthcare
R_003212,CV,1,Financial Analyst,,Mid,SaaS
R_003213,CV,2,Product Manager,,Junior,Retail
R_003214,CV,5,Performance Marketer,,Mid,Logistics
R_003215,CV,5,Content Marketer,,Senior,Cybersecurity
R_003216,CV,1,FP&A Analyst,,Junior,Travel
R_003217,CV,7,Customer Support Specialist,,Senior,Healthcare
R_003218,CV,3,Business Analyst,,Mid,Gaming
R_003219,CV,6,Program Coordinator,,Junior,Logistics
R_003220,CV,0,Software Engineer,,Senior,Retail
R_003221,CV,7,Customer Support Specialist,,Mid,Travel
R_003222,CV,4,Business Development Manager,,Senior,E-commerce
R_003223,CV,7,Customer Support Specialist,,Senior,Travel
R_003224,CV,5,Content Marketer,,Senior,SaaS
R_003225,CV,3,BI Analyst,,Junior,Cybersecurity
R_003226,CV,0,Backend Engineer,,Senior,Logistics
R_003227,CV,6,Project Manager,,Mid,EdTech
R_003228,CV,0,Full Stack Engineer,,Senior,FinTech
R_003229,CV,7,Technical Support Specialist,,Senior,Cybersecurity
R_003230,CV,6,Project Manager,,Junior,Travel
R_003231,CV,1,FP&A Analyst,,Mid,FinTech
R_003232,CV,7,Technical Support Specialist,,Mid,Logistics
R_003233,CV,5,Content Marketer,,Junior,E-commerce
R_003234,CV,1,FP&A Analyst,,Senior,Travel
R_003235,CV,3,BI Analyst,,Senior,Cybersecurity
R_003236,CV,4,Account Executive,,Senior,Gaming
R_003237,CV,6,Program Coordinator,,Junior,FinTech
R_003238,CV,7,Customer Success Associate,,Senior,Retail
R_003239,CV,0,Software Engineer,,Junior,Cybersecurity
R_003240,CV,3,BI Analyst,,Junior,Travel
R_003241,CV,6,Program Coordinator,,Junior,Gaming
R_003242,CV,6,Project Manager,,Mid,Healthcare
R_003243,CV,3,BI Analyst,,Junior,Gaming
R_003244,CV,5,Performance Marketer,,Junior,SaaS
R_003245,CV,5,Content Marketer,,Senior,Logistics
R_003246,CV,3,Data Analyst,,Mid,Retail
R_003247,CV,5,Content Marketer,,Junior,FinTech
R_003248,CV,6,Operations Manager,,Mid,EdTech
R_003249,CV,0,Full Stack Engineer,,Mid,E-commerce
R_003250,CV,5,Marketing Manager,,Junior,E-commerce
R_003251,CV,6,Program Coordinator,,Mid,FinTech
R_003252,CV,5,Marketing Manager,,Senior,Travel
R_003253,CV,2,Product Manager,,Mid,Travel
R_003254,CV,7,Customer Support Specialist,,Mid,Cybersecurity
R_003255,CV,6,Operations Manager,,Mid,E-commerce
R_003256,CV,7,Technical Support Specialist,,Senior,Logistics
R_003257,CV,2,Associate Product Manager,,Junior,Gaming
R_003258,CV,3,BI Analyst,,Junior,SaaS
R_003259,CV,4,Business Development Manager,,Senior,SaaS
R_003260,CV,6,Operations Manager,,Mid,E-commerce
R_003261,CV,1,Financial Analyst,,Senior,Gaming
R_003262,CV,1,Junior Accountant,,Mid,EdTech
R_003263,CV,6,Project Manager,,Senior,SaaS
R_003264,CV,4,Account Executive,,Mid,Healthcare
R_003265,CV,1,Financial Analyst,,Junior,Retail
R_003266,CV,5,Marketing Manager,,Junior,Gaming
R_003267,CV,4,Account Executive,,Junior,E-commerce
R_003268,CV,6,Operations Manager,,Senior,Retail
R_003269,CV,2,Technical Product Manager,,Junior,Healthcare
R_003270,CV,5,Content Marketer,,Mid,EdTech
R_003271,CV,3,BI Analyst,,Mid,Logistics
R_003272,CV,4,Business Development Manager,,Junior,E-commerce
R_003273,CV,1,Financial Analyst,,Mid,Healthcare
R_003274,CV,3,Data Analyst,,Junior,FinTech
R_003275,CV,0,Backend Engineer,,Mid,Healthcare
R_003276,CV,7,Technical Support Specialist,,Mid,E-commerce
R_003277,CV,2,Technical Product Manager,,Senior,SaaS
R_003278,CV,4,Business Development Manager,,Junior,SaaS
R_003279,CV,3,Data Analyst,,Senior,Gaming
R_003280,CV,0,Backend Engineer,,Senior,SaaS
R_003281,CV,3,BI Analyst,,Senior,Cybersecurity
R_003282,CV,2,Product Manager,,Mid,Retail
R_003283,CV,3,Data Analyst,,Junior,Retail
R_003284,CV,1,Financial Analyst,,Mid,FinTech
R_003285,CV,7,Customer Support Specialist,,Mid,Healthcare
R_003286,CV,2,Associate Product Manager,,Senior,Travel
R_003287,CV,0,Software Engineer,,Senior,EdTech
R_003288,CV,2,Product Manager,,Senior,E-commerce
R_003289,CV,3,Data Analyst,,Mid,Gaming
R_003290,CV,5,Content Marketer,,Senior,SaaS
R_003291,CV,7,Customer Support Specialist,,Senior,Travel
R_003292,CV,4,Sales Representative,,Mid,Healthcare
R_003293,CV,5,Performance Marketer,,Junior,Retail
R_003294,CV,3,Data Analyst,,Mid,Travel
R_003295,CV,7,Technical Support Specialist,,Mid,Cybersecurity
R_003296,CV,2,Technical Product Manager,,Mid,Retail
R_003297,CV,4,Business Development Manager,,Junior,Healthcare
R_003298,CV,0,Backend Engineer,,Junior,Retail
R_003299,CV,6,Program Coordinator,,Junior,Logistics
R_003300,CV,7,Technical Support Specialist,,Senior,Retail
R_003301,CV,6,Operations Manager,,Junior,Retail
R_003302,CV,7,Technical Support Specialist,,Senior,SaaS
R_003303,CV,0,Full Stack Engineer,,Junior,Travel
R_003304,CV,0,Software Engineer,,Mid,Gaming
R_003305,CV,7,Customer Success Associate,,Junior,EdTech
R_003306,CV,0,Full Stack Engineer,,Mid,FinTech
R_003307,CV,4,Sales Representative,,Senior,Cybersecurity
R_003308,CV,7,Technical Support Specialist,,Junior,Logistics
R_003309,CV,5,Marketing Manager,,Senior,EdTech
R_003310,CV,5,Performance Marketer,,Mid,Healthcare
R_003311,CV,0,Full Stack Engineer,,Mid,Cybersecurity
R_003312,CV,6,Operations Manager,,Mid,Retail
R_003313,CV,5,Content Marketer,,Mid,FinTech
R_003314,CV,1,FP&A Analyst,,Junior,Logistics
R_003315,CV,2,Technical Product Manager,,Senior,Travel
R_003316,CV,3,BI Analyst,,Mid,Healthcare
R_003317,CV,0,Backend Engineer,,Senior,Retail
R_003318,CV,6,Project Manager,,Junior,SaaS
R_003319,CV,6,Operations Manager,,Junior,Cybersecurity
R_003320,CV,4,Sales Representative,,Junior,Retail
R_003321,CV,5,Content Marketer,,Junior,Cybersecurity
R_003322,CV,4,Account Executive,,Mid,Logistics
R_003323,CV,2,Associate Product Manager,,Mid,FinTech
R_003324,CV,5,Performance Marketer,,Senior,EdTech
R_003325,CV,7,Customer Support Specialist,,Junior,SaaS
R_003326,CV,6,Operations Manager,,Mid,EdTech
R_003327,CV,7,Customer Success Associate,,Senior,FinTech
R_003328,CV,0,Full Stack Engineer,,Mid,Retail
R_003329,CV,2,Product Manager,,Junior,EdTech
R_003330,CV,1,Financial Analyst,,Mid,EdTech
R_003331,CV,1,Financial Analyst,,Mid,SaaS
R_003332,CV,1,FP&A Analyst,,Junior,SaaS
R_003333,CV,2,Product Manager,,Senior,EdTech
R_003334,CV,6,Operations Manager,,Senior,Gaming
R_003335,CV,0,Software Engineer,,Junior,EdTech
R_003336,CV,0,Software Engineer,,Junior,EdTech
R_003337,CV,7,Customer Support Specialist,,Mid,Healthcare
R_003338,CV,1,FP&A Analyst,,Senior,E-commerce
R_003339,CV,1,FP&A Analyst,,Mid,FinTech
R_003340,CV,1,Financial Analyst,,Senior,Travel
R_003341,CV,7,Customer Support Specialist,,Junior,SaaS
R_003342,CV,5,Marketing Manager,,Mid,SaaS
R_003343,CV,4,Business Development Manager,,Senior,Logistics
R_003344,CV,1,FP&A Analyst,,Junior,SaaS
R_003345,CV,1,Financial Analyst,,Junior,Travel
R_003346,CV,7,Technical Support Specialist,,Mid,EdTech
R_003347,CV,7,Customer Success Associate,,Mid,E-commerce
R_003348,CV,4,Sales Representative,,Senior,Logistics
R_003349,CV,2,Associate Product Manager,,Junior,E-commerce
R_003350,CV,6,Project Manager,,Senior,Logistics
R_003351,CV,7,Customer Success Associate,,Junior,Healthcare
R_003352,CV,4,Sales Representative,,Junior,Cybersecurity
R_003353,CV,5,Content Marketer,,Junior,Travel
R_003354,CV,2,Product Manager,,Mid,SaaS
R_003355,CV,7,Technical Support Specialist,,Mid,Logistics
R_003356,CV,2,Associate Product Manager,,Mid,EdTech
R_003357,CV,7,Technical Support Specialist,,Senior,Cybersecurity
R_003358,CV,3,Data Analyst,,Junior,Gaming
R_003359,CV,7,Customer Support Specialist,,Junior,E-commerce
R_003360,CV,7,Customer Support Specialist,,Mid,Travel
R_003361,CV,3,BI Analyst,,Senior,Retail
R_003362,CV,6,Operations Manager,,Senior,FinTech
R_003363,CV,3,Data Analyst,,Senior,EdTech
R_003364,CV,7,Customer Success Associate,,Senior,Logistics
R_003365,CV,2,Associate Product Manager,,Junior,SaaS
R_003366,CV,6,Program Coordinator,,Senior,EdTech
R_003367,CV,1,FP&A Analyst,,Mid,SaaS
R_003368,CV,4,Business Development Manager,,Junior,FinTech
R_003369,CV,7,Customer Support Specialist,,Mid,E-commerce
R_003370,CV,6,Operations Manager,,Senior,Cybersecurity
R_003371,CV,0,Software Engineer,,Senior,Healthcare
R_003372,CV,1,Financial Analyst,,Mid,Cybersecurity
R_003373,CV,1,Junior Accountant,,Mid,EdTech
R_003374,CV,5,Content Marketer,,Junior,Travel
R_003375,CV,7,Customer Support Specialist,,Senior,Travel
R_003376,CV,7,Technical Support Specialist,,Mid,Healthcare
R_003377,CV,3,Data Analyst,,Senior,Retail
R_003378,CV,5,Performance Marketer,,Junior,E-commerce
R_003379,CV,3,Business Analyst,,Senior,E-commerce
R_003380,CV,1,FP&A Analyst,,Junior,Logistics
R_003381,CV,6,Program Coordinator,,Senior,FinTech
R_003382,CV,4,Business Development Manager,,Junior,E-commerce
R_003383,CV,5,Content Marketer,,Senior,Cybersecurity
R_003384,CV,6,Program Coordinator,,Senior,Logistics
R_003385,CV,0,Backend Engineer,,Senior,Healthcare
R_003386,CV,7,Customer Success Associate,,Senior,Retail
R_003387,CV,4,Account Executive,,Junior,Retail
R_003388,CV,4,Business Development Manager,,Mid,EdTech
R_003389,CV,1,FP&A Analyst,,Senior,Cybersecurity
R_003390,CV,7,Customer Support Specialist,,Mid,SaaS
R_003391,CV,5,Marketing Manager,,Junior,E-commerce
R_003392,CV,7,Customer Success Associate,,Senior,FinTech
R_003393,CV,3,BI Analyst,,Mid,Cybersecurity
R_003394,CV,1,Junior Accountant,,Mid,Cybersecurity
R_003395,CV,3,BI Analyst,,Senior,Cybersecurity
R_003396,CV,6,Operations Manager,,Junior,E-commerce
R_003397,CV,4,Account Executive,,Mid,Travel
R_003398,CV,1,Financial Analyst,,Mid,Healthcare
R_003399,CV,7,Customer Support Specialist,,Mid,Logistics
R_003400,CV,4,Account Executive,,Mid,Logistics
R_003401,CV,4,Sales Representative,,Mid,SaaS
R_003402,CV,0,Software Engineer,,Junior,Gaming
R_003403,CV,4,Business Development Manager,,Mid,Logistics
R_003404,CV,7,Technical Support Specialist,,Junior,Travel
R_003405,CV,0,Full Stack Engineer,,Senior,Gaming
R_003406,CV,6,Project Manager,,Mid,Logistics
R_003407,CV,5,Marketing Manager,,Senior,SaaS
R_003408,CV,7,Technical Support Specialist,,Mid,Healthcare
R_003409,CV,3,Business Analyst,,Senior,EdTech
R_003410,CV,0,Full Stack Engineer,,Mid,Retail
R_003411,CV,6,Operations Manager,,Junior,Logistics
R_003412,CV,6,Project Manager,,Junior,Travel
R_003413,CV,6,Operations Manager,,Mid,Cybersecurity
R_003414,CV,0,Full Stack Engineer,,Senior,Gaming
R_003415,CV,6,Program Coordinator,,Junior,Gaming
R_003416,CV,4,Sales Representative,,Mid,Cybersecurity
R_003417,CV,7,Customer Support Specialist,,Senior,Gaming
R_003418,CV,3,Business Analyst,,Junior,Retail
R_003419,CV,7,Customer Success Associate,,Senior,Logistics
R_003420,CV,7,Technical Support Specialist,,Senior,Logistics
R_003421,CV,2,Product Manager,,Mid,Logistics
R_003422,CV,4,Account Executive,,Mid,SaaS
R_003423,CV,3,BI Analyst,,Junior,SaaS
R_003424,CV,4,Sales Representative,,Junior,EdTech
R_003425,CV,0,Backend Engineer,,Junior,Logistics
R_003426,CV,4,Business Development Manager,,Junior,E-commerce
R_003427,CV,1,FP&A Analyst,,Junior,Gaming
R_003428,CV,0,Backend Engineer,,Senior,E-commerce
R_003429,CV,0,Backend Engineer,,Senior,Cybersecurity
R_003430,CV,1,FP&A Analyst,,Junior,Healthcare
R_003431,CV,4,Sales Representative,,Senior,EdTech
R_003432,CV,7,Technical Support Specialist,,Mid,Retail
R_003433,CV,2,Associate Product Manager,,Mid,Healthcare
R_003434,CV,0,Software Engineer,,Mid,Healthcare
R_003435,CV,1,Financial Analyst,,Junior,Logistics
R_003436,CV,1,Junior Accountant,,Senior,Logistics
R_003437,CV,1,Financial Analyst,,Junior,Travel
R_003438,CV,7,Technical Support Specialist,,Senior,Travel
R_003439,CV,4,Account Executive,,Mid,Cybersecurity
R_003440,CV,3,BI Analyst,,Junior,Travel
R_003441,CV,6,Operations Manager,,Mid,Healthcare
R_003442,CV,5,Marketing Manager,,Mid,Logistics
R_003443,CV,0,Backend Engineer,,Junior,EdTech
R_003444,CV,2,Associate Product Manager,,Junior,SaaS
R_003445,CV,1,Financial Analyst,,Junior,EdTech
R_003446,CV,3,BI Analyst,,Senior,SaaS
R_003447,CV,5,Performance Marketer,,Senior,E-commerce
R_003448,CV,13,Marketing Manager,,Mid,Logistics
R_003449,CV,2,Associate Product Manager,,Junior,Healthcare
R_003450,CV,2,Associate Product Manager,,Junior,Logistics
R_003451,CV,6,Program Coordinator,,Mid,Logistics
R_003452,CV,4,Account Executive,,Senior,Cybersecurity
R_003453,CV,0,Full Stack Engineer,,Senior,EdTech
R_003454,CV,1,Junior Accountant,,Mid,Logistics
R_003455,CV,4,Business Development Manager,,Senior,SaaS
R_003456,CV,1,Junior Accountant,,Junior,SaaS
R_003457,CV,4,Account Executive,,Senior,Travel
R_003458,CV,2,Product Manager,,Mid,E-commerce
R_003459,CV,2,Associate Product Manager,,Senior,E-commerce
R_003460,CV,5,Performance Marketer,,Junior,Retail
R_003461,CV,2,Product Manager,,Junior,Gaming
R_003462,CV,4,Sales Representative,,Junior,Cybersecurity
R_003463,CV,6,Program Coordinator,,Senior,Logistics
R_003464,CV,3,Business Analyst,,Junior,Travel
R_003465,CV,0,Software Engineer,,Senior,Travel
R_003466,CV,6,Program Coordinator,,Mid,SaaS
R_003467,CV,1,Junior Accountant,,Mid,Retail
R_003468,CV,6,Operations Manager,,Senior,Travel
R_003469,CV,3,BI Analyst,,Junior,E-commerce
R_003470,CV,6,Operations Manager,,Junior,E-commerce
R_003471,CV,5,Performance Marketer,,Senior,Gaming
R_003472,CV,3,Business Analyst,,Junior,Healthcare
R_003473,CV,5,Marketing Manager,,Mid,Retail
R_003474,CV,1,FP&A Analyst,,Junior,E-commerce
R_003475,CV,3,Data Analyst,,Mid,Retail
R_003476,CV,3,Data Analyst,,Senior,Healthcare
R_003477,CV,5,Performance Marketer,,Junior,FinTech
R_003478,CV,1,Financial Analyst,,Junior,Retail
R_003479,CV,3,BI Analyst,,Senior,Healthcare
R_003480,CV,0,Backend Engineer,,Senior,Gaming
R_003481,CV,5,Marketing Manager,,Mid,E-commerce
R_003482,CV,7,Customer Support Specialist,,Junior,E-commerce
R_003483,CV,4,Sales Representative,,Senior,EdTech
R_003484,CV,0,Software Engineer,,Mid,Gaming
R_003485,CV,4,Account Executive,,Mid,Retail
R_003486,CV,6,Operations Manager,,Junior,Healthcare
R_003487,CV,6,Operations Manager,,Senior,Logistics
R_003488,CV,4,Sales Representative,,Senior,FinTech
R_003489,CV,1,FP&A Analyst,,Senior,Cybersecurity
R_003490,CV,4,Account Executive,,Senior,FinTech
R_003491,CV,7,Technical Support Specialist,,Senior,FinTech
R_003492,CV,0,Backend Engineer,,Mid,Travel
R_003493,CV,7,Customer Support Specialist,,Mid,FinTech
R_003494,CV,7,Customer Success Associate,,Mid,E-commerce
R_003495,CV,0,Full Stack Engineer,,Junior,Logistics
R_003496,CV,0,Software Engineer,,Senior,EdTech
R_003497,CV,1,Junior Accountant,,Junior,E-commerce
R_003498,CV,3,Business Analyst,,Senior,Travel
R_003499,CV,3,BI Analyst,,Mid,Gaming
R_003500,CV,1,Junior Accountant,,Senior,Cybersecurity
R_003501,CV,6,Program Coordinator,,Mid,FinTech
R_003502,CV,0,Full Stack Engineer,,Senior,Healthcare
R_003503,CV,3,Business Analyst,,Junior,Cybersecurity
R_003504,CV,1,FP&A Analyst,,Mid,SaaS
R_003505,CV,7,Customer Support Specialist,,Senior,Healthcare
R_003506,CV,7,Technical Support Specialist,,Junior,Retail
R_003507,CV,2,Technical Product Manager,,Mid,E-commerce
R_003508,CV,4,Sales Representative,,Junior,EdTech
R_003509,CV,2,Associate Product Manager,,Senior,Logistics
R_003510,CV,5,Marketing Manager,,Junior,Cybersecurity
R_003511,CV,6,Operations Manager,,Senior,Logistics
R_003512,CV,4,Sales Representative,,Junior,EdTech
R_003513,CV,2,Product Manager,,Senior,EdTech
R_003514,CV,2,Product Manager,,Mid,Travel
R_003515,CV,5,Performance Marketer,,Mid,E-commerce
R_003516,CV,1,Junior Accountant,,Junior,Gaming
R_003517,CV,3,BI Analyst,,Senior,Healthcare
R_003518,CV,6,Operations Manager,,Mid,E-commerce
R_003519,CV,5,Marketing Manager,,Mid,Gaming
R_003520,CV,4,Account Executive,,Senior,Travel
R_003521,CV,5,Content Marketer,,Junior,Healthcare
R_003522,CV,6,Program Coordinator,,Mid,Logistics
R_003523,CV,5,Content Marketer,,Junior,E-commerce
R_003524,CV,5,Marketing Manager,,Mid,FinTech
R_003525,CV,4,Business Development Manager,,Mid,Retail
R_003526,CV,2,Associate Product Manager,,Mid,Cybersecurity
R_003527,CV,4,Sales Representative,,Mid,Logistics
R_003528,CV,7,Customer Support Specialist,,Mid,Cybersecurity
R_003529,CV,2,Technical Product Manager,,Senior,Travel
R_003530,CV,3,Business Analyst,,Senior,Healthcare
R_003531,CV,1,FP&A Analyst,,Senior,E-commerce
R_003532,CV,2,Product Manager,,Mid,SaaS
R_003533,CV,3,BI Analyst,,Mid,Logistics
R_003534,CV,3,Data Analyst,,Mid,Cybersecurity
R_003535,CV,3,BI Analyst,,Junior,Travel
R_003536,CV,1,Junior Accountant,,Senior,EdTech
R_003537,CV,4,Account Executive,,Mid,Cybersecurity
R_003538,CV,6,Program Coordinator,,Senior,Gaming
R_003539,CV,0,Full Stack Engineer,,Mid,EdTech
R_003540,CV,0,Full Stack Engineer,,Mid,EdTech
R_003541,CV,6,Project Manager,,Senior,Retail
R_003542,CV,5,Marketing Manager,,Senior,FinTech
R_003543,CV,5,Marketing Manager,,Senior,Healthcare
R_003544,CV,0,Full Stack Engineer,,Mid,Retail
R_003545,CV,6,Operations Manager,,Junior,Cybersecurity
R_003546,CV,4,Account Executive,,Junior,Retail
R_003547,CV,4,Account Executive,,Mid,Retail
R_003548,CV,1,FP&A Analyst,,Mid,Gaming
R_003549,CV,2,Associate Product Manager,,Senior,EdTech
R_003550,CV,0,Full Stack Engineer,,Senior,Healthcare
R_003551,CV,2,Technical Product Manager,,Junior,E-commerce
R_003552,CV,6,Project Manager,,Junior,EdTech
R_003553,CV,3,Business Analyst,,Mid,Logistics
R_003554,CV,3,Data Analyst,,Mid,FinTech
R_003555,CV,0,Backend Engineer,,Mid,EdTech
R_003556,CV,4,Business Development Manager,,Mid,FinTech
R_003557,CV,7,Technical Support Specialist,,Mid,SaaS
R_003558,CV,7,Technical Support Specialist,,Senior,Healthcare
R_003559,CV,6,Project Manager,,Mid,Gaming
R_003560,CV,4,Account Executive,,Mid,Cybersecurity
R_003561,CV,6,Project Manager,,Senior,Retail
R_003562,CV,5,Marketing Manager,,Mid,EdTech
R_003563,CV,2,Product Manager,,Senior,Cybersecurity
R_003564,CV,2,Associate Product Manager,,Senior,SaaS
R_003565,CV,4,Business Development Manager,,Mid,E-commerce
R_003566,CV,3,Data Analyst,,Senior,Retail
R_003567,CV,7,Customer Success Associate,,Senior,E-commerce
R_003568,CV,0,Full Stack Engineer,,Senior,SaaS
R_003569,CV,4,Account Executive,,Mid,FinTech
R_003570,CV,5,Marketing Manager,,Junior,Gaming
R_003571,CV,2,Technical Product Manager,,Mid,Travel
R_003572,CV,0,Backend Engineer,,Mid,Cybersecurity
R_003573,CV,7,Customer Support Specialist,,Junior,SaaS
R_003574,CV,3,Data Analyst,,Junior,Travel
R_003575,CV,3,Business Analyst,,Senior,Retail
R_003576,CV,4,Sales Representative,,Senior,Healthcare
R_003577,CV,6,Operations Manager,,Junior,Retail
R_003578,CV,7,Technical Support Specialist,,Senior,E-commerce
R_003579,CV,14,Business Development Manager,,Mid,Healthcare
R_003580,CV,7,Technical Support Specialist,,Junior,E-commerce
R_003581,CV,5,Performance Marketer,,Junior,E-commerce
R_003582,CV,0,Software Engineer,,Junior,Cybersecurity
R_003583,CV,4,Account Executive,,Mid,Logistics
R_003584,CV,5,Marketing Manager,,Junior,Logistics
R_003585,CV,3,BI Analyst,,Junior,E-commerce
R_003586,CV,6,Project Manager,,Senior,Healthcare
R_003587,CV,0,Backend Engineer,,Mid,Retail
R_003588,CV,4,Business Development Manager,,Senior,Gaming
R_003589,CV,1,Financial Analyst,,Senior,Logistics
R_003590,CV,7,Technical Support Specialist,,Junior,Gaming
R_003591,CV,2,Associate Product Manager,,Mid,E-commerce
R_003592,CV,0,Backend Engineer,,Senior,Gaming
R_003593,CV,0,Backend Engineer,,Junior,Cybersecurity
R_003594,CV,3,Data Analyst,,Senior,Logistics
R_003595,CV,7,Technical Support Specialist,,Mid,FinTech
R_003596,CV,2,Associate Product Manager,,Mid,Gaming
R_003597,CV,1,FP&A Analyst,,Junior,EdTech
R_003598,CV,4,Business Development Manager,,Mid,E-commerce
R_003599,CV,4,Account Executive,,Senior,SaaS
R_003600,CV,7,Customer Success Associate,,Mid,Gaming
R_003601,CV,5,Marketing Manager,,Mid,Logistics
R_003602,CV,4,Business Development Manager,,Junior,Gaming
R_003603,CV,0,Software Engineer,,Senior,FinTech
R_003604,CV,7,Customer Success Associate,,Senior,EdTech
R_003605,CV,4,Business Development Manager,,Mid,Retail
R_003606,CV,3,Data Analyst,,Junior,SaaS
R_003607,CV,7,Technical Support Specialist,,Junior,FinTech
R_003608,CV,5,Performance Marketer,,Junior,FinTech
R_003609,CV,3,Data Analyst,,Mid,Logistics
R_003610,CV,3,Data Analyst,,Mid,SaaS
R_003611,CV,3,BI Analyst,,Senior,Retail
R_003612,CV,1,FP&A Analyst,,Mid,E-commerce
R_003613,CV,5,Marketing Manager,,Senior,FinTech
R_003614,CV,7,Customer Success Associate,,Junior,E-commerce
R_003615,CV,7,Technical Support Specialist,,Mid,EdTech
R_003616,CV,6,Operations Manager,,Senior,Gaming
R_003617,CV,3,BI Analyst,,Mid,SaaS
R_003618,CV,6,Project Manager,,Junior,Retail
R_003619,CV,2,Technical Product Manager,,Junior,Gaming
R_003620,CV,7,Customer Support Specialist,,Mid,SaaS
R_003621,CV,7,Technical Support Specialist,,Junior,SaaS
R_003622,CV,3,Business Analyst,,Senior,SaaS
R_003623,CV,7,Customer Support Specialist,,Mid,Cybersecurity
R_003624,CV,7,Customer Support Specialist,,Mid,Retail
R_003625,CV,5,Content Marketer,,Junior,Gaming
R_003626,CV,6,Program Coordinator,,Senior,Travel
R_003627,CV,6,Project Manager,,Junior,Healthcare
R_003628,CV,3,Data Analyst,,Junior,FinTech
R_003629,CV,4,Sales Representative,,Junior,Healthcare
R_003630,CV,5,Content Marketer,,Senior,Gaming
R_003631,CV,5,Marketing Manager,,Senior,Travel
R_003632,CV,1,Financial Analyst,,Junior,Cybersecurity
R_003633,CV,3,BI Analyst,,Senior,SaaS
R_003634,CV,6,Operations Manager,,Mid,FinTech
R_003635,CV,3,Business Analyst,,Junior,Gaming
R_003636,CV,1,Junior Accountant,,Mid,SaaS
R_003637,CV,1,Financial Analyst,,Junior,E-commerce
R_003638,CV,5,Marketing Manager,,Senior,Gaming
R_003639,CV,3,Business Analyst,,Senior,Retail
R_003640,CV,1,FP&A Analyst,,Junior,Cybersecurity
R_003641,CV,6,Program Coordinator,,Senior,EdTech
R_003642,CV,5,Content Marketer,,Junior,Gaming
R_003643,CV,6,Program Coordinator,,Senior,FinTech
R_003644,CV,5,Performance Marketer,,Senior,SaaS
R_003645,CV,7,Customer Success Associate,,Junior,Logistics
R_003646,CV,0,Software Engineer,,Mid,Gaming
R_003647,CV,6,Operations Manager,,Mid,E-commerce
R_003648,CV,1,Financial Analyst,,Junior,Healthcare
R_003649,CV,7,Technical Support Specialist,,Mid,Logistics
R_003650,CV,4,Business Development Manager,,Senior,FinTech
R_003651,CV,4,Sales Representative,,Mid,E-commerce
R_003652,CV,4,Business Development Manager,,Junior,Retail
R_003653,CV,2,Associate Product Manager,,Junior,Cybersecurity
R_003654,CV,3,BI Analyst,,Mid,FinTech
R_003655,CV,3,BI Analyst,,Junior,SaaS
R_003656,CV,1,FP&A Analyst,,Mid,Retail
R_003657,CV,3,BI Analyst,,Mid,E-commerce
R_003658,CV,4,Business Development Manager,,Junior,Travel
R_003659,CV,0,Software Engineer,,Junior,Travel
R_003660,CV,2,Product Manager,,Junior,E-commerce
R_003661,CV,1,FP&A Analyst,,Senior,Healthcare
R_003662,CV,3,BI Analyst,,Junior,SaaS
R_003663,CV,6,Project Manager,,Senior,EdTech
R_003664,CV,4,Business Development Manager,,Mid,Healthcare
R_003665,CV,5,Content Marketer,,Junior,Travel
R_003666,CV,4,Account Executive,,Senior,Logistics
R_003667,CV,1,FP&A Analyst,,Senior,EdTech
R_003668,CV,3,Business Analyst,,Mid,Logistics
R_003669,CV,2,Associate Product Manager,,Senior,Retail
R_003670,CV,4,Business Development Manager,,Mid,SaaS
R_003671,CV,5,Content Marketer,,Mid,E-commerce
R_003672,CV,5,Performance Marketer,,Senior,Logistics
R_003673,CV,3,Business Analyst,,Junior,Cybersecurity
R_003674,CV,3,Business Analyst,,Junior,Travel
R_003675,CV,7,Customer Success Associate,,Senior,FinTech
R_003676,CV,1,Financial Analyst,,Mid,Healthcare
R_003677,CV,2,Associate Product Manager,,Mid,SaaS
R_003678,CV,4,Business Development Manager,,Senior,Healthcare
R_003679,CV,2,Associate Product Manager,,Mid,Logistics
R_003680,CV,2,Product Manager,,Mid,Travel
R_003681,CV,3,Business Analyst,,Senior,Logistics
R_003682,CV,3,Business Analyst,,Senior,Travel
R_003683,CV,5,Performance Marketer,,Senior,Gaming
R_003684,CV,2,Technical Product Manager,,Senior,Logistics
R_003685,CV,2,Technical Product Manager,,Mid,EdTech
R_003686,CV,1,Financial Analyst,,Junior,Retail
R_003687,CV,6,Project Manager,,Junior,E-commerce
R_003688,CV,0,Full Stack Engineer,,Mid,SaaS
R_003689,CV,4,Sales Representative,,Senior,Logistics
R_003690,CV,2,Technical Product Manager,,Junior,Logistics
R_003691,CV,7,Technical Support Specialist,,Senior,Healthcare
R_003692,CV,0,Backend Engineer,,Senior,EdTech
R_003693,CV,4,Business Development Manager,,Senior,EdTech
R_003694,CV,0,Full Stack Engineer,,Senior,Travel
R_003695,CV,1,Junior Accountant,,Mid,Cybersecurity
R_003696,CV,7,Customer Support Specialist,,Mid,SaaS
R_003697,CV,3,Business Analyst,,Senior,Gaming
R_003698,CV,0,Full Stack Engineer,,Mid,SaaS
R_003699,CV,5,Marketing Manager,,Senior,Retail
R_003700,CV,0,Backend Engineer,,Junior,Logistics
R_003701,CV,0,Software Engineer,,Mid,Retail
R_003702,CV,0,Backend Engineer,,Senior,FinTech
R_003703,CV,5,Performance Marketer,,Mid,FinTech
R_003704,CV,7,Customer Success Associate,,Junior,EdTech
R_003705,CV,0,Software Engineer,,Mid,Travel
R_003706,CV,6,Project Manager,,Senior,Retail
R_003707,CV,5,Marketing Manager,,Senior,Travel
R_003708,CV,1,Junior Accountant,,Mid,EdTech
R_003709,CV,4,Sales Representative,,Mid,Gaming
R_003710,CV,0,Backend Engineer,,Junior,Travel
R_003711,CV,5,Content Marketer,,Mid,SaaS
R_003712,CV,6,Program Coordinator,,Senior,E-commerce
R_003713,CV,0,Full Stack Engineer,,Senior,SaaS
R_003714,CV,1,Junior Accountant,,Senior,FinTech
R_003715,CV,3,BI Analyst,,Senior,Retail
R_003716,CV,3,BI Analyst,,Mid,Gaming
R_003717,CV,0,Backend Engineer,,Mid,E-commerce
R_003718,CV,1,Junior Accountant,,Mid,Retail
R_003719,CV,0,Software Engineer,,Mid,Logistics
R_003720,CV,2,Product Manager,,Mid,Cybersecurity
R_003721,CV,3,BI Analyst,,Junior,Travel
R_003722,CV,6,Operations Manager,,Junior,Logistics
R_003723,CV,7,Customer Support Specialist,,Mid,SaaS
R_003724,CV,5,Marketing Manager,,Mid,Healthcare
R_003725,CV,4,Business Development Manager,,Junior,E-commerce
R_003726,CV,5,Content Marketer,,Mid,Logistics
R_003727,CV,1,FP&A Analyst,,Mid,SaaS
R_003728,CV,3,Business Analyst,,Junior,Healthcare
R_003729,CV,7,Customer Support Specialist,,Junior,Retail
R_003730,CV,4,Business Development Manager,,Mid,Cybersecurity
R_003731,CV,3,Business Analyst,,Senior,SaaS
R_003732,CV,5,Content Marketer,,Senior,EdTech
R_003733,CV,7,Customer Support Specialist,,Junior,Retail
R_003734,CV,5,Content Marketer,,Senior,SaaS
R_003735,CV,2,Product Manager,,Mid,SaaS
R_003736,CV,1,Financial Analyst,,Mid,SaaS
R_003737,CV,6,Program Coordinator,,Mid,Logistics
R_003738,CV,0,Software Engineer,,Junior,Retail
R_003739,CV,5,Content Marketer,,Junior,Cybersecurity
R_003740,CV,1,Junior Accountant,,Mid,Retail
R_003741,CV,2,Associate Product Manager,,Senior,FinTech
R_003742,CV,1,Junior Accountant,,Mid,E-commerce
R_003743,CV,2,Product Manager,,Mid,SaaS
R_003744,CV,7,Customer Success Associate,,Junior,FinTech
R_003745,CV,1,Financial Analyst,,Junior,EdTech
R_003746,CV,0,Backend Engineer,,Mid,SaaS
R_003747,CV,6,Operations Manager,,Mid,E-commerce
R_003748,CV,0,Software Engineer,,Senior,Cybersecurity
R_003749,CV,5,Marketing Manager,,Junior,FinTech
R_003750,CV,0,Backend Engineer,,Senior,SaaS
R_003751,CV,7,Customer Support Specialist,,Junior,Retail
R_003752,CV,2,Product Manager,,Junior,Gaming
R_003753,CV,3,Data Analyst,,Junior,Logistics
R_003754,CV,3,Data Analyst,,Junior,Travel
R_003755,CV,0,Full Stack Engineer,,Mid,FinTech
R_003756,CV,1,FP&A Analyst,,Junior,FinTech
R_003757,CV,5,Content Marketer,,Mid,Cybersecurity
R_003758,CV,7,Customer Success Associate,,Senior,EdTech
R_003759,CV,1,Junior Accountant,,Mid,SaaS
R_003760,CV,3,Data Analyst,,Senior,E-commerce
R_003761,CV,3,Data Analyst,,Junior,SaaS
R_003762,CV,3,Data Analyst,,Mid,Cybersecurity
R_003763,CV,0,Full Stack Engineer,,Senior,Gaming
R_003764,CV,3,Business Analyst,,Senior,FinTech
R_003765,CV,0,Backend Engineer,,Mid,FinTech
R_003766,CV,6,Project Manager,,Junior,Travel
R_003767,CV,2,Associate Product Manager,,Mid,Logistics
R_003768,CV,6,Project Manager,,Junior,SaaS
R_003769,CV,3,BI Analyst,,Mid,EdTech
R_003770,CV,15,Backend Engineer,,Mid,EdTech
R_003771,CV,3,Data Analyst,,Mid,Healthcare
R_003772,CV,6,Program Coordinator,,Junior,Cybersecurity
R_003773,CV,4,Business Development Manager,,Junior,Gaming
R_003774,CV,0,Backend Engineer,,Junior,Travel
R_003775,CV,5,Marketing Manager,,Senior,Retail
R_003776,CV,0,Software Engineer,,Senior,SaaS
R_003777,CV,1,Junior Accountant,,Senior,Cybersecurity
R_003778,CV,1,Financial Analyst,,Junior,FinTech
R_003779,CV,1,FP&A Analyst,,Mid,EdTech
R_003780,CV,6,Project Manager,,Mid,Healthcare
R_003781,CV,4,Sales Representative,,Junior,Cybersecurity
R_003782,CV,7,Technical Support Specialist,,Mid,Retail
R_003783,CV,7,Customer Success Associate,,Mid,Travel
R_003784,CV,2,Technical Product Manager,,Mid,SaaS
R_003785,CV,1,Financial Analyst,,Junior,Logistics
R_003786,CV,5,Marketing Manager,,Mid,Healthcare
R_003787,CV,6,Operations Manager,,Junior,Travel
R_003788,CV,0,Full Stack Engineer,,Senior,FinTech
R_003789,CV,7,Technical Support Specialist,,Mid,Cybersecurity
R_003790,CV,0,Backend Engineer,,Junior,Healthcare
R_003791,CV,4,Sales Representative,,Junior,Logistics
R_003792,CV,4,Sales Representative,,Senior,Travel
R_003793,CV,3,BI Analyst,,Junior,EdTech
R_003794,CV,4,Account Executive,,Senior,SaaS
R_003795,CV,2,Associate Product Manager,,Junior,Logistics
R_003796,CV,5,Performance Marketer,,Senior,Retail
R_003797,CV,3,BI Analyst,,Mid,Healthcare
R_003798,CV,1,Financial Analyst,,Junior,EdTech
R_003799,CV,5,Content Marketer,,Junior,Gaming
R_003800,CV,0,Software Engineer,,Mid,SaaS
R_003801,CV,2,Technical Product Manager,,Senior,Healthcare
R_003802,CV,3,Business Analyst,,Mid,FinTech
R_003803,CV,5,Marketing Manager,,Senior,Gaming
R_003804,CV,6,Program Coordinator,,Junior,E-commerce
R_003805,CV,4,Account Executive,,Mid,FinTech
R_003806,CV,0,Backend Engineer,,Senior,E-commerce
R_003807,CV,2,Technical Product Manager,,Junior,EdTech
R_003808,CV,4,Account Executive,,Junior,SaaS
R_003809,CV,3,BI Analyst,,Junior,Retail
R_003810,CV,2,Associate Product Manager,,Senior,Logistics
R_003811,CV,4,Business Development Manager,,Mid,Retail
R_003812,CV,2,Product Manager,,Mid,Gaming
R_003813,CV,1,Junior Accountant,,Junior,Logistics
R_003814,CV,5,Marketing Manager,,Mid,Logistics
R_003815,CV,1,Financial Analyst,,Senior,Retail
R_003816,CV,5,Content Marketer,,Junior,E-commerce
R_003817,CV,5,Marketing Manager,,Senior,EdTech
R_003818,CV,3,Data Analyst,,Senior,Logistics
R_003819,CV,7,Customer Success Associate,,Mid,SaaS
R_003820,CV,7,Customer Support Specialist,,Junior,Retail
R_003821,CV,7,Technical Support Specialist,,Mid,Cybersecurity
R_003822,CV,7,Technical Support Specialist,,Mid,Gaming
R_003823,CV,1,Financial Analyst,,Senior,SaaS
R_003824,CV,0,Software Engineer,,Senior,Logistics
R_003825,CV,3,Business Analyst,,Mid,FinTech
R_003826,CV,7,Technical Support Specialist,,Mid,Healthcare
R_003827,CV,4,Sales Representative,,Junior,Travel
R_003828,CV,2,Product Manager,,Junior,Retail
R_003829,CV,5,Performance Marketer,,Mid,Logistics
R_003830,CV,5,Performance Marketer,,Senior,E-commerce
R_003831,CV,7,Customer Support Specialist,,Junior,EdTech
R_003832,CV,0,Software Engineer,,Mid,Logistics
R_003833,CV,6,Project Manager,,Mid,Logistics
R_003834,CV,7,Customer Success Associate,,Senior,Healthcare
R_003835,CV,2,Technical Product Manager,,Junior,EdTech
R_003836,CV,1,FP&A Analyst,,Junior,Logistics
R_003837,CV,0,Full Stack Engineer,,Mid,Logistics
R_003838,CV,7,Technical Support Specialist,,Mid,Travel
R_003839,CV,0,Software Engineer,,Junior,Travel
R_003840,CV,7,Technical Support Specialist,,Mid,Travel
R_003841,CV,6,Program Coordinator,,Mid,Retail
R_003842,CV,5,Marketing Manager,,Mid,Logistics
R_003843,CV,0,Full Stack Engineer,,Mid,SaaS
R_003844,CV,1,FP&A Analyst,,Senior,Logistics
R_003845,CV,1,Financial Analyst,,Mid,Healthcare
R_003846,CV,5,Content Marketer,,Mid,Healthcare
R_003847,CV,0,Software Engineer,,Junior,Healthcare
R_003848,CV,2,Technical Product Manager,,Mid,SaaS
R_003849,CV,4,Business Development Manager,,Senior,Gaming
R_003850,CV,1,FP&A Analyst,,Junior,Travel
R_003851,CV,4,Account Executive,,Mid,Cybersecurity
R_003852,CV,0,Software Engineer,,Junior,E-commerce
R_003853,CV,4,Sales Representative,,Senior,Logistics
R_003854,CV,5,Content Marketer,,Junior,Retail
R_003855,CV,7,Customer Support Specialist,,Junior,EdTech
R_003856,CV,1,FP&A Analyst,,Senior,Cybersecurity
R_003857,CV,4,Account Executive,,Senior,E-commerce
R_003858,CV,2,Technical Product Manager,,Junior,Healthcare
R_003859,CV,4,Business Development Manager,,Mid,Logistics
R_003860,CV,2,Associate Product Manager,,Mid,EdTech
R_003861,CV,3,Data Analyst,,Senior,Gaming
R_003862,CV,2,Technical Product Manager,,Senior,Travel
R_003863,CV,0,Backend Engineer,,Senior,Healthcare
R_003864,CV,7,Customer Success Associate,,Mid,Retail
R_003865,CV,2,Technical Product Manager,,Mid,Travel
R_003866,CV,6,Project Manager,,Mid,Cybersecurity
R_003867,CV,6,Program Coordinator,,Senior,Healthcare
R_003868,CV,5,Content Marketer,,Junior,Travel
R_003869,CV,4,Sales Representative,,Junior,FinTech
R_003870,CV,7,Customer Support Specialist,,Senior,Gaming
R_003871,CV,7,Technical Support Specialist,,Senior,Logistics
R_003872,CV,2,Technical Product Manager,,Junior,Travel
R_003873,CV,7,Technical Support Specialist,,Junior,Gaming
R_003874,CV,5,Content Marketer,,Mid,Gaming
R_003875,CV,5,Marketing Manager,,Senior,E-commerce
R_003876,CV,5,Marketing Manager,,Junior,Cybersecurity
R_003877,CV,2,Technical Product Manager,,Junior,FinTech
R_003878,CV,6,Project Manager,,Junior,Retail
R_003879,CV,1,Junior Accountant,,Senior,EdTech
R_003880,CV,5,Marketing Manager,,Senior,Retail
R_003881,CV,3,Business Analyst,,Junior,Gaming
R_003882,CV,5,Marketing Manager,,Mid,Logistics
R_003883,CV,2,Product Manager,,Junior,EdTech
R_003884,CV,1,Junior Accountant,,Mid,EdTech
R_003885,CV,6,Operations Manager,,Junior,Retail
R_003886,CV,3,Business Analyst,,Junior,Retail
R_003887,CV,6,Program Coordinator,,Junior,Logistics
R_003888,CV,3,BI Analyst,,Senior,Gaming
R_003889,CV,1,Junior Accountant,,Junior,E-commerce
R_003890,CV,2,Associate Product Manager,,Senior,FinTech
R_003891,CV,4,Account Executive,,Senior,Healthcare
R_003892,CV,3,Business Analyst,,Mid,Logistics
R_003893,CV,6,Operations Manager,,Junior,E-commerce
R_003894,CV,2,Associate Product Manager,,Junior,Retail
R_003895,CV,0,Software Engineer,,Senior,Gaming
R_003896,CV,0,Full Stack Engineer,,Mid,Retail
R_003897,CV,1,Financial Analyst,,Mid,SaaS
R_003898,CV,0,Backend Engineer,,Junior,Retail
R_003899,CV,6,Operations Manager,,Senior,Logistics
R_003900,CV,7,Technical Support Specialist,,Senior,FinTech
R_003901,CV,6,Project Manager,,Senior,Healthcare
R_003902,CV,4,Account Executive,,Junior,EdTech
R_003903,CV,4,Sales Representative,,Senior,Retail
R_003904,CV,6,Project Manager,,Junior,E-commerce
R_003905,CV,6,Program Coordinator,,Mid,Healthcare
R_003906,CV,3,BI Analyst,,Mid,EdTech
R_003907,CV,6,Project Manager,,Junior,Travel
R_003908,CV,5,Marketing Manager,,Mid,Gaming
R_003909,CV,5,Content Marketer,,Mid,Gaming
R_003910,CV,6,Operations Manager,,Senior,SaaS
R_003911,CV,7,Customer Support Specialist,,Mid,SaaS
R_003912,CV,1,Financial Analyst,,Senior,Healthcare
R_003913,CV,7,Customer Support Specialist,,Mid,E-commerce
R_003914,CV,6,Project Manager,,Senior,Cybersecurity
R_003915,CV,4,Account Executive,,Junior,EdTech
R_003916,CV,0,Software Engineer,,Senior,Travel
R_003917,CV,0,Software Engineer,,Senior,E-commerce
R_003918,CV,4,Business Development Manager,,Mid,Healthcare
R_003919,CV,0,Full Stack Engineer,,Junior,Travel
R_003920,CV,5,Performance Marketer,,Senior,EdTech
R_003921,CV,4,Business Development Manager,,Senior,FinTech
R_003922,CV,0,Software Engineer,,Mid,Logistics
R_003923,CV,0,Software Engineer,,Mid,Logistics
R_003924,CV,2,Associate Product Manager,,Senior,SaaS
R_003925,CV,2,Technical Product Manager,,Senior,EdTech
R_003926,CV,2,Technical Product Manager,,Senior,Retail
R_003927,CV,5,Performance Marketer,,Senior,Healthcare
R_003928,CV,4,Business Development Manager,,Junior,Retail
R_003929,CV,5,Content Marketer,,Senior,Gaming
R_003930,CV,6,Program Coordinator,,Senior,EdTech
R_003931,CV,7,Technical Support Specialist,,Senior,E-commerce
R_003932,CV,3,BI Analyst,,Junior,Healthcare
R_003933,CV,5,Performance Marketer,,Mid,Gaming
R_003934,CV,7,Technical Support Specialist,,Junior,Gaming
R_003935,CV,5,Performance Marketer,,Mid,Healthcare
R_003936,CV,2,Associate Product Manager,,Junior,Travel
R_003937,CV,3,Business Analyst,,Senior,Logistics
R_003938,CV,2,Associate Product Manager,,Senior,EdTech
R_003939,CV,1,Financial Analyst,,Senior,Cybersecurity
R_003940,CV,6,Program Coordinator,,Mid,SaaS
R_003941,CV,4,Business Development Manager,,Mid,Logistics
R_003942,CV,4,Account Executive,,Mid,Healthcare
R_003943,CV,3,BI Analyst,,Senior,Healthcare
R_003944,CV,7,Technical Support Specialist,,Junior,Gaming
R_003945,CV,3,BI Analyst,,Junior,FinTech
R_003946,CV,3,BI Analyst,,Senior,Retail
R_003947,CV,5,Performance Marketer,,Senior,Logistics
R_003948,CV,6,Project Manager,,Senior,E-commerce
R_003949,CV,0,Full Stack Engineer,,Junior,E-commerce
R_003950,CV,1,FP&A Analyst,,Senior,Logistics
R_003951,CV,4,Sales Representative,,Mid,FinTech
R_003952,CV,4,Business Development Manager,,Senior,FinTech
R_003953,CV,7,Customer Success Associate,,Junior,Logistics
R_003954,CV,0,Backend Engineer,,Junior,Retail
R_003955,CV,4,Account Executive,,Mid,Travel
R_003956,CV,5,Content Marketer,,Mid,Logistics
R_003957,CV,1,Junior Accountant,,Senior,Gaming
R_003958,CV,5,Content Marketer,,Senior,Retail
R_003959,CV,0,Backend Engineer,,Senior,E-commerce
R_003960,CV,1,Financial Analyst,,Mid,EdTech
R_003961,CV,5,Marketing Manager,,Mid,Retail
R_003962,CV,3,Data Analyst,,Senior,Retail
R_003963,CV,5,Marketing Manager,,Senior,Cybersecurity
R_003964,CV,1,FP&A Analyst,,Junior,Retail
R_003965,CV,2,Technical Product Manager,,Senior,Logistics
R_003966,CV,3,Data Analyst,,Mid,SaaS
R_003967,CV,0,Backend Engineer,,Senior,E-commerce
R_003968,CV,4,Business Development Manager,,Senior,Healthcare
R_003969,CV,7,Customer Support Specialist,,Mid,SaaS
R_003970,CV,5,Content Marketer,,Mid,Gaming
R_003971,CV,7,Customer Support Specialist,,Mid,EdTech
R_003972,CV,3,Data Analyst,,Mid,Healthcare
R_003973,CV,0,Full Stack Engineer,,Junior,FinTech
R_003974,CV,1,Junior Accountant,,Mid,E-commerce
R_003975,CV,5,Performance Marketer,,Junior,Cybersecurity
R_003976,CV,0,Full Stack Engineer,,Junior,EdTech
R_003977,CV,2,Product Manager,,Junior,Gaming
R_003978,CV,1,Financial Analyst,,Junior,SaaS
R_003979,CV,5,Marketing Manager,,Senior,Retail
R_003980,CV,0,Backend Engineer,,Junior,SaaS
R_003981,CV,4,Account Executive,,Mid,SaaS
R_003982,CV,2,Associate Product Manager,,Senior,Travel
R_003983,CV,2,Product Manager,,Mid,Healthcare
R_003984,CV,2,Technical Product Manager,,Junior,Healthcare
R_003985,CV,0,Software Engineer,,Senior,Cybersecurity
R_003986,CV,2,Technical Product Manager,,Junior,Healthcare
R_003987,CV,7,Customer Success Associate,,Junior,Retail
R_003988,CV,2,Associate Product Manager,,Senior,FinTech
R_003989,CV,4,Sales Representative,,Senior,E-commerce
R_003990,CV,4,Account Executive,,Junior,SaaS
R_003991,CV,4,Account Executive,,Junior,SaaS
R_003992,CV,2,Associate Product Manager,,Mid,Retail
R_003993,CV,6,Program Coordinator,,Junior,Gaming
R_003994,CV,5,Content Marketer,,Senior,Healthcare
R_003995,CV,7,Customer Support Specialist,,Mid,Retail
R_003996,CV,4,Sales Representative,,Mid,Cybersecurity
R_003997,CV,5,Content Marketer,,Junior,FinTech
R_003998,CV,1,FP&A Analyst,,Mid,Healthcare
R_003999,CV,2,Associate Product Manager,,Senior,E-commerce
R_004000,CV,4,Sales Representative,,Mid,FinTech
R_004001,CV,5,Performance Marketer,,Junior,Cybersecurity
R_004002,CV,2,Technical Product Manager,,Mid,Healthcare
R_004003,CV,0,Software Engineer,,Senior,E-commerce
R_004004,CV,7,Customer Success Associate,,Mid,Gaming
R_004005,CV,5,Content Marketer,,Junior,Travel
R_004006,CV,7,Customer Support Specialist,,Senior,E-commerce
R_004007,CV,2,Product Manager,,Mid,SaaS
R_004008,CV,2,Product Manager,,Mid,Healthcare
R_004009,CV,1,Financial Analyst,,Junior,Cybersecurity
R_004010,CV,0,Software Engineer,,Junior,Retail
R_004011,CV,2,Technical Product Manager,,Mid,E-commerce
R_004012,CV,4,Sales Representative,,Mid,Travel
R_004013,CV,5,Performance Marketer,,Junior,FinTech
R_004014,CV,1,Financial Analyst,,Senior,Retail
R_004015,CV,7,Customer Support Specialist,,Senior,EdTech
R_004016,CV,6,Operations Manager,,Mid,Cybersecurity
R_004017,CV,5,Marketing Manager,,Senior,FinTech
R_004018,CV,6,Operations Manager,,Mid,E-commerce
R_004019,CV,2,Product Manager,,Junior,Logistics
R_004020,CV,3,Data Analyst,,Mid,SaaS
R_004021,CV,7,Customer Success Associate,,Junior,SaaS
R_004022,CV,1,Junior Accountant,,Mid,FinTech
R_004023,CV,1,Junior Accountant,,Mid,E-commerce
R_004024,CV,0,Software Engineer,,Senior,EdTech
R_004025,CV,3,BI Analyst,,Junior,Travel
R_004026,CV,3,BI Analyst,,Senior,SaaS
R_004027,CV,6,Project Manager,,Mid,Healthcare
R_004028,CV,1,Financial Analyst,,Senior,Retail
R_004029,CV,5,Marketing Manager,,Junior,Travel
R_004030,CV,7,Customer Support Specialist,,Mid,Retail
R_004031,CV,1,Junior Accountant,,Mid,Retail
R_004032,CV,7,Technical Support Specialist,,Mid,Cybersecurity
R_004033,CV,5,Performance Marketer,,Junior,Cybersecurity
R_004034,CV,5,Performance Marketer,,Senior,Logistics
R_004035,CV,4,Sales Representative,,Senior,SaaS
R_004036,CV,6,Operations Manager,,Senior,E-commerce
R_004037,CV,2,Product Manager,,Mid,Gaming
R_004038,CV,3,BI Analyst,,Junior,Healthcare
R_004039,CV,6,Program Coordinator,,Junior,FinTech
R_004040,CV,0,Software Engineer,,Junior,SaaS
R_004041,CV,3,BI Analyst,,Junior,Healthcare
R_004042,CV,4,Sales Representative,,Mid,FinTech
R_004043,CV,3,BI Analyst,,Mid,Cybersecurity
R_004044,CV,7,Customer Support Specialist,,Junior,EdTech
R_004045,CV,1,Junior Accountant,,Senior,E-commerce
R_004046,CV,7,Customer Support Specialist,,Junior,E-commerce
R_004047,CV,1,FP&A Analyst,,Mid,FinTech
R_004048,CV,1,Financial Analyst,,Junior,FinTech
R_004049,CV,1,FP&A Analyst,,Mid,Gaming
R_004050,CV,6,Program Coordinator,,Senior,SaaS
R_004051,CV,4,Sales Representative,,Senior,Cybersecurity
R_004052,CV,1,FP&A Analyst,,Senior,SaaS
R_004053,CV,5,Content Marketer,,Mid,EdTech
R_004054,CV,3,BI Analyst,,Senior,EdTech
R_004055,CV,4,Business Development Manager,,Mid,FinTech
R_004056,CV,4,Sales Representative,,Mid,Logistics
R_004057,CV,4,Sales Representative,,Mid,E-commerce
R_004058,CV,1,Junior Accountant,,Junior,SaaS
R_004059,CV,7,Technical Support Specialist,,Mid,E-commerce
R_004060,CV,4,Business Development Manager,,Senior,SaaS
R_004061,CV,4,Business Development Manager,,Junior,Retail
R_004062,CV,4,Business Development Manager,,Mid,E-commerce
R_004063,CV,6,Program Coordinator,,Junior,Logistics
R_004064,CV,7,Customer Success Associate,,Mid,Logistics
R_004065,CV,5,Marketing Manager,,Mid,E-commerce
R_004066,CV,4,Account Executive,,Junior,E-commerce
R_004067,CV,6,Program Coordinator,,Mid,E-commerce
R_004068,CV,4,Business Development Manager,,Junior,EdTech
R_004069,CV,1,Junior Accountant,,Senior,Retail
R_004070,CV,3,BI Analyst,,Senior,Logistics
R_004071,CV,1,Financial Analyst,,Mid,SaaS
R_004072,CV,6,Operations Manager,,Mid,Logistics
R_004073,CV,6,Operations Manager,,Junior,Cybersecurity
R_004074,CV,6,Program Coordinator,,Mid,Healthcare
R_004075,CV,6,Program Coordinator,,Junior,Cybersecurity
R_004076,CV,1,Financial Analyst,,Mid,SaaS
R_004077,CV,0,Full Stack Engineer,,Mid,Healthcare
R_004078,CV,1,FP&A Analyst,,Junior,Healthcare
R_004079,CV,6,Operations Manager,,Junior,EdTech
R_004080,CV,7,Customer Support Specialist,,Junior,SaaS
R_004081,CV,0,Software Engineer,,Junior,SaaS
R_004082,CV,7,Technical Support Specialist,,Senior,Retail
R_004083,CV,6,Project Manager,,Senior,E-commerce
R_004084,CV,4,Business Development Manager,,Senior,Travel
R_004085,CV,7,Customer Success Associate,,Mid,Logistics
R_004086,CV,3,Data Analyst,,Junior,Logistics
R_004087,CV,3,Business Analyst,,Mid,Gaming
R_004088,CV,2,Associate Product Manager,,Senior,Healthcare
R_004089,CV,2,Product Manager,,Junior,EdTech
R_004090,CV,5,Performance Marketer,,Mid,Cybersecurity
R_004091,CV,1,Financial Analyst,,Mid,Logistics
R_004092,CV,7,Technical Support Specialist,,Senior,Cybersecurity
R_004093,CV,2,Technical Product Manager,,Junior,Logistics
R_004094,CV,0,Full Stack Engineer,,Mid,Travel
R_004095,CV,3,BI Analyst,,Junior,Healthcare
R_004096,CV,1,FP&A Analyst,,Junior,Logistics
R_004097,CV,1,FP&A Analyst,,Senior,Travel
R_004098,CV,2,Product Manager,,Mid,Travel
R_004099,CV,4,Business Development Manager,,Senior,Healthcare
R_004100,CV,1,Financial Analyst,,Senior,FinTech
R_004101,CV,0,Backend Engineer,,Senior,FinTech
R_004102,CV,0,Software Engineer,,Mid,Healthcare
R_004103,CV,1,Financial Analyst,,Senior,Retail
R_004104,CV,7,Customer Success Associate,,Senior,Retail
R_004105,CV,4,Business Development Manager,,Mid,Healthcare
R_004106,CV,3,Business Analyst,,Mid,Gaming
R_004107,CV,6,Program Coordinator,,Junior,Healthcare
R_004108,CV,4,Sales Representative,,Senior,Travel
R_004109,CV,7,Customer Success Associate,,Senior,E-commerce
R_004110,CV,4,Sales Representative,,Mid,FinTech
R_004111,CV,0,Full Stack Engineer,,Junior,Healthcare
R_004112,CV,1,Financial Analyst,,Mid,FinTech
R_004113,CV,3,Data Analyst,,Mid,Gaming
R_004114,CV,7,Technical Support Specialist,,Senior,E-commerce
R_004115,CV,2,Technical Product Manager,,Junior,EdTech
R_004116,CV,5,Performance Marketer,,Junior,Cybersecurity
R_004117,CV,6,Project Manager,,Junior,E-commerce
R_004118,CV,3,BI Analyst,,Senior,Logistics
R_004119,CV,2,Associate Product Manager,,Mid,E-commerce
R_004120,CV,3,Business Analyst,,Senior,E-commerce
R_004121,CV,7,Customer Success Associate,,Mid,Travel
R_004122,CV,16,Backend Engineer,,Mid,Cybersecurity
R_004123,CV,0,Full Stack Engineer,,Mid,Travel
R_004124,CV,7,Customer Success Associate,,Mid,SaaS
R_004125,CV,1,FP&A Analyst,,Junior,Cybersecurity
R_004126,CV,2,Product Manager,,Junior,Logistics
R_004127,CV,5,Marketing Manager,,Senior,EdTech
R_004128,CV,1,Junior Accountant,,Junior,FinTech
R_004129,CV,6,Operations Manager,,Junior,Travel
R_004130,CV,4,Account Executive,,Mid,FinTech
R_004131,CV,7,Customer Success Associate,,Junior,SaaS
R_004132,CV,3,Data Analyst,,Junior,SaaS
R_004133,CV,6,Operations Manager,,Senior,EdTech
R_004134,CV,2,Product Manager,,Senior,Cybersecurity
R_004135,CV,5,Marketing Manager,,Senior,SaaS
R_004136,CV,5,Content Marketer,,Junior,EdTech
R_004137,CV,5,Marketing Manager,,Junior,Retail
R_004138,CV,0,Backend Engineer,,Mid,Travel
R_004139,CV,6,Project Manager,,Senior,EdTech
R_004140,CV,0,Backend Engineer,,Mid,Logistics
R_004141,CV,7,Technical Support Specialist,,Junior,Healthcare
R_004142,CV,7,Technical Support Specialist,,Senior,Cybersecurity
R_004143,CV,7,Customer Success Associate,,Mid,Travel
R_004144,CV,6,Program Coordinator,,Junior,Logistics
R_004145,CV,3,Business Analyst,,Mid,FinTech
R_004146,CV,4,Business Development Manager,,Senior,Cybersecurity
R_004147,CV,7,Customer Support Specialist,,Junior,FinTech
R_004148,CV,0,Backend Engineer,,Junior,E-commerce
R_004149,CV,4,Sales Representative,,Junior,Logistics
R_004150,CV,2,Associate Product Manager,,Senior,SaaS
R_004151,CV,0,Full Stack Engineer,,Junior,Travel
R_004152,CV,4,Sales Representative,,Mid,SaaS
R_004153,CV,5,Marketing Manager,,Junior,Cybersecurity
R_004154,CV,0,Full Stack Engineer,,Mid,Cybersecurity
R_004155,CV,0,Full Stack Engineer,,Mid,Logistics
R_004156,CV,2,Technical Product Manager,,Mid,FinTech
R_004157,CV,7,Customer Success Associate,,Mid,Cybersecurity
R_004158,CV,5,Marketing Manager,,Mid,Healthcare
R_004159,CV,4,Sales Representative,,Junior,FinTech
R_004160,CV,6,Operations Manager,,Mid,Healthcare
R_004161,CV,0,Full Stack Engineer,,Junior,Logistics
R_004162,CV,6,Operations Manager,,Junior,SaaS
R_004163,CV,6,Project Manager,,Senior,Travel
R_004164,CV,7,Technical Support Specialist,,Junior,EdTech
R_004165,CV,7,Customer Support Specialist,,Junior,Travel
R_004166,CV,3,Business Analyst,,Mid,Retail
R_004167,CV,5,Marketing Manager,,Junior,Retail
R_004168,CV,6,Program Coordinator,,Junior,E-commerce
R_004169,CV,0,Backend Engineer,,Senior,Cybersecurity
R_004170,CV,0,Software Engineer,,Mid,Travel
R_004171,CV,2,Technical Product Manager,,Mid,SaaS
R_004172,CV,0,Backend Engineer,,Senior,EdTech
R_004173,CV,2,Product Manager,,Junior,Travel
R_004174,CV,2,Associate Product Manager,,Junior,Gaming
R_004175,CV,4,Sales Representative,,Senior,Logistics
R_004176,CV,0,Full Stack Engineer,,Mid,Travel
R_004177,CV,0,Full Stack Engineer,,Senior,Retail
R_004178,CV,0,Full Stack Engineer,,Senior,FinTech
R_004179,CV,3,BI Analyst,,Senior,Gaming
R_004180,CV,3,Business Analyst,,Junior,Travel
R_004181,CV,5,Marketing Manager,,Mid,SaaS
R_004182,CV,6,Operations Manager,,Mid,EdTech
R_004183,CV,7,Customer Support Specialist,,Junior,Logistics
R_004184,CV,7,Customer Success Associate,,Mid,SaaS
R_004185,CV,1,FP&A Analyst,,Junior,SaaS
R_004186,CV,6,Operations Manager,,Junior,SaaS
R_004187,CV,0,Backend Engineer,,Mid,Healthcare
R_004188,CV,6,Project Manager,,Mid,EdTech
R_004189,CV,2,Product Manager,,Junior,E-commerce
R_004190,CV,2,Technical Product Manager,,Mid,SaaS
R_004191,CV,0,Full Stack Engineer,,Senior,Logistics
R_004192,CV,5,Content Marketer,,Junior,Travel
R_004193,CV,3,Data Analyst,,Mid,Logistics
R_004194,CV,5,Marketing Manager,,Mid,Cybersecurity
R_004195,CV,0,Software Engineer,,Senior,SaaS
R_004196,CV,7,Customer Success Associate,,Junior,Gaming
R_004197,CV,7,Customer Support Specialist,,Senior,Healthcare
R_004198,CV,5,Marketing Manager,,Mid,E-commerce
R_004199,CV,3,Business Analyst,,Mid,Healthcare
R_004200,CV,6,Operations Manager,,Junior,EdTech
R_004201,CV,0,Full Stack Engineer,,Mid,SaaS
R_004202,CV,5,Marketing Manager,,Senior,E-commerce
R_004203,CV,1,FP&A Analyst,,Senior,Logistics
R_004204,CV,7,Customer Success Associate,,Senior,Gaming
R_004205,CV,1,Junior Accountant,,Mid,Logistics
R_004206,CV,4,Sales Representative,,Junior,Travel
R_004207,CV,2,Technical Product Manager,,Mid,Cybersecurity
R_004208,CV,5,Marketing Manager,,Mid,Cybersecurity
R_004209,CV,7,Customer Support Specialist,,Mid,Retail
R_004210,CV,0,Backend Engineer,,Junior,EdTech
R_004211,CV,5,Content Marketer,,Senior,EdTech
R_004212,CV,4,Sales Representative,,Junior,EdTech
R_004213,CV,0,Backend Engineer,,Junior,E-commerce
R_004214,CV,7,Technical Support Specialist,,Mid,FinTech
R_004215,CV,1,FP&A Analyst,,Mid,SaaS
R_004216,CV,4,Sales Representative,,Senior,Cybersecurity
R_004217,CV,6,Project Manager,,Junior,EdTech
R_004218,CV,3,Business Analyst,,Junior,Logistics
R_004219,CV,6,Operations Manager,,Junior,Cybersecurity
R_004220,CV,4,Account Executive,,Mid,Retail
R_004221,CV,5,Marketing Manager,,Mid,Logistics
R_004222,CV,6,Project Manager,,Junior,FinTech
R_004223,CV,3,Business Analyst,,Senior,Cybersecurity
R_004224,CV,0,Full Stack Engineer,,Senior,SaaS
R_004225,CV,0,Full Stack Engineer,,Senior,SaaS
R_004226,CV,0,Backend Engineer,,Senior,FinTech
R_004227,CV,1,Junior Accountant,,Junior,Travel
R_004228,CV,2,Product Manager,,Junior,Gaming
R_004229,CV,1,FP&A Analyst,,Senior,Gaming
R_004230,CV,0,Full Stack Engineer,,Junior,FinTech
R_004231,CV,3,Data Analyst,,Junior,Gaming
R_004232,CV,5,Performance Marketer,,Senior,Logistics
R_004233,CV,3,BI Analyst,,Junior,Cybersecurity
R_004234,CV,6,Program Coordinator,,Mid,Healthcare
R_004235,CV,7,Technical Support Specialist,,Mid,EdTech
R_004236,CV,7,Technical Support Specialist,,Senior,Travel
R_004237,CV,5,Content Marketer,,Junior,FinTech
R_004238,CV,5,Marketing Manager,,Junior,EdTech
R_004239,CV,0,Full Stack Engineer,,Junior,Healthcare
R_004240,CV,6,Operations Manager,,Senior,E-commerce
R_004241,CV,3,Data Analyst,,Senior,Logistics
R_004242,CV,2,Technical Product Manager,,Mid,Logistics
R_004243,CV,7,Technical Support Specialist,,Junior,SaaS
R_004244,CV,1,Financial Analyst,,Mid,FinTech
R_004245,CV,3,Business Analyst,,Senior,Retail
R_004246,CV,5,Marketing Manager,,Senior,FinTech
R_004247,CV,2,Product Manager,,Mid,E-commerce
R_004248,CV,1,Financial Analyst,,Mid,Cybersecurity
R_004249,CV,3,BI Analyst,,Senior,SaaS
R_004250,CV,3,BI Analyst,,Senior,SaaS
R_004251,CV,2,Associate Product Manager,,Junior,E-commerce
R_004252,CV,2,Product Manager,,Senior,FinTech
R_004253,CV,2,Technical Product Manager,,Senior,EdTech
R_004254,CV,4,Business Development Manager,,Mid,SaaS
R_004255,CV,6,Project Manager,,Junior,Cybersecurity
R_004256,CV,0,Backend Engineer,,Senior,Logistics
R_004257,CV,4,Business Development Manager,,Mid,E-commerce
R_004258,CV,7,Customer Success Associate,,Junior,SaaS
R_004259,CV,7,Technical Support Specialist,,Mid,Gaming
R_004260,CV,6,Project Manager,,Junior,Logistics
R_004261,CV,1,Junior Accountant,,Junior,Retail
R_004262,CV,0,Full Stack Engineer,,Mid,Travel
R_004263,CV,4,Sales Representative,,Junior,Cybersecurity
R_004264,CV,0,Software Engineer,,Senior,EdTech
R_004265,CV,5,Performance Marketer,,Senior,Cybersecurity
R_004266,CV,7,Customer Success Associate,,Mid,Gaming
R_004267,CV,2,Associate Product Manager,,Mid,FinTech
R_004268,CV,1,Junior Accountant,,Senior,SaaS
R_004269,CV,2,Associate Product Manager,,Senior,E-commerce
R_004270,CV,7,Technical Support Specialist,,Senior,EdTech
R_004271,CV,3,Business Analyst,,Junior,Gaming
R_004272,CV,3,Data Analyst,,Senior,SaaS
R_004273,CV,4,Sales Representative,,Junior,EdTech
R_004274,CV,0,Backend Engineer,,Junior,E-commerce
R_004275,CV,5,Content Marketer,,Junior,Healthcare
R_004276,CV,6,Project Manager,,Senior,EdTech
R_004277,CV,5,Performance Marketer,,Junior,Healthcare
R_004278,CV,3,Business Analyst,,Senior,Logistics
R_004279,CV,2,Associate Product Manager,,Senior,E-commerce
R_004280,CV,6,Operations Manager,,Junior,Healthcare
R_004281,CV,7,Customer Success Associate,,Junior,Healthcare
R_004282,CV,1,Junior Accountant,,Junior,SaaS
R_004283,CV,3,Data Analyst,,Senior,Cybersecurity
R_004284,CV,0,Backend Engineer,,Senior,EdTech
R_004285,CV,2,Product Manager,,Junior,Travel
R_004286,CV,0,Software Engineer,,Mid,Travel
R_004287,CV,6,Project Manager,,Mid,Gaming
R_004288,CV,5,Content Marketer,,Junior,Logistics
R_004289,CV,6,Project Manager,,Junior,Logistics
R_004290,CV,0,Backend Engineer,,Mid,SaaS
R_004291,CV,2,Associate Product Manager,,Junior,SaaS
R_004292,CV,7,Customer Support Specialist,,Senior,Healthcare
R_004293,CV,5,Performance Marketer,,Junior,SaaS
R_004294,CV,4,Account Executive,,Junior,SaaS
R_004295,CV,5,Performance Marketer,,Junior,FinTech
R_004296,CV,2,Associate Product Manager,,Mid,Logistics
R_004297,CV,5,Content Marketer,,Senior,FinTech
R_004298,CV,6,Operations Manager,,Junior,E-commerce
R_004299,CV,2,Associate Product Manager,,Mid,Travel
R_004300,CV,1,Junior Accountant,,Junior,FinTech
R_004301,CV,2,Associate Product Manager,,Junior,Travel
R_004302,CV,2,Associate Product Manager,,Junior,EdTech
R_004303,CV,4,Business Development Manager,,Senior,Cybersecurity
R_004304,CV,2,Product Manager,,Mid,Retail
R_004305,CV,0,Backend Engineer,,Junior,Gaming
R_004306,CV,5,Marketing Manager,,Junior,Travel
R_004307,CV,6,Project Manager,,Senior,Travel
R_004308,CV,3,Data Analyst,,Mid,Cybersecurity
R_004309,CV,5,Performance Marketer,,Senior,EdTech
R_004310,CV,2,Product Manager,,Mid,SaaS
R_004311,CV,4,Account Executive,,Mid,Logistics
R_004312,CV,17,Junior Accountant,,Junior,SaaS
R_004313,CV,1,Junior Accountant,,Mid,Retail
R_004314,CV,0,Backend Engineer,,Mid,Logistics
R_004315,CV,3,Business Analyst,,Mid,Cybersecurity
R_004316,CV,2,Product Manager,,Mid,SaaS
R_004317,CV,3,Business Analyst,,Senior,Retail
R_004318,CV,4,Sales Representative,,Mid,EdTech
R_004319,CV,6,Program Coordinator,,Junior,Retail
R_004320,CV,3,BI Analyst,,Junior,Travel
R_004321,CV,7,Customer Success Associate,,Senior,Retail
R_004322,CV,5,Performance Marketer,,Junior,Gaming
R_004323,CV,6,Project Manager,,Mid,FinTech
R_004324,CV,7,Customer Support Specialist,,Junior,FinTech
R_004325,CV,5,Performance Marketer,,Junior,Healthcare
R_004326,CV,3,Data Analyst,,Mid,EdTech
R_004327,CV,1,FP&A Analyst,,Junior,Travel
R_004328,CV,6,Operations Manager,,Senior,Travel
R_004329,CV,4,Sales Representative,,Senior,FinTech
R_004330,CV,5,Performance Marketer,,Mid,Cybersecurity
R_004331,CV,3,Business Analyst,,Senior,Healthcare
R_004332,CV,0,Software Engineer,,Mid,Healthcare
R_004333,CV,2,Technical Product Manager,,Junior,SaaS
R_004334,CV,7,Customer Support Specialist,,Senior,Retail
R_004335,CV,4,Sales Representative,,Senior,Cybersecurity
R_004336,CV,1,Financial Analyst,,Mid,Logistics
R_004337,CV,2,Product Manager,,Junior,Logistics
R_004338,CV,3,Data Analyst,,Mid,EdTech
R_004339,CV,4,Business Development Manager,,Mid,Cybersecurity
R_004340,CV,7,Customer Support Specialist,,Junior,EdTech
R_004341,CV,2,Technical Product Manager,,Junior,Gaming
R_004342,CV,2,Associate Product Manager,,Mid,Gaming
R_004343,CV,3,Business Analyst,,Senior,Logistics
R_004344,CV,1,FP&A Analyst,,Mid,EdTech
R_004345,CV,18,Sales Representative,,Mid,EdTech
R_004346,CV,4,Account Executive,,Senior,EdTech
R_004347,CV,7,Customer Success Associate,,Mid,FinTech
R_004348,CV,5,Content Marketer,,Junior,FinTech
R_004349,CV,2,Technical Product Manager,,Junior,EdTech
R_004350,CV,5,Performance Marketer,,Mid,Cybersecurity
R_004351,CV,4,Account Executive,,Junior,Gaming
R_004352,CV,2,Product Manager,,Junior,Healthcare
R_004353,CV,4,Account Executive,,Senior,Healthcare
R_004354,CV,5,Performance Marketer,,Mid,Retail
R_004355,CV,2,Product Manager,,Senior,Travel
R_004356,CV,0,Backend Engineer,,Junior,E-commerce
R_004357,CV,3,Business Analyst,,Mid,Healthcare
R_004358,CV,6,Operations Manager,,Mid,E-commerce
R_004359,CV,4,Sales Representative,,Mid,EdTech
R_004360,CV,2,Technical Product Manager,,Junior,FinTech
R_004361,CV,1,Junior Accountant,,Mid,Retail
R_004362,CV,0,Backend Engineer,,Junior,Gaming
R_004363,CV,5,Content Marketer,,Senior,E-commerce
R_004364,CV,1,FP&A Analyst,,Mid,SaaS
R_004365,CV,7,Technical Support Specialist,,Junior,Cybersecurity
R_004366,CV,4,Business Development Manager,,Mid,EdTech
R_004367,CV,5,Content Marketer,,Senior,EdTech
R_004368,CV,6,Operations Manager,,Mid,E-commerce
R_004369,CV,5,Performance Marketer,,Senior,Travel
R_004370,CV,5,Performance Marketer,,Senior,Gaming
R_004371,CV,0,Software Engineer,,Mid,EdTech
R_004372,CV,2,Associate Product Manager,,Mid,SaaS
R_004373,CV,6,Operations Manager,,Senior,Retail
R_004374,CV,4,Sales Representative,,Senior,Healthcare
R_004375,CV,0,Backend Engineer,,Junior,SaaS
R_004376,CV,3,BI Analyst,,Senior,Travel
R_004377,CV,2,Technical Product Manager,,Mid,Gaming
R_004378,CV,6,Program Coordinator,,Mid,SaaS
R_004379,CV,6,Project Manager,,Mid,E-commerce
R_004380,CV,1,Financial Analyst,,Mid,FinTech
R_004381,CV,2,Associate Product Manager,,Junior,Logistics
R_004382,CV,1,FP&A Analyst,,Mid,FinTech
R_004383,CV,1,Junior Accountant,,Senior,Cybersecurity
R_004384,CV,3,BI Analyst,,Mid,SaaS
R_004385,CV,1,Financial Analyst,,Junior,Retail
R_004386,CV,1,FP&A Analyst,,Mid,Healthcare
R_004387,CV,2,Associate Product Manager,,Mid,Logistics
R_004388,CV,4,Sales Representative,,Senior,EdTech
R_004389,CV,0,Software Engineer,,Senior,EdTech
R_004390,CV,3,BI Analyst,,Mid,Healthcare
R_004391,CV,1,Junior Accountant,,Mid,Gaming
R_004392,CV,5,Performance Marketer,,Junior,Gaming
R_004393,CV,0,Full Stack Engineer,,Junior,EdTech
R_004394,CV,0,Software Engineer,,Mid,FinTech
R_004395,CV,5,Marketing Manager,,Mid,Retail
R_004396,CV,3,BI Analyst,,Mid,EdTech
R_004397,CV,1,Junior Accountant,,Senior,Logistics
R_004398,CV,7,Technical Support Specialist,,Mid,EdTech
R_004399,CV,1,Junior Accountant,,Mid,EdTech
R_004400,CV,4,Business Development Manager,,Junior,E-commerce
R_004401,CV,6,Operations Manager,,Senior,Gaming
R_004402,CV,2,Product Manager,,Junior,Cybersecurity
R_004403,CV,7,Customer Success Associate,,Senior,Logistics
R_004404,CV,6,Operations Manager,,Junior,EdTech
R_004405,CV,0,Backend Engineer,,Senior,EdTech
R_004406,CV,1,Financial Analyst,,Senior,Travel
R_004407,CV,3,Business Analyst,,Senior,SaaS
R_004408,CV,5,Content Marketer,,Senior,Travel
R_004409,CV,7,Customer Support Specialist,,Junior,Gaming
R_004410,CV,5,Marketing Manager,,Mid,Gaming
R_004411,CV,1,FP&A Analyst,,Senior,Retail
R_004412,CV,4,Sales Representative,,Junior,FinTech
R_004413,CV,5,Marketing Manager,,Mid,Cybersecurity
R_004414,CV,3,BI Analyst,,Junior,FinTech
R_004415,CV,7,Customer Support Specialist,,Mid,E-commerce
R_004416,CV,6,Project Manager,,Junior,E-commerce
R_004417,CV,6,Project Manager,,Senior,EdTech
R_004418,CV,2,Technical Product Manager,,Senior,SaaS
R_004419,CV,0,Software Engineer,,Junior,Logistics
R_004420,CV,2,Associate Product Manager,,Mid,Gaming
R_004421,CV,2,Product Manager,,Senior,Cybersecurity
R_004422,CV,0,Backend Engineer,,Mid,FinTech
R_004423,CV,6,Program Coordinator,,Senior,Retail
R_004424,CV,5,Marketing Manager,,Junior,SaaS
R_004425,CV,4,Business Development Manager,,Junior,EdTech
R_004426,CV,1,Financial Analyst,,Senior,Retail
R_004427,CV,7,Customer Support Specialist,,Senior,Retail
R_004428,CV,2,Product Manager,,Junior,Cybersecurity
R_004429,CV,6,Project Manager,,Junior,EdTech
R_004430,CV,0,Software Engineer,,Junior,Retail
R_004431,CV,1,FP&A Analyst,,Junior,Cybersecurity
R_004432,CV,3,BI Analyst,,Mid,Cybersecurity
R_004433,CV,7,Customer Success Associate,,Senior,Logistics
R_004434,CV,5,Marketing Manager,,Mid,Travel
R_004435,CV,2,Technical Product Manager,,Mid,Retail
R_004436,CV,2,Product Manager,,Senior,EdTech
R_004437,CV,6,Project Manager,,Mid,FinTech
R_004438,CV,5,Content Marketer,,Junior,Gaming
R_004439,CV,3,Business Analyst,,Junior,FinTech
R_004440,CV,3,BI Analyst,,Mid,SaaS
R_004441,CV,4,Sales Representative,,Mid,E-commerce
R_004442,CV,3,BI Analyst,,Junior,Healthcare
R_004443,CV,2,Associate Product Manager,,Senior,Logistics
R_004444,CV,6,Operations Manager,,Mid,Cybersecurity
R_004445,CV,0,Full Stack Engineer,,Senior,EdTech
R_004446,CV,0,Full Stack Engineer,,Senior,Retail
R_004447,CV,1,Financial Analyst,,Junior,SaaS
R_004448,CV,4,Sales Representative,,Mid,Healthcare
R_004449,CV,7,Technical Support Specialist,,Junior,EdTech
R_004450,CV,6,Project Manager,,Junior,Travel
R_004451,CV,7,Technical Support Specialist,,Junior,Retail
R_004452,CV,4,Account Executive,,Mid,Retail
R_004453,CV,7,Customer Support Specialist,,Junior,SaaS
R_004454,CV,2,Product Manager,,Mid,Gaming
R_004455,CV,4,Account Executive,,Junior,Healthcare
R_004456,CV,7,Customer Success Associate,,Junior,Logistics
R_004457,CV,1,Junior Accountant,,Senior,Healthcare
R_004458,CV,5,Marketing Manager,,Junior,Gaming
R_004459,CV,0,Backend Engineer,,Mid,Travel
R_004460,CV,7,Customer Success Associate,,Junior,Logistics
R_004461,CV,3,Business Analyst,,Senior,Retail
R_004462,CV,7,Customer Success Associate,,Junior,FinTech
R_004463,CV,1,Financial Analyst,,Mid,E-commerce
R_004464,CV,3,Business Analyst,,Senior,FinTech
R_004465,CV,7,Customer Success Associate,,Mid,Logistics
R_004466,CV,1,FP&A Analyst,,Mid,Gaming
R_004467,CV,5,Performance Marketer,,Senior,Healthcare
R_004468,CV,0,Full Stack Engineer,,Mid,Logistics
R_004469,CV,4,Sales Representative,,Mid,SaaS
R_004470,CV,3,BI Analyst,,Junior,Cybersecurity
R_004471,CV,2,Product Manager,,Senior,Travel
R_004472,CV,1,Financial Analyst,,Senior,E-commerce
R_004473,CV,3,Data Analyst,,Mid,Retail
R_004474,CV,4,Account Executive,,Junior,EdTech
R_004475,CV,2,Associate Product Manager,,Senior,Healthcare
R_004476,CV,5,Performance Marketer,,Mid,Retail
R_004477,CV,1,FP&A Analyst,,Senior,Travel
R_004478,CV,7,Customer Success Associate,,Senior,FinTech
R_004479,CV,2,Technical Product Manager,,Junior,EdTech
R_004480,CV,4,Sales Representative,,Junior,Gaming
R_004481,CV,0,Backend Engineer,,Junior,SaaS
R_004482,CV,1,FP&A Analyst,,Mid,Gaming
R_004483,CV,4,Business Development Manager,,Senior,E-commerce
R_004484,CV,1,Financial Analyst,,Mid,Retail
R_004485,CV,2,Technical Product Manager,,Senior,Healthcare
R_004486,CV,1,Financial Analyst,,Senior,Cybersecurity
R_004487,CV,3,BI Analyst,,Mid,Healthcare
R_004488,CV,0,Backend Engineer,,Mid,Cybersecurity
R_004489,CV,5,Marketing Manager,,Mid,Cybersecurity
R_004490,CV,2,Product Manager,,Junior,Cybersecurity
R_004491,CV,1,Junior Accountant,,Junior,EdTech
R_004492,CV,1,Junior Accountant,,Junior,Retail
R_004493,CV,4,Sales Representative,,Mid,Logistics
R_004494,CV,5,Marketing Manager,,Mid,Retail
R_004495,CV,4,Sales Representative,,Senior,Travel
R_004496,CV,0,Software Engineer,,Mid,E-commerce
R_004497,CV,6,Program Coordinator,,Junior,FinTech
R_004498,CV,3,Business Analyst,,Junior,Travel
R_004499,CV,7,Technical Support Specialist,,Senior,E-commerce
R_004500,CV,3,BI Analyst,,Mid,FinTech
R_004501,CV,3,BI Analyst,,Senior,Travel
R_004502,CV,6,Operations Manager,,Mid,EdTech
R_004503,CV,3,BI Analyst,,Mid,E-commerce
R_004504,CV,4,Business Development Manager,,Senior,Healthcare
R_004505,CV,0,Backend Engineer,,Mid,E-commerce
R_004506,CV,0,Full Stack Engineer,,Senior,E-commerce
R_004507,CV,5,Performance Marketer,,Mid,Retail
R_004508,CV,4,Business Development Manager,,Junior,SaaS
R_004509,CV,7,Technical Support Specialist,,Junior,Retail
R_004510,CV,3,Data Analyst,,Mid,SaaS
R_004511,CV,2,Product Manager,,Junior,Gaming
R_004512,CV,3,BI Analyst,,Junior,E-commerce
R_004513,CV,3,Data Analyst,,Junior,SaaS
R_004514,CV,2,Product Manager,,Senior,SaaS
R_004515,CV,5,Content Marketer,,Mid,Cybersecurity
R_004516,CV,0,Software Engineer,,Junior,Retail
R_004517,CV,5,Marketing Manager,,Junior,SaaS
R_004518,CV,7,Technical Support Specialist,,Junior,EdTech
R_004519,CV,2,Product Manager,,Mid,Healthcare
R_004520,CV,2,Associate Product Manager,,Senior,SaaS
R_004521,CV,0,Backend Engineer,,Mid,Cybersecurity
R_004522,CV,5,Performance Marketer,,Junior,Cybersecurity
R_004523,CV,3,Business Analyst,,Mid,E-commerce
R_004524,CV,5,Performance Marketer,,Junior,Healthcare
R_004525,CV,2,Associate Product Manager,,Junior,SaaS
R_004526,CV,1,FP&A Analyst,,Mid,Gaming
R_004527,CV,1,Junior Accountant,,Mid,Gaming
R_004528,CV,4,Sales Representative,,Junior,E-commerce
R_004529,CV,1,Financial Analyst,,Junior,FinTech
R_004530,CV,1,FP&A Analyst,,Junior,EdTech
R_004531,CV,4,Account Executive,,Junior,Travel
R_004532,CV,1,Junior Accountant,,Mid,EdTech
R_004533,CV,5,Marketing Manager,,Junior,Cybersecurity
R_004534,CV,7,Technical Support Specialist,,Mid,E-commerce
R_004535,CV,3,Data Analyst,,Senior,FinTech
R_004536,CV,1,Financial Analyst,,Mid,SaaS
R_004537,CV,3,BI Analyst,,Mid,FinTech
R_004538,CV,2,Product Manager,,Senior,Logistics
R_004539,CV,3,BI Analyst,,Mid,Healthcare
R_004540,CV,7,Customer Support Specialist,,Senior,Cybersecurity
R_004541,CV,0,Software Engineer,,Mid,Cybersecurity
R_004542,CV,5,Marketing Manager,,Junior,Logistics
R_004543,CV,3,Data Analyst,,Senior,Cybersecurity
R_004544,CV,5,Marketing Manager,,Mid,Travel
R_004545,CV,6,Operations Manager,,Senior,Retail
R_004546,CV,3,Business Analyst,,Senior,Healthcare
R_004547,CV,6,Project Manager,,Mid,Gaming
R_004548,CV,4,Sales Representative,,Junior,EdTech
R_004549,CV,4,Account Executive,,Senior,Healthcare
R_004550,CV,3,Business Analyst,,Mid,FinTech
R_004551,CV,0,Backend Engineer,,Junior,SaaS
R_004552,CV,6,Program Coordinator,,Junior,Healthcare
R_004553,CV,4,Business Development Manager,,Junior,EdTech
R_004554,CV,0,Software Engineer,,Senior,Cybersecurity
R_004555,CV,2,Associate Product Manager,,Senior,Retail
R_004556,CV,5,Performance Marketer,,Mid,SaaS
R_004557,CV,6,Operations Manager,,Senior,E-commerce
R_004558,CV,2,Associate Product Manager,,Mid,Cybersecurity
R_004559,CV,4,Sales Representative,,Mid,Logistics
R_004560,CV,5,Content Marketer,,Senior,Cybersecurity
R_004561,CV,7,Customer Success Associate,,Junior,SaaS
R_004562,CV,2,Product Manager,,Mid,SaaS
R_004563,CV,2,Product Manager,,Junior,Healthcare
R_004564,CV,5,Performance Marketer,,Senior,Gaming
R_004565,CV,2,Product Manager,,Junior,Travel
R_004566,CV,7,Customer Support Specialist,,Junior,E-commerce
R_004567,CV,5,Content Marketer,,Senior,Travel
R_004568,CV,6,Program Coordinator,,Mid,Healthcare
R_004569,CV,6,Program Coordinator,,Junior,Logistics
R_004570,CV,6,Project Manager,,Mid,Gaming
R_004571,CV,2,Product Manager,,Mid,FinTech
R_004572,CV,0,Software Engineer,,Junior,Logistics
R_004573,CV,1,Financial Analyst,,Junior,Retail
R_004574,CV,7,Customer Success Associate,,Mid,E-commerce
R_004575,CV,7,Customer Support Specialist,,Mid,Gaming
R_004576,CV,5,Content Marketer,,Mid,E-commerce
R_004577,CV,1,Financial Analyst,,Mid,Logistics
R_004578,CV,0,Software Engineer,,Mid,EdTech
R_004579,CV,4,Business Development Manager,,Mid,Retail
R_004580,CV,4,Account Executive,,Junior,Healthcare
R_004581,CV,2,Technical Product Manager,,Senior,FinTech
R_004582,CV,0,Software Engineer,,Junior,Travel
R_004583,CV,0,Backend Engineer,,Senior,Cybersecurity
R_004584,CV,5,Marketing Manager,,Mid,Cybersecurity
R_004585,CV,3,Data Analyst,,Mid,E-commerce
R_004586,CV,7,Customer Support Specialist,,Senior,E-commerce
R_004587,CV,5,Content Marketer,,Junior,Healthcare
R_004588,CV,3,Business Analyst,,Mid,Retail
R_004589,CV,0,Backend Engineer,,Junior,Retail
R_004590,CV,0,Backend Engineer,,Senior,Retail
R_004591,CV,4,Account Executive,,Mid,Gaming
R_004592,CV,2,Technical Product Manager,,Junior,Travel
R_004593,CV,6,Operations Manager,,Senior,EdTech
R_004594,CV,0,Full Stack Engineer,,Junior,Gaming
R_004595,CV,1,Junior Accountant,,Mid,Travel
R_004596,CV,5,Performance Marketer,,Senior,Gaming
R_004597,CV,4,Business Development Manager,,Junior,Gaming
R_004598,CV,1,Financial Analyst,,Senior,Retail
R_004599,CV,5,Marketing Manager,,Mid,Healthcare
R_004600,CV,4,Sales Representative,,Junior,Travel
R_004601,CV,6,Program Coordinator,,Mid,Healthcare
R_004602,CV,2,Product Manager,,Senior,FinTech
R_004603,CV,0,Full Stack Engineer,,Junior,Healthcare
R_004604,CV,5,Marketing Manager,,Senior,FinTech
R_004605,CV,4,Sales Representative,,Junior,Healthcare
R_004606,CV,6,Project Manager,,Mid,Gaming
R_004607,CV,4,Business Development Manager,,Senior,Travel
R_004608,CV,5,Performance Marketer,,Senior,Gaming
R_004609,CV,4,Sales Representative,,Senior,SaaS
R_004610,CV,0,Backend Engineer,,Junior,EdTech
R_004611,CV,1,Financial Analyst,,Mid,Logistics
R_004612,CV,1,Junior Accountant,,Senior,Healthcare
R_004613,CV,7,Technical Support Specialist,,Junior,Healthcare
R_004614,CV,1,Junior Accountant,,Junior,Logistics
R_004615,CV,5,Marketing Manager,,Junior,Gaming
R_004616,CV,3,Data Analyst,,Mid,Cybersecurity
R_004617,CV,4,Account Executive,,Mid,Gaming
R_004618,CV,4,Sales Representative,,Junior,E-commerce
R_004619,CV,3,BI Analyst,,Mid,EdTech
R_004620,CV,4,Sales Representative,,Mid,Gaming
R_004621,CV,3,Business Analyst,,Mid,Cybersecurity
R_004622,CV,6,Program Coordinator,,Mid,Retail
R_004623,CV,7,Customer Success Associate,,Mid,Logistics
R_004624,CV,7,Technical Support Specialist,,Mid,Cybersecurity
R_004625,CV,0,Full Stack Engineer,,Senior,SaaS
R_004626,CV,4,Sales Representative,,Mid,Travel
R_004627,CV,5,Performance Marketer,,Mid,Gaming
R_004628,CV,2,Technical Product Manager,,Senior,Gaming
R_004629,CV,7,Customer Support Specialist,,Mid,Cybersecurity
R_004630,CV,2,Product Manager,,Senior,Gaming
R_004631,CV,6,Operations Manager,,Mid,E-commerce
R_004632,CV,5,Marketing Manager,,Junior,SaaS
R_004633,CV,2,Associate Product Manager,,Senior,E-commerce
R_004634,CV,0,Software Engineer,,Senior,E-commerce
R_004635,CV,3,Data Analyst,,Junior,E-commerce
R_004636,CV,4,Business Development Manager,,Senior,FinTech
R_004637,CV,3,BI Analyst,,Senior,EdTech
R_004638,CV,6,Program Coordinator,,Mid,Cybersecurity
R_004639,CV,7,Technical Support Specialist,,Senior,Logistics
R_004640,CV,5,Performance Marketer,,Senior,Healthcare
R_004641,CV,2,Technical Product Manager,,Junior,Healthcare
R_004642,CV,0,Software Engineer,,Junior,E-commerce
R_004643,CV,5,Performance Marketer,,Mid,Travel
R_004644,CV,1,Financial Analyst,,Mid,Healthcare
R_004645,CV,4,Account Executive,,Senior,EdTech
R_004646,CV,5,Marketing Manager,,Mid,Logistics
R_004647,CV,4,Business Development Manager,,Mid,Retail
R_004648,CV,4,Business Development Manager,,Junior,E-commerce
R_004649,CV,3,Data Analyst,,Junior,Healthcare
R_004650,CV,5,Content Marketer,,Senior,Cybersecurity
R_004651,CV,4,Sales Representative,,Mid,Retail
R_004652,CV,6,Operations Manager,,Junior,Cybersecurity
R_004653,CV,7,Customer Success Associate,,Junior,E-commerce
R_004654,CV,1,Junior Accountant,,Mid,Cybersecurity
R_004655,CV,1,Junior Accountant,,Junior,SaaS
R_004656,CV,1,Junior Accountant,,Senior,EdTech
R_004657,CV,5,Content Marketer,,Senior,Healthcare
R_004658,CV,7,Technical Support Specialist,,Junior,Healthcare
R_004659,CV,7,Customer Support Specialist,,Junior,E-commerce
R_004660,CV,0,Software Engineer,,Senior,Logistics
R_004661,CV,3,BI Analyst,,Junior,FinTech
R_004662,CV,3,BI Analyst,,Junior,SaaS
R_004663,CV,2,Product Manager,,Mid,Healthcare
R_004664,CV,2,Technical Product Manager,,Junior,FinTech
R_004665,CV,5,Content Marketer,,Senior,Cybersecurity
R_004666,CV,1,Financial Analyst,,Senior,Travel
R_004667,CV,3,Business Analyst,,Mid,Retail
R_004668,CV,4,Account Executive,,Junior,E-commerce
R_004669,CV,7,Technical Support Specialist,,Junior,Logistics
R_004670,CV,6,Project Manager,,Mid,Logistics
R_004671,CV,1,FP&A Analyst,,Junior,FinTech
R_004672,CV,3,Data Analyst,,Junior,Cybersecurity
R_004673,CV,0,Software Engineer,,Senior,Retail
R_004674,CV,2,Technical Product Manager,,Senior,EdTech
R_004675,CV,6,Program Coordinator,,Junior,Travel
R_004676,CV,5,Content Marketer,,Junior,EdTech
R_004677,CV,0,Backend Engineer,,Junior,SaaS
R_004678,CV,1,Junior Accountant,,Senior,Retail
R_004679,CV,5,Marketing Manager,,Mid,Cybersecurity
R_004680,CV,7,Customer Success Associate,,Junior,FinTech
R_004681,CV,6,Project Manager,,Junior,Healthcare
R_004682,CV,1,Financial Analyst,,Junior,EdTech
R_004683,CV,2,Technical Product Manager,,Senior,Travel
R_004684,CV,1,Junior Accountant,,Junior,Gaming
R_004685,CV,1,Financial Analyst,,Senior,Logistics
R_004686,CV,7,Customer Success Associate,,Mid,Gaming
R_004687,CV,1,Financial Analyst,,Mid,Cybersecurity
R_004688,CV,4,Business Development Manager,,Mid,EdTech
R_004689,CV,2,Product Manager,,Junior,Retail
R_004690,CV,2,Associate Product Manager,,Mid,Gaming
R_004691,CV,5,Marketing Manager,,Junior,Healthcare
R_004692,CV,1,Financial Analyst,,Senior,EdTech
R_004693,CV,1,Junior Accountant,,Senior,E-commerce
R_004694,CV,7,Customer Success Associate,,Senior,Gaming
R_004695,CV,5,Marketing Manager,,Mid,Cybersecurity
R_004696,CV,6,Project Manager,,Mid,FinTech
R_004697,CV,0,Backend Engineer,,Senior,Logistics
R_004698,CV,0,Full Stack Engineer,,Junior,Travel
R_004699,CV,3,BI Analyst,,Junior,Healthcare
R_004700,CV,2,Technical Product Manager,,Mid,Cybersecurity
R_004701,CV,1,Financial Analyst,,Senior,Logistics
R_004702,CV,1,Junior Accountant,,Junior,SaaS
R_004703,CV,1,FP&A Analyst,,Mid,Travel
R_004704,CV,4,Business Development Manager,,Senior,Retail
R_004705,CV,6,Operations Manager,,Junior,Logistics
R_004706,CV,2,Associate Product Manager,,Senior,Gaming
R_004707,CV,7,Customer Success Associate,,Mid,Healthcare
R_004708,CV,4,Sales Representative,,Mid,Cybersecurity
R_004709,CV,3,BI Analyst,,Mid,E-commerce
R_004710,CV,1,Financial Analyst,,Senior,Retail
R_004711,CV,6,Operations Manager,,Mid,FinTech
R_004712,CV,1,Financial Analyst,,Senior,Logistics
R_004713,CV,3,Data Analyst,,Senior,Healthcare
R_004714,CV,2,Product Manager,,Mid,Retail
R_004715,CV,1,FP&A Analyst,,Junior,E-commerce
R_004716,CV,3,BI Analyst,,Junior,EdTech
R_004717,CV,5,Performance Marketer,,Senior,E-commerce
R_004718,CV,4,Sales Representative,,Mid,Healthcare
R_004719,CV,2,Technical Product Manager,,Senior,EdTech
R_004720,CV,1,FP&A Analyst,,Junior,Healthcare
R_004721,CV,2,Associate Product Manager,,Junior,FinTech
R_004722,CV,3,Business Analyst,,Senior,Travel
R_004723,CV,0,Software Engineer,,Mid,EdTech
R_004724,CV,5,Content Marketer,,Mid,Logistics
R_004725,CV,3,BI Analyst,,Senior,Gaming
R_004726,CV,0,Full Stack Engineer,,Junior,FinTech
R_004727,CV,7,Customer Support Specialist,,Senior,E-commerce
R_004728,CV,5,Content Marketer,,Mid,EdTech
R_004729,CV,6,Operations Manager,,Junior,SaaS
R_004730,CV,5,Marketing Manager,,Junior,EdTech
R_004731,CV,2,Associate Product Manager,,Junior,Logistics
R_004732,CV,5,Performance Marketer,,Senior,E-commerce
R_004733,CV,2,Associate Product Manager,,Mid,E-commerce
R_004734,CV,4,Account Executive,,Junior,Gaming
R_004735,CV,6,Program Coordinator,,Mid,Logistics
R_004736,CV,7,Customer Success Associate,,Junior,EdTech
R_004737,CV,4,Account Executive,,Mid,E-commerce
R_004738,CV,6,Project Manager,,Mid,Healthcare
R_004739,CV,4,Account Executive,,Junior,FinTech
R_004740,CV,3,Data Analyst,,Mid,E-commerce
R_004741,CV,3,Data Analyst,,Senior,SaaS
R_004742,CV,2,Associate Product Manager,,Senior,Gaming
R_004743,CV,2,Associate Product Manager,,Mid,Travel
R_004744,CV,5,Performance Marketer,,Senior,EdTech
R_004745,CV,5,Marketing Manager,,Mid,FinTech
R_004746,CV,5,Marketing Manager,,Junior,EdTech
R_004747,CV,3,BI Analyst,,Junior,Logistics
R_004748,CV,6,Program Coordinator,,Junior,FinTech
R_004749,CV,5,Performance Marketer,,Senior,E-commerce
R_004750,CV,6,Operations Manager,,Mid,FinTech
R_004751,CV,1,Junior Accountant,,Mid,SaaS
R_004752,CV,6,Operations Manager,,Mid,E-commerce
R_004753,CV,0,Backend Engineer,,Mid,SaaS
R_004754,CV,0,Software Engineer,,Senior,Gaming
R_004755,CV,7,Customer Success Associate,,Mid,Travel
R_004756,CV,0,Full Stack Engineer,,Junior,Retail
R_004757,CV,7,Customer Success Associate,,Senior,Cybersecurity
R_004758,CV,0,Backend Engineer,,Junior,Healthcare
R_004759,CV,1,Junior Accountant,,Mid,Retail
R_004760,CV,4,Business Development Manager,,Junior,EdTech
R_004761,CV,5,Marketing Manager,,Junior,Logistics
R_004762,CV,4,Sales Representative,,Senior,FinTech
R_004763,CV,0,Full Stack Engineer,,Senior,FinTech
R_004764,CV,4,Account Executive,,Senior,Cybersecurity
R_004765,CV,5,Content Marketer,,Junior,E-commerce
R_004766,CV,7,Customer Success Associate,,Mid,Retail
R_004767,CV,7,Technical Support Specialist,,Senior,Healthcare
R_004768,CV,4,Account Executive,,Senior,E-commerce
R_004769,CV,2,Associate Product Manager,,Senior,Gaming
R_004770,CV,0,Software Engineer,,Mid,Gaming
R_004771,CV,1,Junior Accountant,,Senior,Healthcare
R_004772,CV,2,Product Manager,,Junior,Travel
R_004773,CV,6,Operations Manager,,Senior,Healthcare
R_004774,CV,3,Business Analyst,,Senior,Gaming
R_004775,CV,0,Backend Engineer,,Senior,Retail
R_004776,CV,6,Program Coordinator,,Junior,Retail
R_004777,CV,5,Performance Marketer,,Junior,Travel
R_004778,CV,1,Junior Accountant,,Senior,FinTech
R_004779,CV,0,Full Stack Engineer,,Junior,SaaS
R_004780,CV,6,Operations Manager,,Mid,Retail
R_004781,CV,2,Product Manager,,Senior,Healthcare
R_004782,CV,7,Customer Support Specialist,,Mid,FinTech
R_004783,CV,0,Backend Engineer,,Senior,Logistics
R_004784,CV,2,Associate Product Manager,,Mid,Cybersecurity
R_004785,CV,0,Software Engineer,,Junior,Retail
R_004786,CV,0,Software Engineer,,Mid,EdTech
R_004787,CV,2,Associate Product Manager,,Junior,E-commerce
R_004788,CV,6,Project Manager,,Senior,Retail
R_004789,CV,1,Financial Analyst,,Mid,Healthcare
R_004790,CV,1,FP&A Analyst,,Junior,E-commerce
R_004791,CV,6,Operations Manager,,Senior,SaaS
R_004792,CV,3,Data Analyst,,Mid,Cybersecurity
R_004793,CV,6,Program Coordinator,,Mid,E-commerce
R_004794,CV,6,Project Manager,,Mid,Cybersecurity
R_004795,CV,2,Product Manager,,Junior,FinTech
R_004796,CV,2,Product Manager,,Mid,SaaS
R_004797,CV,2,Product Manager,,Mid,E-commerce
R_004798,CV,1,FP&A Analyst,,Mid,Healthcare
R_004799,CV,5,Content Marketer,,Senior,Healthcare
R_004800,CV,0,Full Stack Engineer,,Junior,SaaS
R_004801,CV,2,Product Manager,,Senior,EdTech
R_004802,CV,4,Business Development Manager,,Senior,EdTech
R_004803,CV,4,Account Executive,,Senior,EdTech
R_004804,CV,4,Business Development Manager,,Mid,Retail
R_004805,CV,4,Account Executive,,Mid,E-commerce
R_004806,CV,4,Sales Representative,,Junior,Cybersecurity
R_004807,CV,6,Operations Manager,,Senior,Travel
R_004808,CV,0,Backend Engineer,,Junior,Retail
R_004809,CV,3,Business Analyst,,Junior,Healthcare
R_004810,CV,5,Content Marketer,,Junior,EdTech
R_004811,CV,5,Content Marketer,,Junior,Logistics
R_004812,CV,2,Product Manager,,Junior,Travel
R_004813,CV,4,Business Development Manager,,Junior,Healthcare
R_004814,CV,0,Software Engineer,,Junior,Cybersecurity
R_004815,CV,5,Marketing Manager,,Senior,Travel
R_004816,CV,5,Marketing Manager,,Senior,SaaS
R_004817,CV,2,Product Manager,,Senior,FinTech
R_004818,CV,2,Technical Product Manager,,Mid,E-commerce
R_004819,CV,6,Project Manager,,Mid,Travel
R_004820,CV,6,Operations Manager,,Senior,Retail
R_004821,CV,5,Content Marketer,,Senior,SaaS
R_004822,CV,2,Associate Product Manager,,Senior,Retail
R_004823,CV,6,Project Manager,,Junior,FinTech
R_004824,CV,0,Backend Engineer,,Junior,Retail
R_004825,CV,5,Content Marketer,,Mid,FinTech
R_004826,CV,6,Program Coordinator,,Junior,Logistics
R_004827,CV,4,Business Development Manager,,Junior,FinTech
R_004828,CV,3,BI Analyst,,Senior,Cybersecurity
R_004829,CV,3,Data Analyst,,Senior,Travel
R_004830,CV,4,Sales Representative,,Mid,Travel
R_004831,CV,5,Content Marketer,,Mid,Logistics
R_004832,CV,0,Software Engineer,,Mid,Gaming
R_004833,CV,7,Customer Success Associate,,Junior,Cybersecurity
R_004834,CV,3,BI Analyst,,Mid,EdTech
R_004835,CV,2,Associate Product Manager,,Senior,Logistics
R_004836,CV,2,Product Manager,,Junior,Logistics
R_004837,CV,4,Account Executive,,Mid,Gaming
R_004838,CV,0,Backend Engineer,,Senior,Logistics
R_004839,CV,1,Financial Analyst,,Senior,EdTech
R_004840,CV,2,Product Manager,,Senior,FinTech
R_004841,CV,2,Technical Product Manager,,Junior,SaaS
R_004842,CV,4,Account Executive,,Senior,Gaming
R_004843,CV,2,Associate Product Manager,,Mid,FinTech
R_004844,CV,3,BI Analyst,,Mid,FinTech
R_004845,CV,2,Associate Product Manager,,Senior,Cybersecurity
R_004846,CV,6,Project Manager,,Senior,Healthcare
R_004847,CV,1,Junior Accountant,,Mid,SaaS
R_004848,CV,1,Junior Accountant,,Mid,Gaming
R_004849,CV,2,Technical Product Manager,,Mid,Retail
R_004850,CV,7,Customer Success Associate,,Mid,Healthcare
R_004851,CV,3,BI Analyst,,Junior,SaaS
R_004852,CV,2,Product Manager,,Junior,SaaS
R_004853,CV,0,Backend Engineer,,Senior,FinTech
R_004854,CV,5,Performance Marketer,,Senior,Healthcare
R_004855,CV,2,Technical Product Manager,,Junior,Healthcare
R_004856,CV,2,Associate Product Manager,,Junior,Healthcare
R_004857,CV,4,Account Executive,,Junior,EdTech
R_004858,CV,0,Backend Engineer,,Junior,Gaming
R_004859,CV,5,Content Marketer,,Senior,E-commerce
R_004860,CV,2,Associate Product Manager,,Senior,Gaming
R_004861,CV,0,Software Engineer,,Senior,FinTech
R_004862,CV,6,Program Coordinator,,Senior,Retail
R_004863,CV,2,Associate Product Manager,,Senior,FinTech
R_004864,CV,7,Customer Support Specialist,,Junior,EdTech
R_004865,CV,2,Associate Product Manager,,Mid,Retail
R_004866,CV,0,Backend Engineer,,Senior,Healthcare
R_004867,CV,6,Operations Manager,,Junior,E-commerce
R_004868,CV,6,Program Coordinator,,Senior,FinTech
R_004869,CV,0,Software Engineer,,Mid,Cybersecurity
R_004870,CV,7,Technical Support Specialist,,Senior,Retail
R_004871,CV,6,Project Manager,,Mid,Logistics
R_004872,CV,4,Business Development Manager,,Mid,Logistics
R_004873,CV,3,Business Analyst,,Senior,Retail
R_004874,CV,1,FP&A Analyst,,Mid,EdTech
R_004875,CV,0,Software Engineer,,Senior,Cybersecurity
R_004876,CV,0,Software Engineer,,Junior,Cybersecurity
R_004877,CV,4,Business Development Manager,,Junior,Logistics
R_004878,CV,2,Associate Product Manager,,Mid,Logistics
R_004879,CV,5,Marketing Manager,,Senior,E-commerce
R_004880,CV,3,BI Analyst,,Mid,SaaS
R_004881,CV,7,Customer Success Associate,,Mid,SaaS
R_004882,CV,5,Marketing Manager,,Junior,SaaS
R_004883,CV,6,Operations Manager,,Mid,Cybersecurity
R_004884,CV,5,Content Marketer,,Senior,SaaS
R_004885,CV,2,Associate Product Manager,,Mid,EdTech
R_004886,CV,7,Technical Support Specialist,,Senior,Cybersecurity
R_004887,CV,4,Account Executive,,Mid,SaaS
R_004888,CV,6,Program Coordinator,,Mid,Travel
R_004889,CV,2,Associate Product Manager,,Mid,Logistics
R_004890,CV,6,Operations Manager,,Mid,EdTech
R_004891,CV,3,Business Analyst,,Mid,Gaming
R_004892,CV,1,FP&A Analyst,,Senior,Travel
R_004893,CV,4,Sales Representative,,Junior,Retail
R_004894,CV,0,Software Engineer,,Mid,Retail
R_004895,CV,2,Product Manager,,Mid,Retail
R_004896,CV,4,Account Executive,,Junior,Travel
R_004897,CV,2,Product Manager,,Senior,EdTech
R_004898,CV,1,FP&A Analyst,,Junior,Gaming
R_004899,CV,7,Customer Support Specialist,,Senior,EdTech
R_004900,CV,3,Business Analyst,,Mid,Gaming
R_004901,CV,4,Business Development Manager,,Mid,Travel
R_004902,CV,5,Content Marketer,,Mid,FinTech
R_004903,CV,0,Software Engineer,,Mid,Cybersecurity
R_004904,CV,2,Technical Product Manager,,Mid,Travel
R_004905,CV,6,Operations Manager,,Junior,Cybersecurity
R_004906,CV,6,Program Coordinator,,Senior,Cybersecurity
R_004907,CV,3,Data Analyst,,Junior,Cybersecurity
R_004908,CV,5,Performance Marketer,,Senior,Healthcare
R_004909,CV,3,Business Analyst,,Senior,EdTech
R_004910,CV,1,Financial Analyst,,Mid,FinTech
R_004911,CV,4,Sales Representative,,Mid,E-commerce
R_004912,CV,6,Project Manager,,Senior,Healthcare
R_004913,CV,0,Backend Engineer,,Junior,Retail
R_004914,CV,0,Software Engineer,,Senior,EdTech
R_004915,CV,7,Technical Support Specialist,,Junior,E-commerce
R_004916,CV,4,Account Executive,,Senior,Travel
R_004917,CV,1,Financial Analyst,,Junior,Retail
R_004918,CV,7,Customer Support Specialist,,Senior,Gaming
R_004919,CV,6,Project Manager,,Mid,Gaming
R_004920,CV,4,Business Development Manager,,Mid,Travel
R_004921,CV,2,Technical Product Manager,,Senior,SaaS
R_004922,CV,3,Business Analyst,,Mid,Retail
R_004923,CV,7,Customer Support Specialist,,Mid,Logistics
R_004924,CV,6,Program Coordinator,,Junior,FinTech
R_004925,CV,3,Data Analyst,,Junior,Gaming
R_004926,CV,0,Software Engineer,,Junior,FinTech
R_004927,CV,5,Marketing Manager,,Senior,Retail
R_004928,CV,1,FP&A Analyst,,Junior,Logistics
R_004929,CV,3,BI Analyst,,Senior,Gaming
R_004930,CV,1,FP&A Analyst,,Mid,Travel
R_004931,CV,0,Backend Engineer,,Junior,Logistics
R_004932,CV,7,Technical Support Specialist,,Mid,FinTech
R_004933,CV,0,Software Engineer,,Junior,Travel
R_004934,CV,0,Backend Engineer,,Senior,Travel
R_004935,CV,7,Customer Support Specialist,,Mid,Healthcare
R_004936,CV,7,Customer Success Associate,,Mid,Healthcare
R_004937,CV,3,Data Analyst,,Senior,Retail
R_004938,CV,7,Technical Support Specialist,,Senior,Logistics
R_004939,CV,3,Business Analyst,,Senior,EdTech
R_004940,CV,4,Account Executive,,Senior,Travel
R_004941,CV,0,Backend Engineer,,Mid,SaaS
R_004942,CV,0,Software Engineer,,Junior,FinTech
R_004943,CV,5,Content Marketer,,Senior,Logistics
R_004944,CV,1,Financial Analyst,,Mid,Gaming
R_004945,CV,5,Performance Marketer,,Junior,SaaS
R_004946,CV,5,Marketing Manager,,Junior,EdTech
R_004947,CV,1,FP&A Analyst,,Mid,Logistics
R_004948,CV,7,Customer Support Specialist,,Junior,Gaming
R_004949,CV,3,BI Analyst,,Mid,EdTech
R_004950,CV,0,Full Stack Engineer,,Mid,SaaS
R_004951,CV,3,Data Analyst,,Senior,Logistics
R_004952,CV,0,Software Engineer,,Junior,FinTech
R_004953,CV,4,Account Executive,,Junior,Healthcare
R_004954,CV,3,Business Analyst,,Junior,Travel
R_004955,CV,3,BI Analyst,,Senior,Healthcare
R_004956,CV,1,FP&A Analyst,,Mid,Retail
R_004957,CV,0,Backend Engineer,,Senior,Gaming
R_004958,CV,6,Operations Manager,,Senior,FinTech
R_004959,CV,5,Content Marketer,,Mid,Gaming
R_004960,CV,7,Customer Success Associate,,Junior,EdTech
R_004961,CV,4,Business Development Manager,,Junior,Travel
R_004962,CV,5,Performance Marketer,,Senior,Logistics
R_004963,CV,1,Financial Analyst,,Senior,FinTech
R_004964,CV,6,Project Manager,,Junior,Cybersecurity
R_004965,CV,1,Financial Analyst,,Junior,Cybersecurity
R_004966,CV,7,Technical Support Specialist,,Junior,FinTech
R_004967,CV,6,Project Manager,,Senior,Gaming
R_004968,CV,5,Marketing Manager,,Senior,E-commerce
R_004969,CV,5,Marketing Manager,,Junior,Cybersecurity
R_004970,CV,4,Account Executive,,Junior,Travel
R_004971,CV,6,Operations Manager,,Mid,E-commerce
R_004972,CV,5,Performance Marketer,,Senior,FinTech
R_004973,CV,7,Technical Support Specialist,,Senior,FinTech
R_004974,CV,6,Project Manager,,Mid,Logistics
R_004975,CV,0,Full Stack Engineer,,Senior,Retail
R_004976,CV,2,Technical Product Manager,,Senior,EdTech
R_004977,CV,5,Performance Marketer,,Senior,E-commerce
R_004978,CV,5,Marketing Manager,,Mid,Cybersecurity
R_004979,CV,5,Content Marketer,,Mid,Gaming
R_004980,CV,2,Product Manager,,Junior,E-commerce
R_004981,CV,2,Technical Product Manager,,Junior,FinTech
R_004982,CV,4,Sales Representative,,Senior,SaaS
R_004983,CV,5,Content Marketer,,Mid,SaaS
R_004984,CV,3,Data Analyst,,Junior,Gaming
R_004985,CV,6,Program Coordinator,,Junior,Gaming
R_004986,CV,4,Account Executive,,Junior,Cybersecurity
R_004987,CV,3,Data Analyst,,Junior,E-commerce
R_004988,CV,7,Customer Success Associate,,Senior,Retail
R_004989,CV,5,Content Marketer,,Junior,Retail
R_004990,CV,1,FP&A Analyst,,Senior,EdTech
R_004991,CV,5,Performance Marketer,,Mid,Gaming
R_004992,CV,0,Software Engineer,,Mid,Travel
R_004993,CV,5,Marketing Manager,,Mid,EdTech
R_004994,CV,0,Backend Engineer,,Mid,Logistics
R_004995,CV,1,Junior Accountant,,Senior,Healthcare
R_004996,CV,2,Associate Product Manager,,Senior,SaaS
R_004997,CV,0,Backend Engineer,,Senior,Travel
R_004998,CV,5,Performance Marketer,,Junior,Cybersecurity
R_004999,CV,2,Technical Product Manager,,Junior,Gaming
R_005000,CV,5,Marketing Manager,,Senior,E-commerce
R_005001,CV,1,Junior Accountant,,Senior,Gaming
R_005002,CV,1,FP&A Analyst,,Senior,EdTech
R_005003,CV,4,Account Executive,,Senior,Retail
R_005004,CV,1,FP&A Analyst,,Junior,Gaming
R_005005,CV,2,Product Manager,,Mid,Travel
R_005006,CV,4,Business Development Manager,,Senior,Logistics
R_005007,CV,1,Junior Accountant,,Senior,E-commerce
R_005008,CV,1,FP&A Analyst,,Senior,EdTech
R_005009,CV,0,Software Engineer,,Junior,SaaS
R_005010,CV,5,Performance Marketer,,Senior,Retail
R_005011,CV,3,Business Analyst,,Senior,Healthcare
R_005012,CV,6,Operations Manager,,Senior,Retail
R_005013,CV,2,Associate Product Manager,,Junior,Healthcare
R_005014,CV,7,Customer Support Specialist,,Mid,EdTech
R_005015,CV,5,Performance Marketer,,Junior,E-commerce
R_005016,CV,0,Software Engineer,,Senior,SaaS
R_005017,CV,2,Product Manager,,Junior,FinTech
R_005018,CV,4,Sales Representative,,Junior,FinTech
R_005019,CV,5,Performance Marketer,,Senior,Travel
R_005020,CV,2,Product Manager,,Mid,Gaming
R_005021,CV,6,Program Coordinator,,Senior,Healthcare
R_005022,CV,6,Program Coordinator,,Junior,E-commerce
R_005023,CV,2,Product Manager,,Junior,Cybersecurity
R_005024,CV,6,Program Coordinator,,Senior,Healthcare
R_005025,CV,6,Program Coordinator,,Mid,Cybersecurity
R_005026,CV,3,Data Analyst,,Junior,Travel
R_005027,CV,2,Technical Product Manager,,Senior,Travel
R_005028,CV,5,Performance Marketer,,Mid,EdTech
R_005029,CV,2,Associate Product Manager,,Junior,Logistics
R_005030,CV,4,Sales Representative,,Mid,Travel
R_005031,CV,4,Sales Representative,,Mid,Gaming
R_005032,CV,7,Customer Success Associate,,Mid,Logistics
R_005033,CV,6,Operations Manager,,Junior,Healthcare
R_005034,CV,2,Technical Product Manager,,Senior,Healthcare
R_005035,CV,0,Software Engineer,,Senior,E-commerce
R_005036,CV,7,Technical Support Specialist,,Junior,Travel
R_005037,CV,0,Software Engineer,,Mid,Healthcare
R_005038,CV,6,Program Coordinator,,Senior,SaaS
R_005039,CV,5,Performance Marketer,,Junior,FinTech
R_005040,CV,2,Product Manager,,Senior,Gaming
R_005041,CV,4,Account Executive,,Junior,Healthcare
R_005042,CV,5,Content Marketer,,Junior,Cybersecurity
R_005043,CV,3,Data Analyst,,Senior,E-commerce
R_005044,CV,3,Data Analyst,,Mid,Logistics
R_005045,CV,3,Data Analyst,,Junior,Healthcare
R_005046,CV,5,Performance Marketer,,Senior,SaaS
R_005047,CV,5,Performance Marketer,,Junior,Retail
R_005048,CV,2,Associate Product Manager,,Mid,E-commerce
R_005049,CV,7,Technical Support Specialist,,Junior,Gaming
R_005050,CV,5,Marketing Manager,,Senior,Retail
R_005051,CV,3,Business Analyst,,Junior,Retail
R_005052,CV,1,Junior Accountant,,Junior,E-commerce
R_005053,CV,3,BI Analyst,,Senior,Healthcare
R_005054,CV,0,Backend Engineer,,Junior,EdTech
R_005055,CV,1,Financial Analyst,,Junior,E-commerce
R_005056,CV,7,Technical Support Specialist,,Junior,Healthcare
R_005057,CV,6,Project Manager,,Junior,E-commerce
R_005058,CV,6,Project Manager,,Junior,Gaming
R_005059,CV,1,Financial Analyst,,Junior,SaaS
R_005060,CV,4,Sales Representative,,Senior,FinTech
R_005061,CV,3,Data Analyst,,Mid,Travel
R_005062,CV,5,Performance Marketer,,Senior,Cybersecurity
R_005063,CV,0,Full Stack Engineer,,Junior,Cybersecurity
R_005064,CV,7,Technical Support Specialist,,Senior,Logistics
R_005065,CV,1,Financial Analyst,,Junior,Retail
R_005066,CV,5,Performance Marketer,,Senior,EdTech
R_005067,CV,4,Sales Representative,,Junior,Cybersecurity
R_005068,CV,5,Performance Marketer,,Mid,Logistics
R_005069,CV,7,Technical Support Specialist,,Junior,Gaming
R_005070,CV,2,Product Manager,,Senior,SaaS
R_005071,CV,0,Backend Engineer,,Junior,Healthcare
R_005072,CV,6,Program Coordinator,,Junior,Travel
R_005073,CV,7,Customer Success Associate,,Senior,Gaming
R_005074,CV,3,Business Analyst,,Junior,SaaS
R_005075,CV,6,Operations Manager,,Mid,Retail
R_005076,CV,3,BI Analyst,,Mid,EdTech
R_005077,CV,2,Product Manager,,Senior,Healthcare
R_005078,CV,1,FP&A Analyst,,Mid,SaaS
R_005079,CV,7,Customer Success Associate,,Junior,EdTech
R_005080,CV,0,Full Stack Engineer,,Junior,Gaming
R_005081,CV,2,Associate Product Manager,,Mid,Cybersecurity
R_005082,CV,6,Project Manager,,Mid,Retail
R_005083,CV,7,Customer Success Associate,,Senior,Travel
R_005084,CV,2,Associate Product Manager,,Junior,Logistics
R_005085,CV,1,Financial Analyst,,Junior,Logistics
R_005086,CV,5,Performance Marketer,,Mid,Healthcare
R_005087,CV,7,Customer Support Specialist,,Mid,E-commerce
R_005088,CV,6,Program Coordinator,,Junior,Retail
R_005089,CV,2,Associate Product Manager,,Mid,SaaS
R_005090,CV,4,Sales Representative,,Senior,Retail
R_005091,CV,3,Business Analyst,,Junior,FinTech
R_005092,CV,3,Business Analyst,,Senior,Gaming
R_005093,CV,2,Product Manager,,Senior,Healthcare
R_005094,CV,0,Backend Engineer,,Senior,Logistics
R_005095,CV,5,Content Marketer,,Senior,Cybersecurity
R_005096,CV,1,Financial Analyst,,Senior,SaaS
R_005097,CV,0,Software Engineer,,Senior,Logistics
R_005098,CV,0,Full Stack Engineer,,Mid,SaaS
R_005099,CV,1,Junior Accountant,,Senior,Gaming
R_005100,CV,7,Customer Success Associate,,Mid,Retail
R_005101,CV,1,Financial Analyst,,Mid,Cybersecurity
R_005102,CV,6,Operations Manager,,Mid,Healthcare
R_005103,CV,5,Marketing Manager,,Senior,SaaS
R_005104,CV,5,Content Marketer,,Senior,Gaming
R_005105,CV,4,Sales Representative,,Senior,Travel
R_005106,CV,0,Software Engineer,,Mid,Travel
R_005107,CV,0,Backend Engineer,,Mid,EdTech
R_005108,CV,7,Technical Support Specialist,,Mid,EdTech
R_005109,CV,2,Associate Product Manager,,Junior,Cybersecurity
R_005110,CV,4,Sales Representative,,Senior,Logistics
R_005111,CV,3,BI Analyst,,Mid,EdTech
R_005112,CV,1,Financial Analyst,,Mid,Healthcare
R_005113,CV,2,Technical Product Manager,,Senior,Cybersecurity
R_005114,CV,4,Account Executive,,Junior,Travel
R_005115,CV,3,Business Analyst,,Senior,Travel
R_005116,CV,0,Full Stack Engineer,,Senior,SaaS
R_005117,CV,5,Performance Marketer,,Junior,FinTech
R_005118,CV,4,Account Executive,,Senior,FinTech
R_005119,CV,6,Operations Manager,,Senior,E-commerce
R_005120,CV,5,Content Marketer,,Mid,EdTech
R_005121,CV,1,Junior Accountant,,Senior,FinTech
R_005122,CV,1,Junior Accountant,,Senior,Gaming
R_005123,CV,6,Program Coordinator,,Mid,Gaming
R_005124,CV,0,Backend Engineer,,Junior,Logistics
R_005125,CV,5,Performance Marketer,,Junior,Retail
R_005126,CV,6,Project Manager,,Mid,E-commerce
R_005127,CV,5,Marketing Manager,,Mid,Healthcare
R_005128,CV,3,BI Analyst,,Junior,Cybersecurity
R_005129,CV,3,BI Analyst,,Senior,Travel
R_005130,CV,2,Product Manager,,Senior,Gaming
R_005131,CV,5,Marketing Manager,,Senior,SaaS
R_005132,CV,19,Product Manager,,Junior,Healthcare
R_005133,CV,6,Operations Manager,,Mid,Cybersecurity
R_005134,CV,3,Data Analyst,,Senior,Gaming
R_005135,CV,1,Financial Analyst,,Mid,SaaS
R_005136,CV,4,Business Development Manager,,Senior,Gaming
R_005137,CV,4,Account Executive,,Junior,Retail
R_005138,CV,3,Data Analyst,,Mid,Travel
R_005139,CV,3,BI Analyst,,Senior,Cybersecurity
R_005140,CV,4,Sales Representative,,Mid,SaaS
R_005141,CV,0,Full Stack Engineer,,Senior,Travel
R_005142,CV,3,Data Analyst,,Junior,Logistics
R_005143,CV,6,Project Manager,,Junior,FinTech
R_005144,CV,0,Backend Engineer,,Junior,FinTech
R_005145,CV,2,Technical Product Manager,,Junior,Healthcare
R_005146,CV,5,Performance Marketer,,Mid,Logistics
R_005147,CV,3,Business Analyst,,Junior,Travel
R_005148,CV,1,FP&A Analyst,,Mid,Logistics
R_005149,CV,7,Technical Support Specialist,,Mid,Retail
R_005150,CV,5,Performance Marketer,,Junior,Healthcare
R_005151,CV,2,Product Manager,,Senior,EdTech
R_005152,CV,0,Backend Engineer,,Senior,Cybersecurity
R_005153,CV,5,Marketing Manager,,Senior,Travel
R_005154,CV,3,BI Analyst,,Senior,Logistics
R_005155,CV,3,Data Analyst,,Mid,Retail
R_005156,CV,0,Full Stack Engineer,,Mid,FinTech
R_005157,CV,2,Associate Product Manager,,Senior,Healthcare
R_005158,CV,2,Associate Product Manager,,Mid,Logistics
R_005159,CV,5,Marketing Manager,,Mid,Retail
R_005160,CV,3,Business Analyst,,Senior,Healthcare
R_005161,CV,0,Software Engineer,,Senior,Logistics
R_005162,CV,5,Performance Marketer,,Mid,Logistics
R_005163,CV,1,FP&A Analyst,,Senior,Travel
R_005164,CV,5,Performance Marketer,,Mid,Logistics
R_005165,CV,2,Associate Product Manager,,Senior,SaaS
R_005166,CV,4,Sales Representative,,Mid,Gaming
R_005167,CV,4,Business Development Manager,,Junior,SaaS
R_005168,CV,6,Program Coordinator,,Mid,E-commerce
R_005169,CV,2,Technical Product Manager,,Senior,SaaS
R_005170,CV,1,Financial Analyst,,Junior,EdTech
R_005171,CV,6,Project Manager,,Senior,Travel
R_005172,CV,1,Junior Accountant,,Mid,Retail
R_005173,CV,3,Business Analyst,,Senior,Gaming
R_005174,CV,3,BI Analyst,,Mid,Travel
R_005175,CV,2,Technical Product Manager,,Mid,Healthcare
R_005176,CV,0,Backend Engineer,,Senior,Gaming
R_005177,CV,5,Marketing Manager,,Junior,Cybersecurity
R_005178,CV,6,Operations Manager,,Junior,E-commerce
R_005179,CV,0,Backend Engineer,,Senior,Retail
R_005180,CV,1,Junior Accountant,,Junior,SaaS
R_005181,CV,2,Technical Product Manager,,Junior,EdTech
R_005182,CV,1,FP&A Analyst,,Mid,Travel
R_005183,CV,0,Full Stack Engineer,,Mid,Gaming
R_005184,CV,7,Customer Success Associate,,Mid,Logistics
R_005185,CV,6,Program Coordinator,,Junior,Gaming
R_005186,CV,0,Backend Engineer,,Mid,E-commerce
R_005187,CV,5,Content Marketer,,Junior,SaaS
R_005188,CV,5,Marketing Manager,,Mid,Retail
R_005189,CV,5,Content Marketer,,Junior,Retail
R_005190,CV,4,Business Development Manager,,Mid,Healthcare
R_005191,CV,6,Project Manager,,Senior,Logistics
R_005192,CV,1,FP&A Analyst,,Senior,Retail
R_005193,CV,4,Account Executive,,Junior,Gaming
R_005194,CV,0,Full Stack Engineer,,Mid,Cybersecurity
R_005195,CV,5,Performance Marketer,,Junior,Travel
R_005196,CV,5,Performance Marketer,,Junior,FinTech
R_005197,CV,1,Junior Accountant,,Senior,Logistics
R_005198,CV,2,Product Manager,,Mid,FinTech
R_005199,CV,4,Business Development Manager,,Mid,Retail
R_005200,CV,6,Program Coordinator,,Junior,Gaming
R_005201,CV,0,Backend Engineer,,Senior,Retail
R_005202,CV,2,Product Manager,,Junior,Retail
R_005203,CV,6,Operations Manager,,Junior,Healthcare
R_005204,CV,3,Business Analyst,,Mid,Cybersecurity
R_005205,CV,5,Performance Marketer,,Mid,Travel
R_005206,CV,3,BI Analyst,,Senior,E-commerce
R_005207,CV,1,Junior Accountant,,Mid,Cybersecurity
R_005208,CV,0,Full Stack Engineer,,Junior,FinTech
R_005209,CV,4,Sales Representative,,Junior,E-commerce
R_005210,CV,7,Customer Success Associate,,Junior,Cybersecurity
R_005211,CV,2,Associate Product Manager,,Junior,E-commerce
R_005212,CV,0,Full Stack Engineer,,Mid,Retail
R_005213,CV,7,Technical Support Specialist,,Mid,SaaS
R_005214,CV,2,Associate Product Manager,,Junior,SaaS
R_005215,CV,1,FP&A Analyst,,Senior,FinTech
R_005216,CV,5,Content Marketer,,Mid,E-commerce
R_005217,CV,3,Data Analyst,,Senior,Travel
R_005218,CV,7,Customer Success Associate,,Senior,SaaS
R_005219,CV,2,Product Manager,,Mid,Travel
R_005220,CV,6,Operations Manager,,Mid,FinTech
R_005221,CV,2,Product Manager,,Senior,EdTech
R_005222,CV,0,Software Engineer,,Junior,Retail
R_005223,CV,2,Product Manager,,Junior,Gaming
R_005224,CV,5,Marketing Manager,,Senior,Healthcare
R_005225,CV,2,Product Manager,,Senior,E-commerce
R_005226,CV,4,Business Development Manager,,Junior,E-commerce
R_005227,CV,5,Content Marketer,,Mid,E-commerce
R_005228,CV,7,Customer Support Specialist,,Junior,E-commerce
R_005229,CV,2,Product Manager,,Junior,Logistics
R_005230,CV,5,Marketing Manager,,Junior,Travel
R_005231,CV,6,Operations Manager,,Senior,Gaming
R_005232,CV,0,Full Stack Engineer,,Mid,E-commerce
R_005233,CV,1,FP&A Analyst,,Senior,E-commerce
R_005234,CV,3,Business Analyst,,Junior,EdTech
R_005235,CV,4,Account Executive,,Junior,Travel
R_005236,CV,1,FP&A Analyst,,Senior,SaaS
R_005237,CV,5,Content Marketer,,Junior,Retail
R_005238,CV,1,Financial Analyst,,Senior,FinTech
R_005239,CV,0,Backend Engineer,,Senior,EdTech
R_005240,CV,4,Sales Representative,,Mid,SaaS
R_005241,CV,4,Account Executive,,Mid,E-commerce
R_005242,CV,5,Marketing Manager,,Mid,EdTech
R_005243,CV,6,Operations Manager,,Senior,Travel
R_005244,CV,3,Business Analyst,,Mid,Cybersecurity
R_005245,CV,6,Operations Manager,,Senior,Healthcare
R_005246,CV,1,Junior Accountant,,Junior,Retail
R_005247,CV,3,Data Analyst,,Senior,Retail
R_005248,CV,0,Full Stack Engineer,,Junior,Healthcare
R_005249,CV,1,Junior Accountant,,Mid,FinTech
R_005250,CV,1,Junior Accountant,,Mid,Gaming
R_005251,CV,3,Business Analyst,,Senior,E-commerce
R_005252,CV,4,Sales Representative,,Mid,Logistics
R_005253,CV,6,Operations Manager,,Mid,FinTech
R_005254,CV,5,Marketing Manager,,Senior,Gaming
R_005255,CV,4,Business Development Manager,,Mid,EdTech
R_005256,CV,3,Business Analyst,,Senior,Gaming
R_005257,CV,0,Full Stack Engineer,,Mid,EdTech
R_005258,CV,0,Backend Engineer,,Mid,Cybersecurity
R_005259,CV,1,FP&A Analyst,,Senior,Healthcare
R_005260,CV,6,Operations Manager,,Mid,FinTech
R_005261,CV,4,Business Development Manager,,Junior,Logistics
R_005262,CV,5,Performance Marketer,,Senior,Cybersecurity
R_005263,CV,0,Backend Engineer,,Junior,Cybersecurity
R_005264,CV,5,Performance Marketer,,Mid,EdTech
R_005265,CV,1,Junior Accountant,,Junior,SaaS
R_005266,CV,2,Technical Product Manager,,Senior,EdTech
R_005267,CV,6,Project Manager,,Mid,FinTech
R_005268,CV,6,Operations Manager,,Senior,Healthcare
R_005269,CV,1,Junior Accountant,,Junior,Gaming
R_005270,CV,6,Project Manager,,Mid,Travel
R_005271,CV,6,Program Coordinator,,Senior,Cybersecurity
R_005272,CV,5,Content Marketer,,Senior,Cybersecurity
R_005273,CV,2,Associate Product Manager,,Senior,Cybersecurity
R_005274,CV,5,Performance Marketer,,Mid,Travel
R_005275,CV,7,Customer Support Specialist,,Mid,EdTech
R_005276,CV,0,Backend Engineer,,Junior,Retail
R_005277,CV,3,Business Analyst,,Junior,Gaming
R_005278,CV,6,Operations Manager,,Mid,Healthcare
R_005279,CV,3,BI Analyst,,Senior,EdTech
R_005280,CV,7,Customer Success Associate,,Mid,Logistics
R_005281,CV,6,Operations Manager,,Senior,Travel
R_005282,CV,3,Business Analyst,,Mid,Cybersecurity
R_005283,CV,4,Sales Representative,,Mid,SaaS
R_005284,CV,5,Marketing Manager,,Junior,Travel
R_005285,CV,5,Marketing Manager,,Senior,SaaS
R_005286,CV,0,Full Stack Engineer,,Junior,Gaming
R_005287,CV,0,Software Engineer,,Senior,FinTech
R_005288,CV,5,Content Marketer,,Mid,Logistics
R_005289,CV,5,Content Marketer,,Senior,FinTech
R_005290,CV,3,Business Analyst,,Senior,Logistics
R_005291,CV,0,Full Stack Engineer,,Senior,Retail
R_005292,CV,6,Project Manager,,Senior,Travel
R_005293,CV,7,Technical Support Specialist,,Mid,SaaS
R_005294,CV,7,Customer Support Specialist,,Mid,Cybersecurity
R_005295,CV,5,Marketing Manager,,Mid,Logistics
R_005296,CV,0,Software Engineer,,Mid,Healthcare
R_005297,CV,6,Operations Manager,,Mid,Retail
R_005298,CV,7,Technical Support Specialist,,Junior,Healthcare
R_005299,CV,6,Operations Manager,,Mid,Healthcare
R_005300,CV,4,Business Development Manager,,Senior,Travel
R_005301,CV,0,Full Stack Engineer,,Junior,FinTech
R_005302,CV,3,Data Analyst,,Junior,EdTech
R_005303,CV,2,Product Manager,,Junior,SaaS
R_005304,CV,0,Backend Engineer,,Senior,Cybersecurity
R_005305,CV,0,Software Engineer,,Junior,Retail
R_005306,CV,1,FP&A Analyst,,Junior,Gaming
R_005307,CV,2,Product Manager,,Junior,Healthcare
R_005308,CV,7,Customer Support Specialist,,Junior,Healthcare
R_005309,CV,7,Customer Success Associate,,Junior,SaaS
R_005310,CV,7,Customer Success Associate,,Mid,Travel
R_005311,CV,4,Account Executive,,Mid,FinTech
R_005312,CV,5,Marketing Manager,,Mid,Retail
R_005313,CV,0,Software Engineer,,Junior,Healthcare
R_005314,CV,2,Associate Product Manager,,Mid,FinTech
R_005315,CV,6,Operations Manager,,Junior,Gaming
R_005316,CV,0,Backend Engineer,,Mid,E-commerce
R_005317,CV,1,FP&A Analyst,,Mid,Logistics
R_005318,CV,3,BI Analyst,,Senior,Gaming
R_005319,CV,1,FP&A Analyst,,Mid,Gaming
R_005320,CV,7,Customer Support Specialist,,Senior,Retail
R_005321,CV,2,Product Manager,,Junior,Gaming
R_005322,CV,7,Customer Support Specialist,,Senior,Gaming
R_005323,CV,7,Technical Support Specialist,,Senior,EdTech
R_005324,CV,3,Data Analyst,,Mid,EdTech
R_005325,CV,0,Full Stack Engineer,,Mid,FinTech
R_005326,CV,1,Junior Accountant,,Senior,Gaming
R_005327,CV,7,Customer Support Specialist,,Junior,Gaming
R_005328,CV,5,Performance Marketer,,Mid,Cybersecurity
R_005329,CV,3,BI Analyst,,Senior,Gaming
R_005330,CV,5,Marketing Manager,,Senior,Retail
R_005331,CV,2,Technical Product Manager,,Mid,Gaming
R_005332,CV,0,Backend Engineer,,Junior,EdTech
R_005333,CV,1,FP&A Analyst,,Junior,Travel
R_005334,CV,4,Sales Representative,,Mid,Travel
R_005335,CV,0,Full Stack Engineer,,Junior,Retail
R_005336,CV,5,Performance Marketer,,Senior,Travel
R_005337,CV,3,Data Analyst,,Mid,Logistics
R_005338,CV,2,Product Manager,,Junior,Gaming
R_005339,CV,2,Product Manager,,Senior,Logistics
R_005340,CV,0,Full Stack Engineer,,Junior,E-commerce
R_005341,CV,1,Financial Analyst,,Mid,Retail
R_005342,CV,2,Technical Product Manager,,Junior,FinTech
R_005343,CV,1,Junior Accountant,,Senior,SaaS
R_005344,CV,1,Junior Accountant,,Junior,E-commerce
R_005345,CV,1,Junior Accountant,,Mid,Logistics
R_005346,CV,2,Technical Product Manager,,Junior,SaaS
R_005347,CV,3,Business Analyst,,Junior,E-commerce
R_005348,CV,4,Sales Representative,,Junior,Travel
R_005349,CV,2,Associate Product Manager,,Mid,Healthcare
R_005350,CV,2,Technical Product Manager,,Mid,EdTech
R_005351,CV,3,BI Analyst,,Mid,Retail
R_005352,CV,5,Marketing Manager,,Mid,Logistics
R_005353,CV,7,Customer Success Associate,,Senior,Travel
R_005354,CV,6,Program Coordinator,,Mid,Travel
R_005355,CV,6,Project Manager,,Mid,Logistics
R_005356,CV,7,Technical Support Specialist,,Mid,Retail
R_005357,CV,1,FP&A Analyst,,Mid,Retail
R_005358,CV,6,Project Manager,,Senior,E-commerce
R_005359,CV,5,Performance Marketer,,Senior,Gaming
R_005360,CV,0,Backend Engineer,,Senior,EdTech
R_005361,CV,3,Data Analyst,,Junior,EdTech
R_005362,CV,2,Product Manager,,Junior,Retail
R_005363,CV,4,Business Development Manager,,Mid,Healthcare
R_005364,CV,2,Technical Product Manager,,Junior,Healthcare
R_005365,CV,2,Technical Product Manager,,Mid,Healthcare
R_005366,CV,5,Performance Marketer,,Junior,EdTech
R_005367,CV,4,Business Development Manager,,Senior,Travel
R_005368,CV,0,Backend Engineer,,Senior,SaaS
R_005369,CV,0,Full Stack Engineer,,Mid,Cybersecurity
R_005370,CV,0,Backend Engineer,,Senior,E-commerce
R_005371,CV,0,Software Engineer,,Mid,Retail
R_005372,CV,6,Operations Manager,,Mid,E-commerce
R_005373,CV,0,Backend Engineer,,Junior,Logistics
R_005374,CV,3,Data Analyst,,Junior,Cybersecurity
R_005375,CV,5,Content Marketer,,Mid,Cybersecurity
R_005376,CV,6,Operations Manager,,Senior,EdTech
R_005377,CV,7,Technical Support Specialist,,Junior,Retail
R_005378,CV,1,FP&A Analyst,,Mid,Healthcare
R_005379,CV,0,Software Engineer,,Senior,Retail
R_005380,CV,2,Technical Product Manager,,Senior,Retail
R_005381,CV,5,Marketing Manager,,Senior,Travel
R_005382,CV,6,Project Manager,,Mid,Logistics
R_005383,CV,3,Data Analyst,,Senior,E-commerce
R_005384,CV,2,Product Manager,,Mid,Healthcare
R_005385,CV,7,Customer Success Associate,,Senior,Healthcare
R_005386,CV,5,Content Marketer,,Mid,SaaS
R_005387,CV,6,Operations Manager,,Senior,SaaS
R_005388,CV,4,Account Executive,,Senior,Logistics
R_005389,CV,6,Operations Manager,,Senior,E-commerce
R_005390,CV,0,Full Stack Engineer,,Senior,EdTech
R_005391,CV,4,Sales Representative,,Senior,E-commerce
R_005392,CV,4,Account Executive,,Senior,FinTech
R_005393,CV,2,Product Manager,,Junior,Travel
R_005394,CV,1,Financial Analyst,,Mid,SaaS
R_005395,CV,7,Customer Success Associate,,Senior,SaaS
R_005396,CV,4,Business Development Manager,,Mid,SaaS
R_005397,CV,6,Operations Manager,,Senior,Gaming
R_005398,CV,3,Business Analyst,,Mid,Cybersecurity
R_005399,CV,0,Software Engineer,,Senior,Travel
R_005400,CV,7,Technical Support Specialist,,Mid,Retail
R_005401,CV,5,Marketing Manager,,Senior,Cybersecurity
R_005402,CV,0,Backend Engineer,,Mid,SaaS
R_005403,CV,0,Backend Engineer,,Senior,Retail
R_005404,CV,6,Project Manager,,Senior,Retail
R_005405,CV,5,Performance Marketer,,Mid,Logistics
R_005406,CV,3,Data Analyst,,Senior,FinTech
R_005407,CV,5,Performance Marketer,,Mid,Healthcare
R_005408,CV,1,Junior Accountant,,Senior,FinTech
R_005409,CV,2,Associate Product Manager,,Senior,Gaming
R_005410,CV,6,Operations Manager,,Senior,Logistics
R_005411,CV,7,Customer Success Associate,,Mid,FinTech
R_005412,CV,3,Business Analyst,,Senior,FinTech
R_005413,CV,1,FP&A Analyst,,Junior,Cybersecurity
R_005414,CV,0,Software Engineer,,Senior,Healthcare
R_005415,CV,2,Technical Product Manager,,Senior,EdTech
R_005416,CV,3,BI Analyst,,Senior,E-commerce
R_005417,CV,4,Business Development Manager,,Mid,FinTech
R_005418,CV,6,Program Coordinator,,Junior,EdTech
R_005419,CV,5,Content Marketer,,Senior,Healthcare
R_005420,CV,7,Customer Support Specialist,,Junior,Logistics
R_005421,CV,5,Content Marketer,,Junior,EdTech
R_005422,CV,1,Financial Analyst,,Mid,Cybersecurity
R_005423,CV,2,Product Manager,,Mid,E-commerce
R_005424,CV,2,Product Manager,,Senior,E-commerce
R_005425,CV,7,Customer Support Specialist,,Junior,FinTech
R_005426,CV,4,Account Executive,,Senior,SaaS
R_005427,CV,1,FP&A Analyst,,Senior,SaaS
R_005428,CV,0,Backend Engineer,,Mid,Cybersecurity
R_005429,CV,0,Backend Engineer,,Mid,SaaS
R_005430,CV,3,Data Analyst,,Junior,Gaming
R_005431,CV,6,Program Coordinator,,Mid,EdTech
R_005432,CV,0,Backend Engineer,,Junior,Logistics
R_005433,CV,6,Operations Manager,,Junior,SaaS
R_005434,CV,7,Technical Support Specialist,,Mid,Travel
R_005435,CV,5,Marketing Manager,,Mid,Travel
R_005436,CV,4,Sales Representative,,Senior,Travel
R_005437,CV,3,BI Analyst,,Mid,SaaS
R_005438,CV,1,Junior Accountant,,Mid,EdTech
R_005439,CV,4,Account Executive,,Junior,Retail
R_005440,CV,7,Customer Success Associate,,Senior,Travel
R_005441,CV,5,Marketing Manager,,Junior,Travel
R_005442,CV,0,Full Stack Engineer,,Senior,Healthcare
R_005443,CV,5,Content Marketer,,Junior,EdTech
R_005444,CV,4,Sales Representative,,Junior,Logistics
R_005445,CV,7,Customer Support Specialist,,Mid,Gaming
R_005446,CV,7,Technical Support Specialist,,Mid,Cybersecurity
R_005447,CV,3,Business Analyst,,Mid,Retail
R_005448,CV,2,Product Manager,,Junior,Retail
R_005449,CV,4,Business Development Manager,,Senior,Cybersecurity
R_005450,CV,4,Account Executive,,Junior,Healthcare
R_005451,CV,5,Marketing Manager,,Senior,Cybersecurity
R_005452,CV,0,Full Stack Engineer,,Senior,Retail
R_005453,CV,5,Performance Marketer,,Senior,E-commerce
R_005454,CV,5,Marketing Manager,,Junior,EdTech
R_005455,CV,5,Performance Marketer,,Junior,Cybersecurity
R_005456,CV,1,Junior Accountant,,Junior,Cybersecurity
R_005457,CV,5,Content Marketer,,Senior,Travel
R_005458,CV,5,Marketing Manager,,Mid,Gaming
R_005459,CV,0,Full Stack Engineer,,Mid,Retail
R_005460,CV,4,Business Development Manager,,Mid,Cybersecurity
R_005461,CV,2,Technical Product Manager,,Junior,Cybersecurity
R_005462,CV,7,Technical Support Specialist,,Senior,EdTech
R_005463,CV,2,Product Manager,,Senior,Cybersecurity
R_005464,CV,0,Backend Engineer,,Junior,Healthcare
R_005465,CV,1,Junior Accountant,,Junior,SaaS
R_005466,CV,7,Technical Support Specialist,,Senior,Retail
R_005467,CV,0,Software Engineer,,Junior,Healthcare
R_005468,CV,5,Marketing Manager,,Mid,Retail
R_005469,CV,0,Full Stack Engineer,,Junior,E-commerce
R_005470,CV,0,Software Engineer,,Senior,Healthcare
R_005471,CV,6,Operations Manager,,Junior,Retail
R_005472,CV,5,Performance Marketer,,Junior,Travel
R_005473,CV,0,Backend Engineer,,Senior,Retail
R_005474,CV,7,Customer Success Associate,,Mid,Retail
R_005475,CV,0,Backend Engineer,,Junior,Healthcare
R_005476,CV,4,Business Development Manager,,Mid,Cybersecurity
R_005477,CV,4,Account Executive,,Junior,Retail
R_005478,CV,6,Program Coordinator,,Junior,SaaS
R_005479,CV,1,Financial Analyst,,Junior,EdTech
R_005480,CV,7,Customer Success Associate,,Mid,FinTech
R_005481,CV,0,Software Engineer,,Mid,Cybersecurity
R_005482,CV,1,FP&A Analyst,,Junior,EdTech
R_005483,CV,4,Business Development Manager,,Mid,Retail
R_005484,CV,5,Content Marketer,,Mid,FinTech
R_005485,CV,2,Associate Product Manager,,Junior,FinTech
R_005486,CV,0,Backend Engineer,,Senior,Gaming
R_005487,CV,7,Customer Support Specialist,,Mid,Healthcare
R_005488,CV,2,Product Manager,,Junior,FinTech
R_005489,CV,6,Program Coordinator,,Senior,Cybersecurity
R_005490,CV,20,Project Manager,,Senior,Gaming
R_005491,CV,4,Account Executive,,Junior,FinTech
R_005492,CV,7,Technical Support Specialist,,Junior,FinTech
R_005493,CV,0,Software Engineer,,Senior,Retail
R_005494,CV,1,Junior Accountant,,Junior,Logistics
R_005495,CV,2,Associate Product Manager,,Junior,EdTech
R_005496,CV,7,Technical Support Specialist,,Mid,Gaming
R_005497,CV,4,Sales Representative,,Junior,EdTech
R_005498,CV,2,Product Manager,,Junior,Travel
R_005499,CV,6,Program Coordinator,,Senior,Gaming
R_005500,CV,7,Technical Support Specialist,,Mid,FinTech
R_005501,CV,0,Full Stack Engineer,,Senior,Retail
R_005502,CV,1,Junior Accountant,,Mid,Logistics
R_005503,CV,5,Content Marketer,,Senior,SaaS
R_005504,CV,6,Program Coordinator,,Senior,Healthcare
R_005505,CV,1,Junior Accountant,,Senior,FinTech
R_005506,CV,6,Program Coordinator,,Senior,Travel
R_005507,CV,3,BI Analyst,,Senior,Logistics
R_005508,CV,3,Business Analyst,,Mid,FinTech
R_005509,CV,2,Product Manager,,Junior,EdTech
R_005510,CV,6,Program Coordinator,,Junior,Healthcare
R_005511,CV,2,Technical Product Manager,,Senior,E-commerce
R_005512,CV,5,Content Marketer,,Junior,Logistics
R_005513,CV,3,Data Analyst,,Mid,Gaming
R_005514,CV,4,Sales Representative,,Senior,Retail
R_005515,CV,4,Sales Representative,,Senior,Healthcare
R_005516,CV,7,Technical Support Specialist,,Mid,FinTech
R_005517,CV,6,Program Coordinator,,Senior,Healthcare
R_005518,CV,2,Product Manager,,Junior,Gaming
R_005519,CV,2,Technical Product Manager,,Junior,EdTech
R_005520,CV,1,Junior Accountant,,Mid,FinTech
R_005521,CV,0,Full Stack Engineer,,Mid,E-commerce
R_005522,CV,3,Business Analyst,,Senior,Gaming
R_005523,CV,2,Product Manager,,Mid,EdTech
R_005524,CV,7,Technical Support Specialist,,Junior,FinTech
R_005525,CV,3,BI Analyst,,Senior,Healthcare
R_005526,CV,2,Technical Product Manager,,Mid,Healthcare
R_005527,CV,1,FP&A Analyst,,Junior,Travel
R_005528,CV,5,Content Marketer,,Mid,SaaS
R_005529,CV,7,Customer Success Associate,,Senior,SaaS
R_005530,CV,3,BI Analyst,,Senior,Cybersecurity
R_005531,CV,1,FP&A Analyst,,Mid,Logistics
R_005532,CV,3,BI Analyst,,Junior,FinTech
R_005533,CV,7,Customer Success Associate,,Junior,FinTech
R_005534,CV,7,Technical Support Specialist,,Mid,Cybersecurity
R_005535,CV,3,Data Analyst,,Mid,EdTech
R_005536,CV,3,Business Analyst,,Senior,Cybersecurity
R_005537,CV,1,FP&A Analyst,,Senior,Travel
R_005538,CV,7,Customer Support Specialist,,Senior,Logistics
R_005539,CV,4,Business Development Manager,,Junior,Travel
R_005540,CV,7,Customer Support Specialist,,Mid,EdTech
R_005541,CV,4,Business Development Manager,,Senior,Travel
R_005542,CV,2,Technical Product Manager,,Junior,Travel
R_005543,CV,7,Technical Support Specialist,,Mid,Cybersecurity
R_005544,CV,3,Business Analyst,,Junior,Healthcare
R_005545,CV,1,FP&A Analyst,,Mid,Gaming
R_005546,CV,1,Financial Analyst,,Mid,E-commerce
R_005547,CV,0,Software Engineer,,Mid,Travel
R_005548,CV,1,FP&A Analyst,,Senior,Retail
R_005549,CV,5,Content Marketer,,Junior,EdTech
R_005550,CV,1,Financial Analyst,,Junior,EdTech
R_005551,CV,4,Sales Representative,,Mid,Travel
R_005552,CV,2,Technical Product Manager,,Mid,E-commerce
R_005553,CV,7,Technical Support Specialist,,Junior,Gaming
R_005554,CV,5,Performance Marketer,,Senior,EdTech
R_005555,CV,6,Project Manager,,Senior,EdTech
R_005556,CV,4,Business Development Manager,,Junior,Logistics
R_005557,CV,1,FP&A Analyst,,Senior,SaaS
R_005558,CV,1,Financial Analyst,,Mid,Gaming
R_005559,CV,0,Software Engineer,,Senior,Travel
R_005560,CV,7,Customer Success Associate,,Mid,Gaming
R_005561,CV,0,Full Stack Engineer,,Junior,Healthcare
R_005562,CV,3,Business Analyst,,Junior,Healthcare
R_005563,CV,5,Content Marketer,,Junior,Cybersecurity
R_005564,CV,1,FP&A Analyst,,Mid,FinTech
R_005565,CV,7,Customer Support Specialist,,Junior,FinTech
R_005566,CV,7,Customer Support Specialist,,Senior,Gaming
R_005567,CV,5,Content Marketer,,Senior,Retail
R_005568,CV,6,Operations Manager,,Junior,Healthcare
R_005569,CV,7,Technical Support Specialist,,Senior,Healthcare
R_005570,CV,1,Junior Accountant,,Senior,Cybersecurity
R_005571,CV,6,Operations Manager,,Senior,FinTech
R_005572,CV,0,Backend Engineer,,Senior,FinTech
R_005573,CV,5,Performance Marketer,,Junior,E-commerce
R_005574,CV,1,Financial Analyst,,Senior,SaaS
R_005575,CV,5,Content Marketer,,Mid,Retail
R_005576,CV,2,Product Manager,,Junior,EdTech
R_005577,CV,5,Marketing Manager,,Mid,Logistics
R_005578,CV,0,Software Engineer,,Junior,Cybersecurity
R_005579,CV,6,Project Manager,,Senior,SaaS
R_005580,CV,1,FP&A Analyst,,Senior,Cybersecurity
R_005581,CV,6,Operations Manager,,Junior,EdTech
R_005582,CV,1,FP&A Analyst,,Mid,Retail
R_005583,CV,1,Junior Accountant,,Junior,Travel
R_005584,CV,5,Marketing Manager,,Junior,Logistics
R_005585,CV,5,Performance Marketer,,Junior,Healthcare
R_005586,CV,6,Project Manager,,Mid,Retail
R_005587,CV,4,Sales Representative,,Senior,Cybersecurity
R_005588,CV,3,BI Analyst,,Senior,SaaS
R_005589,CV,7,Customer Success Associate,,Mid,FinTech
R_005590,CV,4,Account Executive,,Senior,Cybersecurity
R_005591,CV,7,Technical Support Specialist,,Junior,Gaming
R_005592,CV,0,Backend Engineer,,Junior,Logistics
R_005593,CV,6,Project Manager,,Senior,E-commerce
R_005594,CV,3,Business Analyst,,Mid,Retail
R_005595,CV,5,Marketing Manager,,Mid,SaaS
R_005596,CV,4,Account Executive,,Junior,FinTech
R_005597,CV,2,Associate Product Manager,,Senior,Logistics
R_005598,CV,1,FP&A Analyst,,Junior,Cybersecurity
R_005599,CV,6,Program Coordinator,,Mid,Retail
R_005600,CV,1,FP&A Analyst,,Junior,Retail
R_005601,CV,3,Data Analyst,,Junior,E-commerce
R_005602,CV,0,Full Stack Engineer,,Senior,SaaS
R_005603,CV,4,Account Executive,,Senior,Retail
R_005604,CV,3,BI Analyst,,Mid,Gaming
R_005605,CV,4,Sales Representative,,Junior,EdTech
R_005606,CV,7,Customer Success Associate,,Mid,Travel
R_005607,CV,2,Technical Product Manager,,Mid,Retail
R_005608,CV,6,Program Coordinator,,Mid,Retail
R_005609,CV,6,Project Manager,,Junior,Gaming
R_005610,CV,1,FP&A Analyst,,Senior,Gaming
R_005611,CV,0,Backend Engineer,,Mid,Healthcare
R_005612,CV,2,Technical Product Manager,,Mid,E-commerce
R_005613,CV,5,Content Marketer,,Junior,Logistics
R_005614,CV,5,Marketing Manager,,Junior,Retail
R_005615,CV,4,Sales Representative,,Senior,E-commerce
R_005616,CV,5,Content Marketer,,Junior,Logistics
R_005617,CV,4,Sales Representative,,Senior,Logistics
R_005618,CV,0,Full Stack Engineer,,Mid,Logistics
R_005619,CV,0,Backend Engineer,,Mid,SaaS
R_005620,CV,0,Software Engineer,,Junior,FinTech
R_005621,CV,4,Account Executive,,Senior,E-commerce
R_005622,CV,4,Sales Representative,,Mid,Cybersecurity
R_005623,CV,1,Junior Accountant,,Mid,Travel
R_005624,CV,3,Data Analyst,,Junior,Logistics
R_005625,CV,3,BI Analyst,,Mid,E-commerce
R_005626,CV,4,Account Executive,,Junior,Travel
R_005627,CV,0,Software Engineer,,Junior,Logistics
R_005628,CV,0,Software Engineer,,Mid,Travel
R_005629,CV,3,Business Analyst,,Junior,SaaS
R_005630,CV,4,Business Development Manager,,Senior,E-commerce
R_005631,CV,4,Business Development Manager,,Junior,FinTech
R_005632,CV,6,Operations Manager,,Mid,Gaming
R_005633,CV,6,Program Coordinator,,Senior,Retail
R_005634,CV,6,Project Manager,,Senior,Healthcare
R_005635,CV,1,Financial Analyst,,Junior,EdTech
R_005636,CV,7,Technical Support Specialist,,Mid,Logistics
R_005637,CV,4,Sales Representative,,Mid,Cybersecurity
R_005638,CV,5,Performance Marketer,,Junior,Logistics
R_005639,CV,5,Marketing Manager,,Mid,Travel
R_005640,CV,3,BI Analyst,,Senior,Gaming
R_005641,CV,4,Account Executive,,Senior,Logistics
R_005642,CV,7,Customer Success Associate,,Junior,E-commerce
R_005643,CV,0,Backend Engineer,,Senior,EdTech
R_005644,CV,7,Customer Success Associate,,Junior,Retail
R_005645,CV,4,Sales Representative,,Senior,Healthcare
R_005646,CV,2,Technical Product Manager,,Senior,Healthcare
R_005647,CV,1,FP&A Analyst,,Junior,FinTech
R_005648,CV,6,Project Manager,,Junior,Gaming
R_005649,CV,1,Junior Accountant,,Junior,Gaming
R_005650,CV,6,Program Coordinator,,Mid,Logistics
R_005651,CV,0,Full Stack Engineer,,Senior,Gaming
R_005652,CV,0,Full Stack Engineer,,Junior,SaaS
R_005653,CV,0,Software Engineer,,Mid,Healthcare
R_005654,CV,1,FP&A Analyst,,Junior,E-commerce
R_005655,CV,3,Data Analyst,,Junior,Logistics
R_005656,CV,4,Account Executive,,Junior,FinTech
R_005657,CV,7,Customer Success Associate,,Junior,FinTech
R_005658,CV,0,Software Engineer,,Senior,Logistics
R_005659,CV,0,Backend Engineer,,Senior,FinTech
R_005660,CV,7,Customer Success Associate,,Junior,E-commerce
R_005661,CV,0,Backend Engineer,,Junior,EdTech
R_005662,CV,0,Software Engineer,,Junior,Cybersecurity
R_005663,CV,3,Data Analyst,,Junior,SaaS
R_005664,CV,5,Content Marketer,,Mid,Gaming
R_005665,CV,2,Technical Product Manager,,Junior,Cybersecurity
R_005666,CV,6,Program Coordinator,,Junior,FinTech
R_005667,CV,6,Program Coordinator,,Senior,Retail
R_005668,CV,0,Backend Engineer,,Senior,FinTech
R_005669,CV,3,BI Analyst,,Mid,Healthcare
R_005670,CV,4,Business Development Manager,,Mid,Cybersecurity
R_005671,CV,7,Customer Support Specialist,,Senior,Logistics
R_005672,CV,4,Business Development Manager,,Junior,EdTech
R_005673,CV,4,Account Executive,,Junior,Travel
R_005674,CV,4,Account Executive,,Mid,Travel
R_005675,CV,2,Associate Product Manager,,Mid,SaaS
R_005676,CV,5,Marketing Manager,,Junior,Travel
R_005677,CV,2,Associate Product Manager,,Junior,Gaming
R_005678,CV,1,FP&A Analyst,,Mid,FinTech
R_005679,CV,4,Business Development Manager,,Mid,Cybersecurity
R_005680,CV,3,Data Analyst,,Junior,E-commerce
R_005681,CV,5,Performance Marketer,,Senior,EdTech
R_005682,CV,4,Account Executive,,Junior,Cybersecurity
R_005683,CV,1,FP&A Analyst,,Junior,Healthcare
R_005684,CV,6,Operations Manager,,Mid,FinTech
R_005685,CV,3,Business Analyst,,Mid,Gaming
R_005686,CV,5,Content Marketer,,Junior,Retail
R_005687,CV,2,Product Manager,,Junior,SaaS
R_005688,CV,6,Project Manager,,Junior,Logistics
R_005689,CV,7,Technical Support Specialist,,Mid,Healthcare
R_005690,CV,7,Technical Support Specialist,,Senior,FinTech
R_005691,CV,5,Content Marketer,,Senior,E-commerce
R_005692,CV,1,Junior Accountant,,Junior,SaaS
R_005693,CV,3,Data Analyst,,Mid,Healthcare
R_005694,CV,1,FP&A Analyst,,Mid,Healthcare
R_005695,CV,6,Operations Manager,,Junior,E-commerce
R_005696,CV,2,Associate Product Manager,,Senior,Travel
R_005697,CV,2,Technical Product Manager,,Senior,Logistics
R_005698,CV,2,Product Manager,,Mid,Travel
R_005699,CV,6,Project Manager,,Junior,Travel
R_005700,CV,4,Business Development Manager,,Junior,Logistics
R_005701,CV,5,Performance Marketer,,Mid,Logistics
R_005702,CV,4,Account Executive,,Mid,Healthcare
R_005703,CV,2,Associate Product Manager,,Mid,Logistics
R_005704,CV,0,Full Stack Engineer,,Mid,Cybersecurity
R_005705,CV,4,Business Development Manager,,Mid,Gaming
R_005706,CV,4,Account Executive,,Junior,Logistics
R_005707,CV,1,Financial Analyst,,Mid,E-commerce
R_005708,CV,2,Technical Product Manager,,Junior,Logistics
R_005709,CV,6,Operations Manager,,Mid,E-commerce
R_005710,CV,1,Junior Accountant,,Senior,EdTech
R_005711,CV,4,Account Executive,,Junior,Gaming
R_005712,CV,4,Account Executive,,Mid,Travel
R_005713,CV,7,Customer Success Associate,,Junior,E-commerce
R_005714,CV,6,Project Manager,,Junior,EdTech
R_005715,CV,3,BI Analyst,,Junior,E-commerce
R_005716,CV,6,Project Manager,,Mid,FinTech
R_005717,CV,4,Business Development Manager,,Senior,Healthcare
R_005718,CV,7,Technical Support Specialist,,Senior,E-commerce
R_005719,CV,4,Sales Representative,,Junior,Logistics
R_005720,CV,6,Operations Manager,,Junior,Cybersecurity
R_005721,CV,5,Marketing Manager,,Senior,Logistics
R_005722,CV,2,Technical Product Manager,,Senior,Healthcare
R_005723,CV,2,Technical Product Manager,,Junior,SaaS
R_005724,CV,6,Project Manager,,Senior,Cybersecurity
R_005725,CV,0,Backend Engineer,,Mid,Cybersecurity
R_005726,CV,4,Business Development Manager,,Senior,EdTech
R_005727,CV,4,Account Executive,,Senior,EdTech
R_005728,CV,2,Technical Product Manager,,Senior,Logistics
R_005729,CV,5,Performance Marketer,,Junior,Retail
R_005730,CV,5,Marketing Manager,,Junior,Healthcare
R_005731,CV,4,Business Development Manager,,Junior,Healthcare
R_005732,CV,6,Program Coordinator,,Mid,Cybersecurity
R_005733,CV,6,Program Coordinator,,Senior,Healthcare
R_005734,CV,6,Program Coordinator,,Mid,E-commerce
R_005735,CV,5,Content Marketer,,Junior,E-commerce
R_005736,CV,1,Junior Accountant,,Mid,Gaming
R_005737,CV,1,Financial Analyst,,Senior,SaaS
R_005738,CV,3,BI Analyst,,Junior,Healthcare
R_005739,CV,3,Business Analyst,,Mid,Healthcare
R_005740,CV,5,Marketing Manager,,Junior,Travel
R_005741,CV,1,Junior Accountant,,Junior,E-commerce
R_005742,CV,1,FP&A Analyst,,Mid,E-commerce
R_005743,CV,0,Backend Engineer,,Junior,Retail
R_005744,CV,4,Business Development Manager,,Senior,EdTech
R_005745,CV,1,FP&A Analyst,,Senior,SaaS
R_005746,CV,5,Content Marketer,,Mid,Cybersecurity
R_005747,CV,6,Program Coordinator,,Junior,Retail
R_005748,CV,2,Associate Product Manager,,Mid,FinTech
R_005749,CV,4,Account Executive,,Mid,Gaming
R_005750,CV,5,Marketing Manager,,Mid,EdTech
R_005751,CV,5,Performance Marketer,,Junior,E-commerce
R_005752,CV,1,Financial Analyst,,Mid,Gaming
R_005753,CV,6,Program Coordinator,,Senior,Retail
R_005754,CV,5,Content Marketer,,Junior,Logistics
R_005755,CV,5,Performance Marketer,,Junior,SaaS
R_005756,CV,7,Technical Support Specialist,,Mid,Gaming
R_005757,CV,4,Business Development Manager,,Junior,Retail
R_005758,CV,5,Content Marketer,,Junior,Logistics
R_005759,CV,3,Data Analyst,,Junior,Gaming
R_005760,CV,6,Program Coordinator,,Mid,Retail
R_005761,CV,4,Business Development Manager,,Senior,SaaS
R_005762,CV,7,Customer Success Associate,,Mid,Cybersecurity
R_005763,CV,6,Project Manager,,Junior,EdTech
R_005764,CV,4,Account Executive,,Senior,Gaming
R_005765,CV,2,Product Manager,,Junior,E-commerce
R_005766,CV,5,Performance Marketer,,Senior,Retail
R_005767,CV,5,Performance Marketer,,Junior,Gaming
R_005768,CV,0,Software Engineer,,Mid,SaaS
R_005769,CV,4,Sales Representative,,Junior,EdTech
R_005770,CV,1,Junior Accountant,,Mid,Healthcare
R_005771,CV,7,Customer Support Specialist,,Junior,Logistics
R_005772,CV,0,Software Engineer,,Junior,Cybersecurity
R_005773,CV,4,Business Development Manager,,Junior,Healthcare
R_005774,CV,1,Financial Analyst,,Mid,SaaS
R_005775,CV,3,Data Analyst,,Mid,Retail
R_005776,CV,3,Data Analyst,,Senior,FinTech
R_005777,CV,6,Operations Manager,,Mid,Healthcare
R_005778,CV,6,Operations Manager,,Mid,Retail
R_005779,CV,3,Data Analyst,,Junior,Retail
R_005780,CV,6,Project Manager,,Junior,Logistics
R_005781,CV,3,Business Analyst,,Mid,Retail
R_005782,CV,3,Data Analyst,,Mid,Cybersecurity
R_005783,CV,5,Content Marketer,,Junior,Travel
R_005784,CV,0,Software Engineer,,Mid,Logistics
R_005785,CV,3,Business Analyst,,Junior,SaaS
R_005786,CV,2,Product Manager,,Mid,Gaming
R_005787,CV,6,Operations Manager,,Mid,Logistics
R_005788,CV,3,Business Analyst,,Mid,Cybersecurity
R_005789,CV,1,FP&A Analyst,,Junior,FinTech
R_005790,CV,3,Data Analyst,,Junior,Travel
R_005791,CV,6,Program Coordinator,,Mid,Retail
R_005792,CV,4,Business Development Manager,,Mid,FinTech
R_005793,CV,4,Business Development Manager,,Senior,Retail
R_005794,CV,3,Data Analyst,,Mid,Cybersecurity
R_005795,CV,1,Financial Analyst,,Junior,EdTech
R_005796,CV,3,Business Analyst,,Senior,FinTech
R_005797,CV,7,Customer Support Specialist,,Senior,Cybersecurity
R_005798,CV,4,Sales Representative,,Senior,SaaS
R_005799,CV,4,Account Executive,,Senior,E-commerce
R_005800,CV,2,Technical Product Manager,,Senior,Travel
R_005801,CV,5,Content Marketer,,Mid,Gaming
R_005802,CV,4,Sales Representative,,Junior,FinTech
R_005803,CV,6,Project Manager,,Senior,E-commerce
R_005804,CV,4,Business Development Manager,,Mid,Retail
R_005805,CV,4,Sales Representative,,Mid,Healthcare
R_005806,CV,3,Data Analyst,,Senior,SaaS
R_005807,CV,3,Data Analyst,,Senior,Gaming
R_005808,CV,0,Software Engineer,,Senior,SaaS
R_005809,CV,3,Business Analyst,,Junior,Logistics
R_005810,CV,1,FP&A Analyst,,Mid,Cybersecurity
R_005811,CV,6,Operations Manager,,Senior,Cybersecurity
R_005812,CV,7,Technical Support Specialist,,Junior,Travel
R_005813,CV,3,Data Analyst,,Mid,E-commerce
R_005814,CV,5,Content Marketer,,Mid,Cybersecurity
R_005815,CV,0,Backend Engineer,,Mid,Logistics
R_005816,CV,5,Content Marketer,,Mid,SaaS
R_005817,CV,6,Operations Manager,,Mid,Travel
R_005818,CV,3,Business Analyst,,Junior,Cybersecurity
R_005819,CV,5,Marketing Manager,,Junior,E-commerce
R_005820,CV,7,Customer Support Specialist,,Senior,Logistics
R_005821,CV,4,Account Executive,,Mid,EdTech
R_005822,CV,3,Data Analyst,,Senior,Cybersecurity
R_005823,CV,1,FP&A Analyst,,Senior,EdTech
R_005824,CV,2,Associate Product Manager,,Junior,Cybersecurity
R_005825,CV,4,Account Executive,,Junior,Gaming
R_005826,CV,5,Content Marketer,,Junior,EdTech
R_005827,CV,3,Data Analyst,,Junior,FinTech
R_005828,CV,0,Software Engineer,,Junior,Travel
R_005829,CV,4,Sales Representative,,Senior,Logistics
R_005830,CV,0,Full Stack Engineer,,Mid,FinTech
R_005831,CV,0,Software Engineer,,Junior,Healthcare
R_005832,CV,4,Account Executive,,Junior,Gaming
R_005833,CV,4,Account Executive,,Senior,Logistics
R_005834,CV,4,Sales Representative,,Mid,SaaS
R_005835,CV,4,Business Development Manager,,Junior,E-commerce
R_005836,CV,21,Program Coordinator,,Senior,Travel
R_005837,CV,6,Operations Manager,,Mid,Travel
R_005838,CV,3,BI Analyst,,Mid,Gaming
R_005839,CV,0,Backend Engineer,,Senior,SaaS
R_005840,CV,6,Project Manager,,Senior,E-commerce
R_005841,CV,0,Backend Engineer,,Senior,SaaS
R_005842,CV,6,Project Manager,,Senior,FinTech
R_005843,CV,6,Program Coordinator,,Senior,Healthcare
R_005844,CV,5,Performance Marketer,,Junior,E-commerce
R_005845,CV,4,Account Executive,,Senior,Gaming
R_005846,CV,6,Project Manager,,Junior,Cybersecurity
R_005847,CV,2,Associate Product Manager,,Senior,E-commerce
R_005848,CV,2,Technical Product Manager,,Mid,Travel
R_005849,CV,5,Marketing Manager,,Senior,Travel
R_005850,CV,0,Full Stack Engineer,,Mid,Travel
R_005851,CV,5,Performance Marketer,,Senior,Retail
R_005852,CV,4,Sales Representative,,Junior,Cybersecurity
R_005853,CV,0,Software Engineer,,Senior,SaaS
R_005854,CV,1,Financial Analyst,,Junior,Travel
R_005855,CV,0,Full Stack Engineer,,Junior,Gaming
R_005856,CV,2,Technical Product Manager,,Mid,FinTech
R_005857,CV,2,Associate Product Manager,,Senior,EdTech
R_005858,CV,1,Junior Accountant,,Junior,EdTech
R_005859,CV,3,Business Analyst,,Senior,Gaming
R_005860,CV,5,Performance Marketer,,Mid,Travel
R_005861,CV,4,Business Development Manager,,Mid,Gaming
R_005862,CV,6,Program Coordinator,,Junior,SaaS
R_005863,CV,5,Marketing Manager,,Mid,E-commerce
R_005864,CV,3,BI Analyst,,Mid,Retail
R_005865,CV,4,Sales Representative,,Senior,FinTech
R_005866,CV,1,FP&A Analyst,,Mid,E-commerce
R_005867,CV,7,Customer Success Associate,,Mid,Logistics
R_005868,CV,5,Performance Marketer,,Senior,Cybersecurity
R_005869,CV,6,Operations Manager,,Mid,SaaS
R_005870,CV,6,Operations Manager,,Senior,Healthcare
R_005871,CV,0,Full Stack Engineer,,Junior,SaaS
R_005872,CV,0,Software Engineer,,Mid,Travel
R_005873,CV,7,Customer Support Specialist,,Mid,Healthcare
R_005874,CV,2,Technical Product Manager,,Mid,E-commerce
R_005875,CV,2,Associate Product Manager,,Mid,Retail
R_005876,CV,2,Technical Product Manager,,Junior,Retail
R_005877,CV,7,Technical Support Specialist,,Mid,FinTech
R_005878,CV,3,BI Analyst,,Junior,Gaming
R_005879,CV,7,Technical Support Specialist,,Junior,E-commerce
R_005880,CV,5,Performance Marketer,,Mid,Travel
R_005881,CV,2,Product Manager,,Junior,FinTech
R_005882,CV,1,Junior Accountant,,Senior,Retail
R_005883,CV,3,Data Analyst,,Senior,Logistics
R_005884,CV,6,Program Coordinator,,Mid,Logistics
R_005885,CV,0,Backend Engineer,,Mid,Cybersecurity
R_005886,CV,1,Financial Analyst,,Senior,Healthcare
R_005887,CV,4,Account Executive,,Mid,EdTech
R_005888,CV,1,Junior Accountant,,Senior,E-commerce
R_005889,CV,4,Account Executive,,Mid,Gaming
R_005890,CV,7,Customer Success Associate,,Senior,FinTech
R_005891,CV,7,Customer Support Specialist,,Senior,Gaming
R_005892,CV,0,Backend Engineer,,Junior,Cybersecurity
R_005893,CV,1,FP&A Analyst,,Junior,Retail
R_005894,CV,7,Customer Support Specialist,,Mid,EdTech
R_005895,CV,5,Content Marketer,,Junior,FinTech
R_005896,CV,7,Technical Support Specialist,,Junior,Retail
R_005897,CV,1,FP&A Analyst,,Junior,EdTech
R_005898,CV,2,Associate Product Manager,,Senior,SaaS
R_005899,CV,6,Operations Manager,,Mid,Retail
R_005900,CV,5,Content Marketer,,Junior,FinTech
R_005901,CV,3,BI Analyst,,Senior,SaaS
R_005902,CV,2,Associate Product Manager,,Junior,E-commerce
R_005903,CV,6,Project Manager,,Junior,Cybersecurity
R_005904,CV,5,Marketing Manager,,Senior,Gaming
R_005905,CV,4,Account Executive,,Junior,Gaming
R_005906,CV,0,Software Engineer,,Senior,E-commerce
R_005907,CV,1,FP&A Analyst,,Junior,EdTech
R_005908,CV,3,BI Analyst,,Junior,Travel
R_005909,CV,5,Content Marketer,,Mid,Gaming
R_005910,CV,6,Operations Manager,,Junior,Logistics
R_005911,CV,2,Product Manager,,Mid,E-commerce
R_005912,CV,4,Business Development Manager,,Mid,EdTech
R_005913,CV,4,Sales Representative,,Junior,FinTech
R_005914,CV,7,Technical Support Specialist,,Senior,Healthcare
R_005915,CV,0,Full Stack Engineer,,Junior,SaaS
R_005916,CV,6,Operations Manager,,Junior,Cybersecurity
R_005917,CV,4,Business Development Manager,,Mid,FinTech
R_005918,CV,4,Sales Representative,,Senior,FinTech
R_005919,CV,3,BI Analyst,,Mid,Retail
R_005920,CV,1,FP&A Analyst,,Senior,E-commerce
R_005921,CV,7,Customer Support Specialist,,Senior,Healthcare
R_005922,CV,1,Financial Analyst,,Junior,Healthcare
R_005923,CV,5,Content Marketer,,Junior,Retail
R_005924,CV,4,Account Executive,,Senior,Cybersecurity
R_005925,CV,4,Business Development Manager,,Senior,EdTech
R_005926,CV,1,FP&A Analyst,,Senior,Travel
R_005927,CV,2,Product Manager,,Mid,EdTech
R_005928,CV,5,Performance Marketer,,Mid,EdTech
R_005929,CV,0,Backend Engineer,,Senior,Logistics
R_005930,CV,6,Project Manager,,Senior,EdTech
R_005931,CV,7,Customer Success Associate,,Senior,Travel
R_005932,CV,4,Sales Representative,,Senior,Gaming
R_005933,CV,5,Performance Marketer,,Senior,FinTech
R_005934,CV,3,BI Analyst,,Junior,SaaS
R_005935,CV,3,Business Analyst,,Senior,Retail
R_005936,CV,4,Account Executive,,Senior,Gaming
R_005937,CV,0,Backend Engineer,,Mid,Cybersecurity
R_005938,CV,2,Associate Product Manager,,Senior,Healthcare
R_005939,CV,0,Full Stack Engineer,,Junior,Cybersecurity
R_005940,CV,4,Business Development Manager,,Junior,Gaming
R_005941,CV,7,Technical Support Specialist,,Junior,Healthcare
R_005942,CV,5,Marketing Manager,,Senior,Healthcare
R_005943,CV,0,Backend Engineer,,Mid,SaaS
R_005944,CV,3,Data Analyst,,Junior,Logistics
R_005945,CV,2,Technical Product Manager,,Mid,Logistics
R_005946,CV,3,BI Analyst,,Senior,Travel
R_005947,CV,4,Sales Representative,,Senior,Travel
R_005948,CV,7,Customer Support Specialist,,Junior,FinTech
R_005949,CV,6,Project Manager,,Mid,Cybersecurity
R_005950,CV,22,Technical Product Manager,,Junior,FinTech
R_005951,CV,5,Performance Marketer,,Senior,SaaS
R_005952,CV,0,Backend Engineer,,Junior,Cybersecurity
R_005953,CV,3,BI Analyst,,Junior,E-commerce
R_005954,CV,4,Sales Representative,,Junior,FinTech
R_005955,CV,1,Junior Accountant,,Junior,E-commerce
R_005956,CV,4,Sales Representative,,Junior,Retail
R_005957,CV,4,Account Executive,,Mid,Gaming
R_005958,CV,2,Product Manager,,Junior,Travel
R_005959,CV,4,Sales Representative,,Senior,SaaS
R_005960,CV,4,Account Executive,,Mid,E-commerce
R_005961,CV,1,Financial Analyst,,Senior,EdTech
R_005962,CV,1,FP&A Analyst,,Junior,Logistics
R_005963,CV,3,BI Analyst,,Junior,Healthcare
R_005964,CV,2,Technical Product Manager,,Mid,Retail
R_005965,CV,1,Financial Analyst,,Junior,Gaming
R_005966,CV,0,Backend Engineer,,Senior,Travel
R_005967,CV,1,Financial Analyst,,Senior,Travel
R_005968,CV,5,Content Marketer,,Senior,SaaS
R_005969,CV,1,Financial Analyst,,Mid,Healthcare
R_005970,CV,3,BI Analyst,,Junior,Retail
R_005971,CV,2,Product Manager,,Mid,Gaming
R_005972,CV,2,Associate Product Manager,,Junior,E-commerce
R_005973,CV,7,Customer Support Specialist,,Junior,Logistics
R_005974,CV,5,Content Marketer,,Junior,FinTech
R_005975,CV,0,Full Stack Engineer,,Senior,Travel
R_005976,CV,2,Associate Product Manager,,Junior,Retail
R_005977,CV,7,Customer Success Associate,,Mid,Cybersecurity
R_005978,CV,6,Project Manager,,Mid,Retail
R_005979,CV,0,Software Engineer,,Junior,FinTech
R_005980,CV,3,Business Analyst,,Mid,Cybersecurity
R_005981,CV,7,Technical Support Specialist,,Junior,FinTech
R_005982,CV,4,Sales Representative,,Mid,EdTech
R_005983,CV,5,Content Marketer,,Senior,Healthcare
R_005984,CV,6,Operations Manager,,Senior,Logistics
R_005985,CV,3,Business Analyst,,Senior,Cybersecurity
R_005986,CV,5,Marketing Manager,,Mid,Travel
R_005987,CV,2,Associate Product Manager,,Junior,Healthcare
R_005988,CV,6,Operations Manager,,Mid,Gaming
R_005989,CV,6,Operations Manager,,Mid,SaaS
R_005990,CV,3,Business Analyst,,Senior,Gaming
R_005991,CV,0,Full Stack Engineer,,Junior,Travel
R_005992,CV,4,Business Development Manager,,Mid,Logistics
R_005993,CV,1,Financial Analyst,,Junior,Logistics
R_005994,CV,6,Program Coordinator,,Senior,Healthcare
R_005995,CV,3,Business Analyst,,Mid,FinTech
R_005996,CV,0,Software Engineer,,Junior,Healthcare
R_005997,CV,6,Project Manager,,Junior,EdTech
R_005998,CV,0,Full Stack Engineer,,Junior,Logistics
R_005999,CV,6,Operations Manager,,Mid,Logistics
R_006000,CV,5,Content Marketer,,Mid,E-commerce
R_006001,CV,6,Operations Manager,,Mid,Gaming
R_006002,CV,0,Software Engineer,,Senior,Healthcare
R_006003,CV,7,Customer Success Associate,,Junior,Logistics
R_006004,CV,0,Software Engineer,,Mid,SaaS
R_006005,CV,4,Business Development Manager,,Mid,FinTech
R_006006,CV,5,Performance Marketer,,Mid,Gaming
R_006007,CV,5,Performance Marketer,,Mid,SaaS
R_006008,CV,0,Software Engineer,,Senior,Healthcare
R_006009,CV,7,Technical Support Specialist,,Senior,Retail
R_006010,CV,0,Backend Engineer,,Mid,EdTech
R_006011,CV,3,Data Analyst,,Mid,Logistics
R_006012,CV,5,Marketing Manager,,Senior,EdTech
R_006013,CV,3,Business Analyst,,Mid,SaaS
R_006014,CV,1,Junior Accountant,,Senior,FinTech
R_006015,CV,0,Backend Engineer,,Mid,FinTech
R_006016,CV,0,Backend Engineer,,Mid,Cybersecurity
R_006017,CV,4,Account Executive,,Mid,FinTech
R_006018,CV,5,Content Marketer,,Junior,Retail
R_006019,CV,0,Backend Engineer,,Mid,Healthcare
R_006020,CV,1,FP&A Analyst,,Mid,FinTech
R_006021,CV,1,Junior Accountant,,Junior,E-commerce
R_006022,CV,2,Product Manager,,Junior,Healthcare
R_006023,CV,3,BI Analyst,,Senior,E-commerce
R_006024,CV,3,Data Analyst,,Senior,Cybersecurity
R_006025,CV,2,Product Manager,,Mid,E-commerce
R_006026,CV,3,BI Analyst,,Mid,E-commerce
R_006027,CV,3,Business Analyst,,Senior,Logistics
R_006028,CV,6,Program Coordinator,,Senior,Logistics
R_006029,CV,7,Customer Support Specialist,,Junior,Healthcare
R_006030,CV,1,Financial Analyst,,Senior,Logistics
R_006031,CV,6,Operations Manager,,Mid,EdTech
R_006032,CV,2,Product Manager,,Mid,Gaming
R_006033,CV,7,Customer Success Associate,,Senior,Logistics
R_006034,CV,2,Product Manager,,Senior,FinTech
R_006035,CV,4,Business Development Manager,,Senior,Healthcare
R_006036,CV,6,Project Manager,,Junior,FinTech
R_006037,CV,6,Operations Manager,,Mid,Retail
R_006038,CV,5,Marketing Manager,,Senior,Cybersecurity
R_006039,CV,7,Customer Support Specialist,,Senior,E-commerce
R_006040,CV,1,Financial Analyst,,Mid,Healthcare
R_006041,CV,7,Technical Support Specialist,,Junior,Travel
R_006042,CV,4,Business Development Manager,,Senior,Logistics
R_006043,CV,4,Sales Representative,,Junior,EdTech
R_006044,CV,5,Content Marketer,,Mid,Travel
R_006045,CV,3,BI Analyst,,Junior,EdTech
R_006046,CV,2,Associate Product Manager,,Senior,SaaS
R_006047,CV,1,Financial Analyst,,Mid,EdTech
R_006048,CV,2,Associate Product Manager,,Senior,Gaming
R_006049,CV,0,Full Stack Engineer,,Junior,Retail
R_006050,CV,2,Associate Product Manager,,Senior,Gaming
R_006051,CV,3,BI Analyst,,Mid,Retail
R_006052,CV,6,Project Manager,,Senior,Healthcare
R_006053,CV,5,Content Marketer,,Junior,Travel
R_006054,CV,7,Customer Success Associate,,Junior,SaaS
R_006055,CV,6,Program Coordinator,,Mid,SaaS
R_006056,CV,1,Financial Analyst,,Senior,E-commerce
R_006057,CV,4,Sales Representative,,Junior,Cybersecurity
R_006058,CV,3,Data Analyst,,Senior,Travel
R_006059,CV,6,Program Coordinator,,Mid,E-commerce
R_006060,CV,7,Customer Success Associate,,Senior,Logistics
R_006061,CV,3,Data Analyst,,Junior,Gaming
R_006062,CV,3,BI Analyst,,Mid,FinTech
R_006063,CV,5,Performance Marketer,,Junior,E-commerce
R_006064,CV,1,Financial Analyst,,Senior,Retail
R_006065,CV,0,Software Engineer,,Junior,FinTech
R_006066,CV,5,Marketing Manager,,Junior,Cybersecurity
R_006067,CV,5,Performance Marketer,,Senior,SaaS
R_006068,CV,6,Program Coordinator,,Junior,FinTech
R_006069,CV,7,Technical Support Specialist,,Junior,Gaming
R_006070,CV,1,Financial Analyst,,Senior,EdTech
R_006071,CV,0,Full Stack Engineer,,Mid,SaaS
R_006072,CV,3,Business Analyst,,Junior,Cybersecurity
R_006073,CV,3,BI Analyst,,Junior,Logistics
R_006074,CV,2,Associate Product Manager,,Junior,E-commerce
R_006075,CV,3,BI Analyst,,Mid,Retail
R_006076,CV,3,Business Analyst,,Senior,Travel
R_006077,CV,5,Content Marketer,,Junior,Healthcare
R_006078,CV,2,Technical Product Manager,,Junior,Retail
R_006079,CV,6,Program Coordinator,,Junior,Retail
R_006080,CV,7,Customer Success Associate,,Mid,FinTech
R_006081,CV,0,Full Stack Engineer,,Senior,Logistics
R_006082,CV,5,Marketing Manager,,Junior,E-commerce
R_006083,CV,2,Product Manager,,Senior,SaaS
R_006084,CV,4,Account Executive,,Mid,EdTech
R_006085,CV,5,Content Marketer,,Junior,E-commerce
R_006086,CV,7,Customer Success Associate,,Junior,Healthcare
R_006087,CV,7,Customer Success Associate,,Junior,Healthcare
R_006088,CV,2,Technical Product Manager,,Mid,Cybersecurity
R_006089,CV,3,BI Analyst,,Junior,E-commerce
R_006090,CV,2,Technical Product Manager,,Junior,Gaming
R_006091,CV,4,Business Development Manager,,Senior,Travel
R_006092,CV,5,Content Marketer,,Mid,EdTech
R_006093,CV,7,Customer Success Associate,,Junior,Healthcare
R_006094,CV,3,Data Analyst,,Mid,Logistics
R_006095,CV,0,Full Stack Engineer,,Junior,EdTech
R_006096,CV,0,Backend Engineer,,Mid,Cybersecurity
R_006097,CV,2,Product Manager,,Mid,Travel
R_006098,CV,5,Content Marketer,,Mid,EdTech
R_006099,CV,0,Backend Engineer,,Mid,SaaS
R_006100,CV,5,Content Marketer,,Mid,EdTech
R_006101,CV,2,Associate Product Manager,,Mid,EdTech
R_006102,CV,2,Technical Product Manager,,Mid,Gaming
R_006103,CV,0,Full Stack Engineer,,Senior,Cybersecurity
R_006104,CV,6,Project Manager,,Mid,Cybersecurity
R_006105,CV,0,Full Stack Engineer,,Senior,EdTech
R_006106,CV,1,Junior Accountant,,Mid,Retail
R_006107,CV,5,Content Marketer,,Junior,Retail
R_006108,CV,23,Product Manager,,Senior,Gaming
R_006109,CV,0,Full Stack Engineer,,Mid,Logistics
R_006110,CV,3,Business Analyst,,Senior,E-commerce
R_006111,CV,7,Technical Support Specialist,,Junior,FinTech
R_006112,CV,3,Business Analyst,,Junior,Retail
R_006113,CV,3,Business Analyst,,Mid,Gaming
R_006114,CV,7,Customer Support Specialist,,Mid,EdTech
R_006115,CV,3,BI Analyst,,Mid,EdTech
R_006116,CV,3,Data Analyst,,Mid,Gaming
R_006117,CV,4,Account Executive,,Mid,E-commerce
R_006118,CV,2,Technical Product Manager,,Junior,Logistics
R_006119,CV,2,Technical Product Manager,,Mid,SaaS
R_006120,CV,6,Project Manager,,Senior,E-commerce
R_006121,CV,4,Business Development Manager,,Mid,Cybersecurity
R_006122,CV,7,Customer Success Associate,,Senior,Retail
R_006123,CV,0,Backend Engineer,,Junior,Travel
R_006124,CV,6,Project Manager,,Mid,E-commerce
R_006125,CV,4,Sales Representative,,Junior,Retail
R_006126,CV,4,Sales Representative,,Mid,Healthcare
R_006127,CV,7,Customer Support Specialist,,Senior,Healthcare
R_006128,CV,2,Product Manager,,Mid,Retail
R_006129,CV,6,Operations Manager,,Senior,FinTech
R_006130,CV,7,Technical Support Specialist,,Junior,E-commerce
R_006131,CV,1,FP&A Analyst,,Mid,Healthcare
R_006132,CV,7,Customer Success Associate,,Senior,EdTech
R_006133,CV,6,Project Manager,,Junior,EdTech
R_006134,CV,3,Business Analyst,,Senior,Healthcare
R_006135,CV,2,Technical Product Manager,,Senior,EdTech
R_006136,CV,7,Technical Support Specialist,,Senior,Gaming
R_006137,CV,5,Marketing Manager,,Junior,Gaming
R_006138,CV,0,Full Stack Engineer,,Mid,E-commerce
R_006139,CV,3,BI Analyst,,Junior,SaaS
R_006140,CV,0,Full Stack Engineer,,Mid,FinTech
R_006141,CV,5,Marketing Manager,,Mid,Travel
R_006142,CV,6,Project Manager,,Mid,Travel
R_006143,CV,5,Marketing Manager,,Mid,Logistics
R_006144,CV,5,Marketing Manager,,Mid,SaaS
R_006145,CV,0,Full Stack Engineer,,Senior,Gaming
R_006146,CV,3,BI Analyst,,Mid,E-commerce
R_006147,CV,2,Associate Product Manager,,Senior,SaaS
R_006148,CV,3,Data Analyst,,Senior,EdTech
R_006149,CV,5,Performance Marketer,,Senior,Travel
R_006150,CV,6,Operations Manager,,Junior,Travel
R_006151,CV,3,Business Analyst,,Mid,Logistics
R_006152,CV,2,Associate Product Manager,,Junior,Gaming
R_006153,CV,3,Data Analyst,,Mid,Cybersecurity
R_006154,CV,4,Account Executive,,Mid,Healthcare
R_006155,CV,2,Technical Product Manager,,Mid,Cybersecurity
R_006156,CV,1,Junior Accountant,,Junior,FinTech
R_006157,CV,6,Project Manager,,Junior,Logistics
R_006158,CV,6,Project Manager,,Junior,SaaS
R_006159,CV,0,Backend Engineer,,Senior,FinTech
R_006160,CV,1,FP&A Analyst,,Mid,Logistics
R_006161,CV,4,Business Development Manager,,Junior,Gaming
R_006162,CV,5,Marketing Manager,,Senior,E-commerce
R_006163,CV,1,Financial Analyst,,Senior,Retail
R_006164,CV,4,Sales Representative,,Mid,Healthcare
R_006165,CV,5,Performance Marketer,,Junior,Gaming
R_006166,CV,0,Software Engineer,,Mid,Cybersecurity
R_006167,CV,1,FP&A Analyst,,Mid,SaaS
R_006168,CV,0,Software Engineer,,Mid,FinTech
R_006169,CV,4,Sales Representative,,Mid,EdTech
R_006170,CV,7,Technical Support Specialist,,Mid,Retail
R_006171,CV,1,Junior Accountant,,Junior,Travel
R_006172,CV,4,Sales Representative,,Senior,E-commerce
R_006173,CV,2,Associate Product Manager,,Mid,Gaming
R_006174,CV,4,Business Development Manager,,Senior,SaaS
R_006175,CV,6,Project Manager,,Mid,Travel
R_006176,CV,4,Account Executive,,Senior,SaaS
R_006177,CV,2,Associate Product Manager,,Senior,FinTech
R_006178,CV,0,Full Stack Engineer,,Junior,EdTech
R_006179,CV,1,FP&A Analyst,,Mid,Travel
R_006180,CV,5,Performance Marketer,,Junior,FinTech
R_006181,CV,4,Business Development Manager,,Senior,Healthcare
R_006182,CV,3,Data Analyst,,Senior,Retail
R_006183,CV,5,Content Marketer,,Senior,Travel
R_006184,CV,24,Performance Marketer,,Senior,SaaS
R_006185,CV,5,Performance Marketer,,Senior,E-commerce
R_006186,CV,3,BI Analyst,,Senior,Travel
R_006187,CV,6,Program Coordinator,,Senior,Logistics
R_006188,CV,2,Product Manager,,Senior,E-commerce
R_006189,CV,1,Financial Analyst,,Senior,FinTech
R_006190,CV,0,Backend Engineer,,Mid,E-commerce
R_006191,CV,1,Junior Accountant,,Junior,FinTech
R_006192,CV,4,Sales Representative,,Mid,FinTech
R_006193,CV,0,Full Stack Engineer,,Junior,Gaming
R_006194,CV,3,Data Analyst,,Junior,Retail
R_006195,CV,0,Software Engineer,,Mid,Healthcare
R_006196,CV,6,Program Coordinator,,Mid,FinTech
R_006197,CV,1,Financial Analyst,,Mid,FinTech
R_006198,CV,5,Marketing Manager,,Senior,Cybersecurity
R_006199,CV,0,Software Engineer,,Mid,Healthcare
R_006200,CV,6,Program Coordinator,,Mid,Cybersecurity
R_006201,CV,6,Program Coordinator,,Junior,Retail
R_006202,CV,2,Associate Product Manager,,Junior,FinTech
R_006203,CV,5,Performance Marketer,,Senior,SaaS
R_006204,CV,4,Sales Representative,,Senior,Logistics
R_006205,CV,4,Account Executive,,Junior,Logistics
R_006206,CV,5,Marketing Manager,,Mid,Healthcare
R_006207,CV,7,Customer Success Associate,,Mid,SaaS
R_006208,CV,6,Project Manager,,Junior,FinTech
R_006209,CV,3,BI Analyst,,Senior,Logistics
R_006210,CV,1,Financial Analyst,,Senior,SaaS
R_006211,CV,7,Customer Support Specialist,,Mid,Healthcare
R_006212,CV,6,Project Manager,,Mid,EdTech
R_006213,CV,0,Software Engineer,,Senior,E-commerce
R_006214,CV,4,Sales Representative,,Junior,Healthcare
R_006215,CV,6,Project Manager,,Mid,Travel
R_006216,CV,6,Program Coordinator,,Senior,SaaS
R_006217,CV,6,Operations Manager,,Mid,Travel
R_006218,CV,4,Account Executive,,Mid,E-commerce
R_006219,CV,6,Operations Manager,,Mid,Healthcare
R_006220,CV,1,Financial Analyst,,Mid,Gaming
R_006221,CV,4,Account Executive,,Mid,FinTech
R_006222,CV,1,Junior Accountant,,Senior,Logistics
R_006223,CV,4,Sales Representative,,Senior,E-commerce
R_006224,CV,2,Associate Product Manager,,Junior,SaaS
R_006225,CV,6,Program Coordinator,,Junior,FinTech
R_006226,CV,6,Operations Manager,,Junior,FinTech
R_006227,CV,1,FP&A Analyst,,Senior,FinTech
R_006228,CV,2,Technical Product Manager,,Senior,SaaS
R_006229,CV,3,Business Analyst,,Mid,Travel
R_006230,CV,7,Customer Success Associate,,Senior,Retail
R_006231,CV,2,Technical Product Manager,,Mid,E-commerce
R_006232,CV,5,Marketing Manager,,Mid,Cybersecurity
R_006233,CV,0,Full Stack Engineer,,Junior,Healthcare
R_006234,CV,0,Backend Engineer,,Senior,E-commerce
R_006235,CV,4,Sales Representative,,Junior,Cybersecurity
R_006236,CV,2,Associate Product Manager,,Mid,Cybersecurity
R_006237,CV,0,Backend Engineer,,Junior,EdTech
R_006238,CV,5,Content Marketer,,Junior,Cybersecurity
R_006239,CV,3,Data Analyst,,Senior,Retail
R_006240,CV,4,Business Development Manager,,Mid,Cybersecurity
R_006241,CV,3,Business Analyst,,Mid,Retail
R_006242,CV,1,Financial Analyst,,Senior,Retail
R_006243,CV,2,Technical Product Manager,,Mid,Healthcare
R_006244,CV,1,Junior Accountant,,Senior,Logistics
R_006245,CV,4,Business Development Manager,,Junior,Gaming
R_006246,CV,0,Full Stack Engineer,,Mid,E-commerce
R_006247,CV,0,Full Stack Engineer,,Junior,Retail
R_006248,CV,5,Performance Marketer,,Mid,Healthcare
R_006249,CV,0,Software Engineer,,Junior,E-commerce
R_006250,CV,0,Full Stack Engineer,,Junior,Logistics
R_006251,CV,3,Business Analyst,,Senior,EdTech
R_006252,CV,0,Backend Engineer,,Junior,EdTech
R_006253,CV,1,Junior Accountant,,Mid,E-commerce
R_006254,CV,1,Junior Accountant,,Junior,Logistics
R_006255,CV,5,Marketing Manager,,Senior,SaaS
R_006256,CV,0,Software Engineer,,Senior,SaaS
R_006257,CV,3,Data Analyst,,Senior,E-commerce
R_006258,CV,0,Backend Engineer,,Senior,Gaming
R_006259,CV,2,Product Manager,,Senior,Retail
R_006260,CV,7,Customer Support Specialist,,Senior,Gaming
R_006261,CV,4,Account Executive,,Senior,Healthcare
R_006262,CV,5,Content Marketer,,Mid,EdTech
R_006263,CV,1,Junior Accountant,,Junior,Retail
R_006264,CV,6,Program Coordinator,,Mid,Healthcare
R_006265,CV,6,Project Manager,,Junior,E-commerce
R_006266,CV,5,Marketing Manager,,Mid,Logistics
R_006267,CV,0,Full Stack Engineer,,Mid,Travel
R_006268,CV,7,Customer Success Associate,,Senior,Healthcare
R_006269,CV,7,Customer Support Specialist,,Mid,Retail
R_006270,CV,5,Content Marketer,,Mid,FinTech
R_006271,CV,4,Business Development Manager,,Junior,Cybersecurity
R_006272,CV,3,Business Analyst,,Senior,FinTech
R_006273,CV,0,Full Stack Engineer,,Junior,Travel
R_006274,CV,7,Customer Success Associate,,Senior,Travel
R_006275,CV,0,Full Stack Engineer,,Senior,Gaming
R_006276,CV,2,Associate Product Manager,,Mid,Healthcare
R_006277,CV,6,Project Manager,,Senior,Gaming
R_006278,CV,0,Software Engineer,,Senior,EdTech
R_006279,CV,4,Business Development Manager,,Mid,Gaming
R_006280,CV,3,Business Analyst,,Junior,Travel
R_006281,CV,0,Full Stack Engineer,,Mid,EdTech
R_006282,CV,3,BI Analyst,,Junior,FinTech
R_006283,CV,2,Associate Product Manager,,Mid,Gaming
R_006284,CV,6,Program Coordinator,,Junior,Cybersecurity
R_006285,CV,6,Operations Manager,,Junior,Healthcare
R_006286,CV,3,Data Analyst,,Junior,FinTech
R_006287,CV,5,Performance Marketer,,Junior,Cybersecurity
R_006288,CV,2,Product Manager,,Senior,Travel
R_006289,CV,6,Operations Manager,,Junior,Retail
R_006290,CV,2,Technical Product Manager,,Mid,EdTech
R_006291,CV,4,Account Executive,,Junior,Retail
R_006292,CV,1,Financial Analyst,,Junior,Logistics
R_006293,CV,3,Data Analyst,,Mid,FinTech
R_006294,CV,4,Business Development Manager,,Mid,Gaming
R_006295,CV,7,Customer Support Specialist,,Junior,Cybersecurity
R_006296,CV,3,Data Analyst,,Senior,Logistics
R_006297,CV,4,Sales Representative,,Senior,Healthcare
R_006298,CV,0,Full Stack Engineer,,Junior,Retail
R_006299,CV,7,Technical Support Specialist,,Mid,Travel
R_006300,CV,4,Business Development Manager,,Junior,Retail
R_006301,CV,7,Technical Support Specialist,,Senior,Logistics
R_006302,CV,2,Technical Product Manager,,Junior,EdTech
R_006303,CV,3,BI Analyst,,Senior,Gaming
R_006304,CV,1,FP&A Analyst,,Mid,E-commerce
R_006305,CV,0,Full Stack Engineer,,Mid,FinTech
R_006306,CV,3,Business Analyst,,Mid,Travel
R_006307,CV,3,Data Analyst,,Mid,E-commerce
R_006308,CV,3,Data Analyst,,Junior,Healthcare
R_006309,CV,0,Backend Engineer,,Mid,Retail
R_006310,CV,6,Project Manager,,Mid,SaaS
R_006311,CV,0,Backend Engineer,,Junior,Cybersecurity
R_006312,CV,1,Financial Analyst,,Senior,FinTech
R_006313,CV,5,Marketing Manager,,Senior,Healthcare
R_006314,CV,6,Program Coordinator,,Mid,SaaS
R_006315,CV,1,Financial Analyst,,Senior,EdTech
R_006316,CV,3,BI Analyst,,Mid,EdTech
R_006317,CV,6,Project Manager,,Mid,E-commerce
R_006318,CV,7,Customer Success Associate,,Mid,Travel
R_006319,CV,5,Marketing Manager,,Junior,Travel
R_006320,CV,0,Full Stack Engineer,,Senior,E-commerce
R_006321,CV,2,Technical Product Manager,,Senior,FinTech
R_006322,CV,0,Full Stack Engineer,,Junior,Logistics
R_006323,CV,6,Program Coordinator,,Junior,E-commerce
R_006324,CV,1,Financial Analyst,,Mid,Gaming
R_006325,CV,4,Sales Representative,,Mid,E-commerce
R_006326,CV,0,Full Stack Engineer,,Mid,EdTech
R_006327,CV,2,Product Manager,,Junior,E-commerce
R_006328,CV,7,Customer Success Associate,,Junior,E-commerce
R_006329,CV,5,Marketing Manager,,Senior,Logistics
R_006330,CV,7,Technical Support Specialist,,Junior,Healthcare
R_006331,CV,4,Sales Representative,,Senior,Logistics
R_006332,CV,0,Full Stack Engineer,,Senior,E-commerce
R_006333,CV,4,Business Development Manager,,Mid,EdTech
R_006334,CV,5,Performance Marketer,,Junior,Logistics
R_006335,CV,4,Business Development Manager,,Senior,E-commerce
R_006336,CV,1,FP&A Analyst,,Mid,Healthcare
R_006337,CV,1,Junior Accountant,,Senior,EdTech
R_006338,CV,7,Customer Support Specialist,,Junior,Retail
R_006339,CV,7,Customer Support Specialist,,Mid,Retail
R_006340,CV,1,FP&A Analyst,,Junior,E-commerce
R_006341,CV,7,Technical Support Specialist,,Junior,Cybersecurity
R_006342,CV,4,Sales Representative,,Senior,Logistics
R_006343,CV,5,Marketing Manager,,Junior,E-commerce
R_006344,CV,2,Associate Product Manager,,Senior,E-commerce
R_006345,CV,1,Junior Accountant,,Mid,FinTech
R_006346,CV,1,Financial Analyst,,Mid,Cybersecurity
R_006347,CV,7,Technical Support Specialist,,Senior,Travel
R_006348,CV,1,Financial Analyst,,Junior,Travel
R_006349,CV,1,Junior Accountant,,Junior,EdTech
R_006350,CV,6,Program Coordinator,,Mid,E-commerce
R_006351,CV,3,Business Analyst,,Junior,EdTech
R_006352,CV,2,Associate Product Manager,,Senior,EdTech
R_006353,CV,1,FP&A Analyst,,Senior,Travel
R_006354,CV,5,Marketing Manager,,Junior,Cybersecurity
R_006355,CV,6,Operations Manager,,Mid,Retail
R_006356,CV,7,Customer Support Specialist,,Senior,EdTech
R_006357,CV,4,Sales Representative,,Senior,EdTech
R_006358,CV,6,Project Manager,,Junior,Logistics
R_006359,CV,6,Operations Manager,,Senior,FinTech
R_006360,CV,6,Operations Manager,,Mid,EdTech
R_006361,CV,1,Financial Analyst,,Junior,Logistics
R_006362,CV,6,Program Coordinator,,Mid,FinTech
R_006363,CV,6,Project Manager,,Senior,Cybersecurity
R_006364,CV,1,FP&A Analyst,,Mid,Travel
R_006365,CV,2,Associate Product Manager,,Mid,Travel
R_006366,CV,5,Marketing Manager,,Mid,Gaming
R_006367,CV,1,Junior Accountant,,Mid,EdTech
R_006368,CV,1,Junior Accountant,,Junior,FinTech
R_006369,CV,2,Product Manager,,Junior,Travel
R_006370,CV,6,Project Manager,,Mid,Retail
R_006371,CV,7,Customer Support Specialist,,Junior,Logistics
R_006372,CV,1,Junior Accountant,,Senior,E-commerce
R_006373,CV,3,Data Analyst,,Junior,FinTech
R_006374,CV,2,Product Manager,,Mid,FinTech
R_006375,CV,0,Backend Engineer,,Junior,SaaS
R_006376,CV,0,Backend Engineer,,Senior,Cybersecurity
R_006377,CV,4,Sales Representative,,Junior,SaaS
R_006378,CV,4,Business Development Manager,,Mid,Logistics
R_006379,CV,4,Sales Representative,,Senior,FinTech
R_006380,CV,4,Sales Representative,,Mid,Healthcare
R_006381,CV,6,Program Coordinator,,Junior,EdTech
R_006382,CV,0,Software Engineer,,Senior,Cybersecurity
R_006383,CV,6,Program Coordinator,,Junior,Retail
R_006384,CV,3,Business Analyst,,Senior,E-commerce
R_006385,CV,0,Backend Engineer,,Mid,Gaming
R_006386,CV,0,Software Engineer,,Senior,Travel
R_006387,CV,5,Marketing Manager,,Junior,Healthcare
R_006388,CV,1,Financial Analyst,,Senior,EdTech
R_006389,CV,2,Product Manager,,Mid,SaaS
R_006390,CV,4,Business Development Manager,,Junior,Logistics
R_006391,CV,0,Software Engineer,,Mid,E-commerce
R_006392,CV,6,Project Manager,,Junior,Gaming
R_006393,CV,7,Customer Success Associate,,Junior,FinTech
R_006394,CV,5,Content Marketer,,Junior,E-commerce
R_006395,CV,1,FP&A Analyst,,Junior,EdTech
R_006396,CV,1,Junior Accountant,,Mid,Retail
R_006397,CV,6,Project Manager,,Mid,E-commerce
R_006398,CV,6,Operations Manager,,Mid,Logistics
R_006399,CV,7,Customer Support Specialist,,Junior,Travel
R_006400,CV,0,Software Engineer,,Junior,Retail
R_006401,CV,7,Customer Success Associate,,Mid,Retail
R_006402,CV,4,Account Executive,,Junior,EdTech
R_006403,CV,5,Marketing Manager,,Junior,E-commerce
R_006404,CV,7,Customer Success Associate,,Junior,Healthcare
R_006405,CV,2,Associate Product Manager,,Junior,Healthcare
R_006406,CV,3,BI Analyst,,Junior,SaaS
R_006407,CV,5,Performance Marketer,,Junior,Retail
R_006408,CV,7,Customer Success Associate,,Junior,FinTech
R_006409,CV,3,Data Analyst,,Senior,Cybersecurity
R_006410,CV,4,Account Executive,,Mid,Cybersecurity
R_006411,CV,0,Software Engineer,,Mid,Cybersecurity
R_006412,CV,6,Operations Manager,,Mid,Travel
R_006413,CV,4,Business Development Manager,,Junior,FinTech
R_006414,CV,2,Product Manager,,Senior,Healthcare
R_006415,CV,2,Technical Product Manager,,Mid,FinTech
R_006416,CV,6,Program Coordinator,,Senior,Retail
R_006417,CV,0,Backend Engineer,,Senior,Healthcare
R_006418,CV,2,Technical Product Manager,,Junior,Cybersecurity
R_006419,CV,3,BI Analyst,,Senior,E-commerce
R_006420,CV,3,BI Analyst,,Junior,FinTech
R_006421,CV,5,Marketing Manager,,Mid,Healthcare
R_006422,CV,7,Technical Support Specialist,,Mid,Travel
R_006423,CV,7,Customer Support Specialist,,Senior,Logistics
R_006424,CV,2,Product Manager,,Senior,Cybersecurity
R_006425,CV,1,Financial Analyst,,Junior,Retail
R_006426,CV,4,Sales Representative,,Junior,Travel
R_006427,CV,2,Product Manager,,Mid,Travel
R_006428,CV,6,Operations Manager,,Senior,Retail
R_006429,CV,6,Operations Manager,,Mid,E-commerce
R_006430,CV,3,Business Analyst,,Senior,FinTech
R_006431,CV,0,Full Stack Engineer,,Junior,Healthcare
R_006432,CV,2,Technical Product Manager,,Senior,Retail
R_006433,CV,5,Content Marketer,,Senior,Travel
R_006434,CV,1,Junior Accountant,,Junior,E-commerce
R_006435,CV,2,Technical Product Manager,,Mid,Retail
R_006436,CV,5,Marketing Manager,,Junior,Cybersecurity
R_006437,CV,4,Account Executive,,Mid,EdTech
R_006438,CV,2,Technical Product Manager,,Mid,Travel
R_006439,CV,4,Account Executive,,Junior,Gaming
R_006440,CV,2,Technical Product Manager,,Junior,Gaming
R_006441,CV,5,Marketing Manager,,Mid,Cybersecurity
R_006442,CV,0,Software Engineer,,Mid,Retail
R_006443,CV,0,Backend Engineer,,Senior,Gaming
R_006444,CV,1,Financial Analyst,,Junior,SaaS
R_006445,CV,7,Customer Success Associate,,Junior,Gaming
R_006446,CV,6,Project Manager,,Mid,FinTech
R_006447,CV,2,Technical Product Manager,,Junior,Healthcare
R_006448,CV,5,Marketing Manager,,Junior,Logistics
R_006449,CV,1,Financial Analyst,,Junior,Travel
R_006450,CV,2,Product Manager,,Senior,E-commerce
R_006451,CV,1,FP&A Analyst,,Senior,FinTech
R_006452,CV,1,FP&A Analyst,,Junior,Gaming
R_006453,CV,7,Technical Support Specialist,,Senior,E-commerce
R_006454,CV,2,Technical Product Manager,,Senior,Gaming
R_006455,CV,1,FP&A Analyst,,Senior,Healthcare
R_006456,CV,4,Account Executive,,Junior,Travel
R_006457,CV,4,Sales Representative,,Junior,Gaming
R_006458,CV,2,Product Manager,,Mid,Gaming
R_006459,CV,0,Backend Engineer,,Senior,FinTech
R_006460,CV,0,Full Stack Engineer,,Junior,E-commerce
R_006461,CV,0,Full Stack Engineer,,Junior,Cybersecurity
R_006462,CV,3,BI Analyst,,Mid,EdTech
R_006463,CV,2,Technical Product Manager,,Senior,E-commerce
R_006464,CV,1,FP&A Analyst,,Mid,Gaming
R_006465,CV,3,BI Analyst,,Senior,Gaming
R_006466,CV,0,Software Engineer,,Senior,Retail
R_006467,CV,5,Performance Marketer,,Mid,E-commerce
R_006468,CV,4,Sales Representative,,Junior,SaaS
R_006469,CV,5,Performance Marketer,,Mid,Retail
R_006470,CV,25,Technical Product Manager,,Senior,Cybersecurity
R_006471,CV,3,Business Analyst,,Senior,Retail
R_006472,CV,6,Program Coordinator,,Junior,FinTech
R_006473,CV,1,FP&A Analyst,,Mid,EdTech
R_006474,CV,3,BI Analyst,,Mid,Cybersecurity
R_006475,CV,3,Data Analyst,,Mid,Cybersecurity
R_006476,CV,3,Data Analyst,,Senior,Retail
R_006477,CV,3,Business Analyst,,Mid,Logistics
R_006478,CV,3,Business Analyst,,Mid,Gaming
R_006479,CV,6,Program Coordinator,,Junior,SaaS
R_006480,CV,4,Account Executive,,Senior,Gaming
R_006481,CV,1,Financial Analyst,,Senior,Travel
R_006482,CV,4,Sales Representative,,Junior,Retail
R_006483,CV,2,Associate Product Manager,,Senior,Gaming
R_006484,CV,6,Program Coordinator,,Junior,FinTech
R_006485,CV,2,Technical Product Manager,,Junior,Cybersecurity
R_006486,CV,5,Performance Marketer,,Mid,Cybersecurity
R_006487,CV,2,Product Manager,,Junior,Cybersecurity
R_006488,CV,5,Content Marketer,,Mid,Gaming
R_006489,CV,3,Data Analyst,,Junior,SaaS
R_006490,CV,7,Customer Support Specialist,,Mid,Logistics
R_006491,CV,0,Backend Engineer,,Junior,Travel
R_006492,CV,3,BI Analyst,,Mid,Gaming
R_006493,CV,2,Technical Product Manager,,Junior,SaaS
R_006494,CV,4,Account Executive,,Mid,Travel
R_006495,CV,4,Business Development Manager,,Junior,Travel
R_006496,CV,6,Project Manager,,Junior,SaaS
R_006497,CV,7,Technical Support Specialist,,Mid,Travel
R_006498,CV,5,Marketing Manager,,Mid,SaaS
R_006499,CV,0,Backend Engineer,,Mid,Healthcare
R_006500,CV,2,Product Manager,,Junior,SaaS
R_006501,CV,0,Software Engineer,,Senior,FinTech
R_006502,CV,0,Full Stack Engineer,,Junior,Gaming
R_006503,CV,1,Junior Accountant,,Senior,SaaS
R_006504,CV,1,Junior Accountant,,Mid,FinTech
R_006505,CV,5,Content Marketer,,Junior,EdTech
R_006506,CV,6,Program Coordinator,,Mid,SaaS
R_006507,CV,1,FP&A Analyst,,Mid,E-commerce
R_006508,CV,1,Financial Analyst,,Mid,FinTech
R_006509,CV,0,Full Stack Engineer,,Mid,FinTech
R_006510,CV,7,Customer Support Specialist,,Junior,Cybersecurity
R_006511,CV,3,BI Analyst,,Senior,FinTech
R_006512,CV,6,Program Coordinator,,Mid,E-commerce
R_006513,CV,0,Full Stack Engineer,,Mid,FinTech
R_006514,CV,6,Project Manager,,Mid,FinTech
R_006515,CV,5,Performance Marketer,,Senior,Logistics
R_006516,CV,7,Customer Success Associate,,Senior,E-commerce
R_006517,CV,0,Backend Engineer,,Senior,Logistics
R_006518,CV,0,Software Engineer,,Mid,Logistics
R_006519,CV,7,Customer Support Specialist,,Mid,Travel
R_006520,CV,2,Technical Product Manager,,Junior,Retail
R_006521,CV,5,Content Marketer,,Mid,Gaming
R_006522,CV,2,Associate Product Manager,,Senior,E-commerce
R_006523,CV,6,Program Coordinator,,Junior,Travel
R_006524,CV,6,Operations Manager,,Junior,E-commerce
R_006525,CV,0,Full Stack Engineer,,Mid,Gaming
R_006526,CV,2,Associate Product Manager,,Junior,Gaming
R_006527,CV,4,Sales Representative,,Mid,SaaS
R_006528,CV,7,Technical Support Specialist,,Senior,Logistics
R_006529,CV,6,Project Manager,,Mid,SaaS
R_006530,CV,5,Performance Marketer,,Senior,Gaming
R_006531,CV,7,Customer Support Specialist,,Mid,Travel
R_006532,CV,3,BI Analyst,,Senior,EdTech
R_006533,CV,6,Project Manager,,Mid,SaaS
R_006534,CV,5,Marketing Manager,,Junior,Healthcare
R_006535,CV,7,Customer Success Associate,,Junior,E-commerce
R_006536,CV,2,Product Manager,,Junior,Travel
R_006537,CV,3,Data Analyst,,Junior,E-commerce
R_006538,CV,2,Associate Product Manager,,Senior,Healthcare
R_006539,CV,4,Sales Representative,,Senior,Cybersecurity
R_006540,CV,5,Marketing Manager,,Mid,FinTech
R_006541,CV,7,Customer Support Specialist,,Junior,SaaS
R_006542,CV,6,Project Manager,,Senior,E-commerce
R_006543,CV,1,Financial Analyst,,Mid,Travel
R_006544,CV,7,Customer Support Specialist,,Junior,Cybersecurity
R_006545,CV,1,Junior Accountant,,Mid,FinTech
R_006546,CV,7,Customer Success Associate,,Senior,Travel
R_006547,CV,5,Marketing Manager,,Senior,E-commerce
R_006548,CV,6,Project Manager,,Mid,Cybersecurity
R_006549,CV,1,Financial Analyst,,Senior,Gaming
R_006550,CV,2,Associate Product Manager,,Mid,Travel
R_006551,CV,3,Data Analyst,,Senior,Logistics
R_006552,CV,4,Sales Representative,,Senior,Gaming
R_006553,CV,6,Program Coordinator,,Senior,Travel
R_006554,CV,2,Associate Product Manager,,Senior,Gaming
R_006555,CV,1,FP&A Analyst,,Senior,SaaS
R_006556,CV,4,Sales Representative,,Senior,Cybersecurity
R_006557,CV,4,Sales Representative,,Senior,Cybersecurity
R_006558,CV,6,Operations Manager,,Mid,Retail
R_006559,CV,2,Associate Product Manager,,Senior,Retail
R_006560,CV,6,Operations Manager,,Senior,Travel
R_006561,CV,2,Associate Product Manager,,Mid,Retail
R_006562,CV,7,Technical Support Specialist,,Mid,E-commerce
R_006563,CV,4,Account Executive,,Mid,Travel
R_006564,CV,3,Data Analyst,,Senior,Healthcare
R_006565,CV,3,Data Analyst,,Mid,E-commerce
R_006566,CV,0,Full Stack Engineer,,Junior,Retail
R_006567,CV,3,Business Analyst,,Senior,FinTech
R_006568,CV,1,Junior Accountant,,Junior,E-commerce
R_006569,CV,6,Program Coordinator,,Mid,Retail
R_006570,CV,4,Business Development Manager,,Mid,Logistics
R_006571,CV,3,Business Analyst,,Mid,EdTech
R_006572,CV,2,Product Manager,,Mid,FinTech
R_006573,CV,3,BI Analyst,,Junior,FinTech
R_006574,CV,3,Data Analyst,,Senior,SaaS
R_006575,CV,1,Financial Analyst,,Senior,Retail
R_006576,CV,4,Business Development Manager,,Junior,E-commerce
R_006577,CV,6,Operations Manager,,Senior,Healthcare
R_006578,CV,6,Project Manager,,Senior,E-commerce
R_006579,CV,0,Full Stack Engineer,,Junior,Gaming
R_006580,CV,1,Junior Accountant,,Junior,Healthcare
R_006581,CV,0,Full Stack Engineer,,Senior,Healthcare
R_006582,CV,7,Technical Support Specialist,,Mid,FinTech
R_006583,CV,0,Backend Engineer,,Junior,E-commerce
R_006584,CV,1,Financial Analyst,,Senior,Travel
R_006585,CV,7,Customer Success Associate,,Mid,SaaS
R_006586,CV,7,Customer Success Associate,,Junior,Cybersecurity
R_006587,CV,2,Associate Product Manager,,Junior,Logistics
R_006588,CV,1,Junior Accountant,,Junior,Travel
R_006589,CV,5,Marketing Manager,,Senior,Gaming
R_006590,CV,1,Junior Accountant,,Senior,Healthcare
R_006591,CV,4,Account Executive,,Senior,Logistics
R_006592,CV,2,Product Manager,,Mid,Healthcare
R_006593,CV,1,Financial Analyst,,Senior,Cybersecurity
R_006594,CV,4,Business Development Manager,,Senior,Gaming
R_006595,CV,0,Software Engineer,,Senior,EdTech
R_006596,CV,7,Technical Support Specialist,,Mid,Gaming
R_006597,CV,6,Operations Manager,,Senior,Retail
R_006598,CV,3,Business Analyst,,Junior,Logistics
R_006599,CV,4,Account Executive,,Junior,E-commerce
R_006600,CV,3,Business Analyst,,Junior,SaaS
R_006601,CV,4,Sales Representative,,Senior,FinTech
R_006602,CV,7,Customer Support Specialist,,Senior,Healthcare
R_006603,CV,4,Account Executive,,Junior,Healthcare
R_006604,CV,6,Operations Manager,,Mid,FinTech
R_006605,CV,2,Technical Product Manager,,Mid,Travel
R_006606,CV,2,Associate Product Manager,,Senior,SaaS
R_006607,CV,1,Financial Analyst,,Mid,Cybersecurity
R_006608,CV,0,Backend Engineer,,Mid,E-commerce
R_006609,CV,2,Technical Product Manager,,Junior,Gaming
R_006610,CV,6,Operations Manager,,Junior,SaaS
R_006611,CV,0,Software Engineer,,Mid,E-commerce
R_006612,CV,4,Business Development Manager,,Junior,SaaS
R_006613,CV,3,BI Analyst,,Junior,SaaS
R_006614,CV,1,Financial Analyst,,Junior,Travel
R_006615,CV,6,Program Coordinator,,Senior,EdTech
R_006616,CV,3,Business Analyst,,Mid,Travel
R_006617,CV,1,Junior Accountant,,Senior,Gaming
R_006618,CV,6,Program Coordinator,,Junior,Healthcare
R_006619,CV,7,Customer Support Specialist,,Junior,E-commerce
R_006620,CV,6,Project Manager,,Junior,E-commerce
R_006621,CV,3,BI Analyst,,Senior,Logistics
R_006622,CV,1,Financial Analyst,,Junior,SaaS
R_006623,CV,1,FP&A Analyst,,Senior,Cybersecurity
R_006624,CV,0,Software Engineer,,Senior,Logistics
R_006625,CV,7,Customer Support Specialist,,Senior,Healthcare
R_006626,CV,0,Full Stack Engineer,,Junior,Retail
R_006627,CV,0,Backend Engineer,,Junior,Cybersecurity
R_006628,CV,7,Customer Success Associate,,Senior,Travel
R_006629,CV,6,Operations Manager,,Mid,Logistics
R_006630,CV,6,Operations Manager,,Junior,Retail
R_006631,CV,1,FP&A Analyst,,Junior,E-commerce
R_006632,CV,1,Financial Analyst,,Mid,Travel
R_006633,CV,7,Customer Support Specialist,,Mid,Cybersecurity
R_006634,CV,4,Account Executive,,Senior,Logistics
R_006635,CV,2,Technical Product Manager,,Senior,FinTech
R_006636,CV,1,Junior Accountant,,Senior,Healthcare
R_006637,CV,4,Sales Representative,,Mid,E-commerce
R_006638,CV,7,Customer Support Specialist,,Mid,Gaming
R_006639,CV,3,Data Analyst,,Mid,FinTech
R_006640,CV,1,FP&A Analyst,,Junior,Gaming
R_006641,CV,6,Project Manager,,Junior,EdTech
R_006642,CV,3,BI Analyst,,Junior,Gaming
R_006643,CV,5,Marketing Manager,,Senior,FinTech
R_006644,CV,3,BI Analyst,,Senior,SaaS
R_006645,CV,6,Operations Manager,,Junior,Gaming
R_006646,CV,7,Customer Support Specialist,,Senior,Travel
R_006647,CV,2,Associate Product Manager,,Mid,FinTech
R_006648,CV,0,Backend Engineer,,Junior,E-commerce
R_006649,CV,5,Marketing Manager,,Mid,SaaS
R_006650,CV,7,Technical Support Specialist,,Senior,FinTech
R_006651,CV,0,Backend Engineer,,Senior,Travel
R_006652,CV,1,FP&A Analyst,,Junior,Travel
R_006653,CV,1,FP&A Analyst,,Junior,Retail
R_006654,CV,5,Content Marketer,,Junior,SaaS
R_006655,CV,1,FP&A Analyst,,Senior,Gaming
R_006656,CV,3,Data Analyst,,Junior,Logistics
R_006657,CV,5,Content Marketer,,Senior,Travel
R_006658,CV,1,FP&A Analyst,,Mid,SaaS
R_006659,CV,3,BI Analyst,,Junior,Healthcare
R_006660,CV,3,Data Analyst,,Junior,Cybersecurity
R_006661,CV,3,Business Analyst,,Mid,Gaming
R_006662,CV,3,BI Analyst,,Junior,Cybersecurity
R_006663,CV,2,Associate Product Manager,,Mid,Cybersecurity
R_006664,CV,3,BI Analyst,,Mid,FinTech
R_006665,CV,5,Marketing Manager,,Mid,Cybersecurity
R_006666,CV,7,Technical Support Specialist,,Senior,Healthcare
R_006667,CV,1,Financial Analyst,,Junior,SaaS
R_006668,CV,0,Full Stack Engineer,,Mid,Cybersecurity
R_006669,CV,6,Project Manager,,Junior,EdTech
R_006670,CV,5,Marketing Manager,,Senior,Travel
R_006671,CV,6,Operations Manager,,Junior,Healthcare
R_006672,CV,5,Performance Marketer,,Junior,Travel
R_006673,CV,6,Operations Manager,,Mid,Healthcare
R_006674,CV,5,Marketing Manager,,Senior,Healthcare
R_006675,CV,5,Content Marketer,,Junior,FinTech
R_006676,CV,2,Product Manager,,Junior,Gaming
R_006677,CV,7,Customer Support Specialist,,Junior,SaaS
R_006678,CV,4,Sales Representative,,Junior,Retail
R_006679,CV,2,Product Manager,,Mid,E-commerce
R_006680,CV,6,Project Manager,,Senior,Gaming
R_006681,CV,1,Financial Analyst,,Junior,Retail
R_006682,CV,4,Business Development Manager,,Senior,Gaming
R_006683,CV,2,Associate Product Manager,,Mid,Retail
R_006684,CV,3,BI Analyst,,Mid,Retail
R_006685,CV,0,Software Engineer,,Junior,Gaming
R_006686,CV,6,Program Coordinator,,Mid,Healthcare
R_006687,CV,7,Technical Support Specialist,,Senior,FinTech
R_006688,CV,3,Data Analyst,,Junior,FinTech
R_006689,CV,2,Technical Product Manager,,Mid,Logistics
R_006690,CV,1,Junior Accountant,,Mid,E-commerce
R_006691,CV,2,Associate Product Manager,,Senior,FinTech
R_006692,CV,7,Technical Support Specialist,,Junior,SaaS
R_006693,CV,6,Operations Manager,,Senior,FinTech
R_006694,CV,5,Content Marketer,,Junior,FinTech
R_006695,CV,3,Data Analyst,,Senior,FinTech
R_006696,CV,3,Business Analyst,,Mid,SaaS
R_006697,CV,5,Marketing Manager,,Mid,Logistics
R_006698,CV,4,Sales Representative,,Mid,E-commerce
R_006699,CV,0,Software Engineer,,Mid,SaaS
R_006700,CV,0,Backend Engineer,,Junior,EdTech
R_006701,CV,6,Program Coordinator,,Junior,Travel
R_006702,CV,3,Business Analyst,,Junior,Logistics
R_006703,CV,0,Full Stack Engineer,,Mid,Cybersecurity
R_006704,CV,6,Operations Manager,,Senior,Logistics
R_006705,CV,1,Junior Accountant,,Mid,E-commerce
R_006706,CV,0,Backend Engineer,,Junior,Gaming
R_006707,CV,2,Associate Product Manager,,Junior,Healthcare
R_006708,CV,1,Financial Analyst,,Junior,Travel
R_006709,CV,4,Account Executive,,Senior,E-commerce
R_006710,CV,0,Backend Engineer,,Junior,Gaming
R_006711,CV,0,Software Engineer,,Mid,EdTech
R_006712,CV,7,Customer Support Specialist,,Mid,EdTech
R_006713,CV,1,Financial Analyst,,Senior,Cybersecurity
R_006714,CV,3,BI Analyst,,Mid,Cybersecurity
R_006715,CV,0,Software Engineer,,Junior,Gaming
R_006716,CV,3,Data Analyst,,Junior,Retail
R_006717,CV,0,Backend Engineer,,Mid,Logistics
R_006718,CV,0,Software Engineer,,Mid,Logistics
R_006719,CV,6,Operations Manager,,Junior,Logistics
R_006720,CV,3,Data Analyst,,Senior,E-commerce
R_006721,CV,7,Technical Support Specialist,,Junior,Cybersecurity
R_006722,CV,4,Business Development Manager,,Junior,Gaming
R_006723,CV,5,Content Marketer,,Senior,Gaming
R_006724,CV,0,Software Engineer,,Junior,E-commerce
R_006725,CV,3,Business Analyst,,Senior,Logistics
R_006726,CV,3,Data Analyst,,Junior,EdTech
R_006727,CV,4,Sales Representative,,Senior,Healthcare
R_006728,CV,1,Financial Analyst,,Senior,SaaS
R_006729,CV,7,Technical Support Specialist,,Mid,Healthcare
R_006730,CV,2,Technical Product Manager,,Junior,Travel
R_006731,CV,0,Backend Engineer,,Junior,SaaS
R_006732,CV,5,Marketing Manager,,Junior,Healthcare
R_006733,CV,4,Account Executive,,Mid,Travel
R_006734,CV,4,Sales Representative,,Junior,Logistics
R_006735,CV,4,Business Development Manager,,Senior,SaaS
R_006736,CV,3,BI Analyst,,Mid,Retail
R_006737,CV,0,Software Engineer,,Mid,Gaming
R_006738,CV,3,Data Analyst,,Senior,SaaS
R_006739,CV,2,Associate Product Manager,,Senior,Travel
R_006740,CV,7,Customer Support Specialist,,Senior,FinTech
R_006741,CV,1,Financial Analyst,,Senior,EdTech
R_006742,CV,4,Sales Representative,,Junior,Cybersecurity
R_006743,CV,2,Product Manager,,Junior,FinTech
R_006744,CV,1,Financial Analyst,,Senior,E-commerce
R_006745,CV,3,Data Analyst,,Senior,E-commerce
R_006746,CV,3,Business Analyst,,Junior,SaaS
R_006747,CV,0,Full Stack Engineer,,Senior,Cybersecurity
R_006748,CV,0,Backend Engineer,,Senior,E-commerce
R_006749,CV,6,Program Coordinator,,Junior,EdTech
R_006750,CV,1,Financial Analyst,,Mid,E-commerce
R_006751,CV,6,Program Coordinator,,Mid,Cybersecurity
R_006752,CV,4,Account Executive,,Junior,Logistics
R_006753,CV,7,Customer Success Associate,,Mid,Gaming
R_006754,CV,1,Junior Accountant,,Junior,EdTech
R_006755,CV,6,Project Manager,,Senior,Travel
R_006756,CV,0,Full Stack Engineer,,Mid,SaaS
R_006757,CV,1,Financial Analyst,,Mid,Retail
R_006758,CV,0,Software Engineer,,Mid,SaaS
R_006759,CV,3,Business Analyst,,Mid,E-commerce
R_006760,CV,7,Technical Support Specialist,,Senior,SaaS
R_006761,CV,3,Business Analyst,,Junior,Logistics
R_006762,CV,4,Business Development Manager,,Senior,Travel
R_006763,CV,4,Business Development Manager,,Junior,E-commerce
R_006764,CV,2,Associate Product Manager,,Mid,SaaS
R_006765,CV,5,Content Marketer,,Senior,Retail
R_006766,CV,6,Project Manager,,Junior,Gaming
R_006767,CV,1,FP&A Analyst,,Mid,FinTech
R_006768,CV,5,Marketing Manager,,Senior,SaaS
R_006769,CV,6,Program Coordinator,,Senior,Travel
R_006770,CV,0,Full Stack Engineer,,Mid,SaaS
R_006771,CV,5,Performance Marketer,,Junior,Gaming
R_006772,CV,0,Backend Engineer,,Junior,Healthcare
R_006773,CV,1,Junior Accountant,,Senior,SaaS
R_006774,CV,6,Operations Manager,,Senior,FinTech
R_006775,CV,3,Data Analyst,,Junior,Travel
R_006776,CV,6,Project Manager,,Junior,EdTech
R_006777,CV,5,Marketing Manager,,Junior,EdTech
R_006778,CV,7,Customer Success Associate,,Mid,E-commerce
R_006779,CV,1,Financial Analyst,,Senior,Gaming
R_006780,CV,1,FP&A Analyst,,Junior,FinTech
R_006781,CV,2,Technical Product Manager,,Mid,Cybersecurity
R_006782,CV,3,Data Analyst,,Senior,EdTech
R_006783,CV,6,Operations Manager,,Junior,Retail
R_006784,CV,6,Operations Manager,,Junior,Logistics
R_006785,CV,5,Performance Marketer,,Mid,SaaS
R_006786,CV,5,Content Marketer,,Junior,FinTech
R_006787,CV,0,Full Stack Engineer,,Junior,Travel
R_006788,CV,4,Account Executive,,Senior,Logistics
R_006789,CV,7,Customer Success Associate,,Junior,Healthcare
R_006790,CV,3,Data Analyst,,Junior,FinTech
R_006791,CV,6,Operations Manager,,Junior,Gaming
R_006792,CV,0,Software Engineer,,Junior,E-commerce
R_006793,CV,2,Associate Product Manager,,Senior,EdTech
R_006794,CV,6,Operations Manager,,Junior,Gaming
R_006795,CV,6,Project Manager,,Senior,EdTech
R_006796,CV,5,Content Marketer,,Mid,Travel
R_006797,CV,3,BI Analyst,,Junior,SaaS
R_006798,CV,7,Customer Support Specialist,,Senior,E-commerce
R_006799,CV,5,Performance Marketer,,Senior,Logistics
R_006800,CV,0,Software Engineer,,Mid,EdTech
R_006801,CV,2,Product Manager,,Mid,E-commerce
R_006802,CV,7,Technical Support Specialist,,Junior,Travel
R_006803,CV,7,Customer Support Specialist,,Junior,FinTech
R_006804,CV,2,Technical Product Manager,,Mid,Logistics
R_006805,CV,2,Technical Product Manager,,Mid,Retail
R_006806,CV,0,Full Stack Engineer,,Senior,SaaS
R_006807,CV,7,Customer Success Associate,,Junior,EdTech
R_006808,CV,3,Business Analyst,,Junior,FinTech
R_006809,CV,4,Sales Representative,,Mid,E-commerce
R_006810,CV,3,Data Analyst,,Junior,FinTech
R_006811,CV,0,Full Stack Engineer,,Junior,FinTech
R_006812,CV,0,Software Engineer,,Junior,SaaS
R_006813,CV,1,Financial Analyst,,Junior,Travel
R_006814,CV,1,Junior Accountant,,Mid,Travel
R_006815,CV,1,FP&A Analyst,,Mid,Gaming
R_006816,CV,0,Backend Engineer,,Senior,Gaming
R_006817,CV,3,Data Analyst,,Senior,Healthcare
R_006818,CV,3,Data Analyst,,Senior,Healthcare
R_006819,CV,6,Project Manager,,Senior,Gaming
R_006820,CV,0,Software Engineer,,Senior,FinTech
R_006821,CV,0,Software Engineer,,Junior,Logistics
R_006822,CV,3,BI Analyst,,Senior,EdTech
R_006823,CV,4,Business Development Manager,,Mid,Logistics
R_006824,CV,0,Full Stack Engineer,,Junior,Healthcare
R_006825,CV,4,Sales Representative,,Junior,SaaS
R_006826,CV,3,Business Analyst,,Junior,Retail
R_006827,CV,0,Full Stack Engineer,,Senior,Cybersecurity
R_006828,CV,7,Technical Support Specialist,,Senior,Logistics
R_006829,CV,3,Data Analyst,,Senior,Healthcare
R_006830,CV,3,BI Analyst,,Senior,Logistics
R_006831,CV,4,Business Development Manager,,Junior,Gaming
R_006832,CV,2,Associate Product Manager,,Mid,Retail
R_006833,CV,3,BI Analyst,,Senior,Travel
R_006834,CV,4,Sales Representative,,Junior,FinTech
R_006835,CV,0,Software Engineer,,Junior,SaaS
R_006836,CV,2,Product Manager,,Senior,Healthcare
R_006837,CV,7,Technical Support Specialist,,Junior,Healthcare
R_006838,CV,7,Technical Support Specialist,,Junior,Healthcare
R_006839,CV,5,Content Marketer,,Mid,EdTech
R_006840,CV,1,Financial Analyst,,Mid,SaaS
R_006841,CV,3,BI Analyst,,Mid,Gaming
R_006842,CV,2,Associate Product Manager,,Junior,Retail
R_006843,CV,6,Program Coordinator,,Senior,E-commerce
R_006844,CV,5,Content Marketer,,Senior,Cybersecurity
R_006845,CV,0,Backend Engineer,,Senior,Retail
R_006846,CV,4,Sales Representative,,Senior,EdTech
R_006847,CV,6,Operations Manager,,Senior,Gaming
R_006848,CV,2,Technical Product Manager,,Senior,E-commerce
R_006849,CV,6,Program Coordinator,,Junior,Logistics
R_006850,CV,1,FP&A Analyst,,Junior,Cybersecurity
R_006851,CV,4,Account Executive,,Senior,Gaming
R_006852,CV,6,Program Coordinator,,Junior,Healthcare
R_006853,CV,5,Marketing Manager,,Junior,Retail
R_006854,CV,7,Technical Support Specialist,,Senior,Travel
R_006855,CV,6,Project Manager,,Junior,Healthcare
R_006856,CV,7,Technical Support Specialist,,Junior,SaaS
R_006857,CV,3,BI Analyst,,Junior,SaaS
R_006858,CV,6,Program Coordinator,,Mid,E-commerce
R_006859,CV,6,Project Manager,,Senior,FinTech
R_006860,CV,3,Data Analyst,,Junior,Gaming
R_006861,CV,3,BI Analyst,,Mid,Cybersecurity
R_006862,CV,0,Backend Engineer,,Junior,Travel
R_006863,CV,4,Business Development Manager,,Senior,Travel
R_006864,CV,5,Marketing Manager,,Junior,Retail
R_006865,CV,7,Customer Support Specialist,,Mid,Cybersecurity
R_006866,CV,1,Junior Accountant,,Mid,Healthcare
R_006867,CV,5,Performance Marketer,,Mid,E-commerce
R_006868,CV,3,Business Analyst,,Junior,Logistics
R_006869,CV,6,Program Coordinator,,Senior,Gaming
R_006870,CV,6,Program Coordinator,,Mid,Cybersecurity
R_006871,CV,6,Operations Manager,,Junior,EdTech
R_006872,CV,1,Financial Analyst,,Mid,Logistics
R_006873,CV,3,Business Analyst,,Junior,SaaS
R_006874,CV,0,Software Engineer,,Senior,SaaS
R_006875,CV,7,Customer Support Specialist,,Senior,Cybersecurity
R_006876,CV,5,Performance Marketer,,Senior,E-commerce
R_006877,CV,1,Junior Accountant,,Junior,E-commerce
R_006878,CV,2,Technical Product Manager,,Mid,EdTech
R_006879,CV,1,Junior Accountant,,Mid,Travel
R_006880,CV,7,Technical Support Specialist,,Senior,Retail
R_006881,CV,7,Technical Support Specialist,,Senior,Retail
R_006882,CV,3,Data Analyst,,Senior,FinTech
R_006883,CV,6,Project Manager,,Senior,SaaS
R_006884,CV,4,Business Development Manager,,Mid,E-commerce
R_006885,CV,5,Content Marketer,,Junior,Travel
R_006886,CV,1,Financial Analyst,,Junior,Logistics
R_006887,CV,5,Performance Marketer,,Senior,Gaming
R_006888,CV,1,Financial Analyst,,Mid,SaaS
R_006889,CV,1,Financial Analyst,,Senior,Logistics
R_006890,CV,7,Customer Success Associate,,Senior,Logistics
R_006891,CV,2,Technical Product Manager,,Senior,EdTech
R_006892,CV,1,Junior Accountant,,Senior,Cybersecurity
R_006893,CV,7,Technical Support Specialist,,Mid,FinTech
R_006894,CV,7,Customer Support Specialist,,Senior,Cybersecurity
R_006895,CV,6,Project Manager,,Senior,Travel
R_006896,CV,6,Project Manager,,Senior,Healthcare
R_006897,CV,2,Technical Product Manager,,Senior,E-commerce
R_006898,CV,0,Full Stack Engineer,,Mid,FinTech
R_006899,CV,7,Technical Support Specialist,,Senior,EdTech
R_006900,CV,2,Technical Product Manager,,Mid,E-commerce
R_006901,CV,2,Associate Product Manager,,Senior,SaaS
R_006902,CV,6,Program Coordinator,,Mid,Retail
R_006903,CV,3,Business Analyst,,Junior,SaaS
R_006904,CV,6,Operations Manager,,Senior,Healthcare
R_006905,CV,3,Data Analyst,,Junior,FinTech
R_006906,CV,4,Business Development Manager,,Mid,SaaS
R_006907,CV,7,Technical Support Specialist,,Junior,FinTech
R_006908,CV,5,Performance Marketer,,Senior,E-commerce
R_006909,CV,5,Performance Marketer,,Senior,Cybersecurity
R_006910,CV,6,Project Manager,,Mid,Travel
R_006911,CV,4,Account Executive,,Senior,Travel
R_006912,CV,7,Customer Success Associate,,Junior,Healthcare
R_006913,CV,0,Software Engineer,,Junior,E-commerce
R_006914,CV,5,Content Marketer,,Junior,Logistics
R_006915,CV,1,Junior Accountant,,Mid,Cybersecurity
R_006916,CV,1,FP&A Analyst,,Senior,SaaS
R_006917,CV,0,Full Stack Engineer,,Junior,Logistics
R_006918,CV,6,Program Coordinator,,Senior,FinTech
R_006919,CV,3,Data Analyst,,Senior,E-commerce
R_006920,CV,3,Business Analyst,,Senior,Healthcare
R_006921,CV,3,Data Analyst,,Junior,Retail
R_006922,CV,4,Business Development Manager,,Junior,Retail
R_006923,CV,6,Program Coordinator,,Junior,SaaS
R_006924,CV,6,Project Manager,,Senior,FinTech
R_006925,CV,7,Technical Support Specialist,,Junior,Cybersecurity
R_006926,CV,5,Marketing Manager,,Mid,FinTech
R_006927,CV,2,Associate Product Manager,,Mid,Logistics
R_006928,CV,2,Product Manager,,Senior,Logistics
R_006929,CV,6,Program Coordinator,,Junior,Gaming
R_006930,CV,6,Program Coordinator,,Junior,Retail
R_006931,CV,7,Customer Support Specialist,,Junior,Healthcare
R_006932,CV,0,Full Stack Engineer,,Junior,Healthcare
R_006933,CV,7,Technical Support Specialist,,Senior,Healthcare
R_006934,CV,1,FP&A Analyst,,Junior,Cybersecurity
R_006935,CV,5,Content Marketer,,Mid,Logistics
R_006936,CV,0,Full Stack Engineer,,Mid,Travel
R_006937,CV,2,Product Manager,,Mid,Travel
R_006938,CV,2,Product Manager,,Junior,Logistics
R_006939,CV,5,Content Marketer,,Junior,EdTech
R_006940,CV,6,Program Coordinator,,Junior,Cybersecurity
R_006941,CV,7,Customer Support Specialist,,Junior,EdTech
R_006942,CV,4,Sales Representative,,Junior,E-commerce
R_006943,CV,0,Software Engineer,,Senior,Retail
R_006944,CV,6,Operations Manager,,Mid,E-commerce
R_006945,CV,2,Technical Product Manager,,Junior,FinTech
R_006946,CV,6,Project Manager,,Junior,Cybersecurity
R_006947,CV,5,Performance Marketer,,Senior,EdTech
R_006948,CV,0,Software Engineer,,Senior,EdTech
R_006949,CV,2,Technical Product Manager,,Mid,Travel
R_006950,CV,1,FP&A Analyst,,Mid,EdTech
R_006951,CV,2,Associate Product Manager,,Junior,Healthcare
R_006952,CV,5,Marketing Manager,,Junior,SaaS
R_006953,CV,7,Technical Support Specialist,,Junior,E-commerce
R_006954,CV,2,Technical Product Manager,,Mid,EdTech
R_006955,CV,0,Full Stack Engineer,,Senior,EdTech
R_006956,CV,3,BI Analyst,,Mid,Cybersecurity
R_006957,CV,0,Backend Engineer,,Senior,SaaS
R_006958,CV,6,Project Manager,,Junior,Travel
R_006959,CV,0,Backend Engineer,,Junior,Retail
R_006960,CV,2,Product Manager,,Junior,SaaS
R_006961,CV,1,Junior Accountant,,Mid,Travel
R_006962,CV,6,Operations Manager,,Junior,Cybersecurity
R_006963,CV,1,Financial Analyst,,Senior,Travel
R_006964,CV,5,Content Marketer,,Mid,Logistics
R_006965,CV,7,Customer Success Associate,,Mid,Travel
R_006966,CV,5,Performance Marketer,,Mid,Healthcare
R_006967,CV,2,Technical Product Manager,,Senior,FinTech
R_006968,CV,0,Full Stack Engineer,,Mid,FinTech
R_006969,CV,4,Account Executive,,Junior,Logistics
R_006970,CV,6,Program Coordinator,,Junior,E-commerce
R_006971,CV,6,Operations Manager,,Mid,EdTech
R_006972,CV,6,Operations Manager,,Mid,Travel
R_006973,CV,5,Performance Marketer,,Mid,Healthcare
R_006974,CV,2,Associate Product Manager,,Mid,FinTech
R_006975,CV,5,Performance Marketer,,Junior,Travel
R_006976,CV,5,Marketing Manager,,Senior,Gaming
R_006977,CV,6,Project Manager,,Junior,Cybersecurity
R_006978,CV,6,Project Manager,,Senior,Logistics
R_006979,CV,7,Customer Success Associate,,Junior,Retail
R_006980,CV,4,Sales Representative,,Mid,Travel
R_006981,CV,6,Program Coordinator,,Senior,Logistics
R_006982,CV,7,Customer Support Specialist,,Mid,EdTech
R_006983,CV,2,Product Manager,,Mid,E-commerce
R_006984,CV,2,Associate Product Manager,,Mid,Retail
R_006985,CV,1,Financial Analyst,,Junior,Gaming
R_006986,CV,2,Associate Product Manager,,Junior,Gaming
R_006987,CV,2,Technical Product Manager,,Senior,Logistics
R_006988,CV,2,Associate Product Manager,,Senior,EdTech
R_006989,CV,3,Business Analyst,,Mid,Logistics
R_006990,CV,3,BI Analyst,,Senior,Logistics
R_006991,CV,3,Business Analyst,,Mid,Travel
R_006992,CV,0,Full Stack Engineer,,Mid,FinTech
R_006993,CV,6,Program Coordinator,,Junior,FinTech
R_006994,CV,2,Associate Product Manager,,Senior,Cybersecurity
R_006995,CV,6,Program Coordinator,,Mid,Healthcare
R_006996,CV,3,Data Analyst,,Senior,Gaming
R_006997,CV,6,Program Coordinator,,Mid,SaaS
R_006998,CV,6,Program Coordinator,,Junior,EdTech
R_006999,CV,4,Sales Representative,,Mid,Travel
R_007000,CV,7,Customer Support Specialist,,Mid,E-commerce
R_007001,CV,6,Operations Manager,,Mid,E-commerce
R_007002,CV,0,Full Stack Engineer,,Senior,SaaS
R_007003,CV,2,Product Manager,,Junior,E-commerce
R_007004,CV,6,Operations Manager,,Junior,Retail
R_007005,CV,0,Software Engineer,,Junior,Gaming
R_007006,CV,3,Data Analyst,,Junior,E-commerce
R_007007,CV,7,Customer Success Associate,,Mid,FinTech
R_007008,CV,4,Business Development Manager,,Senior,Gaming
R_007009,CV,3,Business Analyst,,Senior,Gaming
R_007010,CV,3,Business Analyst,,Junior,Logistics
R_007011,CV,6,Operations Manager,,Junior,Travel
R_007012,CV,5,Content Marketer,,Junior,SaaS
R_007013,CV,2,Technical Product Manager,,Junior,E-commerce
R_007014,CV,3,Data Analyst,,Junior,Cybersecurity
R_007015,CV,2,Product Manager,,Mid,Gaming
R_007016,CV,4,Sales Representative,,Mid,E-commerce
R_007017,CV,5,Marketing Manager,,Junior,Cybersecurity
R_007018,CV,6,Operations Manager,,Mid,Logistics
R_007019,CV,0,Full Stack Engineer,,Mid,FinTech
R_007020,CV,3,Business Analyst,,Senior,Retail
R_007021,CV,3,BI Analyst,,Junior,Healthcare
R_007022,CV,5,Marketing Manager,,Mid,Logistics
R_007023,CV,2,Associate Product Manager,,Senior,SaaS
R_007024,CV,2,Technical Product Manager,,Mid,Cybersecurity
R_007025,CV,3,Business Analyst,,Mid,Healthcare
R_007026,CV,2,Technical Product Manager,,Senior,SaaS
R_007027,CV,4,Business Development Manager,,Mid,Gaming
R_007028,CV,3,Data Analyst,,Senior,Cybersecurity
R_007029,CV,6,Project Manager,,Senior,Travel
R_007030,CV,7,Customer Success Associate,,Senior,Healthcare
R_007031,CV,6,Operations Manager,,Mid,E-commerce
R_007032,CV,2,Product Manager,,Junior,Logistics
R_007033,CV,6,Operations Manager,,Junior,FinTech
R_007034,CV,2,Technical Product Manager,,Mid,E-commerce
R_007035,CV,7,Customer Support Specialist,,Junior,Healthcare
R_007036,CV,2,Associate Product Manager,,Senior,FinTech
R_007037,CV,0,Full Stack Engineer,,Mid,Healthcare
R_007038,CV,1,Financial Analyst,,Mid,Retail
R_007039,CV,2,Associate Product Manager,,Mid,SaaS
R_007040,CV,3,BI Analyst,,Senior,Retail
R_007041,CV,3,Data Analyst,,Junior,E-commerce
R_007042,CV,0,Software Engineer,,Senior,EdTech
R_007043,CV,0,Backend Engineer,,Senior,EdTech
R_007044,CV,2,Technical Product Manager,,Senior,E-commerce
R_007045,CV,0,Software Engineer,,Junior,Gaming
R_007046,CV,2,Technical Product Manager,,Mid,Travel
R_007047,CV,4,Sales Representative,,Mid,Gaming
R_007048,CV,2,Associate Product Manager,,Junior,EdTech
R_007049,CV,7,Customer Success Associate,,Senior,Gaming
R_007050,CV,1,FP&A Analyst,,Senior,Travel
R_007051,CV,2,Technical Product Manager,,Junior,Gaming
R_007052,CV,7,Customer Success Associate,,Junior,EdTech
R_007053,CV,7,Technical Support Specialist,,Junior,Healthcare
R_007054,CV,0,Backend Engineer,,Junior,FinTech
R_007055,CV,6,Program Coordinator,,Junior,Healthcare
R_007056,CV,7,Customer Success Associate,,Junior,E-commerce
R_007057,CV,5,Marketing Manager,,Junior,E-commerce
R_007058,CV,3,BI Analyst,,Mid,Gaming
R_007059,CV,0,Software Engineer,,Mid,EdTech
R_007060,CV,5,Performance Marketer,,Senior,SaaS
R_007061,CV,4,Business Development Manager,,Senior,EdTech
R_007062,CV,0,Backend Engineer,,Senior,Retail
R_007063,CV,0,Software Engineer,,Mid,EdTech
R_007064,CV,1,FP&A Analyst,,Junior,Travel
R_007065,CV,3,Business Analyst,,Junior,Gaming
R_007066,CV,6,Project Manager,,Mid,Cybersecurity
R_007067,CV,1,Financial Analyst,,Senior,E-commerce
R_007068,CV,3,Business Analyst,,Junior,Healthcare
R_007069,CV,2,Associate Product Manager,,Senior,EdTech
R_007070,CV,4,Account Executive,,Mid,FinTech
R_007071,CV,7,Customer Support Specialist,,Junior,Logistics
R_007072,CV,4,Business Development Manager,,Senior,Gaming
R_007073,CV,6,Operations Manager,,Mid,Cybersecurity
R_007074,CV,4,Business Development Manager,,Junior,FinTech
R_007075,CV,7,Technical Support Specialist,,Senior,SaaS
R_007076,CV,7,Customer Support Specialist,,Senior,EdTech
R_007077,CV,4,Business Development Manager,,Junior,FinTech
R_007078,CV,2,Product Manager,,Junior,SaaS
R_007079,CV,0,Backend Engineer,,Junior,SaaS
R_007080,CV,1,FP&A Analyst,,Senior,EdTech
R_007081,CV,6,Operations Manager,,Junior,Healthcare
R_007082,CV,4,Sales Representative,,Senior,E-commerce
R_007083,CV,2,Technical Product Manager,,Junior,Retail
R_007084,CV,1,Financial Analyst,,Mid,SaaS
R_007085,CV,7,Customer Support Specialist,,Mid,E-commerce
R_007086,CV,5,Content Marketer,,Senior,E-commerce
R_007087,CV,4,Business Development Manager,,Mid,Gaming
R_007088,CV,1,FP&A Analyst,,Mid,Logistics
R_007089,CV,0,Software Engineer,,Junior,Travel
R_007090,CV,3,BI Analyst,,Senior,Healthcare
R_007091,CV,5,Content Marketer,,Senior,SaaS
R_007092,CV,0,Software Engineer,,Junior,Travel
R_007093,CV,2,Associate Product Manager,,Senior,EdTech
R_007094,CV,1,Junior Accountant,,Junior,Healthcare
R_007095,CV,3,Data Analyst,,Senior,Logistics
R_007096,CV,5,Content Marketer,,Senior,Cybersecurity
R_007097,CV,2,Associate Product Manager,,Senior,EdTech
R_007098,CV,26,Data Analyst,,Junior,Travel
R_007099,CV,2,Product Manager,,Junior,SaaS
R_007100,CV,5,Content Marketer,,Senior,FinTech
R_007101,CV,1,Junior Accountant,,Senior,Gaming
R_007102,CV,4,Sales Representative,,Junior,Cybersecurity
R_007103,CV,0,Backend Engineer,,Mid,Healthcare
R_007104,CV,0,Backend Engineer,,Senior,E-commerce
R_007105,CV,1,FP&A Analyst,,Junior,FinTech
R_007106,CV,6,Project Manager,,Junior,Logistics
R_007107,CV,7,Customer Success Associate,,Junior,Logistics
R_007108,CV,6,Project Manager,,Senior,EdTech
R_007109,CV,2,Associate Product Manager,,Junior,FinTech
R_007110,CV,0,Backend Engineer,,Mid,Gaming
R_007111,CV,6,Program Coordinator,,Mid,E-commerce
R_007112,CV,0,Full Stack Engineer,,Mid,Logistics
R_007113,CV,4,Business Development Manager,,Mid,Logistics
R_007114,CV,7,Customer Support Specialist,,Junior,Retail
R_007115,CV,2,Technical Product Manager,,Mid,Travel
R_007116,CV,1,Financial Analyst,,Senior,Retail
R_007117,CV,4,Account Executive,,Mid,Gaming
R_007118,CV,3,BI Analyst,,Junior,Retail
R_007119,CV,6,Project Manager,,Mid,E-commerce
R_007120,CV,6,Project Manager,,Junior,FinTech
R_007121,CV,3,Data Analyst,,Junior,E-commerce
R_007122,CV,5,Content Marketer,,Junior,SaaS
R_007123,CV,3,Data Analyst,,Junior,EdTech
R_007124,CV,7,Customer Support Specialist,,Junior,Retail
R_007125,CV,2,Associate Product Manager,,Mid,EdTech
R_007126,CV,3,Data Analyst,,Senior,FinTech
R_007127,CV,5,Performance Marketer,,Junior,SaaS
R_007128,CV,4,Account Executive,,Junior,FinTech
R_007129,CV,7,Customer Support Specialist,,Senior,E-commerce
R_007130,CV,6,Project Manager,,Mid,FinTech
R_007131,CV,1,Financial Analyst,,Senior,SaaS
R_007132,CV,6,Project Manager,,Senior,Retail
R_007133,CV,4,Business Development Manager,,Junior,E-commerce
R_007134,CV,0,Software Engineer,,Mid,FinTech
R_007135,CV,1,Junior Accountant,,Junior,EdTech
R_007136,CV,5,Performance Marketer,,Mid,Gaming
R_007137,CV,7,Technical Support Specialist,,Junior,EdTech
R_007138,CV,0,Software Engineer,,Senior,Cybersecurity
R_007139,CV,5,Performance Marketer,,Mid,EdTech
R_007140,CV,1,Financial Analyst,,Senior,Travel
R_007141,CV,2,Associate Product Manager,,Senior,Travel
R_007142,CV,7,Customer Success Associate,,Mid,E-commerce
R_007143,CV,0,Backend Engineer,,Senior,FinTech
R_007144,CV,1,Junior Accountant,,Senior,EdTech
R_007145,CV,27,Data Analyst,,Senior,FinTech
R_007146,CV,1,FP&A Analyst,,Senior,EdTech
R_007147,CV,6,Program Coordinator,,Junior,Travel
R_007148,CV,0,Software Engineer,,Junior,E-commerce
R_007149,CV,0,Software Engineer,,Mid,SaaS
R_007150,CV,2,Technical Product Manager,,Junior,Cybersecurity
R_007151,CV,7,Customer Success Associate,,Mid,EdTech
R_007152,CV,0,Software Engineer,,Junior,Retail
R_007153,CV,2,Technical Product Manager,,Junior,Retail
R_007154,CV,1,FP&A Analyst,,Junior,Gaming
R_007155,CV,5,Marketing Manager,,Junior,Gaming
R_007156,CV,6,Program Coordinator,,Junior,Cybersecurity
R_007157,CV,3,BI Analyst,,Junior,EdTech
R_007158,CV,3,Data Analyst,,Junior,Logistics
R_007159,CV,3,Business Analyst,,Mid,Retail
R_007160,CV,4,Sales Representative,,Junior,Healthcare
R_007161,CV,0,Backend Engineer,,Junior,Retail
R_007162,CV,3,Data Analyst,,Junior,Retail
R_007163,CV,0,Software Engineer,,Mid,EdTech
R_007164,CV,4,Sales Representative,,Mid,Healthcare
R_007165,CV,4,Account Executive,,Mid,SaaS
R_007166,CV,5,Marketing Manager,,Junior,Healthcare
R_007167,CV,5,Performance Marketer,,Junior,EdTech
R_007168,CV,5,Performance Marketer,,Senior,Cybersecurity
R_007169,CV,1,FP&A Analyst,,Senior,Retail
R_007170,CV,6,Operations Manager,,Senior,E-commerce
R_007171,CV,7,Customer Support Specialist,,Senior,Cybersecurity
R_007172,CV,6,Operations Manager,,Senior,FinTech
R_007173,CV,5,Marketing Manager,,Mid,E-commerce
R_007174,CV,1,Financial Analyst,,Mid,Retail
R_007175,CV,2,Technical Product Manager,,Junior,Logistics
R_007176,CV,2,Product Manager,,Senior,Healthcare
R_007177,CV,3,Data Analyst,,Senior,EdTech
R_007178,CV,1,Financial Analyst,,Mid,Gaming
R_007179,CV,0,Full Stack Engineer,,Mid,Travel
R_007180,CV,7,Technical Support Specialist,,Senior,Retail
R_007181,CV,0,Backend Engineer,,Senior,Gaming
R_007182,CV,0,Backend Engineer,,Senior,Travel
R_007183,CV,3,BI Analyst,,Senior,Gaming
R_007184,CV,2,Product Manager,,Junior,FinTech
R_007185,CV,5,Content Marketer,,Senior,FinTech
R_007186,CV,2,Technical Product Manager,,Mid,Healthcare
R_007187,CV,1,Financial Analyst,,Senior,Retail
R_007188,CV,4,Business Development Manager,,Junior,SaaS
R_007189,CV,7,Customer Support Specialist,,Mid,EdTech
R_007190,CV,6,Project Manager,,Junior,Logistics
R_007191,CV,3,Data Analyst,,Senior,Gaming
R_007192,CV,6,Program Coordinator,,Junior,Healthcare
R_007193,CV,7,Customer Success Associate,,Mid,Travel
R_007194,CV,3,Business Analyst,,Mid,Retail
R_007195,CV,7,Technical Support Specialist,,Junior,EdTech
R_007196,CV,7,Customer Support Specialist,,Junior,Healthcare
R_007197,CV,4,Account Executive,,Senior,Retail
R_007198,CV,6,Operations Manager,,Junior,EdTech
R_007199,CV,3,BI Analyst,,Junior,FinTech
R_007200,CV,7,Customer Success Associate,,Mid,Logistics
R_007201,CV,2,Associate Product Manager,,Junior,Healthcare
R_007202,CV,4,Business Development Manager,,Junior,SaaS
R_007203,CV,0,Software Engineer,,Senior,Travel
R_007204,CV,3,Business Analyst,,Mid,Healthcare
R_007205,CV,1,Junior Accountant,,Mid,Logistics
R_007206,CV,4,Account Executive,,Mid,Logistics
R_007207,CV,4,Business Development Manager,,Junior,FinTech
R_007208,CV,7,Customer Support Specialist,,Junior,E-commerce
R_007209,CV,2,Associate Product Manager,,Junior,Retail
R_007210,CV,2,Product Manager,,Senior,E-commerce
R_007211,CV,1,Junior Accountant,,Mid,Logistics
R_007212,CV,0,Backend Engineer,,Mid,E-commerce
R_007213,CV,3,BI Analyst,,Senior,SaaS
R_007214,CV,3,Data Analyst,,Mid,Gaming
R_007215,CV,1,FP&A Analyst,,Junior,E-commerce
R_007216,CV,4,Account Executive,,Mid,Logistics
R_007217,CV,0,Backend Engineer,,Senior,Travel
R_007218,CV,5,Content Marketer,,Senior,Retail
R_007219,CV,4,Business Development Manager,,Mid,Gaming
R_007220,CV,1,Financial Analyst,,Senior,SaaS
R_007221,CV,4,Account Executive,,Senior,Gaming
R_007222,CV,6,Operations Manager,,Senior,Retail
R_007223,CV,7,Technical Support Specialist,,Junior,Healthcare
R_007224,CV,7,Customer Support Specialist,,Mid,Healthcare
R_007225,CV,3,BI Analyst,,Mid,Logistics
R_007226,CV,2,Product Manager,,Senior,Logistics
R_007227,CV,0,Backend Engineer,,Senior,Healthcare
R_007228,CV,4,Account Executive,,Senior,Logistics
R_007229,CV,4,Business Development Manager,,Junior,Travel
R_007230,CV,6,Project Manager,,Junior,Healthcare
R_007231,CV,7,Customer Support Specialist,,Junior,SaaS
R_007232,CV,5,Content Marketer,,Mid,Retail
R_007233,CV,2,Technical Product Manager,,Senior,Logistics
R_007234,CV,5,Performance Marketer,,Junior,E-commerce
R_007235,CV,2,Associate Product Manager,,Mid,E-commerce
R_007236,CV,0,Software Engineer,,Senior,EdTech
R_007237,CV,3,Data Analyst,,Junior,Gaming
R_007238,CV,0,Backend Engineer,,Junior,EdTech
R_007239,CV,3,BI Analyst,,Senior,Logistics
R_007240,CV,5,Marketing Manager,,Junior,Healthcare
R_007241,CV,0,Full Stack Engineer,,Junior,Cybersecurity
R_007242,CV,1,Junior Accountant,,Senior,FinTech
R_007243,CV,1,Financial Analyst,,Senior,EdTech
R_007244,CV,5,Performance Marketer,,Mid,Travel
R_007245,CV,4,Account Executive,,Senior,Cybersecurity
R_007246,CV,6,Operations Manager,,Junior,Logistics
R_007247,CV,2,Associate Product Manager,,Senior,Cybersecurity
R_007248,CV,5,Performance Marketer,,Mid,FinTech
R_007249,CV,0,Full Stack Engineer,,Junior,Retail
R_007250,CV,7,Customer Support Specialist,,Senior,SaaS
R_007251,CV,3,Business Analyst,,Senior,Cybersecurity
R_007252,CV,0,Backend Engineer,,Junior,Logistics
R_007253,CV,3,Data Analyst,,Senior,SaaS
R_007254,CV,6,Project Manager,,Junior,E-commerce
R_007255,CV,2,Technical Product Manager,,Mid,Logistics
R_007256,CV,1,FP&A Analyst,,Junior,EdTech
R_007257,CV,7,Technical Support Specialist,,Mid,Retail
R_007258,CV,6,Operations Manager,,Senior,SaaS
R_007259,CV,2,Associate Product Manager,,Mid,Gaming
R_007260,CV,5,Performance Marketer,,Senior,Cybersecurity
R_007261,CV,7,Technical Support Specialist,,Mid,E-commerce
R_007262,CV,2,Product Manager,,Senior,FinTech
R_007263,CV,0,Backend Engineer,,Mid,EdTech
R_007264,CV,5,Marketing Manager,,Junior,E-commerce
R_007265,CV,2,Product Manager,,Mid,Retail
R_007266,CV,5,Marketing Manager,,Senior,Retail
R_007267,CV,6,Operations Manager,,Senior,Cybersecurity
R_007268,CV,4,Business Development Manager,,Junior,SaaS
R_007269,CV,1,FP&A Analyst,,Senior,Retail
R_007270,CV,4,Sales Representative,,Junior,Retail
R_007271,CV,1,Financial Analyst,,Junior,Cybersecurity
R_007272,CV,1,Junior Accountant,,Senior,Logistics
R_007273,CV,4,Business Development Manager,,Mid,EdTech
R_007274,CV,7,Customer Success Associate,,Junior,Travel
R_007275,CV,1,Financial Analyst,,Mid,Gaming
R_007276,CV,5,Content Marketer,,Junior,Gaming
R_007277,CV,2,Product Manager,,Junior,Gaming
R_007278,CV,0,Backend Engineer,,Senior,Cybersecurity
R_007279,CV,3,Business Analyst,,Junior,Gaming
R_007280,CV,6,Program Coordinator,,Senior,Retail
R_007281,CV,5,Performance Marketer,,Senior,EdTech
R_007282,CV,3,Business Analyst,,Senior,FinTech
R_007283,CV,2,Associate Product Manager,,Mid,Travel
R_007284,CV,5,Content Marketer,,Mid,E-commerce
R_007285,CV,6,Project Manager,,Mid,SaaS
R_007286,CV,5,Marketing Manager,,Senior,Travel
R_007287,CV,1,Financial Analyst,,Senior,SaaS
R_007288,CV,1,Junior Accountant,,Mid,EdTech
R_007289,CV,1,FP&A Analyst,,Mid,E-commerce
R_007290,CV,6,Program Coordinator,,Junior,Logistics
R_007291,CV,2,Product Manager,,Mid,SaaS
R_007292,CV,5,Content Marketer,,Junior,Healthcare
R_007293,CV,2,Associate Product Manager,,Mid,Cybersecurity
R_007294,CV,4,Account Executive,,Mid,Healthcare
R_007295,CV,6,Program Coordinator,,Mid,Gaming
R_007296,CV,6,Operations Manager,,Senior,FinTech
R_007297,CV,3,Data Analyst,,Junior,SaaS
R_007298,CV,2,Associate Product Manager,,Junior,Gaming
R_007299,CV,2,Product Manager,,Senior,Travel
R_007300,CV,3,BI Analyst,,Mid,EdTech
R_007301,CV,1,Junior Accountant,,Mid,Cybersecurity
R_007302,CV,3,Business Analyst,,Mid,FinTech
R_007303,CV,4,Account Executive,,Junior,SaaS
R_007304,CV,2,Associate Product Manager,,Mid,E-commerce
R_007305,CV,4,Sales Representative,,Junior,Retail
R_007306,CV,6,Operations Manager,,Senior,Retail
R_007307,CV,4,Account Executive,,Junior,Retail
R_007308,CV,4,Account Executive,,Junior,Logistics
R_007309,CV,7,Customer Success Associate,,Junior,Retail
R_007310,CV,7,Customer Success Associate,,Senior,Healthcare
R_007311,CV,6,Program Coordinator,,Senior,Gaming
R_007312,CV,7,Customer Success Associate,,Senior,SaaS
R_007313,CV,0,Full Stack Engineer,,Senior,Travel
R_007314,CV,1,FP&A Analyst,,Mid,SaaS
R_007315,CV,6,Operations Manager,,Senior,Cybersecurity
R_007316,CV,3,BI Analyst,,Senior,E-commerce
R_007317,CV,4,Account Executive,,Junior,Cybersecurity
R_007318,CV,3,BI Analyst,,Junior,Cybersecurity
R_007319,CV,6,Program Coordinator,,Junior,Retail
R_007320,CV,3,BI Analyst,,Junior,EdTech
R_007321,CV,1,Junior Accountant,,Senior,Healthcare
R_007322,CV,7,Technical Support Specialist,,Junior,Retail
R_007323,CV,1,FP&A Analyst,,Senior,Cybersecurity
R_007324,CV,4,Sales Representative,,Mid,Travel
R_007325,CV,0,Software Engineer,,Senior,Logistics
R_007326,CV,3,Business Analyst,,Mid,E-commerce
R_007327,CV,0,Software Engineer,,Junior,Logistics
R_007328,CV,2,Product Manager,,Mid,Retail
R_007329,CV,1,Financial Analyst,,Senior,Cybersecurity
R_007330,CV,6,Program Coordinator,,Junior,SaaS
R_007331,CV,0,Full Stack Engineer,,Mid,Gaming
R_007332,CV,2,Product Manager,,Junior,SaaS
R_007333,CV,4,Business Development Manager,,Mid,EdTech
R_007334,CV,0,Backend Engineer,,Junior,Cybersecurity
R_007335,CV,4,Account Executive,,Junior,Travel
R_007336,CV,1,Financial Analyst,,Senior,Travel
R_007337,CV,3,Business Analyst,,Senior,Gaming
R_007338,CV,5,Marketing Manager,,Mid,SaaS
R_007339,CV,5,Performance Marketer,,Senior,Travel
R_007340,CV,5,Content Marketer,,Senior,Logistics
R_007341,CV,28,Associate Product Manager,,Senior,Travel
R_007342,CV,7,Customer Support Specialist,,Senior,E-commerce
R_007343,CV,5,Marketing Manager,,Junior,Cybersecurity
R_007344,CV,3,BI Analyst,,Junior,E-commerce
R_007345,CV,2,Associate Product Manager,,Senior,Healthcare
R_007346,CV,3,Business Analyst,,Junior,SaaS
R_007347,CV,0,Backend Engineer,,Senior,Travel
R_007348,CV,1,Financial Analyst,,Mid,FinTech
R_007349,CV,4,Sales Representative,,Senior,SaaS
R_007350,CV,4,Account Executive,,Senior,E-commerce
R_007351,CV,6,Operations Manager,,Senior,EdTech
R_007352,CV,4,Account Executive,,Junior,Gaming
R_007353,CV,5,Content Marketer,,Junior,Cybersecurity
R_007354,CV,5,Marketing Manager,,Senior,Travel
R_007355,CV,1,Financial Analyst,,Junior,FinTech
R_007356,CV,5,Marketing Manager,,Junior,E-commerce
R_007357,CV,6,Project Manager,,Junior,SaaS
R_007358,CV,2,Product Manager,,Junior,Retail
R_007359,CV,4,Sales Representative,,Junior,Healthcare
R_007360,CV,7,Customer Success Associate,,Senior,FinTech
R_007361,CV,0,Full Stack Engineer,,Junior,Gaming
R_007362,CV,0,Software Engineer,,Junior,E-commerce
R_007363,CV,3,Business Analyst,,Junior,SaaS
R_007364,CV,7,Customer Support Specialist,,Senior,E-commerce
R_007365,CV,2,Technical Product Manager,,Senior,FinTech
R_007366,CV,4,Account Executive,,Mid,Travel
R_007367,CV,6,Program Coordinator,,Mid,Cybersecurity
R_007368,CV,1,Financial Analyst,,Junior,Travel
R_007369,CV,6,Program Coordinator,,Junior,EdTech
R_007370,CV,0,Full Stack Engineer,,Junior,EdTech
R_007371,CV,7,Technical Support Specialist,,Junior,Logistics
R_007372,CV,2,Associate Product Manager,,Junior,FinTech
R_007373,CV,3,BI Analyst,,Junior,Travel
R_007374,CV,1,Junior Accountant,,Senior,Travel
R_007375,CV,7,Customer Support Specialist,,Senior,FinTech
R_007376,CV,6,Operations Manager,,Mid,Logistics
R_007377,CV,0,Full Stack Engineer,,Senior,E-commerce
R_007378,CV,7,Customer Success Associate,,Mid,Gaming
R_007379,CV,2,Product Manager,,Mid,Travel
R_007380,CV,6,Program Coordinator,,Mid,Cybersecurity
R_007381,CV,4,Business Development Manager,,Junior,E-commerce
R_007382,CV,4,Business Development Manager,,Mid,Retail
R_007383,CV,2,Technical Product Manager,,Mid,EdTech
R_007384,CV,4,Business Development Manager,,Mid,Travel
R_007385,CV,0,Backend Engineer,,Senior,E-commerce
R_007386,CV,6,Operations Manager,,Junior,SaaS
R_007387,CV,6,Project Manager,,Senior,Healthcare
R_007388,CV,3,BI Analyst,,Junior,E-commerce
R_007389,CV,7,Technical Support Specialist,,Junior,FinTech
R_007390,CV,4,Account Executive,,Junior,Healthcare
R_007391,CV,0,Full Stack Engineer,,Junior,Healthcare
R_007392,CV,4,Account Executive,,Junior,Cybersecurity
R_007393,CV,0,Software Engineer,,Senior,Cybersecurity
R_007394,CV,2,Product Manager,,Senior,Retail
R_007395,CV,0,Software Engineer,,Mid,Logistics
R_007396,CV,7,Customer Support Specialist,,Mid,SaaS
R_007397,CV,4,Account Executive,,Senior,E-commerce
R_007398,CV,2,Associate Product Manager,,Junior,Retail
R_007399,CV,7,Customer Success Associate,,Mid,EdTech
R_007400,CV,5,Marketing Manager,,Junior,E-commerce
R_007401,CV,4,Account Executive,,Senior,Healthcare
R_007402,CV,2,Technical Product Manager,,Senior,FinTech
R_007403,CV,6,Project Manager,,Junior,Gaming
R_007404,CV,3,Data Analyst,,Mid,Travel
R_007405,CV,5,Content Marketer,,Mid,Retail
R_007406,CV,2,Product Manager,,Mid,E-commerce
R_007407,CV,4,Business Development Manager,,Junior,Travel
R_007408,CV,0,Full Stack Engineer,,Junior,SaaS
R_007409,CV,7,Customer Support Specialist,,Mid,Gaming
R_007410,CV,7,Customer Support Specialist,,Mid,Healthcare
R_007411,CV,5,Performance Marketer,,Junior,SaaS
R_007412,CV,3,Business Analyst,,Mid,SaaS
R_007413,CV,5,Content Marketer,,Senior,SaaS
R_007414,CV,6,Program Coordinator,,Junior,EdTech
R_007415,CV,1,Junior Accountant,,Mid,Logistics
R_007416,CV,2,Technical Product Manager,,Senior,Logistics
R_007417,CV,6,Operations Manager,,Mid,Healthcare
R_007418,CV,2,Associate Product Manager,,Senior,Retail
R_007419,CV,1,FP&A Analyst,,Senior,FinTech
R_007420,CV,0,Backend Engineer,,Senior,Retail
R_007421,CV,0,Full Stack Engineer,,Junior,EdTech
R_007422,CV,6,Project Manager,,Junior,SaaS
R_007423,CV,2,Product Manager,,Mid,Logistics
R_007424,CV,0,Software Engineer,,Senior,Travel
R_007425,CV,7,Customer Support Specialist,,Mid,Retail
R_007426,CV,7,Customer Support Specialist,,Junior,FinTech
R_007427,CV,1,FP&A Analyst,,Mid,Healthcare
R_007428,CV,0,Software Engineer,,Mid,Travel
R_007429,CV,6,Program Coordinator,,Senior,SaaS
R_007430,CV,4,Business Development Manager,,Junior,Logistics
R_007431,CV,4,Sales Representative,,Junior,Retail
R_007432,CV,7,Technical Support Specialist,,Senior,Gaming
R_007433,CV,7,Customer Support Specialist,,Junior,E-commerce
R_007434,CV,3,Data Analyst,,Junior,E-commerce
R_007435,CV,5,Content Marketer,,Junior,EdTech
R_007436,CV,3,Business Analyst,,Senior,E-commerce
R_007437,CV,4,Sales Representative,,Mid,Retail
R_007438,CV,5,Marketing Manager,,Mid,Cybersecurity
R_007439,CV,5,Performance Marketer,,Senior,Logistics
R_007440,CV,5,Marketing Manager,,Mid,Logistics
R_007441,CV,3,Business Analyst,,Junior,EdTech
R_007442,CV,2,Product Manager,,Junior,EdTech
R_007443,CV,3,BI Analyst,,Mid,Retail
R_007444,CV,1,Financial Analyst,,Mid,EdTech
R_007445,CV,3,Business Analyst,,Mid,Retail
R_007446,CV,2,Associate Product Manager,,Senior,Gaming
R_007447,CV,1,FP&A Analyst,,Junior,Gaming
R_007448,CV,3,Data Analyst,,Junior,Healthcare
R_007449,CV,0,Software Engineer,,Mid,Cybersecurity
R_007450,CV,6,Program Coordinator,,Junior,Logistics
R_007451,CV,6,Project Manager,,Mid,Logistics
R_007452,CV,2,Product Manager,,Mid,Gaming
R_007453,CV,2,Product Manager,,Junior,EdTech
R_007454,CV,6,Operations Manager,,Mid,Cybersecurity
R_007455,CV,0,Backend Engineer,,Junior,Cybersecurity
R_007456,CV,2,Technical Product Manager,,Mid,EdTech
R_007457,CV,7,Customer Success Associate,,Senior,Logistics
R_007458,CV,0,Software Engineer,,Senior,Retail
R_007459,CV,3,Data Analyst,,Junior,Healthcare
R_007460,CV,1,Junior Accountant,,Mid,E-commerce
R_007461,CV,0,Full Stack Engineer,,Senior,Gaming
R_007462,CV,5,Content Marketer,,Mid,Travel
R_007463,CV,6,Project Manager,,Junior,Logistics
R_007464,CV,5,Performance Marketer,,Junior,SaaS
R_007465,CV,6,Program Coordinator,,Mid,EdTech
R_007466,CV,3,Business Analyst,,Mid,Retail
R_007467,CV,1,Financial Analyst,,Senior,Retail
R_007468,CV,7,Technical Support Specialist,,Mid,Travel
R_007469,CV,2,Technical Product Manager,,Senior,Cybersecurity
R_007470,CV,4,Account Executive,,Senior,Cybersecurity
R_007471,CV,0,Backend Engineer,,Mid,EdTech
R_007472,CV,2,Associate Product Manager,,Senior,Healthcare
R_007473,CV,2,Associate Product Manager,,Junior,Gaming
R_007474,CV,4,Business Development Manager,,Senior,Logistics
R_007475,CV,1,Financial Analyst,,Junior,FinTech
R_007476,CV,1,Junior Accountant,,Senior,Travel
R_007477,CV,3,BI Analyst,,Mid,Cybersecurity
R_007478,CV,3,Business Analyst,,Mid,Gaming
R_007479,CV,4,Sales Representative,,Senior,Travel
R_007480,CV,7,Customer Success Associate,,Senior,FinTech
R_007481,CV,0,Full Stack Engineer,,Junior,EdTech
R_007482,CV,5,Performance Marketer,,Junior,SaaS
R_007483,CV,1,FP&A Analyst,,Junior,Gaming
R_007484,CV,6,Program Coordinator,,Junior,Cybersecurity
R_007485,CV,6,Operations Manager,,Junior,Logistics
R_007486,CV,6,Project Manager,,Senior,E-commerce
R_007487,CV,3,BI Analyst,,Senior,Gaming
R_007488,CV,4,Business Development Manager,,Senior,Gaming
R_007489,CV,1,Junior Accountant,,Junior,E-commerce
R_007490,CV,4,Sales Representative,,Mid,Healthcare
R_007491,CV,29,Technical Support Specialist,,Mid,Logistics
R_007492,CV,4,Sales Representative,,Mid,Cybersecurity
R_007493,CV,6,Project Manager,,Mid,Healthcare
R_007494,CV,7,Technical Support Specialist,,Senior,Logistics
R_007495,CV,7,Technical Support Specialist,,Mid,Logistics
R_007496,CV,0,Backend Engineer,,Junior,EdTech
R_007497,CV,4,Account Executive,,Mid,Travel
R_007498,CV,6,Operations Manager,,Junior,E-commerce
R_007499,CV,0,Full Stack Engineer,,Mid,Cybersecurity
R_007500,CV,2,Associate Product Manager,,Junior,Healthcare
R_007501,CV,2,Associate Product Manager,,Junior,Cybersecurity
R_007502,CV,0,Software Engineer,,Mid,FinTech
R_007503,CV,0,Backend Engineer,,Mid,Travel
R_007504,CV,6,Operations Manager,,Junior,Retail
R_007505,CV,4,Sales Representative,,Junior,Cybersecurity
R_007506,CV,4,Sales Representative,,Senior,Travel
R_007507,CV,7,Customer Support Specialist,,Senior,E-commerce
R_007508,CV,1,FP&A Analyst,,Senior,Logistics
R_007509,CV,6,Operations Manager,,Senior,Logistics
R_007510,CV,1,FP&A Analyst,,Junior,Logistics
R_007511,CV,5,Content Marketer,,Senior,Cybersecurity
R_007512,CV,0,Backend Engineer,,Mid,Retail
R_007513,CV,6,Operations Manager,,Senior,Retail
R_007514,CV,3,Business Analyst,,Mid,E-commerce
R_007515,CV,3,Business Analyst,,Junior,E-commerce
R_007516,CV,6,Program Coordinator,,Mid,Retail
R_007517,CV,2,Associate Product Manager,,Senior,SaaS
R_007518,CV,5,Marketing Manager,,Senior,Healthcare
R_007519,CV,5,Marketing Manager,,Junior,EdTech
R_007520,CV,1,Junior Accountant,,Mid,Retail
R_007521,CV,6,Project Manager,,Senior,Healthcare
R_007522,CV,6,Program Coordinator,,Senior,Gaming
R_007523,CV,3,Data Analyst,,Senior,Gaming
R_007524,CV,1,Financial Analyst,,Mid,Logistics
R_007525,CV,6,Project Manager,,Junior,Retail
R_007526,CV,2,Technical Product Manager,,Mid,Gaming
R_007527,CV,0,Full Stack Engineer,,Junior,Gaming
R_007528,CV,0,Software Engineer,,Senior,Logistics
R_007529,CV,0,Backend Engineer,,Senior,Retail
R_007530,CV,2,Product Manager,,Mid,Retail
R_007531,CV,7,Customer Success Associate,,Senior,Retail
R_007532,CV,3,Data Analyst,,Junior,Retail
R_007533,CV,5,Performance Marketer,,Mid,E-commerce
R_007534,CV,4,Business Development Manager,,Junior,E-commerce
R_007535,CV,5,Performance Marketer,,Junior,E-commerce
R_007536,CV,0,Backend Engineer,,Senior,SaaS
R_007537,CV,0,Backend Engineer,,Mid,EdTech
R_007538,CV,6,Program Coordinator,,Junior,Retail
R_007539,CV,1,Junior Accountant,,Mid,Cybersecurity
R_007540,CV,2,Product Manager,,Senior,Retail
R_007541,CV,2,Product Manager,,Mid,Retail
R_007542,CV,1,Junior Accountant,,Mid,SaaS
R_007543,CV,0,Backend Engineer,,Junior,FinTech
R_007544,CV,3,Data Analyst,,Senior,Gaming
R_007545,CV,4,Account Executive,,Senior,Cybersecurity
R_007546,CV,6,Program Coordinator,,Mid,SaaS
R_007547,CV,0,Full Stack Engineer,,Senior,FinTech
R_007548,CV,1,FP&A Analyst,,Mid,E-commerce
R_007549,CV,3,Data Analyst,,Junior,SaaS
R_007550,CV,5,Content Marketer,,Mid,EdTech
R_007551,CV,2,Product Manager,,Senior,Logistics
R_007552,CV,5,Marketing Manager,,Junior,Gaming
R_007553,CV,5,Content Marketer,,Mid,FinTech
R_007554,CV,3,Business Analyst,,Junior,Logistics
R_007555,CV,6,Program Coordinator,,Senior,Gaming
R_007556,CV,7,Customer Support Specialist,,Senior,Retail
R_007557,CV,7,Customer Support Specialist,,Senior,EdTech
R_007558,CV,4,Account Executive,,Mid,FinTech
R_007559,CV,1,FP&A Analyst,,Senior,Travel
R_007560,CV,4,Business Development Manager,,Mid,Logistics
R_007561,CV,6,Program Coordinator,,Junior,Retail
R_007562,CV,7,Technical Support Specialist,,Mid,Cybersecurity
R_007563,CV,3,Business Analyst,,Senior,SaaS
R_007564,CV,4,Sales Representative,,Junior,EdTech
R_007565,CV,4,Sales Representative,,Senior,EdTech
R_007566,CV,2,Associate Product Manager,,Mid,EdTech
R_007567,CV,7,Customer Support Specialist,,Junior,FinTech
R_007568,CV,5,Content Marketer,,Mid,Gaming
R_007569,CV,3,Business Analyst,,Junior,Healthcare
R_007570,CV,0,Full Stack Engineer,,Senior,Cybersecurity
R_007571,CV,4,Sales Representative,,Mid,Gaming
R_007572,CV,6,Project Manager,,Junior,SaaS
R_007573,CV,3,Data Analyst,,Junior,Cybersecurity
R_007574,CV,4,Account Executive,,Junior,Healthcare
R_007575,CV,5,Content Marketer,,Mid,Logistics
R_007576,CV,7,Customer Success Associate,,Mid,Healthcare
R_007577,CV,6,Project Manager,,Junior,SaaS
R_007578,CV,6,Program Coordinator,,Senior,FinTech
R_007579,CV,1,Junior Accountant,,Junior,FinTech
R_007580,CV,2,Product Manager,,Mid,Cybersecurity
R_007581,CV,0,Backend Engineer,,Senior,Travel
R_007582,CV,7,Customer Success Associate,,Senior,Cybersecurity
R_007583,CV,2,Product Manager,,Junior,EdTech
R_007584,CV,0,Backend Engineer,,Senior,EdTech
R_007585,CV,3,Business Analyst,,Senior,Retail
R_007586,CV,5,Content Marketer,,Mid,Cybersecurity
R_007587,CV,3,BI Analyst,,Senior,Gaming
R_007588,CV,2,Technical Product Manager,,Junior,Healthcare
R_007589,CV,0,Software Engineer,,Senior,Retail
R_007590,CV,3,BI Analyst,,Junior,Travel
R_007591,CV,0,Backend Engineer,,Mid,Retail
R_007592,CV,1,FP&A Analyst,,Senior,FinTech
R_007593,CV,7,Technical Support Specialist,,Junior,EdTech
R_007594,CV,7,Technical Support Specialist,,Mid,Healthcare
R_007595,CV,0,Full Stack Engineer,,Junior,Travel
R_007596,CV,7,Technical Support Specialist,,Mid,Healthcare
R_007597,CV,3,BI Analyst,,Junior,Cybersecurity
R_007598,CV,4,Business Development Manager,,Junior,SaaS
R_007599,CV,0,Full Stack Engineer,,Junior,EdTech
R_007600,CV,0,Full Stack Engineer,,Junior,FinTech
R_007601,CV,6,Program Coordinator,,Senior,SaaS
R_007602,CV,5,Content Marketer,,Mid,SaaS
R_007603,CV,7,Customer Success Associate,,Mid,FinTech
R_007604,CV,4,Sales Representative,,Senior,Travel
R_007605,CV,5,Marketing Manager,,Mid,Healthcare
R_007606,CV,2,Associate Product Manager,,Junior,Gaming
R_007607,CV,3,BI Analyst,,Junior,Gaming
R_007608,CV,7,Customer Support Specialist,,Senior,Travel
R_007609,CV,4,Sales Representative,,Junior,Logistics
R_007610,CV,5,Performance Marketer,,Junior,Logistics
R_007611,CV,4,Account Executive,,Senior,Logistics
R_007612,CV,7,Customer Success Associate,,Mid,SaaS
R_007613,CV,7,Technical Support Specialist,,Mid,Healthcare
R_007614,CV,5,Marketing Manager,,Junior,Retail
R_007615,CV,4,Account Executive,,Senior,Travel
R_007616,CV,1,Financial Analyst,,Junior,Cybersecurity
R_007617,CV,5,Content Marketer,,Mid,FinTech
R_007618,CV,6,Project Manager,,Senior,Healthcare
R_007619,CV,5,Content Marketer,,Senior,Travel
R_007620,CV,2,Product Manager,,Junior,SaaS
R_007621,CV,4,Account Executive,,Mid,Gaming
R_007622,CV,3,Data Analyst,,Senior,Healthcare
R_007623,CV,6,Operations Manager,,Senior,SaaS
R_007624,CV,4,Sales Representative,,Junior,EdTech
R_007625,CV,0,Full Stack Engineer,,Mid,Travel
R_007626,CV,6,Program Coordinator,,Mid,Travel
R_007627,CV,2,Technical Product Manager,,Senior,Retail
R_007628,CV,1,FP&A Analyst,,Senior,E-commerce
R_007629,CV,4,Business Development Manager,,Junior,Retail
R_007630,CV,1,Junior Accountant,,Senior,FinTech
R_007631,CV,0,Backend Engineer,,Senior,Travel
R_007632,CV,6,Operations Manager,,Junior,FinTech
R_007633,CV,5,Performance Marketer,,Senior,Gaming
R_007634,CV,6,Operations Manager,,Junior,Travel
R_007635,CV,0,Software Engineer,,Mid,Gaming
R_007636,CV,4,Sales Representative,,Senior,FinTech
R_007637,CV,0,Software Engineer,,Junior,Healthcare
R_007638,CV,4,Business Development Manager,,Mid,EdTech
R_007639,CV,2,Product Manager,,Mid,EdTech
R_007640,CV,5,Performance Marketer,,Junior,EdTech
R_007641,CV,0,Backend Engineer,,Junior,Travel
R_007642,CV,4,Sales Representative,,Junior,FinTech
R_007643,CV,4,Business Development Manager,,Senior,Gaming
R_007644,CV,6,Operations Manager,,Senior,Healthcare
R_007645,CV,4,Sales Representative,,Mid,SaaS
R_007646,CV,3,Business Analyst,,Junior,EdTech
R_007647,CV,1,FP&A Analyst,,Mid,Gaming
R_007648,CV,4,Account Executive,,Mid,Retail
R_007649,CV,2,Associate Product Manager,,Junior,Healthcare
R_007650,CV,0,Software Engineer,,Senior,EdTech
R_007651,CV,3,Data Analyst,,Junior,SaaS
R_007652,CV,1,FP&A Analyst,,Junior,Logistics
R_007653,CV,5,Marketing Manager,,Senior,Logistics
R_007654,CV,7,Customer Support Specialist,,Junior,Logistics
R_007655,CV,7,Customer Support Specialist,,Junior,Healthcare
R_007656,CV,3,Business Analyst,,Junior,Healthcare
R_007657,CV,1,Junior Accountant,,Junior,Retail
R_007658,CV,3,Data Analyst,,Junior,SaaS
R_007659,CV,6,Project Manager,,Senior,SaaS
R_007660,CV,0,Backend Engineer,,Senior,SaaS
R_007661,CV,6,Project Manager,,Junior,FinTech
R_007662,CV,7,Customer Success Associate,,Junior,E-commerce
R_007663,CV,5,Marketing Manager,,Mid,Cybersecurity
R_007664,CV,0,Software Engineer,,Junior,Healthcare
R_007665,CV,5,Marketing Manager,,Senior,Healthcare
R_007666,CV,5,Content Marketer,,Junior,Healthcare
R_007667,CV,4,Account Executive,,Junior,SaaS
R_007668,CV,0,Full Stack Engineer,,Mid,Retail
R_007669,CV,1,Financial Analyst,,Junior,FinTech
R_007670,CV,2,Associate Product Manager,,Junior,Cybersecurity
R_007671,CV,4,Account Executive,,Senior,Retail
R_007672,CV,6,Program Coordinator,,Senior,EdTech
R_007673,CV,4,Account Executive,,Junior,Retail
R_007674,CV,6,Project Manager,,Senior,Retail
R_007675,CV,4,Business Development Manager,,Mid,Retail
R_007676,CV,4,Business Development Manager,,Senior,Healthcare
R_007677,CV,3,BI Analyst,,Senior,Gaming
R_007678,CV,3,BI Analyst,,Junior,Cybersecurity
R_007679,CV,7,Customer Support Specialist,,Senior,Retail
R_007680,CV,3,Business Analyst,,Senior,SaaS
R_007681,CV,0,Software Engineer,,Mid,Retail
R_007682,CV,4,Sales Representative,,Senior,Travel
R_007683,CV,1,Financial Analyst,,Mid,Logistics
R_007684,CV,7,Customer Support Specialist,,Mid,Logistics
R_007685,CV,7,Customer Support Specialist,,Mid,E-commerce
R_007686,CV,2,Technical Product Manager,,Mid,SaaS
R_007687,CV,7,Customer Success Associate,,Senior,Gaming
R_007688,CV,6,Operations Manager,,Junior,SaaS
R_007689,CV,2,Technical Product Manager,,Mid,Cybersecurity
R_007690,CV,4,Sales Representative,,Senior,Gaming
R_007691,CV,3,Data Analyst,,Mid,Retail
R_007692,CV,6,Operations Manager,,Senior,Cybersecurity
R_007693,CV,6,Project Manager,,Junior,SaaS
R_007694,CV,1,Financial Analyst,,Mid,Cybersecurity
R_007695,CV,4,Business Development Manager,,Junior,E-commerce
R_007696,CV,7,Customer Support Specialist,,Senior,SaaS
R_007697,CV,5,Marketing Manager,,Junior,E-commerce
R_007698,CV,6,Program Coordinator,,Mid,Gaming
R_007699,CV,7,Customer Support Specialist,,Mid,Cybersecurity
R_007700,CV,3,BI Analyst,,Senior,Cybersecurity
R_007701,CV,4,Business Development Manager,,Senior,E-commerce
R_007702,CV,2,Associate Product Manager,,Senior,Gaming
R_007703,CV,1,FP&A Analyst,,Senior,FinTech
R_007704,CV,1,Financial Analyst,,Junior,FinTech
R_007705,CV,2,Associate Product Manager,,Mid,Travel
R_007706,CV,2,Technical Product Manager,,Senior,Logistics
R_007707,CV,1,Junior Accountant,,Senior,Travel
R_007708,CV,6,Operations Manager,,Mid,Retail
R_007709,CV,1,Junior Accountant,,Junior,SaaS
R_007710,CV,6,Project Manager,,Mid,EdTech
R_007711,CV,3,Business Analyst,,Mid,Cybersecurity
R_007712,CV,3,BI Analyst,,Senior,Healthcare
R_007713,CV,4,Business Development Manager,,Mid,FinTech
R_007714,CV,5,Performance Marketer,,Junior,Gaming
R_007715,CV,7,Technical Support Specialist,,Mid,EdTech
R_007716,CV,0,Software Engineer,,Mid,Retail
R_007717,CV,2,Product Manager,,Mid,Gaming
R_007718,CV,6,Operations Manager,,Junior,EdTech
R_007719,CV,7,Customer Success Associate,,Junior,Healthcare
R_007720,CV,5,Marketing Manager,,Mid,SaaS
R_007721,CV,5,Performance Marketer,,Junior,Cybersecurity
R_007722,CV,5,Marketing Manager,,Junior,FinTech
R_007723,CV,0,Software Engineer,,Senior,Logistics
R_007724,CV,4,Business Development Manager,,Senior,Healthcare
R_007725,CV,0,Full Stack Engineer,,Junior,FinTech
R_007726,CV,0,Software Engineer,,Junior,Gaming
R_007727,CV,4,Sales Representative,,Junior,Logistics
R_007728,CV,6,Program Coordinator,,Senior,EdTech
R_007729,CV,7,Customer Success Associate,,Junior,FinTech
R_007730,CV,7,Customer Support Specialist,,Mid,Travel
R_007731,CV,6,Project Manager,,Senior,Cybersecurity
R_007732,CV,2,Associate Product Manager,,Mid,SaaS
R_007733,CV,4,Business Development Manager,,Junior,Cybersecurity
R_007734,CV,6,Project Manager,,Mid,FinTech
R_007735,CV,3,BI Analyst,,Mid,Travel
R_007736,CV,1,FP&A Analyst,,Mid,Travel
R_007737,CV,3,Data Analyst,,Mid,EdTech
R_007738,CV,4,Business Development Manager,,Junior,Healthcare
R_007739,CV,6,Operations Manager,,Junior,EdTech
R_007740,CV,0,Backend Engineer,,Senior,Retail
R_007741,CV,0,Software Engineer,,Mid,Retail
R_007742,CV,4,Sales Representative,,Senior,SaaS
R_007743,CV,1,Financial Analyst,,Junior,EdTech
R_007744,CV,2,Associate Product Manager,,Junior,Gaming
R_007745,CV,2,Technical Product Manager,,Junior,EdTech
R_007746,CV,4,Sales Representative,,Senior,Cybersecurity
R_007747,CV,0,Backend Engineer,,Junior,Gaming
R_007748,CV,4,Sales Representative,,Junior,SaaS
R_007749,CV,4,Sales Representative,,Senior,Logistics
R_007750,CV,7,Customer Support Specialist,,Senior,Retail
R_007751,CV,3,BI Analyst,,Mid,Retail
R_007752,CV,7,Technical Support Specialist,,Senior,FinTech
R_007753,CV,5,Content Marketer,,Junior,FinTech
R_007754,CV,5,Content Marketer,,Senior,Gaming
R_007755,CV,2,Technical Product Manager,,Mid,Retail
R_007756,CV,5,Performance Marketer,,Senior,Logistics
R_007757,CV,5,Content Marketer,,Mid,Logistics
R_007758,CV,3,Data Analyst,,Senior,Retail
R_007759,CV,2,Product Manager,,Junior,E-commerce
R_007760,CV,4,Sales Representative,,Junior,E-commerce
R_007761,CV,2,Associate Product Manager,,Junior,EdTech
R_007762,CV,3,Business Analyst,,Mid,EdTech
R_007763,CV,4,Sales Representative,,Mid,SaaS
R_007764,CV,0,Full Stack Engineer,,Mid,E-commerce
R_007765,CV,5,Content Marketer,,Junior,SaaS
R_007766,CV,2,Associate Product Manager,,Mid,Cybersecurity
R_007767,CV,3,BI Analyst,,Senior,FinTech
R_007768,CV,0,Backend Engineer,,Senior,FinTech
R_007769,CV,7,Technical Support Specialist,,Senior,EdTech
R_007770,CV,3,Business Analyst,,Mid,Logistics
R_007771,CV,4,Account Executive,,Junior,EdTech
R_007772,CV,5,Performance Marketer,,Junior,SaaS
R_007773,CV,3,Data Analyst,,Mid,Cybersecurity
R_007774,CV,0,Backend Engineer,,Senior,SaaS
R_007775,CV,4,Sales Representative,,Mid,Cybersecurity
R_007776,CV,3,Data Analyst,,Senior,Logistics
R_007777,CV,5,Content Marketer,,Mid,FinTech
R_007778,CV,5,Performance Marketer,,Junior,Logistics
R_007779,CV,7,Technical Support Specialist,,Junior,Travel
R_007780,CV,7,Customer Support Specialist,,Junior,EdTech
R_007781,CV,2,Technical Product Manager,,Junior,SaaS
R_007782,CV,1,FP&A Analyst,,Mid,Cybersecurity
R_007783,CV,2,Technical Product Manager,,Junior,Gaming
R_007784,CV,2,Associate Product Manager,,Senior,FinTech
R_007785,CV,6,Project Manager,,Senior,Gaming
R_007786,CV,0,Backend Engineer,,Senior,Healthcare
R_007787,CV,0,Software Engineer,,Mid,FinTech
R_007788,CV,5,Marketing Manager,,Junior,Gaming
R_007789,CV,4,Sales Representative,,Mid,SaaS
R_007790,CV,6,Project Manager,,Mid,Cybersecurity
R_007791,CV,7,Customer Success Associate,,Junior,Cybersecurity
R_007792,CV,5,Marketing Manager,,Mid,SaaS
R_007793,CV,7,Technical Support Specialist,,Senior,Logistics
R_007794,CV,7,Customer Success Associate,,Mid,Logistics
R_007795,CV,1,Financial Analyst,,Mid,Travel
R_007796,CV,2,Technical Product Manager,,Senior,Travel
R_007797,CV,1,Junior Accountant,,Junior,Gaming
R_007798,CV,6,Project Manager,,Junior,Gaming
R_007799,CV,2,Technical Product Manager,,Junior,Logistics
R_007800,CV,3,Data Analyst,,Junior,Retail
R_007801,CV,6,Program Coordinator,,Senior,Retail
R_007802,CV,4,Business Development Manager,,Senior,Cybersecurity
R_007803,CV,4,Sales Representative,,Mid,Retail
R_007804,CV,3,Data Analyst,,Junior,E-commerce
R_007805,CV,6,Operations Manager,,Junior,Gaming
R_007806,CV,7,Customer Success Associate,,Mid,Cybersecurity
R_007807,CV,3,BI Analyst,,Senior,Travel
R_007808,CV,3,Business Analyst,,Senior,Healthcare
R_007809,CV,3,Business Analyst,,Senior,Healthcare
R_007810,CV,4,Account Executive,,Mid,FinTech
R_007811,CV,5,Marketing Manager,,Mid,FinTech
R_007812,CV,3,Business Analyst,,Senior,Retail
R_007813,CV,1,FP&A Analyst,,Junior,FinTech
R_007814,CV,1,FP&A Analyst,,Junior,Gaming
R_007815,CV,6,Project Manager,,Junior,SaaS
R_007816,CV,6,Program Coordinator,,Mid,Healthcare
R_007817,CV,1,Financial Analyst,,Junior,Gaming
R_007818,CV,4,Business Development Manager,,Junior,Logistics
R_007819,CV,6,Project Manager,,Mid,Cybersecurity
R_007820,CV,4,Business Development Manager,,Senior,Travel
R_007821,CV,0,Software Engineer,,Mid,Retail
R_007822,CV,0,Backend Engineer,,Junior,EdTech
R_007823,CV,6,Project Manager,,Junior,SaaS
R_007824,CV,1,FP&A Analyst,,Mid,Cybersecurity
R_007825,CV,2,Associate Product Manager,,Mid,Retail
R_007826,CV,7,Customer Support Specialist,,Mid,SaaS
R_007827,CV,5,Marketing Manager,,Senior,Healthcare
R_007828,CV,4,Sales Representative,,Senior,E-commerce
R_007829,CV,1,Financial Analyst,,Senior,Gaming
R_007830,CV,4,Account Executive,,Senior,Healthcare
R_007831,CV,7,Technical Support Specialist,,Mid,Healthcare
R_007832,CV,0,Backend Engineer,,Senior,FinTech
R_007833,CV,0,Software Engineer,,Junior,Retail
R_007834,CV,2,Product Manager,,Senior,Healthcare
R_007835,CV,5,Marketing Manager,,Senior,Retail
R_007836,CV,2,Associate Product Manager,,Senior,E-commerce
R_007837,CV,7,Technical Support Specialist,,Mid,Logistics
R_007838,CV,7,Customer Success Associate,,Junior,Gaming
R_007839,CV,7,Customer Success Associate,,Junior,E-commerce
R_007840,CV,2,Product Manager,,Senior,Healthcare
R_007841,CV,2,Product Manager,,Junior,Retail
R_007842,CV,5,Performance Marketer,,Mid,FinTech
R_007843,CV,0,Backend Engineer,,Mid,EdTech
R_007844,CV,0,Full Stack Engineer,,Junior,Gaming
R_007845,CV,4,Sales Representative,,Senior,Healthcare
R_007846,CV,1,Financial Analyst,,Junior,Logistics
R_007847,CV,1,Junior Accountant,,Senior,E-commerce
R_007848,CV,0,Backend Engineer,,Mid,EdTech
R_007849,CV,5,Performance Marketer,,Mid,E-commerce
R_007850,CV,5,Performance Marketer,,Mid,Travel
R_007851,CV,5,Content Marketer,,Junior,E-commerce
R_007852,CV,1,Junior Accountant,,Senior,EdTech
R_007853,CV,7,Customer Support Specialist,,Senior,Retail
R_007854,CV,6,Program Coordinator,,Junior,EdTech
R_007855,CV,5,Performance Marketer,,Senior,Logistics
R_007856,CV,3,Data Analyst,,Mid,Travel
R_007857,CV,2,Associate Product Manager,,Senior,E-commerce
R_007858,CV,3,Data Analyst,,Senior,Retail
R_007859,CV,6,Project Manager,,Senior,SaaS
R_007860,CV,7,Technical Support Specialist,,Junior,Logistics
R_007861,CV,2,Technical Product Manager,,Mid,Gaming
R_007862,CV,5,Content Marketer,,Junior,E-commerce
R_007863,CV,5,Performance Marketer,,Junior,Healthcare
R_007864,CV,1,Financial Analyst,,Mid,Healthcare
R_007865,CV,6,Project Manager,,Junior,Cybersecurity
R_007866,CV,3,Business Analyst,,Junior,Healthcare
R_007867,CV,3,Business Analyst,,Mid,Travel
R_007868,CV,3,Data Analyst,,Junior,Gaming
R_007869,CV,3,Business Analyst,,Junior,Healthcare
R_007870,CV,5,Content Marketer,,Junior,EdTech
R_007871,CV,3,Business Analyst,,Mid,Travel
R_007872,CV,7,Customer Success Associate,,Mid,Cybersecurity
R_007873,CV,4,Sales Representative,,Senior,E-commerce
R_007874,CV,3,Business Analyst,,Junior,FinTech
R_007875,CV,1,FP&A Analyst,,Mid,Gaming
R_007876,CV,1,Junior Accountant,,Mid,Healthcare
R_007877,CV,2,Product Manager,,Mid,Cybersecurity
R_007878,CV,7,Customer Success Associate,,Senior,Travel
R_007879,CV,5,Marketing Manager,,Junior,SaaS
R_007880,CV,5,Marketing Manager,,Senior,Cybersecurity
R_007881,CV,2,Product Manager,,Junior,FinTech
R_007882,CV,7,Customer Support Specialist,,Mid,Retail
R_007883,CV,7,Customer Support Specialist,,Junior,EdTech
R_007884,CV,1,Junior Accountant,,Mid,E-commerce
R_007885,CV,5,Content Marketer,,Senior,SaaS
R_007886,CV,6,Project Manager,,Mid,Travel
R_007887,CV,3,BI Analyst,,Senior,Cybersecurity
R_007888,CV,1,Junior Accountant,,Junior,FinTech
R_007889,CV,2,Technical Product Manager,,Senior,Healthcare
R_007890,CV,7,Customer Support Specialist,,Senior,Logistics
R_007891,CV,1,Junior Accountant,,Mid,Cybersecurity
R_007892,CV,1,FP&A Analyst,,Mid,Healthcare
R_007893,CV,0,Backend Engineer,,Senior,Gaming
R_007894,CV,4,Sales Representative,,Mid,E-commerce
R_007895,CV,4,Account Executive,,Senior,Retail
R_007896,CV,4,Account Executive,,Senior,Retail
R_007897,CV,0,Backend Engineer,,Junior,EdTech
R_007898,CV,4,Sales Representative,,Senior,Gaming
R_007899,CV,5,Content Marketer,,Junior,FinTech
R_007900,CV,4,Account Executive,,Senior,Gaming
R_007901,CV,0,Full Stack Engineer,,Senior,Travel
R_007902,CV,7,Customer Success Associate,,Junior,SaaS
R_007903,CV,5,Content Marketer,,Senior,Gaming
R_007904,CV,1,FP&A Analyst,,Junior,Travel
R_007905,CV,6,Program Coordinator,,Mid,FinTech
R_007906,CV,3,BI Analyst,,Mid,FinTech
R_007907,CV,6,Program Coordinator,,Junior,EdTech
R_007908,CV,4,Account Executive,,Senior,Retail
R_007909,CV,3,Data Analyst,,Junior,EdTech
R_007910,CV,3,Business Analyst,,Junior,SaaS
R_007911,CV,1,Junior Accountant,,Mid,SaaS
R_007912,CV,1,Financial Analyst,,Junior,Gaming
R_007913,CV,3,Data Analyst,,Senior,E-commerce
R_007914,CV,4,Account Executive,,Senior,FinTech
R_007915,CV,6,Operations Manager,,Mid,Gaming
R_007916,CV,2,Associate Product Manager,,Senior,Gaming
R_007917,CV,0,Backend Engineer,,Senior,EdTech
R_007918,CV,4,Sales Representative,,Junior,E-commerce
R_007919,CV,1,Junior Accountant,,Mid,Travel
R_007920,CV,5,Performance Marketer,,Mid,Travel
R_007921,CV,2,Technical Product Manager,,Senior,Cybersecurity
R_007922,CV,6,Project Manager,,Junior,Cybersecurity
R_007923,CV,6,Program Coordinator,,Junior,Logistics
R_007924,CV,1,Financial Analyst,,Junior,Gaming
R_007925,CV,7,Technical Support Specialist,,Senior,SaaS
R_007926,CV,3,Data Analyst,,Junior,EdTech
R_007927,CV,1,Financial Analyst,,Mid,E-commerce
R_007928,CV,2,Product Manager,,Mid,Gaming
R_007929,CV,3,Business Analyst,,Senior,Gaming
R_007930,CV,4,Business Development Manager,,Mid,E-commerce
R_007931,CV,0,Software Engineer,,Mid,Cybersecurity
R_007932,CV,5,Performance Marketer,,Mid,FinTech
R_007933,CV,6,Project Manager,,Junior,Retail
R_007934,CV,4,Sales Representative,,Junior,SaaS
R_007935,CV,2,Technical Product Manager,,Junior,Cybersecurity
R_007936,CV,7,Customer Support Specialist,,Senior,Healthcare
R_007937,CV,4,Sales Representative,,Mid,EdTech
R_007938,CV,6,Program Coordinator,,Senior,EdTech
R_007939,CV,6,Program Coordinator,,Mid,FinTech
R_007940,CV,0,Full Stack Engineer,,Junior,Logistics
R_007941,CV,1,Junior Accountant,,Junior,Healthcare
R_007942,CV,3,BI Analyst,,Senior,E-commerce
R_007943,CV,3,Data Analyst,,Mid,Retail
R_007944,CV,4,Sales Representative,,Mid,FinTech
R_007945,CV,4,Business Development Manager,,Junior,EdTech
R_007946,CV,4,Sales Representative,,Mid,SaaS
R_007947,CV,3,Business Analyst,,Mid,E-commerce
R_007948,CV,4,Business Development Manager,,Senior,FinTech
R_007949,CV,3,Business Analyst,,Senior,EdTech
R_007950,CV,6,Program Coordinator,,Mid,Healthcare
R_007951,CV,4,Sales Representative,,Junior,FinTech
R_007952,CV,1,FP&A Analyst,,Mid,Retail
R_007953,CV,3,Business Analyst,,Mid,SaaS
R_007954,CV,5,Performance Marketer,,Senior,Travel
R_007955,CV,2,Product Manager,,Senior,SaaS
R_007956,CV,4,Business Development Manager,,Mid,EdTech
R_007957,CV,7,Customer Success Associate,,Junior,Logistics
R_007958,CV,4,Sales Representative,,Junior,Logistics
R_007959,CV,6,Program Coordinator,,Senior,Healthcare
R_007960,CV,3,Data Analyst,,Mid,Logistics
R_007961,CV,7,Customer Support Specialist,,Mid,Logistics
R_007962,CV,7,Customer Success Associate,,Senior,Healthcare
R_007963,CV,1,FP&A Analyst,,Senior,SaaS
R_007964,CV,1,FP&A Analyst,,Senior,E-commerce
R_007965,CV,3,Business Analyst,,Senior,Healthcare
R_007966,CV,3,Data Analyst,,Mid,SaaS
R_007967,CV,0,Full Stack Engineer,,Junior,Retail
R_007968,CV,5,Marketing Manager,,Senior,FinTech
R_007969,CV,3,Business Analyst,,Mid,Cybersecurity
R_007970,CV,1,FP&A Analyst,,Junior,EdTech
R_007971,CV,7,Customer Success Associate,,Junior,Travel
R_007972,CV,6,Operations Manager,,Junior,Travel
R_007973,CV,1,Financial Analyst,,Junior,EdTech
R_007974,CV,2,Technical Product Manager,,Junior,SaaS
R_007975,CV,1,Financial Analyst,,Mid,Logistics
R_007976,CV,5,Marketing Manager,,Mid,Retail
R_007977,CV,3,Business Analyst,,Junior,Gaming
R_007978,CV,4,Account Executive,,Mid,SaaS
R_007979,CV,4,Business Development Manager,,Senior,FinTech
R_007980,CV,2,Product Manager,,Mid,E-commerce
R_007981,CV,6,Operations Manager,,Junior,E-commerce
R_007982,CV,0,Backend Engineer,,Mid,FinTech
R_007983,CV,2,Product Manager,,Mid,Gaming
R_007984,CV,3,Business Analyst,,Mid,SaaS
R_007985,CV,3,Business Analyst,,Senior,Gaming
R_007986,CV,1,Financial Analyst,,Junior,SaaS
R_007987,CV,3,BI Analyst,,Junior,SaaS
R_007988,CV,1,Junior Accountant,,Junior,Travel
R_007989,CV,6,Operations Manager,,Junior,Logistics
R_007990,CV,5,Performance Marketer,,Senior,Cybersecurity
R_007991,CV,5,Content Marketer,,Senior,E-commerce
R_007992,CV,2,Associate Product Manager,,Junior,EdTech
R_007993,CV,4,Sales Representative,,Junior,Healthcare
R_007994,CV,0,Full Stack Engineer,,Junior,Healthcare
R_007995,CV,30,Associate Product Manager,,Mid,Healthcare
R_007996,CV,4,Sales Representative,,Junior,Logistics
R_007997,CV,1,Junior Accountant,,Senior,Logistics
R_007998,CV,6,Operations Manager,,Senior,Travel
R_007999,CV,4,Account Executive,,Junior,SaaS
R_008000,CV,3,Business Analyst,,Senior,Logistics
R_008001,CV,4,Business Development Manager,,Senior,Cybersecurity
R_008002,CV,7,Technical Support Specialist,,Junior,Logistics
R_008003,CV,5,Marketing Manager,,Mid,Gaming
R_008004,CV,7,Technical Support Specialist,,Mid,EdTech
R_008005,CV,0,Full Stack Engineer,,Junior,EdTech
R_008006,CV,1,Junior Accountant,,Senior,Cybersecurity
R_008007,CV,3,Business Analyst,,Senior,E-commerce
R_008008,CV,4,Sales Representative,,Mid,Gaming
R_008009,CV,3,BI Analyst,,Mid,Retail
R_008010,CV,7,Technical Support Specialist,,Junior,E-commerce
R_008011,CV,0,Full Stack Engineer,,Mid,SaaS
R_008012,CV,4,Sales Representative,,Mid,Travel
R_008013,CV,6,Program Coordinator,,Senior,FinTech
R_008014,CV,5,Performance Marketer,,Mid,Cybersecurity
R_008015,CV,0,Software Engineer,,Mid,Travel
R_008016,CV,6,Program Coordinator,,Mid,E-commerce
R_008017,CV,4,Sales Representative,,Senior,SaaS
R_008018,CV,4,Business Development Manager,,Senior,Healthcare
R_008019,CV,0,Backend Engineer,,Mid,Retail
R_008020,CV,2,Technical Product Manager,,Senior,FinTech
R_008021,CV,4,Sales Representative,,Junior,Gaming
R_008022,CV,3,BI Analyst,,Mid,Travel
R_008023,CV,4,Business Development Manager,,Senior,FinTech
R_008024,CV,3,BI Analyst,,Mid,Cybersecurity
R_008025,CV,7,Customer Support Specialist,,Mid,Logistics
R_008026,CV,7,Customer Success Associate,,Mid,Retail
R_008027,CV,7,Customer Support Specialist,,Junior,Travel
R_008028,CV,6,Program Coordinator,,Junior,FinTech
R_008029,CV,2,Associate Product Manager,,Mid,SaaS
R_008030,CV,7,Customer Success Associate,,Senior,Retail
R_008031,CV,1,Junior Accountant,,Junior,Cybersecurity
R_008032,CV,0,Software Engineer,,Senior,Travel
R_008033,CV,4,Account Executive,,Junior,Cybersecurity
R_008034,CV,4,Business Development Manager,,Mid,Logistics
R_008035,CV,1,Financial Analyst,,Junior,Retail
R_008036,CV,7,Customer Support Specialist,,Junior,EdTech
R_008037,CV,3,BI Analyst,,Junior,FinTech
R_008038,CV,2,Product Manager,,Mid,Retail
R_008039,CV,6,Operations Manager,,Mid,FinTech
R_008040,CV,2,Product Manager,,Mid,Retail
R_008041,CV,0,Full Stack Engineer,,Junior,Logistics
R_008042,CV,1,Financial Analyst,,Mid,Logistics
R_008043,CV,3,Data Analyst,,Mid,Travel
R_008044,CV,4,Business Development Manager,,Junior,EdTech
R_008045,CV,1,Financial Analyst,,Junior,E-commerce
R_008046,CV,6,Operations Manager,,Mid,Logistics
R_008047,CV,0,Backend Engineer,,Senior,Retail
R_008048,CV,7,Customer Support Specialist,,Senior,EdTech
R_008049,CV,1,Financial Analyst,,Senior,SaaS
R_008050,CV,4,Sales Representative,,Junior,E-commerce
R_008051,CV,2,Product Manager,,Junior,Travel
R_008052,CV,1,Junior Accountant,,Senior,FinTech
R_008053,CV,4,Sales Representative,,Mid,Gaming
R_008054,CV,1,Financial Analyst,,Junior,Travel
R_008055,CV,7,Customer Success Associate,,Junior,Healthcare
R_008056,CV,7,Technical Support Specialist,,Senior,Travel
R_008057,CV,3,Business Analyst,,Junior,SaaS
R_008058,CV,4,Business Development Manager,,Junior,Healthcare
R_008059,CV,2,Technical Product Manager,,Senior,EdTech
R_008060,CV,2,Technical Product Manager,,Senior,Logistics
R_008061,CV,2,Associate Product Manager,,Mid,Cybersecurity
R_008062,CV,0,Full Stack Engineer,,Junior,EdTech
R_008063,CV,3,Data Analyst,,Junior,FinTech
R_008064,CV,2,Associate Product Manager,,Senior,Retail
R_008065,CV,1,FP&A Analyst,,Senior,EdTech
R_008066,CV,7,Customer Support Specialist,,Junior,Travel
R_008067,CV,6,Operations Manager,,Senior,Gaming
R_008068,CV,5,Marketing Manager,,Junior,Travel
R_008069,CV,4,Account Executive,,Senior,SaaS
R_008070,CV,5,Performance Marketer,,Junior,EdTech
R_008071,CV,3,Business Analyst,,Senior,E-commerce
R_008072,CV,1,Financial Analyst,,Junior,EdTech
R_008073,CV,2,Technical Product Manager,,Junior,Gaming
R_008074,CV,7,Customer Support Specialist,,Mid,Gaming
R_008075,CV,1,Financial Analyst,,Junior,SaaS
R_008076,CV,7,Customer Success Associate,,Mid,Logistics
R_008077,CV,0,Backend Engineer,,Senior,Cybersecurity
R_008078,CV,7,Customer Support Specialist,,Senior,EdTech
R_008079,CV,3,Data Analyst,,Junior,Travel
R_008080,CV,1,Junior Accountant,,Mid,EdTech
R_008081,CV,6,Program Coordinator,,Senior,FinTech
R_008082,CV,6,Program Coordinator,,Junior,Logistics
R_008083,CV,3,BI Analyst,,Mid,EdTech
R_008084,CV,5,Performance Marketer,,Senior,Logistics
R_008085,CV,7,Customer Success Associate,,Junior,FinTech
R_008086,CV,2,Technical Product Manager,,Senior,FinTech
R_008087,CV,1,FP&A Analyst,,Mid,Travel
R_008088,CV,4,Business Development Manager,,Mid,EdTech
R_008089,CV,2,Product Manager,,Junior,Gaming
R_008090,CV,0,Software Engineer,,Mid,FinTech
R_008091,CV,6,Operations Manager,,Junior,Travel
R_008092,CV,0,Full Stack Engineer,,Senior,Travel
R_008093,CV,6,Project Manager,,Mid,Gaming
R_008094,CV,5,Marketing Manager,,Mid,Logistics
R_008095,CV,3,Business Analyst,,Mid,Retail
R_008096,CV,6,Project Manager,,Junior,EdTech
R_008097,CV,1,FP&A Analyst,,Mid,Logistics
R_008098,CV,2,Product Manager,,Junior,FinTech
R_008099,CV,5,Marketing Manager,,Senior,Cybersecurity
R_008100,CV,7,Technical Support Specialist,,Mid,Retail
R_008101,CV,7,Customer Success Associate,,Senior,EdTech
R_008102,CV,1,Junior Accountant,,Senior,E-commerce
R_008103,CV,0,Backend Engineer,,Mid,EdTech
R_008104,CV,1,Financial Analyst,,Mid,Gaming
R_008105,CV,3,Business Analyst,,Junior,EdTech
R_008106,CV,7,Technical Support Specialist,,Senior,Cybersecurity
R_008107,CV,0,Backend Engineer,,Junior,Retail
R_008108,CV,4,Business Development Manager,,Mid,SaaS
R_008109,CV,6,Project Manager,,Junior,Retail
R_008110,CV,7,Technical Support Specialist,,Junior,SaaS
R_008111,CV,2,Technical Product Manager,,Senior,Retail
R_008112,CV,1,Junior Accountant,,Junior,E-commerce
R_008113,CV,5,Marketing Manager,,Senior,Gaming
R_008114,CV,5,Marketing Manager,,Mid,Cybersecurity
R_008115,CV,4,Sales Representative,,Mid,Gaming
R_008116,CV,5,Content Marketer,,Junior,Retail
R_008117,CV,4,Account Executive,,Junior,Logistics
R_008118,CV,1,FP&A Analyst,,Junior,EdTech
R_008119,CV,0,Full Stack Engineer,,Senior,FinTech
R_008120,CV,0,Software Engineer,,Mid,EdTech
R_008121,CV,2,Associate Product Manager,,Senior,Logistics
R_008122,CV,0,Software Engineer,,Mid,Logistics
R_008123,CV,0,Backend Engineer,,Senior,SaaS
R_008124,CV,2,Technical Product Manager,,Mid,Retail
R_008125,CV,3,BI Analyst,,Mid,Logistics
R_008126,CV,3,Business Analyst,,Senior,FinTech
R_008127,CV,5,Content Marketer,,Junior,EdTech
R_008128,CV,5,Content Marketer,,Junior,Retail
R_008129,CV,3,Data Analyst,,Mid,Cybersecurity
R_008130,CV,1,FP&A Analyst,,Senior,E-commerce
R_008131,CV,1,FP&A Analyst,,Junior,FinTech
R_008132,CV,3,Business Analyst,,Senior,E-commerce
R_008133,CV,2,Product Manager,,Junior,Gaming
R_008134,CV,3,Data Analyst,,Senior,SaaS
R_008135,CV,1,Financial Analyst,,Junior,FinTech
R_008136,CV,5,Performance Marketer,,Mid,Healthcare
R_008137,CV,5,Content Marketer,,Senior,Gaming
R_008138,CV,6,Operations Manager,,Mid,FinTech
R_008139,CV,1,Financial Analyst,,Senior,Gaming
R_008140,CV,4,Sales Representative,,Senior,SaaS
R_008141,CV,2,Product Manager,,Junior,SaaS
R_008142,CV,7,Technical Support Specialist,,Mid,FinTech
R_008143,CV,0,Software Engineer,,Mid,SaaS
R_008144,CV,6,Program Coordinator,,Mid,Retail
R_008145,CV,5,Marketing Manager,,Junior,Cybersecurity
R_008146,CV,0,Software Engineer,,Mid,Retail
R_008147,CV,7,Customer Support Specialist,,Senior,Healthcare
R_008148,CV,4,Sales Representative,,Senior,Retail
R_008149,CV,0,Backend Engineer,,Junior,Cybersecurity
R_008150,CV,0,Software Engineer,,Junior,EdTech
R_008151,CV,1,FP&A Analyst,,Mid,EdTech
R_008152,CV,1,Financial Analyst,,Mid,EdTech
R_008153,CV,0,Software Engineer,,Senior,Travel
R_008154,CV,6,Project Manager,,Mid,Retail
R_008155,CV,5,Performance Marketer,,Senior,Retail
R_008156,CV,4,Business Development Manager,,Junior,Cybersecurity
R_008157,CV,6,Project Manager,,Junior,FinTech
R_008158,CV,6,Operations Manager,,Mid,Gaming
R_008159,CV,1,Financial Analyst,,Junior,E-commerce
R_008160,CV,5,Marketing Manager,,Mid,Gaming
R_008161,CV,2,Technical Product Manager,,Mid,Gaming
R_008162,CV,2,Associate Product Manager,,Junior,Gaming
R_008163,CV,1,Junior Accountant,,Senior,Cybersecurity
R_008164,CV,3,BI Analyst,,Junior,E-commerce
R_008165,CV,5,Performance Marketer,,Junior,Gaming
R_008166,CV,3,Business Analyst,,Junior,Gaming
R_008167,CV,5,Content Marketer,,Junior,Logistics
R_008168,CV,4,Business Development Manager,,Senior,SaaS
R_008169,CV,6,Project Manager,,Mid,Gaming
R_008170,CV,0,Backend Engineer,,Senior,Gaming
R_008171,CV,5,Content Marketer,,Mid,Gaming
R_008172,CV,2,Product Manager,,Senior,Cybersecurity
R_008173,CV,7,Technical Support Specialist,,Junior,Travel
R_008174,CV,1,FP&A Analyst,,Mid,Logistics
R_008175,CV,6,Project Manager,,Junior,Retail
R_008176,CV,4,Business Development Manager,,Senior,FinTech
R_008177,CV,4,Sales Representative,,Senior,E-commerce
R_008178,CV,3,Data Analyst,,Senior,FinTech
R_008179,CV,1,Financial Analyst,,Junior,Gaming
R_008180,CV,2,Product Manager,,Mid,Gaming
R_008181,CV,1,Financial Analyst,,Mid,Healthcare
R_008182,CV,6,Program Coordinator,,Senior,Healthcare
R_008183,CV,0,Full Stack Engineer,,Mid,Gaming
R_008184,CV,1,FP&A Analyst,,Junior,Retail
R_008185,CV,7,Customer Support Specialist,,Mid,Healthcare
R_008186,CV,5,Marketing Manager,,Senior,EdTech
R_008187,CV,3,Business Analyst,,Mid,Travel
R_008188,CV,3,Data Analyst,,Mid,Gaming
R_008189,CV,5,Content Marketer,,Junior,Retail
R_008190,CV,2,Product Manager,,Junior,E-commerce
R_008191,CV,2,Product Manager,,Junior,Travel
R_008192,CV,3,BI Analyst,,Mid,E-commerce
R_008193,CV,2,Product Manager,,Senior,Gaming
R_008194,CV,7,Customer Success Associate,,Junior,FinTech
R_008195,CV,1,FP&A Analyst,,Mid,Healthcare
R_008196,CV,4,Sales Representative,,Senior,FinTech
R_008197,CV,3,Data Analyst,,Mid,E-commerce
R_008198,CV,2,Associate Product Manager,,Senior,FinTech
R_008199,CV,5,Performance Marketer,,Mid,SaaS
R_008200,CV,7,Customer Success Associate,,Senior,Gaming
R_008201,CV,7,Customer Success Associate,,Senior,Cybersecurity
R_008202,CV,3,Data Analyst,,Junior,SaaS
R_008203,CV,1,FP&A Analyst,,Mid,Logistics
R_008204,CV,5,Content Marketer,,Senior,EdTech
R_008205,CV,6,Operations Manager,,Senior,Logistics
R_008206,CV,4,Business Development Manager,,Senior,Retail
R_008207,CV,7,Customer Support Specialist,,Junior,SaaS
R_008208,CV,0,Backend Engineer,,Junior,FinTech
R_008209,CV,4,Business Development Manager,,Senior,Retail
R_008210,CV,1,FP&A Analyst,,Mid,E-commerce
R_008211,CV,4,Account Executive,,Senior,EdTech
R_008212,CV,6,Operations Manager,,Senior,Travel
R_008213,CV,1,Financial Analyst,,Junior,Gaming
R_008214,CV,0,Software Engineer,,Senior,E-commerce
R_008215,CV,1,FP&A Analyst,,Senior,Healthcare
R_008216,CV,6,Operations Manager,,Junior,Retail
R_008217,CV,5,Performance Marketer,,Senior,Logistics
R_008218,CV,2,Associate Product Manager,,Junior,FinTech
R_008219,CV,0,Backend Engineer,,Junior,Gaming
R_008220,CV,0,Software Engineer,,Senior,Travel
R_008221,CV,3,Business Analyst,,Junior,Retail
R_008222,CV,2,Associate Product Manager,,Junior,Logistics
R_008223,CV,6,Operations Manager,,Senior,Healthcare
R_008224,CV,7,Customer Support Specialist,,Senior,Travel
R_008225,CV,3,BI Analyst,,Mid,Travel
R_008226,CV,7,Customer Success Associate,,Mid,Retail
R_008227,CV,1,Financial Analyst,,Senior,SaaS
R_008228,CV,4,Sales Representative,,Mid,Gaming
R_008229,CV,3,BI Analyst,,Mid,Healthcare
R_008230,CV,1,FP&A Analyst,,Mid,E-commerce
R_008231,CV,0,Full Stack Engineer,,Senior,Logistics
R_008232,CV,3,BI Analyst,,Mid,E-commerce
R_008233,CV,3,Business Analyst,,Junior,E-commerce
R_008234,CV,5,Marketing Manager,,Senior,EdTech
R_008235,CV,7,Customer Support Specialist,,Mid,E-commerce
R_008236,CV,0,Full Stack Engineer,,Mid,Gaming
R_008237,CV,2,Product Manager,,Senior,SaaS
R_008238,CV,7,Customer Success Associate,,Mid,Logistics
R_008239,CV,6,Operations Manager,,Junior,Travel
R_008240,CV,3,Business Analyst,,Senior,E-commerce
R_008241,CV,7,Technical Support Specialist,,Junior,Cybersecurity
R_008242,CV,2,Technical Product Manager,,Mid,Retail
R_008243,CV,2,Associate Product Manager,,Mid,Gaming
R_008244,CV,3,Business Analyst,,Mid,Logistics
R_008245,CV,2,Technical Product Manager,,Junior,Travel
R_008246,CV,7,Customer Success Associate,,Mid,Retail
R_008247,CV,3,BI Analyst,,Junior,SaaS
R_008248,CV,0,Software Engineer,,Senior,Healthcare
R_008249,CV,3,BI Analyst,,Mid,Logistics
R_008250,CV,0,Backend Engineer,,Junior,Travel
R_008251,CV,7,Customer Success Associate,,Junior,Healthcare
R_008252,CV,6,Operations Manager,,Mid,E-commerce
R_008253,CV,5,Marketing Manager,,Senior,Retail
R_008254,CV,5,Content Marketer,,Senior,Logistics
R_008255,CV,7,Technical Support Specialist,,Mid,Gaming
R_008256,CV,1,Junior Accountant,,Junior,SaaS
R_008257,CV,2,Associate Product Manager,,Junior,Retail
R_008258,CV,0,Backend Engineer,,Senior,SaaS
R_008259,CV,4,Account Executive,,Senior,Retail
R_008260,CV,4,Sales Representative,,Mid,Cybersecurity
R_008261,CV,2,Product Manager,,Junior,Healthcare
R_008262,CV,4,Sales Representative,,Senior,Logistics
R_008263,CV,5,Marketing Manager,,Junior,FinTech
R_008264,CV,6,Project Manager,,Junior,Logistics
R_008265,CV,7,Customer Support Specialist,,Mid,Logistics
R_008266,CV,4,Account Executive,,Mid,Retail
R_008267,CV,4,Sales Representative,,Junior,Healthcare
R_008268,CV,5,Content Marketer,,Senior,Travel
R_008269,CV,1,Junior Accountant,,Mid,E-commerce
R_008270,CV,0,Backend Engineer,,Mid,EdTech
R_008271,CV,4,Business Development Manager,,Mid,FinTech
R_008272,CV,0,Software Engineer,,Mid,E-commerce
R_008273,CV,1,Financial Analyst,,Mid,Cybersecurity
R_008274,CV,0,Software Engineer,,Junior,FinTech
R_008275,CV,3,Data Analyst,,Junior,Gaming
R_008276,CV,5,Content Marketer,,Mid,FinTech
R_008277,CV,2,Associate Product Manager,,Senior,Retail
R_008278,CV,2,Product Manager,,Junior,Gaming
R_008279,CV,5,Performance Marketer,,Mid,SaaS
R_008280,CV,5,Performance Marketer,,Junior,SaaS
R_008281,CV,7,Customer Success Associate,,Mid,SaaS
R_008282,CV,1,Financial Analyst,,Senior,FinTech
R_008283,CV,1,Junior Accountant,,Junior,Logistics
R_008284,CV,5,Marketing Manager,,Junior,FinTech
R_008285,CV,6,Operations Manager,,Mid,Logistics
R_008286,CV,4,Sales Representative,,Senior,EdTech
R_008287,CV,4,Sales Representative,,Mid,Retail
R_008288,CV,4,Business Development Manager,,Junior,Logistics
R_008289,CV,4,Sales Representative,,Mid,SaaS
R_008290,CV,6,Program Coordinator,,Junior,FinTech
R_008291,CV,7,Technical Support Specialist,,Senior,Retail
R_008292,CV,0,Software Engineer,,Junior,Logistics
R_008293,CV,3,BI Analyst,,Mid,Gaming
R_008294,CV,2,Product Manager,,Junior,Gaming
R_008295,CV,7,Technical Support Specialist,,Mid,Logistics
R_008296,CV,1,Junior Accountant,,Senior,EdTech
R_008297,CV,6,Project Manager,,Mid,Cybersecurity
R_008298,CV,3,BI Analyst,,Senior,Retail
R_008299,CV,5,Performance Marketer,,Mid,Logistics
R_008300,CV,3,BI Analyst,,Mid,EdTech
R_008301,CV,4,Sales Representative,,Mid,EdTech
R_008302,CV,3,Business Analyst,,Mid,Retail
R_008303,CV,4,Account Executive,,Mid,E-commerce
R_008304,CV,4,Account Executive,,Senior,E-commerce
R_008305,CV,7,Customer Success Associate,,Junior,Gaming
R_008306,CV,7,Customer Support Specialist,,Senior,Gaming
R_008307,CV,0,Full Stack Engineer,,Junior,EdTech
R_008308,CV,1,Junior Accountant,,Senior,Retail
R_008309,CV,4,Business Development Manager,,Mid,Healthcare
R_008310,CV,5,Content Marketer,,Mid,E-commerce
R_008311,CV,7,Customer Success Associate,,Mid,EdTech
R_008312,CV,5,Marketing Manager,,Junior,EdTech
R_008313,CV,5,Performance Marketer,,Junior,E-commerce
R_008314,CV,2,Technical Product Manager,,Senior,Cybersecurity
R_008315,CV,0,Backend Engineer,,Senior,Retail
R_008316,CV,6,Program Coordinator,,Mid,Gaming
R_008317,CV,1,Junior Accountant,,Junior,SaaS
R_008318,CV,1,Financial Analyst,,Junior,Healthcare
R_008319,CV,4,Sales Representative,,Senior,SaaS
R_008320,CV,2,Associate Product Manager,,Mid,SaaS
R_008321,CV,4,Account Executive,,Senior,Logistics
R_008322,CV,6,Project Manager,,Junior,Retail
R_008323,CV,1,Junior Accountant,,Mid,Healthcare
R_008324,CV,3,Data Analyst,,Junior,Logistics
R_008325,CV,2,Product Manager,,Junior,Retail
R_008326,CV,2,Technical Product Manager,,Mid,EdTech
R_008327,CV,2,Product Manager,,Mid,Travel
R_008328,CV,0,Software Engineer,,Mid,Logistics
R_008329,CV,1,Financial Analyst,,Mid,EdTech
R_008330,CV,3,Data Analyst,,Junior,SaaS
R_008331,CV,3,Data Analyst,,Mid,Healthcare
R_008332,CV,4,Sales Representative,,Senior,SaaS
R_008333,CV,4,Account Executive,,Junior,Gaming
R_008334,CV,3,Business Analyst,,Mid,Logistics
R_008335,CV,2,Product Manager,,Mid,Healthcare
R_008336,CV,5,Content Marketer,,Junior,Retail
R_008337,CV,7,Customer Success Associate,,Mid,SaaS
R_008338,CV,2,Product Manager,,Junior,FinTech
R_008339,CV,0,Software Engineer,,Senior,Cybersecurity
R_008340,CV,0,Software Engineer,,Mid,Healthcare
R_008341,CV,6,Program Coordinator,,Mid,EdTech
R_008342,CV,7,Customer Support Specialist,,Mid,Logistics
R_008343,CV,7,Customer Success Associate,,Junior,Cybersecurity
R_008344,CV,0,Full Stack Engineer,,Junior,Travel
R_008345,CV,6,Operations Manager,,Junior,Healthcare
R_008346,CV,0,Backend Engineer,,Junior,Gaming
R_008347,CV,3,Business Analyst,,Junior,Logistics
R_008348,CV,2,Technical Product Manager,,Mid,EdTech
R_008349,CV,0,Software Engineer,,Mid,Gaming
R_008350,CV,2,Product Manager,,Junior,Healthcare
R_008351,CV,4,Sales Representative,,Junior,SaaS
R_008352,CV,6,Operations Manager,,Junior,Healthcare
R_008353,CV,1,Financial Analyst,,Mid,Healthcare
R_008354,CV,3,Data Analyst,,Mid,Retail
R_008355,CV,7,Customer Success Associate,,Junior,SaaS
R_008356,CV,6,Program Coordinator,,Junior,Gaming
R_008357,CV,3,Business Analyst,,Mid,Healthcare
R_008358,CV,7,Customer Success Associate,,Senior,EdTech
R_008359,CV,2,Associate Product Manager,,Junior,Retail
R_008360,CV,2,Product Manager,,Junior,Healthcare
R_008361,CV,7,Customer Support Specialist,,Mid,Retail
R_008362,CV,5,Marketing Manager,,Senior,EdTech
R_008363,CV,5,Performance Marketer,,Junior,Healthcare
R_008364,CV,0,Full Stack Engineer,,Senior,Logistics
R_008365,CV,0,Backend Engineer,,Mid,SaaS
R_008366,CV,6,Operations Manager,,Junior,Travel
R_008367,CV,5,Content Marketer,,Mid,EdTech
R_008368,CV,5,Performance Marketer,,Junior,Healthcare
R_008369,CV,1,Financial Analyst,,Junior,Travel
R_008370,CV,1,FP&A Analyst,,Mid,Cybersecurity
R_008371,CV,3,Business Analyst,,Junior,Logistics
R_008372,CV,5,Marketing Manager,,Senior,Cybersecurity
R_008373,CV,7,Technical Support Specialist,,Senior,FinTech
R_008374,CV,4,Sales Representative,,Senior,Gaming
R_008375,CV,4,Account Executive,,Senior,Retail
R_008376,CV,5,Content Marketer,,Junior,EdTech
R_008377,CV,0,Backend Engineer,,Senior,Travel
R_008378,CV,5,Performance Marketer,,Mid,Travel
R_008379,CV,6,Operations Manager,,Senior,Retail
R_008380,CV,5,Marketing Manager,,Senior,Cybersecurity
R_008381,CV,1,Junior Accountant,,Mid,Cybersecurity
R_008382,CV,4,Business Development Manager,,Junior,E-commerce
R_008383,CV,6,Program Coordinator,,Mid,Healthcare
R_008384,CV,1,Financial Analyst,,Mid,E-commerce
R_008385,CV,4,Sales Representative,,Senior,Logistics
R_008386,CV,2,Product Manager,,Junior,Gaming
R_008387,CV,5,Marketing Manager,,Mid,Gaming
R_008388,CV,5,Marketing Manager,,Mid,Cybersecurity
R_008389,CV,3,BI Analyst,,Mid,Travel
R_008390,CV,1,Financial Analyst,,Junior,Travel
R_008391,CV,7,Customer Success Associate,,Mid,Logistics
R_008392,CV,7,Technical Support Specialist,,Junior,Healthcare
R_008393,CV,6,Project Manager,,Senior,EdTech
R_008394,CV,6,Program Coordinator,,Senior,E-commerce
R_008395,CV,5,Marketing Manager,,Senior,FinTech
R_008396,CV,3,Business Analyst,,Mid,Retail
R_008397,CV,2,Technical Product Manager,,Mid,Travel
R_008398,CV,0,Software Engineer,,Junior,Cybersecurity
R_008399,CV,3,Business Analyst,,Senior,Gaming
R_008400,CV,4,Sales Representative,,Senior,Logistics
R_008401,CV,2,Technical Product Manager,,Senior,Cybersecurity
R_008402,CV,4,Sales Representative,,Senior,SaaS
R_008403,CV,7,Customer Success Associate,,Junior,E-commerce
R_008404,CV,0,Full Stack Engineer,,Junior,Retail
R_008405,CV,6,Program Coordinator,,Junior,Retail
R_008406,CV,1,FP&A Analyst,,Mid,FinTech
R_008407,CV,3,Data Analyst,,Mid,Healthcare
R_008408,CV,1,FP&A Analyst,,Junior,Retail
R_008409,CV,4,Sales Representative,,Senior,Retail
R_008410,CV,3,Business Analyst,,Junior,Travel
R_008411,CV,3,Data Analyst,,Senior,FinTech
R_008412,CV,1,Financial Analyst,,Mid,Retail
R_008413,CV,0,Full Stack Engineer,,Senior,FinTech
R_008414,CV,1,Financial Analyst,,Senior,Gaming
R_008415,CV,5,Performance Marketer,,Junior,FinTech
R_008416,CV,1,FP&A Analyst,,Junior,E-commerce
R_008417,CV,1,Junior Accountant,,Junior,Healthcare
R_008418,CV,0,Backend Engineer,,Junior,Healthcare
R_008419,CV,6,Project Manager,,Senior,Travel
R_008420,CV,2,Associate Product Manager,,Junior,SaaS
R_008421,CV,1,FP&A Analyst,,Junior,EdTech
R_008422,CV,3,Business Analyst,,Senior,Gaming
R_008423,CV,2,Technical Product Manager,,Junior,Retail
R_008424,CV,1,Junior Accountant,,Senior,E-commerce
R_008425,CV,4,Business Development Manager,,Senior,Logistics
R_008426,CV,0,Software Engineer,,Mid,Travel
R_008427,CV,7,Customer Success Associate,,Mid,SaaS
R_008428,CV,7,Customer Support Specialist,,Mid,Retail
R_008429,CV,7,Customer Success Associate,,Senior,SaaS
R_008430,CV,1,Junior Accountant,,Mid,Healthcare
R_008431,CV,0,Backend Engineer,,Mid,Logistics
R_008432,CV,0,Full Stack Engineer,,Junior,Healthcare
R_008433,CV,3,BI Analyst,,Mid,E-commerce
R_008434,CV,2,Product Manager,,Junior,Retail
R_008435,CV,5,Performance Marketer,,Junior,Healthcare
R_008436,CV,0,Backend Engineer,,Senior,Logistics
R_008437,CV,7,Customer Support Specialist,,Mid,FinTech
R_008438,CV,4,Account Executive,,Mid,Cybersecurity
R_008439,CV,5,Performance Marketer,,Mid,FinTech
R_008440,CV,3,Business Analyst,,Mid,Logistics
R_008441,CV,5,Marketing Manager,,Junior,Retail
R_008442,CV,1,FP&A Analyst,,Mid,Retail
R_008443,CV,2,Product Manager,,Junior,Retail
R_008444,CV,0,Software Engineer,,Mid,E-commerce
R_008445,CV,1,FP&A Analyst,,Junior,Healthcare
R_008446,CV,2,Associate Product Manager,,Senior,Logistics
R_008447,CV,5,Performance Marketer,,Mid,FinTech
R_008448,CV,0,Software Engineer,,Senior,Travel
R_008449,CV,3,Data Analyst,,Senior,Logistics
R_008450,CV,7,Technical Support Specialist,,Mid,Retail
R_008451,CV,7,Technical Support Specialist,,Junior,FinTech
R_008452,CV,3,Business Analyst,,Senior,E-commerce
R_008453,CV,2,Product Manager,,Senior,E-commerce
R_008454,CV,5,Marketing Manager,,Senior,SaaS
R_008455,CV,4,Sales Representative,,Junior,Cybersecurity
R_008456,CV,4,Business Development Manager,,Mid,FinTech
R_008457,CV,0,Full Stack Engineer,,Junior,Healthcare
R_008458,CV,4,Business Development Manager,,Mid,Healthcare
R_008459,CV,1,Junior Accountant,,Junior,Travel
R_008460,CV,7,Customer Support Specialist,,Mid,Retail
R_008461,CV,3,Business Analyst,,Senior,Logistics
R_008462,CV,2,Product Manager,,Mid,EdTech
R_008463,CV,6,Project Manager,,Senior,Healthcare
R_008464,CV,3,BI Analyst,,Junior,Travel
R_008465,CV,3,Business Analyst,,Mid,Logistics
R_008466,CV,0,Full Stack Engineer,,Mid,Retail
R_008467,CV,2,Product Manager,,Mid,E-commerce
R_008468,CV,0,Full Stack Engineer,,Senior,Gaming
R_008469,CV,2,Technical Product Manager,,Senior,SaaS
R_008470,CV,2,Associate Product Manager,,Senior,Gaming
R_008471,CV,4,Account Executive,,Senior,E-commerce
R_008472,CV,2,Product Manager,,Junior,Retail
R_008473,CV,5,Marketing Manager,,Mid,FinTech
R_008474,CV,1,FP&A Analyst,,Junior,SaaS
R_008475,CV,6,Project Manager,,Senior,EdTech
R_008476,CV,7,Technical Support Specialist,,Junior,Cybersecurity
R_008477,CV,5,Content Marketer,,Junior,Logistics
R_008478,CV,3,Business Analyst,,Junior,FinTech
R_008479,CV,0,Backend Engineer,,Senior,Cybersecurity
R_008480,CV,6,Program Coordinator,,Senior,Logistics
R_008481,CV,2,Product Manager,,Junior,Logistics
R_008482,CV,4,Account Executive,,Mid,Travel
R_008483,CV,5,Marketing Manager,,Senior,Cybersecurity
R_008484,CV,7,Customer Success Associate,,Junior,Logistics
R_008485,CV,1,Junior Accountant,,Mid,Travel
R_008486,CV,7,Customer Support Specialist,,Senior,EdTech
R_008487,CV,0,Software Engineer,,Mid,EdTech
R_008488,CV,4,Sales Representative,,Junior,Healthcare
R_008489,CV,2,Product Manager,,Senior,E-commerce
R_008490,CV,4,Sales Representative,,Junior,Gaming
R_008491,CV,4,Sales Representative,,Senior,Retail
R_008492,CV,4,Sales Representative,,Junior,Healthcare
R_008493,CV,7,Customer Success Associate,,Mid,FinTech
R_008494,CV,7,Customer Support Specialist,,Senior,Travel
R_008495,CV,1,Junior Accountant,,Junior,EdTech
R_008496,CV,0,Full Stack Engineer,,Mid,Travel
R_008497,CV,4,Sales Representative,,Mid,Cybersecurity
R_008498,CV,7,Customer Support Specialist,,Junior,Healthcare
R_008499,CV,2,Associate Product Manager,,Junior,Healthcare
R_008500,CV,6,Program Coordinator,,Junior,Gaming
R_008501,CV,3,Data Analyst,,Mid,FinTech
R_008502,CV,2,Technical Product Manager,,Senior,SaaS
R_008503,CV,1,FP&A Analyst,,Mid,SaaS
R_008504,CV,2,Associate Product Manager,,Mid,Gaming
R_008505,CV,0,Software Engineer,,Senior,E-commerce
R_008506,CV,2,Product Manager,,Mid,Healthcare
R_008507,CV,3,BI Analyst,,Mid,Travel
R_008508,CV,0,Software Engineer,,Junior,SaaS
R_008509,CV,7,Customer Support Specialist,,Mid,EdTech
R_008510,CV,1,FP&A Analyst,,Senior,EdTech
R_008511,CV,0,Software Engineer,,Senior,SaaS
R_008512,CV,1,Junior Accountant,,Mid,E-commerce
R_008513,CV,6,Program Coordinator,,Senior,Travel
R_008514,CV,5,Marketing Manager,,Senior,Cybersecurity
R_008515,CV,1,FP&A Analyst,,Junior,Logistics
R_008516,CV,0,Full Stack Engineer,,Mid,Logistics
R_008517,CV,3,Data Analyst,,Mid,Healthcare
R_008518,CV,4,Sales Representative,,Mid,Retail
R_008519,CV,7,Customer Support Specialist,,Junior,SaaS
R_008520,CV,2,Product Manager,,Senior,Logistics
R_008521,CV,0,Backend Engineer,,Junior,Healthcare
R_008522,CV,7,Technical Support Specialist,,Senior,FinTech
R_008523,CV,6,Operations Manager,,Senior,Travel
R_008524,CV,5,Marketing Manager,,Senior,Retail
R_008525,CV,4,Sales Representative,,Mid,Retail
R_008526,CV,3,Data Analyst,,Mid,FinTech
R_008527,CV,3,Business Analyst,,Senior,Healthcare
R_008528,CV,7,Customer Success Associate,,Junior,Gaming
R_008529,CV,1,Junior Accountant,,Junior,EdTech
R_008530,CV,0,Software Engineer,,Junior,Logistics
R_008531,CV,3,Business Analyst,,Junior,Travel
R_008532,CV,3,Business Analyst,,Senior,Gaming
R_008533,CV,2,Technical Product Manager,,Mid,FinTech
R_008534,CV,3,BI Analyst,,Mid,Retail
R_008535,CV,2,Associate Product Manager,,Senior,Travel
R_008536,CV,1,Financial Analyst,,Junior,EdTech
R_008537,CV,2,Associate Product Manager,,Junior,EdTech
R_008538,CV,2,Associate Product Manager,,Junior,Travel
R_008539,CV,4,Business Development Manager,,Senior,Retail
R_008540,CV,6,Project Manager,,Mid,Gaming
R_008541,CV,5,Performance Marketer,,Junior,Healthcare
R_008542,CV,5,Marketing Manager,,Senior,Healthcare
R_008543,CV,5,Marketing Manager,,Senior,SaaS
R_008544,CV,7,Customer Support Specialist,,Senior,Gaming
R_008545,CV,7,Technical Support Specialist,,Senior,Travel
R_008546,CV,0,Backend Engineer,,Mid,Travel
R_008547,CV,7,Technical Support Specialist,,Junior,Travel
R_008548,CV,7,Technical Support Specialist,,Junior,E-commerce
R_008549,CV,6,Program Coordinator,,Senior,EdTech
R_008550,CV,3,Data Analyst,,Senior,Retail
R_008551,CV,1,Junior Accountant,,Mid,Retail
R_008552,CV,7,Technical Support Specialist,,Junior,Gaming
R_008553,CV,7,Customer Support Specialist,,Senior,FinTech
R_008554,CV,7,Customer Support Specialist,,Junior,EdTech
R_008555,CV,5,Marketing Manager,,Mid,Cybersecurity
R_008556,CV,6,Operations Manager,,Junior,SaaS
R_008557,CV,5,Performance Marketer,,Junior,Travel
R_008558,CV,2,Product Manager,,Junior,Healthcare
R_008559,CV,3,Business Analyst,,Mid,FinTech
R_008560,CV,7,Customer Success Associate,,Mid,FinTech
R_008561,CV,2,Associate Product Manager,,Mid,FinTech
R_008562,CV,6,Program Coordinator,,Junior,SaaS
R_008563,CV,3,Business Analyst,,Senior,E-commerce
R_008564,CV,2,Technical Product Manager,,Senior,E-commerce
R_008565,CV,1,Financial Analyst,,Mid,Travel
R_008566,CV,3,Data Analyst,,Senior,Travel
R_008567,CV,2,Associate Product Manager,,Mid,FinTech
R_008568,CV,3,Business Analyst,,Mid,Retail
R_008569,CV,5,Performance Marketer,,Senior,EdTech
R_008570,CV,0,Backend Engineer,,Junior,FinTech
R_008571,CV,7,Customer Support Specialist,,Senior,Gaming
R_008572,CV,1,Financial Analyst,,Mid,Logistics
R_008573,CV,2,Associate Product Manager,,Junior,Travel
R_008574,CV,2,Technical Product Manager,,Senior,E-commerce
R_008575,CV,4,Account Executive,,Senior,Retail
R_008576,CV,7,Customer Support Specialist,,Junior,Retail
R_008577,CV,6,Operations Manager,,Senior,FinTech
R_008578,CV,1,Junior Accountant,,Senior,EdTech
R_008579,CV,5,Content Marketer,,Senior,Healthcare
R_008580,CV,31,Product Manager,,Junior,Logistics
R_008581,CV,3,Data Analyst,,Senior,SaaS
R_008582,CV,1,Financial Analyst,,Mid,Retail
R_008583,CV,7,Customer Support Specialist,,Mid,Healthcare
R_008584,CV,2,Technical Product Manager,,Mid,FinTech
R_008585,CV,1,Junior Accountant,,Mid,Retail
R_008586,CV,3,Data Analyst,,Junior,Cybersecurity
R_008587,CV,7,Customer Support Specialist,,Mid,Retail
R_008588,CV,3,Business Analyst,,Junior,Gaming
R_008589,CV,1,FP&A Analyst,,Senior,Healthcare
R_008590,CV,3,BI Analyst,,Senior,Healthcare
R_008591,CV,1,FP&A Analyst,,Senior,EdTech
R_008592,CV,2,Associate Product Manager,,Mid,EdTech
R_008593,CV,2,Associate Product Manager,,Senior,Cybersecurity
R_008594,CV,7,Customer Success Associate,,Senior,Travel
R_008595,CV,2,Technical Product Manager,,Senior,Cybersecurity
R_008596,CV,5,Marketing Manager,,Senior,Gaming
R_008597,CV,6,Project Manager,,Mid,Logistics
R_008598,CV,7,Customer Success Associate,,Junior,EdTech
R_008599,CV,3,BI Analyst,,Junior,EdTech
R_008600,CV,0,Backend Engineer,,Senior,Cybersecurity
R_008601,CV,5,Content Marketer,,Junior,Retail
R_008602,CV,1,Financial Analyst,,Mid,Cybersecurity
R_008603,CV,5,Performance Marketer,,Senior,Gaming
R_008604,CV,6,Project Manager,,Senior,EdTech
R_008605,CV,4,Business Development Manager,,Junior,FinTech
R_008606,CV,3,Business Analyst,,Senior,FinTech
R_008607,CV,5,Marketing Manager,,Senior,SaaS
R_008608,CV,1,Junior Accountant,,Senior,Travel
R_008609,CV,5,Marketing Manager,,Senior,EdTech
R_008610,CV,7,Technical Support Specialist,,Senior,Retail
R_008611,CV,2,Associate Product Manager,,Junior,Gaming
R_008612,CV,2,Technical Product Manager,,Mid,E-commerce
R_008613,CV,1,FP&A Analyst,,Senior,Retail
R_008614,CV,7,Customer Support Specialist,,Senior,FinTech
R_008615,CV,0,Full Stack Engineer,,Junior,Gaming
R_008616,CV,5,Performance Marketer,,Mid,E-commerce
R_008617,CV,3,BI Analyst,,Junior,SaaS
R_008618,CV,1,FP&A Analyst,,Senior,Gaming
R_008619,CV,6,Program Coordinator,,Mid,Retail
R_008620,CV,0,Software Engineer,,Junior,FinTech
R_008621,CV,0,Backend Engineer,,Mid,EdTech
R_008622,CV,4,Sales Representative,,Junior,EdTech
R_008623,CV,1,Junior Accountant,,Senior,FinTech
R_008624,CV,1,Financial Analyst,,Mid,Retail
R_008625,CV,1,Financial Analyst,,Senior,EdTech
R_008626,CV,4,Business Development Manager,,Senior,Travel
R_008627,CV,3,Business Analyst,,Mid,Travel
R_008628,CV,7,Technical Support Specialist,,Junior,EdTech
R_008629,CV,7,Technical Support Specialist,,Mid,Retail
R_008630,CV,5,Performance Marketer,,Senior,SaaS
R_008631,CV,2,Associate Product Manager,,Mid,Gaming
R_008632,CV,5,Performance Marketer,,Senior,EdTech
R_008633,CV,5,Marketing Manager,,Junior,Healthcare
R_008634,CV,1,Financial Analyst,,Mid,Gaming
R_008635,CV,3,Data Analyst,,Junior,E-commerce
R_008636,CV,3,BI Analyst,,Junior,Gaming
R_008637,CV,6,Program Coordinator,,Mid,E-commerce
R_008638,CV,4,Account Executive,,Junior,Healthcare
R_008639,CV,2,Technical Product Manager,,Junior,FinTech
R_008640,CV,3,BI Analyst,,Senior,Cybersecurity
R_008641,CV,2,Associate Product Manager,,Senior,EdTech
R_008642,CV,1,Financial Analyst,,Junior,Gaming
R_008643,CV,1,FP&A Analyst,,Mid,Travel
R_008644,CV,1,Financial Analyst,,Mid,Healthcare
R_008645,CV,4,Sales Representative,,Junior,EdTech
R_008646,CV,2,Associate Product Manager,,Mid,EdTech
R_008647,CV,7,Customer Success Associate,,Mid,SaaS
R_008648,CV,2,Product Manager,,Mid,Logistics
R_008649,CV,2,Product Manager,,Senior,Healthcare
R_008650,CV,4,Sales Representative,,Junior,Gaming
R_008651,CV,6,Program Coordinator,,Senior,Cybersecurity
R_008652,CV,6,Operations Manager,,Junior,Gaming
R_008653,CV,3,Business Analyst,,Senior,Travel
R_008654,CV,4,Business Development Manager,,Junior,Cybersecurity
R_008655,CV,7,Customer Support Specialist,,Senior,E-commerce
R_008656,CV,3,Business Analyst,,Mid,Retail
R_008657,CV,0,Software Engineer,,Senior,E-commerce
R_008658,CV,1,FP&A Analyst,,Junior,Healthcare
R_008659,CV,2,Technical Product Manager,,Junior,Travel
R_008660,CV,1,Financial Analyst,,Senior,Cybersecurity
R_008661,CV,6,Program Coordinator,,Junior,E-commerce
R_008662,CV,2,Technical Product Manager,,Mid,Travel
R_008663,CV,0,Backend Engineer,,Junior,Healthcare
R_008664,CV,4,Account Executive,,Junior,EdTech
R_008665,CV,3,Data Analyst,,Senior,Travel
R_008666,CV,0,Backend Engineer,,Senior,Travel
R_008667,CV,0,Software Engineer,,Senior,Cybersecurity
R_008668,CV,1,Junior Accountant,,Senior,Gaming
R_008669,CV,1,Financial Analyst,,Mid,Cybersecurity
R_008670,CV,7,Customer Support Specialist,,Mid,E-commerce
R_008671,CV,5,Performance Marketer,,Senior,Travel
R_008672,CV,2,Product Manager,,Mid,Retail
R_008673,CV,1,FP&A Analyst,,Senior,Gaming
R_008674,CV,1,Junior Accountant,,Mid,SaaS
R_008675,CV,6,Project Manager,,Senior,Gaming
R_008676,CV,5,Marketing Manager,,Junior,Retail
R_008677,CV,3,Data Analyst,,Senior,Retail
R_008678,CV,2,Product Manager,,Mid,Travel
R_008679,CV,4,Business Development Manager,,Junior,Cybersecurity
R_008680,CV,1,Junior Accountant,,Senior,Travel
R_008681,CV,0,Full Stack Engineer,,Senior,Cybersecurity
R_008682,CV,1,Financial Analyst,,Senior,Healthcare
R_008683,CV,1,FP&A Analyst,,Junior,Retail
R_008684,CV,3,Business Analyst,,Senior,Retail
R_008685,CV,0,Software Engineer,,Senior,FinTech
R_008686,CV,1,FP&A Analyst,,Senior,Gaming
R_008687,CV,2,Technical Product Manager,,Junior,E-commerce
R_008688,CV,4,Business Development Manager,,Junior,FinTech
R_008689,CV,1,Junior Accountant,,Mid,Gaming
R_008690,CV,1,Financial Analyst,,Mid,Gaming
R_008691,CV,4,Sales Representative,,Mid,Gaming
R_008692,CV,0,Backend Engineer,,Senior,E-commerce
R_008693,CV,2,Associate Product Manager,,Junior,Retail
R_008694,CV,6,Project Manager,,Senior,Gaming
R_008695,CV,3,Data Analyst,,Mid,Retail
R_008696,CV,2,Product Manager,,Mid,Logistics
R_008697,CV,0,Full Stack Engineer,,Junior,E-commerce
R_008698,CV,3,Data Analyst,,Junior,Logistics
R_008699,CV,4,Sales Representative,,Senior,SaaS
R_008700,CV,7,Customer Support Specialist,,Junior,E-commerce
R_008701,CV,4,Account Executive,,Junior,E-commerce
R_008702,CV,0,Backend Engineer,,Senior,Logistics
R_008703,CV,4,Business Development Manager,,Mid,Gaming
R_008704,CV,1,Junior Accountant,,Senior,Retail
R_008705,CV,4,Sales Representative,,Senior,E-commerce
R_008706,CV,5,Marketing Manager,,Mid,E-commerce
R_008707,CV,4,Account Executive,,Mid,FinTech
R_008708,CV,2,Associate Product Manager,,Mid,FinTech
R_008709,CV,5,Performance Marketer,,Mid,E-commerce
R_008710,CV,2,Technical Product Manager,,Junior,Travel
R_008711,CV,7,Customer Success Associate,,Senior,Logistics
R_008712,CV,2,Associate Product Manager,,Mid,Healthcare
R_008713,CV,1,Junior Accountant,,Senior,FinTech
R_008714,CV,2,Technical Product Manager,,Mid,Gaming
R_008715,CV,7,Technical Support Specialist,,Junior,Cybersecurity
R_008716,CV,0,Backend Engineer,,Junior,SaaS
R_008717,CV,7,Technical Support Specialist,,Junior,E-commerce
R_008718,CV,6,Program Coordinator,,Senior,Cybersecurity
R_008719,CV,7,Customer Success Associate,,Senior,Travel
R_008720,CV,5,Performance Marketer,,Junior,Logistics
R_008721,CV,3,Data Analyst,,Mid,E-commerce
R_008722,CV,3,Business Analyst,,Junior,Gaming
R_008723,CV,5,Performance Marketer,,Senior,Retail
R_008724,CV,3,Business Analyst,,Junior,Gaming
R_008725,CV,7,Customer Support Specialist,,Junior,Gaming
R_008726,CV,7,Customer Support Specialist,,Mid,Logistics
R_008727,CV,0,Backend Engineer,,Mid,Cybersecurity
R_008728,CV,5,Performance Marketer,,Mid,Healthcare
R_008729,CV,5,Performance Marketer,,Junior,E-commerce
R_008730,CV,4,Business Development Manager,,Junior,Gaming
R_008731,CV,3,BI Analyst,,Mid,Logistics
R_008732,CV,0,Full Stack Engineer,,Senior,Healthcare
R_008733,CV,3,Data Analyst,,Senior,E-commerce
R_008734,CV,3,Data Analyst,,Junior,SaaS
R_008735,CV,6,Project Manager,,Mid,FinTech
R_008736,CV,7,Customer Support Specialist,,Junior,E-commerce
R_008737,CV,4,Business Development Manager,,Senior,Gaming
R_008738,CV,4,Account Executive,,Senior,FinTech
R_008739,CV,6,Operations Manager,,Senior,Logistics
R_008740,CV,5,Marketing Manager,,Senior,SaaS
R_008741,CV,0,Backend Engineer,,Mid,FinTech
R_008742,CV,0,Software Engineer,,Senior,Travel
R_008743,CV,4,Business Development Manager,,Mid,Retail
R_008744,CV,7,Customer Success Associate,,Senior,EdTech
R_008745,CV,7,Technical Support Specialist,,Mid,SaaS
R_008746,CV,0,Full Stack Engineer,,Senior,FinTech
R_008747,CV,7,Customer Support Specialist,,Junior,Retail
R_008748,CV,2,Technical Product Manager,,Junior,Healthcare
R_008749,CV,5,Content Marketer,,Junior,FinTech
R_008750,CV,5,Content Marketer,,Mid,E-commerce
R_008751,CV,7,Technical Support Specialist,,Mid,EdTech
R_008752,CV,5,Content Marketer,,Mid,SaaS
R_008753,CV,0,Full Stack Engineer,,Junior,Gaming
R_008754,CV,4,Account Executive,,Senior,SaaS
R_008755,CV,2,Product Manager,,Junior,FinTech
R_008756,CV,6,Operations Manager,,Junior,Gaming
R_008757,CV,6,Operations Manager,,Senior,E-commerce
R_008758,CV,1,FP&A Analyst,,Senior,Gaming
R_008759,CV,6,Program Coordinator,,Senior,Travel
R_008760,CV,0,Full Stack Engineer,,Mid,EdTech
R_008761,CV,1,Financial Analyst,,Junior,SaaS
R_008762,CV,0,Full Stack Engineer,,Junior,Gaming
R_008763,CV,5,Content Marketer,,Junior,E-commerce
R_008764,CV,3,BI Analyst,,Senior,FinTech
R_008765,CV,1,Junior Accountant,,Junior,Travel
R_008766,CV,7,Customer Support Specialist,,Junior,EdTech
R_008767,CV,3,BI Analyst,,Junior,E-commerce
R_008768,CV,3,Data Analyst,,Senior,FinTech
R_008769,CV,0,Software Engineer,,Junior,Cybersecurity
R_008770,CV,5,Marketing Manager,,Junior,SaaS
R_008771,CV,3,BI Analyst,,Mid,Logistics
R_008772,CV,7,Customer Support Specialist,,Senior,SaaS
R_008773,CV,0,Full Stack Engineer,,Junior,EdTech
R_008774,CV,5,Content Marketer,,Senior,Retail
R_008775,CV,2,Technical Product Manager,,Mid,E-commerce
R_008776,CV,6,Project Manager,,Senior,Healthcare
R_008777,CV,4,Sales Representative,,Junior,Logistics
R_008778,CV,7,Customer Support Specialist,,Junior,FinTech
R_008779,CV,5,Content Marketer,,Mid,SaaS
R_008780,CV,1,Junior Accountant,,Junior,SaaS
R_008781,CV,4,Business Development Manager,,Mid,Travel
R_008782,CV,1,FP&A Analyst,,Junior,Cybersecurity
R_008783,CV,6,Operations Manager,,Mid,Retail
R_008784,CV,7,Technical Support Specialist,,Senior,Healthcare
R_008785,CV,0,Full Stack Engineer,,Mid,SaaS
R_008786,CV,1,Financial Analyst,,Senior,SaaS
R_008787,CV,0,Full Stack Engineer,,Junior,SaaS
R_008788,CV,7,Customer Success Associate,,Mid,Gaming
R_008789,CV,7,Customer Success Associate,,Senior,FinTech
R_008790,CV,3,BI Analyst,,Junior,Retail
R_008791,CV,6,Program Coordinator,,Junior,Logistics
R_008792,CV,5,Content Marketer,,Mid,Retail
R_008793,CV,2,Product Manager,,Senior,E-commerce
R_008794,CV,2,Associate Product Manager,,Senior,Logistics
R_008795,CV,4,Sales Representative,,Junior,Retail
R_008796,CV,7,Customer Success Associate,,Junior,FinTech
R_008797,CV,3,Business Analyst,,Mid,FinTech
R_008798,CV,5,Marketing Manager,,Senior,Travel
R_008799,CV,4,Business Development Manager,,Junior,Retail
R_008800,CV,4,Business Development Manager,,Senior,EdTech
R_008801,CV,4,Sales Representative,,Junior,Cybersecurity
R_008802,CV,4,Sales Representative,,Mid,Retail
R_008803,CV,6,Program Coordinator,,Junior,Gaming
R_008804,CV,4,Business Development Manager,,Mid,FinTech
R_008805,CV,4,Sales Representative,,Mid,Healthcare
R_008806,CV,6,Operations Manager,,Senior,SaaS
R_008807,CV,7,Technical Support Specialist,,Senior,Gaming
R_008808,CV,2,Product Manager,,Mid,Logistics
R_008809,CV,4,Account Executive,,Junior,Travel
R_008810,CV,7,Customer Support Specialist,,Mid,Retail
R_008811,CV,32,Financial Analyst,,Senior,SaaS
R_008812,CV,0,Backend Engineer,,Junior,Healthcare
R_008813,CV,3,BI Analyst,,Junior,Logistics
R_008814,CV,5,Performance Marketer,,Senior,Cybersecurity
R_008815,CV,0,Software Engineer,,Junior,Healthcare
R_008816,CV,2,Associate Product Manager,,Mid,EdTech
R_008817,CV,6,Program Coordinator,,Mid,FinTech
R_008818,CV,0,Backend Engineer,,Senior,SaaS
R_008819,CV,0,Full Stack Engineer,,Senior,Gaming
R_008820,CV,3,BI Analyst,,Mid,SaaS
R_008821,CV,5,Marketing Manager,,Senior,Travel
R_008822,CV,7,Customer Support Specialist,,Mid,Gaming
R_008823,CV,3,BI Analyst,,Junior,EdTech
R_008824,CV,5,Marketing Manager,,Junior,SaaS
R_008825,CV,2,Technical Product Manager,,Senior,E-commerce
R_008826,CV,2,Associate Product Manager,,Mid,SaaS
R_008827,CV,7,Customer Success Associate,,Junior,Retail
R_008828,CV,2,Associate Product Manager,,Mid,Gaming
R_008829,CV,1,Financial Analyst,,Senior,Gaming
R_008830,CV,6,Project Manager,,Senior,E-commerce
R_008831,CV,7,Technical Support Specialist,,Mid,E-commerce
R_008832,CV,7,Customer Success Associate,,Mid,FinTech
R_008833,CV,7,Customer Success Associate,,Junior,FinTech
R_008834,CV,1,Junior Accountant,,Junior,Healthcare
R_008835,CV,6,Operations Manager,,Mid,Logistics
R_008836,CV,0,Software Engineer,,Mid,SaaS
R_008837,CV,7,Technical Support Specialist,,Mid,Travel
R_008838,CV,6,Operations Manager,,Senior,SaaS
R_008839,CV,0,Full Stack Engineer,,Mid,SaaS
R_008840,CV,2,Product Manager,,Junior,Gaming
R_008841,CV,3,BI Analyst,,Junior,Cybersecurity
R_008842,CV,7,Customer Success Associate,,Senior,Gaming
R_008843,CV,6,Operations Manager,,Mid,SaaS
R_008844,CV,1,FP&A Analyst,,Senior,Travel
R_008845,CV,4,Business Development Manager,,Mid,Travel
R_008846,CV,2,Associate Product Manager,,Senior,Cybersecurity
R_008847,CV,0,Software Engineer,,Mid,E-commerce
R_008848,CV,7,Customer Success Associate,,Junior,EdTech
R_008849,CV,5,Marketing Manager,,Mid,Retail
R_008850,CV,6,Operations Manager,,Senior,SaaS
R_008851,CV,0,Software Engineer,,Senior,Logistics
R_008852,CV,0,Software Engineer,,Senior,EdTech
R_008853,CV,2,Associate Product Manager,,Junior,Logistics
R_008854,CV,4,Account Executive,,Senior,Cybersecurity
R_008855,CV,2,Product Manager,,Mid,Retail
R_008856,CV,6,Operations Manager,,Senior,Healthcare
R_008857,CV,5,Content Marketer,,Senior,Cybersecurity
R_008858,CV,1,FP&A Analyst,,Mid,Gaming
R_008859,CV,0,Software Engineer,,Senior,EdTech
R_008860,CV,7,Customer Success Associate,,Mid,FinTech
R_008861,CV,7,Technical Support Specialist,,Junior,Cybersecurity
R_008862,CV,5,Marketing Manager,,Senior,Retail
R_008863,CV,6,Program Coordinator,,Mid,Healthcare
R_008864,CV,4,Sales Representative,,Junior,FinTech
R_008865,CV,6,Operations Manager,,Senior,EdTech
R_008866,CV,2,Technical Product Manager,,Mid,Retail
R_008867,CV,4,Sales Representative,,Senior,E-commerce
R_008868,CV,6,Program Coordinator,,Junior,Gaming
R_008869,CV,6,Program Coordinator,,Junior,Logistics
R_008870,CV,0,Software Engineer,,Mid,E-commerce
R_008871,CV,6,Project Manager,,Junior,Healthcare
R_008872,CV,7,Customer Success Associate,,Senior,SaaS
R_008873,CV,6,Operations Manager,,Junior,Gaming
R_008874,CV,6,Program Coordinator,,Junior,Healthcare
R_008875,CV,2,Associate Product Manager,,Junior,Travel
R_008876,CV,6,Operations Manager,,Mid,SaaS
R_008877,CV,5,Performance Marketer,,Mid,Cybersecurity
R_008878,CV,4,Business Development Manager,,Junior,FinTech
R_008879,CV,2,Technical Product Manager,,Junior,EdTech
R_008880,CV,5,Performance Marketer,,Mid,FinTech
R_008881,CV,6,Program Coordinator,,Senior,Cybersecurity
R_008882,CV,1,Junior Accountant,,Junior,Gaming
R_008883,CV,5,Marketing Manager,,Senior,SaaS
R_008884,CV,5,Marketing Manager,,Senior,Gaming
R_008885,CV,2,Associate Product Manager,,Senior,Healthcare
R_008886,CV,3,Data Analyst,,Mid,Travel
R_008887,CV,4,Business Development Manager,,Junior,E-commerce
R_008888,CV,2,Product Manager,,Mid,E-commerce
R_008889,CV,1,FP&A Analyst,,Junior,Healthcare
R_008890,CV,5,Marketing Manager,,Senior,Logistics
R_008891,CV,3,BI Analyst,,Mid,Gaming
R_008892,CV,5,Performance Marketer,,Senior,SaaS
R_008893,CV,5,Marketing Manager,,Mid,Logistics
R_008894,CV,4,Account Executive,,Mid,Healthcare
R_008895,CV,5,Marketing Manager,,Mid,Logistics
R_008896,CV,0,Full Stack Engineer,,Senior,Gaming
R_008897,CV,4,Account Executive,,Mid,E-commerce
R_008898,CV,5,Marketing Manager,,Senior,Travel
R_008899,CV,2,Associate Product Manager,,Junior,Gaming
R_008900,CV,0,Full Stack Engineer,,Senior,Gaming
R_008901,CV,5,Content Marketer,,Mid,Gaming
R_008902,CV,7,Customer Support Specialist,,Mid,EdTech
R_008903,CV,2,Technical Product Manager,,Senior,Cybersecurity
R_008904,CV,3,Business Analyst,,Junior,EdTech
R_008905,CV,1,FP&A Analyst,,Senior,Healthcare
R_008906,CV,2,Product Manager,,Mid,Logistics
R_008907,CV,3,Business Analyst,,Junior,Retail
R_008908,CV,0,Full Stack Engineer,,Junior,Cybersecurity
R_008909,CV,0,Full Stack Engineer,,Senior,Cybersecurity
R_008910,CV,0,Full Stack Engineer,,Junior,EdTech
R_008911,CV,3,Business Analyst,,Senior,SaaS
R_008912,CV,2,Associate Product Manager,,Mid,E-commerce
R_008913,CV,4,Account Executive,,Senior,Travel
R_008914,CV,3,BI Analyst,,Mid,E-commerce
R_008915,CV,7,Customer Success Associate,,Junior,Healthcare
R_008916,CV,5,Performance Marketer,,Senior,Healthcare
R_008917,CV,0,Software Engineer,,Junior,Cybersecurity
R_008918,CV,0,Software Engineer,,Senior,Logistics
R_008919,CV,5,Performance Marketer,,Junior,Logistics
R_008920,CV,6,Project Manager,,Senior,E-commerce
R_008921,CV,2,Associate Product Manager,,Senior,SaaS
R_008922,CV,3,BI Analyst,,Senior,Cybersecurity
R_008923,CV,7,Technical Support Specialist,,Mid,Cybersecurity
R_008924,CV,7,Customer Support Specialist,,Mid,E-commerce
R_008925,CV,0,Software Engineer,,Senior,Logistics
R_008926,CV,7,Technical Support Specialist,,Junior,Gaming
R_008927,CV,6,Program Coordinator,,Junior,Travel
R_008928,CV,0,Full Stack Engineer,,Senior,E-commerce
R_008929,CV,6,Operations Manager,,Junior,Logistics
R_008930,CV,5,Marketing Manager,,Mid,Cybersecurity
R_008931,CV,7,Technical Support Specialist,,Junior,Healthcare
R_008932,CV,0,Backend Engineer,,Junior,EdTech
R_008933,CV,1,FP&A Analyst,,Junior,E-commerce
R_008934,CV,5,Content Marketer,,Mid,EdTech
R_008935,CV,2,Associate Product Manager,,Mid,Gaming
R_008936,CV,2,Product Manager,,Mid,FinTech
R_008937,CV,6,Operations Manager,,Mid,Healthcare
R_008938,CV,5,Marketing Manager,,Mid,SaaS
R_008939,CV,2,Product Manager,,Junior,Healthcare
R_008940,CV,7,Technical Support Specialist,,Senior,Logistics
R_008941,CV,6,Program Coordinator,,Junior,Gaming
R_008942,CV,0,Full Stack Engineer,,Junior,EdTech
R_008943,CV,0,Backend Engineer,,Mid,SaaS
R_008944,CV,6,Operations Manager,,Mid,Cybersecurity
R_008945,CV,6,Operations Manager,,Senior,Healthcare
R_008946,CV,2,Technical Product Manager,,Senior,EdTech
R_008947,CV,4,Sales Representative,,Senior,SaaS
R_008948,CV,6,Program Coordinator,,Mid,Travel
R_008949,CV,1,Junior Accountant,,Junior,E-commerce
R_008950,CV,6,Project Manager,,Senior,SaaS
R_008951,CV,6,Project Manager,,Senior,Gaming
R_008952,CV,4,Sales Representative,,Junior,Gaming
R_008953,CV,6,Program Coordinator,,Senior,E-commerce
R_008954,CV,6,Project Manager,,Junior,FinTech
R_008955,CV,6,Project Manager,,Junior,Cybersecurity
R_008956,CV,1,Junior Accountant,,Junior,Retail
R_008957,CV,5,Content Marketer,,Senior,FinTech
R_008958,CV,5,Marketing Manager,,Junior,Retail
R_008959,CV,2,Product Manager,,Junior,FinTech
R_008960,CV,1,FP&A Analyst,,Junior,SaaS
R_008961,CV,3,Business Analyst,,Junior,EdTech
R_008962,CV,6,Program Coordinator,,Junior,E-commerce
R_008963,CV,5,Performance Marketer,,Junior,Cybersecurity
R_008964,CV,4,Business Development Manager,,Senior,Gaming
R_008965,CV,5,Marketing Manager,,Junior,Logistics
R_008966,CV,0,Software Engineer,,Mid,Gaming
R_008967,CV,4,Business Development Manager,,Mid,EdTech
R_008968,CV,5,Marketing Manager,,Senior,Healthcare
R_008969,CV,6,Project Manager,,Junior,FinTech
R_008970,CV,2,Technical Product Manager,,Senior,Gaming
R_008971,CV,2,Technical Product Manager,,Junior,FinTech
R_008972,CV,4,Sales Representative,,Senior,Healthcare
R_008973,CV,2,Technical Product Manager,,Senior,E-commerce
R_008974,CV,5,Marketing Manager,,Junior,Healthcare
R_008975,CV,0,Full Stack Engineer,,Junior,FinTech
R_008976,CV,3,BI Analyst,,Mid,Cybersecurity
R_008977,CV,1,FP&A Analyst,,Junior,E-commerce
R_008978,CV,1,Financial Analyst,,Senior,Cybersecurity
R_008979,CV,6,Operations Manager,,Junior,Travel
R_008980,CV,1,Junior Accountant,,Mid,Logistics
R_008981,CV,3,BI Analyst,,Junior,EdTech
R_008982,CV,7,Customer Support Specialist,,Senior,SaaS
R_008983,CV,5,Performance Marketer,,Senior,Gaming
R_008984,CV,5,Content Marketer,,Mid,SaaS
R_008985,CV,1,Financial Analyst,,Senior,Cybersecurity
R_008986,CV,5,Marketing Manager,,Mid,Retail
R_008987,CV,7,Customer Success Associate,,Senior,Travel
R_008988,CV,4,Account Executive,,Junior,Cybersecurity
R_008989,CV,1,FP&A Analyst,,Mid,Cybersecurity
R_008990,CV,0,Full Stack Engineer,,Mid,E-commerce
R_008991,CV,6,Operations Manager,,Senior,SaaS
R_008992,CV,5,Content Marketer,,Junior,Healthcare
R_008993,CV,3,Data Analyst,,Mid,Gaming
R_008994,CV,0,Full Stack Engineer,,Mid,SaaS
R_008995,CV,6,Project Manager,,Senior,Gaming
R_008996,CV,6,Operations Manager,,Junior,SaaS
R_008997,CV,1,Junior Accountant,,Senior,Gaming
R_008998,CV,7,Technical Support Specialist,,Junior,SaaS
R_008999,CV,6,Project Manager,,Junior,Healthcare
R_009000,CV,2,Product Manager,,Junior,Travel
R_009001,CV,4,Account Executive,,Mid,FinTech
R_009002,CV,6,Program Coordinator,,Senior,EdTech
R_009003,CV,3,Data Analyst,,Senior,Travel
R_009004,CV,1,FP&A Analyst,,Senior,E-commerce
R_009005,CV,6,Project Manager,,Junior,SaaS
R_009006,CV,0,Backend Engineer,,Junior,FinTech
R_009007,CV,3,Data Analyst,,Senior,Healthcare
R_009008,CV,3,Business Analyst,,Senior,Retail
R_009009,CV,1,Junior Accountant,,Junior,Healthcare
R_009010,CV,0,Software Engineer,,Mid,Logistics
R_009011,CV,7,Customer Success Associate,,Mid,Healthcare
R_009012,CV,1,FP&A Analyst,,Senior,FinTech
R_009013,CV,5,Marketing Manager,,Junior,Healthcare
R_009014,CV,4,Business Development Manager,,Junior,Retail
R_009015,CV,0,Software Engineer,,Junior,SaaS
R_009016,CV,4,Sales Representative,,Junior,Gaming
R_009017,CV,5,Marketing Manager,,Mid,Cybersecurity
R_009018,CV,2,Technical Product Manager,,Mid,Cybersecurity
R_009019,CV,1,Financial Analyst,,Senior,EdTech
R_009020,CV,3,BI Analyst,,Senior,Logistics
R_009021,CV,1,Junior Accountant,,Mid,Logistics
R_009022,CV,4,Business Development Manager,,Mid,Retail
R_009023,CV,7,Customer Success Associate,,Mid,Travel
R_009024,CV,2,Associate Product Manager,,Mid,Retail
R_009025,CV,2,Product Manager,,Junior,Travel
R_009026,CV,5,Content Marketer,,Senior,SaaS
R_009027,CV,3,Data Analyst,,Mid,FinTech
R_009028,CV,4,Sales Representative,,Junior,E-commerce
R_009029,CV,7,Customer Support Specialist,,Mid,Gaming
R_009030,CV,4,Business Development Manager,,Senior,Gaming
R_009031,CV,2,Technical Product Manager,,Senior,E-commerce
R_009032,CV,4,Business Development Manager,,Senior,Cybersecurity
R_009033,CV,0,Software Engineer,,Senior,EdTech
R_009034,CV,2,Product Manager,,Mid,Retail
R_009035,CV,0,Full Stack Engineer,,Senior,Retail
R_009036,CV,1,Financial Analyst,,Junior,Healthcare
R_009037,CV,2,Product Manager,,Mid,Retail
R_009038,CV,4,Business Development Manager,,Senior,Healthcare
R_009039,CV,1,Junior Accountant,,Mid,Healthcare
R_009040,CV,6,Operations Manager,,Senior,Retail
R_009041,CV,4,Sales Representative,,Mid,E-commerce
R_009042,CV,2,Technical Product Manager,,Mid,Cybersecurity
R_009043,CV,0,Software Engineer,,Mid,Cybersecurity
R_009044,CV,0,Backend Engineer,,Senior,Logistics
R_009045,CV,7,Technical Support Specialist,,Mid,SaaS
R_009046,CV,7,Customer Support Specialist,,Mid,Retail
R_009047,CV,7,Customer Success Associate,,Mid,E-commerce
R_009048,CV,3,BI Analyst,,Mid,Healthcare
R_009049,CV,3,Business Analyst,,Senior,Retail
R_009050,CV,5,Content Marketer,,Junior,Logistics
R_009051,CV,6,Program Coordinator,,Junior,Logistics
R_009052,CV,3,Data Analyst,,Senior,E-commerce
R_009053,CV,4,Account Executive,,Junior,Gaming
R_009054,CV,0,Backend Engineer,,Senior,Retail
R_009055,CV,6,Program Coordinator,,Senior,Retail
R_009056,CV,6,Operations Manager,,Senior,Healthcare
R_009057,CV,2,Technical Product Manager,,Mid,Retail
R_009058,CV,2,Technical Product Manager,,Junior,Gaming
R_009059,CV,2,Product Manager,,Senior,Logistics
R_009060,CV,3,Business Analyst,,Mid,Logistics
R_009061,CV,0,Full Stack Engineer,,Mid,Gaming
R_009062,CV,1,Financial Analyst,,Mid,Retail
R_009063,CV,6,Operations Manager,,Mid,Healthcare
R_009064,CV,0,Software Engineer,,Junior,EdTech
R_009065,CV,1,FP&A Analyst,,Mid,Cybersecurity
R_009066,CV,0,Backend Engineer,,Senior,Travel
R_009067,CV,4,Business Development Manager,,Senior,Travel
R_009068,CV,7,Technical Support Specialist,,Mid,EdTech
R_009069,CV,6,Program Coordinator,,Senior,SaaS
R_009070,CV,7,Customer Support Specialist,,Junior,EdTech
R_009071,CV,0,Full Stack Engineer,,Junior,SaaS
R_009072,CV,5,Content Marketer,,Junior,Retail
R_009073,CV,7,Customer Support Specialist,,Junior,Healthcare
R_009074,CV,3,BI Analyst,,Senior,SaaS
R_009075,CV,1,FP&A Analyst,,Senior,E-commerce
R_009076,CV,4,Account Executive,,Junior,E-commerce
R_009077,CV,5,Content Marketer,,Junior,Retail
R_009078,CV,2,Product Manager,,Mid,Travel
R_009079,CV,7,Customer Success Associate,,Mid,Cybersecurity
R_009080,CV,1,Financial Analyst,,Senior,FinTech
R_009081,CV,5,Content Marketer,,Junior,EdTech
R_009082,CV,2,Associate Product Manager,,Mid,Cybersecurity
R_009083,CV,2,Associate Product Manager,,Junior,FinTech
R_009084,CV,4,Sales Representative,,Mid,Retail
R_009085,CV,4,Sales Representative,,Mid,E-commerce
R_009086,CV,6,Operations Manager,,Junior,FinTech
R_009087,CV,1,Junior Accountant,,Mid,SaaS
R_009088,CV,1,Junior Accountant,,Mid,Cybersecurity
R_009089,CV,3,BI Analyst,,Mid,EdTech
R_009090,CV,0,Software Engineer,,Junior,Retail
R_009091,CV,6,Operations Manager,,Junior,SaaS
R_009092,CV,0,Backend Engineer,,Mid,Cybersecurity
R_009093,CV,4,Business Development Manager,,Mid,Gaming
R_009094,CV,1,Junior Accountant,,Mid,Retail
R_009095,CV,7,Customer Success Associate,,Junior,Cybersecurity
R_009096,CV,6,Operations Manager,,Junior,Travel
R_009097,CV,1,Junior Accountant,,Mid,Healthcare
R_009098,CV,5,Marketing Manager,,Mid,Retail
R_009099,CV,2,Product Manager,,Mid,SaaS
R_009100,CV,7,Technical Support Specialist,,Junior,SaaS
R_009101,CV,1,FP&A Analyst,,Junior,Cybersecurity
R_009102,CV,5,Content Marketer,,Senior,Logistics
R_009103,CV,2,Technical Product Manager,,Junior,Retail
R_009104,CV,0,Backend Engineer,,Senior,E-commerce
R_009105,CV,1,Junior Accountant,,Mid,Retail
R_009106,CV,0,Full Stack Engineer,,Junior,Gaming
R_009107,CV,7,Customer Success Associate,,Mid,FinTech
R_009108,CV,7,Customer Success Associate,,Senior,Cybersecurity
R_009109,CV,7,Technical Support Specialist,,Mid,E-commerce
R_009110,CV,6,Project Manager,,Senior,EdTech
R_009111,CV,6,Operations Manager,,Junior,Travel
R_009112,CV,6,Program Coordinator,,Senior,E-commerce
R_009113,CV,0,Software Engineer,,Senior,FinTech
R_009114,CV,3,BI Analyst,,Mid,Healthcare
R_009115,CV,5,Performance Marketer,,Junior,Retail
R_009116,CV,0,Full Stack Engineer,,Mid,Gaming
R_009117,CV,6,Operations Manager,,Senior,SaaS
R_009118,CV,0,Backend Engineer,,Mid,Logistics
R_009119,CV,6,Program Coordinator,,Junior,Healthcare
R_009120,CV,3,Data Analyst,,Mid,Healthcare
R_009121,CV,1,Financial Analyst,,Junior,E-commerce
R_009122,CV,3,Data Analyst,,Senior,Retail
R_009123,CV,2,Product Manager,,Mid,FinTech
R_009124,CV,0,Full Stack Engineer,,Senior,Cybersecurity
R_009125,CV,7,Customer Support Specialist,,Senior,Retail
R_009126,CV,6,Project Manager,,Mid,Logistics
R_009127,CV,4,Business Development Manager,,Senior,Cybersecurity
R_009128,CV,0,Software Engineer,,Mid,Travel
R_009129,CV,7,Customer Success Associate,,Senior,SaaS
R_009130,CV,6,Program Coordinator,,Junior,SaaS
R_009131,CV,5,Performance Marketer,,Mid,Retail
R_009132,CV,2,Technical Product Manager,,Senior,E-commerce
R_009133,CV,0,Full Stack Engineer,,Senior,EdTech
R_009134,CV,3,Data Analyst,,Junior,Cybersecurity
R_009135,CV,2,Product Manager,,Mid,EdTech
R_009136,CV,5,Content Marketer,,Mid,Retail
R_009137,CV,4,Business Development Manager,,Senior,E-commerce
R_009138,CV,1,Junior Accountant,,Senior,EdTech
R_009139,CV,2,Associate Product Manager,,Mid,Healthcare
R_009140,CV,6,Program Coordinator,,Senior,Travel
R_009141,CV,6,Operations Manager,,Senior,Gaming
R_009142,CV,3,Business Analyst,,Junior,Gaming
R_009143,CV,7,Customer Support Specialist,,Senior,Retail
R_009144,CV,5,Content Marketer,,Junior,Cybersecurity
R_009145,CV,6,Project Manager,,Senior,Retail
R_009146,CV,7,Customer Support Specialist,,Mid,Cybersecurity
R_009147,CV,2,Technical Product Manager,,Junior,Cybersecurity
R_009148,CV,5,Content Marketer,,Junior,Cybersecurity
R_009149,CV,3,Business Analyst,,Senior,Cybersecurity
R_009150,CV,3,Business Analyst,,Mid,FinTech
R_009151,CV,2,Technical Product Manager,,Senior,Travel
R_009152,CV,5,Marketing Manager,,Mid,Travel
R_009153,CV,6,Project Manager,,Mid,Travel
R_009154,CV,7,Customer Success Associate,,Junior,SaaS
R_009155,CV,0,Software Engineer,,Senior,Retail
R_009156,CV,6,Program Coordinator,,Mid,Healthcare
R_009157,CV,7,Customer Success Associate,,Mid,FinTech
R_009158,CV,4,Business Development Manager,,Senior,Travel
R_009159,CV,5,Performance Marketer,,Mid,Retail
R_009160,CV,1,Junior Accountant,,Mid,FinTech
R_009161,CV,0,Backend Engineer,,Mid,FinTech
R_009162,CV,1,FP&A Analyst,,Mid,SaaS
R_009163,CV,2,Product Manager,,Mid,Retail
R_009164,CV,2,Technical Product Manager,,Senior,Logistics
R_009165,CV,0,Backend Engineer,,Junior,EdTech
R_009166,CV,5,Marketing Manager,,Senior,E-commerce
R_009167,CV,6,Program Coordinator,,Senior,Logistics
R_009168,CV,1,Financial Analyst,,Junior,SaaS
R_009169,CV,2,Technical Product Manager,,Mid,Retail
R_009170,CV,7,Customer Support Specialist,,Mid,E-commerce
R_009171,CV,1,FP&A Analyst,,Junior,E-commerce
R_009172,CV,5,Marketing Manager,,Senior,Retail
R_009173,CV,5,Performance Marketer,,Junior,Healthcare
R_009174,CV,3,Business Analyst,,Senior,SaaS
R_009175,CV,0,Software Engineer,,Junior,Healthcare
R_009176,CV,1,Junior Accountant,,Senior,Travel
R_009177,CV,0,Full Stack Engineer,,Senior,SaaS
R_009178,CV,6,Program Coordinator,,Mid,Cybersecurity
R_009179,CV,6,Program Coordinator,,Junior,Retail
R_009180,CV,4,Business Development Manager,,Mid,Travel
R_009181,CV,3,Data Analyst,,Mid,SaaS
R_009182,CV,6,Program Coordinator,,Mid,Travel
R_009183,CV,7,Customer Success Associate,,Junior,Retail
R_009184,CV,33,Financial Analyst,,Senior,Gaming
R_009185,CV,4,Sales Representative,,Junior,E-commerce
R_009186,CV,4,Account Executive,,Senior,FinTech
R_009187,CV,6,Project Manager,,Junior,Cybersecurity
R_009188,CV,2,Product Manager,,Mid,Logistics
R_009189,CV,2,Associate Product Manager,,Senior,E-commerce
R_009190,CV,5,Marketing Manager,,Junior,FinTech
R_009191,CV,5,Content Marketer,,Senior,Logistics
R_009192,CV,6,Project Manager,,Senior,Logistics
R_009193,CV,3,Business Analyst,,Mid,SaaS
R_009194,CV,6,Program Coordinator,,Mid,E-commerce
R_009195,CV,2,Associate Product Manager,,Senior,SaaS
R_009196,CV,2,Technical Product Manager,,Junior,Healthcare
R_009197,CV,2,Product Manager,,Junior,E-commerce
R_009198,CV,1,Financial Analyst,,Mid,Gaming
R_009199,CV,0,Software Engineer,,Mid,Retail
R_009200,CV,4,Account Executive,,Senior,SaaS
R_009201,CV,6,Project Manager,,Senior,Healthcare
R_009202,CV,3,BI Analyst,,Mid,Cybersecurity
R_009203,CV,3,Data Analyst,,Mid,FinTech
R_009204,CV,1,Financial Analyst,,Junior,EdTech
R_009205,CV,6,Project Manager,,Senior,Travel
R_009206,CV,4,Business Development Manager,,Senior,Healthcare
R_009207,CV,5,Marketing Manager,,Junior,Retail
R_009208,CV,1,FP&A Analyst,,Junior,Healthcare
R_009209,CV,2,Technical Product Manager,,Junior,Cybersecurity
R_009210,CV,2,Associate Product Manager,,Junior,FinTech
R_009211,CV,3,BI Analyst,,Mid,Logistics
R_009212,CV,1,Junior Accountant,,Mid,Healthcare
R_009213,CV,1,Junior Accountant,,Senior,EdTech
R_009214,CV,2,Associate Product Manager,,Senior,Cybersecurity
R_009215,CV,0,Full Stack Engineer,,Junior,E-commerce
R_009216,CV,7,Customer Success Associate,,Senior,Gaming
R_009217,CV,4,Sales Representative,,Junior,FinTech
R_009218,CV,1,Junior Accountant,,Senior,EdTech
R_009219,CV,6,Program Coordinator,,Junior,Gaming
R_009220,CV,4,Sales Representative,,Mid,Gaming
R_009221,CV,6,Project Manager,,Junior,Logistics
R_009222,CV,4,Business Development Manager,,Senior,Cybersecurity
R_009223,CV,0,Software Engineer,,Junior,SaaS
R_009224,CV,0,Software Engineer,,Senior,E-commerce
R_009225,CV,4,Business Development Manager,,Junior,Retail
R_009226,CV,6,Project Manager,,Senior,Logistics
R_009227,CV,4,Business Development Manager,,Senior,Travel
R_009228,CV,3,BI Analyst,,Mid,FinTech
R_009229,CV,2,Associate Product Manager,,Mid,E-commerce
R_009230,CV,6,Operations Manager,,Junior,Gaming
R_009231,CV,1,Junior Accountant,,Senior,Retail
R_009232,CV,1,Financial Analyst,,Mid,Travel
R_009233,CV,2,Product Manager,,Mid,EdTech
R_009234,CV,2,Product Manager,,Junior,E-commerce
R_009235,CV,3,BI Analyst,,Junior,E-commerce
R_009236,CV,1,FP&A Analyst,,Senior,FinTech
R_009237,CV,1,Junior Accountant,,Mid,Gaming
R_009238,CV,1,Financial Analyst,,Senior,Healthcare
R_009239,CV,5,Marketing Manager,,Junior,Healthcare
R_009240,CV,3,Data Analyst,,Junior,Logistics
R_009241,CV,5,Content Marketer,,Senior,Travel
R_009242,CV,2,Product Manager,,Mid,Retail
R_009243,CV,0,Software Engineer,,Senior,E-commerce
R_009244,CV,5,Content Marketer,,Junior,Healthcare
R_009245,CV,4,Sales Representative,,Senior,Healthcare
R_009246,CV,0,Backend Engineer,,Junior,FinTech
R_009247,CV,1,Financial Analyst,,Junior,Gaming
R_009248,CV,4,Business Development Manager,,Senior,Healthcare
R_009249,CV,2,Product Manager,,Senior,E-commerce
R_009250,CV,2,Product Manager,,Junior,EdTech
R_009251,CV,34,Operations Manager,,Mid,EdTech
R_009252,CV,4,Sales Representative,,Mid,EdTech
R_009253,CV,3,Data Analyst,,Junior,E-commerce
R_009254,CV,0,Full Stack Engineer,,Junior,Gaming
R_009255,CV,0,Software Engineer,,Junior,Travel
R_009256,CV,2,Technical Product Manager,,Junior,Cybersecurity
R_009257,CV,2,Product Manager,,Junior,FinTech
R_009258,CV,0,Full Stack Engineer,,Senior,Retail
R_009259,CV,7,Technical Support Specialist,,Senior,Gaming
R_009260,CV,7,Technical Support Specialist,,Mid,Gaming
R_009261,CV,5,Performance Marketer,,Mid,Logistics
R_009262,CV,6,Operations Manager,,Junior,Logistics
R_009263,CV,6,Program Coordinator,,Mid,Logistics
R_009264,CV,6,Program Coordinator,,Senior,EdTech
R_009265,CV,0,Backend Engineer,,Mid,Cybersecurity
R_009266,CV,7,Customer Support Specialist,,Senior,Healthcare
R_009267,CV,4,Account Executive,,Senior,Travel
R_009268,CV,0,Backend Engineer,,Junior,Healthcare
R_009269,CV,6,Project Manager,,Junior,Cybersecurity
R_009270,CV,6,Operations Manager,,Senior,E-commerce
R_009271,CV,2,Product Manager,,Mid,EdTech
R_009272,CV,6,Program Coordinator,,Mid,EdTech
R_009273,CV,6,Project Manager,,Junior,SaaS
R_009274,CV,4,Sales Representative,,Senior,EdTech
R_009275,CV,6,Project Manager,,Senior,Healthcare
R_009276,CV,0,Full Stack Engineer,,Senior,FinTech
R_009277,CV,0,Backend Engineer,,Senior,Healthcare
R_009278,CV,1,Financial Analyst,,Junior,Cybersecurity
R_009279,CV,2,Associate Product Manager,,Senior,Travel
R_009280,CV,5,Content Marketer,,Junior,Cybersecurity
R_009281,CV,3,BI Analyst,,Junior,Healthcare
R_009282,CV,2,Product Manager,,Mid,Gaming
R_009283,CV,1,Financial Analyst,,Senior,Cybersecurity
R_009284,CV,0,Software Engineer,,Junior,Healthcare
R_009285,CV,2,Product Manager,,Senior,Cybersecurity
R_009286,CV,7,Technical Support Specialist,,Senior,Healthcare
R_009287,CV,2,Associate Product Manager,,Senior,FinTech
R_009288,CV,2,Associate Product Manager,,Mid,FinTech
R_009289,CV,2,Associate Product Manager,,Junior,Gaming
R_009290,CV,0,Backend Engineer,,Junior,Gaming
R_009291,CV,6,Project Manager,,Junior,Gaming
R_009292,CV,4,Account Executive,,Mid,Retail
R_009293,CV,0,Full Stack Engineer,,Junior,Logistics
R_009294,CV,7,Customer Support Specialist,,Mid,FinTech
R_009295,CV,5,Performance Marketer,,Junior,Travel
R_009296,CV,5,Performance Marketer,,Junior,SaaS
R_009297,CV,5,Marketing Manager,,Junior,Logistics
R_009298,CV,1,FP&A Analyst,,Junior,E-commerce
R_009299,CV,2,Technical Product Manager,,Senior,FinTech
R_009300,CV,1,Junior Accountant,,Junior,FinTech
R_009301,CV,7,Customer Support Specialist,,Junior,Gaming
R_009302,CV,0,Software Engineer,,Junior,Cybersecurity
R_009303,CV,7,Customer Support Specialist,,Mid,Healthcare
R_009304,CV,4,Sales Representative,,Senior,Cybersecurity
R_009305,CV,7,Technical Support Specialist,,Junior,SaaS
R_009306,CV,5,Performance Marketer,,Junior,SaaS
R_009307,CV,1,FP&A Analyst,,Junior,Gaming
R_009308,CV,2,Product Manager,,Mid,Cybersecurity
R_009309,CV,0,Backend Engineer,,Junior,Cybersecurity
R_009310,CV,3,Business Analyst,,Mid,E-commerce
R_009311,CV,7,Customer Support Specialist,,Mid,SaaS
R_009312,CV,0,Backend Engineer,,Senior,SaaS
R_009313,CV,1,Junior Accountant,,Junior,SaaS
R_009314,CV,2,Technical Product Manager,,Mid,Cybersecurity
R_009315,CV,5,Content Marketer,,Senior,Healthcare
R_009316,CV,0,Full Stack Engineer,,Mid,FinTech
R_009317,CV,3,Business Analyst,,Senior,Logistics
R_009318,CV,1,Financial Analyst,,Junior,SaaS
R_009319,CV,3,Business Analyst,,Junior,Retail
R_009320,CV,2,Technical Product Manager,,Mid,Logistics
R_009321,CV,5,Performance Marketer,,Mid,Retail
R_009322,CV,4,Account Executive,,Senior,Retail
R_009323,CV,2,Associate Product Manager,,Junior,SaaS
R_009324,CV,6,Project Manager,,Senior,Gaming
R_009325,CV,3,Business Analyst,,Mid,SaaS
R_009326,CV,3,BI Analyst,,Senior,EdTech
R_009327,CV,0,Full Stack Engineer,,Mid,Travel
R_009328,CV,6,Project Manager,,Mid,Retail
R_009329,CV,3,Data Analyst,,Junior,FinTech
R_009330,CV,7,Customer Support Specialist,,Senior,E-commerce
R_009331,CV,4,Account Executive,,Senior,Cybersecurity
R_009332,CV,4,Sales Representative,,Junior,E-commerce
R_009333,CV,1,Financial Analyst,,Mid,Healthcare
R_009334,CV,6,Operations Manager,,Senior,E-commerce
R_009335,CV,2,Associate Product Manager,,Mid,Travel
R_009336,CV,2,Technical Product Manager,,Junior,Healthcare
R_009337,CV,0,Software Engineer,,Junior,Healthcare
R_009338,CV,7,Technical Support Specialist,,Junior,FinTech
R_009339,CV,6,Project Manager,,Senior,Cybersecurity
R_009340,CV,6,Program Coordinator,,Junior,Retail
R_009341,CV,5,Content Marketer,,Senior,FinTech
R_009342,CV,1,Junior Accountant,,Junior,Logistics
R_009343,CV,5,Marketing Manager,,Senior,E-commerce
R_009344,CV,0,Full Stack Engineer,,Senior,Healthcare
R_009345,CV,5,Marketing Manager,,Mid,Gaming
R_009346,CV,2,Product Manager,,Mid,Gaming
R_009347,CV,5,Marketing Manager,,Junior,Gaming
R_009348,CV,2,Technical Product Manager,,Junior,Travel
R_009349,CV,2,Product Manager,,Senior,Logistics
R_009350,CV,0,Backend Engineer,,Junior,EdTech
R_009351,CV,4,Sales Representative,,Junior,Healthcare
R_009352,CV,2,Technical Product Manager,,Senior,Healthcare
R_009353,CV,7,Customer Success Associate,,Senior,SaaS
R_009354,CV,6,Program Coordinator,,Junior,Retail
R_009355,CV,3,Data Analyst,,Mid,Healthcare
R_009356,CV,5,Marketing Manager,,Senior,FinTech
R_009357,CV,7,Technical Support Specialist,,Senior,Retail
R_009358,CV,5,Content Marketer,,Junior,SaaS
R_009359,CV,5,Content Marketer,,Senior,Cybersecurity
R_009360,CV,2,Product Manager,,Junior,E-commerce
R_009361,CV,5,Marketing Manager,,Senior,Logistics
R_009362,CV,3,BI Analyst,,Senior,Travel
R_009363,CV,5,Marketing Manager,,Senior,FinTech
R_009364,CV,6,Operations Manager,,Mid,SaaS
R_009365,CV,4,Account Executive,,Senior,Logistics
R_009366,CV,1,Financial Analyst,,Mid,Logistics
R_009367,CV,3,BI Analyst,,Mid,Cybersecurity
R_009368,CV,1,FP&A Analyst,,Senior,SaaS
R_009369,CV,4,Business Development Manager,,Mid,Retail
R_009370,CV,3,Data Analyst,,Mid,FinTech
R_009371,CV,5,Marketing Manager,,Mid,Gaming
R_009372,CV,6,Operations Manager,,Senior,E-commerce
R_009373,CV,3,BI Analyst,,Junior,Retail
R_009374,CV,2,Product Manager,,Junior,SaaS
R_009375,CV,6,Operations Manager,,Junior,Retail
R_009376,CV,5,Performance Marketer,,Mid,Healthcare
R_009377,CV,1,Financial Analyst,,Senior,Travel
R_009378,CV,3,Data Analyst,,Senior,Travel
R_009379,CV,4,Business Development Manager,,Junior,E-commerce
R_009380,CV,0,Software Engineer,,Senior,Logistics
R_009381,CV,1,FP&A Analyst,,Junior,Logistics
R_009382,CV,2,Product Manager,,Senior,Cybersecurity
R_009383,CV,0,Backend Engineer,,Senior,Cybersecurity
R_009384,CV,7,Customer Success Associate,,Senior,E-commerce
R_009385,CV,1,Financial Analyst,,Senior,SaaS
R_009386,CV,7,Technical Support Specialist,,Junior,Retail
R_009387,CV,7,Customer Success Associate,,Mid,Cybersecurity
R_009388,CV,0,Software Engineer,,Mid,Cybersecurity
R_009389,CV,1,Financial Analyst,,Mid,Travel
R_009390,CV,2,Product Manager,,Mid,Gaming
R_009391,CV,4,Sales Representative,,Junior,Travel
R_009392,CV,2,Product Manager,,Senior,E-commerce
R_009393,CV,5,Performance Marketer,,Junior,Cybersecurity
R_009394,CV,6,Program Coordinator,,Senior,Logistics
R_009395,CV,2,Associate Product Manager,,Junior,SaaS
R_009396,CV,3,Business Analyst,,Mid,EdTech
R_009397,CV,3,Data Analyst,,Senior,Logistics
R_009398,CV,0,Full Stack Engineer,,Senior,EdTech
R_009399,CV,4,Business Development Manager,,Senior,Logistics
R_009400,CV,3,Business Analyst,,Junior,EdTech
R_009401,CV,7,Customer Success Associate,,Mid,Gaming
R_009402,CV,2,Product Manager,,Junior,Cybersecurity
R_009403,CV,4,Business Development Manager,,Senior,Logistics
R_009404,CV,7,Customer Success Associate,,Senior,Travel
R_009405,CV,5,Performance Marketer,,Junior,Gaming
R_009406,CV,4,Business Development Manager,,Mid,E-commerce
R_009407,CV,2,Technical Product Manager,,Senior,Cybersecurity
R_009408,CV,3,Data Analyst,,Junior,Healthcare
R_009409,CV,7,Customer Success Associate,,Junior,Logistics
R_009410,CV,7,Technical Support Specialist,,Senior,E-commerce
R_009411,CV,0,Full Stack Engineer,,Junior,SaaS
R_009412,CV,4,Sales Representative,,Junior,SaaS
R_009413,CV,4,Account Executive,,Mid,FinTech
R_009414,CV,1,Financial Analyst,,Mid,Travel
R_009415,CV,3,BI Analyst,,Mid,E-commerce
R_009416,CV,3,BI Analyst,,Junior,Cybersecurity
R_009417,CV,0,Software Engineer,,Senior,FinTech
R_009418,CV,2,Associate Product Manager,,Mid,E-commerce
R_009419,CV,5,Performance Marketer,,Senior,E-commerce
R_009420,CV,5,Content Marketer,,Senior,FinTech
R_009421,CV,2,Product Manager,,Senior,Travel
R_009422,CV,1,FP&A Analyst,,Junior,Travel
R_009423,CV,0,Full Stack Engineer,,Senior,E-commerce
R_009424,CV,1,Financial Analyst,,Senior,E-commerce
R_009425,CV,2,Associate Product Manager,,Senior,Travel
R_009426,CV,6,Project Manager,,Junior,Travel
R_009427,CV,7,Customer Support Specialist,,Junior,SaaS
R_009428,CV,6,Operations Manager,,Senior,Gaming
R_009429,CV,1,FP&A Analyst,,Senior,SaaS
R_009430,CV,6,Operations Manager,,Senior,Healthcare
R_009431,CV,5,Performance Marketer,,Mid,Retail
R_009432,CV,1,Junior Accountant,,Senior,Healthcare
R_009433,CV,4,Sales Representative,,Mid,Travel
R_009434,CV,3,Data Analyst,,Mid,Travel
R_009435,CV,0,Software Engineer,,Junior,E-commerce
R_009436,CV,4,Sales Representative,,Mid,SaaS
R_009437,CV,3,Data Analyst,,Senior,Gaming
R_009438,CV,2,Technical Product Manager,,Junior,Retail
R_009439,CV,7,Technical Support Specialist,,Junior,Retail
R_009440,CV,2,Product Manager,,Junior,FinTech
R_009441,CV,4,Account Executive,,Junior,EdTech
R_009442,CV,6,Project Manager,,Mid,Travel
R_009443,CV,1,Financial Analyst,,Junior,Cybersecurity
R_009444,CV,3,BI Analyst,,Junior,SaaS
R_009445,CV,7,Technical Support Specialist,,Junior,Gaming
R_009446,CV,1,Junior Accountant,,Mid,EdTech
R_009447,CV,4,Business Development Manager,,Mid,Logistics
R_009448,CV,1,Junior Accountant,,Senior,Retail
R_009449,CV,0,Backend Engineer,,Junior,Cybersecurity
R_009450,CV,7,Technical Support Specialist,,Senior,Healthcare
R_009451,CV,4,Account Executive,,Junior,Travel
R_009452,CV,6,Project Manager,,Junior,SaaS
R_009453,CV,4,Sales Representative,,Senior,Logistics
R_009454,CV,4,Sales Representative,,Mid,Cybersecurity
R_009455,CV,3,BI Analyst,,Junior,FinTech
R_009456,CV,1,Financial Analyst,,Mid,Retail
R_009457,CV,2,Technical Product Manager,,Senior,E-commerce
R_009458,CV,5,Content Marketer,,Junior,Healthcare
R_009459,CV,3,Business Analyst,,Junior,Retail
R_009460,CV,7,Customer Support Specialist,,Junior,Cybersecurity
R_009461,CV,1,Junior Accountant,,Junior,Cybersecurity
R_009462,CV,1,Junior Accountant,,Senior,Logistics
R_009463,CV,5,Performance Marketer,,Senior,SaaS
R_009464,CV,1,Junior Accountant,,Junior,Travel
R_009465,CV,3,Data Analyst,,Mid,Gaming
R_009466,CV,6,Project Manager,,Mid,Gaming
R_009467,CV,4,Sales Representative,,Junior,Travel
R_009468,CV,4,Business Development Manager,,Mid,E-commerce
R_009469,CV,0,Software Engineer,,Mid,Retail
R_009470,CV,6,Operations Manager,,Senior,Gaming
R_009471,CV,1,Financial Analyst,,Mid,Logistics
R_009472,CV,4,Sales Representative,,Mid,Logistics
R_009473,CV,1,FP&A Analyst,,Senior,Healthcare
R_009474,CV,1,Financial Analyst,,Junior,Gaming
R_009475,CV,5,Performance Marketer,,Senior,SaaS
R_009476,CV,4,Business Development Manager,,Junior,Retail
R_009477,CV,0,Backend Engineer,,Junior,SaaS
R_009478,CV,1,FP&A Analyst,,Senior,E-commerce
R_009479,CV,2,Product Manager,,Senior,SaaS
R_009480,CV,4,Account Executive,,Junior,Healthcare
R_009481,CV,5,Marketing Manager,,Senior,SaaS
R_009482,CV,4,Business Development Manager,,Mid,Logistics
R_009483,CV,6,Program Coordinator,,Junior,Healthcare
R_009484,CV,6,Program Coordinator,,Junior,Logistics
R_009485,CV,3,BI Analyst,,Mid,Healthcare
R_009486,CV,2,Technical Product Manager,,Senior,Gaming
R_009487,CV,7,Customer Support Specialist,,Mid,Travel
R_009488,CV,1,FP&A Analyst,,Senior,SaaS
R_009489,CV,0,Software Engineer,,Junior,Healthcare
R_009490,CV,2,Product Manager,,Senior,E-commerce
R_009491,CV,7,Technical Support Specialist,,Junior,Retail
R_009492,CV,6,Operations Manager,,Junior,SaaS
R_009493,CV,3,BI Analyst,,Mid,Healthcare
R_009494,CV,0,Backend Engineer,,Senior,Logistics
R_009495,CV,0,Backend Engineer,,Junior,Travel
R_009496,CV,4,Sales Representative,,Mid,Logistics
R_009497,CV,6,Program Coordinator,,Mid,E-commerce
R_009498,CV,5,Content Marketer,,Senior,SaaS
R_009499,CV,4,Account Executive,,Mid,SaaS
R_009500,CV,5,Performance Marketer,,Mid,EdTech
R_009501,CV,1,Financial Analyst,,Mid,Retail
R_009502,CV,7,Technical Support Specialist,,Mid,EdTech
R_009503,CV,3,Data Analyst,,Mid,SaaS
R_009504,CV,5,Marketing Manager,,Mid,E-commerce
R_009505,CV,7,Technical Support Specialist,,Senior,Travel
R_009506,CV,2,Associate Product Manager,,Mid,Cybersecurity
R_009507,CV,0,Backend Engineer,,Junior,Healthcare
R_009508,CV,7,Customer Support Specialist,,Junior,Gaming
R_009509,CV,1,Junior Accountant,,Mid,EdTech
R_009510,CV,4,Account Executive,,Junior,Cybersecurity
R_009511,CV,1,FP&A Analyst,,Junior,SaaS
R_009512,CV,3,Data Analyst,,Senior,EdTech
R_009513,CV,5,Content Marketer,,Mid,EdTech
R_009514,CV,3,BI Analyst,,Mid,EdTech
R_009515,CV,5,Performance Marketer,,Mid,E-commerce
R_009516,CV,7,Customer Support Specialist,,Junior,Cybersecurity
R_009517,CV,7,Customer Support Specialist,,Senior,Cybersecurity
R_009518,CV,5,Marketing Manager,,Senior,Travel
R_009519,CV,5,Performance Marketer,,Senior,Retail
R_009520,CV,4,Business Development Manager,,Mid,Retail
R_009521,CV,1,Junior Accountant,,Junior,EdTech
R_009522,CV,0,Backend Engineer,,Junior,E-commerce
R_009523,CV,0,Backend Engineer,,Senior,Logistics
R_009524,CV,2,Product Manager,,Junior,Gaming
R_009525,CV,1,Junior Accountant,,Mid,SaaS
R_009526,CV,1,FP&A Analyst,,Junior,Travel
R_009527,CV,4,Sales Representative,,Senior,Logistics
R_009528,CV,7,Customer Success Associate,,Mid,Logistics
R_009529,CV,1,FP&A Analyst,,Senior,SaaS
R_009530,CV,1,FP&A Analyst,,Mid,E-commerce
R_009531,CV,4,Business Development Manager,,Senior,Retail
R_009532,CV,5,Content Marketer,,Mid,Retail
R_009533,CV,4,Account Executive,,Mid,EdTech
R_009534,CV,4,Sales Representative,,Junior,Cybersecurity
R_009535,CV,0,Full Stack Engineer,,Mid,Healthcare
R_009536,CV,3,Business Analyst,,Senior,E-commerce
R_009537,CV,6,Program Coordinator,,Senior,Cybersecurity
R_009538,CV,5,Performance Marketer,,Senior,Retail
R_009539,CV,5,Marketing Manager,,Junior,Travel
R_009540,CV,1,Junior Accountant,,Mid,EdTech
R_009541,CV,2,Associate Product Manager,,Mid,Travel
R_009542,CV,3,Business Analyst,,Mid,EdTech
R_009543,CV,0,Backend Engineer,,Senior,Cybersecurity
R_009544,CV,3,Business Analyst,,Mid,E-commerce
R_009545,CV,4,Sales Representative,,Mid,EdTech
R_009546,CV,5,Marketing Manager,,Junior,Cybersecurity
R_009547,CV,4,Account Executive,,Junior,Gaming
R_009548,CV,3,Data Analyst,,Mid,Travel
R_009549,CV,4,Account Executive,,Mid,Retail
R_009550,CV,6,Program Coordinator,,Junior,EdTech
R_009551,CV,3,Business Analyst,,Senior,Logistics
R_009552,CV,2,Associate Product Manager,,Junior,Healthcare
R_009553,CV,0,Backend Engineer,,Senior,EdTech
R_009554,CV,0,Full Stack Engineer,,Senior,SaaS
R_009555,CV,1,Financial Analyst,,Mid,Gaming
R_009556,CV,7,Customer Success Associate,,Senior,E-commerce
R_009557,CV,5,Marketing Manager,,Junior,FinTech
R_009558,CV,5,Content Marketer,,Senior,Travel
R_009559,CV,1,FP&A Analyst,,Mid,Travel
R_009560,CV,6,Project Manager,,Mid,Travel
R_009561,CV,0,Software Engineer,,Mid,SaaS
R_009562,CV,3,Data Analyst,,Mid,EdTech
R_009563,CV,1,Financial Analyst,,Junior,Travel
R_009564,CV,0,Full Stack Engineer,,Mid,EdTech
R_009565,CV,1,FP&A Analyst,,Mid,Healthcare
R_009566,CV,5,Performance Marketer,,Junior,EdTech
R_009567,CV,4,Sales Representative,,Junior,E-commerce
R_009568,CV,2,Technical Product Manager,,Senior,Cybersecurity
R_009569,CV,3,Business Analyst,,Senior,Retail
R_009570,CV,0,Backend Engineer,,Mid,Retail
R_009571,CV,3,BI Analyst,,Mid,Travel
R_009572,CV,2,Technical Product Manager,,Senior,EdTech
R_009573,CV,1,Financial Analyst,,Mid,Gaming
R_009574,CV,3,Business Analyst,,Junior,Healthcare
R_009575,CV,5,Performance Marketer,,Senior,Gaming
R_009576,CV,6,Operations Manager,,Senior,Logistics
R_009577,CV,7,Technical Support Specialist,,Senior,FinTech
R_009578,CV,5,Marketing Manager,,Mid,Logistics
R_009579,CV,5,Marketing Manager,,Senior,Retail
R_009580,CV,4,Account Executive,,Senior,Retail
R_009581,CV,2,Technical Product Manager,,Senior,Logistics
R_009582,CV,0,Software Engineer,,Senior,EdTech
R_009583,CV,3,Business Analyst,,Mid,Cybersecurity
R_009584,CV,4,Sales Representative,,Junior,SaaS
R_009585,CV,6,Operations Manager,,Senior,Logistics
R_009586,CV,3,Data Analyst,,Mid,Gaming
R_009587,CV,1,FP&A Analyst,,Senior,E-commerce
R_009588,CV,0,Full Stack Engineer,,Senior,Travel
R_009589,CV,2,Product Manager,,Junior,Gaming
R_009590,CV,0,Full Stack Engineer,,Senior,Gaming
R_009591,CV,7,Technical Support Specialist,,Junior,Retail
R_009592,CV,5,Marketing Manager,,Junior,Healthcare
R_009593,CV,3,Data Analyst,,Junior,Healthcare
R_009594,CV,5,Content Marketer,,Senior,Travel
R_009595,CV,6,Operations Manager,,Junior,Cybersecurity
R_009596,CV,0,Backend Engineer,,Mid,Logistics
R_009597,CV,7,Customer Support Specialist,,Senior,Retail
R_009598,CV,4,Business Development Manager,,Junior,E-commerce
R_009599,CV,5,Content Marketer,,Mid,Travel
R_009600,CV,0,Software Engineer,,Senior,Cybersecurity
R_009601,CV,4,Sales Representative,,Junior,Gaming
R_009602,CV,3,Business Analyst,,Junior,Gaming
R_009603,CV,2,Technical Product Manager,,Mid,SaaS
R_009604,CV,5,Performance Marketer,,Junior,E-commerce
R_009605,CV,7,Technical Support Specialist,,Senior,Logistics
R_009606,CV,6,Program Coordinator,,Mid,E-commerce
R_009607,CV,2,Technical Product Manager,,Mid,E-commerce
R_009608,CV,6,Program Coordinator,,Senior,Gaming
R_009609,CV,4,Sales Representative,,Junior,Travel
R_009610,CV,2,Product Manager,,Senior,FinTech
R_009611,CV,4,Business Development Manager,,Junior,Travel
R_009612,CV,6,Operations Manager,,Junior,Retail
R_009613,CV,4,Sales Representative,,Senior,Logistics
R_009614,CV,7,Technical Support Specialist,,Mid,Healthcare
R_009615,CV,4,Sales Representative,,Junior,FinTech
R_009616,CV,5,Performance Marketer,,Junior,Travel
R_009617,CV,4,Business Development Manager,,Senior,EdTech
R_009618,CV,4,Business Development Manager,,Senior,Travel
R_009619,CV,4,Business Development Manager,,Mid,Healthcare
R_009620,CV,0,Full Stack Engineer,,Mid,Gaming
R_009621,CV,6,Program Coordinator,,Mid,Healthcare
R_009622,CV,5,Content Marketer,,Mid,Retail
R_009623,CV,2,Product Manager,,Mid,E-commerce
R_009624,CV,6,Project Manager,,Mid,Travel
R_009625,CV,7,Customer Success Associate,,Mid,SaaS
R_009626,CV,5,Performance Marketer,,Mid,Cybersecurity
R_009627,CV,2,Product Manager,,Junior,EdTech
R_009628,CV,5,Performance Marketer,,Junior,Retail
R_009629,CV,4,Business Development Manager,,Junior,FinTech
R_009630,CV,2,Associate Product Manager,,Junior,Travel
R_009631,CV,3,BI Analyst,,Senior,Healthcare
R_009632,CV,3,Business Analyst,,Senior,SaaS
R_009633,CV,6,Operations Manager,,Mid,Logistics
R_009634,CV,0,Full Stack Engineer,,Senior,FinTech
R_009635,CV,2,Product Manager,,Mid,Gaming
R_009636,CV,5,Marketing Manager,,Senior,Cybersecurity
R_009637,CV,7,Technical Support Specialist,,Mid,Cybersecurity
R_009638,CV,0,Full Stack Engineer,,Mid,EdTech
R_009639,CV,6,Operations Manager,,Senior,SaaS
R_009640,CV,4,Business Development Manager,,Mid,Healthcare
R_009641,CV,7,Customer Success Associate,,Senior,FinTech
R_009642,CV,6,Operations Manager,,Junior,E-commerce
R_009643,CV,6,Project Manager,,Junior,EdTech
R_009644,CV,3,BI Analyst,,Junior,SaaS
R_009645,CV,3,BI Analyst,,Mid,Logistics
R_009646,CV,5,Content Marketer,,Senior,EdTech
R_009647,CV,2,Product Manager,,Mid,E-commerce
R_009648,CV,7,Customer Success Associate,,Mid,Logistics
R_009649,CV,1,Junior Accountant,,Mid,Healthcare
R_009650,CV,7,Technical Support Specialist,,Senior,FinTech
R_009651,CV,5,Performance Marketer,,Junior,EdTech
R_009652,CV,3,BI Analyst,,Senior,Retail
R_009653,CV,2,Product Manager,,Junior,SaaS
R_009654,CV,6,Operations Manager,,Senior,EdTech
R_009655,CV,5,Marketing Manager,,Junior,FinTech
R_009656,CV,2,Product Manager,,Mid,Cybersecurity
R_009657,CV,3,Data Analyst,,Senior,Cybersecurity
R_009658,CV,0,Software Engineer,,Senior,Gaming
R_009659,CV,6,Program Coordinator,,Junior,Gaming
R_009660,CV,6,Operations Manager,,Junior,Logistics
R_009661,CV,7,Customer Support Specialist,,Senior,Logistics
R_009662,CV,6,Program Coordinator,,Junior,Logistics
R_009663,CV,3,BI Analyst,,Senior,E-commerce
R_009664,CV,3,BI Analyst,,Junior,E-commerce
R_009665,CV,6,Project Manager,,Junior,Retail
R_009666,CV,5,Content Marketer,,Mid,Gaming
R_009667,CV,2,Technical Product Manager,,Junior,FinTech
R_009668,CV,0,Full Stack Engineer,,Junior,Travel
R_009669,CV,0,Full Stack Engineer,,Mid,FinTech
R_009670,CV,5,Content Marketer,,Senior,Retail
R_009671,CV,7,Customer Support Specialist,,Junior,EdTech
R_009672,CV,2,Product Manager,,Junior,Healthcare
R_009673,CV,3,BI Analyst,,Junior,Travel
R_009674,CV,3,Business Analyst,,Mid,Logistics
R_009675,CV,4,Account Executive,,Senior,FinTech
R_009676,CV,5,Content Marketer,,Junior,Logistics
R_009677,CV,7,Technical Support Specialist,,Junior,E-commerce
R_009678,CV,5,Content Marketer,,Senior,Travel
R_009679,CV,3,BI Analyst,,Senior,EdTech
R_009680,CV,3,Business Analyst,,Junior,Retail
R_009681,CV,6,Project Manager,,Senior,E-commerce
R_009682,CV,6,Project Manager,,Senior,Cybersecurity
R_009683,CV,7,Technical Support Specialist,,Mid,Gaming
R_009684,CV,1,FP&A Analyst,,Senior,Travel
R_009685,CV,5,Performance Marketer,,Senior,Logistics
R_009686,CV,3,Data Analyst,,Senior,Logistics
R_009687,CV,1,Junior Accountant,,Junior,E-commerce
R_009688,CV,6,Project Manager,,Junior,Healthcare
R_009689,CV,1,Junior Accountant,,Senior,FinTech
R_009690,CV,1,Financial Analyst,,Junior,Logistics
R_009691,CV,4,Sales Representative,,Senior,FinTech
R_009692,CV,1,Financial Analyst,,Senior,Gaming
R_009693,CV,0,Backend Engineer,,Mid,E-commerce
R_009694,CV,3,Business Analyst,,Senior,Retail
R_009695,CV,2,Associate Product Manager,,Mid,EdTech
R_009696,CV,5,Content Marketer,,Junior,Retail
R_009697,CV,4,Sales Representative,,Mid,E-commerce
R_009698,CV,0,Backend Engineer,,Senior,Travel
R_009699,CV,3,BI Analyst,,Senior,Logistics
R_009700,CV,7,Technical Support Specialist,,Mid,Logistics
R_009701,CV,6,Project Manager,,Mid,Retail
R_009702,CV,2,Technical Product Manager,,Junior,Retail
R_009703,CV,3,BI Analyst,,Senior,FinTech
R_009704,CV,0,Software Engineer,,Junior,Travel
R_009705,CV,7,Customer Success Associate,,Mid,FinTech
R_009706,CV,0,Full Stack Engineer,,Junior,Cybersecurity
R_009707,CV,5,Marketing Manager,,Senior,SaaS
R_009708,CV,1,Junior Accountant,,Mid,Cybersecurity
R_009709,CV,4,Sales Representative,,Junior,SaaS
R_009710,CV,5,Performance Marketer,,Junior,Logistics
R_009711,CV,1,Junior Accountant,,Junior,EdTech
R_009712,CV,0,Full Stack Engineer,,Mid,EdTech
R_009713,CV,1,FP&A Analyst,,Mid,EdTech
R_009714,CV,7,Customer Support Specialist,,Senior,Logistics
R_009715,CV,3,BI Analyst,,Mid,Cybersecurity
R_009716,CV,2,Product Manager,,Junior,Gaming
R_009717,CV,7,Customer Support Specialist,,Senior,Healthcare
R_009718,CV,2,Product Manager,,Mid,Cybersecurity
R_009719,CV,1,FP&A Analyst,,Junior,SaaS
R_009720,CV,3,BI Analyst,,Mid,FinTech
R_009721,CV,3,Data Analyst,,Senior,Cybersecurity
R_009722,CV,7,Customer Success Associate,,Senior,SaaS
R_009723,CV,5,Marketing Manager,,Junior,Gaming
R_009724,CV,7,Customer Support Specialist,,Mid,FinTech
R_009725,CV,0,Full Stack Engineer,,Junior,Healthcare
R_009726,CV,5,Marketing Manager,,Senior,Logistics
R_009727,CV,0,Full Stack Engineer,,Mid,Retail
R_009728,CV,1,FP&A Analyst,,Mid,E-commerce
R_009729,CV,1,Financial Analyst,,Mid,SaaS
R_009730,CV,5,Marketing Manager,,Senior,Travel
R_009731,CV,6,Program Coordinator,,Junior,E-commerce
R_009732,CV,3,BI Analyst,,Junior,Gaming
R_009733,CV,2,Associate Product Manager,,Senior,Travel
R_009734,CV,3,Business Analyst,,Mid,Retail
R_009735,CV,7,Customer Support Specialist,,Junior,Retail
R_009736,CV,5,Content Marketer,,Junior,FinTech
R_009737,CV,0,Full Stack Engineer,,Senior,Travel
R_009738,CV,1,FP&A Analyst,,Mid,SaaS
R_009739,CV,4,Account Executive,,Senior,Logistics
R_009740,CV,4,Business Development Manager,,Mid,Gaming
R_009741,CV,7,Customer Support Specialist,,Senior,E-commerce
R_009742,CV,1,Financial Analyst,,Senior,Retail
R_009743,CV,0,Full Stack Engineer,,Mid,Gaming
R_009744,CV,7,Customer Success Associate,,Mid,Gaming
R_009745,CV,3,Data Analyst,,Senior,Gaming
R_009746,CV,7,Customer Success Associate,,Senior,Logistics
R_009747,CV,2,Technical Product Manager,,Junior,FinTech
R_009748,CV,3,Data Analyst,,Junior,Healthcare
R_009749,CV,4,Sales Representative,,Mid,Healthcare
R_009750,CV,2,Product Manager,,Mid,Healthcare
R_009751,CV,7,Technical Support Specialist,,Senior,Logistics
R_009752,CV,7,Technical Support Specialist,,Junior,EdTech
R_009753,CV,2,Technical Product Manager,,Junior,Healthcare
R_009754,CV,5,Content Marketer,,Junior,Healthcare
R_009755,CV,6,Program Coordinator,,Junior,Gaming
R_009756,CV,6,Program Coordinator,,Senior,EdTech
R_009757,CV,0,Full Stack Engineer,,Mid,E-commerce
R_009758,CV,7,Technical Support Specialist,,Mid,EdTech
R_009759,CV,1,Junior Accountant,,Mid,Logistics
R_009760,CV,5,Marketing Manager,,Mid,Cybersecurity
R_009761,CV,3,BI Analyst,,Senior,Logistics
R_009762,CV,0,Software Engineer,,Mid,SaaS
R_009763,CV,5,Marketing Manager,,Junior,SaaS
R_009764,CV,6,Project Manager,,Mid,Logistics
R_009765,CV,2,Product Manager,,Senior,Healthcare
R_009766,CV,5,Performance Marketer,,Senior,SaaS
R_009767,CV,0,Software Engineer,,Senior,Gaming
R_009768,CV,6,Project Manager,,Mid,FinTech
R_009769,CV,7,Technical Support Specialist,,Mid,Gaming
R_009770,CV,7,Customer Support Specialist,,Mid,EdTech
R_009771,CV,5,Performance Marketer,,Mid,Logistics
R_009772,CV,4,Business Development Manager,,Senior,FinTech
R_009773,CV,2,Product Manager,,Junior,Cybersecurity
R_009774,CV,1,Junior Accountant,,Junior,Cybersecurity
R_009775,CV,1,Financial Analyst,,Mid,Logistics
R_009776,CV,1,Junior Accountant,,Senior,Retail
R_009777,CV,2,Associate Product Manager,,Senior,Gaming
R_009778,CV,2,Associate Product Manager,,Mid,Logistics
R_009779,CV,7,Customer Support Specialist,,Senior,Healthcare
R_009780,CV,5,Performance Marketer,,Mid,Gaming
R_009781,CV,6,Project Manager,,Mid,E-commerce
R_009782,CV,6,Operations Manager,,Junior,EdTech
R_009783,CV,6,Program Coordinator,,Mid,Gaming
R_009784,CV,4,Sales Representative,,Senior,Healthcare
R_009785,CV,2,Product Manager,,Mid,Cybersecurity
R_009786,CV,1,FP&A Analyst,,Senior,Cybersecurity
R_009787,CV,4,Sales Representative,,Junior,FinTech
R_009788,CV,7,Customer Success Associate,,Junior,Retail
R_009789,CV,7,Customer Success Associate,,Mid,Cybersecurity
R_009790,CV,0,Software Engineer,,Senior,Travel
R_009791,CV,6,Project Manager,,Junior,EdTech
R_009792,CV,2,Technical Product Manager,,Junior,Travel
R_009793,CV,6,Operations Manager,,Mid,Cybersecurity
R_009794,CV,1,FP&A Analyst,,Senior,E-commerce
R_009795,CV,3,Business Analyst,,Senior,Gaming
R_009796,CV,0,Backend Engineer,,Junior,Gaming
R_009797,CV,2,Technical Product Manager,,Junior,Logistics
R_009798,CV,3,Business Analyst,,Junior,Travel
R_009799,CV,0,Backend Engineer,,Junior,EdTech
R_009800,CV,4,Account Executive,,Mid,EdTech
R_009801,CV,1,Financial Analyst,,Junior,Gaming
R_009802,CV,2,Technical Product Manager,,Senior,FinTech
R_009803,CV,0,Software Engineer,,Junior,Retail
R_009804,CV,4,Sales Representative,,Junior,Retail
R_009805,CV,2,Product Manager,,Mid,Retail
R_009806,CV,4,Sales Representative,,Senior,Travel
R_009807,CV,0,Software Engineer,,Senior,FinTech
R_009808,CV,6,Program Coordinator,,Junior,Healthcare
R_009809,CV,6,Program Coordinator,,Junior,Retail
R_009810,CV,3,BI Analyst,,Mid,Healthcare
R_009811,CV,3,Business Analyst,,Junior,E-commerce
R_009812,CV,4,Business Development Manager,,Mid,FinTech
R_009813,CV,6,Program Coordinator,,Junior,Retail
R_009814,CV,0,Full Stack Engineer,,Mid,Travel
R_009815,CV,7,Customer Success Associate,,Mid,Gaming
R_009816,CV,3,Business Analyst,,Junior,Logistics
R_009817,CV,4,Business Development Manager,,Junior,SaaS
R_009818,CV,2,Technical Product Manager,,Junior,FinTech
R_009819,CV,0,Full Stack Engineer,,Senior,EdTech
R_009820,CV,7,Customer Success Associate,,Junior,Retail
R_009821,CV,4,Account Executive,,Senior,E-commerce
R_009822,CV,2,Technical Product Manager,,Mid,EdTech
R_009823,CV,5,Performance Marketer,,Senior,EdTech
R_009824,CV,4,Business Development Manager,,Mid,Gaming
R_009825,CV,0,Software Engineer,,Mid,Logistics
R_009826,CV,7,Customer Support Specialist,,Junior,SaaS
R_009827,CV,3,BI Analyst,,Senior,SaaS
R_009828,CV,2,Technical Product Manager,,Senior,Logistics
R_009829,CV,7,Customer Support Specialist,,Senior,Gaming
R_009830,CV,1,FP&A Analyst,,Senior,FinTech
R_009831,CV,1,Financial Analyst,,Senior,Gaming
R_009832,CV,7,Customer Success Associate,,Senior,SaaS
R_009833,CV,5,Content Marketer,,Junior,Travel
R_009834,CV,6,Project Manager,,Senior,FinTech
R_009835,CV,2,Technical Product Manager,,Senior,E-commerce
R_009836,CV,3,Business Analyst,,Senior,Logistics
R_009837,CV,4,Sales Representative,,Mid,EdTech
R_009838,CV,1,FP&A Analyst,,Mid,Healthcare
R_009839,CV,0,Backend Engineer,,Senior,Retail
R_009840,CV,5,Content Marketer,,Mid,SaaS
R_009841,CV,3,Data Analyst,,Junior,Travel
R_009842,CV,7,Customer Success Associate,,Junior,SaaS
R_009843,CV,4,Account Executive,,Mid,E-commerce
R_009844,CV,2,Associate Product Manager,,Mid,EdTech
R_009845,CV,5,Performance Marketer,,Mid,EdTech
R_009846,CV,2,Associate Product Manager,,Senior,Travel
R_009847,CV,4,Account Executive,,Junior,Gaming
R_009848,CV,5,Performance Marketer,,Junior,Logistics
R_009849,CV,1,Junior Accountant,,Senior,Travel
R_009850,CV,7,Technical Support Specialist,,Junior,Travel
R_009851,CV,2,Associate Product Manager,,Mid,EdTech
R_009852,CV,5,Content Marketer,,Junior,Retail
R_009853,CV,0,Full Stack Engineer,,Junior,E-commerce
R_009854,CV,7,Technical Support Specialist,,Junior,Cybersecurity
R_009855,CV,1,FP&A Analyst,,Senior,Gaming
R_009856,CV,6,Project Manager,,Mid,EdTech
R_009857,CV,7,Technical Support Specialist,,Mid,SaaS
R_009858,CV,0,Software Engineer,,Junior,Logistics
R_009859,CV,3,Business Analyst,,Senior,Gaming
R_009860,CV,7,Customer Support Specialist,,Mid,Retail
R_009861,CV,4,Account Executive,,Mid,Logistics
R_009862,CV,1,Junior Accountant,,Junior,Healthcare
R_009863,CV,3,Business Analyst,,Junior,Healthcare
R_009864,CV,4,Business Development Manager,,Senior,Gaming
R_009865,CV,6,Operations Manager,,Mid,Cybersecurity
R_009866,CV,7,Customer Support Specialist,,Junior,Healthcare
R_009867,CV,2,Associate Product Manager,,Mid,SaaS
R_009868,CV,7,Customer Support Specialist,,Junior,EdTech
R_009869,CV,2,Technical Product Manager,,Junior,Healthcare
R_009870,CV,2,Product Manager,,Mid,Travel
R_009871,CV,3,Business Analyst,,Senior,Retail
R_009872,CV,3,Data Analyst,,Senior,Cybersecurity
R_009873,CV,3,BI Analyst,,Junior,Healthcare
R_009874,CV,3,Data Analyst,,Senior,Retail
R_009875,CV,2,Product Manager,,Junior,Gaming
R_009876,CV,6,Operations Manager,,Mid,E-commerce
R_009877,CV,4,Sales Representative,,Senior,Logistics
R_009878,CV,0,Backend Engineer,,Senior,E-commerce
R_009879,CV,5,Marketing Manager,,Mid,Travel
R_009880,CV,3,Business Analyst,,Senior,FinTech
R_009881,CV,6,Operations Manager,,Senior,FinTech
R_009882,CV,2,Associate Product Manager,,Senior,SaaS
R_009883,CV,4,Account Executive,,Senior,Gaming
R_009884,CV,4,Account Executive,,Senior,Cybersecurity
R_009885,CV,3,BI Analyst,,Mid,Healthcare
R_009886,CV,0,Full Stack Engineer,,Mid,Gaming
R_009887,CV,1,Financial Analyst,,Senior,Cybersecurity
R_009888,CV,1,Junior Accountant,,Junior,Logistics
R_009889,CV,1,Junior Accountant,,Junior,E-commerce
R_009890,CV,2,Technical Product Manager,,Mid,Travel
R_009891,CV,2,Product Manager,,Junior,SaaS
R_009892,CV,3,Business Analyst,,Mid,SaaS
R_009893,CV,2,Associate Product Manager,,Mid,Logistics
R_009894,CV,2,Technical Product Manager,,Senior,Logistics
R_009895,CV,1,Junior Accountant,,Mid,Logistics
R_009896,CV,3,Business Analyst,,Mid,FinTech
R_009897,CV,1,Junior Accountant,,Junior,Logistics
R_009898,CV,4,Sales Representative,,Mid,Healthcare
R_009899,CV,7,Customer Success Associate,,Senior,Cybersecurity
R_009900,CV,4,Account Executive,,Mid,Retail
R_009901,CV,5,Marketing Manager,,Senior,SaaS
R_009902,CV,0,Software Engineer,,Senior,Healthcare
R_009903,CV,1,Junior Accountant,,Senior,Healthcare
R_009904,CV,0,Backend Engineer,,Senior,SaaS
R_009905,CV,6,Project Manager,,Junior,EdTech
R_009906,CV,0,Software Engineer,,Mid,Healthcare
R_009907,CV,4,Sales Representative,,Junior,Healthcare
R_009908,CV,2,Technical Product Manager,,Senior,Travel
R_009909,CV,6,Operations Manager,,Mid,Logistics
R_009910,CV,5,Performance Marketer,,Mid,Gaming
R_009911,CV,35,Backend Engineer,,Senior,Cybersecurity
R_009912,CV,4,Business Development Manager,,Senior,Cybersecurity
R_009913,CV,3,Data Analyst,,Mid,Healthcare
R_009914,CV,1,FP&A Analyst,,Mid,Logistics
R_009915,CV,3,BI Analyst,,Senior,Retail
R_009916,CV,4,Sales Representative,,Junior,Retail
R_009917,CV,3,Data Analyst,,Senior,Gaming
R_009918,CV,2,Technical Product Manager,,Mid,E-commerce
R_009919,CV,3,Business Analyst,,Junior,FinTech
R_009920,CV,5,Content Marketer,,Junior,Retail
R_009921,CV,7,Customer Support Specialist,,Senior,Healthcare
R_009922,CV,5,Marketing Manager,,Junior,E-commerce
R_009923,CV,1,Junior Accountant,,Senior,E-commerce
R_009924,CV,5,Marketing Manager,,Mid,Gaming
R_009925,CV,5,Marketing Manager,,Junior,Retail
R_009926,CV,1,FP&A Analyst,,Junior,Healthcare
R_009927,CV,7,Technical Support Specialist,,Senior,Logistics
R_009928,CV,2,Product Manager,,Mid,Healthcare
R_009929,CV,5,Content Marketer,,Senior,Gaming
R_009930,CV,2,Associate Product Manager,,Junior,Travel
R_009931,CV,0,Software Engineer,,Junior,Retail
R_009932,CV,3,BI Analyst,,Junior,EdTech
R_009933,CV,7,Customer Support Specialist,,Junior,Travel
R_009934,CV,1,FP&A Analyst,,Mid,Healthcare
R_009935,CV,0,Full Stack Engineer,,Mid,Cybersecurity
R_009936,CV,6,Project Manager,,Senior,Gaming
R_009937,CV,6,Operations Manager,,Mid,EdTech
R_009938,CV,4,Business Development Manager,,Junior,Healthcare
R_009939,CV,2,Product Manager,,Senior,SaaS
R_009940,CV,5,Performance Marketer,,Senior,Cybersecurity
R_009941,CV,7,Customer Success Associate,,Mid,Retail
R_009942,CV,6,Project Manager,,Junior,E-commerce
R_009943,CV,6,Operations Manager,,Senior,E-commerce
R_009944,CV,2,Product Manager,,Senior,Gaming
R_009945,CV,5,Content Marketer,,Mid,SaaS
R_009946,CV,0,Backend Engineer,,Mid,Logistics
R_009947,CV,1,Junior Accountant,,Senior,Gaming
R_009948,CV,5,Marketing Manager,,Mid,Travel
R_009949,CV,6,Program Coordinator,,Senior,Gaming
R_009950,CV,36,Technical Product Manager,,Senior,Gaming
R_009951,CV,4,Sales Representative,,Mid,Cybersecurity
R_009952,CV,7,Technical Support Specialist,,Junior,Gaming
R_009953,CV,4,Business Development Manager,,Mid,SaaS
R_009954,CV,3,Data Analyst,,Senior,Travel
R_009955,CV,2,Associate Product Manager,,Senior,Gaming
R_009956,CV,5,Performance Marketer,,Mid,Travel
R_009957,CV,1,FP&A Analyst,,Senior,Gaming
R_009958,CV,7,Customer Support Specialist,,Senior,Healthcare
R_009959,CV,5,Marketing Manager,,Senior,SaaS
R_009960,CV,6,Project Manager,,Junior,Healthcare
R_009961,CV,4,Sales Representative,,Mid,Logistics
R_009962,CV,4,Sales Representative,,Junior,Gaming
R_009963,CV,4,Sales Representative,,Senior,Gaming
R_009964,CV,6,Project Manager,,Junior,Gaming
R_009965,CV,2,Associate Product Manager,,Senior,Logistics
R_009966,CV,6,Project Manager,,Junior,SaaS
R_009967,CV,3,BI Analyst,,Junior,FinTech
R_009968,CV,6,Operations Manager,,Senior,Logistics
R_009969,CV,0,Full Stack Engineer,,Mid,Logistics
R_009970,CV,0,Full Stack Engineer,,Senior,Cybersecurity
R_009971,CV,3,Business Analyst,,Mid,Healthcare
R_009972,CV,3,Business Analyst,,Senior,Logistics
R_009973,CV,6,Project Manager,,Senior,Gaming
R_009974,CV,7,Technical Support Specialist,,Mid,FinTech
R_009975,CV,0,Backend Engineer,,Junior,Logistics
R_009976,CV,7,Customer Success Associate,,Junior,EdTech
R_009977,CV,4,Business Development Manager,,Mid,Gaming
R_009978,CV,2,Associate Product Manager,,Mid,Retail
R_009979,CV,7,Technical Support Specialist,,Mid,E-commerce
R_009980,CV,5,Marketing Manager,,Mid,Travel
R_009981,CV,5,Performance Marketer,,Mid,E-commerce
R_009982,CV,2,Technical Product Manager,,Mid,Travel
R_009983,CV,4,Business Development Manager,,Mid,EdTech
R_009984,CV,1,Financial Analyst,,Senior,Travel
R_009985,CV,4,Account Executive,,Junior,Healthcare
R_009986,CV,0,Software Engineer,,Junior,Gaming
R_009987,CV,2,Technical Product Manager,,Junior,Travel
R_009988,CV,2,Associate Product Manager,,Junior,Travel
R_009989,CV,7,Customer Success Associate,,Junior,EdTech
R_009990,CV,5,Marketing Manager,,Mid,EdTech
R_009991,CV,0,Software Engineer,,Senior,EdTech
R_009992,CV,4,Sales Representative,,Mid,Travel
R_009993,CV,1,Financial Analyst,,Mid,E-commerce
R_009994,CV,1,Junior Accountant,,Senior,Gaming
R_009995,CV,1,FP&A Analyst,,Mid,Retail
R_009996,CV,7,Customer Success Associate,,Senior,SaaS
R_009997,CV,4,Account Executive,,Junior,E-commerce
R_009998,CV,7,Customer Success Associate,,Senior,FinTech
R_009999,CV,6,Operations Manager,,Senior,Cybersecurity
J_000000,Job,6,,Project Manager,Senior,Retail
J_000001,Job,7,,Customer Success Associate,Senior,EdTech
J_000002,Job,1,,FP&A Analyst,Junior,Travel
J_000003,Job,0,,Full Stack Engineer,Junior,Cybersecurity
J_000004,Job,2,,Associate Product Manager,Senior,SaaS
J_000005,Job,4,,Sales Representative,Senior,Healthcare
J_000006,Job,7,,Customer Success Associate,Mid,E-commerce
J_000007,Job,3,,BI Analyst,Senior,FinTech
J_000008,Job,5,,Content Marketer,Senior,Logistics
J_000009,Job,6,,Project Manager,Mid,Cybersecurity
J_000010,Job,6,,Program Coordinator,Senior,Healthcare
J_000011,Job,1,,Junior Accountant,Junior,Healthcare
J_000012,Job,3,,BI Analyst,Mid,E-commerce
J_000013,Job,3,,Business Analyst,Senior,Gaming
J_000014,Job,6,,Project Manager,Junior,Travel
J_000015,Job,7,,Customer Success Associate,Senior,Retail
J_000016,Job,1,,Financial Analyst,Mid,EdTech
J_000017,Job,7,,Technical Support Specialist,Junior,Cybersecurity
J_000018,Job,7,,Technical Support Specialist,Junior,E-commerce
J_000019,Job,6,,Project Manager,Mid,Logistics
J_000020,Job,4,,Business Development Manager,Senior,Retail
J_000021,Job,6,,Program Coordinator,Senior,Healthcare
J_000022,Job,1,,Junior Accountant,Mid,SaaS
J_000023,Job,6,,Program Coordinator,Senior,Gaming
J_000024,Job,5,,Performance Marketer,Senior,Healthcare
J_000025,Job,0,,Backend Engineer,Senior,Logistics
J_000026,Job,3,,BI Analyst,Mid,SaaS
J_000027,Job,4,,Business Development Manager,Senior,Healthcare
J_000028,Job,0,,Backend Engineer,Senior,FinTech
J_000029,Job,3,,Data Analyst,Junior,Healthcare
J_000030,Job,0,,Backend Engineer,Senior,E-commerce
J_000031,Job,3,,Business Analyst,Mid,Gaming
J_000032,Job,4,,Account Executive,Senior,Gaming
J_000033,Job,0,,Software Engineer,Mid,Travel
J_000034,Job,0,,Backend Engineer,Junior,FinTech
J_000035,Job,2,,Technical Product Manager,Junior,Logistics
J_000036,Job,0,,Full Stack Engineer,Junior,Logistics
J_000037,Job,6,,Program Coordinator,Junior,EdTech
J_000038,Job,4,,Business Development Manager,Senior,Cybersecurity
J_000039,Job,4,,Sales Representative,Senior,Gaming
J_000040,Job,3,,Business Analyst,Junior,Cybersecurity
J_000041,Job,2,,Associate Product Manager,Junior,FinTech
J_000042,Job,7,,Customer Support Specialist,Mid,Logistics
J_000043,Job,4,,Account Executive,Senior,E-commerce
J_000044,Job,3,,Business Analyst,Senior,Cybersecurity
J_000045,Job,3,,BI Analyst,Senior,SaaS
J_000046,Job,3,,Business Analyst,Senior,Retail
J_000047,Job,3,,Business Analyst,Mid,SaaS
J_000048,Job,1,,FP&A Analyst,Mid,Retail
J_000049,Job,5,,Performance Marketer,Junior,Retail
J_000050,Job,4,,Sales Representative,Mid,E-commerce
J_000051,Job,2,,Associate Product Manager,Mid,Logistics
J_000052,Job,1,,Junior Accountant,Mid,Healthcare
J_000053,Job,7,,Customer Success Associate,Senior,Healthcare
J_000054,Job,3,,BI Analyst,Junior,Cybersecurity
J_000055,Job,4,,Sales Representative,Mid,Healthcare
J_000056,Job,6,,Program Coordinator,Senior,Travel
J_000057,Job,4,,Sales Representative,Junior,Logistics
J_000058,Job,1,,Financial Analyst,Mid,Travel
J_000059,Job,6,,Program Coordinator,Senior,Healthcare
J_000060,Job,3,,Business Analyst,Mid,Retail
J_000061,Job,7,,Technical Support Specialist,Junior,SaaS
J_000062,Job,1,,Junior Accountant,Mid,Logistics
J_000063,Job,7,,Technical Support Specialist,Senior,Cybersecurity
J_000064,Job,6,,Project Manager,Senior,Retail
J_000065,Job,4,,Business Development Manager,Mid,FinTech
J_000066,Job,0,,Full Stack Engineer,Mid,Healthcare
J_000067,Job,6,,Operations Manager,Mid,Retail
J_000068,Job,5,,Performance Marketer,Senior,Logistics
J_000069,Job,7,,Customer Success Associate,Mid,Healthcare
J_000070,Job,7,,Customer Support Specialist,Mid,Travel
J_000071,Job,4,,Sales Representative,Senior,Logistics
J_000072,Job,0,,Full Stack Engineer,Junior,Gaming
J_000073,Job,3,,Business Analyst,Mid,E-commerce
J_000074,Job,3,,Business Analyst,Senior,FinTech
J_000075,Job,7,,Customer Support Specialist,Senior,Retail
J_000076,Job,1,,FP&A Analyst,Junior,Logistics
J_000077,Job,6,,Project Manager,Senior,SaaS
J_000078,Job,0,,Backend Engineer,Senior,SaaS
J_000079,Job,2,,Technical Product Manager,Senior,Cybersecurity
J_000080,Job,6,,Operations Manager,Junior,Retail
J_000081,Job,3,,Data Analyst,Senior,FinTech
J_000082,Job,2,,Product Manager,Junior,Gaming
J_000083,Job,0,,Software Engineer,Mid,EdTech
J_000084,Job,1,,FP&A Analyst,Senior,FinTech
J_000085,Job,2,,Technical Product Manager,Mid,Travel
J_000086,Job,6,,Project Manager,Junior,Retail
J_000087,Job,7,,Customer Support Specialist,Senior,Cybersecurity
J_000088,Job,7,,Customer Success Associate,Senior,EdTech
J_000089,Job,0,,Full Stack Engineer,Junior,EdTech
J_000090,Job,7,,Customer Support Specialist,Mid,Healthcare
J_000091,Job,0,,Full Stack Engineer,Junior,EdTech
J_000092,Job,5,,Content Marketer,Junior,EdTech
J_000093,Job,7,,Technical Support Specialist,Junior,E-commerce
J_000094,Job,0,,Backend Engineer,Mid,EdTech
J_000095,Job,1,,Junior Accountant,Junior,Retail
J_000096,Job,2,,Associate Product Manager,Senior,EdTech
J_000097,Job,0,,Software Engineer,Senior,EdTech
J_000098,Job,1,,FP&A Analyst,Senior,Travel
J_000099,Job,7,,Technical Support Specialist,Mid,Healthcare
J_000100,Job,0,,Software Engineer,Mid,E-commerce
J_000101,Job,0,,Software Engineer,Junior,Healthcare
J_000102,Job,1,,FP&A Analyst,Junior,FinTech
J_000103,Job,6,,Program Coordinator,Junior,EdTech
J_000104,Job,3,,BI Analyst,Mid,EdTech
J_000105,Job,6,,Project Manager,Mid,Logistics
J_000106,Job,6,,Operations Manager,Senior,E-commerce
J_000107,Job,0,,Backend Engineer,Junior,SaaS
J_000108,Job,3,,Business Analyst,Junior,Logistics
J_000109,Job,1,,FP&A Analyst,Senior,E-commerce
J_000110,Job,2,,Associate Product Manager,Mid,Travel
J_000111,Job,1,,Junior Accountant,Senior,Travel
J_000112,Job,2,,Technical Product Manager,Mid,SaaS
J_000113,Job,6,,Program Coordinator,Mid,Retail
J_000114,Job,5,,Marketing Manager,Senior,Healthcare
J_000115,Job,3,,Business Analyst,Senior,Gaming
J_000116,Job,0,,Software Engineer,Junior,E-commerce
J_000117,Job,4,,Business Development Manager,Junior,SaaS
J_000118,Job,4,,Sales Representative,Senior,Travel
J_000119,Job,0,,Software Engineer,Senior,EdTech
J_000120,Job,1,,Junior Accountant,Senior,EdTech
J_000121,Job,7,,Technical Support Specialist,Senior,Logistics
J_000122,Job,4,,Sales Representative,Senior,Travel
J_000123,Job,3,,Data Analyst,Senior,EdTech
J_000124,Job,0,,Software Engineer,Mid,SaaS
J_000125,Job,5,,Content Marketer,Junior,Travel
J_000126,Job,3,,Data Analyst,Senior,Logistics
J_000127,Job,2,,Product Manager,Junior,Logistics
J_000128,Job,6,,Operations Manager,Senior,Healthcare
J_000129,Job,0,,Software Engineer,Senior,Gaming
J_000130,Job,0,,Backend Engineer,Mid,Healthcare
J_000131,Job,4,,Sales Representative,Mid,E-commerce
J_000132,Job,1,,FP&A Analyst,Mid,SaaS
J_000133,Job,1,,Junior Accountant,Senior,SaaS
J_000134,Job,5,,Content Marketer,Junior,Logistics
J_000135,Job,2,,Associate Product Manager,Junior,Retail
J_000136,Job,7,,Customer Success Associate,Senior,Cybersecurity
J_000137,Job,1,,Junior Accountant,Mid,SaaS
J_000138,Job,6,,Project Manager,Senior,E-commerce
J_000139,Job,2,,Product Manager,Senior,Travel
J_000140,Job,7,,Technical Support Specialist,Junior,Gaming
J_000141,Job,3,,BI Analyst,Senior,Gaming
J_000142,Job,5,,Performance Marketer,Senior,Logistics
J_000143,Job,7,,Technical Support Specialist,Mid,Cybersecurity
J_000144,Job,1,,Financial Analyst,Mid,Healthcare
J_000145,Job,4,,Business Development Manager,Mid,E-commerce
J_000146,Job,4,,Sales Representative,Senior,Travel
J_000147,Job,6,,Operations Manager,Senior,Healthcare
J_000148,Job,7,,Technical Support Specialist,Mid,Retail
J_000149,Job,4,,Sales Representative,Junior,Logistics
J_000150,Job,0,,Backend Engineer,Junior,Logistics
J_000151,Job,3,,Business Analyst,Junior,EdTech
J_000152,Job,1,,Financial Analyst,Junior,Healthcare
J_000153,Job,6,,Operations Manager,Mid,FinTech
J_000154,Job,1,,Financial Analyst,Junior,SaaS
J_000155,Job,2,,Product Manager,Mid,Logistics
J_000156,Job,6,,Operations Manager,Junior,FinTech
J_000157,Job,7,,Customer Success Associate,Senior,SaaS
J_000158,Job,6,,Program Coordinator,Junior,EdTech
J_000159,Job,1,,FP&A Analyst,Senior,Retail
J_000160,Job,4,,Sales Representative,Junior,SaaS
J_000161,Job,0,,Backend Engineer,Mid,Healthcare
J_000162,Job,5,,Performance Marketer,Junior,FinTech
J_000163,Job,7,,Technical Support Specialist,Senior,Cybersecurity
J_000164,Job,4,,Sales Representative,Junior,Gaming
J_000165,Job,6,,Operations Manager,Junior,FinTech
J_000166,Job,7,,Customer Success Associate,Junior,Healthcare
J_000167,Job,5,,Content Marketer,Senior,Travel
J_000168,Job,7,,Technical Support Specialist,Junior,Travel
J_000169,Job,2,,Associate Product Manager,Junior,Travel
J_000170,Job,0,,Backend Engineer,Junior,Cybersecurity
J_000171,Job,1,,FP&A Analyst,Senior,Cybersecurity
J_000172,Job,0,,Backend Engineer,Junior,Cybersecurity
J_000173,Job,2,,Associate Product Manager,Junior,Cybersecurity
J_000174,Job,6,,Program Coordinator,Senior,Healthcare
J_000175,Job,0,,Software Engineer,Junior,Travel
J_000176,Job,7,,Technical Support Specialist,Senior,FinTech
J_000177,Job,5,,Content Marketer,Senior,EdTech
J_000178,Job,3,,Data Analyst,Senior,FinTech
J_000179,Job,7,,Technical Support Specialist,Mid,Healthcare
J_000180,Job,3,,Data Analyst,Senior,Travel
J_000181,Job,3,,BI Analyst,Senior,Retail
J_000182,Job,1,,Financial Analyst,Mid,Cybersecurity
J_000183,Job,6,,Program Coordinator,Junior,Gaming
J_000184,Job,4,,Sales Representative,Senior,Healthcare
J_000185,Job,1,,Financial Analyst,Junior,Cybersecurity
J_000186,Job,3,,Data Analyst,Senior,FinTech
J_000187,Job,2,,Associate Product Manager,Junior,E-commerce
J_000188,Job,7,,Customer Support Specialist,Mid,Gaming
J_000189,Job,0,,Full Stack Engineer,Mid,Retail
J_000190,Job,6,,Program Coordinator,Mid,Cybersecurity
J_000191,Job,3,,Business Analyst,Junior,Logistics
J_000192,Job,2,,Product Manager,Mid,Cybersecurity
J_000193,Job,7,,Customer Support Specialist,Junior,Travel
J_000194,Job,3,,BI Analyst,Senior,Travel
J_000195,Job,1,,FP&A Analyst,Senior,FinTech
J_000196,Job,0,,Software Engineer,Mid,Gaming
J_000197,Job,0,,Backend Engineer,Junior,Cybersecurity
J_000198,Job,7,,Customer Success Associate,Mid,Cybersecurity
J_000199,Job,6,,Project Manager,Mid,Cybersecurity
J_000200,Job,7,,Customer Success Associate,Senior,Gaming
J_000201,Job,1,,FP&A Analyst,Senior,Logistics
J_000202,Job,6,,Program Coordinator,Mid,Travel
J_000203,Job,5,,Performance Marketer,Senior,SaaS
J_000204,Job,2,,Technical Product Manager,Senior,FinTech
J_000205,Job,1,,Junior Accountant,Mid,SaaS
J_000206,Job,3,,Business Analyst,Junior,Healthcare
J_000207,Job,1,,Financial Analyst,Junior,E-commerce
J_000208,Job,4,,Business Development Manager,Senior,EdTech
J_000209,Job,3,,Business Analyst,Senior,Gaming
J_000210,Job,5,,Performance Marketer,Junior,FinTech
J_000211,Job,3,,BI Analyst,Mid,Gaming
J_000212,Job,1,,Junior Accountant,Mid,SaaS
J_000213,Job,3,,Data Analyst,Junior,E-commerce
J_000214,Job,4,,Sales Representative,Senior,Cybersecurity
J_000215,Job,7,,Technical Support Specialist,Junior,Travel
J_000216,Job,2,,Associate Product Manager,Senior,Travel
J_000217,Job,0,,Backend Engineer,Mid,Healthcare
J_000218,Job,3,,Data Analyst,Mid,Healthcare
J_000219,Job,6,,Project Manager,Junior,Retail
J_000220,Job,4,,Account Executive,Mid,EdTech
J_000221,Job,5,,Content Marketer,Junior,Cybersecurity
J_000222,Job,6,,Project Manager,Senior,EdTech
J_000223,Job,7,,Customer Success Associate,Senior,SaaS
J_000224,Job,5,,Content Marketer,Junior,Healthcare
J_000225,Job,1,,Junior Accountant,Mid,E-commerce
J_000226,Job,3,,BI Analyst,Junior,Logistics
J_000227,Job,3,,Data Analyst,Junior,Cybersecurity
J_000228,Job,0,,Backend Engineer,Senior,E-commerce
J_000229,Job,0,,Backend Engineer,Junior,FinTech
J_000230,Job,4,,Sales Representative,Senior,Gaming
J_000231,Job,0,,Full Stack Engineer,Mid,Logistics
J_000232,Job,1,,Financial Analyst,Junior,Gaming
J_000233,Job,3,,Data Analyst,Mid,Healthcare
J_000234,Job,3,,Business Analyst,Senior,SaaS
J_000235,Job,7,,Technical Support Specialist,Mid,Healthcare
J_000236,Job,5,,Performance Marketer,Mid,Gaming
J_000237,Job,1,,Junior Accountant,Mid,SaaS
J_000238,Job,0,,Full Stack Engineer,Junior,E-commerce
J_000239,Job,0,,Backend Engineer,Junior,Logistics
J_000240,Job,4,,Sales Representative,Junior,SaaS
J_000241,Job,7,,Customer Success Associate,Mid,Travel
J_000242,Job,7,,Technical Support Specialist,Mid,SaaS
J_000243,Job,5,,Marketing Manager,Mid,Cybersecurity
J_000244,Job,3,,BI Analyst,Senior,Logistics
J_000245,Job,7,,Customer Support Specialist,Junior,EdTech
J_000246,Job,2,,Associate Product Manager,Senior,Travel
J_000247,Job,4,,Business Development Manager,Junior,FinTech
J_000248,Job,1,,Financial Analyst,Mid,Logistics
J_000249,Job,6,,Program Coordinator,Senior,Healthcare
J_000250,Job,7,,Customer Support Specialist,Mid,E-commerce
J_000251,Job,5,,Content Marketer,Senior,E-commerce
J_000252,Job,0,,Full Stack Engineer,Mid,Logistics
J_000253,Job,2,,Associate Product Manager,Senior,Logistics
J_000254,Job,2,,Product Manager,Senior,Gaming
J_000255,Job,7,,Technical Support Specialist,Senior,Travel
J_000256,Job,4,,Sales Representative,Junior,E-commerce
J_000257,Job,1,,Financial Analyst,Junior,Cybersecurity
J_000258,Job,0,,Full Stack Engineer,Junior,FinTech
J_000259,Job,1,,FP&A Analyst,Junior,Gaming
J_000260,Job,0,,Backend Engineer,Mid,Cybersecurity
J_000261,Job,2,,Technical Product Manager,Senior,Logistics
J_000262,Job,6,,Project Manager,Senior,Travel
J_000263,Job,4,,Account Executive,Junior,FinTech
J_000264,Job,7,,Technical Support Specialist,Senior,Gaming
J_000265,Job,1,,Financial Analyst,Junior,Logistics
J_000266,Job,6,,Program Coordinator,Mid,FinTech
J_000267,Job,6,,Project Manager,Mid,SaaS
J_000268,Job,0,,Backend Engineer,Mid,Logistics
J_000269,Job,5,,Content Marketer,Senior,Cybersecurity
J_000270,Job,2,,Associate Product Manager,Junior,Gaming
J_000271,Job,2,,Product Manager,Junior,FinTech
J_000272,Job,6,,Project Manager,Senior,Retail
J_000273,Job,2,,Technical Product Manager,Junior,Retail
J_000274,Job,4,,Sales Representative,Senior,Retail
J_000275,Job,0,,Backend Engineer,Junior,EdTech
J_000276,Job,7,,Customer Success Associate,Junior,FinTech
J_000277,Job,4,,Sales Representative,Junior,FinTech
J_000278,Job,4,,Sales Representative,Junior,Travel
J_000279,Job,7,,Technical Support Specialist,Senior,Cybersecurity
J_000280,Job,3,,Business Analyst,Mid,SaaS
J_000281,Job,1,,FP&A Analyst,Mid,Travel
J_000282,Job,6,,Project Manager,Junior,Healthcare
J_000283,Job,4,,Sales Representative,Senior,Retail
J_000284,Job,1,,Junior Accountant,Mid,SaaS
J_000285,Job,3,,Data Analyst,Mid,FinTech
J_000286,Job,6,,Project Manager,Senior,FinTech
J_000287,Job,0,,Full Stack Engineer,Mid,SaaS
J_000288,Job,0,,Backend Engineer,Mid,Logistics
J_000289,Job,3,,Data Analyst,Junior,Healthcare
J_000290,Job,4,,Sales Representative,Senior,FinTech
J_000291,Job,4,,Account Executive,Mid,Gaming
J_000292,Job,1,,FP&A Analyst,Senior,FinTech
J_000293,Job,4,,Sales Representative,Mid,SaaS
J_000294,Job,2,,Technical Product Manager,Junior,EdTech
J_000295,Job,1,,Junior Accountant,Junior,Gaming
J_000296,Job,1,,Junior Accountant,Junior,Cybersecurity
J_000297,Job,2,,Associate Product Manager,Mid,Cybersecurity
J_000298,Job,5,,Performance Marketer,Senior,Travel
J_000299,Job,3,,BI Analyst,Senior,Retail
J_000300,Job,4,,Account Executive,Senior,FinTech
J_000301,Job,0,,Software Engineer,Junior,Healthcare
J_000302,Job,5,,Marketing Manager,Mid,Healthcare
J_000303,Job,4,,Sales Representative,Junior,FinTech
J_000304,Job,6,,Project Manager,Junior,E-commerce
J_000305,Job,5,,Content Marketer,Junior,Gaming
J_000306,Job,4,,Sales Representative,Senior,Gaming
J_000307,Job,1,,FP&A Analyst,Junior,FinTech
J_000308,Job,3,,BI Analyst,Mid,SaaS
J_000309,Job,1,,Junior Accountant,Junior,FinTech
J_000310,Job,1,,Junior Accountant,Junior,Logistics
J_000311,Job,7,,Customer Support Specialist,Mid,Gaming
J_000312,Job,0,,Backend Engineer,Senior,FinTech
J_000313,Job,4,,Account Executive,Mid,Cybersecurity
J_000314,Job,2,,Product Manager,Senior,Gaming
J_000315,Job,0,,Full Stack Engineer,Mid,Retail
J_000316,Job,6,,Program Coordinator,Mid,EdTech
J_000317,Job,7,,Customer Success Associate,Senior,EdTech
J_000318,Job,0,,Software Engineer,Mid,Retail
J_000319,Job,1,,Financial Analyst,Senior,Travel
J_000320,Job,1,,Junior Accountant,Junior,Retail
J_000321,Job,1,,Junior Accountant,Mid,Retail
J_000322,Job,5,,Marketing Manager,Junior,Retail
J_000323,Job,1,,FP&A Analyst,Senior,Cybersecurity
J_000324,Job,0,,Full Stack Engineer,Junior,Travel
J_000325,Job,5,,Performance Marketer,Mid,SaaS
J_000326,Job,1,,Junior Accountant,Junior,Logistics
J_000327,Job,4,,Business Development Manager,Mid,SaaS
J_000328,Job,2,,Associate Product Manager,Mid,E-commerce
J_000329,Job,5,,Marketing Manager,Senior,Logistics
J_000330,Job,7,,Customer Support Specialist,Senior,Travel
J_000331,Job,3,,BI Analyst,Senior,FinTech
J_000332,Job,3,,BI Analyst,Mid,FinTech
J_000333,Job,3,,Business Analyst,Junior,FinTech
J_000334,Job,2,,Technical Product Manager,Mid,Travel
J_000335,Job,4,,Sales Representative,Junior,E-commerce
J_000336,Job,4,,Business Development Manager,Junior,Healthcare
J_000337,Job,5,,Performance Marketer,Senior,SaaS
J_000338,Job,7,,Customer Success Associate,Senior,Gaming
J_000339,Job,6,,Program Coordinator,Senior,FinTech
J_000340,Job,0,,Backend Engineer,Junior,Logistics
J_000341,Job,5,,Content Marketer,Senior,Logistics
J_000342,Job,3,,BI Analyst,Senior,Logistics
J_000343,Job,0,,Software Engineer,Senior,E-commerce
J_000344,Job,6,,Project Manager,Mid,Travel
J_000345,Job,0,,Backend Engineer,Senior,Retail
J_000346,Job,1,,Financial Analyst,Junior,Logistics
J_000347,Job,0,,Full Stack Engineer,Mid,Retail
J_000348,Job,7,,Customer Success Associate,Mid,SaaS
J_000349,Job,2,,Technical Product Manager,Mid,EdTech
J_000350,Job,3,,Business Analyst,Mid,Gaming
J_000351,Job,2,,Associate Product Manager,Senior,Healthcare
J_000352,Job,6,,Operations Manager,Senior,Cybersecurity
J_000353,Job,2,,Associate Product Manager,Junior,EdTech
J_000354,Job,5,,Marketing Manager,Mid,Logistics
J_000355,Job,2,,Associate Product Manager,Mid,Retail
J_000356,Job,3,,BI Analyst,Junior,FinTech
J_000357,Job,2,,Product Manager,Senior,FinTech
J_000358,Job,7,,Technical Support Specialist,Senior,FinTech
J_000359,Job,2,,Technical Product Manager,Mid,Healthcare
J_000360,Job,4,,Business Development Manager,Senior,FinTech
J_000361,Job,3,,Data Analyst,Mid,Logistics
J_000362,Job,6,,Program Coordinator,Mid,E-commerce
J_000363,Job,1,,Junior Accountant,Senior,Retail
J_000364,Job,6,,Project Manager,Mid,Gaming
J_000365,Job,0,,Backend Engineer,Mid,Logistics
J_000366,Job,4,,Business Development Manager,Senior,Travel
J_000367,Job,6,,Project Manager,Mid,Travel
J_000368,Job,6,,Project Manager,Senior,E-commerce
J_000369,Job,4,,Business Development Manager,Junior,Retail
J_000370,Job,6,,Operations Manager,Mid,Healthcare
J_000371,Job,5,,Marketing Manager,Junior,EdTech
J_000372,Job,2,,Product Manager,Junior,SaaS
J_000373,Job,3,,Data Analyst,Senior,SaaS
J_000374,Job,7,,Customer Support Specialist,Junior,Cybersecurity
J_000375,Job,3,,Business Analyst,Mid,Travel
J_000376,Job,1,,Junior Accountant,Mid,Healthcare
J_000377,Job,6,,Project Manager,Junior,FinTech
J_000378,Job,1,,FP&A Analyst,Senior,Healthcare
J_000379,Job,7,,Customer Support Specialist,Junior,Logistics
J_000380,Job,1,,Junior Accountant,Junior,SaaS
J_000381,Job,1,,Financial Analyst,Mid,E-commerce
J_000382,Job,1,,Junior Accountant,Junior,EdTech
J_000383,Job,3,,Business Analyst,Mid,Retail
J_000384,Job,6,,Program Coordinator,Mid,E-commerce
J_000385,Job,7,,Customer Support Specialist,Mid,SaaS
J_000386,Job,7,,Customer Success Associate,Senior,Logistics
J_000387,Job,6,,Project Manager,Senior,FinTech
J_000388,Job,4,,Business Development Manager,Junior,Travel
J_000389,Job,1,,Junior Accountant,Mid,Logistics
J_000390,Job,3,,Data Analyst,Junior,E-commerce
J_000391,Job,0,,Software Engineer,Junior,Travel
J_000392,Job,0,,Full Stack Engineer,Mid,Cybersecurity
J_000393,Job,0,,Backend Engineer,Senior,Healthcare
J_000394,Job,3,,BI Analyst,Senior,E-commerce
J_000395,Job,2,,Technical Product Manager,Senior,Retail
J_000396,Job,7,,Customer Success Associate,Junior,Cybersecurity
J_000397,Job,1,,Financial Analyst,Junior,Gaming
J_000398,Job,7,,Technical Support Specialist,Senior,Gaming
J_000399,Job,6,,Operations Manager,Junior,Cybersecurity
J_000400,Job,3,,Business Analyst,Mid,SaaS
J_000401,Job,3,,Business Analyst,Junior,Healthcare
J_000402,Job,3,,Data Analyst,Senior,Cybersecurity
J_000403,Job,4,,Business Development Manager,Junior,FinTech
J_000404,Job,5,,Content Marketer,Junior,Cybersecurity
J_000405,Job,2,,Technical Product Manager,Junior,SaaS
J_000406,Job,1,,Financial Analyst,Mid,Retail
J_000407,Job,4,,Account Executive,Junior,Healthcare
J_000408,Job,6,,Operations Manager,Senior,E-commerce
J_000409,Job,5,,Marketing Manager,Senior,Healthcare
J_000410,Job,0,,Full Stack Engineer,Senior,Healthcare
J_000411,Job,4,,Business Development Manager,Senior,EdTech
J_000412,Job,1,,FP&A Analyst,Junior,Gaming
J_000413,Job,0,,Backend Engineer,Junior,Healthcare
J_000414,Job,6,,Program Coordinator,Mid,Gaming
J_000415,Job,7,,Technical Support Specialist,Junior,Gaming
J_000416,Job,4,,Account Executive,Mid,Healthcare
J_000417,Job,0,,Software Engineer,Mid,Retail
J_000418,Job,1,,FP&A Analyst,Junior,EdTech
J_000419,Job,2,,Product Manager,Mid,EdTech
J_000420,Job,5,,Marketing Manager,Junior,EdTech
J_000421,Job,0,,Backend Engineer,Mid,Travel
J_000422,Job,0,,Software Engineer,Junior,Logistics
J_000423,Job,4,,Business Development Manager,Senior,Travel
J_000424,Job,6,,Project Manager,Junior,EdTech
J_000425,Job,5,,Performance Marketer,Junior,Retail
J_000426,Job,1,,FP&A Analyst,Junior,Gaming
J_000427,Job,3,,Business Analyst,Senior,Retail
J_000428,Job,5,,Marketing Manager,Junior,FinTech
J_000429,Job,6,,Program Coordinator,Mid,SaaS
J_000430,Job,6,,Program Coordinator,Senior,SaaS
J_000431,Job,2,,Product Manager,Junior,FinTech
J_000432,Job,7,,Technical Support Specialist,Mid,E-commerce
J_000433,Job,3,,Data Analyst,Junior,Cybersecurity
J_000434,Job,5,,Content Marketer,Junior,EdTech
J_000435,Job,7,,Customer Success Associate,Senior,Travel
J_000436,Job,2,,Technical Product Manager,Mid,Gaming
J_000437,Job,5,,Content Marketer,Senior,Gaming
J_000438,Job,5,,Marketing Manager,Mid,FinTech
J_000439,Job,2,,Technical Product Manager,Mid,EdTech
J_000440,Job,6,,Project Manager,Junior,E-commerce
J_000441,Job,0,,Backend Engineer,Senior,Logistics
J_000442,Job,1,,FP&A Analyst,Junior,EdTech
J_000443,Job,5,,Content Marketer,Junior,Retail
J_000444,Job,5,,Content Marketer,Junior,FinTech
J_000445,Job,7,,Customer Support Specialist,Junior,SaaS
J_000446,Job,1,,FP&A Analyst,Senior,Logistics
J_000447,Job,6,,Project Manager,Junior,Logistics
J_000448,Job,1,,FP&A Analyst,Senior,Logistics
J_000449,Job,5,,Marketing Manager,Mid,Travel
J_000450,Job,2,,Technical Product Manager,Junior,Healthcare
J_000451,Job,4,,Sales Representative,Senior,Travel
J_000452,Job,4,,Sales Representative,Senior,Gaming
J_000453,Job,6,,Operations Manager,Junior,Retail
J_000454,Job,1,,Junior Accountant,Senior,Cybersecurity
J_000455,Job,7,,Technical Support Specialist,Junior,Travel
J_000456,Job,2,,Technical Product Manager,Senior,Logistics
J_000457,Job,4,,Business Development Manager,Mid,Retail
J_000458,Job,7,,Technical Support Specialist,Mid,E-commerce
J_000459,Job,0,,Full Stack Engineer,Junior,SaaS
J_000460,Job,3,,BI Analyst,Mid,E-commerce
J_000461,Job,5,,Content Marketer,Junior,Healthcare
J_000462,Job,5,,Content Marketer,Mid,Logistics
J_000463,Job,2,,Associate Product Manager,Junior,Healthcare
J_000464,Job,3,,Data Analyst,Senior,Healthcare
J_000465,Job,6,,Operations Manager,Mid,Logistics
J_000466,Job,4,,Sales Representative,Senior,FinTech
J_000467,Job,2,,Associate Product Manager,Junior,Gaming
J_000468,Job,1,,Financial Analyst,Mid,Healthcare
J_000469,Job,1,,FP&A Analyst,Junior,Cybersecurity
J_000470,Job,0,,Backend Engineer,Junior,Retail
J_000471,Job,2,,Product Manager,Junior,E-commerce
J_000472,Job,7,,Customer Support Specialist,Senior,FinTech
J_000473,Job,2,,Associate Product Manager,Mid,Gaming
J_000474,Job,0,,Software Engineer,Mid,EdTech
J_000475,Job,5,,Content Marketer,Senior,FinTech
J_000476,Job,4,,Account Executive,Senior,EdTech
J_000477,Job,7,,Customer Support Specialist,Senior,Gaming
J_000478,Job,4,,Account Executive,Junior,Cybersecurity
J_000479,Job,4,,Business Development Manager,Junior,Logistics
J_000480,Job,5,,Marketing Manager,Junior,SaaS
J_000481,Job,1,,Junior Accountant,Mid,Gaming
J_000482,Job,4,,Sales Representative,Mid,FinTech
J_000483,Job,3,,Business Analyst,Junior,FinTech
J_000484,Job,0,,Software Engineer,Junior,Cybersecurity
J_000485,Job,6,,Project Manager,Mid,FinTech
J_000486,Job,0,,Backend Engineer,Mid,Travel
J_000487,Job,5,,Performance Marketer,Senior,Healthcare
J_000488,Job,2,,Associate Product Manager,Senior,Cybersecurity
J_000489,Job,2,,Product Manager,Mid,Healthcare
J_000490,Job,3,,Data Analyst,Senior,Logistics
J_000491,Job,5,,Marketing Manager,Senior,SaaS
J_000492,Job,2,,Associate Product Manager,Junior,EdTech
J_000493,Job,1,,FP&A Analyst,Senior,Travel
J_000494,Job,6,,Program Coordinator,Junior,E-commerce
J_000495,Job,6,,Project Manager,Junior,Gaming
J_000496,Job,0,,Full Stack Engineer,Mid,Logistics
J_000497,Job,6,,Program Coordinator,Senior,Cybersecurity
J_000498,Job,0,,Software Engineer,Junior,SaaS
J_000499,Job,4,,Account Executive,Junior,Travel
J_000500,Job,7,,Customer Support Specialist,Junior,SaaS
J_000501,Job,0,,Software Engineer,Senior,E-commerce
J_000502,Job,0,,Software Engineer,Senior,Cybersecurity
J_000503,Job,2,,Associate Product Manager,Mid,E-commerce
J_000504,Job,2,,Associate Product Manager,Senior,Healthcare
J_000505,Job,0,,Backend Engineer,Junior,SaaS
J_000506,Job,7,,Technical Support Specialist,Senior,FinTech
J_000507,Job,4,,Sales Representative,Senior,Retail
J_000508,Job,7,,Customer Support Specialist,Junior,SaaS
J_000509,Job,5,,Content Marketer,Mid,FinTech
J_000510,Job,0,,Backend Engineer,Senior,FinTech
J_000511,Job,2,,Associate Product Manager,Junior,EdTech
J_000512,Job,3,,Business Analyst,Mid,Logistics
J_000513,Job,0,,Full Stack Engineer,Mid,EdTech
J_000514,Job,5,,Content Marketer,Senior,E-commerce
J_000515,Job,0,,Full Stack Engineer,Mid,FinTech
J_000516,Job,1,,Financial Analyst,Senior,Gaming
J_000517,Job,7,,Customer Success Associate,Senior,FinTech
J_000518,Job,2,,Technical Product Manager,Senior,Logistics
J_000519,Job,3,,Data Analyst,Junior,Logistics
J_000520,Job,5,,Performance Marketer,Junior,Retail
J_000521,Job,7,,Customer Support Specialist,Senior,Cybersecurity
J_000522,Job,4,,Account Executive,Senior,Retail
J_000523,Job,3,,Data Analyst,Junior,E-commerce
J_000524,Job,4,,Sales Representative,Senior,EdTech
J_000525,Job,4,,Sales Representative,Junior,Retail
J_000526,Job,4,,Sales Representative,Senior,SaaS
J_000527,Job,5,,Performance Marketer,Junior,Gaming
J_000528,Job,3,,BI Analyst,Senior,Retail
J_000529,Job,3,,Business Analyst,Mid,Travel
J_000530,Job,5,,Content Marketer,Junior,Travel
J_000531,Job,2,,Associate Product Manager,Junior,SaaS
J_000532,Job,7,,Customer Support Specialist,Senior,Healthcare
J_000533,Job,1,,Junior Accountant,Senior,SaaS
J_000534,Job,6,,Project Manager,Junior,Travel
J_000535,Job,5,,Content Marketer,Senior,FinTech
J_000536,Job,5,,Performance Marketer,Senior,Gaming
J_000537,Job,7,,Customer Support Specialist,Junior,Cybersecurity
J_000538,Job,6,,Operations Manager,Mid,EdTech
J_000539,Job,6,,Project Manager,Junior,Cybersecurity
J_000540,Job,4,,Sales Representative,Mid,Travel
J_000541,Job,0,,Software Engineer,Mid,Gaming
J_000542,Job,6,,Project Manager,Senior,Healthcare
J_000543,Job,3,,Business Analyst,Junior,EdTech
J_000544,Job,7,,Customer Success Associate,Mid,Gaming
J_000545,Job,5,,Marketing Manager,Senior,SaaS
J_000546,Job,2,,Associate Product Manager,Junior,FinTech
J_000547,Job,2,,Technical Product Manager,Mid,Cybersecurity
J_000548,Job,6,,Program Coordinator,Mid,Travel
J_000549,Job,5,,Marketing Manager,Senior,Travel
J_000550,Job,4,,Sales Representative,Junior,Retail
J_000551,Job,7,,Customer Success Associate,Junior,E-commerce
J_000552,Job,7,,Customer Success Associate,Mid,Cybersecurity
J_000553,Job,7,,Customer Success Associate,Mid,E-commerce
J_000554,Job,0,,Backend Engineer,Mid,Travel
J_000555,Job,7,,Customer Support Specialist,Junior,Retail
J_000556,Job,3,,Data Analyst,Senior,FinTech
J_000557,Job,2,,Product Manager,Mid,Gaming
J_000558,Job,7,,Technical Support Specialist,Mid,EdTech
J_000559,Job,1,,Financial Analyst,Junior,SaaS
J_000560,Job,6,,Project Manager,Junior,Cybersecurity
J_000561,Job,1,,Junior Accountant,Mid,Cybersecurity
J_000562,Job,2,,Technical Product Manager,Senior,Retail
J_000563,Job,6,,Program Coordinator,Senior,SaaS
J_000564,Job,6,,Project Manager,Senior,Logistics
J_000565,Job,6,,Project Manager,Mid,Retail
J_000566,Job,5,,Performance Marketer,Senior,FinTech
J_000567,Job,0,,Full Stack Engineer,Mid,SaaS
J_000568,Job,0,,Software Engineer,Senior,Retail
J_000569,Job,0,,Software Engineer,Senior,Cybersecurity
J_000570,Job,6,,Program Coordinator,Senior,Travel
J_000571,Job,1,,FP&A Analyst,Junior,FinTech
J_000572,Job,1,,Financial Analyst,Junior,Cybersecurity
J_000573,Job,7,,Technical Support Specialist,Senior,Cybersecurity
J_000574,Job,3,,Data Analyst,Senior,Travel
J_000575,Job,4,,Account Executive,Senior,Travel
J_000576,Job,4,,Sales Representative,Senior,Travel
J_000577,Job,4,,Business Development Manager,Mid,Travel
J_000578,Job,1,,FP&A Analyst,Mid,Cybersecurity
J_000579,Job,4,,Account Executive,Junior,Healthcare
J_000580,Job,5,,Performance Marketer,Junior,Healthcare
J_000581,Job,0,,Software Engineer,Mid,Cybersecurity
J_000582,Job,6,,Project Manager,Junior,FinTech
J_000583,Job,1,,FP&A Analyst,Mid,FinTech
J_000584,Job,5,,Marketing Manager,Senior,Retail
J_000585,Job,0,,Full Stack Engineer,Senior,Travel
J_000586,Job,3,,Business Analyst,Mid,Healthcare
J_000587,Job,1,,FP&A Analyst,Senior,Healthcare
J_000588,Job,4,,Sales Representative,Junior,Cybersecurity
J_000589,Job,1,,Junior Accountant,Senior,Healthcare
J_000590,Job,3,,BI Analyst,Mid,Logistics
J_000591,Job,5,,Content Marketer,Junior,EdTech
J_000592,Job,6,,Project Manager,Mid,SaaS
J_000593,Job,7,,Customer Support Specialist,Senior,Retail
J_000594,Job,5,,Marketing Manager,Mid,Healthcare
J_000595,Job,0,,Backend Engineer,Junior,Travel
J_000596,Job,2,,Technical Product Manager,Junior,FinTech
J_000597,Job,0,,Full Stack Engineer,Senior,Logistics
J_000598,Job,5,,Content Marketer,Mid,Travel
J_000599,Job,0,,Backend Engineer,Senior,Logistics
J_000600,Job,0,,Full Stack Engineer,Mid,EdTech
J_000601,Job,1,,Financial Analyst,Senior,Logistics
J_000602,Job,2,,Technical Product Manager,Junior,Travel
J_000603,Job,2,,Technical Product Manager,Senior,FinTech
J_000604,Job,0,,Backend Engineer,Mid,Gaming
J_000605,Job,2,,Associate Product Manager,Junior,FinTech
J_000606,Job,7,,Customer Success Associate,Senior,Retail
J_000607,Job,1,,Financial Analyst,Senior,Healthcare
J_000608,Job,3,,Business Analyst,Junior,Healthcare
J_000609,Job,4,,Account Executive,Senior,Cybersecurity
J_000610,Job,4,,Business Development Manager,Senior,FinTech
J_000611,Job,1,,Financial Analyst,Senior,SaaS
J_000612,Job,4,,Business Development Manager,Senior,E-commerce
J_000613,Job,2,,Product Manager,Mid,Healthcare
J_000614,Job,0,,Full Stack Engineer,Senior,Gaming
J_000615,Job,3,,BI Analyst,Senior,Healthcare
J_000616,Job,6,,Project Manager,Senior,Gaming
J_000617,Job,7,,Technical Support Specialist,Junior,Healthcare
J_000618,Job,6,,Program Coordinator,Junior,Retail
J_000619,Job,0,,Full Stack Engineer,Senior,FinTech
J_000620,Job,2,,Technical Product Manager,Mid,SaaS
J_000621,Job,3,,Data Analyst,Mid,SaaS
J_000622,Job,5,,Marketing Manager,Junior,FinTech
J_000623,Job,5,,Content Marketer,Junior,E-commerce
J_000624,Job,0,,Full Stack Engineer,Junior,Gaming
J_000625,Job,3,,Data Analyst,Junior,FinTech
J_000626,Job,6,,Program Coordinator,Mid,Travel
J_000627,Job,5,,Marketing Manager,Junior,FinTech
J_000628,Job,7,,Customer Support Specialist,Senior,Cybersecurity
J_000629,Job,0,,Backend Engineer,Senior,Gaming
J_000630,Job,4,,Sales Representative,Junior,Gaming
J_000631,Job,0,,Software Engineer,Senior,Travel
J_000632,Job,0,,Software Engineer,Senior,SaaS
J_000633,Job,3,,Business Analyst,Senior,FinTech
J_000634,Job,6,,Program Coordinator,Junior,EdTech
J_000635,Job,6,,Operations Manager,Mid,EdTech
J_000636,Job,0,,Full Stack Engineer,Junior,Retail
J_000637,Job,0,,Backend Engineer,Mid,EdTech
J_000638,Job,0,,Software Engineer,Junior,EdTech
J_000639,Job,5,,Marketing Manager,Mid,Logistics
J_000640,Job,1,,Financial Analyst,Senior,SaaS
J_000641,Job,2,,Associate Product Manager,Senior,Cybersecurity
J_000642,Job,0,,Software Engineer,Senior,EdTech
J_000643,Job,7,,Customer Support Specialist,Senior,EdTech
J_000644,Job,3,,Business Analyst,Senior,SaaS
J_000645,Job,2,,Associate Product Manager,Junior,Cybersecurity
J_000646,Job,7,,Customer Support Specialist,Senior,Logistics
J_000647,Job,1,,Junior Accountant,Junior,SaaS
J_000648,Job,0,,Backend Engineer,Senior,Healthcare
J_000649,Job,6,,Project Manager,Mid,E-commerce
J_000650,Job,5,,Content Marketer,Junior,Retail
J_000651,Job,4,,Sales Representative,Senior,Logistics
J_000652,Job,4,,Account Executive,Senior,Gaming
J_000653,Job,1,,Junior Accountant,Junior,Logistics
J_000654,Job,3,,Data Analyst,Senior,SaaS
J_000655,Job,1,,Junior Accountant,Senior,Gaming
J_000656,Job,3,,Business Analyst,Junior,Healthcare
J_000657,Job,5,,Performance Marketer,Senior,Cybersecurity
J_000658,Job,7,,Customer Support Specialist,Mid,Cybersecurity
J_000659,Job,0,,Full Stack Engineer,Mid,FinTech
J_000660,Job,0,,Software Engineer,Senior,Travel
J_000661,Job,0,,Full Stack Engineer,Senior,Travel
J_000662,Job,1,,FP&A Analyst,Senior,Gaming
J_000663,Job,0,,Software Engineer,Junior,FinTech
J_000664,Job,3,,Data Analyst,Junior,Gaming
J_000665,Job,5,,Content Marketer,Junior,FinTech
J_000666,Job,1,,Financial Analyst,Senior,Logistics
J_000667,Job,7,,Customer Support Specialist,Junior,Healthcare
J_000668,Job,0,,Backend Engineer,Junior,Gaming
J_000669,Job,2,,Technical Product Manager,Junior,E-commerce
J_000670,Job,0,,Backend Engineer,Mid,Retail
J_000671,Job,7,,Technical Support Specialist,Senior,E-commerce
J_000672,Job,7,,Customer Support Specialist,Junior,FinTech
J_000673,Job,0,,Backend Engineer,Senior,Retail
J_000674,Job,5,,Performance Marketer,Mid,Cybersecurity
J_000675,Job,7,,Customer Support Specialist,Senior,Logistics
J_000676,Job,2,,Associate Product Manager,Mid,Retail
J_000677,Job,5,,Marketing Manager,Senior,Travel
J_000678,Job,5,,Performance Marketer,Junior,Healthcare
J_000679,Job,5,,Performance Marketer,Mid,Healthcare
J_000680,Job,7,,Technical Support Specialist,Senior,Healthcare
J_000681,Job,5,,Content Marketer,Mid,EdTech
J_000682,Job,2,,Technical Product Manager,Junior,Cybersecurity
J_000683,Job,1,,FP&A Analyst,Mid,SaaS
J_000684,Job,1,,Financial Analyst,Senior,E-commerce
J_000685,Job,0,,Software Engineer,Senior,Retail
J_000686,Job,3,,BI Analyst,Mid,Logistics
J_000687,Job,5,,Marketing Manager,Senior,Travel
J_000688,Job,0,,Full Stack Engineer,Junior,Retail
J_000689,Job,5,,Content Marketer,Junior,Retail
J_000690,Job,3,,Data Analyst,Mid,EdTech
J_000691,Job,5,,Content Marketer,Mid,Retail
J_000692,Job,7,,Customer Success Associate,Senior,Retail
J_000693,Job,2,,Product Manager,Senior,FinTech
J_000694,Job,2,,Product Manager,Senior,Gaming
J_000695,Job,7,,Technical Support Specialist,Mid,Travel
J_000696,Job,4,,Sales Representative,Mid,Gaming
J_000697,Job,5,,Marketing Manager,Junior,Cybersecurity
J_000698,Job,2,,Technical Product Manager,Mid,Cybersecurity
J_000699,Job,4,,Account Executive,Mid,Travel
J_000700,Job,1,,Junior Accountant,Mid,E-commerce
J_000701,Job,2,,Product Manager,Junior,Retail
J_000702,Job,5,,Content Marketer,Junior,Travel
J_000703,Job,5,,Performance Marketer,Senior,Gaming
J_000704,Job,1,,Financial Analyst,Senior,EdTech
J_000705,Job,7,,Customer Success Associate,Senior,E-commerce
J_000706,Job,2,,Associate Product Manager,Senior,Travel
J_000707,Job,0,,Backend Engineer,Senior,EdTech
J_000708,Job,1,,Junior Accountant,Mid,Retail
J_000709,Job,1,,FP&A Analyst,Mid,FinTech
J_000710,Job,3,,Business Analyst,Senior,EdTech
J_000711,Job,1,,Junior Accountant,Senior,Healthcare
J_000712,Job,0,,Full Stack Engineer,Mid,Retail
J_000713,Job,3,,Business Analyst,Mid,EdTech
J_000714,Job,1,,Junior Accountant,Mid,E-commerce
J_000715,Job,1,,Financial Analyst,Mid,Logistics
J_000716,Job,2,,Associate Product Manager,Junior,FinTech
J_000717,Job,6,,Program Coordinator,Mid,E-commerce
J_000718,Job,2,,Product Manager,Junior,EdTech
J_000719,Job,2,,Associate Product Manager,Senior,Logistics
J_000720,Job,5,,Content Marketer,Mid,Cybersecurity
J_000721,Job,2,,Technical Product Manager,Junior,Healthcare
J_000722,Job,1,,Financial Analyst,Mid,Cybersecurity
J_000723,Job,0,,Full Stack Engineer,Mid,EdTech
J_000724,Job,0,,Full Stack Engineer,Mid,SaaS
J_000725,Job,4,,Sales Representative,Senior,Gaming
J_000726,Job,2,,Associate Product Manager,Senior,SaaS
J_000727,Job,5,,Marketing Manager,Mid,Healthcare
J_000728,Job,6,,Operations Manager,Junior,Travel
J_000729,Job,5,,Content Marketer,Mid,E-commerce
J_000730,Job,4,,Account Executive,Mid,EdTech
J_000731,Job,3,,Business Analyst,Senior,E-commerce
J_000732,Job,0,,Backend Engineer,Junior,FinTech
J_000733,Job,6,,Operations Manager,Senior,E-commerce
J_000734,Job,2,,Technical Product Manager,Junior,FinTech
J_000735,Job,0,,Software Engineer,Junior,SaaS
J_000736,Job,7,,Customer Success Associate,Mid,EdTech
J_000737,Job,6,,Operations Manager,Junior,Healthcare
J_000738,Job,7,,Customer Support Specialist,Junior,SaaS
J_000739,Job,6,,Program Coordinator,Senior,Retail
J_000740,Job,2,,Technical Product Manager,Senior,EdTech
J_000741,Job,6,,Operations Manager,Mid,Retail
J_000742,Job,5,,Content Marketer,Junior,Gaming
J_000743,Job,5,,Content Marketer,Mid,Healthcare
J_000744,Job,7,,Customer Success Associate,Junior,EdTech
J_000745,Job,6,,Project Manager,Senior,EdTech
J_000746,Job,2,,Technical Product Manager,Senior,FinTech
J_000747,Job,2,,Technical Product Manager,Senior,Gaming
J_000748,Job,7,,Technical Support Specialist,Junior,E-commerce
J_000749,Job,5,,Performance Marketer,Junior,SaaS
J_000750,Job,4,,Business Development Manager,Mid,Travel
J_000751,Job,0,,Backend Engineer,Junior,EdTech
J_000752,Job,5,,Performance Marketer,Senior,Healthcare
J_000753,Job,5,,Performance Marketer,Mid,Gaming
J_000754,Job,7,,Customer Support Specialist,Junior,Healthcare
J_000755,Job,4,,Sales Representative,Mid,FinTech
J_000756,Job,4,,Business Development Manager,Mid,Retail
J_000757,Job,6,,Project Manager,Mid,SaaS
J_000758,Job,6,,Operations Manager,Senior,Travel
J_000759,Job,4,,Business Development Manager,Mid,Logistics
J_000760,Job,3,,Business Analyst,Mid,Gaming
J_000761,Job,5,,Content Marketer,Junior,Logistics
J_000762,Job,5,,Performance Marketer,Junior,SaaS
J_000763,Job,3,,Data Analyst,Mid,Cybersecurity
J_000764,Job,4,,Account Executive,Mid,Healthcare
J_000765,Job,2,,Technical Product Manager,Senior,Retail
J_000766,Job,2,,Product Manager,Junior,FinTech
J_000767,Job,5,,Marketing Manager,Junior,Logistics
J_000768,Job,3,,BI Analyst,Junior,FinTech
J_000769,Job,4,,Sales Representative,Mid,Gaming
J_000770,Job,4,,Business Development Manager,Mid,SaaS
J_000771,Job,3,,Business Analyst,Mid,SaaS
J_000772,Job,4,,Account Executive,Junior,Gaming
J_000773,Job,2,,Associate Product Manager,Mid,Gaming
J_000774,Job,1,,Financial Analyst,Senior,E-commerce
J_000775,Job,4,,Sales Representative,Junior,Gaming
J_000776,Job,3,,BI Analyst,Junior,Logistics
J_000777,Job,1,,Financial Analyst,Senior,Cybersecurity
J_000778,Job,7,,Technical Support Specialist,Senior,Travel
J_000779,Job,4,,Account Executive,Senior,Retail
J_000780,Job,6,,Project Manager,Mid,SaaS
J_000781,Job,3,,Data Analyst,Junior,Healthcare
J_000782,Job,7,,Customer Support Specialist,Senior,Healthcare
J_000783,Job,6,,Program Coordinator,Senior,E-commerce
J_000784,Job,1,,FP&A Analyst,Senior,Cybersecurity
J_000785,Job,0,,Backend Engineer,Mid,EdTech
J_000786,Job,5,,Content Marketer,Mid,Logistics
J_000787,Job,4,,Business Development Manager,Mid,E-commerce
J_000788,Job,7,,Technical Support Specialist,Mid,Healthcare
J_000789,Job,4,,Account Executive,Junior,Logistics
J_000790,Job,6,,Operations Manager,Junior,SaaS
J_000791,Job,7,,Customer Support Specialist,Junior,FinTech
J_000792,Job,0,,Backend Engineer,Junior,Healthcare
J_000793,Job,6,,Project Manager,Senior,FinTech
J_000794,Job,0,,Full Stack Engineer,Mid,FinTech
J_000795,Job,1,,Junior Accountant,Junior,E-commerce
J_000796,Job,1,,Financial Analyst,Junior,Logistics
J_000797,Job,7,,Customer Support Specialist,Mid,Healthcare
J_000798,Job,5,,Marketing Manager,Mid,Healthcare
J_000799,Job,4,,Sales Representative,Junior,Cybersecurity
J_000800,Job,5,,Performance Marketer,Mid,SaaS
J_000801,Job,3,,Business Analyst,Junior,Retail
J_000802,Job,5,,Content Marketer,Mid,Retail
J_000803,Job,1,,Junior Accountant,Mid,Gaming
J_000804,Job,0,,Software Engineer,Mid,FinTech
J_000805,Job,2,,Product Manager,Mid,Gaming
J_000806,Job,7,,Technical Support Specialist,Mid,Healthcare
J_000807,Job,6,,Program Coordinator,Mid,SaaS
J_000808,Job,1,,Financial Analyst,Junior,Travel
J_000809,Job,0,,Software Engineer,Junior,Gaming
J_000810,Job,3,,Data Analyst,Senior,SaaS
J_000811,Job,0,,Full Stack Engineer,Mid,Logistics
J_000812,Job,7,,Customer Success Associate,Senior,Gaming
J_000813,Job,2,,Technical Product Manager,Junior,FinTech
J_000814,Job,5,,Marketing Manager,Senior,E-commerce
J_000815,Job,2,,Associate Product Manager,Junior,Travel
J_000816,Job,2,,Technical Product Manager,Junior,Healthcare
J_000817,Job,2,,Technical Product Manager,Senior,Healthcare
J_000818,Job,1,,Junior Accountant,Junior,EdTech
J_000819,Job,3,,Business Analyst,Senior,Gaming
J_000820,Job,0,,Full Stack Engineer,Mid,Healthcare
J_000821,Job,5,,Marketing Manager,Junior,Healthcare
J_000822,Job,7,,Customer Success Associate,Mid,Cybersecurity
J_000823,Job,6,,Project Manager,Junior,Logistics
J_000824,Job,1,,Financial Analyst,Senior,EdTech
J_000825,Job,1,,FP&A Analyst,Senior,Gaming
J_000826,Job,3,,Data Analyst,Junior,Logistics
J_000827,Job,1,,FP&A Analyst,Mid,EdTech
J_000828,Job,5,,Marketing Manager,Junior,SaaS
J_000829,Job,0,,Full Stack Engineer,Senior,EdTech
J_000830,Job,7,,Customer Support Specialist,Senior,Gaming
J_000831,Job,1,,FP&A Analyst,Mid,Healthcare
J_000832,Job,7,,Customer Success Associate,Junior,FinTech
J_000833,Job,4,,Business Development Manager,Mid,SaaS
J_000834,Job,5,,Marketing Manager,Junior,Retail
J_000835,Job,4,,Sales Representative,Junior,FinTech
J_000836,Job,6,,Project Manager,Mid,Gaming
J_000837,Job,4,,Sales Representative,Mid,Cybersecurity
J_000838,Job,6,,Program Coordinator,Junior,Gaming
J_000839,Job,1,,Financial Analyst,Senior,Healthcare
J_000840,Job,3,,Business Analyst,Junior,Travel
J_000841,Job,3,,BI Analyst,Senior,Travel
J_000842,Job,6,,Project Manager,Junior,Travel
J_000843,Job,7,,Customer Success Associate,Senior,EdTech
J_000844,Job,0,,Full Stack Engineer,Mid,EdTech
J_000845,Job,6,,Program Coordinator,Junior,Retail
J_000846,Job,4,,Account Executive,Junior,FinTech
J_000847,Job,1,,Financial Analyst,Junior,Cybersecurity
J_000848,Job,2,,Associate Product Manager,Senior,E-commerce
J_000849,Job,6,,Program Coordinator,Mid,Cybersecurity
J_000850,Job,3,,Business Analyst,Junior,Travel
J_000851,Job,4,,Business Development Manager,Senior,E-commerce
J_000852,Job,1,,Junior Accountant,Junior,Gaming
J_000853,Job,2,,Product Manager,Junior,Travel
J_000854,Job,3,,Data Analyst,Junior,FinTech
J_000855,Job,6,,Project Manager,Junior,Retail
J_000856,Job,6,,Program Coordinator,Senior,Retail
J_000857,Job,5,,Content Marketer,Senior,E-commerce
J_000858,Job,2,,Product Manager,Senior,Gaming
J_000859,Job,2,,Product Manager,Junior,Retail
J_000860,Job,5,,Content Marketer,Senior,Retail
J_000861,Job,6,,Program Coordinator,Junior,SaaS
J_000862,Job,3,,Data Analyst,Mid,Retail
J_000863,Job,5,,Content Marketer,Senior,Logistics
J_000864,Job,4,,Business Development Manager,Senior,Cybersecurity
J_000865,Job,2,,Associate Product Manager,Mid,Logistics
J_000866,Job,5,,Marketing Manager,Senior,E-commerce
J_000867,Job,0,,Full Stack Engineer,Mid,Retail
J_000868,Job,4,,Business Development Manager,Mid,Travel
J_000869,Job,6,,Program Coordinator,Mid,SaaS
J_000870,Job,7,,Customer Support Specialist,Senior,SaaS
J_000871,Job,3,,Data Analyst,Senior,Healthcare
J_000872,Job,1,,Financial Analyst,Mid,SaaS
J_000873,Job,3,,Business Analyst,Junior,E-commerce
J_000874,Job,6,,Program Coordinator,Senior,Cybersecurity
J_000875,Job,6,,Project Manager,Junior,Cybersecurity
J_000876,Job,4,,Business Development Manager,Mid,Logistics
J_000877,Job,3,,BI Analyst,Mid,FinTech
J_000878,Job,6,,Project Manager,Mid,Travel
J_000879,Job,2,,Associate Product Manager,Junior,Healthcare
J_000880,Job,3,,BI Analyst,Mid,EdTech
J_000881,Job,3,,BI Analyst,Mid,Retail
J_000882,Job,3,,BI Analyst,Senior,Cybersecurity
J_000883,Job,3,,BI Analyst,Junior,Retail
J_000884,Job,5,,Content Marketer,Mid,Retail
J_000885,Job,5,,Content Marketer,Junior,EdTech
J_000886,Job,1,,Junior Accountant,Senior,Healthcare
J_000887,Job,5,,Performance Marketer,Mid,Cybersecurity
J_000888,Job,5,,Content Marketer,Senior,Travel
J_000889,Job,1,,Program Coordinator,Mid,Cybersecurity
J_000890,Job,7,,Technical Support Specialist,Junior,Gaming
J_000891,Job,3,,Business Analyst,Junior,Retail
J_000892,Job,4,,Business Development Manager,Junior,FinTech
J_000893,Job,0,,Full Stack Engineer,Mid,Gaming
J_000894,Job,4,,Account Executive,Mid,Travel
J_000895,Job,5,,Marketing Manager,Senior,Travel
J_000896,Job,1,,Junior Accountant,Junior,FinTech
J_000897,Job,2,,Product Manager,Senior,E-commerce
J_000898,Job,4,,Account Executive,Senior,Cybersecurity
J_000899,Job,1,,FP&A Analyst,Senior,Logistics
J_000900,Job,4,,Account Executive,Mid,Retail
J_000901,Job,7,,Customer Support Specialist,Junior,SaaS
J_000902,Job,4,,Business Development Manager,Junior,Gaming
J_000903,Job,2,,Product Manager,Senior,Healthcare
J_000904,Job,6,,Operations Manager,Mid,EdTech
J_000905,Job,3,,Data Analyst,Senior,Cybersecurity
J_000906,Job,4,,Sales Representative,Mid,SaaS
J_000907,Job,6,,Program Coordinator,Senior,SaaS
J_000908,Job,1,,FP&A Analyst,Junior,Healthcare
J_000909,Job,2,,Associate Product Manager,Mid,Logistics
J_000910,Job,7,,Customer Success Associate,Junior,Retail
J_000911,Job,5,,Marketing Manager,Senior,FinTech
J_000912,Job,3,,BI Analyst,Junior,Gaming
J_000913,Job,4,,Business Development Manager,Mid,Retail
J_000914,Job,2,,Technical Product Manager,Junior,E-commerce
J_000915,Job,5,,Performance Marketer,Mid,E-commerce
J_000916,Job,2,,Product Manager,Senior,Cybersecurity
J_000917,Job,4,,Sales Representative,Junior,Travel
J_000918,Job,4,,Account Executive,Mid,FinTech
J_000919,Job,4,,Business Development Manager,Junior,Healthcare
J_000920,Job,0,,Backend Engineer,Mid,FinTech
J_000921,Job,0,,Full Stack Engineer,Senior,Healthcare
J_000922,Job,0,,Full Stack Engineer,Junior,Cybersecurity
J_000923,Job,7,,Customer Support Specialist,Junior,FinTech
J_000924,Job,5,,Content Marketer,Mid,Cybersecurity
J_000925,Job,1,,FP&A Analyst,Mid,Gaming
J_000926,Job,0,,Full Stack Engineer,Mid,Logistics
J_000927,Job,4,,Account Executive,Mid,Healthcare
J_000928,Job,5,,Performance Marketer,Mid,Healthcare
J_000929,Job,7,,Customer Success Associate,Mid,SaaS
J_000930,Job,3,,BI Analyst,Senior,Travel
J_000931,Job,4,,Account Executive,Senior,EdTech
J_000932,Job,3,,BI Analyst,Senior,EdTech
J_000933,Job,2,,Technical Product Manager,Junior,Retail
J_000934,Job,0,,Backend Engineer,Senior,E-commerce
J_000935,Job,0,,Software Engineer,Junior,Logistics
J_000936,Job,5,,Content Marketer,Senior,Healthcare
J_000937,Job,1,,Junior Accountant,Mid,Cybersecurity
J_000938,Job,1,,Financial Analyst,Mid,SaaS
J_000939,Job,3,,Business Analyst,Junior,Healthcare
J_000940,Job,4,,Sales Representative,Senior,Retail
J_000941,Job,5,,Content Marketer,Junior,Gaming
J_000942,Job,5,,Content Marketer,Senior,Gaming
J_000943,Job,5,,Performance Marketer,Junior,Cybersecurity
J_000944,Job,7,,Technical Support Specialist,Junior,FinTech
J_000945,Job,5,,Content Marketer,Junior,Healthcare
J_000946,Job,3,,BI Analyst,Junior,Logistics
J_000947,Job,5,,Content Marketer,Senior,EdTech
J_000948,Job,3,,Data Analyst,Mid,Healthcare
J_000949,Job,5,,Content Marketer,Mid,EdTech
J_000950,Job,6,,Operations Manager,Mid,Gaming
J_000951,Job,0,,Backend Engineer,Junior,Healthcare
J_000952,Job,3,,Data Analyst,Junior,Travel
J_000953,Job,6,,Project Manager,Senior,EdTech
J_000954,Job,4,,Account Executive,Mid,EdTech
J_000955,Job,1,,Junior Accountant,Junior,Healthcare
J_000956,Job,6,,Operations Manager,Mid,Cybersecurity
J_000957,Job,1,,FP&A Analyst,Senior,Retail
J_000958,Job,0,,Backend Engineer,Senior,FinTech
J_000959,Job,4,,Account Executive,Senior,Retail
J_000960,Job,5,,Content Marketer,Junior,E-commerce
J_000961,Job,6,,Project Manager,Senior,Retail
J_000962,Job,7,,Technical Support Specialist,Mid,FinTech
J_000963,Job,7,,Customer Support Specialist,Junior,Gaming
J_000964,Job,0,,Backend Engineer,Mid,EdTech
J_000965,Job,4,,Account Executive,Junior,E-commerce
J_000966,Job,5,,Content Marketer,Junior,FinTech
J_000967,Job,7,,Customer Support Specialist,Junior,EdTech
J_000968,Job,4,,Business Development Manager,Junior,Gaming
J_000969,Job,4,,Sales Representative,Senior,EdTech
J_000970,Job,6,,Operations Manager,Mid,SaaS
J_000971,Job,6,,Operations Manager,Junior,E-commerce
J_000972,Job,5,,Marketing Manager,Senior,E-commerce
J_000973,Job,7,,Technical Support Specialist,Junior,SaaS
J_000974,Job,5,,Performance Marketer,Mid,SaaS
J_000975,Job,1,,Financial Analyst,Junior,FinTech
J_000976,Job,2,,Technical Product Manager,Junior,Travel
J_000977,Job,7,,Customer Success Associate,Junior,Healthcare
J_000978,Job,3,,BI Analyst,Mid,Cybersecurity
J_000979,Job,3,,BI Analyst,Mid,FinTech
J_000980,Job,6,,Operations Manager,Senior,E-commerce
J_000981,Job,0,,Full Stack Engineer,Mid,Healthcare
J_000982,Job,0,,Full Stack Engineer,Mid,Logistics
J_000983,Job,0,,Backend Engineer,Senior,Travel
J_000984,Job,5,,Performance Marketer,Mid,E-commerce
J_000985,Job,0,,Full Stack Engineer,Junior,Retail
J_000986,Job,1,,Junior Accountant,Mid,E-commerce
J_000987,Job,4,,Sales Representative,Junior,Retail
J_000988,Job,4,,Sales Representative,Mid,SaaS
J_000989,Job,4,,Account Executive,Junior,SaaS
J_000990,Job,1,,Junior Accountant,Senior,Retail
J_000991,Job,0,,Software Engineer,Junior,E-commerce
J_000992,Job,4,,Business Development Manager,Mid,Travel
J_000993,Job,1,,Junior Accountant,Mid,Cybersecurity
J_000994,Job,1,,FP&A Analyst,Junior,FinTech
J_000995,Job,4,,Sales Representative,Junior,Cybersecurity
J_000996,Job,7,,Technical Support Specialist,Mid,Logistics
J_000997,Job,6,,Program Coordinator,Mid,EdTech
J_000998,Job,4,,Sales Representative,Mid,SaaS
J_000999,Job,7,,Customer Success Associate,Mid,FinTech
J_001000,Job,4,,Account Executive,Mid,Logistics
J_001001,Job,0,,Full Stack Engineer,Junior,EdTech
J_001002,Job,5,,Performance Marketer,Mid,Cybersecurity
J_001003,Job,2,,Product Manager,Junior,Travel
J_001004,Job,7,,Customer Support Specialist,Mid,Logistics
J_001005,Job,3,,Data Analyst,Junior,Travel
J_001006,Job,3,,Business Analyst,Senior,SaaS
J_001007,Job,2,,Product Manager,Mid,Cybersecurity
J_001008,Job,3,,BI Analyst,Junior,Cybersecurity
J_001009,Job,2,,Technical Product Manager,Junior,Logistics
J_001010,Job,5,,Marketing Manager,Mid,Healthcare
J_001011,Job,1,,FP&A Analyst,Senior,FinTech
J_001012,Job,5,,Performance Marketer,Junior,EdTech
J_001013,Job,1,,Junior Accountant,Senior,SaaS
J_001014,Job,7,,Customer Support Specialist,Senior,Retail
J_001015,Job,1,,FP&A Analyst,Mid,Gaming
J_001016,Job,3,,Business Analyst,Junior,Logistics
J_001017,Job,7,,Technical Support Specialist,Mid,Retail
J_001018,Job,3,,BI Analyst,Junior,Gaming
J_001019,Job,5,,Content Marketer,Junior,EdTech
J_001020,Job,1,,Financial Analyst,Mid,E-commerce
J_001021,Job,3,,Business Analyst,Senior,Healthcare
J_001022,Job,4,,Sales Representative,Mid,Retail
J_001023,Job,6,,Project Manager,Senior,Cybersecurity
J_001024,Job,5,,Performance Marketer,Junior,Healthcare
J_001025,Job,2,,Product Manager,Senior,Logistics
J_001026,Job,0,,Full Stack Engineer,Mid,Retail
J_001027,Job,1,,Financial Analyst,Mid,Logistics
J_001028,Job,3,,Business Analyst,Junior,Travel
J_001029,Job,2,,Product Manager,Mid,Logistics
J_001030,Job,1,,Junior Accountant,Junior,SaaS
J_001031,Job,5,,Content Marketer,Mid,FinTech
J_001032,Job,7,,Technical Support Specialist,Mid,EdTech
J_001033,Job,1,,FP&A Analyst,Mid,Gaming
J_001034,Job,1,,Financial Analyst,Junior,Logistics
J_001035,Job,3,,Business Analyst,Junior,FinTech
J_001036,Job,5,,Performance Marketer,Junior,EdTech
J_001037,Job,1,,Financial Analyst,Senior,E-commerce
J_001038,Job,3,,BI Analyst,Junior,E-commerce
J_001039,Job,6,,Program Coordinator,Mid,Gaming
J_001040,Job,4,,Business Development Manager,Senior,Logistics
J_001041,Job,7,,Customer Success Associate,Mid,FinTech
J_001042,Job,7,,Customer Support Specialist,Junior,Healthcare
J_001043,Job,3,,Data Analyst,Junior,Cybersecurity
J_001044,Job,3,,Business Analyst,Senior,FinTech
J_001045,Job,3,,Business Analyst,Junior,EdTech
J_001046,Job,1,,Junior Accountant,Mid,FinTech
J_001047,Job,0,,Software Engineer,Senior,FinTech
J_001048,Job,0,,Backend Engineer,Junior,Travel
J_001049,Job,5,,Performance Marketer,Junior,Gaming
J_001050,Job,7,,Customer Support Specialist,Mid,Gaming
J_001051,Job,6,,Project Manager,Junior,EdTech
J_001052,Job,5,,Content Marketer,Junior,EdTech
J_001053,Job,4,,Account Executive,Mid,SaaS
J_001054,Job,6,,Program Coordinator,Senior,Retail
J_001055,Job,3,,Data Analyst,Junior,SaaS
J_001056,Job,1,,Financial Analyst,Senior,SaaS
J_001057,Job,1,,Financial Analyst,Senior,Travel
J_001058,Job,6,,Operations Manager,Junior,Healthcare
J_001059,Job,7,,Technical Support Specialist,Junior,Retail
J_001060,Job,2,,Associate Product Manager,Junior,E-commerce
J_001061,Job,0,,Backend Engineer,Senior,Gaming
J_001062,Job,3,,Data Analyst,Mid,FinTech
J_001063,Job,0,,Full Stack Engineer,Mid,Cybersecurity
J_001064,Job,2,,Technical Product Manager,Mid,Travel
J_001065,Job,7,,Technical Support Specialist,Mid,Cybersecurity
J_001066,Job,3,,BI Analyst,Mid,Cybersecurity
J_001067,Job,5,,Performance Marketer,Mid,Healthcare
J_001068,Job,7,,Customer Support Specialist,Mid,Cybersecurity
J_001069,Job,5,,Performance Marketer,Senior,EdTech
J_001070,Job,3,,Data Analyst,Senior,Logistics
J_001071,Job,1,,Junior Accountant,Senior,Cybersecurity
J_001072,Job,5,,Performance Marketer,Junior,Healthcare
J_001073,Job,1,,Junior Accountant,Senior,Healthcare
J_001074,Job,4,,Business Development Manager,Senior,Travel
J_001075,Job,0,,Software Engineer,Junior,Travel
J_001076,Job,6,,Project Manager,Senior,EdTech
J_001077,Job,0,,Full Stack Engineer,Senior,SaaS
J_001078,Job,7,,Customer Success Associate,Mid,E-commerce
J_001079,Job,7,,Customer Support Specialist,Mid,Retail
J_001080,Job,0,,Full Stack Engineer,Mid,Travel
J_001081,Job,4,,Account Executive,Mid,Gaming
J_001082,Job,4,,Account Executive,Senior,Travel
J_001083,Job,7,,Customer Success Associate,Mid,Healthcare
J_001084,Job,2,,Product Manager,Senior,Retail
J_001085,Job,3,,Business Analyst,Junior,SaaS
J_001086,Job,4,,Business Development Manager,Mid,Gaming
J_001087,Job,2,,Technical Product Manager,Mid,Gaming
J_001088,Job,4,,Business Development Manager,Junior,Cybersecurity
J_001089,Job,4,,Business Development Manager,Junior,Cybersecurity
J_001090,Job,0,,Backend Engineer,Junior,E-commerce
J_001091,Job,0,,Full Stack Engineer,Junior,SaaS
J_001092,Job,7,,Technical Support Specialist,Junior,SaaS
J_001093,Job,7,,Technical Support Specialist,Junior,Gaming
J_001094,Job,3,,BI Analyst,Mid,Travel
J_001095,Job,6,,Operations Manager,Mid,Retail
J_001096,Job,4,,Sales Representative,Mid,Logistics
J_001097,Job,4,,Account Executive,Junior,Retail
J_001098,Job,3,,BI Analyst,Senior,SaaS
J_001099,Job,2,,Product Manager,Junior,Healthcare
J_001100,Job,6,,Operations Manager,Junior,Travel
J_001101,Job,6,,Project Manager,Senior,Cybersecurity
J_001102,Job,1,,Financial Analyst,Junior,SaaS
J_001103,Job,1,,FP&A Analyst,Mid,SaaS
J_001104,Job,1,,Financial Analyst,Senior,Gaming
J_001105,Job,6,,Operations Manager,Mid,E-commerce
J_001106,Job,1,,Financial Analyst,Senior,Retail
J_001107,Job,1,,Financial Analyst,Mid,Gaming
J_001108,Job,1,,FP&A Analyst,Junior,FinTech
J_001109,Job,3,,Business Analyst,Mid,SaaS
J_001110,Job,5,,Marketing Manager,Junior,Retail
J_001111,Job,6,,Project Manager,Junior,Logistics
J_001112,Job,6,,Operations Manager,Mid,Healthcare
J_001113,Job,1,,Junior Accountant,Senior,SaaS
J_001114,Job,3,,Business Analyst,Mid,Healthcare
J_001115,Job,3,,Business Analyst,Junior,SaaS
J_001116,Job,6,,Program Coordinator,Mid,Logistics
J_001117,Job,5,,Content Marketer,Junior,SaaS
J_001118,Job,6,,Operations Manager,Senior,Travel
J_001119,Job,5,,Content Marketer,Junior,Retail
J_001120,Job,0,,Backend Engineer,Mid,Logistics
J_001121,Job,5,,Content Marketer,Senior,Logistics
J_001122,Job,6,,Program Coordinator,Mid,E-commerce
J_001123,Job,7,,Customer Support Specialist,Junior,Travel
J_001124,Job,0,,Full Stack Engineer,Junior,Cybersecurity
J_001125,Job,1,,Financial Analyst,Junior,Gaming
J_001126,Job,2,,Technical Product Manager,Mid,Cybersecurity
J_001127,Job,7,,Customer Support Specialist,Junior,E-commerce
J_001128,Job,0,,Backend Engineer,Junior,Retail
J_001129,Job,4,,Sales Representative,Junior,Healthcare
J_001130,Job,5,,Performance Marketer,Senior,Gaming
J_001131,Job,3,,Data Analyst,Mid,FinTech
J_001132,Job,3,,Business Analyst,Mid,Retail
J_001133,Job,4,,Business Development Manager,Junior,SaaS
J_001134,Job,3,,Data Analyst,Mid,Cybersecurity
J_001135,Job,2,,Product Manager,Mid,Logistics
J_001136,Job,3,,Data Analyst,Junior,Travel
J_001137,Job,6,,Program Coordinator,Senior,Retail
J_001138,Job,7,,Customer Success Associate,Senior,Gaming
J_001139,Job,6,,Program Coordinator,Junior,E-commerce
J_001140,Job,1,,Junior Accountant,Mid,EdTech
J_001141,Job,1,,Financial Analyst,Mid,Cybersecurity
J_001142,Job,3,,Data Analyst,Senior,EdTech
J_001143,Job,2,,Technical Product Manager,Mid,Logistics
J_001144,Job,1,,FP&A Analyst,Junior,Retail
J_001145,Job,3,,Business Analyst,Senior,E-commerce
J_001146,Job,5,,Marketing Manager,Senior,Logistics
J_001147,Job,6,,Program Coordinator,Mid,Logistics
J_001148,Job,1,,Junior Accountant,Junior,E-commerce
J_001149,Job,4,,Account Executive,Mid,FinTech
J_001150,Job,4,,Account Executive,Junior,Travel
J_001151,Job,1,,Junior Accountant,Mid,Retail
J_001152,Job,1,,Junior Accountant,Mid,Healthcare
J_001153,Job,6,,Operations Manager,Junior,Gaming
J_001154,Job,0,,Software Engineer,Mid,EdTech
J_001155,Job,5,,Performance Marketer,Junior,SaaS
J_001156,Job,4,,Sales Representative,Mid,Logistics
J_001157,Job,1,,Financial Analyst,Senior,EdTech
J_001158,Job,0,,Full Stack Engineer,Junior,Gaming
J_001159,Job,2,,Associate Product Manager,Senior,Gaming
J_001160,Job,2,,Technical Product Manager,Junior,Cybersecurity
J_001161,Job,4,,Business Development Manager,Senior,SaaS
J_001162,Job,3,,BI Analyst,Mid,SaaS
J_001163,Job,7,,Customer Success Associate,Senior,SaaS
J_001164,Job,5,,Content Marketer,Senior,FinTech
J_001165,Job,4,,Sales Representative,Mid,SaaS
J_001166,Job,0,,Software Engineer,Mid,Retail
J_001167,Job,7,,Customer Support Specialist,Mid,Logistics
J_001168,Job,7,,Customer Success Associate,Junior,Healthcare
J_001169,Job,6,,Program Coordinator,Senior,Healthcare
J_001170,Job,7,,Technical Support Specialist,Senior,Retail
J_001171,Job,0,,Full Stack Engineer,Mid,FinTech
J_001172,Job,0,,Backend Engineer,Senior,SaaS
J_001173,Job,7,,Customer Support Specialist,Junior,Retail
J_001174,Job,7,,Customer Success Associate,Junior,Healthcare
J_001175,Job,7,,Customer Success Associate,Senior,FinTech
J_001176,Job,4,,Account Executive,Mid,Retail
J_001177,Job,1,,Financial Analyst,Junior,Cybersecurity
J_001178,Job,3,,Business Analyst,Junior,Gaming
J_001179,Job,3,,Business Analyst,Junior,Healthcare
J_001180,Job,6,,Project Manager,Senior,EdTech
J_001181,Job,4,,Business Development Manager,Junior,Healthcare
J_001182,Job,2,,Product Manager,Senior,E-commerce
J_001183,Job,4,,Business Development Manager,Junior,SaaS
J_001184,Job,4,,Sales Representative,Junior,Logistics
J_001185,Job,5,,Performance Marketer,Junior,Gaming
J_001186,Job,4,,Sales Representative,Mid,E-commerce
J_001187,Job,7,,Customer Support Specialist,Junior,Logistics
J_001188,Job,4,,Business Development Manager,Junior,Healthcare
J_001189,Job,3,,Data Analyst,Senior,SaaS
J_001190,Job,5,,Marketing Manager,Senior,E-commerce
J_001191,Job,6,,Project Manager,Junior,Logistics
J_001192,Job,7,,Customer Support Specialist,Mid,FinTech
J_001193,Job,6,,Operations Manager,Junior,Gaming
J_001194,Job,2,,Associate Product Manager,Mid,FinTech
J_001195,Job,7,,Technical Support Specialist,Senior,FinTech
J_001196,Job,3,,Business Analyst,Mid,Logistics
J_001197,Job,0,,Software Engineer,Senior,SaaS
J_001198,Job,7,,Customer Support Specialist,Senior,EdTech
J_001199,Job,4,,Account Executive,Junior,Cybersecurity
J_001200,Job,3,,Data Analyst,Junior,EdTech
J_001201,Job,0,,Backend Engineer,Junior,Travel
J_001202,Job,2,,Associate Product Manager,Senior,FinTech
J_001203,Job,5,,Performance Marketer,Senior,SaaS
J_001204,Job,6,,Project Manager,Senior,Retail
J_001205,Job,3,,BI Analyst,Junior,Travel
J_001206,Job,0,,Backend Engineer,Senior,Healthcare
J_001207,Job,2,,Associate Product Manager,Mid,Retail
J_001208,Job,2,,Technical Product Manager,Junior,Cybersecurity
J_001209,Job,4,,Business Development Manager,Mid,Travel
J_001210,Job,0,,Backend Engineer,Junior,FinTech
J_001211,Job,1,,FP&A Analyst,Mid,E-commerce
J_001212,Job,3,,Business Analyst,Mid,EdTech
J_001213,Job,2,,Associate Product Manager,Junior,Gaming
J_001214,Job,3,,Business Analyst,Senior,E-commerce
J_001215,Job,2,,Product Manager,Senior,Gaming
J_001216,Job,0,,Full Stack Engineer,Junior,Logistics
J_001217,Job,6,,Project Manager,Junior,SaaS
J_001218,Job,7,,Customer Support Specialist,Mid,Cybersecurity
J_001219,Job,7,,Customer Success Associate,Senior,FinTech
J_001220,Job,0,,Full Stack Engineer,Senior,Retail
J_001221,Job,2,,Product Manager,Junior,SaaS
J_001222,Job,4,,Account Executive,Mid,Retail
J_001223,Job,1,,Junior Accountant,Senior,Logistics
J_001224,Job,6,,Project Manager,Junior,Travel
J_001225,Job,0,,Full Stack Engineer,Junior,Logistics
J_001226,Job,3,,Business Analyst,Mid,SaaS
J_001227,Job,7,,Technical Support Specialist,Mid,Gaming
J_001228,Job,0,,Backend Engineer,Senior,E-commerce
J_001229,Job,3,,Data Analyst,Junior,SaaS
J_001230,Job,0,,Backend Engineer,Senior,Gaming
J_001231,Job,3,,Data Analyst,Senior,Travel
J_001232,Job,3,,Business Analyst,Junior,Travel
J_001233,Job,4,,Account Executive,Mid,SaaS
J_001234,Job,0,,Full Stack Engineer,Senior,SaaS
J_001235,Job,6,,Project Manager,Junior,EdTech
J_001236,Job,3,,Data Analyst,Mid,SaaS
J_001237,Job,5,,Content Marketer,Senior,E-commerce
J_001238,Job,3,,BI Analyst,Senior,Travel
J_001239,Job,2,,Associate Product Manager,Mid,Gaming
J_001240,Job,6,,Program Coordinator,Junior,FinTech
J_001241,Job,4,,Business Development Manager,Senior,Cybersecurity
J_001242,Job,1,,Financial Analyst,Senior,Retail
J_001243,Job,4,,Account Executive,Mid,Logistics
J_001244,Job,5,,Marketing Manager,Senior,Gaming
J_001245,Job,0,,Full Stack Engineer,Junior,SaaS
J_001246,Job,1,,Junior Accountant,Junior,SaaS
J_001247,Job,3,,Business Analyst,Mid,SaaS
J_001248,Job,4,,Business Development Manager,Mid,EdTech
J_001249,Job,2,,Associate Product Manager,Junior,Retail
J_001250,Job,7,,Technical Support Specialist,Junior,FinTech
J_001251,Job,1,,Junior Accountant,Mid,EdTech
J_001252,Job,6,,Program Coordinator,Junior,Cybersecurity
J_001253,Job,5,,Content Marketer,Senior,Travel
J_001254,Job,7,,Customer Support Specialist,Mid,EdTech
J_001255,Job,5,,Content Marketer,Junior,E-commerce
J_001256,Job,1,,FP&A Analyst,Junior,Logistics
J_001257,Job,4,,Sales Representative,Mid,Travel
J_001258,Job,2,,Associate Product Manager,Mid,EdTech
J_001259,Job,6,,Operations Manager,Junior,E-commerce
J_001260,Job,7,,Technical Support Specialist,Mid,Retail
J_001261,Job,7,,Customer Success Associate,Senior,FinTech
J_001262,Job,0,,Backend Engineer,Senior,EdTech
J_001263,Job,7,,Customer Support Specialist,Junior,Retail
J_001264,Job,1,,Financial Analyst,Junior,SaaS
J_001265,Job,5,,Marketing Manager,Mid,Gaming
J_001266,Job,6,,Program Coordinator,Mid,SaaS
J_001267,Job,2,,Product Manager,Mid,E-commerce
J_001268,Job,4,,Sales Representative,Junior,E-commerce
J_001269,Job,1,,FP&A Analyst,Junior,SaaS
J_001270,Job,3,,Business Analyst,Senior,E-commerce
J_001271,Job,6,,Operations Manager,Junior,FinTech
J_001272,Job,4,,Sales Representative,Mid,E-commerce
J_001273,Job,6,,Project Manager,Junior,SaaS
J_001274,Job,3,,Business Analyst,Mid,Retail
J_001275,Job,5,,Performance Marketer,Mid,Cybersecurity
J_001276,Job,6,,Operations Manager,Senior,Logistics
J_001277,Job,4,,Sales Representative,Senior,E-commerce
J_001278,Job,6,,Project Manager,Junior,FinTech
J_001279,Job,7,,Customer Success Associate,Mid,Gaming
J_001280,Job,1,,FP&A Analyst,Senior,Logistics
J_001281,Job,2,,Technical Product Manager,Senior,EdTech
J_001282,Job,3,,Business Analyst,Junior,Travel
J_001283,Job,5,,Performance Marketer,Senior,Retail
J_001284,Job,3,,Business Analyst,Junior,EdTech
J_001285,Job,4,,Business Development Manager,Senior,Healthcare
J_001286,Job,0,,Full Stack Engineer,Senior,SaaS
J_001287,Job,0,,Software Engineer,Mid,Retail
J_001288,Job,1,,Junior Accountant,Junior,Gaming
J_001289,Job,7,,Customer Success Associate,Junior,Travel
J_001290,Job,0,,Backend Engineer,Senior,E-commerce
J_001291,Job,1,,Financial Analyst,Mid,Healthcare
J_001292,Job,1,,Financial Analyst,Mid,Logistics
J_001293,Job,6,,Operations Manager,Senior,EdTech
J_001294,Job,2,,Technical Product Manager,Junior,E-commerce
J_001295,Job,4,,Account Executive,Senior,Logistics
J_001296,Job,0,,Full Stack Engineer,Mid,SaaS
J_001297,Job,2,,Associate Product Manager,Senior,Healthcare
J_001298,Job,7,,Customer Support Specialist,Junior,Healthcare
J_001299,Job,7,,Technical Support Specialist,Mid,Logistics
J_001300,Job,4,,Business Development Manager,Mid,SaaS
J_001301,Job,4,,Sales Representative,Junior,Cybersecurity
J_001302,Job,6,,Operations Manager,Junior,Retail
J_001303,Job,7,,Technical Support Specialist,Junior,Gaming
J_001304,Job,1,,Financial Analyst,Senior,EdTech
J_001305,Job,2,,Associate Product Manager,Junior,Cybersecurity
J_001306,Job,3,,Business Analyst,Junior,Healthcare
J_001307,Job,4,,Business Development Manager,Junior,E-commerce
J_001308,Job,6,,Operations Manager,Junior,Logistics
J_001309,Job,2,,Technical Product Manager,Senior,Travel
J_001310,Job,6,,Operations Manager,Mid,E-commerce
J_001311,Job,6,,Project Manager,Mid,Logistics
J_001312,Job,5,,Performance Marketer,Senior,E-commerce
J_001313,Job,4,,Business Development Manager,Junior,FinTech
J_001314,Job,2,,Associate Product Manager,Junior,SaaS
J_001315,Job,5,,Content Marketer,Senior,Travel
J_001316,Job,2,,Product Manager,Senior,EdTech
J_001317,Job,1,,Junior Accountant,Junior,FinTech
J_001318,Job,5,,Content Marketer,Senior,Retail
J_001319,Job,0,,Backend Engineer,Senior,SaaS
J_001320,Job,7,,Customer Success Associate,Senior,FinTech
J_001321,Job,3,,BI Analyst,Mid,E-commerce
J_001322,Job,0,,Full Stack Engineer,Mid,E-commerce
J_001323,Job,1,,FP&A Analyst,Mid,SaaS
J_001324,Job,3,,BI Analyst,Junior,Cybersecurity
J_001325,Job,3,,BI Analyst,Mid,Travel
J_001326,Job,7,,Customer Success Associate,Senior,FinTech
J_001327,Job,2,,Product Manager,Junior,FinTech
J_001328,Job,3,,BI Analyst,Senior,Healthcare
J_001329,Job,2,,Product Manager,Mid,Retail
J_001330,Job,5,,Performance Marketer,Junior,FinTech
J_001331,Job,3,,BI Analyst,Mid,FinTech
J_001332,Job,6,,Project Manager,Mid,SaaS
J_001333,Job,6,,Operations Manager,Mid,E-commerce
J_001334,Job,3,,Business Analyst,Junior,Gaming
J_001335,Job,4,,Sales Representative,Senior,Travel
J_001336,Job,7,,Customer Support Specialist,Mid,Retail
J_001337,Job,3,,BI Analyst,Junior,EdTech
J_001338,Job,4,,Business Development Manager,Mid,E-commerce
J_001339,Job,4,,Business Development Manager,Mid,Cybersecurity
J_001340,Job,2,,Product Manager,Junior,E-commerce
J_001341,Job,0,,Full Stack Engineer,Mid,Gaming
J_001342,Job,7,,Customer Success Associate,Mid,Healthcare
J_001343,Job,2,,Associate Product Manager,Senior,SaaS
J_001344,Job,1,,Financial Analyst,Junior,FinTech
J_001345,Job,6,,Program Coordinator,Mid,FinTech
J_001346,Job,2,,Product Manager,Senior,Healthcare
J_001347,Job,0,,Software Engineer,Senior,EdTech
J_001348,Job,7,,Technical Support Specialist,Junior,E-commerce
J_001349,Job,1,,Financial Analyst,Mid,EdTech
J_001350,Job,3,,BI Analyst,Junior,Travel
J_001351,Job,5,,Performance Marketer,Senior,Travel
J_001352,Job,7,,Customer Success Associate,Mid,FinTech
J_001353,Job,7,,Technical Support Specialist,Mid,Cybersecurity
J_001354,Job,1,,FP&A Analyst,Junior,Gaming
J_001355,Job,1,,Junior Accountant,Junior,FinTech
J_001356,Job,1,,Junior Accountant,Junior,Healthcare
J_001357,Job,0,,Backend Engineer,Junior,EdTech
J_001358,Job,3,,Business Analyst,Mid,Travel
J_001359,Job,4,,Business Development Manager,Senior,E-commerce
J_001360,Job,1,,Financial Analyst,Mid,EdTech
J_001361,Job,4,,Account Executive,Junior,Cybersecurity
J_001362,Job,6,,Program Coordinator,Mid,Logistics
J_001363,Job,6,,Program Coordinator,Junior,SaaS
J_001364,Job,2,,Product Manager,Junior,E-commerce
J_001365,Job,2,,Associate Product Manager,Junior,SaaS
J_001366,Job,4,,Account Executive,Junior,Logistics
J_001367,Job,1,,Financial Analyst,Junior,Retail
J_001368,Job,3,,Business Analyst,Senior,E-commerce
J_001369,Job,3,,BI Analyst,Mid,Cybersecurity
J_001370,Job,6,,Program Coordinator,Senior,FinTech
J_001371,Job,4,,Sales Representative,Mid,EdTech
J_001372,Job,3,,BI Analyst,Mid,Logistics
J_001373,Job,7,,Customer Success Associate,Mid,Gaming
J_001374,Job,6,,Program Coordinator,Senior,Healthcare
J_001375,Job,1,,FP&A Analyst,Senior,FinTech
J_001376,Job,7,,Customer Success Associate,Junior,EdTech
J_001377,Job,5,,Content Marketer,Senior,Healthcare
J_001378,Job,5,,Marketing Manager,Mid,Travel
J_001379,Job,6,,Operations Manager,Mid,Retail
J_001380,Job,6,,Project Manager,Mid,Cybersecurity
J_001381,Job,6,,Project Manager,Junior,E-commerce
J_001382,Job,2,,Product Manager,Junior,EdTech
J_001383,Job,6,,Program Coordinator,Mid,Gaming
J_001384,Job,1,,FP&A Analyst,Mid,Retail
J_001385,Job,5,,Marketing Manager,Senior,Cybersecurity
J_001386,Job,4,,Sales Representative,Mid,Gaming
J_001387,Job,2,,Technical Product Manager,Junior,FinTech
J_001388,Job,4,,Sales Representative,Mid,E-commerce
J_001389,Job,6,,Operations Manager,Mid,Cybersecurity
J_001390,Job,5,,Content Marketer,Junior,SaaS
J_001391,Job,6,,Program Coordinator,Mid,Travel
J_001392,Job,6,,Program Coordinator,Junior,Logistics
J_001393,Job,3,,Business Analyst,Junior,Travel
J_001394,Job,6,,Operations Manager,Mid,SaaS
J_001395,Job,5,,Performance Marketer,Mid,Healthcare
J_001396,Job,0,,Software Engineer,Junior,Healthcare
J_001397,Job,5,,Content Marketer,Mid,SaaS
J_001398,Job,4,,Sales Representative,Junior,Travel
J_001399,Job,1,,Junior Accountant,Junior,SaaS
J_001400,Job,1,,FP&A Analyst,Junior,Retail
J_001401,Job,6,,Project Manager,Senior,FinTech
J_001402,Job,5,,Performance Marketer,Senior,Logistics
J_001403,Job,7,,Customer Success Associate,Mid,FinTech
J_001404,Job,2,,Product Manager,Senior,Healthcare
J_001405,Job,0,,Full Stack Engineer,Junior,Healthcare
J_001406,Job,7,,Technical Support Specialist,Mid,Cybersecurity
J_001407,Job,0,,Software Engineer,Junior,FinTech
J_001408,Job,3,,Business Analyst,Mid,E-commerce
J_001409,Job,0,,Full Stack Engineer,Junior,E-commerce
J_001410,Job,3,,Data Analyst,Junior,Gaming
J_001411,Job,2,,Technical Product Manager,Junior,SaaS
J_001412,Job,5,,Content Marketer,Mid,Cybersecurity
J_001413,Job,5,,Marketing Manager,Mid,Healthcare
J_001414,Job,0,,Software Engineer,Senior,SaaS
J_001415,Job,0,,Backend Engineer,Junior,Travel
J_001416,Job,4,,Account Executive,Senior,FinTech
J_001417,Job,4,,Account Executive,Senior,SaaS
J_001418,Job,7,,Customer Success Associate,Junior,Healthcare
J_001419,Job,2,,Associate Product Manager,Senior,Cybersecurity
J_001420,Job,7,,Technical Support Specialist,Senior,SaaS
J_001421,Job,4,,Account Executive,Junior,Logistics
J_001422,Job,7,,Customer Success Associate,Senior,EdTech
J_001423,Job,4,,Account Executive,Senior,SaaS
J_001424,Job,0,,Full Stack Engineer,Junior,Logistics
J_001425,Job,3,,Data Analyst,Senior,SaaS
J_001426,Job,3,,Data Analyst,Senior,EdTech
J_001427,Job,2,,Product Manager,Junior,Travel
J_001428,Job,4,,Business Development Manager,Mid,Logistics
J_001429,Job,5,,Content Marketer,Senior,Cybersecurity
J_001430,Job,1,,Financial Analyst,Senior,SaaS
J_001431,Job,7,,Customer Success Associate,Junior,E-commerce
J_001432,Job,5,,Performance Marketer,Senior,Healthcare
J_001433,Job,4,,Business Development Manager,Junior,Gaming
J_001434,Job,0,,Backend Engineer,Junior,Cybersecurity
J_001435,Job,3,,Business Analyst,Senior,Healthcare
J_001436,Job,3,,BI Analyst,Junior,Travel
J_001437,Job,6,,Project Manager,Senior,Healthcare
J_001438,Job,5,,Performance Marketer,Mid,E-commerce
J_001439,Job,2,,Associate Product Manager,Mid,E-commerce
J_001440,Job,0,,Full Stack Engineer,Junior,Gaming
J_001441,Job,6,,Program Coordinator,Senior,EdTech
J_001442,Job,1,,FP&A Analyst,Junior,Gaming
J_001443,Job,7,,Customer Success Associate,Senior,Healthcare
J_001444,Job,4,,Sales Representative,Junior,Healthcare
J_001445,Job,5,,Performance Marketer,Senior,FinTech
J_001446,Job,6,,Project Manager,Junior,Retail
J_001447,Job,5,,Content Marketer,Mid,Healthcare
J_001448,Job,1,,FP&A Analyst,Senior,Gaming
J_001449,Job,2,,Technical Product Manager,Junior,Logistics
J_001450,Job,7,,Technical Support Specialist,Mid,Healthcare
J_001451,Job,3,,Business Analyst,Mid,SaaS
J_001452,Job,0,,Backend Engineer,Mid,SaaS
J_001453,Job,3,,BI Analyst,Junior,SaaS
J_001454,Job,7,,Customer Success Associate,Senior,Retail
J_001455,Job,7,,Customer Support Specialist,Senior,Gaming
J_001456,Job,2,,Technical Product Manager,Junior,Logistics
J_001457,Job,5,,Performance Marketer,Senior,Healthcare
J_001458,Job,6,,Project Manager,Junior,FinTech
J_001459,Job,6,,Program Coordinator,Junior,Gaming
J_001460,Job,3,,Business Analyst,Junior,Healthcare
J_001461,Job,4,,Account Executive,Mid,E-commerce
J_001462,Job,7,,Customer Support Specialist,Mid,E-commerce
J_001463,Job,5,,Marketing Manager,Mid,Healthcare
J_001464,Job,6,,Operations Manager,Senior,Cybersecurity
J_001465,Job,1,,FP&A Analyst,Senior,SaaS
J_001466,Job,6,,Project Manager,Senior,E-commerce
J_001467,Job,4,,Business Development Manager,Mid,Cybersecurity
J_001468,Job,4,,Business Development Manager,Junior,Travel
J_001469,Job,0,,Backend Engineer,Senior,Retail
J_001470,Job,1,,Junior Accountant,Junior,Healthcare
J_001471,Job,1,,Junior Accountant,Mid,Healthcare
J_001472,Job,3,,BI Analyst,Mid,Healthcare
J_001473,Job,3,,Business Analyst,Senior,Retail
J_001474,Job,5,,Content Marketer,Junior,E-commerce
J_001475,Job,7,,Technical Support Specialist,Junior,Retail
J_001476,Job,5,,Marketing Manager,Senior,FinTech
J_001477,Job,3,,Data Analyst,Junior,Healthcare
J_001478,Job,6,,Program Coordinator,Mid,Healthcare
J_001479,Job,5,,Content Marketer,Mid,FinTech
J_001480,Job,0,,Backend Engineer,Senior,Logistics
J_001481,Job,5,,Marketing Manager,Mid,SaaS
J_001482,Job,1,,FP&A Analyst,Senior,FinTech
J_001483,Job,1,,Junior Accountant,Junior,EdTech
J_001484,Job,4,,Account Executive,Junior,E-commerce
J_001485,Job,1,,FP&A Analyst,Mid,FinTech
J_001486,Job,0,,Full Stack Engineer,Junior,SaaS
J_001487,Job,6,,Program Coordinator,Junior,FinTech
J_001488,Job,4,,Sales Representative,Senior,Gaming
J_001489,Job,4,,Account Executive,Mid,Healthcare
J_001490,Job,0,,Software Engineer,Junior,E-commerce
J_001491,Job,1,,Junior Accountant,Senior,Healthcare
J_001492,Job,3,,BI Analyst,Senior,Travel
J_001493,Job,0,,Backend Engineer,Senior,SaaS
J_001494,Job,5,,Performance Marketer,Senior,EdTech
J_001495,Job,5,,Marketing Manager,Junior,Healthcare
J_001496,Job,5,,Marketing Manager,Senior,Logistics
J_001497,Job,2,,Associate Product Manager,Mid,SaaS
J_001498,Job,0,,Backend Engineer,Mid,FinTech
J_001499,Job,1,,Junior Accountant,Senior,E-commerce
J_001500,Job,2,,Technical Product Manager,Junior,Healthcare
J_001501,Job,2,,Product Manager,Mid,Cybersecurity
J_001502,Job,5,,Marketing Manager,Senior,Cybersecurity
J_001503,Job,7,,Customer Support Specialist,Senior,EdTech
J_001504,Job,5,,Performance Marketer,Mid,SaaS
J_001505,Job,6,,Project Manager,Mid,Healthcare
J_001506,Job,4,,Account Executive,Junior,Retail
J_001507,Job,1,,Junior Accountant,Senior,FinTech
J_001508,Job,5,,Marketing Manager,Mid,SaaS
J_001509,Job,1,,Financial Analyst,Mid,Healthcare
J_001510,Job,7,,Customer Success Associate,Junior,Gaming
J_001511,Job,4,,Sales Representative,Mid,Healthcare
J_001512,Job,5,,Marketing Manager,Senior,Travel
J_001513,Job,1,,FP&A Analyst,Mid,EdTech
J_001514,Job,6,,Project Manager,Mid,FinTech
J_001515,Job,0,,Software Engineer,Mid,EdTech
J_001516,Job,3,,Data Analyst,Mid,E-commerce
J_001517,Job,1,,Financial Analyst,Mid,FinTech
J_001518,Job,2,,Product Manager,Mid,EdTech
J_001519,Job,1,,Financial Analyst,Junior,Travel
J_001520,Job,5,,Marketing Manager,Junior,EdTech
J_001521,Job,6,,Operations Manager,Mid,Cybersecurity
J_001522,Job,7,,Customer Success Associate,Junior,Retail
J_001523,Job,0,,Software Engineer,Mid,FinTech
J_001524,Job,2,,Associate Product Manager,Senior,Gaming
J_001525,Job,1,,Junior Accountant,Junior,Healthcare
J_001526,Job,0,,Full Stack Engineer,Mid,Retail
J_001527,Job,5,,Performance Marketer,Senior,Travel
J_001528,Job,3,,BI Analyst,Senior,Logistics
J_001529,Job,2,,Technical Product Manager,Mid,Travel
J_001530,Job,2,,Associate Product Manager,Senior,EdTech
J_001531,Job,4,,Sales Representative,Mid,FinTech
J_001532,Job,1,,Junior Accountant,Senior,Travel
J_001533,Job,1,,Junior Accountant,Senior,Gaming
J_001534,Job,2,,Product Manager,Junior,Logistics
J_001535,Job,5,,Marketing Manager,Junior,Logistics
J_001536,Job,2,,Technical Product Manager,Mid,Gaming
J_001537,Job,5,,Marketing Manager,Senior,Healthcare
J_001538,Job,6,,Project Manager,Senior,FinTech
J_001539,Job,0,,Full Stack Engineer,Junior,Logistics
J_001540,Job,1,,FP&A Analyst,Junior,Healthcare
J_001541,Job,2,,Technical Product Manager,Junior,Retail
J_001542,Job,7,,Technical Support Specialist,Senior,E-commerce
J_001543,Job,0,,Software Engineer,Mid,EdTech
J_001544,Job,3,,Business Analyst,Junior,Cybersecurity
J_001545,Job,4,,Account Executive,Senior,E-commerce
J_001546,Job,7,,Customer Success Associate,Senior,Logistics
J_001547,Job,6,,Project Manager,Junior,EdTech
J_001548,Job,5,,Content Marketer,Senior,Gaming
J_001549,Job,6,,Operations Manager,Junior,Gaming
J_001550,Job,4,,Account Executive,Mid,E-commerce
J_001551,Job,5,,Performance Marketer,Mid,Healthcare
J_001552,Job,7,,Customer Support Specialist,Senior,Gaming
J_001553,Job,1,,Financial Analyst,Junior,FinTech
J_001554,Job,6,,Project Manager,Mid,Healthcare
J_001555,Job,6,,Operations Manager,Junior,EdTech
J_001556,Job,3,,Business Analyst,Junior,Healthcare
J_001557,Job,0,,Backend Engineer,Mid,Retail
J_001558,Job,7,,Customer Success Associate,Junior,Retail
J_001559,Job,4,,Sales Representative,Junior,Healthcare
J_001560,Job,6,,Program Coordinator,Mid,Healthcare
J_001561,Job,2,,Associate Product Manager,Mid,Gaming
J_001562,Job,4,,Account Executive,Junior,EdTech
J_001563,Job,2,,Associate Product Manager,Junior,Healthcare
J_001564,Job,4,,Account Executive,Senior,Healthcare
J_001565,Job,6,,Operations Manager,Mid,Retail
J_001566,Job,3,,Data Analyst,Mid,Travel
J_001567,Job,5,,Content Marketer,Mid,E-commerce
J_001568,Job,6,,FP&A Analyst,Junior,Healthcare
J_001569,Job,0,,Backend Engineer,Senior,E-commerce
J_001570,Job,0,,Software Engineer,Senior,Cybersecurity
J_001571,Job,7,,Customer Success Associate,Junior,EdTech
J_001572,Job,0,,Full Stack Engineer,Mid,Retail
J_001573,Job,3,,Data Analyst,Mid,Cybersecurity
J_001574,Job,4,,Account Executive,Senior,EdTech
J_001575,Job,5,,Performance Marketer,Senior,Gaming
J_001576,Job,7,,Customer Success Associate,Senior,FinTech
J_001577,Job,6,,Operations Manager,Junior,Healthcare
J_001578,Job,1,,Financial Analyst,Senior,Gaming
J_001579,Job,7,,Customer Success Associate,Junior,Healthcare
J_001580,Job,5,,Marketing Manager,Senior,EdTech
J_001581,Job,5,,Marketing Manager,Junior,Travel
J_001582,Job,3,,Business Analyst,Junior,Gaming
J_001583,Job,3,,BI Analyst,Junior,Travel
J_001584,Job,7,,Customer Success Associate,Junior,Cybersecurity
J_001585,Job,2,,Product Manager,Senior,Logistics
J_001586,Job,6,,Operations Manager,Junior,EdTech
J_001587,Job,3,,Data Analyst,Junior,Healthcare
J_001588,Job,2,,Technical Product Manager,Senior,Travel
J_001589,Job,1,,Junior Accountant,Junior,SaaS
J_001590,Job,4,,Sales Representative,Junior,Retail
J_001591,Job,7,,Technical Support Specialist,Junior,E-commerce
J_001592,Job,1,,Junior Accountant,Junior,Gaming
J_001593,Job,3,,BI Analyst,Junior,Travel
J_001594,Job,7,,Technical Support Specialist,Mid,EdTech
J_001595,Job,3,,BI Analyst,Mid,SaaS
J_001596,Job,6,,Operations Manager,Junior,Healthcare
J_001597,Job,4,,Account Executive,Senior,Gaming
J_001598,Job,3,,Data Analyst,Senior,Retail
J_001599,Job,2,,Technical Product Manager,Junior,Travel
J_001600,Job,3,,Business Analyst,Mid,Cybersecurity
J_001601,Job,6,,Program Coordinator,Senior,E-commerce
J_001602,Job,3,,Business Analyst,Senior,Retail
J_001603,Job,0,,Backend Engineer,Mid,Travel
J_001604,Job,5,,Marketing Manager,Mid,EdTech
J_001605,Job,1,,Junior Accountant,Senior,EdTech
J_001606,Job,3,,BI Analyst,Mid,SaaS
J_001607,Job,1,,FP&A Analyst,Junior,FinTech
J_001608,Job,0,,Full Stack Engineer,Mid,Logistics
J_001609,Job,0,,Software Engineer,Mid,EdTech
J_001610,Job,5,,Performance Marketer,Junior,Gaming
J_001611,Job,5,,Performance Marketer,Mid,SaaS
J_001612,Job,3,,BI Analyst,Junior,FinTech
J_001613,Job,2,,Technical Product Manager,Junior,SaaS
J_001614,Job,4,,Sales Representative,Mid,E-commerce
J_001615,Job,1,,FP&A Analyst,Senior,Logistics
J_001616,Job,1,,FP&A Analyst,Junior,FinTech
J_001617,Job,5,,Performance Marketer,Junior,SaaS
J_001618,Job,7,,Technical Support Specialist,Junior,Logistics
J_001619,Job,7,,Technical Support Specialist,Senior,Logistics
J_001620,Job,4,,Business Development Manager,Mid,Retail
J_001621,Job,7,,Technical Support Specialist,Junior,Cybersecurity
J_001622,Job,5,,Performance Marketer,Mid,Healthcare
J_001623,Job,2,,Associate Product Manager,Junior,Cybersecurity
J_001624,Job,0,,Software Engineer,Senior,Logistics
J_001625,Job,0,,Backend Engineer,Mid,FinTech
J_001626,Job,0,,Full Stack Engineer,Senior,Healthcare
J_001627,Job,6,,Project Manager,Mid,FinTech
J_001628,Job,3,,Business Analyst,Mid,Healthcare
J_001629,Job,5,,Marketing Manager,Junior,FinTech
J_001630,Job,5,,Performance Marketer,Senior,E-commerce
J_001631,Job,0,,Backend Engineer,Senior,Cybersecurity
J_001632,Job,7,,Technical Support Specialist,Mid,SaaS
J_001633,Job,4,,Sales Representative,Mid,Logistics
J_001634,Job,7,,Technical Support Specialist,Senior,Cybersecurity
J_001635,Job,3,,BI Analyst,Mid,FinTech
J_001636,Job,0,,Backend Engineer,Junior,E-commerce
J_001637,Job,6,,Operations Manager,Mid,SaaS
J_001638,Job,5,,Performance Marketer,Junior,Cybersecurity
J_001639,Job,0,,Full Stack Engineer,Junior,SaaS
J_001640,Job,1,,FP&A Analyst,Junior,Gaming
J_001641,Job,5,,Content Marketer,Senior,Retail
J_001642,Job,1,,Financial Analyst,Senior,EdTech
J_001643,Job,1,,FP&A Analyst,Junior,Gaming
J_001644,Job,7,,Technical Support Specialist,Mid,Cybersecurity
J_001645,Job,2,,Technical Product Manager,Senior,FinTech
J_001646,Job,3,,Business Analyst,Mid,Gaming
J_001647,Job,2,,Technical Product Manager,Senior,E-commerce
J_001648,Job,6,,Project Manager,Junior,Retail
J_001649,Job,2,,Associate Product Manager,Junior,E-commerce
J_001650,Job,7,,Technical Support Specialist,Mid,FinTech
J_001651,Job,2,,Associate Product Manager,Mid,FinTech
J_001652,Job,4,,Account Executive,Senior,SaaS
J_001653,Job,1,,FP&A Analyst,Junior,Healthcare
J_001654,Job,6,,Program Coordinator,Mid,E-commerce
J_001655,Job,3,,Business Analyst,Junior,Logistics
J_001656,Job,2,,Technical Product Manager,Junior,Retail
J_001657,Job,2,,Technical Product Manager,Senior,Cybersecurity
J_001658,Job,1,,Junior Accountant,Senior,Travel
J_001659,Job,2,,Technical Product Manager,Mid,Healthcare
J_001660,Job,4,,Business Development Manager,Mid,Logistics
J_001661,Job,2,,Technical Product Manager,Senior,Healthcare
J_001662,Job,2,,Associate Product Manager,Mid,FinTech
J_001663,Job,4,,Account Executive,Mid,Cybersecurity
J_001664,Job,4,,Sales Representative,Senior,SaaS
J_001665,Job,3,,BI Analyst,Mid,EdTech
J_001666,Job,1,,FP&A Analyst,Junior,Healthcare
J_001667,Job,6,,Operations Manager,Mid,Gaming
J_001668,Job,2,,Product Manager,Mid,FinTech
J_001669,Job,3,,BI Analyst,Mid,EdTech
J_001670,Job,0,,Backend Engineer,Junior,Retail
J_001671,Job,0,,Full Stack Engineer,Mid,FinTech
J_001672,Job,1,,Junior Accountant,Senior,FinTech
J_001673,Job,7,,Customer Success Associate,Junior,Cybersecurity
J_001674,Job,6,,Program Coordinator,Mid,Cybersecurity
J_001675,Job,4,,Sales Representative,Mid,EdTech
J_001676,Job,1,,FP&A Analyst,Mid,Gaming
J_001677,Job,1,,Financial Analyst,Senior,E-commerce
J_001678,Job,2,,Product Manager,Senior,EdTech
J_001679,Job,6,,Project Manager,Senior,Logistics
J_001680,Job,6,,Project Manager,Senior,EdTech
J_001681,Job,4,,Account Executive,Mid,Retail
J_001682,Job,7,,Customer Support Specialist,Mid,E-commerce
J_001683,Job,3,,BI Analyst,Mid,EdTech
J_001684,Job,2,,Associate Product Manager,Mid,Healthcare
J_001685,Job,7,,Customer Success Associate,Mid,Gaming
J_001686,Job,7,,Technical Support Specialist,Junior,Retail
J_001687,Job,4,,Account Executive,Junior,Gaming
J_001688,Job,2,,Technical Product Manager,Junior,FinTech
J_001689,Job,7,,Customer Support Specialist,Senior,Healthcare
J_001690,Job,0,,Full Stack Engineer,Mid,Retail
J_001691,Job,0,,Software Engineer,Junior,E-commerce
J_001692,Job,0,,Full Stack Engineer,Senior,Logistics
J_001693,Job,5,,Content Marketer,Mid,SaaS
J_001694,Job,2,,Associate Product Manager,Senior,FinTech
J_001695,Job,7,,Technical Support Specialist,Junior,FinTech
J_001696,Job,6,,Project Manager,Senior,SaaS
J_001697,Job,0,,Full Stack Engineer,Junior,Healthcare
J_001698,Job,1,,FP&A Analyst,Mid,FinTech
J_001699,Job,1,,Financial Analyst,Junior,Cybersecurity
J_001700,Job,0,,Software Engineer,Mid,Retail
J_001701,Job,0,,Backend Engineer,Senior,FinTech
J_001702,Job,3,,Business Analyst,Junior,Gaming
J_001703,Job,2,,Product Manager,Senior,Travel
J_001704,Job,6,,Project Manager,Senior,Retail
J_001705,Job,5,,Content Marketer,Junior,SaaS
J_001706,Job,2,,Product Manager,Mid,Healthcare
J_001707,Job,4,,Account Executive,Junior,Logistics
J_001708,Job,2,,Technical Product Manager,Mid,SaaS
J_001709,Job,7,,Customer Support Specialist,Mid,E-commerce
J_001710,Job,4,,Sales Representative,Junior,Gaming
J_001711,Job,5,,Performance Marketer,Junior,Gaming
J_001712,Job,0,,Software Engineer,Mid,Logistics
J_001713,Job,3,,Data Analyst,Senior,Logistics
J_001714,Job,1,,Junior Accountant,Mid,E-commerce
J_001715,Job,7,,Customer Support Specialist,Mid,Travel
J_001716,Job,7,,Technical Support Specialist,Mid,Travel
J_001717,Job,5,,Marketing Manager,Mid,Cybersecurity
J_001718,Job,3,,BI Analyst,Junior,E-commerce
J_001719,Job,2,,Technical Product Manager,Mid,SaaS
J_001720,Job,5,,Marketing Manager,Senior,Logistics
J_001721,Job,1,,Financial Analyst,Mid,Travel
J_001722,Job,2,,Associate Product Manager,Junior,Logistics
J_001723,Job,0,,Full Stack Engineer,Junior,Cybersecurity
J_001724,Job,0,,Backend Engineer,Senior,Cybersecurity
J_001725,Job,2,,Technical Product Manager,Junior,Cybersecurity
J_001726,Job,7,,Technical Support Specialist,Mid,SaaS
J_001727,Job,3,,Business Analyst,Senior,SaaS
J_001728,Job,5,,Performance Marketer,Mid,Gaming
J_001729,Job,6,,Project Manager,Junior,SaaS
J_001730,Job,3,,Business Analyst,Senior,SaaS
J_001731,Job,1,,Junior Accountant,Mid,Travel
J_001732,Job,2,,Associate Product Manager,Mid,Travel
J_001733,Job,0,,Software Engineer,Junior,Travel
J_001734,Job,7,,Technical Support Specialist,Mid,Travel
J_001735,Job,6,,Project Manager,Mid,Logistics
J_001736,Job,0,,Software Engineer,Mid,Cybersecurity
J_001737,Job,0,,Backend Engineer,Junior,Gaming
J_001738,Job,2,,Product Manager,Junior,EdTech
J_001739,Job,0,,Backend Engineer,Senior,E-commerce
J_001740,Job,3,,BI Analyst,Senior,Logistics
J_001741,Job,3,,Business Analyst,Mid,Gaming
J_001742,Job,0,,Backend Engineer,Mid,Travel
J_001743,Job,6,,Project Manager,Senior,FinTech
J_001744,Job,7,,Customer Support Specialist,Junior,FinTech
J_001745,Job,4,,Account Executive,Junior,Logistics
J_001746,Job,6,,Project Manager,Mid,Gaming
J_001747,Job,7,,Customer Success Associate,Mid,SaaS
J_001748,Job,7,,Technical Support Specialist,Senior,E-commerce
J_001749,Job,5,,Marketing Manager,Junior,E-commerce
J_001750,Job,4,,Sales Representative,Senior,Logistics
J_001751,Job,5,,Marketing Manager,Senior,Logistics
J_001752,Job,4,,Sales Representative,Junior,Healthcare
J_001753,Job,6,,Program Coordinator,Junior,SaaS
J_001754,Job,6,,Project Manager,Junior,FinTech
J_001755,Job,2,,Associate Product Manager,Mid,Cybersecurity
J_001756,Job,4,,Account Executive,Mid,SaaS
J_001757,Job,1,,Junior Accountant,Mid,Logistics
J_001758,Job,3,,BI Analyst,Senior,Cybersecurity
J_001759,Job,6,,Operations Manager,Mid,EdTech
J_001760,Job,6,,Program Coordinator,Senior,FinTech
J_001761,Job,1,,Project Manager,Junior,Travel
J_001762,Job,7,,Technical Support Specialist,Mid,SaaS
J_001763,Job,4,,Sales Representative,Senior,Travel
J_001764,Job,3,,Data Analyst,Senior,Retail
J_001765,Job,2,,Technical Product Manager,Senior,Logistics
J_001766,Job,7,,Customer Support Specialist,Senior,Healthcare
J_001767,Job,4,,Sales Representative,Mid,Cybersecurity
J_001768,Job,3,,Data Analyst,Mid,Retail
J_001769,Job,0,,Backend Engineer,Senior,Retail
J_001770,Job,6,,Operations Manager,Junior,Gaming
J_001771,Job,7,,Technical Support Specialist,Junior,Healthcare
J_001772,Job,2,,Technical Product Manager,Mid,FinTech
J_001773,Job,0,,Backend Engineer,Junior,FinTech
J_001774,Job,0,,Backend Engineer,Senior,SaaS
J_001775,Job,0,,Full Stack Engineer,Mid,E-commerce
J_001776,Job,2,,Technical Product Manager,Mid,Logistics
J_001777,Job,6,,Project Manager,Senior,E-commerce
J_001778,Job,7,,Customer Success Associate,Senior,Travel
J_001779,Job,5,,Content Marketer,Junior,Cybersecurity
J_001780,Job,2,,Product Manager,Mid,FinTech
J_001781,Job,0,,Software Engineer,Senior,Retail
J_001782,Job,4,,Business Development Manager,Senior,Healthcare
J_001783,Job,7,,Technical Support Specialist,Mid,Travel
J_001784,Job,5,,Performance Marketer,Junior,Retail
J_001785,Job,0,,Full Stack Engineer,Mid,Travel
J_001786,Job,3,,BI Analyst,Junior,Logistics
J_001787,Job,5,,Marketing Manager,Senior,Retail
J_001788,Job,5,,Marketing Manager,Mid,Retail
J_001789,Job,1,,Financial Analyst,Senior,Gaming
J_001790,Job,4,,Account Executive,Senior,Gaming
J_001791,Job,0,,Software Engineer,Senior,FinTech
J_001792,Job,6,,Project Manager,Mid,Cybersecurity
J_001793,Job,4,,Account Executive,Mid,SaaS
J_001794,Job,0,,Backend Engineer,Mid,Gaming
J_001795,Job,0,,Full Stack Engineer,Mid,Travel
J_001796,Job,2,,Associate Product Manager,Junior,Cybersecurity
J_001797,Job,1,,FP&A Analyst,Mid,Travel
J_001798,Job,6,,Program Coordinator,Senior,E-commerce
J_001799,Job,2,,Associate Product Manager,Mid,EdTech
J_001800,Job,7,,Technical Support Specialist,Senior,Logistics
J_001801,Job,1,,Financial Analyst,Junior,Healthcare
J_001802,Job,0,,Backend Engineer,Junior,EdTech
J_001803,Job,0,,Full Stack Engineer,Junior,Healthcare
J_001804,Job,1,,FP&A Analyst,Junior,Retail
J_001805,Job,3,,Data Analyst,Senior,Healthcare
J_001806,Job,7,,Technical Support Specialist,Junior,Healthcare
J_001807,Job,2,,Associate Product Manager,Junior,Logistics
J_001808,Job,5,,Marketing Manager,Senior,Healthcare
J_001809,Job,1,,FP&A Analyst,Senior,FinTech
J_001810,Job,4,,Account Executive,Junior,Travel
J_001811,Job,3,,Business Analyst,Junior,Retail
J_001812,Job,7,,Customer Success Associate,Senior,Healthcare
J_001813,Job,3,,BI Analyst,Junior,Gaming
J_001814,Job,4,,Sales Representative,Senior,EdTech
J_001815,Job,4,,Sales Representative,Senior,EdTech
J_001816,Job,2,,Product Manager,Mid,Healthcare
J_001817,Job,5,,Marketing Manager,Senior,Cybersecurity
J_001818,Job,5,,Marketing Manager,Mid,Cybersecurity
J_001819,Job,1,,FP&A Analyst,Mid,Travel
J_001820,Job,0,,Full Stack Engineer,Senior,Cybersecurity
J_001821,Job,1,,Project Manager,Mid,Healthcare
J_001822,Job,1,,Financial Analyst,Junior,E-commerce
J_001823,Job,0,,Software Engineer,Senior,Travel
J_001824,Job,6,,Program Coordinator,Mid,Gaming
J_001825,Job,2,,Product Manager,Senior,SaaS
J_001826,Job,0,,Full Stack Engineer,Senior,Retail
J_001827,Job,2,,Product Manager,Senior,Healthcare
J_001828,Job,0,,Software Engineer,Senior,EdTech
J_001829,Job,2,,Technical Product Manager,Senior,FinTech
J_001830,Job,0,,Full Stack Engineer,Mid,Gaming
J_001831,Job,5,,Content Marketer,Junior,Cybersecurity
J_001832,Job,5,,Content Marketer,Junior,EdTech
J_001833,Job,1,,FP&A Analyst,Junior,Gaming
J_001834,Job,5,,Marketing Manager,Senior,EdTech
J_001835,Job,6,,Project Manager,Mid,Logistics
J_001836,Job,4,,Account Executive,Senior,Healthcare
J_001837,Job,7,,Customer Success Associate,Senior,Logistics
J_001838,Job,5,,Content Marketer,Senior,Cybersecurity
J_001839,Job,1,,FP&A Analyst,Senior,E-commerce
J_001840,Job,1,,Junior Accountant,Senior,Cybersecurity
J_001841,Job,1,,FP&A Analyst,Mid,FinTech
J_001842,Job,2,,Technical Product Manager,Senior,SaaS
J_001843,Job,5,,Marketing Manager,Mid,FinTech
J_001844,Job,4,,Account Executive,Junior,Retail
J_001845,Job,3,,Business Analyst,Senior,Gaming
J_001846,Job,1,,FP&A Analyst,Mid,SaaS
J_001847,Job,6,,Project Manager,Mid,FinTech
J_001848,Job,7,,Customer Success Associate,Senior,Travel
J_001849,Job,7,,Customer Success Associate,Mid,Gaming
J_001850,Job,7,,Customer Success Associate,Senior,EdTech
J_001851,Job,6,,Operations Manager,Junior,FinTech
J_001852,Job,3,,BI Analyst,Senior,Gaming
J_001853,Job,1,,Junior Accountant,Senior,Logistics
J_001854,Job,1,,Junior Accountant,Senior,Retail
J_001855,Job,0,,Software Engineer,Junior,Logistics
J_001856,Job,4,,Account Executive,Junior,Retail
J_001857,Job,7,,Customer Support Specialist,Junior,Healthcare
J_001858,Job,5,,Performance Marketer,Mid,E-commerce
J_001859,Job,4,,Account Executive,Junior,E-commerce
J_001860,Job,6,,Operations Manager,Junior,E-commerce
J_001861,Job,7,,Customer Success Associate,Mid,Travel
J_001862,Job,1,,Junior Accountant,Senior,FinTech
J_001863,Job,5,,Marketing Manager,Junior,SaaS
J_001864,Job,2,,Technical Product Manager,Senior,Travel
J_001865,Job,3,,BI Analyst,Senior,Travel
J_001866,Job,6,,Program Coordinator,Mid,Travel
J_001867,Job,3,,Data Analyst,Junior,Logistics
J_001868,Job,4,,Business Development Manager,Junior,FinTech
J_001869,Job,5,,Performance Marketer,Mid,Healthcare
J_001870,Job,5,,Performance Marketer,Junior,SaaS
J_001871,Job,5,,Performance Marketer,Senior,Cybersecurity
J_001872,Job,0,,Software Engineer,Junior,Healthcare
J_001873,Job,6,,Program Coordinator,Mid,FinTech
J_001874,Job,4,,Account Executive,Mid,SaaS
J_001875,Job,0,,Software Engineer,Senior,Cybersecurity
J_001876,Job,1,,FP&A Analyst,Mid,Logistics
J_001877,Job,3,,Data Analyst,Junior,Travel
J_001878,Job,7,,Technical Support Specialist,Mid,EdTech
J_001879,Job,1,,Financial Analyst,Junior,Retail
J_001880,Job,2,,Associate Product Manager,Mid,Gaming
J_001881,Job,5,,Performance Marketer,Senior,FinTech
J_001882,Job,4,,Business Development Manager,Junior,EdTech
J_001883,Job,4,,Account Executive,Senior,FinTech
J_001884,Job,1,,Financial Analyst,Mid,E-commerce
J_001885,Job,7,,Technical Support Specialist,Senior,Logistics
J_001886,Job,6,,Project Manager,Mid,SaaS
J_001887,Job,1,,Junior Accountant,Mid,EdTech
J_001888,Job,3,,Business Analyst,Senior,EdTech
J_001889,Job,0,,Backend Engineer,Junior,FinTech
J_001890,Job,4,,Account Executive,Senior,Cybersecurity
J_001891,Job,0,,Software Engineer,Senior,Gaming
J_001892,Job,3,,BI Analyst,Mid,Logistics
J_001893,Job,2,,Associate Product Manager,Junior,EdTech
J_001894,Job,7,,Customer Success Associate,Senior,Logistics
J_001895,Job,5,,Performance Marketer,Senior,E-commerce
J_001896,Job,5,,Performance Marketer,Junior,Healthcare
J_001897,Job,2,,Associate Product Manager,Senior,Cybersecurity
J_001898,Job,2,,Product Manager,Senior,Logistics
J_001899,Job,3,,Data Analyst,Senior,Travel
J_001900,Job,1,,Junior Accountant,Senior,Healthcare
J_001901,Job,6,,Project Manager,Mid,Logistics
J_001902,Job,0,,Full Stack Engineer,Junior,Logistics
J_001903,Job,4,,Account Executive,Senior,EdTech
J_001904,Job,2,,Technical Product Manager,Junior,Logistics
J_001905,Job,6,,Program Coordinator,Mid,Logistics
J_001906,Job,1,,FP&A Analyst,Mid,SaaS
J_001907,Job,6,,Operations Manager,Junior,Retail
J_001908,Job,1,,Financial Analyst,Mid,E-commerce
J_001909,Job,3,,Data Analyst,Senior,Cybersecurity
J_001910,Job,2,,Product Manager,Junior,EdTech
J_001911,Job,7,,Customer Support Specialist,Mid,Logistics
J_001912,Job,4,,Account Executive,Senior,SaaS
J_001913,Job,6,,Project Manager,Junior,Travel
J_001914,Job,4,,Account Executive,Mid,SaaS
J_001915,Job,2,,Associate Product Manager,Mid,Gaming
J_001916,Job,2,,Technical Product Manager,Junior,SaaS
J_001917,Job,4,,Sales Representative,Junior,FinTech
J_001918,Job,1,,Financial Analyst,Mid,SaaS
J_001919,Job,4,,Account Executive,Senior,SaaS
J_001920,Job,6,,Program Coordinator,Senior,FinTech
J_001921,Job,6,,Program Coordinator,Senior,Travel
J_001922,Job,5,,Performance Marketer,Senior,Cybersecurity
J_001923,Job,2,,Associate Product Manager,Junior,EdTech
J_001924,Job,0,,Full Stack Engineer,Junior,Healthcare
J_001925,Job,0,,Backend Engineer,Senior,E-commerce
J_001926,Job,7,,Customer Support Specialist,Senior,Travel
J_001927,Job,5,,Performance Marketer,Junior,Cybersecurity
J_001928,Job,3,,Business Analyst,Mid,Retail
J_001929,Job,7,,Technical Support Specialist,Junior,Healthcare
J_001930,Job,5,,Performance Marketer,Mid,Travel
J_001931,Job,4,,Business Development Manager,Junior,Gaming
J_001932,Job,7,,Technical Support Specialist,Senior,E-commerce
J_001933,Job,3,,Data Analyst,Mid,Gaming
J_001934,Job,1,,Financial Analyst,Junior,Cybersecurity
J_001935,Job,3,,Business Analyst,Junior,Retail
J_001936,Job,1,,FP&A Analyst,Senior,Healthcare
J_001937,Job,2,,Technical Product Manager,Mid,E-commerce
J_001938,Job,0,,Backend Engineer,Senior,SaaS
J_001939,Job,2,,Product Manager,Mid,Gaming
J_001940,Job,1,,Junior Accountant,Junior,E-commerce
J_001941,Job,0,,Software Engineer,Senior,FinTech
J_001942,Job,0,,Software Engineer,Junior,Retail
J_001943,Job,3,,Data Analyst,Junior,SaaS
J_001944,Job,6,,Operations Manager,Senior,Gaming
J_001945,Job,0,,Full Stack Engineer,Mid,EdTech
J_001946,Job,5,,Performance Marketer,Senior,Gaming
J_001947,Job,0,,Software Engineer,Mid,Cybersecurity
J_001948,Job,3,,Data Analyst,Mid,EdTech
J_001949,Job,4,,Account Executive,Senior,Gaming
J_001950,Job,2,,Product Manager,Senior,Cybersecurity
J_001951,Job,3,,Business Analyst,Senior,Healthcare
J_001952,Job,2,,Technical Product Manager,Senior,Travel
J_001953,Job,4,,Sales Representative,Mid,Travel
J_001954,Job,1,,Junior Accountant,Mid,E-commerce
J_001955,Job,7,,Customer Success Associate,Junior,Healthcare
J_001956,Job,3,,BI Analyst,Senior,FinTech
J_001957,Job,1,,FP&A Analyst,Senior,Logistics
J_001958,Job,1,,Junior Accountant,Junior,SaaS
J_001959,Job,4,,Sales Representative,Junior,EdTech
J_001960,Job,6,,Project Manager,Mid,Logistics
J_001961,Job,3,,BI Analyst,Mid,Cybersecurity
J_001962,Job,6,,Project Manager,Senior,Healthcare
J_001963,Job,7,,Customer Success Associate,Mid,Logistics
J_001964,Job,6,,Operations Manager,Senior,Logistics
J_001965,Job,5,,Content Marketer,Junior,Travel
J_001966,Job,1,,FP&A Analyst,Mid,Travel
J_001967,Job,0,,Backend Engineer,Junior,EdTech
J_001968,Job,4,,Account Executive,Senior,EdTech
J_001969,Job,0,,Software Engineer,Senior,EdTech
J_001970,Job,1,,Junior Accountant,Senior,SaaS
J_001971,Job,4,,Sales Representative,Mid,E-commerce
J_001972,Job,3,,Business Analyst,Junior,Logistics
J_001973,Job,7,,Customer Success Associate,Senior,Logistics
J_001974,Job,5,,Content Marketer,Senior,Retail
J_001975,Job,5,,Content Marketer,Junior,Cybersecurity
J_001976,Job,2,,Associate Product Manager,Junior,Travel
J_001977,Job,1,,Junior Accountant,Mid,EdTech
J_001978,Job,6,,Project Manager,Senior,Logistics
J_001979,Job,5,,Marketing Manager,Junior,Healthcare
J_001980,Job,7,,Technical Support Specialist,Senior,E-commerce
J_001981,Job,2,,Technical Product Manager,Senior,Cybersecurity
J_001982,Job,1,,FP&A Analyst,Mid,Retail
J_001983,Job,6,,Operations Manager,Senior,FinTech
J_001984,Job,2,,Product Manager,Mid,Cybersecurity
J_001985,Job,1,,FP&A Analyst,Senior,FinTech
J_001986,Job,0,,Backend Engineer,Senior,SaaS
J_001987,Job,4,,Sales Representative,Mid,Retail
J_001988,Job,3,,Business Analyst,Junior,SaaS
J_001989,Job,4,,Account Executive,Mid,Travel
J_001990,Job,5,,Marketing Manager,Mid,Retail
J_001991,Job,6,,Program Coordinator,Mid,Cybersecurity
J_001992,Job,6,,Operations Manager,Mid,E-commerce
J_001993,Job,5,,Marketing Manager,Mid,Travel
J_001994,Job,7,,Customer Support Specialist,Junior,EdTech
J_001995,Job,2,,Product Manager,Senior,Travel
J_001996,Job,1,,Financial Analyst,Senior,SaaS
J_001997,Job,6,,Program Coordinator,Junior,Gaming
J_001998,Job,0,,Full Stack Engineer,Senior,Cybersecurity
J_001999,Job,5,,Performance Marketer,Junior,Healthcare
J_002000,Job,6,,Project Manager,Junior,Cybersecurity
J_002001,Job,0,,Backend Engineer,Mid,Gaming
J_002002,Job,2,,Associate Product Manager,Senior,Travel
J_002003,Job,6,,Operations Manager,Senior,Healthcare
J_002004,Job,7,,Customer Success Associate,Mid,E-commerce
J_002005,Job,5,,Content Marketer,Senior,Gaming
J_002006,Job,4,,Business Development Manager,Junior,Retail
J_002007,Job,3,,BI Analyst,Senior,Retail
J_002008,Job,2,,Product Manager,Senior,E-commerce
J_002009,Job,2,,Associate Product Manager,Mid,FinTech
J_002010,Job,7,,Technical Support Specialist,Mid,Gaming
J_002011,Job,3,,Data Analyst,Senior,Logistics
J_002012,Job,4,,Sales Representative,Junior,Travel
J_002013,Job,7,,Technical Support Specialist,Junior,Retail
J_002014,Job,3,,Business Analyst,Mid,FinTech
J_002015,Job,4,,Account Executive,Senior,E-commerce
J_002016,Job,4,,Business Development Manager,Mid,Travel
J_002017,Job,4,,Account Executive,Mid,SaaS
J_002018,Job,5,,Performance Marketer,Senior,Cybersecurity
J_002019,Job,5,,Performance Marketer,Senior,Logistics
J_002020,Job,1,,FP&A Analyst,Mid,FinTech
J_002021,Job,7,,Customer Support Specialist,Mid,Cybersecurity
J_002022,Job,7,,Technical Support Specialist,Mid,SaaS
J_002023,Job,3,,BI Analyst,Junior,Gaming
J_002024,Job,4,,Account Executive,Senior,Gaming
J_002025,Job,1,,FP&A Analyst,Junior,Healthcare
J_002026,Job,3,,BI Analyst,Senior,FinTech
J_002027,Job,2,,Product Manager,Senior,Healthcare
J_002028,Job,4,,Business Development Manager,Mid,Travel
J_002029,Job,2,,Technical Product Manager,Mid,Logistics
J_002030,Job,5,,Content Marketer,Senior,E-commerce
J_002031,Job,5,,Performance Marketer,Senior,EdTech
J_002032,Job,1,,Financial Analyst,Mid,FinTech
J_002033,Job,6,,Program Coordinator,Mid,Logistics
J_002034,Job,2,,Associate Product Manager,Mid,FinTech
J_002035,Job,6,,Project Manager,Mid,FinTech
J_002036,Job,0,,Software Engineer,Mid,EdTech
J_002037,Job,0,,Full Stack Engineer,Junior,FinTech
J_002038,Job,4,,Business Development Manager,Senior,FinTech
J_002039,Job,5,,Content Marketer,Senior,EdTech
J_002040,Job,0,,Software Engineer,Junior,FinTech
J_002041,Job,2,,Technical Product Manager,Senior,Healthcare
J_002042,Job,7,,Customer Success Associate,Mid,FinTech
J_002043,Job,2,,Technical Product Manager,Mid,Cybersecurity
J_002044,Job,5,,Content Marketer,Mid,Retail
J_002045,Job,0,,Software Engineer,Junior,SaaS
J_002046,Job,4,,Business Development Manager,Mid,Retail
J_002047,Job,1,,Junior Accountant,Junior,Logistics
J_002048,Job,3,,Data Analyst,Mid,EdTech
J_002049,Job,3,,Business Analyst,Mid,EdTech
J_002050,Job,1,,Financial Analyst,Mid,Logistics
J_002051,Job,0,,Backend Engineer,Senior,Retail
J_002052,Job,0,,Software Engineer,Mid,Cybersecurity
J_002053,Job,1,,Junior Accountant,Senior,Retail
J_002054,Job,2,,Product Manager,Mid,Healthcare
J_002055,Job,7,,Technical Support Specialist,Junior,Cybersecurity
J_002056,Job,7,,Customer Support Specialist,Senior,FinTech
J_002057,Job,1,,Junior Accountant,Senior,Healthcare
J_002058,Job,1,,Financial Analyst,Junior,Healthcare
J_002059,Job,1,,Financial Analyst,Mid,Healthcare
J_002060,Job,0,,Software Engineer,Mid,SaaS
J_002061,Job,7,,Technical Support Specialist,Junior,Retail
J_002062,Job,3,,BI Analyst,Senior,EdTech
J_002063,Job,2,,Product Manager,Mid,E-commerce
J_002064,Job,3,,BI Analyst,Junior,E-commerce
J_002065,Job,6,,Program Coordinator,Junior,Cybersecurity
J_002066,Job,3,,Data Analyst,Mid,Travel
J_002067,Job,6,,Project Manager,Mid,Gaming
J_002068,Job,0,,Software Engineer,Mid,FinTech
J_002069,Job,4,,Sales Representative,Mid,Retail
J_002070,Job,6,,Project Manager,Junior,Logistics
J_002071,Job,0,,Full Stack Engineer,Junior,EdTech
J_002072,Job,3,,Data Analyst,Junior,Travel
J_002073,Job,2,,Product Manager,Mid,SaaS
J_002074,Job,7,,Customer Success Associate,Senior,Healthcare
J_002075,Job,2,,Product Manager,Mid,EdTech
J_002076,Job,4,,Sales Representative,Senior,Logistics
J_002077,Job,1,,Junior Accountant,Mid,Retail
J_002078,Job,1,,Financial Analyst,Senior,FinTech
J_002079,Job,7,,Technical Support Specialist,Junior,Cybersecurity
J_002080,Job,6,,Project Manager,Senior,SaaS
J_002081,Job,3,,BI Analyst,Mid,SaaS
J_002082,Job,4,,Account Executive,Senior,FinTech
J_002083,Job,6,,Project Manager,Senior,Healthcare
J_002084,Job,0,,Backend Engineer,Junior,Retail
J_002085,Job,7,,Customer Support Specialist,Mid,Retail
J_002086,Job,7,,Customer Support Specialist,Junior,Cybersecurity
J_002087,Job,0,,Full Stack Engineer,Junior,Travel
J_002088,Job,6,,Project Manager,Senior,E-commerce
J_002089,Job,6,,Operations Manager,Mid,Healthcare
J_002090,Job,2,,Product Manager,Mid,Travel
J_002091,Job,2,,Product Manager,Senior,Healthcare
J_002092,Job,7,,Customer Success Associate,Mid,Travel
J_002093,Job,6,,Operations Manager,Senior,EdTech
J_002094,Job,3,,BI Analyst,Mid,FinTech
J_002095,Job,5,,Performance Marketer,Mid,Travel
J_002096,Job,0,,Backend Engineer,Senior,SaaS
J_002097,Job,3,,Business Analyst,Mid,E-commerce
J_002098,Job,2,,Product Manager,Junior,Logistics
J_002099,Job,7,,Customer Support Specialist,Mid,Gaming
J_002100,Job,5,,Marketing Manager,Mid,EdTech
J_002101,Job,1,,FP&A Analyst,Mid,SaaS
J_002102,Job,2,,Product Manager,Mid,Retail
J_002103,Job,3,,Business Analyst,Junior,Travel
J_002104,Job,1,,Junior Accountant,Junior,Travel
J_002105,Job,2,,Technical Product Manager,Junior,E-commerce
J_002106,Job,2,,Associate Product Manager,Junior,Healthcare
J_002107,Job,0,,Software Engineer,Senior,Logistics
J_002108,Job,1,,FP&A Analyst,Mid,Cybersecurity
J_002109,Job,1,,Junior Accountant,Junior,Cybersecurity
J_002110,Job,7,,Customer Success Associate,Mid,Travel
J_002111,Job,3,,Data Analyst,Mid,Healthcare
J_002112,Job,5,,Content Marketer,Mid,Healthcare
J_002113,Job,1,,Financial Analyst,Senior,Gaming
J_002114,Job,7,,Customer Success Associate,Mid,FinTech
J_002115,Job,6,,Program Coordinator,Mid,SaaS
J_002116,Job,4,,Sales Representative,Junior,Gaming
J_002117,Job,3,,Business Analyst,Junior,Travel
J_002118,Job,7,,Technical Support Specialist,Junior,E-commerce
J_002119,Job,5,,Marketing Manager,Junior,Cybersecurity
J_002120,Job,0,,Backend Engineer,Mid,EdTech
J_002121,Job,2,,Technical Product Manager,Senior,FinTech
J_002122,Job,0,,Software Engineer,Junior,Retail
J_002123,Job,7,,Customer Success Associate,Mid,Logistics
J_002124,Job,3,,Business Analyst,Senior,Retail
J_002125,Job,5,,Performance Marketer,Senior,Travel
J_002126,Job,6,,Project Manager,Junior,FinTech
J_002127,Job,6,,Operations Manager,Junior,SaaS
J_002128,Job,7,,Technical Support Specialist,Junior,SaaS
J_002129,Job,3,,Business Analyst,Senior,Travel
J_002130,Job,7,,Technical Support Specialist,Mid,FinTech
J_002131,Job,3,,Business Analyst,Junior,Logistics
J_002132,Job,3,,Data Analyst,Junior,SaaS
J_002133,Job,2,,Technical Product Manager,Mid,SaaS
J_002134,Job,4,,Sales Representative,Junior,Gaming
J_002135,Job,2,,Associate Product Manager,Junior,FinTech
J_002136,Job,3,,Business Analyst,Mid,Healthcare
J_002137,Job,4,,Business Development Manager,Mid,Travel
J_002138,Job,7,,Technical Support Specialist,Senior,Logistics
J_002139,Job,2,,Product Manager,Junior,E-commerce
J_002140,Job,5,,Marketing Manager,Mid,SaaS
J_002141,Job,4,,Account Executive,Junior,Logistics
J_002142,Job,1,,FP&A Analyst,Mid,Gaming
J_002143,Job,2,,Associate Product Manager,Senior,SaaS
J_002144,Job,3,,BI Analyst,Junior,Cybersecurity
J_002145,Job,7,,Technical Support Specialist,Mid,Retail
J_002146,Job,0,,Backend Engineer,Senior,Logistics
J_002147,Job,7,,Technical Support Specialist,Senior,EdTech
J_002148,Job,7,,Customer Support Specialist,Mid,FinTech
J_002149,Job,1,,FP&A Analyst,Mid,EdTech
J_002150,Job,7,,Customer Support Specialist,Junior,EdTech
J_002151,Job,2,,Technical Product Manager,Junior,E-commerce
J_002152,Job,7,,Technical Support Specialist,Mid,Travel
J_002153,Job,6,,Program Coordinator,Mid,Cybersecurity
J_002154,Job,3,,Data Analyst,Junior,E-commerce
J_002155,Job,0,,Software Engineer,Senior,E-commerce
J_002156,Job,7,,Customer Success Associate,Senior,Logistics
J_002157,Job,5,,Marketing Manager,Mid,FinTech
J_002158,Job,3,,BI Analyst,Senior,FinTech
J_002159,Job,4,,Account Executive,Junior,Cybersecurity
J_002160,Job,3,,BI Analyst,Senior,SaaS
J_002161,Job,5,,Content Marketer,Senior,Travel
J_002162,Job,6,,Program Coordinator,Junior,Healthcare
J_002163,Job,4,,Account Executive,Senior,Cybersecurity
J_002164,Job,6,,Program Coordinator,Junior,Cybersecurity
J_002165,Job,6,,Project Manager,Mid,Logistics
J_002166,Job,2,,Technical Product Manager,Junior,Travel
J_002167,Job,2,,Technical Product Manager,Mid,Travel
J_002168,Job,1,,Financial Analyst,Junior,Retail
J_002169,Job,6,,Program Coordinator,Junior,E-commerce
J_002170,Job,2,,Technical Product Manager,Senior,SaaS
J_002171,Job,1,,FP&A Analyst,Mid,Healthcare
J_002172,Job,0,,Backend Engineer,Junior,Retail
J_002173,Job,1,,FP&A Analyst,Junior,Cybersecurity
J_002174,Job,5,,Content Marketer,Junior,Cybersecurity
J_002175,Job,2,,Technical Product Manager,Mid,E-commerce
J_002176,Job,4,,Business Development Manager,Junior,E-commerce
J_002177,Job,3,,Data Analyst,Junior,SaaS
J_002178,Job,7,,Customer Support Specialist,Junior,EdTech
J_002179,Job,1,,FP&A Analyst,Mid,Cybersecurity
J_002180,Job,5,,Content Marketer,Mid,Healthcare
J_002181,Job,4,,Account Executive,Junior,Cybersecurity
J_002182,Job,6,,Operations Manager,Mid,Logistics
J_002183,Job,7,,Customer Support Specialist,Senior,Travel
J_002184,Job,7,,Customer Support Specialist,Senior,Healthcare
J_002185,Job,3,,Data Analyst,Mid,Retail
J_002186,Job,6,,Project Manager,Mid,Travel
J_002187,Job,2,,Product Manager,Junior,Logistics
J_002188,Job,7,,Customer Support Specialist,Junior,Gaming
J_002189,Job,7,,Customer Support Specialist,Senior,Travel
J_002190,Job,5,,Marketing Manager,Senior,Retail
J_002191,Job,7,,Customer Support Specialist,Mid,Cybersecurity
J_002192,Job,5,,Performance Marketer,Mid,Gaming
J_002193,Job,6,,Operations Manager,Senior,Gaming
J_002194,Job,4,,Account Executive,Junior,Travel
J_002195,Job,1,,Financial Analyst,Junior,E-commerce
J_002196,Job,3,,BI Analyst,Junior,SaaS
J_002197,Job,7,,Customer Support Specialist,Junior,Healthcare
J_002198,Job,4,,Business Development Manager,Junior,Logistics
J_002199,Job,5,,Performance Marketer,Junior,Travel
J_002200,Job,0,,Software Engineer,Senior,Healthcare
J_002201,Job,1,,Junior Accountant,Junior,Cybersecurity
J_002202,Job,5,,Performance Marketer,Senior,Healthcare
J_002203,Job,4,,Business Development Manager,Senior,Cybersecurity
J_002204,Job,7,,Technical Support Specialist,Senior,EdTech
J_002205,Job,1,,FP&A Analyst,Senior,Logistics
J_002206,Job,4,,Business Development Manager,Junior,SaaS
J_002207,Job,5,,Marketing Manager,Junior,Travel
J_002208,Job,0,,Full Stack Engineer,Junior,Gaming
J_002209,Job,1,,Financial Analyst,Junior,FinTech
J_002210,Job,1,,FP&A Analyst,Junior,SaaS
J_002211,Job,4,,Account Executive,Senior,Gaming
J_002212,Job,7,,Customer Support Specialist,Senior,Logistics
J_002213,Job,2,,Associate Product Manager,Senior,SaaS
J_002214,Job,7,,Customer Support Specialist,Junior,E-commerce
J_002215,Job,6,,Program Coordinator,Junior,FinTech
J_002216,Job,0,,Software Engineer,Junior,Retail
J_002217,Job,0,,Backend Engineer,Junior,EdTech
J_002218,Job,3,,Business Analyst,Mid,E-commerce
J_002219,Job,6,,Project Manager,Junior,Gaming
J_002220,Job,7,,Customer Success Associate,Senior,Cybersecurity
J_002221,Job,5,,Content Marketer,Senior,Logistics
J_002222,Job,4,,Account Executive,Mid,Gaming
J_002223,Job,6,,Program Coordinator,Senior,Gaming
J_002224,Job,3,,BI Analyst,Mid,Logistics
J_002225,Job,7,,Customer Support Specialist,Junior,SaaS
J_002226,Job,0,,Software Engineer,Mid,Logistics
J_002227,Job,0,,Backend Engineer,Mid,FinTech
J_002228,Job,5,,Marketing Manager,Junior,Gaming
J_002229,Job,5,,Content Marketer,Junior,E-commerce
J_002230,Job,5,,Performance Marketer,Senior,SaaS
J_002231,Job,6,,Operations Manager,Mid,Retail
J_002232,Job,1,,Financial Analyst,Senior,SaaS
J_002233,Job,4,,Sales Representative,Senior,SaaS
J_002234,Job,5,,Marketing Manager,Junior,SaaS
J_002235,Job,4,,Business Development Manager,Senior,Logistics
J_002236,Job,1,,FP&A Analyst,Junior,SaaS
J_002237,Job,1,,Financial Analyst,Junior,Travel
J_002238,Job,5,,Marketing Manager,Junior,FinTech
J_002239,Job,6,,Operations Manager,Junior,Logistics
J_002240,Job,6,,Program Coordinator,Senior,FinTech
J_002241,Job,7,,Customer Support Specialist,Mid,SaaS
J_002242,Job,7,,Customer Success Associate,Senior,Retail
J_002243,Job,3,,Business Analyst,Junior,Travel
J_002244,Job,7,,Technical Support Specialist,Senior,SaaS
J_002245,Job,2,,Product Manager,Mid,Healthcare
J_002246,Job,4,,Sales Representative,Senior,Logistics
J_002247,Job,6,,Program Coordinator,Mid,Gaming
J_002248,Job,1,,Junior Accountant,Junior,Travel
J_002249,Job,7,,Technical Support Specialist,Mid,EdTech
J_002250,Job,6,,Project Manager,Mid,Cybersecurity
J_002251,Job,5,,Marketing Manager,Mid,Cybersecurity
J_002252,Job,2,,Associate Product Manager,Mid,Cybersecurity
J_002253,Job,3,,BI Analyst,Junior,Gaming
J_002254,Job,0,,Full Stack Engineer,Junior,Cybersecurity
J_002255,Job,2,,Technical Product Manager,Junior,EdTech
J_002256,Job,1,,Junior Accountant,Mid,Logistics
J_002257,Job,3,,Business Analyst,Mid,SaaS
J_002258,Job,2,,Technical Product Manager,Junior,FinTech
J_002259,Job,0,,Software Engineer,Junior,Healthcare
J_002260,Job,5,,Content Marketer,Mid,Healthcare
J_002261,Job,1,,FP&A Analyst,Mid,FinTech
J_002262,Job,4,,Business Development Manager,Senior,EdTech
J_002263,Job,3,,Business Analyst,Senior,FinTech
J_002264,Job,4,,Business Development Manager,Senior,FinTech
J_002265,Job,7,,Customer Support Specialist,Junior,Retail
J_002266,Job,1,,Financial Analyst,Junior,FinTech
J_002267,Job,3,,Data Analyst,Senior,Healthcare
J_002268,Job,1,,FP&A Analyst,Mid,FinTech
J_002269,Job,3,,Business Analyst,Senior,Gaming
J_002270,Job,3,,BI Analyst,Mid,EdTech
J_002271,Job,6,,Project Manager,Junior,SaaS
J_002272,Job,5,,Marketing Manager,Junior,Travel
J_002273,Job,3,,BI Analyst,Mid,Logistics
J_002274,Job,1,,Financial Analyst,Junior,Travel
J_002275,Job,1,,Junior Accountant,Senior,EdTech
J_002276,Job,0,,Full Stack Engineer,Mid,Healthcare
J_002277,Job,1,,Junior Accountant,Mid,Logistics
J_002278,Job,1,,FP&A Analyst,Junior,SaaS
J_002279,Job,6,,Project Manager,Junior,SaaS
J_002280,Job,4,,Sales Representative,Mid,Travel
J_002281,Job,2,,Associate Product Manager,Junior,Healthcare
J_002282,Job,3,,Business Analyst,Senior,Cybersecurity
J_002283,Job,6,,Project Manager,Senior,FinTech
J_002284,Job,4,,Business Development Manager,Senior,Retail
J_002285,Job,1,,Junior Accountant,Senior,FinTech
J_002286,Job,3,,Data Analyst,Junior,Healthcare
J_002287,Job,0,,Software Engineer,Mid,E-commerce
J_002288,Job,0,,Full Stack Engineer,Senior,Healthcare
J_002289,Job,7,,Customer Support Specialist,Junior,Cybersecurity
J_002290,Job,6,,Operations Manager,Mid,Cybersecurity
J_002291,Job,6,,Operations Manager,Junior,Healthcare
J_002292,Job,2,,Product Manager,Junior,Cybersecurity
J_002293,Job,7,,Technical Support Specialist,Mid,EdTech
J_002294,Job,6,,Project Manager,Senior,FinTech
J_002295,Job,6,,Program Coordinator,Mid,FinTech
J_002296,Job,7,,Customer Success Associate,Junior,EdTech
J_002297,Job,6,,Program Coordinator,Junior,Cybersecurity
J_002298,Job,0,,Full Stack Engineer,Senior,Travel
J_002299,Job,0,,Full Stack Engineer,Junior,Gaming
J_002300,Job,1,,FP&A Analyst,Mid,Logistics
J_002301,Job,0,,Backend Engineer,Mid,Healthcare
J_002302,Job,3,,BI Analyst,Mid,Travel
J_002303,Job,3,,BI Analyst,Mid,E-commerce
J_002304,Job,0,,Backend Engineer,Mid,Cybersecurity
J_002305,Job,4,,Sales Representative,Senior,Gaming
J_002306,Job,4,,Sales Representative,Junior,Cybersecurity
J_002307,Job,7,,Technical Support Specialist,Senior,FinTech
J_002308,Job,6,,Program Coordinator,Mid,Logistics
J_002309,Job,4,,Business Development Manager,Mid,Travel
J_002310,Job,3,,Data Analyst,Mid,FinTech
J_002311,Job,2,,Associate Product Manager,Senior,Cybersecurity
J_002312,Job,1,,Financial Analyst,Junior,Cybersecurity
J_002313,Job,2,,Associate Product Manager,Senior,Healthcare
J_002314,Job,4,,Business Development Manager,Mid,E-commerce
J_002315,Job,7,,Technical Support Specialist,Senior,E-commerce
J_002316,Job,0,,Backend Engineer,Senior,Gaming
J_002317,Job,7,,Customer Support Specialist,Senior,Gaming
J_002318,Job,2,,Technical Product Manager,Junior,Gaming
J_002319,Job,2,,Product Manager,Mid,E-commerce
J_002320,Job,1,,Junior Accountant,Senior,Cybersecurity
J_002321,Job,5,,Performance Marketer,Mid,Healthcare
J_002322,Job,1,,FP&A Analyst,Junior,Healthcare
J_002323,Job,7,,Customer Support Specialist,Junior,Logistics
J_002324,Job,2,,Product Manager,Senior,Healthcare
J_002325,Job,0,,Software Engineer,Junior,Logistics
J_002326,Job,6,,Operations Manager,Junior,Healthcare
J_002327,Job,0,,Software Engineer,Junior,Healthcare
J_002328,Job,4,,Sales Representative,Senior,Retail
J_002329,Job,1,,FP&A Analyst,Junior,SaaS
J_002330,Job,2,,Associate Product Manager,Junior,Retail
J_002331,Job,1,,Junior Accountant,Senior,EdTech
J_002332,Job,4,,Account Executive,Mid,Healthcare
J_002333,Job,4,,Account Executive,Senior,EdTech
J_002334,Job,2,,Product Manager,Junior,Retail
J_002335,Job,6,,Operations Manager,Mid,FinTech
J_002336,Job,0,,Full Stack Engineer,Senior,Healthcare
J_002337,Job,1,,FP&A Analyst,Senior,Retail
J_002338,Job,1,,Junior Accountant,Junior,Travel
J_002339,Job,1,,Junior Accountant,Junior,Travel
J_002340,Job,2,,Product Manager,Mid,Healthcare
J_002341,Job,6,,Program Coordinator,Junior,Travel
J_002342,Job,4,,Account Executive,Mid,SaaS
J_002343,Job,7,,Customer Support Specialist,Senior,SaaS
J_002344,Job,4,,Business Development Manager,Senior,Logistics
J_002345,Job,5,,Content Marketer,Senior,Gaming
J_002346,Job,4,,Business Development Manager,Mid,EdTech
J_002347,Job,5,,Content Marketer,Junior,EdTech
J_002348,Job,7,,Customer Support Specialist,Mid,FinTech
J_002349,Job,6,,Operations Manager,Mid,Travel
J_002350,Job,6,,Program Coordinator,Junior,Gaming
J_002351,Job,0,,Full Stack Engineer,Junior,SaaS
J_002352,Job,4,,Sales Representative,Junior,Logistics
J_002353,Job,6,,Project Manager,Senior,Healthcare
J_002354,Job,6,,Project Manager,Junior,EdTech
J_002355,Job,1,,Junior Accountant,Senior,SaaS
J_002356,Job,5,,Marketing Manager,Mid,FinTech
J_002357,Job,4,,Sales Representative,Mid,SaaS
J_002358,Job,4,,Business Development Manager,Senior,Healthcare
J_002359,Job,7,,Customer Support Specialist,Senior,E-commerce
J_002360,Job,7,,Customer Success Associate,Senior,EdTech
J_002361,Job,4,,Account Executive,Senior,Cybersecurity
J_002362,Job,2,,Technical Product Manager,Junior,EdTech
J_002363,Job,6,,Project Manager,Mid,Gaming
J_002364,Job,1,,FP&A Analyst,Senior,Retail
J_002365,Job,7,,Technical Support Specialist,Senior,Retail
J_002366,Job,4,,Business Development Manager,Mid,Travel
J_002367,Job,0,,Full Stack Engineer,Junior,SaaS
J_002368,Job,7,,Customer Support Specialist,Senior,FinTech
J_002369,Job,7,,Technical Support Specialist,Junior,SaaS
J_002370,Job,7,,Technical Support Specialist,Senior,SaaS
J_002371,Job,5,,Marketing Manager,Mid,Travel
J_002372,Job,4,,Account Executive,Mid,E-commerce
J_002373,Job,5,,Marketing Manager,Junior,Gaming
J_002374,Job,4,,Account Executive,Mid,Healthcare
J_002375,Job,2,,Technical Product Manager,Mid,SaaS
J_002376,Job,2,,Technical Product Manager,Senior,Retail
J_002377,Job,7,,Customer Success Associate,Mid,Retail
J_002378,Job,6,,Project Manager,Senior,Logistics
J_002379,Job,6,,Project Manager,Senior,Retail
J_002380,Job,7,,Technical Support Specialist,Senior,Logistics
J_002381,Job,1,,Junior Accountant,Mid,Cybersecurity
J_002382,Job,0,,Backend Engineer,Junior,Travel
J_002383,Job,1,,Financial Analyst,Junior,SaaS
J_002384,Job,4,,Business Development Manager,Senior,Healthcare
J_002385,Job,7,,Customer Support Specialist,Mid,FinTech
J_002386,Job,3,,BI Analyst,Mid,EdTech
J_002387,Job,4,,Business Development Manager,Mid,Healthcare
J_002388,Job,1,,Financial Analyst,Senior,Retail
J_002389,Job,3,,Business Analyst,Senior,Cybersecurity
J_002390,Job,6,,Program Coordinator,Senior,Retail
J_002391,Job,0,,Full Stack Engineer,Senior,E-commerce
J_002392,Job,7,,Technical Support Specialist,Mid,Healthcare
J_002393,Job,2,,Technical Product Manager,Junior,SaaS
J_002394,Job,7,,Customer Success Associate,Senior,Gaming
J_002395,Job,4,,Account Executive,Mid,FinTech
J_002396,Job,6,,Program Coordinator,Senior,Travel
J_002397,Job,5,,Performance Marketer,Mid,Cybersecurity
J_002398,Job,6,,Program Coordinator,Mid,Retail
J_002399,Job,5,,Marketing Manager,Junior,Retail
J_002400,Job,6,,Operations Manager,Senior,Logistics
J_002401,Job,6,,Program Coordinator,Mid,Gaming
J_002402,Job,6,,Project Manager,Junior,Healthcare
J_002403,Job,4,,Account Executive,Senior,Logistics
J_002404,Job,6,,Program Coordinator,Junior,EdTech
J_002405,Job,6,,Program Coordinator,Senior,Gaming
J_002406,Job,3,,BI Analyst,Senior,Gaming
J_002407,Job,5,,Content Marketer,Mid,Gaming
J_002408,Job,2,,Product Manager,Senior,Travel
J_002409,Job,6,,Operations Manager,Junior,EdTech
J_002410,Job,6,,Project Manager,Mid,Logistics
J_002411,Job,4,,Account Executive,Senior,FinTech
J_002412,Job,4,,Sales Representative,Junior,Cybersecurity
J_002413,Job,3,,Business Analyst,Mid,Travel
J_002414,Job,0,,Software Engineer,Senior,E-commerce
J_002415,Job,5,,Performance Marketer,Junior,Gaming
J_002416,Job,0,,Full Stack Engineer,Junior,Retail
J_002417,Job,2,,Associate Product Manager,Junior,FinTech
J_002418,Job,0,,Backend Engineer,Mid,Logistics
J_002419,Job,5,,Content Marketer,Senior,SaaS
J_002420,Job,2,,Associate Product Manager,Senior,Healthcare
J_002421,Job,3,,Business Analyst,Mid,Cybersecurity
J_002422,Job,2,,Technical Product Manager,Mid,FinTech
J_002423,Job,7,,Customer Success Associate,Senior,EdTech
J_002424,Job,7,,Customer Support Specialist,Senior,Gaming
J_002425,Job,4,,Business Development Manager,Mid,EdTech
J_002426,Job,2,,Product Manager,Junior,Travel
J_002427,Job,3,,BI Analyst,Mid,SaaS
J_002428,Job,0,,Software Engineer,Mid,Gaming
J_002429,Job,2,,Technical Product Manager,Mid,FinTech
J_002430,Job,4,,Sales Representative,Senior,Retail
J_002431,Job,7,,Customer Success Associate,Senior,EdTech
J_002432,Job,4,,Sales Representative,Mid,FinTech
J_002433,Job,3,,BI Analyst,Junior,Healthcare
J_002434,Job,6,,Operations Manager,Junior,Healthcare
J_002435,Job,0,,Software Engineer,Junior,SaaS
J_002436,Job,5,,Marketing Manager,Junior,Cybersecurity
J_002437,Job,3,,BI Analyst,Junior,Gaming
J_002438,Job,0,,Software Engineer,Senior,Cybersecurity
J_002439,Job,1,,Financial Analyst,Senior,Retail
J_002440,Job,1,,Financial Analyst,Junior,FinTech
J_002441,Job,6,,Program Coordinator,Junior,Logistics
J_002442,Job,5,,Performance Marketer,Senior,SaaS
J_002443,Job,0,,Software Engineer,Junior,SaaS
J_002444,Job,3,,Data Analyst,Mid,E-commerce
J_002445,Job,7,,Customer Support Specialist,Mid,EdTech
J_002446,Job,5,,Marketing Manager,Senior,E-commerce
J_002447,Job,5,,Marketing Manager,Senior,Gaming
J_002448,Job,2,,Technical Product Manager,Mid,Healthcare
J_002449,Job,6,,Program Coordinator,Mid,E-commerce
J_002450,Job,1,,Junior Accountant,Senior,Retail
J_002451,Job,3,,BI Analyst,Senior,FinTech
J_002452,Job,5,,Content Marketer,Mid,E-commerce
J_002453,Job,0,,Full Stack Engineer,Senior,E-commerce
J_002454,Job,1,,Junior Accountant,Junior,Cybersecurity
J_002455,Job,3,,Data Analyst,Mid,Gaming
J_002456,Job,5,,Content Marketer,Junior,EdTech
J_002457,Job,0,,Backend Engineer,Junior,Logistics
J_002458,Job,3,,Business Analyst,Junior,Gaming
J_002459,Job,4,,Sales Representative,Mid,Logistics
J_002460,Job,2,,Technical Product Manager,Junior,Healthcare
J_002461,Job,6,,Project Manager,Mid,Cybersecurity
J_002462,Job,4,,Sales Representative,Junior,Gaming
J_002463,Job,0,,Backend Engineer,Junior,Gaming
J_002464,Job,1,,Junior Accountant,Junior,E-commerce
J_002465,Job,5,,Marketing Manager,Senior,Healthcare
J_002466,Job,7,,Customer Success Associate,Junior,Travel
J_002467,Job,6,,Program Coordinator,Junior,Healthcare
J_002468,Job,6,,Project Manager,Junior,Healthcare
J_002469,Job,6,,Project Manager,Senior,FinTech
J_002470,Job,5,,Content Marketer,Senior,Retail
J_002471,Job,1,,Financial Analyst,Mid,Travel
J_002472,Job,7,,Customer Support Specialist,Junior,EdTech
J_002473,Job,5,,Performance Marketer,Senior,EdTech
J_002474,Job,7,,Technical Support Specialist,Junior,Healthcare
J_002475,Job,2,,Product Manager,Senior,E-commerce
J_002476,Job,0,,Software Engineer,Mid,Healthcare
J_002477,Job,6,,Project Manager,Mid,Logistics
J_002478,Job,0,,Backend Engineer,Mid,Logistics
J_002479,Job,6,,Operations Manager,Junior,Healthcare
J_002480,Job,7,,Customer Success Associate,Senior,Gaming
J_002481,Job,6,,Project Manager,Mid,Healthcare
J_002482,Job,3,,Business Analyst,Junior,Retail
J_002483,Job,0,,Software Engineer,Senior,Logistics
J_002484,Job,3,,Data Analyst,Junior,Cybersecurity
J_002485,Job,3,,Data Analyst,Senior,Cybersecurity
J_002486,Job,1,,Junior Accountant,Mid,FinTech
J_002487,Job,7,,Customer Support Specialist,Mid,Gaming
J_002488,Job,4,,Account Executive,Senior,Travel
J_002489,Job,7,,Customer Success Associate,Mid,EdTech
J_002490,Job,1,,Junior Accountant,Senior,E-commerce
J_002491,Job,0,,Backend Engineer,Senior,FinTech
J_002492,Job,6,,Project Manager,Mid,E-commerce
J_002493,Job,1,,FP&A Analyst,Senior,Retail
J_002494,Job,1,,FP&A Analyst,Senior,Retail
J_002495,Job,5,,Content Marketer,Junior,E-commerce
J_002496,Job,4,,Business Development Manager,Mid,FinTech
J_002497,Job,2,,Associate Product Manager,Mid,FinTech
J_002498,Job,2,,Technical Product Manager,Senior,FinTech
J_002499,Job,0,,Backend Engineer,Senior,Cybersecurity
