resume_id,n_skills,n_skill_communities,dominant_skill_community,dominant_skill_community_count,dominant_skill_community_share,skill_community_entropy,skill_community_entropy_normalized
R_000000,7,1,3,7,1.0,-0.0,0.0
R_000001,5,1,0,5,1.0,-0.0,0.0
R_000002,6,1,3,6,1.0,-0.0,0.0
R_000003,6,2,6,5,0.8333333333333334,0.45056120886630463,0.6500224216483541
R_000004,5,1,6,5,1.0,-0.0,0.0
R_000005,7,4,7,3,0.42857142857142855,1.277034259466139,0.9211854965885543
R_000006,7,1,1,7,1.0,-0.0,0.0
R_000007,5,1,4,5,1.0,-0.0,0.0
R_000008,8,1,4,8,1.0,-0.0,0.0
R_000009,7,1,3,7,1.0,-0.0,0.0
R_000010,7,1,1,7,1.0,-0.0,0.0
R_000011,8,1,3,8,1.0,-0.0,0.0
R_000012,8,1,3,8,1.0,-0.0,0.0
R_000013,8,2,5,7,0.875,0.37677016125643675,0.5435644431995964
R_000014,8,2,5,7,0.875,0.37677016125643675,0.5435644431995964
R_000015,5,3,7,3,0.6,0.9502705392332347,0.8649735207179272
R_000016,8,1,1,8,1.0,-0.0,0.0
R_000017,7,1,2,7,1.0,-0.0,0.0
R_000018,5,1,0,5,1.0,-0.0,0.0
R_000019,6,3,6,4,0.6666666666666666,0.8675632284814612,0.7896900821428474
R_000020,6,1,0,6,1.0,-0.0,0.0
R_000021,8,1,0,8,1.0,-0.0,0.0
R_000022,7,1,3,7,1.0,-0.0,0.0
R_000023,6,1,2,6,1.0,-0.0,0.0
R_000024,5,1,5,5,1.0,-0.0,0.0
R_000025,7,2,6,6,0.8571428571428571,0.410116318288409,0.5916727785823274
R_000026,8,1,3,8,1.0,-0.0,0.0
R_000027,8,1,3,8,1.0,-0.0,0.0
R_000028,6,1,1,6,1.0,-0.0,0.0
R_000029,8,1,4,8,1.0,-0.0,0.0
R_000030,7,1,2,7,1.0,-0.0,0.0
R_000031,8,3,7,5,0.625,0.9002560512685369,0.8194483718728035
R_000032,5,1,4,5,1.0,-0.0,0.0
R_000033,7,1,5,7,1.0,-0.0,0.0
R_000034,6,4,2,2,0.3333333333333333,1.3296613488547582,0.9591479170272448
R_000035,7,1,3,7,1.0,-0.0,0.0
R_000036,8,1,4,8,1.0,-0.0,0.0
R_000037,8,1,0,8,1.0,-0.0,0.0
R_000038,8,1,3,8,1.0,-0.0,0.0
R_000039,8,1,4,8,1.0,-0.0,0.0
R_000040,8,1,0,8,1.0,-0.0,0.0
R_000041,6,2,6,5,0.8333333333333334,0.45056120886630463,0.6500224216483541
R_000042,8,1,3,8,1.0,-0.0,0.0
R_000043,5,1,0,5,1.0,-0.0,0.0
R_000044,7,1,2,7,1.0,-0.0,0.0
R_000045,8,3,6,6,0.75,0.7356219397587946,0.6695919455357792
R_000046,5,2,5,4,0.8,0.5004024235381879,0.7219280948873623
R_000047,6,3,6,4,0.6666666666666666,0.8675632284814612,0.7896900821428474
R_000048,7,2,5,6,0.8571428571428571,0.410116318288409,0.5916727785823274
R_000049,7,2,6,6,0.8571428571428571,0.410116318288409,0.5916727785823274
R_000050,5,4,2,2,0.4,1.3321790402101223,0.9609640474436812
R_000051,6,1,0,6,1.0,-0.0,0.0
R_000052,8,1,3,8,1.0,-0.0,0.0
R_000053,7,3,7,4,0.5714285714285714,0.9556998911125343,0.8699155297736259
R_000054,5,1,4,5,1.0,-0.0,0.0
R_000055,7,1,3,7,1.0,-0.0,0.0
R_000056,6,2,5,5,0.8333333333333334,0.45056120886630463,0.6500224216483541
R_000057,5,1,1,5,1.0,-0.0,0.0
R_000058,5,1,2,5,1.0,-0.0,0.0
R_000059,5,1,1,5,1.0,-0.0,0.0
R_000060,6,1,0,6,1.0,-0.0,0.0
R_000061,7,1,0,7,1.0,-0.0,0.0
R_000062,8,1,2,8,1.0,-0.0,0.0
R_000063,5,1,1,5,1.0,-0.0,0.0
R_000064,7,1,3,7,1.0,-0.0,0.0
R_000065,5,1,1,5,1.0,-0.0,0.0
R_000066,5,1,0,5,1.0,-0.0,0.0
R_000067,5,1,5,5,1.0,-0.0,0.0
R_000068,8,1,2,8,1.0,-0.0,0.0
R_000069,5,1,1,5,1.0,-0.0,0.0
R_000070,8,1,3,8,1.0,-0.0,0.0
R_000071,7,1,0,7,1.0,-0.0,0.0
R_000072,8,2,5,7,0.875,0.37677016125643675,0.5435644431995964
R_000073,8,1,4,8,1.0,-0.0,0.0
R_000074,5,1,1,5,1.0,-0.0,0.0
R_000075,7,1,2,7,1.0,-0.0,0.0
R_000076,6,1,2,6,1.0,-0.0,0.0
R_000077,6,3,7,4,0.6666666666666666,0.8675632284814612,0.7896900821428474
R_000078,6,1,0,6,1.0,-0.0,0.0
R_000079,7,4,7,4,0.5714285714285714,1.1537419427010902,0.8322488896002307
R_000080,7,3,7,5,0.7142857142857143,0.796311640173813,0.7248340915057598
R_000081,6,1,2,6,1.0,-0.0,0.0
R_000082,5,1,4,5,1.0,-0.0,0.0
R_000083,5,1,2,5,1.0,-0.0,0.0
R_000084,7,1,4,7,1.0,-0.0,0.0
R_000085,8,2,5,7,0.875,0.37677016125643675,0.5435644431995964
R_000086,6,1,4,6,1.0,-0.0,0.0
R_000087,7,2,5,6,0.8571428571428571,0.410116318288409,0.5916727785823274
R_000088,5,1,4,5,1.0,-0.0,0.0
R_000089,6,1,1,6,1.0,-0.0,0.0
R_000090,6,1,4,6,1.0,-0.0,0.0
R_000091,6,3,7,4,0.6666666666666666,0.8675632284814612,0.7896900821428474
R_000092,5,1,0,5,1.0,-0.0,0.0
R_000093,7,1,4,7,1.0,-0.0,0.0
R_000094,7,1,2,7,1.0,-0.0,0.0
R_000095,5,1,3,5,1.0,-0.0,0.0
R_000096,7,1,4,7,1.0,-0.0,0.0
R_000097,6,1,1,6,1.0,-0.0,0.0
R_000098,7,4,7,4,0.5714285714285714,1.1537419427010902,0.8322488896002307
R_000099,5,1,0,5,1.0,-0.0,0.0
R_000100,6,3,7,3,0.5,1.0114042647073518,0.920619835714305
R_000101,6,3,7,4,0.6666666666666666,0.8675632284814612,0.7896900821428474
R_000102,5,1,7,5,1.0,-0.0,0.0
R_000103,7,1,4,7,1.0,-0.0,0.0
R_000104,5,1,3,5,1.0,-0.0,0.0
R_000105,8,4,7,4,0.5,1.2130075659799042,0.875
R_000106,6,2,5,5,0.8333333333333334,0.45056120886630463,0.6500224216483541
R_000107,6,1,4,6,1.0,-0.0,0.0
R_000108,6,3,6,4,0.6666666666666666,0.8675632284814612,0.7896900821428474
R_000109,8,1,3,8,1.0,-0.0,0.0
R_000110,7,3,7,5,0.7142857142857143,0.796311640173813,0.7248340915057598
R_000111,5,1,1,5,1.0,-0.0,0.0
R_000112,8,1,4,8,1.0,-0.0,0.0
R_000113,6,1,4,6,1.0,-0.0,0.0
R_000114,5,1,0,5,1.0,-0.0,0.0
R_000115,7,1,3,7,1.0,-0.0,0.0
R_000116,7,1,0,7,1.0,-0.0,0.0
R_000117,6,1,3,6,1.0,-0.0,0.0
R_000118,8,1,4,8,1.0,-0.0,0.0
R_000119,6,1,0,6,1.0,-0.0,0.0
R_000120,7,1,1,7,1.0,-0.0,0.0
R_000121,6,3,6,4,0.6666666666666666,0.8675632284814612,0.7896900821428474
R_000122,5,1,5,5,1.0,-0.0,0.0
R_000123,6,1,5,6,1.0,-0.0,0.0
R_000124,6,1,5,6,1.0,-0.0,0.0
R_000125,5,2,7,4,0.8,0.5004024235381879,0.7219280948873623
R_000126,8,1,2,8,1.0,-0.0,0.0
R_000127,5,1,0,5,1.0,-0.0,0.0
R_000128,6,1,2,6,1.0,-0.0,0.0
R_000129,6,1,2,6,1.0,-0.0,0.0
R_000130,5,3,2,2,0.4,1.0549201679861442,0.9602297178607612
R_000131,5,2,5,4,0.8,0.5004024235381879,0.7219280948873623
R_000132,7,1,4,7,1.0,-0.0,0.0
R_000133,7,1,4,7,1.0,-0.0,0.0
R_000134,8,1,2,8,1.0,-0.0,0.0
R_000135,5,1,3,5,1.0,-0.0,0.0
R_000136,5,1,1,5,1.0,-0.0,0.0
R_000137,8,3,6,6,0.75,0.7356219397587946,0.6695919455357792
R_000138,6,2,7,4,0.6666666666666666,0.6365141682948128,0.9182958340544894
R_000139,5,2,6,4,0.8,0.5004024235381879,0.7219280948873623
R_000140,8,1,4,8,1.0,-0.0,0.0
R_000141,5,1,1,5,1.0,-0.0,0.0
R_000142,6,4,7,3,0.5,1.242453324894,0.8962406251802889
R_000143,5,1,4,5,1.0,-0.0,0.0
R_000144,6,1,3,6,1.0,-0.0,0.0
R_000145,7,1,2,7,1.0,-0.0,0.0
R_000146,6,1,3,6,1.0,-0.0,0.0
R_000147,8,1,2,8,1.0,-0.0,0.0
R_000148,8,1,4,8,1.0,-0.0,0.0
R_000149,6,1,5,6,1.0,-0.0,0.0
R_000150,7,3,6,5,0.7142857142857143,0.796311640173813,0.7248340915057598
R_000151,8,1,1,8,1.0,-0.0,0.0
R_000152,5,1,0,5,1.0,-0.0,0.0
R_000153,8,1,3,8,1.0,-0.0,0.0
R_000154,6,1,1,6,1.0,-0.0,0.0
R_000155,7,1,3,7,1.0,-0.0,0.0
R_000156,8,2,5,7,0.875,0.37677016125643675,0.5435644431995964
R_000157,6,4,2,2,0.3333333333333333,1.3296613488547582,0.9591479170272448
R_000158,8,3,6,6,0.75,0.7356219397587946,0.6695919455357792
R_000159,8,1,2,8,1.0,-0.0,0.0
R_000160,8,2,5,7,0.875,0.37677016125643675,0.5435644431995964
R_000161,8,2,5,7,0.875,0.37677016125643675,0.5435644431995964
R_000162,8,1,4,8,1.0,-0.0,0.0
R_000163,8,1,2,8,1.0,-0.0,0.0
R_000164,6,1,2,6,1.0,-0.0,0.0
R_000165,7,1,3,7,1.0,-0.0,0.0
R_000166,8,2,6,7,0.875,0.37677016125643675,0.5435644431995964
R_000167,5,1,0,5,1.0,-0.0,0.0
R_000168,8,1,1,8,1.0,-0.0,0.0
R_000169,6,1,3,6,1.0,-0.0,0.0
R_000170,5,1,2,5,1.0,-0.0,0.0
R_000171,8,1,1,8,1.0,-0.0,0.0
R_000172,5,1,5,5,1.0,-0.0,0.0
R_000173,6,2,5,5,0.8333333333333334,0.45056120886630463,0.6500224216483541
R_000174,6,1,1,6,1.0,-0.0,0.0
R_000175,8,2,5,7,0.875,0.37677016125643675,0.5435644431995964
R_000176,6,4,7,3,0.5,1.242453324894,0.8962406251802889
R_000177,5,4,7,2,0.4,1.3321790402101223,0.9609640474436812
R_000178,7,2,5,6,0.8571428571428571,0.410116318288409,0.5916727785823274
R_000179,6,2,6,5,0.8333333333333334,0.45056120886630463,0.6500224216483541
R_000180,6,1,2,6,1.0,-0.0,0.0
R_000181,6,3,7,4,0.6666666666666666,0.8675632284814612,0.7896900821428474
R_000182,8,1,0,8,1.0,-0.0,0.0
R_000183,6,1,1,6,1.0,-0.0,0.0
R_000184,6,2,6,5,0.8333333333333334,0.45056120886630463,0.6500224216483541
R_000185,6,2,6,5,0.8333333333333334,0.45056120886630463,0.6500224216483541
R_000186,6,1,3,6,1.0,-0.0,0.0
R_000187,6,3,6,4,0.6666666666666666,0.8675632284814612,0.7896900821428474
R_000188,8,3,7,5,0.625,0.9002560512685369,0.8194483718728035
R_000189,7,1,0,7,1.0,-0.0,0.0
R_000190,7,1,1,7,1.0,-0.0,0.0
R_000191,8,1,4,8,1.0,-0.0,0.0
R_000192,7,1,1,7,1.0,-0.0,0.0
R_000193,6,1,2,6,1.0,-0.0,0.0
R_000194,5,1,5,5,1.0,-0.0,0.0
R_000195,7,1,2,7,1.0,-0.0,0.0
R_000196,6,3,6,4,0.6666666666666666,0.8675632284814612,0.7896900821428474
R_000197,5,2,6,4,0.8,0.5004024235381879,0.7219280948873623
R_000198,5,1,3,5,1.0,-0.0,0.0
R_000199,5,1,0,5,1.0,-0.0,0.0
R_000200,8,3,6,6,0.75,0.7356219397587946,0.6695919455357792
R_000201,8,1,2,8,1.0,-0.0,0.0
R_000202,8,3,6,6,0.75,0.7356219397587946,0.6695919455357792
R_000203,7,2,6,6,0.8571428571428571,0.410116318288409,0.5916727785823274
R_000204,7,3,6,5,0.7142857142857143,0.796311640173813,0.7248340915057598
R_000205,7,1,1,7,1.0,-0.0,0.0
R_000206,8,2,5,7,0.875,0.37677016125643675,0.5435644431995964
R_000207,7,3,7,4,0.5714285714285714,0.9556998911125343,0.8699155297736259
R_000208,6,1,4,6,1.0,-0.0,0.0
R_000209,6,1,4,6,1.0,-0.0,0.0
R_000210,6,3,7,4,0.6666666666666666,0.8675632284814612,0.7896900821428474
R_000211,8,1,0,8,1.0,-0.0,0.0
R_000212,7,3,7,5,0.7142857142857143,0.796311640173813,0.7248340915057598
R_000213,7,1,1,7,1.0,-0.0,0.0
R_000214,6,1,3,6,1.0,-0.0,0.0
R_000215,6,4,7,3,0.5,1.242453324894,0.8962406251802889
R_000216,7,1,2,7,1.0,-0.0,0.0
R_000217,8,1,4,8,1.0,-0.0,0.0
R_000218,5,1,3,5,1.0,-0.0,0.0
R_000219,7,1,5,7,1.0,-0.0,0.0
R_000220,8,2,5,7,0.875,0.37677016125643675,0.5435644431995964
R_000221,5,3,2,2,0.4,1.0549201679861442,0.9602297178607612
R_000222,8,2,5,7,0.875,0.37677016125643675,0.5435644431995964
R_000223,6,3,7,4,0.6666666666666666,0.8675632284814612,0.7896900821428474
R_000224,8,1,0,8,1.0,-0.0,0.0
R_000225,8,4,7,4,0.5,1.2130075659799042,0.875
R_000226,7,1,0,7,1.0,-0.0,0.0
R_000227,8,1,3,8,1.0,-0.0,0.0
R_000228,6,2,5,5,0.8333333333333334,0.45056120886630463,0.6500224216483541
R_000229,6,1,1,6,1.0,-0.0,0.0
R_000230,5,1,3,5,1.0,-0.0,0.0
R_000231,6,1,1,6,1.0,-0.0,0.0
R_000232,7,1,0,7,1.0,-0.0,0.0
R_000233,5,1,0,5,1.0,-0.0,0.0
R_000234,8,2,5,7,0.875,0.37677016125643675,0.5435644431995964
R_000235,8,4,7,4,0.5,1.2130075659799042,0.875
R_000236,5,1,3,5,1.0,-0.0,0.0
R_000237,6,1,4,6,1.0,-0.0,0.0
R_000238,8,3,6,6,0.75,0.7356219397587946,0.6695919455357792
R_000239,7,1,4,7,1.0,-0.0,0.0
R_000240,5,1,1,5,1.0,-0.0,0.0
R_000241,5,1,2,5,1.0,-0.0,0.0
R_000242,5,1,2,5,1.0,-0.0,0.0
R_000243,5,2,6,4,0.8,0.5004024235381879,0.7219280948873623
R_000244,7,2,7,5,0.7142857142857143,0.5982695885852573,0.8631205685666311
R_000245,7,1,5,7,1.0,-0.0,0.0
R_000246,7,1,3,7,1.0,-0.0,0.0
R_000247,6,3,6,4,0.6666666666666666,0.8675632284814612,0.7896900821428474
R_000248,7,1,1,7,1.0,-0.0,0.0
R_000249,6,2,7,4,0.6666666666666666,0.6365141682948128,0.9182958340544894
R_000250,5,1,3,5,1.0,-0.0,0.0
R_000251,7,2,5,6,0.8571428571428571,0.410116318288409,0.5916727785823274
R_000252,8,1,0,8,1.0,-0.0,0.0
R_000253,6,1,2,6,1.0,-0.0,0.0
R_000254,6,1,0,6,1.0,-0.0,0.0
R_000255,8,3,6,6,0.75,0.7356219397587946,0.6695919455357792
R_000256,5,1,6,5,1.0,-0.0,0.0
R_000257,8,1,1,8,1.0,-0.0,0.0
R_000258,6,1,0,6,1.0,-0.0,0.0
R_000259,6,2,5,5,0.8333333333333334,0.45056120886630463,0.6500224216483541
R_000260,7,3,6,5,0.7142857142857143,0.796311640173813,0.7248340915057598
R_000261,5,1,4,5,1.0,-0.0,0.0
R_000262,8,1,3,8,1.0,-0.0,0.0
R_000263,6,1,3,6,1.0,-0.0,0.0
R_000264,6,1,3,6,1.0,-0.0,0.0
R_000265,7,3,7,5,0.7142857142857143,0.796311640173813,0.7248340915057598
R_000266,5,1,0,5,1.0,-0.0,0.0
R_000267,8,4,7,4,0.5,1.2130075659799042,0.875
R_000268,6,1,2,6,1.0,-0.0,0.0
R_000269,8,1,4,8,1.0,-0.0,0.0
R_000270,7,3,6,5,0.7142857142857143,0.796311640173813,0.7248340915057598
R_000271,7,2,6,6,0.8571428571428571,0.410116318288409,0.5916727785823274
R_000272,7,1,4,7,1.0,-0.0,0.0
R_000273,7,1,3,7,1.0,-0.0,0.0
R_000274,7,1,1,7,1.0,-0.0,0.0
R_000275,8,1,0,8,1.0,-0.0,0.0
R_000276,8,3,6,6,0.75,0.7356219397587946,0.6695919455357792
R_000277,8,1,1,8,1.0,-0.0,0.0
R_000278,7,2,5,6,0.8571428571428571,0.410116318288409,0.5916727785823274
R_000279,5,1,3,5,1.0,-0.0,0.0
R_000280,8,1,2,8,1.0,-0.0,0.0
R_000281,6,1,5,6,1.0,-0.0,0.0
R_000282,6,3,6,4,0.6666666666666666,0.8675632284814612,0.7896900821428474
R_000283,8,1,0,8,1.0,-0.0,0.0
R_000284,5,1,1,5,1.0,-0.0,0.0
R_000285,8,1,0,8,1.0,-0.0,0.0
R_000286,5,1,2,5,1.0,-0.0,0.0
R_000287,7,3,6,5,0.7142857142857143,0.796311640173813,0.7248340915057598
R_000288,5,3,7,3,0.6,0.9502705392332347,0.8649735207179272
R_000289,7,1,0,7,1.0,-0.0,0.0
R_000290,8,1,1,8,1.0,-0.0,0.0
R_000291,5,1,1,5,1.0,-0.0,0.0
R_000292,8,1,3,8,1.0,-0.0,0.0
R_000293,7,1,2,7,1.0,-0.0,0.0
R_000294,7,1,3,7,1.0,-0.0,0.0
R_000295,8,4,7,4,0.5,1.2130075659799042,0.875
R_000296,6,1,4,6,1.0,-0.0,0.0
R_000297,6,1,3,6,1.0,-0.0,0.0
R_000298,6,3,7,3,0.5,1.0114042647073518,0.920619835714305
R_000299,6,3,6,4,0.6666666666666666,0.8675632284814612,0.7896900821428474
R_000300,8,2,5,7,0.875,0.37677016125643675,0.5435644431995964
R_000301,8,1,0,8,1.0,-0.0,0.0
R_000302,7,4,7,3,0.42857142857142855,1.277034259466139,0.9211854965885543
R_000303,6,1,1,6,1.0,-0.0,0.0
R_000304,8,3,6,6,0.75,0.7356219397587946,0.6695919455357792
R_000305,6,1,3,6,1.0,-0.0,0.0
R_000306,6,1,3,6,1.0,-0.0,0.0
R_000307,5,1,1,5,1.0,-0.0,0.0
R_000308,8,2,5,7,0.875,0.37677016125643675,0.5435644431995964
R_000309,8,1,2,8,1.0,-0.0,0.0
R_000310,5,1,3,5,1.0,-0.0,0.0
R_000311,7,1,4,7,1.0,-0.0,0.0
R_000312,7,1,2,7,1.0,-0.0,0.0
R_000313,8,1,4,8,1.0,-0.0,0.0
R_000314,8,1,3,8,1.0,-0.0,0.0
R_000315,8,2,5,7,0.875,0.37677016125643675,0.5435644431995964
R_000316,6,1,3,6,1.0,-0.0,0.0
R_000317,8,1,2,8,1.0,-0.0,0.0
R_000318,8,2,6,7,0.875,0.37677016125643675,0.5435644431995964
R_000319,8,1,1,8,1.0,-0.0,0.0
R_000320,5,4,7,2,0.4,1.3321790402101223,0.9609640474436812
R_000321,5,2,6,4,0.8,0.5004024235381879,0.7219280948873623
R_000322,7,1,4,7,1.0,-0.0,0.0
R_000323,5,1,1,5,1.0,-0.0,0.0
R_000324,7,1,4,7,1.0,-0.0,0.0
R_000325,7,2,5,6,0.8571428571428571,0.410116318288409,0.5916727785823274
R_000326,7,1,3,7,1.0,-0.0,0.0
R_000327,6,1,0,6,1.0,-0.0,0.0
R_000328,8,1,2,8,1.0,-0.0,0.0
R_000329,5,1,3,5,1.0,-0.0,0.0
R_000330,6,1,3,6,1.0,-0.0,0.0
R_000331,5,2,5,4,0.8,0.5004024235381879,0.7219280948873623
R_000332,6,1,6,6,1.0,-0.0,0.0
R_000333,5,1,2,5,1.0,-0.0,0.0
R_000334,6,1,5,6,1.0,-0.0,0.0
R_000335,5,1,7,5,1.0,-0.0,0.0
R_000336,5,2,5,4,0.8,0.5004024235381879,0.7219280948873623
R_000337,5,1,4,5,1.0,-0.0,0.0
R_000338,5,2,6,4,0.8,0.5004024235381879,0.7219280948873623
R_000339,7,3,6,5,0.7142857142857143,0.796311640173813,0.7248340915057598
R_000340,6,1,2,6,1.0,-0.0,0.0
R_000341,6,1,3,6,1.0,-0.0,0.0
R_000342,7,1,0,7,1.0,-0.0,0.0
R_000343,8,2,5,7,0.875,0.37677016125643675,0.5435644431995964
R_000344,5,2,7,4,0.8,0.5004024235381879,0.7219280948873623
R_000345,7,1,0,7,1.0,-0.0,0.0
R_000346,6,1,4,6,1.0,-0.0,0.0
R_000347,7,1,2,7,1.0,-0.0,0.0
R_000348,7,1,3,7,1.0,-0.0,0.0
R_000349,6,1,0,6,1.0,-0.0,0.0
R_000350,5,1,5,5,1.0,-0.0,0.0
R_000351,7,1,1,7,1.0,-0.0,0.0
R_000352,5,3,6,3,0.6,0.9502705392332347,0.8649735207179272
R_000353,6,1,3,6,1.0,-0.0,0.0
R_000354,7,1,1,7,1.0,-0.0,0.0
R_000355,6,1,2,6,1.0,-0.0,0.0
R_000356,5,1,0,5,1.0,-0.0,0.0
R_000357,7,1,3,7,1.0,-0.0,0.0
R_000358,7,1,2,7,1.0,-0.0,0.0
R_000359,7,2,5,6,0.8571428571428571,0.410116318288409,0.5916727785823274
R_000360,7,2,5,6,0.8571428571428571,0.410116318288409,0.5916727785823274
R_000361,6,1,3,6,1.0,-0.0,0.0
R_000362,5,1,0,5,1.0,-0.0,0.0
R_000363,8,1,4,8,1.0,-0.0,0.0
R_000364,5,1,0,5,1.0,-0.0,0.0
R_000365,8,1,2,8,1.0,-0.0,0.0
R_000366,8,1,0,8,1.0,-0.0,0.0
R_000367,7,2,6,6,0.8571428571428571,0.410116318288409,0.5916727785823274
R_000368,7,1,5,7,1.0,-0.0,0.0
R_000369,8,2,6,7,0.875,0.37677016125643675,0.5435644431995964
R_000370,6,1,5,6,1.0,-0.0,0.0
R_000371,6,4,2,2,0.3333333333333333,1.3296613488547582,0.9591479170272448
R_000372,6,4,7,3,0.5,1.242453324894,0.8962406251802889
R_000373,6,2,6,5,0.8333333333333334,0.45056120886630463,0.6500224216483541
R_000374,7,1,3,7,1.0,-0.0,0.0
R_000375,7,2,7,6,0.8571428571428571,0.410116318288409,0.5916727785823274
R_000376,7,1,0,7,1.0,-0.0,0.0
R_000377,8,2,6,7,0.875,0.37677016125643675,0.5435644431995964
R_000378,7,1,1,7,1.0,-0.0,0.0
R_000379,7,2,5,6,0.8571428571428571,0.410116318288409,0.5916727785823274
R_000380,6,3,6,4,0.6666666666666666,0.8675632284814612,0.7896900821428474
R_000381,6,1,1,6,1.0,-0.0,0.0
R_000382,5,1,0,5,1.0,-0.0,0.0
R_000383,7,1,4,7,1.0,-0.0,0.0
R_000384,7,1,1,7,1.0,-0.0,0.0
R_000385,6,2,5,5,0.8333333333333334,0.45056120886630463,0.6500224216483541
R_000386,6,1,2,6,1.0,-0.0,0.0
R_000387,8,1,4,8,1.0,-0.0,0.0
R_000388,8,1,2,8,1.0,-0.0,0.0
R_000389,5,1,2,5,1.0,-0.0,0.0
R_000390,8,3,6,6,0.75,0.7356219397587946,0.6695919455357792
R_000391,8,1,3,8,1.0,-0.0,0.0
R_000392,7,1,1,7,1.0,-0.0,0.0
R_000393,6,1,0,6,1.0,-0.0,0.0
R_000394,8,1,4,8,1.0,-0.0,0.0
R_000395,5,4,7,2,0.4,1.3321790402101223,0.9609640474436812
R_000396,5,1,0,5,1.0,-0.0,0.0
R_000397,6,1,5,6,1.0,-0.0,0.0
R_000398,6,2,6,5,0.8333333333333334,0.45056120886630463,0.6500224216483541
R_000399,7,1,4,7,1.0,-0.0,0.0
R_000400,5,1,1,5,1.0,-0.0,0.0
R_000401,7,2,5,6,0.8571428571428571,0.410116318288409,0.5916727785823274
R_000402,6,4,7,3,0.5,1.242453324894,0.8962406251802889
R_000403,7,1,1,7,1.0,-0.0,0.0
R_000404,5,1,0,5,1.0,-0.0,0.0
R_000405,7,1,4,7,1.0,-0.0,0.0
R_000406,5,1,1,5,1.0,-0.0,0.0
R_000407,8,2,5,7,0.875,0.37677016125643675,0.5435644431995964
R_000408,8,1,0,8,1.0,-0.0,0.0
R_000409,6,1,3,6,1.0,-0.0,0.0
R_000410,6,1,4,6,1.0,-0.0,0.0
R_000411,8,1,3,8,1.0,-0.0,0.0
R_000412,5,1,6,5,1.0,-0.0,0.0
R_000413,6,2,5,5,0.8333333333333334,0.45056120886630463,0.6500224216483541
R_000414,5,2,5,4,0.8,0.5004024235381879,0.7219280948873623
R_000415,8,1,4,8,1.0,-0.0,0.0
R_000416,7,1,4,7,1.0,-0.0,0.0
R_000417,5,1,3,5,1.0,-0.0,0.0
R_000418,5,1,4,5,1.0,-0.0,0.0
R_000419,5,1,2,5,1.0,-0.0,0.0
R_000420,5,1,7,5,1.0,-0.0,0.0
R_000421,7,1,0,7,1.0,-0.0,0.0
R_000422,7,3,7,4,0.5714285714285714,0.9556998911125343,0.8699155297736259
R_000423,5,1,4,5,1.0,-0.0,0.0
R_000424,7,1,3,7,1.0,-0.0,0.0
R_000425,5,2,7,4,0.8,0.5004024235381879,0.7219280948873623
R_000426,7,1,2,7,1.0,-0.0,0.0
R_000427,8,1,4,8,1.0,-0.0,0.0
R_000428,5,1,4,5,1.0,-0.0,0.0
R_000429,8,1,0,8,1.0,-0.0,0.0
R_000430,6,1,4,6,1.0,-0.0,0.0
R_000431,5,2,6,4,0.8,0.5004024235381879,0.7219280948873623
R_000432,5,2,6,4,0.8,0.5004024235381879,0.7219280948873623
R_000433,7,1,2,7,1.0,-0.0,0.0
R_000434,7,1,6,7,1.0,-0.0,0.0
R_000435,5,1,5,5,1.0,-0.0,0.0
R_000436,6,2,6,5,0.8333333333333334,0.45056120886630463,0.6500224216483541
R_000437,7,1,1,7,1.0,-0.0,0.0
R_000438,7,1,1,7,1.0,-0.0,0.0
R_000439,6,1,4,6,1.0,-0.0,0.0
R_000440,6,1,0,6,1.0,-0.0,0.0
R_000441,6,1,1,6,1.0,-0.0,0.0
R_000442,6,1,5,6,1.0,-0.0,0.0
R_000443,8,4,7,5,0.625,1.073542846408523,0.7743974703476992
R_000444,8,1,0,8,1.0,-0.0,0.0
R_000445,6,2,6,5,0.8333333333333334,0.45056120886630463,0.6500224216483541
R_000446,7,2,5,6,0.8571428571428571,0.410116318288409,0.5916727785823274
R_000447,5,1,4,5,1.0,-0.0,0.0
R_000448,5,1,2,5,1.0,-0.0,0.0
R_000449,6,1,0,6,1.0,-0.0,0.0
R_000450,8,1,1,8,1.0,-0.0,0.0
R_000451,6,1,0,6,1.0,-0.0,0.0
R_000452,7,1,2,7,1.0,-0.0,0.0
R_000453,8,1,0,8,1.0,-0.0,0.0
R_000454,8,3,7,6,0.75,0.7356219397587946,0.6695919455357792
R_000455,5,1,6,5,1.0,-0.0,0.0
R_000456,7,1,1,7,1.0,-0.0,0.0
R_000457,8,1,3,8,1.0,-0.0,0.0
R_000458,5,1,1,5,1.0,-0.0,0.0
R_000459,8,2,5,7,0.875,0.37677016125643675,0.5435644431995964
R_000460,7,1,4,7,1.0,-0.0,0.0
R_000461,7,1,4,7,1.0,-0.0,0.0
R_000462,6,2,7,5,0.8333333333333334,0.45056120886630463,0.6500224216483541
R_000463,5,1,2,5,1.0,-0.0,0.0
R_000464,7,1,4,7,1.0,-0.0,0.0
R_000465,8,1,0,8,1.0,-0.0,0.0
R_000466,6,3,6,4,0.6666666666666666,0.8675632284814612,0.7896900821428474
R_000467,7,1,3,7,1.0,-0.0,0.0
R_000468,5,1,0,5,1.0,-0.0,0.0
R_000469,7,1,1,7,1.0,-0.0,0.0
R_000470,5,1,5,5,1.0,-0.0,0.0
R_000471,5,1,2,5,1.0,-0.0,0.0
R_000472,8,1,3,8,1.0,-0.0,0.0
R_000473,5,1,3,5,1.0,-0.0,0.0
R_000474,6,1,3,6,1.0,-0.0,0.0
R_000475,7,2,6,6,0.8571428571428571,0.410116318288409,0.5916727785823274
R_000476,6,1,4,6,1.0,-0.0,0.0
R_000477,7,1,1,7,1.0,-0.0,0.0
R_000478,6,1,3,6,1.0,-0.0,0.0
R_000479,8,1,1,8,1.0,-0.0,0.0
R_000480,5,1,2,5,1.0,-0.0,0.0
R_000481,6,1,2,6,1.0,-0.0,0.0
R_000482,6,1,3,6,1.0,-0.0,0.0
R_000483,6,2,7,5,0.8333333333333334,0.45056120886630463,0.6500224216483541
R_000484,8,1,3,8,1.0,-0.0,0.0
R_000485,8,3,6,6,0.75,0.7356219397587946,0.6695919455357792
R_000486,8,1,2,8,1.0,-0.0,0.0
R_000487,8,1,2,8,1.0,-0.0,0.0
R_000488,5,1,1,5,1.0,-0.0,0.0
R_000489,7,3,7,5,0.7142857142857143,0.796311640173813,0.7248340915057598
R_000490,7,2,6,6,0.8571428571428571,0.410116318288409,0.5916727785823274
R_000491,7,2,5,6,0.8571428571428571,0.410116318288409,0.5916727785823274
R_000492,5,1,3,5,1.0,-0.0,0.0
R_000493,6,1,1,6,1.0,-0.0,0.0
R_000494,7,1,1,7,1.0,-0.0,0.0
R_000495,8,1,3,8,1.0,-0.0,0.0
R_000496,8,2,5,7,0.875,0.37677016125643675,0.5435644431995964
R_000497,5,2,5,4,0.8,0.5004024235381879,0.7219280948873623
R_000498,7,1,2,7,1.0,-0.0,0.0
R_000499,6,1,4,6,1.0,-0.0,0.0
R_000500,6,1,5,6,1.0,-0.0,0.0
R_000501,8,1,0,8,1.0,-0.0,0.0
R_000502,5,1,0,5,1.0,-0.0,0.0
R_000503,8,3,6,6,0.75,0.7356219397587946,0.6695919455357792
R_000504,8,1,1,8,1.0,-0.0,0.0
R_000505,5,1,3,5,1.0,-0.0,0.0
R_000506,6,1,2,6,1.0,-0.0,0.0
R_000507,5,2,6,4,0.8,0.5004024235381879,0.7219280948873623
R_000508,7,1,1,7,1.0,-0.0,0.0
R_000509,6,4,2,2,0.3333333333333333,1.3296613488547582,0.9591479170272448
R_000510,8,1,2,8,1.0,-0.0,0.0
R_000511,5,1,3,5,1.0,-0.0,0.0
R_000512,6,4,7,3,0.5,1.242453324894,0.8962406251802889
R_000513,6,1,4,6,1.0,-0.0,0.0
R_000514,7,3,7,4,0.5714285714285714,0.9556998911125343,0.8699155297736259
R_000515,5,1,4,5,1.0,-0.0,0.0
R_000516,6,1,3,6,1.0,-0.0,0.0
R_000517,7,1,3,7,1.0,-0.0,0.0
R_000518,6,1,1,6,1.0,-0.0,0.0
R_000519,7,2,5,6,0.8571428571428571,0.410116318288409,0.5916727785823274
R_000520,8,1,2,8,1.0,-0.0,0.0
R_000521,6,3,6,4,0.6666666666666666,0.8675632284814612,0.7896900821428474
R_000522,7,1,3,7,1.0,-0.0,0.0
R_000523,5,3,7,3,0.6,0.9502705392332347,0.8649735207179272
R_000524,6,1,0,6,1.0,-0.0,0.0
R_000525,8,1,4,8,1.0,-0.0,0.0
R_000526,6,1,2,6,1.0,-0.0,0.0
R_000527,5,1,1,5,1.0,-0.0,0.0
R_000528,7,1,2,7,1.0,-0.0,0.0
R_000529,5,1,6,5,1.0,-0.0,0.0
R_000530,6,1,0,6,1.0,-0.0,0.0
R_000531,6,1,0,6,1.0,-0.0,0.0
R_000532,5,1,2,5,1.0,-0.0,0.0
R_000533,8,1,2,8,1.0,-0.0,0.0
R_000534,5,1,6,5,1.0,-0.0,0.0
R_000535,5,3,7,3,0.6,0.9502705392332347,0.8649735207179272
R_000536,7,2,6,6,0.8571428571428571,0.410116318288409,0.5916727785823274
R_000537,7,1,4,7,1.0,-0.0,0.0
R_000538,7,4,7,3,0.42857142857142855,1.277034259466139,0.9211854965885543
R_000539,6,1,0,6,1.0,-0.0,0.0
R_000540,8,1,1,8,1.0,-0.0,0.0
R_000541,5,2,5,4,0.8,0.5004024235381879,0.7219280948873623
R_000542,5,1,5,5,1.0,-0.0,0.0
R_000543,6,2,5,5,0.8333333333333334,0.45056120886630463,0.6500224216483541
R_000544,6,1,4,6,1.0,-0.0,0.0
R_000545,7,1,1,7,1.0,-0.0,0.0
R_000546,5,2,6,4,0.8,0.5004024235381879,0.7219280948873623
R_000547,8,2,5,7,0.875,0.37677016125643675,0.5435644431995964
R_000548,8,2,5,7,0.875,0.37677016125643675,0.5435644431995964
R_000549,6,1,6,6,1.0,-0.0,0.0
R_000550,7,1,2,7,1.0,-0.0,0.0
R_000551,8,1,4,8,1.0,-0.0,0.0
R_000552,5,1,2,5,1.0,-0.0,0.0
R_000553,7,1,2,7,1.0,-0.0,0.0
R_000554,6,1,2,6,1.0,-0.0,0.0
R_000555,5,2,6,4,0.8,0.5004024235381879,0.7219280948873623
R_000556,7,3,6,5,0.7142857142857143,0.796311640173813,0.7248340915057598
R_000557,7,2,5,6,0.8571428571428571,0.410116318288409,0.5916727785823274
R_000558,8,1,1,8,1.0,-0.0,0.0
R_000559,5,3,6,3,0.6,0.9502705392332347,0.8649735207179272
R_000560,6,1,3,6,1.0,-0.0,0.0
R_000561,7,1,3,7,1.0,-0.0,0.0
R_000562,5,1,4,5,1.0,-0.0,0.0
R_000563,5,1,1,5,1.0,-0.0,0.0
R_000564,5,1,2,5,1.0,-0.0,0.0
R_000565,6,1,4,6,1.0,-0.0,0.0
R_000566,6,1,0,6,1.0,-0.0,0.0
R_000567,8,1,3,8,1.0,-0.0,0.0
R_000568,7,2,5,6,0.8571428571428571,0.410116318288409,0.5916727785823274
R_000569,8,2,6,7,0.875,0.37677016125643675,0.5435644431995964
R_000570,5,1,3,5,1.0,-0.0,0.0
R_000571,8,1,1,8,1.0,-0.0,0.0
R_000572,8,3,7,5,0.625,0.9002560512685369,0.8194483718728035
R_000573,6,1,3,6,1.0,-0.0,0.0
R_000574,8,2,5,7,0.875,0.37677016125643675,0.5435644431995964
R_000575,8,1,3,8,1.0,-0.0,0.0
R_000576,6,2,6,5,0.8333333333333334,0.45056120886630463,0.6500224216483541
R_000577,6,1,3,6,1.0,-0.0,0.0
R_000578,5,3,7,3,0.6,0.9502705392332347,0.8649735207179272
R_000579,8,1,0,8,1.0,-0.0,0.0
R_000580,7,1,3,7,1.0,-0.0,0.0
R_000581,6,1,3,6,1.0,-0.0,0.0
R_000582,7,1,4,7,1.0,-0.0,0.0
R_000583,6,2,7,5,0.8333333333333334,0.45056120886630463,0.6500224216483541
R_000584,7,3,6,5,0.7142857142857143,0.796311640173813,0.7248340915057598
R_000585,6,3,7,3,0.5,1.0114042647073518,0.920619835714305
R_000586,6,1,2,6,1.0,-0.0,0.0
R_000587,6,1,4,6,1.0,-0.0,0.0
R_000588,6,1,3,6,1.0,-0.0,0.0
R_000589,5,3,7,3,0.6,0.9502705392332347,0.8649735207179272
R_000590,5,1,3,5,1.0,-0.0,0.0
R_000591,7,1,3,7,1.0,-0.0,0.0
R_000592,5,1,1,5,1.0,-0.0,0.0
R_000593,8,1,3,8,1.0,-0.0,0.0
R_000594,8,4,7,5,0.625,1.073542846408523,0.7743974703476992
R_000595,7,3,7,4,0.5714285714285714,0.9556998911125343,0.8699155297736259
R_000596,7,2,5,6,0.8571428571428571,0.410116318288409,0.5916727785823274
R_000597,5,3,7,3,0.6,0.9502705392332347,0.8649735207179272
R_000598,6,1,2,6,1.0,-0.0,0.0
R_000599,5,1,4,5,1.0,-0.0,0.0
R_000600,7,1,3,7,1.0,-0.0,0.0
R_000601,5,2,7,4,0.8,0.5004024235381879,0.7219280948873623
R_000602,6,1,3,6,1.0,-0.0,0.0
R_000603,8,1,0,8,1.0,-0.0,0.0
R_000604,5,2,7,3,0.6,0.6730116670092565,0.9709505944546688
R_000605,7,1,0,7,1.0,-0.0,0.0
R_000606,8,4,7,5,0.625,1.073542846408523,0.7743974703476992
R_000607,8,3,6,6,0.75,0.7356219397587946,0.6695919455357792
R_000608,6,1,2,6,1.0,-0.0,0.0
R_000609,7,1,2,7,1.0,-0.0,0.0
R_000610,8,2,5,7,0.875,0.37677016125643675,0.5435644431995964
R_000611,7,1,0,7,1.0,-0.0,0.0
R_000612,8,3,6,6,0.75,0.7356219397587946,0.6695919455357792
R_000613,5,1,2,5,1.0,-0.0,0.0
R_000614,8,2,5,7,0.875,0.37677016125643675,0.5435644431995964
R_000615,6,1,4,6,1.0,-0.0,0.0
R_000616,5,3,7,3,0.6,0.9502705392332347,0.8649735207179272
R_000617,7,2,5,6,0.8571428571428571,0.410116318288409,0.5916727785823274
R_000618,6,2,6,5,0.8333333333333334,0.45056120886630463,0.6500224216483541
R_000619,8,3,7,5,0.625,0.9002560512685369,0.8194483718728035
R_000620,7,1,3,7,1.0,-0.0,0.0
R_000621,8,1,1,8,1.0,-0.0,0.0
R_000622,6,1,4,6,1.0,-0.0,0.0
R_000623,8,1,0,8,1.0,-0.0,0.0
R_000624,8,1,5,8,1.0,-0.0,0.0
R_000625,8,1,3,8,1.0,-0.0,0.0
R_000626,6,1,2,6,1.0,-0.0,0.0
R_000627,6,1,0,6,1.0,-0.0,0.0
R_000628,8,4,7,4,0.5,1.2130075659799042,0.875
R_000629,7,1,3,7,1.0,-0.0,0.0
R_000630,6,4,2,2,0.3333333333333333,1.3296613488547582,0.9591479170272448
R_000631,5,1,1,5,1.0,-0.0,0.0
R_000632,5,1,2,5,1.0,-0.0,0.0
R_000633,5,1,2,5,1.0,-0.0,0.0
R_000634,7,2,6,6,0.8571428571428571,0.410116318288409,0.5916727785823274
R_000635,7,1,3,7,1.0,-0.0,0.0
R_000636,7,1,4,7,1.0,-0.0,0.0
R_000637,8,1,3,8,1.0,-0.0,0.0
R_000638,7,1,4,7,1.0,-0.0,0.0
R_000639,6,2,5,5,0.8333333333333334,0.45056120886630463,0.6500224216483541
R_000640,5,2,5,4,0.8,0.5004024235381879,0.7219280948873623
R_000641,7,1,2,7,1.0,-0.0,0.0
R_000642,7,2,6,6,0.8571428571428571,0.410116318288409,0.5916727785823274
R_000643,6,1,3,6,1.0,-0.0,0.0
R_000644,5,3,7,3,0.6,0.9502705392332347,0.8649735207179272
R_000645,7,3,7,5,0.7142857142857143,0.796311640173813,0.7248340915057598
R_000646,8,3,6,6,0.75,0.7356219397587946,0.6695919455357792
R_000647,5,1,1,5,1.0,-0.0,0.0
R_000648,6,1,4,6,1.0,-0.0,0.0
R_000649,5,1,3,5,1.0,-0.0,0.0
R_000650,5,1,1,5,1.0,-0.0,0.0
R_000651,7,1,3,7,1.0,-0.0,0.0
R_000652,6,1,1,6,1.0,-0.0,0.0
R_000653,7,2,5,6,0.8571428571428571,0.410116318288409,0.5916727785823274
R_000654,5,3,6,3,0.6,0.9502705392332347,0.8649735207179272
R_000655,7,2,5,6,0.8571428571428571,0.410116318288409,0.5916727785823274
R_000656,6,1,3,6,1.0,-0.0,0.0
R_000657,7,2,6,6,0.8571428571428571,0.410116318288409,0.5916727785823274
R_000658,7,1,1,7,1.0,-0.0,0.0
R_000659,8,4,7,4,0.5,1.2130075659799042,0.875
R_000660,5,2,7,4,0.8,0.5004024235381879,0.7219280948873623
R_000661,6,1,1,6,1.0,-0.0,0.0
R_000662,7,1,0,7,1.0,-0.0,0.0
R_000663,7,1,1,7,1.0,-0.0,0.0
R_000664,8,1,3,8,1.0,-0.0,0.0
R_000665,7,2,5,6,0.8571428571428571,0.410116318288409,0.5916727785823274
R_000666,6,1,0,6,1.0,-0.0,0.0
R_000667,5,1,2,5,1.0,-0.0,0.0
R_000668,7,1,1,7,1.0,-0.0,0.0
R_000669,8,2,6,7,0.875,0.37677016125643675,0.5435644431995964
R_000670,5,1,1,5,1.0,-0.0,0.0
R_000671,5,1,0,5,1.0,-0.0,0.0
R_000672,7,1,4,7,1.0,-0.0,0.0
R_000673,5,1,3,5,1.0,-0.0,0.0
R_000674,6,1,2,6,1.0,-0.0,0.0
R_000675,5,1,0,5,1.0,-0.0,0.0
R_000676,8,1,2,8,1.0,-0.0,0.0
R_000677,8,1,0,8,1.0,-0.0,0.0
R_000678,6,1,6,6,1.0,-0.0,0.0
R_000679,6,1,3,6,1.0,-0.0,0.0
R_000680,7,1,4,7,1.0,-0.0,0.0
R_000681,5,2,6,4,0.8,0.5004024235381879,0.7219280948873623
R_000682,8,1,4,8,1.0,-0.0,0.0
R_000683,8,1,2,8,1.0,-0.0,0.0
R_000684,6,2,6,5,0.8333333333333334,0.45056120886630463,0.6500224216483541
R_000685,7,1,0,7,1.0,-0.0,0.0
R_000686,6,1,0,6,1.0,-0.0,0.0
R_000687,6,3,7,4,0.6666666666666666,0.8675632284814612,0.7896900821428474
R_000688,8,3,6,6,0.75,0.7356219397587946,0.6695919455357792
R_000689,7,1,4,7,1.0,-0.0,0.0
R_000690,8,1,5,8,1.0,-0.0,0.0
R_000691,7,1,4,7,1.0,-0.0,0.0
R_000692,7,1,0,7,1.0,-0.0,0.0
R_000693,7,1,1,7,1.0,-0.0,0.0
R_000694,8,1,0,8,1.0,-0.0,0.0
R_000695,5,1,5,5,1.0,-0.0,0.0
R_000696,6,1,0,6,1.0,-0.0,0.0
R_000697,8,1,1,8,1.0,-0.0,0.0
R_000698,8,1,0,8,1.0,-0.0,0.0
R_000699,8,1,1,8,1.0,-0.0,0.0
R_000700,5,1,4,5,1.0,-0.0,0.0
R_000701,7,3,6,5,0.7142857142857143,0.796311640173813,0.7248340915057598
R_000702,8,1,5,8,1.0,-0.0,0.0
R_000703,6,1,0,6,1.0,-0.0,0.0
R_000704,7,1,2,7,1.0,-0.0,0.0
R_000705,8,1,3,8,1.0,-0.0,0.0
R_000706,7,4,7,3,0.42857142857142855,1.277034259466139,0.9211854965885543
R_000707,8,2,6,7,0.875,0.37677016125643675,0.5435644431995964
R_000708,6,2,5,5,0.8333333333333334,0.45056120886630463,0.6500224216483541
R_000709,5,1,1,5,1.0,-0.0,0.0
R_000710,5,1,2,5,1.0,-0.0,0.0
R_000711,5,1,4,5,1.0,-0.0,0.0
R_000712,5,1,4,5,1.0,-0.0,0.0
R_000713,8,1,1,8,1.0,-0.0,0.0
R_000714,7,1,2,7,1.0,-0.0,0.0
R_000715,5,4,7,2,0.4,1.3321790402101223,0.9609640474436812
R_000716,8,1,0,8,1.0,-0.0,0.0
R_000717,5,1,1,5,1.0,-0.0,0.0
R_000718,7,1,4,7,1.0,-0.0,0.0
R_000719,6,1,2,6,1.0,-0.0,0.0
R_000720,6,1,4,6,1.0,-0.0,0.0
R_000721,6,1,2,6,1.0,-0.0,0.0
R_000722,5,1,2,5,1.0,-0.0,0.0
R_000723,6,2,6,5,0.8333333333333334,0.45056120886630463,0.6500224216483541
R_000724,6,1,3,6,1.0,-0.0,0.0
R_000725,8,1,0,8,1.0,-0.0,0.0
R_000726,8,2,5,7,0.875,0.37677016125643675,0.5435644431995964
R_000727,6,1,0,6,1.0,-0.0,0.0
R_000728,8,3,6,6,0.75,0.7356219397587946,0.6695919455357792
R_000729,5,1,2,5,1.0,-0.0,0.0
R_000730,8,1,1,8,1.0,-0.0,0.0
R_000731,8,2,7,6,0.75,0.5623351446188083,0.8112781244591328
R_000732,6,1,0,6,1.0,-0.0,0.0
R_000733,7,1,4,7,1.0,-0.0,0.0
R_000734,5,1,5,5,1.0,-0.0,0.0
R_000735,6,2,5,5,0.8333333333333334,0.45056120886630463,0.6500224216483541
R_000736,5,1,5,5,1.0,-0.0,0.0
R_000737,5,3,2,2,0.4,1.0549201679861442,0.9602297178607612
R_000738,5,1,3,5,1.0,-0.0,0.0
R_000739,6,1,5,6,1.0,-0.0,0.0
R_000740,7,2,7,5,0.7142857142857143,0.5982695885852573,0.8631205685666311
R_000741,8,1,3,8,1.0,-0.0,0.0
R_000742,6,1,4,6,1.0,-0.0,0.0
R_000743,8,3,7,6,0.75,0.7356219397587946,0.6695919455357792
R_000744,5,1,4,5,1.0,-0.0,0.0
R_000745,5,1,2,5,1.0,-0.0,0.0
R_000746,8,1,3,8,1.0,-0.0,0.0
R_000747,6,1,3,6,1.0,-0.0,0.0
R_000748,7,1,0,7,1.0,-0.0,0.0
R_000749,6,2,6,5,0.8333333333333334,0.45056120886630463,0.6500224216483541
R_000750,6,1,1,6,1.0,-0.0,0.0
R_000751,7,2,5,6,0.8571428571428571,0.410116318288409,0.5916727785823274
R_000752,8,1,0,8,1.0,-0.0,0.0
R_000753,6,1,3,6,1.0,-0.0,0.0
R_000754,8,2,5,7,0.875,0.37677016125643675,0.5435644431995964
R_000755,6,1,0,6,1.0,-0.0,0.0
R_000756,5,1,2,5,1.0,-0.0,0.0
R_000757,5,2,5,4,0.8,0.5004024235381879,0.7219280948873623
R_000758,6,1,1,6,1.0,-0.0,0.0
R_000759,8,1,0,8,1.0,-0.0,0.0
R_000760,6,1,4,6,1.0,-0.0,0.0
R_000761,5,1,5,5,1.0,-0.0,0.0
R_000762,8,3,6,6,0.75,0.7356219397587946,0.6695919455357792
R_000763,5,2,5,4,0.8,0.5004024235381879,0.7219280948873623
R_000764,5,1,4,5,1.0,-0.0,0.0
R_000765,6,2,7,4,0.6666666666666666,0.6365141682948128,0.9182958340544894
R_000766,6,1,0,6,1.0,-0.0,0.0
R_000767,6,2,5,5,0.8333333333333334,0.45056120886630463,0.6500224216483541
R_000768,6,4,7,3,0.5,1.242453324894,0.8962406251802889
R_000769,6,1,1,6,1.0,-0.0,0.0
R_000770,7,4,7,4,0.5714285714285714,1.1537419427010902,0.8322488896002307
R_000771,8,3,7,5,0.625,0.9002560512685369,0.8194483718728035
R_000772,8,1,0,8,1.0,-0.0,0.0
R_000773,8,1,0,8,1.0,-0.0,0.0
R_000774,6,2,5,5,0.8333333333333334,0.45056120886630463,0.6500224216483541
R_000775,5,3,7,3,0.6,0.9502705392332347,0.8649735207179272
R_000776,8,1,0,8,1.0,-0.0,0.0
R_000777,6,1,3,6,1.0,-0.0,0.0
R_000778,5,1,3,5,1.0,-0.0,0.0
R_000779,5,1,4,5,1.0,-0.0,0.0
R_000780,5,1,5,5,1.0,-0.0,0.0
R_000781,7,1,0,7,1.0,-0.0,0.0
R_000782,8,1,1,8,1.0,-0.0,0.0
R_000783,7,1,0,7,1.0,-0.0,0.0
R_000784,8,4,7,5,0.625,1.073542846408523,0.7743974703476992
R_000785,6,2,6,5,0.8333333333333334,0.45056120886630463,0.6500224216483541
R_000786,8,2,6,7,0.875,0.37677016125643675,0.5435644431995964
R_000787,6,1,2,6,1.0,-0.0,0.0
R_000788,6,1,3,6,1.0,-0.0,0.0
R_000789,6,3,7,4,0.6666666666666666,0.8675632284814612,0.7896900821428474
R_000790,6,3,7,4,0.6666666666666666,0.8675632284814612,0.7896900821428474
R_000791,6,1,5,6,1.0,-0.0,0.0
R_000792,5,1,1,5,1.0,-0.0,0.0
R_000793,7,1,1,7,1.0,-0.0,0.0
R_000794,8,1,0,8,1.0,-0.0,0.0
R_000795,5,2,6,4,0.8,0.5004024235381879,0.7219280948873623
R_000796,6,1,0,6,1.0,-0.0,0.0
R_000797,8,1,3,8,1.0,-0.0,0.0
R_000798,8,1,2,8,1.0,-0.0,0.0
R_000799,6,1,3,6,1.0,-0.0,0.0
R_000800,7,2,5,6,0.8571428571428571,0.410116318288409,0.5916727785823274
R_000801,7,1,4,7,1.0,-0.0,0.0
R_000802,5,1,0,5,1.0,-0.0,0.0
R_000803,5,1,3,5,1.0,-0.0,0.0
R_000804,5,1,1,5,1.0,-0.0,0.0
R_000805,5,1,5,5,1.0,-0.0,0.0
R_000806,6,1,4,6,1.0,-0.0,0.0
R_000807,5,1,2,5,1.0,-0.0,0.0
R_000808,7,2,5,6,0.8571428571428571,0.410116318288409,0.5916727785823274
R_000809,8,1,5,8,1.0,-0.0,0.0
R_000810,6,1,1,6,1.0,-0.0,0.0
R_000811,5,1,0,5,1.0,-0.0,0.0
R_000812,6,2,7,4,0.6666666666666666,0.6365141682948128,0.9182958340544894
R_000813,8,1,3,8,1.0,-0.0,0.0
R_000814,8,3,6,6,0.75,0.7356219397587946,0.6695919455357792
R_000815,6,3,7,3,0.5,1.0114042647073518,0.920619835714305
R_000816,8,1,4,8,1.0,-0.0,0.0
R_000817,5,3,7,3,0.6,0.9502705392332347,0.8649735207179272
R_000818,8,1,2,8,1.0,-0.0,0.0
R_000819,8,3,7,5,0.625,0.9002560512685369,0.8194483718728035
R_000820,8,1,0,8,1.0,-0.0,0.0
R_000821,5,1,4,5,1.0,-0.0,0.0
R_000822,5,1,4,5,1.0,-0.0,0.0
R_000823,5,1,3,5,1.0,-0.0,0.0
R_000824,6,2,5,5,0.8333333333333334,0.45056120886630463,0.6500224216483541
R_000825,7,3,7,4,0.5714285714285714,0.9556998911125343,0.8699155297736259
R_000826,5,1,6,5,1.0,-0.0,0.0
R_000827,5,2,5,4,0.8,0.5004024235381879,0.7219280948873623
R_000828,5,1,1,5,1.0,-0.0,0.0
R_000829,8,3,7,6,0.75,0.7356219397587946,0.6695919455357792
R_000830,7,2,7,5,0.7142857142857143,0.5982695885852573,0.8631205685666311
R_000831,5,1,3,5,1.0,-0.0,0.0
R_000832,5,1,3,5,1.0,-0.0,0.0
R_000833,6,3,7,3,0.5,1.0114042647073518,0.920619835714305
R_000834,7,1,1,7,1.0,-0.0,0.0
R_000835,8,1,3,8,1.0,-0.0,0.0
R_000836,8,1,0,8,1.0,-0.0,0.0
R_000837,5,2,5,4,0.8,0.5004024235381879,0.7219280948873623
R_000838,5,1,4,5,1.0,-0.0,0.0
R_000839,6,1,1,6,1.0,-0.0,0.0
R_000840,5,2,6,4,0.8,0.5004024235381879,0.7219280948873623
R_000841,7,1,1,7,1.0,-0.0,0.0
R_000842,6,1,3,6,1.0,-0.0,0.0
R_000843,6,2,7,5,0.8333333333333334,0.45056120886630463,0.6500224216483541
R_000844,5,3,7,3,0.6,0.9502705392332347,0.8649735207179272
R_000845,8,2,5,7,0.875,0.37677016125643675,0.5435644431995964
R_000846,6,1,4,6,1.0,-0.0,0.0
R_000847,5,1,4,5,1.0,-0.0,0.0
R_000848,5,1,5,5,1.0,-0.0,0.0
R_000849,5,4,7,2,0.4,1.3321790402101223,0.9609640474436812
R_000850,5,1,0,5,1.0,-0.0,0.0
R_000851,5,2,5,4,0.8,0.5004024235381879,0.7219280948873623
R_000852,6,4,7,3,0.5,1.242453324894,0.8962406251802889
R_000853,5,2,7,4,0.8,0.5004024235381879,0.7219280948873623
R_000854,7,2,5,6,0.8571428571428571,0.410116318288409,0.5916727785823274
R_000855,7,1,4,7,1.0,-0.0,0.0
R_000856,5,2,7,4,0.8,0.5004024235381879,0.7219280948873623
R_000857,8,1,0,8,1.0,-0.0,0.0
R_000858,6,3,6,4,0.6666666666666666,0.8675632284814612,0.7896900821428474
R_000859,5,2,7,4,0.8,0.5004024235381879,0.7219280948873623
R_000860,5,1,4,5,1.0,-0.0,0.0
R_000861,5,1,0,5,1.0,-0.0,0.0
R_000862,5,1,3,5,1.0,-0.0,0.0
R_000863,7,1,1,7,1.0,-0.0,0.0
R_000864,7,4,7,4,0.5714285714285714,1.1537419427010902,0.8322488896002307
R_000865,5,1,1,5,1.0,-0.0,0.0
R_000866,6,2,7,5,0.8333333333333334,0.45056120886630463,0.6500224216483541
R_000867,5,1,1,5,1.0,-0.0,0.0
R_000868,7,3,7,4,0.5714285714285714,0.9556998911125343,0.8699155297736259
R_000869,5,1,1,5,1.0,-0.0,0.0
R_000870,6,2,7,4,0.6666666666666666,0.6365141682948128,0.9182958340544894
R_000871,7,1,4,7,1.0,-0.0,0.0
R_000872,5,1,2,5,1.0,-0.0,0.0
R_000873,7,1,1,7,1.0,-0.0,0.0
R_000874,8,1,4,8,1.0,-0.0,0.0
R_000875,8,1,5,8,1.0,-0.0,0.0
R_000876,6,2,6,5,0.8333333333333334,0.45056120886630463,0.6500224216483541
R_000877,7,1,3,7,1.0,-0.0,0.0
R_000878,8,4,7,5,0.625,1.073542846408523,0.7743974703476992
R_000879,7,2,5,6,0.8571428571428571,0.410116318288409,0.5916727785823274
R_000880,6,2,5,5,0.8333333333333334,0.45056120886630463,0.6500224216483541
R_000881,5,4,7,2,0.4,1.3321790402101223,0.9609640474436812
R_000882,8,1,0,8,1.0,-0.0,0.0
R_000883,6,1,1,6,1.0,-0.0,0.0
R_000884,8,1,0,8,1.0,-0.0,0.0
R_000885,5,1,3,5,1.0,-0.0,0.0
R_000886,6,1,0,6,1.0,-0.0,0.0
R_000887,8,1,2,8,1.0,-0.0,0.0
R_000888,7,2,5,6,0.8571428571428571,0.410116318288409,0.5916727785823274
R_000889,5,1,2,5,1.0,-0.0,0.0
R_000890,5,1,5,5,1.0,-0.0,0.0
R_000891,6,1,5,6,1.0,-0.0,0.0
R_000892,5,1,5,5,1.0,-0.0,0.0
R_000893,8,3,7,5,0.625,0.9002560512685369,0.8194483718728035
R_000894,7,1,1,7,1.0,-0.0,0.0
R_000895,7,1,4,7,1.0,-0.0,0.0
R_000896,7,1,2,7,1.0,-0.0,0.0
R_000897,8,3,6,6,0.75,0.7356219397587946,0.6695919455357792
R_000898,8,1,0,8,1.0,-0.0,0.0
R_000899,6,2,5,5,0.8333333333333334,0.45056120886630463,0.6500224216483541
R_000900,8,1,1,8,1.0,-0.0,0.0
R_000901,7,1,4,7,1.0,-0.0,0.0
R_000902,6,3,7,4,0.6666666666666666,0.8675632284814612,0.7896900821428474
R_000903,5,1,1,5,1.0,-0.0,0.0
R_000904,8,3,7,6,0.75,0.7356219397587946,0.6695919455357792
R_000905,6,1,5,6,1.0,-0.0,0.0
R_000906,5,1,5,5,1.0,-0.0,0.0
R_000907,5,1,1,5,1.0,-0.0,0.0
R_000908,8,1,2,8,1.0,-0.0,0.0
R_000909,8,3,7,5,0.625,0.9002560512685369,0.8194483718728035
R_000910,6,1,2,6,1.0,-0.0,0.0
R_000911,8,1,4,8,1.0,-0.0,0.0
R_000912,8,3,6,6,0.75,0.7356219397587946,0.6695919455357792
R_000913,5,2,7,4,0.8,0.5004024235381879,0.7219280948873623
R_000914,8,3,6,6,0.75,0.7356219397587946,0.6695919455357792
R_000915,8,1,2,8,1.0,-0.0,0.0
R_000916,6,1,2,6,1.0,-0.0,0.0
R_000917,6,3,6,4,0.6666666666666666,0.8675632284814612,0.7896900821428474
R_000918,8,1,0,8,1.0,-0.0,0.0
R_000919,5,3,2,2,0.4,1.0549201679861442,0.9602297178607612
R_000920,8,2,5,7,0.875,0.37677016125643675,0.5435644431995964
R_000921,8,1,4,8,1.0,-0.0,0.0
R_000922,5,1,1,5,1.0,-0.0,0.0
R_000923,8,1,3,8,1.0,-0.0,0.0
R_000924,6,1,1,6,1.0,-0.0,0.0
R_000925,6,1,3,6,1.0,-0.0,0.0
R_000926,7,3,6,5,0.7142857142857143,0.796311640173813,0.7248340915057598
R_000927,6,1,1,6,1.0,-0.0,0.0
R_000928,5,2,5,4,0.8,0.5004024235381879,0.7219280948873623
R_000929,6,1,6,6,1.0,-0.0,0.0
R_000930,7,3,6,5,0.7142857142857143,0.796311640173813,0.7248340915057598
R_000931,7,1,3,7,1.0,-0.0,0.0
R_000932,8,1,1,8,1.0,-0.0,0.0
R_000933,6,2,6,5,0.8333333333333334,0.45056120886630463,0.6500224216483541
R_000934,5,1,4,5,1.0,-0.0,0.0
R_000935,7,1,0,7,1.0,-0.0,0.0
R_000936,7,2,7,6,0.8571428571428571,0.410116318288409,0.5916727785823274
R_000937,5,1,0,5,1.0,-0.0,0.0
R_000938,8,2,6,7,0.875,0.37677016125643675,0.5435644431995964
R_000939,8,1,4,8,1.0,-0.0,0.0
R_000940,7,1,1,7,1.0,-0.0,0.0
R_000941,6,1,4,6,1.0,-0.0,0.0
R_000942,5,3,7,3,0.6,0.9502705392332347,0.8649735207179272
R_000943,7,1,3,7,1.0,-0.0,0.0
R_000944,5,1,2,5,1.0,-0.0,0.0
R_000945,5,1,1,5,1.0,-0.0,0.0
R_000946,7,1,0,7,1.0,-0.0,0.0
R_000947,7,1,1,7,1.0,-0.0,0.0
R_000948,6,2,6,5,0.8333333333333334,0.45056120886630463,0.6500224216483541
R_000949,7,4,7,3,0.42857142857142855,1.277034259466139,0.9211854965885543
R_000950,6,1,0,6,1.0,-0.0,0.0
R_000951,8,4,7,5,0.625,1.073542846408523,0.7743974703476992
R_000952,8,3,6,6,0.75,0.7356219397587946,0.6695919455357792
R_000953,7,1,2,7,1.0,-0.0,0.0
R_000954,8,1,1,8,1.0,-0.0,0.0
R_000955,7,1,4,7,1.0,-0.0,0.0
R_000956,7,1,3,7,1.0,-0.0,0.0
R_000957,8,4,7,4,0.5,1.2130075659799042,0.875
R_000958,7,1,3,7,1.0,-0.0,0.0
R_000959,6,1,0,6,1.0,-0.0,0.0
R_000960,5,1,3,5,1.0,-0.0,0.0
R_000961,5,1,5,5,1.0,-0.0,0.0
R_000962,7,1,0,7,1.0,-0.0,0.0
R_000963,5,1,4,5,1.0,-0.0,0.0
R_000964,6,2,7,5,0.8333333333333334,0.45056120886630463,0.6500224216483541
R_000965,6,1,5,6,1.0,-0.0,0.0
R_000966,8,1,3,8,1.0,-0.0,0.0
R_000967,7,1,1,7,1.0,-0.0,0.0
R_000968,6,1,3,6,1.0,-0.0,0.0
R_000969,6,1,3,6,1.0,-0.0,0.0
R_000970,8,1,4,8,1.0,-0.0,0.0
R_000971,8,1,3,8,1.0,-0.0,0.0
R_000972,8,2,6,7,0.875,0.37677016125643675,0.5435644431995964
R_000973,5,1,3,5,1.0,-0.0,0.0
R_000974,6,1,3,6,1.0,-0.0,0.0
R_000975,8,1,0,8,1.0,-0.0,0.0
R_000976,6,1,5,6,1.0,-0.0,0.0
R_000977,8,1,1,8,1.0,-0.0,0.0
R_000978,8,4,7,4,0.5,1.2130075659799042,0.875
R_000979,5,2,6,4,0.8,0.5004024235381879,0.7219280948873623
R_000980,5,1,3,5,1.0,-0.0,0.0
R_000981,5,2,6,4,0.8,0.5004024235381879,0.7219280948873623
R_000982,5,1,6,5,1.0,-0.0,0.0
R_000983,8,3,6,6,0.75,0.7356219397587946,0.6695919455357792
R_000984,7,1,3,7,1.0,-0.0,0.0
R_000985,5,4,7,2,0.4,1.3321790402101223,0.9609640474436812
R_000986,8,1,3,8,1.0,-0.0,0.0
R_000987,6,1,3,6,1.0,-0.0,0.0
R_000988,7,2,5,6,0.8571428571428571,0.410116318288409,0.5916727785823274
R_000989,5,1,5,5,1.0,-0.0,0.0
R_000990,8,3,7,5,0.625,0.9002560512685369,0.8194483718728035
R_000991,6,2,7,5,0.8333333333333334,0.45056120886630463,0.6500224216483541
R_000992,6,1,4,6,1.0,-0.0,0.0
R_000993,5,2,5,4,0.8,0.5004024235381879,0.7219280948873623
R_000994,7,1,0,7,1.0,-0.0,0.0
R_000995,8,1,1,8,1.0,-0.0,0.0
R_000996,5,1,6,5,1.0,-0.0,0.0
R_000997,6,3,7,4,0.6666666666666666,0.8675632284814612,0.7896900821428474
R_000998,7,1,0,7,1.0,-0.0,0.0
R_000999,5,3,6,3,0.6,0.9502705392332347,0.8649735207179272
R_001000,7,1,0,7,1.0,-0.0,0.0
R_001001,8,1,4,8,1.0,-0.0,0.0
R_001002,5,3,6,3,0.6,0.9502705392332347,0.8649735207179272
R_001003,6,1,1,6,1.0,-0.0,0.0
R_001004,5,1,6,5,1.0,-0.0,0.0
R_001005,5,1,1,5,1.0,-0.0,0.0
R_001006,8,3,6,6,0.75,0.7356219397587946,0.6695919455357792
R_001007,5,1,2,5,1.0,-0.0,0.0
R_001008,6,1,5,6,1.0,-0.0,0.0
R_001009,8,2,5,7,0.875,0.37677016125643675,0.5435644431995964
R_001010,7,3,7,5,0.7142857142857143,0.796311640173813,0.7248340915057598
R_001011,7,1,0,7,1.0,-0.0,0.0
R_001012,6,1,1,6,1.0,-0.0,0.0
R_001013,6,1,1,6,1.0,-0.0,0.0
R_001014,6,3,6,4,0.6666666666666666,0.8675632284814612,0.7896900821428474
R_001015,6,1,2,6,1.0,-0.0,0.0
R_001016,8,1,4,8,1.0,-0.0,0.0
R_001017,8,2,6,7,0.875,0.37677016125643675,0.5435644431995964
R_001018,5,1,4,5,1.0,-0.0,0.0
R_001019,7,1,2,7,1.0,-0.0,0.0
R_001020,7,1,2,7,1.0,-0.0,0.0
R_001021,8,1,1,8,1.0,-0.0,0.0
R_001022,8,4,7,4,0.5,1.2130075659799042,0.875
R_001023,7,1,5,7,1.0,-0.0,0.0
R_001024,7,1,2,7,1.0,-0.0,0.0
R_001025,8,1,5,8,1.0,-0.0,0.0
R_001026,7,1,3,7,1.0,-0.0,0.0
R_001027,7,1,3,7,1.0,-0.0,0.0
R_001028,7,1,5,7,1.0,-0.0,0.0
R_001029,6,2,7,4,0.6666666666666666,0.6365141682948128,0.9182958340544894
R_001030,7,1,2,7,1.0,-0.0,0.0
R_001031,5,2,7,3,0.6,0.6730116670092565,0.9709505944546688
R_001032,7,4,7,3,0.42857142857142855,1.277034259466139,0.9211854965885543
R_001033,5,2,5,4,0.8,0.5004024235381879,0.7219280948873623
R_001034,7,1,4,7,1.0,-0.0,0.0
R_001035,5,1,6,5,1.0,-0.0,0.0
R_001036,6,1,3,6,1.0,-0.0,0.0
R_001037,7,1,2,7,1.0,-0.0,0.0
R_001038,8,1,4,8,1.0,-0.0,0.0
R_001039,8,3,6,6,0.75,0.7356219397587946,0.6695919455357792
R_001040,6,1,4,6,1.0,-0.0,0.0
R_001041,6,1,2,6,1.0,-0.0,0.0
R_001042,6,3,7,3,0.5,1.0114042647073518,0.920619835714305
R_001043,7,1,3,7,1.0,-0.0,0.0
R_001044,6,1,2,6,1.0,-0.0,0.0
R_001045,8,1,3,8,1.0,-0.0,0.0
R_001046,7,1,0,7,1.0,-0.0,0.0
R_001047,7,2,6,6,0.8571428571428571,0.410116318288409,0.5916727785823274
R_001048,7,1,2,7,1.0,-0.0,0.0
R_001049,5,1,1,5,1.0,-0.0,0.0
R_001050,8,3,6,6,0.75,0.7356219397587946,0.6695919455357792
R_001051,8,1,1,8,1.0,-0.0,0.0
R_001052,6,1,4,6,1.0,-0.0,0.0
R_001053,6,1,2,6,1.0,-0.0,0.0
R_001054,6,2,5,5,0.8333333333333334,0.45056120886630463,0.6500224216483541
R_001055,5,1,5,5,1.0,-0.0,0.0
R_001056,8,1,0,8,1.0,-0.0,0.0
R_001057,8,1,0,8,1.0,-0.0,0.0
R_001058,7,2,5,6,0.8571428571428571,0.410116318288409,0.5916727785823274
R_001059,6,1,1,6,1.0,-0.0,0.0
R_001060,6,1,3,6,1.0,-0.0,0.0
R_001061,8,2,6,7,0.875,0.37677016125643675,0.5435644431995964
R_001062,6,1,2,6,1.0,-0.0,0.0
R_001063,6,3,6,4,0.6666666666666666,0.8675632284814612,0.7896900821428474
R_001064,7,1,0,7,1.0,-0.0,0.0
R_001065,8,1,3,8,1.0,-0.0,0.0
R_001066,7,1,0,7,1.0,-0.0,0.0
R_001067,8,3,6,6,0.75,0.7356219397587946,0.6695919455357792
R_001068,6,2,6,5,0.8333333333333334,0.45056120886630463,0.6500224216483541
R_001069,7,1,0,7,1.0,-0.0,0.0
R_001070,5,2,7,4,0.8,0.5004024235381879,0.7219280948873623
R_001071,7,1,4,7,1.0,-0.0,0.0
R_001072,5,1,2,5,1.0,-0.0,0.0
R_001073,5,1,5,5,1.0,-0.0,0.0
R_001074,5,2,7,3,0.6,0.6730116670092565,0.9709505944546688
R_001075,5,1,1,5,1.0,-0.0,0.0
R_001076,6,1,3,6,1.0,-0.0,0.0
R_001077,8,1,1,8,1.0,-0.0,0.0
R_001078,5,1,6,5,1.0,-0.0,0.0
R_001079,6,1,4,6,1.0,-0.0,0.0
R_001080,7,2,6,6,0.8571428571428571,0.410116318288409,0.5916727785823274
R_001081,7,3,7,5,0.7142857142857143,0.796311640173813,0.7248340915057598
R_001082,6,3,7,4,0.6666666666666666,0.8675632284814612,0.7896900821428474
R_001083,8,4,7,5,0.625,1.073542846408523,0.7743974703476992
R_001084,5,1,3,5,1.0,-0.0,0.0
R_001085,7,1,3,7,1.0,-0.0,0.0
R_001086,8,1,2,8,1.0,-0.0,0.0
R_001087,5,1,4,5,1.0,-0.0,0.0
R_001088,5,1,3,5,1.0,-0.0,0.0
R_001089,7,1,1,7,1.0,-0.0,0.0
R_001090,6,2,6,5,0.8333333333333334,0.45056120886630463,0.6500224216483541
R_001091,5,4,7,2,0.4,1.3321790402101223,0.9609640474436812
R_001092,8,1,2,8,1.0,-0.0,0.0
R_001093,8,1,1,8,1.0,-0.0,0.0
R_001094,6,1,4,6,1.0,-0.0,0.0
R_001095,8,2,6,7,0.875,0.37677016125643675,0.5435644431995964
R_001096,6,1,0,6,1.0,-0.0,0.0
R_001097,6,3,6,4,0.6666666666666666,0.8675632284814612,0.7896900821428474
R_001098,8,1,4,8,1.0,-0.0,0.0
R_001099,6,1,2,6,1.0,-0.0,0.0
R_001100,6,3,7,4,0.6666666666666666,0.8675632284814612,0.7896900821428474
R_001101,6,1,1,6,1.0,-0.0,0.0
R_001102,6,1,1,6,1.0,-0.0,0.0
R_001103,6,1,4,6,1.0,-0.0,0.0
R_001104,7,1,1,7,1.0,-0.0,0.0
R_001105,8,1,2,8,1.0,-0.0,0.0
R_001106,8,1,1,8,1.0,-0.0,0.0
R_001107,6,1,2,6,1.0,-0.0,0.0
R_001108,8,1,1,8,1.0,-0.0,0.0
R_001109,5,1,3,5,1.0,-0.0,0.0
R_001110,7,2,5,6,0.8571428571428571,0.410116318288409,0.5916727785823274
R_001111,6,1,1,6,1.0,-0.0,0.0
R_001112,8,1,3,8,1.0,-0.0,0.0
R_001113,8,1,4,8,1.0,-0.0,0.0
R_001114,7,3,7,4,0.5714285714285714,0.9556998911125343,0.8699155297736259
R_001115,7,1,1,7,1.0,-0.0,0.0
R_001116,8,1,3,8,1.0,-0.0,0.0
R_001117,7,3,7,4,0.5714285714285714,0.9556998911125343,0.8699155297736259
R_001118,6,1,4,6,1.0,-0.0,0.0
R_001119,7,1,3,7,1.0,-0.0,0.0
R_001120,8,1,3,8,1.0,-0.0,0.0
R_001121,7,3,6,5,0.7142857142857143,0.796311640173813,0.7248340915057598
R_001122,5,1,1,5,1.0,-0.0,0.0
R_001123,8,1,0,8,1.0,-0.0,0.0
R_001124,7,1,0,7,1.0,-0.0,0.0
R_001125,6,1,0,6,1.0,-0.0,0.0
R_001126,5,1,2,5,1.0,-0.0,0.0
R_001127,8,1,0,8,1.0,-0.0,0.0
R_001128,7,3,7,4,0.5714285714285714,0.9556998911125343,0.8699155297736259
R_001129,5,1,5,5,1.0,-0.0,0.0
R_001130,6,1,0,6,1.0,-0.0,0.0
R_001131,8,1,4,8,1.0,-0.0,0.0
R_001132,8,1,1,8,1.0,-0.0,0.0
R_001133,8,3,6,6,0.75,0.7356219397587946,0.6695919455357792
R_001134,8,2,5,7,0.875,0.37677016125643675,0.5435644431995964
R_001135,8,2,6,7,0.875,0.37677016125643675,0.5435644431995964
R_001136,6,2,6,5,0.8333333333333334,0.45056120886630463,0.6500224216483541
R_001137,5,1,3,5,1.0,-0.0,0.0
R_001138,6,1,2,6,1.0,-0.0,0.0
R_001139,8,1,4,8,1.0,-0.0,0.0
R_001140,7,2,5,6,0.8571428571428571,0.410116318288409,0.5916727785823274
R_001141,5,3,7,3,0.6,0.9502705392332347,0.8649735207179272
R_001142,6,1,0,6,1.0,-0.0,0.0
R_001143,8,4,7,5,0.625,1.073542846408523,0.7743974703476992
R_001144,8,1,0,8,1.0,-0.0,0.0
R_001145,7,4,7,4,0.5714285714285714,1.1537419427010902,0.8322488896002307
R_001146,7,4,7,4,0.5714285714285714,1.1537419427010902,0.8322488896002307
R_001147,8,1,2,8,1.0,-0.0,0.0
R_001148,8,3,7,6,0.75,0.7356219397587946,0.6695919455357792
R_001149,5,1,5,5,1.0,-0.0,0.0
R_001150,5,1,3,5,1.0,-0.0,0.0
R_001151,8,1,5,8,1.0,-0.0,0.0
R_001152,6,1,2,6,1.0,-0.0,0.0
R_001153,8,1,4,8,1.0,-0.0,0.0
R_001154,6,2,5,5,0.8333333333333334,0.45056120886630463,0.6500224216483541
R_001155,8,1,4,8,1.0,-0.0,0.0
R_001156,6,1,1,6,1.0,-0.0,0.0
R_001157,8,3,7,5,0.625,0.9002560512685369,0.8194483718728035
R_001158,7,3,7,4,0.5714285714285714,0.9556998911125343,0.8699155297736259
R_001159,7,1,0,7,1.0,-0.0,0.0
R_001160,6,1,2,6,1.0,-0.0,0.0
R_001161,8,4,7,4,0.5,1.2130075659799042,0.875
R_001162,8,1,4,8,1.0,-0.0,0.0
R_001163,6,1,0,6,1.0,-0.0,0.0
R_001164,6,1,4,6,1.0,-0.0,0.0
R_001165,8,1,1,8,1.0,-0.0,0.0
R_001166,7,1,3,7,1.0,-0.0,0.0
R_001167,7,1,1,7,1.0,-0.0,0.0
R_001168,7,1,2,7,1.0,-0.0,0.0
R_001169,7,4,7,3,0.42857142857142855,1.277034259466139,0.9211854965885543
R_001170,5,1,0,5,1.0,-0.0,0.0
R_001171,5,2,6,4,0.8,0.5004024235381879,0.7219280948873623
R_001172,7,3,6,5,0.7142857142857143,0.796311640173813,0.7248340915057598
R_001173,5,1,1,5,1.0,-0.0,0.0
R_001174,6,3,6,4,0.6666666666666666,0.8675632284814612,0.7896900821428474
R_001175,6,1,3,6,1.0,-0.0,0.0
R_001176,7,1,0,7,1.0,-0.0,0.0
R_001177,6,1,0,6,1.0,-0.0,0.0
R_001178,8,1,1,8,1.0,-0.0,0.0
R_001179,5,1,3,5,1.0,-0.0,0.0
R_001180,5,2,7,4,0.8,0.5004024235381879,0.7219280948873623
R_001181,6,3,6,4,0.6666666666666666,0.8675632284814612,0.7896900821428474
R_001182,7,1,4,7,1.0,-0.0,0.0
R_001183,8,1,3,8,1.0,-0.0,0.0
R_001184,8,1,2,8,1.0,-0.0,0.0
R_001185,7,1,4,7,1.0,-0.0,0.0
R_001186,7,1,4,7,1.0,-0.0,0.0
R_001187,6,1,0,6,1.0,-0.0,0.0
R_001188,6,1,2,6,1.0,-0.0,0.0
R_001189,7,1,4,7,1.0,-0.0,0.0
R_001190,6,2,5,5,0.8333333333333334,0.45056120886630463,0.6500224216483541
R_001191,8,1,2,8,1.0,-0.0,0.0
R_001192,5,1,3,5,1.0,-0.0,0.0
R_001193,5,1,1,5,1.0,-0.0,0.0
R_001194,7,2,6,6,0.8571428571428571,0.410116318288409,0.5916727785823274
R_001195,6,2,6,5,0.8333333333333334,0.45056120886630463,0.6500224216483541
R_001196,7,1,2,7,1.0,-0.0,0.0
R_001197,8,1,4,8,1.0,-0.0,0.0
R_001198,6,1,0,6,1.0,-0.0,0.0
R_001199,5,1,3,5,1.0,-0.0,0.0
R_001200,8,1,4,8,1.0,-0.0,0.0
R_001201,6,1,6,6,1.0,-0.0,0.0
R_001202,6,1,6,6,1.0,-0.0,0.0
R_001203,6,1,3,6,1.0,-0.0,0.0
R_001204,6,3,6,4,0.6666666666666666,0.8675632284814612,0.7896900821428474
R_001205,5,1,2,5,1.0,-0.0,0.0
R_001206,7,1,4,7,1.0,-0.0,0.0
R_001207,8,1,0,8,1.0,-0.0,0.0
R_001208,6,1,1,6,1.0,-0.0,0.0
R_001209,5,4,7,2,0.4,1.3321790402101223,0.9609640474436812
R_001210,7,1,1,7,1.0,-0.0,0.0
R_001211,8,1,1,8,1.0,-0.0,0.0
R_001212,6,1,3,6,1.0,-0.0,0.0
R_001213,6,1,2,6,1.0,-0.0,0.0
R_001214,6,1,1,6,1.0,-0.0,0.0
R_001215,5,3,6,3,0.6,0.9502705392332347,0.8649735207179272
R_001216,7,3,7,4,0.5714285714285714,0.9556998911125343,0.8699155297736259
R_001217,7,1,0,7,1.0,-0.0,0.0
R_001218,6,1,1,6,1.0,-0.0,0.0
R_001219,6,1,4,6,1.0,-0.0,0.0
R_001220,5,1,5,5,1.0,-0.0,0.0
R_001221,6,2,5,5,0.8333333333333334,0.45056120886630463,0.6500224216483541
R_001222,5,3,7,3,0.6,0.9502705392332347,0.8649735207179272
R_001223,8,1,4,8,1.0,-0.0,0.0
R_001224,6,1,1,6,1.0,-0.0,0.0
R_001225,5,1,3,5,1.0,-0.0,0.0
R_001226,5,1,4,5,1.0,-0.0,0.0
R_001227,6,4,7,3,0.5,1.242453324894,0.8962406251802889
R_001228,7,1,2,7,1.0,-0.0,0.0
R_001229,5,1,3,5,1.0,-0.0,0.0
R_001230,5,1,2,5,1.0,-0.0,0.0
R_001231,7,1,0,7,1.0,-0.0,0.0
R_001232,5,1,4,5,1.0,-0.0,0.0
R_001233,6,1,0,6,1.0,-0.0,0.0
R_001234,8,2,6,7,0.875,0.37677016125643675,0.5435644431995964
R_001235,6,2,6,5,0.8333333333333334,0.45056120886630463,0.6500224216483541
R_001236,6,3,6,4,0.6666666666666666,0.8675632284814612,0.7896900821428474
R_001237,8,1,1,8,1.0,-0.0,0.0
R_001238,5,1,1,5,1.0,-0.0,0.0
R_001239,7,1,2,7,1.0,-0.0,0.0
R_001240,6,1,2,6,1.0,-0.0,0.0
R_001241,5,2,5,4,0.8,0.5004024235381879,0.7219280948873623
R_001242,6,1,3,6,1.0,-0.0,0.0
R_001243,7,1,5,7,1.0,-0.0,0.0
R_001244,7,1,3,7,1.0,-0.0,0.0
R_001245,6,3,7,3,0.5,1.0114042647073518,0.920619835714305
R_001246,8,1,1,8,1.0,-0.0,0.0
R_001247,8,3,6,6,0.75,0.7356219397587946,0.6695919455357792
R_001248,6,3,7,3,0.5,1.0114042647073518,0.920619835714305
R_001249,5,3,7,3,0.6,0.9502705392332347,0.8649735207179272
R_001250,6,1,3,6,1.0,-0.0,0.0
R_001251,7,1,4,7,1.0,-0.0,0.0
R_001252,6,1,3,6,1.0,-0.0,0.0
R_001253,8,1,3,8,1.0,-0.0,0.0
R_001254,5,1,1,5,1.0,-0.0,0.0
R_001255,7,1,0,7,1.0,-0.0,0.0
R_001256,8,3,6,6,0.75,0.7356219397587946,0.6695919455357792
R_001257,6,1,1,6,1.0,-0.0,0.0
R_001258,5,1,0,5,1.0,-0.0,0.0
R_001259,7,1,1,7,1.0,-0.0,0.0
R_001260,6,1,0,6,1.0,-0.0,0.0
R_001261,6,2,6,5,0.8333333333333334,0.45056120886630463,0.6500224216483541
R_001262,5,1,3,5,1.0,-0.0,0.0
R_001263,6,2,6,5,0.8333333333333334,0.45056120886630463,0.6500224216483541
R_001264,6,1,1,6,1.0,-0.0,0.0
R_001265,8,2,5,7,0.875,0.37677016125643675,0.5435644431995964
R_001266,7,1,0,7,1.0,-0.0,0.0
R_001267,7,1,3,7,1.0,-0.0,0.0
R_001268,8,3,6,6,0.75,0.7356219397587946,0.6695919455357792
R_001269,7,1,1,7,1.0,-0.0,0.0
R_001270,8,2,5,7,0.875,0.37677016125643675,0.5435644431995964
R_001271,7,1,3,7,1.0,-0.0,0.0
R_001272,8,1,4,8,1.0,-0.0,0.0
R_001273,5,2,6,4,0.8,0.5004024235381879,0.7219280948873623
R_001274,6,1,4,6,1.0,-0.0,0.0
R_001275,5,1,5,5,1.0,-0.0,0.0
R_001276,8,1,1,8,1.0,-0.0,0.0
R_001277,8,1,0,8,1.0,-0.0,0.0
R_001278,7,2,6,6,0.8571428571428571,0.410116318288409,0.5916727785823274
R_001279,7,1,2,7,1.0,-0.0,0.0
R_001280,6,1,1,6,1.0,-0.0,0.0
R_001281,8,1,3,8,1.0,-0.0,0.0
R_001282,7,3,6,5,0.7142857142857143,0.796311640173813,0.7248340915057598
R_001283,7,1,3,7,1.0,-0.0,0.0
R_001284,6,3,7,4,0.6666666666666666,0.8675632284814612,0.7896900821428474
R_001285,5,1,0,5,1.0,-0.0,0.0
R_001286,6,2,5,5,0.8333333333333334,0.45056120886630463,0.6500224216483541
R_001287,7,2,7,5,0.7142857142857143,0.5982695885852573,0.8631205685666311
R_001288,8,1,3,8,1.0,-0.0,0.0
R_001289,5,3,7,3,0.6,0.9502705392332347,0.8649735207179272
R_001290,5,2,6,4,0.8,0.5004024235381879,0.7219280948873623
R_001291,8,2,6,7,0.875,0.37677016125643675,0.5435644431995964
R_001292,6,1,4,6,1.0,-0.0,0.0
R_001293,8,3,6,6,0.75,0.7356219397587946,0.6695919455357792
R_001294,6,1,3,6,1.0,-0.0,0.0
R_001295,6,3,6,4,0.6666666666666666,0.8675632284814612,0.7896900821428474
R_001296,6,1,6,6,1.0,-0.0,0.0
R_001297,6,1,4,6,1.0,-0.0,0.0
R_001298,8,1,2,8,1.0,-0.0,0.0
R_001299,7,2,5,6,0.8571428571428571,0.410116318288409,0.5916727785823274
R_001300,5,1,1,5,1.0,-0.0,0.0
R_001301,5,1,0,5,1.0,-0.0,0.0
R_001302,8,1,2,8,1.0,-0.0,0.0
R_001303,5,1,1,5,1.0,-0.0,0.0
R_001304,7,1,1,7,1.0,-0.0,0.0
R_001305,8,1,3,8,1.0,-0.0,0.0
R_001306,7,1,0,7,1.0,-0.0,0.0
R_001307,6,1,2,6,1.0,-0.0,0.0
R_001308,6,2,7,5,0.8333333333333334,0.45056120886630463,0.6500224216483541
R_001309,6,1,2,6,1.0,-0.0,0.0
R_001310,7,1,0,7,1.0,-0.0,0.0
R_001311,7,1,2,7,1.0,-0.0,0.0
R_001312,5,1,0,5,1.0,-0.0,0.0
R_001313,5,1,0,5,1.0,-0.0,0.0
R_001314,5,2,6,4,0.8,0.5004024235381879,0.7219280948873623
R_001315,8,3,7,6,0.75,0.7356219397587946,0.6695919455357792
R_001316,5,1,2,5,1.0,-0.0,0.0
R_001317,8,1,3,8,1.0,-0.0,0.0
R_001318,6,1,2,6,1.0,-0.0,0.0
R_001319,6,1,3,6,1.0,-0.0,0.0
R_001320,6,1,0,6,1.0,-0.0,0.0
R_001321,5,4,2,2,0.4,1.3321790402101223,0.9609640474436812
R_001322,7,1,4,7,1.0,-0.0,0.0
R_001323,6,4,7,3,0.5,1.242453324894,0.8962406251802889
R_001324,7,1,0,7,1.0,-0.0,0.0
R_001325,8,1,1,8,1.0,-0.0,0.0
R_001326,8,3,6,6,0.75,0.7356219397587946,0.6695919455357792
R_001327,6,1,0,6,1.0,-0.0,0.0
R_001328,6,1,5,6,1.0,-0.0,0.0
R_001329,5,1,0,5,1.0,-0.0,0.0
R_001330,7,1,0,7,1.0,-0.0,0.0
R_001331,6,1,3,6,1.0,-0.0,0.0
R_001332,8,1,4,8,1.0,-0.0,0.0
R_001333,8,2,5,7,0.875,0.37677016125643675,0.5435644431995964
R_001334,7,4,7,4,0.5714285714285714,1.1537419427010902,0.8322488896002307
R_001335,8,1,0,8,1.0,-0.0,0.0
R_001336,8,1,4,8,1.0,-0.0,0.0
R_001337,5,1,0,5,1.0,-0.0,0.0
R_001338,6,1,4,6,1.0,-0.0,0.0
R_001339,6,1,4,6,1.0,-0.0,0.0
R_001340,8,2,6,7,0.875,0.37677016125643675,0.5435644431995964
R_001341,6,2,5,5,0.8333333333333334,0.45056120886630463,0.6500224216483541
R_001342,8,1,0,8,1.0,-0.0,0.0
R_001343,6,1,3,6,1.0,-0.0,0.0
R_001344,5,1,0,5,1.0,-0.0,0.0
R_001345,5,2,7,3,0.6,0.6730116670092565,0.9709505944546688
R_001346,5,1,2,5,1.0,-0.0,0.0
R_001347,7,1,5,7,1.0,-0.0,0.0
R_001348,7,1,3,7,1.0,-0.0,0.0
R_001349,7,2,5,6,0.8571428571428571,0.410116318288409,0.5916727785823274
R_001350,5,1,0,5,1.0,-0.0,0.0
R_001351,8,1,3,8,1.0,-0.0,0.0
R_001352,6,1,3,6,1.0,-0.0,0.0
R_001353,6,1,3,6,1.0,-0.0,0.0
R_001354,6,2,5,5,0.8333333333333334,0.45056120886630463,0.6500224216483541
R_001355,5,1,2,5,1.0,-0.0,0.0
R_001356,7,4,7,4,0.5714285714285714,1.1537419427010902,0.8322488896002307
R_001357,8,1,2,8,1.0,-0.0,0.0
R_001358,8,2,5,7,0.875,0.37677016125643675,0.5435644431995964
R_001359,7,1,1,7,1.0,-0.0,0.0
R_001360,7,1,1,7,1.0,-0.0,0.0
R_001361,7,3,6,5,0.7142857142857143,0.796311640173813,0.7248340915057598
R_001362,5,2,5,4,0.8,0.5004024235381879,0.7219280948873623
R_001363,6,1,0,6,1.0,-0.0,0.0
R_001364,7,1,0,7,1.0,-0.0,0.0
R_001365,8,3,7,5,0.625,0.9002560512685369,0.8194483718728035
R_001366,6,1,3,6,1.0,-0.0,0.0
R_001367,8,1,1,8,1.0,-0.0,0.0
R_001368,7,1,2,7,1.0,-0.0,0.0
R_001369,6,2,6,5,0.8333333333333334,0.45056120886630463,0.6500224216483541
R_001370,6,3,6,4,0.6666666666666666,0.8675632284814612,0.7896900821428474
R_001371,5,1,4,5,1.0,-0.0,0.0
R_001372,5,2,5,4,0.8,0.5004024235381879,0.7219280948873623
R_001373,8,1,0,8,1.0,-0.0,0.0
R_001374,5,1,2,5,1.0,-0.0,0.0
R_001375,5,1,1,5,1.0,-0.0,0.0
R_001376,6,1,3,6,1.0,-0.0,0.0
R_001377,6,1,0,6,1.0,-0.0,0.0
R_001378,6,1,4,6,1.0,-0.0,0.0
R_001379,5,1,1,5,1.0,-0.0,0.0
R_001380,8,2,5,7,0.875,0.37677016125643675,0.5435644431995964
R_001381,6,1,0,6,1.0,-0.0,0.0
R_001382,8,1,3,8,1.0,-0.0,0.0
R_001383,8,1,2,8,1.0,-0.0,0.0
R_001384,6,2,6,5,0.8333333333333334,0.45056120886630463,0.6500224216483541
R_001385,5,1,3,5,1.0,-0.0,0.0
R_001386,8,1,5,8,1.0,-0.0,0.0
R_001387,5,1,1,5,1.0,-0.0,0.0
R_001388,6,3,7,4,0.6666666666666666,0.8675632284814612,0.7896900821428474
R_001389,6,1,1,6,1.0,-0.0,0.0
R_001390,7,1,2,7,1.0,-0.0,0.0
R_001391,5,1,5,5,1.0,-0.0,0.0
R_001392,7,4,7,4,0.5714285714285714,1.1537419427010902,0.8322488896002307
R_001393,6,1,3,6,1.0,-0.0,0.0
R_001394,6,1,3,6,1.0,-0.0,0.0
R_001395,7,1,4,7,1.0,-0.0,0.0
R_001396,7,3,7,4,0.5714285714285714,0.9556998911125343,0.8699155297736259
R_001397,6,1,1,6,1.0,-0.0,0.0
R_001398,6,1,3,6,1.0,-0.0,0.0
R_001399,7,1,2,7,1.0,-0.0,0.0
R_001400,5,1,0,5,1.0,-0.0,0.0
R_001401,5,1,5,5,1.0,-0.0,0.0
R_001402,6,1,0,6,1.0,-0.0,0.0
R_001403,8,2,6,7,0.875,0.37677016125643675,0.5435644431995964
R_001404,8,2,5,7,0.875,0.37677016125643675,0.5435644431995964
R_001405,6,1,1,6,1.0,-0.0,0.0
R_001406,7,1,4,7,1.0,-0.0,0.0
R_001407,7,1,2,7,1.0,-0.0,0.0
R_001408,7,1,0,7,1.0,-0.0,0.0
R_001409,8,1,4,8,1.0,-0.0,0.0
R_001410,5,1,0,5,1.0,-0.0,0.0
R_001411,8,1,2,8,1.0,-0.0,0.0
R_001412,6,2,7,5,0.8333333333333334,0.45056120886630463,0.6500224216483541
R_001413,5,1,2,5,1.0,-0.0,0.0
R_001414,8,4,7,4,0.5,1.2130075659799042,0.875
R_001415,7,1,5,7,1.0,-0.0,0.0
R_001416,7,3,6,5,0.7142857142857143,0.796311640173813,0.7248340915057598
R_001417,6,3,7,4,0.6666666666666666,0.8675632284814612,0.7896900821428474
R_001418,7,1,2,7,1.0,-0.0,0.0
R_001419,8,1,3,8,1.0,-0.0,0.0
R_001420,7,2,5,6,0.8571428571428571,0.410116318288409,0.5916727785823274
R_001421,5,1,1,5,1.0,-0.0,0.0
R_001422,7,3,7,5,0.7142857142857143,0.796311640173813,0.7248340915057598
R_001423,7,1,0,7,1.0,-0.0,0.0
R_001424,6,1,1,6,1.0,-0.0,0.0
R_001425,5,1,5,5,1.0,-0.0,0.0
R_001426,7,1,1,7,1.0,-0.0,0.0
R_001427,8,1,3,8,1.0,-0.0,0.0
R_001428,7,2,5,6,0.8571428571428571,0.410116318288409,0.5916727785823274
R_001429,5,1,4,5,1.0,-0.0,0.0
R_001430,6,1,4,6,1.0,-0.0,0.0
R_001431,6,1,4,6,1.0,-0.0,0.0
R_001432,6,3,6,4,0.6666666666666666,0.8675632284814612,0.7896900821428474
R_001433,8,4,7,4,0.5,1.2130075659799042,0.875
R_001434,7,1,1,7,1.0,-0.0,0.0
R_001435,6,1,2,6,1.0,-0.0,0.0
R_001436,6,1,4,6,1.0,-0.0,0.0
R_001437,5,1,4,5,1.0,-0.0,0.0
R_001438,7,1,4,7,1.0,-0.0,0.0
R_001439,6,1,1,6,1.0,-0.0,0.0
R_001440,6,1,4,6,1.0,-0.0,0.0
R_001441,5,1,1,5,1.0,-0.0,0.0
R_001442,6,1,1,6,1.0,-0.0,0.0
R_001443,5,2,5,4,0.8,0.5004024235381879,0.7219280948873623
R_001444,6,1,5,6,1.0,-0.0,0.0
R_001445,5,1,2,5,1.0,-0.0,0.0
R_001446,8,1,0,8,1.0,-0.0,0.0
R_001447,6,2,6,5,0.8333333333333334,0.45056120886630463,0.6500224216483541
R_001448,6,1,3,6,1.0,-0.0,0.0
R_001449,6,1,3,6,1.0,-0.0,0.0
R_001450,8,1,0,8,1.0,-0.0,0.0
R_001451,8,2,5,7,0.875,0.37677016125643675,0.5435644431995964
R_001452,5,1,4,5,1.0,-0.0,0.0
R_001453,5,1,4,5,1.0,-0.0,0.0
R_001454,6,1,3,6,1.0,-0.0,0.0
R_001455,7,1,5,7,1.0,-0.0,0.0
R_001456,6,2,6,5,0.8333333333333334,0.45056120886630463,0.6500224216483541
R_001457,7,1,2,7,1.0,-0.0,0.0
R_001458,5,1,0,5,1.0,-0.0,0.0
R_001459,6,2,6,5,0.8333333333333334,0.45056120886630463,0.6500224216483541
R_001460,7,1,3,7,1.0,-0.0,0.0
R_001461,8,1,2,8,1.0,-0.0,0.0
R_001462,7,2,5,6,0.8571428571428571,0.410116318288409,0.5916727785823274
R_001463,6,2,5,5,0.8333333333333334,0.45056120886630463,0.6500224216483541
R_001464,5,2,5,4,0.8,0.5004024235381879,0.7219280948873623
R_001465,6,1,2,6,1.0,-0.0,0.0
R_001466,5,2,6,4,0.8,0.5004024235381879,0.7219280948873623
R_001467,5,3,7,3,0.6,0.9502705392332347,0.8649735207179272
R_001468,6,4,7,3,0.5,1.242453324894,0.8962406251802889
R_001469,5,1,1,5,1.0,-0.0,0.0
R_001470,8,1,4,8,1.0,-0.0,0.0
R_001471,5,1,6,5,1.0,-0.0,0.0
R_001472,5,2,6,4,0.8,0.5004024235381879,0.7219280948873623
R_001473,7,3,6,5,0.7142857142857143,0.796311640173813,0.7248340915057598
R_001474,5,1,2,5,1.0,-0.0,0.0
R_001475,7,1,4,7,1.0,-0.0,0.0
R_001476,5,2,6,4,0.8,0.5004024235381879,0.7219280948873623
R_001477,7,2,7,5,0.7142857142857143,0.5982695885852573,0.8631205685666311
R_001478,8,4,7,4,0.5,1.2130075659799042,0.875
R_001479,5,1,3,5,1.0,-0.0,0.0
R_001480,6,1,0,6,1.0,-0.0,0.0
R_001481,6,3,6,4,0.6666666666666666,0.8675632284814612,0.7896900821428474
R_001482,7,3,7,4,0.5714285714285714,0.9556998911125343,0.8699155297736259
R_001483,6,1,1,6,1.0,-0.0,0.0
R_001484,6,3,6,4,0.6666666666666666,0.8675632284814612,0.7896900821428474
R_001485,5,1,2,5,1.0,-0.0,0.0
R_001486,8,1,3,8,1.0,-0.0,0.0
R_001487,5,1,1,5,1.0,-0.0,0.0
R_001488,7,1,3,7,1.0,-0.0,0.0
R_001489,5,1,0,5,1.0,-0.0,0.0
R_001490,8,1,4,8,1.0,-0.0,0.0
R_001491,8,2,5,7,0.875,0.37677016125643675,0.5435644431995964
R_001492,7,1,6,7,1.0,-0.0,0.0
R_001493,8,1,2,8,1.0,-0.0,0.0
R_001494,8,1,0,8,1.0,-0.0,0.0
R_001495,6,1,1,6,1.0,-0.0,0.0
R_001496,8,1,3,8,1.0,-0.0,0.0
R_001497,5,1,1,5,1.0,-0.0,0.0
R_001498,6,1,5,6,1.0,-0.0,0.0
R_001499,6,1,2,6,1.0,-0.0,0.0
R_001500,6,1,4,6,1.0,-0.0,0.0
R_001501,6,1,4,6,1.0,-0.0,0.0
R_001502,5,2,5,4,0.8,0.5004024235381879,0.7219280948873623
R_001503,5,1,3,5,1.0,-0.0,0.0
R_001504,6,1,0,6,1.0,-0.0,0.0
R_001505,5,2,6,4,0.8,0.5004024235381879,0.7219280948873623
R_001506,8,1,3,8,1.0,-0.0,0.0
R_001507,5,1,3,5,1.0,-0.0,0.0
R_001508,6,1,6,6,1.0,-0.0,0.0
R_001509,8,3,7,5,0.625,0.9002560512685369,0.8194483718728035
R_001510,7,1,3,7,1.0,-0.0,0.0
R_001511,7,1,1,7,1.0,-0.0,0.0
R_001512,8,1,0,8,1.0,-0.0,0.0
R_001513,6,4,7,3,0.5,1.242453324894,0.8962406251802889
R_001514,7,4,7,4,0.5714285714285714,1.1537419427010902,0.8322488896002307
R_001515,5,1,6,5,1.0,-0.0,0.0
R_001516,7,1,4,7,1.0,-0.0,0.0
R_001517,7,3,7,4,0.5714285714285714,0.9556998911125343,0.8699155297736259
R_001518,6,1,5,6,1.0,-0.0,0.0
R_001519,7,1,2,7,1.0,-0.0,0.0
R_001520,5,1,1,5,1.0,-0.0,0.0
R_001521,8,1,3,8,1.0,-0.0,0.0
R_001522,8,1,3,8,1.0,-0.0,0.0
R_001523,8,1,3,8,1.0,-0.0,0.0
R_001524,8,1,1,8,1.0,-0.0,0.0
R_001525,6,2,6,5,0.8333333333333334,0.45056120886630463,0.6500224216483541
R_001526,8,1,4,8,1.0,-0.0,0.0
R_001527,6,1,5,6,1.0,-0.0,0.0
R_001528,6,1,4,6,1.0,-0.0,0.0
R_001529,6,3,6,4,0.6666666666666666,0.8675632284814612,0.7896900821428474
R_001530,5,1,3,5,1.0,-0.0,0.0
R_001531,6,1,2,6,1.0,-0.0,0.0
R_001532,6,1,3,6,1.0,-0.0,0.0
R_001533,5,1,1,5,1.0,-0.0,0.0
R_001534,5,1,1,5,1.0,-0.0,0.0
R_001535,5,1,0,5,1.0,-0.0,0.0
R_001536,8,1,0,8,1.0,-0.0,0.0
R_001537,7,1,0,7,1.0,-0.0,0.0
R_001538,5,2,6,4,0.8,0.5004024235381879,0.7219280948873623
R_001539,7,1,5,7,1.0,-0.0,0.0
R_001540,8,4,7,5,0.625,1.073542846408523,0.7743974703476992
R_001541,5,1,6,5,1.0,-0.0,0.0
R_001542,7,1,2,7,1.0,-0.0,0.0
R_001543,5,1,4,5,1.0,-0.0,0.0
R_001544,6,2,7,5,0.8333333333333334,0.45056120886630463,0.6500224216483541
R_001545,6,3,6,4,0.6666666666666666,0.8675632284814612,0.7896900821428474
R_001546,8,4,7,4,0.5,1.2130075659799042,0.875
R_001547,6,1,1,6,1.0,-0.0,0.0
R_001548,6,3,7,4,0.6666666666666666,0.8675632284814612,0.7896900821428474
R_001549,7,2,5,6,0.8571428571428571,0.410116318288409,0.5916727785823274
R_001550,8,1,2,8,1.0,-0.0,0.0
R_001551,5,1,3,5,1.0,-0.0,0.0
R_001552,5,1,4,5,1.0,-0.0,0.0
R_001553,7,1,4,7,1.0,-0.0,0.0
R_001554,6,1,2,6,1.0,-0.0,0.0
R_001555,5,1,5,5,1.0,-0.0,0.0
R_001556,7,2,5,6,0.8571428571428571,0.410116318288409,0.5916727785823274
R_001557,6,2,6,5,0.8333333333333334,0.45056120886630463,0.6500224216483541
R_001558,8,4,7,5,0.625,1.073542846408523,0.7743974703476992
R_001559,5,3,7,3,0.6,0.9502705392332347,0.8649735207179272
R_001560,8,4,7,5,0.625,1.073542846408523,0.7743974703476992
R_001561,8,1,3,8,1.0,-0.0,0.0
R_001562,5,1,4,5,1.0,-0.0,0.0
R_001563,6,1,0,6,1.0,-0.0,0.0
R_001564,5,1,6,5,1.0,-0.0,0.0
R_001565,6,2,7,5,0.8333333333333334,0.45056120886630463,0.6500224216483541
R_001566,7,1,2,7,1.0,-0.0,0.0
R_001567,7,1,0,7,1.0,-0.0,0.0
R_001568,7,1,0,7,1.0,-0.0,0.0
R_001569,7,1,4,7,1.0,-0.0,0.0
R_001570,8,3,7,6,0.75,0.7356219397587946,0.6695919455357792
R_001571,5,1,4,5,1.0,-0.0,0.0
R_001572,8,1,1,8,1.0,-0.0,0.0
R_001573,8,1,3,8,1.0,-0.0,0.0
R_001574,6,2,5,5,0.8333333333333334,0.45056120886630463,0.6500224216483541
R_001575,7,2,6,6,0.8571428571428571,0.410116318288409,0.5916727785823274
R_001576,8,1,3,8,1.0,-0.0,0.0
R_001577,6,1,3,6,1.0,-0.0,0.0
R_001578,7,2,5,6,0.8571428571428571,0.410116318288409,0.5916727785823274
R_001579,7,1,0,7,1.0,-0.0,0.0
R_001580,5,1,4,5,1.0,-0.0,0.0
R_001581,7,3,7,4,0.5714285714285714,0.9556998911125343,0.8699155297736259
R_001582,6,3,7,4,0.6666666666666666,0.8675632284814612,0.7896900821428474
R_001583,6,2,6,5,0.8333333333333334,0.45056120886630463,0.6500224216483541
R_001584,7,2,5,6,0.8571428571428571,0.410116318288409,0.5916727785823274
R_001585,5,1,2,5,1.0,-0.0,0.0
R_001586,6,2,5,5,0.8333333333333334,0.45056120886630463,0.6500224216483541
R_001587,6,1,3,6,1.0,-0.0,0.0
R_001588,6,3,6,4,0.6666666666666666,0.8675632284814612,0.7896900821428474
R_001589,7,1,5,7,1.0,-0.0,0.0
R_001590,7,2,5,6,0.8571428571428571,0.410116318288409,0.5916727785823274
R_001591,7,1,3,7,1.0,-0.0,0.0
R_001592,5,2,6,4,0.8,0.5004024235381879,0.7219280948873623
R_001593,8,1,3,8,1.0,-0.0,0.0
R_001594,8,4,7,4,0.5,1.2130075659799042,0.875
R_001595,7,1,4,7,1.0,-0.0,0.0
R_001596,6,1,0,6,1.0,-0.0,0.0
R_001597,5,2,5,4,0.8,0.5004024235381879,0.7219280948873623
R_001598,8,1,3,8,1.0,-0.0,0.0
R_001599,8,3,6,6,0.75,0.7356219397587946,0.6695919455357792
R_001600,5,1,0,5,1.0,-0.0,0.0
R_001601,7,1,0,7,1.0,-0.0,0.0
R_001602,5,1,3,5,1.0,-0.0,0.0
R_001603,8,2,5,7,0.875,0.37677016125643675,0.5435644431995964
R_001604,6,1,0,6,1.0,-0.0,0.0
R_001605,6,2,6,5,0.8333333333333334,0.45056120886630463,0.6500224216483541
R_001606,8,3,7,5,0.625,0.9002560512685369,0.8194483718728035
R_001607,7,3,7,4,0.5714285714285714,0.9556998911125343,0.8699155297736259
R_001608,5,1,0,5,1.0,-0.0,0.0
R_001609,6,1,2,6,1.0,-0.0,0.0
R_001610,6,4,2,2,0.3333333333333333,1.3296613488547582,0.9591479170272448
R_001611,5,1,1,5,1.0,-0.0,0.0
R_001612,6,1,4,6,1.0,-0.0,0.0
R_001613,7,2,6,6,0.8571428571428571,0.410116318288409,0.5916727785823274
R_001614,8,1,1,8,1.0,-0.0,0.0
R_001615,8,2,5,7,0.875,0.37677016125643675,0.5435644431995964
R_001616,7,1,4,7,1.0,-0.0,0.0
R_001617,7,3,7,4,0.5714285714285714,0.9556998911125343,0.8699155297736259
R_001618,6,1,3,6,1.0,-0.0,0.0
R_001619,6,1,1,6,1.0,-0.0,0.0
R_001620,8,1,0,8,1.0,-0.0,0.0
R_001621,5,1,2,5,1.0,-0.0,0.0
R_001622,6,1,3,6,1.0,-0.0,0.0
R_001623,5,1,4,5,1.0,-0.0,0.0
R_001624,7,3,7,5,0.7142857142857143,0.796311640173813,0.7248340915057598
R_001625,7,2,5,6,0.8571428571428571,0.410116318288409,0.5916727785823274
R_001626,6,1,0,6,1.0,-0.0,0.0
R_001627,7,1,4,7,1.0,-0.0,0.0
R_001628,6,1,0,6,1.0,-0.0,0.0
R_001629,7,1,2,7,1.0,-0.0,0.0
R_001630,5,1,0,5,1.0,-0.0,0.0
R_001631,5,1,5,5,1.0,-0.0,0.0
R_001632,6,1,4,6,1.0,-0.0,0.0
R_001633,8,1,0,8,1.0,-0.0,0.0
R_001634,8,3,6,6,0.75,0.7356219397587946,0.6695919455357792
R_001635,8,1,0,8,1.0,-0.0,0.0
R_001636,8,1,4,8,1.0,-0.0,0.0
R_001637,5,1,1,5,1.0,-0.0,0.0
R_001638,6,1,4,6,1.0,-0.0,0.0
R_001639,7,2,5,6,0.8571428571428571,0.410116318288409,0.5916727785823274
R_001640,5,1,4,5,1.0,-0.0,0.0
R_001641,5,1,3,5,1.0,-0.0,0.0
R_001642,7,1,4,7,1.0,-0.0,0.0
R_001643,7,1,3,7,1.0,-0.0,0.0
R_001644,6,1,1,6,1.0,-0.0,0.0
R_001645,6,3,7,3,0.5,1.0114042647073518,0.920619835714305
R_001646,8,1,1,8,1.0,-0.0,0.0
R_001647,6,2,7,5,0.8333333333333334,0.45056120886630463,0.6500224216483541
R_001648,6,1,0,6,1.0,-0.0,0.0
R_001649,7,3,7,5,0.7142857142857143,0.796311640173813,0.7248340915057598
R_001650,5,2,5,4,0.8,0.5004024235381879,0.7219280948873623
R_001651,7,1,3,7,1.0,-0.0,0.0
R_001652,6,1,5,6,1.0,-0.0,0.0
R_001653,7,1,0,7,1.0,-0.0,0.0
R_001654,6,1,4,6,1.0,-0.0,0.0
R_001655,5,1,5,5,1.0,-0.0,0.0
R_001656,7,1,3,7,1.0,-0.0,0.0
R_001657,6,1,2,6,1.0,-0.0,0.0
R_001658,7,3,7,5,0.7142857142857143,0.796311640173813,0.7248340915057598
R_001659,8,1,4,8,1.0,-0.0,0.0
R_001660,5,2,6,4,0.8,0.5004024235381879,0.7219280948873623
R_001661,7,1,0,7,1.0,-0.0,0.0
R_001662,6,1,1,6,1.0,-0.0,0.0
R_001663,8,4,7,4,0.5,1.2130075659799042,0.875
R_001664,8,1,3,8,1.0,-0.0,0.0
R_001665,8,1,4,8,1.0,-0.0,0.0
R_001666,6,1,5,6,1.0,-0.0,0.0
R_001667,7,1,5,7,1.0,-0.0,0.0
R_001668,5,1,1,5,1.0,-0.0,0.0
R_001669,6,3,6,4,0.6666666666666666,0.8675632284814612,0.7896900821428474
R_001670,6,2,5,5,0.8333333333333334,0.45056120886630463,0.6500224216483541
R_001671,5,2,6,4,0.8,0.5004024235381879,0.7219280948873623
R_001672,5,2,7,3,0.6,0.6730116670092565,0.9709505944546688
R_001673,6,1,2,6,1.0,-0.0,0.0
R_001674,5,1,2,5,1.0,-0.0,0.0
R_001675,7,1,3,7,1.0,-0.0,0.0
R_001676,6,1,1,6,1.0,-0.0,0.0
R_001677,8,1,0,8,1.0,-0.0,0.0
R_001678,8,1,2,8,1.0,-0.0,0.0
R_001679,5,1,3,5,1.0,-0.0,0.0
R_001680,6,1,4,6,1.0,-0.0,0.0
R_001681,6,1,0,6,1.0,-0.0,0.0
R_001682,8,1,1,8,1.0,-0.0,0.0
R_001683,5,3,7,3,0.6,0.9502705392332347,0.8649735207179272
R_001684,5,1,5,5,1.0,-0.0,0.0
R_001685,6,2,7,5,0.8333333333333334,0.45056120886630463,0.6500224216483541
R_001686,5,1,2,5,1.0,-0.0,0.0
R_001687,7,2,5,6,0.8571428571428571,0.410116318288409,0.5916727785823274
R_001688,8,2,5,7,0.875,0.37677016125643675,0.5435644431995964
R_001689,5,2,7,4,0.8,0.5004024235381879,0.7219280948873623
R_001690,5,1,5,5,1.0,-0.0,0.0
R_001691,6,1,4,6,1.0,-0.0,0.0
R_001692,5,1,1,5,1.0,-0.0,0.0
R_001693,5,1,3,5,1.0,-0.0,0.0
R_001694,5,1,0,5,1.0,-0.0,0.0
R_001695,6,1,3,6,1.0,-0.0,0.0
R_001696,7,1,5,7,1.0,-0.0,0.0
R_001697,6,1,5,6,1.0,-0.0,0.0
R_001698,6,3,6,4,0.6666666666666666,0.8675632284814612,0.7896900821428474
R_001699,8,1,1,8,1.0,-0.0,0.0
R_001700,8,1,1,8,1.0,-0.0,0.0
R_001701,6,1,3,6,1.0,-0.0,0.0
R_001702,6,1,2,6,1.0,-0.0,0.0
R_001703,7,1,1,7,1.0,-0.0,0.0
R_001704,6,2,5,5,0.8333333333333334,0.45056120886630463,0.6500224216483541
R_001705,8,1,3,8,1.0,-0.0,0.0
R_001706,7,1,3,7,1.0,-0.0,0.0
R_001707,8,1,2,8,1.0,-0.0,0.0
R_001708,6,1,3,6,1.0,-0.0,0.0
R_001709,8,1,0,8,1.0,-0.0,0.0
R_001710,5,1,4,5,1.0,-0.0,0.0
R_001711,8,2,6,7,0.875,0.37677016125643675,0.5435644431995964
R_001712,8,4,7,5,0.625,1.073542846408523,0.7743974703476992
R_001713,5,3,7,3,0.6,0.9502705392332347,0.8649735207179272
R_001714,7,1,3,7,1.0,-0.0,0.0
R_001715,7,1,0,7,1.0,-0.0,0.0
R_001716,7,1,0,7,1.0,-0.0,0.0
R_001717,7,4,7,3,0.42857142857142855,1.277034259466139,0.9211854965885543
R_001718,8,1,4,8,1.0,-0.0,0.0
R_001719,7,1,4,7,1.0,-0.0,0.0
R_001720,8,1,1,8,1.0,-0.0,0.0
R_001721,6,1,1,6,1.0,-0.0,0.0
R_001722,7,2,6,6,0.8571428571428571,0.410116318288409,0.5916727785823274
R_001723,8,1,3,8,1.0,-0.0,0.0
R_001724,8,3,7,5,0.625,0.9002560512685369,0.8194483718728035
R_001725,7,1,3,7,1.0,-0.0,0.0
R_001726,6,1,4,6,1.0,-0.0,0.0
R_001727,5,1,0,5,1.0,-0.0,0.0
R_001728,6,1,4,6,1.0,-0.0,0.0
R_001729,6,1,1,6,1.0,-0.0,0.0
R_001730,6,1,1,6,1.0,-0.0,0.0
R_001731,5,1,0,5,1.0,-0.0,0.0
R_001732,6,1,2,6,1.0,-0.0,0.0
R_001733,7,1,3,7,1.0,-0.0,0.0
R_001734,8,1,1,8,1.0,-0.0,0.0
R_001735,6,1,0,6,1.0,-0.0,0.0
R_001736,5,1,0,5,1.0,-0.0,0.0
R_001737,8,1,2,8,1.0,-0.0,0.0
R_001738,8,1,0,8,1.0,-0.0,0.0
R_001739,7,1,0,7,1.0,-0.0,0.0
R_001740,7,1,4,7,1.0,-0.0,0.0
R_001741,5,1,3,5,1.0,-0.0,0.0
R_001742,6,1,5,6,1.0,-0.0,0.0
R_001743,8,1,2,8,1.0,-0.0,0.0
R_001744,5,1,3,5,1.0,-0.0,0.0
R_001745,5,1,0,5,1.0,-0.0,0.0
R_001746,6,1,3,6,1.0,-0.0,0.0
R_001747,6,1,1,6,1.0,-0.0,0.0
R_001748,5,1,1,5,1.0,-0.0,0.0
R_001749,8,2,5,7,0.875,0.37677016125643675,0.5435644431995964
R_001750,6,1,3,6,1.0,-0.0,0.0
R_001751,8,2,6,7,0.875,0.37677016125643675,0.5435644431995964
R_001752,5,1,4,5,1.0,-0.0,0.0
R_001753,5,1,1,5,1.0,-0.0,0.0
R_001754,7,1,3,7,1.0,-0.0,0.0
R_001755,5,3,7,3,0.6,0.9502705392332347,0.8649735207179272
R_001756,8,2,5,7,0.875,0.37677016125643675,0.5435644431995964
R_001757,8,1,3,8,1.0,-0.0,0.0
R_001758,5,2,7,3,0.6,0.6730116670092565,0.9709505944546688
R_001759,5,2,5,4,0.8,0.5004024235381879,0.7219280948873623
R_001760,8,1,2,8,1.0,-0.0,0.0
R_001761,8,2,5,7,0.875,0.37677016125643675,0.5435644431995964
R_001762,7,4,7,3,0.42857142857142855,1.277034259466139,0.9211854965885543
R_001763,6,1,0,6,1.0,-0.0,0.0
R_001764,5,1,0,5,1.0,-0.0,0.0
R_001765,7,1,2,7,1.0,-0.0,0.0
R_001766,6,1,3,6,1.0,-0.0,0.0
R_001767,8,2,6,7,0.875,0.37677016125643675,0.5435644431995964
R_001768,6,1,0,6,1.0,-0.0,0.0
R_001769,5,3,6,3,0.6,0.9502705392332347,0.8649735207179272
R_001770,8,4,7,5,0.625,1.073542846408523,0.7743974703476992
R_001771,6,2,5,5,0.8333333333333334,0.45056120886630463,0.6500224216483541
R_001772,8,1,5,8,1.0,-0.0,0.0
R_001773,8,3,6,6,0.75,0.7356219397587946,0.6695919455357792
R_001774,5,1,2,5,1.0,-0.0,0.0
R_001775,5,1,1,5,1.0,-0.0,0.0
R_001776,5,2,7,4,0.8,0.5004024235381879,0.7219280948873623
R_001777,6,1,2,6,1.0,-0.0,0.0
R_001778,7,1,2,7,1.0,-0.0,0.0
R_001779,5,2,6,4,0.8,0.5004024235381879,0.7219280948873623
R_001780,7,3,7,4,0.5714285714285714,0.9556998911125343,0.8699155297736259
R_001781,5,1,5,5,1.0,-0.0,0.0
R_001782,8,3,6,6,0.75,0.7356219397587946,0.6695919455357792
R_001783,5,1,0,5,1.0,-0.0,0.0
R_001784,6,1,0,6,1.0,-0.0,0.0
R_001785,7,2,5,6,0.8571428571428571,0.410116318288409,0.5916727785823274
R_001786,6,3,7,4,0.6666666666666666,0.8675632284814612,0.7896900821428474
R_001787,7,1,5,7,1.0,-0.0,0.0
R_001788,5,4,7,2,0.4,1.3321790402101223,0.9609640474436812
R_001789,8,2,5,7,0.875,0.37677016125643675,0.5435644431995964
R_001790,7,2,5,6,0.8571428571428571,0.410116318288409,0.5916727785823274
R_001791,6,1,2,6,1.0,-0.0,0.0
R_001792,6,3,6,4,0.6666666666666666,0.8675632284814612,0.7896900821428474
R_001793,5,1,0,5,1.0,-0.0,0.0
R_001794,6,3,6,4,0.6666666666666666,0.8675632284814612,0.7896900821428474
R_001795,5,4,7,2,0.4,1.3321790402101223,0.9609640474436812
R_001796,8,1,2,8,1.0,-0.0,0.0
R_001797,8,2,6,7,0.875,0.37677016125643675,0.5435644431995964
R_001798,5,1,3,5,1.0,-0.0,0.0
R_001799,6,4,7,3,0.5,1.242453324894,0.8962406251802889
R_001800,6,1,4,6,1.0,-0.0,0.0
R_001801,6,1,1,6,1.0,-0.0,0.0
R_001802,6,1,2,6,1.0,-0.0,0.0
R_001803,7,4,7,3,0.42857142857142855,1.277034259466139,0.9211854965885543
R_001804,5,1,4,5,1.0,-0.0,0.0
R_001805,8,1,1,8,1.0,-0.0,0.0
R_001806,7,1,3,7,1.0,-0.0,0.0
R_001807,8,1,4,8,1.0,-0.0,0.0
R_001808,8,3,7,5,0.625,0.9002560512685369,0.8194483718728035
R_001809,6,1,4,6,1.0,-0.0,0.0
R_001810,8,1,1,8,1.0,-0.0,0.0
R_001811,7,1,6,7,1.0,-0.0,0.0
R_001812,6,2,5,5,0.8333333333333334,0.45056120886630463,0.6500224216483541
R_001813,6,1,0,6,1.0,-0.0,0.0
R_001814,8,3,7,5,0.625,0.9002560512685369,0.8194483718728035
R_001815,7,2,5,6,0.8571428571428571,0.410116318288409,0.5916727785823274
R_001816,8,1,4,8,1.0,-0.0,0.0
R_001817,5,1,4,5,1.0,-0.0,0.0
R_001818,8,2,5,7,0.875,0.37677016125643675,0.5435644431995964
R_001819,5,1,1,5,1.0,-0.0,0.0
R_001820,8,1,3,8,1.0,-0.0,0.0
R_001821,5,1,2,5,1.0,-0.0,0.0
R_001822,5,1,3,5,1.0,-0.0,0.0
R_001823,6,1,0,6,1.0,-0.0,0.0
R_001824,5,1,6,5,1.0,-0.0,0.0
R_001825,6,1,6,6,1.0,-0.0,0.0
R_001826,8,1,3,8,1.0,-0.0,0.0
R_001827,8,3,6,6,0.75,0.7356219397587946,0.6695919455357792
R_001828,6,1,3,6,1.0,-0.0,0.0
R_001829,8,2,5,7,0.875,0.37677016125643675,0.5435644431995964
R_001830,7,4,7,4,0.5714285714285714,1.1537419427010902,0.8322488896002307
R_001831,7,1,3,7,1.0,-0.0,0.0
R_001832,5,1,4,5,1.0,-0.0,0.0
R_001833,5,2,7,3,0.6,0.6730116670092565,0.9709505944546688
R_001834,7,1,5,7,1.0,-0.0,0.0
R_001835,5,1,4,5,1.0,-0.0,0.0
R_001836,8,3,7,6,0.75,0.7356219397587946,0.6695919455357792
R_001837,6,3,7,4,0.6666666666666666,0.8675632284814612,0.7896900821428474
R_001838,6,1,0,6,1.0,-0.0,0.0
R_001839,5,1,3,5,1.0,-0.0,0.0
R_001840,7,1,2,7,1.0,-0.0,0.0
R_001841,8,1,5,8,1.0,-0.0,0.0
R_001842,8,1,2,8,1.0,-0.0,0.0
R_001843,6,1,4,6,1.0,-0.0,0.0
R_001844,6,1,6,6,1.0,-0.0,0.0
R_001845,8,2,5,7,0.875,0.37677016125643675,0.5435644431995964
R_001846,7,3,6,5,0.7142857142857143,0.796311640173813,0.7248340915057598
R_001847,8,4,7,4,0.5,1.2130075659799042,0.875
R_001848,6,1,2,6,1.0,-0.0,0.0
R_001849,7,1,2,7,1.0,-0.0,0.0
R_001850,5,1,4,5,1.0,-0.0,0.0
R_001851,5,1,3,5,1.0,-0.0,0.0
R_001852,5,1,0,5,1.0,-0.0,0.0
R_001853,5,2,5,4,0.8,0.5004024235381879,0.7219280948873623
R_001854,5,1,5,5,1.0,-0.0,0.0
R_001855,6,2,5,5,0.8333333333333334,0.45056120886630463,0.6500224216483541
R_001856,6,2,5,5,0.8333333333333334,0.45056120886630463,0.6500224216483541
R_001857,6,1,3,6,1.0,-0.0,0.0
R_001858,7,1,4,7,1.0,-0.0,0.0
R_001859,6,1,3,6,1.0,-0.0,0.0
R_001860,5,1,3,5,1.0,-0.0,0.0
R_001861,5,2,6,4,0.8,0.5004024235381879,0.7219280948873623
R_001862,7,2,6,6,0.8571428571428571,0.410116318288409,0.5916727785823274
R_001863,5,1,2,5,1.0,-0.0,0.0
R_001864,6,2,5,5,0.8333333333333334,0.45056120886630463,0.6500224216483541
R_001865,7,1,1,7,1.0,-0.0,0.0
R_001866,8,1,2,8,1.0,-0.0,0.0
R_001867,7,1,4,7,1.0,-0.0,0.0
R_001868,6,4,7,3,0.5,1.242453324894,0.8962406251802889
R_001869,8,1,2,8,1.0,-0.0,0.0
R_001870,7,2,5,6,0.8571428571428571,0.410116318288409,0.5916727785823274
R_001871,8,1,3,8,1.0,-0.0,0.0
R_001872,7,1,2,7,1.0,-0.0,0.0
R_001873,6,3,7,4,0.6666666666666666,0.8675632284814612,0.7896900821428474
R_001874,7,1,5,7,1.0,-0.0,0.0
R_001875,8,4,7,4,0.5,1.2130075659799042,0.875
R_001876,8,2,6,7,0.875,0.37677016125643675,0.5435644431995964
R_001877,7,2,5,6,0.8571428571428571,0.410116318288409,0.5916727785823274
R_001878,6,1,1,6,1.0,-0.0,0.0
R_001879,6,2,6,5,0.8333333333333334,0.45056120886630463,0.6500224216483541
R_001880,6,1,3,6,1.0,-0.0,0.0
R_001881,5,1,4,5,1.0,-0.0,0.0
R_001882,7,1,3,7,1.0,-0.0,0.0
R_001883,6,1,3,6,1.0,-0.0,0.0
R_001884,8,1,3,8,1.0,-0.0,0.0
R_001885,8,1,1,8,1.0,-0.0,0.0
R_001886,8,2,5,7,0.875,0.37677016125643675,0.5435644431995964
R_001887,7,4,7,4,0.5714285714285714,1.1537419427010902,0.8322488896002307
R_001888,6,3,6,4,0.6666666666666666,0.8675632284814612,0.7896900821428474
R_001889,7,2,6,6,0.8571428571428571,0.410116318288409,0.5916727785823274
R_001890,7,1,4,7,1.0,-0.0,0.0
R_001891,7,1,3,7,1.0,-0.0,0.0
R_001892,6,1,6,6,1.0,-0.0,0.0
R_001893,5,1,3,5,1.0,-0.0,0.0
R_001894,6,1,0,6,1.0,-0.0,0.0
R_001895,8,2,5,7,0.875,0.37677016125643675,0.5435644431995964
R_001896,5,1,4,5,1.0,-0.0,0.0
R_001897,5,1,1,5,1.0,-0.0,0.0
R_001898,8,2,5,7,0.875,0.37677016125643675,0.5435644431995964
R_001899,8,1,4,8,1.0,-0.0,0.0
R_001900,5,1,5,5,1.0,-0.0,0.0
R_001901,5,2,6,4,0.8,0.5004024235381879,0.7219280948873623
R_001902,5,2,5,4,0.8,0.5004024235381879,0.7219280948873623
R_001903,8,1,1,8,1.0,-0.0,0.0
R_001904,6,3,6,4,0.6666666666666666,0.8675632284814612,0.7896900821428474
R_001905,8,1,4,8,1.0,-0.0,0.0
R_001906,6,1,1,6,1.0,-0.0,0.0
R_001907,5,1,1,5,1.0,-0.0,0.0
R_001908,6,2,6,5,0.8333333333333334,0.45056120886630463,0.6500224216483541
R_001909,7,3,7,4,0.5714285714285714,0.9556998911125343,0.8699155297736259
R_001910,7,1,2,7,1.0,-0.0,0.0
R_001911,7,1,4,7,1.0,-0.0,0.0
R_001912,8,2,5,7,0.875,0.37677016125643675,0.5435644431995964
R_001913,7,3,6,5,0.7142857142857143,0.796311640173813,0.7248340915057598
R_001914,5,3,2,2,0.4,1.0549201679861442,0.9602297178607612
R_001915,8,4,7,5,0.625,1.073542846408523,0.7743974703476992
R_001916,5,3,6,3,0.6,0.9502705392332347,0.8649735207179272
R_001917,5,1,5,5,1.0,-0.0,0.0
R_001918,5,2,5,4,0.8,0.5004024235381879,0.7219280948873623
R_001919,5,1,2,5,1.0,-0.0,0.0
R_001920,5,1,2,5,1.0,-0.0,0.0
R_001921,6,2,5,5,0.8333333333333334,0.45056120886630463,0.6500224216483541
R_001922,5,1,5,5,1.0,-0.0,0.0
R_001923,7,1,4,7,1.0,-0.0,0.0
R_001924,8,1,2,8,1.0,-0.0,0.0
R_001925,6,1,4,6,1.0,-0.0,0.0
R_001926,7,1,1,7,1.0,-0.0,0.0
R_001927,5,2,6,4,0.8,0.5004024235381879,0.7219280948873623
R_001928,6,2,7,5,0.8333333333333334,0.45056120886630463,0.6500224216483541
R_001929,6,3,7,4,0.6666666666666666,0.8675632284814612,0.7896900821428474
R_001930,6,1,6,6,1.0,-0.0,0.0
R_001931,8,1,0,8,1.0,-0.0,0.0
R_001932,6,3,6,4,0.6666666666666666,0.8675632284814612,0.7896900821428474
R_001933,6,3,7,4,0.6666666666666666,0.8675632284814612,0.7896900821428474
R_001934,5,2,5,4,0.8,0.5004024235381879,0.7219280948873623
R_001935,6,3,7,4,0.6666666666666666,0.8675632284814612,0.7896900821428474
R_001936,5,4,7,2,0.4,1.3321790402101223,0.9609640474436812
R_001937,8,4,7,4,0.5,1.2130075659799042,0.875
R_001938,7,2,5,6,0.8571428571428571,0.410116318288409,0.5916727785823274
R_001939,6,1,0,6,1.0,-0.0,0.0
R_001940,5,1,2,5,1.0,-0.0,0.0
R_001941,5,1,2,5,1.0,-0.0,0.0
R_001942,6,2,5,5,0.8333333333333334,0.45056120886630463,0.6500224216483541
R_001943,7,1,1,7,1.0,-0.0,0.0
R_001944,7,1,1,7,1.0,-0.0,0.0
R_001945,8,1,4,8,1.0,-0.0,0.0
R_001946,5,1,2,5,1.0,-0.0,0.0
R_001947,6,4,7,3,0.5,1.242453324894,0.8962406251802889
R_001948,5,1,2,5,1.0,-0.0,0.0
R_001949,5,1,5,5,1.0,-0.0,0.0
R_001950,7,2,6,6,0.8571428571428571,0.410116318288409,0.5916727785823274
R_001951,7,2,5,6,0.8571428571428571,0.410116318288409,0.5916727785823274
R_001952,7,1,3,7,1.0,-0.0,0.0
R_001953,8,1,2,8,1.0,-0.0,0.0
R_001954,8,2,6,7,0.875,0.37677016125643675,0.5435644431995964
R_001955,8,1,1,8,1.0,-0.0,0.0
R_001956,5,1,0,5,1.0,-0.0,0.0
R_001957,8,1,2,8,1.0,-0.0,0.0
R_001958,6,3,6,4,0.6666666666666666,0.8675632284814612,0.7896900821428474
R_001959,7,1,2,7,1.0,-0.0,0.0
R_001960,6,2,6,5,0.8333333333333334,0.45056120886630463,0.6500224216483541
R_001961,8,1,3,8,1.0,-0.0,0.0
R_001962,6,1,0,6,1.0,-0.0,0.0
R_001963,5,2,5,4,0.8,0.5004024235381879,0.7219280948873623
R_001964,6,1,3,6,1.0,-0.0,0.0
R_001965,5,1,4,5,1.0,-0.0,0.0
R_001966,6,2,5,5,0.8333333333333334,0.45056120886630463,0.6500224216483541
R_001967,6,1,3,6,1.0,-0.0,0.0
R_001968,7,1,3,7,1.0,-0.0,0.0
R_001969,8,4,7,5,0.625,1.073542846408523,0.7743974703476992
R_001970,8,4,7,4,0.5,1.2130075659799042,0.875
R_001971,6,1,4,6,1.0,-0.0,0.0
R_001972,6,1,1,6,1.0,-0.0,0.0
R_001973,5,1,5,5,1.0,-0.0,0.0
R_001974,5,1,1,5,1.0,-0.0,0.0
R_001975,6,1,0,6,1.0,-0.0,0.0
R_001976,7,2,6,6,0.8571428571428571,0.410116318288409,0.5916727785823274
R_001977,5,4,7,2,0.4,1.3321790402101223,0.9609640474436812
R_001978,6,1,0,6,1.0,-0.0,0.0
R_001979,8,3,7,6,0.75,0.7356219397587946,0.6695919455357792
R_001980,8,2,5,7,0.875,0.37677016125643675,0.5435644431995964
R_001981,6,1,2,6,1.0,-0.0,0.0
R_001982,6,1,1,6,1.0,-0.0,0.0
R_001983,5,2,5,4,0.8,0.5004024235381879,0.7219280948873623
R_001984,7,1,4,7,1.0,-0.0,0.0
R_001985,8,1,0,8,1.0,-0.0,0.0
R_001986,7,1,2,7,1.0,-0.0,0.0
R_001987,8,1,0,8,1.0,-0.0,0.0
R_001988,8,1,1,8,1.0,-0.0,0.0
R_001989,7,2,5,6,0.8571428571428571,0.410116318288409,0.5916727785823274
R_001990,5,2,7,3,0.6,0.6730116670092565,0.9709505944546688
R_001991,7,1,5,7,1.0,-0.0,0.0
R_001992,6,3,7,4,0.6666666666666666,0.8675632284814612,0.7896900821428474
R_001993,7,2,6,6,0.8571428571428571,0.410116318288409,0.5916727785823274
R_001994,7,2,6,6,0.8571428571428571,0.410116318288409,0.5916727785823274
R_001995,6,1,0,6,1.0,-0.0,0.0
R_001996,8,3,7,5,0.625,0.9002560512685369,0.8194483718728035
R_001997,6,1,1,6,1.0,-0.0,0.0
R_001998,7,1,4,7,1.0,-0.0,0.0
R_001999,7,1,0,7,1.0,-0.0,0.0
R_002000,7,1,2,7,1.0,-0.0,0.0
R_002001,6,1,1,6,1.0,-0.0,0.0
R_002002,5,2,7,4,0.8,0.5004024235381879,0.7219280948873623
R_002003,5,1,4,5,1.0,-0.0,0.0
R_002004,6,2,7,5,0.8333333333333334,0.45056120886630463,0.6500224216483541
R_002005,7,4,7,4,0.5714285714285714,1.1537419427010902,0.8322488896002307
R_002006,7,1,2,7,1.0,-0.0,0.0
R_002007,7,1,1,7,1.0,-0.0,0.0
R_002008,5,2,6,4,0.8,0.5004024235381879,0.7219280948873623
R_002009,8,1,2,8,1.0,-0.0,0.0
R_002010,6,1,5,6,1.0,-0.0,0.0
R_002011,8,1,4,8,1.0,-0.0,0.0
R_002012,7,1,4,7,1.0,-0.0,0.0
R_002013,5,1,5,5,1.0,-0.0,0.0
R_002014,5,1,1,5,1.0,-0.0,0.0
R_002015,5,1,2,5,1.0,-0.0,0.0
R_002016,6,1,2,6,1.0,-0.0,0.0
R_002017,6,1,1,6,1.0,-0.0,0.0
R_002018,5,1,4,5,1.0,-0.0,0.0
R_002019,6,1,1,6,1.0,-0.0,0.0
R_002020,5,1,1,5,1.0,-0.0,0.0
R_002021,6,1,0,6,1.0,-0.0,0.0
R_002022,6,2,5,5,0.8333333333333334,0.45056120886630463,0.6500224216483541
R_002023,8,3,7,5,0.625,0.9002560512685369,0.8194483718728035
R_002024,8,1,3,8,1.0,-0.0,0.0
R_002025,5,1,0,5,1.0,-0.0,0.0
R_002026,5,2,7,3,0.6,0.6730116670092565,0.9709505944546688
R_002027,8,4,7,5,0.625,1.073542846408523,0.7743974703476992
R_002028,6,1,6,6,1.0,-0.0,0.0
R_002029,6,3,7,3,0.5,1.0114042647073518,0.920619835714305
R_002030,8,4,7,5,0.625,1.073542846408523,0.7743974703476992
R_002031,5,1,3,5,1.0,-0.0,0.0
R_002032,7,3,6,5,0.7142857142857143,0.796311640173813,0.7248340915057598
R_002033,6,1,3,6,1.0,-0.0,0.0
R_002034,6,3,7,4,0.6666666666666666,0.8675632284814612,0.7896900821428474
R_002035,6,2,5,5,0.8333333333333334,0.45056120886630463,0.6500224216483541
R_002036,7,2,6,6,0.8571428571428571,0.410116318288409,0.5916727785823274
R_002037,8,3,6,6,0.75,0.7356219397587946,0.6695919455357792
R_002038,7,2,5,6,0.8571428571428571,0.410116318288409,0.5916727785823274
R_002039,7,1,5,7,1.0,-0.0,0.0
R_002040,5,1,2,5,1.0,-0.0,0.0
R_002041,7,1,3,7,1.0,-0.0,0.0
R_002042,5,1,4,5,1.0,-0.0,0.0
R_002043,7,2,5,6,0.8571428571428571,0.410116318288409,0.5916727785823274
R_002044,5,1,3,5,1.0,-0.0,0.0
R_002045,8,1,0,8,1.0,-0.0,0.0
R_002046,6,1,3,6,1.0,-0.0,0.0
R_002047,6,1,1,6,1.0,-0.0,0.0
R_002048,5,1,0,5,1.0,-0.0,0.0
R_002049,8,4,7,5,0.625,1.073542846408523,0.7743974703476992
R_002050,7,1,4,7,1.0,-0.0,0.0
R_002051,5,1,0,5,1.0,-0.0,0.0
R_002052,7,1,2,7,1.0,-0.0,0.0
R_002053,5,1,3,5,1.0,-0.0,0.0
R_002054,6,1,3,6,1.0,-0.0,0.0
R_002055,7,1,1,7,1.0,-0.0,0.0
R_002056,7,1,1,7,1.0,-0.0,0.0
R_002057,7,1,0,7,1.0,-0.0,0.0
R_002058,8,1,2,8,1.0,-0.0,0.0
R_002059,5,4,7,2,0.4,1.3321790402101223,0.9609640474436812
R_002060,8,3,6,6,0.75,0.7356219397587946,0.6695919455357792
R_002061,5,1,0,5,1.0,-0.0,0.0
R_002062,5,1,0,5,1.0,-0.0,0.0
R_002063,8,1,4,8,1.0,-0.0,0.0
R_002064,8,3,7,5,0.625,0.9002560512685369,0.8194483718728035
R_002065,6,4,7,3,0.5,1.242453324894,0.8962406251802889
R_002066,6,1,2,6,1.0,-0.0,0.0
R_002067,6,2,6,5,0.8333333333333334,0.45056120886630463,0.6500224216483541
R_002068,5,1,0,5,1.0,-0.0,0.0
R_002069,6,1,4,6,1.0,-0.0,0.0
R_002070,8,3,6,6,0.75,0.7356219397587946,0.6695919455357792
R_002071,7,2,5,6,0.8571428571428571,0.410116318288409,0.5916727785823274
R_002072,8,4,7,4,0.5,1.2130075659799042,0.875
R_002073,6,2,6,5,0.8333333333333334,0.45056120886630463,0.6500224216483541
R_002074,7,2,5,6,0.8571428571428571,0.410116318288409,0.5916727785823274
R_002075,8,1,3,8,1.0,-0.0,0.0
R_002076,6,1,0,6,1.0,-0.0,0.0
R_002077,7,3,7,5,0.7142857142857143,0.796311640173813,0.7248340915057598
R_002078,5,1,1,5,1.0,-0.0,0.0
R_002079,8,1,0,8,1.0,-0.0,0.0
R_002080,5,1,5,5,1.0,-0.0,0.0
R_002081,6,4,7,3,0.5,1.242453324894,0.8962406251802889
R_002082,6,1,0,6,1.0,-0.0,0.0
R_002083,5,2,7,4,0.8,0.5004024235381879,0.7219280948873623
R_002084,5,1,4,5,1.0,-0.0,0.0
R_002085,8,1,1,8,1.0,-0.0,0.0
R_002086,7,1,2,7,1.0,-0.0,0.0
R_002087,7,1,3,7,1.0,-0.0,0.0
R_002088,5,2,7,4,0.8,0.5004024235381879,0.7219280948873623
R_002089,8,1,2,8,1.0,-0.0,0.0
R_002090,7,1,2,7,1.0,-0.0,0.0
R_002091,8,1,0,8,1.0,-0.0,0.0
R_002092,5,1,3,5,1.0,-0.0,0.0
R_002093,5,1,3,5,1.0,-0.0,0.0
R_002094,5,3,6,3,0.6,0.9502705392332347,0.8649735207179272
R_002095,7,1,1,7,1.0,-0.0,0.0
R_002096,7,1,3,7,1.0,-0.0,0.0
R_002097,5,1,1,5,1.0,-0.0,0.0
R_002098,7,4,7,4,0.5714285714285714,1.1537419427010902,0.8322488896002307
R_002099,7,1,1,7,1.0,-0.0,0.0
R_002100,7,1,3,7,1.0,-0.0,0.0
R_002101,7,1,1,7,1.0,-0.0,0.0
R_002102,7,1,3,7,1.0,-0.0,0.0
R_002103,7,1,0,7,1.0,-0.0,0.0
R_002104,8,1,4,8,1.0,-0.0,0.0
R_002105,5,1,0,5,1.0,-0.0,0.0
R_002106,8,1,4,8,1.0,-0.0,0.0
R_002107,8,3,7,5,0.625,0.9002560512685369,0.8194483718728035
R_002108,5,1,3,5,1.0,-0.0,0.0
R_002109,5,1,4,5,1.0,-0.0,0.0
R_002110,6,2,5,5,0.8333333333333334,0.45056120886630463,0.6500224216483541
R_002111,7,1,3,7,1.0,-0.0,0.0
R_002112,7,1,1,7,1.0,-0.0,0.0
R_002113,7,1,1,7,1.0,-0.0,0.0
R_002114,6,1,0,6,1.0,-0.0,0.0
R_002115,5,1,0,5,1.0,-0.0,0.0
R_002116,8,1,4,8,1.0,-0.0,0.0
R_002117,7,2,5,6,0.8571428571428571,0.410116318288409,0.5916727785823274
R_002118,5,2,5,4,0.8,0.5004024235381879,0.7219280948873623
R_002119,8,1,3,8,1.0,-0.0,0.0
R_002120,6,1,2,6,1.0,-0.0,0.0
R_002121,6,1,2,6,1.0,-0.0,0.0
R_002122,5,1,5,5,1.0,-0.0,0.0
R_002123,6,2,6,5,0.8333333333333334,0.45056120886630463,0.6500224216483541
R_002124,6,1,1,6,1.0,-0.0,0.0
R_002125,7,1,4,7,1.0,-0.0,0.0
R_002126,6,2,5,5,0.8333333333333334,0.45056120886630463,0.6500224216483541
R_002127,8,1,1,8,1.0,-0.0,0.0
R_002128,6,1,6,6,1.0,-0.0,0.0
R_002129,5,1,2,5,1.0,-0.0,0.0
R_002130,8,1,3,8,1.0,-0.0,0.0
R_002131,6,1,0,6,1.0,-0.0,0.0
R_002132,5,1,4,5,1.0,-0.0,0.0
R_002133,6,1,2,6,1.0,-0.0,0.0
R_002134,5,2,7,4,0.8,0.5004024235381879,0.7219280948873623
R_002135,5,2,7,4,0.8,0.5004024235381879,0.7219280948873623
R_002136,8,1,2,8,1.0,-0.0,0.0
R_002137,5,1,4,5,1.0,-0.0,0.0
R_002138,5,1,2,5,1.0,-0.0,0.0
R_002139,5,1,0,5,1.0,-0.0,0.0
R_002140,6,1,0,6,1.0,-0.0,0.0
R_002141,7,1,3,7,1.0,-0.0,0.0
R_002142,7,1,2,7,1.0,-0.0,0.0
R_002143,6,1,4,6,1.0,-0.0,0.0
R_002144,6,1,1,6,1.0,-0.0,0.0
R_002145,8,1,3,8,1.0,-0.0,0.0
R_002146,8,1,0,8,1.0,-0.0,0.0
R_002147,7,1,3,7,1.0,-0.0,0.0
R_002148,7,4,7,4,0.5714285714285714,1.1537419427010902,0.8322488896002307
R_002149,6,1,3,6,1.0,-0.0,0.0
R_002150,6,1,1,6,1.0,-0.0,0.0
R_002151,8,1,0,8,1.0,-0.0,0.0
R_002152,7,1,4,7,1.0,-0.0,0.0
R_002153,7,3,7,4,0.5714285714285714,0.9556998911125343,0.8699155297736259
R_002154,8,1,1,8,1.0,-0.0,0.0
R_002155,5,2,5,4,0.8,0.5004024235381879,0.7219280948873623
R_002156,8,1,4,8,1.0,-0.0,0.0
R_002157,5,2,7,4,0.8,0.5004024235381879,0.7219280948873623
R_002158,7,3,6,5,0.7142857142857143,0.796311640173813,0.7248340915057598
R_002159,8,4,7,4,0.5,1.2130075659799042,0.875
R_002160,6,4,7,3,0.5,1.242453324894,0.8962406251802889
R_002161,7,1,1,7,1.0,-0.0,0.0
R_002162,7,3,6,5,0.7142857142857143,0.796311640173813,0.7248340915057598
R_002163,7,1,1,7,1.0,-0.0,0.0
R_002164,5,1,3,5,1.0,-0.0,0.0
R_002165,6,1,4,6,1.0,-0.0,0.0
R_002166,8,1,4,8,1.0,-0.0,0.0
R_002167,6,1,3,6,1.0,-0.0,0.0
R_002168,7,4,7,3,0.42857142857142855,1.277034259466139,0.9211854965885543
R_002169,8,3,6,6,0.75,0.7356219397587946,0.6695919455357792
R_002170,6,2,6,5,0.8333333333333334,0.45056120886630463,0.6500224216483541
R_002171,8,3,6,6,0.75,0.7356219397587946,0.6695919455357792
R_002172,8,1,2,8,1.0,-0.0,0.0
R_002173,8,1,0,8,1.0,-0.0,0.0
R_002174,5,1,4,5,1.0,-0.0,0.0
R_002175,8,2,5,7,0.875,0.37677016125643675,0.5435644431995964
R_002176,8,1,0,8,1.0,-0.0,0.0
R_002177,8,1,4,8,1.0,-0.0,0.0
R_002178,5,1,5,5,1.0,-0.0,0.0
R_002179,7,1,4,7,1.0,-0.0,0.0
R_002180,7,1,0,7,1.0,-0.0,0.0
R_002181,8,1,0,8,1.0,-0.0,0.0
R_002182,5,1,2,5,1.0,-0.0,0.0
R_002183,5,1,2,5,1.0,-0.0,0.0
R_002184,7,1,0,7,1.0,-0.0,0.0
R_002185,6,1,4,6,1.0,-0.0,0.0
R_002186,5,1,0,5,1.0,-0.0,0.0
R_002187,6,1,0,6,1.0,-0.0,0.0
R_002188,7,2,5,6,0.8571428571428571,0.410116318288409,0.5916727785823274
R_002189,5,2,7,4,0.8,0.5004024235381879,0.7219280948873623
R_002190,5,1,1,5,1.0,-0.0,0.0
R_002191,7,3,7,5,0.7142857142857143,0.796311640173813,0.7248340915057598
R_002192,5,1,0,5,1.0,-0.0,0.0
R_002193,8,1,3,8,1.0,-0.0,0.0
R_002194,5,2,7,3,0.6,0.6730116670092565,0.9709505944546688
R_002195,7,1,5,7,1.0,-0.0,0.0
R_002196,6,3,7,4,0.6666666666666666,0.8675632284814612,0.7896900821428474
R_002197,5,1,2,5,1.0,-0.0,0.0
R_002198,7,2,5,6,0.8571428571428571,0.410116318288409,0.5916727785823274
R_002199,5,1,3,5,1.0,-0.0,0.0
R_002200,6,3,7,3,0.5,1.0114042647073518,0.920619835714305
R_002201,7,2,7,5,0.7142857142857143,0.5982695885852573,0.8631205685666311
R_002202,8,1,3,8,1.0,-0.0,0.0
R_002203,8,1,2,8,1.0,-0.0,0.0
R_002204,5,1,2,5,1.0,-0.0,0.0
R_002205,8,1,0,8,1.0,-0.0,0.0
R_002206,6,1,4,6,1.0,-0.0,0.0
R_002207,5,1,5,5,1.0,-0.0,0.0
R_002208,7,1,6,7,1.0,-0.0,0.0
R_002209,8,1,4,8,1.0,-0.0,0.0
R_002210,7,1,0,7,1.0,-0.0,0.0
R_002211,7,1,0,7,1.0,-0.0,0.0
R_002212,8,2,6,7,0.875,0.37677016125643675,0.5435644431995964
R_002213,8,2,6,7,0.875,0.37677016125643675,0.5435644431995964
R_002214,6,2,6,5,0.8333333333333334,0.45056120886630463,0.6500224216483541
R_002215,5,2,7,4,0.8,0.5004024235381879,0.7219280948873623
R_002216,6,1,5,6,1.0,-0.0,0.0
R_002217,6,1,2,6,1.0,-0.0,0.0
R_002218,8,1,1,8,1.0,-0.0,0.0
R_002219,8,1,2,8,1.0,-0.0,0.0
R_002220,6,1,1,6,1.0,-0.0,0.0
R_002221,8,1,3,8,1.0,-0.0,0.0
R_002222,7,1,0,7,1.0,-0.0,0.0
R_002223,5,1,1,5,1.0,-0.0,0.0
R_002224,5,1,0,5,1.0,-0.0,0.0
R_002225,6,1,0,6,1.0,-0.0,0.0
R_002226,5,1,3,5,1.0,-0.0,0.0
R_002227,5,2,6,4,0.8,0.5004024235381879,0.7219280948873623
R_002228,6,1,4,6,1.0,-0.0,0.0
R_002229,7,1,5,7,1.0,-0.0,0.0
R_002230,6,2,5,5,0.8333333333333334,0.45056120886630463,0.6500224216483541
R_002231,7,3,6,5,0.7142857142857143,0.796311640173813,0.7248340915057598
R_002232,8,1,0,8,1.0,-0.0,0.0
R_002233,8,2,6,7,0.875,0.37677016125643675,0.5435644431995964
R_002234,5,1,5,5,1.0,-0.0,0.0
R_002235,8,1,0,8,1.0,-0.0,0.0
R_002236,7,1,4,7,1.0,-0.0,0.0
R_002237,8,1,2,8,1.0,-0.0,0.0
R_002238,5,1,3,5,1.0,-0.0,0.0
R_002239,5,1,1,5,1.0,-0.0,0.0
R_002240,5,1,1,5,1.0,-0.0,0.0
R_002241,8,1,0,8,1.0,-0.0,0.0
R_002242,7,3,7,4,0.5714285714285714,0.9556998911125343,0.8699155297736259
R_002243,5,1,3,5,1.0,-0.0,0.0
R_002244,5,1,2,5,1.0,-0.0,0.0
R_002245,6,1,4,6,1.0,-0.0,0.0
R_002246,5,1,1,5,1.0,-0.0,0.0
R_002247,7,1,1,7,1.0,-0.0,0.0
R_002248,7,1,3,7,1.0,-0.0,0.0
R_002249,8,2,5,7,0.875,0.37677016125643675,0.5435644431995964
R_002250,6,3,6,4,0.6666666666666666,0.8675632284814612,0.7896900821428474
R_002251,8,1,3,8,1.0,-0.0,0.0
R_002252,8,1,3,8,1.0,-0.0,0.0
R_002253,8,1,0,8,1.0,-0.0,0.0
R_002254,7,1,3,7,1.0,-0.0,0.0
R_002255,5,1,0,5,1.0,-0.0,0.0
R_002256,6,1,1,6,1.0,-0.0,0.0
R_002257,6,1,4,6,1.0,-0.0,0.0
R_002258,5,1,0,5,1.0,-0.0,0.0
R_002259,7,4,7,3,0.42857142857142855,1.277034259466139,0.9211854965885543
R_002260,8,1,2,8,1.0,-0.0,0.0
R_002261,8,1,4,8,1.0,-0.0,0.0
R_002262,8,3,7,5,0.625,0.9002560512685369,0.8194483718728035
R_002263,8,3,6,6,0.75,0.7356219397587946,0.6695919455357792
R_002264,8,1,0,8,1.0,-0.0,0.0
R_002265,8,1,0,8,1.0,-0.0,0.0
R_002266,5,1,0,5,1.0,-0.0,0.0
R_002267,7,1,3,7,1.0,-0.0,0.0
R_002268,7,1,3,7,1.0,-0.0,0.0
R_002269,5,1,4,5,1.0,-0.0,0.0
R_002270,7,2,6,6,0.8571428571428571,0.410116318288409,0.5916727785823274
R_002271,5,1,6,5,1.0,-0.0,0.0
R_002272,7,1,4,7,1.0,-0.0,0.0
R_002273,8,1,4,8,1.0,-0.0,0.0
R_002274,8,4,7,5,0.625,1.073542846408523,0.7743974703476992
R_002275,8,1,3,8,1.0,-0.0,0.0
R_002276,5,1,0,5,1.0,-0.0,0.0
R_002277,7,2,5,6,0.8571428571428571,0.410116318288409,0.5916727785823274
R_002278,8,1,2,8,1.0,-0.0,0.0
R_002279,7,1,5,7,1.0,-0.0,0.0
R_002280,6,1,0,6,1.0,-0.0,0.0
R_002281,6,1,1,6,1.0,-0.0,0.0
R_002282,8,1,3,8,1.0,-0.0,0.0
R_002283,7,4,7,4,0.5714285714285714,1.1537419427010902,0.8322488896002307
R_002284,7,3,7,5,0.7142857142857143,0.796311640173813,0.7248340915057598
R_002285,6,1,1,6,1.0,-0.0,0.0
R_002286,5,1,4,5,1.0,-0.0,0.0
R_002287,8,1,3,8,1.0,-0.0,0.0
R_002288,7,1,4,7,1.0,-0.0,0.0
R_002289,6,1,1,6,1.0,-0.0,0.0
R_002290,6,3,6,4,0.6666666666666666,0.8675632284814612,0.7896900821428474
R_002291,5,1,3,5,1.0,-0.0,0.0
R_002292,8,1,0,8,1.0,-0.0,0.0
R_002293,8,1,4,8,1.0,-0.0,0.0
R_002294,7,1,2,7,1.0,-0.0,0.0
R_002295,8,4,7,4,0.5,1.2130075659799042,0.875
R_002296,8,4,7,5,0.625,1.073542846408523,0.7743974703476992
R_002297,5,1,1,5,1.0,-0.0,0.0
R_002298,6,1,3,6,1.0,-0.0,0.0
R_002299,6,4,7,3,0.5,1.242453324894,0.8962406251802889
R_002300,7,1,1,7,1.0,-0.0,0.0
R_002301,8,1,3,8,1.0,-0.0,0.0
R_002302,7,1,1,7,1.0,-0.0,0.0
R_002303,8,1,4,8,1.0,-0.0,0.0
R_002304,7,1,0,7,1.0,-0.0,0.0
R_002305,7,4,7,4,0.5714285714285714,1.1537419427010902,0.8322488896002307
R_002306,8,1,0,8,1.0,-0.0,0.0
R_002307,8,1,3,8,1.0,-0.0,0.0
R_002308,7,1,0,7,1.0,-0.0,0.0
R_002309,7,1,3,7,1.0,-0.0,0.0
R_002310,7,1,2,7,1.0,-0.0,0.0
R_002311,6,1,1,6,1.0,-0.0,0.0
R_002312,8,1,2,8,1.0,-0.0,0.0
R_002313,8,2,5,7,0.875,0.37677016125643675,0.5435644431995964
R_002314,6,1,2,6,1.0,-0.0,0.0
R_002315,8,1,2,8,1.0,-0.0,0.0
R_002316,6,3,7,4,0.6666666666666666,0.8675632284814612,0.7896900821428474
R_002317,8,2,5,7,0.875,0.37677016125643675,0.5435644431995964
R_002318,7,1,4,7,1.0,-0.0,0.0
R_002319,5,4,2,2,0.4,1.3321790402101223,0.9609640474436812
R_002320,5,1,4,5,1.0,-0.0,0.0
R_002321,5,1,3,5,1.0,-0.0,0.0
R_002322,5,1,0,5,1.0,-0.0,0.0
R_002323,5,2,5,4,0.8,0.5004024235381879,0.7219280948873623
R_002324,8,1,2,8,1.0,-0.0,0.0
R_002325,8,1,4,8,1.0,-0.0,0.0
R_002326,5,3,7,3,0.6,0.9502705392332347,0.8649735207179272
R_002327,5,1,1,5,1.0,-0.0,0.0
R_002328,8,1,1,8,1.0,-0.0,0.0
R_002329,7,2,5,6,0.8571428571428571,0.410116318288409,0.5916727785823274
R_002330,7,1,4,7,1.0,-0.0,0.0
R_002331,7,2,6,6,0.8571428571428571,0.410116318288409,0.5916727785823274
R_002332,5,2,5,4,0.8,0.5004024235381879,0.7219280948873623
R_002333,6,2,5,5,0.8333333333333334,0.45056120886630463,0.6500224216483541
R_002334,6,1,3,6,1.0,-0.0,0.0
R_002335,8,1,3,8,1.0,-0.0,0.0
R_002336,5,1,4,5,1.0,-0.0,0.0
R_002337,8,1,0,8,1.0,-0.0,0.0
R_002338,8,1,0,8,1.0,-0.0,0.0
R_002339,5,1,1,5,1.0,-0.0,0.0
R_002340,8,1,4,8,1.0,-0.0,0.0
R_002341,6,1,5,6,1.0,-0.0,0.0
R_002342,6,3,6,4,0.6666666666666666,0.8675632284814612,0.7896900821428474
R_002343,5,2,6,4,0.8,0.5004024235381879,0.7219280948873623
R_002344,5,2,6,4,0.8,0.5004024235381879,0.7219280948873623
R_002345,7,1,2,7,1.0,-0.0,0.0
R_002346,5,1,4,5,1.0,-0.0,0.0
R_002347,6,2,6,5,0.8333333333333334,0.45056120886630463,0.6500224216483541
R_002348,5,1,4,5,1.0,-0.0,0.0
R_002349,5,1,0,5,1.0,-0.0,0.0
R_002350,7,1,4,7,1.0,-0.0,0.0
R_002351,6,1,5,6,1.0,-0.0,0.0
R_002352,7,1,0,7,1.0,-0.0,0.0
R_002353,5,1,4,5,1.0,-0.0,0.0
R_002354,8,4,7,5,0.625,1.073542846408523,0.7743974703476992
R_002355,8,3,6,6,0.75,0.7356219397587946,0.6695919455357792
R_002356,5,1,4,5,1.0,-0.0,0.0
R_002357,8,1,1,8,1.0,-0.0,0.0
R_002358,6,1,4,6,1.0,-0.0,0.0
R_002359,8,2,5,7,0.875,0.37677016125643675,0.5435644431995964
R_002360,5,1,0,5,1.0,-0.0,0.0
R_002361,8,1,4,8,1.0,-0.0,0.0
R_002362,6,2,5,5,0.8333333333333334,0.45056120886630463,0.6500224216483541
R_002363,8,1,2,8,1.0,-0.0,0.0
R_002364,5,1,3,5,1.0,-0.0,0.0
R_002365,5,1,4,5,1.0,-0.0,0.0
R_002366,7,1,4,7,1.0,-0.0,0.0
R_002367,7,1,3,7,1.0,-0.0,0.0
R_002368,5,1,0,5,1.0,-0.0,0.0
R_002369,7,1,2,7,1.0,-0.0,0.0
R_002370,7,1,5,7,1.0,-0.0,0.0
R_002371,8,2,5,7,0.875,0.37677016125643675,0.5435644431995964
R_002372,8,1,4,8,1.0,-0.0,0.0
R_002373,7,1,1,7,1.0,-0.0,0.0
R_002374,7,3,6,5,0.7142857142857143,0.796311640173813,0.7248340915057598
R_002375,8,2,6,7,0.875,0.37677016125643675,0.5435644431995964
R_002376,7,2,5,6,0.8571428571428571,0.410116318288409,0.5916727785823274
R_002377,7,1,4,7,1.0,-0.0,0.0
R_002378,8,3,6,6,0.75,0.7356219397587946,0.6695919455357792
R_002379,5,1,4,5,1.0,-0.0,0.0
R_002380,5,1,1,5,1.0,-0.0,0.0
R_002381,7,1,3,7,1.0,-0.0,0.0
R_002382,8,3,6,6,0.75,0.7356219397587946,0.6695919455357792
R_002383,8,1,3,8,1.0,-0.0,0.0
R_002384,6,1,0,6,1.0,-0.0,0.0
R_002385,5,1,2,5,1.0,-0.0,0.0
R_002386,6,1,2,6,1.0,-0.0,0.0
R_002387,5,1,2,5,1.0,-0.0,0.0
R_002388,8,3,6,6,0.75,0.7356219397587946,0.6695919455357792
R_002389,6,1,4,6,1.0,-0.0,0.0
R_002390,7,2,5,6,0.8571428571428571,0.410116318288409,0.5916727785823274
R_002391,6,1,5,6,1.0,-0.0,0.0
R_002392,7,1,0,7,1.0,-0.0,0.0
R_002393,6,1,1,6,1.0,-0.0,0.0
R_002394,7,4,7,3,0.42857142857142855,1.277034259466139,0.9211854965885543
R_002395,8,1,3,8,1.0,-0.0,0.0
R_002396,5,1,0,5,1.0,-0.0,0.0
R_002397,8,2,5,7,0.875,0.37677016125643675,0.5435644431995964
R_002398,5,1,3,5,1.0,-0.0,0.0
R_002399,8,2,5,7,0.875,0.37677016125643675,0.5435644431995964
R_002400,5,2,7,4,0.8,0.5004024235381879,0.7219280948873623
R_002401,6,4,7,3,0.5,1.242453324894,0.8962406251802889
R_002402,5,1,2,5,1.0,-0.0,0.0
R_002403,6,1,3,6,1.0,-0.0,0.0
R_002404,7,1,0,7,1.0,-0.0,0.0
R_002405,5,3,2,2,0.4,1.0549201679861442,0.9602297178607612
R_002406,7,1,2,7,1.0,-0.0,0.0
R_002407,6,1,1,6,1.0,-0.0,0.0
R_002408,5,1,2,5,1.0,-0.0,0.0
R_002409,8,1,3,8,1.0,-0.0,0.0
R_002410,5,1,3,5,1.0,-0.0,0.0
R_002411,7,2,5,6,0.8571428571428571,0.410116318288409,0.5916727785823274
R_002412,5,1,3,5,1.0,-0.0,0.0
R_002413,6,1,2,6,1.0,-0.0,0.0
R_002414,7,3,6,5,0.7142857142857143,0.796311640173813,0.7248340915057598
R_002415,8,1,0,8,1.0,-0.0,0.0
R_002416,8,1,2,8,1.0,-0.0,0.0
R_002417,5,1,3,5,1.0,-0.0,0.0
R_002418,8,3,6,6,0.75,0.7356219397587946,0.6695919455357792
R_002419,5,1,1,5,1.0,-0.0,0.0
R_002420,8,1,4,8,1.0,-0.0,0.0
R_002421,8,1,3,8,1.0,-0.0,0.0
R_002422,5,1,1,5,1.0,-0.0,0.0
R_002423,8,1,1,8,1.0,-0.0,0.0
R_002424,7,1,0,7,1.0,-0.0,0.0
R_002425,7,1,5,7,1.0,-0.0,0.0
R_002426,7,1,0,7,1.0,-0.0,0.0
R_002427,8,3,6,6,0.75,0.7356219397587946,0.6695919455357792
R_002428,6,4,7,3,0.5,1.242453324894,0.8962406251802889
R_002429,8,1,6,8,1.0,-0.0,0.0
R_002430,6,1,5,6,1.0,-0.0,0.0
R_002431,6,4,2,2,0.3333333333333333,1.3296613488547582,0.9591479170272448
R_002432,5,1,1,5,1.0,-0.0,0.0
R_002433,5,1,4,5,1.0,-0.0,0.0
R_002434,8,3,6,6,0.75,0.7356219397587946,0.6695919455357792
R_002435,8,1,4,8,1.0,-0.0,0.0
R_002436,7,2,5,6,0.8571428571428571,0.410116318288409,0.5916727785823274
R_002437,7,3,6,5,0.7142857142857143,0.796311640173813,0.7248340915057598
R_002438,8,2,5,7,0.875,0.37677016125643675,0.5435644431995964
R_002439,5,1,3,5,1.0,-0.0,0.0
R_002440,6,1,2,6,1.0,-0.0,0.0
R_002441,6,2,6,5,0.8333333333333334,0.45056120886630463,0.6500224216483541
R_002442,7,3,6,5,0.7142857142857143,0.796311640173813,0.7248340915057598
R_002443,6,1,1,6,1.0,-0.0,0.0
R_002444,7,1,0,7,1.0,-0.0,0.0
R_002445,6,1,2,6,1.0,-0.0,0.0
R_002446,8,1,0,8,1.0,-0.0,0.0
R_002447,7,3,7,4,0.5714285714285714,0.9556998911125343,0.8699155297736259
R_002448,6,4,7,3,0.5,1.242453324894,0.8962406251802889
R_002449,5,1,4,5,1.0,-0.0,0.0
R_002450,7,1,0,7,1.0,-0.0,0.0
R_002451,8,2,5,7,0.875,0.37677016125643675,0.5435644431995964
R_002452,7,1,0,7,1.0,-0.0,0.0
R_002453,6,1,1,6,1.0,-0.0,0.0
R_002454,8,4,7,5,0.625,1.073542846408523,0.7743974703476992
R_002455,6,2,6,5,0.8333333333333334,0.45056120886630463,0.6500224216483541
R_002456,6,1,3,6,1.0,-0.0,0.0
R_002457,8,1,2,8,1.0,-0.0,0.0
R_002458,7,2,5,6,0.8571428571428571,0.410116318288409,0.5916727785823274
R_002459,6,2,7,5,0.8333333333333334,0.45056120886630463,0.6500224216483541
R_002460,7,1,0,7,1.0,-0.0,0.0
R_002461,5,2,7,4,0.8,0.5004024235381879,0.7219280948873623
R_002462,5,1,4,5,1.0,-0.0,0.0
R_002463,5,2,5,4,0.8,0.5004024235381879,0.7219280948873623
R_002464,7,1,2,7,1.0,-0.0,0.0
R_002465,5,1,4,5,1.0,-0.0,0.0
R_002466,5,1,3,5,1.0,-0.0,0.0
R_002467,7,1,2,7,1.0,-0.0,0.0
R_002468,8,1,0,8,1.0,-0.0,0.0
R_002469,7,2,6,6,0.8571428571428571,0.410116318288409,0.5916727785823274
R_002470,7,1,1,7,1.0,-0.0,0.0
R_002471,7,1,1,7,1.0,-0.0,0.0
R_002472,8,4,7,4,0.5,1.2130075659799042,0.875
R_002473,6,1,3,6,1.0,-0.0,0.0
R_002474,8,4,7,5,0.625,1.073542846408523,0.7743974703476992
R_002475,8,3,6,6,0.75,0.7356219397587946,0.6695919455357792
R_002476,6,1,1,6,1.0,-0.0,0.0
R_002477,7,3,6,5,0.7142857142857143,0.796311640173813,0.7248340915057598
R_002478,5,2,5,4,0.8,0.5004024235381879,0.7219280948873623
R_002479,8,1,3,8,1.0,-0.0,0.0
R_002480,8,2,6,7,0.875,0.37677016125643675,0.5435644431995964
R_002481,6,4,7,3,0.5,1.242453324894,0.8962406251802889
R_002482,6,1,3,6,1.0,-0.0,0.0
R_002483,6,1,4,6,1.0,-0.0,0.0
R_002484,5,1,3,5,1.0,-0.0,0.0
R_002485,6,1,2,6,1.0,-0.0,0.0
R_002486,6,3,7,4,0.6666666666666666,0.8675632284814612,0.7896900821428474
R_002487,8,1,2,8,1.0,-0.0,0.0
R_002488,5,1,3,5,1.0,-0.0,0.0
R_002489,7,2,5,6,0.8571428571428571,0.410116318288409,0.5916727785823274
R_002490,7,1,4,7,1.0,-0.0,0.0
R_002491,5,1,4,5,1.0,-0.0,0.0
R_002492,6,2,6,5,0.8333333333333334,0.45056120886630463,0.6500224216483541
R_002493,5,1,0,5,1.0,-0.0,0.0
R_002494,7,1,2,7,1.0,-0.0,0.0
R_002495,8,1,2,8,1.0,-0.0,0.0
R_002496,6,2,5,5,0.8333333333333334,0.45056120886630463,0.6500224216483541
R_002497,5,3,7,3,0.6,0.9502705392332347,0.8649735207179272
R_002498,5,1,0,5,1.0,-0.0,0.0
R_002499,6,1,3,6,1.0,-0.0,0.0
R_002500,8,1,0,8,1.0,-0.0,0.0
R_002501,5,3,6,3,0.6,0.9502705392332347,0.8649735207179272
R_002502,6,4,7,3,0.5,1.242453324894,0.8962406251802889
R_002503,6,1,1,6,1.0,-0.0,0.0
R_002504,8,4,7,4,0.5,1.2130075659799042,0.875
R_002505,8,3,6,6,0.75,0.7356219397587946,0.6695919455357792
R_002506,5,1,3,5,1.0,-0.0,0.0
R_002507,5,2,5,4,0.8,0.5004024235381879,0.7219280948873623
R_002508,5,1,3,5,1.0,-0.0,0.0
R_002509,8,3,6,6,0.75,0.7356219397587946,0.6695919455357792
R_002510,6,1,0,6,1.0,-0.0,0.0
R_002511,5,1,3,5,1.0,-0.0,0.0
R_002512,6,2,7,5,0.8333333333333334,0.45056120886630463,0.6500224216483541
R_002513,8,4,7,5,0.625,1.073542846408523,0.7743974703476992
R_002514,7,1,0,7,1.0,-0.0,0.0
R_002515,7,1,1,7,1.0,-0.0,0.0
R_002516,7,1,2,7,1.0,-0.0,0.0
R_002517,8,1,2,8,1.0,-0.0,0.0
R_002518,7,3,7,4,0.5714285714285714,0.9556998911125343,0.8699155297736259
R_002519,8,1,1,8,1.0,-0.0,0.0
R_002520,7,1,3,7,1.0,-0.0,0.0
R_002521,6,1,2,6,1.0,-0.0,0.0
R_002522,6,1,4,6,1.0,-0.0,0.0
R_002523,5,1,2,5,1.0,-0.0,0.0
R_002524,8,2,5,7,0.875,0.37677016125643675,0.5435644431995964
R_002525,5,3,7,3,0.6,0.9502705392332347,0.8649735207179272
R_002526,8,4,7,5,0.625,1.073542846408523,0.7743974703476992
R_002527,7,1,0,7,1.0,-0.0,0.0
R_002528,8,1,1,8,1.0,-0.0,0.0
R_002529,6,1,2,6,1.0,-0.0,0.0
R_002530,5,1,4,5,1.0,-0.0,0.0
R_002531,8,1,0,8,1.0,-0.0,0.0
R_002532,5,2,7,4,0.8,0.5004024235381879,0.7219280948873623
R_002533,7,2,5,6,0.8571428571428571,0.410116318288409,0.5916727785823274
R_002534,8,1,0,8,1.0,-0.0,0.0
R_002535,5,1,5,5,1.0,-0.0,0.0
R_002536,6,1,2,6,1.0,-0.0,0.0
R_002537,7,1,0,7,1.0,-0.0,0.0
R_002538,8,1,4,8,1.0,-0.0,0.0
R_002539,7,1,5,7,1.0,-0.0,0.0
R_002540,8,1,1,8,1.0,-0.0,0.0
R_002541,8,1,1,8,1.0,-0.0,0.0
R_002542,6,3,7,4,0.6666666666666666,0.8675632284814612,0.7896900821428474
R_002543,5,1,3,5,1.0,-0.0,0.0
R_002544,5,2,5,4,0.8,0.5004024235381879,0.7219280948873623
R_002545,7,2,5,6,0.8571428571428571,0.410116318288409,0.5916727785823274
R_002546,6,1,0,6,1.0,-0.0,0.0
R_002547,5,1,0,5,1.0,-0.0,0.0
R_002548,6,1,1,6,1.0,-0.0,0.0
R_002549,7,1,5,7,1.0,-0.0,0.0
R_002550,8,2,6,7,0.875,0.37677016125643675,0.5435644431995964
R_002551,5,1,6,5,1.0,-0.0,0.0
R_002552,5,1,2,5,1.0,-0.0,0.0
R_002553,8,3,7,6,0.75,0.7356219397587946,0.6695919455357792
R_002554,8,1,2,8,1.0,-0.0,0.0
R_002555,5,1,0,5,1.0,-0.0,0.0
R_002556,8,4,7,4,0.5,1.2130075659799042,0.875
R_002557,5,1,3,5,1.0,-0.0,0.0
R_002558,5,1,4,5,1.0,-0.0,0.0
R_002559,7,2,5,6,0.8571428571428571,0.410116318288409,0.5916727785823274
R_002560,6,2,6,5,0.8333333333333334,0.45056120886630463,0.6500224216483541
R_002561,8,1,0,8,1.0,-0.0,0.0
R_002562,7,1,1,7,1.0,-0.0,0.0
R_002563,5,2,6,4,0.8,0.5004024235381879,0.7219280948873623
R_002564,6,1,2,6,1.0,-0.0,0.0
R_002565,5,1,0,5,1.0,-0.0,0.0
R_002566,6,1,3,6,1.0,-0.0,0.0
R_002567,5,1,5,5,1.0,-0.0,0.0
R_002568,6,1,3,6,1.0,-0.0,0.0
R_002569,8,2,6,7,0.875,0.37677016125643675,0.5435644431995964
R_002570,6,1,2,6,1.0,-0.0,0.0
R_002571,8,1,4,8,1.0,-0.0,0.0
R_002572,8,4,7,5,0.625,1.073542846408523,0.7743974703476992
R_002573,8,1,1,8,1.0,-0.0,0.0
R_002574,6,3,7,4,0.6666666666666666,0.8675632284814612,0.7896900821428474
R_002575,6,1,6,6,1.0,-0.0,0.0
R_002576,5,1,0,5,1.0,-0.0,0.0
R_002577,6,1,1,6,1.0,-0.0,0.0
R_002578,8,1,1,8,1.0,-0.0,0.0
R_002579,8,2,6,7,0.875,0.37677016125643675,0.5435644431995964
R_002580,8,1,3,8,1.0,-0.0,0.0
R_002581,8,1,4,8,1.0,-0.0,0.0
R_002582,7,1,4,7,1.0,-0.0,0.0
R_002583,7,1,2,7,1.0,-0.0,0.0
R_002584,6,2,6,5,0.8333333333333334,0.45056120886630463,0.6500224216483541
R_002585,8,1,1,8,1.0,-0.0,0.0
R_002586,8,1,1,8,1.0,-0.0,0.0
R_002587,7,1,1,7,1.0,-0.0,0.0
R_002588,5,1,5,5,1.0,-0.0,0.0
R_002589,6,1,0,6,1.0,-0.0,0.0
R_002590,5,1,5,5,1.0,-0.0,0.0
R_002591,6,3,7,4,0.6666666666666666,0.8675632284814612,0.7896900821428474
R_002592,5,1,6,5,1.0,-0.0,0.0
R_002593,7,1,2,7,1.0,-0.0,0.0
R_002594,8,2,7,6,0.75,0.5623351446188083,0.8112781244591328
R_002595,6,2,5,5,0.8333333333333334,0.45056120886630463,0.6500224216483541
R_002596,7,1,2,7,1.0,-0.0,0.0
R_002597,8,2,5,7,0.875,0.37677016125643675,0.5435644431995964
R_002598,6,1,1,6,1.0,-0.0,0.0
R_002599,8,1,2,8,1.0,-0.0,0.0
R_002600,5,1,2,5,1.0,-0.0,0.0
R_002601,5,2,6,4,0.8,0.5004024235381879,0.7219280948873623
R_002602,7,2,5,6,0.8571428571428571,0.410116318288409,0.5916727785823274
R_002603,6,1,6,6,1.0,-0.0,0.0
R_002604,7,3,6,5,0.7142857142857143,0.796311640173813,0.7248340915057598
R_002605,5,1,3,5,1.0,-0.0,0.0
R_002606,7,2,6,6,0.8571428571428571,0.410116318288409,0.5916727785823274
R_002607,6,1,3,6,1.0,-0.0,0.0
R_002608,8,4,7,4,0.5,1.2130075659799042,0.875
R_002609,7,2,5,6,0.8571428571428571,0.410116318288409,0.5916727785823274
R_002610,7,1,3,7,1.0,-0.0,0.0
R_002611,7,1,1,7,1.0,-0.0,0.0
R_002612,8,1,0,8,1.0,-0.0,0.0
R_002613,8,1,4,8,1.0,-0.0,0.0
R_002614,8,3,7,6,0.75,0.7356219397587946,0.6695919455357792
R_002615,7,1,1,7,1.0,-0.0,0.0
R_002616,5,1,1,5,1.0,-0.0,0.0
R_002617,8,3,7,5,0.625,0.9002560512685369,0.8194483718728035
R_002618,5,1,4,5,1.0,-0.0,0.0
R_002619,7,1,2,7,1.0,-0.0,0.0
R_002620,8,1,3,8,1.0,-0.0,0.0
R_002621,6,1,4,6,1.0,-0.0,0.0
R_002622,6,1,1,6,1.0,-0.0,0.0
R_002623,8,1,4,8,1.0,-0.0,0.0
R_002624,8,1,3,8,1.0,-0.0,0.0
R_002625,8,4,7,5,0.625,1.073542846408523,0.7743974703476992
R_002626,6,1,6,6,1.0,-0.0,0.0
R_002627,7,1,1,7,1.0,-0.0,0.0
R_002628,8,4,7,4,0.5,1.2130075659799042,0.875
R_002629,8,3,7,5,0.625,0.9002560512685369,0.8194483718728035
R_002630,7,2,5,6,0.8571428571428571,0.410116318288409,0.5916727785823274
R_002631,7,1,2,7,1.0,-0.0,0.0
R_002632,5,1,4,5,1.0,-0.0,0.0
R_002633,7,3,6,5,0.7142857142857143,0.796311640173813,0.7248340915057598
R_002634,7,3,7,4,0.5714285714285714,0.9556998911125343,0.8699155297736259
R_002635,6,1,2,6,1.0,-0.0,0.0
R_002636,5,1,0,5,1.0,-0.0,0.0
R_002637,8,1,5,8,1.0,-0.0,0.0
R_002638,8,1,3,8,1.0,-0.0,0.0
R_002639,7,1,1,7,1.0,-0.0,0.0
R_002640,8,1,4,8,1.0,-0.0,0.0
R_002641,8,1,2,8,1.0,-0.0,0.0
R_002642,8,2,5,7,0.875,0.37677016125643675,0.5435644431995964
R_002643,8,1,2,8,1.0,-0.0,0.0
R_002644,7,2,6,6,0.8571428571428571,0.410116318288409,0.5916727785823274
R_002645,6,1,4,6,1.0,-0.0,0.0
R_002646,7,1,2,7,1.0,-0.0,0.0
R_002647,5,1,2,5,1.0,-0.0,0.0
R_002648,5,1,5,5,1.0,-0.0,0.0
R_002649,6,2,6,5,0.8333333333333334,0.45056120886630463,0.6500224216483541
R_002650,5,1,1,5,1.0,-0.0,0.0
R_002651,6,1,4,6,1.0,-0.0,0.0
R_002652,7,1,2,7,1.0,-0.0,0.0
R_002653,7,1,2,7,1.0,-0.0,0.0
R_002654,7,1,4,7,1.0,-0.0,0.0
R_002655,7,1,4,7,1.0,-0.0,0.0
R_002656,6,1,1,6,1.0,-0.0,0.0
R_002657,5,1,4,5,1.0,-0.0,0.0
R_002658,7,1,4,7,1.0,-0.0,0.0
R_002659,8,1,0,8,1.0,-0.0,0.0
R_002660,6,2,5,5,0.8333333333333334,0.45056120886630463,0.6500224216483541
R_002661,5,1,2,5,1.0,-0.0,0.0
R_002662,7,1,4,7,1.0,-0.0,0.0
R_002663,8,1,0,8,1.0,-0.0,0.0
R_002664,6,1,3,6,1.0,-0.0,0.0
R_002665,5,1,3,5,1.0,-0.0,0.0
R_002666,7,1,3,7,1.0,-0.0,0.0
R_002667,7,1,1,7,1.0,-0.0,0.0
R_002668,8,3,6,6,0.75,0.7356219397587946,0.6695919455357792
R_002669,6,3,6,4,0.6666666666666666,0.8675632284814612,0.7896900821428474
R_002670,5,1,3,5,1.0,-0.0,0.0
R_002671,8,1,1,8,1.0,-0.0,0.0
R_002672,5,1,3,5,1.0,-0.0,0.0
R_002673,6,2,6,5,0.8333333333333334,0.45056120886630463,0.6500224216483541
R_002674,5,1,0,5,1.0,-0.0,0.0
R_002675,5,1,0,5,1.0,-0.0,0.0
R_002676,6,1,1,6,1.0,-0.0,0.0
R_002677,6,1,4,6,1.0,-0.0,0.0
R_002678,8,1,1,8,1.0,-0.0,0.0
R_002679,5,1,0,5,1.0,-0.0,0.0
R_002680,8,1,0,8,1.0,-0.0,0.0
R_002681,5,2,6,4,0.8,0.5004024235381879,0.7219280948873623
R_002682,7,2,5,6,0.8571428571428571,0.410116318288409,0.5916727785823274
R_002683,8,2,5,7,0.875,0.37677016125643675,0.5435644431995964
R_002684,6,1,4,6,1.0,-0.0,0.0
R_002685,7,1,4,7,1.0,-0.0,0.0
R_002686,6,1,3,6,1.0,-0.0,0.0
R_002687,7,1,0,7,1.0,-0.0,0.0
R_002688,5,1,4,5,1.0,-0.0,0.0
R_002689,8,1,6,8,1.0,-0.0,0.0
R_002690,8,1,3,8,1.0,-0.0,0.0
R_002691,7,1,5,7,1.0,-0.0,0.0
R_002692,8,1,0,8,1.0,-0.0,0.0
R_002693,7,1,2,7,1.0,-0.0,0.0
R_002694,6,1,3,6,1.0,-0.0,0.0
R_002695,6,1,0,6,1.0,-0.0,0.0
R_002696,6,1,4,6,1.0,-0.0,0.0
R_002697,8,1,4,8,1.0,-0.0,0.0
R_002698,8,3,6,6,0.75,0.7356219397587946,0.6695919455357792
R_002699,7,3,6,5,0.7142857142857143,0.796311640173813,0.7248340915057598
R_002700,8,1,2,8,1.0,-0.0,0.0
R_002701,8,1,2,8,1.0,-0.0,0.0
R_002702,8,1,2,8,1.0,-0.0,0.0
R_002703,6,1,0,6,1.0,-0.0,0.0
R_002704,6,1,4,6,1.0,-0.0,0.0
R_002705,8,1,2,8,1.0,-0.0,0.0
R_002706,7,1,5,7,1.0,-0.0,0.0
R_002707,5,1,2,5,1.0,-0.0,0.0
R_002708,8,1,1,8,1.0,-0.0,0.0
R_002709,6,1,2,6,1.0,-0.0,0.0
R_002710,6,1,3,6,1.0,-0.0,0.0
R_002711,8,1,1,8,1.0,-0.0,0.0
R_002712,5,3,2,2,0.4,1.0549201679861442,0.9602297178607612
R_002713,5,3,2,2,0.4,1.0549201679861442,0.9602297178607612
R_002714,8,1,1,8,1.0,-0.0,0.0
R_002715,5,1,5,5,1.0,-0.0,0.0
R_002716,6,1,1,6,1.0,-0.0,0.0
R_002717,6,1,4,6,1.0,-0.0,0.0
R_002718,6,1,1,6,1.0,-0.0,0.0
R_002719,6,2,6,5,0.8333333333333334,0.45056120886630463,0.6500224216483541
R_002720,6,3,7,3,0.5,1.0114042647073518,0.920619835714305
R_002721,6,1,0,6,1.0,-0.0,0.0
R_002722,6,1,1,6,1.0,-0.0,0.0
R_002723,8,1,2,8,1.0,-0.0,0.0
R_002724,8,1,3,8,1.0,-0.0,0.0
R_002725,7,2,7,6,0.8571428571428571,0.410116318288409,0.5916727785823274
R_002726,5,1,1,5,1.0,-0.0,0.0
R_002727,5,1,1,5,1.0,-0.0,0.0
R_002728,5,1,3,5,1.0,-0.0,0.0
R_002729,7,1,0,7,1.0,-0.0,0.0
R_002730,8,3,7,5,0.625,0.9002560512685369,0.8194483718728035
R_002731,7,1,0,7,1.0,-0.0,0.0
R_002732,5,1,0,5,1.0,-0.0,0.0
R_002733,7,1,4,7,1.0,-0.0,0.0
R_002734,5,1,5,5,1.0,-0.0,0.0
R_002735,6,2,6,5,0.8333333333333334,0.45056120886630463,0.6500224216483541
R_002736,5,1,2,5,1.0,-0.0,0.0
R_002737,5,1,5,5,1.0,-0.0,0.0
R_002738,8,1,2,8,1.0,-0.0,0.0
R_002739,6,1,3,6,1.0,-0.0,0.0
R_002740,6,2,6,5,0.8333333333333334,0.45056120886630463,0.6500224216483541
R_002741,6,2,6,5,0.8333333333333334,0.45056120886630463,0.6500224216483541
R_002742,8,4,7,4,0.5,1.2130075659799042,0.875
R_002743,6,1,2,6,1.0,-0.0,0.0
R_002744,7,3,7,5,0.7142857142857143,0.796311640173813,0.7248340915057598
R_002745,6,1,0,6,1.0,-0.0,0.0
R_002746,8,1,4,8,1.0,-0.0,0.0
R_002747,8,1,3,8,1.0,-0.0,0.0
R_002748,8,4,7,4,0.5,1.2130075659799042,0.875
R_002749,8,1,3,8,1.0,-0.0,0.0
R_002750,7,2,5,6,0.8571428571428571,0.410116318288409,0.5916727785823274
R_002751,5,1,0,5,1.0,-0.0,0.0
R_002752,8,1,4,8,1.0,-0.0,0.0
R_002753,5,1,3,5,1.0,-0.0,0.0
R_002754,7,3,6,5,0.7142857142857143,0.796311640173813,0.7248340915057598
R_002755,6,1,0,6,1.0,-0.0,0.0
R_002756,5,2,5,4,0.8,0.5004024235381879,0.7219280948873623
R_002757,5,2,6,4,0.8,0.5004024235381879,0.7219280948873623
R_002758,6,1,4,6,1.0,-0.0,0.0
R_002759,8,2,6,7,0.875,0.37677016125643675,0.5435644431995964
R_002760,5,1,2,5,1.0,-0.0,0.0
R_002761,6,1,3,6,1.0,-0.0,0.0
R_002762,5,3,6,3,0.6,0.9502705392332347,0.8649735207179272
R_002763,5,1,3,5,1.0,-0.0,0.0
R_002764,8,1,0,8,1.0,-0.0,0.0
R_002765,7,1,0,7,1.0,-0.0,0.0
R_002766,8,1,4,8,1.0,-0.0,0.0
R_002767,7,1,2,7,1.0,-0.0,0.0
R_002768,6,2,6,5,0.8333333333333334,0.45056120886630463,0.6500224216483541
R_002769,8,1,3,8,1.0,-0.0,0.0
R_002770,5,3,7,3,0.6,0.9502705392332347,0.8649735207179272
R_002771,8,1,3,8,1.0,-0.0,0.0
R_002772,6,2,6,5,0.8333333333333334,0.45056120886630463,0.6500224216483541
R_002773,5,1,5,5,1.0,-0.0,0.0
R_002774,8,1,3,8,1.0,-0.0,0.0
R_002775,6,2,5,5,0.8333333333333334,0.45056120886630463,0.6500224216483541
R_002776,7,3,7,5,0.7142857142857143,0.796311640173813,0.7248340915057598
R_002777,6,2,5,5,0.8333333333333334,0.45056120886630463,0.6500224216483541
R_002778,7,4,7,4,0.5714285714285714,1.1537419427010902,0.8322488896002307
R_002779,8,1,3,8,1.0,-0.0,0.0
R_002780,7,2,5,6,0.8571428571428571,0.410116318288409,0.5916727785823274
R_002781,6,1,1,6,1.0,-0.0,0.0
R_002782,8,1,4,8,1.0,-0.0,0.0
R_002783,7,1,3,7,1.0,-0.0,0.0
R_002784,8,1,5,8,1.0,-0.0,0.0
R_002785,6,1,5,6,1.0,-0.0,0.0
R_002786,7,2,5,6,0.8571428571428571,0.410116318288409,0.5916727785823274
R_002787,5,1,0,5,1.0,-0.0,0.0
R_002788,8,1,2,8,1.0,-0.0,0.0
R_002789,7,2,5,6,0.8571428571428571,0.410116318288409,0.5916727785823274
R_002790,7,3,6,5,0.7142857142857143,0.796311640173813,0.7248340915057598
R_002791,8,1,4,8,1.0,-0.0,0.0
R_002792,8,2,5,7,0.875,0.37677016125643675,0.5435644431995964
R_002793,5,2,6,4,0.8,0.5004024235381879,0.7219280948873623
R_002794,7,1,2,7,1.0,-0.0,0.0
R_002795,6,3,6,4,0.6666666666666666,0.8675632284814612,0.7896900821428474
R_002796,6,2,5,5,0.8333333333333334,0.45056120886630463,0.6500224216483541
R_002797,7,1,1,7,1.0,-0.0,0.0
R_002798,7,1,6,7,1.0,-0.0,0.0
R_002799,7,1,3,7,1.0,-0.0,0.0
R_002800,6,1,0,6,1.0,-0.0,0.0
R_002801,7,1,1,7,1.0,-0.0,0.0
R_002802,6,1,1,6,1.0,-0.0,0.0
R_002803,6,1,0,6,1.0,-0.0,0.0
R_002804,7,1,4,7,1.0,-0.0,0.0
R_002805,8,1,2,8,1.0,-0.0,0.0
R_002806,6,2,5,5,0.8333333333333334,0.45056120886630463,0.6500224216483541
R_002807,7,2,5,6,0.8571428571428571,0.410116318288409,0.5916727785823274
R_002808,5,1,3,5,1.0,-0.0,0.0
R_002809,5,1,3,5,1.0,-0.0,0.0
R_002810,8,3,6,6,0.75,0.7356219397587946,0.6695919455357792
R_002811,8,1,1,8,1.0,-0.0,0.0
R_002812,6,1,5,6,1.0,-0.0,0.0
R_002813,7,3,6,5,0.7142857142857143,0.796311640173813,0.7248340915057598
R_002814,6,1,3,6,1.0,-0.0,0.0
R_002815,7,1,3,7,1.0,-0.0,0.0
R_002816,5,1,3,5,1.0,-0.0,0.0
R_002817,8,3,6,6,0.75,0.7356219397587946,0.6695919455357792
R_002818,8,1,0,8,1.0,-0.0,0.0
R_002819,6,2,5,5,0.8333333333333334,0.45056120886630463,0.6500224216483541
R_002820,8,4,7,4,0.5,1.2130075659799042,0.875
R_002821,6,1,2,6,1.0,-0.0,0.0
R_002822,5,3,7,3,0.6,0.9502705392332347,0.8649735207179272
R_002823,7,1,1,7,1.0,-0.0,0.0
R_002824,5,1,4,5,1.0,-0.0,0.0
R_002825,7,1,1,7,1.0,-0.0,0.0
R_002826,8,2,6,7,0.875,0.37677016125643675,0.5435644431995964
R_002827,8,1,1,8,1.0,-0.0,0.0
R_002828,7,1,2,7,1.0,-0.0,0.0
R_002829,5,2,6,4,0.8,0.5004024235381879,0.7219280948873623
R_002830,5,4,7,2,0.4,1.3321790402101223,0.9609640474436812
R_002831,8,1,1,8,1.0,-0.0,0.0
R_002832,7,1,1,7,1.0,-0.0,0.0
R_002833,5,1,4,5,1.0,-0.0,0.0
R_002834,5,1,0,5,1.0,-0.0,0.0
R_002835,6,2,5,5,0.8333333333333334,0.45056120886630463,0.6500224216483541
R_002836,5,1,2,5,1.0,-0.0,0.0
R_002837,7,1,2,7,1.0,-0.0,0.0
R_002838,5,3,6,3,0.6,0.9502705392332347,0.8649735207179272
R_002839,7,1,3,7,1.0,-0.0,0.0
R_002840,7,1,0,7,1.0,-0.0,0.0
R_002841,5,1,0,5,1.0,-0.0,0.0
R_002842,5,1,0,5,1.0,-0.0,0.0
R_002843,7,1,4,7,1.0,-0.0,0.0
R_002844,5,1,0,5,1.0,-0.0,0.0
R_002845,8,1,0,8,1.0,-0.0,0.0
R_002846,6,1,1,6,1.0,-0.0,0.0
R_002847,6,1,2,6,1.0,-0.0,0.0
R_002848,6,1,3,6,1.0,-0.0,0.0
R_002849,8,2,5,7,0.875,0.37677016125643675,0.5435644431995964
R_002850,5,2,5,4,0.8,0.5004024235381879,0.7219280948873623
R_002851,8,1,4,8,1.0,-0.0,0.0
R_002852,7,1,4,7,1.0,-0.0,0.0
R_002853,5,2,5,4,0.8,0.5004024235381879,0.7219280948873623
R_002854,7,2,5,6,0.8571428571428571,0.410116318288409,0.5916727785823274
R_002855,6,2,5,5,0.8333333333333334,0.45056120886630463,0.6500224216483541
R_002856,6,1,2,6,1.0,-0.0,0.0
R_002857,5,2,5,4,0.8,0.5004024235381879,0.7219280948873623
R_002858,6,1,5,6,1.0,-0.0,0.0
R_002859,5,2,5,4,0.8,0.5004024235381879,0.7219280948873623
R_002860,5,1,0,5,1.0,-0.0,0.0
R_002861,7,2,6,6,0.8571428571428571,0.410116318288409,0.5916727785823274
R_002862,6,1,1,6,1.0,-0.0,0.0
R_002863,7,1,1,7,1.0,-0.0,0.0
R_002864,5,3,2,2,0.4,1.0549201679861442,0.9602297178607612
R_002865,7,4,7,3,0.42857142857142855,1.277034259466139,0.9211854965885543
R_002866,5,1,4,5,1.0,-0.0,0.0
R_002867,7,1,3,7,1.0,-0.0,0.0
R_002868,6,1,3,6,1.0,-0.0,0.0
R_002869,7,2,5,6,0.8571428571428571,0.410116318288409,0.5916727785823274
R_002870,8,1,1,8,1.0,-0.0,0.0
R_002871,7,1,0,7,1.0,-0.0,0.0
R_002872,8,1,0,8,1.0,-0.0,0.0
R_002873,7,1,2,7,1.0,-0.0,0.0
R_002874,8,2,6,7,0.875,0.37677016125643675,0.5435644431995964
R_002875,5,1,2,5,1.0,-0.0,0.0
R_002876,6,1,0,6,1.0,-0.0,0.0
R_002877,6,1,2,6,1.0,-0.0,0.0
R_002878,8,1,2,8,1.0,-0.0,0.0
R_002879,5,1,1,5,1.0,-0.0,0.0
R_002880,5,1,2,5,1.0,-0.0,0.0
R_002881,5,1,2,5,1.0,-0.0,0.0
R_002882,8,2,6,7,0.875,0.37677016125643675,0.5435644431995964
R_002883,7,1,3,7,1.0,-0.0,0.0
R_002884,6,1,2,6,1.0,-0.0,0.0
R_002885,5,1,1,5,1.0,-0.0,0.0
R_002886,8,3,7,6,0.75,0.7356219397587946,0.6695919455357792
R_002887,8,2,6,7,0.875,0.37677016125643675,0.5435644431995964
R_002888,6,1,1,6,1.0,-0.0,0.0
R_002889,6,1,1,6,1.0,-0.0,0.0
R_002890,5,2,6,4,0.8,0.5004024235381879,0.7219280948873623
R_002891,6,3,7,4,0.6666666666666666,0.8675632284814612,0.7896900821428474
R_002892,8,1,1,8,1.0,-0.0,0.0
R_002893,5,3,6,3,0.6,0.9502705392332347,0.8649735207179272
R_002894,5,2,5,4,0.8,0.5004024235381879,0.7219280948873623
R_002895,6,1,3,6,1.0,-0.0,0.0
R_002896,7,4,7,4,0.5714285714285714,1.1537419427010902,0.8322488896002307
R_002897,7,1,5,7,1.0,-0.0,0.0
R_002898,6,1,3,6,1.0,-0.0,0.0
R_002899,5,1,6,5,1.0,-0.0,0.0
R_002900,7,1,2,7,1.0,-0.0,0.0
R_002901,6,1,5,6,1.0,-0.0,0.0
R_002902,6,2,6,5,0.8333333333333334,0.45056120886630463,0.6500224216483541
R_002903,5,1,2,5,1.0,-0.0,0.0
R_002904,5,1,2,5,1.0,-0.0,0.0
R_002905,6,1,3,6,1.0,-0.0,0.0
R_002906,5,1,2,5,1.0,-0.0,0.0
R_002907,7,1,4,7,1.0,-0.0,0.0
R_002908,8,1,5,8,1.0,-0.0,0.0
R_002909,8,1,0,8,1.0,-0.0,0.0
R_002910,8,1,3,8,1.0,-0.0,0.0
R_002911,8,1,4,8,1.0,-0.0,0.0
R_002912,5,1,2,5,1.0,-0.0,0.0
R_002913,5,1,4,5,1.0,-0.0,0.0
R_002914,5,1,3,5,1.0,-0.0,0.0
R_002915,5,1,0,5,1.0,-0.0,0.0
R_002916,6,4,7,3,0.5,1.242453324894,0.8962406251802889
R_002917,8,1,2,8,1.0,-0.0,0.0
R_002918,6,1,4,6,1.0,-0.0,0.0
R_002919,5,1,3,5,1.0,-0.0,0.0
R_002920,6,2,6,5,0.8333333333333334,0.45056120886630463,0.6500224216483541
R_002921,8,1,4,8,1.0,-0.0,0.0
R_002922,5,1,2,5,1.0,-0.0,0.0
R_002923,6,1,5,6,1.0,-0.0,0.0
R_002924,7,1,2,7,1.0,-0.0,0.0
R_002925,5,1,2,5,1.0,-0.0,0.0
R_002926,5,2,7,4,0.8,0.5004024235381879,0.7219280948873623
R_002927,7,1,4,7,1.0,-0.0,0.0
R_002928,7,1,0,7,1.0,-0.0,0.0
R_002929,6,3,7,4,0.6666666666666666,0.8675632284814612,0.7896900821428474
R_002930,8,1,1,8,1.0,-0.0,0.0
R_002931,7,1,4,7,1.0,-0.0,0.0
R_002932,8,1,4,8,1.0,-0.0,0.0
R_002933,5,1,2,5,1.0,-0.0,0.0
R_002934,8,1,1,8,1.0,-0.0,0.0
R_002935,6,1,1,6,1.0,-0.0,0.0
R_002936,6,1,0,6,1.0,-0.0,0.0
R_002937,6,1,3,6,1.0,-0.0,0.0
R_002938,6,1,2,6,1.0,-0.0,0.0
R_002939,8,2,5,7,0.875,0.37677016125643675,0.5435644431995964
R_002940,7,1,2,7,1.0,-0.0,0.0
R_002941,6,1,0,6,1.0,-0.0,0.0
R_002942,7,3,6,5,0.7142857142857143,0.796311640173813,0.7248340915057598
R_002943,5,1,2,5,1.0,-0.0,0.0
R_002944,6,1,7,6,1.0,-0.0,0.0
R_002945,7,1,3,7,1.0,-0.0,0.0
R_002946,7,1,4,7,1.0,-0.0,0.0
R_002947,5,1,4,5,1.0,-0.0,0.0
R_002948,5,1,3,5,1.0,-0.0,0.0
R_002949,8,2,5,7,0.875,0.37677016125643675,0.5435644431995964
R_002950,5,1,2,5,1.0,-0.0,0.0
R_002951,8,3,7,5,0.625,0.9002560512685369,0.8194483718728035
R_002952,6,1,3,6,1.0,-0.0,0.0
R_002953,8,1,4,8,1.0,-0.0,0.0
R_002954,6,1,4,6,1.0,-0.0,0.0
R_002955,5,1,0,5,1.0,-0.0,0.0
R_002956,7,1,1,7,1.0,-0.0,0.0
R_002957,8,2,5,7,0.875,0.37677016125643675,0.5435644431995964
R_002958,6,2,7,5,0.8333333333333334,0.45056120886630463,0.6500224216483541
R_002959,5,1,3,5,1.0,-0.0,0.0
R_002960,8,2,6,7,0.875,0.37677016125643675,0.5435644431995964
R_002961,6,1,1,6,1.0,-0.0,0.0
R_002962,7,3,7,5,0.7142857142857143,0.796311640173813,0.7248340915057598
R_002963,7,1,2,7,1.0,-0.0,0.0
R_002964,8,3,7,5,0.625,0.9002560512685369,0.8194483718728035
R_002965,5,3,6,3,0.6,0.9502705392332347,0.8649735207179272
R_002966,6,1,3,6,1.0,-0.0,0.0
R_002967,5,1,1,5,1.0,-0.0,0.0
R_002968,6,2,5,5,0.8333333333333334,0.45056120886630463,0.6500224216483541
R_002969,5,1,4,5,1.0,-0.0,0.0
R_002970,6,1,0,6,1.0,-0.0,0.0
R_002971,8,1,3,8,1.0,-0.0,0.0
R_002972,6,4,7,3,0.5,1.242453324894,0.8962406251802889
R_002973,7,1,3,7,1.0,-0.0,0.0
R_002974,7,3,6,5,0.7142857142857143,0.796311640173813,0.7248340915057598
R_002975,8,1,1,8,1.0,-0.0,0.0
R_002976,8,1,2,8,1.0,-0.0,0.0
R_002977,8,3,6,6,0.75,0.7356219397587946,0.6695919455357792
R_002978,6,1,2,6,1.0,-0.0,0.0
R_002979,6,1,1,6,1.0,-0.0,0.0
R_002980,7,2,6,6,0.8571428571428571,0.410116318288409,0.5916727785823274
R_002981,5,2,6,4,0.8,0.5004024235381879,0.7219280948873623
R_002982,5,2,6,4,0.8,0.5004024235381879,0.7219280948873623
R_002983,5,1,3,5,1.0,-0.0,0.0
R_002984,5,1,4,5,1.0,-0.0,0.0
R_002985,6,1,1,6,1.0,-0.0,0.0
R_002986,7,1,5,7,1.0,-0.0,0.0
R_002987,6,1,0,6,1.0,-0.0,0.0
R_002988,8,1,4,8,1.0,-0.0,0.0
R_002989,7,1,1,7,1.0,-0.0,0.0
R_002990,5,4,7,2,0.4,1.3321790402101223,0.9609640474436812
R_002991,6,2,5,5,0.8333333333333334,0.45056120886630463,0.6500224216483541
R_002992,8,1,3,8,1.0,-0.0,0.0
R_002993,5,1,2,5,1.0,-0.0,0.0
R_002994,8,1,1,8,1.0,-0.0,0.0
R_002995,7,1,2,7,1.0,-0.0,0.0
R_002996,7,1,1,7,1.0,-0.0,0.0
R_002997,5,1,4,5,1.0,-0.0,0.0
R_002998,5,2,6,4,0.8,0.5004024235381879,0.7219280948873623
R_002999,6,1,1,6,1.0,-0.0,0.0
R_003000,8,2,5,7,0.875,0.37677016125643675,0.5435644431995964
R_003001,7,1,0,7,1.0,-0.0,0.0
R_003002,6,1,1,6,1.0,-0.0,0.0
R_003003,7,1,3,7,1.0,-0.0,0.0
R_003004,7,2,6,6,0.8571428571428571,0.410116318288409,0.5916727785823274
R_003005,5,1,3,5,1.0,-0.0,0.0
R_003006,5,1,0,5,1.0,-0.0,0.0
R_003007,7,2,5,6,0.8571428571428571,0.410116318288409,0.5916727785823274
R_003008,8,1,1,8,1.0,-0.0,0.0
R_003009,8,1,2,8,1.0,-0.0,0.0
R_003010,7,1,0,7,1.0,-0.0,0.0
R_003011,5,1,4,5,1.0,-0.0,0.0
R_003012,7,1,2,7,1.0,-0.0,0.0
R_003013,5,1,4,5,1.0,-0.0,0.0
R_003014,7,3,7,4,0.5714285714285714,0.9556998911125343,0.8699155297736259
R_003015,5,2,6,4,0.8,0.5004024235381879,0.7219280948873623
R_003016,6,2,5,5,0.8333333333333334,0.45056120886630463,0.6500224216483541
R_003017,8,1,2,8,1.0,-0.0,0.0
R_003018,5,1,5,5,1.0,-0.0,0.0
R_003019,6,1,3,6,1.0,-0.0,0.0
R_003020,5,1,0,5,1.0,-0.0,0.0
R_003021,7,2,6,6,0.8571428571428571,0.410116318288409,0.5916727785823274
R_003022,8,2,6,7,0.875,0.37677016125643675,0.5435644431995964
R_003023,6,1,1,6,1.0,-0.0,0.0
R_003024,6,1,4,6,1.0,-0.0,0.0
R_003025,8,1,5,8,1.0,-0.0,0.0
R_003026,7,1,2,7,1.0,-0.0,0.0
R_003027,8,1,0,8,1.0,-0.0,0.0
R_003028,7,3,7,4,0.5714285714285714,0.9556998911125343,0.8699155297736259
R_003029,6,1,4,6,1.0,-0.0,0.0
R_003030,8,1,4,8,1.0,-0.0,0.0
R_003031,5,1,3,5,1.0,-0.0,0.0
R_003032,7,3,6,5,0.7142857142857143,0.796311640173813,0.7248340915057598
R_003033,5,1,0,5,1.0,-0.0,0.0
R_003034,8,1,0,8,1.0,-0.0,0.0
R_003035,7,1,4,7,1.0,-0.0,0.0
R_003036,5,1,2,5,1.0,-0.0,0.0
R_003037,8,1,4,8,1.0,-0.0,0.0
R_003038,6,1,1,6,1.0,-0.0,0.0
R_003039,5,1,1,5,1.0,-0.0,0.0
R_003040,6,1,1,6,1.0,-0.0,0.0
R_003041,7,1,1,7,1.0,-0.0,0.0
R_003042,6,1,2,6,1.0,-0.0,0.0
R_003043,7,1,1,7,1.0,-0.0,0.0
R_003044,6,1,1,6,1.0,-0.0,0.0
R_003045,5,1,2,5,1.0,-0.0,0.0
R_003046,8,3,7,6,0.75,0.7356219397587946,0.6695919455357792
R_003047,6,1,4,6,1.0,-0.0,0.0
R_003048,8,4,7,4,0.5,1.2130075659799042,0.875
R_003049,7,1,5,7,1.0,-0.0,0.0
R_003050,8,4,7,5,0.625,1.073542846408523,0.7743974703476992
R_003051,7,1,2,7,1.0,-0.0,0.0
R_003052,5,1,2,5,1.0,-0.0,0.0
R_003053,6,3,6,4,0.6666666666666666,0.8675632284814612,0.7896900821428474
R_003054,5,1,3,5,1.0,-0.0,0.0
R_003055,8,1,2,8,1.0,-0.0,0.0
R_003056,7,1,3,7,1.0,-0.0,0.0
R_003057,7,1,1,7,1.0,-0.0,0.0
R_003058,8,1,2,8,1.0,-0.0,0.0
R_003059,7,1,0,7,1.0,-0.0,0.0
R_003060,6,3,6,4,0.6666666666666666,0.8675632284814612,0.7896900821428474
R_003061,6,1,2,6,1.0,-0.0,0.0
R_003062,8,1,2,8,1.0,-0.0,0.0
R_003063,7,1,1,7,1.0,-0.0,0.0
R_003064,8,2,5,7,0.875,0.37677016125643675,0.5435644431995964
R_003065,6,1,4,6,1.0,-0.0,0.0
R_003066,8,2,5,7,0.875,0.37677016125643675,0.5435644431995964
R_003067,8,1,0,8,1.0,-0.0,0.0
R_003068,5,1,1,5,1.0,-0.0,0.0
R_003069,7,1,2,7,1.0,-0.0,0.0
R_003070,7,4,7,3,0.42857142857142855,1.277034259466139,0.9211854965885543
R_003071,6,1,0,6,1.0,-0.0,0.0
R_003072,5,2,6,4,0.8,0.5004024235381879,0.7219280948873623
R_003073,7,2,5,6,0.8571428571428571,0.410116318288409,0.5916727785823274
R_003074,5,1,4,5,1.0,-0.0,0.0
R_003075,6,1,6,6,1.0,-0.0,0.0
R_003076,5,1,7,5,1.0,-0.0,0.0
R_003077,5,3,7,3,0.6,0.9502705392332347,0.8649735207179272
R_003078,6,3,6,4,0.6666666666666666,0.8675632284814612,0.7896900821428474
R_003079,8,3,7,5,0.625,0.9002560512685369,0.8194483718728035
R_003080,8,1,0,8,1.0,-0.0,0.0
R_003081,8,2,5,7,0.875,0.37677016125643675,0.5435644431995964
R_003082,7,3,7,5,0.7142857142857143,0.796311640173813,0.7248340915057598
R_003083,6,1,3,6,1.0,-0.0,0.0
R_003084,6,1,4,6,1.0,-0.0,0.0
R_003085,8,1,2,8,1.0,-0.0,0.0
R_003086,6,1,3,6,1.0,-0.0,0.0
R_003087,8,3,6,6,0.75,0.7356219397587946,0.6695919455357792
R_003088,6,1,3,6,1.0,-0.0,0.0
R_003089,6,1,0,6,1.0,-0.0,0.0
R_003090,8,1,4,8,1.0,-0.0,0.0
R_003091,6,1,1,6,1.0,-0.0,0.0
R_003092,8,3,7,5,0.625,0.9002560512685369,0.8194483718728035
R_003093,7,3,6,5,0.7142857142857143,0.796311640173813,0.7248340915057598
R_003094,5,1,3,5,1.0,-0.0,0.0
R_003095,8,1,1,8,1.0,-0.0,0.0
R_003096,6,2,5,5,0.8333333333333334,0.45056120886630463,0.6500224216483541
R_003097,6,1,1,6,1.0,-0.0,0.0
R_003098,6,1,6,6,1.0,-0.0,0.0
R_003099,5,1,5,5,1.0,-0.0,0.0
R_003100,8,1,4,8,1.0,-0.0,0.0
R_003101,8,1,4,8,1.0,-0.0,0.0
R_003102,6,2,5,5,0.8333333333333334,0.45056120886630463,0.6500224216483541
R_003103,6,3,7,4,0.6666666666666666,0.8675632284814612,0.7896900821428474
R_003104,6,1,1,6,1.0,-0.0,0.0
R_003105,6,1,0,6,1.0,-0.0,0.0
R_003106,7,1,2,7,1.0,-0.0,0.0
R_003107,8,1,0,8,1.0,-0.0,0.0
R_003108,5,1,2,5,1.0,-0.0,0.0
R_003109,6,1,1,6,1.0,-0.0,0.0
R_003110,5,1,0,5,1.0,-0.0,0.0
R_003111,6,1,4,6,1.0,-0.0,0.0
R_003112,8,1,4,8,1.0,-0.0,0.0
R_003113,5,1,1,5,1.0,-0.0,0.0
R_003114,8,1,0,8,1.0,-0.0,0.0
R_003115,8,1,3,8,1.0,-0.0,0.0
R_003116,6,3,6,4,0.6666666666666666,0.8675632284814612,0.7896900821428474
R_003117,7,1,0,7,1.0,-0.0,0.0
R_003118,8,1,3,8,1.0,-0.0,0.0
R_003119,5,1,2,5,1.0,-0.0,0.0
R_003120,8,1,5,8,1.0,-0.0,0.0
R_003121,5,3,2,2,0.4,1.0549201679861442,0.9602297178607612
R_003122,7,3,6,5,0.7142857142857143,0.796311640173813,0.7248340915057598
R_003123,7,2,5,6,0.8571428571428571,0.410116318288409,0.5916727785823274
R_003124,7,1,0,7,1.0,-0.0,0.0
R_003125,7,2,5,6,0.8571428571428571,0.410116318288409,0.5916727785823274
R_003126,8,1,5,8,1.0,-0.0,0.0
R_003127,5,2,5,4,0.8,0.5004024235381879,0.7219280948873623
R_003128,7,1,3,7,1.0,-0.0,0.0
R_003129,8,1,4,8,1.0,-0.0,0.0
R_003130,6,1,0,6,1.0,-0.0,0.0
R_003131,7,2,6,6,0.8571428571428571,0.410116318288409,0.5916727785823274
R_003132,5,1,6,5,1.0,-0.0,0.0
R_003133,8,1,1,8,1.0,-0.0,0.0
R_003134,8,1,3,8,1.0,-0.0,0.0
R_003135,5,1,1,5,1.0,-0.0,0.0
R_003136,6,1,2,6,1.0,-0.0,0.0
R_003137,6,1,1,6,1.0,-0.0,0.0
R_003138,8,4,7,4,0.5,1.2130075659799042,0.875
R_003139,8,1,0,8,1.0,-0.0,0.0
R_003140,7,1,5,7,1.0,-0.0,0.0
R_003141,6,3,6,4,0.6666666666666666,0.8675632284814612,0.7896900821428474
R_003142,8,1,3,8,1.0,-0.0,0.0
R_003143,6,1,3,6,1.0,-0.0,0.0
R_003144,7,3,7,4,0.5714285714285714,0.9556998911125343,0.8699155297736259
R_003145,7,2,6,6,0.8571428571428571,0.410116318288409,0.5916727785823274
R_003146,5,1,3,5,1.0,-0.0,0.0
R_003147,7,1,1,7,1.0,-0.0,0.0
R_003148,8,4,7,4,0.5,1.2130075659799042,0.875
R_003149,7,3,7,4,0.5714285714285714,0.9556998911125343,0.8699155297736259
R_003150,6,1,4,6,1.0,-0.0,0.0
R_003151,6,1,1,6,1.0,-0.0,0.0
R_003152,7,1,3,7,1.0,-0.0,0.0
R_003153,6,1,0,6,1.0,-0.0,0.0
R_003154,8,1,3,8,1.0,-0.0,0.0
R_003155,5,1,4,5,1.0,-0.0,0.0
R_003156,8,2,7,6,0.75,0.5623351446188083,0.8112781244591328
R_003157,6,1,3,6,1.0,-0.0,0.0
R_003158,6,1,4,6,1.0,-0.0,0.0
R_003159,7,1,3,7,1.0,-0.0,0.0
R_003160,6,2,5,5,0.8333333333333334,0.45056120886630463,0.6500224216483541
R_003161,8,4,7,4,0.5,1.2130075659799042,0.875
R_003162,5,1,6,5,1.0,-0.0,0.0
R_003163,7,3,7,5,0.7142857142857143,0.796311640173813,0.7248340915057598
R_003164,6,1,3,6,1.0,-0.0,0.0
R_003165,8,4,7,5,0.625,1.073542846408523,0.7743974703476992
R_003166,6,1,1,6,1.0,-0.0,0.0
R_003167,6,1,2,6,1.0,-0.0,0.0
R_003168,7,1,4,7,1.0,-0.0,0.0
R_003169,7,1,4,7,1.0,-0.0,0.0
R_003170,6,1,4,6,1.0,-0.0,0.0
R_003171,7,1,4,7,1.0,-0.0,0.0
R_003172,8,1,2,8,1.0,-0.0,0.0
R_003173,7,1,4,7,1.0,-0.0,0.0
R_003174,7,1,4,7,1.0,-0.0,0.0
R_003175,8,1,2,8,1.0,-0.0,0.0
R_003176,8,2,5,7,0.875,0.37677016125643675,0.5435644431995964
R_003177,5,1,5,5,1.0,-0.0,0.0
R_003178,5,1,1,5,1.0,-0.0,0.0
R_003179,6,3,6,4,0.6666666666666666,0.8675632284814612,0.7896900821428474
R_003180,6,1,0,6,1.0,-0.0,0.0
R_003181,6,2,6,5,0.8333333333333334,0.45056120886630463,0.6500224216483541
R_003182,7,2,6,6,0.8571428571428571,0.410116318288409,0.5916727785823274
R_003183,7,1,2,7,1.0,-0.0,0.0
R_003184,5,1,2,5,1.0,-0.0,0.0
R_003185,6,1,0,6,1.0,-0.0,0.0
R_003186,8,3,7,5,0.625,0.9002560512685369,0.8194483718728035
R_003187,6,1,1,6,1.0,-0.0,0.0
R_003188,6,1,0,6,1.0,-0.0,0.0
R_003189,7,1,4,7,1.0,-0.0,0.0
R_003190,5,1,4,5,1.0,-0.0,0.0
R_003191,7,1,3,7,1.0,-0.0,0.0
R_003192,8,3,6,6,0.75,0.7356219397587946,0.6695919455357792
R_003193,7,1,4,7,1.0,-0.0,0.0
R_003194,8,3,7,5,0.625,0.9002560512685369,0.8194483718728035
R_003195,8,1,4,8,1.0,-0.0,0.0
R_003196,5,1,3,5,1.0,-0.0,0.0
R_003197,8,1,2,8,1.0,-0.0,0.0
R_003198,8,1,6,8,1.0,-0.0,0.0
R_003199,5,3,7,3,0.6,0.9502705392332347,0.8649735207179272
R_003200,8,1,0,8,1.0,-0.0,0.0
R_003201,8,1,4,8,1.0,-0.0,0.0
R_003202,8,2,6,7,0.875,0.37677016125643675,0.5435644431995964
R_003203,8,1,3,8,1.0,-0.0,0.0
R_003204,8,2,5,7,0.875,0.37677016125643675,0.5435644431995964
R_003205,5,1,3,5,1.0,-0.0,0.0
R_003206,6,1,0,6,1.0,-0.0,0.0
R_003207,8,1,2,8,1.0,-0.0,0.0
R_003208,5,2,6,4,0.8,0.5004024235381879,0.7219280948873623
R_003209,8,1,0,8,1.0,-0.0,0.0
R_003210,5,3,7,3,0.6,0.9502705392332347,0.8649735207179272
R_003211,6,1,4,6,1.0,-0.0,0.0
R_003212,8,4,7,4,0.5,1.2130075659799042,0.875
R_003213,7,2,5,6,0.8571428571428571,0.410116318288409,0.5916727785823274
R_003214,7,1,0,7,1.0,-0.0,0.0
R_003215,6,1,0,6,1.0,-0.0,0.0
R_003216,5,3,7,3,0.6,0.9502705392332347,0.8649735207179272
R_003217,7,1,4,7,1.0,-0.0,0.0
R_003218,7,2,6,6,0.8571428571428571,0.410116318288409,0.5916727785823274
R_003219,6,1,2,6,1.0,-0.0,0.0
R_003220,8,1,3,8,1.0,-0.0,0.0
R_003221,7,1,4,7,1.0,-0.0,0.0
R_003222,8,1,1,8,1.0,-0.0,0.0
R_003223,7,1,4,7,1.0,-0.0,0.0
R_003224,5,1,0,5,1.0,-0.0,0.0
R_003225,5,2,6,4,0.8,0.5004024235381879,0.7219280948873623
R_003226,8,1,3,8,1.0,-0.0,0.0
R_003227,7,1,2,7,1.0,-0.0,0.0
R_003228,6,1,3,6,1.0,-0.0,0.0
R_003229,8,1,4,8,1.0,-0.0,0.0
R_003230,7,1,2,7,1.0,-0.0,0.0
R_003231,5,3,7,3,0.6,0.9502705392332347,0.8649735207179272
R_003232,8,1,4,8,1.0,-0.0,0.0
R_003233,5,1,0,5,1.0,-0.0,0.0
R_003234,7,3,7,4,0.5714285714285714,0.9556998911125343,0.8699155297736259
R_003235,5,1,6,5,1.0,-0.0,0.0
R_003236,6,1,1,6,1.0,-0.0,0.0
R_003237,7,1,2,7,1.0,-0.0,0.0
R_003238,8,1,4,8,1.0,-0.0,0.0
R_003239,8,1,3,8,1.0,-0.0,0.0
R_003240,7,2,6,6,0.8571428571428571,0.410116318288409,0.5916727785823274
R_003241,6,1,2,6,1.0,-0.0,0.0
R_003242,7,1,2,7,1.0,-0.0,0.0
R_003243,8,3,6,6,0.75,0.7356219397587946,0.6695919455357792
R_003244,8,1,0,8,1.0,-0.0,0.0
R_003245,7,1,0,7,1.0,-0.0,0.0
R_003246,7,3,6,5,0.7142857142857143,0.796311640173813,0.7248340915057598
R_003247,8,1,0,8,1.0,-0.0,0.0
R_003248,8,1,2,8,1.0,-0.0,0.0
R_003249,8,1,3,8,1.0,-0.0,0.0
R_003250,6,1,0,6,1.0,-0.0,0.0
R_003251,7,1,2,7,1.0,-0.0,0.0
R_003252,6,1,0,6,1.0,-0.0,0.0
R_003253,8,1,5,8,1.0,-0.0,0.0
R_003254,6,1,4,6,1.0,-0.0,0.0
R_003255,5,1,2,5,1.0,-0.0,0.0
R_003256,5,1,4,5,1.0,-0.0,0.0
R_003257,6,1,5,6,1.0,-0.0,0.0
R_003258,7,2,6,6,0.8571428571428571,0.410116318288409,0.5916727785823274
R_003259,6,1,1,6,1.0,-0.0,0.0
R_003260,8,1,2,8,1.0,-0.0,0.0
R_003261,6,4,7,3,0.5,1.242453324894,0.8962406251802889
R_003262,8,3,7,5,0.625,0.9002560512685369,0.8194483718728035
R_003263,6,1,2,6,1.0,-0.0,0.0
R_003264,8,1,1,8,1.0,-0.0,0.0
R_003265,5,3,2,2,0.4,1.0549201679861442,0.9602297178607612
R_003266,7,1,0,7,1.0,-0.0,0.0
R_003267,8,1,1,8,1.0,-0.0,0.0
R_003268,5,1,2,5,1.0,-0.0,0.0
R_003269,5,1,5,5,1.0,-0.0,0.0
R_003270,8,1,0,8,1.0,-0.0,0.0
R_003271,5,2,6,4,0.8,0.5004024235381879,0.7219280948873623
R_003272,7,1,1,7,1.0,-0.0,0.0
R_003273,6,3,7,3,0.5,1.0114042647073518,0.920619835714305
R_003274,5,2,6,4,0.8,0.5004024235381879,0.7219280948873623
R_003275,6,1,3,6,1.0,-0.0,0.0
R_003276,6,1,4,6,1.0,-0.0,0.0
R_003277,8,2,5,7,0.875,0.37677016125643675,0.5435644431995964
R_003278,8,1,1,8,1.0,-0.0,0.0
R_003279,7,3,6,5,0.7142857142857143,0.796311640173813,0.7248340915057598
R_003280,5,1,3,5,1.0,-0.0,0.0
R_003281,5,2,6,4,0.8,0.5004024235381879,0.7219280948873623
R_003282,8,2,5,7,0.875,0.37677016125643675,0.5435644431995964
R_003283,6,2,6,5,0.8333333333333334,0.45056120886630463,0.6500224216483541
R_003284,6,3,7,4,0.6666666666666666,0.8675632284814612,0.7896900821428474
R_003285,5,1,4,5,1.0,-0.0,0.0
R_003286,8,2,5,7,0.875,0.37677016125643675,0.5435644431995964
R_003287,8,1,3,8,1.0,-0.0,0.0
R_003288,7,2,5,6,0.8571428571428571,0.410116318288409,0.5916727785823274
R_003289,6,2,6,5,0.8333333333333334,0.45056120886630463,0.6500224216483541
R_003290,7,1,0,7,1.0,-0.0,0.0
R_003291,7,1,4,7,1.0,-0.0,0.0
R_003292,8,1,1,8,1.0,-0.0,0.0
R_003293,5,1,0,5,1.0,-0.0,0.0
R_003294,7,3,6,5,0.7142857142857143,0.796311640173813,0.7248340915057598
R_003295,5,1,4,5,1.0,-0.0,0.0
R_003296,8,1,5,8,1.0,-0.0,0.0
R_003297,8,1,1,8,1.0,-0.0,0.0
R_003298,8,1,3,8,1.0,-0.0,0.0
R_003299,6,1,2,6,1.0,-0.0,0.0
R_003300,8,1,4,8,1.0,-0.0,0.0
R_003301,7,1,2,7,1.0,-0.0,0.0
R_003302,8,1,4,8,1.0,-0.0,0.0
R_003303,8,1,3,8,1.0,-0.0,0.0
R_003304,7,1,3,7,1.0,-0.0,0.0
R_003305,6,1,4,6,1.0,-0.0,0.0
R_003306,7,1,3,7,1.0,-0.0,0.0
R_003307,7,1,1,7,1.0,-0.0,0.0
R_003308,8,1,4,8,1.0,-0.0,0.0
R_003309,7,1,0,7,1.0,-0.0,0.0
R_003310,5,1,0,5,1.0,-0.0,0.0
R_003311,8,1,3,8,1.0,-0.0,0.0
R_003312,7,1,2,7,1.0,-0.0,0.0
R_003313,8,1,0,8,1.0,-0.0,0.0
R_003314,5,4,7,2,0.4,1.3321790402101223,0.9609640474436812
R_003315,8,2,5,7,0.875,0.37677016125643675,0.5435644431995964
R_003316,7,2,6,6,0.8571428571428571,0.410116318288409,0.5916727785823274
R_003317,8,1,3,8,1.0,-0.0,0.0
R_003318,8,1,2,8,1.0,-0.0,0.0
R_003319,7,1,2,7,1.0,-0.0,0.0
R_003320,7,1,1,7,1.0,-0.0,0.0
R_003321,8,1,0,8,1.0,-0.0,0.0
R_003322,8,1,1,8,1.0,-0.0,0.0
R_003323,7,2,5,6,0.8571428571428571,0.410116318288409,0.5916727785823274
R_003324,5,1,0,5,1.0,-0.0,0.0
R_003325,5,1,4,5,1.0,-0.0,0.0
R_003326,6,1,2,6,1.0,-0.0,0.0
R_003327,5,1,4,5,1.0,-0.0,0.0
R_003328,5,1,3,5,1.0,-0.0,0.0
R_003329,5,1,5,5,1.0,-0.0,0.0
R_003330,7,3,7,4,0.5714285714285714,0.9556998911125343,0.8699155297736259
R_003331,8,4,7,4,0.5,1.2130075659799042,0.875
R_003332,8,4,7,4,0.5,1.2130075659799042,0.875
R_003333,8,2,5,7,0.875,0.37677016125643675,0.5435644431995964
R_003334,6,1,2,6,1.0,-0.0,0.0
R_003335,7,1,3,7,1.0,-0.0,0.0
R_003336,5,1,3,5,1.0,-0.0,0.0
R_003337,6,1,4,6,1.0,-0.0,0.0
R_003338,7,4,7,4,0.5714285714285714,1.1537419427010902,0.8322488896002307
R_003339,7,3,7,4,0.5714285714285714,0.9556998911125343,0.8699155297736259
R_003340,8,4,7,5,0.625,1.073542846408523,0.7743974703476992
R_003341,6,1,4,6,1.0,-0.0,0.0
R_003342,7,1,0,7,1.0,-0.0,0.0
R_003343,8,1,1,8,1.0,-0.0,0.0
R_003344,7,4,7,3,0.42857142857142855,1.277034259466139,0.9211854965885543
R_003345,6,3,7,4,0.6666666666666666,0.8675632284814612,0.7896900821428474
R_003346,8,1,4,8,1.0,-0.0,0.0
R_003347,5,1,4,5,1.0,-0.0,0.0
R_003348,7,1,1,7,1.0,-0.0,0.0
R_003349,8,1,5,8,1.0,-0.0,0.0
R_003350,6,1,2,6,1.0,-0.0,0.0
R_003351,6,1,4,6,1.0,-0.0,0.0
R_003352,7,1,1,7,1.0,-0.0,0.0
R_003353,8,1,0,8,1.0,-0.0,0.0
R_003354,7,2,5,6,0.8571428571428571,0.410116318288409,0.5916727785823274
R_003355,6,1,4,6,1.0,-0.0,0.0
R_003356,8,2,5,7,0.875,0.37677016125643675,0.5435644431995964
R_003357,8,1,4,8,1.0,-0.0,0.0
R_003358,5,2,6,4,0.8,0.5004024235381879,0.7219280948873623
R_003359,8,1,4,8,1.0,-0.0,0.0
R_003360,7,1,4,7,1.0,-0.0,0.0
R_003361,8,3,6,6,0.75,0.7356219397587946,0.6695919455357792
R_003362,7,1,2,7,1.0,-0.0,0.0
R_003363,7,3,6,5,0.7142857142857143,0.796311640173813,0.7248340915057598
R_003364,5,1,4,5,1.0,-0.0,0.0
R_003365,8,2,5,7,0.875,0.37677016125643675,0.5435644431995964
R_003366,6,1,2,6,1.0,-0.0,0.0
R_003367,6,3,7,3,0.5,1.0114042647073518,0.920619835714305
R_003368,7,1,1,7,1.0,-0.0,0.0
R_003369,5,1,4,5,1.0,-0.0,0.0
R_003370,7,1,2,7,1.0,-0.0,0.0
R_003371,5,1,3,5,1.0,-0.0,0.0
R_003372,6,4,7,3,0.5,1.242453324894,0.8962406251802889
R_003373,7,3,7,4,0.5714285714285714,0.9556998911125343,0.8699155297736259
R_003374,7,1,0,7,1.0,-0.0,0.0
R_003375,5,1,4,5,1.0,-0.0,0.0
R_003376,6,1,4,6,1.0,-0.0,0.0
R_003377,8,2,6,7,0.875,0.37677016125643675,0.5435644431995964
R_003378,8,1,0,8,1.0,-0.0,0.0
R_003379,5,1,6,5,1.0,-0.0,0.0
R_003380,5,2,7,3,0.6,0.6730116670092565,0.9709505944546688
R_003381,7,1,2,7,1.0,-0.0,0.0
R_003382,7,1,1,7,1.0,-0.0,0.0
R_003383,6,1,0,6,1.0,-0.0,0.0
R_003384,5,1,2,5,1.0,-0.0,0.0
R_003385,8,1,3,8,1.0,-0.0,0.0
R_003386,8,1,4,8,1.0,-0.0,0.0
R_003387,6,1,1,6,1.0,-0.0,0.0
R_003388,6,1,1,6,1.0,-0.0,0.0
R_003389,5,3,7,3,0.6,0.9502705392332347,0.8649735207179272
R_003390,7,1,4,7,1.0,-0.0,0.0
R_003391,5,1,0,5,1.0,-0.0,0.0
R_003392,8,1,4,8,1.0,-0.0,0.0
R_003393,7,3,6,5,0.7142857142857143,0.796311640173813,0.7248340915057598
R_003394,7,4,7,4,0.5714285714285714,1.1537419427010902,0.8322488896002307
R_003395,7,2,6,6,0.8571428571428571,0.410116318288409,0.5916727785823274
R_003396,5,1,2,5,1.0,-0.0,0.0
R_003397,7,1,1,7,1.0,-0.0,0.0
R_003398,7,4,7,4,0.5714285714285714,1.1537419427010902,0.8322488896002307
R_003399,8,1,4,8,1.0,-0.0,0.0
R_003400,6,1,1,6,1.0,-0.0,0.0
R_003401,5,1,1,5,1.0,-0.0,0.0
R_003402,8,1,3,8,1.0,-0.0,0.0
R_003403,6,1,1,6,1.0,-0.0,0.0
R_003404,8,1,4,8,1.0,-0.0,0.0
R_003405,8,1,3,8,1.0,-0.0,0.0
R_003406,8,1,2,8,1.0,-0.0,0.0
R_003407,6,1,0,6,1.0,-0.0,0.0
R_003408,6,1,4,6,1.0,-0.0,0.0
R_003409,5,2,6,4,0.8,0.5004024235381879,0.7219280948873623
R_003410,8,1,3,8,1.0,-0.0,0.0
R_003411,6,1,2,6,1.0,-0.0,0.0
R_003412,6,1,2,6,1.0,-0.0,0.0
R_003413,5,1,2,5,1.0,-0.0,0.0
R_003414,6,1,3,6,1.0,-0.0,0.0
R_003415,7,1,2,7,1.0,-0.0,0.0
R_003416,6,1,1,6,1.0,-0.0,0.0
R_003417,8,1,4,8,1.0,-0.0,0.0
R_003418,7,3,6,5,0.7142857142857143,0.796311640173813,0.7248340915057598
R_003419,7,1,4,7,1.0,-0.0,0.0
R_003420,8,1,4,8,1.0,-0.0,0.0
R_003421,6,1,5,6,1.0,-0.0,0.0
R_003422,7,1,1,7,1.0,-0.0,0.0
R_003423,6,2,6,5,0.8333333333333334,0.45056120886630463,0.6500224216483541
R_003424,7,1,1,7,1.0,-0.0,0.0
R_003425,5,1,3,5,1.0,-0.0,0.0
R_003426,8,1,1,8,1.0,-0.0,0.0
R_003427,5,3,7,3,0.6,0.9502705392332347,0.8649735207179272
R_003428,5,1,3,5,1.0,-0.0,0.0
R_003429,8,1,3,8,1.0,-0.0,0.0
R_003430,5,3,7,3,0.6,0.9502705392332347,0.8649735207179272
R_003431,8,1,1,8,1.0,-0.0,0.0
R_003432,6,1,4,6,1.0,-0.0,0.0
R_003433,7,2,5,6,0.8571428571428571,0.410116318288409,0.5916727785823274
R_003434,7,1,3,7,1.0,-0.0,0.0
R_003435,5,4,2,2,0.4,1.3321790402101223,0.9609640474436812
R_003436,7,4,7,4,0.5714285714285714,1.1537419427010902,0.8322488896002307
R_003437,6,4,2,2,0.3333333333333333,1.3296613488547582,0.9591479170272448
R_003438,8,1,4,8,1.0,-0.0,0.0
R_003439,5,1,1,5,1.0,-0.0,0.0
R_003440,6,1,6,6,1.0,-0.0,0.0
R_003441,8,1,2,8,1.0,-0.0,0.0
R_003442,7,1,0,7,1.0,-0.0,0.0
R_003443,8,1,3,8,1.0,-0.0,0.0
R_003444,7,1,5,7,1.0,-0.0,0.0
R_003445,6,2,7,4,0.6666666666666666,0.6365141682948128,0.9182958340544894
R_003446,6,3,6,4,0.6666666666666666,0.8675632284814612,0.7896900821428474
R_003447,5,1,0,5,1.0,-0.0,0.0
R_003448,5,1,0,5,1.0,-0.0,0.0
R_003449,6,2,5,5,0.8333333333333334,0.45056120886630463,0.6500224216483541
R_003450,5,1,5,5,1.0,-0.0,0.0
R_003451,5,1,2,5,1.0,-0.0,0.0
R_003452,6,1,1,6,1.0,-0.0,0.0
R_003453,6,1,3,6,1.0,-0.0,0.0
R_003454,7,4,7,3,0.42857142857142855,1.277034259466139,0.9211854965885543
R_003455,6,1,1,6,1.0,-0.0,0.0
R_003456,7,3,7,5,0.7142857142857143,0.796311640173813,0.7248340915057598
R_003457,5,1,1,5,1.0,-0.0,0.0
R_003458,8,2,5,7,0.875,0.37677016125643675,0.5435644431995964
R_003459,5,1,5,5,1.0,-0.0,0.0
R_003460,6,1,0,6,1.0,-0.0,0.0
R_003461,6,2,5,5,0.8333333333333334,0.45056120886630463,0.6500224216483541
R_003462,6,1,1,6,1.0,-0.0,0.0
R_003463,7,1,2,7,1.0,-0.0,0.0
R_003464,7,3,6,5,0.7142857142857143,0.796311640173813,0.7248340915057598
R_003465,5,1,3,5,1.0,-0.0,0.0
R_003466,6,1,2,6,1.0,-0.0,0.0
R_003467,7,3,7,4,0.5714285714285714,0.9556998911125343,0.8699155297736259
R_003468,5,1,2,5,1.0,-0.0,0.0
R_003469,6,2,6,5,0.8333333333333334,0.45056120886630463,0.6500224216483541
R_003470,5,1,2,5,1.0,-0.0,0.0
R_003471,7,1,0,7,1.0,-0.0,0.0
R_003472,5,1,6,5,1.0,-0.0,0.0
R_003473,6,1,0,6,1.0,-0.0,0.0
R_003474,8,4,7,4,0.5,1.2130075659799042,0.875
R_003475,6,2,6,5,0.8333333333333334,0.45056120886630463,0.6500224216483541
R_003476,8,3,6,6,0.75,0.7356219397587946,0.6695919455357792
R_003477,7,1,0,7,1.0,-0.0,0.0
R_003478,6,2,7,4,0.6666666666666666,0.6365141682948128,0.9182958340544894
R_003479,5,2,6,4,0.8,0.5004024235381879,0.7219280948873623
R_003480,6,1,3,6,1.0,-0.0,0.0
R_003481,8,1,0,8,1.0,-0.0,0.0
R_003482,6,1,4,6,1.0,-0.0,0.0
R_003483,5,1,1,5,1.0,-0.0,0.0
R_003484,7,1,3,7,1.0,-0.0,0.0
R_003485,5,1,1,5,1.0,-0.0,0.0
R_003486,8,1,2,8,1.0,-0.0,0.0
R_003487,5,1,2,5,1.0,-0.0,0.0
R_003488,6,1,1,6,1.0,-0.0,0.0
R_003489,7,3,7,5,0.7142857142857143,0.796311640173813,0.7248340915057598
R_003490,7,1,1,7,1.0,-0.0,0.0
R_003491,5,1,4,5,1.0,-0.0,0.0
R_003492,7,1,3,7,1.0,-0.0,0.0
R_003493,7,1,4,7,1.0,-0.0,0.0
R_003494,7,1,4,7,1.0,-0.0,0.0
R_003495,5,1,3,5,1.0,-0.0,0.0
R_003496,7,1,3,7,1.0,-0.0,0.0
R_003497,5,2,7,4,0.8,0.5004024235381879,0.7219280948873623
R_003498,6,2,6,5,0.8333333333333334,0.45056120886630463,0.6500224216483541
R_003499,5,2,6,4,0.8,0.5004024235381879,0.7219280948873623
R_003500,5,2,7,4,0.8,0.5004024235381879,0.7219280948873623
R_003501,6,1,2,6,1.0,-0.0,0.0
R_003502,6,1,3,6,1.0,-0.0,0.0
R_003503,6,2,6,5,0.8333333333333334,0.45056120886630463,0.6500224216483541
R_003504,7,3,7,4,0.5714285714285714,0.9556998911125343,0.8699155297736259
R_003505,5,1,4,5,1.0,-0.0,0.0
R_003506,7,1,4,7,1.0,-0.0,0.0
R_003507,6,2,5,5,0.8333333333333334,0.45056120886630463,0.6500224216483541
R_003508,5,1,1,5,1.0,-0.0,0.0
R_003509,7,2,5,6,0.8571428571428571,0.410116318288409,0.5916727785823274
R_003510,8,1,0,8,1.0,-0.0,0.0
R_003511,7,1,2,7,1.0,-0.0,0.0
R_003512,6,1,1,6,1.0,-0.0,0.0
R_003513,5,2,5,4,0.8,0.5004024235381879,0.7219280948873623
R_003514,5,1,5,5,1.0,-0.0,0.0
R_003515,6,1,0,6,1.0,-0.0,0.0
R_003516,5,3,7,3,0.6,0.9502705392332347,0.8649735207179272
R_003517,6,2,6,5,0.8333333333333334,0.45056120886630463,0.6500224216483541
R_003518,6,1,2,6,1.0,-0.0,0.0
R_003519,8,1,0,8,1.0,-0.0,0.0
R_003520,7,1,1,7,1.0,-0.0,0.0
R_003521,8,1,0,8,1.0,-0.0,0.0
R_003522,5,1,2,5,1.0,-0.0,0.0
R_003523,5,1,0,5,1.0,-0.0,0.0
R_003524,7,1,0,7,1.0,-0.0,0.0
R_003525,8,1,1,8,1.0,-0.0,0.0
R_003526,7,1,5,7,1.0,-0.0,0.0
R_003527,8,1,1,8,1.0,-0.0,0.0
R_003528,7,1,4,7,1.0,-0.0,0.0
R_003529,8,2,5,7,0.875,0.37677016125643675,0.5435644431995964
R_003530,7,3,6,5,0.7142857142857143,0.796311640173813,0.7248340915057598
R_003531,7,3,7,4,0.5714285714285714,0.9556998911125343,0.8699155297736259
R_003532,7,2,5,6,0.8571428571428571,0.410116318288409,0.5916727785823274
R_003533,5,1,6,5,1.0,-0.0,0.0
R_003534,7,3,6,5,0.7142857142857143,0.796311640173813,0.7248340915057598
R_003535,7,3,6,5,0.7142857142857143,0.796311640173813,0.7248340915057598
R_003536,8,4,7,4,0.5,1.2130075659799042,0.875
R_003537,7,1,1,7,1.0,-0.0,0.0
R_003538,7,1,2,7,1.0,-0.0,0.0
R_003539,5,1,3,5,1.0,-0.0,0.0
R_003540,6,1,3,6,1.0,-0.0,0.0
R_003541,6,1,2,6,1.0,-0.0,0.0
R_003542,7,1,0,7,1.0,-0.0,0.0
R_003543,6,1,0,6,1.0,-0.0,0.0
R_003544,8,1,3,8,1.0,-0.0,0.0
R_003545,5,1,2,5,1.0,-0.0,0.0
R_003546,5,1,1,5,1.0,-0.0,0.0
R_003547,8,1,1,8,1.0,-0.0,0.0
R_003548,5,3,7,3,0.6,0.9502705392332347,0.8649735207179272
R_003549,6,1,5,6,1.0,-0.0,0.0
R_003550,7,1,3,7,1.0,-0.0,0.0
R_003551,6,2,5,5,0.8333333333333334,0.45056120886630463,0.6500224216483541
R_003552,5,1,2,5,1.0,-0.0,0.0
R_003553,6,3,6,4,0.6666666666666666,0.8675632284814612,0.7896900821428474
R_003554,7,2,6,6,0.8571428571428571,0.410116318288409,0.5916727785823274
R_003555,8,1,3,8,1.0,-0.0,0.0
R_003556,8,1,1,8,1.0,-0.0,0.0
R_003557,5,1,4,5,1.0,-0.0,0.0
R_003558,8,1,4,8,1.0,-0.0,0.0
R_003559,5,1,2,5,1.0,-0.0,0.0
R_003560,7,1,1,7,1.0,-0.0,0.0
R_003561,8,1,2,8,1.0,-0.0,0.0
R_003562,6,1,0,6,1.0,-0.0,0.0
R_003563,6,2,5,5,0.8333333333333334,0.45056120886630463,0.6500224216483541
R_003564,8,2,5,7,0.875,0.37677016125643675,0.5435644431995964
R_003565,8,1,1,8,1.0,-0.0,0.0
R_003566,6,3,6,4,0.6666666666666666,0.8675632284814612,0.7896900821428474
R_003567,8,1,4,8,1.0,-0.0,0.0
R_003568,5,1,3,5,1.0,-0.0,0.0
R_003569,6,1,1,6,1.0,-0.0,0.0
R_003570,8,1,0,8,1.0,-0.0,0.0
R_003571,6,2,5,5,0.8333333333333334,0.45056120886630463,0.6500224216483541
R_003572,5,1,3,5,1.0,-0.0,0.0
R_003573,8,1,4,8,1.0,-0.0,0.0
R_003574,6,3,6,4,0.6666666666666666,0.8675632284814612,0.7896900821428474
R_003575,5,3,6,3,0.6,0.9502705392332347,0.8649735207179272
R_003576,5,1,1,5,1.0,-0.0,0.0
R_003577,6,1,2,6,1.0,-0.0,0.0
R_003578,5,1,4,5,1.0,-0.0,0.0
R_003579,5,1,1,5,1.0,-0.0,0.0
R_003580,5,1,4,5,1.0,-0.0,0.0
R_003581,8,1,0,8,1.0,-0.0,0.0
R_003582,5,1,3,5,1.0,-0.0,0.0
R_003583,5,1,1,5,1.0,-0.0,0.0
R_003584,5,1,0,5,1.0,-0.0,0.0
R_003585,6,2,6,5,0.8333333333333334,0.45056120886630463,0.6500224216483541
R_003586,7,1,2,7,1.0,-0.0,0.0
R_003587,6,1,3,6,1.0,-0.0,0.0
R_003588,7,1,1,7,1.0,-0.0,0.0
R_003589,5,4,2,2,0.4,1.3321790402101223,0.9609640474436812
R_003590,8,1,4,8,1.0,-0.0,0.0
R_003591,8,2,5,7,0.875,0.37677016125643675,0.5435644431995964
R_003592,8,1,3,8,1.0,-0.0,0.0
R_003593,8,1,3,8,1.0,-0.0,0.0
R_003594,8,3,6,6,0.75,0.7356219397587946,0.6695919455357792
R_003595,7,1,4,7,1.0,-0.0,0.0
R_003596,7,2,5,6,0.8571428571428571,0.410116318288409,0.5916727785823274
R_003597,5,3,2,2,0.4,1.0549201679861442,0.9602297178607612
R_003598,6,1,1,6,1.0,-0.0,0.0
R_003599,5,1,1,5,1.0,-0.0,0.0
R_003600,6,1,4,6,1.0,-0.0,0.0
R_003601,5,1,0,5,1.0,-0.0,0.0
R_003602,8,1,1,8,1.0,-0.0,0.0
R_003603,6,1,3,6,1.0,-0.0,0.0
R_003604,6,1,4,6,1.0,-0.0,0.0
R_003605,7,1,1,7,1.0,-0.0,0.0
R_003606,6,3,6,4,0.6666666666666666,0.8675632284814612,0.7896900821428474
R_003607,7,1,4,7,1.0,-0.0,0.0
R_003608,7,1,0,7,1.0,-0.0,0.0
R_003609,8,3,6,6,0.75,0.7356219397587946,0.6695919455357792
R_003610,7,3,6,5,0.7142857142857143,0.796311640173813,0.7248340915057598
R_003611,8,2,6,7,0.875,0.37677016125643675,0.5435644431995964
R_003612,5,4,7,2,0.4,1.3321790402101223,0.9609640474436812
R_003613,5,1,0,5,1.0,-0.0,0.0
R_003614,5,1,4,5,1.0,-0.0,0.0
R_003615,5,1,4,5,1.0,-0.0,0.0
R_003616,7,1,2,7,1.0,-0.0,0.0
R_003617,8,3,6,6,0.75,0.7356219397587946,0.6695919455357792
R_003618,8,1,2,8,1.0,-0.0,0.0
R_003619,8,2,5,7,0.875,0.37677016125643675,0.5435644431995964
R_003620,5,1,4,5,1.0,-0.0,0.0
R_003621,6,1,4,6,1.0,-0.0,0.0
R_003622,7,2,6,6,0.8571428571428571,0.410116318288409,0.5916727785823274
R_003623,7,1,4,7,1.0,-0.0,0.0
R_003624,8,1,4,8,1.0,-0.0,0.0
R_003625,8,1,0,8,1.0,-0.0,0.0
R_003626,6,1,2,6,1.0,-0.0,0.0
R_003627,5,1,2,5,1.0,-0.0,0.0
R_003628,8,2,6,7,0.875,0.37677016125643675,0.5435644431995964
R_003629,6,1,1,6,1.0,-0.0,0.0
R_003630,8,1,0,8,1.0,-0.0,0.0
R_003631,7,1,0,7,1.0,-0.0,0.0
R_003632,5,2,7,3,0.6,0.6730116670092565,0.9709505944546688
R_003633,8,3,6,6,0.75,0.7356219397587946,0.6695919455357792
R_003634,5,1,2,5,1.0,-0.0,0.0
R_003635,8,3,6,6,0.75,0.7356219397587946,0.6695919455357792
R_003636,7,4,7,3,0.42857142857142855,1.277034259466139,0.9211854965885543
R_003637,6,4,2,2,0.3333333333333333,1.3296613488547582,0.9591479170272448
R_003638,7,1,0,7,1.0,-0.0,0.0
R_003639,5,3,6,3,0.6,0.9502705392332347,0.8649735207179272
R_003640,7,3,7,4,0.5714285714285714,0.9556998911125343,0.8699155297736259
R_003641,8,1,2,8,1.0,-0.0,0.0
R_003642,8,1,0,8,1.0,-0.0,0.0
R_003643,8,1,2,8,1.0,-0.0,0.0
R_003644,8,1,0,8,1.0,-0.0,0.0
R_003645,5,1,4,5,1.0,-0.0,0.0
R_003646,8,1,3,8,1.0,-0.0,0.0
R_003647,8,1,2,8,1.0,-0.0,0.0
R_003648,5,2,7,3,0.6,0.6730116670092565,0.9709505944546688
R_003649,7,1,4,7,1.0,-0.0,0.0
R_003650,8,1,1,8,1.0,-0.0,0.0
R_003651,6,1,1,6,1.0,-0.0,0.0
R_003652,6,1,1,6,1.0,-0.0,0.0
R_003653,8,2,5,7,0.875,0.37677016125643675,0.5435644431995964
R_003654,5,2,6,4,0.8,0.5004024235381879,0.7219280948873623
R_003655,6,3,6,4,0.6666666666666666,0.8675632284814612,0.7896900821428474
R_003656,8,3,7,5,0.625,0.9002560512685369,0.8194483718728035
R_003657,8,3,6,6,0.75,0.7356219397587946,0.6695919455357792
R_003658,7,1,1,7,1.0,-0.0,0.0
R_003659,6,1,3,6,1.0,-0.0,0.0
R_003660,5,2,5,4,0.8,0.5004024235381879,0.7219280948873623
R_003661,8,3,7,5,0.625,0.9002560512685369,0.8194483718728035
R_003662,5,2,6,4,0.8,0.5004024235381879,0.7219280948873623
R_003663,8,1,2,8,1.0,-0.0,0.0
R_003664,5,1,1,5,1.0,-0.0,0.0
R_003665,5,1,0,5,1.0,-0.0,0.0
R_003666,8,1,1,8,1.0,-0.0,0.0
R_003667,8,4,7,4,0.5,1.2130075659799042,0.875
R_003668,7,2,6,6,0.8571428571428571,0.410116318288409,0.5916727785823274
R_003669,5,2,5,4,0.8,0.5004024235381879,0.7219280948873623
R_003670,5,1,1,5,1.0,-0.0,0.0
R_003671,5,1,0,5,1.0,-0.0,0.0
R_003672,8,1,0,8,1.0,-0.0,0.0
R_003673,5,1,6,5,1.0,-0.0,0.0
R_003674,6,3,6,4,0.6666666666666666,0.8675632284814612,0.7896900821428474
R_003675,8,1,4,8,1.0,-0.0,0.0
R_003676,7,3,7,5,0.7142857142857143,0.796311640173813,0.7248340915057598
R_003677,6,2,5,5,0.8333333333333334,0.45056120886630463,0.6500224216483541
R_003678,6,1,1,6,1.0,-0.0,0.0
R_003679,5,2,5,4,0.8,0.5004024235381879,0.7219280948873623
R_003680,5,2,5,4,0.8,0.5004024235381879,0.7219280948873623
R_003681,7,2,6,6,0.8571428571428571,0.410116318288409,0.5916727785823274
R_003682,7,2,6,6,0.8571428571428571,0.410116318288409,0.5916727785823274
R_003683,5,1,0,5,1.0,-0.0,0.0
R_003684,8,2,5,7,0.875,0.37677016125643675,0.5435644431995964
R_003685,7,1,5,7,1.0,-0.0,0.0
R_003686,5,2,7,3,0.6,0.6730116670092565,0.9709505944546688
R_003687,6,1,2,6,1.0,-0.0,0.0
R_003688,5,1,3,5,1.0,-0.0,0.0
R_003689,8,1,1,8,1.0,-0.0,0.0
R_003690,6,1,5,6,1.0,-0.0,0.0
R_003691,7,1,4,7,1.0,-0.0,0.0
R_003692,6,1,3,6,1.0,-0.0,0.0
R_003693,8,1,1,8,1.0,-0.0,0.0
R_003694,7,1,3,7,1.0,-0.0,0.0
R_003695,5,3,2,2,0.4,1.0549201679861442,0.9602297178607612
R_003696,7,1,4,7,1.0,-0.0,0.0
R_003697,7,3,6,5,0.7142857142857143,0.796311640173813,0.7248340915057598
R_003698,8,1,3,8,1.0,-0.0,0.0
R_003699,7,1,0,7,1.0,-0.0,0.0
R_003700,6,1,3,6,1.0,-0.0,0.0
R_003701,7,1,3,7,1.0,-0.0,0.0
R_003702,6,1,3,6,1.0,-0.0,0.0
R_003703,5,1,0,5,1.0,-0.0,0.0
R_003704,5,1,4,5,1.0,-0.0,0.0
R_003705,7,1,3,7,1.0,-0.0,0.0
R_003706,5,1,2,5,1.0,-0.0,0.0
R_003707,6,1,0,6,1.0,-0.0,0.0
R_003708,6,3,7,4,0.6666666666666666,0.8675632284814612,0.7896900821428474
R_003709,5,1,1,5,1.0,-0.0,0.0
R_003710,7,1,3,7,1.0,-0.0,0.0
R_003711,6,1,0,6,1.0,-0.0,0.0
R_003712,5,1,2,5,1.0,-0.0,0.0
R_003713,8,1,3,8,1.0,-0.0,0.0
R_003714,7,4,7,4,0.5714285714285714,1.1537419427010902,0.8322488896002307
R_003715,6,2,6,5,0.8333333333333334,0.45056120886630463,0.6500224216483541
R_003716,8,3,6,6,0.75,0.7356219397587946,0.6695919455357792
R_003717,7,1,3,7,1.0,-0.0,0.0
R_003718,5,3,2,2,0.4,1.0549201679861442,0.9602297178607612
R_003719,7,1,3,7,1.0,-0.0,0.0
R_003720,7,1,5,7,1.0,-0.0,0.0
R_003721,8,3,6,6,0.75,0.7356219397587946,0.6695919455357792
R_003722,8,1,2,8,1.0,-0.0,0.0
R_003723,6,1,4,6,1.0,-0.0,0.0
R_003724,7,1,0,7,1.0,-0.0,0.0
R_003725,8,1,1,8,1.0,-0.0,0.0
R_003726,5,1,0,5,1.0,-0.0,0.0
R_003727,6,3,7,3,0.5,1.0114042647073518,0.920619835714305
R_003728,8,3,6,6,0.75,0.7356219397587946,0.6695919455357792
R_003729,5,1,4,5,1.0,-0.0,0.0
R_003730,6,1,1,6,1.0,-0.0,0.0
R_003731,8,3,6,6,0.75,0.7356219397587946,0.6695919455357792
R_003732,5,1,0,5,1.0,-0.0,0.0
R_003733,5,1,4,5,1.0,-0.0,0.0
R_003734,6,1,0,6,1.0,-0.0,0.0
R_003735,7,2,5,6,0.8571428571428571,0.410116318288409,0.5916727785823274
R_003736,6,4,7,3,0.5,1.242453324894,0.8962406251802889
R_003737,5,1,2,5,1.0,-0.0,0.0
R_003738,7,1,3,7,1.0,-0.0,0.0
R_003739,6,1,0,6,1.0,-0.0,0.0
R_003740,7,3,7,4,0.5714285714285714,0.9556998911125343,0.8699155297736259
R_003741,8,2,5,7,0.875,0.37677016125643675,0.5435644431995964
R_003742,5,3,7,3,0.6,0.9502705392332347,0.8649735207179272
R_003743,7,2,5,6,0.8571428571428571,0.410116318288409,0.5916727785823274
R_003744,5,1,4,5,1.0,-0.0,0.0
R_003745,5,4,7,2,0.4,1.3321790402101223,0.9609640474436812
R_003746,7,1,3,7,1.0,-0.0,0.0
R_003747,6,1,2,6,1.0,-0.0,0.0
R_003748,7,1,3,7,1.0,-0.0,0.0
R_003749,6,1,0,6,1.0,-0.0,0.0
R_003750,6,1,3,6,1.0,-0.0,0.0
R_003751,6,1,4,6,1.0,-0.0,0.0
R_003752,8,2,5,7,0.875,0.37677016125643675,0.5435644431995964
R_003753,7,3,6,5,0.7142857142857143,0.796311640173813,0.7248340915057598
R_003754,5,1,6,5,1.0,-0.0,0.0
R_003755,8,1,3,8,1.0,-0.0,0.0
R_003756,7,3,7,5,0.7142857142857143,0.796311640173813,0.7248340915057598
R_003757,7,1,0,7,1.0,-0.0,0.0
R_003758,6,1,4,6,1.0,-0.0,0.0
R_003759,6,2,7,5,0.8333333333333334,0.45056120886630463,0.6500224216483541
R_003760,6,3,6,4,0.6666666666666666,0.8675632284814612,0.7896900821428474
R_003761,7,2,6,6,0.8571428571428571,0.410116318288409,0.5916727785823274
R_003762,5,2,6,4,0.8,0.5004024235381879,0.7219280948873623
R_003763,7,1,3,7,1.0,-0.0,0.0
R_003764,5,2,6,4,0.8,0.5004024235381879,0.7219280948873623
R_003765,5,1,3,5,1.0,-0.0,0.0
R_003766,8,1,2,8,1.0,-0.0,0.0
R_003767,7,1,5,7,1.0,-0.0,0.0
R_003768,8,1,2,8,1.0,-0.0,0.0
R_003769,7,3,6,5,0.7142857142857143,0.796311640173813,0.7248340915057598
R_003770,5,1,3,5,1.0,-0.0,0.0
R_003771,7,3,6,5,0.7142857142857143,0.796311640173813,0.7248340915057598
R_003772,5,1,2,5,1.0,-0.0,0.0
R_003773,5,1,1,5,1.0,-0.0,0.0
R_003774,6,1,3,6,1.0,-0.0,0.0
R_003775,5,1,0,5,1.0,-0.0,0.0
R_003776,5,1,3,5,1.0,-0.0,0.0
R_003777,5,3,7,3,0.6,0.9502705392332347,0.8649735207179272
R_003778,5,2,7,4,0.8,0.5004024235381879,0.7219280948873623
R_003779,7,3,7,4,0.5714285714285714,0.9556998911125343,0.8699155297736259
R_003780,8,1,2,8,1.0,-0.0,0.0
R_003781,8,1,1,8,1.0,-0.0,0.0
R_003782,6,1,4,6,1.0,-0.0,0.0
R_003783,5,1,4,5,1.0,-0.0,0.0
R_003784,5,1,5,5,1.0,-0.0,0.0
R_003785,6,3,7,4,0.6666666666666666,0.8675632284814612,0.7896900821428474
R_003786,6,1,0,6,1.0,-0.0,0.0
R_003787,7,1,2,7,1.0,-0.0,0.0
R_003788,6,1,3,6,1.0,-0.0,0.0
R_003789,8,1,4,8,1.0,-0.0,0.0
R_003790,7,1,3,7,1.0,-0.0,0.0
R_003791,5,1,1,5,1.0,-0.0,0.0
R_003792,6,1,1,6,1.0,-0.0,0.0
R_003793,6,3,6,4,0.6666666666666666,0.8675632284814612,0.7896900821428474
R_003794,6,1,1,6,1.0,-0.0,0.0
R_003795,6,1,5,6,1.0,-0.0,0.0
R_003796,8,1,0,8,1.0,-0.0,0.0
R_003797,8,3,6,6,0.75,0.7356219397587946,0.6695919455357792
R_003798,7,3,7,5,0.7142857142857143,0.796311640173813,0.7248340915057598
R_003799,8,1,0,8,1.0,-0.0,0.0
R_003800,7,1,3,7,1.0,-0.0,0.0
R_003801,5,2,5,4,0.8,0.5004024235381879,0.7219280948873623
R_003802,8,2,6,7,0.875,0.37677016125643675,0.5435644431995964
R_003803,8,1,0,8,1.0,-0.0,0.0
R_003804,6,1,2,6,1.0,-0.0,0.0
R_003805,5,1,1,5,1.0,-0.0,0.0
R_003806,7,1,3,7,1.0,-0.0,0.0
R_003807,8,2,5,7,0.875,0.37677016125643675,0.5435644431995964
R_003808,7,1,1,7,1.0,-0.0,0.0
R_003809,6,3,6,4,0.6666666666666666,0.8675632284814612,0.7896900821428474
R_003810,8,2,5,7,0.875,0.37677016125643675,0.5435644431995964
R_003811,8,1,1,8,1.0,-0.0,0.0
R_003812,5,1,5,5,1.0,-0.0,0.0
R_003813,6,3,7,4,0.6666666666666666,0.8675632284814612,0.7896900821428474
R_003814,8,1,0,8,1.0,-0.0,0.0
R_003815,7,4,7,4,0.5714285714285714,1.1537419427010902,0.8322488896002307
R_003816,8,1,0,8,1.0,-0.0,0.0
R_003817,5,1,0,5,1.0,-0.0,0.0
R_003818,7,2,6,6,0.8571428571428571,0.410116318288409,0.5916727785823274
R_003819,6,1,4,6,1.0,-0.0,0.0
R_003820,5,1,4,5,1.0,-0.0,0.0
R_003821,7,1,4,7,1.0,-0.0,0.0
R_003822,8,1,4,8,1.0,-0.0,0.0
R_003823,5,2,7,4,0.8,0.5004024235381879,0.7219280948873623
R_003824,7,1,3,7,1.0,-0.0,0.0
R_003825,6,1,6,6,1.0,-0.0,0.0
R_003826,5,1,4,5,1.0,-0.0,0.0
R_003827,8,1,1,8,1.0,-0.0,0.0
R_003828,7,2,5,6,0.8571428571428571,0.410116318288409,0.5916727785823274
R_003829,6,1,0,6,1.0,-0.0,0.0
R_003830,8,1,0,8,1.0,-0.0,0.0
R_003831,8,1,4,8,1.0,-0.0,0.0
R_003832,7,1,3,7,1.0,-0.0,0.0
R_003833,7,1,2,7,1.0,-0.0,0.0
R_003834,6,1,4,6,1.0,-0.0,0.0
R_003835,8,2,5,7,0.875,0.37677016125643675,0.5435644431995964
R_003836,5,3,7,3,0.6,0.9502705392332347,0.8649735207179272
R_003837,5,1,3,5,1.0,-0.0,0.0
R_003838,5,1,4,5,1.0,-0.0,0.0
R_003839,7,1,3,7,1.0,-0.0,0.0
R_003840,7,1,4,7,1.0,-0.0,0.0
R_003841,6,1,2,6,1.0,-0.0,0.0
R_003842,6,1,0,6,1.0,-0.0,0.0
R_003843,6,1,3,6,1.0,-0.0,0.0
R_003844,5,3,7,3,0.6,0.9502705392332347,0.8649735207179272
R_003845,8,2,7,6,0.75,0.5623351446188083,0.8112781244591328
R_003846,6,1,0,6,1.0,-0.0,0.0
R_003847,7,1,3,7,1.0,-0.0,0.0
R_003848,5,1,5,5,1.0,-0.0,0.0
R_003849,6,1,1,6,1.0,-0.0,0.0
R_003850,5,1,7,5,1.0,-0.0,0.0
R_003851,8,1,1,8,1.0,-0.0,0.0
R_003852,7,1,3,7,1.0,-0.0,0.0
R_003853,8,1,1,8,1.0,-0.0,0.0
R_003854,5,1,0,5,1.0,-0.0,0.0
R_003855,5,1,4,5,1.0,-0.0,0.0
R_003856,7,3,7,4,0.5714285714285714,0.9556998911125343,0.8699155297736259
R_003857,5,1,1,5,1.0,-0.0,0.0
R_003858,8,1,5,8,1.0,-0.0,0.0
R_003859,7,1,1,7,1.0,-0.0,0.0
R_003860,5,1,5,5,1.0,-0.0,0.0
R_003861,5,1,6,5,1.0,-0.0,0.0
R_003862,5,1,5,5,1.0,-0.0,0.0
R_003863,6,1,3,6,1.0,-0.0,0.0
R_003864,8,1,4,8,1.0,-0.0,0.0
R_003865,6,2,5,5,0.8333333333333334,0.45056120886630463,0.6500224216483541
R_003866,8,1,2,8,1.0,-0.0,0.0
R_003867,8,1,2,8,1.0,-0.0,0.0
R_003868,5,1,0,5,1.0,-0.0,0.0
R_003869,6,1,1,6,1.0,-0.0,0.0
R_003870,6,1,4,6,1.0,-0.0,0.0
R_003871,5,1,4,5,1.0,-0.0,0.0
R_003872,8,2,5,7,0.875,0.37677016125643675,0.5435644431995964
R_003873,8,1,4,8,1.0,-0.0,0.0
R_003874,7,1,0,7,1.0,-0.0,0.0
R_003875,5,1,0,5,1.0,-0.0,0.0
R_003876,8,1,0,8,1.0,-0.0,0.0
R_003877,6,2,5,5,0.8333333333333334,0.45056120886630463,0.6500224216483541
R_003878,5,1,2,5,1.0,-0.0,0.0
R_003879,8,3,7,6,0.75,0.7356219397587946,0.6695919455357792
R_003880,8,1,0,8,1.0,-0.0,0.0
R_003881,6,2,6,5,0.8333333333333334,0.45056120886630463,0.6500224216483541
R_003882,6,1,0,6,1.0,-0.0,0.0
R_003883,6,2,5,5,0.8333333333333334,0.45056120886630463,0.6500224216483541
R_003884,6,3,7,3,0.5,1.0114042647073518,0.920619835714305
R_003885,8,1,2,8,1.0,-0.0,0.0
R_003886,6,1,6,6,1.0,-0.0,0.0
R_003887,8,1,2,8,1.0,-0.0,0.0
R_003888,5,3,6,3,0.6,0.9502705392332347,0.8649735207179272
R_003889,8,4,7,5,0.625,1.073542846408523,0.7743974703476992
R_003890,7,2,5,6,0.8571428571428571,0.410116318288409,0.5916727785823274
R_003891,7,1,1,7,1.0,-0.0,0.0
R_003892,8,2,6,7,0.875,0.37677016125643675,0.5435644431995964
R_003893,8,1,2,8,1.0,-0.0,0.0
R_003894,8,2,5,7,0.875,0.37677016125643675,0.5435644431995964
R_003895,7,1,3,7,1.0,-0.0,0.0
R_003896,7,1,3,7,1.0,-0.0,0.0
R_003897,5,3,7,3,0.6,0.9502705392332347,0.8649735207179272
R_003898,5,1,3,5,1.0,-0.0,0.0
R_003899,6,1,2,6,1.0,-0.0,0.0
R_003900,5,1,4,5,1.0,-0.0,0.0
R_003901,8,1,2,8,1.0,-0.0,0.0
R_003902,6,1,1,6,1.0,-0.0,0.0
R_003903,5,1,1,5,1.0,-0.0,0.0
R_003904,6,1,2,6,1.0,-0.0,0.0
R_003905,5,1,2,5,1.0,-0.0,0.0
R_003906,5,1,6,5,1.0,-0.0,0.0
R_003907,7,1,2,7,1.0,-0.0,0.0
R_003908,7,1,0,7,1.0,-0.0,0.0
R_003909,5,1,0,5,1.0,-0.0,0.0
R_003910,5,1,2,5,1.0,-0.0,0.0
R_003911,6,1,4,6,1.0,-0.0,0.0
R_003912,5,3,7,3,0.6,0.9502705392332347,0.8649735207179272
R_003913,5,1,4,5,1.0,-0.0,0.0
R_003914,5,1,2,5,1.0,-0.0,0.0
R_003915,8,1,1,8,1.0,-0.0,0.0
R_003916,6,1,3,6,1.0,-0.0,0.0
R_003917,8,1,3,8,1.0,-0.0,0.0
R_003918,8,1,1,8,1.0,-0.0,0.0
R_003919,5,1,3,5,1.0,-0.0,0.0
R_003920,6,1,0,6,1.0,-0.0,0.0
R_003921,5,1,1,5,1.0,-0.0,0.0
R_003922,6,1,3,6,1.0,-0.0,0.0
R_003923,7,1,3,7,1.0,-0.0,0.0
R_003924,5,2,5,4,0.8,0.5004024235381879,0.7219280948873623
R_003925,7,2,5,6,0.8571428571428571,0.410116318288409,0.5916727785823274
R_003926,5,2,5,4,0.8,0.5004024235381879,0.7219280948873623
R_003927,6,1,0,6,1.0,-0.0,0.0
R_003928,7,1,1,7,1.0,-0.0,0.0
R_003929,7,1,0,7,1.0,-0.0,0.0
R_003930,5,1,2,5,1.0,-0.0,0.0
R_003931,8,1,4,8,1.0,-0.0,0.0
R_003932,7,3,6,5,0.7142857142857143,0.796311640173813,0.7248340915057598
R_003933,8,1,0,8,1.0,-0.0,0.0
R_003934,7,1,4,7,1.0,-0.0,0.0
R_003935,8,1,0,8,1.0,-0.0,0.0
R_003936,7,2,5,6,0.8571428571428571,0.410116318288409,0.5916727785823274
R_003937,6,1,6,6,1.0,-0.0,0.0
R_003938,6,2,5,5,0.8333333333333334,0.45056120886630463,0.6500224216483541
R_003939,7,3,7,4,0.5714285714285714,0.9556998911125343,0.8699155297736259
R_003940,7,1,2,7,1.0,-0.0,0.0
R_003941,8,1,1,8,1.0,-0.0,0.0
R_003942,7,1,1,7,1.0,-0.0,0.0
R_003943,7,1,6,7,1.0,-0.0,0.0
R_003944,7,1,4,7,1.0,-0.0,0.0
R_003945,7,3,6,5,0.7142857142857143,0.796311640173813,0.7248340915057598
R_003946,7,2,6,6,0.8571428571428571,0.410116318288409,0.5916727785823274
R_003947,5,1,0,5,1.0,-0.0,0.0
R_003948,8,1,2,8,1.0,-0.0,0.0
R_003949,5,1,3,5,1.0,-0.0,0.0
R_003950,5,3,7,3,0.6,0.9502705392332347,0.8649735207179272
R_003951,5,1,1,5,1.0,-0.0,0.0
R_003952,7,1,1,7,1.0,-0.0,0.0
R_003953,6,1,4,6,1.0,-0.0,0.0
R_003954,8,1,3,8,1.0,-0.0,0.0
R_003955,7,1,1,7,1.0,-0.0,0.0
R_003956,7,1,0,7,1.0,-0.0,0.0
R_003957,7,3,7,5,0.7142857142857143,0.796311640173813,0.7248340915057598
R_003958,6,1,0,6,1.0,-0.0,0.0
R_003959,5,1,3,5,1.0,-0.0,0.0
R_003960,7,3,7,5,0.7142857142857143,0.796311640173813,0.7248340915057598
R_003961,6,1,0,6,1.0,-0.0,0.0
R_003962,8,2,6,7,0.875,0.37677016125643675,0.5435644431995964
R_003963,6,1,0,6,1.0,-0.0,0.0
R_003964,5,4,7,2,0.4,1.3321790402101223,0.9609640474436812
R_003965,8,1,5,8,1.0,-0.0,0.0
R_003966,8,3,6,6,0.75,0.7356219397587946,0.6695919455357792
R_003967,6,1,3,6,1.0,-0.0,0.0
R_003968,5,1,1,5,1.0,-0.0,0.0
R_003969,5,1,4,5,1.0,-0.0,0.0
R_003970,7,1,0,7,1.0,-0.0,0.0
R_003971,6,1,4,6,1.0,-0.0,0.0
R_003972,5,1,6,5,1.0,-0.0,0.0
R_003973,5,1,3,5,1.0,-0.0,0.0
R_003974,6,3,7,3,0.5,1.0114042647073518,0.920619835714305
R_003975,5,1,0,5,1.0,-0.0,0.0
R_003976,8,1,3,8,1.0,-0.0,0.0
R_003977,8,2,5,7,0.875,0.37677016125643675,0.5435644431995964
R_003978,5,3,7,3,0.6,0.9502705392332347,0.8649735207179272
R_003979,5,1,0,5,1.0,-0.0,0.0
R_003980,6,1,3,6,1.0,-0.0,0.0
R_003981,8,1,1,8,1.0,-0.0,0.0
R_003982,8,2,5,7,0.875,0.37677016125643675,0.5435644431995964
R_003983,5,2,5,4,0.8,0.5004024235381879,0.7219280948873623
R_003984,6,2,5,5,0.8333333333333334,0.45056120886630463,0.6500224216483541
R_003985,6,1,3,6,1.0,-0.0,0.0
R_003986,7,2,5,6,0.8571428571428571,0.410116318288409,0.5916727785823274
R_003987,8,1,4,8,1.0,-0.0,0.0
R_003988,6,2,5,5,0.8333333333333334,0.45056120886630463,0.6500224216483541
R_003989,8,1,1,8,1.0,-0.0,0.0
R_003990,6,1,1,6,1.0,-0.0,0.0
R_003991,7,1,1,7,1.0,-0.0,0.0
R_003992,6,2,5,5,0.8333333333333334,0.45056120886630463,0.6500224216483541
R_003993,5,1,2,5,1.0,-0.0,0.0
R_003994,6,1,0,6,1.0,-0.0,0.0
R_003995,7,1,4,7,1.0,-0.0,0.0
R_003996,8,1,1,8,1.0,-0.0,0.0
R_003997,7,1,0,7,1.0,-0.0,0.0
R_003998,8,4,7,4,0.5,1.2130075659799042,0.875
R_003999,5,1,5,5,1.0,-0.0,0.0
R_004000,8,1,1,8,1.0,-0.0,0.0
R_004001,6,1,0,6,1.0,-0.0,0.0
R_004002,6,2,5,5,0.8333333333333334,0.45056120886630463,0.6500224216483541
R_004003,5,1,3,5,1.0,-0.0,0.0
R_004004,7,1,4,7,1.0,-0.0,0.0
R_004005,5,1,0,5,1.0,-0.0,0.0
R_004006,5,1,4,5,1.0,-0.0,0.0
R_004007,7,1,5,7,1.0,-0.0,0.0
R_004008,6,2,5,5,0.8333333333333334,0.45056120886630463,0.6500224216483541
R_004009,8,4,7,4,0.5,1.2130075659799042,0.875
R_004010,6,1,3,6,1.0,-0.0,0.0
R_004011,5,1,5,5,1.0,-0.0,0.0
R_004012,8,1,1,8,1.0,-0.0,0.0
R_004013,7,1,0,7,1.0,-0.0,0.0
R_004014,8,3,7,6,0.75,0.7356219397587946,0.6695919455357792
R_004015,6,1,4,6,1.0,-0.0,0.0
R_004016,8,1,2,8,1.0,-0.0,0.0
R_004017,8,1,0,8,1.0,-0.0,0.0
R_004018,6,1,2,6,1.0,-0.0,0.0
R_004019,6,2,5,5,0.8333333333333334,0.45056120886630463,0.6500224216483541
R_004020,5,1,6,5,1.0,-0.0,0.0
R_004021,7,1,4,7,1.0,-0.0,0.0
R_004022,5,2,7,3,0.6,0.6730116670092565,0.9709505944546688
R_004023,7,4,7,4,0.5714285714285714,1.1537419427010902,0.8322488896002307
R_004024,5,1,3,5,1.0,-0.0,0.0
R_004025,5,2,6,4,0.8,0.5004024235381879,0.7219280948873623
R_004026,5,2,6,4,0.8,0.5004024235381879,0.7219280948873623
R_004027,5,1,2,5,1.0,-0.0,0.0
R_004028,5,3,2,2,0.4,1.0549201679861442,0.9602297178607612
R_004029,5,1,0,5,1.0,-0.0,0.0
R_004030,7,1,4,7,1.0,-0.0,0.0
R_004031,5,3,7,3,0.6,0.9502705392332347,0.8649735207179272
R_004032,8,1,4,8,1.0,-0.0,0.0
R_004033,8,1,0,8,1.0,-0.0,0.0
R_004034,5,1,0,5,1.0,-0.0,0.0
R_004035,6,1,1,6,1.0,-0.0,0.0
R_004036,5,1,2,5,1.0,-0.0,0.0
R_004037,6,1,5,6,1.0,-0.0,0.0
R_004038,6,3,6,4,0.6666666666666666,0.8675632284814612,0.7896900821428474
R_004039,5,1,2,5,1.0,-0.0,0.0
R_004040,7,1,3,7,1.0,-0.0,0.0
R_004041,5,1,6,5,1.0,-0.0,0.0
R_004042,7,1,1,7,1.0,-0.0,0.0
R_004043,5,3,6,3,0.6,0.9502705392332347,0.8649735207179272
R_004044,6,1,4,6,1.0,-0.0,0.0
R_004045,8,3,7,6,0.75,0.7356219397587946,0.6695919455357792
R_004046,8,1,4,8,1.0,-0.0,0.0
R_004047,5,2,7,4,0.8,0.5004024235381879,0.7219280948873623
R_004048,7,2,7,5,0.7142857142857143,0.5982695885852573,0.8631205685666311
R_004049,6,3,7,3,0.5,1.0114042647073518,0.920619835714305
R_004050,7,1,2,7,1.0,-0.0,0.0
R_004051,5,1,1,5,1.0,-0.0,0.0
R_004052,7,4,7,4,0.5714285714285714,1.1537419427010902,0.8322488896002307
R_004053,5,1,0,5,1.0,-0.0,0.0
R_004054,5,1,6,5,1.0,-0.0,0.0
R_004055,5,1,1,5,1.0,-0.0,0.0
R_004056,8,1,1,8,1.0,-0.0,0.0
R_004057,6,1,1,6,1.0,-0.0,0.0
R_004058,8,4,7,4,0.5,1.2130075659799042,0.875
R_004059,7,1,4,7,1.0,-0.0,0.0
R_004060,8,1,1,8,1.0,-0.0,0.0
R_004061,6,1,1,6,1.0,-0.0,0.0
R_004062,7,1,1,7,1.0,-0.0,0.0
R_004063,8,1,2,8,1.0,-0.0,0.0
R_004064,7,1,4,7,1.0,-0.0,0.0
R_004065,8,1,0,8,1.0,-0.0,0.0
R_004066,8,1,1,8,1.0,-0.0,0.0
R_004067,8,1,2,8,1.0,-0.0,0.0
R_004068,5,1,1,5,1.0,-0.0,0.0
R_004069,8,4,7,4,0.5,1.2130075659799042,0.875
R_004070,5,2,6,4,0.8,0.5004024235381879,0.7219280948873623
R_004071,6,3,7,3,0.5,1.0114042647073518,0.920619835714305
R_004072,8,1,2,8,1.0,-0.0,0.0
R_004073,7,1,2,7,1.0,-0.0,0.0
R_004074,5,1,2,5,1.0,-0.0,0.0
R_004075,6,1,2,6,1.0,-0.0,0.0
R_004076,7,3,7,5,0.7142857142857143,0.796311640173813,0.7248340915057598
R_004077,5,1,3,5,1.0,-0.0,0.0
R_004078,8,4,7,5,0.625,1.073542846408523,0.7743974703476992
R_004079,6,1,2,6,1.0,-0.0,0.0
R_004080,6,1,4,6,1.0,-0.0,0.0
R_004081,7,1,3,7,1.0,-0.0,0.0
R_004082,8,1,4,8,1.0,-0.0,0.0
R_004083,7,1,2,7,1.0,-0.0,0.0
R_004084,6,1,1,6,1.0,-0.0,0.0
R_004085,5,1,4,5,1.0,-0.0,0.0
R_004086,5,1,6,5,1.0,-0.0,0.0
R_004087,6,2,6,5,0.8333333333333334,0.45056120886630463,0.6500224216483541
R_004088,7,1,5,7,1.0,-0.0,0.0
R_004089,6,2,5,5,0.8333333333333334,0.45056120886630463,0.6500224216483541
R_004090,5,1,0,5,1.0,-0.0,0.0
R_004091,8,3,7,5,0.625,0.9002560512685369,0.8194483718728035
R_004092,7,1,4,7,1.0,-0.0,0.0
R_004093,5,2,5,4,0.8,0.5004024235381879,0.7219280948873623
R_004094,6,1,3,6,1.0,-0.0,0.0
R_004095,5,2,6,4,0.8,0.5004024235381879,0.7219280948873623
R_004096,7,4,7,3,0.42857142857142855,1.277034259466139,0.9211854965885543
R_004097,5,2,7,3,0.6,0.6730116670092565,0.9709505944546688
R_004098,6,2,5,5,0.8333333333333334,0.45056120886630463,0.6500224216483541
R_004099,5,1,1,5,1.0,-0.0,0.0
R_004100,7,4,7,3,0.42857142857142855,1.277034259466139,0.9211854965885543
R_004101,7,1,3,7,1.0,-0.0,0.0
R_004102,7,1,3,7,1.0,-0.0,0.0
R_004103,5,4,7,2,0.4,1.3321790402101223,0.9609640474436812
R_004104,5,1,4,5,1.0,-0.0,0.0
R_004105,8,1,1,8,1.0,-0.0,0.0
R_004106,8,3,6,6,0.75,0.7356219397587946,0.6695919455357792
R_004107,7,1,2,7,1.0,-0.0,0.0
R_004108,6,1,1,6,1.0,-0.0,0.0
R_004109,5,1,4,5,1.0,-0.0,0.0
R_004110,7,1,1,7,1.0,-0.0,0.0
R_004111,5,1,3,5,1.0,-0.0,0.0
R_004112,8,4,7,5,0.625,1.073542846408523,0.7743974703476992
R_004113,7,2,6,6,0.8571428571428571,0.410116318288409,0.5916727785823274
R_004114,5,1,4,5,1.0,-0.0,0.0
R_004115,5,2,5,4,0.8,0.5004024235381879,0.7219280948873623
R_004116,6,1,0,6,1.0,-0.0,0.0
R_004117,5,1,2,5,1.0,-0.0,0.0
R_004118,6,3,6,4,0.6666666666666666,0.8675632284814612,0.7896900821428474
R_004119,6,1,5,6,1.0,-0.0,0.0
R_004120,5,2,6,4,0.8,0.5004024235381879,0.7219280948873623
R_004121,5,1,4,5,1.0,-0.0,0.0
R_004122,5,1,3,5,1.0,-0.0,0.0
R_004123,7,1,3,7,1.0,-0.0,0.0
R_004124,6,1,4,6,1.0,-0.0,0.0
R_004125,7,3,7,4,0.5714285714285714,0.9556998911125343,0.8699155297736259
R_004126,7,2,5,6,0.8571428571428571,0.410116318288409,0.5916727785823274
R_004127,8,1,0,8,1.0,-0.0,0.0
R_004128,8,3,7,5,0.625,0.9002560512685369,0.8194483718728035
R_004129,7,1,2,7,1.0,-0.0,0.0
R_004130,5,1,1,5,1.0,-0.0,0.0
R_004131,6,1,4,6,1.0,-0.0,0.0
R_004132,7,2,6,6,0.8571428571428571,0.410116318288409,0.5916727785823274
R_004133,5,1,2,5,1.0,-0.0,0.0
R_004134,7,1,5,7,1.0,-0.0,0.0
R_004135,7,1,0,7,1.0,-0.0,0.0
R_004136,8,1,0,8,1.0,-0.0,0.0
R_004137,5,1,0,5,1.0,-0.0,0.0
R_004138,6,1,3,6,1.0,-0.0,0.0
R_004139,7,1,2,7,1.0,-0.0,0.0
R_004140,7,1,3,7,1.0,-0.0,0.0
R_004141,7,1,4,7,1.0,-0.0,0.0
R_004142,6,1,4,6,1.0,-0.0,0.0
R_004143,7,1,4,7,1.0,-0.0,0.0
R_004144,7,1,2,7,1.0,-0.0,0.0
R_004145,8,2,6,7,0.875,0.37677016125643675,0.5435644431995964
R_004146,5,1,1,5,1.0,-0.0,0.0
R_004147,5,1,4,5,1.0,-0.0,0.0
R_004148,8,1,3,8,1.0,-0.0,0.0
R_004149,8,1,1,8,1.0,-0.0,0.0
R_004150,6,1,5,6,1.0,-0.0,0.0
R_004151,5,1,3,5,1.0,-0.0,0.0
R_004152,7,1,1,7,1.0,-0.0,0.0
R_004153,8,1,0,8,1.0,-0.0,0.0
R_004154,6,1,3,6,1.0,-0.0,0.0
R_004155,6,1,3,6,1.0,-0.0,0.0
R_004156,7,2,5,6,0.8571428571428571,0.410116318288409,0.5916727785823274
R_004157,8,1,4,8,1.0,-0.0,0.0
R_004158,7,1,0,7,1.0,-0.0,0.0
R_004159,8,1,1,8,1.0,-0.0,0.0
R_004160,5,1,2,5,1.0,-0.0,0.0
R_004161,8,1,3,8,1.0,-0.0,0.0
R_004162,5,1,2,5,1.0,-0.0,0.0
R_004163,7,1,2,7,1.0,-0.0,0.0
R_004164,7,1,4,7,1.0,-0.0,0.0
R_004165,7,1,4,7,1.0,-0.0,0.0
R_004166,6,2,6,5,0.8333333333333334,0.45056120886630463,0.6500224216483541
R_004167,6,1,0,6,1.0,-0.0,0.0
R_004168,8,1,2,8,1.0,-0.0,0.0
R_004169,8,1,3,8,1.0,-0.0,0.0
R_004170,6,1,3,6,1.0,-0.0,0.0
R_004171,5,2,5,4,0.8,0.5004024235381879,0.7219280948873623
R_004172,5,1,3,5,1.0,-0.0,0.0
R_004173,6,2,5,5,0.8333333333333334,0.45056120886630463,0.6500224216483541
R_004174,7,2,5,6,0.8571428571428571,0.410116318288409,0.5916727785823274
R_004175,8,1,1,8,1.0,-0.0,0.0
R_004176,6,1,3,6,1.0,-0.0,0.0
R_004177,8,1,3,8,1.0,-0.0,0.0
R_004178,8,1,3,8,1.0,-0.0,0.0
R_004179,8,2,6,7,0.875,0.37677016125643675,0.5435644431995964
R_004180,8,3,6,6,0.75,0.7356219397587946,0.6695919455357792
R_004181,8,1,0,8,1.0,-0.0,0.0
R_004182,5,1,2,5,1.0,-0.0,0.0
R_004183,5,1,4,5,1.0,-0.0,0.0
R_004184,5,1,4,5,1.0,-0.0,0.0
R_004185,6,3,7,4,0.6666666666666666,0.8675632284814612,0.7896900821428474
R_004186,7,1,2,7,1.0,-0.0,0.0
R_004187,6,1,3,6,1.0,-0.0,0.0
R_004188,7,1,2,7,1.0,-0.0,0.0
R_004189,8,2,5,7,0.875,0.37677016125643675,0.5435644431995964
R_004190,7,2,5,6,0.8571428571428571,0.410116318288409,0.5916727785823274
R_004191,5,1,3,5,1.0,-0.0,0.0
R_004192,8,1,0,8,1.0,-0.0,0.0
R_004193,8,3,6,6,0.75,0.7356219397587946,0.6695919455357792
R_004194,7,1,0,7,1.0,-0.0,0.0
R_004195,6,1,3,6,1.0,-0.0,0.0
R_004196,8,1,4,8,1.0,-0.0,0.0
R_004197,5,1,4,5,1.0,-0.0,0.0
R_004198,7,1,0,7,1.0,-0.0,0.0
R_004199,8,2,6,7,0.875,0.37677016125643675,0.5435644431995964
R_004200,5,1,2,5,1.0,-0.0,0.0
R_004201,7,1,3,7,1.0,-0.0,0.0
R_004202,6,1,0,6,1.0,-0.0,0.0
R_004203,6,3,7,3,0.5,1.0114042647073518,0.920619835714305
R_004204,5,1,4,5,1.0,-0.0,0.0
R_004205,6,2,7,5,0.8333333333333334,0.45056120886630463,0.6500224216483541
R_004206,8,1,1,8,1.0,-0.0,0.0
R_004207,6,2,5,5,0.8333333333333334,0.45056120886630463,0.6500224216483541
R_004208,5,1,0,5,1.0,-0.0,0.0
R_004209,7,1,4,7,1.0,-0.0,0.0
R_004210,7,1,3,7,1.0,-0.0,0.0
R_004211,8,1,0,8,1.0,-0.0,0.0
R_004212,5,1,1,5,1.0,-0.0,0.0
R_004213,8,1,3,8,1.0,-0.0,0.0
R_004214,6,1,4,6,1.0,-0.0,0.0
R_004215,5,2,7,4,0.8,0.5004024235381879,0.7219280948873623
R_004216,8,1,1,8,1.0,-0.0,0.0
R_004217,6,1,2,6,1.0,-0.0,0.0
R_004218,8,3,6,6,0.75,0.7356219397587946,0.6695919455357792
R_004219,6,1,2,6,1.0,-0.0,0.0
R_004220,8,1,1,8,1.0,-0.0,0.0
R_004221,7,1,0,7,1.0,-0.0,0.0
R_004222,5,1,2,5,1.0,-0.0,0.0
R_004223,8,2,6,7,0.875,0.37677016125643675,0.5435644431995964
R_004224,5,1,3,5,1.0,-0.0,0.0
R_004225,8,1,3,8,1.0,-0.0,0.0
R_004226,6,1,3,6,1.0,-0.0,0.0
R_004227,7,3,7,4,0.5714285714285714,0.9556998911125343,0.8699155297736259
R_004228,8,2,5,7,0.875,0.37677016125643675,0.5435644431995964
R_004229,5,4,7,2,0.4,1.3321790402101223,0.9609640474436812
R_004230,8,1,3,8,1.0,-0.0,0.0
R_004231,8,3,6,6,0.75,0.7356219397587946,0.6695919455357792
R_004232,5,1,0,5,1.0,-0.0,0.0
R_004233,7,3,6,5,0.7142857142857143,0.796311640173813,0.7248340915057598
R_004234,5,1,2,5,1.0,-0.0,0.0
R_004235,5,1,4,5,1.0,-0.0,0.0
R_004236,8,1,4,8,1.0,-0.0,0.0
R_004237,7,1,0,7,1.0,-0.0,0.0
R_004238,7,1,0,7,1.0,-0.0,0.0
R_004239,6,1,3,6,1.0,-0.0,0.0
R_004240,5,1,2,5,1.0,-0.0,0.0
R_004241,8,2,6,7,0.875,0.37677016125643675,0.5435644431995964
R_004242,8,2,5,7,0.875,0.37677016125643675,0.5435644431995964
R_004243,5,1,4,5,1.0,-0.0,0.0
R_004244,8,3,7,5,0.625,0.9002560512685369,0.8194483718728035
R_004245,7,3,6,5,0.7142857142857143,0.796311640173813,0.7248340915057598
R_004246,8,1,0,8,1.0,-0.0,0.0
R_004247,8,2,5,7,0.875,0.37677016125643675,0.5435644431995964
R_004248,6,4,7,3,0.5,1.242453324894,0.8962406251802889
R_004249,5,1,6,5,1.0,-0.0,0.0
R_004250,7,2,6,6,0.8571428571428571,0.410116318288409,0.5916727785823274
R_004251,5,2,5,4,0.8,0.5004024235381879,0.7219280948873623
R_004252,8,2,5,7,0.875,0.37677016125643675,0.5435644431995964
R_004253,5,2,5,4,0.8,0.5004024235381879,0.7219280948873623
R_004254,7,1,1,7,1.0,-0.0,0.0
R_004255,7,1,2,7,1.0,-0.0,0.0
R_004256,7,1,3,7,1.0,-0.0,0.0
R_004257,7,1,1,7,1.0,-0.0,0.0
R_004258,5,1,4,5,1.0,-0.0,0.0
R_004259,7,1,4,7,1.0,-0.0,0.0
R_004260,6,1,2,6,1.0,-0.0,0.0
R_004261,7,4,7,4,0.5714285714285714,1.1537419427010902,0.8322488896002307
R_004262,7,1,3,7,1.0,-0.0,0.0
R_004263,6,1,1,6,1.0,-0.0,0.0
R_004264,8,1,3,8,1.0,-0.0,0.0
R_004265,5,1,0,5,1.0,-0.0,0.0
R_004266,6,1,4,6,1.0,-0.0,0.0
R_004267,5,1,5,5,1.0,-0.0,0.0
R_004268,8,3,7,5,0.625,0.9002560512685369,0.8194483718728035
R_004269,6,2,5,5,0.8333333333333334,0.45056120886630463,0.6500224216483541
R_004270,7,1,4,7,1.0,-0.0,0.0
R_004271,7,3,6,5,0.7142857142857143,0.796311640173813,0.7248340915057598
R_004272,6,2,6,5,0.8333333333333334,0.45056120886630463,0.6500224216483541
R_004273,5,1,1,5,1.0,-0.0,0.0
R_004274,6,1,3,6,1.0,-0.0,0.0
R_004275,8,1,0,8,1.0,-0.0,0.0
R_004276,6,1,2,6,1.0,-0.0,0.0
R_004277,8,1,0,8,1.0,-0.0,0.0
R_004278,7,3,6,5,0.7142857142857143,0.796311640173813,0.7248340915057598
R_004279,8,2,5,7,0.875,0.37677016125643675,0.5435644431995964
R_004280,7,1,2,7,1.0,-0.0,0.0
R_004281,7,1,4,7,1.0,-0.0,0.0
R_004282,5,3,2,2,0.4,1.0549201679861442,0.9602297178607612
R_004283,8,3,6,6,0.75,0.7356219397587946,0.6695919455357792
R_004284,8,1,3,8,1.0,-0.0,0.0
R_004285,6,1,5,6,1.0,-0.0,0.0
R_004286,5,1,3,5,1.0,-0.0,0.0
R_004287,7,1,2,7,1.0,-0.0,0.0
R_004288,5,1,0,5,1.0,-0.0,0.0
R_004289,5,1,2,5,1.0,-0.0,0.0
R_004290,6,1,3,6,1.0,-0.0,0.0
R_004291,6,1,5,6,1.0,-0.0,0.0
R_004292,7,1,4,7,1.0,-0.0,0.0
R_004293,8,1,0,8,1.0,-0.0,0.0
R_004294,6,1,1,6,1.0,-0.0,0.0
R_004295,8,1,0,8,1.0,-0.0,0.0
R_004296,7,1,5,7,1.0,-0.0,0.0
R_004297,7,1,0,7,1.0,-0.0,0.0
R_004298,6,1,2,6,1.0,-0.0,0.0
R_004299,5,1,5,5,1.0,-0.0,0.0
R_004300,8,4,7,4,0.5,1.2130075659799042,0.875
R_004301,7,1,5,7,1.0,-0.0,0.0
R_004302,6,2,5,5,0.8333333333333334,0.45056120886630463,0.6500224216483541
R_004303,7,1,1,7,1.0,-0.0,0.0
R_004304,5,1,5,5,1.0,-0.0,0.0
R_004305,7,1,3,7,1.0,-0.0,0.0
R_004306,6,1,0,6,1.0,-0.0,0.0
R_004307,8,1,2,8,1.0,-0.0,0.0
R_004308,7,3,6,5,0.7142857142857143,0.796311640173813,0.7248340915057598
R_004309,8,1,0,8,1.0,-0.0,0.0
R_004310,6,2,5,5,0.8333333333333334,0.45056120886630463,0.6500224216483541
R_004311,7,1,1,7,1.0,-0.0,0.0
R_004312,5,1,7,5,1.0,-0.0,0.0
R_004313,7,3,7,4,0.5714285714285714,0.9556998911125343,0.8699155297736259
R_004314,7,1,3,7,1.0,-0.0,0.0
R_004315,5,2,6,4,0.8,0.5004024235381879,0.7219280948873623
R_004316,8,2,5,7,0.875,0.37677016125643675,0.5435644431995964
R_004317,8,3,6,6,0.75,0.7356219397587946,0.6695919455357792
R_004318,8,1,1,8,1.0,-0.0,0.0
R_004319,8,1,2,8,1.0,-0.0,0.0
R_004320,6,2,6,5,0.8333333333333334,0.45056120886630463,0.6500224216483541
R_004321,5,1,4,5,1.0,-0.0,0.0
R_004322,7,1,0,7,1.0,-0.0,0.0
R_004323,5,1,2,5,1.0,-0.0,0.0
R_004324,7,1,4,7,1.0,-0.0,0.0
R_004325,5,1,0,5,1.0,-0.0,0.0
R_004326,7,2,6,6,0.8571428571428571,0.410116318288409,0.5916727785823274
R_004327,7,3,7,5,0.7142857142857143,0.796311640173813,0.7248340915057598
R_004328,6,1,2,6,1.0,-0.0,0.0
R_004329,5,1,1,5,1.0,-0.0,0.0
R_004330,5,1,0,5,1.0,-0.0,0.0
R_004331,8,3,6,6,0.75,0.7356219397587946,0.6695919455357792
R_004332,7,1,3,7,1.0,-0.0,0.0
R_004333,6,2,5,5,0.8333333333333334,0.45056120886630463,0.6500224216483541
R_004334,7,1,4,7,1.0,-0.0,0.0
R_004335,5,1,1,5,1.0,-0.0,0.0
R_004336,6,4,2,2,0.3333333333333333,1.3296613488547582,0.9591479170272448
R_004337,6,1,5,6,1.0,-0.0,0.0
R_004338,5,2,6,4,0.8,0.5004024235381879,0.7219280948873623
R_004339,8,1,1,8,1.0,-0.0,0.0
R_004340,8,1,4,8,1.0,-0.0,0.0
R_004341,7,2,5,6,0.8571428571428571,0.410116318288409,0.5916727785823274
R_004342,5,1,5,5,1.0,-0.0,0.0
R_004343,8,2,6,7,0.875,0.37677016125643675,0.5435644431995964
R_004344,8,4,7,4,0.5,1.2130075659799042,0.875
R_004345,5,1,1,5,1.0,-0.0,0.0
R_004346,5,1,1,5,1.0,-0.0,0.0
R_004347,5,1,4,5,1.0,-0.0,0.0
R_004348,8,1,0,8,1.0,-0.0,0.0
R_004349,5,2,5,4,0.8,0.5004024235381879,0.7219280948873623
R_004350,5,1,0,5,1.0,-0.0,0.0
R_004351,8,1,1,8,1.0,-0.0,0.0
R_004352,5,2,5,4,0.8,0.5004024235381879,0.7219280948873623
R_004353,6,1,1,6,1.0,-0.0,0.0
R_004354,7,1,0,7,1.0,-0.0,0.0
R_004355,8,2,5,7,0.875,0.37677016125643675,0.5435644431995964
R_004356,8,1,3,8,1.0,-0.0,0.0
R_004357,6,2,6,5,0.8333333333333334,0.45056120886630463,0.6500224216483541
R_004358,6,1,2,6,1.0,-0.0,0.0
R_004359,5,1,1,5,1.0,-0.0,0.0
R_004360,6,2,5,5,0.8333333333333334,0.45056120886630463,0.6500224216483541
R_004361,8,3,7,5,0.625,0.9002560512685369,0.8194483718728035
R_004362,6,1,3,6,1.0,-0.0,0.0
R_004363,8,1,0,8,1.0,-0.0,0.0
R_004364,6,2,7,4,0.6666666666666666,0.6365141682948128,0.9182958340544894
R_004365,5,1,4,5,1.0,-0.0,0.0
R_004366,7,1,1,7,1.0,-0.0,0.0
R_004367,5,1,0,5,1.0,-0.0,0.0
R_004368,7,1,2,7,1.0,-0.0,0.0
R_004369,8,1,0,8,1.0,-0.0,0.0
R_004370,7,1,0,7,1.0,-0.0,0.0
R_004371,5,1,3,5,1.0,-0.0,0.0
R_004372,6,1,5,6,1.0,-0.0,0.0
R_004373,6,1,2,6,1.0,-0.0,0.0
R_004374,6,1,1,6,1.0,-0.0,0.0
R_004375,5,1,3,5,1.0,-0.0,0.0
R_004376,7,3,6,5,0.7142857142857143,0.796311640173813,0.7248340915057598
R_004377,7,2,5,6,0.8571428571428571,0.410116318288409,0.5916727785823274
R_004378,6,1,2,6,1.0,-0.0,0.0
R_004379,8,1,2,8,1.0,-0.0,0.0
R_004380,6,2,7,4,0.6666666666666666,0.6365141682948128,0.9182958340544894
R_004381,5,1,5,5,1.0,-0.0,0.0
R_004382,5,2,7,4,0.8,0.5004024235381879,0.7219280948873623
R_004383,6,3,7,4,0.6666666666666666,0.8675632284814612,0.7896900821428474
R_004384,5,2,6,4,0.8,0.5004024235381879,0.7219280948873623
R_004385,8,4,7,5,0.625,1.073542846408523,0.7743974703476992
R_004386,8,3,7,5,0.625,0.9002560512685369,0.8194483718728035
R_004387,8,2,5,7,0.875,0.37677016125643675,0.5435644431995964
R_004388,8,1,1,8,1.0,-0.0,0.0
R_004389,7,1,3,7,1.0,-0.0,0.0
R_004390,6,1,6,6,1.0,-0.0,0.0
R_004391,5,2,7,4,0.8,0.5004024235381879,0.7219280948873623
R_004392,8,1,0,8,1.0,-0.0,0.0
R_004393,8,1,3,8,1.0,-0.0,0.0
R_004394,8,1,3,8,1.0,-0.0,0.0
R_004395,6,1,0,6,1.0,-0.0,0.0
R_004396,8,2,6,7,0.875,0.37677016125643675,0.5435644431995964
R_004397,8,4,7,4,0.5,1.2130075659799042,0.875
R_004398,5,1,4,5,1.0,-0.0,0.0
R_004399,5,3,7,3,0.6,0.9502705392332347,0.8649735207179272
R_004400,6,1,1,6,1.0,-0.0,0.0
R_004401,6,1,2,6,1.0,-0.0,0.0
R_004402,7,2,5,6,0.8571428571428571,0.410116318288409,0.5916727785823274
R_004403,8,1,4,8,1.0,-0.0,0.0
R_004404,5,1,2,5,1.0,-0.0,0.0
R_004405,5,1,3,5,1.0,-0.0,0.0
R_004406,7,4,7,3,0.42857142857142855,1.277034259466139,0.9211854965885543
R_004407,5,1,6,5,1.0,-0.0,0.0
R_004408,5,1,0,5,1.0,-0.0,0.0
R_004409,8,1,4,8,1.0,-0.0,0.0
R_004410,7,1,0,7,1.0,-0.0,0.0
R_004411,6,3,7,3,0.5,1.0114042647073518,0.920619835714305
R_004412,7,1,1,7,1.0,-0.0,0.0
R_004413,7,1,0,7,1.0,-0.0,0.0
R_004414,7,3,6,5,0.7142857142857143,0.796311640173813,0.7248340915057598
R_004415,6,1,4,6,1.0,-0.0,0.0
R_004416,8,1,2,8,1.0,-0.0,0.0
R_004417,8,1,2,8,1.0,-0.0,0.0
R_004418,8,2,5,7,0.875,0.37677016125643675,0.5435644431995964
R_004419,5,1,3,5,1.0,-0.0,0.0
R_004420,5,2,5,4,0.8,0.5004024235381879,0.7219280948873623
R_004421,7,1,5,7,1.0,-0.0,0.0
R_004422,6,1,3,6,1.0,-0.0,0.0
R_004423,8,1,2,8,1.0,-0.0,0.0
R_004424,8,1,0,8,1.0,-0.0,0.0
R_004425,8,1,1,8,1.0,-0.0,0.0
R_004426,7,3,7,4,0.5714285714285714,0.9556998911125343,0.8699155297736259
R_004427,6,1,4,6,1.0,-0.0,0.0
R_004428,5,1,5,5,1.0,-0.0,0.0
R_004429,7,1,2,7,1.0,-0.0,0.0
R_004430,6,1,3,6,1.0,-0.0,0.0
R_004431,8,4,7,4,0.5,1.2130075659799042,0.875
R_004432,8,1,6,8,1.0,-0.0,0.0
R_004433,7,1,4,7,1.0,-0.0,0.0
R_004434,6,1,0,6,1.0,-0.0,0.0
R_004435,5,2,5,4,0.8,0.5004024235381879,0.7219280948873623
R_004436,5,1,5,5,1.0,-0.0,0.0
R_004437,8,1,2,8,1.0,-0.0,0.0
R_004438,8,1,0,8,1.0,-0.0,0.0
R_004439,8,2,6,7,0.875,0.37677016125643675,0.5435644431995964
R_004440,7,3,6,5,0.7142857142857143,0.796311640173813,0.7248340915057598
R_004441,5,1,1,5,1.0,-0.0,0.0
R_004442,7,1,6,7,1.0,-0.0,0.0
R_004443,8,1,5,8,1.0,-0.0,0.0
R_004444,7,1,2,7,1.0,-0.0,0.0
R_004445,8,1,3,8,1.0,-0.0,0.0
R_004446,7,1,3,7,1.0,-0.0,0.0
R_004447,7,3,7,4,0.5714285714285714,0.9556998911125343,0.8699155297736259
R_004448,6,1,1,6,1.0,-0.0,0.0
R_004449,8,1,4,8,1.0,-0.0,0.0
R_004450,5,1,2,5,1.0,-0.0,0.0
R_004451,7,1,4,7,1.0,-0.0,0.0
R_004452,5,1,1,5,1.0,-0.0,0.0
R_004453,5,1,4,5,1.0,-0.0,0.0
R_004454,6,2,5,5,0.8333333333333334,0.45056120886630463,0.6500224216483541
R_004455,8,1,1,8,1.0,-0.0,0.0
R_004456,5,1,4,5,1.0,-0.0,0.0
R_004457,6,4,7,3,0.5,1.242453324894,0.8962406251802889
R_004458,7,1,0,7,1.0,-0.0,0.0
R_004459,7,1,3,7,1.0,-0.0,0.0
R_004460,8,1,4,8,1.0,-0.0,0.0
R_004461,8,3,6,6,0.75,0.7356219397587946,0.6695919455357792
R_004462,7,1,4,7,1.0,-0.0,0.0
R_004463,7,3,7,5,0.7142857142857143,0.796311640173813,0.7248340915057598
R_004464,6,2,6,5,0.8333333333333334,0.45056120886630463,0.6500224216483541
R_004465,8,1,4,8,1.0,-0.0,0.0
R_004466,6,4,7,3,0.5,1.242453324894,0.8962406251802889
R_004467,6,1,0,6,1.0,-0.0,0.0
R_004468,7,1,3,7,1.0,-0.0,0.0
R_004469,5,1,1,5,1.0,-0.0,0.0
R_004470,7,2,6,6,0.8571428571428571,0.410116318288409,0.5916727785823274
R_004471,7,2,5,6,0.8571428571428571,0.410116318288409,0.5916727785823274
R_004472,7,3,7,5,0.7142857142857143,0.796311640173813,0.7248340915057598
R_004473,7,1,6,7,1.0,-0.0,0.0
R_004474,8,1,1,8,1.0,-0.0,0.0
R_004475,8,2,5,7,0.875,0.37677016125643675,0.5435644431995964
R_004476,6,1,0,6,1.0,-0.0,0.0
R_004477,8,4,7,4,0.5,1.2130075659799042,0.875
R_004478,7,1,4,7,1.0,-0.0,0.0
R_004479,5,1,5,5,1.0,-0.0,0.0
R_004480,6,1,1,6,1.0,-0.0,0.0
R_004481,5,1,3,5,1.0,-0.0,0.0
R_004482,7,4,7,3,0.42857142857142855,1.277034259466139,0.9211854965885543
R_004483,8,1,1,8,1.0,-0.0,0.0
R_004484,8,4,7,4,0.5,1.2130075659799042,0.875
R_004485,5,2,5,4,0.8,0.5004024235381879,0.7219280948873623
R_004486,6,4,7,3,0.5,1.242453324894,0.8962406251802889
R_004487,7,3,6,5,0.7142857142857143,0.796311640173813,0.7248340915057598
R_004488,7,1,3,7,1.0,-0.0,0.0
R_004489,7,1,0,7,1.0,-0.0,0.0
R_004490,8,2,5,7,0.875,0.37677016125643675,0.5435644431995964
R_004491,6,3,7,3,0.5,1.0114042647073518,0.920619835714305
R_004492,8,3,7,5,0.625,0.9002560512685369,0.8194483718728035
R_004493,8,1,1,8,1.0,-0.0,0.0
R_004494,8,1,0,8,1.0,-0.0,0.0
R_004495,6,1,1,6,1.0,-0.0,0.0
R_004496,5,1,3,5,1.0,-0.0,0.0
R_004497,5,1,2,5,1.0,-0.0,0.0
R_004498,6,3,6,4,0.6666666666666666,0.8675632284814612,0.7896900821428474
R_004499,8,1,4,8,1.0,-0.0,0.0
R_004500,7,3,6,5,0.7142857142857143,0.796311640173813,0.7248340915057598
R_004501,7,2,6,6,0.8571428571428571,0.410116318288409,0.5916727785823274
R_004502,7,1,2,7,1.0,-0.0,0.0
R_004503,6,2,6,5,0.8333333333333334,0.45056120886630463,0.6500224216483541
R_004504,8,1,1,8,1.0,-0.0,0.0
R_004505,5,1,3,5,1.0,-0.0,0.0
R_004506,7,1,3,7,1.0,-0.0,0.0
R_004507,7,1,0,7,1.0,-0.0,0.0
R_004508,6,1,1,6,1.0,-0.0,0.0
R_004509,6,1,4,6,1.0,-0.0,0.0
R_004510,6,2,6,5,0.8333333333333334,0.45056120886630463,0.6500224216483541
R_004511,6,1,5,6,1.0,-0.0,0.0
R_004512,8,2,6,7,0.875,0.37677016125643675,0.5435644431995964
R_004513,7,3,6,5,0.7142857142857143,0.796311640173813,0.7248340915057598
R_004514,6,2,5,5,0.8333333333333334,0.45056120886630463,0.6500224216483541
R_004515,6,1,0,6,1.0,-0.0,0.0
R_004516,8,1,3,8,1.0,-0.0,0.0
R_004517,6,1,0,6,1.0,-0.0,0.0
R_004518,5,1,4,5,1.0,-0.0,0.0
R_004519,6,2,5,5,0.8333333333333334,0.45056120886630463,0.6500224216483541
R_004520,5,1,5,5,1.0,-0.0,0.0
R_004521,6,1,3,6,1.0,-0.0,0.0
R_004522,7,1,0,7,1.0,-0.0,0.0
R_004523,7,3,6,5,0.7142857142857143,0.796311640173813,0.7248340915057598
R_004524,6,1,0,6,1.0,-0.0,0.0
R_004525,8,2,5,7,0.875,0.37677016125643675,0.5435644431995964
R_004526,5,3,2,2,0.4,1.0549201679861442,0.9602297178607612
R_004527,7,4,7,4,0.5714285714285714,1.1537419427010902,0.8322488896002307
R_004528,7,1,1,7,1.0,-0.0,0.0
R_004529,5,2,7,3,0.6,0.6730116670092565,0.9709505944546688
R_004530,7,4,7,3,0.42857142857142855,1.277034259466139,0.9211854965885543
R_004531,5,1,1,5,1.0,-0.0,0.0
R_004532,7,4,7,4,0.5714285714285714,1.1537419427010902,0.8322488896002307
R_004533,6,1,0,6,1.0,-0.0,0.0
R_004534,6,1,4,6,1.0,-0.0,0.0
R_004535,6,3,6,4,0.6666666666666666,0.8675632284814612,0.7896900821428474
R_004536,8,4,7,4,0.5,1.2130075659799042,0.875
R_004537,6,3,6,4,0.6666666666666666,0.8675632284814612,0.7896900821428474
R_004538,8,2,5,7,0.875,0.37677016125643675,0.5435644431995964
R_004539,8,3,6,6,0.75,0.7356219397587946,0.6695919455357792
R_004540,6,1,4,6,1.0,-0.0,0.0
R_004541,5,1,3,5,1.0,-0.0,0.0
R_004542,7,1,0,7,1.0,-0.0,0.0
R_004543,6,2,6,5,0.8333333333333334,0.45056120886630463,0.6500224216483541
R_004544,6,1,0,6,1.0,-0.0,0.0
R_004545,8,1,2,8,1.0,-0.0,0.0
R_004546,6,1,6,6,1.0,-0.0,0.0
R_004547,8,1,2,8,1.0,-0.0,0.0
R_004548,8,1,1,8,1.0,-0.0,0.0
R_004549,8,1,1,8,1.0,-0.0,0.0
R_004550,6,2,6,5,0.8333333333333334,0.45056120886630463,0.6500224216483541
R_004551,8,1,3,8,1.0,-0.0,0.0
R_004552,7,1,2,7,1.0,-0.0,0.0
R_004553,6,1,1,6,1.0,-0.0,0.0
R_004554,6,1,3,6,1.0,-0.0,0.0
R_004555,5,2,5,4,0.8,0.5004024235381879,0.7219280948873623
R_004556,6,1,0,6,1.0,-0.0,0.0
R_004557,5,1,2,5,1.0,-0.0,0.0
R_004558,5,2,5,4,0.8,0.5004024235381879,0.7219280948873623
R_004559,5,1,1,5,1.0,-0.0,0.0
R_004560,7,1,0,7,1.0,-0.0,0.0
R_004561,7,1,4,7,1.0,-0.0,0.0
R_004562,5,1,5,5,1.0,-0.0,0.0
R_004563,5,2,5,4,0.8,0.5004024235381879,0.7219280948873623
R_004564,5,1,0,5,1.0,-0.0,0.0
R_004565,6,1,5,6,1.0,-0.0,0.0
R_004566,8,1,4,8,1.0,-0.0,0.0
R_004567,7,1,0,7,1.0,-0.0,0.0
R_004568,6,1,2,6,1.0,-0.0,0.0
R_004569,5,1,2,5,1.0,-0.0,0.0
R_004570,6,1,2,6,1.0,-0.0,0.0
R_004571,6,1,5,6,1.0,-0.0,0.0
R_004572,5,1,3,5,1.0,-0.0,0.0
R_004573,5,2,7,4,0.8,0.5004024235381879,0.7219280948873623
R_004574,6,1,4,6,1.0,-0.0,0.0
R_004575,5,1,4,5,1.0,-0.0,0.0
R_004576,6,1,0,6,1.0,-0.0,0.0
R_004577,8,4,7,4,0.5,1.2130075659799042,0.875
R_004578,5,1,3,5,1.0,-0.0,0.0
R_004579,8,1,1,8,1.0,-0.0,0.0
R_004580,5,1,1,5,1.0,-0.0,0.0
R_004581,7,2,5,6,0.8571428571428571,0.410116318288409,0.5916727785823274
R_004582,7,1,3,7,1.0,-0.0,0.0
R_004583,8,1,3,8,1.0,-0.0,0.0
R_004584,6,1,0,6,1.0,-0.0,0.0
R_004585,6,3,6,4,0.6666666666666666,0.8675632284814612,0.7896900821428474
R_004586,6,1,4,6,1.0,-0.0,0.0
R_004587,7,1,0,7,1.0,-0.0,0.0
R_004588,5,3,6,3,0.6,0.9502705392332347,0.8649735207179272
R_004589,8,1,3,8,1.0,-0.0,0.0
R_004590,7,1,3,7,1.0,-0.0,0.0
R_004591,8,1,1,8,1.0,-0.0,0.0
R_004592,8,1,5,8,1.0,-0.0,0.0
R_004593,5,1,2,5,1.0,-0.0,0.0
R_004594,7,1,3,7,1.0,-0.0,0.0
R_004595,7,3,7,5,0.7142857142857143,0.796311640173813,0.7248340915057598
R_004596,5,1,0,5,1.0,-0.0,0.0
R_004597,6,1,1,6,1.0,-0.0,0.0
R_004598,7,3,7,5,0.7142857142857143,0.796311640173813,0.7248340915057598
R_004599,6,1,0,6,1.0,-0.0,0.0
R_004600,6,1,1,6,1.0,-0.0,0.0
R_004601,8,1,2,8,1.0,-0.0,0.0
R_004602,7,2,5,6,0.8571428571428571,0.410116318288409,0.5916727785823274
R_004603,5,1,3,5,1.0,-0.0,0.0
R_004604,8,1,0,8,1.0,-0.0,0.0
R_004605,8,1,1,8,1.0,-0.0,0.0
R_004606,7,1,2,7,1.0,-0.0,0.0
R_004607,5,1,1,5,1.0,-0.0,0.0
R_004608,8,1,0,8,1.0,-0.0,0.0
R_004609,5,1,1,5,1.0,-0.0,0.0
R_004610,8,1,3,8,1.0,-0.0,0.0
R_004611,7,2,7,5,0.7142857142857143,0.5982695885852573,0.8631205685666311
R_004612,5,2,7,3,0.6,0.6730116670092565,0.9709505944546688
R_004613,7,1,4,7,1.0,-0.0,0.0
R_004614,8,4,7,4,0.5,1.2130075659799042,0.875
R_004615,7,1,0,7,1.0,-0.0,0.0
R_004616,5,3,6,3,0.6,0.9502705392332347,0.8649735207179272
R_004617,6,1,1,6,1.0,-0.0,0.0
R_004618,6,1,1,6,1.0,-0.0,0.0
R_004619,7,2,6,6,0.8571428571428571,0.410116318288409,0.5916727785823274
R_004620,5,1,1,5,1.0,-0.0,0.0
R_004621,5,2,6,4,0.8,0.5004024235381879,0.7219280948873623
R_004622,8,1,2,8,1.0,-0.0,0.0
R_004623,8,1,4,8,1.0,-0.0,0.0
R_004624,8,1,4,8,1.0,-0.0,0.0
R_004625,8,1,3,8,1.0,-0.0,0.0
R_004626,8,1,1,8,1.0,-0.0,0.0
R_004627,6,1,0,6,1.0,-0.0,0.0
R_004628,8,1,5,8,1.0,-0.0,0.0
R_004629,6,1,4,6,1.0,-0.0,0.0
R_004630,6,1,5,6,1.0,-0.0,0.0
R_004631,7,1,2,7,1.0,-0.0,0.0
R_004632,7,1,0,7,1.0,-0.0,0.0
R_004633,8,2,5,7,0.875,0.37677016125643675,0.5435644431995964
R_004634,7,1,3,7,1.0,-0.0,0.0
R_004635,7,2,6,6,0.8571428571428571,0.410116318288409,0.5916727785823274
R_004636,8,1,1,8,1.0,-0.0,0.0
R_004637,7,3,6,5,0.7142857142857143,0.796311640173813,0.7248340915057598
R_004638,5,1,2,5,1.0,-0.0,0.0
R_004639,6,1,4,6,1.0,-0.0,0.0
R_004640,5,1,0,5,1.0,-0.0,0.0
R_004641,7,2,5,6,0.8571428571428571,0.410116318288409,0.5916727785823274
R_004642,7,1,3,7,1.0,-0.0,0.0
R_004643,8,1,0,8,1.0,-0.0,0.0
R_004644,7,4,7,4,0.5714285714285714,1.1537419427010902,0.8322488896002307
R_004645,6,1,1,6,1.0,-0.0,0.0
R_004646,5,1,0,5,1.0,-0.0,0.0
R_004647,5,1,1,5,1.0,-0.0,0.0
R_004648,7,1,1,7,1.0,-0.0,0.0
R_004649,8,2,6,7,0.875,0.37677016125643675,0.5435644431995964
R_004650,8,1,0,8,1.0,-0.0,0.0
R_004651,5,1,1,5,1.0,-0.0,0.0
R_004652,8,1,2,8,1.0,-0.0,0.0
R_004653,6,1,4,6,1.0,-0.0,0.0
R_004654,8,3,7,6,0.75,0.7356219397587946,0.6695919455357792
R_004655,8,2,7,6,0.75,0.5623351446188083,0.8112781244591328
R_004656,5,3,7,3,0.6,0.9502705392332347,0.8649735207179272
R_004657,6,1,0,6,1.0,-0.0,0.0
R_004658,8,1,4,8,1.0,-0.0,0.0
R_004659,7,1,4,7,1.0,-0.0,0.0
R_004660,6,1,3,6,1.0,-0.0,0.0
R_004661,6,2,6,5,0.8333333333333334,0.45056120886630463,0.6500224216483541
R_004662,5,1,6,5,1.0,-0.0,0.0
R_004663,8,2,5,7,0.875,0.37677016125643675,0.5435644431995964
R_004664,6,1,5,6,1.0,-0.0,0.0
R_004665,6,1,0,6,1.0,-0.0,0.0
R_004666,5,4,7,2,0.4,1.3321790402101223,0.9609640474436812
R_004667,6,3,6,4,0.6666666666666666,0.8675632284814612,0.7896900821428474
R_004668,7,1,1,7,1.0,-0.0,0.0
R_004669,7,1,4,7,1.0,-0.0,0.0
R_004670,5,1,2,5,1.0,-0.0,0.0
R_004671,5,4,7,2,0.4,1.3321790402101223,0.9609640474436812
R_004672,5,2,6,4,0.8,0.5004024235381879,0.7219280948873623
R_004673,7,1,3,7,1.0,-0.0,0.0
R_004674,5,2,5,4,0.8,0.5004024235381879,0.7219280948873623
R_004675,7,1,2,7,1.0,-0.0,0.0
R_004676,6,1,0,6,1.0,-0.0,0.0
R_004677,5,1,3,5,1.0,-0.0,0.0
R_004678,8,4,7,5,0.625,1.073542846408523,0.7743974703476992
R_004679,5,1,0,5,1.0,-0.0,0.0
R_004680,7,1,4,7,1.0,-0.0,0.0
R_004681,5,1,2,5,1.0,-0.0,0.0
R_004682,6,4,2,2,0.3333333333333333,1.3296613488547582,0.9591479170272448
R_004683,6,2,5,5,0.8333333333333334,0.45056120886630463,0.6500224216483541
R_004684,5,4,7,2,0.4,1.3321790402101223,0.9609640474436812
R_004685,8,3,7,6,0.75,0.7356219397587946,0.6695919455357792
R_004686,8,1,4,8,1.0,-0.0,0.0
R_004687,7,2,7,5,0.7142857142857143,0.5982695885852573,0.8631205685666311
R_004688,6,1,1,6,1.0,-0.0,0.0
R_004689,5,2,5,4,0.8,0.5004024235381879,0.7219280948873623
R_004690,5,1,5,5,1.0,-0.0,0.0
R_004691,6,1,0,6,1.0,-0.0,0.0
R_004692,5,3,7,3,0.6,0.9502705392332347,0.8649735207179272
R_004693,8,4,7,4,0.5,1.2130075659799042,0.875
R_004694,8,1,4,8,1.0,-0.0,0.0
R_004695,5,1,0,5,1.0,-0.0,0.0
R_004696,6,1,2,6,1.0,-0.0,0.0
R_004697,8,1,3,8,1.0,-0.0,0.0
R_004698,8,1,3,8,1.0,-0.0,0.0
R_004699,6,2,6,5,0.8333333333333334,0.45056120886630463,0.6500224216483541
R_004700,6,2,5,5,0.8333333333333334,0.45056120886630463,0.6500224216483541
R_004701,7,4,7,3,0.42857142857142855,1.277034259466139,0.9211854965885543
R_004702,8,4,7,4,0.5,1.2130075659799042,0.875
R_004703,6,3,7,4,0.6666666666666666,0.8675632284814612,0.7896900821428474
R_004704,5,1,1,5,1.0,-0.0,0.0
R_004705,7,1,2,7,1.0,-0.0,0.0
R_004706,5,1,5,5,1.0,-0.0,0.0
R_004707,7,1,4,7,1.0,-0.0,0.0
R_004708,5,1,1,5,1.0,-0.0,0.0
R_004709,6,1,6,6,1.0,-0.0,0.0
R_004710,5,3,7,3,0.6,0.9502705392332347,0.8649735207179272
R_004711,8,1,2,8,1.0,-0.0,0.0
R_004712,8,4,7,5,0.625,1.073542846408523,0.7743974703476992
R_004713,8,2,6,7,0.875,0.37677016125643675,0.5435644431995964
R_004714,8,2,5,7,0.875,0.37677016125643675,0.5435644431995964
R_004715,7,2,7,6,0.8571428571428571,0.410116318288409,0.5916727785823274
R_004716,8,2,6,7,0.875,0.37677016125643675,0.5435644431995964
R_004717,6,1,0,6,1.0,-0.0,0.0
R_004718,6,1,1,6,1.0,-0.0,0.0
R_004719,8,1,5,8,1.0,-0.0,0.0
R_004720,8,4,7,4,0.5,1.2130075659799042,0.875
R_004721,5,2,5,4,0.8,0.5004024235381879,0.7219280948873623
R_004722,7,2,6,6,0.8571428571428571,0.410116318288409,0.5916727785823274
R_004723,6,1,3,6,1.0,-0.0,0.0
R_004724,7,1,0,7,1.0,-0.0,0.0
R_004725,5,1,6,5,1.0,-0.0,0.0
R_004726,6,1,3,6,1.0,-0.0,0.0
R_004727,5,1,4,5,1.0,-0.0,0.0
R_004728,7,1,0,7,1.0,-0.0,0.0
R_004729,6,1,2,6,1.0,-0.0,0.0
R_004730,6,1,0,6,1.0,-0.0,0.0
R_004731,8,2,5,7,0.875,0.37677016125643675,0.5435644431995964
R_004732,5,1,0,5,1.0,-0.0,0.0
R_004733,8,2,5,7,0.875,0.37677016125643675,0.5435644431995964
R_004734,7,1,1,7,1.0,-0.0,0.0
R_004735,7,1,2,7,1.0,-0.0,0.0
R_004736,5,1,4,5,1.0,-0.0,0.0
R_004737,5,1,1,5,1.0,-0.0,0.0
R_004738,7,1,2,7,1.0,-0.0,0.0
R_004739,7,1,1,7,1.0,-0.0,0.0
R_004740,7,2,6,6,0.8571428571428571,0.410116318288409,0.5916727785823274
R_004741,5,2,6,4,0.8,0.5004024235381879,0.7219280948873623
R_004742,8,2,5,7,0.875,0.37677016125643675,0.5435644431995964
R_004743,7,2,5,6,0.8571428571428571,0.410116318288409,0.5916727785823274
R_004744,7,1,0,7,1.0,-0.0,0.0
R_004745,6,1,0,6,1.0,-0.0,0.0
R_004746,6,1,0,6,1.0,-0.0,0.0
R_004747,6,1,6,6,1.0,-0.0,0.0
R_004748,8,1,2,8,1.0,-0.0,0.0
R_004749,6,1,0,6,1.0,-0.0,0.0
R_004750,5,1,2,5,1.0,-0.0,0.0
R_004751,7,4,7,4,0.5714285714285714,1.1537419427010902,0.8322488896002307
R_004752,5,1,2,5,1.0,-0.0,0.0
R_004753,7,1,3,7,1.0,-0.0,0.0
R_004754,5,1,3,5,1.0,-0.0,0.0
R_004755,5,1,4,5,1.0,-0.0,0.0
R_004756,6,1,3,6,1.0,-0.0,0.0
R_004757,7,1,4,7,1.0,-0.0,0.0
R_004758,7,1,3,7,1.0,-0.0,0.0
R_004759,8,3,7,6,0.75,0.7356219397587946,0.6695919455357792
R_004760,8,1,1,8,1.0,-0.0,0.0
R_004761,5,1,0,5,1.0,-0.0,0.0
R_004762,5,1,1,5,1.0,-0.0,0.0
R_004763,6,1,3,6,1.0,-0.0,0.0
R_004764,6,1,1,6,1.0,-0.0,0.0
R_004765,5,1,0,5,1.0,-0.0,0.0
R_004766,5,1,4,5,1.0,-0.0,0.0
R_004767,8,1,4,8,1.0,-0.0,0.0
R_004768,7,1,1,7,1.0,-0.0,0.0
R_004769,8,2,5,7,0.875,0.37677016125643675,0.5435644431995964
R_004770,5,1,3,5,1.0,-0.0,0.0
R_004771,7,3,7,4,0.5714285714285714,0.9556998911125343,0.8699155297736259
R_004772,8,2,5,7,0.875,0.37677016125643675,0.5435644431995964
R_004773,8,1,2,8,1.0,-0.0,0.0
R_004774,5,2,6,4,0.8,0.5004024235381879,0.7219280948873623
R_004775,5,1,3,5,1.0,-0.0,0.0
R_004776,6,1,2,6,1.0,-0.0,0.0
R_004777,7,1,0,7,1.0,-0.0,0.0
R_004778,5,3,2,2,0.4,1.0549201679861442,0.9602297178607612
R_004779,7,1,3,7,1.0,-0.0,0.0
R_004780,5,1,2,5,1.0,-0.0,0.0
R_004781,6,1,5,6,1.0,-0.0,0.0
R_004782,7,1,4,7,1.0,-0.0,0.0
R_004783,6,1,3,6,1.0,-0.0,0.0
R_004784,5,1,5,5,1.0,-0.0,0.0
R_004785,8,1,3,8,1.0,-0.0,0.0
R_004786,6,1,3,6,1.0,-0.0,0.0
R_004787,5,2,5,4,0.8,0.5004024235381879,0.7219280948873623
R_004788,7,1,2,7,1.0,-0.0,0.0
R_004789,6,3,7,3,0.5,1.0114042647073518,0.920619835714305
R_004790,7,4,7,3,0.42857142857142855,1.277034259466139,0.9211854965885543
R_004791,5,1,2,5,1.0,-0.0,0.0
R_004792,5,1,6,5,1.0,-0.0,0.0
R_004793,8,1,2,8,1.0,-0.0,0.0
R_004794,6,1,2,6,1.0,-0.0,0.0
R_004795,6,1,5,6,1.0,-0.0,0.0
R_004796,5,1,5,5,1.0,-0.0,0.0
R_004797,7,2,5,6,0.8571428571428571,0.410116318288409,0.5916727785823274
R_004798,6,3,7,4,0.6666666666666666,0.8675632284814612,0.7896900821428474
R_004799,7,1,0,7,1.0,-0.0,0.0
R_004800,8,1,3,8,1.0,-0.0,0.0
R_004801,6,1,5,6,1.0,-0.0,0.0
R_004802,8,1,1,8,1.0,-0.0,0.0
R_004803,6,1,1,6,1.0,-0.0,0.0
R_004804,5,1,1,5,1.0,-0.0,0.0
R_004805,5,1,1,5,1.0,-0.0,0.0
R_004806,7,1,1,7,1.0,-0.0,0.0
R_004807,7,1,2,7,1.0,-0.0,0.0
R_004808,6,1,3,6,1.0,-0.0,0.0
R_004809,7,2,6,6,0.8571428571428571,0.410116318288409,0.5916727785823274
R_004810,7,1,0,7,1.0,-0.0,0.0
R_004811,8,1,0,8,1.0,-0.0,0.0
R_004812,5,2,5,4,0.8,0.5004024235381879,0.7219280948873623
R_004813,8,1,1,8,1.0,-0.0,0.0
R_004814,7,1,3,7,1.0,-0.0,0.0
R_004815,8,1,0,8,1.0,-0.0,0.0
R_004816,8,1,0,8,1.0,-0.0,0.0
R_004817,5,1,5,5,1.0,-0.0,0.0
R_004818,5,2,5,4,0.8,0.5004024235381879,0.7219280948873623
R_004819,7,1,2,7,1.0,-0.0,0.0
R_004820,7,1,2,7,1.0,-0.0,0.0
R_004821,7,1,0,7,1.0,-0.0,0.0
R_004822,5,1,5,5,1.0,-0.0,0.0
R_004823,7,1,2,7,1.0,-0.0,0.0
R_004824,7,1,3,7,1.0,-0.0,0.0
R_004825,8,1,0,8,1.0,-0.0,0.0
R_004826,6,1,2,6,1.0,-0.0,0.0
R_004827,7,1,1,7,1.0,-0.0,0.0
R_004828,5,3,6,3,0.6,0.9502705392332347,0.8649735207179272
R_004829,7,2,6,6,0.8571428571428571,0.410116318288409,0.5916727785823274
R_004830,6,1,1,6,1.0,-0.0,0.0
R_004831,8,1,0,8,1.0,-0.0,0.0
R_004832,8,1,3,8,1.0,-0.0,0.0
R_004833,8,1,4,8,1.0,-0.0,0.0
R_004834,6,3,6,4,0.6666666666666666,0.8675632284814612,0.7896900821428474
R_004835,6,2,5,5,0.8333333333333334,0.45056120886630463,0.6500224216483541
R_004836,7,2,5,6,0.8571428571428571,0.410116318288409,0.5916727785823274
R_004837,5,1,1,5,1.0,-0.0,0.0
R_004838,5,1,3,5,1.0,-0.0,0.0
R_004839,5,3,7,3,0.6,0.9502705392332347,0.8649735207179272
R_004840,6,2,5,5,0.8333333333333334,0.45056120886630463,0.6500224216483541
R_004841,6,2,5,5,0.8333333333333334,0.45056120886630463,0.6500224216483541
R_004842,5,1,1,5,1.0,-0.0,0.0
R_004843,6,2,5,5,0.8333333333333334,0.45056120886630463,0.6500224216483541
R_004844,5,2,6,4,0.8,0.5004024235381879,0.7219280948873623
R_004845,5,2,5,4,0.8,0.5004024235381879,0.7219280948873623
R_004846,5,1,2,5,1.0,-0.0,0.0
R_004847,5,2,7,4,0.8,0.5004024235381879,0.7219280948873623
R_004848,7,3,7,5,0.7142857142857143,0.796311640173813,0.7248340915057598
R_004849,7,2,5,6,0.8571428571428571,0.410116318288409,0.5916727785823274
R_004850,5,1,4,5,1.0,-0.0,0.0
R_004851,8,3,6,6,0.75,0.7356219397587946,0.6695919455357792
R_004852,6,2,5,5,0.8333333333333334,0.45056120886630463,0.6500224216483541
R_004853,8,1,3,8,1.0,-0.0,0.0
R_004854,8,1,0,8,1.0,-0.0,0.0
R_004855,6,1,5,6,1.0,-0.0,0.0
R_004856,6,1,5,6,1.0,-0.0,0.0
R_004857,7,1,1,7,1.0,-0.0,0.0
R_004858,6,1,3,6,1.0,-0.0,0.0
R_004859,7,1,0,7,1.0,-0.0,0.0
R_004860,6,1,5,6,1.0,-0.0,0.0
R_004861,7,1,3,7,1.0,-0.0,0.0
R_004862,8,1,2,8,1.0,-0.0,0.0
R_004863,6,2,5,5,0.8333333333333334,0.45056120886630463,0.6500224216483541
R_004864,5,1,4,5,1.0,-0.0,0.0
R_004865,5,1,5,5,1.0,-0.0,0.0
R_004866,5,1,3,5,1.0,-0.0,0.0
R_004867,7,1,2,7,1.0,-0.0,0.0
R_004868,8,1,2,8,1.0,-0.0,0.0
R_004869,6,1,3,6,1.0,-0.0,0.0
R_004870,6,1,4,6,1.0,-0.0,0.0
R_004871,5,1,2,5,1.0,-0.0,0.0
R_004872,6,1,1,6,1.0,-0.0,0.0
R_004873,5,1,6,5,1.0,-0.0,0.0
R_004874,6,3,7,4,0.6666666666666666,0.8675632284814612,0.7896900821428474
R_004875,6,1,3,6,1.0,-0.0,0.0
R_004876,8,1,3,8,1.0,-0.0,0.0
R_004877,5,1,1,5,1.0,-0.0,0.0
R_004878,8,2,5,7,0.875,0.37677016125643675,0.5435644431995964
R_004879,5,1,0,5,1.0,-0.0,0.0
R_004880,5,2,6,4,0.8,0.5004024235381879,0.7219280948873623
R_004881,8,1,4,8,1.0,-0.0,0.0
R_004882,5,1,0,5,1.0,-0.0,0.0
R_004883,6,1,2,6,1.0,-0.0,0.0
R_004884,5,1,0,5,1.0,-0.0,0.0
R_004885,5,2,5,4,0.8,0.5004024235381879,0.7219280948873623
R_004886,6,1,4,6,1.0,-0.0,0.0
R_004887,5,1,1,5,1.0,-0.0,0.0
R_004888,6,1,2,6,1.0,-0.0,0.0
R_004889,6,2,5,5,0.8333333333333334,0.45056120886630463,0.6500224216483541
R_004890,7,1,2,7,1.0,-0.0,0.0
R_004891,6,3,6,4,0.6666666666666666,0.8675632284814612,0.7896900821428474
R_004892,7,4,7,3,0.42857142857142855,1.277034259466139,0.9211854965885543
R_004893,5,1,1,5,1.0,-0.0,0.0
R_004894,8,1,3,8,1.0,-0.0,0.0
R_004895,5,2,5,4,0.8,0.5004024235381879,0.7219280948873623
R_004896,6,1,1,6,1.0,-0.0,0.0
R_004897,7,2,5,6,0.8571428571428571,0.410116318288409,0.5916727785823274
R_004898,7,4,7,3,0.42857142857142855,1.277034259466139,0.9211854965885543
R_004899,6,1,4,6,1.0,-0.0,0.0
R_004900,5,1,6,5,1.0,-0.0,0.0
R_004901,5,1,1,5,1.0,-0.0,0.0
R_004902,5,1,0,5,1.0,-0.0,0.0
R_004903,5,1,3,5,1.0,-0.0,0.0
R_004904,5,2,5,4,0.8,0.5004024235381879,0.7219280948873623
R_004905,7,1,2,7,1.0,-0.0,0.0
R_004906,6,1,2,6,1.0,-0.0,0.0
R_004907,6,2,6,5,0.8333333333333334,0.45056120886630463,0.6500224216483541
R_004908,7,1,0,7,1.0,-0.0,0.0
R_004909,5,1,6,5,1.0,-0.0,0.0
R_004910,8,4,7,5,0.625,1.073542846408523,0.7743974703476992
R_004911,7,1,1,7,1.0,-0.0,0.0
R_004912,7,1,2,7,1.0,-0.0,0.0
R_004913,6,1,3,6,1.0,-0.0,0.0
R_004914,6,1,3,6,1.0,-0.0,0.0
R_004915,6,1,4,6,1.0,-0.0,0.0
R_004916,6,1,1,6,1.0,-0.0,0.0
R_004917,8,3,7,6,0.75,0.7356219397587946,0.6695919455357792
R_004918,6,1,4,6,1.0,-0.0,0.0
R_004919,6,1,2,6,1.0,-0.0,0.0
R_004920,8,1,1,8,1.0,-0.0,0.0
R_004921,5,2,5,4,0.8,0.5004024235381879,0.7219280948873623
R_004922,8,2,6,7,0.875,0.37677016125643675,0.5435644431995964
R_004923,8,1,4,8,1.0,-0.0,0.0
R_004924,5,1,2,5,1.0,-0.0,0.0
R_004925,5,2,6,4,0.8,0.5004024235381879,0.7219280948873623
R_004926,5,1,3,5,1.0,-0.0,0.0
R_004927,6,1,0,6,1.0,-0.0,0.0
R_004928,8,3,7,6,0.75,0.7356219397587946,0.6695919455357792
R_004929,8,3,6,6,0.75,0.7356219397587946,0.6695919455357792
R_004930,6,4,2,2,0.3333333333333333,1.3296613488547582,0.9591479170272448
R_004931,5,1,3,5,1.0,-0.0,0.0
R_004932,5,1,4,5,1.0,-0.0,0.0
R_004933,7,1,3,7,1.0,-0.0,0.0
R_004934,8,1,3,8,1.0,-0.0,0.0
R_004935,8,1,4,8,1.0,-0.0,0.0
R_004936,6,1,4,6,1.0,-0.0,0.0
R_004937,5,3,6,3,0.6,0.9502705392332347,0.8649735207179272
R_004938,6,1,4,6,1.0,-0.0,0.0
R_004939,8,3,6,6,0.75,0.7356219397587946,0.6695919455357792
R_004940,7,1,1,7,1.0,-0.0,0.0
R_004941,5,1,3,5,1.0,-0.0,0.0
R_004942,6,1,3,6,1.0,-0.0,0.0
R_004943,8,1,0,8,1.0,-0.0,0.0
R_004944,7,3,7,4,0.5714285714285714,0.9556998911125343,0.8699155297736259
R_004945,7,1,0,7,1.0,-0.0,0.0
R_004946,6,1,0,6,1.0,-0.0,0.0
R_004947,8,4,7,5,0.625,1.073542846408523,0.7743974703476992
R_004948,6,1,4,6,1.0,-0.0,0.0
R_004949,7,1,6,7,1.0,-0.0,0.0
R_004950,6,1,3,6,1.0,-0.0,0.0
R_004951,7,2,6,6,0.8571428571428571,0.410116318288409,0.5916727785823274
R_004952,6,1,3,6,1.0,-0.0,0.0
R_004953,8,1,1,8,1.0,-0.0,0.0
R_004954,6,2,6,5,0.8333333333333334,0.45056120886630463,0.6500224216483541
R_004955,6,1,6,6,1.0,-0.0,0.0
R_004956,5,2,7,4,0.8,0.5004024235381879,0.7219280948873623
R_004957,5,1,3,5,1.0,-0.0,0.0
R_004958,8,1,2,8,1.0,-0.0,0.0
R_004959,7,1,0,7,1.0,-0.0,0.0
R_004960,5,1,4,5,1.0,-0.0,0.0
R_004961,6,1,1,6,1.0,-0.0,0.0
R_004962,8,1,0,8,1.0,-0.0,0.0
R_004963,8,4,7,5,0.625,1.073542846408523,0.7743974703476992
R_004964,5,1,2,5,1.0,-0.0,0.0
R_004965,6,3,7,3,0.5,1.0114042647073518,0.920619835714305
R_004966,8,1,4,8,1.0,-0.0,0.0
R_004967,8,1,2,8,1.0,-0.0,0.0
R_004968,5,1,0,5,1.0,-0.0,0.0
R_004969,7,1,0,7,1.0,-0.0,0.0
R_004970,6,1,1,6,1.0,-0.0,0.0
R_004971,5,1,2,5,1.0,-0.0,0.0
R_004972,6,1,0,6,1.0,-0.0,0.0
R_004973,8,1,4,8,1.0,-0.0,0.0
R_004974,7,1,2,7,1.0,-0.0,0.0
R_004975,8,1,3,8,1.0,-0.0,0.0
R_004976,8,1,5,8,1.0,-0.0,0.0
R_004977,6,1,0,6,1.0,-0.0,0.0
R_004978,5,1,0,5,1.0,-0.0,0.0
R_004979,5,1,0,5,1.0,-0.0,0.0
R_004980,8,2,5,7,0.875,0.37677016125643675,0.5435644431995964
R_004981,7,1,5,7,1.0,-0.0,0.0
R_004982,6,1,1,6,1.0,-0.0,0.0
R_004983,8,1,0,8,1.0,-0.0,0.0
R_004984,5,2,6,4,0.8,0.5004024235381879,0.7219280948873623
R_004985,6,1,2,6,1.0,-0.0,0.0
R_004986,5,1,1,5,1.0,-0.0,0.0
R_004987,8,3,6,6,0.75,0.7356219397587946,0.6695919455357792
R_004988,7,1,4,7,1.0,-0.0,0.0
R_004989,6,1,0,6,1.0,-0.0,0.0
R_004990,7,3,7,5,0.7142857142857143,0.796311640173813,0.7248340915057598
R_004991,8,1,0,8,1.0,-0.0,0.0
R_004992,8,1,3,8,1.0,-0.0,0.0
R_004993,7,1,0,7,1.0,-0.0,0.0
R_004994,5,1,3,5,1.0,-0.0,0.0
R_004995,7,2,7,5,0.7142857142857143,0.5982695885852573,0.8631205685666311
R_004996,7,2,5,6,0.8571428571428571,0.410116318288409,0.5916727785823274
R_004997,6,1,3,6,1.0,-0.0,0.0
R_004998,7,1,0,7,1.0,-0.0,0.0
R_004999,7,1,5,7,1.0,-0.0,0.0
R_005000,7,1,0,7,1.0,-0.0,0.0
R_005001,7,4,7,4,0.5714285714285714,1.1537419427010902,0.8322488896002307
R_005002,5,3,7,3,0.6,0.9502705392332347,0.8649735207179272
R_005003,7,1,1,7,1.0,-0.0,0.0
R_005004,6,2,7,4,0.6666666666666666,0.6365141682948128,0.9182958340544894
R_005005,8,2,5,7,0.875,0.37677016125643675,0.5435644431995964
R_005006,5,1,1,5,1.0,-0.0,0.0
R_005007,7,3,7,4,0.5714285714285714,0.9556998911125343,0.8699155297736259
R_005008,7,3,7,5,0.7142857142857143,0.796311640173813,0.7248340915057598
R_005009,7,1,3,7,1.0,-0.0,0.0
R_005010,8,1,0,8,1.0,-0.0,0.0
R_005011,5,3,6,3,0.6,0.9502705392332347,0.8649735207179272
R_005012,6,1,2,6,1.0,-0.0,0.0
R_005013,5,2,5,4,0.8,0.5004024235381879,0.7219280948873623
R_005014,7,1,4,7,1.0,-0.0,0.0
R_005015,8,1,0,8,1.0,-0.0,0.0
R_005016,6,1,3,6,1.0,-0.0,0.0
R_005017,7,2,5,6,0.8571428571428571,0.410116318288409,0.5916727785823274
R_005018,7,1,1,7,1.0,-0.0,0.0
R_005019,8,1,0,8,1.0,-0.0,0.0
R_005020,5,1,5,5,1.0,-0.0,0.0
R_005021,8,1,2,8,1.0,-0.0,0.0
R_005022,5,1,2,5,1.0,-0.0,0.0
R_005023,5,2,5,4,0.8,0.5004024235381879,0.7219280948873623
R_005024,7,1,2,7,1.0,-0.0,0.0
R_005025,7,1,2,7,1.0,-0.0,0.0
R_005026,6,1,6,6,1.0,-0.0,0.0
R_005027,6,2,5,5,0.8333333333333334,0.45056120886630463,0.6500224216483541
R_005028,6,1,0,6,1.0,-0.0,0.0
R_005029,5,1,5,5,1.0,-0.0,0.0
R_005030,5,1,1,5,1.0,-0.0,0.0
R_005031,8,1,1,8,1.0,-0.0,0.0
R_005032,5,1,4,5,1.0,-0.0,0.0
R_005033,5,1,2,5,1.0,-0.0,0.0
R_005034,6,1,5,6,1.0,-0.0,0.0
R_005035,8,1,3,8,1.0,-0.0,0.0
R_005036,5,1,4,5,1.0,-0.0,0.0
R_005037,5,1,3,5,1.0,-0.0,0.0
R_005038,5,1,2,5,1.0,-0.0,0.0
R_005039,8,1,0,8,1.0,-0.0,0.0
R_005040,5,1,5,5,1.0,-0.0,0.0
R_005041,5,1,1,5,1.0,-0.0,0.0
R_005042,8,1,0,8,1.0,-0.0,0.0
R_005043,6,2,6,5,0.8333333333333334,0.45056120886630463,0.6500224216483541
R_005044,7,2,6,6,0.8571428571428571,0.410116318288409,0.5916727785823274
R_005045,5,2,6,4,0.8,0.5004024235381879,0.7219280948873623
R_005046,8,1,0,8,1.0,-0.0,0.0
R_005047,7,1,0,7,1.0,-0.0,0.0
R_005048,5,1,5,5,1.0,-0.0,0.0
R_005049,8,1,4,8,1.0,-0.0,0.0
R_005050,6,1,0,6,1.0,-0.0,0.0
R_005051,7,2,6,6,0.8571428571428571,0.410116318288409,0.5916727785823274
R_005052,5,2,7,4,0.8,0.5004024235381879,0.7219280948873623
R_005053,5,2,6,4,0.8,0.5004024235381879,0.7219280948873623
R_005054,7,1,3,7,1.0,-0.0,0.0
R_005055,8,3,7,5,0.625,0.9002560512685369,0.8194483718728035
R_005056,7,1,4,7,1.0,-0.0,0.0
R_005057,6,1,2,6,1.0,-0.0,0.0
R_005058,7,1,2,7,1.0,-0.0,0.0
R_005059,5,3,7,3,0.6,0.9502705392332347,0.8649735207179272
R_005060,7,1,1,7,1.0,-0.0,0.0
R_005061,6,2,6,5,0.8333333333333334,0.45056120886630463,0.6500224216483541
R_005062,5,1,0,5,1.0,-0.0,0.0
R_005063,6,1,3,6,1.0,-0.0,0.0
R_005064,6,1,4,6,1.0,-0.0,0.0
R_005065,8,4,7,4,0.5,1.2130075659799042,0.875
R_005066,6,1,0,6,1.0,-0.0,0.0
R_005067,8,1,1,8,1.0,-0.0,0.0
R_005068,7,1,0,7,1.0,-0.0,0.0
R_005069,5,1,4,5,1.0,-0.0,0.0
R_005070,7,2,5,6,0.8571428571428571,0.410116318288409,0.5916727785823274
R_005071,8,1,3,8,1.0,-0.0,0.0
R_005072,6,1,2,6,1.0,-0.0,0.0
R_005073,8,1,4,8,1.0,-0.0,0.0
R_005074,5,2,6,4,0.8,0.5004024235381879,0.7219280948873623
R_005075,7,1,2,7,1.0,-0.0,0.0
R_005076,6,2,6,5,0.8333333333333334,0.45056120886630463,0.6500224216483541
R_005077,7,2,5,6,0.8571428571428571,0.410116318288409,0.5916727785823274
R_005078,6,4,2,2,0.3333333333333333,1.3296613488547582,0.9591479170272448
R_005079,8,1,4,8,1.0,-0.0,0.0
R_005080,8,1,3,8,1.0,-0.0,0.0
R_005081,6,2,5,5,0.8333333333333334,0.45056120886630463,0.6500224216483541
R_005082,6,1,2,6,1.0,-0.0,0.0
R_005083,7,1,4,7,1.0,-0.0,0.0
R_005084,6,1,5,6,1.0,-0.0,0.0
R_005085,5,3,7,3,0.6,0.9502705392332347,0.8649735207179272
R_005086,8,1,0,8,1.0,-0.0,0.0
R_005087,5,1,4,5,1.0,-0.0,0.0
R_005088,8,1,2,8,1.0,-0.0,0.0
R_005089,8,2,5,7,0.875,0.37677016125643675,0.5435644431995964
R_005090,7,1,1,7,1.0,-0.0,0.0
R_005091,8,3,6,6,0.75,0.7356219397587946,0.6695919455357792
R_005092,6,2,6,5,0.8333333333333334,0.45056120886630463,0.6500224216483541
R_005093,8,2,5,7,0.875,0.37677016125643675,0.5435644431995964
R_005094,5,1,3,5,1.0,-0.0,0.0
R_005095,7,1,0,7,1.0,-0.0,0.0
R_005096,8,4,7,5,0.625,1.073542846408523,0.7743974703476992
R_005097,8,1,3,8,1.0,-0.0,0.0
R_005098,6,1,3,6,1.0,-0.0,0.0
R_005099,7,3,7,5,0.7142857142857143,0.796311640173813,0.7248340915057598
R_005100,8,1,4,8,1.0,-0.0,0.0
R_005101,8,2,7,6,0.75,0.5623351446188083,0.8112781244591328
R_005102,5,1,2,5,1.0,-0.0,0.0
R_005103,8,1,0,8,1.0,-0.0,0.0
R_005104,5,1,0,5,1.0,-0.0,0.0
R_005105,6,1,1,6,1.0,-0.0,0.0
R_005106,7,1,3,7,1.0,-0.0,0.0
R_005107,5,1,3,5,1.0,-0.0,0.0
R_005108,7,1,4,7,1.0,-0.0,0.0
R_005109,7,2,5,6,0.8571428571428571,0.410116318288409,0.5916727785823274
R_005110,6,1,1,6,1.0,-0.0,0.0
R_005111,8,3,6,6,0.75,0.7356219397587946,0.6695919455357792
R_005112,5,4,7,2,0.4,1.3321790402101223,0.9609640474436812
R_005113,5,1,5,5,1.0,-0.0,0.0
R_005114,7,1,1,7,1.0,-0.0,0.0
R_005115,8,2,6,7,0.875,0.37677016125643675,0.5435644431995964
R_005116,6,1,3,6,1.0,-0.0,0.0
R_005117,6,1,0,6,1.0,-0.0,0.0
R_005118,8,1,1,8,1.0,-0.0,0.0
R_005119,6,1,2,6,1.0,-0.0,0.0
R_005120,7,1,0,7,1.0,-0.0,0.0
R_005121,8,4,7,4,0.5,1.2130075659799042,0.875
R_005122,8,4,7,5,0.625,1.073542846408523,0.7743974703476992
R_005123,6,1,2,6,1.0,-0.0,0.0
R_005124,7,1,3,7,1.0,-0.0,0.0
R_005125,5,1,0,5,1.0,-0.0,0.0
R_005126,7,1,2,7,1.0,-0.0,0.0
R_005127,6,1,0,6,1.0,-0.0,0.0
R_005128,8,3,6,6,0.75,0.7356219397587946,0.6695919455357792
R_005129,6,2,6,5,0.8333333333333334,0.45056120886630463,0.6500224216483541
R_005130,8,1,5,8,1.0,-0.0,0.0
R_005131,6,1,0,6,1.0,-0.0,0.0
R_005132,5,1,5,5,1.0,-0.0,0.0
R_005133,6,1,2,6,1.0,-0.0,0.0
R_005134,5,1,6,5,1.0,-0.0,0.0
R_005135,5,3,7,3,0.6,0.9502705392332347,0.8649735207179272
R_005136,8,1,1,8,1.0,-0.0,0.0
R_005137,8,1,1,8,1.0,-0.0,0.0
R_005138,7,3,6,5,0.7142857142857143,0.796311640173813,0.7248340915057598
R_005139,5,2,6,4,0.8,0.5004024235381879,0.7219280948873623
R_005140,7,1,1,7,1.0,-0.0,0.0
R_005141,5,1,3,5,1.0,-0.0,0.0
R_005142,8,2,6,7,0.875,0.37677016125643675,0.5435644431995964
R_005143,5,1,2,5,1.0,-0.0,0.0
R_005144,6,1,3,6,1.0,-0.0,0.0
R_005145,5,2,5,4,0.8,0.5004024235381879,0.7219280948873623
R_005146,7,1,0,7,1.0,-0.0,0.0
R_005147,5,3,6,3,0.6,0.9502705392332347,0.8649735207179272
R_005148,7,3,7,5,0.7142857142857143,0.796311640173813,0.7248340915057598
R_005149,6,1,4,6,1.0,-0.0,0.0
R_005150,6,1,0,6,1.0,-0.0,0.0
R_005151,6,2,5,5,0.8333333333333334,0.45056120886630463,0.6500224216483541
R_005152,8,1,3,8,1.0,-0.0,0.0
R_005153,5,1,0,5,1.0,-0.0,0.0
R_005154,5,2,6,4,0.8,0.5004024235381879,0.7219280948873623
R_005155,5,2,6,4,0.8,0.5004024235381879,0.7219280948873623
R_005156,5,1,3,5,1.0,-0.0,0.0
R_005157,7,2,5,6,0.8571428571428571,0.410116318288409,0.5916727785823274
R_005158,7,2,5,6,0.8571428571428571,0.410116318288409,0.5916727785823274
R_005159,6,1,0,6,1.0,-0.0,0.0
R_005160,7,2,6,6,0.8571428571428571,0.410116318288409,0.5916727785823274
R_005161,7,1,3,7,1.0,-0.0,0.0
R_005162,6,1,0,6,1.0,-0.0,0.0
R_005163,8,3,7,5,0.625,0.9002560512685369,0.8194483718728035
R_005164,8,1,0,8,1.0,-0.0,0.0
R_005165,5,2,5,4,0.8,0.5004024235381879,0.7219280948873623
R_005166,5,1,1,5,1.0,-0.0,0.0
R_005167,6,1,1,6,1.0,-0.0,0.0
R_005168,5,1,2,5,1.0,-0.0,0.0
R_005169,7,1,5,7,1.0,-0.0,0.0
R_005170,8,4,7,5,0.625,1.073542846408523,0.7743974703476992
R_005171,5,1,2,5,1.0,-0.0,0.0
R_005172,5,3,2,2,0.4,1.0549201679861442,0.9602297178607612
R_005173,6,2,6,5,0.8333333333333334,0.45056120886630463,0.6500224216483541
R_005174,6,3,6,4,0.6666666666666666,0.8675632284814612,0.7896900821428474
R_005175,8,2,5,7,0.875,0.37677016125643675,0.5435644431995964
R_005176,7,1,3,7,1.0,-0.0,0.0
R_005177,7,1,0,7,1.0,-0.0,0.0
R_005178,8,1,2,8,1.0,-0.0,0.0
R_005179,7,1,3,7,1.0,-0.0,0.0
R_005180,5,3,7,3,0.6,0.9502705392332347,0.8649735207179272
R_005181,8,2,5,7,0.875,0.37677016125643675,0.5435644431995964
R_005182,7,3,7,5,0.7142857142857143,0.796311640173813,0.7248340915057598
R_005183,7,1,3,7,1.0,-0.0,0.0
R_005184,8,1,4,8,1.0,-0.0,0.0
R_005185,7,1,2,7,1.0,-0.0,0.0
R_005186,8,1,3,8,1.0,-0.0,0.0
R_005187,8,1,0,8,1.0,-0.0,0.0
R_005188,5,1,0,5,1.0,-0.0,0.0
R_005189,8,1,0,8,1.0,-0.0,0.0
R_005190,5,1,1,5,1.0,-0.0,0.0
R_005191,7,1,2,7,1.0,-0.0,0.0
R_005192,5,3,7,3,0.6,0.9502705392332347,0.8649735207179272
R_005193,5,1,1,5,1.0,-0.0,0.0
R_005194,8,1,3,8,1.0,-0.0,0.0
R_005195,8,1,0,8,1.0,-0.0,0.0
R_005196,5,1,0,5,1.0,-0.0,0.0
R_005197,5,3,7,3,0.6,0.9502705392332347,0.8649735207179272
R_005198,6,2,5,5,0.8333333333333334,0.45056120886630463,0.6500224216483541
R_005199,7,1,1,7,1.0,-0.0,0.0
R_005200,5,1,2,5,1.0,-0.0,0.0
R_005201,8,1,3,8,1.0,-0.0,0.0
R_005202,8,2,5,7,0.875,0.37677016125643675,0.5435644431995964
R_005203,6,1,2,6,1.0,-0.0,0.0
R_005204,5,1,6,5,1.0,-0.0,0.0
R_005205,5,1,0,5,1.0,-0.0,0.0
R_005206,7,2,6,6,0.8571428571428571,0.410116318288409,0.5916727785823274
R_005207,5,4,7,2,0.4,1.3321790402101223,0.9609640474436812
R_005208,6,1,3,6,1.0,-0.0,0.0
R_005209,7,1,1,7,1.0,-0.0,0.0
R_005210,8,1,4,8,1.0,-0.0,0.0
R_005211,5,1,5,5,1.0,-0.0,0.0
R_005212,6,1,3,6,1.0,-0.0,0.0
R_005213,6,1,4,6,1.0,-0.0,0.0
R_005214,5,2,5,4,0.8,0.5004024235381879,0.7219280948873623
R_005215,7,4,7,4,0.5714285714285714,1.1537419427010902,0.8322488896002307
R_005216,6,1,0,6,1.0,-0.0,0.0
R_005217,8,2,6,7,0.875,0.37677016125643675,0.5435644431995964
R_005218,5,1,4,5,1.0,-0.0,0.0
R_005219,5,1,5,5,1.0,-0.0,0.0
R_005220,8,1,2,8,1.0,-0.0,0.0
R_005221,8,2,5,7,0.875,0.37677016125643675,0.5435644431995964
R_005222,8,1,3,8,1.0,-0.0,0.0
R_005223,7,2,5,6,0.8571428571428571,0.410116318288409,0.5916727785823274
R_005224,8,1,0,8,1.0,-0.0,0.0
R_005225,6,1,5,6,1.0,-0.0,0.0
R_005226,7,1,1,7,1.0,-0.0,0.0
R_005227,8,1,0,8,1.0,-0.0,0.0
R_005228,8,1,4,8,1.0,-0.0,0.0
R_005229,8,2,5,7,0.875,0.37677016125643675,0.5435644431995964
R_005230,7,1,0,7,1.0,-0.0,0.0
R_005231,8,1,2,8,1.0,-0.0,0.0
R_005232,5,1,3,5,1.0,-0.0,0.0
R_005233,6,3,7,4,0.6666666666666666,0.8675632284814612,0.7896900821428474
R_005234,5,1,6,5,1.0,-0.0,0.0
R_005235,7,1,1,7,1.0,-0.0,0.0
R_005236,7,4,7,3,0.42857142857142855,1.277034259466139,0.9211854965885543
R_005237,8,1,0,8,1.0,-0.0,0.0
R_005238,7,4,7,3,0.42857142857142855,1.277034259466139,0.9211854965885543
R_005239,7,1,3,7,1.0,-0.0,0.0
R_005240,7,1,1,7,1.0,-0.0,0.0
R_005241,8,1,1,8,1.0,-0.0,0.0
R_005242,6,1,0,6,1.0,-0.0,0.0
R_005243,5,1,2,5,1.0,-0.0,0.0
R_005244,5,2,6,4,0.8,0.5004024235381879,0.7219280948873623
R_005245,8,1,2,8,1.0,-0.0,0.0
R_005246,5,3,7,3,0.6,0.9502705392332347,0.8649735207179272
R_005247,5,1,6,5,1.0,-0.0,0.0
R_005248,5,1,3,5,1.0,-0.0,0.0
R_005249,8,4,7,4,0.5,1.2130075659799042,0.875
R_005250,7,2,7,5,0.7142857142857143,0.5982695885852573,0.8631205685666311
R_005251,8,2,6,7,0.875,0.37677016125643675,0.5435644431995964
R_005252,6,1,1,6,1.0,-0.0,0.0
R_005253,5,1,2,5,1.0,-0.0,0.0
R_005254,6,1,0,6,1.0,-0.0,0.0
R_005255,5,1,1,5,1.0,-0.0,0.0
R_005256,5,2,6,4,0.8,0.5004024235381879,0.7219280948873623
R_005257,5,1,3,5,1.0,-0.0,0.0
R_005258,5,1,3,5,1.0,-0.0,0.0
R_005259,7,3,7,5,0.7142857142857143,0.796311640173813,0.7248340915057598
R_005260,7,1,2,7,1.0,-0.0,0.0
R_005261,8,1,1,8,1.0,-0.0,0.0
R_005262,5,1,0,5,1.0,-0.0,0.0
R_005263,5,1,3,5,1.0,-0.0,0.0
R_005264,6,1,0,6,1.0,-0.0,0.0
R_005265,5,3,7,3,0.6,0.9502705392332347,0.8649735207179272
R_005266,6,2,5,5,0.8333333333333334,0.45056120886630463,0.6500224216483541
R_005267,7,1,2,7,1.0,-0.0,0.0
R_005268,8,1,2,8,1.0,-0.0,0.0
R_005269,5,4,7,2,0.4,1.3321790402101223,0.9609640474436812
R_005270,5,1,2,5,1.0,-0.0,0.0
R_005271,8,1,2,8,1.0,-0.0,0.0
R_005272,8,1,0,8,1.0,-0.0,0.0
R_005273,7,2,5,6,0.8571428571428571,0.410116318288409,0.5916727785823274
R_005274,6,1,0,6,1.0,-0.0,0.0
R_005275,8,1,4,8,1.0,-0.0,0.0
R_005276,6,1,3,6,1.0,-0.0,0.0
R_005277,5,2,6,4,0.8,0.5004024235381879,0.7219280948873623
R_005278,7,1,2,7,1.0,-0.0,0.0
R_005279,8,3,6,6,0.75,0.7356219397587946,0.6695919455357792
R_005280,8,1,4,8,1.0,-0.0,0.0
R_005281,8,1,2,8,1.0,-0.0,0.0
R_005282,5,2,6,4,0.8,0.5004024235381879,0.7219280948873623
R_005283,6,1,1,6,1.0,-0.0,0.0
R_005284,6,1,0,6,1.0,-0.0,0.0
R_005285,5,1,0,5,1.0,-0.0,0.0
R_005286,8,1,3,8,1.0,-0.0,0.0
R_005287,6,1,3,6,1.0,-0.0,0.0
R_005288,7,1,0,7,1.0,-0.0,0.0
R_005289,8,1,0,8,1.0,-0.0,0.0
R_005290,8,2,6,7,0.875,0.37677016125643675,0.5435644431995964
R_005291,5,1,3,5,1.0,-0.0,0.0
R_005292,8,1,2,8,1.0,-0.0,0.0
R_005293,8,1,4,8,1.0,-0.0,0.0
R_005294,7,1,4,7,1.0,-0.0,0.0
R_005295,7,1,0,7,1.0,-0.0,0.0
R_005296,8,1,3,8,1.0,-0.0,0.0
R_005297,5,1,2,5,1.0,-0.0,0.0
R_005298,7,1,4,7,1.0,-0.0,0.0
R_005299,6,1,2,6,1.0,-0.0,0.0
R_005300,6,1,1,6,1.0,-0.0,0.0
R_005301,8,1,3,8,1.0,-0.0,0.0
R_005302,7,3,6,5,0.7142857142857143,0.796311640173813,0.7248340915057598
R_005303,5,2,5,4,0.8,0.5004024235381879,0.7219280948873623
R_005304,5,1,3,5,1.0,-0.0,0.0
R_005305,8,1,3,8,1.0,-0.0,0.0
R_005306,5,3,2,2,0.4,1.0549201679861442,0.9602297178607612
R_005307,8,1,5,8,1.0,-0.0,0.0
R_005308,7,1,4,7,1.0,-0.0,0.0
R_005309,6,1,4,6,1.0,-0.0,0.0
R_005310,6,1,4,6,1.0,-0.0,0.0
R_005311,5,1,1,5,1.0,-0.0,0.0
R_005312,7,1,0,7,1.0,-0.0,0.0
R_005313,6,1,3,6,1.0,-0.0,0.0
R_005314,8,2,5,7,0.875,0.37677016125643675,0.5435644431995964
R_005315,8,1,2,8,1.0,-0.0,0.0
R_005316,5,1,3,5,1.0,-0.0,0.0
R_005317,7,3,7,4,0.5714285714285714,0.9556998911125343,0.8699155297736259
R_005318,7,3,6,5,0.7142857142857143,0.796311640173813,0.7248340915057598
R_005319,5,3,7,3,0.6,0.9502705392332347,0.8649735207179272
R_005320,8,1,4,8,1.0,-0.0,0.0
R_005321,5,1,5,5,1.0,-0.0,0.0
R_005322,6,1,4,6,1.0,-0.0,0.0
R_005323,6,1,4,6,1.0,-0.0,0.0
R_005324,7,2,6,6,0.8571428571428571,0.410116318288409,0.5916727785823274
R_005325,7,1,3,7,1.0,-0.0,0.0
R_005326,8,4,7,5,0.625,1.073542846408523,0.7743974703476992
R_005327,5,1,4,5,1.0,-0.0,0.0
R_005328,8,1,0,8,1.0,-0.0,0.0
R_005329,6,2,6,5,0.8333333333333334,0.45056120886630463,0.6500224216483541
R_005330,6,1,0,6,1.0,-0.0,0.0
R_005331,5,1,5,5,1.0,-0.0,0.0
R_005332,8,1,3,8,1.0,-0.0,0.0
R_005333,7,4,7,4,0.5714285714285714,1.1537419427010902,0.8322488896002307
R_005334,7,1,1,7,1.0,-0.0,0.0
R_005335,5,1,3,5,1.0,-0.0,0.0
R_005336,8,1,0,8,1.0,-0.0,0.0
R_005337,5,1,6,5,1.0,-0.0,0.0
R_005338,6,1,5,6,1.0,-0.0,0.0
R_005339,7,1,5,7,1.0,-0.0,0.0
R_005340,8,1,3,8,1.0,-0.0,0.0
R_005341,8,4,7,5,0.625,1.073542846408523,0.7743974703476992
R_005342,5,1,5,5,1.0,-0.0,0.0
R_005343,5,4,7,2,0.4,1.3321790402101223,0.9609640474436812
R_005344,6,3,7,4,0.6666666666666666,0.8675632284814612,0.7896900821428474
R_005345,5,3,7,3,0.6,0.9502705392332347,0.8649735207179272
R_005346,5,1,5,5,1.0,-0.0,0.0
R_005347,6,3,6,4,0.6666666666666666,0.8675632284814612,0.7896900821428474
R_005348,5,1,1,5,1.0,-0.0,0.0
R_005349,5,2,5,4,0.8,0.5004024235381879,0.7219280948873623
R_005350,7,2,5,6,0.8571428571428571,0.410116318288409,0.5916727785823274
R_005351,8,2,6,7,0.875,0.37677016125643675,0.5435644431995964
R_005352,6,1,0,6,1.0,-0.0,0.0
R_005353,5,1,4,5,1.0,-0.0,0.0
R_005354,7,1,2,7,1.0,-0.0,0.0
R_005355,5,1,2,5,1.0,-0.0,0.0
R_005356,8,1,4,8,1.0,-0.0,0.0
R_005357,5,2,7,3,0.6,0.6730116670092565,0.9709505944546688
R_005358,7,1,2,7,1.0,-0.0,0.0
R_005359,7,1,0,7,1.0,-0.0,0.0
R_005360,5,1,3,5,1.0,-0.0,0.0
R_005361,7,2,6,6,0.8571428571428571,0.410116318288409,0.5916727785823274
R_005362,5,2,5,4,0.8,0.5004024235381879,0.7219280948873623
R_005363,5,1,1,5,1.0,-0.0,0.0
R_005364,5,1,5,5,1.0,-0.0,0.0
R_005365,8,2,5,7,0.875,0.37677016125643675,0.5435644431995964
R_005366,7,1,0,7,1.0,-0.0,0.0
R_005367,6,1,1,6,1.0,-0.0,0.0
R_005368,5,1,3,5,1.0,-0.0,0.0
R_005369,6,1,3,6,1.0,-0.0,0.0
R_005370,7,1,3,7,1.0,-0.0,0.0
R_005371,6,1,3,6,1.0,-0.0,0.0
R_005372,7,1,2,7,1.0,-0.0,0.0
R_005373,8,1,3,8,1.0,-0.0,0.0
R_005374,8,3,6,6,0.75,0.7356219397587946,0.6695919455357792
R_005375,5,1,0,5,1.0,-0.0,0.0
R_005376,5,1,2,5,1.0,-0.0,0.0
R_005377,5,1,4,5,1.0,-0.0,0.0
R_005378,7,3,7,5,0.7142857142857143,0.796311640173813,0.7248340915057598
R_005379,7,1,3,7,1.0,-0.0,0.0
R_005380,6,2,5,5,0.8333333333333334,0.45056120886630463,0.6500224216483541
R_005381,6,1,0,6,1.0,-0.0,0.0
R_005382,6,1,2,6,1.0,-0.0,0.0
R_005383,7,2,6,6,0.8571428571428571,0.410116318288409,0.5916727785823274
R_005384,6,1,5,6,1.0,-0.0,0.0
R_005385,8,1,4,8,1.0,-0.0,0.0
R_005386,6,1,0,6,1.0,-0.0,0.0
R_005387,5,1,2,5,1.0,-0.0,0.0
R_005388,7,1,1,7,1.0,-0.0,0.0
R_005389,8,1,2,8,1.0,-0.0,0.0
R_005390,8,1,3,8,1.0,-0.0,0.0
R_005391,6,1,1,6,1.0,-0.0,0.0
R_005392,8,1,1,8,1.0,-0.0,0.0
R_005393,6,2,5,5,0.8333333333333334,0.45056120886630463,0.6500224216483541
R_005394,6,3,7,4,0.6666666666666666,0.8675632284814612,0.7896900821428474
R_005395,6,1,4,6,1.0,-0.0,0.0
R_005396,7,1,1,7,1.0,-0.0,0.0
R_005397,7,1,2,7,1.0,-0.0,0.0
R_005398,8,3,6,6,0.75,0.7356219397587946,0.6695919455357792
R_005399,6,1,3,6,1.0,-0.0,0.0
R_005400,7,1,4,7,1.0,-0.0,0.0
R_005401,8,1,0,8,1.0,-0.0,0.0
R_005402,7,1,3,7,1.0,-0.0,0.0
R_005403,5,1,3,5,1.0,-0.0,0.0
R_005404,7,1,2,7,1.0,-0.0,0.0
R_005405,7,1,0,7,1.0,-0.0,0.0
R_005406,8,3,6,6,0.75,0.7356219397587946,0.6695919455357792
R_005407,6,1,0,6,1.0,-0.0,0.0
R_005408,5,2,7,4,0.8,0.5004024235381879,0.7219280948873623
R_005409,5,1,5,5,1.0,-0.0,0.0
R_005410,7,1,2,7,1.0,-0.0,0.0
R_005411,8,1,4,8,1.0,-0.0,0.0
R_005412,5,2,6,4,0.8,0.5004024235381879,0.7219280948873623
R_005413,6,3,7,4,0.6666666666666666,0.8675632284814612,0.7896900821428474
R_005414,7,1,3,7,1.0,-0.0,0.0
R_005415,7,2,5,6,0.8571428571428571,0.410116318288409,0.5916727785823274
R_005416,8,3,6,6,0.75,0.7356219397587946,0.6695919455357792
R_005417,6,1,1,6,1.0,-0.0,0.0
R_005418,6,1,2,6,1.0,-0.0,0.0
R_005419,5,1,0,5,1.0,-0.0,0.0
R_005420,8,1,4,8,1.0,-0.0,0.0
R_005421,8,1,0,8,1.0,-0.0,0.0
R_005422,8,4,7,5,0.625,1.073542846408523,0.7743974703476992
R_005423,7,2,5,6,0.8571428571428571,0.410116318288409,0.5916727785823274
R_005424,6,2,5,5,0.8333333333333334,0.45056120886630463,0.6500224216483541
R_005425,8,1,4,8,1.0,-0.0,0.0
R_005426,5,1,1,5,1.0,-0.0,0.0
R_005427,6,3,7,3,0.5,1.0114042647073518,0.920619835714305
R_005428,7,1,3,7,1.0,-0.0,0.0
R_005429,6,1,3,6,1.0,-0.0,0.0
R_005430,5,2,6,4,0.8,0.5004024235381879,0.7219280948873623
R_005431,7,1,2,7,1.0,-0.0,0.0
R_005432,8,1,3,8,1.0,-0.0,0.0
R_005433,8,1,2,8,1.0,-0.0,0.0
R_005434,5,1,4,5,1.0,-0.0,0.0
R_005435,6,1,0,6,1.0,-0.0,0.0
R_005436,6,1,1,6,1.0,-0.0,0.0
R_005437,6,3,6,4,0.6666666666666666,0.8675632284814612,0.7896900821428474
R_005438,5,3,7,3,0.6,0.9502705392332347,0.8649735207179272
R_005439,8,1,1,8,1.0,-0.0,0.0
R_005440,7,1,4,7,1.0,-0.0,0.0
R_005441,5,1,0,5,1.0,-0.0,0.0
R_005442,5,1,3,5,1.0,-0.0,0.0
R_005443,8,1,0,8,1.0,-0.0,0.0
R_005444,7,1,1,7,1.0,-0.0,0.0
R_005445,7,1,4,7,1.0,-0.0,0.0
R_005446,8,1,4,8,1.0,-0.0,0.0
R_005447,8,3,6,6,0.75,0.7356219397587946,0.6695919455357792
R_005448,6,2,5,5,0.8333333333333334,0.45056120886630463,0.6500224216483541
R_005449,5,1,1,5,1.0,-0.0,0.0
R_005450,8,1,1,8,1.0,-0.0,0.0
R_005451,8,1,0,8,1.0,-0.0,0.0
R_005452,7,1,3,7,1.0,-0.0,0.0
R_005453,6,1,0,6,1.0,-0.0,0.0
R_005454,5,1,0,5,1.0,-0.0,0.0
R_005455,6,1,0,6,1.0,-0.0,0.0
R_005456,8,3,7,5,0.625,0.9002560512685369,0.8194483718728035
R_005457,8,1,0,8,1.0,-0.0,0.0
R_005458,7,1,0,7,1.0,-0.0,0.0
R_005459,8,1,3,8,1.0,-0.0,0.0
R_005460,8,1,1,8,1.0,-0.0,0.0
R_005461,5,2,5,4,0.8,0.5004024235381879,0.7219280948873623
R_005462,6,1,4,6,1.0,-0.0,0.0
R_005463,5,2,5,4,0.8,0.5004024235381879,0.7219280948873623
R_005464,8,1,3,8,1.0,-0.0,0.0
R_005465,5,2,7,4,0.8,0.5004024235381879,0.7219280948873623
R_005466,8,1,4,8,1.0,-0.0,0.0
R_005467,8,1,3,8,1.0,-0.0,0.0
R_005468,7,1,0,7,1.0,-0.0,0.0
R_005469,8,1,3,8,1.0,-0.0,0.0
R_005470,6,1,3,6,1.0,-0.0,0.0
R_005471,7,1,2,7,1.0,-0.0,0.0
R_005472,7,1,0,7,1.0,-0.0,0.0
R_005473,5,1,3,5,1.0,-0.0,0.0
R_005474,6,1,4,6,1.0,-0.0,0.0
R_005475,7,1,3,7,1.0,-0.0,0.0
R_005476,7,1,1,7,1.0,-0.0,0.0
R_005477,5,1,1,5,1.0,-0.0,0.0
R_005478,8,1,2,8,1.0,-0.0,0.0
R_005479,5,3,2,2,0.4,1.0549201679861442,0.9602297178607612
R_005480,7,1,4,7,1.0,-0.0,0.0
R_005481,6,1,3,6,1.0,-0.0,0.0
R_005482,5,2,7,4,0.8,0.5004024235381879,0.7219280948873623
R_005483,8,1,1,8,1.0,-0.0,0.0
R_005484,5,1,0,5,1.0,-0.0,0.0
R_005485,7,2,5,6,0.8571428571428571,0.410116318288409,0.5916727785823274
R_005486,5,1,3,5,1.0,-0.0,0.0
R_005487,6,1,4,6,1.0,-0.0,0.0
R_005488,6,2,5,5,0.8333333333333334,0.45056120886630463,0.6500224216483541
R_005489,6,1,2,6,1.0,-0.0,0.0
R_005490,5,1,2,5,1.0,-0.0,0.0
R_005491,6,1,1,6,1.0,-0.0,0.0
R_005492,8,1,4,8,1.0,-0.0,0.0
R_005493,6,1,3,6,1.0,-0.0,0.0
R_005494,7,4,7,4,0.5714285714285714,1.1537419427010902,0.8322488896002307
R_005495,6,1,5,6,1.0,-0.0,0.0
R_005496,6,1,4,6,1.0,-0.0,0.0
R_005497,5,1,1,5,1.0,-0.0,0.0
R_005498,5,2,5,4,0.8,0.5004024235381879,0.7219280948873623
R_005499,8,1,2,8,1.0,-0.0,0.0
R_005500,5,1,4,5,1.0,-0.0,0.0
R_005501,7,1,3,7,1.0,-0.0,0.0
R_005502,7,3,7,5,0.7142857142857143,0.796311640173813,0.7248340915057598
R_005503,6,1,0,6,1.0,-0.0,0.0
R_005504,5,1,2,5,1.0,-0.0,0.0
R_005505,6,2,7,5,0.8333333333333334,0.45056120886630463,0.6500224216483541
R_005506,8,1,2,8,1.0,-0.0,0.0
R_005507,5,2,6,4,0.8,0.5004024235381879,0.7219280948873623
R_005508,7,3,6,5,0.7142857142857143,0.796311640173813,0.7248340915057598
R_005509,7,1,5,7,1.0,-0.0,0.0
R_005510,5,1,2,5,1.0,-0.0,0.0
R_005511,6,2,5,5,0.8333333333333334,0.45056120886630463,0.6500224216483541
R_005512,7,1,0,7,1.0,-0.0,0.0
R_005513,5,1,6,5,1.0,-0.0,0.0
R_005514,6,1,1,6,1.0,-0.0,0.0
R_005515,5,1,1,5,1.0,-0.0,0.0
R_005516,7,1,4,7,1.0,-0.0,0.0
R_005517,6,1,2,6,1.0,-0.0,0.0
R_005518,7,2,5,6,0.8571428571428571,0.410116318288409,0.5916727785823274
R_005519,5,2,5,4,0.8,0.5004024235381879,0.7219280948873623
R_005520,5,4,7,2,0.4,1.3321790402101223,0.9609640474436812
R_005521,7,1,3,7,1.0,-0.0,0.0
R_005522,6,2,6,5,0.8333333333333334,0.45056120886630463,0.6500224216483541
R_005523,8,2,5,7,0.875,0.37677016125643675,0.5435644431995964
R_005524,6,1,4,6,1.0,-0.0,0.0
R_005525,7,2,6,6,0.8571428571428571,0.410116318288409,0.5916727785823274
R_005526,7,1,5,7,1.0,-0.0,0.0
R_005527,7,4,7,4,0.5714285714285714,1.1537419427010902,0.8322488896002307
R_005528,6,1,0,6,1.0,-0.0,0.0
R_005529,7,1,4,7,1.0,-0.0,0.0
R_005530,5,1,6,5,1.0,-0.0,0.0
R_005531,7,3,7,5,0.7142857142857143,0.796311640173813,0.7248340915057598
R_005532,7,2,6,6,0.8571428571428571,0.410116318288409,0.5916727785823274
R_005533,7,1,4,7,1.0,-0.0,0.0
R_005534,7,1,4,7,1.0,-0.0,0.0
R_005535,7,1,6,7,1.0,-0.0,0.0
R_005536,7,2,6,6,0.8571428571428571,0.410116318288409,0.5916727785823274
R_005537,6,3,7,4,0.6666666666666666,0.8675632284814612,0.7896900821428474
R_005538,8,1,4,8,1.0,-0.0,0.0
R_005539,8,1,1,8,1.0,-0.0,0.0
R_005540,5,1,4,5,1.0,-0.0,0.0
R_005541,8,1,1,8,1.0,-0.0,0.0
R_005542,6,2,5,5,0.8333333333333334,0.45056120886630463,0.6500224216483541
R_005543,8,1,4,8,1.0,-0.0,0.0
R_005544,5,3,6,3,0.6,0.9502705392332347,0.8649735207179272
R_005545,5,3,7,3,0.6,0.9502705392332347,0.8649735207179272
R_005546,6,3,7,4,0.6666666666666666,0.8675632284814612,0.7896900821428474
R_005547,7,1,3,7,1.0,-0.0,0.0
R_005548,8,4,7,5,0.625,1.073542846408523,0.7743974703476992
R_005549,8,1,0,8,1.0,-0.0,0.0
R_005550,8,3,7,5,0.625,0.9002560512685369,0.8194483718728035
R_005551,8,1,1,8,1.0,-0.0,0.0
R_005552,6,2,5,5,0.8333333333333334,0.45056120886630463,0.6500224216483541
R_005553,8,1,4,8,1.0,-0.0,0.0
R_005554,5,1,0,5,1.0,-0.0,0.0
R_005555,6,1,2,6,1.0,-0.0,0.0
R_005556,5,1,1,5,1.0,-0.0,0.0
R_005557,7,4,7,4,0.5714285714285714,1.1537419427010902,0.8322488896002307
R_005558,8,3,7,5,0.625,0.9002560512685369,0.8194483718728035
R_005559,8,1,3,8,1.0,-0.0,0.0
R_005560,7,1,4,7,1.0,-0.0,0.0
R_005561,5,1,3,5,1.0,-0.0,0.0
R_005562,8,2,6,7,0.875,0.37677016125643675,0.5435644431995964
R_005563,8,1,0,8,1.0,-0.0,0.0
R_005564,7,4,7,4,0.5714285714285714,1.1537419427010902,0.8322488896002307
R_005565,7,1,4,7,1.0,-0.0,0.0
R_005566,6,1,4,6,1.0,-0.0,0.0
R_005567,7,1,0,7,1.0,-0.0,0.0
R_005568,5,1,2,5,1.0,-0.0,0.0
R_005569,8,1,4,8,1.0,-0.0,0.0
R_005570,6,4,2,2,0.3333333333333333,1.3296613488547582,0.9591479170272448
R_005571,8,1,2,8,1.0,-0.0,0.0
R_005572,6,1,3,6,1.0,-0.0,0.0
R_005573,5,1,0,5,1.0,-0.0,0.0
R_005574,5,4,7,2,0.4,1.3321790402101223,0.9609640474436812
R_005575,6,1,0,6,1.0,-0.0,0.0
R_005576,7,2,5,6,0.8571428571428571,0.410116318288409,0.5916727785823274
R_005577,5,1,0,5,1.0,-0.0,0.0
R_005578,7,1,3,7,1.0,-0.0,0.0
R_005579,8,1,2,8,1.0,-0.0,0.0
R_005580,6,3,7,3,0.5,1.0114042647073518,0.920619835714305
R_005581,7,1,2,7,1.0,-0.0,0.0
R_005582,6,3,7,4,0.6666666666666666,0.8675632284814612,0.7896900821428474
R_005583,7,3,7,4,0.5714285714285714,0.9556998911125343,0.8699155297736259
R_005584,7,1,0,7,1.0,-0.0,0.0
R_005585,7,1,0,7,1.0,-0.0,0.0
R_005586,8,1,2,8,1.0,-0.0,0.0
R_005587,7,1,1,7,1.0,-0.0,0.0
R_005588,6,3,6,4,0.6666666666666666,0.8675632284814612,0.7896900821428474
R_005589,7,1,4,7,1.0,-0.0,0.0
R_005590,7,1,1,7,1.0,-0.0,0.0
R_005591,5,1,4,5,1.0,-0.0,0.0
R_005592,5,1,3,5,1.0,-0.0,0.0
R_005593,7,1,2,7,1.0,-0.0,0.0
R_005594,6,2,6,5,0.8333333333333334,0.45056120886630463,0.6500224216483541
R_005595,6,1,0,6,1.0,-0.0,0.0
R_005596,6,1,1,6,1.0,-0.0,0.0
R_005597,6,2,5,5,0.8333333333333334,0.45056120886630463,0.6500224216483541
R_005598,5,3,7,3,0.6,0.9502705392332347,0.8649735207179272
R_005599,8,1,2,8,1.0,-0.0,0.0
R_005600,8,4,7,5,0.625,1.073542846408523,0.7743974703476992
R_005601,8,2,6,7,0.875,0.37677016125643675,0.5435644431995964
R_005602,6,1,3,6,1.0,-0.0,0.0
R_005603,6,1,1,6,1.0,-0.0,0.0
R_005604,7,3,6,5,0.7142857142857143,0.796311640173813,0.7248340915057598
R_005605,6,1,1,6,1.0,-0.0,0.0
R_005606,8,1,4,8,1.0,-0.0,0.0
R_005607,8,2,5,7,0.875,0.37677016125643675,0.5435644431995964
R_005608,6,1,2,6,1.0,-0.0,0.0
R_005609,6,1,2,6,1.0,-0.0,0.0
R_005610,8,3,7,5,0.625,0.9002560512685369,0.8194483718728035
R_005611,5,1,3,5,1.0,-0.0,0.0
R_005612,7,1,5,7,1.0,-0.0,0.0
R_005613,7,1,0,7,1.0,-0.0,0.0
R_005614,5,1,0,5,1.0,-0.0,0.0
R_005615,5,1,1,5,1.0,-0.0,0.0
R_005616,7,1,0,7,1.0,-0.0,0.0
R_005617,6,1,1,6,1.0,-0.0,0.0
R_005618,5,1,3,5,1.0,-0.0,0.0
R_005619,6,1,3,6,1.0,-0.0,0.0
R_005620,5,1,3,5,1.0,-0.0,0.0
R_005621,8,1,1,8,1.0,-0.0,0.0
R_005622,7,1,1,7,1.0,-0.0,0.0
R_005623,8,2,7,6,0.75,0.5623351446188083,0.8112781244591328
R_005624,5,2,6,4,0.8,0.5004024235381879,0.7219280948873623
R_005625,6,2,6,5,0.8333333333333334,0.45056120886630463,0.6500224216483541
R_005626,7,1,1,7,1.0,-0.0,0.0
R_005627,7,1,3,7,1.0,-0.0,0.0
R_005628,7,1,3,7,1.0,-0.0,0.0
R_005629,6,3,6,4,0.6666666666666666,0.8675632284814612,0.7896900821428474
R_005630,6,1,1,6,1.0,-0.0,0.0
R_005631,7,1,1,7,1.0,-0.0,0.0
R_005632,7,1,2,7,1.0,-0.0,0.0
R_005633,8,1,2,8,1.0,-0.0,0.0
R_005634,8,1,2,8,1.0,-0.0,0.0
R_005635,6,3,7,4,0.6666666666666666,0.8675632284814612,0.7896900821428474
R_005636,7,1,4,7,1.0,-0.0,0.0
R_005637,7,1,1,7,1.0,-0.0,0.0
R_005638,8,1,0,8,1.0,-0.0,0.0
R_005639,8,1,0,8,1.0,-0.0,0.0
R_005640,8,2,6,7,0.875,0.37677016125643675,0.5435644431995964
R_005641,8,1,1,8,1.0,-0.0,0.0
R_005642,5,1,4,5,1.0,-0.0,0.0
R_005643,8,1,3,8,1.0,-0.0,0.0
R_005644,8,1,4,8,1.0,-0.0,0.0
R_005645,5,1,1,5,1.0,-0.0,0.0
R_005646,5,1,5,5,1.0,-0.0,0.0
R_005647,8,4,7,4,0.5,1.2130075659799042,0.875
R_005648,7,1,2,7,1.0,-0.0,0.0
R_005649,5,3,2,2,0.4,1.0549201679861442,0.9602297178607612
R_005650,5,1,2,5,1.0,-0.0,0.0
R_005651,6,1,3,6,1.0,-0.0,0.0
R_005652,8,1,3,8,1.0,-0.0,0.0
R_005653,8,1,3,8,1.0,-0.0,0.0
R_005654,8,3,7,5,0.625,0.9002560512685369,0.8194483718728035
R_005655,5,2,6,4,0.8,0.5004024235381879,0.7219280948873623
R_005656,6,1,1,6,1.0,-0.0,0.0
R_005657,7,1,4,7,1.0,-0.0,0.0
R_005658,6,1,3,6,1.0,-0.0,0.0
R_005659,8,1,3,8,1.0,-0.0,0.0
R_005660,7,1,4,7,1.0,-0.0,0.0
R_005661,5,1,3,5,1.0,-0.0,0.0
R_005662,8,1,3,8,1.0,-0.0,0.0
R_005663,5,3,6,3,0.6,0.9502705392332347,0.8649735207179272
R_005664,8,1,0,8,1.0,-0.0,0.0
R_005665,6,1,5,6,1.0,-0.0,0.0
R_005666,6,1,2,6,1.0,-0.0,0.0
R_005667,8,1,2,8,1.0,-0.0,0.0
R_005668,8,1,3,8,1.0,-0.0,0.0
R_005669,5,3,6,3,0.6,0.9502705392332347,0.8649735207179272
R_005670,7,1,1,7,1.0,-0.0,0.0
R_005671,7,1,4,7,1.0,-0.0,0.0
R_005672,5,1,1,5,1.0,-0.0,0.0
R_005673,8,1,1,8,1.0,-0.0,0.0
R_005674,6,1,1,6,1.0,-0.0,0.0
R_005675,6,2,5,5,0.8333333333333334,0.45056120886630463,0.6500224216483541
R_005676,5,1,0,5,1.0,-0.0,0.0
R_005677,5,2,5,4,0.8,0.5004024235381879,0.7219280948873623
R_005678,7,4,7,4,0.5714285714285714,1.1537419427010902,0.8322488896002307
R_005679,8,1,1,8,1.0,-0.0,0.0
R_005680,6,3,6,4,0.6666666666666666,0.8675632284814612,0.7896900821428474
R_005681,5,1,0,5,1.0,-0.0,0.0
R_005682,5,1,1,5,1.0,-0.0,0.0
R_005683,8,4,7,4,0.5,1.2130075659799042,0.875
R_005684,5,1,2,5,1.0,-0.0,0.0
R_005685,7,3,6,5,0.7142857142857143,0.796311640173813,0.7248340915057598
R_005686,5,1,0,5,1.0,-0.0,0.0
R_005687,7,2,5,6,0.8571428571428571,0.410116318288409,0.5916727785823274
R_005688,6,1,2,6,1.0,-0.0,0.0
R_005689,6,1,4,6,1.0,-0.0,0.0
R_005690,5,1,4,5,1.0,-0.0,0.0
R_005691,7,1,0,7,1.0,-0.0,0.0
R_005692,8,3,7,6,0.75,0.7356219397587946,0.6695919455357792
R_005693,5,2,6,4,0.8,0.5004024235381879,0.7219280948873623
R_005694,8,4,7,5,0.625,1.073542846408523,0.7743974703476992
R_005695,8,1,2,8,1.0,-0.0,0.0
R_005696,5,2,5,4,0.8,0.5004024235381879,0.7219280948873623
R_005697,5,2,5,4,0.8,0.5004024235381879,0.7219280948873623
R_005698,6,1,5,6,1.0,-0.0,0.0
R_005699,5,1,2,5,1.0,-0.0,0.0
R_005700,6,1,1,6,1.0,-0.0,0.0
R_005701,5,1,0,5,1.0,-0.0,0.0
R_005702,5,1,1,5,1.0,-0.0,0.0
R_005703,5,1,5,5,1.0,-0.0,0.0
R_005704,6,1,3,6,1.0,-0.0,0.0
R_005705,6,1,1,6,1.0,-0.0,0.0
R_005706,5,1,1,5,1.0,-0.0,0.0
R_005707,6,2,7,5,0.8333333333333334,0.45056120886630463,0.6500224216483541
R_005708,5,2,5,4,0.8,0.5004024235381879,0.7219280948873623
R_005709,8,1,2,8,1.0,-0.0,0.0
R_005710,8,4,7,4,0.5,1.2130075659799042,0.875
R_005711,6,1,1,6,1.0,-0.0,0.0
R_005712,6,1,1,6,1.0,-0.0,0.0
R_005713,5,1,4,5,1.0,-0.0,0.0
R_005714,7,1,2,7,1.0,-0.0,0.0
R_005715,7,3,6,5,0.7142857142857143,0.796311640173813,0.7248340915057598
R_005716,6,1,2,6,1.0,-0.0,0.0
R_005717,6,1,1,6,1.0,-0.0,0.0
R_005718,6,1,4,6,1.0,-0.0,0.0
R_005719,6,1,1,6,1.0,-0.0,0.0
R_005720,5,1,2,5,1.0,-0.0,0.0
R_005721,7,1,0,7,1.0,-0.0,0.0
R_005722,6,2,5,5,0.8333333333333334,0.45056120886630463,0.6500224216483541
R_005723,8,2,5,7,0.875,0.37677016125643675,0.5435644431995964
R_005724,5,1,2,5,1.0,-0.0,0.0
R_005725,7,1,3,7,1.0,-0.0,0.0
R_005726,5,1,1,5,1.0,-0.0,0.0
R_005727,6,1,1,6,1.0,-0.0,0.0
R_005728,7,2,5,6,0.8571428571428571,0.410116318288409,0.5916727785823274
R_005729,6,1,0,6,1.0,-0.0,0.0
R_005730,5,1,0,5,1.0,-0.0,0.0
R_005731,6,1,1,6,1.0,-0.0,0.0
R_005732,8,1,2,8,1.0,-0.0,0.0
R_005733,8,1,2,8,1.0,-0.0,0.0
R_005734,7,1,2,7,1.0,-0.0,0.0
R_005735,6,1,0,6,1.0,-0.0,0.0
R_005736,5,2,7,4,0.8,0.5004024235381879,0.7219280948873623
R_005737,6,2,7,4,0.6666666666666666,0.6365141682948128,0.9182958340544894
R_005738,7,3,6,5,0.7142857142857143,0.796311640173813,0.7248340915057598
R_005739,5,2,6,4,0.8,0.5004024235381879,0.7219280948873623
R_005740,7,1,0,7,1.0,-0.0,0.0
R_005741,5,2,7,3,0.6,0.6730116670092565,0.9709505944546688
R_005742,6,2,7,5,0.8333333333333334,0.45056120886630463,0.6500224216483541
R_005743,8,1,3,8,1.0,-0.0,0.0
R_005744,5,1,1,5,1.0,-0.0,0.0
R_005745,6,3,7,4,0.6666666666666666,0.8675632284814612,0.7896900821428474
R_005746,7,1,0,7,1.0,-0.0,0.0
R_005747,7,1,2,7,1.0,-0.0,0.0
R_005748,5,1,5,5,1.0,-0.0,0.0
R_005749,6,1,1,6,1.0,-0.0,0.0
R_005750,6,1,0,6,1.0,-0.0,0.0
R_005751,7,1,0,7,1.0,-0.0,0.0
R_005752,7,3,7,4,0.5714285714285714,0.9556998911125343,0.8699155297736259
R_005753,5,1,2,5,1.0,-0.0,0.0
R_005754,6,1,0,6,1.0,-0.0,0.0
R_005755,6,1,0,6,1.0,-0.0,0.0
R_005756,7,1,4,7,1.0,-0.0,0.0
R_005757,7,1,1,7,1.0,-0.0,0.0
R_005758,8,1,0,8,1.0,-0.0,0.0
R_005759,8,3,6,6,0.75,0.7356219397587946,0.6695919455357792
R_005760,5,1,2,5,1.0,-0.0,0.0
R_005761,6,1,1,6,1.0,-0.0,0.0
R_005762,7,1,4,7,1.0,-0.0,0.0
R_005763,6,1,2,6,1.0,-0.0,0.0
R_005764,5,1,1,5,1.0,-0.0,0.0
R_005765,6,2,5,5,0.8333333333333334,0.45056120886630463,0.6500224216483541
R_005766,7,1,0,7,1.0,-0.0,0.0
R_005767,6,1,0,6,1.0,-0.0,0.0
R_005768,6,1,3,6,1.0,-0.0,0.0
R_005769,6,1,1,6,1.0,-0.0,0.0
R_005770,8,3,7,5,0.625,0.9002560512685369,0.8194483718728035
R_005771,8,1,4,8,1.0,-0.0,0.0
R_005772,7,1,3,7,1.0,-0.0,0.0
R_005773,5,1,1,5,1.0,-0.0,0.0
R_005774,6,2,7,4,0.6666666666666666,0.6365141682948128,0.9182958340544894
R_005775,5,2,6,4,0.8,0.5004024235381879,0.7219280948873623
R_005776,5,2,6,4,0.8,0.5004024235381879,0.7219280948873623
R_005777,5,1,2,5,1.0,-0.0,0.0
R_005778,5,1,2,5,1.0,-0.0,0.0
R_005779,6,2,6,5,0.8333333333333334,0.45056120886630463,0.6500224216483541
R_005780,7,1,2,7,1.0,-0.0,0.0
R_005781,7,3,6,5,0.7142857142857143,0.796311640173813,0.7248340915057598
R_005782,7,2,6,6,0.8571428571428571,0.410116318288409,0.5916727785823274
R_005783,7,1,0,7,1.0,-0.0,0.0
R_005784,8,1,3,8,1.0,-0.0,0.0
R_005785,8,3,6,6,0.75,0.7356219397587946,0.6695919455357792
R_005786,7,2,5,6,0.8571428571428571,0.410116318288409,0.5916727785823274
R_005787,8,1,2,8,1.0,-0.0,0.0
R_005788,7,2,6,6,0.8571428571428571,0.410116318288409,0.5916727785823274
R_005789,5,3,7,3,0.6,0.9502705392332347,0.8649735207179272
R_005790,6,2,6,5,0.8333333333333334,0.45056120886630463,0.6500224216483541
R_005791,6,1,2,6,1.0,-0.0,0.0
R_005792,7,1,1,7,1.0,-0.0,0.0
R_005793,7,1,1,7,1.0,-0.0,0.0
R_005794,6,2,6,5,0.8333333333333334,0.45056120886630463,0.6500224216483541
R_005795,7,3,7,4,0.5714285714285714,0.9556998911125343,0.8699155297736259
R_005796,8,2,6,7,0.875,0.37677016125643675,0.5435644431995964
R_005797,8,1,4,8,1.0,-0.0,0.0
R_005798,5,1,1,5,1.0,-0.0,0.0
R_005799,8,1,1,8,1.0,-0.0,0.0
R_005800,5,2,5,4,0.8,0.5004024235381879,0.7219280948873623
R_005801,5,1,0,5,1.0,-0.0,0.0
R_005802,6,1,1,6,1.0,-0.0,0.0
R_005803,7,1,2,7,1.0,-0.0,0.0
R_005804,5,1,1,5,1.0,-0.0,0.0
R_005805,6,1,1,6,1.0,-0.0,0.0
R_005806,7,2,6,6,0.8571428571428571,0.410116318288409,0.5916727785823274
R_005807,5,2,6,4,0.8,0.5004024235381879,0.7219280948873623
R_005808,7,1,3,7,1.0,-0.0,0.0
R_005809,6,3,6,4,0.6666666666666666,0.8675632284814612,0.7896900821428474
R_005810,6,3,7,3,0.5,1.0114042647073518,0.920619835714305
R_005811,5,1,2,5,1.0,-0.0,0.0
R_005812,6,1,4,6,1.0,-0.0,0.0
R_005813,7,2,6,6,0.8571428571428571,0.410116318288409,0.5916727785823274
R_005814,8,1,0,8,1.0,-0.0,0.0
R_005815,7,1,3,7,1.0,-0.0,0.0
R_005816,6,1,0,6,1.0,-0.0,0.0
R_005817,7,1,2,7,1.0,-0.0,0.0
R_005818,8,3,6,6,0.75,0.7356219397587946,0.6695919455357792
R_005819,5,1,0,5,1.0,-0.0,0.0
R_005820,7,1,4,7,1.0,-0.0,0.0
R_005821,7,1,1,7,1.0,-0.0,0.0
R_005822,6,2,6,5,0.8333333333333334,0.45056120886630463,0.6500224216483541
R_005823,8,3,7,5,0.625,0.9002560512685369,0.8194483718728035
R_005824,6,1,5,6,1.0,-0.0,0.0
R_005825,7,1,1,7,1.0,-0.0,0.0
R_005826,6,1,0,6,1.0,-0.0,0.0
R_005827,7,3,6,5,0.7142857142857143,0.796311640173813,0.7248340915057598
R_005828,8,1,3,8,1.0,-0.0,0.0
R_005829,6,1,1,6,1.0,-0.0,0.0
R_005830,7,1,3,7,1.0,-0.0,0.0
R_005831,6,1,3,6,1.0,-0.0,0.0
R_005832,8,1,1,8,1.0,-0.0,0.0
R_005833,6,1,1,6,1.0,-0.0,0.0
R_005834,5,1,1,5,1.0,-0.0,0.0
R_005835,8,1,1,8,1.0,-0.0,0.0
R_005836,5,1,2,5,1.0,-0.0,0.0
R_005837,5,1,2,5,1.0,-0.0,0.0
R_005838,8,3,6,6,0.75,0.7356219397587946,0.6695919455357792
R_005839,5,1,3,5,1.0,-0.0,0.0
R_005840,6,1,2,6,1.0,-0.0,0.0
R_005841,6,1,3,6,1.0,-0.0,0.0
R_005842,8,1,2,8,1.0,-0.0,0.0
R_005843,5,1,2,5,1.0,-0.0,0.0
R_005844,6,1,0,6,1.0,-0.0,0.0
R_005845,6,1,1,6,1.0,-0.0,0.0
R_005846,6,1,2,6,1.0,-0.0,0.0
R_005847,6,2,5,5,0.8333333333333334,0.45056120886630463,0.6500224216483541
R_005848,6,1,5,6,1.0,-0.0,0.0
R_005849,8,1,0,8,1.0,-0.0,0.0
R_005850,8,1,3,8,1.0,-0.0,0.0
R_005851,6,1,0,6,1.0,-0.0,0.0
R_005852,7,1,1,7,1.0,-0.0,0.0
R_005853,5,1,3,5,1.0,-0.0,0.0
R_005854,5,4,7,2,0.4,1.3321790402101223,0.9609640474436812
R_005855,6,1,3,6,1.0,-0.0,0.0
R_005856,7,2,5,6,0.8571428571428571,0.410116318288409,0.5916727785823274
R_005857,7,1,5,7,1.0,-0.0,0.0
R_005858,6,2,7,5,0.8333333333333334,0.45056120886630463,0.6500224216483541
R_005859,7,2,6,6,0.8571428571428571,0.410116318288409,0.5916727785823274
R_005860,7,1,0,7,1.0,-0.0,0.0
R_005861,7,1,1,7,1.0,-0.0,0.0
R_005862,5,1,2,5,1.0,-0.0,0.0
R_005863,8,1,0,8,1.0,-0.0,0.0
R_005864,6,2,6,5,0.8333333333333334,0.45056120886630463,0.6500224216483541
R_005865,6,1,1,6,1.0,-0.0,0.0
R_005866,7,4,7,4,0.5714285714285714,1.1537419427010902,0.8322488896002307
R_005867,5,1,4,5,1.0,-0.0,0.0
R_005868,5,1,0,5,1.0,-0.0,0.0
R_005869,8,1,2,8,1.0,-0.0,0.0
R_005870,7,1,2,7,1.0,-0.0,0.0
R_005871,8,1,3,8,1.0,-0.0,0.0
R_005872,6,1,3,6,1.0,-0.0,0.0
R_005873,8,1,4,8,1.0,-0.0,0.0
R_005874,6,1,5,6,1.0,-0.0,0.0
R_005875,8,1,5,8,1.0,-0.0,0.0
R_005876,8,1,5,8,1.0,-0.0,0.0
R_005877,7,1,4,7,1.0,-0.0,0.0
R_005878,5,1,6,5,1.0,-0.0,0.0
R_005879,7,1,4,7,1.0,-0.0,0.0
R_005880,5,1,0,5,1.0,-0.0,0.0
R_005881,6,2,5,5,0.8333333333333334,0.45056120886630463,0.6500224216483541
R_005882,5,4,7,2,0.4,1.3321790402101223,0.9609640474436812
R_005883,8,3,6,6,0.75,0.7356219397587946,0.6695919455357792
R_005884,8,1,2,8,1.0,-0.0,0.0
R_005885,5,1,3,5,1.0,-0.0,0.0
R_005886,8,2,7,6,0.75,0.5623351446188083,0.8112781244591328
R_005887,5,1,1,5,1.0,-0.0,0.0
R_005888,5,3,7,3,0.6,0.9502705392332347,0.8649735207179272
R_005889,5,1,1,5,1.0,-0.0,0.0
R_005890,7,1,4,7,1.0,-0.0,0.0
R_005891,7,1,4,7,1.0,-0.0,0.0
R_005892,7,1,3,7,1.0,-0.0,0.0
R_005893,5,3,7,3,0.6,0.9502705392332347,0.8649735207179272
R_005894,8,1,4,8,1.0,-0.0,0.0
R_005895,7,1,0,7,1.0,-0.0,0.0
R_005896,8,1,4,8,1.0,-0.0,0.0
R_005897,8,4,7,4,0.5,1.2130075659799042,0.875
R_005898,6,2,5,5,0.8333333333333334,0.45056120886630463,0.6500224216483541
R_005899,5,1,2,5,1.0,-0.0,0.0
R_005900,7,1,0,7,1.0,-0.0,0.0
R_005901,8,2,6,7,0.875,0.37677016125643675,0.5435644431995964
R_005902,6,1,5,6,1.0,-0.0,0.0
R_005903,7,1,2,7,1.0,-0.0,0.0
R_005904,6,1,0,6,1.0,-0.0,0.0
R_005905,7,1,1,7,1.0,-0.0,0.0
R_005906,7,1,3,7,1.0,-0.0,0.0
R_005907,8,4,7,5,0.625,1.073542846408523,0.7743974703476992
R_005908,7,2,6,6,0.8571428571428571,0.410116318288409,0.5916727785823274
R_005909,5,1,0,5,1.0,-0.0,0.0
R_005910,7,1,2,7,1.0,-0.0,0.0
R_005911,7,2,5,6,0.8571428571428571,0.410116318288409,0.5916727785823274
R_005912,6,1,1,6,1.0,-0.0,0.0
R_005913,8,1,1,8,1.0,-0.0,0.0
R_005914,5,1,4,5,1.0,-0.0,0.0
R_005915,7,1,3,7,1.0,-0.0,0.0
R_005916,7,1,2,7,1.0,-0.0,0.0
R_005917,5,1,1,5,1.0,-0.0,0.0
R_005918,6,1,1,6,1.0,-0.0,0.0
R_005919,8,3,6,6,0.75,0.7356219397587946,0.6695919455357792
R_005920,7,3,7,4,0.5714285714285714,0.9556998911125343,0.8699155297736259
R_005921,6,1,4,6,1.0,-0.0,0.0
R_005922,7,3,7,4,0.5714285714285714,0.9556998911125343,0.8699155297736259
R_005923,8,1,0,8,1.0,-0.0,0.0
R_005924,8,1,1,8,1.0,-0.0,0.0
R_005925,7,1,1,7,1.0,-0.0,0.0
R_005926,6,3,7,3,0.5,1.0114042647073518,0.920619835714305
R_005927,6,1,5,6,1.0,-0.0,0.0
R_005928,7,1,0,7,1.0,-0.0,0.0
R_005929,8,1,3,8,1.0,-0.0,0.0
R_005930,7,1,2,7,1.0,-0.0,0.0
R_005931,8,1,4,8,1.0,-0.0,0.0
R_005932,6,1,1,6,1.0,-0.0,0.0
R_005933,5,1,0,5,1.0,-0.0,0.0
R_005934,5,3,6,3,0.6,0.9502705392332347,0.8649735207179272
R_005935,5,2,6,4,0.8,0.5004024235381879,0.7219280948873623
R_005936,8,1,1,8,1.0,-0.0,0.0
R_005937,5,1,3,5,1.0,-0.0,0.0
R_005938,7,2,5,6,0.8571428571428571,0.410116318288409,0.5916727785823274
R_005939,5,1,3,5,1.0,-0.0,0.0
R_005940,5,1,1,5,1.0,-0.0,0.0
R_005941,6,1,4,6,1.0,-0.0,0.0
R_005942,8,1,0,8,1.0,-0.0,0.0
R_005943,7,1,3,7,1.0,-0.0,0.0
R_005944,6,3,6,4,0.6666666666666666,0.8675632284814612,0.7896900821428474
R_005945,6,2,5,5,0.8333333333333334,0.45056120886630463,0.6500224216483541
R_005946,6,2,6,5,0.8333333333333334,0.45056120886630463,0.6500224216483541
R_005947,5,1,1,5,1.0,-0.0,0.0
R_005948,5,1,4,5,1.0,-0.0,0.0
R_005949,7,1,2,7,1.0,-0.0,0.0
R_005950,5,1,5,5,1.0,-0.0,0.0
R_005951,8,1,0,8,1.0,-0.0,0.0
R_005952,8,1,3,8,1.0,-0.0,0.0
R_005953,8,3,6,6,0.75,0.7356219397587946,0.6695919455357792
R_005954,5,1,1,5,1.0,-0.0,0.0
R_005955,5,3,7,3,0.6,0.9502705392332347,0.8649735207179272
R_005956,6,1,1,6,1.0,-0.0,0.0
R_005957,5,1,1,5,1.0,-0.0,0.0
R_005958,5,1,5,5,1.0,-0.0,0.0
R_005959,8,1,1,8,1.0,-0.0,0.0
R_005960,8,1,1,8,1.0,-0.0,0.0
R_005961,6,3,7,4,0.6666666666666666,0.8675632284814612,0.7896900821428474
R_005962,5,3,2,2,0.4,1.0549201679861442,0.9602297178607612
R_005963,8,2,6,7,0.875,0.37677016125643675,0.5435644431995964
R_005964,8,2,5,7,0.875,0.37677016125643675,0.5435644431995964
R_005965,8,4,7,4,0.5,1.2130075659799042,0.875
R_005966,7,1,3,7,1.0,-0.0,0.0
R_005967,5,3,2,2,0.4,1.0549201679861442,0.9602297178607612
R_005968,8,1,0,8,1.0,-0.0,0.0
R_005969,8,4,7,4,0.5,1.2130075659799042,0.875
R_005970,8,2,6,7,0.875,0.37677016125643675,0.5435644431995964
R_005971,6,1,5,6,1.0,-0.0,0.0
R_005972,7,2,5,6,0.8571428571428571,0.410116318288409,0.5916727785823274
R_005973,5,1,4,5,1.0,-0.0,0.0
R_005974,6,1,0,6,1.0,-0.0,0.0
R_005975,8,1,3,8,1.0,-0.0,0.0
R_005976,7,1,5,7,1.0,-0.0,0.0
R_005977,5,1,4,5,1.0,-0.0,0.0
R_005978,8,1,2,8,1.0,-0.0,0.0
R_005979,8,1,3,8,1.0,-0.0,0.0
R_005980,8,3,6,6,0.75,0.7356219397587946,0.6695919455357792
R_005981,6,1,4,6,1.0,-0.0,0.0
R_005982,6,1,1,6,1.0,-0.0,0.0
R_005983,6,1,0,6,1.0,-0.0,0.0
R_005984,6,1,2,6,1.0,-0.0,0.0
R_005985,7,2,6,6,0.8571428571428571,0.410116318288409,0.5916727785823274
R_005986,7,1,0,7,1.0,-0.0,0.0
R_005987,6,2,5,5,0.8333333333333334,0.45056120886630463,0.6500224216483541
R_005988,8,1,2,8,1.0,-0.0,0.0
R_005989,8,1,2,8,1.0,-0.0,0.0
R_005990,6,2,6,5,0.8333333333333334,0.45056120886630463,0.6500224216483541
R_005991,8,1,3,8,1.0,-0.0,0.0
R_005992,7,1,1,7,1.0,-0.0,0.0
R_005993,7,4,7,3,0.42857142857142855,1.277034259466139,0.9211854965885543
R_005994,5,1,2,5,1.0,-0.0,0.0
R_005995,6,2,6,5,0.8333333333333334,0.45056120886630463,0.6500224216483541
R_005996,6,1,3,6,1.0,-0.0,0.0
R_005997,8,1,2,8,1.0,-0.0,0.0
R_005998,8,1,3,8,1.0,-0.0,0.0
R_005999,6,1,2,6,1.0,-0.0,0.0
R_006000,8,1,0,8,1.0,-0.0,0.0
R_006001,5,1,2,5,1.0,-0.0,0.0
R_006002,5,1,3,5,1.0,-0.0,0.0
R_006003,5,1,4,5,1.0,-0.0,0.0
R_006004,6,1,3,6,1.0,-0.0,0.0
R_006005,7,1,1,7,1.0,-0.0,0.0
R_006006,6,1,0,6,1.0,-0.0,0.0
R_006007,6,1,0,6,1.0,-0.0,0.0
R_006008,6,1,3,6,1.0,-0.0,0.0
R_006009,7,1,4,7,1.0,-0.0,0.0
R_006010,8,1,3,8,1.0,-0.0,0.0
R_006011,8,2,6,7,0.875,0.37677016125643675,0.5435644431995964
R_006012,8,1,0,8,1.0,-0.0,0.0
R_006013,5,2,6,4,0.8,0.5004024235381879,0.7219280948873623
R_006014,5,3,7,3,0.6,0.9502705392332347,0.8649735207179272
R_006015,7,1,3,7,1.0,-0.0,0.0
R_006016,8,1,3,8,1.0,-0.0,0.0
R_006017,7,1,1,7,1.0,-0.0,0.0
R_006018,5,1,0,5,1.0,-0.0,0.0
R_006019,7,1,3,7,1.0,-0.0,0.0
R_006020,8,4,7,4,0.5,1.2130075659799042,0.875
R_006021,6,3,7,3,0.5,1.0114042647073518,0.920619835714305
R_006022,5,1,5,5,1.0,-0.0,0.0
R_006023,6,3,6,4,0.6666666666666666,0.8675632284814612,0.7896900821428474
R_006024,8,3,6,6,0.75,0.7356219397587946,0.6695919455357792
R_006025,8,2,5,7,0.875,0.37677016125643675,0.5435644431995964
R_006026,7,3,6,5,0.7142857142857143,0.796311640173813,0.7248340915057598
R_006027,5,3,6,3,0.6,0.9502705392332347,0.8649735207179272
R_006028,8,1,2,8,1.0,-0.0,0.0
R_006029,6,1,4,6,1.0,-0.0,0.0
R_006030,5,3,7,3,0.6,0.9502705392332347,0.8649735207179272
R_006031,8,1,2,8,1.0,-0.0,0.0
R_006032,7,2,5,6,0.8571428571428571,0.410116318288409,0.5916727785823274
R_006033,5,1,4,5,1.0,-0.0,0.0
R_006034,7,1,5,7,1.0,-0.0,0.0
R_006035,7,1,1,7,1.0,-0.0,0.0
R_006036,7,1,2,7,1.0,-0.0,0.0
R_006037,8,1,2,8,1.0,-0.0,0.0
R_006038,7,1,0,7,1.0,-0.0,0.0
R_006039,5,1,4,5,1.0,-0.0,0.0
R_006040,7,4,7,3,0.42857142857142855,1.277034259466139,0.9211854965885543
R_006041,5,1,4,5,1.0,-0.0,0.0
R_006042,5,1,1,5,1.0,-0.0,0.0
R_006043,8,1,1,8,1.0,-0.0,0.0
R_006044,8,1,0,8,1.0,-0.0,0.0
R_006045,8,2,6,7,0.875,0.37677016125643675,0.5435644431995964
R_006046,7,2,5,6,0.8571428571428571,0.410116318288409,0.5916727785823274
R_006047,5,4,7,2,0.4,1.3321790402101223,0.9609640474436812
R_006048,7,1,5,7,1.0,-0.0,0.0
R_006049,8,1,3,8,1.0,-0.0,0.0
R_006050,8,2,5,7,0.875,0.37677016125643675,0.5435644431995964
R_006051,5,2,6,4,0.8,0.5004024235381879,0.7219280948873623
R_006052,5,1,2,5,1.0,-0.0,0.0
R_006053,8,1,0,8,1.0,-0.0,0.0
R_006054,6,1,4,6,1.0,-0.0,0.0
R_006055,7,1,2,7,1.0,-0.0,0.0
R_006056,6,3,7,3,0.5,1.0114042647073518,0.920619835714305
R_006057,7,1,1,7,1.0,-0.0,0.0
R_006058,6,2,6,5,0.8333333333333334,0.45056120886630463,0.6500224216483541
R_006059,8,1,2,8,1.0,-0.0,0.0
R_006060,7,1,4,7,1.0,-0.0,0.0
R_006061,8,2,6,7,0.875,0.37677016125643675,0.5435644431995964
R_006062,8,3,6,6,0.75,0.7356219397587946,0.6695919455357792
R_006063,7,1,0,7,1.0,-0.0,0.0
R_006064,6,2,7,5,0.8333333333333334,0.45056120886630463,0.6500224216483541
R_006065,8,1,3,8,1.0,-0.0,0.0
R_006066,5,1,0,5,1.0,-0.0,0.0
R_006067,8,1,0,8,1.0,-0.0,0.0
R_006068,5,1,2,5,1.0,-0.0,0.0
R_006069,7,1,4,7,1.0,-0.0,0.0
R_006070,7,3,7,4,0.5714285714285714,0.9556998911125343,0.8699155297736259
R_006071,6,1,3,6,1.0,-0.0,0.0
R_006072,8,3,6,6,0.75,0.7356219397587946,0.6695919455357792
R_006073,6,3,6,4,0.6666666666666666,0.8675632284814612,0.7896900821428474
R_006074,7,2,5,6,0.8571428571428571,0.410116318288409,0.5916727785823274
R_006075,8,3,6,6,0.75,0.7356219397587946,0.6695919455357792
R_006076,5,2,6,4,0.8,0.5004024235381879,0.7219280948873623
R_006077,6,1,0,6,1.0,-0.0,0.0
R_006078,6,1,5,6,1.0,-0.0,0.0
R_006079,5,1,2,5,1.0,-0.0,0.0
R_006080,6,1,4,6,1.0,-0.0,0.0
R_006081,8,1,3,8,1.0,-0.0,0.0
R_006082,6,1,0,6,1.0,-0.0,0.0
R_006083,6,1,5,6,1.0,-0.0,0.0
R_006084,8,1,1,8,1.0,-0.0,0.0
R_006085,5,1,0,5,1.0,-0.0,0.0
R_006086,6,1,4,6,1.0,-0.0,0.0
R_006087,8,1,4,8,1.0,-0.0,0.0
R_006088,6,2,5,5,0.8333333333333334,0.45056120886630463,0.6500224216483541
R_006089,5,2,6,4,0.8,0.5004024235381879,0.7219280948873623
R_006090,7,1,5,7,1.0,-0.0,0.0
R_006091,5,1,1,5,1.0,-0.0,0.0
R_006092,7,1,0,7,1.0,-0.0,0.0
R_006093,5,1,4,5,1.0,-0.0,0.0
R_006094,5,3,6,3,0.6,0.9502705392332347,0.8649735207179272
R_006095,7,1,3,7,1.0,-0.0,0.0
R_006096,5,1,3,5,1.0,-0.0,0.0
R_006097,7,2,5,6,0.8571428571428571,0.410116318288409,0.5916727785823274
R_006098,6,1,0,6,1.0,-0.0,0.0
R_006099,5,1,3,5,1.0,-0.0,0.0
R_006100,5,1,0,5,1.0,-0.0,0.0
R_006101,8,2,5,7,0.875,0.37677016125643675,0.5435644431995964
R_006102,8,2,5,7,0.875,0.37677016125643675,0.5435644431995964
R_006103,6,1,3,6,1.0,-0.0,0.0
R_006104,8,1,2,8,1.0,-0.0,0.0
R_006105,7,1,3,7,1.0,-0.0,0.0
R_006106,7,4,7,4,0.5714285714285714,1.1537419427010902,0.8322488896002307
R_006107,7,1,0,7,1.0,-0.0,0.0
R_006108,5,1,5,5,1.0,-0.0,0.0
R_006109,8,1,3,8,1.0,-0.0,0.0
R_006110,7,3,6,5,0.7142857142857143,0.796311640173813,0.7248340915057598
R_006111,7,1,4,7,1.0,-0.0,0.0
R_006112,7,3,6,5,0.7142857142857143,0.796311640173813,0.7248340915057598
R_006113,7,3,6,5,0.7142857142857143,0.796311640173813,0.7248340915057598
R_006114,7,1,4,7,1.0,-0.0,0.0
R_006115,8,3,6,6,0.75,0.7356219397587946,0.6695919455357792
R_006116,7,2,6,6,0.8571428571428571,0.410116318288409,0.5916727785823274
R_006117,7,1,1,7,1.0,-0.0,0.0
R_006118,5,2,5,4,0.8,0.5004024235381879,0.7219280948873623
R_006119,8,2,5,7,0.875,0.37677016125643675,0.5435644431995964
R_006120,6,1,2,6,1.0,-0.0,0.0
R_006121,6,1,1,6,1.0,-0.0,0.0
R_006122,5,1,4,5,1.0,-0.0,0.0
R_006123,5,1,3,5,1.0,-0.0,0.0
R_006124,8,1,2,8,1.0,-0.0,0.0
R_006125,8,1,1,8,1.0,-0.0,0.0
R_006126,5,1,1,5,1.0,-0.0,0.0
R_006127,8,1,4,8,1.0,-0.0,0.0
R_006128,5,1,5,5,1.0,-0.0,0.0
R_006129,7,1,2,7,1.0,-0.0,0.0
R_006130,6,1,4,6,1.0,-0.0,0.0
R_006131,7,4,7,4,0.5714285714285714,1.1537419427010902,0.8322488896002307
R_006132,6,1,4,6,1.0,-0.0,0.0
R_006133,8,1,2,8,1.0,-0.0,0.0
R_006134,5,2,6,4,0.8,0.5004024235381879,0.7219280948873623
R_006135,8,1,5,8,1.0,-0.0,0.0
R_006136,6,1,4,6,1.0,-0.0,0.0
R_006137,8,1,0,8,1.0,-0.0,0.0
R_006138,7,1,3,7,1.0,-0.0,0.0
R_006139,5,3,6,3,0.6,0.9502705392332347,0.8649735207179272
R_006140,6,1,3,6,1.0,-0.0,0.0
R_006141,5,1,0,5,1.0,-0.0,0.0
R_006142,8,1,2,8,1.0,-0.0,0.0
R_006143,7,1,0,7,1.0,-0.0,0.0
R_006144,7,1,0,7,1.0,-0.0,0.0
R_006145,5,1,3,5,1.0,-0.0,0.0
R_006146,6,3,6,4,0.6666666666666666,0.8675632284814612,0.7896900821428474
R_006147,6,2,5,5,0.8333333333333334,0.45056120886630463,0.6500224216483541
R_006148,8,3,6,6,0.75,0.7356219397587946,0.6695919455357792
R_006149,7,1,0,7,1.0,-0.0,0.0
R_006150,5,1,2,5,1.0,-0.0,0.0
R_006151,8,3,6,6,0.75,0.7356219397587946,0.6695919455357792
R_006152,7,1,5,7,1.0,-0.0,0.0
R_006153,5,2,6,4,0.8,0.5004024235381879,0.7219280948873623
R_006154,5,1,1,5,1.0,-0.0,0.0
R_006155,7,1,5,7,1.0,-0.0,0.0
R_006156,8,3,7,6,0.75,0.7356219397587946,0.6695919455357792
R_006157,8,1,2,8,1.0,-0.0,0.0
R_006158,7,1,2,7,1.0,-0.0,0.0
R_006159,7,1,3,7,1.0,-0.0,0.0
R_006160,5,4,7,2,0.4,1.3321790402101223,0.9609640474436812
R_006161,5,1,1,5,1.0,-0.0,0.0
R_006162,8,1,0,8,1.0,-0.0,0.0
R_006163,5,4,7,2,0.4,1.3321790402101223,0.9609640474436812
R_006164,8,1,1,8,1.0,-0.0,0.0
R_006165,6,1,0,6,1.0,-0.0,0.0
R_006166,6,1,3,6,1.0,-0.0,0.0
R_006167,7,3,7,5,0.7142857142857143,0.796311640173813,0.7248340915057598
R_006168,7,1,3,7,1.0,-0.0,0.0
R_006169,7,1,1,7,1.0,-0.0,0.0
R_006170,5,1,4,5,1.0,-0.0,0.0
R_006171,5,4,2,2,0.4,1.3321790402101223,0.9609640474436812
R_006172,8,1,1,8,1.0,-0.0,0.0
R_006173,6,1,5,6,1.0,-0.0,0.0
R_006174,8,1,1,8,1.0,-0.0,0.0
R_006175,8,1,2,8,1.0,-0.0,0.0
R_006176,5,1,1,5,1.0,-0.0,0.0
R_006177,7,2,5,6,0.8571428571428571,0.410116318288409,0.5916727785823274
R_006178,7,1,3,7,1.0,-0.0,0.0
R_006179,5,3,2,2,0.4,1.0549201679861442,0.9602297178607612
R_006180,7,1,0,7,1.0,-0.0,0.0
R_006181,5,1,1,5,1.0,-0.0,0.0
R_006182,5,1,6,5,1.0,-0.0,0.0
R_006183,7,1,0,7,1.0,-0.0,0.0
R_006184,6,1,0,6,1.0,-0.0,0.0
R_006185,6,1,0,6,1.0,-0.0,0.0
R_006186,6,2,6,5,0.8333333333333334,0.45056120886630463,0.6500224216483541
R_006187,6,1,2,6,1.0,-0.0,0.0
R_006188,8,2,5,7,0.875,0.37677016125643675,0.5435644431995964
R_006189,5,2,7,4,0.8,0.5004024235381879,0.7219280948873623
R_006190,5,1,3,5,1.0,-0.0,0.0
R_006191,7,4,7,4,0.5714285714285714,1.1537419427010902,0.8322488896002307
R_006192,8,1,1,8,1.0,-0.0,0.0
R_006193,6,1,3,6,1.0,-0.0,0.0
R_006194,5,2,6,4,0.8,0.5004024235381879,0.7219280948873623
R_006195,6,1,3,6,1.0,-0.0,0.0
R_006196,8,1,2,8,1.0,-0.0,0.0
R_006197,5,2,7,4,0.8,0.5004024235381879,0.7219280948873623
R_006198,6,1,0,6,1.0,-0.0,0.0
R_006199,5,1,3,5,1.0,-0.0,0.0
R_006200,6,1,2,6,1.0,-0.0,0.0
R_006201,6,1,2,6,1.0,-0.0,0.0
R_006202,8,2,5,7,0.875,0.37677016125643675,0.5435644431995964
R_006203,6,1,0,6,1.0,-0.0,0.0
R_006204,7,1,1,7,1.0,-0.0,0.0
R_006205,8,1,1,8,1.0,-0.0,0.0
R_006206,7,1,0,7,1.0,-0.0,0.0
R_006207,5,1,4,5,1.0,-0.0,0.0
R_006208,5,1,2,5,1.0,-0.0,0.0
R_006209,5,1,6,5,1.0,-0.0,0.0
R_006210,6,3,7,4,0.6666666666666666,0.8675632284814612,0.7896900821428474
R_006211,7,1,4,7,1.0,-0.0,0.0
R_006212,5,1,2,5,1.0,-0.0,0.0
R_006213,8,1,3,8,1.0,-0.0,0.0
R_006214,8,1,1,8,1.0,-0.0,0.0
R_006215,5,1,2,5,1.0,-0.0,0.0
R_006216,6,1,2,6,1.0,-0.0,0.0
R_006217,5,1,2,5,1.0,-0.0,0.0
R_006218,7,1,1,7,1.0,-0.0,0.0
R_006219,6,1,2,6,1.0,-0.0,0.0
R_006220,6,3,7,3,0.5,1.0114042647073518,0.920619835714305
R_006221,8,1,1,8,1.0,-0.0,0.0
R_006222,8,4,7,4,0.5,1.2130075659799042,0.875
R_006223,7,1,1,7,1.0,-0.0,0.0
R_006224,7,2,5,6,0.8571428571428571,0.410116318288409,0.5916727785823274
R_006225,8,1,2,8,1.0,-0.0,0.0
R_006226,5,1,2,5,1.0,-0.0,0.0
R_006227,6,3,7,4,0.6666666666666666,0.8675632284814612,0.7896900821428474
R_006228,6,2,5,5,0.8333333333333334,0.45056120886630463,0.6500224216483541
R_006229,7,3,6,5,0.7142857142857143,0.796311640173813,0.7248340915057598
R_006230,6,1,4,6,1.0,-0.0,0.0
R_006231,5,2,5,4,0.8,0.5004024235381879,0.7219280948873623
R_006232,7,1,0,7,1.0,-0.0,0.0
R_006233,7,1,3,7,1.0,-0.0,0.0
R_006234,5,1,3,5,1.0,-0.0,0.0
R_006235,7,1,1,7,1.0,-0.0,0.0
R_006236,8,2,5,7,0.875,0.37677016125643675,0.5435644431995964
R_006237,6,1,3,6,1.0,-0.0,0.0
R_006238,5,1,0,5,1.0,-0.0,0.0
R_006239,5,2,6,4,0.8,0.5004024235381879,0.7219280948873623
R_006240,7,1,1,7,1.0,-0.0,0.0
R_006241,8,3,6,6,0.75,0.7356219397587946,0.6695919455357792
R_006242,5,3,2,2,0.4,1.0549201679861442,0.9602297178607612
R_006243,8,2,5,7,0.875,0.37677016125643675,0.5435644431995964
R_006244,5,3,2,2,0.4,1.0549201679861442,0.9602297178607612
R_006245,7,1,1,7,1.0,-0.0,0.0
R_006246,8,1,3,8,1.0,-0.0,0.0
R_006247,7,1,3,7,1.0,-0.0,0.0
R_006248,6,1,0,6,1.0,-0.0,0.0
R_006249,6,1,3,6,1.0,-0.0,0.0
R_006250,5,1,3,5,1.0,-0.0,0.0
R_006251,5,1,6,5,1.0,-0.0,0.0
R_006252,5,1,3,5,1.0,-0.0,0.0
R_006253,6,4,7,3,0.5,1.242453324894,0.8962406251802889
R_006254,7,3,7,4,0.5714285714285714,0.9556998911125343,0.8699155297736259
R_006255,7,1,0,7,1.0,-0.0,0.0
R_006256,8,1,3,8,1.0,-0.0,0.0
R_006257,7,3,6,5,0.7142857142857143,0.796311640173813,0.7248340915057598
R_006258,6,1,3,6,1.0,-0.0,0.0
R_006259,8,1,5,8,1.0,-0.0,0.0
R_006260,8,1,4,8,1.0,-0.0,0.0
R_006261,6,1,1,6,1.0,-0.0,0.0
R_006262,5,1,0,5,1.0,-0.0,0.0
R_006263,7,3,7,5,0.7142857142857143,0.796311640173813,0.7248340915057598
R_006264,7,1,2,7,1.0,-0.0,0.0
R_006265,7,1,2,7,1.0,-0.0,0.0
R_006266,7,1,0,7,1.0,-0.0,0.0
R_006267,7,1,3,7,1.0,-0.0,0.0
R_006268,5,1,4,5,1.0,-0.0,0.0
R_006269,5,1,4,5,1.0,-0.0,0.0
R_006270,6,1,0,6,1.0,-0.0,0.0
R_006271,7,1,1,7,1.0,-0.0,0.0
R_006272,8,3,6,6,0.75,0.7356219397587946,0.6695919455357792
R_006273,5,1,3,5,1.0,-0.0,0.0
R_006274,7,1,4,7,1.0,-0.0,0.0
R_006275,8,1,3,8,1.0,-0.0,0.0
R_006276,7,2,5,6,0.8571428571428571,0.410116318288409,0.5916727785823274
R_006277,7,1,2,7,1.0,-0.0,0.0
R_006278,6,1,3,6,1.0,-0.0,0.0
R_006279,6,1,1,6,1.0,-0.0,0.0
R_006280,6,2,6,5,0.8333333333333334,0.45056120886630463,0.6500224216483541
R_006281,7,1,3,7,1.0,-0.0,0.0
R_006282,5,2,6,4,0.8,0.5004024235381879,0.7219280948873623
R_006283,7,2,5,6,0.8571428571428571,0.410116318288409,0.5916727785823274
R_006284,5,1,2,5,1.0,-0.0,0.0
R_006285,5,1,2,5,1.0,-0.0,0.0
R_006286,8,1,6,8,1.0,-0.0,0.0
R_006287,6,1,0,6,1.0,-0.0,0.0
R_006288,7,2,5,6,0.8571428571428571,0.410116318288409,0.5916727785823274
R_006289,8,1,2,8,1.0,-0.0,0.0
R_006290,6,2,5,5,0.8333333333333334,0.45056120886630463,0.6500224216483541
R_006291,5,1,1,5,1.0,-0.0,0.0
R_006292,6,3,7,3,0.5,1.0114042647073518,0.920619835714305
R_006293,6,3,6,4,0.6666666666666666,0.8675632284814612,0.7896900821428474
R_006294,5,1,1,5,1.0,-0.0,0.0
R_006295,7,1,4,7,1.0,-0.0,0.0
R_006296,7,2,6,6,0.8571428571428571,0.410116318288409,0.5916727785823274
R_006297,5,1,1,5,1.0,-0.0,0.0
R_006298,7,1,3,7,1.0,-0.0,0.0
R_006299,7,1,4,7,1.0,-0.0,0.0
R_006300,6,1,1,6,1.0,-0.0,0.0
R_006301,7,1,4,7,1.0,-0.0,0.0
R_006302,8,2,5,7,0.875,0.37677016125643675,0.5435644431995964
R_006303,8,2,6,7,0.875,0.37677016125643675,0.5435644431995964
R_006304,8,3,7,6,0.75,0.7356219397587946,0.6695919455357792
R_006305,5,1,3,5,1.0,-0.0,0.0
R_006306,6,2,6,5,0.8333333333333334,0.45056120886630463,0.6500224216483541
R_006307,5,1,6,5,1.0,-0.0,0.0
R_006308,6,3,6,4,0.6666666666666666,0.8675632284814612,0.7896900821428474
R_006309,5,1,3,5,1.0,-0.0,0.0
R_006310,6,1,2,6,1.0,-0.0,0.0
R_006311,8,1,3,8,1.0,-0.0,0.0
R_006312,6,4,7,3,0.5,1.242453324894,0.8962406251802889
R_006313,7,1,0,7,1.0,-0.0,0.0
R_006314,8,1,2,8,1.0,-0.0,0.0
R_006315,8,3,7,5,0.625,0.9002560512685369,0.8194483718728035
R_006316,5,2,6,4,0.8,0.5004024235381879,0.7219280948873623
R_006317,7,1,2,7,1.0,-0.0,0.0
R_006318,7,1,4,7,1.0,-0.0,0.0
R_006319,8,1,0,8,1.0,-0.0,0.0
R_006320,6,1,3,6,1.0,-0.0,0.0
R_006321,6,2,5,5,0.8333333333333334,0.45056120886630463,0.6500224216483541
R_006322,6,1,3,6,1.0,-0.0,0.0
R_006323,5,1,2,5,1.0,-0.0,0.0
R_006324,8,4,7,4,0.5,1.2130075659799042,0.875
R_006325,7,1,1,7,1.0,-0.0,0.0
R_006326,6,1,3,6,1.0,-0.0,0.0
R_006327,6,1,5,6,1.0,-0.0,0.0
R_006328,6,1,4,6,1.0,-0.0,0.0
R_006329,5,1,0,5,1.0,-0.0,0.0
R_006330,8,1,4,8,1.0,-0.0,0.0
R_006331,8,1,1,8,1.0,-0.0,0.0
R_006332,8,1,3,8,1.0,-0.0,0.0
R_006333,8,1,1,8,1.0,-0.0,0.0
R_006334,5,1,0,5,1.0,-0.0,0.0
R_006335,7,1,1,7,1.0,-0.0,0.0
R_006336,8,4,7,5,0.625,1.073542846408523,0.7743974703476992
R_006337,6,3,7,4,0.6666666666666666,0.8675632284814612,0.7896900821428474
R_006338,8,1,4,8,1.0,-0.0,0.0
R_006339,6,1,4,6,1.0,-0.0,0.0
R_006340,7,3,7,4,0.5714285714285714,0.9556998911125343,0.8699155297736259
R_006341,5,1,4,5,1.0,-0.0,0.0
R_006342,6,1,1,6,1.0,-0.0,0.0
R_006343,5,1,0,5,1.0,-0.0,0.0
R_006344,6,1,5,6,1.0,-0.0,0.0
R_006345,5,3,7,3,0.6,0.9502705392332347,0.8649735207179272
R_006346,7,4,7,4,0.5714285714285714,1.1537419427010902,0.8322488896002307
R_006347,8,1,4,8,1.0,-0.0,0.0
R_006348,6,3,7,3,0.5,1.0114042647073518,0.920619835714305
R_006349,8,3,7,5,0.625,0.9002560512685369,0.8194483718728035
R_006350,7,1,2,7,1.0,-0.0,0.0
R_006351,6,2,6,5,0.8333333333333334,0.45056120886630463,0.6500224216483541
R_006352,7,1,5,7,1.0,-0.0,0.0
R_006353,7,4,7,4,0.5714285714285714,1.1537419427010902,0.8322488896002307
R_006354,7,1,0,7,1.0,-0.0,0.0
R_006355,8,1,2,8,1.0,-0.0,0.0
R_006356,6,1,4,6,1.0,-0.0,0.0
R_006357,8,1,1,8,1.0,-0.0,0.0
R_006358,6,1,2,6,1.0,-0.0,0.0
R_006359,7,1,2,7,1.0,-0.0,0.0
R_006360,7,1,2,7,1.0,-0.0,0.0
R_006361,6,3,7,4,0.6666666666666666,0.8675632284814612,0.7896900821428474
R_006362,8,1,2,8,1.0,-0.0,0.0
R_006363,7,1,2,7,1.0,-0.0,0.0
R_006364,8,4,7,4,0.5,1.2130075659799042,0.875
R_006365,7,2,5,6,0.8571428571428571,0.410116318288409,0.5916727785823274
R_006366,7,1,0,7,1.0,-0.0,0.0
R_006367,5,4,7,2,0.4,1.3321790402101223,0.9609640474436812
R_006368,7,4,7,4,0.5714285714285714,1.1537419427010902,0.8322488896002307
R_006369,5,1,5,5,1.0,-0.0,0.0
R_006370,8,1,2,8,1.0,-0.0,0.0
R_006371,5,1,4,5,1.0,-0.0,0.0
R_006372,5,2,7,4,0.8,0.5004024235381879,0.7219280948873623
R_006373,6,3,6,4,0.6666666666666666,0.8675632284814612,0.7896900821428474
R_006374,6,1,5,6,1.0,-0.0,0.0
R_006375,8,1,3,8,1.0,-0.0,0.0
R_006376,5,1,3,5,1.0,-0.0,0.0
R_006377,6,1,1,6,1.0,-0.0,0.0
R_006378,5,1,1,5,1.0,-0.0,0.0
R_006379,8,1,1,8,1.0,-0.0,0.0
R_006380,8,1,1,8,1.0,-0.0,0.0
R_006381,5,1,2,5,1.0,-0.0,0.0
R_006382,8,1,3,8,1.0,-0.0,0.0
R_006383,7,1,2,7,1.0,-0.0,0.0
R_006384,5,3,6,3,0.6,0.9502705392332347,0.8649735207179272
R_006385,5,1,3,5,1.0,-0.0,0.0
R_006386,5,1,3,5,1.0,-0.0,0.0
R_006387,6,1,0,6,1.0,-0.0,0.0
R_006388,7,4,7,4,0.5714285714285714,1.1537419427010902,0.8322488896002307
R_006389,7,1,5,7,1.0,-0.0,0.0
R_006390,5,1,1,5,1.0,-0.0,0.0
R_006391,6,1,3,6,1.0,-0.0,0.0
R_006392,8,1,2,8,1.0,-0.0,0.0
R_006393,5,1,4,5,1.0,-0.0,0.0
R_006394,8,1,0,8,1.0,-0.0,0.0
R_006395,5,2,7,3,0.6,0.6730116670092565,0.9709505944546688
R_006396,7,4,7,4,0.5714285714285714,1.1537419427010902,0.8322488896002307
R_006397,7,1,2,7,1.0,-0.0,0.0
R_006398,7,1,2,7,1.0,-0.0,0.0
R_006399,6,1,4,6,1.0,-0.0,0.0
R_006400,6,1,3,6,1.0,-0.0,0.0
R_006401,6,1,4,6,1.0,-0.0,0.0
R_006402,7,1,1,7,1.0,-0.0,0.0
R_006403,8,1,0,8,1.0,-0.0,0.0
R_006404,6,1,4,6,1.0,-0.0,0.0
R_006405,8,2,5,7,0.875,0.37677016125643675,0.5435644431995964
R_006406,8,3,6,6,0.75,0.7356219397587946,0.6695919455357792
R_006407,5,1,0,5,1.0,-0.0,0.0
R_006408,7,1,4,7,1.0,-0.0,0.0
R_006409,8,3,6,6,0.75,0.7356219397587946,0.6695919455357792
R_006410,6,1,1,6,1.0,-0.0,0.0
R_006411,6,1,3,6,1.0,-0.0,0.0
R_006412,8,1,2,8,1.0,-0.0,0.0
R_006413,7,1,1,7,1.0,-0.0,0.0
R_006414,6,2,5,5,0.8333333333333334,0.45056120886630463,0.6500224216483541
R_006415,6,1,5,6,1.0,-0.0,0.0
R_006416,7,1,2,7,1.0,-0.0,0.0
R_006417,8,1,3,8,1.0,-0.0,0.0
R_006418,7,2,5,6,0.8571428571428571,0.410116318288409,0.5916727785823274
R_006419,8,2,6,7,0.875,0.37677016125643675,0.5435644431995964
R_006420,5,2,6,4,0.8,0.5004024235381879,0.7219280948873623
R_006421,7,1,0,7,1.0,-0.0,0.0
R_006422,7,1,4,7,1.0,-0.0,0.0
R_006423,8,1,4,8,1.0,-0.0,0.0
R_006424,8,2,5,7,0.875,0.37677016125643675,0.5435644431995964
R_006425,5,4,7,2,0.4,1.3321790402101223,0.9609640474436812
R_006426,5,1,1,5,1.0,-0.0,0.0
R_006427,6,2,5,5,0.8333333333333334,0.45056120886630463,0.6500224216483541
R_006428,6,1,2,6,1.0,-0.0,0.0
R_006429,7,1,2,7,1.0,-0.0,0.0
R_006430,5,1,6,5,1.0,-0.0,0.0
R_006431,8,1,3,8,1.0,-0.0,0.0
R_006432,6,2,5,5,0.8333333333333334,0.45056120886630463,0.6500224216483541
R_006433,5,1,0,5,1.0,-0.0,0.0
R_006434,8,4,7,5,0.625,1.073542846408523,0.7743974703476992
R_006435,5,2,5,4,0.8,0.5004024235381879,0.7219280948873623
R_006436,8,1,0,8,1.0,-0.0,0.0
R_006437,5,1,1,5,1.0,-0.0,0.0
R_006438,8,2,5,7,0.875,0.37677016125643675,0.5435644431995964
R_006439,6,1,1,6,1.0,-0.0,0.0
R_006440,7,2,5,6,0.8571428571428571,0.410116318288409,0.5916727785823274
R_006441,5,1,0,5,1.0,-0.0,0.0
R_006442,7,1,3,7,1.0,-0.0,0.0
R_006443,5,1,3,5,1.0,-0.0,0.0
R_006444,5,3,7,3,0.6,0.9502705392332347,0.8649735207179272
R_006445,8,1,4,8,1.0,-0.0,0.0
R_006446,5,1,2,5,1.0,-0.0,0.0
R_006447,7,2,5,6,0.8571428571428571,0.410116318288409,0.5916727785823274
R_006448,6,1,0,6,1.0,-0.0,0.0
R_006449,5,1,7,5,1.0,-0.0,0.0
R_006450,5,1,5,5,1.0,-0.0,0.0
R_006451,8,3,7,5,0.625,0.9002560512685369,0.8194483718728035
R_006452,8,2,7,6,0.75,0.5623351446188083,0.8112781244591328
R_006453,5,1,4,5,1.0,-0.0,0.0
R_006454,8,2,5,7,0.875,0.37677016125643675,0.5435644431995964
R_006455,5,3,7,3,0.6,0.9502705392332347,0.8649735207179272
R_006456,8,1,1,8,1.0,-0.0,0.0
R_006457,6,1,1,6,1.0,-0.0,0.0
R_006458,7,2,5,6,0.8571428571428571,0.410116318288409,0.5916727785823274
R_006459,8,1,3,8,1.0,-0.0,0.0
R_006460,8,1,3,8,1.0,-0.0,0.0
R_006461,7,1,3,7,1.0,-0.0,0.0
R_006462,6,2,6,5,0.8333333333333334,0.45056120886630463,0.6500224216483541
R_006463,6,1,5,6,1.0,-0.0,0.0
R_006464,5,3,2,2,0.4,1.0549201679861442,0.9602297178607612
R_006465,6,3,6,4,0.6666666666666666,0.8675632284814612,0.7896900821428474
R_006466,8,1,3,8,1.0,-0.0,0.0
R_006467,7,1,0,7,1.0,-0.0,0.0
R_006468,6,1,1,6,1.0,-0.0,0.0
R_006469,7,1,0,7,1.0,-0.0,0.0
R_006470,5,2,5,4,0.8,0.5004024235381879,0.7219280948873623
R_006471,7,3,6,5,0.7142857142857143,0.796311640173813,0.7248340915057598
R_006472,5,1,2,5,1.0,-0.0,0.0
R_006473,6,3,7,4,0.6666666666666666,0.8675632284814612,0.7896900821428474
R_006474,8,3,6,6,0.75,0.7356219397587946,0.6695919455357792
R_006475,6,3,6,4,0.6666666666666666,0.8675632284814612,0.7896900821428474
R_006476,6,3,6,4,0.6666666666666666,0.8675632284814612,0.7896900821428474
R_006477,6,3,6,4,0.6666666666666666,0.8675632284814612,0.7896900821428474
R_006478,5,3,6,3,0.6,0.9502705392332347,0.8649735207179272
R_006479,5,1,2,5,1.0,-0.0,0.0
R_006480,7,1,1,7,1.0,-0.0,0.0
R_006481,7,4,7,3,0.42857142857142855,1.277034259466139,0.9211854965885543
R_006482,6,1,1,6,1.0,-0.0,0.0
R_006483,7,2,5,6,0.8571428571428571,0.410116318288409,0.5916727785823274
R_006484,8,1,2,8,1.0,-0.0,0.0
R_006485,5,1,5,5,1.0,-0.0,0.0
R_006486,6,1,0,6,1.0,-0.0,0.0
R_006487,7,2,5,6,0.8571428571428571,0.410116318288409,0.5916727785823274
R_006488,6,1,0,6,1.0,-0.0,0.0
R_006489,6,2,6,5,0.8333333333333334,0.45056120886630463,0.6500224216483541
R_006490,8,1,4,8,1.0,-0.0,0.0
R_006491,8,1,3,8,1.0,-0.0,0.0
R_006492,6,3,6,4,0.6666666666666666,0.8675632284814612,0.7896900821428474
R_006493,7,2,5,6,0.8571428571428571,0.410116318288409,0.5916727785823274
R_006494,8,1,1,8,1.0,-0.0,0.0
R_006495,7,1,1,7,1.0,-0.0,0.0
R_006496,6,1,2,6,1.0,-0.0,0.0
R_006497,5,1,4,5,1.0,-0.0,0.0
R_006498,8,1,0,8,1.0,-0.0,0.0
R_006499,8,1,3,8,1.0,-0.0,0.0
R_006500,5,1,5,5,1.0,-0.0,0.0
R_006501,6,1,3,6,1.0,-0.0,0.0
R_006502,6,1,3,6,1.0,-0.0,0.0
R_006503,7,3,7,4,0.5714285714285714,0.9556998911125343,0.8699155297736259
R_006504,5,3,7,3,0.6,0.9502705392332347,0.8649735207179272
R_006505,8,1,0,8,1.0,-0.0,0.0
R_006506,8,1,2,8,1.0,-0.0,0.0
R_006507,7,3,7,5,0.7142857142857143,0.796311640173813,0.7248340915057598
R_006508,5,4,7,2,0.4,1.3321790402101223,0.9609640474436812
R_006509,5,1,3,5,1.0,-0.0,0.0
R_006510,7,1,4,7,1.0,-0.0,0.0
R_006511,5,3,6,3,0.6,0.9502705392332347,0.8649735207179272
R_006512,8,1,2,8,1.0,-0.0,0.0
R_006513,7,1,3,7,1.0,-0.0,0.0
R_006514,5,1,2,5,1.0,-0.0,0.0
R_006515,6,1,0,6,1.0,-0.0,0.0
R_006516,5,1,4,5,1.0,-0.0,0.0
R_006517,6,1,3,6,1.0,-0.0,0.0
R_006518,7,1,3,7,1.0,-0.0,0.0
R_006519,6,1,4,6,1.0,-0.0,0.0
R_006520,8,1,5,8,1.0,-0.0,0.0
R_006521,5,1,0,5,1.0,-0.0,0.0
R_006522,6,1,5,6,1.0,-0.0,0.0
R_006523,7,1,2,7,1.0,-0.0,0.0
R_006524,7,1,2,7,1.0,-0.0,0.0
R_006525,6,1,3,6,1.0,-0.0,0.0
R_006526,5,2,5,4,0.8,0.5004024235381879,0.7219280948873623
R_006527,8,1,1,8,1.0,-0.0,0.0
R_006528,6,1,4,6,1.0,-0.0,0.0
R_006529,5,1,2,5,1.0,-0.0,0.0
R_006530,7,1,0,7,1.0,-0.0,0.0
R_006531,5,1,4,5,1.0,-0.0,0.0
R_006532,7,2,6,6,0.8571428571428571,0.410116318288409,0.5916727785823274
R_006533,8,1,2,8,1.0,-0.0,0.0
R_006534,6,1,0,6,1.0,-0.0,0.0
R_006535,5,1,4,5,1.0,-0.0,0.0
R_006536,7,2,5,6,0.8571428571428571,0.410116318288409,0.5916727785823274
R_006537,5,1,6,5,1.0,-0.0,0.0
R_006538,8,2,5,7,0.875,0.37677016125643675,0.5435644431995964
R_006539,5,1,1,5,1.0,-0.0,0.0
R_006540,8,1,0,8,1.0,-0.0,0.0
R_006541,5,1,4,5,1.0,-0.0,0.0
R_006542,6,1,2,6,1.0,-0.0,0.0
R_006543,5,2,7,3,0.6,0.6730116670092565,0.9709505944546688
R_006544,7,1,4,7,1.0,-0.0,0.0
R_006545,8,4,7,5,0.625,1.073542846408523,0.7743974703476992
R_006546,5,1,4,5,1.0,-0.0,0.0
R_006547,8,1,0,8,1.0,-0.0,0.0
R_006548,5,1,2,5,1.0,-0.0,0.0
R_006549,5,3,7,3,0.6,0.9502705392332347,0.8649735207179272
R_006550,8,2,5,7,0.875,0.37677016125643675,0.5435644431995964
R_006551,6,3,6,4,0.6666666666666666,0.8675632284814612,0.7896900821428474
R_006552,6,1,1,6,1.0,-0.0,0.0
R_006553,6,1,2,6,1.0,-0.0,0.0
R_006554,5,1,5,5,1.0,-0.0,0.0
R_006555,6,3,7,4,0.6666666666666666,0.8675632284814612,0.7896900821428474
R_006556,8,1,1,8,1.0,-0.0,0.0
R_006557,8,1,1,8,1.0,-0.0,0.0
R_006558,8,1,2,8,1.0,-0.0,0.0
R_006559,7,2,5,6,0.8571428571428571,0.410116318288409,0.5916727785823274
R_006560,5,1,2,5,1.0,-0.0,0.0
R_006561,7,2,5,6,0.8571428571428571,0.410116318288409,0.5916727785823274
R_006562,8,1,4,8,1.0,-0.0,0.0
R_006563,8,1,1,8,1.0,-0.0,0.0
R_006564,6,2,6,5,0.8333333333333334,0.45056120886630463,0.6500224216483541
R_006565,8,3,6,6,0.75,0.7356219397587946,0.6695919455357792
R_006566,6,1,3,6,1.0,-0.0,0.0
R_006567,5,2,6,4,0.8,0.5004024235381879,0.7219280948873623
R_006568,6,2,7,5,0.8333333333333334,0.45056120886630463,0.6500224216483541
R_006569,6,1,2,6,1.0,-0.0,0.0
R_006570,6,1,1,6,1.0,-0.0,0.0
R_006571,5,3,6,3,0.6,0.9502705392332347,0.8649735207179272
R_006572,5,2,5,4,0.8,0.5004024235381879,0.7219280948873623
R_006573,7,3,6,5,0.7142857142857143,0.796311640173813,0.7248340915057598
R_006574,8,2,6,7,0.875,0.37677016125643675,0.5435644431995964
R_006575,7,4,7,4,0.5714285714285714,1.1537419427010902,0.8322488896002307
R_006576,5,1,1,5,1.0,-0.0,0.0
R_006577,7,1,2,7,1.0,-0.0,0.0
R_006578,6,1,2,6,1.0,-0.0,0.0
R_006579,8,1,3,8,1.0,-0.0,0.0
R_006580,5,3,7,3,0.6,0.9502705392332347,0.8649735207179272
R_006581,7,1,3,7,1.0,-0.0,0.0
R_006582,8,1,4,8,1.0,-0.0,0.0
R_006583,7,1,3,7,1.0,-0.0,0.0
R_006584,5,3,7,3,0.6,0.9502705392332347,0.8649735207179272
R_006585,7,1,4,7,1.0,-0.0,0.0
R_006586,6,1,4,6,1.0,-0.0,0.0
R_006587,5,1,5,5,1.0,-0.0,0.0
R_006588,7,3,7,5,0.7142857142857143,0.796311640173813,0.7248340915057598
R_006589,5,1,0,5,1.0,-0.0,0.0
R_006590,6,4,2,2,0.3333333333333333,1.3296613488547582,0.9591479170272448
R_006591,6,1,1,6,1.0,-0.0,0.0
R_006592,6,1,5,6,1.0,-0.0,0.0
R_006593,7,4,7,4,0.5714285714285714,1.1537419427010902,0.8322488896002307
R_006594,8,1,1,8,1.0,-0.0,0.0
R_006595,6,1,3,6,1.0,-0.0,0.0
R_006596,7,1,4,7,1.0,-0.0,0.0
R_006597,6,1,2,6,1.0,-0.0,0.0
R_006598,5,3,6,3,0.6,0.9502705392332347,0.8649735207179272
R_006599,7,1,1,7,1.0,-0.0,0.0
R_006600,6,2,6,5,0.8333333333333334,0.45056120886630463,0.6500224216483541
R_006601,8,1,1,8,1.0,-0.0,0.0
R_006602,8,1,4,8,1.0,-0.0,0.0
R_006603,5,1,1,5,1.0,-0.0,0.0
R_006604,6,1,2,6,1.0,-0.0,0.0
R_006605,7,2,5,6,0.8571428571428571,0.410116318288409,0.5916727785823274
R_006606,6,2,5,5,0.8333333333333334,0.45056120886630463,0.6500224216483541
R_006607,7,3,7,4,0.5714285714285714,0.9556998911125343,0.8699155297736259
R_006608,7,1,3,7,1.0,-0.0,0.0
R_006609,6,2,5,5,0.8333333333333334,0.45056120886630463,0.6500224216483541
R_006610,5,1,2,5,1.0,-0.0,0.0
R_006611,7,1,3,7,1.0,-0.0,0.0
R_006612,6,1,1,6,1.0,-0.0,0.0
R_006613,5,3,6,3,0.6,0.9502705392332347,0.8649735207179272
R_006614,6,3,7,4,0.6666666666666666,0.8675632284814612,0.7896900821428474
R_006615,6,1,2,6,1.0,-0.0,0.0
R_006616,5,2,6,4,0.8,0.5004024235381879,0.7219280948873623
R_006617,6,2,7,4,0.6666666666666666,0.6365141682948128,0.9182958340544894
R_006618,5,1,2,5,1.0,-0.0,0.0
R_006619,5,1,4,5,1.0,-0.0,0.0
R_006620,6,1,2,6,1.0,-0.0,0.0
R_006621,8,2,6,7,0.875,0.37677016125643675,0.5435644431995964
R_006622,5,2,7,4,0.8,0.5004024235381879,0.7219280948873623
R_006623,5,4,7,2,0.4,1.3321790402101223,0.9609640474436812
R_006624,6,1,3,6,1.0,-0.0,0.0
R_006625,6,1,4,6,1.0,-0.0,0.0
R_006626,6,1,3,6,1.0,-0.0,0.0
R_006627,8,1,3,8,1.0,-0.0,0.0
R_006628,7,1,4,7,1.0,-0.0,0.0
R_006629,6,1,2,6,1.0,-0.0,0.0
R_006630,6,1,2,6,1.0,-0.0,0.0
R_006631,5,2,7,3,0.6,0.6730116670092565,0.9709505944546688
R_006632,7,3,7,5,0.7142857142857143,0.796311640173813,0.7248340915057598
R_006633,7,1,4,7,1.0,-0.0,0.0
R_006634,5,1,1,5,1.0,-0.0,0.0
R_006635,6,2,5,5,0.8333333333333334,0.45056120886630463,0.6500224216483541
R_006636,6,3,7,4,0.6666666666666666,0.8675632284814612,0.7896900821428474
R_006637,5,1,1,5,1.0,-0.0,0.0
R_006638,7,1,4,7,1.0,-0.0,0.0
R_006639,6,3,6,4,0.6666666666666666,0.8675632284814612,0.7896900821428474
R_006640,6,4,7,3,0.5,1.242453324894,0.8962406251802889
R_006641,7,1,2,7,1.0,-0.0,0.0
R_006642,5,1,6,5,1.0,-0.0,0.0
R_006643,8,1,0,8,1.0,-0.0,0.0
R_006644,6,2,6,5,0.8333333333333334,0.45056120886630463,0.6500224216483541
R_006645,5,1,2,5,1.0,-0.0,0.0
R_006646,6,1,4,6,1.0,-0.0,0.0
R_006647,7,2,5,6,0.8571428571428571,0.410116318288409,0.5916727785823274
R_006648,8,1,3,8,1.0,-0.0,0.0
R_006649,8,1,0,8,1.0,-0.0,0.0
R_006650,8,1,4,8,1.0,-0.0,0.0
R_006651,6,1,3,6,1.0,-0.0,0.0
R_006652,6,3,7,3,0.5,1.0114042647073518,0.920619835714305
R_006653,7,4,7,3,0.42857142857142855,1.277034259466139,0.9211854965885543
R_006654,7,1,0,7,1.0,-0.0,0.0
R_006655,8,3,7,5,0.625,0.9002560512685369,0.8194483718728035
R_006656,6,3,6,4,0.6666666666666666,0.8675632284814612,0.7896900821428474
R_006657,6,1,0,6,1.0,-0.0,0.0
R_006658,7,4,7,4,0.5714285714285714,1.1537419427010902,0.8322488896002307
R_006659,8,2,6,7,0.875,0.37677016125643675,0.5435644431995964
R_006660,8,2,6,7,0.875,0.37677016125643675,0.5435644431995964
R_006661,5,3,6,3,0.6,0.9502705392332347,0.8649735207179272
R_006662,8,3,6,6,0.75,0.7356219397587946,0.6695919455357792
R_006663,5,2,5,4,0.8,0.5004024235381879,0.7219280948873623
R_006664,6,2,6,5,0.8333333333333334,0.45056120886630463,0.6500224216483541
R_006665,6,1,0,6,1.0,-0.0,0.0
R_006666,8,1,4,8,1.0,-0.0,0.0
R_006667,6,3,7,4,0.6666666666666666,0.8675632284814612,0.7896900821428474
R_006668,8,1,3,8,1.0,-0.0,0.0
R_006669,5,1,2,5,1.0,-0.0,0.0
R_006670,5,1,0,5,1.0,-0.0,0.0
R_006671,6,1,2,6,1.0,-0.0,0.0
R_006672,5,1,0,5,1.0,-0.0,0.0
R_006673,5,1,2,5,1.0,-0.0,0.0
R_006674,6,1,0,6,1.0,-0.0,0.0
R_006675,7,1,0,7,1.0,-0.0,0.0
R_006676,7,2,5,6,0.8571428571428571,0.410116318288409,0.5916727785823274
R_006677,8,1,4,8,1.0,-0.0,0.0
R_006678,6,1,1,6,1.0,-0.0,0.0
R_006679,5,1,5,5,1.0,-0.0,0.0
R_006680,7,1,2,7,1.0,-0.0,0.0
R_006681,8,3,7,5,0.625,0.9002560512685369,0.8194483718728035
R_006682,6,1,1,6,1.0,-0.0,0.0
R_006683,6,1,5,6,1.0,-0.0,0.0
R_006684,6,2,6,5,0.8333333333333334,0.45056120886630463,0.6500224216483541
R_006685,6,1,3,6,1.0,-0.0,0.0
R_006686,8,1,2,8,1.0,-0.0,0.0
R_006687,8,1,4,8,1.0,-0.0,0.0
R_006688,7,2,6,6,0.8571428571428571,0.410116318288409,0.5916727785823274
R_006689,7,1,5,7,1.0,-0.0,0.0
R_006690,6,3,7,3,0.5,1.0114042647073518,0.920619835714305
R_006691,7,2,5,6,0.8571428571428571,0.410116318288409,0.5916727785823274
R_006692,8,1,4,8,1.0,-0.0,0.0
R_006693,5,1,2,5,1.0,-0.0,0.0
R_006694,8,1,0,8,1.0,-0.0,0.0
R_006695,5,3,6,3,0.6,0.9502705392332347,0.8649735207179272
R_006696,8,2,6,7,0.875,0.37677016125643675,0.5435644431995964
R_006697,7,1,0,7,1.0,-0.0,0.0
R_006698,7,1,1,7,1.0,-0.0,0.0
R_006699,5,1,3,5,1.0,-0.0,0.0
R_006700,7,1,3,7,1.0,-0.0,0.0
R_006701,8,1,2,8,1.0,-0.0,0.0
R_006702,7,2,6,6,0.8571428571428571,0.410116318288409,0.5916727785823274
R_006703,7,1,3,7,1.0,-0.0,0.0
R_006704,7,1,2,7,1.0,-0.0,0.0
R_006705,7,4,7,3,0.42857142857142855,1.277034259466139,0.9211854965885543
R_006706,8,1,3,8,1.0,-0.0,0.0
R_006707,6,1,5,6,1.0,-0.0,0.0
R_006708,5,3,7,3,0.6,0.9502705392332347,0.8649735207179272
R_006709,8,1,1,8,1.0,-0.0,0.0
R_006710,6,1,3,6,1.0,-0.0,0.0
R_006711,8,1,3,8,1.0,-0.0,0.0
R_006712,6,1,4,6,1.0,-0.0,0.0
R_006713,7,3,7,5,0.7142857142857143,0.796311640173813,0.7248340915057598
R_006714,5,2,6,4,0.8,0.5004024235381879,0.7219280948873623
R_006715,5,1,3,5,1.0,-0.0,0.0
R_006716,6,3,6,4,0.6666666666666666,0.8675632284814612,0.7896900821428474
R_006717,8,1,3,8,1.0,-0.0,0.0
R_006718,5,1,3,5,1.0,-0.0,0.0
R_006719,7,1,2,7,1.0,-0.0,0.0
R_006720,6,2,6,5,0.8333333333333334,0.45056120886630463,0.6500224216483541
R_006721,6,1,4,6,1.0,-0.0,0.0
R_006722,5,1,1,5,1.0,-0.0,0.0
R_006723,7,1,0,7,1.0,-0.0,0.0
R_006724,8,1,3,8,1.0,-0.0,0.0
R_006725,6,2,6,5,0.8333333333333334,0.45056120886630463,0.6500224216483541
R_006726,7,3,6,5,0.7142857142857143,0.796311640173813,0.7248340915057598
R_006727,6,1,1,6,1.0,-0.0,0.0
R_006728,8,4,7,5,0.625,1.073542846408523,0.7743974703476992
R_006729,5,1,4,5,1.0,-0.0,0.0
R_006730,8,1,5,8,1.0,-0.0,0.0
R_006731,5,1,3,5,1.0,-0.0,0.0
R_006732,8,1,0,8,1.0,-0.0,0.0
R_006733,6,1,1,6,1.0,-0.0,0.0
R_006734,8,1,1,8,1.0,-0.0,0.0
R_006735,7,1,1,7,1.0,-0.0,0.0
R_006736,8,3,6,6,0.75,0.7356219397587946,0.6695919455357792
R_006737,5,1,3,5,1.0,-0.0,0.0
R_006738,7,2,6,6,0.8571428571428571,0.410116318288409,0.5916727785823274
R_006739,5,2,5,4,0.8,0.5004024235381879,0.7219280948873623
R_006740,7,1,4,7,1.0,-0.0,0.0
R_006741,8,4,7,4,0.5,1.2130075659799042,0.875
R_006742,6,1,1,6,1.0,-0.0,0.0
R_006743,7,2,5,6,0.8571428571428571,0.410116318288409,0.5916727785823274
R_006744,5,4,7,2,0.4,1.3321790402101223,0.9609640474436812
R_006745,8,3,6,6,0.75,0.7356219397587946,0.6695919455357792
R_006746,5,1,6,5,1.0,-0.0,0.0
R_006747,7,1,3,7,1.0,-0.0,0.0
R_006748,5,1,3,5,1.0,-0.0,0.0
R_006749,7,1,2,7,1.0,-0.0,0.0
R_006750,6,4,7,3,0.5,1.242453324894,0.8962406251802889
R_006751,5,1,2,5,1.0,-0.0,0.0
R_006752,6,1,1,6,1.0,-0.0,0.0
R_006753,6,1,4,6,1.0,-0.0,0.0
R_006754,7,3,7,5,0.7142857142857143,0.796311640173813,0.7248340915057598
R_006755,7,1,2,7,1.0,-0.0,0.0
R_006756,5,1,3,5,1.0,-0.0,0.0
R_006757,6,4,2,2,0.3333333333333333,1.3296613488547582,0.9591479170272448
R_006758,8,1,3,8,1.0,-0.0,0.0
R_006759,6,3,6,4,0.6666666666666666,0.8675632284814612,0.7896900821428474
R_006760,7,1,4,7,1.0,-0.0,0.0
R_006761,7,1,6,7,1.0,-0.0,0.0
R_006762,5,1,1,5,1.0,-0.0,0.0
R_006763,6,1,1,6,1.0,-0.0,0.0
R_006764,5,1,5,5,1.0,-0.0,0.0
R_006765,7,1,0,7,1.0,-0.0,0.0
R_006766,5,1,2,5,1.0,-0.0,0.0
R_006767,8,4,7,5,0.625,1.073542846408523,0.7743974703476992
R_006768,6,1,0,6,1.0,-0.0,0.0
R_006769,8,1,2,8,1.0,-0.0,0.0
R_006770,8,1,3,8,1.0,-0.0,0.0
R_006771,7,1,0,7,1.0,-0.0,0.0
R_006772,5,1,3,5,1.0,-0.0,0.0
R_006773,5,3,2,2,0.4,1.0549201679861442,0.9602297178607612
R_006774,8,1,2,8,1.0,-0.0,0.0
R_006775,5,3,6,3,0.6,0.9502705392332347,0.8649735207179272
R_006776,7,1,2,7,1.0,-0.0,0.0
R_006777,7,1,0,7,1.0,-0.0,0.0
R_006778,5,1,4,5,1.0,-0.0,0.0
R_006779,6,3,7,4,0.6666666666666666,0.8675632284814612,0.7896900821428474
R_006780,5,3,7,3,0.6,0.9502705392332347,0.8649735207179272
R_006781,7,1,5,7,1.0,-0.0,0.0
R_006782,8,2,6,7,0.875,0.37677016125643675,0.5435644431995964
R_006783,6,1,2,6,1.0,-0.0,0.0
R_006784,7,1,2,7,1.0,-0.0,0.0
R_006785,6,1,0,6,1.0,-0.0,0.0
R_006786,6,1,0,6,1.0,-0.0,0.0
R_006787,7,1,3,7,1.0,-0.0,0.0
R_006788,7,1,1,7,1.0,-0.0,0.0
R_006789,6,1,4,6,1.0,-0.0,0.0
R_006790,6,3,6,4,0.6666666666666666,0.8675632284814612,0.7896900821428474
R_006791,8,1,2,8,1.0,-0.0,0.0
R_006792,7,1,3,7,1.0,-0.0,0.0
R_006793,5,1,5,5,1.0,-0.0,0.0
R_006794,5,1,2,5,1.0,-0.0,0.0
R_006795,5,1,2,5,1.0,-0.0,0.0
R_006796,8,1,0,8,1.0,-0.0,0.0
R_006797,6,2,6,5,0.8333333333333334,0.45056120886630463,0.6500224216483541
R_006798,5,1,4,5,1.0,-0.0,0.0
R_006799,5,1,0,5,1.0,-0.0,0.0
R_006800,7,1,3,7,1.0,-0.0,0.0
R_006801,6,2,5,5,0.8333333333333334,0.45056120886630463,0.6500224216483541
R_006802,6,1,4,6,1.0,-0.0,0.0
R_006803,5,1,4,5,1.0,-0.0,0.0
R_006804,8,2,5,7,0.875,0.37677016125643675,0.5435644431995964
R_006805,5,2,5,4,0.8,0.5004024235381879,0.7219280948873623
R_006806,8,1,3,8,1.0,-0.0,0.0
R_006807,7,1,4,7,1.0,-0.0,0.0
R_006808,8,3,6,6,0.75,0.7356219397587946,0.6695919455357792
R_006809,7,1,1,7,1.0,-0.0,0.0
R_006810,8,2,6,7,0.875,0.37677016125643675,0.5435644431995964
R_006811,5,1,3,5,1.0,-0.0,0.0
R_006812,5,1,3,5,1.0,-0.0,0.0
R_006813,7,4,7,4,0.5714285714285714,1.1537419427010902,0.8322488896002307
R_006814,5,2,7,4,0.8,0.5004024235381879,0.7219280948873623
R_006815,5,3,7,3,0.6,0.9502705392332347,0.8649735207179272
R_006816,6,1,3,6,1.0,-0.0,0.0
R_006817,8,2,6,7,0.875,0.37677016125643675,0.5435644431995964
R_006818,8,2,6,7,0.875,0.37677016125643675,0.5435644431995964
R_006819,5,1,2,5,1.0,-0.0,0.0
R_006820,8,1,3,8,1.0,-0.0,0.0
R_006821,8,1,3,8,1.0,-0.0,0.0
R_006822,5,2,6,4,0.8,0.5004024235381879,0.7219280948873623
R_006823,6,1,1,6,1.0,-0.0,0.0
R_006824,8,1,3,8,1.0,-0.0,0.0
R_006825,6,1,1,6,1.0,-0.0,0.0
R_006826,8,1,6,8,1.0,-0.0,0.0
R_006827,6,1,3,6,1.0,-0.0,0.0
R_006828,8,1,4,8,1.0,-0.0,0.0
R_006829,8,2,6,7,0.875,0.37677016125643675,0.5435644431995964
R_006830,8,2,6,7,0.875,0.37677016125643675,0.5435644431995964
R_006831,7,1,1,7,1.0,-0.0,0.0
R_006832,7,1,5,7,1.0,-0.0,0.0
R_006833,6,3,6,4,0.6666666666666666,0.8675632284814612,0.7896900821428474
R_006834,6,1,1,6,1.0,-0.0,0.0
R_006835,5,1,3,5,1.0,-0.0,0.0
R_006836,6,1,5,6,1.0,-0.0,0.0
R_006837,5,1,4,5,1.0,-0.0,0.0
R_006838,5,1,4,5,1.0,-0.0,0.0
R_006839,8,1,0,8,1.0,-0.0,0.0
R_006840,5,3,7,3,0.6,0.9502705392332347,0.8649735207179272
R_006841,8,2,6,7,0.875,0.37677016125643675,0.5435644431995964
R_006842,8,2,5,7,0.875,0.37677016125643675,0.5435644431995964
R_006843,7,1,2,7,1.0,-0.0,0.0
R_006844,7,1,0,7,1.0,-0.0,0.0
R_006845,7,1,3,7,1.0,-0.0,0.0
R_006846,7,1,1,7,1.0,-0.0,0.0
R_006847,7,1,2,7,1.0,-0.0,0.0
R_006848,7,1,5,7,1.0,-0.0,0.0
R_006849,6,1,2,6,1.0,-0.0,0.0
R_006850,5,3,7,3,0.6,0.9502705392332347,0.8649735207179272
R_006851,5,1,1,5,1.0,-0.0,0.0
R_006852,6,1,2,6,1.0,-0.0,0.0
R_006853,6,1,0,6,1.0,-0.0,0.0
R_006854,7,1,4,7,1.0,-0.0,0.0
R_006855,5,1,2,5,1.0,-0.0,0.0
R_006856,8,1,4,8,1.0,-0.0,0.0
R_006857,6,2,6,5,0.8333333333333334,0.45056120886630463,0.6500224216483541
R_006858,6,1,2,6,1.0,-0.0,0.0
R_006859,6,1,2,6,1.0,-0.0,0.0
R_006860,6,2,6,5,0.8333333333333334,0.45056120886630463,0.6500224216483541
R_006861,8,3,6,6,0.75,0.7356219397587946,0.6695919455357792
R_006862,5,1,3,5,1.0,-0.0,0.0
R_006863,7,1,1,7,1.0,-0.0,0.0
R_006864,6,1,0,6,1.0,-0.0,0.0
R_006865,7,1,4,7,1.0,-0.0,0.0
R_006866,7,4,7,4,0.5714285714285714,1.1537419427010902,0.8322488896002307
R_006867,5,1,0,5,1.0,-0.0,0.0
R_006868,6,2,6,5,0.8333333333333334,0.45056120886630463,0.6500224216483541
R_006869,5,1,2,5,1.0,-0.0,0.0
R_006870,6,1,2,6,1.0,-0.0,0.0
R_006871,6,1,2,6,1.0,-0.0,0.0
R_006872,7,4,7,4,0.5714285714285714,1.1537419427010902,0.8322488896002307
R_006873,7,3,6,5,0.7142857142857143,0.796311640173813,0.7248340915057598
R_006874,7,1,3,7,1.0,-0.0,0.0
R_006875,5,1,4,5,1.0,-0.0,0.0
R_006876,7,1,0,7,1.0,-0.0,0.0
R_006877,7,3,7,4,0.5714285714285714,0.9556998911125343,0.8699155297736259
R_006878,7,1,5,7,1.0,-0.0,0.0
R_006879,6,2,7,4,0.6666666666666666,0.6365141682948128,0.9182958340544894
R_006880,8,1,4,8,1.0,-0.0,0.0
R_006881,5,1,4,5,1.0,-0.0,0.0
R_006882,7,2,6,6,0.8571428571428571,0.410116318288409,0.5916727785823274
R_006883,5,1,2,5,1.0,-0.0,0.0
R_006884,6,1,1,6,1.0,-0.0,0.0
R_006885,8,1,0,8,1.0,-0.0,0.0
R_006886,7,3,7,4,0.5714285714285714,0.9556998911125343,0.8699155297736259
R_006887,6,1,0,6,1.0,-0.0,0.0
R_006888,8,4,7,4,0.5,1.2130075659799042,0.875
R_006889,7,3,7,5,0.7142857142857143,0.796311640173813,0.7248340915057598
R_006890,7,1,4,7,1.0,-0.0,0.0
R_006891,5,2,5,4,0.8,0.5004024235381879,0.7219280948873623
R_006892,7,3,7,5,0.7142857142857143,0.796311640173813,0.7248340915057598
R_006893,6,1,4,6,1.0,-0.0,0.0
R_006894,7,1,4,7,1.0,-0.0,0.0
R_006895,6,1,2,6,1.0,-0.0,0.0
R_006896,5,1,2,5,1.0,-0.0,0.0
R_006897,5,1,5,5,1.0,-0.0,0.0
R_006898,5,1,3,5,1.0,-0.0,0.0
R_006899,7,1,4,7,1.0,-0.0,0.0
R_006900,8,2,5,7,0.875,0.37677016125643675,0.5435644431995964
R_006901,8,2,5,7,0.875,0.37677016125643675,0.5435644431995964
R_006902,5,1,2,5,1.0,-0.0,0.0
R_006903,8,2,6,7,0.875,0.37677016125643675,0.5435644431995964
R_006904,6,1,2,6,1.0,-0.0,0.0
R_006905,7,1,6,7,1.0,-0.0,0.0
R_006906,6,1,1,6,1.0,-0.0,0.0
R_006907,6,1,4,6,1.0,-0.0,0.0
R_006908,7,1,0,7,1.0,-0.0,0.0
R_006909,6,1,0,6,1.0,-0.0,0.0
R_006910,7,1,2,7,1.0,-0.0,0.0
R_006911,6,1,1,6,1.0,-0.0,0.0
R_006912,5,1,4,5,1.0,-0.0,0.0
R_006913,7,1,3,7,1.0,-0.0,0.0
R_006914,6,1,0,6,1.0,-0.0,0.0
R_006915,5,3,7,3,0.6,0.9502705392332347,0.8649735207179272
R_006916,5,3,7,3,0.6,0.9502705392332347,0.8649735207179272
R_006917,5,1,3,5,1.0,-0.0,0.0
R_006918,6,1,2,6,1.0,-0.0,0.0
R_006919,6,2,6,5,0.8333333333333334,0.45056120886630463,0.6500224216483541
R_006920,7,3,6,5,0.7142857142857143,0.796311640173813,0.7248340915057598
R_006921,8,3,6,6,0.75,0.7356219397587946,0.6695919455357792
R_006922,8,1,1,8,1.0,-0.0,0.0
R_006923,7,1,2,7,1.0,-0.0,0.0
R_006924,5,1,2,5,1.0,-0.0,0.0
R_006925,6,1,4,6,1.0,-0.0,0.0
R_006926,6,1,0,6,1.0,-0.0,0.0
R_006927,5,2,5,4,0.8,0.5004024235381879,0.7219280948873623
R_006928,6,1,5,6,1.0,-0.0,0.0
R_006929,8,1,2,8,1.0,-0.0,0.0
R_006930,5,1,2,5,1.0,-0.0,0.0
R_006931,8,1,4,8,1.0,-0.0,0.0
R_006932,5,1,3,5,1.0,-0.0,0.0
R_006933,7,1,4,7,1.0,-0.0,0.0
R_006934,5,3,2,2,0.4,1.0549201679861442,0.9602297178607612
R_006935,5,1,0,5,1.0,-0.0,0.0
R_006936,6,1,3,6,1.0,-0.0,0.0
R_006937,7,2,5,6,0.8571428571428571,0.410116318288409,0.5916727785823274
R_006938,7,2,5,6,0.8571428571428571,0.410116318288409,0.5916727785823274
R_006939,7,1,0,7,1.0,-0.0,0.0
R_006940,6,1,2,6,1.0,-0.0,0.0
R_006941,7,1,4,7,1.0,-0.0,0.0
R_006942,5,1,1,5,1.0,-0.0,0.0
R_006943,5,1,3,5,1.0,-0.0,0.0
R_006944,5,1,2,5,1.0,-0.0,0.0
R_006945,5,1,5,5,1.0,-0.0,0.0
R_006946,8,1,2,8,1.0,-0.0,0.0
R_006947,6,1,0,6,1.0,-0.0,0.0
R_006948,6,1,3,6,1.0,-0.0,0.0
R_006949,8,2,5,7,0.875,0.37677016125643675,0.5435644431995964
R_006950,8,3,7,5,0.625,0.9002560512685369,0.8194483718728035
R_006951,5,1,5,5,1.0,-0.0,0.0
R_006952,5,1,0,5,1.0,-0.0,0.0
R_006953,6,1,4,6,1.0,-0.0,0.0
R_006954,7,2,5,6,0.8571428571428571,0.410116318288409,0.5916727785823274
R_006955,8,1,3,8,1.0,-0.0,0.0
R_006956,5,3,6,3,0.6,0.9502705392332347,0.8649735207179272
R_006957,5,1,3,5,1.0,-0.0,0.0
R_006958,6,1,2,6,1.0,-0.0,0.0
R_006959,8,1,3,8,1.0,-0.0,0.0
R_006960,7,2,5,6,0.8571428571428571,0.410116318288409,0.5916727785823274
R_006961,5,3,7,3,0.6,0.9502705392332347,0.8649735207179272
R_006962,7,1,2,7,1.0,-0.0,0.0
R_006963,5,2,7,3,0.6,0.6730116670092565,0.9709505944546688
R_006964,8,1,0,8,1.0,-0.0,0.0
R_006965,5,1,4,5,1.0,-0.0,0.0
R_006966,5,1,0,5,1.0,-0.0,0.0
R_006967,7,1,5,7,1.0,-0.0,0.0
R_006968,5,1,3,5,1.0,-0.0,0.0
R_006969,8,1,1,8,1.0,-0.0,0.0
R_006970,6,1,2,6,1.0,-0.0,0.0
R_006971,7,1,2,7,1.0,-0.0,0.0
R_006972,5,1,2,5,1.0,-0.0,0.0
R_006973,6,1,0,6,1.0,-0.0,0.0
R_006974,5,2,5,4,0.8,0.5004024235381879,0.7219280948873623
R_006975,5,1,0,5,1.0,-0.0,0.0
R_006976,5,1,0,5,1.0,-0.0,0.0
R_006977,8,1,2,8,1.0,-0.0,0.0
R_006978,6,1,2,6,1.0,-0.0,0.0
R_006979,7,1,4,7,1.0,-0.0,0.0
R_006980,6,1,1,6,1.0,-0.0,0.0
R_006981,7,1,2,7,1.0,-0.0,0.0
R_006982,8,1,4,8,1.0,-0.0,0.0
R_006983,8,2,5,7,0.875,0.37677016125643675,0.5435644431995964
R_006984,6,2,5,5,0.8333333333333334,0.45056120886630463,0.6500224216483541
R_006985,8,4,7,5,0.625,1.073542846408523,0.7743974703476992
R_006986,6,2,5,5,0.8333333333333334,0.45056120886630463,0.6500224216483541
R_006987,7,2,5,6,0.8571428571428571,0.410116318288409,0.5916727785823274
R_006988,6,2,5,5,0.8333333333333334,0.45056120886630463,0.6500224216483541
R_006989,7,3,6,5,0.7142857142857143,0.796311640173813,0.7248340915057598
R_006990,5,3,6,3,0.6,0.9502705392332347,0.8649735207179272
R_006991,8,3,6,6,0.75,0.7356219397587946,0.6695919455357792
R_006992,7,1,3,7,1.0,-0.0,0.0
R_006993,8,1,2,8,1.0,-0.0,0.0
R_006994,5,2,5,4,0.8,0.5004024235381879,0.7219280948873623
R_006995,8,1,2,8,1.0,-0.0,0.0
R_006996,8,2,6,7,0.875,0.37677016125643675,0.5435644431995964
R_006997,8,1,2,8,1.0,-0.0,0.0
R_006998,8,1,2,8,1.0,-0.0,0.0
R_006999,5,1,1,5,1.0,-0.0,0.0
R_007000,7,1,4,7,1.0,-0.0,0.0
R_007001,5,1,2,5,1.0,-0.0,0.0
R_007002,5,1,3,5,1.0,-0.0,0.0
R_007003,8,2,5,7,0.875,0.37677016125643675,0.5435644431995964
R_007004,7,1,2,7,1.0,-0.0,0.0
R_007005,8,1,3,8,1.0,-0.0,0.0
R_007006,5,2,6,4,0.8,0.5004024235381879,0.7219280948873623
R_007007,7,1,4,7,1.0,-0.0,0.0
R_007008,8,1,1,8,1.0,-0.0,0.0
R_007009,5,3,6,3,0.6,0.9502705392332347,0.8649735207179272
R_007010,5,2,6,4,0.8,0.5004024235381879,0.7219280948873623
R_007011,8,1,2,8,1.0,-0.0,0.0
R_007012,6,1,0,6,1.0,-0.0,0.0
R_007013,8,2,5,7,0.875,0.37677016125643675,0.5435644431995964
R_007014,8,2,6,7,0.875,0.37677016125643675,0.5435644431995964
R_007015,5,1,5,5,1.0,-0.0,0.0
R_007016,5,1,1,5,1.0,-0.0,0.0
R_007017,8,1,0,8,1.0,-0.0,0.0
R_007018,6,1,2,6,1.0,-0.0,0.0
R_007019,6,1,3,6,1.0,-0.0,0.0
R_007020,5,1,6,5,1.0,-0.0,0.0
R_007021,7,3,6,5,0.7142857142857143,0.796311640173813,0.7248340915057598
R_007022,7,1,0,7,1.0,-0.0,0.0
R_007023,8,2,5,7,0.875,0.37677016125643675,0.5435644431995964
R_007024,7,2,5,6,0.8571428571428571,0.410116318288409,0.5916727785823274
R_007025,6,2,6,5,0.8333333333333334,0.45056120886630463,0.6500224216483541
R_007026,8,2,5,7,0.875,0.37677016125643675,0.5435644431995964
R_007027,5,1,1,5,1.0,-0.0,0.0
R_007028,7,3,6,5,0.7142857142857143,0.796311640173813,0.7248340915057598
R_007029,8,1,2,8,1.0,-0.0,0.0
R_007030,8,1,4,8,1.0,-0.0,0.0
R_007031,8,1,2,8,1.0,-0.0,0.0
R_007032,7,2,5,6,0.8571428571428571,0.410116318288409,0.5916727785823274
R_007033,5,1,2,5,1.0,-0.0,0.0
R_007034,5,1,5,5,1.0,-0.0,0.0
R_007035,8,1,4,8,1.0,-0.0,0.0
R_007036,6,2,5,5,0.8333333333333334,0.45056120886630463,0.6500224216483541
R_007037,7,1,3,7,1.0,-0.0,0.0
R_007038,6,3,7,4,0.6666666666666666,0.8675632284814612,0.7896900821428474
R_007039,6,2,5,5,0.8333333333333334,0.45056120886630463,0.6500224216483541
R_007040,6,2,6,5,0.8333333333333334,0.45056120886630463,0.6500224216483541
R_007041,7,2,6,6,0.8571428571428571,0.410116318288409,0.5916727785823274
R_007042,8,1,3,8,1.0,-0.0,0.0
R_007043,8,1,3,8,1.0,-0.0,0.0
R_007044,7,2,5,6,0.8571428571428571,0.410116318288409,0.5916727785823274
R_007045,7,1,3,7,1.0,-0.0,0.0
R_007046,6,1,5,6,1.0,-0.0,0.0
R_007047,5,1,1,5,1.0,-0.0,0.0
R_007048,5,1,5,5,1.0,-0.0,0.0
R_007049,8,1,4,8,1.0,-0.0,0.0
R_007050,7,3,7,5,0.7142857142857143,0.796311640173813,0.7248340915057598
R_007051,7,2,5,6,0.8571428571428571,0.410116318288409,0.5916727785823274
R_007052,6,1,4,6,1.0,-0.0,0.0
R_007053,7,1,4,7,1.0,-0.0,0.0
R_007054,6,1,3,6,1.0,-0.0,0.0
R_007055,8,1,2,8,1.0,-0.0,0.0
R_007056,5,1,4,5,1.0,-0.0,0.0
R_007057,6,1,0,6,1.0,-0.0,0.0
R_007058,5,3,6,3,0.6,0.9502705392332347,0.8649735207179272
R_007059,8,1,3,8,1.0,-0.0,0.0
R_007060,8,1,0,8,1.0,-0.0,0.0
R_007061,8,1,1,8,1.0,-0.0,0.0
R_007062,6,1,3,6,1.0,-0.0,0.0
R_007063,7,1,3,7,1.0,-0.0,0.0
R_007064,6,3,7,3,0.5,1.0114042647073518,0.920619835714305
R_007065,6,2,6,5,0.8333333333333334,0.45056120886630463,0.6500224216483541
R_007066,7,1,2,7,1.0,-0.0,0.0
R_007067,8,4,7,5,0.625,1.073542846408523,0.7743974703476992
R_007068,6,1,6,6,1.0,-0.0,0.0
R_007069,5,2,5,4,0.8,0.5004024235381879,0.7219280948873623
R_007070,5,1,1,5,1.0,-0.0,0.0
R_007071,5,1,4,5,1.0,-0.0,0.0
R_007072,5,1,1,5,1.0,-0.0,0.0
R_007073,5,1,2,5,1.0,-0.0,0.0
R_007074,6,1,1,6,1.0,-0.0,0.0
R_007075,8,1,4,8,1.0,-0.0,0.0
R_007076,6,1,4,6,1.0,-0.0,0.0
R_007077,5,1,1,5,1.0,-0.0,0.0
R_007078,8,2,5,7,0.875,0.37677016125643675,0.5435644431995964
R_007079,6,1,3,6,1.0,-0.0,0.0
R_007080,5,3,7,3,0.6,0.9502705392332347,0.8649735207179272
R_007081,8,1,2,8,1.0,-0.0,0.0
R_007082,7,1,1,7,1.0,-0.0,0.0
R_007083,8,2,5,7,0.875,0.37677016125643675,0.5435644431995964
R_007084,8,4,7,4,0.5,1.2130075659799042,0.875
R_007085,7,1,4,7,1.0,-0.0,0.0
R_007086,7,1,0,7,1.0,-0.0,0.0
R_007087,6,1,1,6,1.0,-0.0,0.0
R_007088,5,2,7,4,0.8,0.5004024235381879,0.7219280948873623
R_007089,8,1,3,8,1.0,-0.0,0.0
R_007090,8,3,6,6,0.75,0.7356219397587946,0.6695919455357792
R_007091,7,1,0,7,1.0,-0.0,0.0
R_007092,6,1,3,6,1.0,-0.0,0.0
R_007093,6,2,5,5,0.8333333333333334,0.45056120886630463,0.6500224216483541
R_007094,6,2,7,4,0.6666666666666666,0.6365141682948128,0.9182958340544894
R_007095,7,1,6,7,1.0,-0.0,0.0
R_007096,7,1,0,7,1.0,-0.0,0.0
R_007097,5,2,5,4,0.8,0.5004024235381879,0.7219280948873623
R_007098,6,3,6,4,0.6666666666666666,0.8675632284814612,0.7896900821428474
R_007099,8,2,5,7,0.875,0.37677016125643675,0.5435644431995964
R_007100,8,1,0,8,1.0,-0.0,0.0
R_007101,8,3,7,6,0.75,0.7356219397587946,0.6695919455357792
R_007102,6,1,1,6,1.0,-0.0,0.0
R_007103,5,1,3,5,1.0,-0.0,0.0
R_007104,8,1,3,8,1.0,-0.0,0.0
R_007105,7,3,7,5,0.7142857142857143,0.796311640173813,0.7248340915057598
R_007106,8,1,2,8,1.0,-0.0,0.0
R_007107,7,1,4,7,1.0,-0.0,0.0
R_007108,5,1,2,5,1.0,-0.0,0.0
R_007109,6,2,5,5,0.8333333333333334,0.45056120886630463,0.6500224216483541
R_007110,7,1,3,7,1.0,-0.0,0.0
R_007111,6,1,2,6,1.0,-0.0,0.0
R_007112,7,1,3,7,1.0,-0.0,0.0
R_007113,8,1,1,8,1.0,-0.0,0.0
R_007114,5,1,4,5,1.0,-0.0,0.0
R_007115,7,1,5,7,1.0,-0.0,0.0
R_007116,7,3,7,5,0.7142857142857143,0.796311640173813,0.7248340915057598
R_007117,8,1,1,8,1.0,-0.0,0.0
R_007118,6,2,6,5,0.8333333333333334,0.45056120886630463,0.6500224216483541
R_007119,8,1,2,8,1.0,-0.0,0.0
R_007120,8,1,2,8,1.0,-0.0,0.0
R_007121,7,2,6,6,0.8571428571428571,0.410116318288409,0.5916727785823274
R_007122,6,1,0,6,1.0,-0.0,0.0
R_007123,8,3,6,6,0.75,0.7356219397587946,0.6695919455357792
R_007124,7,1,4,7,1.0,-0.0,0.0
R_007125,7,2,5,6,0.8571428571428571,0.410116318288409,0.5916727785823274
R_007126,8,2,6,7,0.875,0.37677016125643675,0.5435644431995964
R_007127,8,1,0,8,1.0,-0.0,0.0
R_007128,6,1,1,6,1.0,-0.0,0.0
R_007129,8,1,4,8,1.0,-0.0,0.0
R_007130,8,1,2,8,1.0,-0.0,0.0
R_007131,6,3,7,3,0.5,1.0114042647073518,0.920619835714305
R_007132,6,1,2,6,1.0,-0.0,0.0
R_007133,8,1,1,8,1.0,-0.0,0.0
R_007134,8,1,3,8,1.0,-0.0,0.0
R_007135,6,3,7,4,0.6666666666666666,0.8675632284814612,0.7896900821428474
R_007136,5,1,0,5,1.0,-0.0,0.0
R_007137,7,1,4,7,1.0,-0.0,0.0
R_007138,8,1,3,8,1.0,-0.0,0.0
R_007139,6,1,0,6,1.0,-0.0,0.0
R_007140,5,3,7,3,0.6,0.9502705392332347,0.8649735207179272
R_007141,5,2,5,4,0.8,0.5004024235381879,0.7219280948873623
R_007142,5,1,4,5,1.0,-0.0,0.0
R_007143,8,1,3,8,1.0,-0.0,0.0
R_007144,6,4,7,3,0.5,1.242453324894,0.8962406251802889
R_007145,5,1,6,5,1.0,-0.0,0.0
R_007146,5,2,7,4,0.8,0.5004024235381879,0.7219280948873623
R_007147,6,1,2,6,1.0,-0.0,0.0
R_007148,7,1,3,7,1.0,-0.0,0.0
R_007149,7,1,3,7,1.0,-0.0,0.0
R_007150,8,2,5,7,0.875,0.37677016125643675,0.5435644431995964
R_007151,6,1,4,6,1.0,-0.0,0.0
R_007152,6,1,3,6,1.0,-0.0,0.0
R_007153,8,2,5,7,0.875,0.37677016125643675,0.5435644431995964
R_007154,7,3,7,4,0.5714285714285714,0.9556998911125343,0.8699155297736259
R_007155,8,1,0,8,1.0,-0.0,0.0
R_007156,6,1,2,6,1.0,-0.0,0.0
R_007157,6,2,6,5,0.8333333333333334,0.45056120886630463,0.6500224216483541
R_007158,8,3,6,6,0.75,0.7356219397587946,0.6695919455357792
R_007159,6,2,6,5,0.8333333333333334,0.45056120886630463,0.6500224216483541
R_007160,5,1,1,5,1.0,-0.0,0.0
R_007161,6,1,3,6,1.0,-0.0,0.0
R_007162,8,2,6,7,0.875,0.37677016125643675,0.5435644431995964
R_007163,6,1,3,6,1.0,-0.0,0.0
R_007164,5,1,1,5,1.0,-0.0,0.0
R_007165,7,1,1,7,1.0,-0.0,0.0
R_007166,5,1,0,5,1.0,-0.0,0.0
R_007167,6,1,0,6,1.0,-0.0,0.0
R_007168,8,1,0,8,1.0,-0.0,0.0
R_007169,5,3,7,3,0.6,0.9502705392332347,0.8649735207179272
R_007170,5,1,2,5,1.0,-0.0,0.0
R_007171,6,1,4,6,1.0,-0.0,0.0
R_007172,6,1,2,6,1.0,-0.0,0.0
R_007173,8,1,0,8,1.0,-0.0,0.0
R_007174,6,3,7,3,0.5,1.0114042647073518,0.920619835714305
R_007175,8,2,5,7,0.875,0.37677016125643675,0.5435644431995964
R_007176,7,2,5,6,0.8571428571428571,0.410116318288409,0.5916727785823274
R_007177,6,3,6,4,0.6666666666666666,0.8675632284814612,0.7896900821428474
R_007178,7,3,7,4,0.5714285714285714,0.9556998911125343,0.8699155297736259
R_007179,7,1,3,7,1.0,-0.0,0.0
R_007180,7,1,4,7,1.0,-0.0,0.0
R_007181,8,1,3,8,1.0,-0.0,0.0
R_007182,7,1,3,7,1.0,-0.0,0.0
R_007183,5,2,6,4,0.8,0.5004024235381879,0.7219280948873623
R_007184,8,1,5,8,1.0,-0.0,0.0
R_007185,5,1,0,5,1.0,-0.0,0.0
R_007186,6,2,5,5,0.8333333333333334,0.45056120886630463,0.6500224216483541
R_007187,6,3,7,4,0.6666666666666666,0.8675632284814612,0.7896900821428474
R_007188,7,1,1,7,1.0,-0.0,0.0
R_007189,6,1,4,6,1.0,-0.0,0.0
R_007190,7,1,2,7,1.0,-0.0,0.0
R_007191,6,1,6,6,1.0,-0.0,0.0
R_007192,7,1,2,7,1.0,-0.0,0.0
R_007193,6,1,4,6,1.0,-0.0,0.0
R_007194,6,2,6,5,0.8333333333333334,0.45056120886630463,0.6500224216483541
R_007195,8,1,4,8,1.0,-0.0,0.0
R_007196,8,1,4,8,1.0,-0.0,0.0
R_007197,5,1,1,5,1.0,-0.0,0.0
R_007198,8,1,2,8,1.0,-0.0,0.0
R_007199,6,2,6,5,0.8333333333333334,0.45056120886630463,0.6500224216483541
R_007200,5,1,4,5,1.0,-0.0,0.0
R_007201,6,1,5,6,1.0,-0.0,0.0
R_007202,5,1,1,5,1.0,-0.0,0.0
R_007203,8,1,3,8,1.0,-0.0,0.0
R_007204,8,3,6,6,0.75,0.7356219397587946,0.6695919455357792
R_007205,5,2,7,4,0.8,0.5004024235381879,0.7219280948873623
R_007206,7,1,1,7,1.0,-0.0,0.0
R_007207,5,1,1,5,1.0,-0.0,0.0
R_007208,6,1,4,6,1.0,-0.0,0.0
R_007209,7,1,5,7,1.0,-0.0,0.0
R_007210,7,2,5,6,0.8571428571428571,0.410116318288409,0.5916727785823274
R_007211,6,3,7,3,0.5,1.0114042647073518,0.920619835714305
R_007212,5,1,3,5,1.0,-0.0,0.0
R_007213,5,2,6,4,0.8,0.5004024235381879,0.7219280948873623
R_007214,6,3,6,4,0.6666666666666666,0.8675632284814612,0.7896900821428474
R_007215,7,3,7,4,0.5714285714285714,0.9556998911125343,0.8699155297736259
R_007216,5,1,1,5,1.0,-0.0,0.0
R_007217,8,1,3,8,1.0,-0.0,0.0
R_007218,5,1,0,5,1.0,-0.0,0.0
R_007219,5,1,1,5,1.0,-0.0,0.0
R_007220,8,4,7,4,0.5,1.2130075659799042,0.875
R_007221,8,1,1,8,1.0,-0.0,0.0
R_007222,5,1,2,5,1.0,-0.0,0.0
R_007223,5,1,4,5,1.0,-0.0,0.0
R_007224,5,1,4,5,1.0,-0.0,0.0
R_007225,5,3,6,3,0.6,0.9502705392332347,0.8649735207179272
R_007226,7,1,5,7,1.0,-0.0,0.0
R_007227,7,1,3,7,1.0,-0.0,0.0
R_007228,6,1,1,6,1.0,-0.0,0.0
R_007229,6,1,1,6,1.0,-0.0,0.0
R_007230,6,1,2,6,1.0,-0.0,0.0
R_007231,6,1,4,6,1.0,-0.0,0.0
R_007232,5,1,0,5,1.0,-0.0,0.0
R_007233,6,2,5,5,0.8333333333333334,0.45056120886630463,0.6500224216483541
R_007234,5,1,0,5,1.0,-0.0,0.0
R_007235,8,2,5,7,0.875,0.37677016125643675,0.5435644431995964
R_007236,6,1,3,6,1.0,-0.0,0.0
R_007237,6,3,6,4,0.6666666666666666,0.8675632284814612,0.7896900821428474
R_007238,7,1,3,7,1.0,-0.0,0.0
R_007239,5,3,6,3,0.6,0.9502705392332347,0.8649735207179272
R_007240,5,1,0,5,1.0,-0.0,0.0
R_007241,6,1,3,6,1.0,-0.0,0.0
R_007242,7,3,7,4,0.5714285714285714,0.9556998911125343,0.8699155297736259
R_007243,7,4,7,4,0.5714285714285714,1.1537419427010902,0.8322488896002307
R_007244,7,1,0,7,1.0,-0.0,0.0
R_007245,6,1,1,6,1.0,-0.0,0.0
R_007246,7,1,2,7,1.0,-0.0,0.0
R_007247,5,2,5,4,0.8,0.5004024235381879,0.7219280948873623
R_007248,6,1,0,6,1.0,-0.0,0.0
R_007249,5,1,3,5,1.0,-0.0,0.0
R_007250,8,1,4,8,1.0,-0.0,0.0
R_007251,5,3,6,3,0.6,0.9502705392332347,0.8649735207179272
R_007252,7,1,3,7,1.0,-0.0,0.0
R_007253,8,3,6,6,0.75,0.7356219397587946,0.6695919455357792
R_007254,6,1,2,6,1.0,-0.0,0.0
R_007255,7,2,5,6,0.8571428571428571,0.410116318288409,0.5916727785823274
R_007256,7,3,7,4,0.5714285714285714,0.9556998911125343,0.8699155297736259
R_007257,6,1,4,6,1.0,-0.0,0.0
R_007258,5,1,2,5,1.0,-0.0,0.0
R_007259,8,1,5,8,1.0,-0.0,0.0
R_007260,8,1,0,8,1.0,-0.0,0.0
R_007261,8,1,4,8,1.0,-0.0,0.0
R_007262,5,1,5,5,1.0,-0.0,0.0
R_007263,8,1,3,8,1.0,-0.0,0.0
R_007264,7,1,0,7,1.0,-0.0,0.0
R_007265,6,1,5,6,1.0,-0.0,0.0
R_007266,7,1,0,7,1.0,-0.0,0.0
R_007267,7,1,2,7,1.0,-0.0,0.0
R_007268,7,1,1,7,1.0,-0.0,0.0
R_007269,7,4,7,4,0.5714285714285714,1.1537419427010902,0.8322488896002307
R_007270,6,1,1,6,1.0,-0.0,0.0
R_007271,6,3,7,4,0.6666666666666666,0.8675632284814612,0.7896900821428474
R_007272,6,3,7,4,0.6666666666666666,0.8675632284814612,0.7896900821428474
R_007273,5,1,1,5,1.0,-0.0,0.0
R_007274,5,1,4,5,1.0,-0.0,0.0
R_007275,8,4,7,5,0.625,1.073542846408523,0.7743974703476992
R_007276,5,1,0,5,1.0,-0.0,0.0
R_007277,8,2,5,7,0.875,0.37677016125643675,0.5435644431995964
R_007278,7,1,3,7,1.0,-0.0,0.0
R_007279,7,3,6,5,0.7142857142857143,0.796311640173813,0.7248340915057598
R_007280,5,1,2,5,1.0,-0.0,0.0
R_007281,7,1,0,7,1.0,-0.0,0.0
R_007282,8,3,6,6,0.75,0.7356219397587946,0.6695919455357792
R_007283,8,2,5,7,0.875,0.37677016125643675,0.5435644431995964
R_007284,6,1,0,6,1.0,-0.0,0.0
R_007285,6,1,2,6,1.0,-0.0,0.0
R_007286,7,1,0,7,1.0,-0.0,0.0
R_007287,8,4,7,4,0.5,1.2130075659799042,0.875
R_007288,6,3,7,4,0.6666666666666666,0.8675632284814612,0.7896900821428474
R_007289,8,4,7,5,0.625,1.073542846408523,0.7743974703476992
R_007290,7,1,2,7,1.0,-0.0,0.0
R_007291,5,2,5,4,0.8,0.5004024235381879,0.7219280948873623
R_007292,7,1,0,7,1.0,-0.0,0.0
R_007293,6,2,5,5,0.8333333333333334,0.45056120886630463,0.6500224216483541
R_007294,8,1,1,8,1.0,-0.0,0.0
R_007295,6,1,2,6,1.0,-0.0,0.0
R_007296,8,1,2,8,1.0,-0.0,0.0
R_007297,8,1,6,8,1.0,-0.0,0.0
R_007298,6,2,5,5,0.8333333333333334,0.45056120886630463,0.6500224216483541
R_007299,8,2,5,7,0.875,0.37677016125643675,0.5435644431995964
R_007300,7,3,6,5,0.7142857142857143,0.796311640173813,0.7248340915057598
R_007301,5,3,2,2,0.4,1.0549201679861442,0.9602297178607612
R_007302,5,3,6,3,0.6,0.9502705392332347,0.8649735207179272
R_007303,7,1,1,7,1.0,-0.0,0.0
R_007304,6,1,5,6,1.0,-0.0,0.0
R_007305,7,1,1,7,1.0,-0.0,0.0
R_007306,6,1,2,6,1.0,-0.0,0.0
R_007307,6,1,1,6,1.0,-0.0,0.0
R_007308,6,1,1,6,1.0,-0.0,0.0
R_007309,8,1,4,8,1.0,-0.0,0.0
R_007310,6,1,4,6,1.0,-0.0,0.0
R_007311,8,1,2,8,1.0,-0.0,0.0
R_007312,6,1,4,6,1.0,-0.0,0.0
R_007313,8,1,3,8,1.0,-0.0,0.0
R_007314,6,3,7,3,0.5,1.0114042647073518,0.920619835714305
R_007315,5,1,2,5,1.0,-0.0,0.0
R_007316,7,2,6,6,0.8571428571428571,0.410116318288409,0.5916727785823274
R_007317,7,1,1,7,1.0,-0.0,0.0
R_007318,5,3,6,3,0.6,0.9502705392332347,0.8649735207179272
R_007319,6,1,2,6,1.0,-0.0,0.0
R_007320,7,3,6,5,0.7142857142857143,0.796311640173813,0.7248340915057598
R_007321,6,4,2,2,0.3333333333333333,1.3296613488547582,0.9591479170272448
R_007322,7,1,4,7,1.0,-0.0,0.0
R_007323,5,4,7,2,0.4,1.3321790402101223,0.9609640474436812
R_007324,5,1,1,5,1.0,-0.0,0.0
R_007325,8,1,3,8,1.0,-0.0,0.0
R_007326,6,3,6,4,0.6666666666666666,0.8675632284814612,0.7896900821428474
R_007327,6,1,3,6,1.0,-0.0,0.0
R_007328,5,2,5,4,0.8,0.5004024235381879,0.7219280948873623
R_007329,7,3,7,5,0.7142857142857143,0.796311640173813,0.7248340915057598
R_007330,6,1,2,6,1.0,-0.0,0.0
R_007331,8,1,3,8,1.0,-0.0,0.0
R_007332,7,1,5,7,1.0,-0.0,0.0
R_007333,6,1,1,6,1.0,-0.0,0.0
R_007334,6,1,3,6,1.0,-0.0,0.0
R_007335,5,1,1,5,1.0,-0.0,0.0
R_007336,8,4,7,5,0.625,1.073542846408523,0.7743974703476992
R_007337,6,2,6,5,0.8333333333333334,0.45056120886630463,0.6500224216483541
R_007338,8,1,0,8,1.0,-0.0,0.0
R_007339,7,1,0,7,1.0,-0.0,0.0
R_007340,7,1,0,7,1.0,-0.0,0.0
R_007341,5,1,5,5,1.0,-0.0,0.0
R_007342,8,1,4,8,1.0,-0.0,0.0
R_007343,6,1,0,6,1.0,-0.0,0.0
R_007344,7,3,6,5,0.7142857142857143,0.796311640173813,0.7248340915057598
R_007345,7,1,5,7,1.0,-0.0,0.0
R_007346,8,3,6,6,0.75,0.7356219397587946,0.6695919455357792
R_007347,8,1,3,8,1.0,-0.0,0.0
R_007348,7,4,7,4,0.5714285714285714,1.1537419427010902,0.8322488896002307
R_007349,8,1,1,8,1.0,-0.0,0.0
R_007350,6,1,1,6,1.0,-0.0,0.0
R_007351,5,1,2,5,1.0,-0.0,0.0
R_007352,5,1,1,5,1.0,-0.0,0.0
R_007353,7,1,0,7,1.0,-0.0,0.0
R_007354,8,1,0,8,1.0,-0.0,0.0
R_007355,8,4,7,5,0.625,1.073542846408523,0.7743974703476992
R_007356,6,1,0,6,1.0,-0.0,0.0
R_007357,5,1,2,5,1.0,-0.0,0.0
R_007358,6,2,5,5,0.8333333333333334,0.45056120886630463,0.6500224216483541
R_007359,7,1,1,7,1.0,-0.0,0.0
R_007360,7,1,4,7,1.0,-0.0,0.0
R_007361,6,1,3,6,1.0,-0.0,0.0
R_007362,7,1,3,7,1.0,-0.0,0.0
R_007363,7,2,6,6,0.8571428571428571,0.410116318288409,0.5916727785823274
R_007364,6,1,4,6,1.0,-0.0,0.0
R_007365,8,2,5,7,0.875,0.37677016125643675,0.5435644431995964
R_007366,5,1,1,5,1.0,-0.0,0.0
R_007367,7,1,2,7,1.0,-0.0,0.0
R_007368,6,2,7,4,0.6666666666666666,0.6365141682948128,0.9182958340544894
R_007369,7,1,2,7,1.0,-0.0,0.0
R_007370,8,1,3,8,1.0,-0.0,0.0
R_007371,5,1,4,5,1.0,-0.0,0.0
R_007372,5,1,5,5,1.0,-0.0,0.0
R_007373,6,1,6,6,1.0,-0.0,0.0
R_007374,5,4,7,2,0.4,1.3321790402101223,0.9609640474436812
R_007375,8,1,4,8,1.0,-0.0,0.0
R_007376,6,1,2,6,1.0,-0.0,0.0
R_007377,8,1,3,8,1.0,-0.0,0.0
R_007378,7,1,4,7,1.0,-0.0,0.0
R_007379,5,2,5,4,0.8,0.5004024235381879,0.7219280948873623
R_007380,7,1,2,7,1.0,-0.0,0.0
R_007381,8,1,1,8,1.0,-0.0,0.0
R_007382,7,1,1,7,1.0,-0.0,0.0
R_007383,6,1,5,6,1.0,-0.0,0.0
R_007384,8,1,1,8,1.0,-0.0,0.0
R_007385,7,1,3,7,1.0,-0.0,0.0
R_007386,6,1,2,6,1.0,-0.0,0.0
R_007387,7,1,2,7,1.0,-0.0,0.0
R_007388,7,2,6,6,0.8571428571428571,0.410116318288409,0.5916727785823274
R_007389,5,1,4,5,1.0,-0.0,0.0
R_007390,8,1,1,8,1.0,-0.0,0.0
R_007391,5,1,3,5,1.0,-0.0,0.0
R_007392,6,1,1,6,1.0,-0.0,0.0
R_007393,8,1,3,8,1.0,-0.0,0.0
R_007394,6,2,5,5,0.8333333333333334,0.45056120886630463,0.6500224216483541
R_007395,5,1,3,5,1.0,-0.0,0.0
R_007396,5,1,4,5,1.0,-0.0,0.0
R_007397,7,1,1,7,1.0,-0.0,0.0
R_007398,5,2,5,4,0.8,0.5004024235381879,0.7219280948873623
R_007399,6,1,4,6,1.0,-0.0,0.0
R_007400,7,1,0,7,1.0,-0.0,0.0
R_007401,8,1,1,8,1.0,-0.0,0.0
R_007402,8,2,5,7,0.875,0.37677016125643675,0.5435644431995964
R_007403,6,1,2,6,1.0,-0.0,0.0
R_007404,8,3,6,6,0.75,0.7356219397587946,0.6695919455357792
R_007405,8,1,0,8,1.0,-0.0,0.0
R_007406,8,2,5,7,0.875,0.37677016125643675,0.5435644431995964
R_007407,7,1,1,7,1.0,-0.0,0.0
R_007408,7,1,3,7,1.0,-0.0,0.0
R_007409,5,1,4,5,1.0,-0.0,0.0
R_007410,6,1,4,6,1.0,-0.0,0.0
R_007411,8,1,0,8,1.0,-0.0,0.0
R_007412,6,3,6,4,0.6666666666666666,0.8675632284814612,0.7896900821428474
R_007413,7,1,0,7,1.0,-0.0,0.0
R_007414,5,1,2,5,1.0,-0.0,0.0
R_007415,5,3,7,3,0.6,0.9502705392332347,0.8649735207179272
R_007416,7,2,5,6,0.8571428571428571,0.410116318288409,0.5916727785823274
R_007417,7,1,2,7,1.0,-0.0,0.0
R_007418,8,2,5,7,0.875,0.37677016125643675,0.5435644431995964
R_007419,8,4,7,5,0.625,1.073542846408523,0.7743974703476992
R_007420,5,1,3,5,1.0,-0.0,0.0
R_007421,6,1,3,6,1.0,-0.0,0.0
R_007422,8,1,2,8,1.0,-0.0,0.0
R_007423,5,1,5,5,1.0,-0.0,0.0
R_007424,8,1,3,8,1.0,-0.0,0.0
R_007425,8,1,4,8,1.0,-0.0,0.0
R_007426,7,1,4,7,1.0,-0.0,0.0
R_007427,5,3,7,3,0.6,0.9502705392332347,0.8649735207179272
R_007428,7,1,3,7,1.0,-0.0,0.0
R_007429,8,1,2,8,1.0,-0.0,0.0
R_007430,7,1,1,7,1.0,-0.0,0.0
R_007431,8,1,1,8,1.0,-0.0,0.0
R_007432,6,1,4,6,1.0,-0.0,0.0
R_007433,7,1,4,7,1.0,-0.0,0.0
R_007434,5,2,6,4,0.8,0.5004024235381879,0.7219280948873623
R_007435,5,1,0,5,1.0,-0.0,0.0
R_007436,6,2,6,5,0.8333333333333334,0.45056120886630463,0.6500224216483541
R_007437,6,1,1,6,1.0,-0.0,0.0
R_007438,8,1,0,8,1.0,-0.0,0.0
R_007439,8,1,0,8,1.0,-0.0,0.0
R_007440,7,1,0,7,1.0,-0.0,0.0
R_007441,7,2,6,6,0.8571428571428571,0.410116318288409,0.5916727785823274
R_007442,8,2,5,7,0.875,0.37677016125643675,0.5435644431995964
R_007443,7,3,6,5,0.7142857142857143,0.796311640173813,0.7248340915057598
R_007444,5,3,2,2,0.4,1.0549201679861442,0.9602297178607612
R_007445,8,3,6,6,0.75,0.7356219397587946,0.6695919455357792
R_007446,5,2,5,4,0.8,0.5004024235381879,0.7219280948873623
R_007447,7,3,7,4,0.5714285714285714,0.9556998911125343,0.8699155297736259
R_007448,5,3,6,3,0.6,0.9502705392332347,0.8649735207179272
R_007449,8,1,3,8,1.0,-0.0,0.0
R_007450,5,1,2,5,1.0,-0.0,0.0
R_007451,8,1,2,8,1.0,-0.0,0.0
R_007452,5,2,5,4,0.8,0.5004024235381879,0.7219280948873623
R_007453,6,1,5,6,1.0,-0.0,0.0
R_007454,7,1,2,7,1.0,-0.0,0.0
R_007455,5,1,3,5,1.0,-0.0,0.0
R_007456,6,2,5,5,0.8333333333333334,0.45056120886630463,0.6500224216483541
R_007457,6,1,4,6,1.0,-0.0,0.0
R_007458,5,1,3,5,1.0,-0.0,0.0
R_007459,5,2,6,4,0.8,0.5004024235381879,0.7219280948873623
R_007460,8,3,7,6,0.75,0.7356219397587946,0.6695919455357792
R_007461,8,1,3,8,1.0,-0.0,0.0
R_007462,7,1,0,7,1.0,-0.0,0.0
R_007463,8,1,2,8,1.0,-0.0,0.0
R_007464,7,1,0,7,1.0,-0.0,0.0
R_007465,5,1,2,5,1.0,-0.0,0.0
R_007466,5,1,6,5,1.0,-0.0,0.0
R_007467,8,3,7,5,0.625,0.9002560512685369,0.8194483718728035
R_007468,5,1,4,5,1.0,-0.0,0.0
R_007469,5,2,5,4,0.8,0.5004024235381879,0.7219280948873623
R_007470,7,1,1,7,1.0,-0.0,0.0
R_007471,6,1,3,6,1.0,-0.0,0.0
R_007472,6,2,5,5,0.8333333333333334,0.45056120886630463,0.6500224216483541
R_007473,7,2,5,6,0.8571428571428571,0.410116318288409,0.5916727785823274
R_007474,7,1,1,7,1.0,-0.0,0.0
R_007475,8,3,7,5,0.625,0.9002560512685369,0.8194483718728035
R_007476,5,3,7,3,0.6,0.9502705392332347,0.8649735207179272
R_007477,5,2,6,4,0.8,0.5004024235381879,0.7219280948873623
R_007478,6,2,6,5,0.8333333333333334,0.45056120886630463,0.6500224216483541
R_007479,5,1,1,5,1.0,-0.0,0.0
R_007480,6,1,4,6,1.0,-0.0,0.0
R_007481,6,1,3,6,1.0,-0.0,0.0
R_007482,7,1,0,7,1.0,-0.0,0.0
R_007483,6,2,7,5,0.8333333333333334,0.45056120886630463,0.6500224216483541
R_007484,6,1,2,6,1.0,-0.0,0.0
R_007485,8,1,2,8,1.0,-0.0,0.0
R_007486,8,1,2,8,1.0,-0.0,0.0
R_007487,6,2,6,5,0.8333333333333334,0.45056120886630463,0.6500224216483541
R_007488,8,1,1,8,1.0,-0.0,0.0
R_007489,8,3,7,6,0.75,0.7356219397587946,0.6695919455357792
R_007490,6,1,1,6,1.0,-0.0,0.0
R_007491,5,1,4,5,1.0,-0.0,0.0
R_007492,5,1,1,5,1.0,-0.0,0.0
R_007493,8,1,2,8,1.0,-0.0,0.0
R_007494,6,1,4,6,1.0,-0.0,0.0
R_007495,7,1,4,7,1.0,-0.0,0.0
R_007496,7,1,3,7,1.0,-0.0,0.0
R_007497,8,1,1,8,1.0,-0.0,0.0
R_007498,5,1,2,5,1.0,-0.0,0.0
R_007499,8,1,3,8,1.0,-0.0,0.0
R_007500,6,1,5,6,1.0,-0.0,0.0
R_007501,8,2,5,7,0.875,0.37677016125643675,0.5435644431995964
R_007502,7,1,3,7,1.0,-0.0,0.0
R_007503,5,1,3,5,1.0,-0.0,0.0
R_007504,8,1,2,8,1.0,-0.0,0.0
R_007505,8,1,1,8,1.0,-0.0,0.0
R_007506,8,1,1,8,1.0,-0.0,0.0
R_007507,6,1,4,6,1.0,-0.0,0.0
R_007508,7,4,7,4,0.5714285714285714,1.1537419427010902,0.8322488896002307
R_007509,7,1,2,7,1.0,-0.0,0.0
R_007510,5,3,7,3,0.6,0.9502705392332347,0.8649735207179272
R_007511,6,1,0,6,1.0,-0.0,0.0
R_007512,7,1,3,7,1.0,-0.0,0.0
R_007513,5,1,2,5,1.0,-0.0,0.0
R_007514,7,2,6,6,0.8571428571428571,0.410116318288409,0.5916727785823274
R_007515,6,3,6,4,0.6666666666666666,0.8675632284814612,0.7896900821428474
R_007516,7,1,2,7,1.0,-0.0,0.0
R_007517,6,2,5,5,0.8333333333333334,0.45056120886630463,0.6500224216483541
R_007518,5,1,0,5,1.0,-0.0,0.0
R_007519,6,1,0,6,1.0,-0.0,0.0
R_007520,8,4,7,4,0.5,1.2130075659799042,0.875
R_007521,8,1,2,8,1.0,-0.0,0.0
R_007522,5,1,2,5,1.0,-0.0,0.0
R_007523,7,1,6,7,1.0,-0.0,0.0
R_007524,8,3,7,6,0.75,0.7356219397587946,0.6695919455357792
R_007525,8,1,2,8,1.0,-0.0,0.0
R_007526,7,2,5,6,0.8571428571428571,0.410116318288409,0.5916727785823274
R_007527,8,1,3,8,1.0,-0.0,0.0
R_007528,7,1,3,7,1.0,-0.0,0.0
R_007529,8,1,3,8,1.0,-0.0,0.0
R_007530,5,2,5,4,0.8,0.5004024235381879,0.7219280948873623
R_007531,7,1,4,7,1.0,-0.0,0.0
R_007532,5,2,6,4,0.8,0.5004024235381879,0.7219280948873623
R_007533,8,1,0,8,1.0,-0.0,0.0
R_007534,8,1,1,8,1.0,-0.0,0.0
R_007535,6,1,0,6,1.0,-0.0,0.0
R_007536,5,1,3,5,1.0,-0.0,0.0
R_007537,8,1,3,8,1.0,-0.0,0.0
R_007538,8,1,2,8,1.0,-0.0,0.0
R_007539,8,4,7,5,0.625,1.073542846408523,0.7743974703476992
R_007540,5,2,5,4,0.8,0.5004024235381879,0.7219280948873623
R_007541,8,2,5,7,0.875,0.37677016125643675,0.5435644431995964
R_007542,6,2,7,4,0.6666666666666666,0.6365141682948128,0.9182958340544894
R_007543,8,1,3,8,1.0,-0.0,0.0
R_007544,7,2,6,6,0.8571428571428571,0.410116318288409,0.5916727785823274
R_007545,6,1,1,6,1.0,-0.0,0.0
R_007546,5,1,2,5,1.0,-0.0,0.0
R_007547,5,1,3,5,1.0,-0.0,0.0
R_007548,8,3,7,5,0.625,0.9002560512685369,0.8194483718728035
R_007549,7,3,6,5,0.7142857142857143,0.796311640173813,0.7248340915057598
R_007550,8,1,0,8,1.0,-0.0,0.0
R_007551,6,1,5,6,1.0,-0.0,0.0
R_007552,6,1,0,6,1.0,-0.0,0.0
R_007553,8,1,0,8,1.0,-0.0,0.0
R_007554,5,3,6,3,0.6,0.9502705392332347,0.8649735207179272
R_007555,7,1,2,7,1.0,-0.0,0.0
R_007556,6,1,4,6,1.0,-0.0,0.0
R_007557,5,1,4,5,1.0,-0.0,0.0
R_007558,5,1,1,5,1.0,-0.0,0.0
R_007559,6,3,7,4,0.6666666666666666,0.8675632284814612,0.7896900821428474
R_007560,6,1,1,6,1.0,-0.0,0.0
R_007561,6,1,2,6,1.0,-0.0,0.0
R_007562,7,1,4,7,1.0,-0.0,0.0
R_007563,5,2,6,4,0.8,0.5004024235381879,0.7219280948873623
R_007564,5,1,1,5,1.0,-0.0,0.0
R_007565,8,1,1,8,1.0,-0.0,0.0
R_007566,6,1,5,6,1.0,-0.0,0.0
R_007567,8,1,4,8,1.0,-0.0,0.0
R_007568,8,1,0,8,1.0,-0.0,0.0
R_007569,7,3,6,5,0.7142857142857143,0.796311640173813,0.7248340915057598
R_007570,8,1,3,8,1.0,-0.0,0.0
R_007571,5,1,1,5,1.0,-0.0,0.0
R_007572,7,1,2,7,1.0,-0.0,0.0
R_007573,5,1,6,5,1.0,-0.0,0.0
R_007574,7,1,1,7,1.0,-0.0,0.0
R_007575,5,1,0,5,1.0,-0.0,0.0
R_007576,7,1,4,7,1.0,-0.0,0.0
R_007577,8,1,2,8,1.0,-0.0,0.0
R_007578,8,1,2,8,1.0,-0.0,0.0
R_007579,8,3,7,6,0.75,0.7356219397587946,0.6695919455357792
R_007580,8,2,5,7,0.875,0.37677016125643675,0.5435644431995964
R_007581,7,1,3,7,1.0,-0.0,0.0
R_007582,5,1,4,5,1.0,-0.0,0.0
R_007583,5,1,5,5,1.0,-0.0,0.0
R_007584,5,1,3,5,1.0,-0.0,0.0
R_007585,5,3,6,3,0.6,0.9502705392332347,0.8649735207179272
R_007586,7,1,0,7,1.0,-0.0,0.0
R_007587,7,3,6,5,0.7142857142857143,0.796311640173813,0.7248340915057598
R_007588,8,1,5,8,1.0,-0.0,0.0
R_007589,8,1,3,8,1.0,-0.0,0.0
R_007590,7,2,6,6,0.8571428571428571,0.410116318288409,0.5916727785823274
R_007591,5,1,3,5,1.0,-0.0,0.0
R_007592,5,2,7,3,0.6,0.6730116670092565,0.9709505944546688
R_007593,8,1,4,8,1.0,-0.0,0.0
R_007594,7,1,4,7,1.0,-0.0,0.0
R_007595,5,1,3,5,1.0,-0.0,0.0
R_007596,8,1,4,8,1.0,-0.0,0.0
R_007597,8,2,6,7,0.875,0.37677016125643675,0.5435644431995964
R_007598,5,1,1,5,1.0,-0.0,0.0
R_007599,8,1,3,8,1.0,-0.0,0.0
R_007600,6,1,3,6,1.0,-0.0,0.0
R_007601,8,1,2,8,1.0,-0.0,0.0
R_007602,7,1,0,7,1.0,-0.0,0.0
R_007603,7,1,4,7,1.0,-0.0,0.0
R_007604,8,1,1,8,1.0,-0.0,0.0
R_007605,7,1,0,7,1.0,-0.0,0.0
R_007606,6,1,5,6,1.0,-0.0,0.0
R_007607,6,1,6,6,1.0,-0.0,0.0
R_007608,5,1,4,5,1.0,-0.0,0.0
R_007609,6,1,1,6,1.0,-0.0,0.0
R_007610,5,1,0,5,1.0,-0.0,0.0
R_007611,6,1,1,6,1.0,-0.0,0.0
R_007612,8,1,4,8,1.0,-0.0,0.0
R_007613,8,1,4,8,1.0,-0.0,0.0
R_007614,6,1,0,6,1.0,-0.0,0.0
R_007615,6,1,1,6,1.0,-0.0,0.0
R_007616,7,3,7,4,0.5714285714285714,0.9556998911125343,0.8699155297736259
R_007617,5,1,0,5,1.0,-0.0,0.0
R_007618,7,1,2,7,1.0,-0.0,0.0
R_007619,7,1,0,7,1.0,-0.0,0.0
R_007620,7,2,5,6,0.8571428571428571,0.410116318288409,0.5916727785823274
R_007621,7,1,1,7,1.0,-0.0,0.0
R_007622,6,3,6,4,0.6666666666666666,0.8675632284814612,0.7896900821428474
R_007623,7,1,2,7,1.0,-0.0,0.0
R_007624,8,1,1,8,1.0,-0.0,0.0
R_007625,6,1,3,6,1.0,-0.0,0.0
R_007626,7,1,2,7,1.0,-0.0,0.0
R_007627,7,2,5,6,0.8571428571428571,0.410116318288409,0.5916727785823274
R_007628,5,2,7,4,0.8,0.5004024235381879,0.7219280948873623
R_007629,6,1,1,6,1.0,-0.0,0.0
R_007630,5,3,2,2,0.4,1.0549201679861442,0.9602297178607612
R_007631,5,1,3,5,1.0,-0.0,0.0
R_007632,5,1,2,5,1.0,-0.0,0.0
R_007633,6,1,0,6,1.0,-0.0,0.0
R_007634,6,1,2,6,1.0,-0.0,0.0
R_007635,6,1,3,6,1.0,-0.0,0.0
R_007636,8,1,1,8,1.0,-0.0,0.0
R_007637,7,1,3,7,1.0,-0.0,0.0
R_007638,7,1,1,7,1.0,-0.0,0.0
R_007639,6,1,5,6,1.0,-0.0,0.0
R_007640,8,1,0,8,1.0,-0.0,0.0
R_007641,6,1,3,6,1.0,-0.0,0.0
R_007642,5,1,1,5,1.0,-0.0,0.0
R_007643,8,1,1,8,1.0,-0.0,0.0
R_007644,7,1,2,7,1.0,-0.0,0.0
R_007645,5,1,1,5,1.0,-0.0,0.0
R_007646,8,2,6,7,0.875,0.37677016125643675,0.5435644431995964
R_007647,7,3,7,5,0.7142857142857143,0.796311640173813,0.7248340915057598
R_007648,7,1,1,7,1.0,-0.0,0.0
R_007649,6,2,5,5,0.8333333333333334,0.45056120886630463,0.6500224216483541
R_007650,7,1,3,7,1.0,-0.0,0.0
R_007651,8,2,6,7,0.875,0.37677016125643675,0.5435644431995964
R_007652,7,3,7,4,0.5714285714285714,0.9556998911125343,0.8699155297736259
R_007653,6,1,0,6,1.0,-0.0,0.0
R_007654,8,1,4,8,1.0,-0.0,0.0
R_007655,8,1,4,8,1.0,-0.0,0.0
R_007656,8,2,6,7,0.875,0.37677016125643675,0.5435644431995964
R_007657,5,3,7,3,0.6,0.9502705392332347,0.8649735207179272
R_007658,6,3,6,4,0.6666666666666666,0.8675632284814612,0.7896900821428474
R_007659,5,1,2,5,1.0,-0.0,0.0
R_007660,7,1,3,7,1.0,-0.0,0.0
R_007661,8,1,2,8,1.0,-0.0,0.0
R_007662,5,1,4,5,1.0,-0.0,0.0
R_007663,8,1,0,8,1.0,-0.0,0.0
R_007664,8,1,3,8,1.0,-0.0,0.0
R_007665,5,1,0,5,1.0,-0.0,0.0
R_007666,8,1,0,8,1.0,-0.0,0.0
R_007667,7,1,1,7,1.0,-0.0,0.0
R_007668,7,1,3,7,1.0,-0.0,0.0
R_007669,7,2,7,5,0.7142857142857143,0.5982695885852573,0.8631205685666311
R_007670,7,1,5,7,1.0,-0.0,0.0
R_007671,8,1,1,8,1.0,-0.0,0.0
R_007672,5,1,2,5,1.0,-0.0,0.0
R_007673,5,1,1,5,1.0,-0.0,0.0
R_007674,7,1,2,7,1.0,-0.0,0.0
R_007675,5,1,1,5,1.0,-0.0,0.0
R_007676,5,1,1,5,1.0,-0.0,0.0
R_007677,6,2,6,5,0.8333333333333334,0.45056120886630463,0.6500224216483541
R_007678,7,2,6,6,0.8571428571428571,0.410116318288409,0.5916727785823274
R_007679,5,1,4,5,1.0,-0.0,0.0
R_007680,8,3,6,6,0.75,0.7356219397587946,0.6695919455357792
R_007681,7,1,3,7,1.0,-0.0,0.0
R_007682,8,1,1,8,1.0,-0.0,0.0
R_007683,8,3,7,6,0.75,0.7356219397587946,0.6695919455357792
R_007684,8,1,4,8,1.0,-0.0,0.0
R_007685,6,1,4,6,1.0,-0.0,0.0
R_007686,8,2,5,7,0.875,0.37677016125643675,0.5435644431995964
R_007687,8,1,4,8,1.0,-0.0,0.0
R_007688,7,1,2,7,1.0,-0.0,0.0
R_007689,7,2,5,6,0.8571428571428571,0.410116318288409,0.5916727785823274
R_007690,5,1,1,5,1.0,-0.0,0.0
R_007691,6,3,6,4,0.6666666666666666,0.8675632284814612,0.7896900821428474
R_007692,5,1,2,5,1.0,-0.0,0.0
R_007693,8,1,2,8,1.0,-0.0,0.0
R_007694,7,4,7,4,0.5714285714285714,1.1537419427010902,0.8322488896002307
R_007695,5,1,1,5,1.0,-0.0,0.0
R_007696,8,1,4,8,1.0,-0.0,0.0
R_007697,7,1,0,7,1.0,-0.0,0.0
R_007698,7,1,2,7,1.0,-0.0,0.0
R_007699,7,1,4,7,1.0,-0.0,0.0
R_007700,8,3,6,6,0.75,0.7356219397587946,0.6695919455357792
R_007701,8,1,1,8,1.0,-0.0,0.0
R_007702,5,2,5,4,0.8,0.5004024235381879,0.7219280948873623
R_007703,6,3,7,3,0.5,1.0114042647073518,0.920619835714305
R_007704,7,4,7,4,0.5714285714285714,1.1537419427010902,0.8322488896002307
R_007705,5,1,5,5,1.0,-0.0,0.0
R_007706,7,2,5,6,0.8571428571428571,0.410116318288409,0.5916727785823274
R_007707,8,3,7,5,0.625,0.9002560512685369,0.8194483718728035
R_007708,5,1,2,5,1.0,-0.0,0.0
R_007709,5,4,7,2,0.4,1.3321790402101223,0.9609640474436812
R_007710,5,1,2,5,1.0,-0.0,0.0
R_007711,5,2,6,4,0.8,0.5004024235381879,0.7219280948873623
R_007712,7,2,6,6,0.8571428571428571,0.410116318288409,0.5916727785823274
R_007713,8,1,1,8,1.0,-0.0,0.0
R_007714,7,1,0,7,1.0,-0.0,0.0
R_007715,7,1,4,7,1.0,-0.0,0.0
R_007716,6,1,3,6,1.0,-0.0,0.0
R_007717,7,1,5,7,1.0,-0.0,0.0
R_007718,6,1,2,6,1.0,-0.0,0.0
R_007719,5,1,4,5,1.0,-0.0,0.0
R_007720,5,1,0,5,1.0,-0.0,0.0
R_007721,7,1,0,7,1.0,-0.0,0.0
R_007722,6,1,0,6,1.0,-0.0,0.0
R_007723,7,1,3,7,1.0,-0.0,0.0
R_007724,7,1,1,7,1.0,-0.0,0.0
R_007725,6,1,3,6,1.0,-0.0,0.0
R_007726,6,1,3,6,1.0,-0.0,0.0
R_007727,8,1,1,8,1.0,-0.0,0.0
R_007728,5,1,2,5,1.0,-0.0,0.0
R_007729,5,1,4,5,1.0,-0.0,0.0
R_007730,6,1,4,6,1.0,-0.0,0.0
R_007731,5,1,2,5,1.0,-0.0,0.0
R_007732,6,1,5,6,1.0,-0.0,0.0
R_007733,5,1,1,5,1.0,-0.0,0.0
R_007734,8,1,2,8,1.0,-0.0,0.0
R_007735,5,1,6,5,1.0,-0.0,0.0
R_007736,5,2,7,3,0.6,0.6730116670092565,0.9709505944546688
R_007737,8,3,6,6,0.75,0.7356219397587946,0.6695919455357792
R_007738,7,1,1,7,1.0,-0.0,0.0
R_007739,5,1,2,5,1.0,-0.0,0.0
R_007740,7,1,3,7,1.0,-0.0,0.0
R_007741,8,1,3,8,1.0,-0.0,0.0
R_007742,6,1,1,6,1.0,-0.0,0.0
R_007743,8,3,7,6,0.75,0.7356219397587946,0.6695919455357792
R_007744,8,2,5,7,0.875,0.37677016125643675,0.5435644431995964
R_007745,6,2,5,5,0.8333333333333334,0.45056120886630463,0.6500224216483541
R_007746,7,1,1,7,1.0,-0.0,0.0
R_007747,8,1,3,8,1.0,-0.0,0.0
R_007748,7,1,1,7,1.0,-0.0,0.0
R_007749,8,1,1,8,1.0,-0.0,0.0
R_007750,8,1,4,8,1.0,-0.0,0.0
R_007751,5,1,6,5,1.0,-0.0,0.0
R_007752,5,1,4,5,1.0,-0.0,0.0
R_007753,8,1,0,8,1.0,-0.0,0.0
R_007754,5,1,0,5,1.0,-0.0,0.0
R_007755,8,2,5,7,0.875,0.37677016125643675,0.5435644431995964
R_007756,6,1,0,6,1.0,-0.0,0.0
R_007757,5,1,0,5,1.0,-0.0,0.0
R_007758,5,3,6,3,0.6,0.9502705392332347,0.8649735207179272
R_007759,5,2,5,4,0.8,0.5004024235381879,0.7219280948873623
R_007760,5,1,1,5,1.0,-0.0,0.0
R_007761,6,1,5,6,1.0,-0.0,0.0
R_007762,5,3,6,3,0.6,0.9502705392332347,0.8649735207179272
R_007763,8,1,1,8,1.0,-0.0,0.0
R_007764,8,1,3,8,1.0,-0.0,0.0
R_007765,8,1,0,8,1.0,-0.0,0.0
R_007766,7,1,5,7,1.0,-0.0,0.0
R_007767,7,3,6,5,0.7142857142857143,0.796311640173813,0.7248340915057598
R_007768,6,1,3,6,1.0,-0.0,0.0
R_007769,5,1,4,5,1.0,-0.0,0.0
R_007770,7,2,6,6,0.8571428571428571,0.410116318288409,0.5916727785823274
R_007771,8,1,1,8,1.0,-0.0,0.0
R_007772,8,1,0,8,1.0,-0.0,0.0
R_007773,7,2,6,6,0.8571428571428571,0.410116318288409,0.5916727785823274
R_007774,5,1,3,5,1.0,-0.0,0.0
R_007775,6,1,1,6,1.0,-0.0,0.0
R_007776,5,2,6,4,0.8,0.5004024235381879,0.7219280948873623
R_007777,6,1,0,6,1.0,-0.0,0.0
R_007778,7,1,0,7,1.0,-0.0,0.0
R_007779,5,1,4,5,1.0,-0.0,0.0
R_007780,8,1,4,8,1.0,-0.0,0.0
R_007781,8,2,5,7,0.875,0.37677016125643675,0.5435644431995964
R_007782,7,3,7,4,0.5714285714285714,0.9556998911125343,0.8699155297736259
R_007783,5,2,5,4,0.8,0.5004024235381879,0.7219280948873623
R_007784,6,2,5,5,0.8333333333333334,0.45056120886630463,0.6500224216483541
R_007785,7,1,2,7,1.0,-0.0,0.0
R_007786,7,1,3,7,1.0,-0.0,0.0
R_007787,6,1,3,6,1.0,-0.0,0.0
R_007788,5,1,0,5,1.0,-0.0,0.0
R_007789,6,1,1,6,1.0,-0.0,0.0
R_007790,6,1,2,6,1.0,-0.0,0.0
R_007791,8,1,4,8,1.0,-0.0,0.0
R_007792,8,1,0,8,1.0,-0.0,0.0
R_007793,8,1,4,8,1.0,-0.0,0.0
R_007794,6,1,4,6,1.0,-0.0,0.0
R_007795,6,3,7,4,0.6666666666666666,0.8675632284814612,0.7896900821428474
R_007796,6,1,5,6,1.0,-0.0,0.0
R_007797,8,3,7,5,0.625,0.9002560512685369,0.8194483718728035
R_007798,5,1,2,5,1.0,-0.0,0.0
R_007799,7,1,5,7,1.0,-0.0,0.0
R_007800,6,3,6,4,0.6666666666666666,0.8675632284814612,0.7896900821428474
R_007801,7,1,2,7,1.0,-0.0,0.0
R_007802,8,1,1,8,1.0,-0.0,0.0
R_007803,8,1,1,8,1.0,-0.0,0.0
R_007804,7,3,6,5,0.7142857142857143,0.796311640173813,0.7248340915057598
R_007805,7,1,2,7,1.0,-0.0,0.0
R_007806,5,1,4,5,1.0,-0.0,0.0
R_007807,5,1,6,5,1.0,-0.0,0.0
R_007808,7,2,6,6,0.8571428571428571,0.410116318288409,0.5916727785823274
R_007809,7,2,6,6,0.8571428571428571,0.410116318288409,0.5916727785823274
R_007810,5,1,1,5,1.0,-0.0,0.0
R_007811,6,1,0,6,1.0,-0.0,0.0
R_007812,5,2,6,4,0.8,0.5004024235381879,0.7219280948873623
R_007813,8,3,7,5,0.625,0.9002560512685369,0.8194483718728035
R_007814,6,3,7,4,0.6666666666666666,0.8675632284814612,0.7896900821428474
R_007815,6,1,2,6,1.0,-0.0,0.0
R_007816,6,1,2,6,1.0,-0.0,0.0
R_007817,6,4,2,2,0.3333333333333333,1.3296613488547582,0.9591479170272448
R_007818,5,1,1,5,1.0,-0.0,0.0
R_007819,8,1,2,8,1.0,-0.0,0.0
R_007820,7,1,1,7,1.0,-0.0,0.0
R_007821,6,1,3,6,1.0,-0.0,0.0
R_007822,7,1,3,7,1.0,-0.0,0.0
R_007823,8,1,2,8,1.0,-0.0,0.0
R_007824,5,4,7,2,0.4,1.3321790402101223,0.9609640474436812
R_007825,5,1,5,5,1.0,-0.0,0.0
R_007826,5,1,4,5,1.0,-0.0,0.0
R_007827,5,1,0,5,1.0,-0.0,0.0
R_007828,5,1,1,5,1.0,-0.0,0.0
R_007829,5,3,7,3,0.6,0.9502705392332347,0.8649735207179272
R_007830,6,1,1,6,1.0,-0.0,0.0
R_007831,5,1,4,5,1.0,-0.0,0.0
R_007832,8,1,3,8,1.0,-0.0,0.0
R_007833,7,1,3,7,1.0,-0.0,0.0
R_007834,5,1,5,5,1.0,-0.0,0.0
R_007835,6,1,0,6,1.0,-0.0,0.0
R_007836,8,2,5,7,0.875,0.37677016125643675,0.5435644431995964
R_007837,7,1,4,7,1.0,-0.0,0.0
R_007838,7,1,4,7,1.0,-0.0,0.0
R_007839,8,1,4,8,1.0,-0.0,0.0
R_007840,5,1,5,5,1.0,-0.0,0.0
R_007841,8,2,5,7,0.875,0.37677016125643675,0.5435644431995964
R_007842,8,1,0,8,1.0,-0.0,0.0
R_007843,7,1,3,7,1.0,-0.0,0.0
R_007844,7,1,3,7,1.0,-0.0,0.0
R_007845,7,1,1,7,1.0,-0.0,0.0
R_007846,6,3,7,3,0.5,1.0114042647073518,0.920619835714305
R_007847,8,3,7,5,0.625,0.9002560512685369,0.8194483718728035
R_007848,5,1,3,5,1.0,-0.0,0.0
R_007849,7,1,0,7,1.0,-0.0,0.0
R_007850,8,1,0,8,1.0,-0.0,0.0
R_007851,5,1,0,5,1.0,-0.0,0.0
R_007852,5,3,7,3,0.6,0.9502705392332347,0.8649735207179272
R_007853,7,1,4,7,1.0,-0.0,0.0
R_007854,6,1,2,6,1.0,-0.0,0.0
R_007855,7,1,0,7,1.0,-0.0,0.0
R_007856,7,3,6,5,0.7142857142857143,0.796311640173813,0.7248340915057598
R_007857,8,1,5,8,1.0,-0.0,0.0
R_007858,8,3,6,6,0.75,0.7356219397587946,0.6695919455357792
R_007859,7,1,2,7,1.0,-0.0,0.0
R_007860,7,1,4,7,1.0,-0.0,0.0
R_007861,6,2,5,5,0.8333333333333334,0.45056120886630463,0.6500224216483541
R_007862,8,1,0,8,1.0,-0.0,0.0
R_007863,7,1,0,7,1.0,-0.0,0.0
R_007864,6,4,7,3,0.5,1.242453324894,0.8962406251802889
R_007865,7,1,2,7,1.0,-0.0,0.0
R_007866,5,2,6,4,0.8,0.5004024235381879,0.7219280948873623
R_007867,8,3,6,6,0.75,0.7356219397587946,0.6695919455357792
R_007868,8,3,6,6,0.75,0.7356219397587946,0.6695919455357792
R_007869,7,3,6,5,0.7142857142857143,0.796311640173813,0.7248340915057598
R_007870,5,1,0,5,1.0,-0.0,0.0
R_007871,6,2,6,5,0.8333333333333334,0.45056120886630463,0.6500224216483541
R_007872,6,1,4,6,1.0,-0.0,0.0
R_007873,5,1,1,5,1.0,-0.0,0.0
R_007874,6,3,6,4,0.6666666666666666,0.8675632284814612,0.7896900821428474
R_007875,5,2,7,4,0.8,0.5004024235381879,0.7219280948873623
R_007876,7,3,7,5,0.7142857142857143,0.796311640173813,0.7248340915057598
R_007877,7,1,5,7,1.0,-0.0,0.0
R_007878,7,1,4,7,1.0,-0.0,0.0
R_007879,6,1,0,6,1.0,-0.0,0.0
R_007880,5,1,0,5,1.0,-0.0,0.0
R_007881,6,1,5,6,1.0,-0.0,0.0
R_007882,6,1,4,6,1.0,-0.0,0.0
R_007883,6,1,4,6,1.0,-0.0,0.0
R_007884,7,4,7,3,0.42857142857142855,1.277034259466139,0.9211854965885543
R_007885,5,1,0,5,1.0,-0.0,0.0
R_007886,8,1,2,8,1.0,-0.0,0.0
R_007887,6,1,6,6,1.0,-0.0,0.0
R_007888,6,3,7,4,0.6666666666666666,0.8675632284814612,0.7896900821428474
R_007889,8,2,5,7,0.875,0.37677016125643675,0.5435644431995964
R_007890,5,1,4,5,1.0,-0.0,0.0
R_007891,5,3,7,3,0.6,0.9502705392332347,0.8649735207179272
R_007892,7,4,7,4,0.5714285714285714,1.1537419427010902,0.8322488896002307
R_007893,5,1,3,5,1.0,-0.0,0.0
R_007894,8,1,1,8,1.0,-0.0,0.0
R_007895,5,1,1,5,1.0,-0.0,0.0
R_007896,5,1,1,5,1.0,-0.0,0.0
R_007897,6,1,3,6,1.0,-0.0,0.0
R_007898,6,1,1,6,1.0,-0.0,0.0
R_007899,7,1,0,7,1.0,-0.0,0.0
R_007900,6,1,1,6,1.0,-0.0,0.0
R_007901,7,1,3,7,1.0,-0.0,0.0
R_007902,6,1,4,6,1.0,-0.0,0.0
R_007903,7,1,0,7,1.0,-0.0,0.0
R_007904,5,3,7,3,0.6,0.9502705392332347,0.8649735207179272
R_007905,5,1,2,5,1.0,-0.0,0.0
R_007906,8,3,6,6,0.75,0.7356219397587946,0.6695919455357792
R_007907,7,1,2,7,1.0,-0.0,0.0
R_007908,8,1,1,8,1.0,-0.0,0.0
R_007909,8,2,6,7,0.875,0.37677016125643675,0.5435644431995964
R_007910,5,2,6,4,0.8,0.5004024235381879,0.7219280948873623
R_007911,7,2,7,6,0.8571428571428571,0.410116318288409,0.5916727785823274
R_007912,8,4,7,4,0.5,1.2130075659799042,0.875
R_007913,5,1,6,5,1.0,-0.0,0.0
R_007914,5,1,1,5,1.0,-0.0,0.0
R_007915,5,1,2,5,1.0,-0.0,0.0
R_007916,8,2,5,7,0.875,0.37677016125643675,0.5435644431995964
R_007917,7,1,3,7,1.0,-0.0,0.0
R_007918,7,1,1,7,1.0,-0.0,0.0
R_007919,6,3,7,4,0.6666666666666666,0.8675632284814612,0.7896900821428474
R_007920,8,1,0,8,1.0,-0.0,0.0
R_007921,8,2,5,7,0.875,0.37677016125643675,0.5435644431995964
R_007922,6,1,2,6,1.0,-0.0,0.0
R_007923,8,1,2,8,1.0,-0.0,0.0
R_007924,7,2,7,5,0.7142857142857143,0.5982695885852573,0.8631205685666311
R_007925,7,1,4,7,1.0,-0.0,0.0
R_007926,8,2,6,7,0.875,0.37677016125643675,0.5435644431995964
R_007927,8,3,7,5,0.625,0.9002560512685369,0.8194483718728035
R_007928,7,2,5,6,0.8571428571428571,0.410116318288409,0.5916727785823274
R_007929,6,2,6,5,0.8333333333333334,0.45056120886630463,0.6500224216483541
R_007930,7,1,1,7,1.0,-0.0,0.0
R_007931,8,1,3,8,1.0,-0.0,0.0
R_007932,5,1,0,5,1.0,-0.0,0.0
R_007933,8,1,2,8,1.0,-0.0,0.0
R_007934,7,1,1,7,1.0,-0.0,0.0
R_007935,6,2,5,5,0.8333333333333334,0.45056120886630463,0.6500224216483541
R_007936,8,1,4,8,1.0,-0.0,0.0
R_007937,5,1,1,5,1.0,-0.0,0.0
R_007938,6,1,2,6,1.0,-0.0,0.0
R_007939,6,1,2,6,1.0,-0.0,0.0
R_007940,6,1,3,6,1.0,-0.0,0.0
R_007941,7,4,7,4,0.5714285714285714,1.1537419427010902,0.8322488896002307
R_007942,5,2,6,4,0.8,0.5004024235381879,0.7219280948873623
R_007943,5,3,6,3,0.6,0.9502705392332347,0.8649735207179272
R_007944,6,1,1,6,1.0,-0.0,0.0
R_007945,7,1,1,7,1.0,-0.0,0.0
R_007946,7,1,1,7,1.0,-0.0,0.0
R_007947,8,3,6,6,0.75,0.7356219397587946,0.6695919455357792
R_007948,7,1,1,7,1.0,-0.0,0.0
R_007949,5,2,6,4,0.8,0.5004024235381879,0.7219280948873623
R_007950,8,1,2,8,1.0,-0.0,0.0
R_007951,6,1,1,6,1.0,-0.0,0.0
R_007952,6,4,7,3,0.5,1.242453324894,0.8962406251802889
R_007953,5,2,6,4,0.8,0.5004024235381879,0.7219280948873623
R_007954,8,1,0,8,1.0,-0.0,0.0
R_007955,7,2,5,6,0.8571428571428571,0.410116318288409,0.5916727785823274
R_007956,7,1,1,7,1.0,-0.0,0.0
R_007957,8,1,4,8,1.0,-0.0,0.0
R_007958,6,1,1,6,1.0,-0.0,0.0
R_007959,8,1,2,8,1.0,-0.0,0.0
R_007960,6,2,6,5,0.8333333333333334,0.45056120886630463,0.6500224216483541
R_007961,5,1,4,5,1.0,-0.0,0.0
R_007962,5,1,4,5,1.0,-0.0,0.0
R_007963,6,3,7,4,0.6666666666666666,0.8675632284814612,0.7896900821428474
R_007964,6,3,7,4,0.6666666666666666,0.8675632284814612,0.7896900821428474
R_007965,8,3,6,6,0.75,0.7356219397587946,0.6695919455357792
R_007966,6,2,6,5,0.8333333333333334,0.45056120886630463,0.6500224216483541
R_007967,5,1,3,5,1.0,-0.0,0.0
R_007968,7,1,0,7,1.0,-0.0,0.0
R_007969,7,2,6,6,0.8571428571428571,0.410116318288409,0.5916727785823274
R_007970,6,3,7,3,0.5,1.0114042647073518,0.920619835714305
R_007971,8,1,4,8,1.0,-0.0,0.0
R_007972,7,1,2,7,1.0,-0.0,0.0
R_007973,5,3,7,3,0.6,0.9502705392332347,0.8649735207179272
R_007974,6,1,5,6,1.0,-0.0,0.0
R_007975,5,4,7,2,0.4,1.3321790402101223,0.9609640474436812
R_007976,8,1,0,8,1.0,-0.0,0.0
R_007977,8,3,6,6,0.75,0.7356219397587946,0.6695919455357792
R_007978,6,1,1,6,1.0,-0.0,0.0
R_007979,7,1,1,7,1.0,-0.0,0.0
R_007980,5,1,5,5,1.0,-0.0,0.0
R_007981,8,1,2,8,1.0,-0.0,0.0
R_007982,5,1,3,5,1.0,-0.0,0.0
R_007983,6,2,5,5,0.8333333333333334,0.45056120886630463,0.6500224216483541
R_007984,8,2,6,7,0.875,0.37677016125643675,0.5435644431995964
R_007985,7,3,6,5,0.7142857142857143,0.796311640173813,0.7248340915057598
R_007986,8,3,7,5,0.625,0.9002560512685369,0.8194483718728035
R_007987,7,3,6,5,0.7142857142857143,0.796311640173813,0.7248340915057598
R_007988,8,4,7,4,0.5,1.2130075659799042,0.875
R_007989,6,1,2,6,1.0,-0.0,0.0
R_007990,7,1,0,7,1.0,-0.0,0.0
R_007991,7,1,0,7,1.0,-0.0,0.0
R_007992,5,1,5,5,1.0,-0.0,0.0
R_007993,6,1,1,6,1.0,-0.0,0.0
R_007994,8,1,3,8,1.0,-0.0,0.0
R_007995,5,1,5,5,1.0,-0.0,0.0
R_007996,6,1,1,6,1.0,-0.0,0.0
R_007997,6,2,7,5,0.8333333333333334,0.45056120886630463,0.6500224216483541
R_007998,7,1,2,7,1.0,-0.0,0.0
R_007999,6,1,1,6,1.0,-0.0,0.0
R_008000,8,3,6,6,0.75,0.7356219397587946,0.6695919455357792
R_008001,5,1,1,5,1.0,-0.0,0.0
R_008002,7,1,4,7,1.0,-0.0,0.0
R_008003,6,1,0,6,1.0,-0.0,0.0
R_008004,8,1,4,8,1.0,-0.0,0.0
R_008005,7,1,3,7,1.0,-0.0,0.0
R_008006,7,4,7,3,0.42857142857142855,1.277034259466139,0.9211854965885543
R_008007,6,2,6,5,0.8333333333333334,0.45056120886630463,0.6500224216483541
R_008008,8,1,1,8,1.0,-0.0,0.0
R_008009,6,3,6,4,0.6666666666666666,0.8675632284814612,0.7896900821428474
R_008010,7,1,4,7,1.0,-0.0,0.0
R_008011,6,1,3,6,1.0,-0.0,0.0
R_008012,8,1,1,8,1.0,-0.0,0.0
R_008013,7,1,2,7,1.0,-0.0,0.0
R_008014,5,1,0,5,1.0,-0.0,0.0
R_008015,8,1,3,8,1.0,-0.0,0.0
R_008016,8,1,2,8,1.0,-0.0,0.0
R_008017,6,1,1,6,1.0,-0.0,0.0
R_008018,6,1,1,6,1.0,-0.0,0.0
R_008019,5,1,3,5,1.0,-0.0,0.0
R_008020,6,1,5,6,1.0,-0.0,0.0
R_008021,8,1,1,8,1.0,-0.0,0.0
R_008022,8,3,6,6,0.75,0.7356219397587946,0.6695919455357792
R_008023,5,1,1,5,1.0,-0.0,0.0
R_008024,6,2,6,5,0.8333333333333334,0.45056120886630463,0.6500224216483541
R_008025,8,1,4,8,1.0,-0.0,0.0
R_008026,8,1,4,8,1.0,-0.0,0.0
R_008027,8,1,4,8,1.0,-0.0,0.0
R_008028,7,1,2,7,1.0,-0.0,0.0
R_008029,6,1,5,6,1.0,-0.0,0.0
R_008030,7,1,4,7,1.0,-0.0,0.0
R_008031,7,3,7,5,0.7142857142857143,0.796311640173813,0.7248340915057598
R_008032,6,1,3,6,1.0,-0.0,0.0
R_008033,6,1,1,6,1.0,-0.0,0.0
R_008034,8,1,1,8,1.0,-0.0,0.0
R_008035,8,4,7,4,0.5,1.2130075659799042,0.875
R_008036,5,1,4,5,1.0,-0.0,0.0
R_008037,6,3,6,4,0.6666666666666666,0.8675632284814612,0.7896900821428474
R_008038,6,2,5,5,0.8333333333333334,0.45056120886630463,0.6500224216483541
R_008039,8,1,2,8,1.0,-0.0,0.0
R_008040,7,2,5,6,0.8571428571428571,0.410116318288409,0.5916727785823274
R_008041,5,1,3,5,1.0,-0.0,0.0
R_008042,5,3,2,2,0.4,1.0549201679861442,0.9602297178607612
R_008043,6,3,6,4,0.6666666666666666,0.8675632284814612,0.7896900821428474
R_008044,8,1,1,8,1.0,-0.0,0.0
R_008045,5,3,7,3,0.6,0.9502705392332347,0.8649735207179272
R_008046,5,1,2,5,1.0,-0.0,0.0
R_008047,5,1,3,5,1.0,-0.0,0.0
R_008048,5,1,4,5,1.0,-0.0,0.0
R_008049,5,3,2,2,0.4,1.0549201679861442,0.9602297178607612
R_008050,5,1,1,5,1.0,-0.0,0.0
R_008051,7,2,5,6,0.8571428571428571,0.410116318288409,0.5916727785823274
R_008052,8,4,7,5,0.625,1.073542846408523,0.7743974703476992
R_008053,8,1,1,8,1.0,-0.0,0.0
R_008054,7,3,7,5,0.7142857142857143,0.796311640173813,0.7248340915057598
R_008055,6,1,4,6,1.0,-0.0,0.0
R_008056,7,1,4,7,1.0,-0.0,0.0
R_008057,8,3,6,6,0.75,0.7356219397587946,0.6695919455357792
R_008058,5,1,1,5,1.0,-0.0,0.0
R_008059,7,1,5,7,1.0,-0.0,0.0
R_008060,8,1,5,8,1.0,-0.0,0.0
R_008061,6,2,5,5,0.8333333333333334,0.45056120886630463,0.6500224216483541
R_008062,7,1,3,7,1.0,-0.0,0.0
R_008063,6,1,6,6,1.0,-0.0,0.0
R_008064,7,2,5,6,0.8571428571428571,0.410116318288409,0.5916727785823274
R_008065,6,3,7,4,0.6666666666666666,0.8675632284814612,0.7896900821428474
R_008066,7,1,4,7,1.0,-0.0,0.0
R_008067,5,1,2,5,1.0,-0.0,0.0
R_008068,8,1,0,8,1.0,-0.0,0.0
R_008069,8,1,1,8,1.0,-0.0,0.0
R_008070,6,1,0,6,1.0,-0.0,0.0
R_008071,8,3,6,6,0.75,0.7356219397587946,0.6695919455357792
R_008072,8,4,7,4,0.5,1.2130075659799042,0.875
R_008073,7,2,5,6,0.8571428571428571,0.410116318288409,0.5916727785823274
R_008074,7,1,4,7,1.0,-0.0,0.0
R_008075,5,3,7,3,0.6,0.9502705392332347,0.8649735207179272
R_008076,5,1,4,5,1.0,-0.0,0.0
R_008077,5,1,3,5,1.0,-0.0,0.0
R_008078,8,1,4,8,1.0,-0.0,0.0
R_008079,6,1,6,6,1.0,-0.0,0.0
R_008080,7,4,7,4,0.5714285714285714,1.1537419427010902,0.8322488896002307
R_008081,6,1,2,6,1.0,-0.0,0.0
R_008082,7,1,2,7,1.0,-0.0,0.0
R_008083,8,3,6,6,0.75,0.7356219397587946,0.6695919455357792
R_008084,6,1,0,6,1.0,-0.0,0.0
R_008085,6,1,4,6,1.0,-0.0,0.0
R_008086,8,2,5,7,0.875,0.37677016125643675,0.5435644431995964
R_008087,5,3,7,3,0.6,0.9502705392332347,0.8649735207179272
R_008088,6,1,1,6,1.0,-0.0,0.0
R_008089,5,2,5,4,0.8,0.5004024235381879,0.7219280948873623
R_008090,6,1,3,6,1.0,-0.0,0.0
R_008091,5,1,2,5,1.0,-0.0,0.0
R_008092,7,1,3,7,1.0,-0.0,0.0
R_008093,6,1,2,6,1.0,-0.0,0.0
R_008094,8,1,0,8,1.0,-0.0,0.0
R_008095,6,2,6,5,0.8333333333333334,0.45056120886630463,0.6500224216483541
R_008096,7,1,2,7,1.0,-0.0,0.0
R_008097,7,3,7,4,0.5714285714285714,0.9556998911125343,0.8699155297736259
R_008098,7,2,5,6,0.8571428571428571,0.410116318288409,0.5916727785823274
R_008099,8,1,0,8,1.0,-0.0,0.0
R_008100,8,1,4,8,1.0,-0.0,0.0
R_008101,6,1,4,6,1.0,-0.0,0.0
R_008102,5,3,2,2,0.4,1.0549201679861442,0.9602297178607612
R_008103,8,1,3,8,1.0,-0.0,0.0
R_008104,7,4,7,3,0.42857142857142855,1.277034259466139,0.9211854965885543
R_008105,5,1,6,5,1.0,-0.0,0.0
R_008106,7,1,4,7,1.0,-0.0,0.0
R_008107,5,1,3,5,1.0,-0.0,0.0
R_008108,7,1,1,7,1.0,-0.0,0.0
R_008109,8,1,2,8,1.0,-0.0,0.0
R_008110,7,1,4,7,1.0,-0.0,0.0
R_008111,8,2,5,7,0.875,0.37677016125643675,0.5435644431995964
R_008112,6,2,7,4,0.6666666666666666,0.6365141682948128,0.9182958340544894
R_008113,8,1,0,8,1.0,-0.0,0.0
R_008114,5,1,0,5,1.0,-0.0,0.0
R_008115,7,1,1,7,1.0,-0.0,0.0
R_008116,8,1,0,8,1.0,-0.0,0.0
R_008117,5,1,1,5,1.0,-0.0,0.0
R_008118,6,3,7,4,0.6666666666666666,0.8675632284814612,0.7896900821428474
R_008119,6,1,3,6,1.0,-0.0,0.0
R_008120,6,1,3,6,1.0,-0.0,0.0
R_008121,8,2,5,7,0.875,0.37677016125643675,0.5435644431995964
R_008122,8,1,3,8,1.0,-0.0,0.0
R_008123,8,1,3,8,1.0,-0.0,0.0
R_008124,5,1,5,5,1.0,-0.0,0.0
R_008125,8,3,6,6,0.75,0.7356219397587946,0.6695919455357792
R_008126,8,3,6,6,0.75,0.7356219397587946,0.6695919455357792
R_008127,7,1,0,7,1.0,-0.0,0.0
R_008128,6,1,0,6,1.0,-0.0,0.0
R_008129,8,3,6,6,0.75,0.7356219397587946,0.6695919455357792
R_008130,6,4,7,3,0.5,1.242453324894,0.8962406251802889
R_008131,7,2,7,6,0.8571428571428571,0.410116318288409,0.5916727785823274
R_008132,8,3,6,6,0.75,0.7356219397587946,0.6695919455357792
R_008133,6,2,5,5,0.8333333333333334,0.45056120886630463,0.6500224216483541
R_008134,5,2,6,4,0.8,0.5004024235381879,0.7219280948873623
R_008135,5,2,7,3,0.6,0.6730116670092565,0.9709505944546688
R_008136,5,1,0,5,1.0,-0.0,0.0
R_008137,7,1,0,7,1.0,-0.0,0.0
R_008138,5,1,2,5,1.0,-0.0,0.0
R_008139,6,2,7,4,0.6666666666666666,0.6365141682948128,0.9182958340544894
R_008140,8,1,1,8,1.0,-0.0,0.0
R_008141,5,2,5,4,0.8,0.5004024235381879,0.7219280948873623
R_008142,7,1,4,7,1.0,-0.0,0.0
R_008143,8,1,3,8,1.0,-0.0,0.0
R_008144,7,1,2,7,1.0,-0.0,0.0
R_008145,6,1,0,6,1.0,-0.0,0.0
R_008146,8,1,3,8,1.0,-0.0,0.0
R_008147,6,1,4,6,1.0,-0.0,0.0
R_008148,6,1,1,6,1.0,-0.0,0.0
R_008149,6,1,3,6,1.0,-0.0,0.0
R_008150,7,1,3,7,1.0,-0.0,0.0
R_008151,7,4,7,4,0.5714285714285714,1.1537419427010902,0.8322488896002307
R_008152,5,3,7,3,0.6,0.9502705392332347,0.8649735207179272
R_008153,6,1,3,6,1.0,-0.0,0.0
R_008154,8,1,2,8,1.0,-0.0,0.0
R_008155,7,1,0,7,1.0,-0.0,0.0
R_008156,5,1,1,5,1.0,-0.0,0.0
R_008157,6,1,2,6,1.0,-0.0,0.0
R_008158,5,1,2,5,1.0,-0.0,0.0
R_008159,7,4,7,4,0.5714285714285714,1.1537419427010902,0.8322488896002307
R_008160,7,1,0,7,1.0,-0.0,0.0
R_008161,7,2,5,6,0.8571428571428571,0.410116318288409,0.5916727785823274
R_008162,6,2,5,5,0.8333333333333334,0.45056120886630463,0.6500224216483541
R_008163,7,3,7,4,0.5714285714285714,0.9556998911125343,0.8699155297736259
R_008164,6,2,6,5,0.8333333333333334,0.45056120886630463,0.6500224216483541
R_008165,5,1,0,5,1.0,-0.0,0.0
R_008166,8,3,6,6,0.75,0.7356219397587946,0.6695919455357792
R_008167,8,1,0,8,1.0,-0.0,0.0
R_008168,5,1,1,5,1.0,-0.0,0.0
R_008169,7,1,2,7,1.0,-0.0,0.0
R_008170,5,1,3,5,1.0,-0.0,0.0
R_008171,5,1,0,5,1.0,-0.0,0.0
R_008172,5,2,5,4,0.8,0.5004024235381879,0.7219280948873623
R_008173,7,1,4,7,1.0,-0.0,0.0
R_008174,5,2,7,4,0.8,0.5004024235381879,0.7219280948873623
R_008175,6,1,2,6,1.0,-0.0,0.0
R_008176,7,1,1,7,1.0,-0.0,0.0
R_008177,6,1,1,6,1.0,-0.0,0.0
R_008178,8,3,6,6,0.75,0.7356219397587946,0.6695919455357792
R_008179,7,4,7,4,0.5714285714285714,1.1537419427010902,0.8322488896002307
R_008180,8,2,5,7,0.875,0.37677016125643675,0.5435644431995964
R_008181,6,4,2,2,0.3333333333333333,1.3296613488547582,0.9591479170272448
R_008182,5,1,2,5,1.0,-0.0,0.0
R_008183,8,1,3,8,1.0,-0.0,0.0
R_008184,6,4,7,3,0.5,1.242453324894,0.8962406251802889
R_008185,7,1,4,7,1.0,-0.0,0.0
R_008186,7,1,0,7,1.0,-0.0,0.0
R_008187,5,2,6,4,0.8,0.5004024235381879,0.7219280948873623
R_008188,5,2,6,4,0.8,0.5004024235381879,0.7219280948873623
R_008189,5,1,0,5,1.0,-0.0,0.0
R_008190,8,1,5,8,1.0,-0.0,0.0
R_008191,8,2,5,7,0.875,0.37677016125643675,0.5435644431995964
R_008192,5,2,6,4,0.8,0.5004024235381879,0.7219280948873623
R_008193,7,2,5,6,0.8571428571428571,0.410116318288409,0.5916727785823274
R_008194,6,1,4,6,1.0,-0.0,0.0
R_008195,5,2,7,3,0.6,0.6730116670092565,0.9709505944546688
R_008196,7,1,1,7,1.0,-0.0,0.0
R_008197,7,3,6,5,0.7142857142857143,0.796311640173813,0.7248340915057598
R_008198,7,2,5,6,0.8571428571428571,0.410116318288409,0.5916727785823274
R_008199,8,1,0,8,1.0,-0.0,0.0
R_008200,8,1,4,8,1.0,-0.0,0.0
R_008201,8,1,4,8,1.0,-0.0,0.0
R_008202,7,3,6,5,0.7142857142857143,0.796311640173813,0.7248340915057598
R_008203,6,3,7,4,0.6666666666666666,0.8675632284814612,0.7896900821428474
R_008204,6,1,0,6,1.0,-0.0,0.0
R_008205,7,1,2,7,1.0,-0.0,0.0
R_008206,8,1,1,8,1.0,-0.0,0.0
R_008207,6,1,4,6,1.0,-0.0,0.0
R_008208,7,1,3,7,1.0,-0.0,0.0
R_008209,7,1,1,7,1.0,-0.0,0.0
R_008210,7,4,7,4,0.5714285714285714,1.1537419427010902,0.8322488896002307
R_008211,6,1,1,6,1.0,-0.0,0.0
R_008212,6,1,2,6,1.0,-0.0,0.0
R_008213,6,2,7,5,0.8333333333333334,0.45056120886630463,0.6500224216483541
R_008214,8,1,3,8,1.0,-0.0,0.0
R_008215,6,4,7,3,0.5,1.242453324894,0.8962406251802889
R_008216,7,1,2,7,1.0,-0.0,0.0
R_008217,7,1,0,7,1.0,-0.0,0.0
R_008218,6,2,5,5,0.8333333333333334,0.45056120886630463,0.6500224216483541
R_008219,7,1,3,7,1.0,-0.0,0.0
R_008220,7,1,3,7,1.0,-0.0,0.0
R_008221,7,2,6,6,0.8571428571428571,0.410116318288409,0.5916727785823274
R_008222,7,2,5,6,0.8571428571428571,0.410116318288409,0.5916727785823274
R_008223,6,1,2,6,1.0,-0.0,0.0
R_008224,8,1,4,8,1.0,-0.0,0.0
R_008225,6,2,6,5,0.8333333333333334,0.45056120886630463,0.6500224216483541
R_008226,6,1,4,6,1.0,-0.0,0.0
R_008227,6,4,2,2,0.3333333333333333,1.3296613488547582,0.9591479170272448
R_008228,6,1,1,6,1.0,-0.0,0.0
R_008229,7,2,6,6,0.8571428571428571,0.410116318288409,0.5916727785823274
R_008230,5,2,7,4,0.8,0.5004024235381879,0.7219280948873623
R_008231,7,1,3,7,1.0,-0.0,0.0
R_008232,5,1,6,5,1.0,-0.0,0.0
R_008233,5,2,6,4,0.8,0.5004024235381879,0.7219280948873623
R_008234,7,1,0,7,1.0,-0.0,0.0
R_008235,6,1,4,6,1.0,-0.0,0.0
R_008236,7,1,3,7,1.0,-0.0,0.0
R_008237,7,2,5,6,0.8571428571428571,0.410116318288409,0.5916727785823274
R_008238,8,1,4,8,1.0,-0.0,0.0
R_008239,5,1,2,5,1.0,-0.0,0.0
R_008240,6,2,6,5,0.8333333333333334,0.45056120886630463,0.6500224216483541
R_008241,7,1,4,7,1.0,-0.0,0.0
R_008242,8,2,5,7,0.875,0.37677016125643675,0.5435644431995964
R_008243,6,2,5,5,0.8333333333333334,0.45056120886630463,0.6500224216483541
R_008244,6,2,6,5,0.8333333333333334,0.45056120886630463,0.6500224216483541
R_008245,8,2,5,7,0.875,0.37677016125643675,0.5435644431995964
R_008246,6,1,4,6,1.0,-0.0,0.0
R_008247,6,2,6,5,0.8333333333333334,0.45056120886630463,0.6500224216483541
R_008248,5,1,3,5,1.0,-0.0,0.0
R_008249,5,1,6,5,1.0,-0.0,0.0
R_008250,6,1,3,6,1.0,-0.0,0.0
R_008251,7,1,4,7,1.0,-0.0,0.0
R_008252,5,1,2,5,1.0,-0.0,0.0
R_008253,8,1,0,8,1.0,-0.0,0.0
R_008254,5,1,0,5,1.0,-0.0,0.0
R_008255,8,1,4,8,1.0,-0.0,0.0
R_008256,5,2,7,4,0.8,0.5004024235381879,0.7219280948873623
R_008257,6,2,5,5,0.8333333333333334,0.45056120886630463,0.6500224216483541
R_008258,8,1,3,8,1.0,-0.0,0.0
R_008259,8,1,1,8,1.0,-0.0,0.0
R_008260,5,1,1,5,1.0,-0.0,0.0
R_008261,5,1,5,5,1.0,-0.0,0.0
R_008262,8,1,1,8,1.0,-0.0,0.0
R_008263,7,1,0,7,1.0,-0.0,0.0
R_008264,5,1,2,5,1.0,-0.0,0.0
R_008265,8,1,4,8,1.0,-0.0,0.0
R_008266,5,1,1,5,1.0,-0.0,0.0
R_008267,5,1,1,5,1.0,-0.0,0.0
R_008268,5,1,0,5,1.0,-0.0,0.0
R_008269,5,3,7,3,0.6,0.9502705392332347,0.8649735207179272
R_008270,6,1,3,6,1.0,-0.0,0.0
R_008271,8,1,1,8,1.0,-0.0,0.0
R_008272,6,1,3,6,1.0,-0.0,0.0
R_008273,8,4,7,5,0.625,1.073542846408523,0.7743974703476992
R_008274,7,1,3,7,1.0,-0.0,0.0
R_008275,8,3,6,6,0.75,0.7356219397587946,0.6695919455357792
R_008276,8,1,0,8,1.0,-0.0,0.0
R_008277,8,2,5,7,0.875,0.37677016125643675,0.5435644431995964
R_008278,8,1,5,8,1.0,-0.0,0.0
R_008279,8,1,0,8,1.0,-0.0,0.0
R_008280,7,1,0,7,1.0,-0.0,0.0
R_008281,6,1,4,6,1.0,-0.0,0.0
R_008282,6,4,2,2,0.3333333333333333,1.3296613488547582,0.9591479170272448
R_008283,5,3,2,2,0.4,1.0549201679861442,0.9602297178607612
R_008284,8,1,0,8,1.0,-0.0,0.0
R_008285,5,1,2,5,1.0,-0.0,0.0
R_008286,5,1,1,5,1.0,-0.0,0.0
R_008287,8,1,1,8,1.0,-0.0,0.0
R_008288,6,1,1,6,1.0,-0.0,0.0
R_008289,8,1,1,8,1.0,-0.0,0.0
R_008290,5,1,2,5,1.0,-0.0,0.0
R_008291,5,1,4,5,1.0,-0.0,0.0
R_008292,5,1,3,5,1.0,-0.0,0.0
R_008293,5,1,6,5,1.0,-0.0,0.0
R_008294,8,2,5,7,0.875,0.37677016125643675,0.5435644431995964
R_008295,7,1,4,7,1.0,-0.0,0.0
R_008296,7,4,7,4,0.5714285714285714,1.1537419427010902,0.8322488896002307
R_008297,5,1,2,5,1.0,-0.0,0.0
R_008298,8,3,6,6,0.75,0.7356219397587946,0.6695919455357792
R_008299,5,1,0,5,1.0,-0.0,0.0
R_008300,8,2,6,7,0.875,0.37677016125643675,0.5435644431995964
R_008301,7,1,1,7,1.0,-0.0,0.0
R_008302,5,2,6,4,0.8,0.5004024235381879,0.7219280948873623
R_008303,6,1,1,6,1.0,-0.0,0.0
R_008304,7,1,1,7,1.0,-0.0,0.0
R_008305,6,1,4,6,1.0,-0.0,0.0
R_008306,7,1,4,7,1.0,-0.0,0.0
R_008307,7,1,3,7,1.0,-0.0,0.0
R_008308,8,4,7,4,0.5,1.2130075659799042,0.875
R_008309,6,1,1,6,1.0,-0.0,0.0
R_008310,7,1,0,7,1.0,-0.0,0.0
R_008311,6,1,4,6,1.0,-0.0,0.0
R_008312,7,1,0,7,1.0,-0.0,0.0
R_008313,7,1,0,7,1.0,-0.0,0.0
R_008314,5,2,5,4,0.8,0.5004024235381879,0.7219280948873623
R_008315,7,1,3,7,1.0,-0.0,0.0
R_008316,8,1,2,8,1.0,-0.0,0.0
R_008317,6,4,7,3,0.5,1.242453324894,0.8962406251802889
R_008318,7,3,7,4,0.5714285714285714,0.9556998911125343,0.8699155297736259
R_008319,7,1,1,7,1.0,-0.0,0.0
R_008320,5,1,5,5,1.0,-0.0,0.0
R_008321,6,1,1,6,1.0,-0.0,0.0
R_008322,8,1,2,8,1.0,-0.0,0.0
R_008323,5,2,7,4,0.8,0.5004024235381879,0.7219280948873623
R_008324,6,1,6,6,1.0,-0.0,0.0
R_008325,7,1,5,7,1.0,-0.0,0.0
R_008326,7,2,5,6,0.8571428571428571,0.410116318288409,0.5916727785823274
R_008327,6,2,5,5,0.8333333333333334,0.45056120886630463,0.6500224216483541
R_008328,5,1,3,5,1.0,-0.0,0.0
R_008329,5,3,7,3,0.6,0.9502705392332347,0.8649735207179272
R_008330,8,3,6,6,0.75,0.7356219397587946,0.6695919455357792
R_008331,5,2,6,4,0.8,0.5004024235381879,0.7219280948873623
R_008332,5,1,1,5,1.0,-0.0,0.0
R_008333,5,1,1,5,1.0,-0.0,0.0
R_008334,8,3,6,6,0.75,0.7356219397587946,0.6695919455357792
R_008335,8,2,5,7,0.875,0.37677016125643675,0.5435644431995964
R_008336,8,1,0,8,1.0,-0.0,0.0
R_008337,6,1,4,6,1.0,-0.0,0.0
R_008338,5,2,5,4,0.8,0.5004024235381879,0.7219280948873623
R_008339,7,1,3,7,1.0,-0.0,0.0
R_008340,6,1,3,6,1.0,-0.0,0.0
R_008341,6,1,2,6,1.0,-0.0,0.0
R_008342,6,1,4,6,1.0,-0.0,0.0
R_008343,5,1,4,5,1.0,-0.0,0.0
R_008344,8,1,3,8,1.0,-0.0,0.0
R_008345,6,1,2,6,1.0,-0.0,0.0
R_008346,7,1,3,7,1.0,-0.0,0.0
R_008347,6,3,6,4,0.6666666666666666,0.8675632284814612,0.7896900821428474
R_008348,7,1,5,7,1.0,-0.0,0.0
R_008349,6,1,3,6,1.0,-0.0,0.0
R_008350,7,2,5,6,0.8571428571428571,0.410116318288409,0.5916727785823274
R_008351,5,1,1,5,1.0,-0.0,0.0
R_008352,7,1,2,7,1.0,-0.0,0.0
R_008353,7,3,7,5,0.7142857142857143,0.796311640173813,0.7248340915057598
R_008354,6,1,6,6,1.0,-0.0,0.0
R_008355,5,1,4,5,1.0,-0.0,0.0
R_008356,6,1,2,6,1.0,-0.0,0.0
R_008357,7,2,6,6,0.8571428571428571,0.410116318288409,0.5916727785823274
R_008358,8,1,4,8,1.0,-0.0,0.0
R_008359,6,2,5,5,0.8333333333333334,0.45056120886630463,0.6500224216483541
R_008360,6,2,5,5,0.8333333333333334,0.45056120886630463,0.6500224216483541
R_008361,5,1,4,5,1.0,-0.0,0.0
R_008362,8,1,0,8,1.0,-0.0,0.0
R_008363,6,1,0,6,1.0,-0.0,0.0
R_008364,6,1,3,6,1.0,-0.0,0.0
R_008365,6,1,3,6,1.0,-0.0,0.0
R_008366,5,1,2,5,1.0,-0.0,0.0
R_008367,7,1,0,7,1.0,-0.0,0.0
R_008368,7,1,0,7,1.0,-0.0,0.0
R_008369,7,4,7,3,0.42857142857142855,1.277034259466139,0.9211854965885543
R_008370,5,3,7,3,0.6,0.9502705392332347,0.8649735207179272
R_008371,5,2,6,4,0.8,0.5004024235381879,0.7219280948873623
R_008372,7,1,0,7,1.0,-0.0,0.0
R_008373,5,1,4,5,1.0,-0.0,0.0
R_008374,8,1,1,8,1.0,-0.0,0.0
R_008375,8,1,1,8,1.0,-0.0,0.0
R_008376,8,1,0,8,1.0,-0.0,0.0
R_008377,6,1,3,6,1.0,-0.0,0.0
R_008378,7,1,0,7,1.0,-0.0,0.0
R_008379,6,1,2,6,1.0,-0.0,0.0
R_008380,6,1,0,6,1.0,-0.0,0.0
R_008381,5,3,7,3,0.6,0.9502705392332347,0.8649735207179272
R_008382,5,1,1,5,1.0,-0.0,0.0
R_008383,5,1,2,5,1.0,-0.0,0.0
R_008384,5,2,7,4,0.8,0.5004024235381879,0.7219280948873623
R_008385,5,1,1,5,1.0,-0.0,0.0
R_008386,5,1,5,5,1.0,-0.0,0.0
R_008387,7,1,0,7,1.0,-0.0,0.0
R_008388,6,1,0,6,1.0,-0.0,0.0
R_008389,8,3,6,6,0.75,0.7356219397587946,0.6695919455357792
R_008390,8,4,7,5,0.625,1.073542846408523,0.7743974703476992
R_008391,6,1,4,6,1.0,-0.0,0.0
R_008392,7,1,4,7,1.0,-0.0,0.0
R_008393,7,1,2,7,1.0,-0.0,0.0
R_008394,8,1,2,8,1.0,-0.0,0.0
R_008395,5,1,0,5,1.0,-0.0,0.0
R_008396,5,3,6,3,0.6,0.9502705392332347,0.8649735207179272
R_008397,7,1,5,7,1.0,-0.0,0.0
R_008398,5,1,3,5,1.0,-0.0,0.0
R_008399,6,2,6,5,0.8333333333333334,0.45056120886630463,0.6500224216483541
R_008400,7,1,1,7,1.0,-0.0,0.0
R_008401,8,2,5,7,0.875,0.37677016125643675,0.5435644431995964
R_008402,6,1,1,6,1.0,-0.0,0.0
R_008403,8,1,4,8,1.0,-0.0,0.0
R_008404,8,1,3,8,1.0,-0.0,0.0
R_008405,8,1,2,8,1.0,-0.0,0.0
R_008406,8,4,7,5,0.625,1.073542846408523,0.7743974703476992
R_008407,6,3,6,4,0.6666666666666666,0.8675632284814612,0.7896900821428474
R_008408,8,4,7,5,0.625,1.073542846408523,0.7743974703476992
R_008409,8,1,1,8,1.0,-0.0,0.0
R_008410,6,3,6,4,0.6666666666666666,0.8675632284814612,0.7896900821428474
R_008411,7,2,6,6,0.8571428571428571,0.410116318288409,0.5916727785823274
R_008412,6,4,2,2,0.3333333333333333,1.3296613488547582,0.9591479170272448
R_008413,6,1,3,6,1.0,-0.0,0.0
R_008414,5,4,7,2,0.4,1.3321790402101223,0.9609640474436812
R_008415,5,1,0,5,1.0,-0.0,0.0
R_008416,6,3,7,4,0.6666666666666666,0.8675632284814612,0.7896900821428474
R_008417,6,3,7,3,0.5,1.0114042647073518,0.920619835714305
R_008418,7,1,3,7,1.0,-0.0,0.0
R_008419,5,1,2,5,1.0,-0.0,0.0
R_008420,6,1,5,6,1.0,-0.0,0.0
R_008421,7,4,7,4,0.5714285714285714,1.1537419427010902,0.8322488896002307
R_008422,5,2,6,4,0.8,0.5004024235381879,0.7219280948873623
R_008423,7,1,5,7,1.0,-0.0,0.0
R_008424,5,2,7,3,0.6,0.6730116670092565,0.9709505944546688
R_008425,7,1,1,7,1.0,-0.0,0.0
R_008426,6,1,3,6,1.0,-0.0,0.0
R_008427,8,1,4,8,1.0,-0.0,0.0
R_008428,8,1,4,8,1.0,-0.0,0.0
R_008429,5,1,4,5,1.0,-0.0,0.0
R_008430,6,3,7,4,0.6666666666666666,0.8675632284814612,0.7896900821428474
R_008431,6,1,3,6,1.0,-0.0,0.0
R_008432,6,1,3,6,1.0,-0.0,0.0
R_008433,5,2,6,4,0.8,0.5004024235381879,0.7219280948873623
R_008434,6,2,5,5,0.8333333333333334,0.45056120886630463,0.6500224216483541
R_008435,7,1,0,7,1.0,-0.0,0.0
R_008436,5,1,3,5,1.0,-0.0,0.0
R_008437,5,1,4,5,1.0,-0.0,0.0
R_008438,5,1,1,5,1.0,-0.0,0.0
R_008439,8,1,0,8,1.0,-0.0,0.0
R_008440,7,2,6,6,0.8571428571428571,0.410116318288409,0.5916727785823274
R_008441,7,1,0,7,1.0,-0.0,0.0
R_008442,8,3,7,5,0.625,0.9002560512685369,0.8194483718728035
R_008443,7,2,5,6,0.8571428571428571,0.410116318288409,0.5916727785823274
R_008444,8,1,3,8,1.0,-0.0,0.0
R_008445,6,3,7,4,0.6666666666666666,0.8675632284814612,0.7896900821428474
R_008446,7,1,5,7,1.0,-0.0,0.0
R_008447,5,1,0,5,1.0,-0.0,0.0
R_008448,5,1,3,5,1.0,-0.0,0.0
R_008449,8,2,6,7,0.875,0.37677016125643675,0.5435644431995964
R_008450,5,1,4,5,1.0,-0.0,0.0
R_008451,5,1,4,5,1.0,-0.0,0.0
R_008452,7,1,6,7,1.0,-0.0,0.0
R_008453,6,2,5,5,0.8333333333333334,0.45056120886630463,0.6500224216483541
R_008454,6,1,0,6,1.0,-0.0,0.0
R_008455,7,1,1,7,1.0,-0.0,0.0
R_008456,6,1,1,6,1.0,-0.0,0.0
R_008457,5,1,3,5,1.0,-0.0,0.0
R_008458,6,1,1,6,1.0,-0.0,0.0
R_008459,7,3,7,5,0.7142857142857143,0.796311640173813,0.7248340915057598
R_008460,7,1,4,7,1.0,-0.0,0.0
R_008461,8,3,6,6,0.75,0.7356219397587946,0.6695919455357792
R_008462,6,2,5,5,0.8333333333333334,0.45056120886630463,0.6500224216483541
R_008463,7,1,2,7,1.0,-0.0,0.0
R_008464,5,1,6,5,1.0,-0.0,0.0
R_008465,6,2,6,5,0.8333333333333334,0.45056120886630463,0.6500224216483541
R_008466,8,1,3,8,1.0,-0.0,0.0
R_008467,7,2,5,6,0.8571428571428571,0.410116318288409,0.5916727785823274
R_008468,5,1,3,5,1.0,-0.0,0.0
R_008469,5,2,5,4,0.8,0.5004024235381879,0.7219280948873623
R_008470,8,2,5,7,0.875,0.37677016125643675,0.5435644431995964
R_008471,8,1,1,8,1.0,-0.0,0.0
R_008472,5,2,5,4,0.8,0.5004024235381879,0.7219280948873623
R_008473,5,1,0,5,1.0,-0.0,0.0
R_008474,5,3,7,3,0.6,0.9502705392332347,0.8649735207179272
R_008475,8,1,2,8,1.0,-0.0,0.0
R_008476,8,1,4,8,1.0,-0.0,0.0
R_008477,6,1,0,6,1.0,-0.0,0.0
R_008478,8,3,6,6,0.75,0.7356219397587946,0.6695919455357792
R_008479,7,1,3,7,1.0,-0.0,0.0
R_008480,8,1,2,8,1.0,-0.0,0.0
R_008481,5,1,5,5,1.0,-0.0,0.0
R_008482,6,1,1,6,1.0,-0.0,0.0
R_008483,8,1,0,8,1.0,-0.0,0.0
R_008484,8,1,4,8,1.0,-0.0,0.0
R_008485,6,3,7,4,0.6666666666666666,0.8675632284814612,0.7896900821428474
R_008486,5,1,4,5,1.0,-0.0,0.0
R_008487,8,1,3,8,1.0,-0.0,0.0
R_008488,5,1,1,5,1.0,-0.0,0.0
R_008489,5,2,5,4,0.8,0.5004024235381879,0.7219280948873623
R_008490,8,1,1,8,1.0,-0.0,0.0
R_008491,7,1,1,7,1.0,-0.0,0.0
R_008492,5,1,1,5,1.0,-0.0,0.0
R_008493,7,1,4,7,1.0,-0.0,0.0
R_008494,5,1,4,5,1.0,-0.0,0.0
R_008495,7,4,7,3,0.42857142857142855,1.277034259466139,0.9211854965885543
R_008496,8,1,3,8,1.0,-0.0,0.0
R_008497,6,1,1,6,1.0,-0.0,0.0
R_008498,8,1,4,8,1.0,-0.0,0.0
R_008499,8,2,5,7,0.875,0.37677016125643675,0.5435644431995964
R_008500,7,1,2,7,1.0,-0.0,0.0
R_008501,5,3,6,3,0.6,0.9502705392332347,0.8649735207179272
R_008502,5,2,5,4,0.8,0.5004024235381879,0.7219280948873623
R_008503,7,4,7,3,0.42857142857142855,1.277034259466139,0.9211854965885543
R_008504,5,2,5,4,0.8,0.5004024235381879,0.7219280948873623
R_008505,7,1,3,7,1.0,-0.0,0.0
R_008506,7,1,5,7,1.0,-0.0,0.0
R_008507,8,2,6,7,0.875,0.37677016125643675,0.5435644431995964
R_008508,6,1,3,6,1.0,-0.0,0.0
R_008509,7,1,4,7,1.0,-0.0,0.0
R_008510,5,3,7,3,0.6,0.9502705392332347,0.8649735207179272
R_008511,7,1,3,7,1.0,-0.0,0.0
R_008512,6,3,7,4,0.6666666666666666,0.8675632284814612,0.7896900821428474
R_008513,5,1,2,5,1.0,-0.0,0.0
R_008514,7,1,0,7,1.0,-0.0,0.0
R_008515,7,3,7,5,0.7142857142857143,0.796311640173813,0.7248340915057598
R_008516,7,1,3,7,1.0,-0.0,0.0
R_008517,6,2,6,5,0.8333333333333334,0.45056120886630463,0.6500224216483541
R_008518,5,1,1,5,1.0,-0.0,0.0
R_008519,8,1,4,8,1.0,-0.0,0.0
R_008520,5,1,5,5,1.0,-0.0,0.0
R_008521,5,1,3,5,1.0,-0.0,0.0
R_008522,5,1,4,5,1.0,-0.0,0.0
R_008523,7,1,2,7,1.0,-0.0,0.0
R_008524,8,1,0,8,1.0,-0.0,0.0
R_008525,7,1,1,7,1.0,-0.0,0.0
R_008526,8,3,6,6,0.75,0.7356219397587946,0.6695919455357792
R_008527,5,1,6,5,1.0,-0.0,0.0
R_008528,6,1,4,6,1.0,-0.0,0.0
R_008529,5,2,7,4,0.8,0.5004024235381879,0.7219280948873623
R_008530,7,1,3,7,1.0,-0.0,0.0
R_008531,5,3,6,3,0.6,0.9502705392332347,0.8649735207179272
R_008532,7,2,6,6,0.8571428571428571,0.410116318288409,0.5916727785823274
R_008533,6,2,5,5,0.8333333333333334,0.45056120886630463,0.6500224216483541
R_008534,7,2,6,6,0.8571428571428571,0.410116318288409,0.5916727785823274
R_008535,5,2,5,4,0.8,0.5004024235381879,0.7219280948873623
R_008536,8,4,7,5,0.625,1.073542846408523,0.7743974703476992
R_008537,6,2,5,5,0.8333333333333334,0.45056120886630463,0.6500224216483541
R_008538,7,2,5,6,0.8571428571428571,0.410116318288409,0.5916727785823274
R_008539,6,1,1,6,1.0,-0.0,0.0
R_008540,5,1,2,5,1.0,-0.0,0.0
R_008541,6,1,0,6,1.0,-0.0,0.0
R_008542,6,1,0,6,1.0,-0.0,0.0
R_008543,8,1,0,8,1.0,-0.0,0.0
R_008544,6,1,4,6,1.0,-0.0,0.0
R_008545,7,1,4,7,1.0,-0.0,0.0
R_008546,8,1,3,8,1.0,-0.0,0.0
R_008547,8,1,4,8,1.0,-0.0,0.0
R_008548,5,1,4,5,1.0,-0.0,0.0
R_008549,6,1,2,6,1.0,-0.0,0.0
R_008550,8,3,6,6,0.75,0.7356219397587946,0.6695919455357792
R_008551,7,3,7,5,0.7142857142857143,0.796311640173813,0.7248340915057598
R_008552,7,1,4,7,1.0,-0.0,0.0
R_008553,5,1,4,5,1.0,-0.0,0.0
R_008554,5,1,4,5,1.0,-0.0,0.0
R_008555,5,1,0,5,1.0,-0.0,0.0
R_008556,5,1,2,5,1.0,-0.0,0.0
R_008557,6,1,0,6,1.0,-0.0,0.0
R_008558,5,2,5,4,0.8,0.5004024235381879,0.7219280948873623
R_008559,8,3,6,6,0.75,0.7356219397587946,0.6695919455357792
R_008560,8,1,4,8,1.0,-0.0,0.0
R_008561,7,2,5,6,0.8571428571428571,0.410116318288409,0.5916727785823274
R_008562,7,1,2,7,1.0,-0.0,0.0
R_008563,8,3,6,6,0.75,0.7356219397587946,0.6695919455357792
R_008564,8,1,5,8,1.0,-0.0,0.0
R_008565,7,4,7,4,0.5714285714285714,1.1537419427010902,0.8322488896002307
R_008566,8,2,6,7,0.875,0.37677016125643675,0.5435644431995964
R_008567,8,1,5,8,1.0,-0.0,0.0
R_008568,8,3,6,6,0.75,0.7356219397587946,0.6695919455357792
R_008569,5,1,0,5,1.0,-0.0,0.0
R_008570,7,1,3,7,1.0,-0.0,0.0
R_008571,8,1,4,8,1.0,-0.0,0.0
R_008572,8,3,7,5,0.625,0.9002560512685369,0.8194483718728035
R_008573,6,1,5,6,1.0,-0.0,0.0
R_008574,8,1,5,8,1.0,-0.0,0.0
R_008575,5,1,1,5,1.0,-0.0,0.0
R_008576,8,1,4,8,1.0,-0.0,0.0
R_008577,5,1,2,5,1.0,-0.0,0.0
R_008578,6,1,7,6,1.0,-0.0,0.0
R_008579,8,1,0,8,1.0,-0.0,0.0
R_008580,5,2,5,4,0.8,0.5004024235381879,0.7219280948873623
R_008581,7,2,6,6,0.8571428571428571,0.410116318288409,0.5916727785823274
R_008582,5,3,2,2,0.4,1.0549201679861442,0.9602297178607612
R_008583,5,1,4,5,1.0,-0.0,0.0
R_008584,7,2,5,6,0.8571428571428571,0.410116318288409,0.5916727785823274
R_008585,8,4,7,5,0.625,1.073542846408523,0.7743974703476992
R_008586,8,3,6,6,0.75,0.7356219397587946,0.6695919455357792
R_008587,8,1,4,8,1.0,-0.0,0.0
R_008588,8,3,6,6,0.75,0.7356219397587946,0.6695919455357792
R_008589,7,3,7,5,0.7142857142857143,0.796311640173813,0.7248340915057598
R_008590,8,3,6,6,0.75,0.7356219397587946,0.6695919455357792
R_008591,8,3,7,5,0.625,0.9002560512685369,0.8194483718728035
R_008592,6,2,5,5,0.8333333333333334,0.45056120886630463,0.6500224216483541
R_008593,8,2,5,7,0.875,0.37677016125643675,0.5435644431995964
R_008594,8,1,4,8,1.0,-0.0,0.0
R_008595,8,1,5,8,1.0,-0.0,0.0
R_008596,5,1,0,5,1.0,-0.0,0.0
R_008597,6,1,2,6,1.0,-0.0,0.0
R_008598,6,1,4,6,1.0,-0.0,0.0
R_008599,6,3,6,4,0.6666666666666666,0.8675632284814612,0.7896900821428474
R_008600,7,1,3,7,1.0,-0.0,0.0
R_008601,6,1,0,6,1.0,-0.0,0.0
R_008602,6,3,7,4,0.6666666666666666,0.8675632284814612,0.7896900821428474
R_008603,6,1,0,6,1.0,-0.0,0.0
R_008604,7,1,2,7,1.0,-0.0,0.0
R_008605,6,1,1,6,1.0,-0.0,0.0
R_008606,7,2,6,6,0.8571428571428571,0.410116318288409,0.5916727785823274
R_008607,7,1,0,7,1.0,-0.0,0.0
R_008608,5,3,7,3,0.6,0.9502705392332347,0.8649735207179272
R_008609,5,1,0,5,1.0,-0.0,0.0
R_008610,6,1,4,6,1.0,-0.0,0.0
R_008611,8,2,5,7,0.875,0.37677016125643675,0.5435644431995964
R_008612,6,1,5,6,1.0,-0.0,0.0
R_008613,8,4,7,4,0.5,1.2130075659799042,0.875
R_008614,6,1,4,6,1.0,-0.0,0.0
R_008615,7,1,3,7,1.0,-0.0,0.0
R_008616,6,1,0,6,1.0,-0.0,0.0
R_008617,8,3,6,6,0.75,0.7356219397587946,0.6695919455357792
R_008618,8,3,7,5,0.625,0.9002560512685369,0.8194483718728035
R_008619,8,1,2,8,1.0,-0.0,0.0
R_008620,7,1,3,7,1.0,-0.0,0.0
R_008621,7,1,3,7,1.0,-0.0,0.0
R_008622,5,1,1,5,1.0,-0.0,0.0
R_008623,7,3,7,4,0.5714285714285714,0.9556998911125343,0.8699155297736259
R_008624,8,4,7,4,0.5,1.2130075659799042,0.875
R_008625,5,2,7,4,0.8,0.5004024235381879,0.7219280948873623
R_008626,8,1,1,8,1.0,-0.0,0.0
R_008627,6,3,6,4,0.6666666666666666,0.8675632284814612,0.7896900821428474
R_008628,8,1,4,8,1.0,-0.0,0.0
R_008629,7,1,4,7,1.0,-0.0,0.0
R_008630,6,1,0,6,1.0,-0.0,0.0
R_008631,8,1,5,8,1.0,-0.0,0.0
R_008632,6,1,0,6,1.0,-0.0,0.0
R_008633,8,1,0,8,1.0,-0.0,0.0
R_008634,5,3,7,3,0.6,0.9502705392332347,0.8649735207179272
R_008635,8,2,6,7,0.875,0.37677016125643675,0.5435644431995964
R_008636,6,2,6,5,0.8333333333333334,0.45056120886630463,0.6500224216483541
R_008637,5,1,2,5,1.0,-0.0,0.0
R_008638,7,1,1,7,1.0,-0.0,0.0
R_008639,6,2,5,5,0.8333333333333334,0.45056120886630463,0.6500224216483541
R_008640,8,2,6,7,0.875,0.37677016125643675,0.5435644431995964
R_008641,6,1,5,6,1.0,-0.0,0.0
R_008642,8,4,7,5,0.625,1.073542846408523,0.7743974703476992
R_008643,7,3,7,4,0.5714285714285714,0.9556998911125343,0.8699155297736259
R_008644,5,3,7,3,0.6,0.9502705392332347,0.8649735207179272
R_008645,6,1,1,6,1.0,-0.0,0.0
R_008646,5,2,5,4,0.8,0.5004024235381879,0.7219280948873623
R_008647,7,1,4,7,1.0,-0.0,0.0
R_008648,5,1,5,5,1.0,-0.0,0.0
R_008649,5,1,5,5,1.0,-0.0,0.0
R_008650,7,1,1,7,1.0,-0.0,0.0
R_008651,5,1,2,5,1.0,-0.0,0.0
R_008652,5,1,2,5,1.0,-0.0,0.0
R_008653,7,3,6,5,0.7142857142857143,0.796311640173813,0.7248340915057598
R_008654,8,1,1,8,1.0,-0.0,0.0
R_008655,8,1,4,8,1.0,-0.0,0.0
R_008656,6,2,6,5,0.8333333333333334,0.45056120886630463,0.6500224216483541
R_008657,5,1,3,5,1.0,-0.0,0.0
R_008658,6,2,7,4,0.6666666666666666,0.6365141682948128,0.9182958340544894
R_008659,6,2,5,5,0.8333333333333334,0.45056120886630463,0.6500224216483541
R_008660,8,4,7,5,0.625,1.073542846408523,0.7743974703476992
R_008661,5,1,2,5,1.0,-0.0,0.0
R_008662,8,1,5,8,1.0,-0.0,0.0
R_008663,6,1,3,6,1.0,-0.0,0.0
R_008664,7,1,1,7,1.0,-0.0,0.0
R_008665,8,2,6,7,0.875,0.37677016125643675,0.5435644431995964
R_008666,5,1,3,5,1.0,-0.0,0.0
R_008667,6,1,3,6,1.0,-0.0,0.0
R_008668,5,2,7,4,0.8,0.5004024235381879,0.7219280948873623
R_008669,8,2,7,6,0.75,0.5623351446188083,0.8112781244591328
R_008670,8,1,4,8,1.0,-0.0,0.0
R_008671,5,1,0,5,1.0,-0.0,0.0
R_008672,7,2,5,6,0.8571428571428571,0.410116318288409,0.5916727785823274
R_008673,7,3,7,4,0.5714285714285714,0.9556998911125343,0.8699155297736259
R_008674,6,4,7,3,0.5,1.242453324894,0.8962406251802889
R_008675,6,1,2,6,1.0,-0.0,0.0
R_008676,5,1,0,5,1.0,-0.0,0.0
R_008677,8,3,6,6,0.75,0.7356219397587946,0.6695919455357792
R_008678,6,2,5,5,0.8333333333333334,0.45056120886630463,0.6500224216483541
R_008679,5,1,1,5,1.0,-0.0,0.0
R_008680,7,4,7,3,0.42857142857142855,1.277034259466139,0.9211854965885543
R_008681,6,1,3,6,1.0,-0.0,0.0
R_008682,5,2,7,3,0.6,0.6730116670092565,0.9709505944546688
R_008683,5,2,7,4,0.8,0.5004024235381879,0.7219280948873623
R_008684,5,2,6,4,0.8,0.5004024235381879,0.7219280948873623
R_008685,6,1,3,6,1.0,-0.0,0.0
R_008686,6,2,7,5,0.8333333333333334,0.45056120886630463,0.6500224216483541
R_008687,8,1,5,8,1.0,-0.0,0.0
R_008688,5,1,1,5,1.0,-0.0,0.0
R_008689,8,4,7,5,0.625,1.073542846408523,0.7743974703476992
R_008690,5,3,2,2,0.4,1.0549201679861442,0.9602297178607612
R_008691,5,1,1,5,1.0,-0.0,0.0
R_008692,8,1,3,8,1.0,-0.0,0.0
R_008693,5,2,5,4,0.8,0.5004024235381879,0.7219280948873623
R_008694,8,1,2,8,1.0,-0.0,0.0
R_008695,8,2,6,7,0.875,0.37677016125643675,0.5435644431995964
R_008696,6,2,5,5,0.8333333333333334,0.45056120886630463,0.6500224216483541
R_008697,6,1,3,6,1.0,-0.0,0.0
R_008698,6,2,6,5,0.8333333333333334,0.45056120886630463,0.6500224216483541
R_008699,6,1,1,6,1.0,-0.0,0.0
R_008700,5,1,4,5,1.0,-0.0,0.0
R_008701,8,1,1,8,1.0,-0.0,0.0
R_008702,7,1,3,7,1.0,-0.0,0.0
R_008703,8,1,1,8,1.0,-0.0,0.0
R_008704,7,3,7,5,0.7142857142857143,0.796311640173813,0.7248340915057598
R_008705,6,1,1,6,1.0,-0.0,0.0
R_008706,8,1,0,8,1.0,-0.0,0.0
R_008707,5,1,1,5,1.0,-0.0,0.0
R_008708,8,2,5,7,0.875,0.37677016125643675,0.5435644431995964
R_008709,5,1,0,5,1.0,-0.0,0.0
R_008710,8,2,5,7,0.875,0.37677016125643675,0.5435644431995964
R_008711,7,1,4,7,1.0,-0.0,0.0
R_008712,6,2,5,5,0.8333333333333334,0.45056120886630463,0.6500224216483541
R_008713,8,4,7,4,0.5,1.2130075659799042,0.875
R_008714,6,2,5,5,0.8333333333333334,0.45056120886630463,0.6500224216483541
R_008715,5,1,4,5,1.0,-0.0,0.0
R_008716,6,1,3,6,1.0,-0.0,0.0
R_008717,6,1,4,6,1.0,-0.0,0.0
R_008718,6,1,2,6,1.0,-0.0,0.0
R_008719,6,1,4,6,1.0,-0.0,0.0
R_008720,8,1,0,8,1.0,-0.0,0.0
R_008721,8,3,6,6,0.75,0.7356219397587946,0.6695919455357792
R_008722,5,1,6,5,1.0,-0.0,0.0
R_008723,6,1,0,6,1.0,-0.0,0.0
R_008724,7,2,6,6,0.8571428571428571,0.410116318288409,0.5916727785823274
R_008725,6,1,4,6,1.0,-0.0,0.0
R_008726,8,1,4,8,1.0,-0.0,0.0
R_008727,6,1,3,6,1.0,-0.0,0.0
R_008728,5,1,0,5,1.0,-0.0,0.0
R_008729,6,1,0,6,1.0,-0.0,0.0
R_008730,5,1,1,5,1.0,-0.0,0.0
R_008731,7,3,6,5,0.7142857142857143,0.796311640173813,0.7248340915057598
R_008732,6,1,3,6,1.0,-0.0,0.0
R_008733,8,3,6,6,0.75,0.7356219397587946,0.6695919455357792
R_008734,7,3,6,5,0.7142857142857143,0.796311640173813,0.7248340915057598
R_008735,7,1,2,7,1.0,-0.0,0.0
R_008736,5,1,4,5,1.0,-0.0,0.0
R_008737,6,1,1,6,1.0,-0.0,0.0
R_008738,5,1,1,5,1.0,-0.0,0.0
R_008739,7,1,2,7,1.0,-0.0,0.0
R_008740,6,1,0,6,1.0,-0.0,0.0
R_008741,6,1,3,6,1.0,-0.0,0.0
R_008742,6,1,3,6,1.0,-0.0,0.0
R_008743,5,1,1,5,1.0,-0.0,0.0
R_008744,6,1,4,6,1.0,-0.0,0.0
R_008745,6,1,4,6,1.0,-0.0,0.0
R_008746,7,1,3,7,1.0,-0.0,0.0
R_008747,8,1,4,8,1.0,-0.0,0.0
R_008748,6,2,5,5,0.8333333333333334,0.45056120886630463,0.6500224216483541
R_008749,6,1,0,6,1.0,-0.0,0.0
R_008750,8,1,0,8,1.0,-0.0,0.0
R_008751,5,1,4,5,1.0,-0.0,0.0
R_008752,5,1,0,5,1.0,-0.0,0.0
R_008753,6,1,3,6,1.0,-0.0,0.0
R_008754,7,1,1,7,1.0,-0.0,0.0
R_008755,7,2,5,6,0.8571428571428571,0.410116318288409,0.5916727785823274
R_008756,7,1,2,7,1.0,-0.0,0.0
R_008757,6,1,2,6,1.0,-0.0,0.0
R_008758,8,4,7,4,0.5,1.2130075659799042,0.875
R_008759,7,1,2,7,1.0,-0.0,0.0
R_008760,6,1,3,6,1.0,-0.0,0.0
R_008761,5,3,2,2,0.4,1.0549201679861442,0.9602297178607612
R_008762,5,1,3,5,1.0,-0.0,0.0
R_008763,7,1,0,7,1.0,-0.0,0.0
R_008764,5,2,6,4,0.8,0.5004024235381879,0.7219280948873623
R_008765,8,4,7,5,0.625,1.073542846408523,0.7743974703476992
R_008766,7,1,4,7,1.0,-0.0,0.0
R_008767,5,1,6,5,1.0,-0.0,0.0
R_008768,7,2,6,6,0.8571428571428571,0.410116318288409,0.5916727785823274
R_008769,5,1,3,5,1.0,-0.0,0.0
R_008770,5,1,0,5,1.0,-0.0,0.0
R_008771,8,3,6,6,0.75,0.7356219397587946,0.6695919455357792
R_008772,6,1,4,6,1.0,-0.0,0.0
R_008773,8,1,3,8,1.0,-0.0,0.0
R_008774,7,1,0,7,1.0,-0.0,0.0
R_008775,7,1,5,7,1.0,-0.0,0.0
R_008776,6,1,2,6,1.0,-0.0,0.0
R_008777,5,1,1,5,1.0,-0.0,0.0
R_008778,6,1,4,6,1.0,-0.0,0.0
R_008779,8,1,0,8,1.0,-0.0,0.0
R_008780,6,4,2,2,0.3333333333333333,1.3296613488547582,0.9591479170272448
R_008781,5,1,1,5,1.0,-0.0,0.0
R_008782,5,2,7,3,0.6,0.6730116670092565,0.9709505944546688
R_008783,8,1,2,8,1.0,-0.0,0.0
R_008784,8,1,4,8,1.0,-0.0,0.0
R_008785,6,1,3,6,1.0,-0.0,0.0
R_008786,8,3,7,6,0.75,0.7356219397587946,0.6695919455357792
R_008787,7,1,3,7,1.0,-0.0,0.0
R_008788,6,1,4,6,1.0,-0.0,0.0
R_008789,7,1,4,7,1.0,-0.0,0.0
R_008790,6,3,6,4,0.6666666666666666,0.8675632284814612,0.7896900821428474
R_008791,6,1,2,6,1.0,-0.0,0.0
R_008792,5,1,0,5,1.0,-0.0,0.0
R_008793,5,2,5,4,0.8,0.5004024235381879,0.7219280948873623
R_008794,5,1,5,5,1.0,-0.0,0.0
R_008795,6,1,1,6,1.0,-0.0,0.0
R_008796,5,1,4,5,1.0,-0.0,0.0
R_008797,7,3,6,5,0.7142857142857143,0.796311640173813,0.7248340915057598
R_008798,8,1,0,8,1.0,-0.0,0.0
R_008799,5,1,1,5,1.0,-0.0,0.0
R_008800,7,1,1,7,1.0,-0.0,0.0
R_008801,6,1,1,6,1.0,-0.0,0.0
R_008802,6,1,1,6,1.0,-0.0,0.0
R_008803,7,1,2,7,1.0,-0.0,0.0
R_008804,6,1,1,6,1.0,-0.0,0.0
R_008805,8,1,1,8,1.0,-0.0,0.0
R_008806,7,1,2,7,1.0,-0.0,0.0
R_008807,8,1,4,8,1.0,-0.0,0.0
R_008808,5,2,5,4,0.8,0.5004024235381879,0.7219280948873623
R_008809,8,1,1,8,1.0,-0.0,0.0
R_008810,6,1,4,6,1.0,-0.0,0.0
R_008811,5,1,7,5,1.0,-0.0,0.0
R_008812,5,1,3,5,1.0,-0.0,0.0
R_008813,7,3,6,5,0.7142857142857143,0.796311640173813,0.7248340915057598
R_008814,5,1,0,5,1.0,-0.0,0.0
R_008815,5,1,3,5,1.0,-0.0,0.0
R_008816,5,1,5,5,1.0,-0.0,0.0
R_008817,6,1,2,6,1.0,-0.0,0.0
R_008818,6,1,3,6,1.0,-0.0,0.0
R_008819,6,1,3,6,1.0,-0.0,0.0
R_008820,5,2,6,4,0.8,0.5004024235381879,0.7219280948873623
R_008821,8,1,0,8,1.0,-0.0,0.0
R_008822,6,1,4,6,1.0,-0.0,0.0
R_008823,5,3,6,3,0.6,0.9502705392332347,0.8649735207179272
R_008824,5,1,0,5,1.0,-0.0,0.0
R_008825,8,2,5,7,0.875,0.37677016125643675,0.5435644431995964
R_008826,8,2,5,7,0.875,0.37677016125643675,0.5435644431995964
R_008827,8,1,4,8,1.0,-0.0,0.0
R_008828,7,2,5,6,0.8571428571428571,0.410116318288409,0.5916727785823274
R_008829,6,3,7,4,0.6666666666666666,0.8675632284814612,0.7896900821428474
R_008830,8,1,2,8,1.0,-0.0,0.0
R_008831,7,1,4,7,1.0,-0.0,0.0
R_008832,5,1,4,5,1.0,-0.0,0.0
R_008833,8,1,4,8,1.0,-0.0,0.0
R_008834,7,3,7,4,0.5714285714285714,0.9556998911125343,0.8699155297736259
R_008835,7,1,2,7,1.0,-0.0,0.0
R_008836,6,1,3,6,1.0,-0.0,0.0
R_008837,7,1,4,7,1.0,-0.0,0.0
R_008838,8,1,2,8,1.0,-0.0,0.0
R_008839,8,1,3,8,1.0,-0.0,0.0
R_008840,5,1,5,5,1.0,-0.0,0.0
R_008841,8,3,6,6,0.75,0.7356219397587946,0.6695919455357792
R_008842,8,1,4,8,1.0,-0.0,0.0
R_008843,7,1,2,7,1.0,-0.0,0.0
R_008844,8,3,7,5,0.625,0.9002560512685369,0.8194483718728035
R_008845,5,1,1,5,1.0,-0.0,0.0
R_008846,7,1,5,7,1.0,-0.0,0.0
R_008847,8,1,3,8,1.0,-0.0,0.0
R_008848,7,1,4,7,1.0,-0.0,0.0
R_008849,7,1,0,7,1.0,-0.0,0.0
R_008850,8,1,2,8,1.0,-0.0,0.0
R_008851,7,1,3,7,1.0,-0.0,0.0
R_008852,8,1,3,8,1.0,-0.0,0.0
R_008853,8,2,5,7,0.875,0.37677016125643675,0.5435644431995964
R_008854,6,1,1,6,1.0,-0.0,0.0
R_008855,6,2,5,5,0.8333333333333334,0.45056120886630463,0.6500224216483541
R_008856,8,1,2,8,1.0,-0.0,0.0
R_008857,6,1,0,6,1.0,-0.0,0.0
R_008858,5,3,7,3,0.6,0.9502705392332347,0.8649735207179272
R_008859,7,1,3,7,1.0,-0.0,0.0
R_008860,5,1,4,5,1.0,-0.0,0.0
R_008861,5,1,4,5,1.0,-0.0,0.0
R_008862,8,1,0,8,1.0,-0.0,0.0
R_008863,8,1,2,8,1.0,-0.0,0.0
R_008864,8,1,1,8,1.0,-0.0,0.0
R_008865,5,1,2,5,1.0,-0.0,0.0
R_008866,6,1,5,6,1.0,-0.0,0.0
R_008867,7,1,1,7,1.0,-0.0,0.0
R_008868,8,1,2,8,1.0,-0.0,0.0
R_008869,5,1,2,5,1.0,-0.0,0.0
R_008870,5,1,3,5,1.0,-0.0,0.0
R_008871,5,1,2,5,1.0,-0.0,0.0
R_008872,8,1,4,8,1.0,-0.0,0.0
R_008873,5,1,2,5,1.0,-0.0,0.0
R_008874,5,1,2,5,1.0,-0.0,0.0
R_008875,8,1,5,8,1.0,-0.0,0.0
R_008876,6,1,2,6,1.0,-0.0,0.0
R_008877,6,1,0,6,1.0,-0.0,0.0
R_008878,8,1,1,8,1.0,-0.0,0.0
R_008879,6,2,5,5,0.8333333333333334,0.45056120886630463,0.6500224216483541
R_008880,8,1,0,8,1.0,-0.0,0.0
R_008881,6,1,2,6,1.0,-0.0,0.0
R_008882,5,3,7,3,0.6,0.9502705392332347,0.8649735207179272
R_008883,6,1,0,6,1.0,-0.0,0.0
R_008884,5,1,0,5,1.0,-0.0,0.0
R_008885,6,2,5,5,0.8333333333333334,0.45056120886630463,0.6500224216483541
R_008886,6,2,6,5,0.8333333333333334,0.45056120886630463,0.6500224216483541
R_008887,5,1,1,5,1.0,-0.0,0.0
R_008888,6,1,5,6,1.0,-0.0,0.0
R_008889,5,1,7,5,1.0,-0.0,0.0
R_008890,5,1,0,5,1.0,-0.0,0.0
R_008891,5,1,6,5,1.0,-0.0,0.0
R_008892,7,1,0,7,1.0,-0.0,0.0
R_008893,8,1,0,8,1.0,-0.0,0.0
R_008894,7,1,1,7,1.0,-0.0,0.0
R_008895,6,1,0,6,1.0,-0.0,0.0
R_008896,8,1,3,8,1.0,-0.0,0.0
R_008897,8,1,1,8,1.0,-0.0,0.0
R_008898,5,1,0,5,1.0,-0.0,0.0
R_008899,8,2,5,7,0.875,0.37677016125643675,0.5435644431995964
R_008900,8,1,3,8,1.0,-0.0,0.0
R_008901,7,1,0,7,1.0,-0.0,0.0
R_008902,7,1,4,7,1.0,-0.0,0.0
R_008903,6,1,5,6,1.0,-0.0,0.0
R_008904,8,3,6,6,0.75,0.7356219397587946,0.6695919455357792
R_008905,8,3,7,6,0.75,0.7356219397587946,0.6695919455357792
R_008906,7,1,5,7,1.0,-0.0,0.0
R_008907,8,2,6,7,0.875,0.37677016125643675,0.5435644431995964
R_008908,7,1,3,7,1.0,-0.0,0.0
R_008909,7,1,3,7,1.0,-0.0,0.0
R_008910,6,1,3,6,1.0,-0.0,0.0
R_008911,5,2,6,4,0.8,0.5004024235381879,0.7219280948873623
R_008912,5,2,5,4,0.8,0.5004024235381879,0.7219280948873623
R_008913,8,1,1,8,1.0,-0.0,0.0
R_008914,8,3,6,6,0.75,0.7356219397587946,0.6695919455357792
R_008915,7,1,4,7,1.0,-0.0,0.0
R_008916,6,1,0,6,1.0,-0.0,0.0
R_008917,5,1,3,5,1.0,-0.0,0.0
R_008918,6,1,3,6,1.0,-0.0,0.0
R_008919,5,1,0,5,1.0,-0.0,0.0
R_008920,5,1,2,5,1.0,-0.0,0.0
R_008921,7,1,5,7,1.0,-0.0,0.0
R_008922,8,3,6,6,0.75,0.7356219397587946,0.6695919455357792
R_008923,7,1,4,7,1.0,-0.0,0.0
R_008924,8,1,4,8,1.0,-0.0,0.0
R_008925,7,1,3,7,1.0,-0.0,0.0
R_008926,8,1,4,8,1.0,-0.0,0.0
R_008927,5,1,2,5,1.0,-0.0,0.0
R_008928,5,1,3,5,1.0,-0.0,0.0
R_008929,7,1,2,7,1.0,-0.0,0.0
R_008930,6,1,0,6,1.0,-0.0,0.0
R_008931,8,1,4,8,1.0,-0.0,0.0
R_008932,6,1,3,6,1.0,-0.0,0.0
R_008933,8,4,7,4,0.5,1.2130075659799042,0.875
R_008934,6,1,0,6,1.0,-0.0,0.0
R_008935,5,2,5,4,0.8,0.5004024235381879,0.7219280948873623
R_008936,8,2,5,7,0.875,0.37677016125643675,0.5435644431995964
R_008937,7,1,2,7,1.0,-0.0,0.0
R_008938,5,1,0,5,1.0,-0.0,0.0
R_008939,6,1,5,6,1.0,-0.0,0.0
R_008940,5,1,4,5,1.0,-0.0,0.0
R_008941,5,1,2,5,1.0,-0.0,0.0
R_008942,7,1,3,7,1.0,-0.0,0.0
R_008943,6,1,3,6,1.0,-0.0,0.0
R_008944,5,1,2,5,1.0,-0.0,0.0
R_008945,5,1,2,5,1.0,-0.0,0.0
R_008946,7,2,5,6,0.8571428571428571,0.410116318288409,0.5916727785823274
R_008947,5,1,1,5,1.0,-0.0,0.0
R_008948,6,1,2,6,1.0,-0.0,0.0
R_008949,5,2,7,4,0.8,0.5004024235381879,0.7219280948873623
R_008950,5,1,2,5,1.0,-0.0,0.0
R_008951,7,1,2,7,1.0,-0.0,0.0
R_008952,6,1,1,6,1.0,-0.0,0.0
R_008953,6,1,2,6,1.0,-0.0,0.0
R_008954,7,1,2,7,1.0,-0.0,0.0
R_008955,5,1,2,5,1.0,-0.0,0.0
R_008956,7,4,7,3,0.42857142857142855,1.277034259466139,0.9211854965885543
R_008957,7,1,0,7,1.0,-0.0,0.0
R_008958,5,1,0,5,1.0,-0.0,0.0
R_008959,6,2,5,5,0.8333333333333334,0.45056120886630463,0.6500224216483541
R_008960,8,4,7,5,0.625,1.073542846408523,0.7743974703476992
R_008961,6,3,6,4,0.6666666666666666,0.8675632284814612,0.7896900821428474
R_008962,5,1,2,5,1.0,-0.0,0.0
R_008963,8,1,0,8,1.0,-0.0,0.0
R_008964,8,1,1,8,1.0,-0.0,0.0
R_008965,8,1,0,8,1.0,-0.0,0.0
R_008966,5,1,3,5,1.0,-0.0,0.0
R_008967,6,1,1,6,1.0,-0.0,0.0
R_008968,6,1,0,6,1.0,-0.0,0.0
R_008969,7,1,2,7,1.0,-0.0,0.0
R_008970,8,2,5,7,0.875,0.37677016125643675,0.5435644431995964
R_008971,5,2,5,4,0.8,0.5004024235381879,0.7219280948873623
R_008972,8,1,1,8,1.0,-0.0,0.0
R_008973,7,2,5,6,0.8571428571428571,0.410116318288409,0.5916727785823274
R_008974,7,1,0,7,1.0,-0.0,0.0
R_008975,8,1,3,8,1.0,-0.0,0.0
R_008976,6,3,6,4,0.6666666666666666,0.8675632284814612,0.7896900821428474
R_008977,5,3,7,3,0.6,0.9502705392332347,0.8649735207179272
R_008978,6,3,7,4,0.6666666666666666,0.8675632284814612,0.7896900821428474
R_008979,5,1,2,5,1.0,-0.0,0.0
R_008980,7,3,7,4,0.5714285714285714,0.9556998911125343,0.8699155297736259
R_008981,6,2,6,5,0.8333333333333334,0.45056120886630463,0.6500224216483541
R_008982,5,1,4,5,1.0,-0.0,0.0
R_008983,8,1,0,8,1.0,-0.0,0.0
R_008984,7,1,0,7,1.0,-0.0,0.0
R_008985,7,3,7,5,0.7142857142857143,0.796311640173813,0.7248340915057598
R_008986,8,1,0,8,1.0,-0.0,0.0
R_008987,5,1,4,5,1.0,-0.0,0.0
R_008988,7,1,1,7,1.0,-0.0,0.0
R_008989,6,3,7,4,0.6666666666666666,0.8675632284814612,0.7896900821428474
R_008990,8,1,3,8,1.0,-0.0,0.0
R_008991,8,1,2,8,1.0,-0.0,0.0
R_008992,7,1,0,7,1.0,-0.0,0.0
R_008993,5,1,6,5,1.0,-0.0,0.0
R_008994,7,1,3,7,1.0,-0.0,0.0
R_008995,5,1,2,5,1.0,-0.0,0.0
R_008996,7,1,2,7,1.0,-0.0,0.0
R_008997,5,4,7,2,0.4,1.3321790402101223,0.9609640474436812
R_008998,8,1,4,8,1.0,-0.0,0.0
R_008999,6,1,2,6,1.0,-0.0,0.0
R_009000,5,2,5,4,0.8,0.5004024235381879,0.7219280948873623
R_009001,5,1,1,5,1.0,-0.0,0.0
R_009002,7,1,2,7,1.0,-0.0,0.0
R_009003,7,2,6,6,0.8571428571428571,0.410116318288409,0.5916727785823274
R_009004,5,3,2,2,0.4,1.0549201679861442,0.9602297178607612
R_009005,7,1,2,7,1.0,-0.0,0.0
R_009006,5,1,3,5,1.0,-0.0,0.0
R_009007,6,3,6,4,0.6666666666666666,0.8675632284814612,0.7896900821428474
R_009008,8,2,6,7,0.875,0.37677016125643675,0.5435644431995964
R_009009,8,3,7,6,0.75,0.7356219397587946,0.6695919455357792
R_009010,6,1,3,6,1.0,-0.0,0.0
R_009011,7,1,4,7,1.0,-0.0,0.0
R_009012,6,2,7,4,0.6666666666666666,0.6365141682948128,0.9182958340544894
R_009013,8,1,0,8,1.0,-0.0,0.0
R_009014,6,1,1,6,1.0,-0.0,0.0
R_009015,7,1,3,7,1.0,-0.0,0.0
R_009016,7,1,1,7,1.0,-0.0,0.0
R_009017,6,1,0,6,1.0,-0.0,0.0
R_009018,8,2,5,7,0.875,0.37677016125643675,0.5435644431995964
R_009019,7,2,7,5,0.7142857142857143,0.5982695885852573,0.8631205685666311
R_009020,6,3,6,4,0.6666666666666666,0.8675632284814612,0.7896900821428474
R_009021,6,3,7,4,0.6666666666666666,0.8675632284814612,0.7896900821428474
R_009022,7,1,1,7,1.0,-0.0,0.0
R_009023,6,1,4,6,1.0,-0.0,0.0
R_009024,6,1,5,6,1.0,-0.0,0.0
R_009025,6,1,5,6,1.0,-0.0,0.0
R_009026,6,1,0,6,1.0,-0.0,0.0
R_009027,6,2,6,5,0.8333333333333334,0.45056120886630463,0.6500224216483541
R_009028,6,1,1,6,1.0,-0.0,0.0
R_009029,7,1,4,7,1.0,-0.0,0.0
R_009030,5,1,1,5,1.0,-0.0,0.0
R_009031,8,1,5,8,1.0,-0.0,0.0
R_009032,6,1,1,6,1.0,-0.0,0.0
R_009033,8,1,3,8,1.0,-0.0,0.0
R_009034,6,2,5,5,0.8333333333333334,0.45056120886630463,0.6500224216483541
R_009035,6,1,3,6,1.0,-0.0,0.0
R_009036,6,4,7,3,0.5,1.242453324894,0.8962406251802889
R_009037,8,2,5,7,0.875,0.37677016125643675,0.5435644431995964
R_009038,8,1,1,8,1.0,-0.0,0.0
R_009039,5,4,7,2,0.4,1.3321790402101223,0.9609640474436812
R_009040,6,1,2,6,1.0,-0.0,0.0
R_009041,8,1,1,8,1.0,-0.0,0.0
R_009042,8,2,5,7,0.875,0.37677016125643675,0.5435644431995964
R_009043,6,1,3,6,1.0,-0.0,0.0
R_009044,8,1,3,8,1.0,-0.0,0.0
R_009045,7,1,4,7,1.0,-0.0,0.0
R_009046,8,1,4,8,1.0,-0.0,0.0
R_009047,7,1,4,7,1.0,-0.0,0.0
R_009048,5,2,6,4,0.8,0.5004024235381879,0.7219280948873623
R_009049,6,1,6,6,1.0,-0.0,0.0
R_009050,8,1,0,8,1.0,-0.0,0.0
R_009051,5,1,2,5,1.0,-0.0,0.0
R_009052,5,3,6,3,0.6,0.9502705392332347,0.8649735207179272
R_009053,8,1,1,8,1.0,-0.0,0.0
R_009054,5,1,3,5,1.0,-0.0,0.0
R_009055,6,1,2,6,1.0,-0.0,0.0
R_009056,6,1,2,6,1.0,-0.0,0.0
R_009057,7,1,5,7,1.0,-0.0,0.0
R_009058,8,1,5,8,1.0,-0.0,0.0
R_009059,7,1,5,7,1.0,-0.0,0.0
R_009060,7,2,6,6,0.8571428571428571,0.410116318288409,0.5916727785823274
R_009061,8,1,3,8,1.0,-0.0,0.0
R_009062,7,3,7,5,0.7142857142857143,0.796311640173813,0.7248340915057598
R_009063,8,1,2,8,1.0,-0.0,0.0
R_009064,7,1,3,7,1.0,-0.0,0.0
R_009065,6,3,7,4,0.6666666666666666,0.8675632284814612,0.7896900821428474
R_009066,6,1,3,6,1.0,-0.0,0.0
R_009067,7,1,1,7,1.0,-0.0,0.0
R_009068,5,1,4,5,1.0,-0.0,0.0
R_009069,7,1,2,7,1.0,-0.0,0.0
R_009070,5,1,4,5,1.0,-0.0,0.0
R_009071,6,1,3,6,1.0,-0.0,0.0
R_009072,7,1,0,7,1.0,-0.0,0.0
R_009073,5,1,4,5,1.0,-0.0,0.0
R_009074,5,2,6,4,0.8,0.5004024235381879,0.7219280948873623
R_009075,8,4,7,4,0.5,1.2130075659799042,0.875
R_009076,8,1,1,8,1.0,-0.0,0.0
R_009077,7,1,0,7,1.0,-0.0,0.0
R_009078,6,2,5,5,0.8333333333333334,0.45056120886630463,0.6500224216483541
R_009079,8,1,4,8,1.0,-0.0,0.0
R_009080,5,2,7,4,0.8,0.5004024235381879,0.7219280948873623
R_009081,8,1,0,8,1.0,-0.0,0.0
R_009082,8,2,5,7,0.875,0.37677016125643675,0.5435644431995964
R_009083,6,2,5,5,0.8333333333333334,0.45056120886630463,0.6500224216483541
R_009084,8,1,1,8,1.0,-0.0,0.0
R_009085,6,1,1,6,1.0,-0.0,0.0
R_009086,6,1,2,6,1.0,-0.0,0.0
R_009087,8,3,7,6,0.75,0.7356219397587946,0.6695919455357792
R_009088,8,4,7,5,0.625,1.073542846408523,0.7743974703476992
R_009089,6,2,6,5,0.8333333333333334,0.45056120886630463,0.6500224216483541
R_009090,6,1,3,6,1.0,-0.0,0.0
R_009091,7,1,2,7,1.0,-0.0,0.0
R_009092,5,1,3,5,1.0,-0.0,0.0
R_009093,5,1,1,5,1.0,-0.0,0.0
R_009094,5,3,2,2,0.4,1.0549201679861442,0.9602297178607612
R_009095,5,1,4,5,1.0,-0.0,0.0
R_009096,6,1,2,6,1.0,-0.0,0.0
R_009097,6,2,7,5,0.8333333333333334,0.45056120886630463,0.6500224216483541
R_009098,8,1,0,8,1.0,-0.0,0.0
R_009099,6,1,5,6,1.0,-0.0,0.0
R_009100,5,1,4,5,1.0,-0.0,0.0
R_009101,8,4,7,4,0.5,1.2130075659799042,0.875
R_009102,5,1,0,5,1.0,-0.0,0.0
R_009103,7,2,5,6,0.8571428571428571,0.410116318288409,0.5916727785823274
R_009104,5,1,3,5,1.0,-0.0,0.0
R_009105,5,2,7,4,0.8,0.5004024235381879,0.7219280948873623
R_009106,5,1,3,5,1.0,-0.0,0.0
R_009107,6,1,4,6,1.0,-0.0,0.0
R_009108,8,1,4,8,1.0,-0.0,0.0
R_009109,8,1,4,8,1.0,-0.0,0.0
R_009110,5,1,2,5,1.0,-0.0,0.0
R_009111,7,1,2,7,1.0,-0.0,0.0
R_009112,8,1,2,8,1.0,-0.0,0.0
R_009113,7,1,3,7,1.0,-0.0,0.0
R_009114,5,3,6,3,0.6,0.9502705392332347,0.8649735207179272
R_009115,8,1,0,8,1.0,-0.0,0.0
R_009116,7,1,3,7,1.0,-0.0,0.0
R_009117,8,1,2,8,1.0,-0.0,0.0
R_009118,6,1,3,6,1.0,-0.0,0.0
R_009119,8,1,2,8,1.0,-0.0,0.0
R_009120,6,2,6,5,0.8333333333333334,0.45056120886630463,0.6500224216483541
R_009121,5,3,7,3,0.6,0.9502705392332347,0.8649735207179272
R_009122,6,2,6,5,0.8333333333333334,0.45056120886630463,0.6500224216483541
R_009123,8,2,5,7,0.875,0.37677016125643675,0.5435644431995964
R_009124,7,1,3,7,1.0,-0.0,0.0
R_009125,6,1,4,6,1.0,-0.0,0.0
R_009126,6,1,2,6,1.0,-0.0,0.0
R_009127,5,1,1,5,1.0,-0.0,0.0
R_009128,7,1,3,7,1.0,-0.0,0.0
R_009129,7,1,4,7,1.0,-0.0,0.0
R_009130,5,1,2,5,1.0,-0.0,0.0
R_009131,5,1,0,5,1.0,-0.0,0.0
R_009132,7,2,5,6,0.8571428571428571,0.410116318288409,0.5916727785823274
R_009133,8,1,3,8,1.0,-0.0,0.0
R_009134,6,2,6,5,0.8333333333333334,0.45056120886630463,0.6500224216483541
R_009135,6,2,5,5,0.8333333333333334,0.45056120886630463,0.6500224216483541
R_009136,7,1,0,7,1.0,-0.0,0.0
R_009137,5,1,1,5,1.0,-0.0,0.0
R_009138,7,4,7,3,0.42857142857142855,1.277034259466139,0.9211854965885543
R_009139,5,2,5,4,0.8,0.5004024235381879,0.7219280948873623
R_009140,7,1,2,7,1.0,-0.0,0.0
R_009141,8,1,2,8,1.0,-0.0,0.0
R_009142,6,3,6,4,0.6666666666666666,0.8675632284814612,0.7896900821428474
R_009143,5,1,4,5,1.0,-0.0,0.0
R_009144,6,1,0,6,1.0,-0.0,0.0
R_009145,5,1,2,5,1.0,-0.0,0.0
R_009146,8,1,4,8,1.0,-0.0,0.0
R_009147,5,1,5,5,1.0,-0.0,0.0
R_009148,8,1,0,8,1.0,-0.0,0.0
R_009149,7,2,6,6,0.8571428571428571,0.410116318288409,0.5916727785823274
R_009150,8,2,6,7,0.875,0.37677016125643675,0.5435644431995964
R_009151,5,1,5,5,1.0,-0.0,0.0
R_009152,6,1,0,6,1.0,-0.0,0.0
R_009153,7,1,2,7,1.0,-0.0,0.0
R_009154,5,1,4,5,1.0,-0.0,0.0
R_009155,6,1,3,6,1.0,-0.0,0.0
R_009156,8,1,2,8,1.0,-0.0,0.0
R_009157,5,1,4,5,1.0,-0.0,0.0
R_009158,5,1,1,5,1.0,-0.0,0.0
R_009159,5,1,0,5,1.0,-0.0,0.0
R_009160,5,3,7,3,0.6,0.9502705392332347,0.8649735207179272
R_009161,8,1,3,8,1.0,-0.0,0.0
R_009162,8,4,7,4,0.5,1.2130075659799042,0.875
R_009163,6,1,5,6,1.0,-0.0,0.0
R_009164,5,2,5,4,0.8,0.5004024235381879,0.7219280948873623
R_009165,7,1,3,7,1.0,-0.0,0.0
R_009166,8,1,0,8,1.0,-0.0,0.0
R_009167,8,1,2,8,1.0,-0.0,0.0
R_009168,5,2,7,4,0.8,0.5004024235381879,0.7219280948873623
R_009169,6,1,5,6,1.0,-0.0,0.0
R_009170,6,1,4,6,1.0,-0.0,0.0
R_009171,6,2,7,5,0.8333333333333334,0.45056120886630463,0.6500224216483541
R_009172,6,1,0,6,1.0,-0.0,0.0
R_009173,7,1,0,7,1.0,-0.0,0.0
R_009174,6,3,6,4,0.6666666666666666,0.8675632284814612,0.7896900821428474
R_009175,7,1,3,7,1.0,-0.0,0.0
R_009176,6,2,7,4,0.6666666666666666,0.6365141682948128,0.9182958340544894
R_009177,7,1,3,7,1.0,-0.0,0.0
R_009178,7,1,2,7,1.0,-0.0,0.0
R_009179,5,1,2,5,1.0,-0.0,0.0
R_009180,7,1,1,7,1.0,-0.0,0.0
R_009181,6,2,6,5,0.8333333333333334,0.45056120886630463,0.6500224216483541
R_009182,8,1,2,8,1.0,-0.0,0.0
R_009183,7,1,4,7,1.0,-0.0,0.0
R_009184,5,3,7,3,0.6,0.9502705392332347,0.8649735207179272
R_009185,7,1,1,7,1.0,-0.0,0.0
R_009186,8,1,1,8,1.0,-0.0,0.0
R_009187,7,1,2,7,1.0,-0.0,0.0
R_009188,7,2,5,6,0.8571428571428571,0.410116318288409,0.5916727785823274
R_009189,6,2,5,5,0.8333333333333334,0.45056120886630463,0.6500224216483541
R_009190,8,1,0,8,1.0,-0.0,0.0
R_009191,5,1,0,5,1.0,-0.0,0.0
R_009192,5,1,2,5,1.0,-0.0,0.0
R_009193,8,2,6,7,0.875,0.37677016125643675,0.5435644431995964
R_009194,6,1,2,6,1.0,-0.0,0.0
R_009195,5,2,5,4,0.8,0.5004024235381879,0.7219280948873623
R_009196,6,1,5,6,1.0,-0.0,0.0
R_009197,8,2,5,7,0.875,0.37677016125643675,0.5435644431995964
R_009198,5,4,7,2,0.4,1.3321790402101223,0.9609640474436812
R_009199,6,1,3,6,1.0,-0.0,0.0
R_009200,7,1,1,7,1.0,-0.0,0.0
R_009201,6,1,2,6,1.0,-0.0,0.0
R_009202,7,2,6,6,0.8571428571428571,0.410116318288409,0.5916727785823274
R_009203,7,3,6,5,0.7142857142857143,0.796311640173813,0.7248340915057598
R_009204,5,2,7,4,0.8,0.5004024235381879,0.7219280948873623
R_009205,6,1,2,6,1.0,-0.0,0.0
R_009206,7,1,1,7,1.0,-0.0,0.0
R_009207,7,1,0,7,1.0,-0.0,0.0
R_009208,5,3,7,3,0.6,0.9502705392332347,0.8649735207179272
R_009209,7,1,5,7,1.0,-0.0,0.0
R_009210,6,1,5,6,1.0,-0.0,0.0
R_009211,6,2,6,5,0.8333333333333334,0.45056120886630463,0.6500224216483541
R_009212,7,4,7,4,0.5714285714285714,1.1537419427010902,0.8322488896002307
R_009213,5,2,7,4,0.8,0.5004024235381879,0.7219280948873623
R_009214,8,2,5,7,0.875,0.37677016125643675,0.5435644431995964
R_009215,6,1,3,6,1.0,-0.0,0.0
R_009216,6,1,4,6,1.0,-0.0,0.0
R_009217,5,1,1,5,1.0,-0.0,0.0
R_009218,8,3,7,6,0.75,0.7356219397587946,0.6695919455357792
R_009219,8,1,2,8,1.0,-0.0,0.0
R_009220,7,1,1,7,1.0,-0.0,0.0
R_009221,6,1,2,6,1.0,-0.0,0.0
R_009222,5,1,1,5,1.0,-0.0,0.0
R_009223,6,1,3,6,1.0,-0.0,0.0
R_009224,5,1,3,5,1.0,-0.0,0.0
R_009225,8,1,1,8,1.0,-0.0,0.0
R_009226,6,1,2,6,1.0,-0.0,0.0
R_009227,6,1,1,6,1.0,-0.0,0.0
R_009228,7,3,6,5,0.7142857142857143,0.796311640173813,0.7248340915057598
R_009229,5,1,5,5,1.0,-0.0,0.0
R_009230,8,1,2,8,1.0,-0.0,0.0
R_009231,6,3,7,4,0.6666666666666666,0.8675632284814612,0.7896900821428474
R_009232,5,4,7,2,0.4,1.3321790402101223,0.9609640474436812
R_009233,8,2,5,7,0.875,0.37677016125643675,0.5435644431995964
R_009234,7,2,5,6,0.8571428571428571,0.410116318288409,0.5916727785823274
R_009235,5,2,6,4,0.8,0.5004024235381879,0.7219280948873623
R_009236,5,2,7,3,0.6,0.6730116670092565,0.9709505944546688
R_009237,6,3,7,3,0.5,1.0114042647073518,0.920619835714305
R_009238,7,4,7,4,0.5714285714285714,1.1537419427010902,0.8322488896002307
R_009239,5,1,0,5,1.0,-0.0,0.0
R_009240,7,1,6,7,1.0,-0.0,0.0
R_009241,5,1,0,5,1.0,-0.0,0.0
R_009242,6,2,5,5,0.8333333333333334,0.45056120886630463,0.6500224216483541
R_009243,6,1,3,6,1.0,-0.0,0.0
R_009244,5,1,0,5,1.0,-0.0,0.0
R_009245,7,1,1,7,1.0,-0.0,0.0
R_009246,6,1,3,6,1.0,-0.0,0.0
R_009247,7,4,7,4,0.5714285714285714,1.1537419427010902,0.8322488896002307
R_009248,6,1,1,6,1.0,-0.0,0.0
R_009249,7,2,5,6,0.8571428571428571,0.410116318288409,0.5916727785823274
R_009250,7,1,5,7,1.0,-0.0,0.0
R_009251,5,1,2,5,1.0,-0.0,0.0
R_009252,6,1,1,6,1.0,-0.0,0.0
R_009253,7,3,6,5,0.7142857142857143,0.796311640173813,0.7248340915057598
R_009254,7,1,3,7,1.0,-0.0,0.0
R_009255,8,1,3,8,1.0,-0.0,0.0
R_009256,7,2,5,6,0.8571428571428571,0.410116318288409,0.5916727785823274
R_009257,5,1,5,5,1.0,-0.0,0.0
R_009258,7,1,3,7,1.0,-0.0,0.0
R_009259,5,1,4,5,1.0,-0.0,0.0
R_009260,5,1,4,5,1.0,-0.0,0.0
R_009261,5,1,0,5,1.0,-0.0,0.0
R_009262,7,1,2,7,1.0,-0.0,0.0
R_009263,8,1,2,8,1.0,-0.0,0.0
R_009264,6,1,2,6,1.0,-0.0,0.0
R_009265,7,1,3,7,1.0,-0.0,0.0
R_009266,6,1,4,6,1.0,-0.0,0.0
R_009267,6,1,1,6,1.0,-0.0,0.0
R_009268,5,1,3,5,1.0,-0.0,0.0
R_009269,5,1,2,5,1.0,-0.0,0.0
R_009270,7,1,2,7,1.0,-0.0,0.0
R_009271,8,2,5,7,0.875,0.37677016125643675,0.5435644431995964
R_009272,8,1,2,8,1.0,-0.0,0.0
R_009273,5,1,2,5,1.0,-0.0,0.0
R_009274,7,1,1,7,1.0,-0.0,0.0
R_009275,8,1,2,8,1.0,-0.0,0.0
R_009276,8,1,3,8,1.0,-0.0,0.0
R_009277,8,1,3,8,1.0,-0.0,0.0
R_009278,5,3,7,3,0.6,0.9502705392332347,0.8649735207179272
R_009279,7,2,5,6,0.8571428571428571,0.410116318288409,0.5916727785823274
R_009280,5,1,0,5,1.0,-0.0,0.0
R_009281,5,2,6,4,0.8,0.5004024235381879,0.7219280948873623
R_009282,6,1,5,6,1.0,-0.0,0.0
R_009283,6,4,7,3,0.5,1.242453324894,0.8962406251802889
R_009284,5,1,3,5,1.0,-0.0,0.0
R_009285,7,2,5,6,0.8571428571428571,0.410116318288409,0.5916727785823274
R_009286,6,1,4,6,1.0,-0.0,0.0
R_009287,7,1,5,7,1.0,-0.0,0.0
R_009288,8,2,5,7,0.875,0.37677016125643675,0.5435644431995964
R_009289,6,1,5,6,1.0,-0.0,0.0
R_009290,5,1,3,5,1.0,-0.0,0.0
R_009291,7,1,2,7,1.0,-0.0,0.0
R_009292,8,1,1,8,1.0,-0.0,0.0
R_009293,8,1,3,8,1.0,-0.0,0.0
R_009294,8,1,4,8,1.0,-0.0,0.0
R_009295,5,1,0,5,1.0,-0.0,0.0
R_009296,8,1,0,8,1.0,-0.0,0.0
R_009297,6,1,0,6,1.0,-0.0,0.0
R_009298,6,3,7,4,0.6666666666666666,0.8675632284814612,0.7896900821428474
R_009299,7,2,5,6,0.8571428571428571,0.410116318288409,0.5916727785823274
R_009300,6,4,2,2,0.3333333333333333,1.3296613488547582,0.9591479170272448
R_009301,6,1,4,6,1.0,-0.0,0.0
R_009302,5,1,3,5,1.0,-0.0,0.0
R_009303,5,1,4,5,1.0,-0.0,0.0
R_009304,5,1,1,5,1.0,-0.0,0.0
R_009305,7,1,4,7,1.0,-0.0,0.0
R_009306,6,1,0,6,1.0,-0.0,0.0
R_009307,7,4,7,4,0.5714285714285714,1.1537419427010902,0.8322488896002307
R_009308,6,2,5,5,0.8333333333333334,0.45056120886630463,0.6500224216483541
R_009309,6,1,3,6,1.0,-0.0,0.0
R_009310,6,3,6,4,0.6666666666666666,0.8675632284814612,0.7896900821428474
R_009311,8,1,4,8,1.0,-0.0,0.0
R_009312,5,1,3,5,1.0,-0.0,0.0
R_009313,8,4,7,5,0.625,1.073542846408523,0.7743974703476992
R_009314,6,2,5,5,0.8333333333333334,0.45056120886630463,0.6500224216483541
R_009315,5,1,0,5,1.0,-0.0,0.0
R_009316,5,1,3,5,1.0,-0.0,0.0
R_009317,8,3,6,6,0.75,0.7356219397587946,0.6695919455357792
R_009318,6,4,7,3,0.5,1.242453324894,0.8962406251802889
R_009319,7,2,6,6,0.8571428571428571,0.410116318288409,0.5916727785823274
R_009320,8,1,5,8,1.0,-0.0,0.0
R_009321,6,1,0,6,1.0,-0.0,0.0
R_009322,5,1,1,5,1.0,-0.0,0.0
R_009323,6,2,5,5,0.8333333333333334,0.45056120886630463,0.6500224216483541
R_009324,7,1,2,7,1.0,-0.0,0.0
R_009325,8,3,6,6,0.75,0.7356219397587946,0.6695919455357792
R_009326,5,1,6,5,1.0,-0.0,0.0
R_009327,5,1,3,5,1.0,-0.0,0.0
R_009328,7,1,2,7,1.0,-0.0,0.0
R_009329,8,3,6,6,0.75,0.7356219397587946,0.6695919455357792
R_009330,5,1,4,5,1.0,-0.0,0.0
R_009331,6,1,1,6,1.0,-0.0,0.0
R_009332,7,1,1,7,1.0,-0.0,0.0
R_009333,6,2,7,4,0.6666666666666666,0.6365141682948128,0.9182958340544894
R_009334,8,1,2,8,1.0,-0.0,0.0
R_009335,6,2,5,5,0.8333333333333334,0.45056120886630463,0.6500224216483541
R_009336,6,2,5,5,0.8333333333333334,0.45056120886630463,0.6500224216483541
R_009337,5,1,3,5,1.0,-0.0,0.0
R_009338,8,1,4,8,1.0,-0.0,0.0
R_009339,5,1,2,5,1.0,-0.0,0.0
R_009340,7,1,2,7,1.0,-0.0,0.0
R_009341,6,1,0,6,1.0,-0.0,0.0
R_009342,5,1,7,5,1.0,-0.0,0.0
R_009343,8,1,0,8,1.0,-0.0,0.0
R_009344,6,1,3,6,1.0,-0.0,0.0
R_009345,8,1,0,8,1.0,-0.0,0.0
R_009346,7,2,5,6,0.8571428571428571,0.410116318288409,0.5916727785823274
R_009347,5,1,0,5,1.0,-0.0,0.0
R_009348,5,2,5,4,0.8,0.5004024235381879,0.7219280948873623
R_009349,8,1,5,8,1.0,-0.0,0.0
R_009350,8,1,3,8,1.0,-0.0,0.0
R_009351,6,1,1,6,1.0,-0.0,0.0
R_009352,8,2,5,7,0.875,0.37677016125643675,0.5435644431995964
R_009353,6,1,4,6,1.0,-0.0,0.0
R_009354,5,1,2,5,1.0,-0.0,0.0
R_009355,5,3,6,3,0.6,0.9502705392332347,0.8649735207179272
R_009356,8,1,0,8,1.0,-0.0,0.0
R_009357,7,1,4,7,1.0,-0.0,0.0
R_009358,6,1,0,6,1.0,-0.0,0.0
R_009359,7,1,0,7,1.0,-0.0,0.0
R_009360,6,1,5,6,1.0,-0.0,0.0
R_009361,8,1,0,8,1.0,-0.0,0.0
R_009362,7,2,6,6,0.8571428571428571,0.410116318288409,0.5916727785823274
R_009363,6,1,0,6,1.0,-0.0,0.0
R_009364,6,1,2,6,1.0,-0.0,0.0
R_009365,6,1,1,6,1.0,-0.0,0.0
R_009366,7,3,7,5,0.7142857142857143,0.796311640173813,0.7248340915057598
R_009367,6,3,6,4,0.6666666666666666,0.8675632284814612,0.7896900821428474
R_009368,5,3,7,3,0.6,0.9502705392332347,0.8649735207179272
R_009369,6,1,1,6,1.0,-0.0,0.0
R_009370,5,3,6,3,0.6,0.9502705392332347,0.8649735207179272
R_009371,8,1,0,8,1.0,-0.0,0.0
R_009372,6,1,2,6,1.0,-0.0,0.0
R_009373,8,3,6,6,0.75,0.7356219397587946,0.6695919455357792
R_009374,5,1,5,5,1.0,-0.0,0.0
R_009375,5,1,2,5,1.0,-0.0,0.0
R_009376,7,1,0,7,1.0,-0.0,0.0
R_009377,8,4,7,4,0.5,1.2130075659799042,0.875
R_009378,7,2,6,6,0.8571428571428571,0.410116318288409,0.5916727785823274
R_009379,6,1,1,6,1.0,-0.0,0.0
R_009380,5,1,3,5,1.0,-0.0,0.0
R_009381,7,4,7,4,0.5714285714285714,1.1537419427010902,0.8322488896002307
R_009382,8,2,5,7,0.875,0.37677016125643675,0.5435644431995964
R_009383,5,1,3,5,1.0,-0.0,0.0
R_009384,6,1,4,6,1.0,-0.0,0.0
R_009385,6,4,7,3,0.5,1.242453324894,0.8962406251802889
R_009386,7,1,4,7,1.0,-0.0,0.0
R_009387,8,1,4,8,1.0,-0.0,0.0
R_009388,5,1,3,5,1.0,-0.0,0.0
R_009389,6,4,7,3,0.5,1.242453324894,0.8962406251802889
R_009390,5,2,5,4,0.8,0.5004024235381879,0.7219280948873623
R_009391,6,1,1,6,1.0,-0.0,0.0
R_009392,7,1,5,7,1.0,-0.0,0.0
R_009393,8,1,0,8,1.0,-0.0,0.0
R_009394,8,1,2,8,1.0,-0.0,0.0
R_009395,8,1,5,8,1.0,-0.0,0.0
R_009396,7,2,6,6,0.8571428571428571,0.410116318288409,0.5916727785823274
R_009397,8,3,6,6,0.75,0.7356219397587946,0.6695919455357792
R_009398,5,1,3,5,1.0,-0.0,0.0
R_009399,6,1,1,6,1.0,-0.0,0.0
R_009400,5,2,6,4,0.8,0.5004024235381879,0.7219280948873623
R_009401,6,1,4,6,1.0,-0.0,0.0
R_009402,8,2,5,7,0.875,0.37677016125643675,0.5435644431995964
R_009403,7,1,1,7,1.0,-0.0,0.0
R_009404,7,1,4,7,1.0,-0.0,0.0
R_009405,8,1,0,8,1.0,-0.0,0.0
R_009406,8,1,1,8,1.0,-0.0,0.0
R_009407,7,1,5,7,1.0,-0.0,0.0
R_009408,8,2,6,7,0.875,0.37677016125643675,0.5435644431995964
R_009409,6,1,4,6,1.0,-0.0,0.0
R_009410,5,1,4,5,1.0,-0.0,0.0
R_009411,5,1,3,5,1.0,-0.0,0.0
R_009412,8,1,1,8,1.0,-0.0,0.0
R_009413,5,1,1,5,1.0,-0.0,0.0
R_009414,8,4,7,4,0.5,1.2130075659799042,0.875
R_009415,6,1,6,6,1.0,-0.0,0.0
R_009416,5,1,6,5,1.0,-0.0,0.0
R_009417,5,1,3,5,1.0,-0.0,0.0
R_009418,6,1,5,6,1.0,-0.0,0.0
R_009419,8,1,0,8,1.0,-0.0,0.0
R_009420,7,1,0,7,1.0,-0.0,0.0
R_009421,5,2,5,4,0.8,0.5004024235381879,0.7219280948873623
R_009422,5,2,7,4,0.8,0.5004024235381879,0.7219280948873623
R_009423,6,1,3,6,1.0,-0.0,0.0
R_009424,6,3,7,3,0.5,1.0114042647073518,0.920619835714305
R_009425,5,2,5,4,0.8,0.5004024235381879,0.7219280948873623
R_009426,6,1,2,6,1.0,-0.0,0.0
R_009427,8,1,4,8,1.0,-0.0,0.0
R_009428,7,1,2,7,1.0,-0.0,0.0
R_009429,8,4,7,5,0.625,1.073542846408523,0.7743974703476992
R_009430,5,1,2,5,1.0,-0.0,0.0
R_009431,7,1,0,7,1.0,-0.0,0.0
R_009432,5,3,7,3,0.6,0.9502705392332347,0.8649735207179272
R_009433,8,1,1,8,1.0,-0.0,0.0
R_009434,7,2,6,6,0.8571428571428571,0.410116318288409,0.5916727785823274
R_009435,8,1,3,8,1.0,-0.0,0.0
R_009436,6,1,1,6,1.0,-0.0,0.0
R_009437,8,3,6,6,0.75,0.7356219397587946,0.6695919455357792
R_009438,7,2,5,6,0.8571428571428571,0.410116318288409,0.5916727785823274
R_009439,5,1,4,5,1.0,-0.0,0.0
R_009440,7,2,5,6,0.8571428571428571,0.410116318288409,0.5916727785823274
R_009441,7,1,1,7,1.0,-0.0,0.0
R_009442,6,1,2,6,1.0,-0.0,0.0
R_009443,7,3,7,4,0.5714285714285714,0.9556998911125343,0.8699155297736259
R_009444,6,2,6,5,0.8333333333333334,0.45056120886630463,0.6500224216483541
R_009445,6,1,4,6,1.0,-0.0,0.0
R_009446,8,3,7,5,0.625,0.9002560512685369,0.8194483718728035
R_009447,6,1,1,6,1.0,-0.0,0.0
R_009448,7,3,7,5,0.7142857142857143,0.796311640173813,0.7248340915057598
R_009449,6,1,3,6,1.0,-0.0,0.0
R_009450,5,1,4,5,1.0,-0.0,0.0
R_009451,5,1,1,5,1.0,-0.0,0.0
R_009452,5,1,2,5,1.0,-0.0,0.0
R_009453,8,1,1,8,1.0,-0.0,0.0
R_009454,7,1,1,7,1.0,-0.0,0.0
R_009455,5,1,6,5,1.0,-0.0,0.0
R_009456,7,4,7,3,0.42857142857142855,1.277034259466139,0.9211854965885543
R_009457,6,1,5,6,1.0,-0.0,0.0
R_009458,5,1,0,5,1.0,-0.0,0.0
R_009459,7,2,6,6,0.8571428571428571,0.410116318288409,0.5916727785823274
R_009460,5,1,4,5,1.0,-0.0,0.0
R_009461,8,4,7,5,0.625,1.073542846408523,0.7743974703476992
R_009462,8,4,7,5,0.625,1.073542846408523,0.7743974703476992
R_009463,6,1,0,6,1.0,-0.0,0.0
R_009464,6,4,2,2,0.3333333333333333,1.3296613488547582,0.9591479170272448
R_009465,6,2,6,5,0.8333333333333334,0.45056120886630463,0.6500224216483541
R_009466,5,1,2,5,1.0,-0.0,0.0
R_009467,5,1,1,5,1.0,-0.0,0.0
R_009468,7,1,1,7,1.0,-0.0,0.0
R_009469,5,1,3,5,1.0,-0.0,0.0
R_009470,6,1,2,6,1.0,-0.0,0.0
R_009471,8,3,7,5,0.625,0.9002560512685369,0.8194483718728035
R_009472,7,1,1,7,1.0,-0.0,0.0
R_009473,6,3,7,4,0.6666666666666666,0.8675632284814612,0.7896900821428474
R_009474,6,4,2,2,0.3333333333333333,1.3296613488547582,0.9591479170272448
R_009475,8,1,0,8,1.0,-0.0,0.0
R_009476,8,1,1,8,1.0,-0.0,0.0
R_009477,7,1,3,7,1.0,-0.0,0.0
R_009478,6,3,7,4,0.6666666666666666,0.8675632284814612,0.7896900821428474
R_009479,7,1,5,7,1.0,-0.0,0.0
R_009480,7,1,1,7,1.0,-0.0,0.0
R_009481,8,1,0,8,1.0,-0.0,0.0
R_009482,8,1,1,8,1.0,-0.0,0.0
R_009483,7,1,2,7,1.0,-0.0,0.0
R_009484,8,1,2,8,1.0,-0.0,0.0
R_009485,6,1,6,6,1.0,-0.0,0.0
R_009486,6,1,5,6,1.0,-0.0,0.0
R_009487,8,1,4,8,1.0,-0.0,0.0
R_009488,8,4,7,5,0.625,1.073542846408523,0.7743974703476992
R_009489,7,1,3,7,1.0,-0.0,0.0
R_009490,5,2,5,4,0.8,0.5004024235381879,0.7219280948873623
R_009491,8,1,4,8,1.0,-0.0,0.0
R_009492,5,1,2,5,1.0,-0.0,0.0
R_009493,5,2,6,4,0.8,0.5004024235381879,0.7219280948873623
R_009494,5,1,3,5,1.0,-0.0,0.0
R_009495,6,1,3,6,1.0,-0.0,0.0
R_009496,6,1,1,6,1.0,-0.0,0.0
R_009497,7,1,2,7,1.0,-0.0,0.0
R_009498,6,1,0,6,1.0,-0.0,0.0
R_009499,6,1,1,6,1.0,-0.0,0.0
R_009500,6,1,0,6,1.0,-0.0,0.0
R_009501,6,4,2,2,0.3333333333333333,1.3296613488547582,0.9591479170272448
R_009502,5,1,4,5,1.0,-0.0,0.0
R_009503,5,2,6,4,0.8,0.5004024235381879,0.7219280948873623
R_009504,8,1,0,8,1.0,-0.0,0.0
R_009505,5,1,4,5,1.0,-0.0,0.0
R_009506,5,1,5,5,1.0,-0.0,0.0
R_009507,5,1,3,5,1.0,-0.0,0.0
R_009508,5,1,4,5,1.0,-0.0,0.0
R_009509,8,4,7,4,0.5,1.2130075659799042,0.875
R_009510,6,1,1,6,1.0,-0.0,0.0
R_009511,7,3,7,4,0.5714285714285714,0.9556998911125343,0.8699155297736259
R_009512,6,3,6,4,0.6666666666666666,0.8675632284814612,0.7896900821428474
R_009513,7,1,0,7,1.0,-0.0,0.0
R_009514,6,2,6,5,0.8333333333333334,0.45056120886630463,0.6500224216483541
R_009515,8,1,0,8,1.0,-0.0,0.0
R_009516,7,1,4,7,1.0,-0.0,0.0
R_009517,5,1,4,5,1.0,-0.0,0.0
R_009518,6,1,0,6,1.0,-0.0,0.0
R_009519,5,1,0,5,1.0,-0.0,0.0
R_009520,5,1,1,5,1.0,-0.0,0.0
R_009521,8,3,7,5,0.625,0.9002560512685369,0.8194483718728035
R_009522,5,1,3,5,1.0,-0.0,0.0
R_009523,7,1,3,7,1.0,-0.0,0.0
R_009524,6,1,5,6,1.0,-0.0,0.0
R_009525,6,2,7,5,0.8333333333333334,0.45056120886630463,0.6500224216483541
R_009526,5,3,7,3,0.6,0.9502705392332347,0.8649735207179272
R_009527,6,1,1,6,1.0,-0.0,0.0
R_009528,5,1,4,5,1.0,-0.0,0.0
R_009529,5,2,7,3,0.6,0.6730116670092565,0.9709505944546688
R_009530,7,3,7,5,0.7142857142857143,0.796311640173813,0.7248340915057598
R_009531,8,1,1,8,1.0,-0.0,0.0
R_009532,6,1,0,6,1.0,-0.0,0.0
R_009533,8,1,1,8,1.0,-0.0,0.0
R_009534,8,1,1,8,1.0,-0.0,0.0
R_009535,5,1,3,5,1.0,-0.0,0.0
R_009536,8,3,6,6,0.75,0.7356219397587946,0.6695919455357792
R_009537,8,1,2,8,1.0,-0.0,0.0
R_009538,5,1,0,5,1.0,-0.0,0.0
R_009539,5,1,0,5,1.0,-0.0,0.0
R_009540,5,2,7,4,0.8,0.5004024235381879,0.7219280948873623
R_009541,8,2,5,7,0.875,0.37677016125643675,0.5435644431995964
R_009542,6,3,6,4,0.6666666666666666,0.8675632284814612,0.7896900821428474
R_009543,8,1,3,8,1.0,-0.0,0.0
R_009544,6,2,6,5,0.8333333333333334,0.45056120886630463,0.6500224216483541
R_009545,6,1,1,6,1.0,-0.0,0.0
R_009546,6,1,0,6,1.0,-0.0,0.0
R_009547,7,1,1,7,1.0,-0.0,0.0
R_009548,5,2,6,4,0.8,0.5004024235381879,0.7219280948873623
R_009549,6,1,1,6,1.0,-0.0,0.0
R_009550,7,1,2,7,1.0,-0.0,0.0
R_009551,7,3,6,5,0.7142857142857143,0.796311640173813,0.7248340915057598
R_009552,8,2,5,7,0.875,0.37677016125643675,0.5435644431995964
R_009553,8,1,3,8,1.0,-0.0,0.0
R_009554,7,1,3,7,1.0,-0.0,0.0
R_009555,7,3,7,4,0.5714285714285714,0.9556998911125343,0.8699155297736259
R_009556,8,1,4,8,1.0,-0.0,0.0
R_009557,7,1,0,7,1.0,-0.0,0.0
R_009558,6,1,0,6,1.0,-0.0,0.0
R_009559,5,3,7,3,0.6,0.9502705392332347,0.8649735207179272
R_009560,7,1,2,7,1.0,-0.0,0.0
R_009561,6,1,3,6,1.0,-0.0,0.0
R_009562,8,3,6,6,0.75,0.7356219397587946,0.6695919455357792
R_009563,8,4,7,5,0.625,1.073542846408523,0.7743974703476992
R_009564,5,1,3,5,1.0,-0.0,0.0
R_009565,5,2,7,4,0.8,0.5004024235381879,0.7219280948873623
R_009566,7,1,0,7,1.0,-0.0,0.0
R_009567,6,1,1,6,1.0,-0.0,0.0
R_009568,8,2,5,7,0.875,0.37677016125643675,0.5435644431995964
R_009569,7,2,6,6,0.8571428571428571,0.410116318288409,0.5916727785823274
R_009570,7,1,3,7,1.0,-0.0,0.0
R_009571,5,3,6,3,0.6,0.9502705392332347,0.8649735207179272
R_009572,6,1,5,6,1.0,-0.0,0.0
R_009573,7,4,7,4,0.5714285714285714,1.1537419427010902,0.8322488896002307
R_009574,7,3,6,5,0.7142857142857143,0.796311640173813,0.7248340915057598
R_009575,6,1,0,6,1.0,-0.0,0.0
R_009576,6,1,2,6,1.0,-0.0,0.0
R_009577,8,1,4,8,1.0,-0.0,0.0
R_009578,6,1,0,6,1.0,-0.0,0.0
R_009579,7,1,0,7,1.0,-0.0,0.0
R_009580,8,1,1,8,1.0,-0.0,0.0
R_009581,7,2,5,6,0.8571428571428571,0.410116318288409,0.5916727785823274
R_009582,5,1,3,5,1.0,-0.0,0.0
R_009583,7,2,6,6,0.8571428571428571,0.410116318288409,0.5916727785823274
R_009584,6,1,1,6,1.0,-0.0,0.0
R_009585,7,1,2,7,1.0,-0.0,0.0
R_009586,7,2,6,6,0.8571428571428571,0.410116318288409,0.5916727785823274
R_009587,6,3,7,4,0.6666666666666666,0.8675632284814612,0.7896900821428474
R_009588,5,1,3,5,1.0,-0.0,0.0
R_009589,5,1,5,5,1.0,-0.0,0.0
R_009590,8,1,3,8,1.0,-0.0,0.0
R_009591,6,1,4,6,1.0,-0.0,0.0
R_009592,6,1,0,6,1.0,-0.0,0.0
R_009593,5,2,6,4,0.8,0.5004024235381879,0.7219280948873623
R_009594,6,1,0,6,1.0,-0.0,0.0
R_009595,8,1,2,8,1.0,-0.0,0.0
R_009596,8,1,3,8,1.0,-0.0,0.0
R_009597,6,1,4,6,1.0,-0.0,0.0
R_009598,7,1,1,7,1.0,-0.0,0.0
R_009599,5,1,0,5,1.0,-0.0,0.0
R_009600,6,1,3,6,1.0,-0.0,0.0
R_009601,6,1,1,6,1.0,-0.0,0.0
R_009602,5,3,6,3,0.6,0.9502705392332347,0.8649735207179272
R_009603,6,2,5,5,0.8333333333333334,0.45056120886630463,0.6500224216483541
R_009604,6,1,0,6,1.0,-0.0,0.0
R_009605,8,1,4,8,1.0,-0.0,0.0
R_009606,6,1,2,6,1.0,-0.0,0.0
R_009607,5,1,5,5,1.0,-0.0,0.0
R_009608,5,1,2,5,1.0,-0.0,0.0
R_009609,7,1,1,7,1.0,-0.0,0.0
R_009610,5,2,5,4,0.8,0.5004024235381879,0.7219280948873623
R_009611,5,1,1,5,1.0,-0.0,0.0
R_009612,5,1,2,5,1.0,-0.0,0.0
R_009613,7,1,1,7,1.0,-0.0,0.0
R_009614,8,1,4,8,1.0,-0.0,0.0
R_009615,6,1,1,6,1.0,-0.0,0.0
R_009616,8,1,0,8,1.0,-0.0,0.0
R_009617,7,1,1,7,1.0,-0.0,0.0
R_009618,8,1,1,8,1.0,-0.0,0.0
R_009619,7,1,1,7,1.0,-0.0,0.0
R_009620,5,1,3,5,1.0,-0.0,0.0
R_009621,6,1,2,6,1.0,-0.0,0.0
R_009622,5,1,0,5,1.0,-0.0,0.0
R_009623,8,2,5,7,0.875,0.37677016125643675,0.5435644431995964
R_009624,7,1,2,7,1.0,-0.0,0.0
R_009625,5,1,4,5,1.0,-0.0,0.0
R_009626,8,1,0,8,1.0,-0.0,0.0
R_009627,6,2,5,5,0.8333333333333334,0.45056120886630463,0.6500224216483541
R_009628,7,1,0,7,1.0,-0.0,0.0
R_009629,6,1,1,6,1.0,-0.0,0.0
R_009630,7,2,5,6,0.8571428571428571,0.410116318288409,0.5916727785823274
R_009631,6,2,6,5,0.8333333333333334,0.45056120886630463,0.6500224216483541
R_009632,7,2,6,6,0.8571428571428571,0.410116318288409,0.5916727785823274
R_009633,5,1,2,5,1.0,-0.0,0.0
R_009634,5,1,3,5,1.0,-0.0,0.0
R_009635,6,1,5,6,1.0,-0.0,0.0
R_009636,8,1,0,8,1.0,-0.0,0.0
R_009637,6,1,4,6,1.0,-0.0,0.0
R_009638,5,1,3,5,1.0,-0.0,0.0
R_009639,5,1,2,5,1.0,-0.0,0.0
R_009640,5,1,1,5,1.0,-0.0,0.0
R_009641,5,1,4,5,1.0,-0.0,0.0
R_009642,7,1,2,7,1.0,-0.0,0.0
R_009643,6,1,2,6,1.0,-0.0,0.0
R_009644,8,3,6,6,0.75,0.7356219397587946,0.6695919455357792
R_009645,7,2,6,6,0.8571428571428571,0.410116318288409,0.5916727785823274
R_009646,7,1,0,7,1.0,-0.0,0.0
R_009647,5,1,5,5,1.0,-0.0,0.0
R_009648,7,1,4,7,1.0,-0.0,0.0
R_009649,7,4,7,4,0.5714285714285714,1.1537419427010902,0.8322488896002307
R_009650,7,1,4,7,1.0,-0.0,0.0
R_009651,6,1,0,6,1.0,-0.0,0.0
R_009652,8,3,6,6,0.75,0.7356219397587946,0.6695919455357792
R_009653,5,1,5,5,1.0,-0.0,0.0
R_009654,7,1,2,7,1.0,-0.0,0.0
R_009655,7,1,0,7,1.0,-0.0,0.0
R_009656,7,1,5,7,1.0,-0.0,0.0
R_009657,6,1,6,6,1.0,-0.0,0.0
R_009658,5,1,3,5,1.0,-0.0,0.0
R_009659,7,1,2,7,1.0,-0.0,0.0
R_009660,6,1,2,6,1.0,-0.0,0.0
R_009661,7,1,4,7,1.0,-0.0,0.0
R_009662,8,1,2,8,1.0,-0.0,0.0
R_009663,7,1,6,7,1.0,-0.0,0.0
R_009664,7,2,6,6,0.8571428571428571,0.410116318288409,0.5916727785823274
R_009665,8,1,2,8,1.0,-0.0,0.0
R_009666,7,1,0,7,1.0,-0.0,0.0
R_009667,8,2,5,7,0.875,0.37677016125643675,0.5435644431995964
R_009668,7,1,3,7,1.0,-0.0,0.0
R_009669,6,1,3,6,1.0,-0.0,0.0
R_009670,7,1,0,7,1.0,-0.0,0.0
R_009671,7,1,4,7,1.0,-0.0,0.0
R_009672,5,2,5,4,0.8,0.5004024235381879,0.7219280948873623
R_009673,7,2,6,6,0.8571428571428571,0.410116318288409,0.5916727785823274
R_009674,8,3,6,6,0.75,0.7356219397587946,0.6695919455357792
R_009675,7,1,1,7,1.0,-0.0,0.0
R_009676,5,1,0,5,1.0,-0.0,0.0
R_009677,8,1,4,8,1.0,-0.0,0.0
R_009678,6,1,0,6,1.0,-0.0,0.0
R_009679,5,3,6,3,0.6,0.9502705392332347,0.8649735207179272
R_009680,8,3,6,6,0.75,0.7356219397587946,0.6695919455357792
R_009681,5,1,2,5,1.0,-0.0,0.0
R_009682,5,1,2,5,1.0,-0.0,0.0
R_009683,6,1,4,6,1.0,-0.0,0.0
R_009684,5,2,7,4,0.8,0.5004024235381879,0.7219280948873623
R_009685,7,1,0,7,1.0,-0.0,0.0
R_009686,5,2,6,4,0.8,0.5004024235381879,0.7219280948873623
R_009687,7,2,7,5,0.7142857142857143,0.5982695885852573,0.8631205685666311
R_009688,7,1,2,7,1.0,-0.0,0.0
R_009689,7,4,7,3,0.42857142857142855,1.277034259466139,0.9211854965885543
R_009690,6,3,7,3,0.5,1.0114042647073518,0.920619835714305
R_009691,6,1,1,6,1.0,-0.0,0.0
R_009692,7,4,7,4,0.5714285714285714,1.1537419427010902,0.8322488896002307
R_009693,8,1,3,8,1.0,-0.0,0.0
R_009694,6,3,6,4,0.6666666666666666,0.8675632284814612,0.7896900821428474
R_009695,6,1,5,6,1.0,-0.0,0.0
R_009696,8,1,0,8,1.0,-0.0,0.0
R_009697,5,1,1,5,1.0,-0.0,0.0
R_009698,8,1,3,8,1.0,-0.0,0.0
R_009699,5,2,6,4,0.8,0.5004024235381879,0.7219280948873623
R_009700,5,1,4,5,1.0,-0.0,0.0
R_009701,6,1,2,6,1.0,-0.0,0.0
R_009702,5,1,5,5,1.0,-0.0,0.0
R_009703,8,3,6,6,0.75,0.7356219397587946,0.6695919455357792
R_009704,6,1,3,6,1.0,-0.0,0.0
R_009705,7,1,4,7,1.0,-0.0,0.0
R_009706,8,1,3,8,1.0,-0.0,0.0
R_009707,5,1,0,5,1.0,-0.0,0.0
R_009708,8,3,7,5,0.625,0.9002560512685369,0.8194483718728035
R_009709,8,1,1,8,1.0,-0.0,0.0
R_009710,5,1,0,5,1.0,-0.0,0.0
R_009711,5,2,7,4,0.8,0.5004024235381879,0.7219280948873623
R_009712,8,1,3,8,1.0,-0.0,0.0
R_009713,5,2,7,4,0.8,0.5004024235381879,0.7219280948873623
R_009714,5,1,4,5,1.0,-0.0,0.0
R_009715,7,3,6,5,0.7142857142857143,0.796311640173813,0.7248340915057598
R_009716,7,1,5,7,1.0,-0.0,0.0
R_009717,7,1,4,7,1.0,-0.0,0.0
R_009718,6,2,5,5,0.8333333333333334,0.45056120886630463,0.6500224216483541
R_009719,6,4,2,2,0.3333333333333333,1.3296613488547582,0.9591479170272448
R_009720,7,2,6,6,0.8571428571428571,0.410116318288409,0.5916727785823274
R_009721,5,3,6,3,0.6,0.9502705392332347,0.8649735207179272
R_009722,6,1,4,6,1.0,-0.0,0.0
R_009723,8,1,0,8,1.0,-0.0,0.0
R_009724,6,1,4,6,1.0,-0.0,0.0
R_009725,6,1,3,6,1.0,-0.0,0.0
R_009726,8,1,0,8,1.0,-0.0,0.0
R_009727,8,1,3,8,1.0,-0.0,0.0
R_009728,6,2,7,5,0.8333333333333334,0.45056120886630463,0.6500224216483541
R_009729,8,3,7,5,0.625,0.9002560512685369,0.8194483718728035
R_009730,5,1,0,5,1.0,-0.0,0.0
R_009731,7,1,2,7,1.0,-0.0,0.0
R_009732,5,3,6,3,0.6,0.9502705392332347,0.8649735207179272
R_009733,6,1,5,6,1.0,-0.0,0.0
R_009734,6,2,6,5,0.8333333333333334,0.45056120886630463,0.6500224216483541
R_009735,7,1,4,7,1.0,-0.0,0.0
R_009736,5,1,0,5,1.0,-0.0,0.0
R_009737,8,1,3,8,1.0,-0.0,0.0
R_009738,7,3,7,4,0.5714285714285714,0.9556998911125343,0.8699155297736259
R_009739,6,1,1,6,1.0,-0.0,0.0
R_009740,7,1,1,7,1.0,-0.0,0.0
R_009741,8,1,4,8,1.0,-0.0,0.0
R_009742,8,4,7,4,0.5,1.2130075659799042,0.875
R_009743,6,1,3,6,1.0,-0.0,0.0
R_009744,7,1,4,7,1.0,-0.0,0.0
R_009745,7,2,6,6,0.8571428571428571,0.410116318288409,0.5916727785823274
R_009746,8,1,4,8,1.0,-0.0,0.0
R_009747,6,2,5,5,0.8333333333333334,0.45056120886630463,0.6500224216483541
R_009748,7,3,6,5,0.7142857142857143,0.796311640173813,0.7248340915057598
R_009749,6,1,1,6,1.0,-0.0,0.0
R_009750,6,2,5,5,0.8333333333333334,0.45056120886630463,0.6500224216483541
R_009751,7,1,4,7,1.0,-0.0,0.0
R_009752,5,1,4,5,1.0,-0.0,0.0
R_009753,5,1,5,5,1.0,-0.0,0.0
R_009754,8,1,0,8,1.0,-0.0,0.0
R_009755,7,1,2,7,1.0,-0.0,0.0
R_009756,6,1,2,6,1.0,-0.0,0.0
R_009757,5,1,3,5,1.0,-0.0,0.0
R_009758,5,1,4,5,1.0,-0.0,0.0
R_009759,8,4,7,4,0.5,1.2130075659799042,0.875
R_009760,6,1,0,6,1.0,-0.0,0.0
R_009761,5,2,6,4,0.8,0.5004024235381879,0.7219280948873623
R_009762,6,1,3,6,1.0,-0.0,0.0
R_009763,7,1,0,7,1.0,-0.0,0.0
R_009764,8,1,2,8,1.0,-0.0,0.0
R_009765,6,2,5,5,0.8333333333333334,0.45056120886630463,0.6500224216483541
R_009766,6,1,0,6,1.0,-0.0,0.0
R_009767,6,1,3,6,1.0,-0.0,0.0
R_009768,6,1,2,6,1.0,-0.0,0.0
R_009769,7,1,4,7,1.0,-0.0,0.0
R_009770,8,1,4,8,1.0,-0.0,0.0
R_009771,7,1,0,7,1.0,-0.0,0.0
R_009772,8,1,1,8,1.0,-0.0,0.0
R_009773,6,1,5,6,1.0,-0.0,0.0
R_009774,8,3,7,5,0.625,0.9002560512685369,0.8194483718728035
R_009775,6,3,7,3,0.5,1.0114042647073518,0.920619835714305
R_009776,8,4,7,4,0.5,1.2130075659799042,0.875
R_009777,7,2,5,6,0.8571428571428571,0.410116318288409,0.5916727785823274
R_009778,5,1,5,5,1.0,-0.0,0.0
R_009779,8,1,4,8,1.0,-0.0,0.0
R_009780,6,1,0,6,1.0,-0.0,0.0
R_009781,6,1,2,6,1.0,-0.0,0.0
R_009782,7,1,2,7,1.0,-0.0,0.0
R_009783,8,1,2,8,1.0,-0.0,0.0
R_009784,8,1,1,8,1.0,-0.0,0.0
R_009785,8,2,5,7,0.875,0.37677016125643675,0.5435644431995964
R_009786,7,3,7,4,0.5714285714285714,0.9556998911125343,0.8699155297736259
R_009787,6,1,1,6,1.0,-0.0,0.0
R_009788,5,1,4,5,1.0,-0.0,0.0
R_009789,8,1,4,8,1.0,-0.0,0.0
R_009790,7,1,3,7,1.0,-0.0,0.0
R_009791,5,1,2,5,1.0,-0.0,0.0
R_009792,6,2,5,5,0.8333333333333334,0.45056120886630463,0.6500224216483541
R_009793,6,1,2,6,1.0,-0.0,0.0
R_009794,6,3,7,4,0.6666666666666666,0.8675632284814612,0.7896900821428474
R_009795,7,2,6,6,0.8571428571428571,0.410116318288409,0.5916727785823274
R_009796,6,1,3,6,1.0,-0.0,0.0
R_009797,8,2,5,7,0.875,0.37677016125643675,0.5435644431995964
R_009798,5,1,6,5,1.0,-0.0,0.0
R_009799,6,1,3,6,1.0,-0.0,0.0
R_009800,6,1,1,6,1.0,-0.0,0.0
R_009801,8,3,7,6,0.75,0.7356219397587946,0.6695919455357792
R_009802,6,1,5,6,1.0,-0.0,0.0
R_009803,5,1,3,5,1.0,-0.0,0.0
R_009804,6,1,1,6,1.0,-0.0,0.0
R_009805,7,2,5,6,0.8571428571428571,0.410116318288409,0.5916727785823274
R_009806,7,1,1,7,1.0,-0.0,0.0
R_009807,8,1,3,8,1.0,-0.0,0.0
R_009808,8,1,2,8,1.0,-0.0,0.0
R_009809,5,1,2,5,1.0,-0.0,0.0
R_009810,7,2,6,6,0.8571428571428571,0.410116318288409,0.5916727785823274
R_009811,5,3,6,3,0.6,0.9502705392332347,0.8649735207179272
R_009812,6,1,1,6,1.0,-0.0,0.0
R_009813,8,1,2,8,1.0,-0.0,0.0
R_009814,5,1,3,5,1.0,-0.0,0.0
R_009815,7,1,4,7,1.0,-0.0,0.0
R_009816,8,2,6,7,0.875,0.37677016125643675,0.5435644431995964
R_009817,7,1,1,7,1.0,-0.0,0.0
R_009818,5,1,5,5,1.0,-0.0,0.0
R_009819,5,1,3,5,1.0,-0.0,0.0
R_009820,5,1,4,5,1.0,-0.0,0.0
R_009821,8,1,1,8,1.0,-0.0,0.0
R_009822,5,2,5,4,0.8,0.5004024235381879,0.7219280948873623
R_009823,5,1,0,5,1.0,-0.0,0.0
R_009824,7,1,1,7,1.0,-0.0,0.0
R_009825,5,1,3,5,1.0,-0.0,0.0
R_009826,8,1,4,8,1.0,-0.0,0.0
R_009827,7,3,6,5,0.7142857142857143,0.796311640173813,0.7248340915057598
R_009828,6,1,5,6,1.0,-0.0,0.0
R_009829,5,1,4,5,1.0,-0.0,0.0
R_009830,7,2,7,5,0.7142857142857143,0.5982695885852573,0.8631205685666311
R_009831,8,3,7,6,0.75,0.7356219397587946,0.6695919455357792
R_009832,5,1,4,5,1.0,-0.0,0.0
R_009833,7,1,0,7,1.0,-0.0,0.0
R_009834,6,1,2,6,1.0,-0.0,0.0
R_009835,6,2,5,5,0.8333333333333334,0.45056120886630463,0.6500224216483541
R_009836,6,3,6,4,0.6666666666666666,0.8675632284814612,0.7896900821428474
R_009837,7,1,1,7,1.0,-0.0,0.0
R_009838,7,4,7,4,0.5714285714285714,1.1537419427010902,0.8322488896002307
R_009839,5,1,3,5,1.0,-0.0,0.0
R_009840,5,1,0,5,1.0,-0.0,0.0
R_009841,6,2,6,5,0.8333333333333334,0.45056120886630463,0.6500224216483541
R_009842,7,1,4,7,1.0,-0.0,0.0
R_009843,8,1,1,8,1.0,-0.0,0.0
R_009844,6,2,5,5,0.8333333333333334,0.45056120886630463,0.6500224216483541
R_009845,6,1,0,6,1.0,-0.0,0.0
R_009846,6,2,5,5,0.8333333333333334,0.45056120886630463,0.6500224216483541
R_009847,5,1,1,5,1.0,-0.0,0.0
R_009848,5,1,0,5,1.0,-0.0,0.0
R_009849,5,4,2,2,0.4,1.3321790402101223,0.9609640474436812
R_009850,8,1,4,8,1.0,-0.0,0.0
R_009851,5,2,5,4,0.8,0.5004024235381879,0.7219280948873623
R_009852,5,1,0,5,1.0,-0.0,0.0
R_009853,5,1,3,5,1.0,-0.0,0.0
R_009854,6,1,4,6,1.0,-0.0,0.0
R_009855,8,4,7,5,0.625,1.073542846408523,0.7743974703476992
R_009856,6,1,2,6,1.0,-0.0,0.0
R_009857,7,1,4,7,1.0,-0.0,0.0
R_009858,6,1,3,6,1.0,-0.0,0.0
R_009859,6,3,6,4,0.6666666666666666,0.8675632284814612,0.7896900821428474
R_009860,8,1,4,8,1.0,-0.0,0.0
R_009861,7,1,1,7,1.0,-0.0,0.0
R_009862,7,4,7,3,0.42857142857142855,1.277034259466139,0.9211854965885543
R_009863,5,2,6,4,0.8,0.5004024235381879,0.7219280948873623
R_009864,7,1,1,7,1.0,-0.0,0.0
R_009865,8,1,2,8,1.0,-0.0,0.0
R_009866,7,1,4,7,1.0,-0.0,0.0
R_009867,8,2,5,7,0.875,0.37677016125643675,0.5435644431995964
R_009868,6,1,4,6,1.0,-0.0,0.0
R_009869,7,1,5,7,1.0,-0.0,0.0
R_009870,7,1,5,7,1.0,-0.0,0.0
R_009871,8,3,6,6,0.75,0.7356219397587946,0.6695919455357792
R_009872,7,3,6,5,0.7142857142857143,0.796311640173813,0.7248340915057598
R_009873,5,2,6,4,0.8,0.5004024235381879,0.7219280948873623
R_009874,5,1,6,5,1.0,-0.0,0.0
R_009875,8,2,5,7,0.875,0.37677016125643675,0.5435644431995964
R_009876,6,1,2,6,1.0,-0.0,0.0
R_009877,7,1,1,7,1.0,-0.0,0.0
R_009878,7,1,3,7,1.0,-0.0,0.0
R_009879,5,1,0,5,1.0,-0.0,0.0
R_009880,5,1,6,5,1.0,-0.0,0.0
R_009881,7,1,2,7,1.0,-0.0,0.0
R_009882,6,2,5,5,0.8333333333333334,0.45056120886630463,0.6500224216483541
R_009883,7,1,1,7,1.0,-0.0,0.0
R_009884,7,1,1,7,1.0,-0.0,0.0
R_009885,5,2,6,4,0.8,0.5004024235381879,0.7219280948873623
R_009886,7,1,3,7,1.0,-0.0,0.0
R_009887,8,4,7,4,0.5,1.2130075659799042,0.875
R_009888,6,2,7,4,0.6666666666666666,0.6365141682948128,0.9182958340544894
R_009889,8,4,7,4,0.5,1.2130075659799042,0.875
R_009890,8,1,5,8,1.0,-0.0,0.0
R_009891,8,1,5,8,1.0,-0.0,0.0
R_009892,8,3,6,6,0.75,0.7356219397587946,0.6695919455357792
R_009893,6,1,5,6,1.0,-0.0,0.0
R_009894,8,2,5,7,0.875,0.37677016125643675,0.5435644431995964
R_009895,7,3,7,4,0.5714285714285714,0.9556998911125343,0.8699155297736259
R_009896,6,2,6,5,0.8333333333333334,0.45056120886630463,0.6500224216483541
R_009897,5,1,7,5,1.0,-0.0,0.0
R_009898,8,1,1,8,1.0,-0.0,0.0
R_009899,5,1,4,5,1.0,-0.0,0.0
R_009900,6,1,1,6,1.0,-0.0,0.0
R_009901,8,1,0,8,1.0,-0.0,0.0
R_009902,6,1,3,6,1.0,-0.0,0.0
R_009903,7,4,7,4,0.5714285714285714,1.1537419427010902,0.8322488896002307
R_009904,8,1,3,8,1.0,-0.0,0.0
R_009905,5,1,2,5,1.0,-0.0,0.0
R_009906,7,1,3,7,1.0,-0.0,0.0
R_009907,8,1,1,8,1.0,-0.0,0.0
R_009908,5,1,5,5,1.0,-0.0,0.0
R_009909,6,1,2,6,1.0,-0.0,0.0
R_009910,7,1,0,7,1.0,-0.0,0.0
R_009911,6,1,3,6,1.0,-0.0,0.0
R_009912,6,1,1,6,1.0,-0.0,0.0
R_009913,7,2,6,6,0.8571428571428571,0.410116318288409,0.5916727785823274
R_009914,5,3,7,3,0.6,0.9502705392332347,0.8649735207179272
R_009915,8,3,6,6,0.75,0.7356219397587946,0.6695919455357792
R_009916,8,1,1,8,1.0,-0.0,0.0
R_009917,7,2,6,6,0.8571428571428571,0.410116318288409,0.5916727785823274
R_009918,8,2,5,7,0.875,0.37677016125643675,0.5435644431995964
R_009919,6,2,6,5,0.8333333333333334,0.45056120886630463,0.6500224216483541
R_009920,8,1,0,8,1.0,-0.0,0.0
R_009921,5,1,4,5,1.0,-0.0,0.0
R_009922,6,1,0,6,1.0,-0.0,0.0
R_009923,5,3,7,3,0.6,0.9502705392332347,0.8649735207179272
R_009924,6,1,0,6,1.0,-0.0,0.0
R_009925,5,1,0,5,1.0,-0.0,0.0
R_009926,5,2,7,4,0.8,0.5004024235381879,0.7219280948873623
R_009927,6,1,4,6,1.0,-0.0,0.0
R_009928,7,1,5,7,1.0,-0.0,0.0
R_009929,8,1,0,8,1.0,-0.0,0.0
R_009930,5,1,5,5,1.0,-0.0,0.0
R_009931,5,1,3,5,1.0,-0.0,0.0
R_009932,8,2,6,7,0.875,0.37677016125643675,0.5435644431995964
R_009933,6,1,4,6,1.0,-0.0,0.0
R_009934,5,3,2,2,0.4,1.0549201679861442,0.9602297178607612
R_009935,6,1,3,6,1.0,-0.0,0.0
R_009936,6,1,2,6,1.0,-0.0,0.0
R_009937,5,1,2,5,1.0,-0.0,0.0
R_009938,8,1,1,8,1.0,-0.0,0.0
R_009939,7,2,5,6,0.8571428571428571,0.410116318288409,0.5916727785823274
R_009940,5,1,0,5,1.0,-0.0,0.0
R_009941,7,1,4,7,1.0,-0.0,0.0
R_009942,8,1,2,8,1.0,-0.0,0.0
R_009943,6,1,2,6,1.0,-0.0,0.0
R_009944,6,1,5,6,1.0,-0.0,0.0
R_009945,6,1,0,6,1.0,-0.0,0.0
R_009946,7,1,3,7,1.0,-0.0,0.0
R_009947,6,3,7,4,0.6666666666666666,0.8675632284814612,0.7896900821428474
R_009948,8,1,0,8,1.0,-0.0,0.0
R_009949,7,1,2,7,1.0,-0.0,0.0
R_009950,5,1,5,5,1.0,-0.0,0.0
R_009951,7,1,1,7,1.0,-0.0,0.0
R_009952,5,1,4,5,1.0,-0.0,0.0
R_009953,6,1,1,6,1.0,-0.0,0.0
R_009954,6,3,6,4,0.6666666666666666,0.8675632284814612,0.7896900821428474
R_009955,8,2,5,7,0.875,0.37677016125643675,0.5435644431995964
R_009956,6,1,0,6,1.0,-0.0,0.0
R_009957,6,2,7,5,0.8333333333333334,0.45056120886630463,0.6500224216483541
R_009958,6,1,4,6,1.0,-0.0,0.0
R_009959,6,1,0,6,1.0,-0.0,0.0
R_009960,7,1,2,7,1.0,-0.0,0.0
R_009961,6,1,1,6,1.0,-0.0,0.0
R_009962,7,1,1,7,1.0,-0.0,0.0
R_009963,6,1,1,6,1.0,-0.0,0.0
R_009964,8,1,2,8,1.0,-0.0,0.0
R_009965,6,2,5,5,0.8333333333333334,0.45056120886630463,0.6500224216483541
R_009966,5,1,2,5,1.0,-0.0,0.0
R_009967,6,3,6,4,0.6666666666666666,0.8675632284814612,0.7896900821428474
R_009968,8,1,2,8,1.0,-0.0,0.0
R_009969,5,1,3,5,1.0,-0.0,0.0
R_009970,6,1,3,6,1.0,-0.0,0.0
R_009971,7,3,6,5,0.7142857142857143,0.796311640173813,0.7248340915057598
R_009972,7,2,6,6,0.8571428571428571,0.410116318288409,0.5916727785823274
R_009973,7,1,2,7,1.0,-0.0,0.0
R_009974,8,1,4,8,1.0,-0.0,0.0
R_009975,6,1,3,6,1.0,-0.0,0.0
R_009976,7,1,4,7,1.0,-0.0,0.0
R_009977,6,1,1,6,1.0,-0.0,0.0
R_009978,6,1,5,6,1.0,-0.0,0.0
R_009979,6,1,4,6,1.0,-0.0,0.0
R_009980,8,1,0,8,1.0,-0.0,0.0
R_009981,5,1,0,5,1.0,-0.0,0.0
R_009982,6,2,5,5,0.8333333333333334,0.45056120886630463,0.6500224216483541
R_009983,6,1,1,6,1.0,-0.0,0.0
R_009984,6,3,7,4,0.6666666666666666,0.8675632284814612,0.7896900821428474
R_009985,7,1,1,7,1.0,-0.0,0.0
R_009986,8,1,3,8,1.0,-0.0,0.0
R_009987,7,2,5,6,0.8571428571428571,0.410116318288409,0.5916727785823274
R_009988,6,2,5,5,0.8333333333333334,0.45056120886630463,0.6500224216483541
R_009989,7,1,4,7,1.0,-0.0,0.0
R_009990,5,1,0,5,1.0,-0.0,0.0
R_009991,6,1,3,6,1.0,-0.0,0.0
R_009992,8,1,1,8,1.0,-0.0,0.0
R_009993,8,3,7,5,0.625,0.9002560512685369,0.8194483718728035
R_009994,6,3,7,4,0.6666666666666666,0.8675632284814612,0.7896900821428474
R_009995,7,3,7,4,0.5714285714285714,0.9556998911125343,0.8699155297736259
R_009996,7,1,4,7,1.0,-0.0,0.0
R_009997,8,1,1,8,1.0,-0.0,0.0
R_009998,5,1,4,5,1.0,-0.0,0.0
R_009999,6,1,2,6,1.0,-0.0,0.0
