resume_id,job_id,semantic_score,semantic_rank,katz_score,katz_rank,selected_k,prediction_method
R_003561,J_000000,0.797736644744873,31,0.003779217938760334,23,50,semantic_katz_consensus
R_006124,J_000000,0.7964996099472046,33,0.003752139945290755,25,50,semantic_katz_consensus
R_000084,J_000001,0.8655336499214172,6,0.0033071163588001785,22,50,semantic_katz_consensus
R_002125,J_000001,0.8150216937065125,38,0.003431409533105909,14,50,semantic_katz_consensus
R_002746,J_000001,0.8440961241722107,22,0.0029677191189998627,49,50,semantic_katz_consensus
R_003831,J_000001,0.8051734566688538,47,0.0036939406822471465,7,50,semantic_katz_consensus
R_005014,J_000001,0.8052883744239807,46,0.0031824099997767538,28,50,semantic_katz_consensus
R_008311,J_000001,0.8515328764915466,16,0.003423057414633458,15,50,semantic_katz_consensus
R_008358,J_000001,0.8582279682159424,10,0.003454960768106632,12,50,semantic_katz_consensus
R_004892,J_000002,0.8666799664497375,39,0.0033620987151747233,40,50,semantic_katz_consensus
R_006353,J_000002,0.8755539655685425,17,0.0033445385851036047,43,50,semantic_katz_consensus
R_005194,J_000003,0.8376067876815796,9,0.0029047535433343167,36,50,semantic_katz_consensus
R_002249,J_000004,0.8839843273162842,30,0.00422220512535327,6,50,semantic_katz_consensus
R_008826,J_000004,0.8829279541969299,34,0.0032573134997652643,20,50,semantic_katz_consensus
R_008287,J_000005,0.7301695942878723,49,0.0037166803096578965,30,50,semantic_katz_consensus
R_009784,J_000005,0.8118669986724854,42,0.0035485458575560264,35,50,semantic_katz_consensus
R_008030,J_000006,0.8115353584289551,46,0.0039322270835610035,33,50,semantic_katz_consensus
R_001247,J_000007,0.8003983497619629,50,0.004215063037343071,12,50,semantic_katz_consensus
R_005288,J_000008,0.8911309838294983,1,0.0034234410756603228,11,50,semantic_katz_consensus
R_009833,J_000008,0.8217151761054993,47,0.0029481373508765184,37,50,semantic_katz_consensus
R_003175,J_000009,0.8227675557136536,35,0.003260117221716634,21,50,semantic_katz_consensus
R_006396,J_000011,0.8097407221794128,39,0.004242554215530344,3,50,semantic_katz_consensus
R_007520,J_000011,0.8116543889045715,37,0.0037401872591223753,16,50,semantic_katz_consensus
R_008834,J_000011,0.8904045224189758,5,0.003601536099569175,22,50,semantic_katz_consensus
R_006419,J_000012,0.8674811720848083,45,0.0033704508336471744,46,50,semantic_katz_consensus
R_008166,J_000013,0.8563456535339355,29,0.003389176708644302,26,50,semantic_katz_consensus
R_003017,J_000014,0.7358107566833496,48,0.004002718408263613,18,50,semantic_katz_consensus
R_003766,J_000014,0.8157450556755066,11,0.003857308821727079,21,50,semantic_katz_consensus
R_000363,J_000015,0.8250675797462463,47,0.003899910545370136,30,50,semantic_katz_consensus
R_003238,J_000015,0.8627890348434448,22,0.003919448027957237,29,50,semantic_katz_consensus
R_007839,J_000015,0.8243441581726074,48,0.004153307492139779,15,50,semantic_katz_consensus
R_008030,J_000015,0.878143310546875,15,0.003691196007677435,45,50,semantic_katz_consensus
R_003161,J_000016,0.8737682700157166,13,0.0036485647603435485,22,50,semantic_katz_consensus
R_003798,J_000016,0.8589682579040527,38,0.0036162777458435096,26,50,semantic_katz_consensus
R_005446,J_000017,0.8907069563865662,15,0.00429116180594842,37,50,semantic_katz_consensus
R_000682,J_000018,0.8507503867149353,45,0.004492350594604058,20,50,semantic_katz_consensus
R_003931,J_000018,0.8816382884979248,12,0.004947334752901617,10,50,semantic_katz_consensus
R_005896,J_000018,0.8726364374160767,22,0.004374830609127076,26,50,semantic_katz_consensus
R_009677,J_000018,0.8687853217124939,28,0.0040541297206330585,40,50,semantic_katz_consensus
R_008206,J_000020,0.8721885085105896,10,0.0037772110625535226,49,50,semantic_katz_consensus
R_009022,J_000020,0.8657407760620117,18,0.003829832405385221,47,50,semantic_katz_consensus
R_005733,J_000021,0.828837513923645,19,0.0037031044083095706,20,50,semantic_katz_consensus
R_001022,J_000022,0.8007826805114746,47,0.003307131120645593,38,50,semantic_katz_consensus
R_002459,J_000022,0.8853795528411865,29,0.0032278154453711807,48,50,semantic_katz_consensus
R_003163,J_000022,0.8989385366439819,11,0.003686783832391533,21,50,semantic_katz_consensus
R_004655,J_000022,0.8889450430870056,24,0.0032310028283494153,46,50,semantic_katz_consensus
R_007520,J_000022,0.8043959736824036,39,0.0033262554185149997,36,50,semantic_katz_consensus
R_008500,J_000023,0.8501450419425964,27,0.0036473399680358814,20,50,semantic_katz_consensus
R_003935,J_000024,0.8540902733802795,30,0.0029250288242843184,42,50,semantic_katz_consensus
R_005407,J_000024,0.8883622884750366,4,0.003344553346949019,15,50,semantic_katz_consensus
R_005373,J_000025,0.8434590697288513,15,0.0031768320795648435,35,50,semantic_katz_consensus
R_005432,J_000025,0.8383798599243164,26,0.003355296002655146,24,50,semantic_katz_consensus
R_001268,J_000026,0.8661859631538391,24,0.003605903989318833,14,50,semantic_katz_consensus
R_005668,J_000028,0.8499012589454651,14,0.003532210519792575,18,50,semantic_katz_consensus
R_005403,J_000030,0.8099647164344788,39,0.0032122769533522878,30,50,semantic_katz_consensus
R_008650,J_000032,0.7553941607475281,41,0.003166473084885581,47,50,semantic_katz_consensus
R_001496,J_000033,0.783154308795929,39,0.003995546796562586,7,50,semantic_katz_consensus
R_002624,J_000033,0.8094478249549866,20,0.003603144552903707,23,50,semantic_katz_consensus
R_003203,J_000034,0.8433648347854614,12,0.0033557091873728396,21,50,semantic_katz_consensus
R_005668,J_000034,0.8242762088775635,21,0.0031537383148180576,38,50,semantic_katz_consensus
R_007543,J_000034,0.7812477946281433,44,0.0031971368842056737,32,50,semantic_katz_consensus
R_008274,J_000034,0.7842271327972412,41,0.0031636988866250407,37,50,semantic_katz_consensus
R_008659,J_000035,0.838350772857666,47,0.0028776165024830803,43,50,semantic_katz_consensus
R_009797,J_000035,0.8626249432563782,38,0.0034162842258047095,16,50,semantic_katz_consensus
R_004161,J_000036,0.8414537906646729,25,0.004131010573137551,9,50,semantic_katz_consensus
R_005991,J_000036,0.7871809005737305,41,0.0035752106663079113,35,50,semantic_katz_consensus
R_006109,J_000036,0.8339548110961914,30,0.003527842630042917,38,50,semantic_katz_consensus
R_009293,J_000036,0.8365451097488403,28,0.0036031002673674634,34,50,semantic_katz_consensus
R_002219,J_000037,0.8103381991386414,24,0.0042764349215195,11,50,semantic_katz_consensus
R_004339,J_000038,0.8769195079803467,22,0.005237770264947822,1,50,semantic_katz_consensus
R_007802,J_000038,0.8807260990142822,14,0.003850520871052916,18,50,semantic_katz_consensus
R_005031,J_000039,0.8448706269264221,32,0.0032692661859336438,32,50,semantic_katz_consensus
R_007221,J_000039,0.7319952249526978,48,0.003473627595722102,21,50,semantic_katz_consensus
R_005536,J_000040,0.871205747127533,8,0.0033513265357777676,33,50,semantic_katz_consensus
R_005818,J_000040,0.8784011602401733,2,0.003210284838990891,44,50,semantic_katz_consensus
R_006024,J_000040,0.8120917081832886,49,0.0034732291728498225,29,50,semantic_katz_consensus
R_003741,J_000041,0.8701823949813843,39,0.002534220272114557,37,50,semantic_katz_consensus
R_003890,J_000041,0.8945910334587097,13,0.0035457273737592426,3,50,semantic_katz_consensus
R_008708,J_000041,0.8977038860321045,9,0.0027569091340278636,21,50,semantic_katz_consensus
R_001098,J_000042,0.8687814474105835,16,0.003973648300432638,11,50,semantic_katz_consensus
R_002011,J_000042,0.8511460423469543,22,0.0053736029407042375,1,50,semantic_katz_consensus
R_003399,J_000042,0.8616382479667664,20,0.0033561223720905337,33,50,semantic_katz_consensus
R_002587,J_000043,0.8817493319511414,2,0.0035640843495749197,29,50,semantic_katz_consensus
R_005621,J_000043,0.8589024543762207,20,0.0049385399260206434,1,50,semantic_katz_consensus
R_007397,J_000043,0.842806339263916,37,0.003543764783088675,30,50,semantic_katz_consensus
R_007671,J_000043,0.8152927756309509,45,0.0041437453432050745,6,50,semantic_katz_consensus
R_009997,J_000043,0.8573646545410156,22,0.0035123041380240236,32,50,semantic_katz_consensus
R_002429,J_000044,0.8467748761177063,26,0.004058497610382717,18,50,semantic_katz_consensus
R_002754,J_000044,0.8599679470062256,13,0.003554507438794802,42,50,semantic_katz_consensus
R_000858,J_000045,0.8624224662780762,30,0.0031537087911272287,26,50,semantic_katz_consensus
R_000972,J_000045,0.8129944205284119,50,0.002902333482409812,41,50,semantic_katz_consensus
R_001268,J_000045,0.8594508171081543,32,0.002948948958466492,37,50,semantic_katz_consensus
R_004317,J_000046,0.8341162204742432,29,0.0030349935370334083,34,50,semantic_katz_consensus
R_004922,J_000046,0.8391695618629456,23,0.003172065766942906,24,50,semantic_katz_consensus
R_005447,J_000046,0.8528287410736084,5,0.0030848111579137366,30,50,semantic_katz_consensus
R_008568,J_000046,0.8527927398681641,6,0.0038138954904940485,2,50,semantic_katz_consensus
R_008907,J_000046,0.845616340637207,13,0.002921074119252354,41,50,semantic_katz_consensus
R_009008,J_000046,0.8170771598815918,42,0.0032756409518901125,20,50,semantic_katz_consensus
R_005785,J_000047,0.8692255020141602,8,0.0036565184559437204,36,50,semantic_katz_consensus
R_009325,J_000047,0.870121955871582,6,0.004889165013548838,3,50,semantic_katz_consensus
R_009892,J_000047,0.8584675192832947,22,0.004789957718351289,4,50,semantic_katz_consensus
R_000623,J_000049,0.8498840928077698,30,0.003603897113112022,11,50,semantic_katz_consensus
R_001159,J_000049,0.871336042881012,4,0.0030274235024601017,50,50,semantic_katz_consensus
R_000407,J_000051,0.8588385581970215,31,0.003101131733831774,39,50,semantic_katz_consensus
R_000267,J_000052,0.7972584962844849,49,0.003502314042526212,19,50,semantic_katz_consensus
R_001022,J_000052,0.812180757522583,37,0.0032250560089560547,34,50,semantic_katz_consensus
R_002242,J_000052,0.8761866688728333,16,0.003315483239118044,26,50,semantic_katz_consensus
R_007520,J_000052,0.8056412935256958,40,0.004326208256863585,1,50,semantic_katz_consensus
R_001627,J_000053,0.8152059316635132,20,0.0034433917429651175,35,50,semantic_katz_consensus
R_005385,J_000053,0.8475390076637268,6,0.005276786182740365,3,50,semantic_katz_consensus
R_007576,J_000053,0.8043060302734375,25,0.00337564509283222,43,50,semantic_katz_consensus
R_007597,J_000054,0.8928941488265991,7,0.00462182326624942,3,50,semantic_katz_consensus
R_003008,J_000055,0.7168486714363098,48,0.004158900174197103,11,50,semantic_katz_consensus
R_004374,J_000055,0.7934466600418091,45,0.0033999193643504287,46,50,semantic_katz_consensus
R_008287,J_000055,0.7164950966835022,49,0.004061684993360951,16,50,semantic_katz_consensus
R_008805,J_000055,0.8280951976776123,24,0.0033919656687502573,47,50,semantic_katz_consensus
R_009784,J_000055,0.8012214303016663,42,0.0033891914704897164,48,50,semantic_katz_consensus
R_003017,J_000056,0.7431643605232239,35,0.003280820449229744,31,50,semantic_katz_consensus
R_005281,J_000056,0.731054425239563,48,0.003352123381522326,26,50,semantic_katz_consensus
R_006769,J_000056,0.7869256138801575,24,0.003197151646051088,35,50,semantic_katz_consensus
R_004175,J_000057,0.853455662727356,33,0.003160511503646806,43,50,semantic_katz_consensus
R_009377,J_000058,0.8819841146469116,27,0.0041871734362835195,13,50,semantic_katz_consensus
R_009563,J_000058,0.8685446381568909,46,0.0038995564080341006,25,50,semantic_katz_consensus
R_002878,J_000059,0.7701132297515869,49,0.0039325812208970395,25,50,semantic_katz_consensus
R_009483,J_000059,0.8454102277755737,20,0.004205884549435233,21,50,semantic_katz_consensus
R_004922,J_000060,0.8403223156929016,34,0.004035772744817381,3,50,semantic_katz_consensus
R_006241,J_000060,0.8717402219772339,6,0.003745337232771178,5,50,semantic_katz_consensus
R_008568,J_000060,0.8764454126358032,3,0.004145353796539607,2,50,semantic_katz_consensus
R_001016,J_000061,0.8381174802780151,45,0.0036541426805554588,40,50,semantic_katz_consensus
R_002288,J_000061,0.880110502243042,28,0.00406565446023833,15,50,semantic_katz_consensus
R_004082,J_000061,0.83772873878479,46,0.0036194946525125735,43,50,semantic_katz_consensus
R_005896,J_000061,0.836061954498291,50,0.0036465578841367373,42,50,semantic_katz_consensus
R_009305,J_000061,0.8954983949661255,14,0.004052949213861635,16,50,semantic_katz_consensus
R_002262,J_000062,0.8989749550819397,4,0.0030298435633846063,48,50,semantic_katz_consensus
R_006396,J_000062,0.8267536759376526,43,0.0030222735288112992,49,50,semantic_katz_consensus
R_002303,J_000063,0.8482682108879089,32,0.003971243001353548,18,50,semantic_katz_consensus
R_008923,J_000063,0.8790607452392578,11,0.004136573731504048,13,50,semantic_katz_consensus
R_003561,J_000064,0.8260154724121094,33,0.004374417424409382,11,50,semantic_katz_consensus
R_003618,J_000064,0.8688055872917175,3,0.0037166655478124816,35,50,semantic_katz_consensus
R_007933,J_000064,0.8361148238182068,26,0.0042592879761660755,14,50,semantic_katz_consensus
R_008878,J_000065,0.8650093078613281,17,0.005327031750183802,8,50,semantic_katz_consensus
R_006581,J_000066,0.7734856009483337,23,0.0030330161845174264,29,50,semantic_katz_consensus
R_002457,J_000067,0.8828131556510925,8,0.003351341297623182,30,50,semantic_katz_consensus
R_003058,J_000067,0.8474154472351074,30,0.004472045789963228,2,50,semantic_katz_consensus
R_008783,J_000067,0.8735303282737732,17,0.00405930921797269,6,50,semantic_katz_consensus
R_002235,J_000068,0.8929045796394348,11,0.0038544903379302943,3,50,semantic_katz_consensus
R_004962,J_000068,0.8810049295425415,31,0.002705925768221526,23,50,semantic_katz_consensus
R_005405,J_000068,0.8958434462547302,5,0.002633412805466691,30,50,semantic_katz_consensus
R_007439,J_000068,0.8950300812721252,7,0.0026206485117083386,31,50,semantic_katz_consensus
R_005385,J_000069,0.8581557869911194,8,0.003994764712663442,15,50,semantic_katz_consensus
R_006087,J_000069,0.8403765559196472,18,0.003714673433451085,29,50,semantic_katz_consensus
R_007576,J_000069,0.8183605074882507,25,0.0037345945770650506,28,50,semantic_katz_consensus
R_008027,J_000070,0.8848463892936707,11,0.003915508084770687,31,50,semantic_katz_consensus
R_006331,J_000071,0.8643152713775635,3,0.003664472151543892,21,50,semantic_katz_consensus
R_007749,J_000071,0.8492168188095093,19,0.003565678041064037,26,50,semantic_katz_consensus
R_003763,J_000072,0.870300829410553,12,0.0027174800315176257,38,50,semantic_katz_consensus
R_008896,J_000072,0.8493862748146057,36,0.0028122899132746876,25,50,semantic_katz_consensus
R_009590,J_000072,0.8727692365646362,6,0.004011070526736064,1,50,semantic_katz_consensus
R_002480,J_000073,0.8779264092445374,3,0.0035130714600777532,6,50,semantic_katz_consensus
R_002505,J_000073,0.8614144325256348,13,0.0032676429707536973,9,50,semantic_katz_consensus
R_005781,J_000073,0.8452273607254028,36,0.0030764295157504565,14,50,semantic_katz_consensus
R_006241,J_000073,0.8344398736953735,47,0.002963690604740826,23,50,semantic_katz_consensus
R_006759,J_000073,0.8730806112289429,6,0.002603117905328049,49,50,semantic_katz_consensus
R_001247,J_000074,0.8612772822380066,10,0.00326568038008313,15,50,semantic_katz_consensus
R_002212,J_000074,0.8496952056884766,21,0.002904325596771209,42,50,semantic_katz_consensus
R_002011,J_000075,0.8358100056648254,33,0.00423899793337066,9,50,semantic_katz_consensus
R_001433,J_000076,0.8749040365219116,34,0.003967288296321583,38,50,semantic_katz_consensus
R_002153,J_000076,0.8776279091835022,30,0.004898328739611262,9,50,semantic_katz_consensus
R_000134,J_000077,0.8158288598060608,39,0.003101161257522603,43,50,semantic_katz_consensus
R_007422,J_000077,0.8843967318534851,4,0.004444126665212847,3,50,semantic_katz_consensus
R_002395,J_000078,0.7918846011161804,49,0.003081638536780917,33,50,semantic_katz_consensus
R_006781,J_000079,0.8783355355262756,32,0.0026485528746133047,43,50,semantic_katz_consensus
R_009042,J_000079,0.8824285268783569,22,0.003031820915900588,19,50,semantic_katz_consensus
R_007504,J_000080,0.8298615217208862,47,0.004541769792612107,6,50,semantic_katz_consensus
R_008783,J_000080,0.8688020706176758,13,0.00467084404138519,3,50,semantic_katz_consensus
R_008797,J_000081,0.7944742441177368,38,0.003000360270835937,29,50,semantic_katz_consensus
R_004228,J_000082,0.8843012452125549,7,0.003864082010555827,14,50,semantic_katz_consensus
R_009716,J_000082,0.8789637684822083,9,0.0033055079054656465,45,50,semantic_katz_consensus
R_003005,J_000083,0.776267945766449,37,0.002724636881373239,32,50,semantic_katz_consensus
R_003287,J_000083,0.7935227155685425,24,0.002691184121947191,35,50,semantic_katz_consensus
R_009033,J_000083,0.7695136666297913,40,0.0031262323747853708,12,50,semantic_katz_consensus
R_009350,J_000083,0.7583749890327454,50,0.0030501483680254364,14,50,semantic_katz_consensus
R_004910,J_000084,0.7987967729568481,46,0.00321629070576591,40,50,semantic_katz_consensus
R_007105,J_000084,0.8900923132896423,16,0.003966048742168502,7,50,semantic_katz_consensus
R_003872,J_000085,0.8689244985580444,30,0.003073256894617637,24,50,semantic_katz_consensus
R_004592,J_000085,0.8654909133911133,34,0.0028278431671389954,42,50,semantic_katz_consensus
R_006730,J_000085,0.864899218082428,35,0.0028967408003524875,34,50,semantic_katz_consensus
R_006937,J_000085,0.8140520453453064,43,0.0027561122882833046,46,50,semantic_katz_consensus
R_009987,J_000085,0.8771350383758545,14,0.003764476292485999,8,50,semantic_katz_consensus
R_003561,J_000086,0.8181184530258179,30,0.003183221607366727,50,50,semantic_katz_consensus
R_003907,J_000086,0.781843364238739,42,0.0033509133510600734,40,50,semantic_katz_consensus
R_004416,J_000086,0.7818503379821777,40,0.0034278089654099808,34,50,semantic_katz_consensus
R_008322,J_000086,0.8516807556152344,11,0.003420652115554368,35,50,semantic_katz_consensus
R_009328,J_000086,0.8252131342887878,25,0.003417877917293827,36,50,semantic_katz_consensus
R_009942,J_000086,0.7743799686431885,48,0.004292327550874429,5,50,semantic_katz_consensus
R_000132,J_000087,0.8945362567901611,4,0.004133784771398092,14,50,semantic_katz_consensus
R_003229,J_000087,0.8279864192008972,38,0.003960884006674286,19,50,semantic_katz_consensus
R_002746,J_000088,0.8821672797203064,1,0.0037760748413183426,36,50,semantic_katz_consensus
R_008311,J_000088,0.8596838116645813,20,0.004710273143895427,5,50,semantic_katz_consensus
R_008358,J_000088,0.8662605881690979,11,0.0052294181464753705,1,50,semantic_katz_consensus
R_000262,J_000089,0.7543453574180603,50,0.0030879837790465567,27,50,semantic_katz_consensus
R_006095,J_000089,0.8352851867675781,31,0.00288880186659773,45,50,semantic_katz_consensus
R_000580,J_000091,0.8442577719688416,21,0.0033270227405687294,19,50,semantic_katz_consensus
R_001725,J_000091,0.7638552188873291,45,0.003050133606180022,39,50,semantic_katz_consensus
R_006095,J_000091,0.8330655097961426,35,0.0034720486660783987,10,50,semantic_katz_consensus
R_003270,J_000092,0.8824265599250793,6,0.0031294049959181905,25,50,semantic_katz_consensus
R_006505,J_000092,0.8924110531806946,1,0.00329436682688724,17,50,semantic_katz_consensus
R_000874,J_000093,0.8502548336982727,37,0.003360505023685606,29,50,semantic_katz_consensus
R_003931,J_000093,0.8835071325302124,12,0.004192352933623151,9,50,semantic_katz_consensus
R_005896,J_000093,0.8626067638397217,29,0.0033158816619903234,33,50,semantic_katz_consensus
R_009677,J_000093,0.8707059025764465,25,0.003139793514288282,47,50,semantic_katz_consensus
R_005332,J_000094,0.8385636210441589,31,0.0031039502176285583,46,50,semantic_katz_consensus
R_007263,J_000094,0.8354318737983704,32,0.0033397722724816674,25,50,semantic_katz_consensus
R_008621,J_000094,0.8512784242630005,20,0.003475221287211219,17,50,semantic_katz_consensus
R_001022,J_000095,0.8993430137634277,5,0.0035648959571648927,35,50,semantic_katz_consensus
R_007520,J_000095,0.8893866539001465,18,0.003796763306986038,25,50,semantic_katz_consensus
R_000754,J_000096,0.8805388808250427,18,0.004172018605291492,5,50,semantic_katz_consensus
R_001576,J_000097,0.7629998326301575,39,0.0028477495489075463,48,50,semantic_katz_consensus
R_007589,J_000097,0.7251334190368652,48,0.003294750487914105,14,50,semantic_katz_consensus
R_004767,J_000099,0.8798332214355469,18,0.005565642765142866,1,50,semantic_katz_consensus
R_009614,J_000099,0.8713661432266235,22,0.0039883899467069725,23,50,semantic_katz_consensus
R_000026,J_000100,0.813518762588501,17,0.0033648729134352637,25,50,semantic_katz_consensus
R_006724,J_000100,0.8205777406692505,11,0.0031680667763746987,42,50,semantic_katz_consensus
R_005467,J_000101,0.8125303387641907,29,0.0031572798351323277,26,50,semantic_katz_consensus
R_005653,J_000101,0.8372484445571899,10,0.0032660640411099947,21,50,semantic_katz_consensus
R_001581,J_000102,0.8116611838340759,48,0.003466455984021074,43,50,semantic_katz_consensus
R_002086,J_000103,0.7913862466812134,19,0.0035357815637976743,43,50,semantic_katz_consensus
R_002219,J_000103,0.7866073250770569,21,0.003907923288351966,17,50,semantic_katz_consensus
R_004417,J_000103,0.7198317646980286,47,0.0035955449946395712,39,50,semantic_katz_consensus
R_003769,J_000104,0.843672513961792,24,0.003736188268554168,18,50,semantic_katz_consensus
R_006045,J_000104,0.8218562006950378,38,0.0037811952912763158,15,50,semantic_katz_consensus
R_008981,J_000104,0.8128687143325806,43,0.0035138683058223118,29,50,semantic_katz_consensus
R_009932,J_000104,0.855961799621582,8,0.0037632957857145757,16,50,semantic_katz_consensus
R_007463,J_000105,0.849882185459137,23,0.0038764478814419003,39,50,semantic_katz_consensus
R_005372,J_000106,0.8699919581413269,8,0.0039604855838020064,24,50,semantic_katz_consensus
R_003980,J_000107,0.8727748990058899,4,0.003666051081187595,17,50,semantic_katz_consensus
R_000271,J_000108,0.8574355840682983,18,0.0031110923056387567,50,50,semantic_katz_consensus
R_004218,J_000108,0.8713024258613586,7,0.0037158539402225082,12,50,semantic_katz_consensus
R_004278,J_000108,0.8717743754386902,6,0.0035218515251133125,22,50,semantic_katz_consensus
R_002394,J_000109,0.8556342720985413,20,0.003241775007746371,46,50,semantic_katz_consensus
R_001589,J_000110,0.8503847122192383,42,0.0030807826436547,25,50,semantic_katz_consensus
R_008765,J_000111,0.8715285062789917,25,0.003801928042480254,14,50,semantic_katz_consensus
R_005964,J_000112,0.8134639263153076,42,0.003055696764546518,23,50,semantic_katz_consensus
R_000908,J_000113,0.8443586230278015,18,0.002578046788065281,37,50,semantic_katz_consensus
R_001030,J_000113,0.8259835839271545,27,0.003079218475856412,11,50,semantic_katz_consensus
R_004319,J_000113,0.8483666777610779,16,0.0033059210901833403,8,50,semantic_katz_consensus
R_009194,J_000113,0.77518630027771,49,0.002464097846593398,50,50,semantic_katz_consensus
R_003543,J_000114,0.8475652933120728,26,0.00309196800776935,37,50,semantic_katz_consensus
R_008166,J_000115,0.8318088054656982,43,0.0032369939332790197,35,50,semantic_katz_consensus
R_001522,J_000116,0.7723270058631897,23,0.0029074982179040287,38,50,semantic_katz_consensus
R_007589,J_000116,0.7553859353065491,42,0.003092366430641629,23,50,semantic_katz_consensus
R_007741,J_000116,0.7570134401321411,41,0.0029828001407648185,32,50,semantic_katz_consensus
R_001165,J_000117,0.8620306253433228,24,0.003631403053144709,26,50,semantic_katz_consensus
R_006174,J_000117,0.853119969367981,28,0.0035306168283034574,36,50,semantic_katz_consensus
R_007763,J_000117,0.7814633250236511,36,0.00445889783517801,9,50,semantic_katz_consensus
R_009412,J_000117,0.7747340202331543,39,0.0038788236568301614,16,50,semantic_katz_consensus
R_009709,J_000117,0.7828336358070374,35,0.003441384866758306,42,50,semantic_katz_consensus
R_002870,J_000118,0.8270090222358704,37,0.0033234369347182155,43,50,semantic_katz_consensus
R_007604,J_000118,0.8445754647254944,18,0.004518233319456799,3,50,semantic_katz_consensus
R_003287,J_000119,0.8038212656974792,23,0.003402324663429519,25,50,semantic_katz_consensus
R_004284,J_000119,0.7643187046051025,44,0.003202345905236134,42,50,semantic_katz_consensus
R_009033,J_000119,0.8127861022949219,11,0.003321858005074513,32,50,semantic_katz_consensus
R_000138,J_000120,0.8787066340446472,29,0.0034577054426763437,33,50,semantic_katz_consensus
R_002088,J_000120,0.8952804207801819,5,0.00398514351634708,7,50,semantic_katz_consensus
R_003879,J_000120,0.8626096248626709,43,0.00412025315558601,6,50,semantic_katz_consensus
R_002932,J_000121,0.8892434239387512,11,0.003991975752557486,18,50,semantic_katz_consensus
R_005896,J_000121,0.8314353227615356,48,0.003601137676696896,38,50,semantic_katz_consensus
R_001106,J_000122,0.8491303324699402,7,0.0032485481965751194,34,50,semantic_katz_consensus
R_002328,J_000122,0.8565828800201416,3,0.0038246381462001752,8,50,semantic_katz_consensus
R_004206,J_000122,0.843502402305603,10,0.003778007908298081,10,50,semantic_katz_consensus
R_002434,J_000123,0.7641422152519226,38,0.0034541196368258298,39,50,semantic_katz_consensus
R_006782,J_000123,0.8267752528190613,20,0.004637745419295178,3,50,semantic_katz_consensus
R_002395,J_000124,0.8719705939292908,4,0.0033724724716993996,31,50,semantic_katz_consensus
R_005808,J_000124,0.8578252792358398,24,0.0036752295690954334,12,50,semantic_katz_consensus
R_008839,J_000124,0.8045746088027954,39,0.003212291715197702,49,50,semantic_katz_consensus
R_003665,J_000125,0.8877272605895996,1,0.0030959374746467286,29,50,semantic_katz_consensus
R_004192,J_000125,0.8741474747657776,13,0.0032230491327492434,22,50,semantic_katz_consensus
R_005457,J_000125,0.87076336145401,17,0.003735789845681889,8,50,semantic_katz_consensus
R_009616,J_000125,0.8173462152481079,44,0.003031009308310615,35,50,semantic_katz_consensus
R_003609,J_000126,0.8744227886199951,10,0.003025431388098705,47,50,semantic_katz_consensus
R_001407,J_000128,0.8326219320297241,24,0.003638220527509701,20,50,semantic_katz_consensus
R_002457,J_000128,0.8157995939254761,35,0.0034302290263344857,32,50,semantic_katz_consensus
R_001561,J_000130,0.8161877989768982,28,0.002995180773496306,49,50,semantic_katz_consensus
R_000205,J_000131,0.8614113330841064,5,0.0037062770294423904,14,50,semantic_katz_consensus
R_009028,J_000131,0.848860502243042,11,0.003556101130283919,22,50,semantic_katz_consensus
R_006658,J_000132,0.880776047706604,23,0.0045047164654901314,6,50,semantic_katz_consensus
R_009488,J_000132,0.8798435926437378,24,0.004231398375106523,9,50,semantic_katz_consensus
R_005692,J_000133,0.8817890286445618,31,0.0036055203282919683,19,50,semantic_katz_consensus
R_006396,J_000133,0.8067011833190918,41,0.0032481645355482546,37,50,semantic_katz_consensus
R_007520,J_000133,0.8034900426864624,45,0.0036413783867971063,15,50,semantic_katz_consensus
R_000882,J_000134,0.8416585326194763,38,0.0028278136434481665,33,50,semantic_katz_consensus
R_005288,J_000134,0.8594117760658264,19,0.0031911753029668986,15,50,semantic_katz_consensus
R_003992,J_000135,0.8524003028869629,20,0.0026712482164878114,26,50,semantic_katz_consensus
R_006842,J_000135,0.8489399552345276,24,0.0032967426022755017,8,50,semantic_katz_consensus
R_007836,J_000135,0.8151366114616394,48,0.005159635096444832,1,50,semantic_katz_consensus
R_008064,J_000135,0.8774197697639465,2,0.0028569132749699704,19,50,semantic_katz_consensus
R_000132,J_000136,0.833825409412384,45,0.004319833490907116,12,50,semantic_katz_consensus
R_004157,J_000136,0.886227548122406,12,0.003854136200594259,24,50,semantic_katz_consensus
R_005692,J_000137,0.8818456530570984,33,0.003843762444069582,14,50,semantic_katz_consensus
R_006396,J_000137,0.8031808733940125,46,0.0036632916447724684,17,50,semantic_katz_consensus
R_007254,J_000138,0.8117693662643433,47,0.0032760246129169774,27,50,semantic_katz_consensus
R_009942,J_000138,0.8554239273071289,12,0.003207112217858071,33,50,semantic_katz_consensus
R_004098,J_000139,0.8805959820747375,3,0.003620630873747753,13,50,semantic_katz_consensus
R_008191,J_000139,0.8626401424407959,22,0.00304257833345213,34,50,semantic_katz_consensus
R_003822,J_000140,0.8982340097427368,6,0.004709874721023148,9,50,semantic_katz_consensus
R_008807,J_000140,0.8962006568908691,13,0.004066082406801438,30,50,semantic_katz_consensus
R_000536,J_000141,0.7929567694664001,44,0.003141800390495093,46,50,semantic_katz_consensus
R_003946,J_000141,0.7968593835830688,42,0.003188799527578637,40,50,semantic_katz_consensus
R_003829,J_000142,0.8978709578514099,2,0.0027951429679212627,38,50,semantic_katz_consensus
R_002303,J_000143,0.9063982963562012,2,0.004951702642651276,18,50,semantic_katz_consensus
R_003229,J_000143,0.8701231479644775,18,0.004795934061435479,21,50,semantic_katz_consensus
R_002625,J_000144,0.8642249703407288,25,0.0043903838629913835,9,50,semantic_katz_consensus
R_003149,J_000144,0.8771740198135376,10,0.0037537336367798723,46,50,semantic_katz_consensus
R_004426,J_000144,0.7901982665061951,50,0.003911479570511651,32,50,semantic_katz_consensus
R_007701,J_000145,0.8479025959968567,37,0.00399275783645663,20,50,semantic_katz_consensus
R_009406,J_000145,0.8732863664627075,5,0.003939767594443482,22,50,semantic_katz_consensus
R_002328,J_000146,0.854117751121521,7,0.003007133459664685,49,50,semantic_katz_consensus
R_007604,J_000146,0.8338263034820557,23,0.0031417856286496786,39,50,semantic_katz_consensus
R_001407,J_000147,0.80825275182724,34,0.004920640420458904,5,50,semantic_katz_consensus
R_002089,J_000147,0.7631044983863831,44,0.003269694132496752,49,50,semantic_katz_consensus
R_006671,J_000147,0.8362128734588623,21,0.003557325922591586,28,50,semantic_katz_consensus
R_008783,J_000147,0.7649586796760559,41,0.0038111212922335076,17,50,semantic_katz_consensus
R_005896,J_000148,0.8973990678787231,11,0.004084778758107737,9,50,semantic_katz_consensus
R_004175,J_000149,0.8656523823738098,13,0.0036266367405227715,39,50,semantic_katz_consensus
R_007727,J_000149,0.8411016464233398,39,0.003910284301894813,20,50,semantic_katz_consensus
R_007749,J_000149,0.8682524561882019,10,0.003688392285726065,33,50,semantic_katz_consensus
R_008400,J_000149,0.8577665686607361,22,0.0035589048522352887,45,50,semantic_katz_consensus
R_000966,J_000150,0.8812584280967712,1,0.0037823905598931536,6,50,semantic_katz_consensus
R_005373,J_000150,0.8748779296875,5,0.0030839995503237636,28,50,semantic_katz_consensus
R_001135,J_000151,0.8731653690338135,3,0.0030130950409034607,36,50,semantic_katz_consensus
R_003202,J_000151,0.7991685271263123,31,0.0033819903350978597,15,50,semantic_katz_consensus
R_007646,J_000151,0.8585410714149475,13,0.0039034815893752356,4,50,semantic_katz_consensus
R_009008,J_000151,0.7872968316078186,42,0.0032616961513603367,20,50,semantic_katz_consensus
R_003149,J_000152,0.8862808346748352,3,0.0035891849905285165,24,50,semantic_katz_consensus
R_005886,J_000152,0.8462740778923035,29,0.0032931715582704022,41,50,semantic_katz_consensus
R_005969,J_000152,0.8643572330474854,16,0.003368075058258913,35,50,semantic_katz_consensus
R_006774,J_000153,0.8594565391540527,34,0.0033513265357777676,39,50,semantic_katz_consensus
R_003331,J_000154,0.8884209990501404,10,0.0033330286073437482,42,50,semantic_katz_consensus
R_004536,J_000154,0.8887408375740051,8,0.00422463994812319,7,50,semantic_katz_consensus
R_007084,J_000154,0.8779661059379578,32,0.0036700795954466314,16,50,semantic_katz_consensus
R_007986,J_000154,0.8884661793708801,9,0.0035150783362845645,27,50,semantic_katz_consensus
R_002545,J_000155,0.8316624164581299,31,0.002844945826956177,22,50,semantic_katz_consensus
R_004881,J_000157,0.8972620368003845,15,0.00463615172780606,13,50,semantic_katz_consensus
R_006585,J_000157,0.8744955658912659,37,0.004262106459962859,23,50,semantic_katz_consensus
R_008281,J_000157,0.8909114003181458,22,0.00399632888046173,39,50,semantic_katz_consensus
R_002219,J_000158,0.7984917163848877,17,0.003563700688548055,19,50,semantic_katz_consensus
R_009643,J_000158,0.7246222496032715,50,0.003022258766965885,49,50,semantic_katz_consensus
R_006653,J_000159,0.8687036037445068,11,0.003227431784344316,49,50,semantic_katz_consensus
R_007763,J_000160,0.8664670586585999,22,0.004490373242088076,9,50,semantic_katz_consensus
R_009709,J_000160,0.8546497225761414,35,0.004533373388603413,8,50,semantic_katz_consensus
R_005895,J_000162,0.7814076542854309,40,0.0037226123672058423,16,50,semantic_katz_consensus
R_006786,J_000162,0.7977797985076904,25,0.00341982574611898,37,50,semantic_katz_consensus
R_008374,J_000164,0.816489040851593,31,0.0032923747125258437,26,50,semantic_katz_consensus
R_001627,J_000166,0.8337597250938416,16,0.004145353796539607,16,50,semantic_katz_consensus
R_004935,J_000166,0.778911828994751,50,0.0035557027074116397,41,50,semantic_katz_consensus
R_007576,J_000166,0.8193456530570984,23,0.0034569233587771996,50,50,semantic_katz_consensus
R_003353,J_000167,0.8767627477645874,25,0.003313092701884368,11,50,semantic_katz_consensus
R_005457,J_000167,0.8793337941169739,23,0.0029752596298823404,30,50,semantic_katz_consensus
R_003438,J_000168,0.883724570274353,15,0.0035907786820176335,40,50,semantic_katz_consensus
R_006550,J_000169,0.88186115026474,13,0.0029537152710884286,27,50,semantic_katz_consensus
R_000115,J_000170,0.8727726340293884,11,0.0028246410223153463,47,50,semantic_katz_consensus
R_001762,J_000171,0.8691803812980652,18,0.0033345927751420364,35,50,semantic_katz_consensus
R_006016,J_000172,0.8690410852432251,18,0.002905535627233461,23,50,semantic_katz_consensus
R_000800,J_000173,0.9044589996337891,3,0.002929027814852526,47,50,semantic_katz_consensus
R_003653,J_000173,0.8953268527984619,19,0.003954494478872402,5,50,semantic_katz_consensus
R_001407,J_000174,0.7642612457275391,45,0.0035210989649049973,39,50,semantic_katz_consensus
R_004107,J_000174,0.8560590744018555,11,0.0037971174443220735,21,50,semantic_katz_consensus
R_001496,J_000175,0.8081631064414978,34,0.0033951678135739063,15,50,semantic_katz_consensus
R_007203,J_000175,0.8106091022491455,33,0.0034589007112931815,11,50,semantic_katz_consensus
R_004973,J_000176,0.8815403580665588,32,0.004316262446902017,11,50,semantic_katz_consensus
R_009650,J_000176,0.9126678109169006,3,0.0039055179892728753,24,50,semantic_katz_consensus
R_005549,J_000177,0.9009184837341309,5,0.0029891749067212873,37,50,semantic_katz_consensus
R_007550,J_000177,0.8946361541748047,21,0.0032549524862224176,18,50,semantic_katz_consensus
R_009081,J_000177,0.8953867554664612,18,0.0030027360462241987,36,50,semantic_katz_consensus
R_009646,J_000177,0.9007049798965454,6,0.0031345992551032363,25,50,semantic_katz_consensus
R_006688,J_000178,0.8681815266609192,11,0.0033939725449570685,48,50,semantic_katz_consensus
R_004767,J_000179,0.8757343292236328,33,0.004283606533220527,4,50,semantic_katz_consensus
R_006330,J_000179,0.879288911819458,29,0.003582411801699768,22,50,semantic_katz_consensus
R_007594,J_000179,0.8553121089935303,42,0.0034971493070319955,27,50,semantic_katz_consensus
R_001326,J_000180,0.8845371007919312,7,0.003244593491543155,17,50,semantic_katz_consensus
R_003609,J_000180,0.805098831653595,43,0.0031051012007091527,23,50,semantic_katz_consensus
R_000536,J_000181,0.8994289040565491,3,0.0036087077112702025,13,50,semantic_katz_consensus
R_001545,J_000181,0.8705314993858337,37,0.0034194568469375296,16,50,semantic_katz_consensus
R_007329,J_000182,0.8774454593658447,21,0.004393940145151068,4,50,semantic_katz_consensus
R_008985,J_000182,0.8701916933059692,31,0.004648488075001305,2,50,semantic_katz_consensus
R_007311,J_000183,0.8235533237457275,40,0.003457690680830929,19,50,semantic_katz_consensus
R_009783,J_000183,0.8704282641410828,5,0.004160892288558499,10,50,semantic_katz_consensus
R_000006,J_000184,0.7598934173583984,45,0.0036509700594226386,36,50,semantic_katz_consensus
R_000954,J_000184,0.8669295310974121,3,0.003664472151543892,35,50,semantic_katz_consensus
R_002513,J_000185,0.8869745135307312,11,0.0035784275729769752,33,50,semantic_katz_consensus
R_002628,J_000185,0.8848592042922974,17,0.0036262530794959067,29,50,semantic_katz_consensus
R_005101,J_000185,0.884678065776825,18,0.003615480900098951,31,50,semantic_katz_consensus
R_006593,J_000185,0.8701044917106628,40,0.003440174836296054,42,50,semantic_katz_consensus
R_007329,J_000185,0.8709930181503296,38,0.004856877999048799,1,50,semantic_katz_consensus
R_008797,J_000186,0.7847497463226318,36,0.003914681715335299,14,50,semantic_katz_consensus
R_000890,J_000187,0.870409369468689,40,0.002646944421278773,49,50,semantic_katz_consensus
R_001756,J_000187,0.887398362159729,18,0.002703122046270156,40,50,semantic_katz_consensus
R_007304,J_000187,0.8791999220848083,32,0.0033561223720905337,10,50,semantic_katz_consensus
R_007836,J_000187,0.8792663812637329,31,0.0041692444070309505,1,50,semantic_katz_consensus
R_005501,J_000189,0.8067312836647034,25,0.0033118826714221153,13,50,semantic_katz_consensus
R_006109,J_000189,0.7734913229942322,47,0.003782788982765433,5,50,semantic_katz_consensus
R_006246,J_000189,0.7835772633552551,37,0.0038361776476508605,4,50,semantic_katz_consensus
R_006702,J_000191,0.8674695491790771,24,0.003043389941042103,39,50,semantic_katz_consensus
R_001951,J_000192,0.8543099761009216,29,0.0032385728629227223,26,50,semantic_katz_consensus
R_002789,J_000192,0.8462520837783813,39,0.003154918821589481,33,50,semantic_katz_consensus
R_003653,J_000192,0.8448684811592102,43,0.003947322867171374,2,50,semantic_katz_consensus
R_009785,J_000192,0.8721792101860046,8,0.0030828190435523402,39,50,semantic_katz_consensus
R_008027,J_000193,0.8928812146186829,6,0.0049827796266890614,3,50,semantic_katz_consensus
R_008066,J_000193,0.8738576173782349,18,0.003989570453478396,12,50,semantic_katz_consensus
R_006767,J_000195,0.892915666103363,23,0.0033354043827320094,42,50,semantic_katz_consensus
R_003646,J_000196,0.8465515971183777,3,0.0032939536421695463,9,50,semantic_katz_consensus
R_004169,J_000197,0.8334428668022156,42,0.0026943567430800113,50,50,semantic_katz_consensus
R_006016,J_000197,0.8524986505508423,24,0.0029828296644556474,30,50,semantic_katz_consensus
R_006311,J_000197,0.8550645709037781,21,0.003056109949264212,21,50,semantic_katz_consensus
R_002273,J_000198,0.8973672986030579,10,0.004270429054744482,26,50,semantic_katz_consensus
R_004157,J_000198,0.9037957191467285,3,0.004546152444207179,13,50,semantic_katz_consensus
R_000487,J_000199,0.8091086745262146,48,0.003462088094271416,24,50,semantic_katz_consensus
R_004255,J_000199,0.8772876262664795,13,0.0032417897695917854,42,50,semantic_katz_consensus
R_004004,J_000200,0.888954222202301,7,0.0034971345451865806,20,50,semantic_katz_consensus
R_006260,J_000200,0.8296579122543335,43,0.0033373817352479913,25,50,semantic_katz_consensus
R_008528,J_000200,0.8905977606773376,5,0.003803890633150822,7,50,semantic_katz_consensus
R_000079,J_000201,0.7949010133743286,47,0.004024218481521282,16,50,semantic_katz_consensus
R_001433,J_000201,0.8917964100837708,8,0.004330605670304072,7,50,semantic_katz_consensus
R_006769,J_000202,0.8660570383071899,10,0.0033979420118344468,26,50,semantic_katz_consensus
R_008584,J_000204,0.8769530653953552,22,0.0035210399175233395,6,50,semantic_katz_consensus
R_000299,J_000206,0.7804139852523804,50,0.003309108473161575,50,50,semantic_katz_consensus
R_001194,J_000206,0.8397226333618164,26,0.005004663360973595,2,50,semantic_katz_consensus
R_007204,J_000206,0.8517328500747681,13,0.00389117476587082,21,50,semantic_katz_consensus
R_009971,J_000206,0.858788788318634,7,0.003609106134142482,36,50,semantic_katz_consensus
R_000207,J_000207,0.8912804126739502,1,0.004878422357842711,2,50,semantic_katz_consensus
R_004472,J_000207,0.8693912625312805,17,0.003966078265859331,21,50,semantic_katz_consensus
R_004802,J_000208,0.8692247271537781,9,0.0035194757497250513,21,50,semantic_katz_consensus
R_008044,J_000208,0.8628238439559937,24,0.003044201548632076,39,50,semantic_katz_consensus
R_008166,J_000209,0.8425953984260559,28,0.0037369703524533122,15,50,semantic_katz_consensus
R_009008,J_000209,0.7816545963287354,50,0.003555319046384775,21,50,semantic_katz_consensus
R_000453,J_000210,0.8904525637626648,5,0.003089606994226503,47,50,semantic_katz_consensus
R_000759,J_000210,0.791937530040741,38,0.004078802415023547,4,50,semantic_katz_consensus
R_001827,J_000211,0.8806670904159546,8,0.00364776791459899,13,50,semantic_katz_consensus
R_003716,J_000211,0.8689563274383545,29,0.003387583017155185,24,50,semantic_katz_consensus
R_003946,J_000211,0.7861728072166443,47,0.003489180849586409,20,50,semantic_katz_consensus
R_002459,J_000212,0.8876209855079651,27,0.0035154619973114293,43,50,semantic_katz_consensus
R_004058,J_000212,0.9097598791122437,3,0.004391534846071977,6,50,semantic_katz_consensus
R_005692,J_000212,0.8782007694244385,37,0.004011100050426893,15,50,semantic_katz_consensus
R_007520,J_000212,0.8068910837173462,46,0.0036664937895961175,34,50,semantic_katz_consensus
R_009087,J_000212,0.8832587003707886,31,0.004207094579897486,9,50,semantic_katz_consensus
R_005896,J_000215,0.8346371650695801,39,0.0045158575440685375,19,50,semantic_katz_consensus
R_000854,J_000216,0.8786516189575195,19,0.0025612982655841355,47,50,semantic_katz_consensus
R_001561,J_000217,0.8514883518218994,14,0.0031015449185494677,21,50,semantic_katz_consensus
R_001705,J_000217,0.7790961861610413,47,0.0030078860198730004,26,50,semantic_katz_consensus
R_003385,J_000217,0.8378782272338867,30,0.003134200832230957,18,50,semantic_katz_consensus
R_007786,J_000217,0.8478207588195801,18,0.0028373905542282843,35,50,semantic_katz_consensus
R_000299,J_000218,0.8192231059074402,32,0.003027438264305516,50,50,semantic_katz_consensus
R_004713,J_000218,0.8565645813941956,16,0.003417863155448412,24,50,semantic_katz_consensus
R_008677,J_000218,0.7886580228805542,42,0.003617856675487212,16,50,semantic_katz_consensus
R_003412,J_000219,0.772508978843689,43,0.0035979207700278324,25,50,semantic_katz_consensus
R_005404,J_000219,0.8353337049484253,16,0.0031843873522927357,50,50,semantic_katz_consensus
R_007933,J_000219,0.8133223652839661,33,0.0033844103960223647,35,50,semantic_katz_consensus
R_008322,J_000219,0.836605966091156,14,0.0034302142644890713,33,50,semantic_katz_consensus
R_009328,J_000219,0.8305248022079468,21,0.003600739253824616,24,50,semantic_katz_consensus
R_004474,J_000220,0.8560107350349426,5,0.003421050538426647,36,50,semantic_katz_consensus
R_002219,J_000222,0.7839054465293884,45,0.0035736760222004524,29,50,semantic_katz_consensus
R_003248,J_000222,0.7952840924263,35,0.00344497067260882,45,50,semantic_katz_consensus
R_004417,J_000222,0.8598645925521851,11,0.003962861359190268,14,50,semantic_katz_consensus
R_008475,J_000222,0.8186257481575012,29,0.0046648529364555855,5,50,semantic_katz_consensus
R_006585,J_000223,0.8767854571342468,23,0.004559698821864676,11,50,semantic_katz_consensus
R_000366,J_000224,0.7794296741485596,42,0.0035955302327941563,9,50,semantic_katz_consensus
R_000444,J_000224,0.8610748052597046,12,0.003066468943943474,25,50,semantic_katz_consensus
R_002253,J_000224,0.7855144143104553,35,0.003017477692498533,35,50,semantic_katz_consensus
R_007405,J_000224,0.7783344984054565,46,0.002890395558086847,48,50,semantic_katz_consensus
R_009077,J_000224,0.7826451063156128,40,0.002946956844105095,42,50,semantic_katz_consensus
R_006396,J_000225,0.8547406196594238,49,0.003638604188536566,50,50,semantic_katz_consensus
R_000238,J_000226,0.8870247006416321,9,0.003603557737621401,28,50,semantic_katz_consensus
R_000972,J_000226,0.8115255832672119,50,0.004113848865938712,6,50,semantic_katz_consensus
R_006621,J_000226,0.8630455136299133,26,0.00461063790213477,3,50,semantic_katz_consensus
R_008813,J_000226,0.8521623015403748,36,0.0034381827219346576,38,50,semantic_katz_consensus
R_001293,J_000227,0.8868086934089661,7,0.0037609052484809,26,50,semantic_katz_consensus
R_002759,J_000227,0.8664392828941345,33,0.0035338042112816924,38,50,semantic_katz_consensus
R_008692,J_000228,0.8235642313957214,41,0.003326196371133342,25,50,semantic_katz_consensus
R_002075,J_000229,0.8559136390686035,12,0.0033808098283264363,32,50,semantic_katz_consensus
R_002309,J_000229,0.8607538938522339,7,0.00393218279802476,10,50,semantic_katz_consensus
R_005668,J_000229,0.845766544342041,32,0.003768062098336513,16,50,semantic_katz_consensus
R_007143,J_000229,0.8473318815231323,29,0.0034047152006631953,31,50,semantic_katz_consensus
R_001988,J_000230,0.8595794439315796,13,0.003774023679575288,50,50,semantic_katz_consensus
R_005031,J_000230,0.8379114270210266,32,0.0043600742010073265,17,50,semantic_katz_consensus
R_007221,J_000230,0.7456539273262024,49,0.005283928270750564,4,50,semantic_katz_consensus
R_008374,J_000230,0.8440322279930115,26,0.003925837555759121,36,50,semantic_katz_consensus
R_006985,J_000232,0.8734660148620605,24,0.003799139082374299,38,50,semantic_katz_consensus
R_007275,J_000232,0.8839396238327026,12,0.003717890340120149,46,50,semantic_katz_consensus
R_009892,J_000234,0.8555381298065186,27,0.004101925703461162,1,50,semantic_katz_consensus
R_002782,J_000235,0.8825574517250061,25,0.005101494880782882,3,50,semantic_katz_consensus
R_000283,J_000236,0.8665403127670288,34,0.003339403373300217,30,50,semantic_katz_consensus
R_000918,J_000236,0.8648136258125305,35,0.0032246428242383605,40,50,semantic_katz_consensus
R_001127,J_000236,0.8918886184692383,11,0.0035548910998216667,19,50,semantic_katz_consensus
R_002936,J_000236,0.8907791972160339,13,0.004290748621230726,4,50,semantic_katz_consensus
R_008983,J_000236,0.8750774264335632,27,0.0032393844705126953,39,50,semantic_katz_consensus
R_001546,J_000237,0.8180198073387146,42,0.0036353725200220875,25,50,semantic_katz_consensus
R_006396,J_000237,0.8210322260856628,40,0.0032888036685207447,46,50,semantic_katz_consensus
R_000012,J_000238,0.8454247713088989,4,0.003205916949241233,45,50,semantic_katz_consensus
R_001695,J_000238,0.8132124543190002,20,0.003225823331009784,43,50,semantic_katz_consensus
R_005501,J_000238,0.7987390756607056,40,0.0038317949960557885,16,50,semantic_katz_consensus
R_006246,J_000238,0.8487382531166077,3,0.0039055179892728753,13,50,semantic_katz_consensus
R_000966,J_000239,0.823101818561554,17,0.0033417791486884786,38,50,semantic_katz_consensus
R_009570,J_000239,0.7769559621810913,42,0.0032672888334176614,44,50,semantic_katz_consensus
R_007763,J_000240,0.8760071396827698,7,0.0031545499224080306,32,50,semantic_katz_consensus
R_008066,J_000241,0.7848377823829651,50,0.004637361758268313,7,50,semantic_katz_consensus
R_004082,J_000242,0.8291178941726685,44,0.003987607862807828,21,50,semantic_katz_consensus
R_006677,J_000242,0.8261332511901855,46,0.0037095086979568688,33,50,semantic_katz_consensus
R_009826,J_000242,0.8304804563522339,41,0.004117464195480055,18,50,semantic_katz_consensus
R_003001,J_000243,0.8816283345222473,11,0.0032704319308596522,45,50,semantic_katz_consensus
R_003876,J_000243,0.8676641583442688,36,0.0035055309491952755,29,50,semantic_katz_consensus
R_004153,J_000243,0.8633671998977661,46,0.0032752425290178333,44,50,semantic_katz_consensus
R_007663,J_000243,0.859664797782898,48,0.003823014931020229,9,50,semantic_katz_consensus
R_000238,J_000244,0.8942923545837402,13,0.0029800554661951065,22,50,semantic_katz_consensus
R_004340,J_000245,0.8785524964332581,16,0.004985981771512711,15,50,semantic_katz_consensus
R_007076,J_000245,0.8700634837150574,26,0.005046143625226887,13,50,semantic_katz_consensus
R_004636,J_000247,0.8589165210723877,31,0.0036724553708348926,23,50,semantic_katz_consensus
R_008878,J_000247,0.864956259727478,24,0.005952880273307528,1,50,semantic_katz_consensus
R_001148,J_000248,0.8702232837677002,40,0.003922650172780886,21,50,semantic_katz_consensus
R_001970,J_000248,0.8751901984214783,36,0.0037533499757530075,35,50,semantic_katz_consensus
R_007524,J_000248,0.8955798745155334,10,0.003535796325643089,49,50,semantic_katz_consensus
R_007959,J_000249,0.804791271686554,33,0.0032146674905859634,41,50,semantic_katz_consensus
R_009741,J_000250,0.8643330931663513,23,0.00412025315558601,23,50,semantic_katz_consensus
R_004363,J_000251,0.8571895956993103,8,0.0034023099015841047,7,50,semantic_katz_consensus
R_009532,J_000251,0.8458884954452515,26,0.0030616731076307077,18,50,semantic_katz_consensus
R_004161,J_000252,0.8595061302185059,4,0.003099567566033486,34,50,semantic_katz_consensus
R_004228,J_000254,0.8638507723808289,13,0.0027039484157055436,35,50,semantic_katz_consensus
R_008278,J_000254,0.8515634536743164,39,0.0027561122882833046,27,50,semantic_katz_consensus
R_002152,J_000255,0.8385854959487915,44,0.003686783832391533,32,50,semantic_katz_consensus
R_002655,J_000255,0.8873147964477539,25,0.004260468482937499,11,50,semantic_katz_consensus
R_003438,J_000255,0.9041765332221985,17,0.0037377819600432852,30,50,semantic_katz_consensus
R_005209,J_000256,0.8384293913841248,14,0.0035597016979798477,46,50,semantic_katz_consensus
R_007329,J_000257,0.8796178102493286,38,0.0035389984704667374,25,50,semantic_katz_consensus
R_006513,J_000258,0.8555339574813843,18,0.00307724112334043,35,50,semantic_katz_consensus
R_008746,J_000258,0.8236439228057861,43,0.002916278282939588,49,50,semantic_katz_consensus
R_006452,J_000259,0.8539079427719116,27,0.002559306151222739,49,50,semantic_katz_consensus
R_007154,J_000259,0.8696426749229431,12,0.0026820056340393526,36,50,semantic_katz_consensus
R_005428,J_000260,0.8781156539916992,2,0.002452145160425019,40,50,semantic_katz_consensus
R_006016,J_000260,0.8469324111938477,34,0.0029820180568656744,9,50,semantic_katz_consensus
R_000446,J_000261,0.8687995076179504,29,0.0024577083187915143,43,50,semantic_katz_consensus
R_008710,J_000261,0.8438745141029358,50,0.0023513441737383527,48,50,semantic_katz_consensus
R_009797,J_000261,0.8719285726547241,27,0.002853342230964871,17,50,semantic_katz_consensus
R_003766,J_000262,0.8523194193840027,11,0.003463696547605948,37,50,semantic_katz_consensus
R_005281,J_000262,0.7527022957801819,45,0.0036501289281418367,31,50,semantic_katz_consensus
R_006175,J_000262,0.8565964698791504,8,0.004652900250287206,5,50,semantic_katz_consensus
R_000456,J_000263,0.8726770281791687,25,0.0037696410279802156,23,50,semantic_katz_consensus
R_008807,J_000264,0.8834875822067261,19,0.0034668839305841822,46,50,semantic_katz_consensus
R_001148,J_000265,0.8671159744262695,40,0.0035254520928092413,47,50,semantic_katz_consensus
R_009471,J_000265,0.882158637046814,31,0.003597935531873247,35,50,semantic_katz_consensus
R_001383,J_000266,0.8751080632209778,26,0.0029900012761566747,46,50,semantic_katz_consensus
R_003251,J_000266,0.8809404373168945,19,0.0031891684267600874,33,50,semantic_katz_consensus
R_004748,J_000266,0.8925419449806213,8,0.00408876298683053,3,50,semantic_katz_consensus
R_008322,J_000267,0.7861597537994385,48,0.0033812082511987156,31,50,semantic_katz_consensus
R_002724,J_000268,0.8069350123405457,50,0.003667674296367541,8,50,semantic_katz_consensus
R_009570,J_000268,0.8135587573051453,45,0.0035027272272439057,10,50,semantic_katz_consensus
R_005814,J_000269,0.8807517886161804,19,0.002985987523743053,42,50,semantic_katz_consensus
R_007586,J_000269,0.8875106573104858,6,0.0029413641620477703,46,50,semantic_katz_consensus
R_004174,J_000270,0.866044819355011,37,0.003163270940061932,19,50,semantic_katz_consensus
R_006283,J_000270,0.8690718412399292,30,0.0032557050464307328,13,50,semantic_katz_consensus
R_007473,J_000270,0.8699656128883362,28,0.003100320126241801,22,50,semantic_katz_consensus
R_001134,J_000271,0.8599017858505249,19,0.00268042670439565,36,50,semantic_katz_consensus
R_002630,J_000271,0.8465131521224976,36,0.0029704490317241598,20,50,semantic_katz_consensus
R_005017,J_000271,0.850355327129364,30,0.003242557091645515,7,50,semantic_katz_consensus
R_007933,J_000272,0.8383669853210449,21,0.003484812959836751,33,50,semantic_katz_consensus
R_008154,J_000272,0.8584159016609192,7,0.003536976832414512,28,50,semantic_katz_consensus
R_007153,J_000273,0.8589913845062256,23,0.003543794306779504,9,50,semantic_katz_consensus
R_008687,J_000273,0.8339135050773621,45,0.0031784257710539606,29,50,semantic_katz_consensus
R_000006,J_000274,0.8405012488365173,21,0.0035597312216706766,38,50,semantic_katz_consensus
R_002541,J_000274,0.8165250420570374,36,0.004862455919260709,5,50,semantic_katz_consensus
R_003008,J_000274,0.8531627058982849,10,0.0044290013579116475,9,50,semantic_katz_consensus
R_008287,J_000274,0.8545799255371094,8,0.00415251064639522,15,50,semantic_katz_consensus
R_004284,J_000275,0.8497435450553894,18,0.002858920151176781,29,50,semantic_katz_consensus
R_005239,J_000275,0.8060330748558044,49,0.0027250500660909328,43,50,semantic_katz_consensus
R_005332,J_000275,0.8465139865875244,25,0.002797976213563461,35,50,semantic_katz_consensus
R_009350,J_000275,0.8562374114990234,7,0.003994735188972612,1,50,semantic_katz_consensus
R_005589,J_000276,0.879275918006897,30,0.004544543990872648,9,50,semantic_katz_consensus
R_008493,J_000276,0.904109001159668,2,0.0038947458098759196,35,50,semantic_katz_consensus
R_000713,J_000277,0.8684333562850952,20,0.0029350041579367155,49,50,semantic_katz_consensus
R_001178,J_000277,0.8497691750526428,40,0.0029927607125718016,41,50,semantic_katz_consensus
R_007636,J_000277,0.8689409494400024,17,0.0037270097806463296,13,50,semantic_katz_consensus
R_002328,J_000278,0.8417973518371582,15,0.0033493639451072,33,50,semantic_katz_consensus
R_004206,J_000278,0.846506655216217,9,0.0033087100502892956,38,50,semantic_katz_consensus
R_005626,J_000278,0.7430838942527771,44,0.003293968404014961,39,50,semantic_katz_consensus
R_002303,J_000279,0.8980387449264526,5,0.003860097781833034,26,50,semantic_katz_consensus
R_006721,J_000279,0.8865113258361816,22,0.003534984718053116,48,50,semantic_katz_consensus
R_001268,J_000280,0.8261378407478333,42,0.003258508768382102,34,50,semantic_katz_consensus
R_005785,J_000280,0.8253098130226135,48,0.0033688719040034718,29,50,semantic_katz_consensus
R_006696,J_000280,0.8447675704956055,15,0.003209915939809441,43,50,semantic_katz_consensus
R_007363,J_000280,0.8318354487419128,34,0.003419855269809809,27,50,semantic_katz_consensus
R_009325,J_000280,0.8436644673347473,16,0.0034270564052016656,26,50,semantic_katz_consensus
R_008643,J_000281,0.8798149824142456,15,0.003106724415889099,45,50,semantic_katz_consensus
R_002878,J_000282,0.8625848293304443,15,0.0028604990808204843,45,50,semantic_katz_consensus
R_003085,J_000282,0.8481947779655457,20,0.0031525282843558053,31,50,semantic_katz_consensus
R_000006,J_000283,0.8116275668144226,41,0.004590377383030184,5,50,semantic_katz_consensus
R_003008,J_000283,0.8374408483505249,14,0.0037226714145875005,36,50,semantic_katz_consensus
R_003092,J_000284,0.8871107697486877,36,0.0036381762419734572,27,50,semantic_katz_consensus
R_003163,J_000284,0.9116158485412598,4,0.0034812123921408233,37,50,semantic_katz_consensus
R_006396,J_000284,0.8143255710601807,40,0.003667674296367541,24,50,semantic_katz_consensus
R_007520,J_000284,0.8106933236122131,45,0.0036071287816265,31,50,semantic_katz_consensus
R_007130,J_000286,0.8679980635643005,15,0.0032242591632114957,36,50,semantic_katz_consensus
R_007661,J_000286,0.8798283934593201,7,0.004879204441741855,4,50,semantic_katz_consensus
R_003713,J_000287,0.8546082377433777,29,0.002867685454366926,49,50,semantic_katz_consensus
R_008839,J_000287,0.8706080913543701,4,0.004339725110830252,1,50,semantic_katz_consensus
R_002060,J_000289,0.7828133702278137,40,0.003653316311120071,13,50,semantic_katz_consensus
R_006817,J_000289,0.8360861539840698,21,0.0030493367604354634,41,50,semantic_katz_consensus
R_001903,J_000290,0.8464666604995728,38,0.0034222605688888994,36,50,semantic_katz_consensus
R_006601,J_000290,0.8735412955284119,7,0.0038744410052350894,15,50,semantic_katz_consensus
R_008864,J_000290,0.8566150665283203,31,0.003625839894778213,23,50,semantic_katz_consensus
R_004910,J_000292,0.8049620985984802,45,0.003680822251152758,39,50,semantic_katz_consensus
R_001944,J_000293,0.8550374507904053,29,0.003874013058671981,23,50,semantic_katz_consensus
R_002470,J_000293,0.8783280849456787,1,0.004189150788799502,13,50,semantic_katz_consensus
R_007763,J_000293,0.858188271522522,21,0.005392727238573644,1,50,semantic_katz_consensus
R_005350,J_000294,0.8837051391601562,12,0.0033473275452095596,20,50,semantic_katz_consensus
R_001022,J_000295,0.7776898741722107,43,0.005113831227978126,1,50,semantic_katz_consensus
R_007520,J_000295,0.7732167840003967,49,0.003557325922591586,27,50,semantic_katz_consensus
R_009947,J_000295,0.9037116169929504,6,0.003298749478482313,42,50,semantic_katz_consensus
R_002628,J_000296,0.7474846839904785,34,0.003940180779161175,12,50,semantic_katz_consensus
R_005456,J_000296,0.8908901214599609,26,0.004348947884274335,7,50,semantic_katz_consensus
R_007539,J_000296,0.8913947939872742,25,0.0044321887408898825,6,50,semantic_katz_consensus
R_007877,J_000297,0.844936728477478,44,0.0026796298586510914,38,50,semantic_katz_consensus
R_009785,J_000297,0.8552794456481934,38,0.003233009704556226,9,50,semantic_katz_consensus
R_002612,J_000298,0.8851224780082703,3,0.0029617280140702583,41,50,semantic_katz_consensus
R_003947,J_000298,0.8072870969772339,42,0.0030955538136198638,28,50,semantic_katz_consensus
R_004192,J_000298,0.8024548888206482,45,0.003015884001009416,34,50,semantic_katz_consensus
R_007954,J_000298,0.8719262480735779,18,0.0028951618707087844,43,50,semantic_katz_consensus
R_001545,J_000299,0.8760828375816345,24,0.0038222328471210847,11,50,semantic_katz_consensus
R_002162,J_000299,0.8888659477233887,11,0.0030214619212213262,45,50,semantic_katz_consensus
R_003946,J_000299,0.8916479349136353,9,0.003548944280428306,14,50,semantic_katz_consensus
R_000456,J_000300,0.8601219654083252,34,0.003716650785967067,22,50,semantic_katz_consensus
R_000713,J_000300,0.7814874053001404,43,0.00317284785084205,50,50,semantic_katz_consensus
R_006008,J_000301,0.7953552603721619,34,0.003411886812364223,18,50,semantic_katz_consensus
R_007605,J_000302,0.8430073261260986,39,0.002602734244301184,48,50,semantic_katz_consensus
R_000713,J_000303,0.8722608685493469,17,0.003383997211304671,41,50,semantic_katz_consensus
R_001903,J_000303,0.852108895778656,37,0.0034441738268642615,36,50,semantic_katz_consensus
R_008864,J_000303,0.8599926829338074,28,0.003472860273668372,33,50,semantic_katz_consensus
R_007119,J_000304,0.751244068145752,50,0.0034716650050515344,28,50,semantic_katz_consensus
R_007254,J_000304,0.7860758900642395,30,0.0033194527059954224,36,50,semantic_katz_consensus
R_009328,J_000304,0.7813641428947449,34,0.003593966064995868,18,50,semantic_katz_consensus
R_002936,J_000305,0.7955966591835022,47,0.0037178755782747343,25,50,semantic_katz_consensus
R_009405,J_000305,0.8001032471656799,41,0.0033864025103837615,46,50,semantic_katz_consensus
R_002961,J_000306,0.870642364025116,7,0.003771234719469333,36,50,semantic_katz_consensus
R_004480,J_000306,0.8273314237594604,37,0.003990736198404405,26,50,semantic_katz_consensus
R_009016,J_000306,0.8617165088653564,19,0.004028202710244074,23,50,semantic_katz_consensus
R_004300,J_000309,0.8963339328765869,13,0.0035481326728383326,45,50,semantic_katz_consensus
R_007242,J_000309,0.8680909276008606,40,0.003676410075866857,36,50,semantic_katz_consensus
R_001274,J_000311,0.8721582889556885,12,0.0038808010093461433,27,50,semantic_katz_consensus
R_002766,J_000311,0.8044491410255432,37,0.003634192013250664,49,50,semantic_katz_consensus
R_003822,J_000311,0.7810726761817932,48,0.00499870177973482,3,50,semantic_katz_consensus
R_003203,J_000312,0.8437679409980774,13,0.0032485481965751194,41,50,semantic_katz_consensus
R_005668,J_000312,0.8276194930076599,19,0.0033919804305956717,29,50,semantic_katz_consensus
R_008274,J_000312,0.7806575894355774,47,0.00441344810404734,4,50,semantic_katz_consensus
R_000016,J_000313,0.8475217819213867,33,0.00355493538535791,11,50,semantic_katz_consensus
R_004228,J_000314,0.8574698567390442,38,0.003238174440050443,5,50,semantic_katz_consensus
R_005223,J_000314,0.8636033535003662,25,0.0022999476232143214,43,50,semantic_katz_consensus
R_008278,J_000314,0.8534486889839172,49,0.0023190719210837286,41,50,semantic_katz_consensus
R_005501,J_000315,0.8057212829589844,23,0.0029565189930397984,26,50,semantic_katz_consensus
R_006246,J_000315,0.7697045207023621,49,0.002991196544773513,22,50,semantic_katz_consensus
R_002219,J_000316,0.8044636249542236,26,0.0037756468947552344,12,50,semantic_katz_consensus
R_000084,J_000317,0.8644015789031982,17,0.003411104728465079,50,50,semantic_katz_consensus
R_001816,J_000317,0.8845919966697693,9,0.0037959221757052357,29,50,semantic_katz_consensus
R_002746,J_000317,0.9109857082366943,1,0.004065698745774574,18,50,semantic_katz_consensus
R_002774,J_000318,0.8310131430625916,8,0.0029891896685667017,43,50,semantic_katz_consensus
R_006481,J_000319,0.8964443802833557,11,0.0036389878495634307,32,50,semantic_katz_consensus
R_007795,J_000319,0.9060306549072266,1,0.0036620816143102157,26,50,semantic_katz_consensus
R_008390,J_000319,0.885880172252655,32,0.003650527351014116,30,50,semantic_katz_consensus
R_009377,J_000319,0.8800653219223022,39,0.0043301924855863785,9,50,semantic_katz_consensus
R_009563,J_000319,0.8668255805969238,49,0.003676055938530821,25,50,semantic_katz_consensus
R_006396,J_000320,0.8900542855262756,11,0.0034334311711581343,50,50,semantic_katz_consensus
R_001145,J_000321,0.8677303194999695,35,0.0038696599307677373,8,50,semantic_katz_consensus
R_000776,J_000322,0.8149929642677307,47,0.0035927707963790303,13,50,semantic_katz_consensus
R_002820,J_000323,0.8740068674087524,8,0.003311484248549836,35,50,semantic_katz_consensus
R_007329,J_000323,0.7855899930000305,48,0.0031645104942150133,50,50,semantic_katz_consensus
R_001112,J_000324,0.8041049242019653,28,0.0037158539402225082,5,50,semantic_katz_consensus
R_003117,J_000325,0.8229084610939026,41,0.003093561699258467,22,50,semantic_katz_consensus
R_003244,J_000325,0.8686184883117676,34,0.0031274276434022086,18,50,semantic_katz_consensus
R_001022,J_000326,0.832390546798706,39,0.004056903918893599,11,50,semantic_katz_consensus
R_007520,J_000326,0.8271026611328125,46,0.0034067368387154205,42,50,semantic_katz_consensus
R_002154,J_000327,0.8770437240600586,15,0.0034437754039919823,41,50,semantic_katz_consensus
R_004060,J_000327,0.8624036312103271,30,0.0038561135531102408,17,50,semantic_katz_consensus
R_009709,J_000327,0.7670280337333679,47,0.003770452635570189,22,50,semantic_katz_consensus
R_002277,J_000328,0.8627382516860962,26,0.0029270357004911292,48,50,semantic_katz_consensus
R_005847,J_000328,0.8953151106834412,2,0.003214269067713684,30,50,semantic_katz_consensus
R_007304,J_000328,0.8624350428581238,27,0.004020647437516182,5,50,semantic_katz_consensus
R_005721,J_000329,0.8393247723579407,39,0.0027724476260467565,36,50,semantic_katz_consensus
R_007440,J_000329,0.8592485189437866,33,0.002793947699304425,32,50,semantic_katz_consensus
R_001098,J_000330,0.8104475140571594,38,0.00425015377379448,32,50,semantic_katz_consensus
R_003223,J_000330,0.8793414235115051,16,0.003933407590332427,50,50,semantic_katz_consensus
R_008027,J_000330,0.8975265026092529,2,0.004507520187441501,24,50,semantic_katz_consensus
R_008066,J_000330,0.8713139295578003,17,0.00467959458272992,16,50,semantic_katz_consensus
R_003946,J_000331,0.7943066358566284,50,0.0037103055437014273,25,50,semantic_katz_consensus
R_006808,J_000332,0.8106645941734314,33,0.004246922105280002,15,50,semantic_katz_consensus
R_008797,J_000333,0.8537778258323669,3,0.004330605670304072,12,50,semantic_katz_consensus
R_003872,J_000334,0.8831250071525574,12,0.003803093787406263,2,50,semantic_katz_consensus
R_009890,J_000334,0.8843376636505127,10,0.002586398906537732,35,50,semantic_katz_consensus
R_009987,J_000334,0.8837168216705322,11,0.0031103102217396126,9,50,semantic_katz_consensus
R_009041,J_000335,0.8225693106651306,29,0.003173644696586609,41,50,semantic_katz_consensus
R_001572,J_000336,0.853421688079834,23,0.003027039841433237,37,50,semantic_katz_consensus
R_004504,J_000336,0.8508785963058472,27,0.0030935764611038814,30,50,semantic_katz_consensus
R_006035,J_000336,0.8489292860031128,32,0.0033441401622313254,14,50,semantic_katz_consensus
R_009531,J_000336,0.7599364519119263,48,0.0033134911247566473,18,50,semantic_katz_consensus
R_005046,J_000337,0.8850823044776917,15,0.0030517272976691395,29,50,semantic_katz_consensus
R_000439,J_000338,0.8342865109443665,36,0.004470422574783282,27,50,semantic_katz_consensus
R_008528,J_000338,0.8767967224121094,6,0.003983195687521927,41,50,semantic_katz_consensus
R_000201,J_000339,0.8727514147758484,12,0.0035011335357547886,39,50,semantic_katz_consensus
R_000966,J_000340,0.8516353964805603,16,0.003070866357383961,24,50,semantic_katz_consensus
R_004140,J_000340,0.8464296460151672,19,0.0029250288242843184,36,50,semantic_katz_consensus
R_000882,J_000341,0.8636186718940735,22,0.0029748169214738177,27,50,semantic_katz_consensus
R_000238,J_000342,0.8909556865692139,22,0.004428632458730197,10,50,semantic_katz_consensus
R_001006,J_000342,0.8216493129730225,46,0.0038736441594905305,36,50,semantic_katz_consensus
R_001403,J_000342,0.8237208127975464,41,0.0038704420146668814,37,50,semantic_katz_consensus
R_004642,J_000343,0.7977938055992126,27,0.003272438807066464,22,50,semantic_katz_consensus
R_006724,J_000343,0.783512532711029,44,0.0029083098254940017,48,50,semantic_katz_consensus
R_006792,J_000343,0.7977826595306396,28,0.0031405608363420114,30,50,semantic_katz_consensus
R_008505,J_000343,0.8004158139228821,26,0.003609475033323932,8,50,semantic_katz_consensus
R_006370,J_000344,0.7788294553756714,42,0.0027836182283159914,40,50,semantic_katz_consensus
R_006412,J_000344,0.774578332901001,46,0.004732614348433898,1,50,semantic_katz_consensus
R_000109,J_000345,0.8303382396697998,35,0.0033461618002835506,21,50,semantic_katz_consensus
R_004589,J_000345,0.8596179485321045,4,0.0038939637259767755,1,50,semantic_katz_consensus
R_004590,J_000345,0.8406453728675842,23,0.0032401665544118394,26,50,semantic_katz_consensus
R_006959,J_000345,0.84645015001297,17,0.0035290231368143403,11,50,semantic_katz_consensus
R_009570,J_000345,0.8548905849456787,6,0.003314686393373485,24,50,semantic_katz_consensus
R_001970,J_000346,0.8813976049423218,30,0.003740585681994655,12,50,semantic_katz_consensus
R_003544,J_000347,0.8708867430686951,2,0.0028776312643284947,49,50,semantic_katz_consensus
R_006246,J_000347,0.8216816782951355,49,0.0036162777458435096,13,50,semantic_katz_consensus
R_006585,J_000348,0.8859771490097046,19,0.004949725290135293,5,50,semantic_katz_consensus
R_009842,J_000348,0.8963332176208496,10,0.004286380731481069,27,50,semantic_katz_consensus
R_005350,J_000349,0.8928102254867554,4,0.002526237052823556,49,50,semantic_katz_consensus
R_008166,J_000350,0.8638573884963989,15,0.002997158126012288,41,50,semantic_katz_consensus
R_000702,J_000351,0.8431805372238159,24,0.0030844127350414573,19,50,semantic_katz_consensus
R_002136,J_000352,0.8734861612319946,13,0.0033696687497480303,34,50,semantic_katz_consensus
R_004255,J_000352,0.7913947701454163,43,0.0046564712942923055,6,50,semantic_katz_consensus
R_006793,J_000353,0.8505187034606934,37,0.0027107068426888772,38,50,semantic_katz_consensus
R_001123,J_000354,0.8511775135993958,34,0.0031134828428724328,24,50,semantic_katz_consensus
R_008064,J_000355,0.8425297737121582,38,0.0026955667735422636,41,50,semantic_katz_consensus
R_001247,J_000356,0.7850637435913086,49,0.0031449730116279127,27,50,semantic_katz_consensus
R_002455,J_000356,0.8514312505722046,18,0.0030082992045906945,41,50,semantic_katz_consensus
R_006573,J_000356,0.8624616265296936,12,0.003013463940084911,39,50,semantic_katz_consensus
R_006808,J_000356,0.806379497051239,34,0.0035660617020909016,14,50,semantic_katz_consensus
R_002939,J_000357,0.8356950879096985,49,0.002762900238957467,32,50,semantic_katz_consensus
R_004156,J_000357,0.8488056063652039,26,0.002632601197876718,48,50,semantic_katz_consensus
R_009338,J_000358,0.9023540019989014,13,0.003818263380243706,42,50,semantic_katz_consensus
R_002043,J_000359,0.8820826411247253,17,0.002795570914484371,43,50,semantic_katz_consensus
R_007889,J_000359,0.8920260071754456,5,0.003315866900144909,14,50,semantic_katz_consensus
R_009928,J_000359,0.8141822814941406,40,0.0029027466671275055,33,50,semantic_katz_consensus
R_008878,J_000360,0.8620320558547974,12,0.004545783545025729,5,50,semantic_katz_consensus
R_003594,J_000361,0.8702538013458252,22,0.003340185457199361,19,50,semantic_katz_consensus
R_005290,J_000361,0.8128443360328674,41,0.003005510244484739,38,50,semantic_katz_consensus
R_000908,J_000362,0.7722050547599792,41,0.004017858477410227,17,50,semantic_katz_consensus
R_002554,J_000362,0.7696828842163086,43,0.004014671094431993,18,50,semantic_katz_consensus
R_003804,J_000362,0.8284437656402588,17,0.0037668668297196747,31,50,semantic_katz_consensus
R_004168,J_000362,0.8374190330505371,12,0.00393104657678958,20,50,semantic_katz_consensus
R_004319,J_000362,0.7671021819114685,44,0.004805894633242462,7,50,semantic_katz_consensus
R_005667,J_000362,0.7669247984886169,45,0.0034812271539862378,41,50,semantic_katz_consensus
R_008016,J_000362,0.8548269867897034,2,0.003895542655620478,24,50,semantic_katz_consensus
R_009112,J_000362,0.809219241142273,28,0.004095536175659278,16,50,semantic_katz_consensus
R_001022,J_000363,0.8929681777954102,15,0.0037708510584424683,19,50,semantic_katz_consensus
R_001145,J_000363,0.8735468983650208,38,0.0036023477071591486,28,50,semantic_katz_consensus
R_006396,J_000363,0.8970183730125427,4,0.003476844502391165,33,50,semantic_katz_consensus
R_007520,J_000363,0.8899242877960205,22,0.003317490115324855,43,50,semantic_katz_consensus
R_004967,J_000364,0.8543941378593445,18,0.004137370577248606,22,50,semantic_katz_consensus
R_005058,J_000364,0.8317956328392029,36,0.004619034306143465,11,50,semantic_katz_consensus
R_006370,J_000364,0.7488375902175903,50,0.0040413654268747065,29,50,semantic_katz_consensus
R_000966,J_000365,0.8411259055137634,16,0.0031083181073782162,31,50,semantic_katz_consensus
R_005929,J_000365,0.8041781187057495,42,0.002907896640776308,47,50,semantic_katz_consensus
R_001104,J_000366,0.8720090985298157,9,0.0032891725677021946,47,50,semantic_katz_consensus
R_004920,J_000366,0.882209837436676,2,0.004007101059858686,10,50,semantic_katz_consensus
R_007384,J_000366,0.8621506690979004,19,0.0033545139187560018,37,50,semantic_katz_consensus
R_003017,J_000367,0.7714638710021973,44,0.004254108478826444,18,50,semantic_katz_consensus
R_003766,J_000367,0.8252558708190918,34,0.005023802420688416,7,50,semantic_katz_consensus
R_005281,J_000367,0.7781955003738403,40,0.003644167346903061,46,50,semantic_katz_consensus
R_006175,J_000367,0.8663890361785889,11,0.004935765727760103,8,50,semantic_katz_consensus
R_006412,J_000367,0.788368284702301,39,0.007019428778708417,1,50,semantic_katz_consensus
R_001407,J_000370,0.8168222308158875,37,0.004617853799372041,2,50,semantic_katz_consensus
R_002457,J_000370,0.7807936072349548,49,0.0035640843495749197,21,50,semantic_katz_consensus
R_006671,J_000370,0.8671921491622925,7,0.0036620963761556306,14,50,semantic_katz_consensus
R_008352,J_000370,0.8365236520767212,26,0.0033664813667697957,33,50,semantic_katz_consensus
R_001987,J_000371,0.7834441661834717,46,0.0029971433641668736,30,50,semantic_katz_consensus
R_003309,J_000371,0.8627174496650696,9,0.0028099141378864264,50,50,semantic_katz_consensus
R_004127,J_000371,0.8425818681716919,29,0.0034895792724586885,9,50,semantic_katz_consensus
R_007550,J_000371,0.7942762970924377,39,0.0036708616793457755,6,50,semantic_katz_consensus
R_008312,J_000371,0.845678448677063,27,0.0028234605155439225,49,50,semantic_katz_consensus
R_009081,J_000371,0.7897568345069885,43,0.0029513394957001674,37,50,semantic_katz_consensus
R_002249,J_000372,0.8505593538284302,44,0.003603115029212878,10,50,semantic_katz_consensus
R_004132,J_000373,0.8462820649147034,40,0.004859637435463925,4,50,semantic_katz_consensus
R_003623,J_000374,0.856908917427063,25,0.0036831980265410198,35,50,semantic_katz_consensus
R_004629,J_000374,0.861264705657959,21,0.003789163748721902,28,50,semantic_katz_consensus
R_006295,J_000374,0.8575178384780884,23,0.005114628073722685,1,50,semantic_katz_consensus
R_003060,J_000375,0.8583351969718933,32,0.00416126118773995,7,50,semantic_katz_consensus
R_007520,J_000376,0.8154343366622925,41,0.0030286482947677685,35,50,semantic_katz_consensus
R_008834,J_000376,0.8981018662452698,5,0.00304815625366404,31,50,semantic_katz_consensus
R_007130,J_000377,0.8790708780288696,3,0.0031099117988673333,37,50,semantic_katz_consensus
R_007661,J_000377,0.8924479484558105,1,0.003354159781419966,18,50,semantic_katz_consensus
R_003048,J_000378,0.8514477014541626,13,0.003289202091393024,50,50,semantic_katz_consensus
R_006653,J_000378,0.7453194856643677,46,0.004248102612051425,8,50,semantic_katz_consensus
R_001098,J_000379,0.8594635128974915,19,0.004252544311028156,26,50,semantic_katz_consensus
R_001113,J_000379,0.821649968624115,50,0.004226632062484586,29,50,semantic_katz_consensus
R_002011,J_000379,0.847976803779602,22,0.0046314297007203666,8,50,semantic_katz_consensus
R_003399,J_000379,0.8560603857040405,20,0.004120651578458289,34,50,semantic_katz_consensus
R_005692,J_000380,0.8782553672790527,39,0.0041624859800476165,16,50,semantic_katz_consensus
R_007520,J_000380,0.8082970380783081,45,0.0036497600289603863,39,50,semantic_katz_consensus
R_009087,J_000380,0.8843433260917664,32,0.003529436321532034,47,50,semantic_katz_consensus
R_000207,J_000381,0.8779116868972778,4,0.004619462252706573,2,50,semantic_katz_consensus
R_001933,J_000381,0.8331696391105652,45,0.0037222287061789774,24,50,semantic_katz_consensus
R_004472,J_000381,0.8673450350761414,16,0.0037433746421006104,22,50,semantic_katz_consensus
R_004484,J_000381,0.8369278907775879,40,0.003547365350784603,34,50,semantic_katz_consensus
R_008159,J_000381,0.8734840750694275,8,0.003778007908298081,20,50,semantic_katz_consensus
R_002512,J_000382,0.8666738867759705,43,0.004811856214481237,6,50,semantic_katz_consensus
R_003879,J_000382,0.8630579710006714,44,0.004881594978975531,4,50,semantic_katz_consensus
R_006349,J_000382,0.9076197743415833,1,0.004551302417855982,14,50,semantic_katz_consensus
R_006241,J_000383,0.8461915254592896,12,0.003292773135398123,35,50,semantic_katz_consensus
R_008568,J_000383,0.8486992716789246,9,0.004792348255584965,1,50,semantic_katz_consensus
R_009569,J_000383,0.8199400305747986,36,0.003597935531873247,19,50,semantic_katz_consensus
R_002554,J_000384,0.8052865862846375,39,0.003532608942664854,24,50,semantic_katz_consensus
R_002702,J_000384,0.8718981742858887,2,0.0032640719267485983,38,50,semantic_katz_consensus
R_004793,J_000384,0.8447704911231995,20,0.00333817858099255,34,50,semantic_katz_consensus
R_006843,J_000384,0.8094304203987122,32,0.0034385663829615224,30,50,semantic_katz_consensus
R_009112,J_000384,0.8494194149971008,19,0.0034549164825703883,29,50,semantic_katz_consensus
R_001139,J_000385,0.8815176486968994,15,0.0037688589440810715,44,50,semantic_katz_consensus
R_003573,J_000385,0.8967652916908264,5,0.004310286103817828,17,50,semantic_katz_consensus
R_006677,J_000385,0.8849042654037476,12,0.004843730044263582,7,50,semantic_katz_consensus
R_007250,J_000385,0.9033488035202026,4,0.004380393767493572,12,50,semantic_katz_consensus
R_007425,J_000385,0.8409908413887024,28,0.0042851707010188155,18,50,semantic_katz_consensus
R_000133,J_000386,0.8672419190406799,38,0.0055465037054280445,1,50,semantic_katz_consensus
R_001098,J_000386,0.8368348479270935,49,0.0038629015037844037,20,50,semantic_katz_consensus
R_001272,J_000386,0.8970604538917542,3,0.003868449900305485,19,50,semantic_katz_consensus
R_002697,J_000386,0.8951566815376282,6,0.0038369892552408335,25,50,semantic_katz_consensus
R_004433,J_000386,0.8990157246589661,1,0.0036385894266911514,36,50,semantic_katz_consensus
R_002324,J_000387,0.8447499871253967,35,0.003820653917477382,37,50,semantic_katz_consensus
R_006362,J_000387,0.7985473871231079,48,0.004026594256909543,25,50,semantic_katz_consensus
R_007661,J_000387,0.8830448389053345,7,0.00494814636049159,8,50,semantic_katz_consensus
R_002262,J_000389,0.8945667147636414,5,0.004547731373850883,6,50,semantic_katz_consensus
R_006396,J_000389,0.8258020877838135,37,0.003819871833578238,38,50,semantic_katz_consensus
R_007520,J_000389,0.8206210732460022,47,0.005093924846209575,2,50,semantic_katz_consensus
R_002624,J_000391,0.8191608190536499,29,0.003110324983585027,38,50,semantic_katz_consensus
R_005194,J_000392,0.8195508718490601,25,0.003456126513032641,9,50,semantic_katz_consensus
R_005428,J_000392,0.7730575203895569,38,0.0030242508813272816,30,50,semantic_katz_consensus
R_008418,J_000393,0.8367106318473816,25,0.0029250288242843184,42,50,semantic_katz_consensus
R_007153,J_000395,0.8519567251205444,26,0.0034202832163729175,6,50,semantic_katz_consensus
R_007755,J_000395,0.86374431848526,7,0.0032569003150475706,11,50,semantic_katz_consensus
R_000132,J_000396,0.8688018918037415,32,0.003923048595653165,40,50,semantic_katz_consensus
R_005762,J_000396,0.9058708548545837,4,0.004087567718213692,31,50,semantic_katz_consensus
R_000909,J_000397,0.867733359336853,36,0.0045369739562993415,8,50,semantic_katz_consensus
R_002594,J_000397,0.886583149433136,19,0.003451743861437568,44,50,semantic_katz_consensus
R_007275,J_000397,0.8909277319908142,12,0.0038820258016538105,20,50,semantic_katz_consensus
R_001490,J_000398,0.8843005895614624,25,0.004315864024029737,10,50,semantic_katz_consensus
R_002372,J_000398,0.8958914875984192,16,0.004272834353823572,11,50,semantic_katz_consensus
R_006069,J_000398,0.8866961002349854,23,0.004008679989502388,17,50,semantic_katz_consensus
R_008807,J_000398,0.8994914889335632,10,0.004409478637169961,8,50,semantic_katz_consensus
R_000328,J_000399,0.8138689398765564,28,0.0040775776227158795,20,50,semantic_katz_consensus
R_006696,J_000400,0.8723525404930115,11,0.004924993548363147,2,50,semantic_katz_consensus
R_007363,J_000400,0.8662060499191284,18,0.004093145638425602,18,50,semantic_katz_consensus
R_009325,J_000400,0.8820174932479858,1,0.004663274006811883,5,50,semantic_katz_consensus
R_009892,J_000400,0.872036874294281,12,0.004238186325780686,12,50,semantic_katz_consensus
R_003316,J_000401,0.8244817852973938,36,0.004330989331330937,7,50,semantic_katz_consensus
R_007204,J_000401,0.8504992723464966,11,0.004942922577615716,2,50,semantic_katz_consensus
R_007965,J_000401,0.8318300247192383,27,0.0032712583002950405,41,50,semantic_katz_consensus
R_009971,J_000401,0.8450474143028259,16,0.003399948888041258,35,50,semantic_katz_consensus
R_001293,J_000402,0.8915513753890991,3,0.003448556478459334,13,50,semantic_katz_consensus
R_004223,J_000402,0.79446941614151,50,0.0031477472098884536,36,50,semantic_katz_consensus
R_004283,J_000402,0.8667298555374146,31,0.003015884001009416,46,50,semantic_katz_consensus
R_008878,J_000403,0.8727777004241943,20,0.004136618017040291,7,50,semantic_katz_consensus
R_001032,J_000406,0.8661969304084778,18,0.0034421669506574503,26,50,semantic_katz_consensus
R_004385,J_000406,0.8639635443687439,23,0.0037250324281303472,11,50,semantic_katz_consensus
R_000995,J_000407,0.8344143033027649,30,0.0030119145341320373,45,50,semantic_katz_consensus
R_007294,J_000407,0.8122307062149048,37,0.0034122852352365023,27,50,semantic_katz_consensus
R_008894,J_000407,0.8646607995033264,4,0.0034843997751190575,23,50,semantic_katz_consensus
R_002089,J_000408,0.8293523788452148,40,0.004133401110371227,10,50,semantic_katz_consensus
R_000692,J_000409,0.7894541025161743,44,0.003230604405477136,45,50,semantic_katz_consensus
R_007605,J_000409,0.8585364818572998,31,0.00358198385513666,19,50,semantic_katz_consensus
R_000664,J_000410,0.8465606570243835,11,0.002920646172689246,40,50,semantic_katz_consensus
R_000835,J_000410,0.8051903247833252,29,0.002956120570167519,37,50,semantic_katz_consensus
R_007956,J_000411,0.8695701956748962,4,0.0033868009332560407,34,50,semantic_katz_consensus
R_000188,J_000412,0.8761277794837952,11,0.00395568974748924,15,50,semantic_katz_consensus
R_006452,J_000412,0.8654985427856445,27,0.003518649380289664,34,50,semantic_katz_consensus
R_000326,J_000413,0.8439009189605713,18,0.00314693560229848,13,50,semantic_katz_consensus
R_002307,J_000413,0.7780644297599792,43,0.00270670785212067,44,50,semantic_katz_consensus
R_001490,J_000415,0.9186770915985107,1,0.0036039413986482657,46,50,semantic_katz_consensus
R_002372,J_000415,0.8770322799682617,22,0.0036266515023681864,43,50,semantic_katz_consensus
R_008807,J_000415,0.8757806420326233,23,0.004650111290181251,5,50,semantic_katz_consensus
R_000995,J_000416,0.8362685441970825,32,0.003680423828280479,19,50,semantic_katz_consensus
R_007294,J_000416,0.8420788049697876,30,0.00337564509283222,37,50,semantic_katz_consensus
R_007390,J_000416,0.8643858432769775,6,0.00360472348254741,21,50,semantic_katz_consensus
R_008894,J_000416,0.8701993227005005,3,0.003925025948169147,12,50,semantic_katz_consensus
R_002690,J_000417,0.8119956851005554,10,0.0031385687219806146,17,50,semantic_katz_consensus
R_001010,J_000418,0.8523765802383423,22,0.003746930924260295,11,50,semantic_katz_consensus
R_006950,J_000418,0.8453757762908936,29,0.004207507764615179,5,50,semantic_katz_consensus
R_001333,J_000419,0.8492114543914795,38,0.0025844215540217503,40,50,semantic_katz_consensus
R_006878,J_000419,0.8494150638580322,37,0.0030054954826393247,15,50,semantic_katz_consensus
R_008326,J_000419,0.8456166386604309,45,0.0025437528973584313,44,50,semantic_katz_consensus
R_003309,J_000420,0.8641801476478577,16,0.003031820915900588,27,50,semantic_katz_consensus
R_004127,J_000420,0.8454065322875977,34,0.00405967811715414,4,50,semantic_katz_consensus
R_008312,J_000420,0.8619667291641235,19,0.0030728584717453575,24,50,semantic_katz_consensus
R_000391,J_000421,0.8665220141410828,5,0.0037405561583038257,29,50,semantic_katz_consensus
R_000877,J_000421,0.8665299415588379,4,0.003741780950611493,28,50,semantic_katz_consensus
R_002724,J_000421,0.8437055349349976,23,0.0036027608918768423,35,50,semantic_katz_consensus
R_007217,J_000421,0.8685719966888428,2,0.0033915820077233924,50,50,semantic_katz_consensus
R_007581,J_000421,0.8498314023017883,19,0.0036445805316207554,34,50,semantic_katz_consensus
R_005161,J_000422,0.8390464782714844,1,0.002860912265538178,48,50,semantic_katz_consensus
R_005784,J_000422,0.8064928650856018,27,0.002986799131333026,38,50,semantic_katz_consensus
R_004920,J_000423,0.8851605653762817,3,0.0032517503413987685,32,50,semantic_katz_consensus
R_002086,J_000424,0.7895991802215576,46,0.004087154533495998,11,50,semantic_katz_consensus
R_002219,J_000424,0.7866528034210205,48,0.004474436327196903,8,50,semantic_katz_consensus
R_004417,J_000424,0.853429913520813,17,0.0034373858761900986,47,50,semantic_katz_consensus
R_006776,J_000424,0.8930984735488892,1,0.0037995079815557496,21,50,semantic_katz_consensus
R_000224,J_000425,0.8815171718597412,9,0.002969253763107322,40,50,semantic_katz_consensus
R_002205,J_000425,0.8770926594734192,19,0.00317602047197487,21,50,semantic_katz_consensus
R_003117,J_000425,0.8718560934066772,29,0.00328598518472396,16,50,semantic_katz_consensus
R_005610,J_000426,0.8757476806640625,27,0.003680792727461929,29,50,semantic_katz_consensus
R_000049,J_000427,0.8530152440071106,21,0.0031855973827549884,41,50,semantic_katz_consensus
R_005447,J_000427,0.8581250905990601,12,0.0038381697620122573,13,50,semantic_katz_consensus
R_005781,J_000427,0.8785403370857239,1,0.0034768297405457504,27,50,semantic_katz_consensus
R_006241,J_000427,0.8576588034629822,13,0.0038385681848845366,12,50,semantic_katz_consensus
R_008568,J_000427,0.8544572591781616,18,0.003938601849517473,10,50,semantic_katz_consensus
R_009008,J_000427,0.8687029480934143,5,0.003174456304176582,43,50,semantic_katz_consensus
R_001207,J_000428,0.8571356534957886,20,0.002994369165906333,19,50,semantic_katz_consensus
R_000159,J_000429,0.8212534189224243,8,0.004708295791379445,9,50,semantic_katz_consensus
R_003263,J_000429,0.7342962622642517,36,0.0035660617020909016,46,50,semantic_katz_consensus
R_003940,J_000429,0.7798393964767456,28,0.003727024542491744,36,50,semantic_katz_consensus
R_000159,J_000430,0.8563966751098633,9,0.00395492242543551,3,50,semantic_katz_consensus
R_001959,J_000430,0.7724286317825317,41,0.0032242444013660812,29,50,semantic_katz_consensus
R_002767,J_000430,0.8512065410614014,12,0.0030154855781371367,45,50,semantic_katz_consensus
R_003940,J_000430,0.7936767339706421,29,0.0030549294424927886,41,50,semantic_katz_consensus
R_007429,J_000430,0.8490891456604004,14,0.0031613083493913646,34,50,semantic_katz_consensus
R_007577,J_000430,0.7787635326385498,34,0.002948948958466492,50,50,semantic_katz_consensus
R_007623,J_000430,0.7816647887229919,31,0.0032584940065366877,27,50,semantic_katz_consensus
R_001358,J_000431,0.848006010055542,32,0.0035756090891801906,5,50,semantic_katz_consensus
R_000682,J_000432,0.8873707056045532,15,0.0036593074160496753,49,50,semantic_katz_consensus
R_001016,J_000432,0.8601352572441101,41,0.005098307497804648,6,50,semantic_katz_consensus
R_003931,J_000432,0.880093514919281,21,0.004948116836800761,7,50,semantic_katz_consensus
R_009677,J_000432,0.8817015290260315,20,0.00442780608929481,15,50,semantic_katz_consensus
R_001293,J_000433,0.8715426325798035,12,0.003547365350784603,27,50,semantic_katz_consensus
R_002882,J_000433,0.8727124333381653,10,0.0032182680582818917,50,50,semantic_katz_consensus
R_006024,J_000433,0.8544406294822693,35,0.0040636475840315186,12,50,semantic_katz_consensus
R_001066,J_000434,0.8522241115570068,36,0.004274413283467274,3,50,semantic_katz_consensus
R_006505,J_000434,0.8759257793426514,8,0.003912276416256209,10,50,semantic_katz_consensus
R_002654,J_000435,0.8612807393074036,13,0.00409473932991472,9,50,semantic_katz_consensus
R_002602,J_000436,0.8633279800415039,17,0.002592375249621922,32,50,semantic_katz_consensus
R_003619,J_000436,0.8559234142303467,22,0.002770071850658495,15,50,semantic_katz_consensus
R_009077,J_000437,0.8141807317733765,37,0.00397879827408144,10,50,semantic_katz_consensus
R_000453,J_000438,0.7884133458137512,43,0.0026967768040045163,35,50,semantic_katz_consensus
R_001207,J_000438,0.875002920627594,13,0.0026055379662525534,45,50,semantic_katz_consensus
R_002338,J_000438,0.8680610060691833,18,0.0026226553879151494,42,50,semantic_katz_consensus
R_004246,J_000438,0.866523027420044,20,0.00271508949428395,33,50,semantic_katz_consensus
R_009356,J_000438,0.874789297580719,14,0.0026019373985566255,46,50,semantic_katz_consensus
R_006135,J_000439,0.8585624694824219,24,0.002970463793569574,23,50,semantic_katz_consensus
R_003561,J_000440,0.8075368404388428,37,0.0034907745410755267,26,50,semantic_katz_consensus
R_006124,J_000440,0.8526269793510437,9,0.003112715520818703,47,50,semantic_katz_consensus
R_007933,J_000440,0.7973566651344299,43,0.0031150912962069647,46,50,semantic_katz_consensus
R_003226,J_000441,0.8405722379684448,4,0.0028118914904024083,21,50,semantic_katz_consensus
R_005373,J_000441,0.8256677985191345,20,0.002635803342700367,29,50,semantic_katz_consensus
R_001770,J_000442,0.7441869974136353,39,0.003646956307009017,21,50,semantic_katz_consensus
R_006950,J_000442,0.852484941482544,26,0.004674813508262568,1,50,semantic_katz_consensus
R_000611,J_000443,0.8257545828819275,37,0.0030804285063186646,40,50,semantic_katz_consensus
R_000531,J_000444,0.8721082210540771,6,0.003055327865365068,43,50,semantic_katz_consensus
R_000759,J_000444,0.8713631629943848,9,0.003278828334868347,25,50,semantic_katz_consensus
R_003573,J_000445,0.9153013825416565,1,0.003636995735202034,32,50,semantic_katz_consensus
R_006677,J_000445,0.8940758109092712,17,0.004368441081325192,8,50,semantic_katz_consensus
R_007425,J_000445,0.8449320197105408,38,0.0034975477299042748,39,50,semantic_katz_consensus
R_008519,J_000445,0.9028337001800537,10,0.003345364954538992,50,50,semantic_katz_consensus
R_001433,J_000446,0.8830094337463379,15,0.003582824986417462,27,50,semantic_katz_consensus
R_002153,J_000446,0.8807839751243591,19,0.00414296325930593,11,50,semantic_katz_consensus
R_003412,J_000447,0.806951105594635,48,0.003258892429408967,45,50,semantic_katz_consensus
R_007463,J_000447,0.8608771562576294,22,0.0033409970647893346,37,50,semantic_katz_consensus
R_001433,J_000448,0.8757821321487427,15,0.0038903779201262616,14,50,semantic_katz_consensus
R_009914,J_000448,0.8660255074501038,35,0.0034457379946625497,31,50,semantic_katz_consensus
R_005849,J_000449,0.8601003289222717,11,0.00331226633244898,30,50,semantic_katz_consensus
R_006319,J_000449,0.8570321798324585,16,0.0033485375756718123,27,50,semantic_katz_consensus
R_007286,J_000449,0.8530226945877075,23,0.004091153524064205,7,50,semantic_katz_consensus
R_009980,J_000449,0.8561519980430603,17,0.003617458252614933,12,50,semantic_katz_consensus
R_004641,J_000450,0.8433824181556702,33,0.002742565910625808,32,50,semantic_katz_consensus
R_005365,J_000450,0.8803265690803528,6,0.0036285845693479245,6,50,semantic_katz_consensus
R_008335,J_000450,0.8005712628364563,44,0.0032341902113276495,11,50,semantic_katz_consensus
R_009928,J_000450,0.7997096180915833,45,0.003331405392163802,8,50,semantic_katz_consensus
R_002328,J_000451,0.8664165139198303,9,0.003625456233751348,44,50,semantic_katz_consensus
R_004206,J_000451,0.8586210012435913,15,0.004087567718213692,26,50,semantic_katz_consensus
R_003058,J_000453,0.8264387249946594,23,0.004526246062438628,10,50,semantic_katz_consensus
R_007504,J_000453,0.8434093594551086,10,0.003973279401251187,23,50,semantic_katz_consensus
R_005456,J_000454,0.904956042766571,18,0.004713076865846797,2,50,semantic_katz_consensus
R_007539,J_000454,0.8953108191490173,29,0.0033465749850012444,50,50,semantic_katz_consensus
R_002655,J_000455,0.8841641545295715,29,0.0035497411261728646,38,50,semantic_katz_consensus
R_003438,J_000455,0.8955800533294678,20,0.003704314438771823,27,50,semantic_katz_consensus
R_009320,J_000456,0.8754510879516602,25,0.0026533191872352424,49,50,semantic_katz_consensus
R_009797,J_000456,0.8721807599067688,29,0.003891558426897685,5,50,semantic_katz_consensus
R_008206,J_000457,0.8477662205696106,19,0.0038385534230391217,15,50,semantic_katz_consensus
R_009022,J_000457,0.850273072719574,13,0.0034493533242038925,27,50,semantic_katz_consensus
R_009531,J_000457,0.8462098240852356,23,0.0033848088188946444,32,50,semantic_katz_consensus
R_003931,J_000458,0.9002826809883118,8,0.003411503151337358,18,50,semantic_katz_consensus
R_003713,J_000459,0.8276979923248291,25,0.0032995463242268715,30,50,semantic_katz_consensus
R_009554,J_000459,0.8239718079566956,31,0.00310352227106545,46,50,semantic_katz_consensus
R_001976,J_000460,0.8699465990066528,45,0.0030947569678753052,37,50,semantic_katz_consensus
R_000366,J_000461,0.7860095500946045,34,0.003171254159352933,50,50,semantic_katz_consensus
R_005288,J_000462,0.8718081116676331,18,0.0032557345701215617,48,50,semantic_katz_consensus
R_009928,J_000463,0.8163657188415527,49,0.0026402007561408536,43,50,semantic_katz_consensus
R_002060,J_000464,0.7784284353256226,42,0.004632565921955547,2,50,semantic_katz_consensus
R_006829,J_000464,0.8389606475830078,16,0.003778007908298081,17,50,semantic_katz_consensus
R_001105,J_000465,0.8772203922271729,21,0.0035565143150016127,19,50,semantic_katz_consensus
R_006784,J_000465,0.8833478689193726,14,0.003199542183284764,43,50,semantic_katz_consensus
R_001132,J_000466,0.8606606125831604,14,0.003273250414656437,46,50,semantic_katz_consensus
R_008196,J_000466,0.8298763036727905,45,0.0034134657420079257,35,50,semantic_katz_consensus
R_000978,J_000468,0.8682520389556885,26,0.003799522743401164,15,50,semantic_katz_consensus
R_002625,J_000468,0.8667978048324585,28,0.003968867225965286,8,50,semantic_katz_consensus
R_004484,J_000468,0.79777991771698,47,0.003357332402552786,40,50,semantic_katz_consensus
R_001558,J_000469,0.7820153832435608,44,0.002781596590263766,4,50,semantic_katz_consensus
R_002730,J_000469,0.8696421384811401,28,0.0025254402070789975,14,50,semantic_katz_consensus
R_000109,J_000470,0.8426000475883484,19,0.003270859877422761,16,50,semantic_katz_consensus
R_004589,J_000470,0.8404384851455688,22,0.003949329743378185,3,50,semantic_katz_consensus
R_009570,J_000470,0.8489018678665161,13,0.0032393844705126953,17,50,semantic_katz_consensus
R_003349,J_000471,0.830763578414917,47,0.003325812710106477,10,50,semantic_katz_consensus
R_004189,J_000471,0.8694391250610352,3,0.003596740263256409,6,50,semantic_katz_consensus
R_004980,J_000471,0.8427159786224365,30,0.003210299600836306,16,50,semantic_katz_consensus
R_005911,J_000471,0.8631890416145325,5,0.0028071251777804706,40,50,semantic_katz_consensus
R_009650,J_000472,0.8409596085548401,30,0.0037401577354315464,4,50,semantic_katz_consensus
R_000056,J_000473,0.8875748515129089,11,0.0029517231567270322,29,50,semantic_katz_consensus
R_000547,J_000473,0.8951932787895203,5,0.003178411009208546,21,50,semantic_katz_consensus
R_006050,J_000473,0.8760107159614563,31,0.003177200978746294,22,50,semantic_katz_consensus
R_003287,J_000474,0.8196364641189575,20,0.0031959563774342503,27,50,semantic_katz_consensus
R_008910,J_000474,0.7567381262779236,45,0.003465644376431101,19,50,semantic_katz_consensus
R_000453,J_000475,0.814112663269043,49,0.003238602386613551,34,50,semantic_katz_consensus
R_000531,J_000475,0.8711784482002258,27,0.003986368308654746,9,50,semantic_katz_consensus
R_006402,J_000476,0.8226237297058105,27,0.003272055146039599,47,50,semantic_katz_consensus
R_000016,J_000478,0.8584482073783875,32,0.0032003685527201516,21,50,semantic_katz_consensus
R_001089,J_000479,0.848149299621582,39,0.0032859999465693745,35,50,semantic_katz_consensus
R_001325,J_000479,0.8509091138839722,32,0.0037035175930272644,20,50,semantic_katz_consensus
R_002797,J_000479,0.8682470321655273,7,0.004196750347063637,6,50,semantic_katz_consensus
R_004135,J_000480,0.85347580909729,41,0.003279595656922077,4,50,semantic_katz_consensus
R_005103,J_000480,0.8439210057258606,45,0.002912692477089074,13,50,semantic_katz_consensus
R_000964,J_000481,0.8997079133987427,23,0.003677192159766001,22,50,semantic_katz_consensus
R_004527,J_000481,0.9155502319335938,2,0.0035692490850691367,30,50,semantic_katz_consensus
R_005326,J_000481,0.8977503180503845,26,0.003616676168715789,26,50,semantic_katz_consensus
R_007520,J_000481,0.7747756242752075,48,0.003703532354872679,21,50,semantic_katz_consensus
R_009947,J_000481,0.9084282517433167,8,0.0034883840038418506,37,50,semantic_katz_consensus
R_001903,J_000482,0.8538445234298706,32,0.0035282262910697818,29,50,semantic_katz_consensus
R_008864,J_000482,0.849333643913269,35,0.0035792244187215338,24,50,semantic_katz_consensus
R_001247,J_000483,0.8414732813835144,38,0.00343658903044554,17,50,semantic_katz_consensus
R_008126,J_000483,0.8561733961105347,22,0.003460081218064605,14,50,semantic_katz_consensus
R_008797,J_000483,0.8566182255744934,21,0.004769210205301936,1,50,semantic_katz_consensus
R_001382,J_000484,0.8335943222045898,3,0.002687199893224398,25,50,semantic_katz_consensus
R_001573,J_000484,0.8026076555252075,24,0.00268600462460756,26,50,semantic_katz_consensus
R_005194,J_000484,0.7767725586891174,39,0.002556546714807613,39,50,semantic_katz_consensus
R_005662,J_000484,0.7750899195671082,42,0.0036393567487448806,2,50,semantic_katz_consensus
R_005772,J_000484,0.7768272757530212,38,0.002553329808138549,40,50,semantic_katz_consensus
R_006382,J_000484,0.8183671832084656,12,0.0032987347166368985,6,50,semantic_katz_consensus
R_007393,J_000484,0.8007924556732178,25,0.002505932248182726,43,50,semantic_katz_consensus
R_006225,J_000485,0.753484845161438,42,0.0036604879228210986,25,50,semantic_katz_consensus
R_007130,J_000485,0.8601278066635132,6,0.003984789379011044,18,50,semantic_katz_consensus
R_000877,J_000486,0.8249147534370422,32,0.0037198529307907163,10,50,semantic_katz_consensus
R_002724,J_000486,0.8640015125274658,2,0.004103120972078,5,50,semantic_katz_consensus
R_007581,J_000486,0.8179685473442078,35,0.003432221140695882,23,50,semantic_katz_consensus
R_009698,J_000486,0.8183261156082153,34,0.003046946223201788,41,50,semantic_katz_consensus
R_001841,J_000488,0.8552025556564331,39,0.0027565254730009983,47,50,semantic_katz_consensus
R_007877,J_000488,0.8432285189628601,45,0.002826234713804464,41,50,semantic_katz_consensus
R_009285,J_000488,0.8429753184318542,46,0.0028377889771005636,39,50,semantic_katz_consensus
R_007176,J_000489,0.8514873385429382,18,0.0025310181272909077,29,50,semantic_katz_consensus
R_009928,J_000489,0.877615213394165,2,0.00257286729072565,23,50,semantic_katz_consensus
R_003594,J_000490,0.8641502261161804,19,0.0029764548984991786,49,50,semantic_katz_consensus
R_009397,J_000490,0.8782028555870056,9,0.003329413277802405,25,50,semantic_katz_consensus
R_006498,J_000491,0.8378138542175293,19,0.002881615493051288,43,50,semantic_katz_consensus
R_004302,J_000492,0.8813437819480896,9,0.0033421480478699286,11,50,semantic_katz_consensus
R_006793,J_000492,0.8385297060012817,44,0.002912294054216795,28,50,semantic_katz_consensus
R_008643,J_000493,0.8807482123374939,29,0.0038871757753026126,14,50,semantic_katz_consensus
R_000908,J_000494,0.7960641980171204,41,0.003600739253824616,29,50,semantic_katz_consensus
R_002554,J_000494,0.8104365468025208,30,0.003791170624928713,25,50,semantic_katz_consensus
R_004319,J_000494,0.8008182644844055,36,0.0038676825782517554,18,50,semantic_katz_consensus
R_008500,J_000495,0.7678190469741821,50,0.00329436682688724,38,50,semantic_katz_consensus
R_001317,J_000496,0.8632657527923584,15,0.003574030159536488,36,50,semantic_katz_consensus
R_004161,J_000496,0.8771197199821472,3,0.004478405794074282,5,50,semantic_katz_consensus
R_006109,J_000496,0.861642062664032,19,0.0037362030303995826,27,50,semantic_katz_consensus
R_004255,J_000497,0.8190964460372925,43,0.0033636924066638403,34,50,semantic_katz_consensus
R_005025,J_000497,0.8742091655731201,13,0.0036425588935685297,18,50,semantic_katz_consensus
R_002383,J_000498,0.8384965658187866,28,0.0033597081779410476,22,50,semantic_katz_consensus
R_002395,J_000498,0.853275716304779,11,0.004284373855274257,2,50,semantic_katz_consensus
R_002996,J_000499,0.7551446557044983,48,0.003536578409542233,45,50,semantic_katz_consensus
R_007497,J_000499,0.8619568943977356,17,0.004042944356518409,16,50,semantic_katz_consensus
R_001139,J_000500,0.8801416158676147,16,0.003651722619630954,30,50,semantic_katz_consensus
R_003696,J_000500,0.8903862833976746,10,0.003715868702067923,25,50,semantic_katz_consensus
R_006677,J_000500,0.8876788020133972,14,0.004050529152937131,17,50,semantic_katz_consensus
R_007250,J_000500,0.9006377458572388,4,0.004489148449780409,9,50,semantic_katz_consensus
R_008519,J_000500,0.8924095630645752,9,0.004276006974956392,11,50,semantic_katz_consensus
R_000026,J_000501,0.8041487336158752,30,0.003387583017155185,33,50,semantic_katz_consensus
R_007681,J_000501,0.8041222095489502,31,0.0032867820304685186,39,50,semantic_katz_consensus
R_006382,J_000502,0.8252854943275452,32,0.003542171091599558,19,50,semantic_katz_consensus
R_002277,J_000503,0.8655011057853699,38,0.003517837772699691,10,50,semantic_katz_consensus
R_007304,J_000503,0.8751454949378967,32,0.0033716608641094267,11,50,semantic_katz_consensus
R_007836,J_000503,0.881327211856842,20,0.0029485800592850414,28,50,semantic_katz_consensus
R_000702,J_000504,0.8664288520812988,27,0.003301538438588268,21,50,semantic_katz_consensus
R_004663,J_000504,0.8028980493545532,49,0.002882397576950432,47,50,semantic_katz_consensus
R_003980,J_000505,0.8498848080635071,10,0.002935801003681274,47,50,semantic_katz_consensus
R_001528,J_000506,0.8117921352386475,46,0.003711072865755157,25,50,semantic_katz_consensus
R_005492,J_000506,0.8743644952774048,23,0.003555717469257054,30,50,semantic_katz_consensus
R_001926,J_000507,0.8469260334968567,19,0.0026083121645130943,50,50,semantic_katz_consensus
R_002541,J_000507,0.8262468576431274,38,0.0034903761182032474,6,50,semantic_katz_consensus
R_003008,J_000507,0.8437460660934448,23,0.0031505509318398234,11,50,semantic_katz_consensus
R_007431,J_000507,0.8427982330322266,24,0.0027055273453492467,40,50,semantic_katz_consensus
R_009916,J_000507,0.8284539580345154,34,0.002929411475879391,24,50,semantic_katz_consensus
R_002011,J_000508,0.8282912969589233,38,0.004190788765824863,10,50,semantic_katz_consensus
R_005293,J_000508,0.8326857686042786,36,0.003913855345899912,20,50,semantic_katz_consensus
R_006677,J_000508,0.8682187795639038,28,0.004066067644956024,15,50,semantic_katz_consensus
R_009826,J_000508,0.8917751312255859,15,0.0038557151302379615,25,50,semantic_katz_consensus
R_000453,J_000509,0.8066874146461487,50,0.0030469757468926167,38,50,semantic_katz_consensus
R_006793,J_000511,0.8786563277244568,33,0.003807874861873615,6,50,semantic_katz_consensus
R_007442,J_000511,0.8624609708786011,43,0.0026895756686126596,48,50,semantic_katz_consensus
R_003681,J_000512,0.8479970097541809,44,0.002934207312192157,41,50,semantic_katz_consensus
R_004278,J_000512,0.8655012249946594,26,0.00326568038008313,15,50,semantic_katz_consensus
R_001643,J_000513,0.7680959701538086,47,0.0036780185292013884,7,50,semantic_katz_consensus
R_005501,J_000513,0.7653294205665588,50,0.003000345508990523,35,50,semantic_katz_consensus
R_008773,J_000513,0.841815173625946,38,0.0030318061540551737,33,50,semantic_katz_consensus
R_004363,J_000514,0.8768389821052551,4,0.0029091066712385602,37,50,semantic_katz_consensus
R_007275,J_000516,0.880905032157898,11,0.003683212788386434,17,50,semantic_katz_consensus
R_008789,J_000517,0.8935385942459106,12,0.005163235664140761,6,50,semantic_katz_consensus
R_008833,J_000517,0.8670880794525146,38,0.004623033296711673,23,50,semantic_katz_consensus
R_009797,J_000518,0.8797342777252197,22,0.0046895403926914886,2,50,semantic_katz_consensus
R_003594,J_000519,0.8751993775367737,16,0.0030095239968983612,45,50,semantic_katz_consensus
R_001633,J_000520,0.8349027037620544,49,0.0033314201540092163,38,50,semantic_katz_consensus
R_002205,J_000520,0.8547062277793884,29,0.00415287954557667,9,50,semantic_katz_consensus
R_004668,J_000522,0.785900354385376,48,0.0036823864189510463,27,50,semantic_katz_consensus
R_007908,J_000522,0.8511163592338562,22,0.0036509405357318097,29,50,semantic_katz_consensus
R_009292,J_000522,0.8734614849090576,6,0.0033553255263459748,38,50,semantic_katz_consensus
R_009997,J_000522,0.7874958515167236,47,0.004537756040198486,5,50,semantic_katz_consensus
R_004740,J_000523,0.8842636942863464,12,0.0030401730343730393,46,50,semantic_katz_consensus
R_008635,J_000523,0.8859474062919617,11,0.00313501243982093,39,50,semantic_katz_consensus
R_002127,J_000524,0.8159195780754089,45,0.004403915478803465,12,50,semantic_katz_consensus
R_004548,J_000524,0.8038458228111267,47,0.0038883710439194504,40,50,semantic_katz_consensus
R_000006,J_000525,0.8493754863739014,16,0.0041102925837790275,7,50,semantic_katz_consensus
R_002541,J_000525,0.8145859837532043,38,0.004168049138414113,6,50,semantic_katz_consensus
R_003008,J_000525,0.848978579044342,18,0.003411503151337358,15,50,semantic_katz_consensus
R_008287,J_000525,0.855869710445404,6,0.0033385917657102436,19,50,semantic_katz_consensus
R_009084,J_000525,0.8534022569656372,9,0.003114678111489271,25,50,semantic_katz_consensus
R_005240,J_000526,0.8751384615898132,5,0.003699533364304471,25,50,semantic_katz_consensus
R_007763,J_000526,0.8684827089309692,13,0.004768841306120486,3,50,semantic_katz_consensus
R_009412,J_000526,0.867377758026123,15,0.0036772364453022443,29,50,semantic_katz_consensus
R_000283,J_000527,0.8836442232131958,16,0.004366050544091516,3,50,semantic_katz_consensus
R_009405,J_000527,0.8923795819282532,5,0.003433003224595026,15,50,semantic_katz_consensus
R_003946,J_000528,0.8480343222618103,38,0.003914666953489885,12,50,semantic_katz_consensus
R_007443,J_000528,0.8678094744682312,17,0.0035664748868085958,19,50,semantic_katz_consensus
R_000707,J_000529,0.8484246730804443,30,0.00297919957306889,50,50,semantic_katz_consensus
R_000786,J_000529,0.860889732837677,18,0.004016663208793389,6,50,semantic_katz_consensus
R_003464,J_000529,0.8616521954536438,15,0.0036150677153812573,13,50,semantic_katz_consensus
R_003353,J_000530,0.8802306056022644,6,0.0035417726687272783,16,50,semantic_katz_consensus
R_005457,J_000530,0.8547818064689636,28,0.004104699901721702,8,50,semantic_katz_consensus
R_009077,J_000530,0.8197725415229797,42,0.0033290148549301258,22,50,semantic_katz_consensus
R_009833,J_000530,0.8748242259025574,13,0.002978417489169746,50,50,semantic_katz_consensus
R_008320,J_000531,0.9011287689208984,6,0.0027421674877535288,34,50,semantic_katz_consensus
R_002011,J_000532,0.8081638813018799,47,0.004448155179471884,4,50,semantic_katz_consensus
R_005487,J_000532,0.8776262998580933,9,0.0036883480001898214,30,50,semantic_katz_consensus
R_008498,J_000532,0.8439193964004517,36,0.003718288762992428,28,50,semantic_katz_consensus
R_003163,J_000533,0.9044025540351868,10,0.0037322040398313746,29,50,semantic_katz_consensus
R_004058,J_000533,0.9131995439529419,2,0.004050912813963995,13,50,semantic_katz_consensus
R_005692,J_000533,0.884959876537323,37,0.004327019864453559,9,50,semantic_katz_consensus
R_006396,J_000533,0.8117651343345642,39,0.003972054608943521,18,50,semantic_katz_consensus
R_009087,J_000533,0.8911605477333069,27,0.004191556087878592,11,50,semantic_katz_consensus
R_003766,J_000534,0.8690764307975769,4,0.003312295856139809,27,50,semantic_katz_consensus
R_009420,J_000535,0.8639013767242432,23,0.004621808504404005,2,50,semantic_katz_consensus
R_000918,J_000536,0.8659435510635376,37,0.003186394228499547,35,50,semantic_katz_consensus
R_001342,J_000536,0.880965530872345,24,0.003402723086301799,22,50,semantic_katz_consensus
R_002936,J_000536,0.8932690620422363,3,0.0037712494813147476,8,50,semantic_katz_consensus
R_008983,J_000536,0.8763377666473389,30,0.0030393909504738952,41,50,semantic_katz_consensus
R_003229,J_000537,0.8175849914550781,44,0.004274014860594995,9,50,semantic_katz_consensus
R_003055,J_000538,0.8468818664550781,29,0.003289984175292168,45,50,semantic_katz_consensus
R_005581,J_000538,0.8772710561752319,12,0.0032648835343385713,47,50,semantic_katz_consensus
R_003175,J_000539,0.8355839252471924,38,0.0037047423853349315,44,50,semantic_katz_consensus
R_001885,J_000540,0.8721107244491577,1,0.0034218473841712057,33,50,semantic_katz_consensus
R_007604,J_000540,0.8272523880004883,24,0.0036274335862673305,20,50,semantic_katz_consensus
R_004832,J_000541,0.8150045275688171,17,0.002681208788294794,28,50,semantic_katz_consensus
R_003085,J_000542,0.8408985733985901,15,0.0036907680611143264,24,50,semantic_katz_consensus
R_003561,J_000542,0.7583574652671814,46,0.0032605156445889133,42,50,semantic_katz_consensus
R_002434,J_000543,0.8703321218490601,2,0.003228228630088875,25,50,semantic_katz_consensus
R_003728,J_000543,0.7713484764099121,39,0.0030314077311828945,41,50,semantic_katz_consensus
R_004004,J_000544,0.9075875282287598,3,0.0032728519917841576,47,50,semantic_katz_consensus
R_005103,J_000545,0.8369116187095642,43,0.003418660001192971,10,50,semantic_katz_consensus
R_003126,J_000546,0.8686411380767822,20,0.0030708515955385467,44,50,semantic_katz_consensus
R_005017,J_000546,0.8212960362434387,49,0.003202729566262999,35,50,semantic_katz_consensus
R_005314,J_000546,0.8640925288200378,27,0.0035250389080915476,19,50,semantic_katz_consensus
R_005485,J_000546,0.8665372729301453,24,0.0032254249081375046,33,50,semantic_katz_consensus
R_002789,J_000547,0.8870510458946228,23,0.003006705513101577,17,50,semantic_katz_consensus
R_006155,J_000547,0.8965749144554138,3,0.002480019999639156,50,50,semantic_katz_consensus
R_009042,J_000547,0.8917098045349121,12,0.00262506068699424,37,50,semantic_katz_consensus
R_006412,J_000548,0.7267544865608215,42,0.005241400356334578,3,50,semantic_katz_consensus
R_001423,J_000549,0.8783652186393738,3,0.002701543116626453,46,50,semantic_katz_consensus
R_003105,J_000549,0.8673936724662781,13,0.0029819885331748455,31,50,semantic_katz_consensus
R_005740,J_000549,0.8824790120124817,1,0.0032517060558625247,19,50,semantic_katz_consensus
R_007286,J_000549,0.8633067607879639,17,0.0027370175141047262,43,50,semantic_katz_consensus
R_002541,J_000550,0.821935772895813,44,0.0038226607936841933,20,50,semantic_katz_consensus
R_003008,J_000550,0.8543685078620911,10,0.0034131116046718897,46,50,semantic_katz_consensus
R_002953,J_000551,0.8391023874282837,46,0.0030465478003295085,35,50,semantic_katz_consensus
R_003494,J_000551,0.851132333278656,23,0.0029465584212328157,48,50,semantic_katz_consensus
R_003567,J_000551,0.876650869846344,8,0.0033636924066638403,12,50,semantic_katz_consensus
R_003864,J_000551,0.8377001881599426,48,0.0029740495994200885,44,50,semantic_katz_consensus
R_007839,J_000551,0.8940495848655701,1,0.003040586219090733,36,50,semantic_katz_consensus
R_008030,J_000551,0.8490065336227417,26,0.003035819906468796,38,50,semantic_katz_consensus
R_004157,J_000552,0.8832281231880188,16,0.003835410325597131,30,50,semantic_katz_consensus
R_000133,J_000553,0.8333749771118164,36,0.005048932585332842,10,50,semantic_katz_consensus
R_008030,J_000553,0.8304498195648193,43,0.004142978021151345,33,50,semantic_katz_consensus
R_000877,J_000554,0.8052287101745605,23,0.0030923811924870436,19,50,semantic_katz_consensus
R_002724,J_000554,0.8384328484535217,4,0.0032672888334176614,12,50,semantic_katz_consensus
R_007581,J_000554,0.7847883701324463,38,0.002943784222972275,34,50,semantic_katz_consensus
R_002011,J_000555,0.8657147884368896,17,0.004640991849655071,9,50,semantic_katz_consensus
R_008747,J_000555,0.8405921459197998,38,0.004025826934855813,39,50,semantic_katz_consensus
R_006688,J_000556,0.8542547225952148,35,0.0032668756486999677,29,50,semantic_katz_consensus
R_001025,J_000557,0.869293749332428,15,0.003219448565053315,19,50,semantic_katz_consensus
R_004228,J_000557,0.8591421246528625,32,0.004205087703690674,2,50,semantic_katz_consensus
R_000427,J_000558,0.8146402835845947,46,0.003715868702067923,29,50,semantic_katz_consensus
R_003300,J_000558,0.819342315196991,34,0.0036760411766854064,33,50,semantic_katz_consensus
R_000606,J_000559,0.8794913291931152,49,0.0032194780887441444,33,50,semantic_katz_consensus
R_001808,J_000559,0.8977947235107422,21,0.0030413830648352916,46,50,semantic_katz_consensus
R_004536,J_000559,0.9014764428138733,9,0.003194392209635962,36,50,semantic_katz_consensus
R_007986,J_000559,0.9052249193191528,3,0.003017876115370813,48,50,semantic_katz_consensus
R_003175,J_000560,0.8723920583724976,11,0.0033888078094628515,42,50,semantic_katz_consensus
R_004794,J_000560,0.8925909996032715,2,0.0035361799866699536,26,50,semantic_katz_consensus
R_005732,J_000560,0.7967128753662109,47,0.0034003473109135373,40,50,semantic_katz_consensus
R_001315,J_000561,0.8660217523574829,31,0.0028310305501172296,48,50,semantic_katz_consensus
R_005456,J_000561,0.8998363614082336,6,0.004249327404359092,1,50,semantic_katz_consensus
R_007539,J_000561,0.8665632605552673,30,0.0034907745410755267,11,50,semantic_katz_consensus
R_000175,J_000562,0.8500463962554932,34,0.0029389883866595087,36,50,semantic_katz_consensus
R_007153,J_000562,0.8611501455307007,23,0.004442960920286837,1,50,semantic_katz_consensus
R_007755,J_000562,0.8755180835723877,4,0.0033102889799329982,18,50,semantic_katz_consensus
R_003940,J_000563,0.914236843585968,1,0.004134596378988066,39,50,semantic_katz_consensus
R_006997,J_000563,0.8271005749702454,26,0.004130995811292137,40,50,semantic_katz_consensus
R_007429,J_000563,0.8279358744621277,25,0.004671242464257469,20,50,semantic_katz_consensus
R_008806,J_000563,0.806778609752655,45,0.00456926097079938,23,50,semantic_katz_consensus
R_009069,J_000563,0.8826912641525269,8,0.0043385741277496585,29,50,semantic_katz_consensus
R_006370,J_000565,0.8273895382881165,9,0.003314686393373485,39,50,semantic_katz_consensus
R_008154,J_000565,0.8030489683151245,21,0.003830584965593536,13,50,semantic_katz_consensus
R_000759,J_000566,0.7686535716056824,49,0.0034963524612874365,13,50,semantic_katz_consensus
R_004295,J_000566,0.8905423879623413,2,0.005422579430303764,1,50,semantic_katz_consensus
R_003713,J_000567,0.8574959635734558,38,0.0032146970142767923,45,50,semantic_katz_consensus
R_001573,J_000569,0.8275320529937744,19,0.0034051136235354745,23,50,semantic_katz_consensus
R_003748,J_000569,0.8409299850463867,10,0.004154502760756617,4,50,semantic_katz_consensus
R_006382,J_000569,0.8267296552658081,20,0.0042162435441144945,3,50,semantic_katz_consensus
R_007393,J_000569,0.8183660507202148,28,0.0032142838295590986,34,50,semantic_katz_consensus
R_006412,J_000570,0.7741758823394775,47,0.005932988653384391,1,50,semantic_katz_consensus
R_008759,J_000570,0.7978000044822693,24,0.003462471755298281,27,50,semantic_katz_consensus
R_002896,J_000571,0.8798586130142212,28,0.0035035240729884643,37,50,semantic_katz_consensus
R_006767,J_000571,0.8835732340812683,19,0.00394056444018804,16,50,semantic_katz_consensus
R_002513,J_000572,0.8810834288597107,22,0.0036358004665851956,31,50,semantic_katz_consensus
R_002628,J_000572,0.8883179426193237,5,0.004172844974726879,7,50,semantic_katz_consensus
R_007329,J_000572,0.8694861531257629,38,0.0036202767364117176,32,50,semantic_katz_consensus
R_002303,J_000573,0.8950415849685669,10,0.003602731368186013,31,50,semantic_katz_consensus
R_008106,J_000573,0.8828672170639038,23,0.0037537041130890434,22,50,semantic_katz_consensus
R_000728,J_000574,0.8730109333992004,6,0.004175235511960555,6,50,semantic_katz_consensus
R_001326,J_000574,0.8736425042152405,5,0.004960881130559114,2,50,semantic_katz_consensus
R_007604,J_000576,0.8432746529579163,27,0.0029672911724367545,46,50,semantic_katz_consensus
R_004920,J_000577,0.8830910921096802,2,0.0034210653002720616,30,50,semantic_katz_consensus
R_002730,J_000578,0.8707169890403748,33,0.003514281490540006,36,50,semantic_katz_consensus
R_002820,J_000578,0.8663485050201416,38,0.003740954581176105,21,50,semantic_katz_consensus
R_007294,J_000579,0.8483225703239441,18,0.0035027272272439057,24,50,semantic_katz_consensus
R_007390,J_000579,0.8663939833641052,4,0.0032206733573609822,46,50,semantic_katz_consensus
R_002253,J_000580,0.9000105261802673,1,0.002908324587339416,47,50,semantic_katz_consensus
R_009376,J_000580,0.8726035952568054,22,0.003111505490356451,27,50,semantic_katz_consensus
R_001382,J_000581,0.8168382048606873,32,0.0034991414213933923,32,50,semantic_katz_consensus
R_003748,J_000581,0.8476639986038208,4,0.004925790394107706,1,50,semantic_katz_consensus
R_001147,J_000582,0.8351479172706604,28,0.0036321998988892677,35,50,semantic_katz_consensus
R_007661,J_000582,0.8904660940170288,1,0.0035828545101082906,40,50,semantic_katz_consensus
R_002778,J_000583,0.901181697845459,8,0.003287180453340798,43,50,semantic_katz_consensus
R_000811,J_000584,0.8049442768096924,46,0.0029596916141726185,25,50,semantic_katz_consensus
R_003880,J_000584,0.8378273248672485,14,0.0028043362176745157,33,50,semantic_katz_consensus
R_007266,J_000584,0.8024339079856873,49,0.0028019309185954256,34,50,semantic_katz_consensus
R_003410,J_000585,0.7791052460670471,46,0.00477557020941299,1,50,semantic_katz_consensus
R_007313,J_000585,0.8270370960235596,24,0.0029808080264034217,42,50,semantic_katz_consensus
R_008092,J_000585,0.8200428485870361,28,0.002954512116832987,43,50,semantic_katz_consensus
R_004331,J_000586,0.8547369837760925,4,0.003360505023685606,48,50,semantic_katz_consensus
R_005738,J_000586,0.8105151653289795,45,0.0038290060359498328,22,50,semantic_katz_consensus
R_007204,J_000586,0.8463115096092224,15,0.00405610707314904,14,50,semantic_katz_consensus
R_003149,J_000587,0.750746488571167,50,0.0035186641421350784,20,50,semantic_katz_consensus
R_008905,J_000587,0.8733419179916382,16,0.0030601237016778336,46,50,semantic_katz_consensus
R_005852,J_000588,0.8748686909675598,4,0.0037106744428828777,28,50,semantic_katz_consensus
R_007505,J_000588,0.8594567179679871,25,0.0034788070930617324,42,50,semantic_katz_consensus
R_001022,J_000589,0.8144873976707458,36,0.004058099187510438,7,50,semantic_katz_consensus
R_000238,J_000590,0.8897545337677002,11,0.0040166779706388035,10,50,semantic_katz_consensus
R_001066,J_000591,0.8657882809638977,32,0.00334656022315583,18,50,semantic_katz_consensus
R_006505,J_000591,0.8863537311553955,1,0.003142582474394237,28,50,semantic_katz_consensus
R_007550,J_000591,0.8646037578582764,35,0.004111089429523586,2,50,semantic_katz_consensus
R_002011,J_000593,0.8557573556900024,26,0.0036218999515916636,41,50,semantic_katz_consensus
R_007425,J_000593,0.845840573310852,34,0.00387123886041144,22,50,semantic_katz_consensus
R_006421,J_000594,0.8769615292549133,9,0.0033931461755216806,12,50,semantic_katz_consensus
R_008524,J_000594,0.764398992061615,48,0.003270446692705067,16,50,semantic_katz_consensus
R_008633,J_000594,0.8526027798652649,27,0.0028899823733691534,41,50,semantic_katz_consensus
R_009376,J_000594,0.7687081694602966,44,0.0028935829410650813,40,50,semantic_katz_consensus
R_000391,J_000595,0.844540536403656,18,0.0032182532964364773,24,50,semantic_katz_consensus
R_000467,J_000595,0.8070028424263,43,0.0030118850104412084,41,50,semantic_katz_consensus
R_002724,J_000595,0.8313429355621338,28,0.004273232776695851,2,50,semantic_katz_consensus
R_007581,J_000595,0.8556311130523682,8,0.0030672953133788613,35,50,semantic_katz_consensus
R_002317,J_000596,0.871148943901062,23,0.0025178701725056905,46,50,semantic_katz_consensus
R_008639,J_000596,0.8563565015792847,36,0.002488003218930157,49,50,semantic_katz_consensus
R_001831,J_000597,0.8382701873779297,20,0.003183590506548177,32,50,semantic_katz_consensus
R_003410,J_000597,0.778986930847168,45,0.003027039841433237,42,50,semantic_katz_consensus
R_003353,J_000598,0.8791831135749817,19,0.0045194285880736365,3,50,semantic_katz_consensus
R_001643,J_000600,0.7696453928947449,47,0.0031915884876845923,23,50,semantic_katz_consensus
R_004393,J_000600,0.8226020932197571,42,0.002916278282939588,50,50,semantic_katz_consensus
R_006095,J_000600,0.8434172868728638,27,0.003301538438588268,19,50,semantic_katz_consensus
R_000079,J_000601,0.8895530700683594,16,0.0037509299148285025,40,50,semantic_katz_consensus
R_001970,J_000601,0.8753526210784912,29,0.003992388937275181,18,50,semantic_katz_consensus
R_007524,J_000601,0.8883952498435974,17,0.003911479570511651,25,50,semantic_katz_consensus
R_004592,J_000602,0.8815061450004578,5,0.003789163748721902,6,50,semantic_katz_consensus
R_009890,J_000602,0.8783785700798035,13,0.002902333482409812,39,50,semantic_katz_consensus
R_009987,J_000602,0.8747535347938538,22,0.0035119057151517443,16,50,semantic_katz_consensus
R_002939,J_000605,0.9099621772766113,1,0.0026700677097163876,37,50,semantic_katz_consensus
R_003890,J_000605,0.8772315979003906,11,0.002856514852097691,19,50,semantic_katz_consensus
R_006202,J_000605,0.8959271907806396,3,0.0025417755448424494,44,50,semantic_katz_consensus
R_007109,J_000605,0.8545054793357849,38,0.0025449629278206836,43,50,semantic_katz_consensus
R_002011,J_000606,0.8375136852264404,38,0.005532603190434512,6,50,semantic_katz_consensus
R_003238,J_000606,0.8487647175788879,30,0.004220640957554982,40,50,semantic_katz_consensus
R_007425,J_000606,0.8354689478874207,39,0.004091566708781899,49,50,semantic_katz_consensus
R_003149,J_000607,0.8883753418922424,7,0.003652534227220927,29,50,semantic_katz_consensus
R_004484,J_000607,0.8048586249351501,40,0.0035812312949283446,33,50,semantic_katz_consensus
R_007864,J_000607,0.8906365633010864,2,0.0034815960531676877,46,50,semantic_katz_consensus
R_003316,J_000608,0.8028517365455627,47,0.003527031022452944,18,50,semantic_katz_consensus
R_007204,J_000608,0.8131044507026672,32,0.003399152042296699,26,50,semantic_katz_consensus
R_009971,J_000608,0.816721498966217,29,0.00345969755703774,24,50,semantic_katz_consensus
R_000016,J_000609,0.8409053087234497,24,0.0040103179665277496,15,50,semantic_katz_consensus
R_002627,J_000610,0.8682199120521545,20,0.0035871781143217056,37,50,semantic_katz_consensus
R_004636,J_000610,0.8622637391090393,32,0.0038700583536400166,21,50,semantic_katz_consensus
R_008878,J_000610,0.8622657656669617,31,0.006077188209458673,1,50,semantic_katz_consensus
R_000606,J_000611,0.87984299659729,43,0.0038951589945936133,23,50,semantic_katz_consensus
R_003331,J_000611,0.8994241952896118,8,0.00395492242543551,20,50,semantic_katz_consensus
R_004536,J_000611,0.891857385635376,23,0.004632993868518655,3,50,semantic_katz_consensus
R_005096,J_000611,0.8756444454193115,47,0.0035903802591453543,39,50,semantic_katz_consensus
R_007084,J_000611,0.8912579417228699,24,0.003913102785691597,22,50,semantic_katz_consensus
R_007701,J_000612,0.8406324982643127,27,0.003344553346949019,12,50,semantic_katz_consensus
R_009406,J_000612,0.8614210486412048,4,0.0028565296139431056,45,50,semantic_katz_consensus
R_009928,J_000613,0.8406239151954651,16,0.003347755491772668,20,50,semantic_katz_consensus
R_000035,J_000614,0.8425137400627136,28,0.0032999299852537363,28,50,semantic_katz_consensus
R_003763,J_000614,0.8593549728393555,10,0.003793147977444695,9,50,semantic_katz_consensus
R_006275,J_000614,0.8336563110351562,33,0.003877643150058738,7,50,semantic_katz_consensus
R_003316,J_000615,0.8847130537033081,8,0.003154933583434896,46,50,semantic_katz_consensus
R_005738,J_000615,0.9055538177490234,1,0.004041335903183877,6,50,semantic_katz_consensus
R_003030,J_000617,0.8632656931877136,35,0.0037230403137689504,46,50,semantic_katz_consensus
R_004767,J_000617,0.889143168926239,18,0.004176858727140501,23,50,semantic_katz_consensus
R_007613,J_000617,0.8930479884147644,16,0.004003500492162757,27,50,semantic_katz_consensus
R_001030,J_000618,0.812305748462677,31,0.0035768338814878577,40,50,semantic_katz_consensus
R_002554,J_000618,0.8367680311203003,20,0.004543333960410395,12,50,semantic_katz_consensus
R_004319,J_000618,0.8534772992134094,10,0.00448240478464249,14,50,semantic_katz_consensus
R_005791,J_000618,0.8010558485984802,40,0.003669238464165829,33,50,semantic_katz_consensus
R_004178,J_000619,0.8501457571983337,32,0.004283577009529698,7,50,semantic_katz_consensus
R_005687,J_000620,0.8009611368179321,41,0.002526620713850421,46,50,semantic_katz_consensus
R_000485,J_000621,0.8552846908569336,40,0.003227018599626622,37,50,semantic_katz_consensus
R_007253,J_000621,0.8630074262619019,32,0.0037831726437922977,12,50,semantic_katz_consensus
R_000453,J_000622,0.7835983037948608,44,0.0027250648279363472,44,50,semantic_katz_consensus
R_003524,J_000622,0.8376471996307373,38,0.002682802479783911,49,50,semantic_katz_consensus
R_009356,J_000622,0.8594852089881897,23,0.002827828405293581,35,50,semantic_katz_consensus
R_009072,J_000623,0.8523166179656982,41,0.0030370004132402196,43,50,semantic_katz_consensus
R_005286,J_000624,0.8393405079841614,10,0.003086788510429719,43,50,semantic_katz_consensus
R_006275,J_000624,0.8186420202255249,32,0.003437415399880928,20,50,semantic_katz_consensus
R_005827,J_000625,0.8674781322479248,3,0.0029262388547465707,34,50,semantic_katz_consensus
R_006286,J_000625,0.8428614735603333,23,0.003137771876236056,21,50,semantic_katz_consensus
R_008478,J_000625,0.7654499411582947,43,0.0031827936608036186,17,50,semantic_katz_consensus
R_008797,J_000625,0.7738749980926514,36,0.0032935699811426815,11,50,semantic_katz_consensus
R_006412,J_000626,0.7616424560546875,35,0.006231392622876182,1,50,semantic_katz_consensus
R_008759,J_000626,0.8576280474662781,6,0.0035198446489065017,33,50,semantic_katz_consensus
R_001207,J_000627,0.8336799144744873,31,0.0035477342499660534,10,50,semantic_katz_consensus
R_000191,J_000628,0.8016389608383179,49,0.0034039183549186367,33,50,semantic_katz_consensus
R_003623,J_000628,0.8650954365730286,23,0.003917441151750425,11,50,semantic_katz_consensus
R_004157,J_000628,0.8077194690704346,41,0.00441027548291452,4,50,semantic_katz_consensus
R_006295,J_000628,0.8695734739303589,18,0.004638143842167457,1,50,semantic_katz_consensus
R_007699,J_000628,0.8412590622901917,31,0.0032728519917841576,45,50,semantic_katz_consensus
R_002714,J_000630,0.8345642685890198,27,0.0031274276434022086,47,50,semantic_katz_consensus
R_002624,J_000631,0.8180904984474182,46,0.0031198871325197304,38,50,semantic_katz_consensus
R_005559,J_000631,0.8430476784706116,23,0.0030684610583048702,46,50,semantic_katz_consensus
R_007089,J_000631,0.833846390247345,35,0.004047710669140346,5,50,semantic_katz_consensus
R_000625,J_000632,0.7719064354896545,42,0.0036796122206905054,18,50,semantic_katz_consensus
R_002383,J_000632,0.7755648493766785,35,0.0036979544346607686,17,50,semantic_katz_consensus
R_002395,J_000632,0.8074629306793213,20,0.003162518379853617,40,50,semantic_katz_consensus
R_004225,J_000632,0.781049907207489,29,0.003572436468047371,24,50,semantic_katz_consensus
R_008478,J_000633,0.8461862206459045,32,0.0035158604201837086,28,50,semantic_katz_consensus
R_008797,J_000633,0.8829073309898376,1,0.0036652837591338652,20,50,semantic_katz_consensus
R_002219,J_000634,0.8294965624809265,12,0.0035748712908172903,31,50,semantic_katz_consensus
R_006998,J_000634,0.8406040072441101,5,0.003786389550461361,22,50,semantic_katz_consensus
R_009654,J_000634,0.7387266755104065,47,0.0036736211157609015,27,50,semantic_katz_consensus
R_002089,J_000635,0.7511634826660156,34,0.0036951802364002277,27,50,semantic_katz_consensus
R_003248,J_000635,0.8139591813087463,30,0.00475209278363934,4,50,semantic_katz_consensus
R_003410,J_000636,0.8155080080032349,38,0.002995564434523171,29,50,semantic_katz_consensus
R_004284,J_000637,0.8223503232002258,37,0.0027127137188956885,44,50,semantic_katz_consensus
R_005332,J_000637,0.8202773928642273,38,0.0027983746364357407,36,50,semantic_katz_consensus
R_008621,J_000637,0.8373386859893799,14,0.002867670692521512,32,50,semantic_katz_consensus
R_000165,J_000638,0.7724823951721191,50,0.002906302949287191,45,50,semantic_katz_consensus
R_008062,J_000638,0.7901535034179688,35,0.003551703716843432,8,50,semantic_katz_consensus
R_009033,J_000638,0.7946305274963379,31,0.0035835923084711913,7,50,semantic_katz_consensus
R_009350,J_000638,0.7859151363372803,38,0.003124653445141668,23,50,semantic_katz_consensus
R_003331,J_000640,0.89420485496521,9,0.003588004483757093,35,50,semantic_katz_consensus
R_004536,J_000640,0.8932274580001831,12,0.005200303753108151,3,50,semantic_katz_consensus
R_007084,J_000640,0.8843953609466553,33,0.0057194044701518515,1,50,semantic_katz_consensus
R_007986,J_000640,0.8852950930595398,31,0.0037023223244104266,27,50,semantic_katz_consensus
R_001841,J_000641,0.8710179328918457,37,0.002876834418583936,20,50,semantic_katz_consensus
R_009285,J_000641,0.8594620823860168,42,0.0029405673163032118,16,50,semantic_katz_consensus
R_003610,J_000644,0.8461084365844727,31,0.0035796080797483986,30,50,semantic_katz_consensus
R_003966,J_000644,0.8198662400245667,45,0.0034931650783092023,36,50,semantic_katz_consensus
R_005785,J_000644,0.8820885419845581,4,0.0034688760449455786,38,50,semantic_katz_consensus
R_009892,J_000644,0.8644745945930481,18,0.004225038370995469,6,50,semantic_katz_consensus
R_001841,J_000645,0.8423884510993958,48,0.0038580761437808082,5,50,semantic_katz_consensus
R_007670,J_000645,0.892347514629364,5,0.002911880869499101,34,50,semantic_katz_consensus
R_009042,J_000645,0.8404650092124939,49,0.0029107151245730918,35,50,semantic_katz_consensus
R_001098,J_000646,0.8646776080131531,13,0.005217022751898468,2,50,semantic_katz_consensus
R_007425,J_000646,0.8312817811965942,32,0.0034648770543773714,39,50,semantic_katz_consensus
R_001022,J_000647,0.8047510981559753,50,0.005008662351541802,4,50,semantic_katz_consensus
R_005692,J_000647,0.8866230845451355,35,0.0036011524385423104,44,50,semantic_katz_consensus
R_007520,J_000647,0.8063485622406006,49,0.005257661884870958,2,50,semantic_katz_consensus
R_006124,J_000649,0.8314422369003296,4,0.004499920629177365,10,50,semantic_katz_consensus
R_007119,J_000649,0.7979117631912231,20,0.00467401666251801,8,50,semantic_katz_consensus
R_000611,J_000650,0.8581425547599792,24,0.0028756539118125124,46,50,semantic_katz_consensus
R_005923,J_000650,0.8692200779914856,11,0.0028812170701790086,44,50,semantic_katz_consensus
R_008336,J_000650,0.8847145438194275,2,0.003016267662036281,34,50,semantic_katz_consensus
R_009072,J_000650,0.8541812896728516,31,0.0031589030503122745,28,50,semantic_katz_consensus
R_000900,J_000651,0.8554770946502686,30,0.0048907291813471265,4,50,semantic_katz_consensus
R_008400,J_000651,0.8736370801925659,6,0.0037624841781246027,44,50,semantic_katz_consensus
R_000120,J_000652,0.7795712947845459,38,0.0034943455850806257,41,50,semantic_katz_consensus
R_002262,J_000653,0.9063496589660645,3,0.004323832481475324,9,50,semantic_katz_consensus
R_006396,J_000653,0.8303679823875427,43,0.00394894608235132,28,50,semantic_katz_consensus
R_007520,J_000653,0.8299049735069275,44,0.0038190749878336794,33,50,semantic_katz_consensus
R_003966,J_000654,0.875799834728241,15,0.00273262010066424,44,50,semantic_katz_consensus
R_000295,J_000655,0.8723784685134888,34,0.00378438267425455,16,50,semantic_katz_consensus
R_005326,J_000655,0.895613968372345,24,0.003413893688571034,35,50,semantic_katz_consensus
R_007520,J_000655,0.7689342498779297,50,0.0048003019511851375,2,50,semantic_katz_consensus
R_000299,J_000656,0.802681565284729,48,0.0034302142644890713,33,50,semantic_katz_consensus
R_005814,J_000657,0.8055375218391418,49,0.0036999022634859216,8,50,semantic_katz_consensus
R_000132,J_000658,0.87635737657547,13,0.0033369980742211265,37,50,semantic_katz_consensus
R_006295,J_000658,0.8769774436950684,11,0.0031927837563014306,45,50,semantic_katz_consensus
R_006513,J_000659,0.8504540920257568,23,0.003099154381315792,38,50,semantic_katz_consensus
R_003839,J_000660,0.7918787002563477,47,0.002827828405293581,35,50,semantic_katz_consensus
R_000517,J_000661,0.8439735770225525,29,0.002972042723213277,37,50,semantic_katz_consensus
R_003056,J_000661,0.7996074557304382,46,0.0028031261872122635,49,50,semantic_katz_consensus
R_002952,J_000663,0.7734671235084534,49,0.00352381411578388,19,50,semantic_katz_consensus
R_004231,J_000664,0.8621433973312378,17,0.004356473633311398,6,50,semantic_katz_consensus
R_005759,J_000664,0.8469536900520325,34,0.0031314118721250017,47,50,semantic_katz_consensus
R_009437,J_000664,0.8393458724021912,39,0.0032720256223487698,34,50,semantic_katz_consensus
R_000531,J_000665,0.876356303691864,11,0.0040465301623689226,10,50,semantic_katz_consensus
R_008957,J_000665,0.8713648915290833,20,0.0032509239719633806,38,50,semantic_katz_consensus
R_001970,J_000666,0.8782232403755188,30,0.004452537831066956,21,50,semantic_katz_consensus
R_008498,J_000667,0.8534910082817078,27,0.003953741918664087,22,50,semantic_katz_consensus
R_002436,J_000669,0.8501278758049011,28,0.0029114972084722363,21,50,semantic_katz_consensus
R_008564,J_000669,0.8427519798278809,44,0.0027636823228566116,26,50,semantic_katz_consensus
R_008574,J_000669,0.8703773021697998,10,0.0028505385090135016,23,50,semantic_katz_consensus
R_009031,J_000669,0.8427041172981262,45,0.0031788094320808254,14,50,semantic_katz_consensus
R_002520,J_000670,0.8193324208259583,20,0.0029708326927510246,44,50,semantic_katz_consensus
R_004589,J_000670,0.8114606738090515,30,0.003141800390495093,27,50,semantic_katz_consensus
R_005201,J_000670,0.798999547958374,44,0.0030111029265420643,40,50,semantic_katz_consensus
R_006959,J_000670,0.8117438554763794,28,0.0033609034465578854,17,50,semantic_katz_consensus
R_009570,J_000670,0.8154463768005371,26,0.004073224494811636,5,50,semantic_katz_consensus
R_000874,J_000671,0.8933724164962769,25,0.004899892907409551,4,50,semantic_katz_consensus
R_003931,J_000671,0.9097935557365417,8,0.003707929768313166,37,50,semantic_katz_consensus
R_009677,J_000671,0.9016175866127014,17,0.0035477637736568823,49,50,semantic_katz_consensus
R_004589,J_000673,0.824069082736969,17,0.00380114595858111,12,50,semantic_katz_consensus
R_006959,J_000673,0.8321918845176697,8,0.00414653430331103,1,50,semantic_katz_consensus
R_009570,J_000673,0.8250774145126343,15,0.0032569298387383995,42,50,semantic_katz_consensus
R_000103,J_000675,0.8602876663208008,27,0.0037549141435512957,31,50,semantic_katz_consensus
R_001098,J_000675,0.891196608543396,5,0.0040182716621279205,16,50,semantic_katz_consensus
R_001113,J_000675,0.8672271370887756,22,0.003686001748492389,38,50,semantic_katz_consensus
R_005771,J_000675,0.8617063164710999,26,0.003770039450852495,29,50,semantic_katz_consensus
R_009751,J_000675,0.8191040754318237,49,0.0035768338814878577,49,50,semantic_katz_consensus
R_006842,J_000676,0.8699058294296265,7,0.0035389689467759085,10,50,semantic_katz_consensus
R_007836,J_000676,0.8292297720909119,39,0.0038533245930042854,6,50,semantic_katz_consensus
R_007286,J_000677,0.8341088891029358,24,0.0033433728401775957,16,50,semantic_katz_consensus
R_009980,J_000677,0.853057861328125,4,0.0028218668240548054,50,50,semantic_katz_consensus
R_000605,J_000678,0.8340983390808105,34,0.003534187872308557,14,50,semantic_katz_consensus
R_009376,J_000679,0.8611501455307007,14,0.0027656891990634224,25,50,semantic_katz_consensus
R_003558,J_000680,0.8580988645553589,39,0.004458868311487181,5,50,semantic_katz_consensus
R_004613,J_000680,0.8917645215988159,13,0.0034756344719289126,25,50,semantic_katz_consensus
R_004767,J_000680,0.8908223509788513,14,0.00485370537791598,2,50,semantic_katz_consensus
R_009042,J_000682,0.8871215581893921,11,0.0028262642374952923,48,50,semantic_katz_consensus
R_000645,J_000683,0.775917649269104,48,0.0030441572630958325,41,50,semantic_katz_consensus
R_001979,J_000683,0.8904340267181396,7,0.003853693492185736,5,50,semantic_katz_consensus
R_003331,J_000683,0.7746975421905518,50,0.0033820198587886886,18,50,semantic_katz_consensus
R_006658,J_000683,0.888451874256134,14,0.003563700688548055,9,50,semantic_katz_consensus
R_000207,J_000684,0.889423131942749,4,0.005912654325052732,1,50,semantic_katz_consensus
R_001496,J_000685,0.7830235362052917,32,0.004144143766077354,4,50,semantic_katz_consensus
R_001006,J_000686,0.8093925714492798,44,0.003447361209842496,48,50,semantic_katz_consensus
R_001403,J_000686,0.8109250068664551,43,0.0036003260691069225,36,50,semantic_katz_consensus
R_006621,J_000686,0.8900641202926636,13,0.003559686936134433,39,50,semantic_katz_consensus
R_008465,J_000686,0.807818591594696,45,0.0036377482954103486,32,50,semantic_katz_consensus
R_008813,J_000686,0.8666574954986572,31,0.0036843932951578576,28,50,semantic_katz_consensus
R_003034,J_000687,0.8624403476715088,15,0.0030596957551147254,20,50,semantic_katz_consensus
R_006319,J_000687,0.8613870143890381,18,0.002856514852097691,29,50,semantic_katz_consensus
R_007286,J_000687,0.8492580652236938,35,0.0033991372804512846,5,50,semantic_katz_consensus
R_009980,J_000687,0.8632763028144836,11,0.002937793118042671,25,50,semantic_katz_consensus
R_000656,J_000688,0.8155719041824341,44,0.0030943585450030255,24,50,semantic_katz_consensus
R_001317,J_000688,0.8108865022659302,50,0.002858905389331367,39,50,semantic_katz_consensus
R_005501,J_000688,0.8527656197547913,5,0.002977635405270602,32,50,semantic_katz_consensus
R_006246,J_000688,0.8113240599632263,47,0.003525835753836106,7,50,semantic_katz_consensus
R_000611,J_000689,0.8419272899627686,42,0.0034688465212547497,3,50,semantic_katz_consensus
R_005189,J_000689,0.8555365800857544,20,0.0028553195834808533,25,50,semantic_katz_consensus
R_006782,J_000690,0.8541345000267029,10,0.0031342155940763715,40,50,semantic_katz_consensus
R_007737,J_000690,0.8611544966697693,1,0.003542171091599558,14,50,semantic_katz_consensus
R_000366,J_000691,0.8739732503890991,12,0.0028955602935810637,39,50,semantic_katz_consensus
R_005227,J_000691,0.8461359739303589,49,0.0028357968627391672,45,50,semantic_katz_consensus
R_007405,J_000691,0.8717344999313354,15,0.0035525153244334055,7,50,semantic_katz_consensus
R_009077,J_000691,0.8871603608131409,4,0.0036134592620467253,5,50,semantic_katz_consensus
R_001899,J_000692,0.7970774173736572,50,0.0033533038882937495,17,50,semantic_katz_consensus
R_001134,J_000693,0.8738170862197876,12,0.002981221211121116,47,50,semantic_katz_consensus
R_001415,J_000693,0.8821275234222412,4,0.003059297332242446,38,50,semantic_katz_consensus
R_003741,J_000693,0.8502014875411987,27,0.0032684693401890848,21,50,semantic_katz_consensus
R_009440,J_000693,0.8597297668457031,20,0.003351311773932353,18,50,semantic_katz_consensus
R_003596,J_000694,0.8560627102851868,30,0.002824626260469932,30,50,semantic_katz_consensus
R_002655,J_000695,0.8730286955833435,22,0.003447744870869361,16,50,semantic_katz_consensus
R_000006,J_000696,0.725485622882843,48,0.0033692850887211655,14,50,semantic_katz_consensus
R_008008,J_000696,0.8512656688690186,12,0.003069257904049429,36,50,semantic_katz_consensus
R_008053,J_000696,0.8214370608329773,27,0.002853327469119457,48,50,semantic_katz_consensus
R_003876,J_000697,0.8348441123962402,42,0.0035334057884094127,13,50,semantic_katz_consensus
R_004969,J_000697,0.8489534854888916,16,0.0032879920609307713,22,50,semantic_katz_consensus
R_009636,J_000697,0.8278138041496277,49,0.003030227224411471,43,50,semantic_katz_consensus
R_002789,J_000698,0.8815178871154785,11,0.002449356200319063,46,50,semantic_katz_consensus
R_003049,J_000698,0.8686946630477905,34,0.002961270543816321,13,50,semantic_katz_consensus
R_006781,J_000698,0.8687455058097839,33,0.0032716271994764905,8,50,semantic_katz_consensus
R_009042,J_000698,0.8906198143959045,3,0.0036393567487448806,4,50,semantic_katz_consensus
R_009785,J_000698,0.8440799117088318,44,0.002788399302783343,21,50,semantic_katz_consensus
R_007460,J_000700,0.8631452918052673,47,0.0031146928733346855,33,50,semantic_katz_consensus
R_009889,J_000700,0.8798391222953796,21,0.003889566312536288,5,50,semantic_katz_consensus
R_000072,J_000701,0.8369734287261963,35,0.0027063241910938052,16,50,semantic_katz_consensus
R_000222,J_000701,0.8519769906997681,17,0.002821852062209391,12,50,semantic_katz_consensus
R_001845,J_000701,0.8335540294647217,40,0.002325048264167918,44,50,semantic_katz_consensus
R_002869,J_000701,0.8451364040374756,25,0.002401929116672411,32,50,semantic_katz_consensus
R_004714,J_000701,0.8296810388565063,43,0.0024270297576260078,29,50,semantic_katz_consensus
R_003353,J_000702,0.8694086670875549,8,0.002918285159146399,26,50,semantic_katz_consensus
R_004192,J_000702,0.8660444021224976,11,0.0026246622641219607,46,50,semantic_katz_consensus
R_000283,J_000703,0.8714731931686401,18,0.0043991196424906995,3,50,semantic_katz_consensus
R_001127,J_000703,0.8750525712966919,14,0.0030349935370334083,46,50,semantic_katz_consensus
R_001342,J_000703,0.8599568009376526,34,0.0032768362205069504,32,50,semantic_katz_consensus
R_002936,J_000703,0.8667977452278137,24,0.0035700606926591097,16,50,semantic_katz_consensus
R_008983,J_000703,0.8713263273239136,20,0.003927800146429688,9,50,semantic_katz_consensus
R_009405,J_000703,0.871471107006073,19,0.0034461511793802435,23,50,semantic_katz_consensus
R_003161,J_000704,0.8820657730102539,13,0.004821433125261355,3,50,semantic_katz_consensus
R_003798,J_000704,0.8730048537254333,29,0.003662893221900189,40,50,semantic_katz_consensus
R_003037,J_000705,0.8305953741073608,38,0.0034764460795188856,26,50,semantic_katz_consensus
R_008030,J_000705,0.8306354880332947,37,0.0033166932695802964,36,50,semantic_katz_consensus
R_006550,J_000706,0.8764564990997314,18,0.0029831985636370978,30,50,semantic_katz_consensus
R_005332,J_000707,0.8285273909568787,35,0.0038437772059149965,23,50,semantic_katz_consensus
R_007263,J_000707,0.8259972333908081,38,0.003880402586473864,19,50,semantic_katz_consensus
R_009350,J_000707,0.8209918141365051,43,0.0037513430995461967,33,50,semantic_katz_consensus
R_001022,J_000708,0.8972150087356567,3,0.003644167346903061,16,50,semantic_katz_consensus
R_001145,J_000708,0.8755683898925781,28,0.0034206816392451968,27,50,semantic_katz_consensus
R_006396,J_000708,0.8886820673942566,11,0.004007101059858686,7,50,semantic_katz_consensus
R_008704,J_000708,0.8889603614807129,10,0.0034608780638091634,25,50,semantic_katz_consensus
R_004910,J_000709,0.8180164694786072,40,0.0034991561832388067,43,50,semantic_katz_consensus
R_001135,J_000710,0.8549444675445557,4,0.0042297899217719915,7,50,semantic_katz_consensus
R_006782,J_000710,0.7659600973129272,39,0.0034971493070319955,28,50,semantic_katz_consensus
R_002242,J_000711,0.8842533230781555,16,0.0037983422366297407,14,50,semantic_katz_consensus
R_006396,J_000711,0.8121020793914795,35,0.0035218662869587274,24,50,semantic_katz_consensus
R_008585,J_000711,0.8037333488464355,42,0.0032011358747738813,47,50,semantic_katz_consensus
R_008834,J_000711,0.8866927623748779,12,0.003580818110210651,21,50,semantic_katz_consensus
R_000262,J_000712,0.8505864143371582,5,0.0036186535212317707,22,50,semantic_katz_consensus
R_005501,J_000712,0.8240063190460205,34,0.003489977695330968,30,50,semantic_katz_consensus
R_006246,J_000712,0.8025782108306885,46,0.004278013851163203,5,50,semantic_katz_consensus
R_009008,J_000713,0.7706507444381714,35,0.003145371434500192,30,50,semantic_katz_consensus
R_004023,J_000714,0.8876088857650757,6,0.0035963418403841298,41,50,semantic_katz_consensus
R_003890,J_000716,0.8926666378974915,12,0.003134200832230957,24,50,semantic_katz_consensus
R_000908,J_000717,0.7917386889457703,43,0.0035820133788274887,18,50,semantic_katz_consensus
R_004168,J_000717,0.8127305507659912,24,0.0047569033817975205,4,50,semantic_katz_consensus
R_004319,J_000717,0.8048713207244873,30,0.003509529939763483,22,50,semantic_katz_consensus
R_001333,J_000718,0.8286777138710022,45,0.003980775626597422,2,50,semantic_katz_consensus
R_007889,J_000721,0.8743172287940979,9,0.002794375645867533,43,50,semantic_katz_consensus
R_007329,J_000722,0.8844568729400635,32,0.004277615428290924,7,50,semantic_katz_consensus
R_006095,J_000723,0.834495484828949,13,0.0026402007561408536,49,50,semantic_katz_consensus
R_002638,J_000724,0.849943220615387,34,0.0032780314891237886,44,50,semantic_katz_consensus
R_003713,J_000724,0.8576315641403198,25,0.003346958646028109,37,50,semantic_katz_consensus
R_008839,J_000724,0.8512811064720154,30,0.0032589071912543814,48,50,semantic_katz_consensus
R_000875,J_000726,0.8922833800315857,9,0.0030413830648352916,35,50,semantic_katz_consensus
R_002249,J_000726,0.8760848641395569,27,0.004102294602642612,5,50,semantic_katz_consensus
R_004996,J_000726,0.8895242214202881,12,0.003880004163601585,9,50,semantic_katz_consensus
R_002140,J_000727,0.8765985369682312,6,0.002775635009024991,31,50,semantic_katz_consensus
R_006421,J_000727,0.8644710779190063,16,0.0028083056845518944,27,50,semantic_katz_consensus
R_008633,J_000727,0.8489950299263,32,0.0028465542802907084,23,50,semantic_katz_consensus
R_002089,J_000728,0.7953935265541077,50,0.004029427502551742,18,50,semantic_katz_consensus
R_006412,J_000728,0.8581787943840027,22,0.006350919484559975,1,50,semantic_katz_consensus
R_000611,J_000729,0.8606514930725098,23,0.004011070526736064,1,50,semantic_katz_consensus
R_004363,J_000729,0.8721415400505066,6,0.003716650785967067,9,50,semantic_katz_consensus
R_002994,J_000730,0.7239925265312195,43,0.0031218497231902983,39,50,semantic_katz_consensus
R_004474,J_000730,0.8508909344673157,13,0.00304257833345213,46,50,semantic_katz_consensus
R_002480,J_000731,0.8537901043891907,18,0.003697939672815354,19,50,semantic_katz_consensus
R_005781,J_000731,0.8458799123764038,28,0.003342177571560758,37,50,semantic_katz_consensus
R_009569,J_000731,0.8456019163131714,30,0.0033162800848626026,43,50,semantic_katz_consensus
R_003203,J_000732,0.8438058495521545,13,0.0032322128588116675,31,50,semantic_katz_consensus
R_005668,J_000732,0.8328967690467834,25,0.003324248542308189,24,50,semantic_katz_consensus
R_005372,J_000733,0.8519899249076843,29,0.0035330073655371334,31,50,semantic_katz_consensus
R_005389,J_000733,0.8556694388389587,21,0.003504320918733023,33,50,semantic_katz_consensus
R_006524,J_000733,0.8451723456382751,35,0.0033688719040034718,46,50,semantic_katz_consensus
R_002317,J_000734,0.8812881112098694,18,0.002972042723213277,41,50,semantic_katz_consensus
R_005881,J_000734,0.8470487594604492,50,0.002961683728534015,43,50,semantic_katz_consensus
R_008584,J_000734,0.8693954944610596,29,0.003376427176731364,14,50,semantic_katz_consensus
R_002395,J_000735,0.8553240895271301,12,0.003359324516914183,25,50,semantic_katz_consensus
R_005808,J_000735,0.8438188433647156,30,0.0036345904361229434,16,50,semantic_katz_consensus
R_002746,J_000736,0.8368643522262573,23,0.004909514103725912,13,50,semantic_katz_consensus
R_005014,J_000736,0.8232855796813965,37,0.004282396502758275,40,50,semantic_katz_consensus
R_007076,J_000736,0.8290435671806335,31,0.004153337015830608,48,50,semantic_katz_consensus
R_008311,J_000736,0.8763973712921143,8,0.0045457540213349,27,50,semantic_katz_consensus
R_008358,J_000736,0.8518617153167725,17,0.006610661673595257,1,50,semantic_katz_consensus
R_008902,J_000736,0.8135822415351868,48,0.004742530634704637,18,50,semantic_katz_consensus
R_001407,J_000737,0.8508306741714478,16,0.004096362545094666,9,50,semantic_katz_consensus
R_006671,J_000737,0.8473545908927917,21,0.0033119121951129447,37,50,semantic_katz_consensus
R_008352,J_000737,0.8127235174179077,37,0.0033700671726203096,33,50,semantic_katz_consensus
R_008783,J_000737,0.7914219498634338,49,0.004427024005395666,3,50,semantic_katz_consensus
R_002011,J_000738,0.8156151175498962,40,0.0047310206569447805,8,50,semantic_katz_consensus
R_006677,J_000738,0.8582218885421753,27,0.00452581811587552,9,50,semantic_katz_consensus
R_007250,J_000738,0.8599255084991455,26,0.005287927261318771,4,50,semantic_katz_consensus
R_009826,J_000738,0.8794260025024414,12,0.0038664873096349176,38,50,semantic_katz_consensus
R_009933,J_000738,0.8130000829696655,45,0.003702720747282706,49,50,semantic_katz_consensus
R_002554,J_000739,0.8488907814025879,18,0.004881181794257837,10,50,semantic_katz_consensus
R_004319,J_000739,0.8539350032806396,15,0.004487200620955256,22,50,semantic_katz_consensus
R_001973,J_000740,0.8404051661491394,48,0.0028955455317356492,23,50,semantic_katz_consensus
R_007504,J_000741,0.8294908404350281,47,0.003977632529155431,10,50,semantic_katz_consensus
R_008783,J_000741,0.8651481866836548,20,0.003263319366540283,30,50,semantic_katz_consensus
R_003630,J_000742,0.8682382106781006,10,0.002799555143207164,41,50,semantic_katz_consensus
R_009077,J_000742,0.8107874989509583,34,0.002894365024964226,35,50,semantic_katz_consensus
R_009405,J_000742,0.8077400922775269,36,0.003491556624974671,3,50,semantic_katz_consensus
R_002871,J_000743,0.8800757527351379,5,0.003119060763084343,15,50,semantic_katz_consensus
R_000084,J_000744,0.8465394973754883,21,0.0036636900676447477,34,50,semantic_katz_consensus
R_002746,J_000744,0.846963107585907,20,0.005536159472594197,2,50,semantic_katz_consensus
R_008358,J_000744,0.8672271966934204,10,0.005562868566882325,1,50,semantic_katz_consensus
R_003248,J_000745,0.74835205078125,46,0.0034198700316552238,33,50,semantic_katz_consensus
R_008475,J_000745,0.8092044591903687,37,0.003740585681994655,17,50,semantic_katz_consensus
R_002317,J_000746,0.8431901931762695,34,0.002299150777469763,38,50,semantic_katz_consensus
R_008639,J_000746,0.8679835796356201,9,0.0029393720476863735,6,50,semantic_katz_consensus
R_009716,J_000747,0.8151550889015198,40,0.0027804160834923428,47,50,semantic_katz_consensus
R_003931,J_000748,0.8865892291069031,12,0.00448280320751477,11,50,semantic_katz_consensus
R_004499,J_000748,0.8819181323051453,14,0.0039003384919332447,36,50,semantic_katz_consensus
R_005896,J_000748,0.8651401400566101,28,0.0042441479070194615,20,50,semantic_katz_consensus
R_007127,J_000749,0.8931631445884705,13,0.003024634542354146,32,50,semantic_katz_consensus
R_007772,J_000749,0.9002187848091125,6,0.003155700905488625,21,50,semantic_katz_consensus
R_003658,J_000750,0.8569555878639221,16,0.003089990655253368,47,50,semantic_katz_consensus
R_004920,J_000750,0.8536171317100525,18,0.003972039847098106,10,50,semantic_katz_consensus
R_004284,J_000751,0.8103139400482178,28,0.0038736146357997016,1,50,semantic_katz_consensus
R_002871,J_000752,0.7867830991744995,48,0.003217072789665054,29,50,semantic_katz_consensus
R_004908,J_000752,0.8777956962585449,8,0.0030537046501851214,35,50,semantic_katz_consensus
R_009173,J_000752,0.8504064083099365,37,0.0031401771753151466,33,50,semantic_katz_consensus
R_009376,J_000752,0.863611102104187,27,0.00343658903044554,18,50,semantic_katz_consensus
R_000283,J_000753,0.8818582892417908,18,0.002635832866391196,45,50,semantic_katz_consensus
R_002936,J_000753,0.902879536151886,3,0.004341731987037064,1,50,semantic_katz_consensus
R_008983,J_000753,0.8710333704948425,31,0.00332064797461226,7,50,semantic_katz_consensus
R_009405,J_000753,0.8663294911384583,33,0.002597967931679247,49,50,semantic_katz_consensus
R_001903,J_000755,0.8639728426933289,22,0.0037875848190781995,20,50,semantic_katz_consensus
R_006601,J_000755,0.8768697381019592,5,0.004901088176026388,3,50,semantic_katz_consensus
R_008864,J_000755,0.8547549843788147,33,0.0034529391300544064,34,50,semantic_katz_consensus
R_003725,J_000756,0.7968003749847412,50,0.0034262152739208632,33,50,semantic_katz_consensus
R_009022,J_000756,0.8584055304527283,30,0.0035672717325531543,28,50,semantic_katz_consensus
R_009406,J_000756,0.8115807175636292,39,0.0037190560850461577,21,50,semantic_katz_consensus
R_009476,J_000756,0.8655936121940613,12,0.003343771263049875,38,50,semantic_katz_consensus
R_009531,J_000756,0.8587086796760559,29,0.003758898372274089,19,50,semantic_katz_consensus
R_007823,J_000757,0.8632575869560242,23,0.003155332006307175,47,50,semantic_katz_consensus
R_008996,J_000757,0.7896791696548462,49,0.0036242314414436814,19,50,semantic_katz_consensus
R_003017,J_000758,0.9048402905464172,1,0.0037561094121681335,15,50,semantic_katz_consensus
R_006412,J_000758,0.8627399206161499,15,0.00597402620922916,1,50,semantic_katz_consensus
R_000477,J_000759,0.862237811088562,22,0.002801134072850867,44,50,semantic_katz_consensus
R_002797,J_000759,0.8525879979133606,31,0.003155346768152589,21,50,semantic_katz_consensus
R_000137,J_000760,0.8463156819343567,35,0.00287444388135026,37,50,semantic_katz_consensus
R_003107,J_000762,0.8844302296638489,7,0.00295572214729524,38,50,semantic_katz_consensus
R_005951,J_000762,0.8739338517189026,21,0.0032038953111890077,18,50,semantic_katz_consensus
R_001293,J_000763,0.8655114769935608,27,0.00325653141586612,23,50,semantic_katz_consensus
R_002429,J_000763,0.8034752607345581,49,0.003826217075843878,5,50,semantic_katz_consensus
R_004283,J_000763,0.8532782196998596,38,0.0036688400412935498,8,50,semantic_katz_consensus
R_006024,J_000763,0.8647751808166504,28,0.0035572816370553423,10,50,semantic_katz_consensus
R_000995,J_000764,0.8269199132919312,22,0.003624246203289096,23,50,semantic_katz_consensus
R_002671,J_000764,0.8398444652557373,17,0.004435361362022702,6,50,semantic_katz_consensus
R_002975,J_000764,0.8413296937942505,15,0.0038787941331393325,17,50,semantic_katz_consensus
R_008894,J_000764,0.8627506494522095,3,0.004093942484170161,13,50,semantic_katz_consensus
R_007153,J_000765,0.8739415407180786,18,0.0034453838573265142,10,50,semantic_katz_consensus
R_008111,J_000765,0.8747653365135193,16,0.0027469485622208805,43,50,semantic_katz_consensus
R_008687,J_000765,0.8440708518028259,43,0.003454901720724974,9,50,semantic_katz_consensus
R_002180,J_000767,0.8609393239021301,28,0.003617458252614933,15,50,semantic_katz_consensus
R_006266,J_000767,0.8822026252746582,8,0.003150919831021274,40,50,semantic_katz_consensus
R_009361,J_000767,0.8745883703231812,17,0.003191573725839178,36,50,semantic_katz_consensus
R_001247,J_000768,0.8002133369445801,47,0.0031880026818340785,44,50,semantic_katz_consensus
R_000947,J_000769,0.8514153957366943,9,0.0032672593097268325,36,50,semantic_katz_consensus
R_008008,J_000769,0.8717347383499146,1,0.003299531562381457,34,50,semantic_katz_consensus
R_008490,J_000769,0.8486772775650024,13,0.0033692555650303366,30,50,semantic_katz_consensus
R_000621,J_000770,0.850999116897583,37,0.003470853397461561,50,50,semantic_katz_consensus
R_002154,J_000770,0.8836318850517273,8,0.0036864001713646684,30,50,semantic_katz_consensus
R_004060,J_000770,0.8579041957855225,35,0.0035784423348223897,41,50,semantic_katz_consensus
R_006174,J_000770,0.8503074049949646,38,0.0037290166568531404,27,50,semantic_katz_consensus
R_005785,J_000771,0.8747879266738892,8,0.0035162736049014027,17,50,semantic_katz_consensus
R_006696,J_000771,0.8825069665908813,3,0.004238953647834416,3,50,semantic_katz_consensus
R_009325,J_000771,0.8764894604682922,6,0.0034234705993511517,21,50,semantic_katz_consensus
R_009892,J_000771,0.8554935455322266,25,0.003717477155402455,11,50,semantic_katz_consensus
R_000547,J_000773,0.8799537420272827,13,0.0026150853533418424,48,50,semantic_katz_consensus
R_006283,J_000773,0.8934636116027832,2,0.0029943544040609187,26,50,semantic_katz_consensus
R_000207,J_000774,0.8794794082641602,3,0.003390416262797383,26,50,semantic_katz_consensus
R_005031,J_000775,0.8172606825828552,36,0.0033573176407073716,44,50,semantic_katz_consensus
R_008374,J_000775,0.8223453164100647,32,0.0038222476089664996,22,50,semantic_katz_consensus
R_000238,J_000776,0.8808140754699707,14,0.0027828361444168473,20,50,semantic_katz_consensus
R_001403,J_000776,0.8047399520874023,48,0.0024286382109605393,40,50,semantic_katz_consensus
R_005101,J_000777,0.8853182792663574,17,0.003736999876144141,44,50,semantic_katz_consensus
R_002655,J_000778,0.9003978371620178,3,0.004036982775279634,30,50,semantic_katz_consensus
R_009850,J_000778,0.8935580849647522,5,0.004579988864660092,9,50,semantic_katz_consensus
R_000006,J_000779,0.7885507345199585,47,0.004316277208747431,9,50,semantic_katz_consensus
R_006158,J_000780,0.828427791595459,28,0.0030836011274514843,41,50,semantic_katz_consensus
R_007422,J_000780,0.8444420099258423,19,0.0033879962018728785,20,50,semantic_katz_consensus
R_008838,J_000780,0.8045915961265564,36,0.00329436682688724,26,50,semantic_katz_consensus
R_004713,J_000781,0.846121609210968,19,0.00412342577671883,12,50,semantic_katz_consensus
R_008677,J_000781,0.7883965969085693,45,0.0036824159426418757,41,50,semantic_katz_consensus
R_008498,J_000782,0.825864851474762,40,0.0047341932780776,6,50,semantic_katz_consensus
R_000908,J_000783,0.7947993278503418,47,0.0033983551965521405,33,50,semantic_katz_consensus
R_004168,J_000783,0.7937015295028687,49,0.0036147135780452214,24,50,semantic_katz_consensus
R_004319,J_000783,0.8052790760993958,32,0.0042071093417429,9,50,semantic_katz_consensus
R_004793,J_000783,0.8392386436462402,18,0.0032142838295590986,46,50,semantic_katz_consensus
R_009194,J_000783,0.835023820400238,20,0.0035449452898600985,28,50,semantic_katz_consensus
R_002730,J_000784,0.8683308362960815,35,0.0035334057884094127,39,50,semantic_katz_consensus
R_004284,J_000785,0.8348426818847656,23,0.003178042110027096,37,50,semantic_katz_consensus
R_005239,J_000785,0.8272753953933716,34,0.0032521340024256333,35,50,semantic_katz_consensus
R_000061,J_000786,0.8861697316169739,9,0.002937778356197256,43,50,semantic_katz_consensus
R_007701,J_000787,0.8447717428207397,42,0.0033995504651689783,35,50,semantic_katz_consensus
R_002782,J_000788,0.8251539468765259,48,0.0039852025637287375,46,50,semantic_katz_consensus
R_004613,J_000788,0.8890257477760315,11,0.004570028292853109,13,50,semantic_katz_consensus
R_004767,J_000788,0.8863838315010071,16,0.004854531747351367,8,50,semantic_katz_consensus
R_006330,J_000788,0.8568897843360901,36,0.004238983171525245,24,50,semantic_katz_consensus
R_009614,J_000788,0.8803791403770447,21,0.004640563903091963,10,50,semantic_katz_consensus
R_000192,J_000789,0.855979859828949,25,0.004426197635960277,3,50,semantic_katz_consensus
R_000915,J_000790,0.8661136031150818,9,0.0031748399652034467,37,50,semantic_katz_consensus
R_004162,J_000790,0.8426917791366577,34,0.0030947569678753052,41,50,semantic_katz_consensus
R_008783,J_000790,0.797304630279541,49,0.004548129796723162,3,50,semantic_katz_consensus
R_008806,J_000790,0.8402795195579529,35,0.0037879832419504787,10,50,semantic_katz_consensus
R_008996,J_000790,0.8489049077033997,30,0.0030445704478135266,50,50,semantic_katz_consensus
R_009117,J_000790,0.8553752899169922,23,0.0030652589134812216,47,50,semantic_katz_consensus
R_006582,J_000791,0.8590015172958374,33,0.00427683334439178,18,50,semantic_katz_consensus
R_003385,J_000792,0.8247419595718384,38,0.0037895621715941814,10,50,semantic_katz_consensus
R_002324,J_000793,0.8340404033660889,36,0.003915862222106723,31,50,semantic_katz_consensus
R_007661,J_000793,0.8616617918014526,16,0.0044390062152548735,10,50,semantic_katz_consensus
R_005979,J_000794,0.7853646278381348,50,0.002783219805443712,31,50,semantic_katz_consensus
R_006513,J_000794,0.8798435926437378,7,0.0038528966464411772,2,50,semantic_katz_consensus
R_004693,J_000795,0.8877739310264587,8,0.003530602066458043,43,50,semantic_katz_consensus
R_001148,J_000796,0.8791410326957703,38,0.0036612995304110716,33,50,semantic_katz_consensus
R_001970,J_000796,0.8854311108589172,32,0.003509529939763483,41,50,semantic_katz_consensus
R_002011,J_000797,0.8047665953636169,50,0.006463614110033362,1,50,semantic_katz_consensus
R_003133,J_000799,0.881098210811615,15,0.003313077940038953,48,50,semantic_katz_consensus
R_005637,J_000799,0.8635541796684265,38,0.00354972636432745,25,50,semantic_katz_consensus
R_000182,J_000800,0.8456470370292664,38,0.003344937007975884,13,50,semantic_katz_consensus
R_003244,J_000800,0.8510434031486511,34,0.0038891531278185945,1,50,semantic_katz_consensus
R_005781,J_000801,0.8203544616699219,32,0.003253329271042471,37,50,semantic_katz_consensus
R_006241,J_000801,0.8576380014419556,8,0.0031457698573724713,47,50,semantic_katz_consensus
R_008568,J_000801,0.8662773370742798,2,0.0033537613585476866,26,50,semantic_katz_consensus
R_000611,J_000802,0.8658137321472168,14,0.0037923511317001363,10,50,semantic_katz_consensus
R_005237,J_000802,0.8668237924575806,12,0.0035963123166933004,14,50,semantic_katz_consensus
R_007405,J_000802,0.8640289902687073,16,0.0033206627364576746,30,50,semantic_katz_consensus
R_002526,J_000803,0.8984355926513672,18,0.003578412811131561,27,50,semantic_katz_consensus
R_008585,J_000803,0.7870078682899475,37,0.003516258843055988,32,50,semantic_katz_consensus
R_006168,J_000804,0.8511046171188354,3,0.0030628831380929604,47,50,semantic_katz_consensus
R_004228,J_000805,0.8630454540252686,7,0.0033903719772611397,7,50,semantic_katz_consensus
R_009716,J_000805,0.8401882648468018,41,0.0025628919570732525,45,50,semantic_katz_consensus
R_002782,J_000806,0.8653764724731445,33,0.003236610272252155,50,50,semantic_katz_consensus
R_004767,J_000806,0.879784882068634,16,0.005034176177213093,2,50,semantic_katz_consensus
R_006330,J_000806,0.8918191194534302,8,0.003429432180589927,33,50,semantic_katz_consensus
R_009614,J_000806,0.857479453086853,42,0.0036652837591338652,21,50,semantic_katz_consensus
R_000134,J_000807,0.8628259301185608,8,0.0033075295435178722,35,50,semantic_katz_consensus
R_000159,J_000807,0.8257331252098083,25,0.004259701160883769,6,50,semantic_katz_consensus
R_007429,J_000807,0.8256425261497498,26,0.00395211870348414,11,50,semantic_katz_consensus
R_006481,J_000808,0.8896315693855286,14,0.0038087012313090026,23,50,semantic_katz_consensus
R_006632,J_000808,0.8663226366043091,40,0.0034541048749804153,45,50,semantic_katz_consensus
R_009414,J_000808,0.8718188405036926,36,0.003916659067851281,19,50,semantic_katz_consensus
R_009563,J_000808,0.8670454025268555,39,0.003514311014230835,38,50,semantic_katz_consensus
R_008677,J_000810,0.8103005290031433,48,0.003390386739106554,36,50,semantic_katz_consensus
R_004161,J_000811,0.8587925434112549,19,0.0031147076351800995,43,50,semantic_katz_consensus
R_006109,J_000811,0.8680920600891113,6,0.0035314136740480164,20,50,semantic_katz_consensus
R_008584,J_000813,0.8755826354026794,25,0.0030700695116394026,38,50,semantic_katz_consensus
R_000776,J_000814,0.8187922239303589,48,0.003200752213747017,32,50,semantic_katz_consensus
R_005312,J_000814,0.8247851729393005,34,0.0031489424785052914,38,50,semantic_katz_consensus
R_006162,J_000814,0.818455696105957,50,0.00334973284428865,22,50,semantic_katz_consensus
R_007889,J_000816,0.8719698786735535,25,0.0032365955104067404,29,50,semantic_katz_consensus
R_007755,J_000817,0.8068857192993164,49,0.00378755529538737,7,50,semantic_katz_consensus
R_007889,J_000817,0.8713295459747314,21,0.003093561699258467,24,50,semantic_katz_consensus
R_003879,J_000818,0.8673242330551147,43,0.003997155249897117,15,50,semantic_katz_consensus
R_009446,J_000818,0.8925275802612305,15,0.00391745591359584,19,50,semantic_katz_consensus
R_003881,J_000819,0.8200346827507019,41,0.002966450041155952,33,50,semantic_katz_consensus
R_005501,J_000820,0.7561025619506836,44,0.0034334016474673055,22,50,semantic_katz_consensus
R_005653,J_000820,0.7566181421279907,43,0.0035178525345451054,18,50,semantic_katz_consensus
R_006431,J_000820,0.8458590507507324,24,0.003117865494467505,50,50,semantic_katz_consensus
R_007112,J_000820,0.753436267375946,47,0.0033768108377582287,27,50,semantic_katz_consensus
R_002140,J_000821,0.8263337016105652,40,0.002813086759019246,42,50,semantic_katz_consensus
R_002253,J_000821,0.7848270535469055,46,0.0029796275196319983,29,50,semantic_katz_consensus
R_007463,J_000823,0.8636615872383118,19,0.0033951825754193208,37,50,semantic_katz_consensus
R_008322,J_000823,0.8157438635826111,31,0.004203095589329278,11,50,semantic_katz_consensus
R_001770,J_000824,0.8777620792388916,9,0.00442740766642253,3,50,semantic_katz_consensus
R_006070,J_000824,0.8623451590538025,33,0.0033883798628997434,41,50,semantic_katz_consensus
R_003594,J_000826,0.858891487121582,24,0.0030943733068484404,41,50,semantic_katz_consensus
R_009397,J_000826,0.8885486721992493,2,0.003095952236492143,40,50,semantic_katz_consensus
R_004135,J_000828,0.8782221078872681,8,0.0036465283604459084,11,50,semantic_katz_consensus
R_008543,J_000828,0.8640550971031189,17,0.0031441614040379397,43,50,semantic_katz_consensus
R_000580,J_000829,0.8021525144577026,29,0.0031553172444617602,29,50,semantic_katz_consensus
R_006095,J_000829,0.7880557179450989,40,0.0032859999465693745,21,50,semantic_katz_consensus
R_008942,J_000829,0.7919492125511169,37,0.0030377824971393637,35,50,semantic_katz_consensus
R_001490,J_000830,0.8254098296165466,26,0.0038346134798525723,36,50,semantic_katz_consensus
R_008807,J_000830,0.8094612956047058,38,0.004038591228614165,21,50,semantic_katz_consensus
R_000572,J_000831,0.8699744939804077,11,0.0037573046807849713,45,50,semantic_katz_consensus
R_001610,J_000831,0.74064040184021,47,0.003725416089157212,47,50,semantic_katz_consensus
R_003048,J_000831,0.8619553446769714,25,0.0036668922124683968,48,50,semantic_katz_consensus
R_008905,J_000831,0.8572831153869629,29,0.004039388074358724,32,50,semantic_katz_consensus
R_001718,J_000832,0.8693185448646545,40,0.003482820845475355,47,50,semantic_katz_consensus
R_008789,J_000832,0.8827815055847168,23,0.003524640485219268,44,50,semantic_katz_consensus
R_008833,J_000832,0.8753408789634705,35,0.003680423828280479,32,50,semantic_katz_consensus
R_002154,J_000833,0.8727586269378662,9,0.003972039847098106,8,50,semantic_katz_consensus
R_004060,J_000833,0.8464063405990601,34,0.0034210653002720616,34,50,semantic_katz_consensus
R_006527,J_000833,0.7607275247573853,50,0.0039010910521415595,10,50,semantic_katz_consensus
R_009709,J_000833,0.7654275894165039,43,0.003719454507918437,21,50,semantic_katz_consensus
R_001903,J_000835,0.8388397097587585,42,0.004337762520159685,7,50,semantic_katz_consensus
R_006601,J_000835,0.874173641204834,10,0.0036923765144488583,20,50,semantic_katz_consensus
R_008864,J_000835,0.8549550175666809,27,0.00350274198908932,34,50,semantic_katz_consensus
R_001399,J_000836,0.8019927144050598,45,0.0034832045065022197,41,50,semantic_katz_consensus
R_008951,J_000836,0.8594326972961426,13,0.0036274188244219156,31,50,semantic_katz_consensus
R_009534,J_000837,0.868261456489563,16,0.003642957316440809,33,50,semantic_katz_consensus
R_009783,J_000838,0.8539872169494629,9,0.003539396893339017,12,50,semantic_katz_consensus
R_002625,J_000839,0.8434456586837769,37,0.0029681027800267275,49,50,semantic_katz_consensus
R_003149,J_000839,0.8800859451293945,6,0.0038473334880746815,8,50,semantic_katz_consensus
R_000786,J_000840,0.8554064631462097,23,0.004556083492323334,3,50,semantic_katz_consensus
R_003060,J_000840,0.8316318988800049,37,0.003095170152592999,47,50,semantic_katz_consensus
R_001006,J_000841,0.8979411125183105,2,0.0034469480251248024,21,50,semantic_katz_consensus
R_005908,J_000841,0.8829934597015381,10,0.0034154726182147365,24,50,semantic_katz_consensus
R_000084,J_000843,0.8620740175247192,23,0.0033342091141151716,45,50,semantic_katz_consensus
R_008311,J_000843,0.8732866644859314,10,0.0038469498270478166,17,50,semantic_katz_consensus
R_008358,J_000843,0.871511697769165,12,0.004270871763153004,6,50,semantic_katz_consensus
R_004445,J_000844,0.8537230491638184,18,0.0035616790504958296,17,50,semantic_katz_consensus
R_000280,J_000845,0.7917097210884094,27,0.003270446692705067,28,50,semantic_katz_consensus
R_002821,J_000845,0.7561212182044983,43,0.003027025079587822,38,50,semantic_katz_consensus
R_004319,J_000845,0.8343284726142883,8,0.0037146881952964997,12,50,semantic_katz_consensus
R_008405,J_000845,0.8556244969367981,2,0.0032246428242383605,30,50,semantic_katz_consensus
R_002513,J_000847,0.8818947076797485,27,0.004257281099959264,4,50,semantic_katz_consensus
R_007329,J_000847,0.8774436116218567,33,0.004628994877950448,2,50,semantic_katz_consensus
R_003349,J_000848,0.8633812665939331,30,0.0028118914904024083,48,50,semantic_katz_consensus
R_005847,J_000848,0.8885902762413025,6,0.002793165615405281,50,50,semantic_katz_consensus
R_005972,J_000848,0.865980327129364,26,0.003417833631757583,13,50,semantic_katz_consensus
R_007418,J_000848,0.8526961207389832,47,0.0028110946446578498,49,50,semantic_katz_consensus
R_007836,J_000848,0.8871022462844849,8,0.003359324516914183,15,50,semantic_katz_consensus
R_008064,J_000848,0.8580490350723267,39,0.0036576842008697293,6,50,semantic_katz_consensus
R_005025,J_000849,0.8298812508583069,27,0.0038071075398198855,42,50,semantic_katz_consensus
R_000728,J_000850,0.8152919411659241,46,0.003911095909484786,13,50,semantic_katz_consensus
R_000786,J_000850,0.8657419681549072,25,0.004214664614470792,3,50,semantic_katz_consensus
R_002302,J_000851,0.8496718406677246,30,0.0033122810942943946,18,50,semantic_katz_consensus
R_007701,J_000851,0.8430835604667664,37,0.0028971687469155957,46,50,semantic_katz_consensus
R_009406,J_000851,0.8694934248924255,3,0.003080826929190944,34,50,semantic_katz_consensus
R_005326,J_000852,0.9044711589813232,24,0.0038433640211973027,23,50,semantic_katz_consensus
R_007520,J_000852,0.7798306345939636,46,0.004192367695468565,12,50,semantic_katz_consensus
R_008191,J_000853,0.8839895129203796,7,0.002716683185773067,40,50,semantic_katz_consensus
R_008875,J_000853,0.8463196158409119,42,0.0032768066968161215,7,50,semantic_katz_consensus
R_006688,J_000854,0.8660745024681091,16,0.003524640485219268,32,50,semantic_katz_consensus
R_008797,J_000854,0.7876787185668945,39,0.0037461636022065653,20,50,semantic_katz_consensus
R_003561,J_000855,0.8423330187797546,11,0.0028784428719184677,46,50,semantic_katz_consensus
R_009942,J_000855,0.7756732106208801,38,0.0034596827951923256,7,50,semantic_katz_consensus
R_005667,J_000856,0.8352238535881042,10,0.003484001352246778,11,50,semantic_katz_consensus
R_009813,J_000856,0.8154065012931824,23,0.002979612757786584,36,50,semantic_katz_consensus
R_004363,J_000857,0.8797991871833801,8,0.002729432717686005,45,50,semantic_katz_consensus
R_001025,J_000858,0.8394029140472412,45,0.003344553346949019,30,50,semantic_katz_consensus
R_004228,J_000858,0.8675215840339661,11,0.004364456852602399,4,50,semantic_katz_consensus
R_000072,J_000859,0.8446983695030212,17,0.0033577013017342364,16,50,semantic_katz_consensus
R_000222,J_000859,0.8422363996505737,21,0.0031031238481931704,29,50,semantic_katz_consensus
R_001917,J_000859,0.8341483473777771,29,0.003190363695376925,23,50,semantic_katz_consensus
R_004363,J_000860,0.8518472909927368,50,0.00262823330812706,40,50,semantic_katz_consensus
R_007405,J_000860,0.8784335851669312,11,0.0027668844676802607,25,50,semantic_katz_consensus
R_000159,J_000861,0.8029967546463013,41,0.0041051278482848105,15,50,semantic_katz_consensus
R_003940,J_000861,0.9137159585952759,1,0.004057287579920464,16,50,semantic_katz_consensus
R_007429,J_000861,0.8194863796234131,26,0.0036541279187100443,33,50,semantic_katz_consensus
R_007859,J_000861,0.8031479716300964,40,0.0038481155719738256,25,50,semantic_katz_consensus
R_008996,J_000861,0.7970271110534668,46,0.003402339425274934,49,50,semantic_katz_consensus
R_002060,J_000862,0.8436578512191772,37,0.0041796034017102125,13,50,semantic_katz_consensus
R_000685,J_000863,0.858153760433197,36,0.0030425635716067154,29,50,semantic_katz_consensus
R_003956,J_000863,0.8775321841239929,12,0.003249728703346543,20,50,semantic_katz_consensus
R_005288,J_000863,0.8924684524536133,1,0.0036254267100605192,11,50,semantic_katz_consensus
R_004339,J_000864,0.8737236857414246,17,0.005026222481612922,1,50,semantic_katz_consensus
R_007802,J_000864,0.8738732933998108,16,0.0039732203538695296,14,50,semantic_katz_consensus
R_008853,J_000865,0.8912772536277771,24,0.003766837306028846,7,50,semantic_katz_consensus
R_003880,J_000866,0.8240049481391907,24,0.0033099053189061334,41,50,semantic_katz_consensus
R_001643,J_000867,0.8284934759140015,18,0.0033640908295361196,19,50,semantic_katz_consensus
R_003410,J_000867,0.8424601554870605,5,0.0034039183549186367,17,50,semantic_katz_consensus
R_004920,J_000868,0.8926307559013367,1,0.004751310699740196,7,50,semantic_katz_consensus
R_005541,J_000868,0.873585045337677,16,0.004447727232908775,11,50,semantic_katz_consensus
R_000134,J_000869,0.8090090751647949,31,0.003936196550438383,21,50,semantic_katz_consensus
R_003940,J_000869,0.8123664259910583,30,0.00404254593364613,17,50,semantic_katz_consensus
R_007577,J_000869,0.7862317562103271,37,0.0043277871865072875,12,50,semantic_katz_consensus
R_009069,J_000869,0.8455238938331604,20,0.0037923658935455507,28,50,semantic_katz_consensus
R_001139,J_000870,0.9138984084129333,7,0.0033796145597095985,21,50,semantic_katz_consensus
R_002011,J_000870,0.84351646900177,31,0.0035493722269914147,15,50,semantic_katz_consensus
R_006677,J_000870,0.8823668956756592,21,0.004995499634911171,1,50,semantic_katz_consensus
R_000299,J_000871,0.8364631533622742,29,0.003779217938760334,45,50,semantic_katz_consensus
R_004713,J_000871,0.8497639298439026,23,0.0038262318376892923,37,50,semantic_katz_consensus
R_006817,J_000871,0.8497303128242493,24,0.003826615498716157,36,50,semantic_katz_consensus
R_000606,J_000872,0.8861648440361023,38,0.003291991051498979,39,50,semantic_katz_consensus
R_001808,J_000872,0.8962939977645874,15,0.0034975477299042748,23,50,semantic_katz_consensus
R_001979,J_000872,0.8024767637252808,50,0.0032003390290293227,49,50,semantic_katz_consensus
R_007084,J_000872,0.8893329501152039,30,0.0034246658679679895,26,50,semantic_katz_consensus
R_002480,J_000873,0.8442726135253906,15,0.003348950760389506,25,50,semantic_katz_consensus
R_001842,J_000874,0.8670621514320374,8,0.0035820133788274887,44,50,semantic_katz_consensus
R_003175,J_000875,0.8637897372245789,14,0.005272801954017572,1,50,semantic_katz_consensus
R_004255,J_000875,0.8381187915802002,35,0.003452142284309848,37,50,semantic_katz_consensus
R_002797,J_000876,0.8703190088272095,31,0.004309887680945548,1,50,semantic_katz_consensus
R_001247,J_000877,0.7967804670333862,41,0.0037441567259997545,17,50,semantic_katz_consensus
R_003172,J_000878,0.8595418930053711,9,0.003229822321577992,48,50,semantic_katz_consensus
R_003766,J_000878,0.8240022659301758,29,0.004172830212881465,9,50,semantic_katz_consensus
R_005281,J_000878,0.7954572439193726,39,0.0034963524612874365,37,50,semantic_katz_consensus
R_006175,J_000878,0.8321711421012878,23,0.003940579202033455,13,50,semantic_katz_consensus
R_006412,J_000878,0.7816216349601746,44,0.004409154023524754,7,50,semantic_katz_consensus
R_000702,J_000879,0.8478220105171204,33,0.0026935894210262817,49,50,semantic_katz_consensus
R_004475,J_000879,0.8697705864906311,19,0.003464847530686542,10,50,semantic_katz_consensus
R_009552,J_000879,0.8672736883163452,22,0.003775617371064405,7,50,semantic_katz_consensus
R_003769,J_000880,0.8600153923034668,26,0.0031278408281199023,41,50,semantic_katz_consensus
R_006045,J_000880,0.8611916303634644,24,0.003713861825861112,16,50,semantic_katz_consensus
R_008981,J_000880,0.8364505171775818,43,0.003959260791494339,7,50,semantic_katz_consensus
R_009932,J_000880,0.8775489926338196,6,0.00402144428326074,4,50,semantic_katz_consensus
R_000536,J_000881,0.8721393346786499,11,0.00421625830595991,9,50,semantic_katz_consensus
R_002162,J_000881,0.8701015710830688,16,0.003521438340395619,23,50,semantic_katz_consensus
R_002813,J_000881,0.8834612965583801,3,0.00315291194538267,47,50,semantic_katz_consensus
R_003946,J_000881,0.845943033695221,44,0.004450501431169316,4,50,semantic_katz_consensus
R_007443,J_000881,0.8770204782485962,6,0.0031836200302390065,42,50,semantic_katz_consensus
R_006861,J_000882,0.9019527435302734,4,0.0033975435889621675,31,50,semantic_katz_consensus
R_007597,J_000882,0.8935521245002747,19,0.0036764395995576857,18,50,semantic_katz_consensus
R_007700,J_000882,0.8923220038414001,21,0.003604310297829716,20,50,semantic_katz_consensus
R_000536,J_000883,0.9027133584022522,1,0.0030788495766749615,30,50,semantic_katz_consensus
R_003946,J_000883,0.8733758330345154,19,0.0033099053189061334,17,50,semantic_katz_consensus
R_007443,J_000883,0.8641299605369568,34,0.003269664608805923,21,50,semantic_katz_consensus
R_005189,J_000884,0.8469762206077576,37,0.003122646568934857,26,50,semantic_katz_consensus
R_001066,J_000885,0.8680641651153564,33,0.0029649006352030784,43,50,semantic_katz_consensus
R_006505,J_000885,0.8905435800552368,4,0.003649332082397278,12,50,semantic_katz_consensus
R_007550,J_000885,0.875321626663208,21,0.0037118992351905444,10,50,semantic_katz_consensus
R_006396,J_000886,0.8081709742546082,39,0.004091965131654178,8,50,semantic_katz_consensus
R_007520,J_000886,0.8135796189308167,34,0.003814692336238607,22,50,semantic_katz_consensus
R_004522,J_000887,0.8823325634002686,10,0.003513455121104618,23,50,semantic_katz_consensus
R_003353,J_000888,0.8698596358299255,18,0.003461689671399137,12,50,semantic_katz_consensus
R_004192,J_000888,0.8625264763832092,34,0.0030186729611153713,24,50,semantic_katz_consensus
R_005195,J_000888,0.8194103837013245,42,0.002831015788271815,44,50,semantic_katz_consensus
R_005457,J_000888,0.8753739595413208,12,0.002825865814623013,46,50,semantic_katz_consensus
R_005783,J_000888,0.8666918277740479,27,0.0032234327937761082,19,50,semantic_katz_consensus
R_001490,J_000890,0.8754807710647583,22,0.0030800448452917998,42,50,semantic_katz_consensus
R_005896,J_000890,0.8033795952796936,47,0.003431409533105909,18,50,semantic_katz_consensus
R_008926,J_000890,0.8776916861534119,20,0.0031744415423311675,33,50,semantic_katz_consensus
R_004922,J_000891,0.8287118673324585,30,0.0031899947961954753,23,50,semantic_katz_consensus
R_005447,J_000891,0.8326593637466431,22,0.0032445639678523263,18,50,semantic_katz_consensus
R_006241,J_000891,0.8305917382240295,26,0.003987165154399305,4,50,semantic_katz_consensus
R_008568,J_000891,0.8387213945388794,12,0.0032649130580294002,16,50,semantic_katz_consensus
R_008907,J_000891,0.8344288468360901,16,0.0031099117988673333,35,50,semantic_katz_consensus
R_009008,J_000891,0.8085864782333374,44,0.0036509257738863952,6,50,semantic_katz_consensus
R_003650,J_000892,0.8534356355667114,40,0.00348040078455085,26,50,semantic_katz_consensus
R_004636,J_000892,0.8634364008903503,33,0.0037509299148285025,16,50,semantic_katz_consensus
R_006413,J_000892,0.8817510604858398,7,0.003597123924283274,20,50,semantic_katz_consensus
R_008878,J_000892,0.8723964095115662,20,0.0052329891904804695,1,50,semantic_katz_consensus
R_003763,J_000893,0.8446990847587585,32,0.003476032894801192,35,50,semantic_katz_consensus
R_006275,J_000893,0.8536325693130493,19,0.003880033687292414,8,50,semantic_katz_consensus
R_008896,J_000893,0.8505960702896118,23,0.003344553346949019,42,50,semantic_katz_consensus
R_001423,J_000895,0.8990734815597534,1,0.002919067243045543,45,50,semantic_katz_consensus
R_007286,J_000895,0.882845401763916,4,0.0029684864410535923,43,50,semantic_katz_consensus
R_004300,J_000896,0.8943044543266296,10,0.0034023099015841047,25,50,semantic_katz_consensus
R_003458,J_000897,0.8442967534065247,11,0.0031401771753151466,14,50,semantic_katz_consensus
R_005911,J_000897,0.8577466011047363,1,0.002981619633993395,24,50,semantic_katz_consensus
R_006025,J_000897,0.837353527545929,20,0.0027302148015851497,49,50,semantic_katz_consensus
R_000016,J_000898,0.8611470460891724,33,0.003412727943645025,39,50,semantic_katz_consensus
R_001433,J_000899,0.8903246521949768,8,0.004219062027911279,10,50,semantic_katz_consensus
R_002153,J_000899,0.8855539560317993,17,0.004564863557358892,3,50,semantic_katz_consensus
R_002587,J_000900,0.8009451627731323,36,0.003003134469096478,35,50,semantic_katz_consensus
R_007671,J_000900,0.8533933162689209,21,0.0031011464956771885,26,50,semantic_katz_consensus
R_008259,J_000900,0.864264965057373,9,0.0029063177111326053,43,50,semantic_katz_consensus
R_009997,J_000900,0.7939574718475342,42,0.002925855193719706,42,50,semantic_katz_consensus
R_002011,J_000901,0.8139998912811279,48,0.0032756704755809414,19,50,semantic_katz_consensus
R_003573,J_000901,0.8745031356811523,22,0.002921074119252354,37,50,semantic_katz_consensus
R_007925,J_000901,0.8140313029289246,47,0.00308041374447325,27,50,semantic_katz_consensus
R_001700,J_000902,0.8915402293205261,2,0.0040541297206330585,13,50,semantic_katz_consensus
R_005136,J_000902,0.8624756336212158,27,0.003391154061160284,34,50,semantic_katz_consensus
R_008703,J_000902,0.869012713432312,16,0.005337361221172235,3,50,semantic_katz_consensus
R_008335,J_000903,0.7853158712387085,44,0.0029875959770775846,34,50,semantic_katz_consensus
R_004417,J_000904,0.7703877091407776,41,0.0035417726687272783,47,50,semantic_katz_consensus
R_009654,J_000904,0.8789565563201904,10,0.0041429337356151015,21,50,semantic_katz_consensus
R_001293,J_000905,0.8722547292709351,17,0.004554489800834216,1,50,semantic_katz_consensus
R_002882,J_000905,0.8741263747215271,16,0.003031820915900588,36,50,semantic_katz_consensus
R_004283,J_000905,0.8588085770606995,40,0.0031979484917956467,26,50,semantic_katz_consensus
R_005536,J_000905,0.8005478978157043,50,0.0029875959770775846,46,50,semantic_katz_consensus
R_004152,J_000906,0.8646116256713867,13,0.002994369165906333,42,50,semantic_katz_consensus
R_007763,J_000906,0.86430424451828,14,0.0037692573669533508,7,50,semantic_katz_consensus
R_000134,J_000907,0.8688198328018188,17,0.004414259711637313,10,50,semantic_katz_consensus
R_000159,J_000907,0.8512417674064636,24,0.005056487858060735,5,50,semantic_katz_consensus
R_002767,J_000907,0.8711977005004883,16,0.0047349458382859155,7,50,semantic_katz_consensus
R_003940,J_000907,0.883480966091156,4,0.0035445616288332336,42,50,semantic_katz_consensus
R_007429,J_000907,0.8716276288032532,15,0.0036202619745663027,38,50,semantic_katz_consensus
R_009069,J_000907,0.8864507675170898,2,0.003926619639658265,18,50,semantic_katz_consensus
R_003048,J_000908,0.85312420129776,31,0.0032824289025642755,47,50,semantic_katz_consensus
R_003149,J_000908,0.748499870300293,48,0.0035820133788274887,26,50,semantic_katz_consensus
R_003430,J_000908,0.8655368685722351,8,0.0036034986902397427,24,50,semantic_katz_consensus
R_004078,J_000908,0.8446640372276306,40,0.0037564930731949983,13,50,semantic_katz_consensus
R_008905,J_000908,0.8504688143730164,34,0.0036401831181802685,22,50,semantic_katz_consensus
R_006842,J_000909,0.8174172639846802,47,0.0030573052178810498,5,50,semantic_katz_consensus
R_007839,J_000910,0.8205570578575134,45,0.0041632680639467606,23,50,semantic_katz_consensus
R_001207,J_000911,0.872247040271759,12,0.004274014860594995,3,50,semantic_katz_consensus
R_001330,J_000911,0.843242883682251,31,0.0033485228138263974,28,50,semantic_katz_consensus
R_004246,J_000911,0.8654332756996155,16,0.0041787917941202395,5,50,semantic_katz_consensus
R_001827,J_000912,0.8781806826591492,6,0.00300157030129819,28,50,semantic_katz_consensus
R_002810,J_000912,0.8612054586410522,22,0.0029417625849200496,30,50,semantic_katz_consensus
R_003716,J_000912,0.8736830949783325,10,0.002798758297462605,44,50,semantic_katz_consensus
R_009022,J_000913,0.8564214110374451,17,0.003957696623696051,13,50,semantic_katz_consensus
R_002436,J_000914,0.8660978078842163,13,0.003059312094087861,36,50,semantic_katz_consensus
R_008564,J_000914,0.8465355038642883,42,0.003247338166112867,30,50,semantic_katz_consensus
R_002176,J_000915,0.8637373447418213,11,0.0028728649517065575,46,50,semantic_katz_consensus
R_005626,J_000917,0.7137450575828552,45,0.003603513452085157,26,50,semantic_katz_consensus
R_001646,J_000918,0.8916164636611938,7,0.003026242995688678,46,50,semantic_katz_consensus
R_007636,J_000918,0.7914214134216309,44,0.003374036639497688,19,50,semantic_katz_consensus
R_002309,J_000920,0.84815913438797,11,0.0031720510050974914,37,50,semantic_katz_consensus
R_005668,J_000920,0.844448983669281,13,0.003186010567472682,36,50,semantic_katz_consensus
R_006581,J_000921,0.7827436327934265,25,0.0029764548984991786,49,50,semantic_katz_consensus
R_005194,J_000922,0.8563581705093384,8,0.0032453903372877137,26,50,semantic_katz_consensus
R_003493,J_000923,0.8748939633369446,21,0.0033345927751420364,49,50,semantic_katz_consensus
R_007275,J_000925,0.7516878247261047,46,0.003597168209819517,28,50,semantic_katz_consensus
R_004161,J_000926,0.8321985602378845,11,0.003403933116764051,10,50,semantic_katz_consensus
R_000995,J_000927,0.8375892043113708,28,0.003229438660551127,37,50,semantic_katz_consensus
R_003292,J_000927,0.7535495162010193,41,0.0031696604678638158,44,50,semantic_katz_consensus
R_007390,J_000927,0.8675005435943604,4,0.0031712689211983473,43,50,semantic_katz_consensus
R_005086,J_000928,0.8714303374290466,13,0.002795157729766677,30,50,semantic_katz_consensus
R_005407,J_000928,0.8787495493888855,6,0.0030895774705356743,19,50,semantic_katz_consensus
R_009376,J_000928,0.8508101105690002,31,0.003123443414679416,16,50,semantic_katz_consensus
R_006585,J_000929,0.8774998784065247,26,0.004414687658200422,26,50,semantic_katz_consensus
R_004180,J_000930,0.8165827393531799,49,0.0034043315396363304,28,50,semantic_katz_consensus
R_009932,J_000932,0.8637272715568542,15,0.0032270628851628655,38,50,semantic_katz_consensus
R_007153,J_000933,0.8633866906166077,20,0.0040302243482963004,2,50,semantic_katz_consensus
R_007755,J_000933,0.865580677986145,16,0.0036517078577855393,8,50,semantic_katz_consensus
R_008111,J_000933,0.8533622026443481,33,0.003307086835109349,17,50,semantic_katz_consensus
R_008687,J_000933,0.8255231380462646,47,0.0036736211157609015,6,50,semantic_katz_consensus
R_004148,J_000934,0.8558038473129272,12,0.0030126966180311814,23,50,semantic_katz_consensus
R_005161,J_000935,0.8257400989532471,30,0.0032525324252979126,23,50,semantic_katz_consensus
R_002253,J_000936,0.8161153197288513,28,0.0030624994770660956,50,50,semantic_katz_consensus
R_002871,J_000936,0.8820899724960327,13,0.0032397828933849746,34,50,semantic_katz_consensus
R_007666,J_000936,0.8724470734596252,20,0.003917057490723561,8,50,semantic_katz_consensus
R_001315,J_000937,0.8758626580238342,28,0.003316678507734882,37,50,semantic_katz_consensus
R_005456,J_000937,0.8743913173675537,30,0.003874854189952783,10,50,semantic_katz_consensus
R_000606,J_000938,0.8785327076911926,40,0.004262091698117445,25,50,semantic_katz_consensus
R_003148,J_000938,0.8921339511871338,8,0.004397127528129302,17,50,semantic_katz_consensus
R_003331,J_000938,0.8961460590362549,2,0.005699084903665606,1,50,semantic_katz_consensus
R_005096,J_000938,0.8714456558227539,49,0.004469640490884138,13,50,semantic_katz_consensus
R_007084,J_000938,0.8836843967437744,30,0.004275652837620356,23,50,semantic_katz_consensus
R_007204,J_000939,0.8547377586364746,14,0.0030828338053977547,48,50,semantic_katz_consensus
R_007869,J_000939,0.8653927445411682,4,0.0034887676648687155,21,50,semantic_katz_consensus
R_000006,J_000940,0.8400800824165344,24,0.004059323979818104,24,50,semantic_katz_consensus
R_002541,J_000940,0.8171897530555725,40,0.0037505610156470526,46,50,semantic_katz_consensus
R_003008,J_000940,0.8526936173439026,10,0.003884814761759766,37,50,semantic_katz_consensus
R_003625,J_000941,0.8695701360702515,15,0.0033827871808424182,15,50,semantic_katz_consensus
R_009072,J_000941,0.805274486541748,39,0.0033409675410985052,20,50,semantic_katz_consensus
R_000918,J_000942,0.8150948882102966,49,0.00334973284428865,21,50,semantic_katz_consensus
R_003630,J_000942,0.8678192496299744,19,0.0028605138426658987,45,50,semantic_katz_consensus
R_004033,J_000943,0.8967100381851196,8,0.0034772281634180297,24,50,semantic_katz_consensus
R_006582,J_000944,0.8661862015724182,40,0.003556130653974748,29,50,semantic_katz_consensus
R_000444,J_000945,0.8626421093940735,17,0.003368458719285778,29,50,semantic_katz_consensus
R_007666,J_000945,0.8549095392227173,25,0.0037887800876950373,11,50,semantic_katz_consensus
R_003946,J_000946,0.8216663002967834,40,0.004244531568046326,5,50,semantic_katz_consensus
R_006505,J_000947,0.884880542755127,11,0.003755312566423575,11,50,semantic_katz_consensus
R_007550,J_000947,0.8765946626663208,20,0.004163282825792176,3,50,semantic_katz_consensus
R_001066,J_000949,0.8670864105224609,38,0.0035262341767083854,20,50,semantic_katz_consensus
R_006505,J_000949,0.8874964118003845,7,0.003901120575832389,9,50,semantic_katz_consensus
R_007550,J_000949,0.88064044713974,17,0.003961297191391979,7,50,semantic_katz_consensus
R_007504,J_000950,0.7745231986045837,49,0.004540574523995269,6,50,semantic_katz_consensus
R_008783,J_000950,0.7761140465736389,47,0.005576783843721272,2,50,semantic_katz_consensus
R_001561,J_000951,0.8225277066230774,30,0.002999961847963658,42,50,semantic_katz_consensus
R_009277,J_000951,0.8138129115104675,36,0.003137771876236056,30,50,semantic_katz_consensus
R_000728,J_000952,0.860194742679596,21,0.0037505462538016377,14,50,semantic_katz_consensus
R_001326,J_000952,0.8627627491950989,14,0.004005138469188118,7,50,semantic_katz_consensus
R_002604,J_000952,0.8474854826927185,33,0.0035708280147128393,21,50,semantic_katz_consensus
R_007871,J_000952,0.7762713432312012,50,0.0031389819066983088,47,50,semantic_katz_consensus
R_008475,J_000953,0.8531426191329956,18,0.0031816279158776097,26,50,semantic_katz_consensus
R_009643,J_000953,0.8781722187995911,2,0.0029154814371950295,46,50,semantic_katz_consensus
R_006402,J_000954,0.8487977385520935,21,0.002650544988974701,41,50,semantic_katz_consensus
R_008259,J_000954,0.7342398762702942,48,0.003018259776397677,18,50,semantic_katz_consensus
R_009533,J_000954,0.8489368557929993,19,0.0025027448652044913,49,50,semantic_katz_consensus
R_002242,J_000955,0.8744914531707764,25,0.003470469736434696,36,50,semantic_katz_consensus
R_006396,J_000955,0.8232179284095764,35,0.0035254520928092413,32,50,semantic_katz_consensus
R_007520,J_000955,0.8194981813430786,38,0.004466054685033623,3,50,semantic_katz_consensus
R_008834,J_000955,0.8959659337997437,5,0.003963672966780241,11,50,semantic_katz_consensus
R_002136,J_000956,0.8641279935836792,19,0.003942172893522573,28,50,semantic_katz_consensus
R_004255,J_000956,0.7976838946342468,42,0.00392025963554721,30,50,semantic_katz_consensus
R_007454,J_000956,0.8537653684616089,24,0.003756094650322719,40,50,semantic_katz_consensus
R_003203,J_000958,0.8658744692802429,12,0.003313874785783512,16,50,semantic_katz_consensus
R_005668,J_000958,0.8537716269493103,22,0.0034812123921408233,10,50,semantic_katz_consensus
R_007908,J_000959,0.8349726796150208,30,0.003290795782882141,42,50,semantic_katz_consensus
R_008259,J_000959,0.8638261556625366,11,0.0032290254758334334,47,50,semantic_katz_consensus
R_008750,J_000960,0.8711550831794739,8,0.0031509345928666882,36,50,semantic_katz_consensus
R_003618,J_000961,0.8003265857696533,21,0.0034883840038418506,38,50,semantic_katz_consensus
R_007933,J_000961,0.8147805333137512,15,0.003448556478459334,43,50,semantic_katz_consensus
R_008154,J_000961,0.7940508127212524,26,0.0035258209919906917,37,50,semantic_katz_consensus
R_008322,J_000961,0.7589920163154602,35,0.0034589007112931815,41,50,semantic_katz_consensus
R_009328,J_000961,0.8637984991073608,1,0.0036250430490336544,32,50,semantic_katz_consensus
R_001642,J_000962,0.906610369682312,16,0.0033541154958837225,15,50,semantic_katz_consensus
R_006582,J_000962,0.8766432404518127,35,0.0030557410500827616,30,50,semantic_katz_consensus
R_009338,J_000962,0.9156417846679688,6,0.003029828801539192,33,50,semantic_katz_consensus
R_001740,J_000963,0.8030257225036621,39,0.0040310064321954445,39,50,semantic_katz_consensus
R_005239,J_000964,0.8367906212806702,29,0.0037078854827769223,12,50,semantic_katz_consensus
R_009350,J_000964,0.8327298760414124,35,0.0037377819600432852,11,50,semantic_katz_consensus
R_002587,J_000965,0.8666117787361145,5,0.002846967465008402,50,50,semantic_katz_consensus
R_005621,J_000965,0.8266221284866333,34,0.0029521511032901404,39,50,semantic_katz_consensus
R_009821,J_000965,0.8333342671394348,26,0.003321474344047648,19,50,semantic_katz_consensus
R_000759,J_000966,0.8706433176994324,33,0.002918683582018678,48,50,semantic_katz_consensus
R_004340,J_000967,0.8779901266098022,18,0.0036907828229597412,37,50,semantic_katz_consensus
R_007076,J_000967,0.8671813607215881,31,0.004090371440165061,16,50,semantic_katz_consensus
R_007008,J_000968,0.8792343735694885,7,0.003217471212537333,46,50,semantic_katz_consensus
R_007488,J_000968,0.8731599450111389,11,0.0032126901380699815,49,50,semantic_katz_consensus
R_008703,J_000968,0.8572826981544495,32,0.004150946478596932,7,50,semantic_katz_consensus
R_001959,J_000970,0.8401675820350647,44,0.0029756432909092056,43,50,semantic_katz_consensus
R_008806,J_000970,0.8795868754386902,9,0.004055693888431347,4,50,semantic_katz_consensus
R_002089,J_000971,0.8292502164840698,41,0.0032350313426084518,42,50,semantic_katz_consensus
R_002457,J_000971,0.8261125087738037,45,0.0035907786820176335,21,50,semantic_katz_consensus
R_005178,J_000971,0.8531230688095093,14,0.0036664642659052886,19,50,semantic_katz_consensus
R_003481,J_000972,0.8360826373100281,26,0.003274032498555581,9,50,semantic_katz_consensus
R_007400,J_000972,0.831091582775116,36,0.002682802479783911,45,50,semantic_katz_consensus
R_009343,J_000972,0.8307133913040161,37,0.002671661401205505,48,50,semantic_katz_consensus
R_004082,J_000973,0.8369115591049194,44,0.005658873717256225,5,50,semantic_katz_consensus
R_009305,J_000973,0.8986592292785645,21,0.0058955221415447215,2,50,semantic_katz_consensus
R_003107,J_000974,0.8657479882240295,32,0.0024788394928677328,50,50,semantic_katz_consensus
R_003244,J_000974,0.8758642673492432,17,0.002511510168394636,45,50,semantic_katz_consensus
R_007772,J_000974,0.875978946685791,16,0.002508308023570987,47,50,semantic_katz_consensus
R_004910,J_000975,0.8940464854240417,9,0.003354130257729137,33,50,semantic_katz_consensus
R_004963,J_000975,0.8620932698249817,37,0.003272055146039599,40,50,semantic_katz_consensus
R_004592,J_000976,0.8569685220718384,27,0.0029616984903794294,25,50,semantic_katz_consensus
R_006937,J_000976,0.7995451092720032,47,0.002751729636688232,35,50,semantic_katz_consensus
R_008710,J_000976,0.8655809164047241,17,0.002795157729766677,34,50,semantic_katz_consensus
R_009890,J_000976,0.8639503121376038,20,0.002974433260446953,23,50,semantic_katz_consensus
R_009987,J_000976,0.8511524796485901,33,0.0033537318348568577,9,50,semantic_katz_consensus
R_001627,J_000977,0.8812089562416077,1,0.003333825453088307,31,50,semantic_katz_consensus
R_001945,J_000977,0.8055418729782104,37,0.0030274235024601017,50,50,semantic_katz_consensus
R_008498,J_000977,0.8068588376045227,36,0.00427363119956813,4,50,semantic_katz_consensus
R_003946,J_000979,0.7963829636573792,37,0.00312943451960902,28,50,semantic_katz_consensus
R_006808,J_000979,0.7845429182052612,47,0.0035425547526264224,9,50,semantic_katz_consensus
R_002457,J_000980,0.8400480151176453,31,0.0036640737286716125,10,50,semantic_katz_consensus
R_005075,J_000980,0.835431694984436,35,0.0031019285795763326,42,50,semantic_katz_consensus
R_001643,J_000981,0.7336646318435669,33,0.003416269463959295,15,50,semantic_katz_consensus
R_008732,J_000981,0.7937881350517273,26,0.0031246091596054243,27,50,semantic_katz_consensus
R_004161,J_000982,0.8391132354736328,18,0.0032374071179967134,32,50,semantic_katz_consensus
R_006109,J_000982,0.8365343809127808,23,0.0045755914512196055,2,50,semantic_katz_consensus
R_000391,J_000983,0.851515531539917,19,0.0030604926008592844,32,50,semantic_katz_consensus
R_002724,J_000983,0.8690486550331116,3,0.003332630184471469,15,50,semantic_katz_consensus
R_007581,J_000983,0.8589611053466797,11,0.0032326260435293613,22,50,semantic_katz_consensus
R_000629,J_000985,0.8211284875869751,19,0.0032780167272783737,33,50,semantic_katz_consensus
R_006434,J_000986,0.8807860612869263,30,0.0042764053978286715,12,50,semantic_katz_consensus
R_000006,J_000987,0.8272370100021362,33,0.0034844292988098864,27,50,semantic_katz_consensus
R_001926,J_000987,0.8382007479667664,19,0.0033234369347182155,36,50,semantic_katz_consensus
R_002541,J_000987,0.812375545501709,43,0.003407533684459979,32,50,semantic_katz_consensus
R_003008,J_000987,0.8428515791893005,15,0.004099535166227486,9,50,semantic_katz_consensus
R_009916,J_000987,0.8562158346176147,11,0.004138536322174615,6,50,semantic_katz_consensus
R_002470,J_000988,0.8872334361076355,3,0.0036321998988892677,33,50,semantic_katz_consensus
R_005240,J_000988,0.8651173710823059,29,0.0035381868628767644,38,50,semantic_katz_consensus
R_007763,J_000988,0.8773823976516724,15,0.0051453213967336065,3,50,semantic_katz_consensus
R_009412,J_000988,0.8743826746940613,20,0.0035437795449340895,37,50,semantic_katz_consensus
R_009709,J_000988,0.8588098883628845,40,0.0034417832896305855,44,50,semantic_katz_consensus
R_001434,J_000989,0.8898331522941589,6,0.003556883214183063,27,50,semantic_katz_consensus
R_002470,J_000989,0.7872916460037231,33,0.0036254267100605192,21,50,semantic_katz_consensus
R_004152,J_000989,0.773390531539917,38,0.003390386739106554,37,50,semantic_katz_consensus
R_001145,J_000990,0.8643988370895386,36,0.0034358217083918104,28,50,semantic_katz_consensus
R_004678,J_000990,0.855410099029541,42,0.00339912251860587,32,50,semantic_katz_consensus
R_006396,J_000990,0.8821856379508972,15,0.003623050934672258,20,50,semantic_katz_consensus
R_007520,J_000990,0.8797798752784729,22,0.004395135413767906,4,50,semantic_katz_consensus
R_005035,J_000991,0.8212491273880005,26,0.003459269610474632,8,50,semantic_katz_consensus
R_007681,J_000991,0.8034682869911194,49,0.0030238376966095874,22,50,semantic_katz_consensus
R_004920,J_000992,0.8622374534606934,16,0.003613887208609834,22,50,semantic_katz_consensus
R_007384,J_000992,0.8651456832885742,10,0.0031724494279697707,48,50,semantic_katz_consensus
R_005456,J_000993,0.8903858065605164,22,0.0037262572204380144,14,50,semantic_katz_consensus
R_007539,J_000993,0.8827440738677979,28,0.00396407138965252,5,50,semantic_katz_consensus
R_004910,J_000994,0.8029531836509705,46,0.0032238607403392164,47,50,semantic_katz_consensus
R_002932,J_000996,0.8877237439155579,29,0.004256115355033255,9,50,semantic_katz_consensus
R_009751,J_000996,0.9116162657737732,5,0.0036361988894574753,42,50,semantic_katz_consensus
R_009850,J_000996,0.8540233969688416,48,0.003639784695307989,41,50,semantic_katz_consensus
R_002219,J_000997,0.8587037324905396,1,0.004970059618466953,11,50,semantic_katz_consensus
R_003248,J_000997,0.7624227404594421,39,0.004304722945451331,26,50,semantic_katz_consensus
R_007763,J_000998,0.8679041266441345,16,0.003772857934649279,17,50,semantic_katz_consensus
R_008140,J_000998,0.868162989616394,15,0.003514650389721456,29,50,semantic_katz_consensus
R_009412,J_000998,0.881607174873352,1,0.0032700777935236167,47,50,semantic_katz_consensus
R_005589,J_000999,0.8778533935546875,30,0.004742146973677772,14,50,semantic_katz_consensus
R_008493,J_000999,0.9172356128692627,1,0.004615433738447536,18,50,semantic_katz_consensus
R_004445,J_001001,0.8409429788589478,20,0.003478408670189453,11,50,semantic_katz_consensus
R_008760,J_001001,0.8324721455574036,30,0.0028959439546079285,46,50,semantic_katz_consensus
R_009133,J_001001,0.8434523940086365,17,0.0029987370556559907,38,50,semantic_katz_consensus
R_004098,J_001003,0.862559974193573,27,0.0026875983160966773,47,50,semantic_katz_consensus
R_008191,J_001003,0.8747624158859253,8,0.002777641885231802,37,50,semantic_katz_consensus
R_001098,J_001004,0.9036434888839722,3,0.00369996131086758,29,50,semantic_katz_consensus
R_001113,J_001004,0.8280644416809082,43,0.0037182740011470136,27,50,semantic_katz_consensus
R_003399,J_001004,0.8876904845237732,7,0.0038055138483307684,21,50,semantic_katz_consensus
R_007684,J_001004,0.872277021408081,11,0.0035409610611373053,42,50,semantic_katz_consensus
R_008027,J_001004,0.8243443965911865,49,0.003995576320253415,16,50,semantic_katz_consensus
R_009933,J_001004,0.8248094916343689,48,0.0034696581288447227,47,50,semantic_katz_consensus
R_000728,J_001005,0.8570418357849121,11,0.0038995564080341006,15,50,semantic_katz_consensus
R_001326,J_001005,0.845305860042572,17,0.004993153383213739,1,50,semantic_katz_consensus
R_003574,J_001005,0.8396071791648865,22,0.004414230187946484,5,50,semantic_katz_consensus
R_007871,J_001005,0.7704628109931946,50,0.0034079025836414294,37,50,semantic_katz_consensus
R_008665,J_001005,0.8595877885818481,4,0.00364533309182907,24,50,semantic_katz_consensus
R_005785,J_001006,0.8553388118743896,26,0.004005108945497288,13,50,semantic_katz_consensus
R_006696,J_001006,0.8441064953804016,38,0.003491984571537779,36,50,semantic_katz_consensus
R_009325,J_001006,0.8559774160385132,25,0.004776809763566072,2,50,semantic_katz_consensus
R_001951,J_001007,0.8615226149559021,25,0.003361670768611615,14,50,semantic_katz_consensus
R_004402,J_001007,0.863307535648346,21,0.003374007115806859,13,50,semantic_katz_consensus
R_009042,J_001007,0.8686485886573792,17,0.0038333886875449056,5,50,semantic_katz_consensus
R_009785,J_001007,0.8835673928260803,2,0.003278828334868347,17,50,semantic_katz_consensus
R_004233,J_001008,0.8817653059959412,26,0.002780017660620063,46,50,semantic_katz_consensus
R_007597,J_001008,0.8971182703971863,2,0.002770883458248468,48,50,semantic_katz_consensus
R_000596,J_001009,0.8353868126869202,48,0.002824242599443067,43,50,semantic_katz_consensus
R_009797,J_001009,0.8557981848716736,30,0.0035816149559552094,11,50,semantic_katz_consensus
R_009894,J_001009,0.8810857534408569,8,0.0033744203005245527,16,50,semantic_katz_consensus
R_002140,J_001010,0.8354183435440063,24,0.003194746346971998,33,50,semantic_katz_consensus
R_006421,J_001010,0.850562572479248,8,0.0032887741448299154,27,50,semantic_katz_consensus
R_003456,J_001013,0.886568009853363,33,0.0032923599506804293,39,50,semantic_katz_consensus
R_005692,J_001013,0.8923009634017944,30,0.004374019001537103,4,50,semantic_katz_consensus
R_006396,J_001013,0.8115426301956177,38,0.003457720204521758,25,50,semantic_katz_consensus
R_007520,J_001013,0.8081220388412476,45,0.0037003449718944446,15,50,semantic_katz_consensus
R_002011,J_001014,0.8606782555580139,42,0.004284019717938221,9,50,semantic_katz_consensus
R_000188,J_001015,0.8677717447280884,19,0.00290352875102665,33,50,semantic_katz_consensus
R_006702,J_001016,0.8748196959495544,20,0.0034820387615762107,46,50,semantic_katz_consensus
R_006562,J_001017,0.8483866453170776,50,0.003507508301711258,48,50,semantic_katz_consensus
R_000646,J_001018,0.858917236328125,22,0.0033059210901833403,48,50,semantic_katz_consensus
R_000952,J_001018,0.8793357610702515,4,0.0036186535212317707,26,50,semantic_katz_consensus
R_001827,J_001018,0.8777022957801819,6,0.004121861608920542,11,50,semantic_katz_consensus
R_003032,J_001018,0.8415206074714661,35,0.003366850265951246,43,50,semantic_katz_consensus
R_001066,J_001019,0.8637709617614746,39,0.003125037106168533,12,50,semantic_katz_consensus
R_006505,J_001019,0.891800045967102,1,0.0029664795648467815,20,50,semantic_katz_consensus
R_007550,J_001019,0.8758774399757385,18,0.0031776436871548165,8,50,semantic_katz_consensus
R_009646,J_001019,0.8778937458992004,15,0.002965667957256808,21,50,semantic_katz_consensus
R_000207,J_001020,0.8883681893348694,4,0.00480909677806611,4,50,semantic_katz_consensus
R_001032,J_001020,0.8452655673027039,47,0.0035461553203223507,35,50,semantic_katz_consensus
R_004472,J_001020,0.8764803409576416,15,0.0037899901181572895,22,50,semantic_katz_consensus
R_004484,J_001020,0.845527708530426,46,0.0034254627137125485,48,50,semantic_katz_consensus
R_005055,J_001020,0.8736468553543091,22,0.003839365030629095,19,50,semantic_katz_consensus
R_003060,J_001021,0.7805498838424683,50,0.003801928042480254,38,50,semantic_katz_consensus
R_004331,J_001021,0.8595979809761047,5,0.003937377057209806,29,50,semantic_katz_consensus
R_007204,J_001021,0.8491862416267395,12,0.004019466930744758,24,50,semantic_katz_consensus
R_007569,J_001021,0.8465083241462708,15,0.003740954581176105,47,50,semantic_katz_consensus
R_007965,J_001021,0.8515239357948303,11,0.003910682724767092,34,50,semantic_katz_consensus
R_009971,J_001021,0.8485525846481323,13,0.004442946158441423,13,50,semantic_katz_consensus
R_000006,J_001022,0.8527624011039734,11,0.004136618017040291,19,50,semantic_katz_consensus
R_003008,J_001022,0.8452917337417603,23,0.004283208110348248,17,50,semantic_katz_consensus
R_007431,J_001022,0.8452897667884827,24,0.003770452635570189,37,50,semantic_katz_consensus
R_008287,J_001022,0.8687407374382019,1,0.0045369739562993415,9,50,semantic_katz_consensus
R_002058,J_001023,0.8701302409172058,20,0.003940549678342626,20,50,semantic_katz_consensus
R_002917,J_001023,0.8510739207267761,34,0.00361067030194077,38,50,semantic_katz_consensus
R_003175,J_001023,0.8788266181945801,10,0.004512271738218023,3,50,semantic_katz_consensus
R_009376,J_001024,0.8444784879684448,28,0.0037740384414207025,16,50,semantic_katz_consensus
R_000808,J_001025,0.8482398986816406,33,0.002922239864178363,47,50,semantic_katz_consensus
R_001980,J_001025,0.8848445415496826,2,0.0033043126368488083,17,50,semantic_katz_consensus
R_005501,J_001026,0.8383748531341553,11,0.0029712606393141328,28,50,semantic_katz_consensus
R_006246,J_001026,0.8113130331039429,41,0.003182424761622168,20,50,semantic_katz_consensus
R_003464,J_001028,0.8771743178367615,10,0.003301538438588268,42,50,semantic_katz_consensus
R_004889,J_001029,0.8313583135604858,43,0.0027234268509109868,36,50,semantic_katz_consensus
R_008808,J_001029,0.8409494757652283,33,0.002793165615405281,32,50,semantic_katz_consensus
R_005692,J_001030,0.8899231553077698,33,0.003950952958558131,41,50,semantic_katz_consensus
R_006396,J_001030,0.8179362416267395,40,0.0047696381518650445,6,50,semantic_katz_consensus
R_007520,J_001030,0.8162755966186523,41,0.004302332408217655,21,50,semantic_katz_consensus
R_000453,J_001031,0.8081433773040771,50,0.003971243001353548,8,50,semantic_katz_consensus
R_000531,J_001031,0.8679513931274414,28,0.003324248542308189,31,50,semantic_katz_consensus
R_000759,J_001031,0.8784559369087219,18,0.0032182828201273066,47,50,semantic_katz_consensus
R_004825,J_001031,0.886040449142456,7,0.0034596827951923256,25,50,semantic_katz_consensus
R_009420,J_001031,0.8727613687515259,25,0.003358911332196489,28,50,semantic_katz_consensus
R_005014,J_001032,0.8346729278564453,38,0.004069653450806537,49,50,semantic_katz_consensus
R_007076,J_001032,0.8198360204696655,44,0.004314683517258314,30,50,semantic_katz_consensus
R_006452,J_001033,0.8734747171401978,29,0.0034477301090239465,18,50,semantic_katz_consensus
R_000079,J_001034,0.9040548205375671,12,0.003416269463959295,35,50,semantic_katz_consensus
R_001970,J_001034,0.8861334919929504,34,0.003469687652535552,31,50,semantic_katz_consensus
R_004484,J_001034,0.8174191117286682,47,0.0040668644907005825,9,50,semantic_katz_consensus
R_002212,J_001035,0.854941725730896,34,0.0031887847657332226,50,50,semantic_katz_consensus
R_005827,J_001035,0.8141331076622009,43,0.003768047336491098,14,50,semantic_katz_consensus
R_008797,J_001035,0.8718681335449219,12,0.0038812141940638375,13,50,semantic_katz_consensus
R_003920,J_001036,0.8709629774093628,13,0.003429402656899098,29,50,semantic_katz_consensus
R_004295,J_001036,0.7768964767456055,43,0.004427009243550251,2,50,semantic_katz_consensus
R_000207,J_001037,0.8837335705757141,6,0.004589993722003319,9,50,semantic_katz_consensus
R_004484,J_001037,0.8477134704589844,34,0.004571238323315362,10,50,semantic_katz_consensus
R_005055,J_001037,0.874023973941803,18,0.003724634005258068,47,50,semantic_katz_consensus
R_000528,J_001039,0.7721787095069885,50,0.0035290231368143403,25,50,semantic_katz_consensus
R_001302,J_001039,0.867195725440979,20,0.003978016190182296,15,50,semantic_katz_consensus
R_009783,J_001039,0.8765712380409241,13,0.004051739183399383,12,50,semantic_katz_consensus
R_001325,J_001040,0.8514451384544373,40,0.0038891826515094234,34,50,semantic_katz_consensus
R_008833,J_001041,0.8660387992858887,37,0.0034417832896305855,47,50,semantic_katz_consensus
R_002011,J_001042,0.7995367646217346,50,0.00458322053317457,7,50,semantic_katz_consensus
R_001293,J_001043,0.8853383660316467,10,0.0033409970647893346,27,50,semantic_katz_consensus
R_002759,J_001043,0.8708411455154419,33,0.003319865890713116,28,50,semantic_katz_consensus
R_003021,J_001043,0.8936045169830322,2,0.00321108168473545,36,50,semantic_katz_consensus
R_006024,J_001043,0.8808280825614929,16,0.0034473316861516673,17,50,semantic_katz_consensus
R_006660,J_001043,0.875678300857544,24,0.003782788982765433,9,50,semantic_katz_consensus
R_008126,J_001044,0.8651621341705322,12,0.0029385899637872294,31,50,semantic_katz_consensus
R_001135,J_001045,0.8502662777900696,9,0.003538983708621323,21,50,semantic_katz_consensus
R_003769,J_001045,0.7873262763023376,42,0.003339787034327082,44,50,semantic_katz_consensus
R_003138,J_001046,0.7925435900688171,44,0.003345748615565857,35,50,semantic_katz_consensus
R_006396,J_001046,0.7926863431930542,43,0.0034788366167525617,27,50,semantic_katz_consensus
R_002075,J_001047,0.7814210057258606,49,0.00337881771396504,41,50,semantic_katz_consensus
R_002620,J_001047,0.8264399170875549,25,0.0035118761914609154,27,50,semantic_katz_consensus
R_005301,J_001047,0.786108136177063,38,0.00328915780585678,47,50,semantic_katz_consensus
R_002724,J_001048,0.854888916015625,5,0.003250968257499624,29,50,semantic_katz_consensus
R_005373,J_001048,0.7858489751815796,50,0.003044968870685806,46,50,semantic_katz_consensus
R_000283,J_001049,0.8611589074134827,29,0.0035624906580858026,9,50,semantic_katz_consensus
R_001342,J_001049,0.854440450668335,36,0.0037270097806463296,6,50,semantic_katz_consensus
R_002936,J_001049,0.8753610253334045,9,0.0031672846924755546,24,50,semantic_katz_consensus
R_004417,J_001051,0.8421210050582886,7,0.0030154560544463074,2,50,semantic_katz_consensus
R_006031,J_001051,0.7551981806755066,45,0.002047760706906932,50,50,semantic_katz_consensus
R_008475,J_001051,0.8124184012413025,27,0.0025055338253104466,7,50,semantic_katz_consensus
R_001066,J_001052,0.8720843195915222,32,0.004263257443043454,1,50,semantic_katz_consensus
R_006505,J_001052,0.8930198550224304,3,0.0031808310701330507,37,50,semantic_katz_consensus
R_007550,J_001052,0.8755112290382385,24,0.004118659464096893,3,50,semantic_katz_consensus
R_004152,J_001053,0.7514908313751221,48,0.004105098324593982,8,50,semantic_katz_consensus
R_002554,J_001054,0.8394675850868225,19,0.003563287503830361,27,50,semantic_katz_consensus
R_004319,J_001054,0.846534788608551,10,0.004175633934832834,8,50,semantic_katz_consensus
R_005667,J_001054,0.8506748080253601,7,0.0032146970142767923,49,50,semantic_katz_consensus
R_000436,J_001055,0.8915842771530151,8,0.003700713871075895,23,50,semantic_katz_consensus
R_001808,J_001056,0.8907132744789124,19,0.0033593097550687684,37,50,semantic_katz_consensus
R_003331,J_001056,0.8927192091941833,13,0.004232593643723361,8,50,semantic_katz_consensus
R_004536,J_001056,0.8969551920890808,3,0.004755294928462989,2,50,semantic_katz_consensus
R_005096,J_001056,0.8773711919784546,45,0.004060873385770978,11,50,semantic_katz_consensus
R_009377,J_001057,0.8886207938194275,25,0.003909487456150254,17,50,semantic_katz_consensus
R_009563,J_001057,0.8709697127342224,45,0.003222680233567793,46,50,semantic_katz_consensus
R_001407,J_001058,0.8886774778366089,4,0.003344582870639848,17,50,semantic_katz_consensus
R_000427,J_001059,0.8832975625991821,21,0.004570028292853109,15,50,semantic_katz_consensus
R_003300,J_001059,0.8851759433746338,19,0.003954524002563231,40,50,semantic_katz_consensus
R_004279,J_001060,0.8700886368751526,27,0.0032098716542731972,15,50,semantic_katz_consensus
R_006842,J_001060,0.8556516170501709,42,0.0028437800820301676,35,50,semantic_katz_consensus
R_007836,J_001060,0.8560595512390137,41,0.003644565769775341,7,50,semantic_katz_consensus
R_001506,J_001061,0.7853266000747681,42,0.0033652565744621285,31,50,semantic_katz_consensus
R_006579,J_001061,0.7818902134895325,46,0.003264868772493157,39,50,semantic_katz_consensus
R_006706,J_001061,0.8202491402626038,23,0.0031951595316896918,44,50,semantic_katz_consensus
R_000318,J_001062,0.8348844647407532,35,0.0033142732086557914,40,50,semantic_katz_consensus
R_006688,J_001062,0.8599151372909546,12,0.0031804326472607714,50,50,semantic_katz_consensus
R_006808,J_001062,0.7833546996116638,37,0.003297554209865475,41,50,semantic_katz_consensus
R_008478,J_001062,0.7675476670265198,49,0.003694737527991705,20,50,semantic_katz_consensus
R_008797,J_001062,0.7697180509567261,45,0.004010686865709199,6,50,semantic_katz_consensus
R_003748,J_001063,0.7589993476867676,50,0.0031676978771932483,41,50,semantic_katz_consensus
R_003872,J_001064,0.8592665195465088,26,0.003061702631321537,30,50,semantic_katz_consensus
R_009987,J_001064,0.8552084565162659,32,0.004683962472479578,1,50,semantic_katz_consensus
R_003229,J_001065,0.8850725293159485,25,0.004203907196919251,20,50,semantic_katz_consensus
R_008923,J_001065,0.9048916697502136,10,0.0039059164121451545,36,50,semantic_katz_consensus
R_002882,J_001066,0.8233158588409424,50,0.0036604879228210986,42,50,semantic_katz_consensus
R_007597,J_001066,0.9046807289123535,5,0.003958508231286024,23,50,semantic_katz_consensus
R_002253,J_001067,0.8765920400619507,21,0.00329196152780815,4,50,semantic_katz_consensus
R_002531,J_001067,0.7945971488952637,47,0.0031078753989696936,8,50,semantic_katz_consensus
R_003117,J_001067,0.797856330871582,43,0.0024593167721260463,49,50,semantic_katz_consensus
R_005407,J_001067,0.8654614686965942,29,0.002707519459710643,25,50,semantic_katz_consensus
R_000140,J_001068,0.8778722286224365,16,0.003750118307238529,41,50,semantic_katz_consensus
R_009081,J_001069,0.8083149194717407,38,0.002944566306871419,28,50,semantic_katz_consensus
R_004193,J_001070,0.8763171434402466,9,0.0028138836047638047,50,50,semantic_katz_consensus
R_005883,J_001070,0.8589032888412476,32,0.0030019244386342257,29,50,semantic_katz_consensus
R_002628,J_001071,0.7613718509674072,39,0.0043744321862547965,6,50,semantic_katz_consensus
R_005456,J_001071,0.903537392616272,22,0.0035752844755349835,45,50,semantic_katz_consensus
R_002253,J_001072,0.8636865019798279,7,0.0036202472127208883,14,50,semantic_katz_consensus
R_005407,J_001072,0.8700594305992126,4,0.0032091043322194676,32,50,semantic_katz_consensus
R_009376,J_001072,0.8484201431274414,19,0.0036397699334625748,13,50,semantic_katz_consensus
R_008834,J_001073,0.9021958112716675,5,0.0046923293527974435,6,50,semantic_katz_consensus
R_004920,J_001074,0.8879476189613342,3,0.0035186641421350784,14,50,semantic_katz_consensus
R_005541,J_001074,0.8840183615684509,8,0.00312943451960902,32,50,semantic_katz_consensus
R_005559,J_001075,0.8032381534576416,41,0.0030784216301118533,26,50,semantic_katz_consensus
R_007089,J_001075,0.8233046531677246,24,0.0031218497231902983,22,50,semantic_katz_consensus
R_007198,J_001076,0.7333128452301025,50,0.004154502760756617,8,50,semantic_katz_consensus
R_008475,J_001076,0.8238138556480408,22,0.004109097315162189,10,50,semantic_katz_consensus
R_009643,J_001076,0.8070467114448547,26,0.0033808098283264363,37,50,semantic_katz_consensus
R_002638,J_001077,0.8613415956497192,28,0.003175238388075726,31,50,semantic_katz_consensus
R_003713,J_001077,0.8576747179031372,34,0.003058515248343302,42,50,semantic_katz_consensus
R_008839,J_001077,0.8715725541114807,13,0.002899544522303857,48,50,semantic_katz_consensus
R_000133,J_001078,0.8277983069419861,39,0.0036772512071476587,19,50,semantic_katz_consensus
R_008030,J_001078,0.8218207955360413,46,0.0034676807763287408,26,50,semantic_katz_consensus
R_002011,J_001079,0.864465057849884,25,0.005430990596157873,1,50,semantic_katz_consensus
R_000591,J_001080,0.8323992490768433,29,0.0031536940292818142,39,50,semantic_katz_consensus
R_001871,J_001080,0.8719410300254822,1,0.003002750808069613,50,50,semantic_katz_consensus
R_004161,J_001080,0.7824857234954834,50,0.003852926170132006,6,50,semantic_katz_consensus
R_009737,J_001080,0.8484420776367188,13,0.003247338166112867,32,50,semantic_katz_consensus
R_004617,J_001081,0.8500446677207947,32,0.003603897113112022,21,50,semantic_katz_consensus
R_008374,J_001081,0.7296358346939087,47,0.0032158922828936305,50,50,semantic_katz_consensus
R_001885,J_001082,0.7647554874420166,48,0.003486790312352733,37,50,semantic_katz_consensus
R_001627,J_001083,0.8668491840362549,9,0.003942187655367987,26,50,semantic_katz_consensus
R_006087,J_001083,0.8743488192558289,8,0.0042501242501036506,12,50,semantic_katz_consensus
R_000222,J_001084,0.8654682636260986,9,0.0027170816086453465,40,50,semantic_katz_consensus
R_002370,J_001084,0.8650097846984863,12,0.0031636693629342114,10,50,semantic_katz_consensus
R_003213,J_001084,0.8288508057594299,48,0.002855703244507718,27,50,semantic_katz_consensus
R_003622,J_001085,0.8514401316642761,20,0.003084796396068322,40,50,semantic_katz_consensus
R_008057,J_001085,0.8797803521156311,3,0.003745735655643457,9,50,semantic_katz_consensus
R_009325,J_001085,0.8566848635673523,17,0.004076028216763007,4,50,semantic_katz_consensus
R_009892,J_001085,0.8333514928817749,25,0.003359324516914183,24,50,semantic_katz_consensus
R_001700,J_001086,0.8997851014137268,1,0.003569677031632245,17,50,semantic_katz_consensus
R_008703,J_001086,0.8781439065933228,15,0.004489974819215797,3,50,semantic_katz_consensus
R_001025,J_001087,0.8219113945960999,38,0.0029286293919802467,45,50,semantic_katz_consensus
R_003619,J_001087,0.8938519954681396,1,0.003970829816635853,2,50,semantic_katz_consensus
R_006090,J_001087,0.8712607026100159,14,0.0030903595544348184,28,50,semantic_katz_consensus
R_009524,J_001087,0.8249360918998718,34,0.003163654601088797,23,50,semantic_katz_consensus
R_001167,J_001088,0.8740024566650391,17,0.003553312170177964,49,50,semantic_katz_consensus
R_004339,J_001088,0.8660945296287537,27,0.004675256216671092,5,50,semantic_katz_consensus
R_005852,J_001088,0.774753749370575,48,0.0036457462765467643,45,50,semantic_katz_consensus
R_000863,J_001089,0.8866614103317261,10,0.003656488932252891,49,50,semantic_katz_consensus
R_004339,J_001089,0.8784629106521606,14,0.005060103187602078,4,50,semantic_katz_consensus
R_002288,J_001092,0.8701677918434143,22,0.0032214554412601263,34,50,semantic_katz_consensus
R_009305,J_001092,0.8735784888267517,19,0.0033509723984417317,26,50,semantic_katz_consensus
R_000399,J_001093,0.9018082618713379,9,0.0037815789523031806,18,50,semantic_katz_consensus
R_002372,J_001093,0.886667788028717,21,0.004016663208793389,8,50,semantic_katz_consensus
R_006069,J_001093,0.9232508540153503,1,0.003770836296597054,19,50,semantic_katz_consensus
R_008807,J_001093,0.8664683699607849,40,0.0037887800876950373,17,50,semantic_katz_consensus
R_009769,J_001093,0.8996133804321289,13,0.003308695288443881,47,50,semantic_katz_consensus
R_003058,J_001095,0.8325717449188232,14,0.004272450692796707,3,50,semantic_katz_consensus
R_004149,J_001096,0.8381702899932861,34,0.003244165544980047,43,50,semantic_katz_consensus
R_004175,J_001096,0.8423488140106201,27,0.0033075147816724578,40,50,semantic_katz_consensus
R_007727,J_001096,0.8155978322029114,47,0.0035644680106017845,22,50,semantic_katz_consensus
R_008400,J_001096,0.847667932510376,24,0.0031987453375402052,47,50,semantic_katz_consensus
R_007671,J_001097,0.8519409894943237,14,0.004183587630433006,9,50,semantic_katz_consensus
R_009997,J_001097,0.7887011766433716,44,0.0034585170502663166,36,50,semantic_katz_consensus
R_000019,J_001098,0.8260759115219116,49,0.0032859704228785456,29,50,semantic_katz_consensus
R_000702,J_001099,0.8041020631790161,47,0.003075249008979033,34,50,semantic_katz_consensus
R_004663,J_001099,0.8472907543182373,7,0.0028588906274859523,46,50,semantic_katz_consensus
R_008335,J_001099,0.8004866242408752,50,0.0033326006607806396,18,50,semantic_katz_consensus
R_002457,J_001100,0.8093072175979614,43,0.0036389878495634307,29,50,semantic_katz_consensus
R_003017,J_001100,0.8918009400367737,5,0.003448556478459334,44,50,semantic_katz_consensus
R_006412,J_001100,0.8737265467643738,16,0.00720904854222254,1,50,semantic_katz_consensus
R_002058,J_001101,0.85248863697052,21,0.003790757440211019,27,50,semantic_katz_consensus
R_004255,J_001101,0.8198899030685425,39,0.0038250365690724545,23,50,semantic_katz_consensus
R_000606,J_001102,0.8749014735221863,50,0.0044684452222673,7,50,semantic_katz_consensus
R_001808,J_001102,0.8926922678947449,23,0.0037533204520621786,28,50,semantic_katz_consensus
R_004536,J_001102,0.8972163796424866,8,0.004139790638173111,14,50,semantic_katz_consensus
R_007084,J_001102,0.8846051096916199,36,0.004297152910878024,10,50,semantic_katz_consensus
R_007220,J_001102,0.8777158856391907,47,0.003566873309680875,40,50,semantic_katz_consensus
R_007287,J_001102,0.886444628238678,32,0.0037254308510026265,29,50,semantic_katz_consensus
R_001979,J_001103,0.8975293636322021,2,0.0033059210901833403,43,50,semantic_katz_consensus
R_003504,J_001103,0.887725830078125,24,0.003827028683433851,16,50,semantic_katz_consensus
R_006658,J_001103,0.8908259272575378,21,0.005403086233252906,1,50,semantic_katz_consensus
R_000784,J_001104,0.8729342222213745,25,0.003911479570511651,11,50,semantic_katz_consensus
R_000909,J_001104,0.870272159576416,27,0.0031402066990059755,50,50,semantic_katz_consensus
R_004484,J_001104,0.7963352203369141,41,0.00361030140275932,22,50,semantic_katz_consensus
R_007275,J_001104,0.8800256252288818,15,0.003538201624722179,26,50,semantic_katz_consensus
R_005372,J_001105,0.8354986310005188,17,0.002206731432946377,34,50,semantic_katz_consensus
R_006630,J_001105,0.8008939027786255,45,0.0021991466365276556,36,50,semantic_katz_consensus
R_007981,J_001105,0.8409144878387451,9,0.0021625064941233735,38,50,semantic_katz_consensus
R_000207,J_001106,0.8148068785667419,48,0.003778052193834325,14,50,semantic_katz_consensus
R_001032,J_001106,0.8617609143257141,21,0.004023023212904443,5,50,semantic_katz_consensus
R_005341,J_001106,0.8559908866882324,31,0.003267274071572247,40,50,semantic_katz_consensus
R_009742,J_001106,0.8543446660041809,35,0.003244578729697741,43,50,semantic_katz_consensus
R_000909,J_001107,0.8629369735717773,37,0.004685969348686389,3,50,semantic_katz_consensus
R_007275,J_001107,0.8946599364280701,6,0.004536575533427061,4,50,semantic_katz_consensus
R_004910,J_001108,0.7935708165168762,49,0.0039485328976336265,14,50,semantic_katz_consensus
R_006767,J_001108,0.8826308250427246,25,0.0033505444518786235,45,50,semantic_katz_consensus
R_005785,J_001109,0.8766686320304871,4,0.0032867967923139335,25,50,semantic_katz_consensus
R_009892,J_001109,0.852112889289856,22,0.0031135123665632617,38,50,semantic_katz_consensus
R_008524,J_001110,0.8506168723106384,15,0.0030875853561742775,29,50,semantic_katz_consensus
R_002837,J_001111,0.8767584562301636,4,0.004150916954906102,19,50,semantic_katz_consensus
R_006370,J_001111,0.7900715470314026,49,0.003860496204705313,36,50,semantic_katz_consensus
R_001407,J_001112,0.8005983233451843,29,0.003639002611408845,11,50,semantic_katz_consensus
R_006671,J_001112,0.818046510219574,14,0.003950525011995023,3,50,semantic_katz_consensus
R_003092,J_001113,0.884726345539093,38,0.0033577013017342364,33,50,semantic_katz_consensus
R_005692,J_001113,0.8859160542488098,37,0.003447361209842496,26,50,semantic_katz_consensus
R_007520,J_001113,0.8151479959487915,43,0.0036274335862673305,17,50,semantic_katz_consensus
R_002388,J_001114,0.8607943654060364,12,0.00357283489091965,13,50,semantic_katz_consensus
R_003530,J_001114,0.8537006974220276,19,0.003528595190251232,15,50,semantic_katz_consensus
R_007204,J_001114,0.8679699897766113,6,0.0032493598041650924,33,50,semantic_katz_consensus
R_006696,J_001115,0.8667076826095581,9,0.003276437797634671,18,50,semantic_katz_consensus
R_008057,J_001115,0.8705481886863708,7,0.0033290148549301258,15,50,semantic_katz_consensus
R_009892,J_001115,0.8229699730873108,33,0.004347723091966668,1,50,semantic_katz_consensus
R_006412,J_001118,0.8198836445808411,33,0.005652543236836,1,50,semantic_katz_consensus
R_000366,J_001119,0.8719995021820068,9,0.003074038978516781,26,50,semantic_katz_consensus
R_003958,J_001119,0.8633483648300171,15,0.0028345868322769145,43,50,semantic_katz_consensus
R_007405,J_001119,0.8568914532661438,24,0.0032190649040264507,17,50,semantic_katz_consensus
R_008336,J_001119,0.8763513565063477,6,0.0035202283099333665,7,50,semantic_katz_consensus
R_009072,J_001119,0.8470866680145264,38,0.0027557286272564398,49,50,semantic_katz_consensus
R_000055,J_001120,0.8350576758384705,27,0.00289197448773055,36,50,semantic_katz_consensus
R_000966,J_001120,0.8517216444015503,11,0.0028923876724482435,35,50,semantic_katz_consensus
R_005373,J_001120,0.8358615636825562,26,0.0029230514717683365,33,50,semantic_katz_consensus
R_000685,J_001121,0.8506950736045837,37,0.0038879578592017567,17,50,semantic_katz_consensus
R_005288,J_001121,0.8788600564002991,10,0.003943751823166275,15,50,semantic_katz_consensus
R_000908,J_001122,0.7854040265083313,43,0.0029473700288227887,44,50,semantic_katz_consensus
R_004168,J_001122,0.8779361248016357,1,0.004021459045106155,5,50,semantic_katz_consensus
R_005667,J_001122,0.7826998233795166,48,0.003293968404014961,22,50,semantic_katz_consensus
R_008394,J_001122,0.8360400199890137,14,0.003194746346971998,26,50,semantic_katz_consensus
R_002011,J_001123,0.818076491355896,41,0.0052449418766488485,4,50,semantic_katz_consensus
R_003360,J_001123,0.820171594619751,38,0.003866856208816368,42,50,semantic_katz_consensus
R_003573,J_001123,0.816083550453186,45,0.005033762992495399,5,50,semantic_katz_consensus
R_007425,J_001123,0.8372793793678284,23,0.004299115501548592,22,50,semantic_katz_consensus
R_008027,J_001123,0.8898032307624817,7,0.004216686252523018,26,50,semantic_katz_consensus
R_008066,J_001123,0.8847923874855042,10,0.0037632957857145757,50,50,semantic_katz_consensus
R_005194,J_001124,0.8562055230140686,13,0.003027054603278651,20,50,semantic_katz_consensus
R_000909,J_001125,0.8774005770683289,31,0.003431439056796738,41,50,semantic_katz_consensus
R_006985,J_001125,0.8734535574913025,33,0.003635785704739781,28,50,semantic_katz_consensus
R_007275,J_001125,0.8888933062553406,20,0.0035178820582359343,34,50,semantic_katz_consensus
R_007912,J_001125,0.886326253414154,23,0.0034959540384151572,37,50,semantic_katz_consensus
R_004402,J_001126,0.8461222648620605,49,0.0028258215290867697,38,50,semantic_katz_consensus
R_003037,J_001127,0.8669194579124451,26,0.0035832234092897414,34,50,semantic_katz_consensus
R_009741,J_001127,0.8683898448944092,24,0.0035031404119615995,40,50,semantic_katz_consensus
R_000109,J_001128,0.7979495525360107,38,0.004780366045725757,1,50,semantic_katz_consensus
R_004589,J_001128,0.8026588559150696,30,0.0035374047789776203,14,50,semantic_katz_consensus
R_002827,J_001129,0.8272199034690857,19,0.0040839819123631785,7,50,semantic_katz_consensus
R_009784,J_001129,0.7881366014480591,44,0.0032692661859336438,37,50,semantic_katz_consensus
R_000283,J_001130,0.8760255575180054,18,0.003422275330734314,26,50,semantic_katz_consensus
R_002936,J_001130,0.8787944316864014,13,0.0033083263892624308,37,50,semantic_katz_consensus
R_006688,J_001131,0.8837389945983887,1,0.0030310240701560296,36,50,semantic_katz_consensus
R_004461,J_001132,0.8121910095214844,44,0.003246157659341444,23,50,semantic_katz_consensus
R_009569,J_001132,0.8486235737800598,12,0.004440526097516918,2,50,semantic_katz_consensus
R_000621,J_001133,0.845941960811615,34,0.002956917415912078,47,50,semantic_katz_consensus
R_001165,J_001133,0.8671973347663879,14,0.002956120570167519,48,50,semantic_katz_consensus
R_002154,J_001133,0.8664478659629822,15,0.0029740643612655025,44,50,semantic_katz_consensus
R_004060,J_001133,0.850307822227478,30,0.003397956773679861,17,50,semantic_katz_consensus
R_004254,J_001133,0.8733989000320435,8,0.0032680413936259766,24,50,semantic_katz_consensus
R_009412,J_001133,0.7797647714614868,43,0.004081989798001781,7,50,semantic_katz_consensus
R_001293,J_001134,0.8830664157867432,6,0.0031310282110981373,17,50,semantic_katz_consensus
R_004283,J_001134,0.8706996440887451,20,0.0027063241910938052,39,50,semantic_katz_consensus
R_006024,J_001134,0.8815679550170898,7,0.002642576531529115,48,50,semantic_katz_consensus
R_000808,J_001135,0.8610446453094482,24,0.002937778356197256,44,50,semantic_katz_consensus
R_000728,J_001136,0.8660157918930054,23,0.003343771263049875,7,50,semantic_katz_consensus
R_001326,J_001136,0.8826470971107483,6,0.0028246853078515897,24,50,semantic_katz_consensus
R_003574,J_001136,0.8494283556938171,33,0.00279356403827756,26,50,semantic_katz_consensus
R_000908,J_001137,0.8516784310340881,8,0.0032569298387383995,44,50,semantic_katz_consensus
R_002554,J_001137,0.8467724323272705,10,0.004277999089317789,10,50,semantic_katz_consensus
R_004319,J_001137,0.8554673790931702,6,0.004932976767654147,3,50,semantic_katz_consensus
R_005667,J_001137,0.8099841475486755,38,0.003930205445508778,16,50,semantic_katz_consensus
R_008405,J_001137,0.8294200301170349,24,0.0038692467460500436,17,50,semantic_katz_consensus
R_000908,J_001139,0.8003574013710022,44,0.0031684799610923924,39,50,semantic_katz_consensus
R_004168,J_001139,0.7978028059005737,49,0.0048054962103701825,2,50,semantic_katz_consensus
R_004793,J_001139,0.8386051058769226,22,0.0031334039864863985,43,50,semantic_katz_consensus
R_003879,J_001140,0.8665485382080078,38,0.004020263776489317,21,50,semantic_katz_consensus
R_002628,J_001141,0.8879295587539673,19,0.003854121438748844,3,50,semantic_katz_consensus
R_006607,J_001141,0.8990840315818787,3,0.003682401180796461,8,50,semantic_katz_consensus
R_008985,J_001141,0.8827557563781738,28,0.0031628872790350673,44,50,semantic_katz_consensus
R_005324,J_001142,0.8656104803085327,2,0.004358067324800516,12,50,semantic_katz_consensus
R_006148,J_001142,0.85520339012146,12,0.003613857684919005,25,50,semantic_katz_consensus
R_006782,J_001142,0.8558882474899292,11,0.003618269860204906,24,50,semantic_katz_consensus
R_009797,J_001143,0.8639983534812927,31,0.00375252360631762,10,50,semantic_katz_consensus
R_000049,J_001145,0.8354212045669556,48,0.003210698023708585,49,50,semantic_katz_consensus
R_002480,J_001145,0.8753787279129028,4,0.003751328337700782,19,50,semantic_katz_consensus
R_007947,J_001145,0.8570625185966492,21,0.0034377842990623783,29,50,semantic_katz_consensus
R_008568,J_001145,0.8492670059204102,26,0.003996373165997973,12,50,semantic_katz_consensus
R_009361,J_001146,0.8636943101882935,21,0.0036620668524648013,10,50,semantic_katz_consensus
R_004569,J_001147,0.8766669034957886,4,0.0031142796886169917,27,50,semantic_katz_consensus
R_007460,J_001148,0.8638103008270264,50,0.0036959623202993718,35,50,semantic_katz_consensus
R_006601,J_001149,0.7858696579933167,42,0.0027198853305967162,36,50,semantic_katz_consensus
R_003520,J_001150,0.8783925175666809,4,0.003461689671399137,39,50,semantic_katz_consensus
R_004069,J_001151,0.8543338775634766,44,0.0041983145148619255,8,50,semantic_katz_consensus
R_006263,J_001151,0.896676778793335,3,0.0032684545783436703,50,50,semantic_katz_consensus
R_006396,J_001151,0.899821937084198,1,0.004050529152937131,13,50,semantic_katz_consensus
R_007520,J_001151,0.8891879916191101,14,0.003593980826841283,24,50,semantic_katz_consensus
R_006396,J_001152,0.8084396719932556,43,0.0038573235835724935,30,50,semantic_katz_consensus
R_007520,J_001152,0.8098160028457642,42,0.0039202743973926245,27,50,semantic_katz_consensus
R_003287,J_001154,0.822775661945343,25,0.003166074662013302,29,50,semantic_katz_consensus
R_000794,J_001155,0.8997029662132263,2,0.0033377801581202706,12,50,semantic_katz_consensus
R_003107,J_001155,0.8877714276313782,11,0.0029461599983605364,30,50,semantic_katz_consensus
R_005046,J_001155,0.8747385144233704,28,0.0028800218015621708,37,50,semantic_katz_consensus
R_008279,J_001155,0.8681950569152832,38,0.0029357862418358596,31,50,semantic_katz_consensus
R_000900,J_001156,0.8483151793479919,37,0.003427823727255395,22,50,semantic_katz_consensus
R_004149,J_001156,0.8718790411949158,14,0.0032266349385997573,30,50,semantic_katz_consensus
R_007749,J_001156,0.8748847842216492,6,0.0033593097550687684,24,50,semantic_katz_consensus
R_008400,J_001156,0.8781530857086182,2,0.003064491591427492,40,50,semantic_katz_consensus
R_003161,J_001157,0.88255375623703,14,0.004142978021151345,20,50,semantic_katz_consensus
R_006275,J_001158,0.864464521408081,28,0.0047911382251227125,1,50,semantic_katz_consensus
R_006579,J_001158,0.8660927414894104,26,0.003373623454779994,14,50,semantic_katz_consensus
R_009590,J_001158,0.8636142015457153,29,0.003038210443702472,35,50,semantic_katz_consensus
R_006283,J_001159,0.883889377117157,20,0.0029983533946291263,50,50,semantic_katz_consensus
R_006483,J_001159,0.8695348501205444,46,0.0033724281861631563,26,50,semantic_katz_consensus
R_007744,J_001159,0.8940972089767456,10,0.003111461204820207,40,50,semantic_katz_consensus
R_006088,J_001160,0.8538837432861328,34,0.0029234351327952013,28,50,semantic_katz_consensus
R_007580,J_001160,0.8402062654495239,43,0.0027887682019647935,41,50,semantic_katz_consensus
R_009042,J_001160,0.8780160546302795,8,0.003593154457405895,10,50,semantic_katz_consensus
R_001165,J_001161,0.8626369833946228,22,0.0044947116081469046,4,50,semantic_katz_consensus
R_004060,J_001161,0.848126232624054,35,0.0033222711897922066,46,50,semantic_katz_consensus
R_002290,J_001162,0.8116698861122131,49,0.0035855696609871737,16,50,semantic_katz_consensus
R_003573,J_001163,0.8346169590950012,46,0.004515459121196258,9,50,semantic_katz_consensus
R_006585,J_001163,0.8596207499504089,42,0.004284403378965086,19,50,semantic_katz_consensus
R_000453,J_001164,0.8251944184303284,46,0.0027931951390961097,39,50,semantic_katz_consensus
R_005289,J_001164,0.8636829853057861,42,0.0027114889265880218,46,50,semantic_katz_consensus
R_009709,J_001165,0.8480056524276733,24,0.0038612930504498717,23,50,semantic_katz_consensus
R_000625,J_001166,0.8063773512840271,20,0.002983611748354792,23,50,semantic_katz_consensus
R_001496,J_001166,0.7831814289093018,36,0.0028684823001114846,31,50,semantic_katz_consensus
R_005222,J_001166,0.8424631953239441,4,0.0029465436593874013,27,50,semantic_katz_consensus
R_006624,J_001166,0.7832796573638916,35,0.00263738227234407,46,50,semantic_katz_consensus
R_001098,J_001167,0.8739634156227112,10,0.004821034702389076,3,50,semantic_katz_consensus
R_001113,J_001167,0.8764084577560425,6,0.003771264243160162,41,50,semantic_katz_consensus
R_009860,J_001167,0.8142757415771484,48,0.0038604814428598987,33,50,semantic_katz_consensus
R_003169,J_001168,0.8497908711433411,19,0.003962861359190268,32,50,semantic_katz_consensus
R_005385,J_001168,0.8744495511054993,11,0.004336596775233676,11,50,semantic_katz_consensus
R_007030,J_001168,0.8171329498291016,35,0.0038612782886044573,33,50,semantic_katz_consensus
R_007576,J_001168,0.9000405669212341,1,0.0037103055437014273,43,50,semantic_katz_consensus
R_004601,J_001169,0.8366761207580566,21,0.0036835816875678846,9,50,semantic_katz_consensus
R_008856,J_001169,0.7771610617637634,45,0.003268056155471391,25,50,semantic_katz_consensus
R_001016,J_001170,0.8874992728233337,19,0.004813863090688048,11,50,semantic_katz_consensus
R_003300,J_001170,0.8714994192123413,34,0.005062051016427231,7,50,semantic_katz_consensus
R_004178,J_001171,0.8228344917297363,46,0.00417281545103605,5,50,semantic_katz_consensus
R_002011,J_001173,0.8673411011695862,23,0.004878422357842711,3,50,semantic_katz_consensus
R_001186,J_001174,0.8215605616569519,26,0.0038242249614824815,27,50,semantic_katz_consensus
R_003189,J_001174,0.8503891229629517,9,0.003811077006697264,29,50,semantic_katz_consensus
R_008498,J_001174,0.7912270426750183,44,0.003620291498257132,43,50,semantic_katz_consensus
R_007671,J_001176,0.8657736778259277,10,0.004299513924420871,6,50,semantic_katz_consensus
R_007908,J_001176,0.8486142158508301,25,0.0037497346462116643,16,50,semantic_katz_consensus
R_008259,J_001176,0.8617222309112549,13,0.0032521340024256333,37,50,semantic_katz_consensus
R_008897,J_001176,0.7924068570137024,45,0.0037481261928771327,17,50,semantic_katz_consensus
R_009580,J_001176,0.8289738297462463,36,0.003399934126195843,27,50,semantic_katz_consensus
R_009997,J_001176,0.7871917486190796,49,0.003248961381292813,38,50,semantic_katz_consensus
R_002388,J_001179,0.8557701110839844,6,0.004368441081325192,11,50,semantic_katz_consensus
R_007965,J_001179,0.841992974281311,25,0.003715470279195644,41,50,semantic_katz_consensus
R_009971,J_001179,0.8432801961898804,24,0.004029811163578607,25,50,semantic_katz_consensus
R_003641,J_001180,0.81516432762146,32,0.0038019132806348397,17,50,semantic_katz_consensus
R_003525,J_001181,0.7621839642524719,43,0.003955276562771546,12,50,semantic_katz_consensus
R_009531,J_001181,0.758582592010498,46,0.0032063301339589267,49,50,semantic_katz_consensus
R_004189,J_001182,0.8538616895675659,19,0.0033369980742211265,25,50,semantic_katz_consensus
R_005911,J_001182,0.8346726894378662,41,0.0030656868600443298,43,50,semantic_katz_consensus
R_007406,J_001182,0.8578399419784546,16,0.003062086292348402,45,50,semantic_katz_consensus
R_008687,J_001182,0.8326099514961243,46,0.00305413259674823,48,50,semantic_katz_consensus
R_002154,J_001183,0.8713715076446533,16,0.0037003449718944446,30,50,semantic_katz_consensus
R_006174,J_001183,0.8449608087539673,37,0.004090356678319647,18,50,semantic_katz_consensus
R_007763,J_001183,0.7673379778862,49,0.005465225439483065,2,50,semantic_katz_consensus
R_009412,J_001183,0.7678021788597107,46,0.003544576390678648,42,50,semantic_katz_consensus
R_009709,J_001183,0.776764452457428,40,0.0041871734362835195,14,50,semantic_katz_consensus
R_003689,J_001184,0.8452383279800415,16,0.004412252835430502,2,50,semantic_katz_consensus
R_004149,J_001184,0.8506938219070435,9,0.003152129861483526,36,50,semantic_katz_consensus
R_008400,J_001184,0.8370062708854675,26,0.0033477407299272533,28,50,semantic_katz_consensus
R_001512,J_001185,0.8129231929779053,45,0.003166074662013302,44,50,semantic_katz_consensus
R_002936,J_001185,0.88438481092453,15,0.003412698419954196,24,50,semantic_katz_consensus
R_008983,J_001185,0.8683836460113525,30,0.0035887718058108227,17,50,semantic_katz_consensus
R_009405,J_001185,0.879741907119751,20,0.0038385681848845366,7,50,semantic_katz_consensus
R_000103,J_001187,0.8750277161598206,9,0.003916673829696696,45,50,semantic_katz_consensus
R_001098,J_001187,0.8651838898658752,16,0.004389188594374545,17,50,semantic_katz_consensus
R_004813,J_001188,0.8864900469779968,1,0.0037297987407522845,22,50,semantic_katz_consensus
R_000776,J_001190,0.8705744743347168,12,0.0032780314891237886,14,50,semantic_katz_consensus
R_004065,J_001190,0.8556684851646423,31,0.0029668779877190608,31,50,semantic_katz_consensus
R_005312,J_001190,0.8585333824157715,26,0.0027437759410880603,50,50,semantic_katz_consensus
R_009343,J_001190,0.851225733757019,37,0.0028632880409264396,37,50,semantic_katz_consensus
R_007463,J_001191,0.8475256562232971,17,0.004374830609127076,10,50,semantic_katz_consensus
R_004973,J_001192,0.8400749564170837,44,0.00414653430331103,3,50,semantic_katz_consensus
R_000528,J_001193,0.8271172642707825,35,0.0035529285091510992,32,50,semantic_katz_consensus
R_001924,J_001193,0.8550927042961121,22,0.0035473505889391885,33,50,semantic_katz_consensus
R_002494,J_001193,0.8504729270935059,25,0.0033134911247566473,44,50,semantic_katz_consensus
R_005314,J_001194,0.8750191330909729,29,0.0035027272272439057,14,50,semantic_katz_consensus
R_004973,J_001195,0.8910181522369385,23,0.004759677580058062,11,50,semantic_katz_consensus
R_001174,J_001196,0.8607518672943115,12,0.0027314100702019875,32,50,semantic_katz_consensus
R_001403,J_001196,0.8627914190292358,9,0.0030122834333134877,19,50,semantic_katz_consensus
R_003681,J_001196,0.8734023571014404,6,0.0028593038122036465,24,50,semantic_katz_consensus
R_003892,J_001196,0.8505693078041077,22,0.002564087225690091,44,50,semantic_katz_consensus
R_004278,J_001196,0.846182107925415,26,0.0033413659639707845,9,50,semantic_katz_consensus
R_002395,J_001197,0.8649627566337585,5,0.003307131120645593,23,50,semantic_katz_consensus
R_007076,J_001198,0.8712573647499084,32,0.004200336152914152,20,50,semantic_katz_consensus
R_002060,J_001200,0.7763208746910095,35,0.003617074591588068,35,50,semantic_katz_consensus
R_003198,J_001200,0.8361390829086304,26,0.0034039183549186367,49,50,semantic_katz_consensus
R_000877,J_001201,0.8021336197853088,32,0.0037075018217500575,7,50,semantic_katz_consensus
R_007217,J_001201,0.8001874089241028,34,0.003556101130283919,12,50,semantic_katz_consensus
R_007252,J_001201,0.7821323275566101,47,0.0030461493774572293,38,50,semantic_katz_consensus
R_007581,J_001201,0.8213727474212646,25,0.0044580714657426225,1,50,semantic_katz_consensus
R_001134,J_001202,0.8524425625801086,48,0.002606718473023977,33,50,semantic_katz_consensus
R_003741,J_001202,0.9035937190055847,3,0.003421434199453512,3,50,semantic_katz_consensus
R_008708,J_001202,0.8956599831581116,11,0.0025294244358017907,40,50,semantic_katz_consensus
R_000794,J_001203,0.9035935997962952,1,0.0036891596077797944,3,50,semantic_katz_consensus
R_003107,J_001203,0.8919856548309326,21,0.002937793118042671,24,50,semantic_katz_consensus
R_006654,J_001203,0.8149532079696655,43,0.0028891707657791805,28,50,semantic_katz_consensus
R_007127,J_001203,0.8853554129600525,30,0.002801134072850867,36,50,semantic_katz_consensus
R_006124,J_001204,0.7907223105430603,38,0.004117065772607776,10,50,semantic_katz_consensus
R_006370,J_001204,0.799540102481842,32,0.003347755491772668,41,50,semantic_katz_consensus
R_007933,J_001204,0.7997239828109741,31,0.0032513519185264892,50,50,semantic_katz_consensus
R_002477,J_001205,0.8751189708709717,14,0.00446881412144875,5,50,semantic_katz_consensus
R_005908,J_001205,0.8574205040931702,39,0.0037561094121681335,32,50,semantic_katz_consensus
R_009673,J_001205,0.8641795516014099,29,0.0037146586716056704,35,50,semantic_katz_consensus
R_001561,J_001206,0.8684659600257874,3,0.0032282433919342893,38,50,semantic_katz_consensus
R_003385,J_001206,0.8570100665092468,9,0.003362482376201588,28,50,semantic_katz_consensus
R_000500,J_001207,0.9070566296577454,1,0.0025991336766052558,40,50,semantic_katz_consensus
R_005847,J_001207,0.8313239216804504,41,0.002724636881373239,31,50,semantic_katz_consensus
R_007836,J_001207,0.8305345773696899,43,0.0030537489357213648,15,50,semantic_katz_consensus
R_008064,J_001207,0.8933277130126953,8,0.003021447159375912,17,50,semantic_katz_consensus
R_003658,J_001209,0.8671250939369202,24,0.003113896027590127,46,50,semantic_katz_consensus
R_003203,J_001210,0.8424124717712402,25,0.003313476362911233,26,50,semantic_katz_consensus
R_005659,J_001210,0.8219018578529358,41,0.0031720510050974914,37,50,semantic_katz_consensus
R_008208,J_001210,0.8387776017189026,32,0.0030811958283723942,46,50,semantic_katz_consensus
R_001135,J_001212,0.8620303273200989,5,0.0038831915465798194,10,50,semantic_katz_consensus
R_007737,J_001212,0.7975163459777832,30,0.0035397805543658815,22,50,semantic_katz_consensus
R_000547,J_001213,0.8851385712623596,17,0.0028270315595490224,30,50,semantic_katz_consensus
R_006283,J_001213,0.8875673413276672,13,0.003368842380312643,12,50,semantic_katz_consensus
R_008631,J_001213,0.8799527883529663,25,0.002757307556900143,41,50,semantic_katz_consensus
R_004228,J_001215,0.8694828152656555,10,0.0031106938827664774,8,50,semantic_katz_consensus
R_009716,J_001215,0.8654583096504211,16,0.0024935663772966527,35,50,semantic_katz_consensus
R_004161,J_001216,0.8363052010536194,17,0.004332996207537748,9,50,semantic_katz_consensus
R_006109,J_001216,0.8376971483230591,15,0.004268850125100779,10,50,semantic_katz_consensus
R_007422,J_001217,0.8472667336463928,27,0.004436172969612675,12,50,semantic_katz_consensus
R_007823,J_001217,0.871621310710907,11,0.0037573046807849713,33,50,semantic_katz_consensus
R_002303,J_001218,0.8350405693054199,34,0.0036234493575445373,38,50,semantic_katz_consensus
R_005446,J_001218,0.8195398449897766,43,0.0038588877513707816,25,50,semantic_katz_consensus
R_006295,J_001218,0.8827568292617798,16,0.0036330115064792407,37,50,semantic_katz_consensus
R_009387,J_001218,0.8153643608093262,50,0.003832193418928068,27,50,semantic_katz_consensus
R_005411,J_001219,0.8913938403129578,27,0.003404316777790916,18,50,semantic_katz_consensus
R_005589,J_001219,0.9059520363807678,5,0.00355253008627882,15,50,semantic_katz_consensus
R_008833,J_001219,0.8750041723251343,39,0.003124255022269389,35,50,semantic_katz_consensus
R_009705,J_001219,0.8631963729858398,47,0.002948948958466492,50,50,semantic_katz_consensus
R_001643,J_001220,0.8371761441230774,10,0.0035055309491952755,30,50,semantic_katz_consensus
R_005501,J_001220,0.8325074315071106,16,0.004075216609173033,5,50,semantic_katz_consensus
R_008826,J_001221,0.8519245982170105,43,0.0029907981219012337,39,50,semantic_katz_consensus
R_002587,J_001222,0.7987754344940186,39,0.0033027337072051056,38,50,semantic_katz_consensus
R_007908,J_001222,0.8368028402328491,30,0.0041632680639467606,7,50,semantic_katz_consensus
R_009580,J_001222,0.8165691494941711,36,0.003572436468047371,28,50,semantic_katz_consensus
R_002472,J_001223,0.8860766887664795,15,0.0041827907846884475,17,50,semantic_katz_consensus
R_003138,J_001223,0.8183378577232361,43,0.004026609018754957,23,50,semantic_katz_consensus
R_006396,J_001223,0.8220222592353821,35,0.003995163135535721,25,50,semantic_katz_consensus
R_003766,J_001224,0.8477922081947327,8,0.00381309864474949,48,50,semantic_katz_consensus
R_006175,J_001224,0.8409778475761414,12,0.004268864886946193,18,50,semantic_katz_consensus
R_001317,J_001225,0.8714044094085693,6,0.0034298010797713776,14,50,semantic_katz_consensus
R_003544,J_001225,0.811019778251648,42,0.003056508372136491,39,50,semantic_katz_consensus
R_006109,J_001225,0.8431238532066345,23,0.0029983681564745403,45,50,semantic_katz_consensus
R_007940,J_001225,0.8727262020111084,5,0.003281986194155753,23,50,semantic_katz_consensus
R_009325,J_001226,0.8629729151725769,6,0.004391165946890528,2,50,semantic_katz_consensus
R_001490,J_001227,0.9148145914077759,1,0.0041366032551948765,40,50,semantic_katz_consensus
R_002372,J_001227,0.8809494376182556,20,0.004185609268485232,38,50,semantic_katz_consensus
R_003822,J_001227,0.889347493648529,12,0.004258904315139211,33,50,semantic_katz_consensus
R_000966,J_001228,0.8297969698905945,45,0.003021063498349047,20,50,semantic_katz_consensus
R_005370,J_001228,0.8415668606758118,18,0.0030150723934194426,21,50,semantic_katz_consensus
R_000485,J_001229,0.8460519313812256,38,0.003409481513285132,26,50,semantic_katz_consensus
R_004132,J_001229,0.9031596779823303,1,0.0033453501926935776,33,50,semantic_katz_consensus
R_007651,J_001229,0.8924619555473328,6,0.003371646102264012,29,50,semantic_katz_consensus
R_006706,J_001230,0.8374329209327698,18,0.003850904532079781,4,50,semantic_katz_consensus
R_000728,J_001231,0.8840608596801758,5,0.0030521552442322477,17,50,semantic_katz_consensus
R_000786,J_001232,0.8535401225090027,14,0.003093989645821575,24,50,semantic_katz_consensus
R_003464,J_001232,0.8425628542900085,21,0.0028601154197936195,48,50,semantic_katz_consensus
R_004180,J_001232,0.8494095802307129,16,0.0029641037894585194,35,50,semantic_katz_consensus
R_000213,J_001233,0.8609880208969116,25,0.0034497369852307573,22,50,semantic_katz_consensus
R_002470,J_001233,0.7531740665435791,48,0.003200737451901602,36,50,semantic_katz_consensus
R_008894,J_001233,0.7564224004745483,41,0.003718259239301599,13,50,semantic_katz_consensus
R_002638,J_001234,0.8440102338790894,26,0.0029393868095317884,42,50,semantic_katz_consensus
R_008475,J_001235,0.8492394685745239,22,0.0039967715888702526,36,50,semantic_katz_consensus
R_004363,J_001237,0.875778079032898,8,0.0031676683535024194,40,50,semantic_katz_consensus
R_006394,J_001237,0.8768972754478455,5,0.0036457315147013494,19,50,semantic_katz_consensus
R_008750,J_001237,0.8772750496864319,4,0.0033413659639707845,34,50,semantic_katz_consensus
R_001006,J_001238,0.8929298520088196,5,0.004342558356472451,24,50,semantic_katz_consensus
R_009673,J_001238,0.8866257071495056,19,0.0039895556916329815,41,50,semantic_katz_consensus
R_001383,J_001240,0.8248786926269531,33,0.0036684711421120994,29,50,semantic_katz_consensus
R_002172,J_001240,0.8504710793495178,16,0.0034879855809695714,41,50,semantic_katz_consensus
R_003237,J_001240,0.851820707321167,13,0.0034991266595479774,40,50,semantic_katz_consensus
R_006225,J_001240,0.8548348546028137,12,0.003448940139486199,44,50,semantic_katz_consensus
R_007661,J_001240,0.7920962572097778,41,0.00453142555977826,6,50,semantic_katz_consensus
R_000863,J_001241,0.8872587084770203,8,0.003244947628879191,48,50,semantic_katz_consensus
R_004339,J_001241,0.8719467520713806,30,0.006256050555421255,1,50,semantic_katz_consensus
R_005460,J_001241,0.8554090261459351,34,0.0035756090891801906,21,50,semantic_katz_consensus
R_006271,J_001241,0.8802441954612732,17,0.0037692721287987657,12,50,semantic_katz_consensus
R_000207,J_001242,0.8242378830909729,48,0.004134212717961201,8,50,semantic_katz_consensus
R_001933,J_001242,0.8766536712646484,13,0.0036803943045896495,21,50,semantic_katz_consensus
R_004385,J_001242,0.8562943339347839,42,0.0034278384891008097,33,50,semantic_katz_consensus
R_009742,J_001242,0.8652876019477844,34,0.0032716714850127343,48,50,semantic_katz_consensus
R_000283,J_001244,0.7664870023727417,50,0.003251735579553354,7,50,semantic_katz_consensus
R_002021,J_001244,0.8465876579284668,26,0.0026907709372294975,44,50,semantic_katz_consensus
R_002638,J_001245,0.8295349478721619,27,0.004040140634567039,2,50,semantic_katz_consensus
R_005692,J_001246,0.8839702010154724,38,0.003074466925079889,47,50,semantic_katz_consensus
R_006396,J_001246,0.8120913505554199,42,0.003088411725609665,42,50,semantic_katz_consensus
R_007520,J_001246,0.8121070861816406,41,0.0036429720782862234,9,50,semantic_katz_consensus
R_009087,J_001246,0.8935626745223999,26,0.003503125650116185,17,50,semantic_katz_consensus
R_006903,J_001247,0.8668234944343567,4,0.0033736382166254086,45,50,semantic_katz_consensus
R_009193,J_001247,0.8484378457069397,21,0.0034632686010428394,36,50,semantic_katz_consensus
R_009325,J_001247,0.8677259683609009,3,0.004458499412305731,5,50,semantic_katz_consensus
R_004802,J_001248,0.8618265390396118,15,0.0043489331224289204,9,50,semantic_katz_consensus
R_007956,J_001248,0.8717750310897827,6,0.003403534693891772,47,50,semantic_katz_consensus
R_008044,J_001248,0.8580780625343323,22,0.0038417850915536,23,50,semantic_katz_consensus
R_008064,J_001249,0.8413089513778687,37,0.0029501442270833296,28,50,semantic_katz_consensus
R_001642,J_001250,0.8804665207862854,30,0.003644551007929926,12,50,semantic_katz_consensus
R_004973,J_001250,0.8827507495880127,29,0.0033732545555985437,24,50,semantic_katz_consensus
R_005732,J_001252,0.8170430660247803,24,0.0032350165807630373,48,50,semantic_katz_consensus
R_003353,J_001253,0.8805314898490906,13,0.0037190560850461577,8,50,semantic_katz_consensus
R_005457,J_001253,0.8852831721305847,7,0.0034047299625086097,20,50,semantic_katz_consensus
R_004340,J_001254,0.8626356720924377,16,0.004149736448134679,16,50,semantic_katz_consensus
R_007076,J_001254,0.8687770962715149,12,0.0036724701326803074,40,50,semantic_katz_consensus
R_008336,J_001255,0.8588719964027405,13,0.003227018599626622,28,50,semantic_katz_consensus
R_002153,J_001256,0.8817436695098877,26,0.00384776143463779,22,50,semantic_katz_consensus
R_002328,J_001257,0.8467684984207153,9,0.0037481557165679616,37,50,semantic_katz_consensus
R_004206,J_001257,0.8472962379455566,8,0.0038835899694520987,28,50,semantic_katz_consensus
R_009433,J_001257,0.8462040424346924,11,0.0036142561077912843,43,50,semantic_katz_consensus
R_000754,J_001258,0.875617504119873,17,0.0029732527536755296,33,50,semantic_katz_consensus
R_005178,J_001259,0.8370224833488464,32,0.00355253008627882,29,50,semantic_katz_consensus
R_005389,J_001259,0.847680389881134,24,0.003834185533289464,18,50,semantic_katz_consensus
R_000324,J_001261,0.9118171334266663,3,0.004046131739496643,25,50,semantic_katz_consensus
R_000733,J_001261,0.8976426720619202,9,0.0042433362994294885,15,50,semantic_katz_consensus
R_005589,J_001261,0.9132167100906372,1,0.003993171021174324,27,50,semantic_katz_consensus
R_008833,J_001261,0.8683544397354126,42,0.0037581162883749447,39,50,semantic_katz_consensus
R_004284,J_001262,0.8568894863128662,13,0.0038819962779629816,13,50,semantic_katz_consensus
R_007263,J_001262,0.8406715989112854,32,0.004103888294131729,7,50,semantic_katz_consensus
R_009350,J_001262,0.8533710837364197,19,0.003452142284309848,30,50,semantic_katz_consensus
R_007084,J_001264,0.8770145177841187,33,0.0034923977562554727,37,50,semantic_katz_consensus
R_008003,J_001265,0.8684046864509583,18,0.002836992131356005,40,50,semantic_katz_consensus
R_009371,J_001265,0.88014155626297,8,0.002761690208495215,47,50,semantic_katz_consensus
R_000134,J_001266,0.757277250289917,31,0.0033879962018728785,22,50,semantic_katz_consensus
R_000159,J_001266,0.8198680281639099,9,0.004265264319250265,3,50,semantic_katz_consensus
R_007823,J_001266,0.7145258188247681,49,0.003775617371064405,10,50,semantic_katz_consensus
R_004189,J_001267,0.8631733059883118,6,0.002896770324043316,35,50,semantic_katz_consensus
R_004247,J_001267,0.861717939376831,7,0.0028907644572682975,36,50,semantic_katz_consensus
R_004980,J_001267,0.834830641746521,46,0.0027198853305967162,50,50,semantic_katz_consensus
R_006188,J_001267,0.8420140743255615,33,0.0031134828428724328,18,50,semantic_katz_consensus
R_009918,J_001267,0.8410915732383728,34,0.002751331213815953,48,50,semantic_katz_consensus
R_007082,J_001268,0.8218163251876831,22,0.0037114712886274362,26,50,semantic_katz_consensus
R_009041,J_001268,0.8465936183929443,6,0.003278429911996068,50,50,semantic_katz_consensus
R_003331,J_001269,0.7789878249168396,45,0.003472461850796093,25,50,semantic_katz_consensus
R_006658,J_001269,0.8888567686080933,17,0.003506342556785249,23,50,semantic_katz_consensus
R_009511,J_001269,0.899654746055603,3,0.0036465283604459084,16,50,semantic_katz_consensus
R_004922,J_001270,0.823879599571228,30,0.0029573306006297714,37,50,semantic_katz_consensus
R_006241,J_001270,0.8153679370880127,40,0.0034190584240652504,10,50,semantic_katz_consensus
R_008568,J_001270,0.817045271396637,37,0.004986350670694161,1,50,semantic_katz_consensus
R_006359,J_001271,0.8974611163139343,6,0.0031525282843558053,34,50,semantic_katz_consensus
R_008039,J_001271,0.892876386642456,10,0.003475221287211219,16,50,semantic_katz_consensus
R_007823,J_001273,0.8512789607048035,19,0.0033772387843213373,37,50,semantic_katz_consensus
R_004317,J_001274,0.8510019779205322,23,0.003362482376201588,47,50,semantic_katz_consensus
R_004461,J_001274,0.8361501693725586,42,0.0044955232157368775,10,50,semantic_katz_consensus
R_006112,J_001274,0.8544331789016724,19,0.0035274146834798088,34,50,semantic_katz_consensus
R_006241,J_001274,0.8706927299499512,2,0.004662049214504216,8,50,semantic_katz_consensus
R_007947,J_001274,0.8304247260093689,49,0.0034318079559781884,41,50,semantic_katz_consensus
R_008568,J_001274,0.8607869148254395,9,0.0042429821620934526,12,50,semantic_katz_consensus
R_001105,J_001276,0.8459054231643677,39,0.0036788301367913613,28,50,semantic_katz_consensus
R_005209,J_001277,0.8518343567848206,13,0.0037290166568531404,30,50,semantic_katz_consensus
R_006223,J_001277,0.8368479609489441,40,0.0035437500212432606,45,50,semantic_katz_consensus
R_007082,J_001277,0.8499765992164612,15,0.0036321998988892677,39,50,semantic_katz_consensus
R_007661,J_001278,0.8633071780204773,14,0.003480843492959373,13,50,semantic_katz_consensus
R_001740,J_001279,0.8821166753768921,8,0.0037345945770650506,38,50,semantic_katz_consensus
R_006260,J_001279,0.8228448629379272,44,0.004116254165017802,19,50,semantic_katz_consensus
R_008528,J_001279,0.9056010246276855,2,0.0038497240253083575,29,50,semantic_katz_consensus
R_008571,J_001279,0.8179598450660706,50,0.003808288046591309,32,50,semantic_katz_consensus
R_002153,J_001280,0.8810689449310303,23,0.004141767990689093,8,50,semantic_katz_consensus
R_006135,J_001281,0.8806384205818176,7,0.0023322346377143604,50,50,semantic_katz_consensus
R_006878,J_001281,0.8708834052085876,18,0.0025863841446923178,27,50,semantic_katz_consensus
R_009271,J_001281,0.8357856273651123,44,0.0033859598019752384,4,50,semantic_katz_consensus
R_000786,J_001282,0.8803814053535461,9,0.00390910379512339,14,50,semantic_katz_consensus
R_001006,J_001282,0.8018093705177307,41,0.004740523758497825,2,50,semantic_katz_consensus
R_003060,J_001282,0.8717308044433594,21,0.0033011400157159886,43,50,semantic_katz_consensus
R_004180,J_001282,0.8682360649108887,26,0.003935384942848409,13,50,semantic_katz_consensus
R_007871,J_001282,0.8779280781745911,12,0.003393160937367095,37,50,semantic_katz_consensus
R_001135,J_001284,0.844628632068634,4,0.0036385894266911514,35,50,semantic_katz_consensus
R_003202,J_001284,0.7418031096458435,49,0.0034485417166139195,48,50,semantic_katz_consensus
R_004922,J_001284,0.7538825869560242,36,0.004133002687498948,13,50,semantic_katz_consensus
R_004504,J_001285,0.8665658831596375,11,0.0037401872591223753,39,50,semantic_katz_consensus
R_009038,J_001285,0.8784742951393127,2,0.003760462540072377,38,50,semantic_katz_consensus
R_003713,J_001286,0.8628596663475037,8,0.0028836223692580987,48,50,semantic_katz_consensus
R_004516,J_001287,0.8145412802696228,7,0.0031911605411214837,33,50,semantic_katz_consensus
R_007821,J_001287,0.8014919757843018,20,0.003054103073057401,40,50,semantic_katz_consensus
R_001814,J_001288,0.8836041688919067,33,0.003727408203518609,8,50,semantic_katz_consensus
R_005326,J_001288,0.893580436706543,26,0.0031704720754537888,39,50,semantic_katz_consensus
R_006396,J_001288,0.7868741154670715,41,0.0034644933933505066,17,50,semantic_katz_consensus
R_002654,J_001289,0.862184464931488,19,0.004831378935222923,9,50,semantic_katz_consensus
R_008027,J_001289,0.8155748844146729,36,0.005350907598829731,3,50,semantic_katz_consensus
R_005201,J_001290,0.8511480689048767,4,0.003467651252637912,10,50,semantic_katz_consensus
R_002625,J_001291,0.8625613451004028,33,0.003194392209635962,40,50,semantic_katz_consensus
R_000079,J_001292,0.8980245590209961,13,0.003198346914667926,38,50,semantic_katz_consensus
R_001970,J_001292,0.8775695562362671,40,0.004216656728832189,4,50,semantic_katz_consensus
R_008783,J_001293,0.7746309041976929,41,0.004390782285863663,11,50,semantic_katz_consensus
R_003125,J_001294,0.862389326095581,40,0.00352381411578388,30,50,semantic_katz_consensus
R_008687,J_001294,0.8629145622253418,39,0.003343771263049875,44,50,semantic_katz_consensus
R_008825,J_001294,0.8613006472587585,41,0.003845739796585564,19,50,semantic_katz_consensus
R_006331,J_001295,0.7788522839546204,46,0.003209901177964026,25,50,semantic_katz_consensus
R_002638,J_001296,0.8279743194580078,32,0.0035258209919906917,11,50,semantic_katz_consensus
R_000702,J_001297,0.8589008450508118,16,0.0029270504623365437,38,50,semantic_katz_consensus
R_008498,J_001298,0.8447150588035583,26,0.0032222818106955138,42,50,semantic_katz_consensus
R_002932,J_001299,0.8660203218460083,39,0.006029362702939741,2,50,semantic_katz_consensus
R_000621,J_001300,0.8441935181617737,38,0.0036796122206905054,43,50,semantic_katz_consensus
R_002154,J_001300,0.8757185339927673,15,0.0037501478309293584,37,50,semantic_katz_consensus
R_004060,J_001300,0.8582186698913574,32,0.003591590289607607,49,50,semantic_katz_consensus
R_000171,J_001301,0.8543667197227478,43,0.0033489359985440915,34,50,semantic_katz_consensus
R_003307,J_001301,0.8714028596878052,23,0.0034421669506574503,29,50,semantic_katz_consensus
R_002089,J_001302,0.8482946157455444,23,0.003239413994203524,43,50,semantic_katz_consensus
R_002457,J_001302,0.8486162424087524,20,0.003730211925469978,16,50,semantic_katz_consensus
R_003058,J_001302,0.827965497970581,39,0.004713873711591356,4,50,semantic_katz_consensus
R_007504,J_001302,0.8652540445327759,8,0.004095964122222386,8,50,semantic_katz_consensus
R_008783,J_001302,0.8500958681106567,19,0.003408345292049952,27,50,semantic_katz_consensus
R_003822,J_001303,0.9018024802207947,8,0.004207507764615179,18,50,semantic_katz_consensus
R_003161,J_001304,0.8781628608703613,15,0.0038150907591108863,10,50,semantic_katz_consensus
R_003798,J_001304,0.8814690709114075,10,0.0032884052456484654,40,50,semantic_katz_consensus
R_007243,J_001304,0.8697638511657715,28,0.0033648729134352637,35,50,semantic_katz_consensus
R_003728,J_001306,0.8385196328163147,6,0.003648520474807305,33,50,semantic_katz_consensus
R_007204,J_001306,0.8036145567893982,33,0.003709907120829148,28,50,semantic_katz_consensus
R_009971,J_001306,0.8137989640235901,21,0.003940166017315761,18,50,semantic_katz_consensus
R_002302,J_001307,0.847349226474762,38,0.003998719417695406,12,50,semantic_katz_consensus
R_007701,J_001307,0.8465994596481323,40,0.003284819439797951,48,50,semantic_katz_consensus
R_003872,J_001309,0.8545101284980774,38,0.004199509783478764,4,50,semantic_katz_consensus
R_004592,J_001309,0.857614278793335,35,0.003979993542698278,7,50,semantic_katz_consensus
R_009987,J_001309,0.8518405556678772,41,0.0038680662392786202,9,50,semantic_katz_consensus
R_002089,J_001310,0.8364738821983337,43,0.0036848212417209657,34,50,semantic_katz_consensus
R_006524,J_001310,0.8770525455474854,8,0.00425409371698103,14,50,semantic_katz_consensus
R_002837,J_001311,0.8524130582809448,28,0.0036804090664350644,34,50,semantic_katz_consensus
R_007463,J_001311,0.8824225068092346,10,0.0037617020942254586,28,50,semantic_katz_consensus
R_008322,J_001311,0.8146529793739319,44,0.0036640737286716125,37,50,semantic_katz_consensus
R_002176,J_001312,0.8818855285644531,5,0.003276437797634671,40,50,semantic_katz_consensus
R_008878,J_001313,0.8711416125297546,22,0.004446576249828181,6,50,semantic_katz_consensus
R_004996,J_001314,0.8881601095199585,24,0.0037879684801050643,7,50,semantic_katz_consensus
R_008826,J_001314,0.8696798086166382,50,0.003253727693914751,19,50,semantic_katz_consensus
R_001335,J_001315,0.8966737389564514,1,0.002869662806882909,50,50,semantic_katz_consensus
R_002612,J_001315,0.8163078427314758,45,0.0029481816364127617,44,50,semantic_katz_consensus
R_004192,J_001315,0.8783383965492249,22,0.003390770400133419,14,50,semantic_katz_consensus
R_005457,J_001315,0.8865017294883728,10,0.004260866905809778,1,50,semantic_katz_consensus
R_001333,J_001316,0.8545417785644531,30,0.0036027166063405986,10,50,semantic_katz_consensus
R_009271,J_001316,0.8571922779083252,22,0.0029879796381044495,32,50,semantic_katz_consensus
R_006156,J_001317,0.900361180305481,17,0.003148558817478427,50,50,semantic_katz_consensus
R_007520,J_001317,0.779312252998352,48,0.0038222476089664996,7,50,semantic_katz_consensus
R_007579,J_001317,0.887830913066864,31,0.0032250412471106398,40,50,semantic_katz_consensus
R_008704,J_001317,0.7819761633872986,46,0.003620630873747753,12,50,semantic_katz_consensus
R_000611,J_001318,0.8645305633544922,27,0.0030366019903679403,39,50,semantic_katz_consensus
R_009072,J_001318,0.8619720339775085,35,0.003148145632760733,31,50,semantic_katz_consensus
R_000733,J_001320,0.890966534614563,12,0.003936978634337527,41,50,semantic_katz_consensus
R_007443,J_001321,0.8500739336013794,44,0.0031087165302504955,35,50,semantic_katz_consensus
R_000262,J_001322,0.8174576759338379,35,0.003197151646051088,38,50,semantic_katz_consensus
R_004506,J_001322,0.8305676579475403,18,0.0034150889571878717,29,50,semantic_katz_consensus
R_004975,J_001322,0.8116437196731567,41,0.0031349976779755156,45,50,semantic_katz_consensus
R_003148,J_001323,0.7759853005409241,43,0.003501930381499347,35,50,semantic_katz_consensus
R_003331,J_001323,0.774238109588623,45,0.004425813974933413,5,50,semantic_katz_consensus
R_009488,J_001323,0.8831456303596497,14,0.0034071204997422853,42,50,semantic_katz_consensus
R_006861,J_001324,0.8707595467567444,36,0.00313260714074184,37,50,semantic_katz_consensus
R_007597,J_001324,0.8874183893203735,16,0.003158917812157689,34,50,semantic_katz_consensus
R_007871,J_001325,0.816718578338623,45,0.0040441248632898325,7,50,semantic_katz_consensus
R_000324,J_001326,0.8814842104911804,36,0.0035724512298927853,50,50,semantic_katz_consensus
R_005589,J_001326,0.8825105428695679,35,0.0036469710688544314,46,50,semantic_katz_consensus
R_008789,J_001326,0.8830735087394714,33,0.003596356602229544,49,50,semantic_katz_consensus
R_005881,J_001327,0.850606381893158,13,0.003345335430848163,24,50,semantic_katz_consensus
R_006635,J_001327,0.8342301249504089,33,0.003207481117039521,29,50,semantic_katz_consensus
R_000202,J_001328,0.7956534028053284,50,0.003253329271042471,45,50,semantic_katz_consensus
R_007541,J_001329,0.8226987719535828,43,0.0027198705687513014,23,50,semantic_katz_consensus
R_000453,J_001330,0.8962541222572327,3,0.0030740537403621954,14,50,semantic_katz_consensus
R_004295,J_001330,0.8737037777900696,23,0.0027330332853819335,32,50,semantic_katz_consensus
R_004825,J_001330,0.7905176877975464,48,0.0029306067444962287,21,50,semantic_katz_consensus
R_001095,J_001331,0.8690229058265686,20,0.003659292654204261,16,50,semantic_katz_consensus
R_001247,J_001331,0.8022920489311218,40,0.0036270351633950508,19,50,semantic_katz_consensus
R_006808,J_001331,0.7986571192741394,43,0.004365637359373823,4,50,semantic_katz_consensus
R_008126,J_001331,0.8032795786857605,39,0.0035760222738978847,25,50,semantic_katz_consensus
R_008797,J_001331,0.7964308857917786,47,0.0044349777009958374,2,50,semantic_katz_consensus
R_007823,J_001332,0.8212665319442749,27,0.003940166017315761,19,50,semantic_katz_consensus
R_002495,J_001333,0.8274482488632202,43,0.0034357774228555666,28,50,semantic_katz_consensus
R_005178,J_001333,0.8439323306083679,28,0.004203095589329278,5,50,semantic_katz_consensus
R_000952,J_001334,0.8177181482315063,46,0.004007868381912415,3,50,semantic_katz_consensus
R_001827,J_001334,0.8125240802764893,50,0.003863683587683548,4,50,semantic_katz_consensus
R_008166,J_001334,0.8439416885375977,25,0.0033600918389679124,17,50,semantic_katz_consensus
R_007701,J_001338,0.8497022390365601,40,0.0036632916447724684,41,50,semantic_katz_consensus
R_004339,J_001339,0.8722595572471619,20,0.004886390815288298,1,50,semantic_katz_consensus
R_006271,J_001339,0.8719372153282166,21,0.0039118927552293445,16,50,semantic_katz_consensus
R_004980,J_001340,0.8463329076766968,33,0.0033142732086557914,5,50,semantic_katz_consensus
R_006188,J_001340,0.8494070172309875,24,0.00267445036131146,34,50,semantic_katz_consensus
R_009392,J_001340,0.8492807149887085,25,0.0025796257177089837,40,50,semantic_katz_consensus
R_006275,J_001341,0.8625184893608093,19,0.0035019451433447616,11,50,semantic_katz_consensus
R_009590,J_001341,0.8504351377487183,33,0.0028752702507856475,47,50,semantic_katz_consensus
R_005385,J_001342,0.7973507046699524,48,0.0038465809278663663,38,50,semantic_katz_consensus
R_002249,J_001343,0.8769912719726562,38,0.0030636947456829334,39,50,semantic_katz_consensus
R_003081,J_001343,0.8831735849380493,21,0.003065273675326636,38,50,semantic_katz_consensus
R_004996,J_001343,0.8825817108154297,24,0.004442532973723729,3,50,semantic_katz_consensus
R_006606,J_001343,0.9033066034317017,3,0.003285173577133987,27,50,semantic_katz_consensus
R_008826,J_001343,0.8783571124076843,33,0.0029792438586051335,46,50,semantic_katz_consensus
R_006020,J_001344,0.8094800710678101,40,0.0033704508336471744,44,50,semantic_katz_consensus
R_008131,J_001344,0.8056070804595947,46,0.0034262300357662777,41,50,semantic_katz_consensus
R_004475,J_001346,0.8181129693984985,44,0.002979612757786584,35,50,semantic_katz_consensus
R_009552,J_001346,0.8137907981872559,48,0.0033847940570492295,18,50,semantic_katz_consensus
R_003287,J_001347,0.818696916103363,14,0.0029413789238931847,41,50,semantic_katz_consensus
R_009033,J_001347,0.8063270449638367,22,0.003021063498349047,31,50,semantic_katz_consensus
R_001016,J_001348,0.8822845816612244,20,0.0038011311967356956,13,50,semantic_katz_consensus
R_004082,J_001348,0.8625677227973938,37,0.004755294928462989,3,50,semantic_katz_consensus
R_001770,J_001349,0.8883097171783447,5,0.003729031418698555,23,50,semantic_katz_consensus
R_003161,J_001349,0.8822173476219177,13,0.004580800472250065,2,50,semantic_katz_consensus
R_003798,J_001349,0.8698945045471191,36,0.0036899859772151823,26,50,semantic_katz_consensus
R_005908,J_001350,0.8912390470504761,4,0.0040704355347056815,16,50,semantic_katz_consensus
R_008813,J_001350,0.8130819797515869,46,0.003480017123523985,42,50,semantic_katz_consensus
R_005195,J_001351,0.8790251016616821,11,0.0032529160863247774,26,50,semantic_katz_consensus
R_000324,J_001352,0.9046390056610107,3,0.0038477319109469607,22,50,semantic_katz_consensus
R_000733,J_001352,0.8561795353889465,41,0.003661284768565657,28,50,semantic_katz_consensus
R_005411,J_001352,0.878209114074707,22,0.0034047299625086097,41,50,semantic_katz_consensus
R_008833,J_001352,0.869839072227478,32,0.003910299063740227,17,50,semantic_katz_consensus
R_002303,J_001353,0.8761314749717712,28,0.004779200300799748,20,50,semantic_katz_consensus
R_003229,J_001353,0.887924075126648,18,0.0045847847009728585,25,50,semantic_katz_consensus
R_008923,J_001353,0.8800251483917236,24,0.005307066321033593,9,50,semantic_katz_consensus
R_004049,J_001354,0.8652747869491577,18,0.0038843720533512428,27,50,semantic_katz_consensus
R_006452,J_001354,0.8608446717262268,26,0.0035963418403841298,43,50,semantic_katz_consensus
R_001022,J_001356,0.8177564144134521,35,0.004462085218156245,15,50,semantic_katz_consensus
R_002242,J_001356,0.8783841133117676,21,0.004698718880599327,8,50,semantic_katz_consensus
R_006396,J_001356,0.8055071234703064,44,0.005310253704011827,1,50,semantic_katz_consensus
R_008834,J_001356,0.9027709364891052,2,0.003975640414794034,35,50,semantic_katz_consensus
R_004284,J_001357,0.8306046724319458,31,0.003866059363071809,8,50,semantic_katz_consensus
R_005332,J_001357,0.8262897729873657,36,0.0036688695649843787,19,50,semantic_katz_consensus
R_007496,J_001357,0.8401791453361511,17,0.0031784257710539606,42,50,semantic_katz_consensus
R_000786,J_001358,0.8613790273666382,14,0.004213070922981675,6,50,semantic_katz_consensus
R_003464,J_001358,0.8730697631835938,7,0.0034832045065022197,26,50,semantic_katz_consensus
R_004180,J_001358,0.8551865816116333,23,0.004654877602803188,2,50,semantic_katz_consensus
R_008653,J_001358,0.861095666885376,15,0.003269649846960508,42,50,semantic_katz_consensus
R_003161,J_001360,0.8702902793884277,19,0.004482788445669354,2,50,semantic_katz_consensus
R_006070,J_001360,0.8583224415779114,40,0.0035234304547570156,14,50,semantic_katz_consensus
R_000016,J_001361,0.8563390374183655,36,0.0037935759240078034,9,50,semantic_katz_consensus
R_001021,J_001361,0.8641780614852905,29,0.0031330055636141193,49,50,semantic_katz_consensus
R_000134,J_001363,0.7947869896888733,27,0.0046146664163938065,14,50,semantic_katz_consensus
R_003940,J_001363,0.780266284942627,29,0.004400314911107537,24,50,semantic_katz_consensus
R_003458,J_001364,0.8479710221290588,23,0.0029501442270833296,27,50,semantic_katz_consensus
R_005911,J_001364,0.8627858757972717,10,0.0027872040341665053,46,50,semantic_katz_consensus
R_002249,J_001365,0.8939400315284729,31,0.0027931803772506952,34,50,semantic_katz_consensus
R_001032,J_001367,0.8700370192527771,14,0.0033306233082646577,40,50,semantic_katz_consensus
R_004426,J_001367,0.864205002784729,26,0.003456510174059506,28,50,semantic_katz_consensus
R_004484,J_001367,0.8654609322547913,20,0.0037107039665737066,17,50,semantic_katz_consensus
R_004922,J_001368,0.8372613787651062,40,0.004234187335212479,6,50,semantic_katz_consensus
R_006241,J_001368,0.8383779525756836,39,0.0032103143626817203,50,50,semantic_katz_consensus
R_008132,J_001368,0.8385507464408875,38,0.0032302059826048567,48,50,semantic_katz_consensus
R_008568,J_001368,0.8403878211975098,37,0.003225882378391442,49,50,semantic_katz_consensus
R_009008,J_001368,0.8472370505332947,27,0.0033939725449570685,37,50,semantic_katz_consensus
R_002429,J_001369,0.8142003417015076,49,0.0048488947797577986,1,50,semantic_katz_consensus
R_006662,J_001369,0.9006755352020264,9,0.003721018675716725,21,50,semantic_katz_consensus
R_007597,J_001369,0.897485613822937,14,0.004215063037343071,6,50,semantic_katz_consensus
R_007678,J_001369,0.9020395874977112,7,0.0033724429480085708,43,50,semantic_katz_consensus
R_007700,J_001369,0.8948320746421814,18,0.0032589071912543814,46,50,semantic_katz_consensus
R_002324,J_001370,0.7815989851951599,45,0.0038748394281073687,48,50,semantic_katz_consensus
R_004748,J_001370,0.8679735660552979,13,0.004921024081485769,10,50,semantic_katz_consensus
R_000238,J_001372,0.897370457649231,14,0.0038617062351675654,7,50,semantic_katz_consensus
R_001006,J_001372,0.816923201084137,48,0.003324646965180468,41,50,semantic_katz_consensus
R_001526,J_001373,0.8907869458198547,1,0.0037266261196194648,39,50,semantic_katz_consensus
R_004319,J_001374,0.7413133382797241,48,0.003942187655367987,13,50,semantic_katz_consensus
R_004601,J_001374,0.8196733593940735,21,0.0034513306767198744,42,50,semantic_katz_consensus
R_007055,J_001374,0.84227055311203,8,0.003663276882927054,26,50,semantic_katz_consensus
R_002746,J_001376,0.9022025465965271,1,0.0047445670346022775,4,50,semantic_katz_consensus
R_008311,J_001376,0.8577289581298828,16,0.00369996131086758,41,50,semantic_katz_consensus
R_008358,J_001376,0.8568743467330933,17,0.005613468271661797,1,50,semantic_katz_consensus
R_000611,J_001377,0.7885230779647827,48,0.00281947628682113,48,50,semantic_katz_consensus
R_002253,J_001377,0.7993103265762329,30,0.0030039313148410365,28,50,semantic_katz_consensus
R_002871,J_001377,0.8903865814208984,6,0.003203127989135278,18,50,semantic_katz_consensus
R_007286,J_001378,0.8490645885467529,15,0.0034764460795188856,31,50,semantic_katz_consensus
R_007354,J_001378,0.8385274410247803,35,0.003781593714148595,12,50,semantic_katz_consensus
R_002089,J_001379,0.8460721373558044,14,0.0038640967724012415,25,50,semantic_katz_consensus
R_002457,J_001379,0.8299912214279175,26,0.0038266302605615716,27,50,semantic_katz_consensus
R_003058,J_001379,0.8335585594177246,24,0.004501942267229591,5,50,semantic_katz_consensus
R_007504,J_001379,0.8465536236763,13,0.0037127256046259323,33,50,semantic_katz_consensus
R_008783,J_001379,0.8340648412704468,23,0.0038720799916922423,24,50,semantic_katz_consensus
R_003175,J_001380,0.8716937899589539,10,0.004509497539957483,10,50,semantic_katz_consensus
R_004416,J_001381,0.8590173721313477,7,0.004140543198381426,30,50,semantic_katz_consensus
R_009783,J_001383,0.8481523394584656,7,0.0044338119560698285,7,50,semantic_katz_consensus
R_003876,J_001385,0.8575584292411804,48,0.0029465731830782297,23,50,semantic_katz_consensus
R_005401,J_001385,0.8564057350158691,49,0.0028063430938813265,41,50,semantic_katz_consensus
R_006354,J_001385,0.8808086514472961,7,0.0027867908494488116,46,50,semantic_katz_consensus
R_009636,J_001385,0.8612664341926575,41,0.0028162889038428948,40,50,semantic_katz_consensus
R_000006,J_001386,0.7279876470565796,41,0.0038513472404883035,9,50,semantic_katz_consensus
R_001988,J_001386,0.8856177926063538,1,0.0034545032978526946,24,50,semantic_katz_consensus
R_005031,J_001386,0.819197952747345,27,0.003799522743401164,11,50,semantic_katz_consensus
R_008374,J_001386,0.7909080386161804,38,0.0031808310701330507,46,50,semantic_katz_consensus
R_005017,J_001387,0.8313508629798889,49,0.0036158497992804014,4,50,semantic_katz_consensus
R_008584,J_001387,0.8595696687698364,28,0.0031808163082876362,15,50,semantic_katz_consensus
R_008287,J_001388,0.8096773624420166,50,0.004612246355469302,2,50,semantic_katz_consensus
R_000698,J_001390,0.8707104325294495,40,0.0028828107616681257,49,50,semantic_katz_consensus
R_001677,J_001390,0.883581280708313,17,0.0033835692647415623,11,50,semantic_katz_consensus
R_004983,J_001390,0.8749803304672241,35,0.002918285159146399,46,50,semantic_katz_consensus
R_005968,J_001390,0.8795316219329834,25,0.0031058980464537113,24,50,semantic_katz_consensus
R_006654,J_001390,0.8947339653968811,1,0.0029202477498169663,45,50,semantic_katz_consensus
R_008779,J_001390,0.8741652965545654,37,0.0030075023588461355,35,50,semantic_katz_consensus
R_006412,J_001391,0.7510140538215637,45,0.006904682991491975,1,50,semantic_katz_consensus
R_006769,J_001391,0.8237459659576416,17,0.004226204115921478,14,50,semantic_katz_consensus
R_002016,J_001392,0.8837661743164062,15,0.0031369750304914975,48,50,semantic_katz_consensus
R_004569,J_001392,0.8312312364578247,32,0.003318655860250864,35,50,semantic_katz_consensus
R_001006,J_001393,0.805831789970398,43,0.003141372443931985,10,50,semantic_katz_consensus
R_004162,J_001394,0.8868703842163086,20,0.003354912341628281,35,50,semantic_katz_consensus
R_006355,J_001394,0.8314539790153503,48,0.0033349911980143157,37,50,semantic_katz_consensus
R_008806,J_001394,0.8827329277992249,23,0.003452142284309848,24,50,semantic_katz_consensus
R_008996,J_001394,0.8889659643173218,19,0.00329436682688724,43,50,semantic_katz_consensus
R_002253,J_001395,0.8818960189819336,17,0.003061304208449258,36,50,semantic_katz_consensus
R_009173,J_001395,0.9047564268112183,1,0.0031262323747853708,32,50,semantic_katz_consensus
R_004102,J_001396,0.8114190101623535,23,0.003220245410797874,19,50,semantic_katz_consensus
R_005653,J_001396,0.8109930753707886,24,0.0028752407270948186,40,50,semantic_katz_consensus
R_007405,J_001397,0.8121398687362671,50,0.0035935528802781744,7,50,semantic_katz_consensus
R_000006,J_001398,0.7412077188491821,47,0.004319464591725665,12,50,semantic_katz_consensus
R_001106,J_001398,0.853640615940094,17,0.0038094833152081467,23,50,semantic_katz_consensus
R_001885,J_001398,0.8764012455940247,1,0.003515875182029123,39,50,semantic_katz_consensus
R_002328,J_001398,0.8600152730941772,10,0.00430869241232871,13,50,semantic_katz_consensus
R_009433,J_001398,0.8660754561424255,4,0.0037453224709257634,27,50,semantic_katz_consensus
R_005692,J_001399,0.8820053935050964,35,0.003703148693845814,45,50,semantic_katz_consensus
R_006396,J_001399,0.8071415424346924,42,0.004039388074358724,27,50,semantic_katz_consensus
R_009087,J_001399,0.8844117522239685,30,0.00426247535914431,19,50,semantic_katz_consensus
R_006653,J_001400,0.8676290512084961,4,0.003164879393396464,46,50,semantic_katz_consensus
R_001147,J_001401,0.8584813475608826,14,0.0031748399652034467,37,50,semantic_katz_consensus
R_002324,J_001401,0.8446083068847656,30,0.0030469609850472023,50,50,semantic_katz_consensus
R_002643,J_001401,0.8543408513069153,20,0.0031879731581432496,34,50,semantic_katz_consensus
R_004437,J_001401,0.8575670123100281,15,0.0030585004864978876,48,50,semantic_katz_consensus
R_007661,J_001401,0.8399511575698853,33,0.004285200224709644,2,50,semantic_katz_consensus
R_004962,J_001402,0.878765881061554,10,0.0029389883866595087,28,50,semantic_katz_consensus
R_005288,J_001402,0.8108786344528198,43,0.0033302101235469636,7,50,semantic_katz_consensus
R_005411,J_001403,0.88796466588974,26,0.0036831980265410198,19,50,semantic_katz_consensus
R_000702,J_001404,0.8229997158050537,39,0.002668887202944964,35,50,semantic_katz_consensus
R_009928,J_001404,0.8621234893798828,9,0.0035572963989007568,8,50,semantic_katz_consensus
R_001643,J_001405,0.7397948503494263,46,0.003968040856529898,3,50,semantic_katz_consensus
R_006431,J_001405,0.8402323126792908,9,0.0028493432403966634,44,50,semantic_katz_consensus
R_008923,J_001406,0.8713280558586121,30,0.003690384400087462,50,50,semantic_katz_consensus
R_004922,J_001408,0.8331837058067322,19,0.0032477661126759753,31,50,semantic_katz_consensus
R_008132,J_001408,0.8358257412910461,15,0.0030760310928781773,45,50,semantic_katz_consensus
R_000656,J_001409,0.7951154708862305,42,0.0034557133283149473,33,50,semantic_katz_consensus
R_004506,J_001409,0.8291041851043701,12,0.003918665944058093,16,50,semantic_katz_consensus
R_006246,J_001409,0.8037287592887878,28,0.004151330139623796,11,50,semantic_katz_consensus
R_007377,J_001409,0.8264867663383484,15,0.0034768297405457504,32,50,semantic_katz_consensus
R_002383,J_001414,0.8627049922943115,14,0.0037565078350404128,8,50,semantic_katz_consensus
R_002395,J_001414,0.8575462102890015,17,0.003107536023479072,33,50,semantic_katz_consensus
R_000391,J_001415,0.8327479958534241,36,0.003090374316280233,44,50,semantic_katz_consensus
R_002724,J_001415,0.8535023927688599,21,0.003764889477203693,8,50,semantic_katz_consensus
R_005815,J_001415,0.8140007257461548,44,0.0032377760171781638,29,50,semantic_katz_consensus
R_007217,J_001415,0.8492791652679443,27,0.0032214554412601263,31,50,semantic_katz_consensus
R_007252,J_001415,0.8034261465072632,50,0.00342820738828226,19,50,semantic_katz_consensus
R_001646,J_001416,0.8840505480766296,8,0.0038477319109469607,20,50,semantic_katz_consensus
R_003490,J_001416,0.845291018486023,36,0.0033724429480085708,41,50,semantic_katz_consensus
R_006601,J_001416,0.7802565693855286,46,0.0036907828229597412,25,50,semantic_katz_consensus
R_002470,J_001417,0.7836847901344299,33,0.004097926712892954,29,50,semantic_katz_consensus
R_002892,J_001417,0.8858075737953186,6,0.004030593247477751,30,50,semantic_katz_consensus
R_008069,J_001417,0.8671501874923706,24,0.003981188811315116,34,50,semantic_katz_consensus
R_005385,J_001418,0.8541774153709412,19,0.004150931716751517,8,50,semantic_katz_consensus
R_008498,J_001418,0.829958438873291,33,0.0034931946020000312,26,50,semantic_katz_consensus
R_001841,J_001419,0.8316558003425598,48,0.0029951660116508917,28,50,semantic_katz_consensus
R_003653,J_001419,0.8837738037109375,15,0.0032772346433792296,13,50,semantic_katz_consensus
R_000387,J_001420,0.8800644278526306,14,0.004353301012178578,19,50,semantic_katz_consensus
R_009305,J_001420,0.8658763766288757,26,0.005581978102906318,2,50,semantic_katz_consensus
R_002996,J_001421,0.8772101998329163,5,0.003304696297875673,16,50,semantic_katz_consensus
R_001001,J_001422,0.8108762502670288,37,0.00334415492407674,30,50,semantic_katz_consensus
R_002746,J_001422,0.8430420160293579,22,0.004702319448295255,1,50,semantic_katz_consensus
R_008358,J_001422,0.8582825660705566,14,0.004504731227335546,2,50,semantic_katz_consensus
R_004152,J_001423,0.7618124485015869,41,0.0035620922352135233,28,50,semantic_katz_consensus
R_004161,J_001424,0.863608717918396,9,0.003205134865342089,16,50,semantic_katz_consensus
R_006109,J_001424,0.826640784740448,29,0.003152941469073499,19,50,semantic_katz_consensus
R_000436,J_001425,0.8492071032524109,34,0.003917042728878146,13,50,semantic_katz_consensus
R_008677,J_001425,0.8050528764724731,46,0.004112269936295009,8,50,semantic_katz_consensus
R_006782,J_001426,0.8693346381187439,13,0.0036314178149901236,28,50,semantic_katz_consensus
R_007737,J_001426,0.8706923723220825,10,0.003475649233774327,38,50,semantic_katz_consensus
R_009562,J_001426,0.8501443862915039,23,0.0037146586716056704,22,50,semantic_katz_consensus
R_006937,J_001427,0.8640735745429993,15,0.0027533233281773492,37,50,semantic_katz_consensus
R_008875,J_001427,0.8365442156791687,41,0.0027278242643514737,39,50,semantic_katz_consensus
R_001089,J_001428,0.8513465523719788,33,0.003947736051889068,17,50,semantic_katz_consensus
R_002797,J_001428,0.8582479357719421,25,0.0034509765393838385,48,50,semantic_katz_consensus
R_003941,J_001428,0.8668189644813538,17,0.003459668033346911,47,50,semantic_katz_consensus
R_009626,J_001429,0.8087580800056458,46,0.0028541243148640155,48,50,semantic_katz_consensus
R_000606,J_001430,0.8694232702255249,44,0.0036696664107289372,24,50,semantic_katz_consensus
R_001808,J_001430,0.8859385251998901,16,0.0035023288043716265,35,50,semantic_katz_consensus
R_004071,J_001430,0.9040882587432861,1,0.0034959245147243283,36,50,semantic_katz_consensus
R_004536,J_001430,0.8884128332138062,12,0.003546583266885459,33,50,semantic_katz_consensus
R_007084,J_001430,0.8785964846611023,30,0.0037294446034162486,22,50,semantic_katz_consensus
R_000363,J_001431,0.8539220690727234,20,0.004076795538816735,22,50,semantic_katz_consensus
R_003567,J_001431,0.8543354272842407,16,0.004131408996009831,21,50,semantic_katz_consensus
R_000605,J_001432,0.8670710325241089,22,0.0030501483680254364,45,50,semantic_katz_consensus
R_004908,J_001432,0.8785398602485657,8,0.0032473234042674527,26,50,semantic_katz_consensus
R_005086,J_001432,0.8873227834701538,2,0.0030975459279812606,38,50,semantic_katz_consensus
R_009376,J_001432,0.8591930866241455,35,0.003468462860227885,15,50,semantic_katz_consensus
R_008703,J_001433,0.8615745306015015,20,0.005300706316922538,1,50,semantic_katz_consensus
R_009543,J_001434,0.8284028768539429,28,0.0031497245624044355,28,50,semantic_katz_consensus
R_004331,J_001435,0.8727143406867981,5,0.0032728519917841576,44,50,semantic_katz_consensus
R_004713,J_001435,0.811573326587677,45,0.004217040389859054,8,50,semantic_katz_consensus
R_007204,J_001435,0.864801287651062,11,0.003661697953283351,19,50,semantic_katz_consensus
R_009971,J_001435,0.8572611212730408,18,0.0033712624412371474,39,50,semantic_katz_consensus
R_005908,J_001436,0.8811452984809875,17,0.0034589007112931815,25,50,semantic_katz_consensus
R_009362,J_001436,0.855235755443573,42,0.0036027166063405986,21,50,semantic_katz_consensus
R_000293,J_001437,0.71764075756073,43,0.002475238925171804,31,50,semantic_katz_consensus
R_002176,J_001438,0.8907533288002014,1,0.003049351522280878,37,50,semantic_katz_consensus
R_009604,J_001438,0.8783838748931885,12,0.003204293734061287,26,50,semantic_katz_consensus
R_004279,J_001439,0.8779160380363464,22,0.0029262240929011562,48,50,semantic_katz_consensus
R_000035,J_001440,0.8587050437927246,32,0.00328598518472396,23,50,semantic_katz_consensus
R_003763,J_001440,0.8704758882522583,13,0.0034122852352365023,20,50,semantic_katz_consensus
R_009590,J_001440,0.8765389323234558,5,0.003176463180383393,28,50,semantic_katz_consensus
R_002219,J_001441,0.8708834052085876,4,0.003698766042250742,24,50,semantic_katz_consensus
R_003248,J_001441,0.7655075788497925,46,0.003847348249920096,18,50,semantic_katz_consensus
R_009654,J_001441,0.7763233780860901,37,0.003318655860250864,43,50,semantic_katz_consensus
R_001627,J_001443,0.8505929708480835,18,0.0036158940848166447,33,50,semantic_katz_consensus
R_005385,J_001443,0.8469183444976807,21,0.003536224272206197,41,50,semantic_katz_consensus
R_006087,J_001443,0.8505849838256836,19,0.004799888766467443,5,50,semantic_katz_consensus
R_008498,J_001443,0.8328182697296143,34,0.004062895023823203,15,50,semantic_katz_consensus
R_000006,J_001444,0.7490063905715942,49,0.0048258305387018415,7,50,semantic_katz_consensus
R_003292,J_001444,0.8483020067214966,17,0.004231782036133388,22,50,semantic_katz_consensus
R_002452,J_001445,0.865016520023346,17,0.002733800607435663,41,50,semantic_katz_consensus
R_004295,J_001445,0.8572779297828674,23,0.003097560689826675,16,50,semantic_katz_consensus
R_005978,J_001446,0.824038028717041,4,0.0033824035198155534,44,50,semantic_katz_consensus
R_006124,J_001446,0.7511293888092041,36,0.0040668644907005825,13,50,semantic_katz_consensus
R_007933,J_001446,0.7822398543357849,30,0.0035804196873383716,30,50,semantic_katz_consensus
R_008322,J_001446,0.8135451078414917,14,0.003417464732576133,41,50,semantic_katz_consensus
R_009328,J_001446,0.7979066371917725,16,0.0034716650050515344,33,50,semantic_katz_consensus
R_000444,J_001447,0.8798550963401794,14,0.00354972636432745,15,50,semantic_katz_consensus
R_007666,J_001447,0.8713292479515076,19,0.0032812336339474377,32,50,semantic_katz_consensus
R_008336,J_001447,0.79874587059021,44,0.003607482918962536,14,50,semantic_katz_consensus
R_004944,J_001448,0.7692770957946777,43,0.0034517143377467393,28,50,semantic_katz_consensus
R_007755,J_001449,0.8472270965576172,42,0.003102725425320891,21,50,semantic_katz_consensus
R_009797,J_001449,0.8875815272331238,10,0.004050912813963995,3,50,semantic_katz_consensus
R_003030,J_001450,0.9059383273124695,7,0.004011882134326037,43,50,semantic_katz_consensus
R_007594,J_001450,0.8961763978004456,21,0.004991131745161513,7,50,semantic_katz_consensus
R_005785,J_001451,0.8625785112380981,12,0.003327037502414144,27,50,semantic_katz_consensus
R_008057,J_001451,0.884949266910553,2,0.0029915802058003782,44,50,semantic_katz_consensus
R_001268,J_001453,0.8825900554656982,16,0.0032796104187674912,16,50,semantic_katz_consensus
R_001711,J_001453,0.8759528398513794,25,0.0026892067694312093,45,50,semantic_katz_consensus
R_003864,J_001454,0.8742164969444275,10,0.0040270074416272365,14,50,semantic_katz_consensus
R_008030,J_001454,0.8770701885223389,5,0.0034206816392451968,39,50,semantic_katz_consensus
R_001490,J_001455,0.8075768947601318,34,0.004956882139990907,4,50,semantic_katz_consensus
R_007755,J_001456,0.8489015102386475,45,0.0034923534707192293,7,50,semantic_katz_consensus
R_009797,J_001456,0.8850867748260498,10,0.003550139549045144,5,50,semantic_katz_consensus
R_000605,J_001457,0.8323143124580383,36,0.0034780250091625883,39,50,semantic_katz_consensus
R_002253,J_001457,0.8556559085845947,23,0.003742563034510637,16,50,semantic_katz_consensus
R_009376,J_001457,0.8511552810668945,28,0.0035624906580858026,29,50,semantic_katz_consensus
R_001147,J_001458,0.8362112641334534,25,0.003217471212537333,50,50,semantic_katz_consensus
R_007130,J_001458,0.8854247331619263,2,0.0037274229653640233,27,50,semantic_katz_consensus
R_007661,J_001458,0.8997847437858582,1,0.005058479972422131,2,50,semantic_katz_consensus
R_001302,J_001459,0.8458651304244995,25,0.004445351457520514,26,50,semantic_katz_consensus
R_008500,J_001459,0.8283681869506836,35,0.004260084821910634,39,50,semantic_katz_consensus
R_009783,J_001459,0.8546871542930603,17,0.004857719130329601,10,50,semantic_katz_consensus
R_001194,J_001460,0.8536058068275452,11,0.0033919804305956717,48,50,semantic_katz_consensus
R_004713,J_001460,0.7986930012702942,50,0.004399901726389844,3,50,semantic_katz_consensus
R_007204,J_001460,0.8481534719467163,20,0.004040568581130148,14,50,semantic_katz_consensus
R_007869,J_001460,0.8175538778305054,43,0.0038799894017561704,21,50,semantic_katz_consensus
R_005621,J_001461,0.8437132239341736,31,0.003429033757717648,21,50,semantic_katz_consensus
R_007397,J_001461,0.8375959992408752,37,0.003619848789848609,9,50,semantic_katz_consensus
R_007671,J_001461,0.8097326755523682,49,0.0033987536194244198,25,50,semantic_katz_consensus
R_009292,J_001461,0.8211521506309509,42,0.003096365421209837,45,50,semantic_katz_consensus
R_009997,J_001461,0.8553351163864136,20,0.0032250560089560547,36,50,semantic_katz_consensus
R_003931,J_001462,0.8138971328735352,49,0.003101161257522603,35,50,semantic_katz_consensus
R_007129,J_001462,0.8292058110237122,35,0.0032246428242383605,27,50,semantic_katz_consensus
R_002136,J_001464,0.8614517450332642,17,0.0033844103960223647,34,50,semantic_katz_consensus
R_002467,J_001464,0.8661644458770752,13,0.0032182532964364773,43,50,semantic_katz_consensus
R_003331,J_001465,0.7828136086463928,46,0.004049333884320293,9,50,semantic_katz_consensus
R_006658,J_001465,0.885059654712677,28,0.0040828161674371696,8,50,semantic_katz_consensus
R_003561,J_001466,0.7607919573783875,47,0.004206312495998342,31,50,semantic_katz_consensus
R_005358,J_001466,0.8045547008514404,25,0.004019850591771623,45,50,semantic_katz_consensus
R_006124,J_001466,0.8042110204696655,26,0.004589978960157904,22,50,semantic_katz_consensus
R_007933,J_001466,0.7576265335083008,48,0.004025443273828948,44,50,semantic_katz_consensus
R_009328,J_001466,0.7801797389984131,36,0.004257310623650094,30,50,semantic_katz_consensus
R_000171,J_001467,0.7876089215278625,36,0.003386387748538347,44,50,semantic_katz_consensus
R_004339,J_001467,0.8756064176559448,11,0.00426768438017477,9,50,semantic_katz_consensus
R_006271,J_001467,0.8706769943237305,16,0.003941376047778013,14,50,semantic_katz_consensus
R_009534,J_001467,0.7726909518241882,40,0.0038051006636130743,21,50,semantic_katz_consensus
R_005541,J_001468,0.8539220690727234,23,0.0038062959322299125,8,50,semantic_katz_consensus
R_007384,J_001468,0.8694992065429688,6,0.002923848317512895,46,50,semantic_katz_consensus
R_004589,J_001469,0.8441281914710999,10,0.004510663284883492,1,50,semantic_katz_consensus
R_005743,J_001469,0.8313181400299072,26,0.003001127592889667,26,50,semantic_katz_consensus
R_006959,J_001469,0.8488750457763672,3,0.0034628849400159746,9,50,semantic_katz_consensus
R_001022,J_001470,0.8219560384750366,35,0.004568036178491713,1,50,semantic_katz_consensus
R_006396,J_001470,0.8225993514060974,34,0.004074832948146168,6,50,semantic_katz_consensus
R_007520,J_001470,0.8194262981414795,37,0.0037529367910353138,19,50,semantic_katz_consensus
R_001022,J_001471,0.8192523717880249,36,0.004307113482685007,29,50,semantic_katz_consensus
R_006396,J_001471,0.8079528212547302,44,0.004527426569210052,22,50,semantic_katz_consensus
R_007520,J_001471,0.811924159526825,41,0.0047660671078599455,11,50,semantic_katz_consensus
R_003316,J_001472,0.8810312747955322,20,0.0029099182788285332,42,50,semantic_katz_consensus
R_005738,J_001472,0.8540226817131042,42,0.0029365978494258326,39,50,semantic_katz_consensus
R_005447,J_001473,0.8481277823448181,17,0.003297554209865475,21,50,semantic_katz_consensus
R_005781,J_001473,0.8593952059745789,4,0.003776812639681243,8,50,semantic_katz_consensus
R_008568,J_001473,0.8344432711601257,35,0.0038509488176160242,6,50,semantic_katz_consensus
R_008907,J_001473,0.8305126428604126,44,0.0035007351128825094,13,50,semantic_katz_consensus
R_009569,J_001473,0.8454599380493164,19,0.003059312094087861,37,50,semantic_katz_consensus
R_007405,J_001474,0.8604501485824585,49,0.0031927837563014306,47,50,semantic_katz_consensus
R_001016,J_001475,0.8882536292076111,10,0.0035389984704667374,40,50,semantic_katz_consensus
R_001207,J_001476,0.8617876172065735,15,0.002919878850635516,50,50,semantic_katz_consensus
R_001061,J_001477,0.8673885464668274,4,0.0036174434907695185,20,50,semantic_katz_consensus
R_009913,J_001477,0.8437777161598206,19,0.0035831791237534976,23,50,semantic_katz_consensus
R_000759,J_001479,0.8739399313926697,16,0.003347342307054974,17,50,semantic_katz_consensus
R_009420,J_001479,0.8771738409996033,11,0.0036899564535243534,9,50,semantic_katz_consensus
R_005784,J_001480,0.8065534234046936,50,0.00389194208792455,6,50,semantic_katz_consensus
R_009044,J_001480,0.8563593626022339,10,0.0030557115263919327,40,50,semantic_katz_consensus
R_000752,J_001481,0.8368090987205505,42,0.003359693416095633,31,50,semantic_katz_consensus
R_006767,J_001482,0.8910017609596252,15,0.0036517373814763682,34,50,semantic_katz_consensus
R_003879,J_001483,0.8578277826309204,42,0.003095981760182972,42,50,semantic_katz_consensus
R_009446,J_001483,0.8826744556427002,16,0.003037797258984778,47,50,semantic_katz_consensus
R_005003,J_001484,0.8012795448303223,50,0.002879608616844477,45,50,semantic_katz_consensus
R_005960,J_001484,0.8407414555549622,24,0.002858492204613673,47,50,semantic_katz_consensus
R_006599,J_001484,0.8352662920951843,28,0.002838585822845122,50,50,semantic_katz_consensus
R_009292,J_001484,0.8084956407546997,46,0.00351506357443915,8,50,semantic_katz_consensus
R_009821,J_001484,0.8161700367927551,40,0.0035019451433447616,9,50,semantic_katz_consensus
R_003251,J_001487,0.8793156743049622,26,0.004287531714561662,8,50,semantic_katz_consensus
R_004748,J_001487,0.8867778182029724,18,0.004854472699969709,3,50,semantic_katz_consensus
R_008013,J_001487,0.8919209837913513,12,0.0032023311433907195,33,50,semantic_katz_consensus
R_008374,J_001488,0.8478766083717346,23,0.0036274335862673305,21,50,semantic_katz_consensus
R_002975,J_001489,0.8467625379562378,12,0.0036915501450134705,20,50,semantic_katz_consensus
R_007390,J_001489,0.8390569686889648,26,0.0037071033988777783,18,50,semantic_katz_consensus
R_007671,J_001489,0.7214110493659973,45,0.0035983487165909406,22,50,semantic_katz_consensus
R_006396,J_001491,0.7900694608688354,50,0.004518646504174492,10,50,semantic_katz_consensus
R_008834,J_001491,0.8782031536102295,7,0.0035609117284421,48,50,semantic_katz_consensus
R_008956,J_001491,0.7959973216056824,42,0.0038182486183982916,32,50,semantic_katz_consensus
R_001006,J_001492,0.9092994332313538,1,0.003113896027590127,33,50,semantic_katz_consensus
R_002699,J_001492,0.8871521949768066,26,0.003703901254054129,12,50,semantic_katz_consensus
R_004320,J_001492,0.88812655210495,24,0.003093561699258467,35,50,semantic_katz_consensus
R_006833,J_001492,0.8943518400192261,14,0.003159301473184554,30,50,semantic_katz_consensus
R_005407,J_001494,0.7726140022277832,50,0.003279211995895212,5,50,semantic_katz_consensus
R_002253,J_001495,0.7880719304084778,44,0.003010704503669785,32,50,semantic_katz_consensus
R_002180,J_001496,0.8667895793914795,27,0.0029820180568656744,29,50,semantic_katz_consensus
R_002249,J_001497,0.8762965202331543,36,0.002578046788065281,45,50,semantic_katz_consensus
R_004525,J_001497,0.8746898174285889,41,0.003130998687407308,13,50,semantic_katz_consensus
R_005659,J_001498,0.8301045894622803,38,0.003434582154238729,9,50,semantic_katz_consensus
R_007460,J_001499,0.8497658371925354,50,0.004179219740683348,23,50,semantic_katz_consensus
R_002043,J_001500,0.8666146993637085,27,0.002722659528857257,43,50,semantic_katz_consensus
R_008335,J_001500,0.8015719652175903,43,0.0027489554384276917,39,50,semantic_katz_consensus
R_001841,J_001501,0.8916775584220886,2,0.0031401771753151466,16,50,semantic_katz_consensus
R_004969,J_001502,0.8501256704330444,33,0.003096365421209837,21,50,semantic_katz_consensus
R_005401,J_001502,0.8494394421577454,34,0.0028031557109030924,42,50,semantic_katz_consensus
R_006436,J_001502,0.8432815074920654,43,0.002866873846776953,36,50,semantic_katz_consensus
R_007017,J_001502,0.8443242907524109,41,0.0029509263109824737,28,50,semantic_katz_consensus
R_008902,J_001503,0.8761571645736694,28,0.004023037974749857,43,50,semantic_katz_consensus
R_000182,J_001504,0.8892319798469543,22,0.003027025079587822,35,50,semantic_katz_consensus
R_000794,J_001504,0.8888115286827087,23,0.0032110964465808644,20,50,semantic_katz_consensus
R_003244,J_001504,0.8911590576171875,16,0.002854537499581709,49,50,semantic_katz_consensus
R_005046,J_001504,0.8994929194450378,4,0.0030939601221307463,25,50,semantic_katz_consensus
R_001407,J_001505,0.7769860625267029,43,0.005089970141177611,2,50,semantic_katz_consensus
R_002878,J_001505,0.8697759509086609,9,0.0038118738524418228,28,50,semantic_katz_consensus
R_008897,J_001506,0.786868691444397,50,0.003468462860227885,46,50,semantic_katz_consensus
R_009292,J_001506,0.8657431602478027,12,0.00410071567299891,13,50,semantic_katz_consensus
R_006396,J_001507,0.782606303691864,48,0.0036660806048784238,23,50,semantic_katz_consensus
R_007520,J_001507,0.7875937819480896,44,0.004043755964108382,7,50,semantic_katz_consensus
R_004816,J_001508,0.8535680770874023,35,0.0027290195329683115,41,50,semantic_katz_consensus
R_008543,J_001508,0.8776187896728516,8,0.0029943544040609187,19,50,semantic_katz_consensus
R_000978,J_001509,0.8724435567855835,23,0.0035190625650073576,46,50,semantic_katz_consensus
R_002625,J_001509,0.8614257574081421,33,0.004434594039968973,4,50,semantic_katz_consensus
R_004484,J_001509,0.8011562824249268,41,0.004101128857716603,13,50,semantic_katz_consensus
R_005886,J_001509,0.8790605068206787,14,0.0035533269320233785,41,50,semantic_katz_consensus
R_008035,J_001509,0.7953389286994934,45,0.0034823928989122467,48,50,semantic_katz_consensus
R_000006,J_001511,0.7522659301757812,47,0.003822262370811914,9,50,semantic_katz_consensus
R_003034,J_001512,0.839340329170227,30,0.003072445287027664,26,50,semantic_katz_consensus
R_005849,J_001512,0.846366286277771,23,0.0034560822274963972,12,50,semantic_katz_consensus
R_009980,J_001512,0.8515627980232239,16,0.0033545139187560018,15,50,semantic_katz_consensus
R_001770,J_001513,0.7483133673667908,45,0.0045353802648102235,3,50,semantic_katz_consensus
R_006950,J_001513,0.8468376398086548,26,0.003942984501112546,19,50,semantic_katz_consensus
R_006225,J_001514,0.7585933208465576,48,0.0034561117511872266,40,50,semantic_katz_consensus
R_007661,J_001514,0.8690303564071655,9,0.00574611356443998,1,50,semantic_katz_consensus
R_002690,J_001515,0.7318422198295593,49,0.003991931467021243,9,50,semantic_katz_consensus
R_001862,J_001516,0.8403067588806152,49,0.0033967319813721945,18,50,semantic_katz_consensus
R_008635,J_001516,0.8652592301368713,20,0.003186010567472682,26,50,semantic_katz_consensus
R_004963,J_001517,0.8771403431892395,33,0.00390910379512339,48,50,semantic_katz_consensus
R_006767,J_001517,0.8187872171401978,44,0.003969265648837565,44,50,semantic_katz_consensus
R_007105,J_001517,0.825995922088623,39,0.004630588569439565,14,50,semantic_katz_consensus
R_008131,J_001517,0.8154394626617432,49,0.004503890096054744,16,50,semantic_katz_consensus
R_006135,J_001518,0.8477566242218018,38,0.003313476362911233,15,50,semantic_katz_consensus
R_009271,J_001518,0.8622673749923706,14,0.002955308962577546,31,50,semantic_katz_consensus
R_006481,J_001519,0.8919544816017151,11,0.0037624841781246027,27,50,semantic_katz_consensus
R_009563,J_001519,0.8695855736732483,42,0.003995163135535721,13,50,semantic_katz_consensus
R_003309,J_001520,0.8864409327507019,7,0.0031023417642940263,43,50,semantic_katz_consensus
R_004127,J_001520,0.8656895756721497,33,0.003616676168715789,16,50,semantic_katz_consensus
R_007550,J_001520,0.7976248264312744,46,0.0050839642744025925,1,50,semantic_katz_consensus
R_008312,J_001520,0.8745304346084595,16,0.0032999447470991507,34,50,semantic_katz_consensus
R_002136,J_001521,0.859696626663208,18,0.004294349188926655,16,50,semantic_katz_consensus
R_003175,J_001521,0.7904273867607117,50,0.0040796287844589345,22,50,semantic_katz_consensus
R_008274,J_001523,0.7923571467399597,36,0.004151699038805246,4,50,semantic_katz_consensus
R_006483,J_001524,0.8840290307998657,38,0.0025218544012284836,46,50,semantic_katz_consensus
R_001022,J_001525,0.8151358366012573,34,0.0034876019199427065,33,50,semantic_katz_consensus
R_006396,J_001525,0.808635950088501,39,0.0038851984227866307,12,50,semantic_katz_consensus
R_001643,J_001526,0.832240879535675,18,0.003383613550277806,24,50,semantic_katz_consensus
R_001579,J_001527,0.8774153590202332,10,0.0029601047988903123,50,50,semantic_katz_consensus
R_002612,J_001527,0.8722989559173584,21,0.004310286103817828,4,50,semantic_katz_consensus
R_003947,J_001527,0.7948803901672363,46,0.0038700288299491877,10,50,semantic_katz_consensus
R_003872,J_001529,0.8573110103607178,37,0.0029967597031400088,17,50,semantic_katz_consensus
R_004592,J_001529,0.8632317781448364,30,0.002811109406503264,31,50,semantic_katz_consensus
R_006793,J_001530,0.8965516686439514,9,0.003430597925515936,12,50,semantic_katz_consensus
R_007636,J_001531,0.8660367131233215,11,0.003995148373690307,28,50,semantic_katz_consensus
R_002262,J_001532,0.7885899543762207,50,0.003649361606088107,39,50,semantic_katz_consensus
R_006222,J_001532,0.7978469729423523,33,0.003518265719262799,47,50,semantic_katz_consensus
R_007988,J_001532,0.8841585516929626,20,0.004082771881900925,16,50,semantic_katz_consensus
R_001022,J_001533,0.7944890260696411,38,0.004176017595859699,3,50,semantic_katz_consensus
R_005326,J_001533,0.9004767537117004,5,0.0032139001685322337,44,50,semantic_katz_consensus
R_006396,J_001533,0.7918631434440613,40,0.003290397360009862,37,50,semantic_katz_consensus
R_007520,J_001533,0.7865570783615112,46,0.0034585170502663166,22,50,semantic_katz_consensus
R_009947,J_001533,0.900414228439331,6,0.0032497434651919573,41,50,semantic_katz_consensus
R_000808,J_001534,0.8566156029701233,16,0.0030819926741169528,26,50,semantic_katz_consensus
R_002609,J_001534,0.8625392317771912,12,0.0027867908494488116,43,50,semantic_katz_consensus
R_009894,J_001534,0.8297368884086609,50,0.002827828405293581,35,50,semantic_katz_consensus
R_001123,J_001535,0.8488558530807495,28,0.003313077940038953,20,50,semantic_katz_consensus
R_003619,J_001536,0.8706564903259277,20,0.003256915076892985,14,50,semantic_katz_consensus
R_006102,J_001536,0.8743221759796143,15,0.0027198705687513014,49,50,semantic_katz_consensus
R_006454,J_001536,0.8685977458953857,23,0.0037369703524533122,5,50,semantic_katz_consensus
R_009346,J_001536,0.8028730750083923,38,0.002697942548930525,50,50,semantic_katz_consensus
R_000605,J_001537,0.7784292697906494,42,0.00312065445457346,22,50,semantic_katz_consensus
R_002253,J_001537,0.7601948380470276,47,0.003329413277802405,10,50,semantic_katz_consensus
R_009376,J_001537,0.7625393271446228,46,0.0031907768800946193,16,50,semantic_katz_consensus
R_007130,J_001538,0.8137785792350769,42,0.0033393886114548026,30,50,semantic_katz_consensus
R_006109,J_001539,0.8088064789772034,24,0.0034350101008018374,22,50,semantic_katz_consensus
R_000572,J_001540,0.8621838688850403,18,0.0032935699811426815,49,50,semantic_katz_consensus
R_003149,J_001540,0.7500776648521423,48,0.004667228711843847,3,50,semantic_katz_consensus
R_004078,J_001540,0.844127893447876,39,0.0032589071912543814,50,50,semantic_katz_consensus
R_007153,J_001541,0.8613906502723694,21,0.004009904781810055,3,50,semantic_katz_consensus
R_007755,J_001541,0.8660575151443481,15,0.003274032498555581,13,50,semantic_katz_consensus
R_009918,J_001541,0.8215371966362,49,0.003211863768634594,17,50,semantic_katz_consensus
R_000682,J_001542,0.8682554364204407,43,0.0037441567259997545,36,50,semantic_katz_consensus
R_000874,J_001542,0.8766767382621765,34,0.003863683587683548,30,50,semantic_katz_consensus
R_003931,J_001542,0.9034243822097778,9,0.004544942413744927,6,50,semantic_katz_consensus
R_006562,J_001542,0.8928401470184326,20,0.004248914219641398,10,50,semantic_katz_consensus
R_009677,J_001542,0.8889136910438538,23,0.0035043356805784377,48,50,semantic_katz_consensus
R_003287,J_001543,0.8048815727233887,16,0.0029887912456944225,46,50,semantic_katz_consensus
R_001293,J_001544,0.8217303156852722,37,0.00434692624622211,2,50,semantic_katz_consensus
R_002429,J_001544,0.8660826086997986,7,0.0033429744173053165,29,50,semantic_katz_consensus
R_002578,J_001545,0.855026125907898,26,0.003008313966436109,35,50,semantic_katz_consensus
R_007397,J_001545,0.8531755805015564,27,0.002838999007562816,50,50,semantic_katz_consensus
R_009821,J_001545,0.8486467003822327,31,0.003173275797405158,21,50,semantic_katz_consensus
R_009997,J_001545,0.8557322025299072,25,0.0029720722469041057,37,50,semantic_katz_consensus
R_000133,J_001546,0.8374703526496887,36,0.004533019251267377,19,50,semantic_katz_consensus
R_004460,J_001546,0.8577454686164856,23,0.00471946639364868,13,50,semantic_katz_consensus
R_004417,J_001547,0.8419546484947205,7,0.003349334421416371,29,50,semantic_katz_consensus
R_006776,J_001547,0.7748178839683533,35,0.003350514928187794,28,50,semantic_katz_consensus
R_008475,J_001547,0.8134431838989258,21,0.003490789302920941,19,50,semantic_katz_consensus
R_000388,J_001549,0.87470543384552,17,0.0029473552669773743,50,50,semantic_katz_consensus
R_001924,J_001549,0.8886943459510803,4,0.003272055146039599,27,50,semantic_katz_consensus
R_002089,J_001549,0.8017928004264832,40,0.0031366208931554616,33,50,semantic_katz_consensus
R_008783,J_001549,0.7952802181243896,44,0.003300372693662259,25,50,semantic_katz_consensus
R_002587,J_001550,0.872394323348999,3,0.0030935764611038814,35,50,semantic_katz_consensus
R_009821,J_001550,0.8440773487091064,19,0.003946157122245365,9,50,semantic_katz_consensus
R_009997,J_001550,0.8447691798210144,17,0.004759648056367233,1,50,semantic_katz_consensus
R_000605,J_001551,0.8518846035003662,33,0.003314287970501206,41,50,semantic_katz_consensus
R_009173,J_001551,0.8799346089363098,9,0.0034106915437473848,35,50,semantic_katz_consensus
R_009376,J_001551,0.8635241985321045,26,0.0035684670011699926,21,50,semantic_katz_consensus
R_003085,J_001554,0.8415812253952026,9,0.0029692685249527364,43,50,semantic_katz_consensus
R_007886,J_001554,0.7358081936836243,49,0.0034588711876023526,12,50,semantic_katz_consensus
R_007198,J_001555,0.8572756052017212,18,0.0038632704029658536,8,50,semantic_katz_consensus
R_002388,J_001556,0.8506668210029602,8,0.003504719341605302,26,50,semantic_katz_consensus
R_008568,J_001556,0.7818422913551331,46,0.004880798133230973,1,50,semantic_katz_consensus
R_009971,J_001556,0.8495839834213257,9,0.004788732926043622,2,50,semantic_katz_consensus
R_000109,J_001557,0.8252447843551636,14,0.0038250365690724545,14,50,semantic_katz_consensus
R_004589,J_001557,0.800348162651062,38,0.003467297115301876,27,50,semantic_katz_consensus
R_005403,J_001557,0.8315581679344177,6,0.003270446692705067,37,50,semantic_katz_consensus
R_002011,J_001558,0.8242338299751282,43,0.004441795175360829,12,50,semantic_katz_consensus
R_008030,J_001558,0.8632200956344604,25,0.004432203502735297,13,50,semantic_katz_consensus
R_001407,J_001560,0.7467794418334961,48,0.004877212327380458,3,50,semantic_katz_consensus
R_008631,J_001561,0.8745517730712891,41,0.0027433627563703666,47,50,semantic_katz_consensus
R_004474,J_001562,0.8471094369888306,12,0.0034517290995921537,45,50,semantic_katz_consensus
R_000702,J_001563,0.887033224105835,12,0.003609106134142482,18,50,semantic_katz_consensus
R_009552,J_001563,0.8845065236091614,16,0.003347755491772668,29,50,semantic_katz_consensus
R_000995,J_001564,0.8367279171943665,32,0.004919415628151237,3,50,semantic_katz_consensus
R_002671,J_001564,0.8629792332649231,6,0.004709461536305454,6,50,semantic_katz_consensus
R_007671,J_001564,0.7275592088699341,47,0.004554091377961937,9,50,semantic_katz_consensus
R_008894,J_001564,0.8713300228118896,2,0.0037923658935455507,30,50,semantic_katz_consensus
R_009292,J_001564,0.7236841917037964,50,0.003376441938576779,48,50,semantic_katz_consensus
R_002089,J_001565,0.8675623536109924,9,0.0038421835144258794,32,50,semantic_katz_consensus
R_002495,J_001565,0.8633068203926086,14,0.0034792055159340116,44,50,semantic_katz_consensus
R_003058,J_001565,0.8463348150253296,23,0.004840572184976176,6,50,semantic_katz_consensus
R_008783,J_001565,0.8514936566352844,21,0.005633758314457214,3,50,semantic_katz_consensus
R_000728,J_001566,0.8518195152282715,27,0.004135393224732624,3,50,semantic_katz_consensus
R_001326,J_001566,0.8566790819168091,23,0.0038999695927517944,9,50,semantic_katz_consensus
R_005044,J_001566,0.7682417631149292,47,0.003140162413469732,43,50,semantic_katz_consensus
R_009954,J_001566,0.84196537733078,34,0.003064875252454357,49,50,semantic_katz_consensus
R_000366,J_001567,0.8578152656555176,38,0.002907512979749443,42,50,semantic_katz_consensus
R_000611,J_001567,0.8689818382263184,14,0.0033780208682204814,10,50,semantic_katz_consensus
R_004078,J_001568,0.85010826587677,24,0.002258113221624994,23,50,semantic_katz_consensus
R_004590,J_001569,0.8226192593574524,41,0.0030684610583048702,35,50,semantic_katz_consensus
R_001283,J_001570,0.8372964262962341,22,0.0035616790504958296,10,50,semantic_katz_consensus
R_003748,J_001570,0.8401373624801636,16,0.003319865890713116,13,50,semantic_katz_consensus
R_005662,J_001570,0.8430529832839966,12,0.0031023417642940263,27,50,semantic_katz_consensus
R_006382,J_001570,0.8394970297813416,17,0.003052937328131392,34,50,semantic_katz_consensus
R_008149,J_001570,0.8019364476203918,50,0.0029341925503467425,42,50,semantic_katz_consensus
R_000084,J_001571,0.8561441898345947,8,0.003644167346903061,46,50,semantic_katz_consensus
R_007076,J_001571,0.7969936728477478,48,0.0038218639479396348,36,50,semantic_katz_consensus
R_008358,J_001571,0.8538589477539062,12,0.004674857793798812,10,50,semantic_katz_consensus
R_005501,J_001572,0.8153682351112366,21,0.0030565231339819057,40,50,semantic_katz_consensus
R_006246,J_001572,0.7922267317771912,40,0.0036174730144603474,13,50,semantic_katz_consensus
R_001293,J_001573,0.8728201389312744,13,0.004688359885920065,4,50,semantic_katz_consensus
R_002882,J_001573,0.8777287006378174,7,0.0036804090664350644,28,50,semantic_katz_consensus
R_005374,J_001573,0.8638109564781189,22,0.003390770400133419,47,50,semantic_katz_consensus
R_006660,J_001573,0.8511821031570435,36,0.0037011270557935887,26,50,semantic_katz_consensus
R_007597,J_001573,0.8039715886116028,44,0.0053114342107832505,2,50,semantic_katz_consensus
R_000283,J_001575,0.8693510890007019,25,0.00414055796022684,4,50,semantic_katz_consensus
R_005589,J_001576,0.874469518661499,36,0.0044142892353281424,34,50,semantic_katz_consensus
R_008493,J_001576,0.9052528738975525,2,0.004576004635937299,24,50,semantic_katz_consensus
R_001407,J_001577,0.8158959150314331,39,0.004659304539934505,6,50,semantic_katz_consensus
R_006671,J_001577,0.8781490921974182,6,0.0036784464757644965,37,50,semantic_katz_consensus
R_008352,J_001577,0.8604550361633301,16,0.003888385805764865,21,50,semantic_katz_consensus
R_008783,J_001577,0.7906351089477539,50,0.00426768438017477,14,50,semantic_katz_consensus
R_008856,J_001577,0.8270811438560486,37,0.003577615965387002,45,50,semantic_katz_consensus
R_000909,J_001578,0.8606181740760803,33,0.0038051301873039036,25,50,semantic_katz_consensus
R_004484,J_001578,0.7747101783752441,43,0.003604339821520545,34,50,semantic_katz_consensus
R_006985,J_001578,0.848944365978241,36,0.0040373664363064984,12,50,semantic_katz_consensus
R_007275,J_001578,0.8819060325622559,11,0.003950539773840437,18,50,semantic_katz_consensus
R_007467,J_001578,0.773872971534729,46,0.0035728201290742357,38,50,semantic_katz_consensus
R_001627,J_001579,0.8152501583099365,29,0.0038126854600317958,12,50,semantic_katz_consensus
R_005385,J_001579,0.8299084305763245,24,0.00407961402261352,4,50,semantic_katz_consensus
R_007030,J_001579,0.8493266701698303,11,0.003498329813803419,26,50,semantic_katz_consensus
R_008312,J_001580,0.8546856641769409,4,0.00248601110456876,32,50,semantic_katz_consensus
R_009990,J_001580,0.828735888004303,24,0.00236766474965639,42,50,semantic_katz_consensus
R_001423,J_001581,0.8732210993766785,6,0.0031584898655945804,8,50,semantic_katz_consensus
R_007286,J_001581,0.8503797054290771,33,0.003251735579553354,5,50,semantic_katz_consensus
R_008166,J_001582,0.8751798868179321,7,0.003571241199430533,22,50,semantic_katz_consensus
R_001006,J_001583,0.9088244438171387,1,0.003163300463752761,40,50,semantic_katz_consensus
R_001613,J_001583,0.8907715678215027,5,0.003679597458845091,14,50,semantic_katz_consensus
R_002699,J_001583,0.8779836297035217,28,0.0035433515983709814,20,50,semantic_katz_consensus
R_004157,J_001584,0.8888211846351624,14,0.004489591158188932,40,50,semantic_katz_consensus
R_000596,J_001585,0.8421335816383362,28,0.0030318061540551737,36,50,semantic_katz_consensus
R_003248,J_001586,0.8817481398582458,18,0.0038844163388874866,48,50,semantic_katz_consensus
R_005581,J_001586,0.8698382377624512,25,0.0039724382699703855,43,50,semantic_katz_consensus
R_007198,J_001586,0.8837629556655884,13,0.004497943276661383,24,50,semantic_katz_consensus
R_008783,J_001586,0.777600884437561,44,0.004983605996124449,10,50,semantic_katz_consensus
R_004713,J_001587,0.8631515502929688,12,0.003530218405431178,25,50,semantic_katz_consensus
R_008677,J_001587,0.7920268774032593,42,0.003421463723144341,38,50,semantic_katz_consensus
R_003872,J_001588,0.8625382781028748,39,0.0030230556127104433,29,50,semantic_katz_consensus
R_004592,J_001588,0.8783028721809387,23,0.0030035328919687573,31,50,semantic_katz_consensus
R_005692,J_001589,0.8908988237380981,29,0.0026943715049254258,11,50,semantic_katz_consensus
R_006396,J_001589,0.8117029070854187,48,0.00307443740138906,2,50,semantic_katz_consensus
R_000006,J_001590,0.8671659231185913,4,0.004148954364235535,11,50,semantic_katz_consensus
R_002541,J_001590,0.8307374715805054,33,0.0036027608918768423,41,50,semantic_katz_consensus
R_003008,J_001590,0.855985701084137,10,0.004202726690147827,10,50,semantic_katz_consensus
R_008287,J_001590,0.8720329403877258,3,0.004281998079885996,8,50,semantic_katz_consensus
R_009916,J_001590,0.8301022052764893,35,0.003908675848560281,18,50,semantic_katz_consensus
R_000874,J_001591,0.8442158699035645,43,0.005805847471591048,4,50,semantic_katz_consensus
R_003931,J_001591,0.8729796409606934,15,0.004276848106237194,41,50,semantic_katz_consensus
R_005896,J_001591,0.8616816401481628,26,0.005929742223024499,3,50,semantic_katz_consensus
R_000295,J_001592,0.8804523944854736,35,0.003999516263439964,16,50,semantic_katz_consensus
R_001006,J_001593,0.8710019588470459,28,0.003655706848353747,13,50,semantic_katz_consensus
R_001613,J_001593,0.8789991140365601,21,0.003146153518399336,39,50,semantic_katz_consensus
R_005908,J_001593,0.8863334655761719,14,0.0032624929971048957,34,50,semantic_katz_consensus
R_001711,J_001595,0.8861575722694397,26,0.003374833485242247,12,50,semantic_katz_consensus
R_003946,J_001595,0.8152101039886475,48,0.003046562562174923,22,50,semantic_katz_consensus
R_001407,J_001596,0.8745606541633606,6,0.004143376444023624,9,50,semantic_katz_consensus
R_002089,J_001596,0.79569011926651,46,0.004115472081118658,11,50,semantic_katz_consensus
R_006671,J_001596,0.8491741418838501,26,0.0033704803573380033,37,50,semantic_katz_consensus
R_008677,J_001598,0.8087711334228516,49,0.0034186747630383855,38,50,semantic_katz_consensus
R_009987,J_001599,0.8856404423713684,5,0.0037493509851848,7,50,semantic_katz_consensus
R_004168,J_001601,0.7706204652786255,31,0.004780410331262001,4,50,semantic_katz_consensus
R_009112,J_001601,0.807271420955658,14,0.0039409628630603195,18,50,semantic_katz_consensus
R_005447,J_001602,0.8490009903907776,15,0.0035186641421350784,21,50,semantic_katz_consensus
R_005781,J_001602,0.846742570400238,17,0.0038361776476508605,15,50,semantic_katz_consensus
R_006241,J_001602,0.860259473323822,4,0.003351341297623182,35,50,semantic_katz_consensus
R_006702,J_001602,0.8133679032325745,45,0.0044078849456808435,5,50,semantic_katz_consensus
R_006826,J_001602,0.8157958984375,42,0.003993539920355774,11,50,semantic_katz_consensus
R_008568,J_001602,0.8682958483695984,2,0.0050054897304089825,2,50,semantic_katz_consensus
R_009734,J_001602,0.8320510387420654,32,0.0032676429707536973,43,50,semantic_katz_consensus
R_000877,J_001603,0.828871488571167,29,0.0032286418148065685,39,50,semantic_katz_consensus
R_000966,J_001603,0.7833753228187561,50,0.0033413807258161994,28,50,semantic_katz_consensus
R_002724,J_001603,0.8597277402877808,3,0.0043608858085972995,3,50,semantic_katz_consensus
R_007581,J_001603,0.8241325616836548,34,0.00384495771268642,12,50,semantic_katz_consensus
R_003309,J_001604,0.8652624487876892,5,0.003913870107745326,10,50,semantic_katz_consensus
R_008312,J_001604,0.8732184767723083,2,0.0035521316634065407,26,50,semantic_katz_consensus
R_009566,J_001604,0.7607061266899109,47,0.003700713871075895,20,50,semantic_katz_consensus
R_002512,J_001605,0.8723642826080322,30,0.003305522667311061,38,50,semantic_katz_consensus
R_003879,J_001605,0.8593830466270447,42,0.004039373312513309,7,50,semantic_katz_consensus
R_006109,J_001608,0.8380833268165588,12,0.003641363624951692,6,50,semantic_katz_consensus
R_007940,J_001608,0.788507342338562,37,0.0029070997950317494,48,50,semantic_katz_consensus
R_008150,J_001609,0.8251484036445618,27,0.0027035204691424355,37,50,semantic_katz_consensus
R_000918,J_001610,0.8417909741401672,41,0.003099936465214936,27,50,semantic_katz_consensus
R_001342,J_001610,0.8752009272575378,18,0.003331405392163802,15,50,semantic_katz_consensus
R_002936,J_001610,0.8808446526527405,9,0.0033214595822022336,16,50,semantic_katz_consensus
R_009405,J_001610,0.8807060718536377,10,0.0028425848134133297,46,50,semantic_katz_consensus
R_000794,J_001611,0.8549913763999939,28,0.002757322318745557,35,50,semantic_katz_consensus
R_003244,J_001611,0.8422936797142029,38,0.002758517587362395,34,50,semantic_katz_consensus
R_007772,J_001611,0.8646844029426575,13,0.0027537217510496285,36,50,semantic_katz_consensus
R_009766,J_001611,0.8523569107055664,32,0.0035242125386561597,6,50,semantic_katz_consensus
R_002212,J_001612,0.7924772500991821,43,0.003117865494467505,47,50,semantic_katz_consensus
R_008126,J_001612,0.7911776900291443,44,0.003545742135604657,17,50,semantic_katz_consensus
R_008797,J_001612,0.7986794114112854,37,0.003518678903980493,18,50,semantic_katz_consensus
R_006493,J_001613,0.8845049738883972,5,0.003109483852304225,19,50,semantic_katz_consensus
R_005209,J_001614,0.8491657376289368,12,0.003561295389468965,42,50,semantic_katz_consensus
R_007082,J_001614,0.8330979943275452,32,0.0034704549745892817,50,50,semantic_katz_consensus
R_002153,J_001615,0.8724132180213928,26,0.003597168209819517,29,50,semantic_katz_consensus
R_006020,J_001616,0.8907583951950073,14,0.0035839907313434706,30,50,semantic_katz_consensus
R_006767,J_001616,0.8875771164894104,18,0.003646159461264458,23,50,semantic_katz_consensus
R_000182,J_001617,0.9001680016517639,8,0.0027290195329683115,34,50,semantic_katz_consensus
R_000794,J_001617,0.8937934637069702,16,0.002737401175131591,32,50,semantic_katz_consensus
R_003107,J_001617,0.9076541066169739,3,0.0027095115740720394,36,50,semantic_katz_consensus
R_003244,J_001617,0.8939130306243896,14,0.002771665542147612,29,50,semantic_katz_consensus
R_004983,J_001617,0.8089188933372498,48,0.003015087155264857,16,50,semantic_katz_consensus
R_001016,J_001618,0.8486385941505432,43,0.004253710055954165,8,50,semantic_katz_consensus
R_009751,J_001618,0.8912966251373291,16,0.003557311160746171,34,50,semantic_katz_consensus
R_006828,J_001619,0.8787407279014587,22,0.004048109092012625,9,50,semantic_katz_consensus
R_009751,J_001619,0.8965742588043213,8,0.003313092701884368,44,50,semantic_katz_consensus
R_009022,J_001620,0.8692624568939209,20,0.004500319052049644,11,50,semantic_katz_consensus
R_009406,J_001620,0.8163895606994629,38,0.0037210629612529685,44,50,semantic_katz_consensus
R_009476,J_001620,0.8740159273147583,13,0.004236976295318434,19,50,semantic_katz_consensus
R_003229,J_001621,0.8891952037811279,17,0.0039110811476393715,11,50,semantic_katz_consensus
R_005446,J_001621,0.9209609627723694,2,0.0033338106912428923,44,50,semantic_katz_consensus
R_008923,J_001621,0.8546724915504456,35,0.0035597016979798477,29,50,semantic_katz_consensus
R_000605,J_001622,0.8502535820007324,38,0.0034804155463962643,23,50,semantic_katz_consensus
R_005086,J_001622,0.8790586590766907,9,0.003145755095527057,39,50,semantic_katz_consensus
R_009785,J_001623,0.8407952189445496,46,0.0035365931713876473,31,50,semantic_katz_consensus
R_003922,J_001624,0.8064573407173157,38,0.0026397728095777454,38,50,semantic_katz_consensus
R_005161,J_001624,0.8409379720687866,10,0.0029369962722981123,16,50,semantic_katz_consensus
R_007681,J_001624,0.7802287936210632,48,0.0025871957522822907,45,50,semantic_katz_consensus
R_002075,J_001625,0.8726063370704651,11,0.003174043119458888,46,50,semantic_katz_consensus
R_003203,J_001625,0.8744240999221802,6,0.0032242444013660812,44,50,semantic_katz_consensus
R_005659,J_001625,0.8694034814834595,18,0.003727408203518609,10,50,semantic_katz_consensus
R_005668,J_001625,0.8596739768981934,32,0.0037166655478124816,12,50,semantic_katz_consensus
R_006513,J_001625,0.7997294068336487,49,0.0035294215596866196,24,50,semantic_katz_consensus
R_004161,J_001626,0.74847412109375,49,0.0032302355062956856,31,50,semantic_katz_consensus
R_006581,J_001626,0.8387123346328735,19,0.003621044058465447,9,50,semantic_katz_consensus
R_001147,J_001627,0.8322127461433411,28,0.003745735655643457,17,50,semantic_katz_consensus
R_007661,J_001627,0.8791283965110779,3,0.0034453986191719283,38,50,semantic_katz_consensus
R_003530,J_001628,0.8612854480743408,16,0.0031851841980372947,23,50,semantic_katz_consensus
R_007204,J_001628,0.8728531002998352,4,0.003771647904187027,7,50,semantic_katz_consensus
R_009971,J_001628,0.8575358390808105,18,0.00356725697070774,10,50,semantic_katz_consensus
R_000453,J_001629,0.7754479646682739,45,0.0029525495261624197,32,50,semantic_katz_consensus
R_004082,J_001632,0.8330159783363342,44,0.003975241991921755,4,50,semantic_katz_consensus
R_005896,J_001632,0.8358032703399658,40,0.00313501243982093,50,50,semantic_katz_consensus
R_009305,J_001632,0.8866407871246338,23,0.0033159111856811523,34,50,semantic_katz_consensus
R_000006,J_001633,0.7995518445968628,50,0.0032083370101657375,28,50,semantic_katz_consensus
R_000900,J_001633,0.8397700786590576,23,0.00337881771396504,15,50,semantic_katz_consensus
R_004175,J_001633,0.8402844071388245,22,0.003052937328131392,36,50,semantic_katz_consensus
R_007749,J_001633,0.8346660733222961,31,0.002946971605950509,45,50,semantic_katz_consensus
R_008923,J_001634,0.8780800700187683,22,0.0037489378004671057,19,50,semantic_katz_consensus
R_001095,J_001635,0.8649399280548096,20,0.003209901177964026,27,50,semantic_katz_consensus
R_003954,J_001636,0.820740818977356,39,0.0031716378203797977,33,50,semantic_katz_consensus
R_005370,J_001636,0.8206457495689392,40,0.003461674909553722,17,50,semantic_katz_consensus
R_002995,J_001637,0.8876808881759644,5,0.0033015236767428534,48,50,semantic_katz_consensus
R_008996,J_001637,0.8816269636154175,8,0.003555717469257054,36,50,semantic_katz_consensus
R_000611,J_001641,0.872426450252533,18,0.0033509281129054883,15,50,semantic_katz_consensus
R_007405,J_001641,0.8723035454750061,19,0.003445354333635685,12,50,semantic_katz_consensus
R_009077,J_001641,0.8941509127616882,1,0.002791985108633857,50,50,semantic_katz_consensus
R_001770,J_001642,0.8787365555763245,10,0.0033601213626587413,45,50,semantic_katz_consensus
R_003161,J_001642,0.8748657703399658,15,0.004388376986784572,6,50,semantic_katz_consensus
R_003229,J_001644,0.8942618370056152,26,0.003992374175429765,46,50,semantic_katz_consensus
R_008923,J_001644,0.8944961428642273,24,0.004180415009300186,31,50,semantic_katz_consensus
R_002630,J_001645,0.8865691423416138,7,0.003311484248549836,22,50,semantic_katz_consensus
R_008166,J_001646,0.843132734298706,43,0.003405910469280033,25,50,semantic_katz_consensus
R_003551,J_001647,0.8515201807022095,34,0.0025752430661139117,25,50,semantic_katz_consensus
R_008574,J_001647,0.8692179918289185,8,0.0024226618678763493,44,50,semantic_katz_consensus
R_008687,J_001647,0.8431822061538696,41,0.0031939495012274395,4,50,semantic_katz_consensus
R_003618,J_001648,0.8482767939567566,14,0.003943737061320861,14,50,semantic_katz_consensus
R_005978,J_001648,0.7987409234046936,30,0.0033604902618401917,37,50,semantic_katz_consensus
R_007119,J_001648,0.781005322933197,41,0.004698704118753913,3,50,semantic_katz_consensus
R_009328,J_001648,0.8113451600074768,27,0.0035597016979798477,24,50,semantic_katz_consensus
R_001785,J_001649,0.8855015635490417,13,0.0026166642829855455,41,50,semantic_katz_consensus
R_004279,J_001649,0.8890987634658813,11,0.0026700529478709736,36,50,semantic_katz_consensus
R_007836,J_001649,0.8764047622680664,26,0.0030605221245501133,9,50,semantic_katz_consensus
R_005492,J_001650,0.877427875995636,33,0.003301538438588268,38,50,semantic_katz_consensus
R_006582,J_001650,0.8711833953857422,37,0.003556529076847027,20,50,semantic_katz_consensus
R_009650,J_001650,0.9171479344367981,2,0.0034350101008018374,29,50,semantic_katz_consensus
R_002438,J_001651,0.8582071661949158,36,0.0030210487365036325,40,50,semantic_katz_consensus
R_003323,J_001651,0.8995926976203918,3,0.003299915223408322,25,50,semantic_katz_consensus
R_003741,J_001651,0.8595523834228516,32,0.003587974960066264,12,50,semantic_katz_consensus
R_003890,J_001651,0.8760047554969788,21,0.0029732527536755296,44,50,semantic_katz_consensus
R_005314,J_001651,0.8816485404968262,15,0.0030903890781256473,34,50,semantic_katz_consensus
R_009440,J_001651,0.8352451324462891,48,0.0033544991569105873,23,50,semantic_katz_consensus
R_005240,J_001652,0.7515993714332581,49,0.0038596698352699257,7,50,semantic_katz_consensus
R_003048,J_001653,0.8555077910423279,28,0.0024625189169496953,40,50,semantic_katz_consensus
R_008905,J_001653,0.8594423532485962,24,0.0024589331110991815,42,50,semantic_katz_consensus
R_004168,J_001654,0.7952125072479248,30,0.00426247535914431,2,50,semantic_katz_consensus
R_006843,J_001654,0.8415005803108215,7,0.002972441146085556,21,50,semantic_katz_consensus
R_002806,J_001656,0.836298942565918,47,0.003000714408171973,41,50,semantic_katz_consensus
R_008687,J_001656,0.8581501841545105,29,0.003218666481154171,22,50,semantic_katz_consensus
R_002789,J_001657,0.8763145208358765,9,0.0030824058588346465,16,50,semantic_katz_consensus
R_009042,J_001657,0.8862031102180481,3,0.003050546790897716,17,50,semantic_katz_consensus
R_005623,J_001658,0.8881485462188721,13,0.0033035157911042497,32,50,semantic_katz_consensus
R_006396,J_001658,0.7878915667533875,47,0.0034162842258047095,25,50,semantic_katz_consensus
R_002043,J_001659,0.8821253180503845,12,0.002716683185773067,32,50,semantic_katz_consensus
R_007889,J_001659,0.887996256351471,4,0.002722659528857257,30,50,semantic_katz_consensus
R_001089,J_001660,0.8478474617004395,21,0.0033533334119845784,40,50,semantic_katz_consensus
R_002797,J_001660,0.8375515937805176,30,0.0035366226950784762,27,50,semantic_katz_consensus
R_005526,J_001661,0.8503695130348206,13,0.002606718473023977,50,50,semantic_katz_consensus
R_002438,J_001662,0.8858720064163208,31,0.0022820185939617524,34,50,semantic_katz_consensus
R_002939,J_001662,0.8926515579223633,12,0.002377241660436508,30,50,semantic_katz_consensus
R_003126,J_001662,0.8926625847816467,11,0.002490378994318418,19,50,semantic_katz_consensus
R_003741,J_001662,0.8874237537384033,27,0.0024210681763872323,26,50,semantic_katz_consensus
R_008708,J_001662,0.9033559560775757,3,0.0022660816790705802,37,50,semantic_katz_consensus
R_000016,J_001663,0.8450488448143005,27,0.0038127002218772106,8,50,semantic_katz_consensus
R_009534,J_001663,0.7911257147789001,42,0.0033644744905629844,33,50,semantic_katz_consensus
R_007763,J_001664,0.8825212717056274,3,0.00452063861853589,3,50,semantic_katz_consensus
R_009709,J_001664,0.8616942167282104,28,0.003748140954722547,17,50,semantic_katz_consensus
R_003149,J_001666,0.7477626800537109,43,0.004059692878999555,18,50,semantic_katz_consensus
R_000081,J_001667,0.8504794836044312,32,0.0038018985187894252,25,50,semantic_katz_consensus
R_002089,J_001667,0.7853361964225769,48,0.004022255890850713,13,50,semantic_katz_consensus
R_005315,J_001667,0.8537761569023132,29,0.0035409610611373053,39,50,semantic_katz_consensus
R_001134,J_001668,0.8422298431396484,41,0.003090772739152512,21,50,semantic_katz_consensus
R_005881,J_001668,0.8504632711410522,24,0.0029369815104526974,29,50,semantic_katz_consensus
R_009440,J_001668,0.8698257207870483,10,0.0031493261395321563,19,50,semantic_katz_consensus
R_006045,J_001669,0.8463335037231445,38,0.0031150765343615503,37,50,semantic_katz_consensus
R_009932,J_001669,0.8774654269218445,12,0.0030967786059275305,39,50,semantic_katz_consensus
R_004148,J_001670,0.7871530055999756,46,0.00341588580293243,32,50,semantic_katz_consensus
R_004589,J_001670,0.8039593696594238,37,0.004717843178468734,1,50,semantic_katz_consensus
R_006959,J_001670,0.8386116027832031,8,0.004019452168899344,9,50,semantic_katz_consensus
R_006156,J_001672,0.8854841589927673,22,0.0034939766858991753,39,50,semantic_katz_consensus
R_008623,J_001672,0.9002716541290283,4,0.0035094856542272398,36,50,semantic_katz_consensus
R_004157,J_001673,0.8995913863182068,2,0.003632627845452376,39,50,semantic_katz_consensus
R_009387,J_001673,0.8804340958595276,18,0.0038258186529715986,24,50,semantic_katz_consensus
R_002127,J_001675,0.8161799311637878,40,0.0032896005142653032,42,50,semantic_katz_consensus
R_004318,J_001675,0.849475085735321,1,0.0032656656182377154,44,50,semantic_katz_consensus
R_006452,J_001676,0.8682734966278076,30,0.003760078879045512,35,50,semantic_katz_consensus
R_000207,J_001677,0.8897171020507812,3,0.0049457558232579146,3,50,semantic_katz_consensus
R_001333,J_001678,0.8724058270454407,6,0.0031991437604124845,15,50,semantic_katz_consensus
R_002837,J_001679,0.8503915071487427,4,0.0032728519917841576,44,50,semantic_katz_consensus
R_006784,J_001679,0.7726247906684875,45,0.003434198493211864,31,50,semantic_katz_consensus
R_003248,J_001680,0.7981433868408203,34,0.0043720268871757055,8,50,semantic_katz_consensus
R_008475,J_001680,0.7944509387016296,35,0.0045369739562993415,5,50,semantic_katz_consensus
R_002578,J_001681,0.7831805348396301,49,0.0038310129121566444,38,50,semantic_katz_consensus
R_008259,J_001681,0.8476604223251343,14,0.004256484254214705,13,50,semantic_katz_consensus
R_003769,J_001683,0.8705843687057495,25,0.003126247136630785,31,50,semantic_katz_consensus
R_003946,J_001683,0.8116573691368103,46,0.0030019539623250546,47,50,semantic_katz_consensus
R_009932,J_001683,0.8676875233650208,31,0.003326653841387279,24,50,semantic_katz_consensus
R_000702,J_001684,0.8651712536811829,32,0.003853693492185736,3,50,semantic_katz_consensus
R_009552,J_001684,0.8730888366699219,21,0.002597569508806967,36,50,semantic_katz_consensus
R_004082,J_001686,0.8619135022163391,20,0.003696773927889345,22,50,semantic_katz_consensus
R_008584,J_001688,0.8799351453781128,15,0.003027039841433237,38,50,semantic_katz_consensus
R_008639,J_001688,0.8806731104850769,13,0.0032975394480200602,29,50,semantic_katz_consensus
R_001643,J_001690,0.8036430478096008,25,0.003644167346903061,21,50,semantic_katz_consensus
R_003410,J_001690,0.8355013132095337,5,0.0033322169997537752,47,50,semantic_katz_consensus
R_004975,J_001690,0.77634596824646,43,0.0038875594363294774,11,50,semantic_katz_consensus
R_006724,J_001691,0.787980318069458,18,0.00312065445457346,34,50,semantic_katz_consensus
R_001831,J_001692,0.8255786299705505,30,0.0034290042340268186,25,50,semantic_katz_consensus
R_004161,J_001692,0.8160416483879089,34,0.0036565184559437204,13,50,semantic_katz_consensus
R_000501,J_001693,0.8715612888336182,17,0.003170058890736095,41,50,semantic_katz_consensus
R_001677,J_001693,0.8717435002326965,15,0.003132193956024146,49,50,semantic_katz_consensus
R_002939,J_001694,0.902891218662262,3,0.0032975394480200602,13,50,semantic_katz_consensus
R_003741,J_001694,0.8566077947616577,37,0.0037118697114997155,5,50,semantic_katz_consensus
R_005314,J_001694,0.8736216425895691,24,0.0034322063788504676,11,50,semantic_katz_consensus
R_004973,J_001695,0.8655654788017273,34,0.005248099735936254,3,50,semantic_katz_consensus
R_006582,J_001695,0.8519304990768433,40,0.0037485689012856558,40,50,semantic_katz_consensus
R_002896,J_001698,0.8763218522071838,27,0.003303928975821944,43,50,semantic_katz_consensus
R_004910,J_001698,0.7855842709541321,46,0.003415487380060151,31,50,semantic_katz_consensus
R_002513,J_001699,0.8982594609260559,2,0.0038521293243874476,25,50,semantic_katz_consensus
R_002628,J_001699,0.887272298336029,16,0.00368243070448729,37,50,semantic_katz_consensus
R_007329,J_001699,0.8747531175613403,38,0.0040063189759595415,17,50,semantic_katz_consensus
R_009443,J_001699,0.8850714564323425,24,0.003992743074611216,19,50,semantic_katz_consensus
R_005222,J_001700,0.7834687232971191,40,0.0032182532964364773,27,50,semantic_katz_consensus
R_005305,J_001700,0.8155855536460876,16,0.0038600830199876195,10,50,semantic_katz_consensus
R_007589,J_001700,0.7884909510612488,35,0.0033828019426878327,20,50,semantic_katz_consensus
R_007681,J_001700,0.8211396932601929,9,0.0031365913694646327,35,50,semantic_katz_consensus
R_008191,J_001703,0.8776816725730896,11,0.0026389907256786013,24,50,semantic_katz_consensus
R_007119,J_001704,0.7888303399085999,33,0.004338175704877379,15,50,semantic_katz_consensus
R_007933,J_001704,0.8452956080436707,10,0.003860496204705313,29,50,semantic_katz_consensus
R_002043,J_001706,0.8075036406517029,39,0.0030027360462241987,41,50,semantic_katz_consensus
R_008335,J_001706,0.8026504516601562,48,0.0029979549717568466,42,50,semantic_katz_consensus
R_000192,J_001707,0.8578842282295227,30,0.0037326024627036543,23,50,semantic_katz_consensus
R_005673,J_001707,0.7906107902526855,39,0.003354912341628281,39,50,semantic_katz_consensus
R_006788,J_001707,0.8709339499473572,19,0.0033792161368373192,36,50,semantic_katz_consensus
R_006493,J_001708,0.8774437308311462,9,0.002975628529063791,43,50,semantic_katz_consensus
R_000947,J_001710,0.8475749492645264,16,0.0030071039359738563,35,50,semantic_katz_consensus
R_008053,J_001710,0.8304014205932617,32,0.003040969880117598,31,50,semantic_katz_consensus
R_000283,J_001711,0.8831081986427307,20,0.003688392285726065,17,50,semantic_katz_consensus
R_003824,J_001712,0.8594894409179688,4,0.003241775007746371,31,50,semantic_katz_consensus
R_005161,J_001712,0.8340814113616943,23,0.003617458252614933,14,50,semantic_katz_consensus
R_008851,J_001712,0.8161140084266663,36,0.0037799852608140635,6,50,semantic_katz_consensus
R_000569,J_001713,0.843876838684082,21,0.0034298010797713776,31,50,semantic_katz_consensus
R_002060,J_001713,0.7826356887817383,50,0.0039485328976336265,13,50,semantic_katz_consensus
R_004193,J_001713,0.8338349461555481,31,0.0038266007368707427,17,50,semantic_katz_consensus
R_001022,J_001714,0.8580877184867859,47,0.004293552343182096,6,50,semantic_katz_consensus
R_003221,J_001715,0.8594900965690613,19,0.004856892760894214,7,50,semantic_katz_consensus
R_008027,J_001715,0.8663400411605835,15,0.004321869890804756,23,50,semantic_katz_consensus
R_009933,J_001715,0.8764011263847351,10,0.00413498004001493,29,50,semantic_katz_consensus
R_002655,J_001716,0.8940048217773438,27,0.003555717469257054,29,50,semantic_katz_consensus
R_005896,J_001716,0.8468605279922485,40,0.003588786567656237,26,50,semantic_katz_consensus
R_003876,J_001717,0.843924880027771,23,0.0036784169520736676,6,50,semantic_katz_consensus
R_006354,J_001717,0.8535131216049194,12,0.003041368302989877,33,50,semantic_katz_consensus
R_009760,J_001717,0.8244704604148865,43,0.002972441146085556,41,50,semantic_katz_consensus
R_001976,J_001718,0.8677687048912048,26,0.003506298271249005,24,50,semantic_katz_consensus
R_002162,J_001718,0.8654720783233643,30,0.003906683734198884,8,50,semantic_katz_consensus
R_007153,J_001719,0.8237317800521851,49,0.005068838967101393,1,50,semantic_katz_consensus
R_007755,J_001719,0.8337461352348328,36,0.003350529690033209,22,50,semantic_katz_consensus
R_005721,J_001720,0.8665251135826111,17,0.0032915631049358707,36,50,semantic_katz_consensus
R_009414,J_001721,0.8814541101455688,31,0.004443344581313703,19,50,semantic_katz_consensus
R_009563,J_001721,0.8659115433692932,47,0.004211905178055666,27,50,semantic_katz_consensus
R_003992,J_001722,0.838377058506012,39,0.002693559897335453,47,50,semantic_katz_consensus
R_005194,J_001723,0.8696036338806152,13,0.0031091297149681892,34,50,semantic_katz_consensus
R_006016,J_001723,0.7835257649421692,45,0.0037596952180186474,9,50,semantic_katz_consensus
R_001651,J_001724,0.7891988158226013,40,0.0028015324957231464,35,50,semantic_katz_consensus
R_001841,J_001725,0.8448053598403931,47,0.003989142506915287,2,50,semantic_katz_consensus
R_002789,J_001725,0.8612411618232727,36,0.00309196800776935,20,50,semantic_katz_consensus
R_009042,J_001725,0.8662964701652527,31,0.0039281985693019675,3,50,semantic_katz_consensus
R_009285,J_001725,0.8466631174087524,43,0.0026975588879036604,46,50,semantic_katz_consensus
R_004082,J_001726,0.8554017543792725,37,0.004584002617073714,9,50,semantic_katz_consensus
R_009305,J_001726,0.9090951085090637,12,0.006412217559509331,1,50,semantic_katz_consensus
R_008057,J_001727,0.8743612170219421,4,0.003656902116970585,36,50,semantic_katz_consensus
R_009892,J_001727,0.8457003235816956,30,0.003680837012998173,33,50,semantic_katz_consensus
R_001342,J_001728,0.8752447962760925,25,0.0032577119226375436,30,50,semantic_katz_consensus
R_002936,J_001728,0.8793779015541077,16,0.003758898372274089,12,50,semantic_katz_consensus
R_009405,J_001728,0.8753260970115662,24,0.0030724600488730783,50,50,semantic_katz_consensus
R_000134,J_001729,0.8072229623794556,47,0.00462779960933361,4,50,semantic_katz_consensus
R_000309,J_001729,0.8240873217582703,33,0.0034959540384151572,43,50,semantic_katz_consensus
R_007422,J_001729,0.8798437118530273,10,0.0036951654745548132,24,50,semantic_katz_consensus
R_005785,J_001730,0.8555740714073181,16,0.0037819921370208743,9,50,semantic_katz_consensus
R_006696,J_001730,0.8603121042251587,12,0.0034557133283149473,16,50,semantic_katz_consensus
R_009325,J_001730,0.8686424493789673,4,0.00435808208664593,3,50,semantic_katz_consensus
R_009892,J_001730,0.8558750748634338,15,0.003244578729697741,24,50,semantic_katz_consensus
R_002472,J_001731,0.8033619523048401,34,0.0031091149531227748,50,50,semantic_katz_consensus
R_006396,J_001731,0.795182466506958,45,0.0034796334624971202,23,50,semantic_katz_consensus
R_006550,J_001732,0.892174482345581,4,0.002769260243068522,35,50,semantic_katz_consensus
R_005399,J_001733,0.8078007102012634,21,0.003002322861506505,46,50,semantic_katz_consensus
R_009255,J_001733,0.8010666966438293,26,0.003672027424271784,14,50,semantic_katz_consensus
R_002655,J_001734,0.8936869502067566,24,0.0036521358043486475,48,50,semantic_katz_consensus
R_003438,J_001734,0.8898541927337646,26,0.0045628566811520815,13,50,semantic_katz_consensus
R_001105,J_001735,0.8062196969985962,44,0.003816286027727724,42,50,semantic_katz_consensus
R_009226,J_001735,0.8682048916816711,16,0.004328982455124126,16,50,semantic_katz_consensus
R_006382,J_001736,0.787995457649231,38,0.003416269463959295,9,50,semantic_katz_consensus
R_001973,J_001738,0.8488396406173706,12,0.0027525264824327907,32,50,semantic_katz_consensus
R_004148,J_001739,0.8461159467697144,6,0.0032664772258276884,19,50,semantic_katz_consensus
R_004590,J_001739,0.8022376298904419,49,0.002969253763107322,41,50,semantic_katz_consensus
R_005403,J_001739,0.8191360831260681,32,0.0033497180824432356,12,50,semantic_katz_consensus
R_000238,J_001740,0.8902733325958252,17,0.0035688949477331007,37,50,semantic_katz_consensus
R_000877,J_001742,0.8288884162902832,19,0.0029868138931784406,39,50,semantic_katz_consensus
R_002724,J_001742,0.8423941731452942,5,0.0037158834639133376,3,50,semantic_katz_consensus
R_005373,J_001742,0.7800617814064026,48,0.0033425612325876227,18,50,semantic_katz_consensus
R_007581,J_001742,0.8224554657936096,23,0.0029123235779076237,48,50,semantic_katz_consensus
R_001869,J_001743,0.853227972984314,22,0.0035015171967816535,34,50,semantic_katz_consensus
R_007661,J_001743,0.8696599006652832,9,0.004595158457497535,6,50,semantic_katz_consensus
R_007734,J_001743,0.837779700756073,32,0.0035258209919906917,33,50,semantic_katz_consensus
R_001955,J_001745,0.8440863490104675,34,0.002682802479783911,44,50,semantic_katz_consensus
R_002996,J_001745,0.8776869177818298,5,0.0032720256223487698,11,50,semantic_katz_consensus
R_003573,J_001747,0.8299086093902588,48,0.0037234534984866446,24,50,semantic_katz_consensus
R_002911,J_001748,0.8810443878173828,15,0.00385968459711534,27,50,semantic_katz_consensus
R_003931,J_001748,0.888850748538971,5,0.0038075207245375792,29,50,semantic_katz_consensus
R_004065,J_001749,0.8406031727790833,29,0.0034513306767198744,17,50,semantic_katz_consensus
R_006162,J_001749,0.8386006355285645,31,0.0037437435412820603,10,50,semantic_katz_consensus
R_009343,J_001749,0.8362929821014404,37,0.0034772134015726153,15,50,semantic_katz_consensus
R_003689,J_001750,0.8693025708198547,5,0.003543366360216396,18,50,semantic_katz_consensus
R_007749,J_001750,0.8554838299751282,18,0.003497946152776554,20,50,semantic_katz_consensus
R_007022,J_001751,0.8622392416000366,11,0.0034381679600892427,8,50,semantic_katz_consensus
R_002827,J_001752,0.8300390839576721,12,0.0032425866153363444,45,50,semantic_katz_consensus
R_003292,J_001752,0.816266655921936,28,0.003887161013457198,15,50,semantic_katz_consensus
R_000134,J_001753,0.8660934567451477,10,0.004616245346037509,6,50,semantic_katz_consensus
R_000159,J_001753,0.8478374481201172,24,0.003597581394537211,29,50,semantic_katz_consensus
R_006506,J_001753,0.8543244004249573,21,0.0036138724467644195,27,50,semantic_katz_consensus
R_009069,J_001753,0.8646976351737976,13,0.0034166826486769887,43,50,semantic_katz_consensus
R_002324,J_001754,0.8730449080467224,14,0.0033975435889621675,30,50,semantic_katz_consensus
R_007661,J_001754,0.8463780283927917,23,0.0045573082846310006,4,50,semantic_katz_consensus
R_007734,J_001754,0.874641478061676,11,0.00334415492407674,35,50,semantic_katz_consensus
R_001841,J_001755,0.850758969783783,46,0.0025071275167995637,33,50,semantic_katz_consensus
R_003653,J_001755,0.8911122679710388,20,0.003235783902816767,2,50,semantic_katz_consensus
R_009285,J_001755,0.8511990904808044,44,0.0027724476260467565,14,50,semantic_katz_consensus
R_005240,J_001756,0.7761421203613281,33,0.0029959628573954502,29,50,semantic_katz_consensus
R_007763,J_001756,0.7606841325759888,50,0.0032401960781026683,17,50,semantic_katz_consensus
R_008069,J_001756,0.8493624925613403,28,0.0034039035930732223,12,50,semantic_katz_consensus
R_009412,J_001756,0.7625618577003479,45,0.0033051242444387817,15,50,semantic_katz_consensus
R_002262,J_001757,0.9121639132499695,6,0.0037154850410410583,20,50,semantic_katz_consensus
R_007678,J_001758,0.888524055480957,23,0.0032835946474902844,37,50,semantic_katz_consensus
R_002089,J_001759,0.7533038854598999,48,0.003182041100595303,39,50,semantic_katz_consensus
R_003017,J_001759,0.7526736855506897,50,0.0038537082540311502,8,50,semantic_katz_consensus
R_005581,J_001759,0.8373440504074097,20,0.003358896570351074,25,50,semantic_katz_consensus
R_001383,J_001760,0.8656797409057617,22,0.00478715399639992,3,50,semantic_katz_consensus
R_004748,J_001760,0.890013575553894,5,0.004417447094615548,10,50,semantic_katz_consensus
R_004868,J_001760,0.8704561591148376,18,0.0038780120492401884,26,50,semantic_katz_consensus
R_006412,J_001761,0.7585994601249695,49,0.0024039655165700507,41,50,semantic_katz_consensus
R_006856,J_001762,0.8778443336486816,20,0.0036971280652253807,24,50,semantic_katz_consensus
R_009305,J_001762,0.8598110675811768,28,0.004897930316738982,3,50,semantic_katz_consensus
R_001885,J_001763,0.8669423460960388,2,0.0034664707458664885,34,50,semantic_katz_consensus
R_002328,J_001763,0.8514251112937927,9,0.0037091102750845895,20,50,semantic_katz_consensus
R_009992,J_001763,0.832135796546936,23,0.003330608546419243,43,50,semantic_katz_consensus
R_001862,J_001764,0.8576037883758545,20,0.003640950440233998,18,50,semantic_katz_consensus
R_008677,J_001764,0.8604532480239868,14,0.0042628590201711745,7,50,semantic_katz_consensus
R_006987,J_001765,0.8503648042678833,34,0.002690372514357218,48,50,semantic_katz_consensus
R_009797,J_001765,0.8795320391654968,14,0.0029832280873279267,18,50,semantic_katz_consensus
R_009894,J_001765,0.884301483631134,7,0.0029648711115122495,20,50,semantic_katz_consensus
R_000691,J_001766,0.8280577659606934,38,0.002993970743034054,50,50,semantic_katz_consensus
R_008498,J_001766,0.8769596815109253,5,0.003039420474164724,46,50,semantic_katz_consensus
R_004216,J_001767,0.846554696559906,45,0.003452127522464433,45,50,semantic_katz_consensus
R_005637,J_001767,0.8583455085754395,36,0.0035501247871997294,40,50,semantic_katz_consensus
R_002060,J_001768,0.8498014211654663,7,0.0033597081779410476,28,50,semantic_katz_consensus
R_008677,J_001768,0.8145288825035095,42,0.004221821464326405,5,50,semantic_katz_consensus
R_000109,J_001769,0.8196333050727844,32,0.003322256427946792,15,50,semantic_katz_consensus
R_004148,J_001769,0.7987980246543884,47,0.003278429911996068,17,50,semantic_katz_consensus
R_005743,J_001769,0.8382712602615356,11,0.003174426780485753,25,50,semantic_katz_consensus
R_006959,J_001769,0.8439028263092041,8,0.0034664707458664885,13,50,semantic_katz_consensus
R_009570,J_001769,0.8303167223930359,22,0.003866856208816368,5,50,semantic_katz_consensus
R_007504,J_001770,0.758465588092804,47,0.003860924151268422,24,50,semantic_katz_consensus
R_003300,J_001771,0.8252154588699341,35,0.004266858010739382,13,50,semantic_katz_consensus
R_004613,J_001771,0.8320272564888,30,0.003805115425458489,37,50,semantic_katz_consensus
R_004767,J_001771,0.8641310334205627,26,0.0055668380337597035,1,50,semantic_katz_consensus
R_002075,J_001773,0.8323179483413696,36,0.0032668608868545532,11,50,semantic_katz_consensus
R_002395,J_001774,0.8179136514663696,46,0.003211111208426279,13,50,semantic_katz_consensus
R_000656,J_001775,0.8568083047866821,1,0.003562475896240388,22,50,semantic_katz_consensus
R_001643,J_001775,0.7915766835212708,39,0.0039409628630603195,9,50,semantic_katz_consensus
R_006109,J_001775,0.7856011986732483,47,0.003970844578481268,8,50,semantic_katz_consensus
R_006246,J_001775,0.8441360592842102,2,0.004061684993360951,6,50,semantic_katz_consensus
R_008990,J_001775,0.8072495460510254,19,0.0032823993788734466,38,50,semantic_katz_consensus
R_009797,J_001776,0.8568302989006042,27,0.004023421635776722,6,50,semantic_katz_consensus
R_001019,J_001777,0.8127564191818237,45,0.00407199970250397,6,50,semantic_katz_consensus
R_006124,J_001777,0.8759928941726685,3,0.004218250420321306,4,50,semantic_katz_consensus
R_007119,J_001777,0.8368256688117981,26,0.0038457545584309784,12,50,semantic_katz_consensus
R_009942,J_001777,0.8567809462547302,15,0.003731790855113681,16,50,semantic_katz_consensus
R_004033,J_001779,0.8308180570602417,48,0.002889997135214568,42,50,semantic_katz_consensus
R_009148,J_001779,0.8754856586456299,14,0.002924630401412039,39,50,semantic_katz_consensus
R_001358,J_001780,0.8504046201705933,35,0.003375231908114526,29,50,semantic_katz_consensus
R_003741,J_001780,0.845235288143158,46,0.0034808139692685436,25,50,semantic_katz_consensus
R_005017,J_001780,0.843898594379425,48,0.0029983533946291263,46,50,semantic_katz_consensus
R_002690,J_001781,0.8111369013786316,24,0.003112685997127874,40,50,semantic_katz_consensus
R_007589,J_001781,0.8038637042045593,35,0.0031959563774342503,36,50,semantic_katz_consensus
R_003297,J_001782,0.8725073933601379,15,0.0038425524136073298,29,50,semantic_katz_consensus
R_009531,J_001782,0.7582263946533203,49,0.004208688271386603,15,50,semantic_katz_consensus
R_003438,J_001783,0.8866209387779236,11,0.004170026490930095,6,50,semantic_katz_consensus
R_001633,J_001784,0.8279975056648254,43,0.003043773602068968,42,50,semantic_katz_consensus
R_006109,J_001785,0.7738316655158997,50,0.0035035240729884643,13,50,semantic_katz_consensus
R_000238,J_001786,0.8785393238067627,14,0.0033696835115934447,17,50,semantic_katz_consensus
R_008813,J_001786,0.8542917966842651,32,0.002954526878678402,36,50,semantic_katz_consensus
R_000285,J_001787,0.8331727981567383,43,0.003190363695376925,22,50,semantic_katz_consensus
R_003880,J_001787,0.852989673614502,25,0.0032310175901948297,18,50,semantic_katz_consensus
R_008862,J_001787,0.8211217522621155,48,0.0029828001407648185,35,50,semantic_katz_consensus
R_000776,J_001788,0.8500937819480896,22,0.004441736127979171,1,50,semantic_katz_consensus
R_003880,J_001788,0.8495925068855286,23,0.003392762514494816,16,50,semantic_katz_consensus
R_000909,J_001789,0.8762961626052856,36,0.003823856062301031,21,50,semantic_katz_consensus
R_004484,J_001789,0.7823830246925354,50,0.003574856528971876,32,50,semantic_katz_consensus
R_007275,J_001789,0.8954222202301025,18,0.0036382057656642866,28,50,semantic_katz_consensus
R_009573,J_001789,0.8929478526115417,22,0.0034668691687387678,40,50,semantic_katz_consensus
R_005979,J_001791,0.8162208199501038,23,0.0028079220235250296,40,50,semantic_katz_consensus
R_008274,J_001791,0.7974647283554077,31,0.0035541090159225226,8,50,semantic_katz_consensus
R_003175,J_001792,0.83009272813797,37,0.004306700297967313,9,50,semantic_katz_consensus
R_003410,J_001795,0.7628557085990906,49,0.003189581611477781,26,50,semantic_katz_consensus
R_003653,J_001796,0.9024025797843933,10,0.0027593144331069536,23,50,semantic_katz_consensus
R_009785,J_001796,0.8605521321296692,49,0.002772063965019891,22,50,semantic_katz_consensus
R_004892,J_001797,0.8593900203704834,46,0.003904307958810623,9,50,semantic_katz_consensus
R_008643,J_001797,0.8756652474403381,20,0.0032923747125258437,43,50,semantic_katz_consensus
R_004168,J_001798,0.8340098857879639,10,0.004645758162277008,7,50,semantic_katz_consensus
R_004319,J_001798,0.7672783732414246,48,0.0040573171036112935,17,50,semantic_katz_consensus
R_004793,J_001798,0.809282124042511,27,0.0036114819095307434,34,50,semantic_katz_consensus
R_005667,J_001798,0.7741492986679077,45,0.00347405554228521,45,50,semantic_katz_consensus
R_009112,J_001798,0.7997060418128967,35,0.0035405774001104405,38,50,semantic_katz_consensus
R_001197,J_001800,0.8402067422866821,46,0.003507906724583537,43,50,semantic_katz_consensus
R_002152,J_001800,0.9112460017204285,5,0.0035469521660669093,38,50,semantic_katz_consensus
R_001032,J_001801,0.79872065782547,44,0.00365371473399235,28,50,semantic_katz_consensus
R_002556,J_001801,0.8560531139373779,38,0.003507877200892708,36,50,semantic_katz_consensus
R_002625,J_001801,0.8609563708305359,35,0.00508515954301943,1,50,semantic_katz_consensus
R_003149,J_001801,0.9000219106674194,1,0.004157690143734851,10,50,semantic_katz_consensus
R_004484,J_001801,0.8000912070274353,41,0.0035736612603550376,29,50,semantic_katz_consensus
R_005332,J_001802,0.8134180903434753,33,0.003916659067851281,4,50,semantic_katz_consensus
R_007263,J_001802,0.7963981032371521,44,0.0031477472098884536,27,50,semantic_katz_consensus
R_007496,J_001802,0.8152371048927307,32,0.0029441678839991397,45,50,semantic_katz_consensus
R_001561,J_001803,0.7533496618270874,42,0.0029238630793583095,33,50,semantic_katz_consensus
R_003410,J_001803,0.7690905332565308,36,0.003141770866804264,24,50,semantic_katz_consensus
R_006581,J_001803,0.8525792360305786,17,0.003199542183284764,20,50,semantic_katz_consensus
R_008442,J_001804,0.8586280941963196,20,0.003446549602252523,45,50,semantic_katz_consensus
R_004767,J_001806,0.8730354905128479,33,0.004962489583893646,8,50,semantic_katz_consensus
R_006421,J_001808,0.8562698364257812,35,0.0036879643391629566,14,50,semantic_katz_consensus
R_007497,J_001810,0.8623998761177063,28,0.0023868038093712114,40,50,semantic_katz_consensus
R_005447,J_001811,0.8348814249038696,18,0.0030947717297207197,36,50,semantic_katz_consensus
R_006241,J_001811,0.8321264386177063,20,0.0031250518680139474,34,50,semantic_katz_consensus
R_008568,J_001811,0.8137124180793762,47,0.0038907911048439558,7,50,semantic_katz_consensus
R_009008,J_001811,0.8481805324554443,7,0.003512289376178609,19,50,semantic_katz_consensus
R_005385,J_001812,0.8809780478477478,7,0.005513847791746555,3,50,semantic_katz_consensus
R_000952,J_001813,0.8834173679351807,2,0.0036063024121911124,37,50,semantic_katz_consensus
R_001827,J_001813,0.8502104878425598,26,0.005138548207904858,2,50,semantic_katz_consensus
R_003946,J_001813,0.7788631916046143,49,0.004310271341972413,10,50,semantic_katz_consensus
R_005640,J_001813,0.8596234321594238,19,0.004110263060088198,13,50,semantic_katz_consensus
R_003008,J_001814,0.7269935011863708,50,0.0034155021419055654,32,50,semantic_katz_consensus
R_006043,J_001814,0.85893315076828,7,0.003292773135398123,46,50,semantic_katz_consensus
R_001108,J_001815,0.8387271761894226,32,0.003839365030629095,22,50,semantic_katz_consensus
R_002127,J_001815,0.8285617232322693,41,0.0042517179415927685,11,50,semantic_katz_consensus
R_006043,J_001815,0.8509228825569153,17,0.0035102972618172128,42,50,semantic_katz_consensus
R_009928,J_001816,0.8758059740066528,4,0.003740954581176105,6,50,semantic_katz_consensus
R_003876,J_001817,0.8591650724411011,21,0.003964469812524799,2,50,semantic_katz_consensus
R_004969,J_001817,0.8347254991531372,46,0.003555319046384775,15,50,semantic_katz_consensus
R_003876,J_001818,0.8686942458152771,19,0.0034043315396363304,20,50,semantic_katz_consensus
R_006436,J_001818,0.8804615139961243,7,0.003634974097149808,14,50,semantic_katz_consensus
R_004892,J_001819,0.8573136329650879,45,0.003605121905419689,19,50,semantic_katz_consensus
R_001651,J_001820,0.7898304462432861,34,0.003308695288443881,43,50,semantic_katz_consensus
R_003748,J_001820,0.7392770648002625,50,0.004017061631665668,13,50,semantic_katz_consensus
R_005194,J_001820,0.8241658806800842,17,0.004682383542835875,3,50,semantic_katz_consensus
R_006382,J_001820,0.7610856890678406,37,0.004128206851186181,10,50,semantic_katz_consensus
R_007570,J_001820,0.8250409364700317,16,0.0034831897446568052,31,50,semantic_katz_consensus
R_001407,J_001821,0.7286697626113892,48,0.003210299600836306,2,50,semantic_katz_consensus
R_003085,J_001821,0.7952205538749695,38,0.0022182856962424773,38,50,semantic_katz_consensus
R_000207,J_001822,0.8922073245048523,2,0.0035884324303202013,31,50,semantic_katz_consensus
R_001933,J_001822,0.8395172953605652,35,0.003547335827093774,35,50,semantic_katz_consensus
R_004472,J_001822,0.8722829818725586,17,0.00434335520221701,7,50,semantic_katz_consensus
R_005341,J_001822,0.8350875973701477,41,0.004634159613444664,4,50,semantic_katz_consensus
R_007089,J_001823,0.824657142162323,6,0.0022326289196445324,49,50,semantic_katz_consensus
R_007203,J_001823,0.8165254592895508,11,0.002345781015371857,37,50,semantic_katz_consensus
R_008015,J_001823,0.8019135594367981,32,0.0024190613001804214,29,50,semantic_katz_consensus
R_001302,J_001824,0.7911807298660278,42,0.004116652587890081,13,50,semantic_katz_consensus
R_009783,J_001824,0.8408209085464478,10,0.003993584205892018,16,50,semantic_katz_consensus
R_008826,J_001825,0.8621010780334473,38,0.0028071251777804706,33,50,semantic_katz_consensus
R_004161,J_001826,0.7890810370445251,46,0.0031796505633616273,44,50,semantic_katz_consensus
R_006246,J_001826,0.7932044267654419,42,0.004225820454894613,7,50,semantic_katz_consensus
R_009033,J_001828,0.7907062768936157,35,0.0031222481460625776,8,50,semantic_katz_consensus
R_008584,J_001829,0.8503495454788208,33,0.00267445036131146,21,50,semantic_katz_consensus
R_005286,J_001830,0.8416548371315002,23,0.002872850189861143,47,50,semantic_katz_consensus
R_006275,J_001830,0.8403913378715515,26,0.003217500736228162,21,50,semantic_katz_consensus
R_009590,J_001830,0.8203721046447754,42,0.0034764460795188856,6,50,semantic_katz_consensus
R_000275,J_001831,0.892524242401123,4,0.0034106915437473848,39,50,semantic_katz_consensus
R_001066,J_001832,0.8759037852287292,25,0.0035931692192513096,22,50,semantic_katz_consensus
R_005443,J_001832,0.8623236417770386,41,0.0031979189681048178,47,50,semantic_katz_consensus
R_006505,J_001832,0.8925530910491943,3,0.00338719935612832,30,50,semantic_katz_consensus
R_007550,J_001832,0.8714436888694763,31,0.004895126594787613,1,50,semantic_katz_consensus
R_007154,J_001833,0.8632006049156189,29,0.002967660071618205,41,50,semantic_katz_consensus
R_003309,J_001834,0.8714524507522583,4,0.004221009856736432,1,50,semantic_katz_consensus
R_004127,J_001834,0.8427512049674988,33,0.0033158816619903234,17,50,semantic_katz_consensus
R_007550,J_001834,0.801666259765625,39,0.004069653450806537,3,50,semantic_katz_consensus
R_005191,J_001835,0.8041366338729858,40,0.002913872983860498,50,50,semantic_katz_consensus
R_007463,J_001835,0.8629337549209595,16,0.0033788324758104544,20,50,semantic_katz_consensus
R_002671,J_001836,0.8621926307678223,4,0.004075216609173033,8,50,semantic_katz_consensus
R_007671,J_001836,0.726043164730072,44,0.0036417768096693856,22,50,semantic_katz_consensus
R_008894,J_001836,0.8713275194168091,1,0.003896737924237316,12,50,semantic_katz_consensus
R_001272,J_001837,0.8811672925949097,22,0.003903112690193785,21,50,semantic_katz_consensus
R_002697,J_001837,0.8938731551170349,8,0.003830614489284365,25,50,semantic_katz_consensus
R_003399,J_001837,0.8422553539276123,45,0.004014272671559713,15,50,semantic_katz_consensus
R_004433,J_001837,0.8755452036857605,30,0.0038234428775833374,26,50,semantic_katz_consensus
R_004460,J_001837,0.8825905323028564,19,0.004017888001101056,14,50,semantic_katz_consensus
R_004623,J_001837,0.8703834414482117,34,0.003917441151750425,19,50,semantic_katz_consensus
R_008484,J_001837,0.8744927644729614,31,0.003521054679368754,45,50,semantic_katz_consensus
R_000275,J_001838,0.8743858933448792,20,0.0034106767819019703,6,50,semantic_katz_consensus
R_005456,J_001840,0.9020223021507263,8,0.003682843889204984,32,50,semantic_katz_consensus
R_004910,J_001841,0.8034897446632385,46,0.003291577866781285,30,50,semantic_katz_consensus
R_000453,J_001843,0.7913036346435547,47,0.003154535160562616,21,50,semantic_katz_consensus
R_001207,J_001843,0.8828126788139343,18,0.003594349726022733,8,50,semantic_katz_consensus
R_002587,J_001844,0.7898173928260803,43,0.003506711455966699,28,50,semantic_katz_consensus
R_007908,J_001844,0.8503871560096741,25,0.0036254414719059337,21,50,semantic_katz_consensus
R_009997,J_001844,0.7887700796127319,45,0.003277647828096924,39,50,semantic_katz_consensus
R_000893,J_001846,0.884185791015625,7,0.003640168356334854,38,50,semantic_katz_consensus
R_001617,J_001846,0.8828819394111633,9,0.0042791943579346264,6,50,semantic_katz_consensus
R_003331,J_001846,0.7710314393043518,42,0.0037668815915650896,30,50,semantic_katz_consensus
R_003504,J_001846,0.8743481636047363,30,0.0038102949227981197,26,50,semantic_katz_consensus
R_006658,J_001846,0.8758819103240967,25,0.004153337015830608,10,50,semantic_katz_consensus
R_002324,J_001847,0.8533166646957397,25,0.0036170598297426537,22,50,semantic_katz_consensus
R_006225,J_001847,0.782558798789978,50,0.0034373858761900986,34,50,semantic_katz_consensus
R_007130,J_001847,0.8102861046791077,38,0.0041214336623574335,7,50,semantic_katz_consensus
R_007661,J_001847,0.8314715027809143,35,0.00528835520788188,3,50,semantic_katz_consensus
R_008039,J_001847,0.7922078967094421,44,0.0037640631077683053,18,50,semantic_katz_consensus
R_003221,J_001848,0.8066982626914978,48,0.004411470751531358,4,50,semantic_katz_consensus
R_008027,J_001848,0.8039551973342896,50,0.003886806876121162,14,50,semantic_katz_consensus
R_008066,J_001848,0.8174639940261841,40,0.0034354085236741167,37,50,semantic_katz_consensus
R_009401,J_001849,0.8573448061943054,21,0.0033051094825933673,42,50,semantic_katz_consensus
R_000084,J_001850,0.8840469121932983,5,0.0034342132550572784,47,50,semantic_katz_consensus
R_002125,J_001850,0.8149209022521973,48,0.003919448027957237,18,50,semantic_katz_consensus
R_002746,J_001850,0.9024873971939087,1,0.004231029475925073,9,50,semantic_katz_consensus
R_008358,J_001850,0.8571605086326599,18,0.004390000201964519,6,50,semantic_katz_consensus
R_001760,J_001851,0.8613455891609192,20,0.0030513436366422747,49,50,semantic_katz_consensus
R_002457,J_001851,0.7741191983222961,44,0.0035441632059609544,15,50,semantic_katz_consensus
R_000536,J_001852,0.7912331223487854,50,0.0027975777906911817,38,50,semantic_katz_consensus
R_000952,J_001852,0.8768672943115234,26,0.0027660876219357017,39,50,semantic_katz_consensus
R_001827,J_001852,0.8868618607521057,12,0.004361269469624164,1,50,semantic_katz_consensus
R_005502,J_001853,0.8838052749633789,24,0.0023043302748093943,24,50,semantic_katz_consensus
R_006396,J_001853,0.8310648798942566,38,0.002473261572655822,10,50,semantic_katz_consensus
R_001145,J_001854,0.852372407913208,39,0.004487171097264427,5,50,semantic_katz_consensus
R_001546,J_001854,0.875603973865509,20,0.0036568873551251703,25,50,semantic_katz_consensus
R_004069,J_001854,0.849968433380127,43,0.0036660658430330093,24,50,semantic_katz_consensus
R_001496,J_001855,0.797020435333252,43,0.0036031297910582923,20,50,semantic_katz_consensus
R_001714,J_001855,0.8321622610092163,15,0.003511477768588636,26,50,semantic_katz_consensus
R_003824,J_001855,0.8387896418571472,9,0.0032923747125258437,45,50,semantic_katz_consensus
R_009997,J_001856,0.7925339341163635,45,0.004015467940176551,9,50,semantic_katz_consensus
R_002011,J_001857,0.8057704567909241,43,0.004590008483848733,23,50,semantic_katz_consensus
R_008498,J_001857,0.831821858882904,34,0.005237770264947822,7,50,semantic_katz_consensus
R_006908,J_001858,0.8548334240913391,49,0.0034911582021023915,24,50,semantic_katz_consensus
R_002578,J_001859,0.849217414855957,30,0.0034780250091625883,21,50,semantic_katz_consensus
R_002587,J_001859,0.8755495548248291,6,0.0033314201540092163,31,50,semantic_katz_consensus
R_007397,J_001859,0.8474700450897217,32,0.003486790312352733,20,50,semantic_katz_consensus
R_009821,J_001859,0.853909432888031,25,0.0034692892296632727,23,50,semantic_katz_consensus
R_009997,J_001859,0.8642138838768005,11,0.003819458648860544,11,50,semantic_katz_consensus
R_001796,J_001860,0.8340693116188049,33,0.0037955089909875415,14,50,semantic_katz_consensus
R_005178,J_001860,0.8283751606941223,41,0.003107919684505937,50,50,semantic_katz_consensus
R_005372,J_001860,0.8737615942955017,5,0.0038246233843547608,13,50,semantic_katz_consensus
R_005389,J_001860,0.8429983854293823,24,0.0034154726182147365,32,50,semantic_katz_consensus
R_006524,J_001860,0.8260553479194641,43,0.003317076930607161,37,50,semantic_katz_consensus
R_003138,J_001862,0.7879723310470581,46,0.00405967811715414,34,50,semantic_katz_consensus
R_004128,J_001862,0.8944553136825562,26,0.005128159689534767,4,50,semantic_katz_consensus
R_006156,J_001862,0.8962606191635132,22,0.003787998003795893,44,50,semantic_katz_consensus
R_005103,J_001863,0.8296615481376648,45,0.0029481521127219332,34,50,semantic_katz_consensus
R_008543,J_001863,0.839621901512146,38,0.0028573116978422497,38,50,semantic_katz_consensus
R_004592,J_001864,0.8617973923683167,35,0.0030820074359623672,14,50,semantic_katz_consensus
R_006438,J_001864,0.8831733465194702,8,0.0026126800542627523,39,50,semantic_katz_consensus
R_008191,J_001864,0.8272750377655029,42,0.002698754156520498,31,50,semantic_katz_consensus
R_009987,J_001864,0.8694791197776794,26,0.003841357144990492,2,50,semantic_katz_consensus
R_002477,J_001865,0.8946645855903625,9,0.003270048269832788,19,50,semantic_katz_consensus
R_004180,J_001865,0.8224414587020874,46,0.00310034964993263,33,50,semantic_katz_consensus
R_005908,J_001865,0.8921633958816528,14,0.003037797258984778,38,50,semantic_katz_consensus
R_005088,J_001866,0.7610677480697632,33,0.0038313818113380944,35,50,semantic_katz_consensus
R_003594,J_001867,0.8621455430984497,21,0.003309108473161575,16,50,semantic_katz_consensus
R_007095,J_001867,0.8588367700576782,23,0.003162872517189653,27,50,semantic_katz_consensus
R_004636,J_001868,0.8656549453735352,25,0.0040047252844704236,33,50,semantic_katz_consensus
R_008878,J_001868,0.8747891187667847,14,0.004462527926564768,11,50,semantic_katz_consensus
R_002253,J_001869,0.8661709427833557,20,0.0031692620449915365,21,50,semantic_katz_consensus
R_009173,J_001869,0.8692010045051575,14,0.0028887871047523156,42,50,semantic_katz_consensus
R_009376,J_001869,0.8538931012153625,29,0.0030218603440936055,29,50,semantic_katz_consensus
R_000501,J_001870,0.8006724715232849,47,0.0027748381632804325,29,50,semantic_katz_consensus
R_003244,J_001870,0.8884994387626648,4,0.0025708751763642533,44,50,semantic_katz_consensus
R_007127,J_001870,0.8714675307273865,30,0.0025369944703750977,50,50,semantic_katz_consensus
R_006008,J_001872,0.7901293039321899,38,0.004169628068057815,6,50,semantic_katz_consensus
R_001383,J_001873,0.8824319243431091,24,0.0035409758229827198,18,50,semantic_katz_consensus
R_002723,J_001873,0.8279252052307129,41,0.0032991183776637633,23,50,semantic_katz_consensus
R_004868,J_001873,0.8703472018241882,30,0.003158106204567716,28,50,semantic_katz_consensus
R_008013,J_001873,0.9001410007476807,7,0.002971659062186412,42,50,semantic_katz_consensus
R_007763,J_001874,0.762794554233551,49,0.003790004880002704,29,50,semantic_katz_consensus
R_001283,J_001875,0.7986137866973877,34,0.004138949506892309,6,50,semantic_katz_consensus
R_001382,J_001875,0.8165826201438904,16,0.003604310297829716,15,50,semantic_katz_consensus
R_001573,J_001875,0.8036309480667114,29,0.003585584422832588,16,50,semantic_katz_consensus
R_003748,J_001875,0.8287101984024048,4,0.005371182879779733,1,50,semantic_katz_consensus
R_006382,J_001875,0.8284589648246765,5,0.004554076616116522,2,50,semantic_katz_consensus
R_006668,J_001875,0.7807662487030029,50,0.003382388757970139,21,50,semantic_katz_consensus
R_001433,J_001876,0.8864022493362427,15,0.005078386354190682,4,50,semantic_katz_consensus
R_001836,J_001876,0.8770890235900879,31,0.0035214531022410333,50,50,semantic_katz_consensus
R_002153,J_001876,0.8825547695159912,20,0.0048779944112796025,5,50,semantic_katz_consensus
R_007524,J_001876,0.7907132506370544,47,0.0038883710439194504,33,50,semantic_katz_consensus
R_009914,J_001876,0.8733521699905396,36,0.003916644306005867,30,50,semantic_katz_consensus
R_000728,J_001877,0.876541793346405,8,0.003751741522418476,10,50,semantic_katz_consensus
R_001326,J_001877,0.8613091707229614,26,0.003161352634927608,36,50,semantic_katz_consensus
R_000207,J_001879,0.811874270439148,49,0.005052105206465662,1,50,semantic_katz_consensus
R_009742,J_001879,0.8501062393188477,36,0.0032449771525700204,38,50,semantic_katz_consensus
R_000547,J_001880,0.8958736658096313,5,0.0028644833095432774,45,50,semantic_katz_consensus
R_000453,J_001881,0.8829390406608582,7,0.003023468797428137,41,50,semantic_katz_consensus
R_000759,J_001881,0.7743628025054932,50,0.0045305696666520425,1,50,semantic_katz_consensus
R_002452,J_001881,0.8723036646842957,20,0.002989971752465846,45,50,semantic_katz_consensus
R_004295,J_001881,0.8624736666679382,27,0.0032676872562899407,18,50,semantic_katz_consensus
R_009420,J_001881,0.7799333333969116,38,0.003082420620680061,32,50,semantic_katz_consensus
R_004802,J_001882,0.8700833320617676,20,0.004739358013571816,5,50,semantic_katz_consensus
R_008044,J_001882,0.8743616342544556,9,0.004086401973287683,17,50,semantic_katz_consensus
R_004159,J_001883,0.7773030996322632,47,0.003252517663452498,48,50,semantic_katz_consensus
R_000207,J_001884,0.8736578226089478,7,0.0050282293578197326,6,50,semantic_katz_consensus
R_001032,J_001884,0.8256163001060486,48,0.00423299206659564,28,50,semantic_katz_consensus
R_004472,J_001884,0.8654069304466248,12,0.0039111106713302,44,50,semantic_katz_consensus
R_002932,J_001885,0.8887411952018738,11,0.004196750347063637,13,50,semantic_katz_consensus
R_005896,J_001885,0.8430401682853699,43,0.004333778291436892,9,50,semantic_katz_consensus
R_009751,J_001885,0.878528356552124,25,0.003472860273668372,48,50,semantic_katz_consensus
R_006158,J_001886,0.8571780920028687,10,0.003473627595722102,40,50,semantic_katz_consensus
R_007422,J_001886,0.8345193266868591,27,0.0034533375529266857,42,50,semantic_katz_consensus
R_007823,J_001886,0.8567266464233398,12,0.003699533364304471,27,50,semantic_katz_consensus
R_008838,J_001886,0.7710381150245667,44,0.0035529285091510992,34,50,semantic_katz_consensus
R_003879,J_001887,0.8651594519615173,43,0.003705126046361796,19,50,semantic_katz_consensus
R_002434,J_001888,0.8561716079711914,11,0.003273250414656437,37,50,semantic_katz_consensus
R_007737,J_001888,0.7831200361251831,32,0.003351341297623182,35,50,semantic_katz_consensus
R_009008,J_001888,0.769661009311676,44,0.0031848152988558443,44,50,semantic_katz_consensus
R_009562,J_001888,0.7680008411407471,46,0.0036823864189510463,15,50,semantic_katz_consensus
R_002075,J_001889,0.8535472750663757,19,0.003544546866987819,18,50,semantic_katz_consensus
R_000016,J_001890,0.862272322177887,35,0.003552559609969649,29,50,semantic_katz_consensus
R_000238,J_001892,0.8888359665870667,21,0.004042973880209238,11,50,semantic_katz_consensus
R_003946,J_001892,0.8054526448249817,50,0.0035844039160611648,35,50,semantic_katz_consensus
R_008125,J_001892,0.8725559711456299,32,0.0034218326223257912,44,50,semantic_katz_consensus
R_006793,J_001893,0.8789812326431274,23,0.003052524143413698,11,50,semantic_katz_consensus
R_001098,J_001894,0.8538159728050232,43,0.0032692957096244722,45,50,semantic_katz_consensus
R_004433,J_001894,0.9149456024169922,1,0.00325653141586612,48,50,semantic_katz_consensus
R_004460,J_001894,0.8749780654907227,30,0.0036103309264501494,29,50,semantic_katz_consensus
R_000692,J_001896,0.8760688900947571,13,0.003176817317719429,29,50,semantic_katz_consensus
R_002253,J_001896,0.8889551162719727,1,0.0030967638440821165,34,50,semantic_katz_consensus
R_009173,J_001896,0.8822395205497742,6,0.0031509345928666882,31,50,semantic_katz_consensus
R_009376,J_001896,0.8612685203552246,28,0.003461689671399137,17,50,semantic_katz_consensus
R_004421,J_001897,0.8524954915046692,44,0.002534589171296007,46,50,semantic_katz_consensus
R_001980,J_001898,0.8756335973739624,15,0.0024346145540447292,45,50,semantic_katz_consensus
R_008906,J_001898,0.8818020820617676,8,0.002632601197876718,26,50,semantic_katz_consensus
R_001326,J_001899,0.89304119348526,3,0.005776393702733207,1,50,semantic_katz_consensus
R_003138,J_001900,0.815366804599762,39,0.003742563034510637,49,50,semantic_katz_consensus
R_007520,J_001900,0.8206775188446045,34,0.004268864886946193,18,50,semantic_katz_consensus
R_008834,J_001900,0.8948116898536682,6,0.0037848106208176586,46,50,semantic_katz_consensus
R_005382,J_001901,0.8003568649291992,38,0.0035453437127323777,39,50,semantic_katz_consensus
R_007463,J_001901,0.8584674000740051,12,0.0037628973628422964,28,50,semantic_katz_consensus
R_009968,J_001901,0.78704833984375,50,0.003925409609196012,21,50,semantic_katz_consensus
R_004161,J_001902,0.8126060366630554,19,0.0035859976075502823,18,50,semantic_katz_consensus
R_007940,J_001902,0.8025815486907959,23,0.003328601670212432,30,50,semantic_katz_consensus
R_004474,J_001903,0.8655641674995422,10,0.004470024151911002,15,50,semantic_katz_consensus
R_007175,J_001904,0.8595516681671143,5,0.0028417584439779423,44,50,semantic_katz_consensus
R_009797,J_001904,0.8373919725418091,33,0.002999961847963658,32,50,semantic_katz_consensus
R_006028,J_001905,0.855318009853363,8,0.0034792055159340116,28,50,semantic_katz_consensus
R_009484,J_001905,0.8461342453956604,15,0.0033573176407073716,35,50,semantic_katz_consensus
R_002614,J_001906,0.8703908920288086,43,0.0037166655478124816,30,50,semantic_katz_consensus
R_003331,J_001906,0.7871326208114624,46,0.003593980826841283,39,50,semantic_katz_consensus
R_003504,J_001906,0.8871510028839111,29,0.004024233243366696,15,50,semantic_katz_consensus
R_006658,J_001906,0.8902609944343567,23,0.004877212327380458,3,50,semantic_katz_consensus
R_009488,J_001906,0.8980386853218079,8,0.003538201624722179,41,50,semantic_katz_consensus
R_009719,J_001906,0.8871888518333435,28,0.003548531095710612,40,50,semantic_katz_consensus
R_002089,J_001907,0.8706408739089966,7,0.0036214720050285554,29,50,semantic_katz_consensus
R_003058,J_001907,0.8614121675491333,15,0.003493607786717725,41,50,semantic_katz_consensus
R_006289,J_001907,0.8426868319511414,24,0.003504291395042194,40,50,semantic_katz_consensus
R_008783,J_001907,0.8523741960525513,21,0.00385016673371688,24,50,semantic_katz_consensus
R_004472,J_001908,0.8681084513664246,22,0.004744935933783727,4,50,semantic_katz_consensus
R_004484,J_001908,0.831795334815979,44,0.004012693741916011,19,50,semantic_katz_consensus
R_002429,J_001909,0.8098738193511963,45,0.0037608904866354856,14,50,semantic_katz_consensus
R_006024,J_001909,0.8660281300544739,25,0.0031330055636141193,48,50,semantic_katz_consensus
R_001113,J_001911,0.8574573397636414,22,0.0040429591183638236,15,50,semantic_katz_consensus
R_002152,J_001911,0.8274256587028503,48,0.0037122828962174092,28,50,semantic_katz_consensus
R_005240,J_001912,0.7720598578453064,32,0.0037807968684040365,13,50,semantic_katz_consensus
R_006175,J_001913,0.8339079022407532,14,0.0034911877257932204,24,50,semantic_katz_consensus
R_002470,J_001914,0.771202027797699,35,0.003274844106145554,47,50,semantic_katz_consensus
R_003596,J_001915,0.8808437585830688,41,0.002831797872170959,46,50,semantic_katz_consensus
R_005303,J_001916,0.8153167963027954,40,0.0030218308204027766,13,50,semantic_katz_consensus
R_006601,J_001917,0.8774656653404236,6,0.0046417591717088005,12,50,semantic_katz_consensus
R_007636,J_001917,0.8435560464859009,39,0.004113081543884982,27,50,semantic_katz_consensus
R_008864,J_001917,0.852449893951416,30,0.0043955485984856,17,50,semantic_katz_consensus
R_003331,J_001918,0.889600932598114,13,0.0038732604984636656,28,50,semantic_katz_consensus
R_004536,J_001918,0.893057107925415,9,0.004518661266019908,9,50,semantic_katz_consensus
R_007084,J_001918,0.8777463436126709,36,0.0037712790050055765,35,50,semantic_katz_consensus
R_002470,J_001919,0.7824404239654541,37,0.0034290189958722335,32,50,semantic_katz_consensus
R_009709,J_001919,0.7688894271850586,50,0.003272866753629572,46,50,semantic_katz_consensus
R_001383,J_001920,0.8599210977554321,26,0.003965665081141637,13,50,semantic_katz_consensus
R_004748,J_001920,0.8734328150749207,15,0.0036266367405227715,26,50,semantic_katz_consensus
R_006412,J_001921,0.7832037806510925,46,0.005048165263279112,2,50,semantic_katz_consensus
R_009182,J_001921,0.8717960715293884,9,0.003160895164673671,47,50,semantic_katz_consensus
R_004033,J_001922,0.8849563002586365,4,0.00346567390012193,17,50,semantic_katz_consensus
R_006793,J_001923,0.8563011884689331,37,0.0034338000703395847,22,50,semantic_katz_consensus
R_000966,J_001925,0.8408212065696716,30,0.0034784234320348675,16,50,semantic_katz_consensus
R_001826,J_001925,0.8307929635047913,49,0.0030895774705356743,39,50,semantic_katz_consensus
R_005815,J_001925,0.834585428237915,42,0.0032098864161186117,32,50,semantic_katz_consensus
R_003221,J_001926,0.8612909913063049,21,0.004571238323315362,8,50,semantic_katz_consensus
R_003223,J_001926,0.8632920384407043,16,0.003992359413584351,30,50,semantic_katz_consensus
R_009487,J_001926,0.8681240081787109,10,0.004429783441810792,11,50,semantic_katz_consensus
R_004033,J_001927,0.8513480424880981,29,0.003316265323017188,15,50,semantic_katz_consensus
R_004922,J_001928,0.8576511740684509,1,0.003281632056819717,34,50,semantic_katz_consensus
R_008568,J_001928,0.8170645833015442,29,0.0035760665594341285,22,50,semantic_katz_consensus
R_004767,J_001929,0.8858436942100525,26,0.004715482164925887,9,50,semantic_katz_consensus
R_006330,J_001929,0.9027348756790161,9,0.00399595998128028,36,50,semantic_katz_consensus
R_009614,J_001929,0.8891513347625732,21,0.003810708107515814,50,50,semantic_katz_consensus
R_002612,J_001930,0.8714576959609985,19,0.004070051873678817,3,50,semantic_katz_consensus
R_006149,J_001930,0.8584473133087158,32,0.002937793118042671,49,50,semantic_katz_consensus
R_001700,J_001931,0.8704657554626465,4,0.003603144552903707,17,50,semantic_katz_consensus
R_008703,J_001931,0.859187126159668,11,0.0049194451518420656,2,50,semantic_katz_consensus
R_000682,J_001932,0.8365119695663452,40,0.004022241129005299,25,50,semantic_katz_consensus
R_000874,J_001932,0.8314833045005798,46,0.0036788301367913613,49,50,semantic_katz_consensus
R_003931,J_001932,0.8777181506156921,4,0.004023451159467552,24,50,semantic_katz_consensus
R_009677,J_001932,0.8594564199447632,26,0.0037282345729539963,43,50,semantic_katz_consensus
R_009437,J_001933,0.8701431155204773,19,0.0033174458297886115,37,50,semantic_katz_consensus
R_002513,J_001934,0.893575131893158,10,0.00366249479902791,33,50,semantic_katz_consensus
R_004922,J_001935,0.8397282958030701,28,0.0036867985942369477,19,50,semantic_katz_consensus
R_005447,J_001935,0.8305695056915283,35,0.004090755101191926,10,50,semantic_katz_consensus
R_005781,J_001935,0.8579399585723877,9,0.0046385422650397365,5,50,semantic_katz_consensus
R_008568,J_001935,0.8638875484466553,4,0.004562089359098352,8,50,semantic_katz_consensus
R_008907,J_001935,0.8460246324539185,22,0.0034401895981414684,30,50,semantic_katz_consensus
R_009569,J_001935,0.8334901928901672,34,0.0037274229653640233,18,50,semantic_katz_consensus
R_008905,J_001936,0.8516114950180054,27,0.003064107930400627,44,50,semantic_katz_consensus
R_003551,J_001937,0.869448721408844,27,0.003090772739152512,29,50,semantic_katz_consensus
R_008687,J_001937,0.867367148399353,29,0.003211893292325423,24,50,semantic_katz_consensus
R_001025,J_001939,0.845166027545929,39,0.0031521150996381116,17,50,semantic_katz_consensus
R_004228,J_001939,0.8699519634246826,9,0.003417863155448412,6,50,semantic_katz_consensus
R_007460,J_001940,0.8657700419425964,45,0.003964469812524799,11,50,semantic_katz_consensus
R_009889,J_001940,0.8804494142532349,23,0.004003515254008171,10,50,semantic_katz_consensus
R_007651,J_001943,0.8778615593910217,18,0.0037174623935570406,47,50,semantic_katz_consensus
R_008677,J_001943,0.8066417574882507,50,0.004406689677064006,10,50,semantic_katz_consensus
R_001924,J_001944,0.8684795498847961,11,0.003661697953283351,41,50,semantic_katz_consensus
R_005075,J_001944,0.8147510290145874,40,0.003641762047823971,43,50,semantic_katz_consensus
R_008783,J_001944,0.8035115599632263,42,0.0049584905933254386,6,50,semantic_katz_consensus
R_000747,J_001945,0.8549633026123047,3,0.0030867737485843045,31,50,semantic_katz_consensus
R_004445,J_001945,0.8438122868537903,12,0.0029959628573954502,39,50,semantic_katz_consensus
R_006095,J_001945,0.835949718952179,23,0.0029573306006297714,42,50,semantic_katz_consensus
R_000283,J_001946,0.8940766453742981,8,0.00473178797899851,1,50,semantic_katz_consensus
R_001342,J_001946,0.8899334669113159,20,0.004415041795536457,8,50,semantic_katz_consensus
R_002936,J_001946,0.898842990398407,3,0.003717078732530176,17,50,semantic_katz_consensus
R_004370,J_001946,0.8967149257659912,5,0.003767235728901125,16,50,semantic_katz_consensus
R_001573,J_001947,0.8602344393730164,4,0.003164480970524185,17,50,semantic_katz_consensus
R_005662,J_001947,0.8097900748252869,45,0.0034102931208751055,8,50,semantic_katz_consensus
R_007138,J_001947,0.8334075808525085,29,0.002858905389331367,39,50,semantic_katz_consensus
R_007393,J_001947,0.8335934281349182,28,0.0029796275196319983,25,50,semantic_katz_consensus
R_006782,J_001948,0.8618370294570923,8,0.003184416875983565,46,50,semantic_katz_consensus
R_009932,J_001948,0.7817041873931885,43,0.0035242568241924035,26,50,semantic_katz_consensus
R_002540,J_001949,0.8773385286331177,10,0.0032465265585228937,21,50,semantic_katz_consensus
R_001841,J_001950,0.8768123388290405,5,0.0030409846419630123,33,50,semantic_katz_consensus
R_009042,J_001950,0.8542481064796448,22,0.004011468949608343,2,50,semantic_katz_consensus
R_004331,J_001951,0.8213463425636292,26,0.003461291248526857,37,50,semantic_katz_consensus
R_003872,J_001952,0.8608583807945251,37,0.003101943341421747,40,50,semantic_katz_consensus
R_008710,J_001952,0.8614717721939087,36,0.0031194591859566223,38,50,semantic_katz_consensus
R_009987,J_001952,0.8650031685829163,35,0.0038644804334281063,10,50,semantic_katz_consensus
R_000479,J_001953,0.835879385471344,26,0.0034712370584884258,41,50,semantic_katz_consensus
R_001885,J_001953,0.8502830862998962,13,0.004210267201030305,10,50,semantic_katz_consensus
R_007460,J_001954,0.8765778541564941,49,0.004931766737191895,4,50,semantic_katz_consensus
R_009889,J_001954,0.8861750364303589,33,0.0037756468947552344,32,50,semantic_katz_consensus
R_001627,J_001955,0.8423379063606262,12,0.00508555796589171,1,50,semantic_katz_consensus
R_003189,J_001955,0.8707426190376282,1,0.004015851601203416,21,50,semantic_katz_consensus
R_005385,J_001955,0.8432152271270752,10,0.004090386202010476,16,50,semantic_katz_consensus
R_006087,J_001955,0.8370040655136108,17,0.0038620898961944303,33,50,semantic_katz_consensus
R_007576,J_001955,0.808668851852417,27,0.004012280557198317,22,50,semantic_katz_consensus
R_001095,J_001956,0.8702680468559265,30,0.003427823727255395,29,50,semantic_katz_consensus
R_002212,J_001956,0.8243691325187683,37,0.004006673113295577,9,50,semantic_katz_consensus
R_005148,J_001957,0.8870669603347778,14,0.004436143445921846,13,50,semantic_katz_consensus
R_007520,J_001958,0.8152610659599304,43,0.0033800425062727067,31,50,semantic_katz_consensus
R_009087,J_001958,0.9004249572753906,23,0.0038859805066857748,11,50,semantic_katz_consensus
R_002127,J_001959,0.8323416113853455,34,0.004373222155792543,4,50,semantic_katz_consensus
R_006043,J_001959,0.8482158184051514,18,0.0031875894971163847,48,50,semantic_katz_consensus
R_002837,J_001960,0.7814062833786011,34,0.004120636816612875,34,50,semantic_katz_consensus
R_003412,J_001960,0.7748704552650452,45,0.004065241275520636,39,50,semantic_katz_consensus
R_007463,J_001960,0.8152967691421509,21,0.004050145491910266,40,50,semantic_katz_consensus
R_007678,J_001961,0.8967427015304565,4,0.002883209184540405,46,50,semantic_katz_consensus
R_007700,J_001961,0.8869433403015137,25,0.002943371038254581,36,50,semantic_katz_consensus
R_003085,J_001962,0.8176934719085693,17,0.003034595114161129,9,50,semantic_katz_consensus
R_007521,J_001962,0.8441771268844604,5,0.0026740371765937663,19,50,semantic_katz_consensus
R_009960,J_001962,0.8213441371917725,16,0.002407920221602015,49,50,semantic_katz_consensus
R_000133,J_001963,0.9016557335853577,8,0.004616658530755203,6,50,semantic_katz_consensus
R_001038,J_001963,0.8785781264305115,27,0.0036676595345221264,24,50,semantic_katz_consensus
R_001905,J_001963,0.8523020148277283,42,0.00353817210103135,34,50,semantic_katz_consensus
R_004460,J_001963,0.893708348274231,18,0.0036083388120887526,31,50,semantic_katz_consensus
R_004623,J_001963,0.8735634088516235,31,0.0036823864189510463,23,50,semantic_katz_consensus
R_007957,J_001963,0.8996090888977051,11,0.003503907734015329,39,50,semantic_katz_consensus
R_001105,J_001964,0.8771311044692993,10,0.003983992533266485,11,50,semantic_katz_consensus
R_005457,J_001965,0.8620814085006714,20,0.004130995811292137,3,50,semantic_katz_consensus
R_007795,J_001966,0.7636995911598206,48,0.004018242138437092,21,50,semantic_katz_consensus
R_005692,J_001970,0.883928656578064,31,0.0035214678640864477,27,50,semantic_katz_consensus
R_006396,J_001970,0.8076295852661133,39,0.0036999465490221654,23,50,semantic_katz_consensus
R_009087,J_001970,0.889065146446228,23,0.003435806946546396,34,50,semantic_katz_consensus
R_004278,J_001972,0.8880900740623474,6,0.003183221607366727,37,50,semantic_katz_consensus
R_006702,J_001972,0.8895474076271057,4,0.003829817643539806,10,50,semantic_katz_consensus
R_007770,J_001972,0.8405258655548096,45,0.003616262983998095,14,50,semantic_katz_consensus
R_000133,J_001973,0.8470109701156616,37,0.004862072258233844,3,50,semantic_katz_consensus
R_002697,J_001973,0.8750069737434387,14,0.0036907828229597412,38,50,semantic_katz_consensus
R_004433,J_001973,0.85636967420578,33,0.0036660806048784238,41,50,semantic_katz_consensus
R_004460,J_001973,0.8652777671813965,24,0.004041793373437815,21,50,semantic_katz_consensus
R_000366,J_001974,0.8808667063713074,9,0.003615052953535843,10,50,semantic_katz_consensus
R_007405,J_001974,0.8764030337333679,13,0.004034975899072823,4,50,semantic_katz_consensus
R_004560,J_001975,0.8720494508743286,12,0.0031421692896765434,22,50,semantic_katz_consensus
R_001028,J_001976,0.8912650942802429,4,0.0030828042817069258,34,50,semantic_katz_consensus
R_008191,J_001976,0.8332342505455017,48,0.0030294303786669126,38,50,semantic_katz_consensus
R_001022,J_001977,0.7965183854103088,46,0.004371244803276561,13,50,semantic_katz_consensus
R_001143,J_001977,0.8775841593742371,29,0.004486359489674454,9,50,semantic_katz_consensus
R_002512,J_001977,0.8725454807281494,34,0.003975241991921755,36,50,semantic_katz_consensus
R_003561,J_001978,0.8015740513801575,36,0.003463696547605948,46,50,semantic_katz_consensus
R_006370,J_001978,0.7925980687141418,42,0.00370033021004903,30,50,semantic_katz_consensus
R_006910,J_001978,0.7879148721694946,49,0.003466455984021074,43,50,semantic_katz_consensus
R_000605,J_001979,0.7818863391876221,46,0.0034294174187445127,22,50,semantic_katz_consensus
R_003543,J_001979,0.8142760992050171,39,0.0030752342471336187,49,50,semantic_katz_consensus
R_005942,J_001979,0.8494190573692322,10,0.00341982574611898,23,50,semantic_katz_consensus
R_003300,J_001980,0.8725360631942749,39,0.0034736571194129307,45,50,semantic_katz_consensus
R_002789,J_001981,0.8807036876678467,38,0.0029784322510151605,46,50,semantic_katz_consensus
R_009042,J_001981,0.8925684094429016,29,0.003566076463936316,16,50,semantic_katz_consensus
R_005075,J_001983,0.7977411150932312,47,0.002944566306871419,44,50,semantic_katz_consensus
R_005260,J_001983,0.8404465913772583,35,0.0035270162606075295,19,50,semantic_katz_consensus
R_009042,J_001984,0.8692387938499451,18,0.0035537253548956578,14,50,semantic_katz_consensus
R_009785,J_001984,0.8832274079322815,7,0.004058084425665022,5,50,semantic_katz_consensus
R_004910,J_001985,0.7994577288627625,44,0.0031481603946061473,44,50,semantic_katz_consensus
R_008131,J_001985,0.8798558115959167,28,0.0031421692896765434,45,50,semantic_katz_consensus
R_002395,J_001986,0.8099737763404846,48,0.0032453755754422997,24,50,semantic_katz_consensus
R_000006,J_001987,0.8726438879966736,3,0.0032728815154749865,30,50,semantic_katz_consensus
R_001926,J_001987,0.8730266690254211,2,0.003493548739336067,18,50,semantic_katz_consensus
R_005785,J_001988,0.8756208419799805,4,0.003608294526552509,8,50,semantic_katz_consensus
R_007253,J_001988,0.8115245699882507,42,0.0033588818085056598,15,50,semantic_katz_consensus
R_007363,J_001988,0.8816730380058289,1,0.0029796275196319983,41,50,semantic_katz_consensus
R_009325,J_001988,0.8628150820732117,14,0.003499554606111086,10,50,semantic_katz_consensus
R_009892,J_001988,0.8366401791572571,25,0.0029386194874780583,46,50,semantic_katz_consensus
R_005626,J_001989,0.8604291081428528,15,0.0037449388098988986,16,50,semantic_katz_consensus
R_001086,J_001991,0.8433294892311096,17,0.003292773135398123,47,50,semantic_katz_consensus
R_002136,J_001991,0.7899256944656372,47,0.0033752466699599405,39,50,semantic_katz_consensus
R_005025,J_001991,0.8311754465103149,23,0.003321858005074513,44,50,semantic_katz_consensus
R_005732,J_001991,0.8578079342842102,8,0.003593966064995868,23,50,semantic_katz_consensus
R_003034,J_001993,0.8615542054176331,17,0.00287444388135026,33,50,semantic_katz_consensus
R_007286,J_001993,0.8551628589630127,29,0.0030501483680254364,20,50,semantic_katz_consensus
R_009948,J_001993,0.8685921430587769,9,0.0030441572630958325,21,50,semantic_katz_consensus
R_003831,J_001994,0.8829838633537292,24,0.0042493126425136776,17,50,semantic_katz_consensus
R_004340,J_001994,0.8828376531600952,25,0.0036362136513028898,47,50,semantic_katz_consensus
R_007076,J_001994,0.8805219531059265,27,0.004145752219411886,23,50,semantic_katz_consensus
R_000606,J_001996,0.8684064149856567,49,0.004573628860549038,10,50,semantic_katz_consensus
R_000645,J_001996,0.8929592967033386,8,0.003842950836479609,49,50,semantic_katz_consensus
R_001808,J_001996,0.893164873123169,7,0.004045349655597499,31,50,semantic_katz_consensus
R_004536,J_001996,0.8970719575881958,4,0.00409637730694008,24,50,semantic_katz_consensus
R_005096,J_001996,0.8620790839195251,50,0.004058099187510438,30,50,semantic_katz_consensus
R_007084,J_001996,0.8855941295623779,27,0.004796347246153173,6,50,semantic_katz_consensus
R_007287,J_001996,0.8867154121398926,26,0.004498312175842833,14,50,semantic_katz_consensus
R_001302,J_001997,0.8581542372703552,24,0.0036218556660554202,27,50,semantic_katz_consensus
R_008803,J_001997,0.8269492983818054,44,0.003502314042526212,39,50,semantic_katz_consensus
R_009783,J_001997,0.8741403222084045,12,0.004152540170086049,13,50,semantic_katz_consensus
R_000052,J_001998,0.86337810754776,14,0.0032975394480200602,43,50,semantic_katz_consensus
R_000605,J_001999,0.8282351493835449,32,0.0024736599955281014,49,50,semantic_katz_consensus
R_000975,J_001999,0.8258119821548462,33,0.0026254295861756903,32,50,semantic_katz_consensus
R_009173,J_001999,0.8761309385299683,9,0.002981206449275701,11,50,semantic_katz_consensus
R_003175,J_002000,0.8123831748962402,30,0.0037501478309293584,18,50,semantic_katz_consensus
R_005025,J_002000,0.7892581820487976,43,0.003346958646028109,44,50,semantic_katz_consensus
R_001407,J_002003,0.7995427846908569,38,0.00636639892919721,2,50,semantic_katz_consensus
R_006671,J_002003,0.8415817022323608,17,0.0034453838573265142,41,50,semantic_katz_consensus
R_008352,J_002003,0.8489421606063843,11,0.0036206603974385824,32,50,semantic_katz_consensus
R_003386,J_002004,0.8137797117233276,34,0.003802326465352534,22,50,semantic_katz_consensus
R_006765,J_002005,0.8202823996543884,35,0.0035122598524877802,9,50,semantic_katz_consensus
R_009077,J_002005,0.8175994157791138,36,0.0031270292205299293,27,50,semantic_katz_consensus
R_009022,J_002006,0.8607932329177856,12,0.003243383461080903,50,50,semantic_katz_consensus
R_003182,J_002007,0.8713518381118774,42,0.0032963441794032224,44,50,semantic_katz_consensus
R_003946,J_002007,0.880338728427887,30,0.003246969266931417,50,50,semantic_katz_consensus
R_007443,J_002007,0.8700457215309143,43,0.0035405774001104405,29,50,semantic_katz_consensus
R_003458,J_002008,0.8641894459724426,28,0.0031385834838260295,16,50,semantic_katz_consensus
R_005911,J_002008,0.8795119524002075,12,0.002798758297462605,48,50,semantic_katz_consensus
R_003741,J_002009,0.8555205464363098,41,0.002997158126012288,26,50,semantic_katz_consensus
R_006202,J_002009,0.8904057145118713,10,0.0028246410223153463,43,50,semantic_katz_consensus
R_008708,J_002009,0.8909364938735962,9,0.002976823797680629,29,50,semantic_katz_consensus
R_001490,J_002010,0.8017896413803101,41,0.004378416414977589,13,50,semantic_katz_consensus
R_008807,J_002010,0.8367707133293152,36,0.004015084279149686,25,50,semantic_katz_consensus
R_003594,J_002011,0.880252480506897,9,0.0026816367348579022,46,50,semantic_katz_consensus
R_007158,J_002011,0.8547007441520691,31,0.002748527491864583,41,50,semantic_katz_consensus
R_000006,J_002012,0.767825186252594,46,0.0035414037695458284,27,50,semantic_katz_consensus
R_001885,J_002012,0.8605833053588867,3,0.0032728519917841576,49,50,semantic_katz_consensus
R_002328,J_002012,0.8546684980392456,6,0.0041903608192617545,8,50,semantic_katz_consensus
R_002870,J_002012,0.8405314683914185,20,0.0032839930703625637,48,50,semantic_katz_consensus
R_004206,J_002012,0.8504037261009216,11,0.003964853473551664,11,50,semantic_katz_consensus
R_004082,J_002013,0.8390296697616577,49,0.005549691088406279,1,50,semantic_katz_consensus
R_005896,J_002013,0.8920186161994934,4,0.003565678041064037,23,50,semantic_katz_consensus
R_001247,J_002014,0.8389632105827332,36,0.003319083806813972,46,50,semantic_katz_consensus
R_006808,J_002014,0.8645713925361633,12,0.003370465595492589,42,50,semantic_katz_consensus
R_008797,J_002014,0.8744210004806519,4,0.0039011353376778033,17,50,semantic_katz_consensus
R_001747,J_002015,0.8702396154403687,6,0.0034656591382765155,48,50,semantic_katz_consensus
R_005621,J_002015,0.8468490242958069,27,0.0035541385396133515,43,50,semantic_katz_consensus
R_006709,J_002015,0.8333364129066467,36,0.004040952242157012,15,50,semantic_katz_consensus
R_007671,J_002015,0.8183189034461975,41,0.00444493827280282,5,50,semantic_katz_consensus
R_003658,J_002016,0.864697277545929,30,0.0033875977790005993,48,50,semantic_katz_consensus
R_004152,J_002017,0.7692678570747375,39,0.003758898372274089,23,50,semantic_katz_consensus
R_000275,J_002018,0.8096489906311035,44,0.0028979508308147398,28,50,semantic_katz_consensus
R_004962,J_002019,0.8812419772148132,21,0.0027234563746018157,26,50,semantic_katz_consensus
R_006451,J_002020,0.8804104924201965,21,0.002964885873357664,39,50,semantic_katz_consensus
R_002303,J_002021,0.8270899057388306,37,0.004093957246015576,29,50,semantic_katz_consensus
R_005543,J_002021,0.8109355568885803,49,0.0044102607210691055,16,50,semantic_katz_consensus
R_000387,J_002022,0.9007302522659302,8,0.00363340992935152,44,50,semantic_katz_consensus
R_000682,J_002022,0.8262636065483093,50,0.003809099654181282,34,50,semantic_katz_consensus
R_009305,J_002022,0.8839702606201172,17,0.0044067192007548345,10,50,semantic_katz_consensus
R_000536,J_002023,0.7869594097137451,49,0.0033254438109250268,12,50,semantic_katz_consensus
R_001827,J_002023,0.8690125942230225,21,0.004013475825815155,3,50,semantic_katz_consensus
R_001247,J_002026,0.7895529270172119,47,0.004898313977765847,7,50,semantic_katz_consensus
R_006808,J_002026,0.7955888509750366,41,0.004747710132044268,12,50,semantic_katz_consensus
R_005307,J_002027,0.8542335033416748,16,0.0031158586182606944,31,50,semantic_katz_consensus
R_009552,J_002027,0.8180872201919556,47,0.0032684693401890848,23,50,semantic_katz_consensus
R_009928,J_002027,0.8594884872436523,11,0.003143777743011075,28,50,semantic_katz_consensus
R_004920,J_002028,0.8847289681434631,1,0.004290763383076141,13,50,semantic_katz_consensus
R_005541,J_002028,0.8656752109527588,23,0.004023037974749857,18,50,semantic_katz_consensus
R_008310,J_002030,0.8845453858375549,3,0.0025254402070789975,47,50,semantic_katz_consensus
R_004295,J_002031,0.7868537902832031,37,0.0034146905343155924,13,50,semantic_katz_consensus
R_007669,J_002032,0.8793534636497498,20,0.003291179443909006,47,50,semantic_katz_consensus
R_002438,J_002034,0.8683368563652039,41,0.0031931526554828805,30,50,semantic_katz_consensus
R_002939,J_002034,0.8932392597198486,7,0.0034955408536974635,20,50,semantic_katz_consensus
R_007661,J_002035,0.8462024927139282,24,0.0039314449996618595,19,50,semantic_katz_consensus
R_003496,J_002036,0.7936425805091858,39,0.0030836011274514843,49,50,semantic_katz_consensus
R_002948,J_002037,0.8618324398994446,5,0.0030795873750378623,37,50,semantic_katz_consensus
R_006513,J_002037,0.8513733744621277,17,0.003205916949241233,29,50,semantic_katz_consensus
R_004636,J_002038,0.8620961904525757,25,0.0027812424529277302,50,50,semantic_katz_consensus
R_007979,J_002038,0.84539794921875,38,0.002876435995711657,38,50,semantic_katz_consensus
R_008878,J_002038,0.8696671724319458,18,0.005417827879527241,1,50,semantic_katz_consensus
R_001066,J_002039,0.8858190178871155,23,0.002735423822615609,49,50,semantic_katz_consensus
R_007550,J_002039,0.8873653411865234,18,0.0035274442071706377,7,50,semantic_katz_consensus
R_007889,J_002041,0.8685026168823242,21,0.0032991331395091777,12,50,semantic_katz_consensus
R_001718,J_002042,0.8848527073860168,14,0.0038214507632219406,20,50,semantic_katz_consensus
R_005411,J_002042,0.8719820976257324,26,0.0035589048522352887,39,50,semantic_katz_consensus
R_007877,J_002043,0.847752571105957,49,0.0037501035453931146,7,50,semantic_katz_consensus
R_005189,J_002044,0.8565682172775269,40,0.0030931632763861877,27,50,semantic_katz_consensus
R_006107,J_002044,0.8601533770561218,33,0.0029381767790695357,46,50,semantic_katz_consensus
R_007405,J_002044,0.8680010437965393,19,0.003262891419977175,14,50,semantic_katz_consensus
R_009077,J_002044,0.8874343037605286,3,0.0029565189930397984,44,50,semantic_katz_consensus
R_002383,J_002045,0.8450966477394104,14,0.003507906724583537,8,50,semantic_katz_consensus
R_002395,J_002045,0.8346083760261536,21,0.0037035175930272644,5,50,semantic_katz_consensus
R_003713,J_002045,0.779300332069397,50,0.0028437800820301676,41,50,semantic_katz_consensus
R_005808,J_002045,0.8266969323158264,25,0.0031170686487229466,19,50,semantic_katz_consensus
R_009476,J_002046,0.8612032532691956,15,0.0033174753534794404,45,50,semantic_katz_consensus
R_001022,J_002047,0.8373323082923889,37,0.003404744724354024,46,50,semantic_katz_consensus
R_002262,J_002047,0.9050772786140442,8,0.0033708787802102826,50,50,semantic_katz_consensus
R_008585,J_002047,0.8382191061973572,36,0.003597935531873247,28,50,semantic_katz_consensus
R_006782,J_002048,0.8537018299102783,13,0.0029143009304236057,39,50,semantic_katz_consensus
R_001135,J_002049,0.8609306812286377,8,0.003067678974405726,26,50,semantic_katz_consensus
R_006241,J_002049,0.7683516144752502,48,0.0030537341738759508,30,50,semantic_katz_consensus
R_007737,J_002049,0.7712088227272034,43,0.0028963719011710367,38,50,semantic_katz_consensus
R_008568,J_002049,0.770995020866394,44,0.0030804580300094935,24,50,semantic_katz_consensus
R_001970,J_002050,0.878322184085846,39,0.0041035341567956934,15,50,semantic_katz_consensus
R_000109,J_002051,0.8478304147720337,26,0.004063662345876933,3,50,semantic_katz_consensus
R_004589,J_002051,0.8401079177856445,31,0.003488000342814986,12,50,semantic_katz_consensus
R_005201,J_002051,0.8609503507614136,6,0.003524227300501574,11,50,semantic_katz_consensus
R_009570,J_002051,0.856581449508667,13,0.0036831980265410198,5,50,semantic_katz_consensus
R_006382,J_002052,0.8098594546318054,22,0.0033441696859221543,15,50,semantic_katz_consensus
R_001022,J_002053,0.8865426778793335,9,0.003538201624722179,45,50,semantic_katz_consensus
R_001396,J_002053,0.8325744271278381,50,0.0035505232100720087,44,50,semantic_katz_consensus
R_007520,J_002053,0.878807008266449,15,0.004503506435027879,6,50,semantic_katz_consensus
R_001270,J_002054,0.8691091537475586,4,0.002760494939878377,41,50,semantic_katz_consensus
R_009928,J_002054,0.8630321621894836,12,0.002687214655069813,48,50,semantic_katz_consensus
R_002303,J_002055,0.8936905264854431,6,0.004443757766031397,32,50,semantic_katz_consensus
R_009338,J_002056,0.8416619896888733,40,0.003955306086462375,30,50,semantic_katz_consensus
R_009650,J_002056,0.8517473936080933,33,0.00444493827280282,13,50,semantic_katz_consensus
R_001022,J_002057,0.8151644468307495,34,0.004075629793890727,13,50,semantic_katz_consensus
R_002242,J_002057,0.8827835321426392,5,0.0034868050741981476,41,50,semantic_katz_consensus
R_004771,J_002057,0.8697662949562073,18,0.00381904546414285,19,50,semantic_katz_consensus
R_007520,J_002057,0.796992838382721,41,0.004846120581497257,1,50,semantic_katz_consensus
R_008834,J_002057,0.8771018385887146,10,0.0037608904866354856,23,50,semantic_katz_consensus
R_000978,J_002058,0.8621377348899841,25,0.004237758379217578,13,50,semantic_katz_consensus
R_002625,J_002058,0.8635236024856567,22,0.004144970135512741,16,50,semantic_katz_consensus
R_005886,J_002058,0.8649413585662842,19,0.0037620857552523234,42,50,semantic_katz_consensus
R_005969,J_002058,0.8437585234642029,38,0.00419872769957962,14,50,semantic_katz_consensus
R_002625,J_002059,0.869671642780304,30,0.005426991605589665,2,50,semantic_katz_consensus
R_003149,J_002059,0.8871087431907654,11,0.004478007371202003,8,50,semantic_katz_consensus
R_004484,J_002059,0.804553210735321,47,0.003913501208563876,27,50,semantic_katz_consensus
R_002383,J_002060,0.8254738450050354,26,0.004206297734152927,4,50,semantic_katz_consensus
R_003713,J_002060,0.7659170031547546,49,0.003166487846730996,50,50,semantic_katz_consensus
R_001016,J_002061,0.8460459113121033,28,0.0036107145874770138,48,50,semantic_katz_consensus
R_002698,J_002062,0.8439387083053589,30,0.0033146716315280707,47,50,semantic_katz_consensus
R_009932,J_002062,0.8480246067047119,25,0.004999498625479378,1,50,semantic_katz_consensus
R_002949,J_002063,0.8508750796318054,36,0.002548150310798918,47,50,semantic_katz_consensus
R_003458,J_002063,0.8612627983093262,18,0.002522666008818457,50,50,semantic_katz_consensus
R_004189,J_002063,0.8667594790458679,9,0.002668488780072685,37,50,semantic_katz_consensus
R_007406,J_002063,0.8474686145782471,41,0.0026230538107874287,42,50,semantic_katz_consensus
R_009392,J_002063,0.858436107635498,21,0.0028110946446578498,30,50,semantic_katz_consensus
R_000972,J_002064,0.8646031022071838,42,0.0034835881675290845,19,50,semantic_katz_consensus
R_005732,J_002065,0.8061333298683167,33,0.004507092240878393,12,50,semantic_katz_consensus
R_000728,J_002066,0.8560431003570557,26,0.0044417656516699995,4,50,semantic_katz_consensus
R_001326,J_002066,0.8499143123626709,31,0.004542182977329801,3,50,semantic_katz_consensus
R_000528,J_002067,0.7736766338348389,49,0.003240579739129533,31,50,semantic_katz_consensus
R_001399,J_002067,0.8876509666442871,1,0.0031756368109480057,36,50,semantic_katz_consensus
R_006065,J_002068,0.8068445920944214,19,0.002782806620726019,48,50,semantic_katz_consensus
R_008274,J_002068,0.7952958345413208,29,0.003255321385403868,16,50,semantic_katz_consensus
R_000006,J_002069,0.8280435800552368,33,0.004519443349919052,3,50,semantic_katz_consensus
R_002541,J_002069,0.8114878535270691,43,0.0039059164121451545,11,50,semantic_katz_consensus
R_003008,J_002069,0.8498756885528564,8,0.00350871833217351,23,50,semantic_katz_consensus
R_009712,J_002071,0.8265025615692139,27,0.0028517337776303394,47,50,semantic_katz_consensus
R_001326,J_002072,0.8489209413528442,22,0.003937421342746049,11,50,semantic_katz_consensus
R_004180,J_002072,0.8002703189849854,36,0.003644565769775341,21,50,semantic_katz_consensus
R_000875,J_002073,0.8431182503700256,45,0.0032091043322194676,22,50,semantic_katz_consensus
R_002249,J_002073,0.8462210893630981,37,0.0032154790981759364,21,50,semantic_katz_consensus
R_004996,J_002073,0.8472866415977478,36,0.0036963459813262366,5,50,semantic_katz_consensus
R_000133,J_002074,0.7869508862495422,50,0.005123024477731379,3,50,semantic_katz_consensus
R_001627,J_002074,0.8450963497161865,13,0.0041051278482848105,20,50,semantic_katz_consensus
R_003169,J_002074,0.8361594676971436,17,0.004664424989892477,8,50,semantic_katz_consensus
R_005385,J_002074,0.8663561940193176,4,0.004639368634475124,9,50,semantic_katz_consensus
R_006087,J_002074,0.8600264191627502,7,0.0036955638974270925,43,50,semantic_katz_consensus
R_007576,J_002074,0.8691035509109497,3,0.0036744474851962894,45,50,semantic_katz_consensus
R_007749,J_002076,0.8604579567909241,12,0.003823044454711058,26,50,semantic_katz_consensus
R_008400,J_002076,0.8634347319602966,8,0.004036968013434219,17,50,semantic_katz_consensus
R_001145,J_002077,0.8711788058280945,34,0.0035019451433447616,16,50,semantic_katz_consensus
R_006263,J_002077,0.8963041305541992,1,0.003684762194339308,12,50,semantic_katz_consensus
R_002778,J_002078,0.8102431297302246,44,0.0036991201795867775,24,50,semantic_katz_consensus
R_006158,J_002080,0.8512982726097107,22,0.003135794523720074,39,50,semantic_katz_consensus
R_007422,J_002080,0.8325223922729492,32,0.0034262447976116926,24,50,semantic_katz_consensus
R_007823,J_002080,0.8631653785705566,11,0.003283609409335699,32,50,semantic_katz_consensus
R_008838,J_002080,0.791495680809021,39,0.0036604879228210986,16,50,semantic_katz_consensus
R_001711,J_002081,0.8839281797409058,11,0.0028119062522478228,33,50,semantic_katz_consensus
R_003946,J_002081,0.821365475654602,44,0.0033832003655601124,10,50,semantic_katz_consensus
R_001646,J_002082,0.8833461403846741,13,0.004535763925837088,14,50,semantic_katz_consensus
R_003085,J_002083,0.7699469327926636,35,0.0038266302605615716,37,50,semantic_katz_consensus
R_000109,J_002084,0.8204622864723206,44,0.0034903761182032474,11,50,semantic_katz_consensus
R_004589,J_002084,0.8371957540512085,29,0.0031091297149681892,21,50,semantic_katz_consensus
R_004590,J_002084,0.8471260070800781,16,0.002842171628695636,41,50,semantic_katz_consensus
R_002011,J_002085,0.8934378623962402,15,0.0052302002303745146,2,50,semantic_katz_consensus
R_006295,J_002086,0.8433200716972351,24,0.0037780226701434956,19,50,semantic_katz_consensus
R_001112,J_002087,0.8281950354576111,22,0.002994369165906333,34,50,semantic_katz_consensus
R_001871,J_002087,0.8531818389892578,2,0.0033923640916225365,14,50,semantic_katz_consensus
R_006124,J_002088,0.8439159393310547,2,0.0039003384919332447,8,50,semantic_katz_consensus
R_008322,J_002088,0.779597818851471,38,0.003235400241789902,38,50,semantic_katz_consensus
R_001407,J_002089,0.8038228750228882,37,0.004991958114596901,4,50,semantic_katz_consensus
R_006671,J_002089,0.8695338368415833,9,0.004345745739450686,9,50,semantic_katz_consensus
R_008352,J_002089,0.8156908750534058,27,0.003503937257706158,43,50,semantic_katz_consensus
R_004098,J_002090,0.850623607635498,13,0.003047344646074067,25,50,semantic_katz_consensus
R_000133,J_002092,0.8080273270606995,41,0.005147328272940417,3,50,semantic_katz_consensus
R_002685,J_002092,0.8015601634979248,47,0.0037489378004671057,49,50,semantic_katz_consensus
R_007971,J_002092,0.8811644911766052,9,0.003778007908298081,47,50,semantic_katz_consensus
R_002089,J_002093,0.7651645541191101,38,0.003919861212674931,9,50,semantic_katz_consensus
R_008783,J_002093,0.7600393295288086,50,0.004152938592958328,6,50,semantic_katz_consensus
R_000972,J_002094,0.7727949619293213,49,0.0034357774228555666,16,50,semantic_katz_consensus
R_001247,J_002094,0.7753545641899109,41,0.003312295856139809,22,50,semantic_katz_consensus
R_001579,J_002095,0.8733997941017151,8,0.0031405755981874263,43,50,semantic_katz_consensus
R_004192,J_002095,0.7941092252731323,46,0.003811475429569543,9,50,semantic_katz_consensus
R_005472,J_002095,0.8714274764060974,10,0.0031967384613333944,38,50,semantic_katz_consensus
R_003980,J_002096,0.8645894527435303,13,0.003187987919988664,39,50,semantic_katz_consensus
R_002480,J_002097,0.8813525438308716,3,0.0031378013999268854,39,50,semantic_katz_consensus
R_008568,J_002097,0.8463282585144043,44,0.004463678909645362,3,50,semantic_katz_consensus
R_008571,J_002099,0.8813079595565796,22,0.0037541025359613227,23,50,semantic_katz_consensus
R_004127,J_002100,0.8573114275932312,16,0.004765225976579143,2,50,semantic_katz_consensus
R_008312,J_002100,0.8569867610931396,17,0.0035660617020909016,15,50,semantic_katz_consensus
R_003504,J_002101,0.8824487328529358,30,0.0034055268082531683,32,50,semantic_katz_consensus
R_000072,J_002102,0.8594820499420166,16,0.0037660552221297017,10,50,semantic_katz_consensus
R_000222,J_002102,0.8660854697227478,7,0.0028625059570272955,45,50,semantic_katz_consensus
R_000786,J_002103,0.8747743964195251,4,0.004069653450806537,4,50,semantic_katz_consensus
R_009954,J_002103,0.8089085817337036,45,0.0036070844960902565,20,50,semantic_katz_consensus
R_002472,J_002104,0.8010538816452026,37,0.0033613018694301647,42,50,semantic_katz_consensus
R_002518,J_002104,0.8897705674171448,15,0.0033055079054656465,44,50,semantic_katz_consensus
R_006396,J_002104,0.7994517683982849,39,0.0035154915210022586,33,50,semantic_katz_consensus
R_008765,J_002104,0.8905735015869141,14,0.0036226525117999788,25,50,semantic_katz_consensus
R_000548,J_002105,0.8441879153251648,45,0.003116655464005253,42,50,semantic_katz_consensus
R_008687,J_002105,0.855711042881012,31,0.003483602929374499,25,50,semantic_katz_consensus
R_002371,J_002106,0.8932677507400513,6,0.0027840018893428567,41,50,semantic_katz_consensus
R_000625,J_002107,0.7900049686431885,43,0.0030023376233519194,30,50,semantic_katz_consensus
R_001496,J_002107,0.795315682888031,41,0.00274657966303943,50,50,semantic_katz_consensus
R_005784,J_002107,0.8082846403121948,37,0.003102725425320891,20,50,semantic_katz_consensus
R_003194,J_002108,0.8594794273376465,34,0.00356685854783546,42,50,semantic_katz_consensus
R_007539,J_002109,0.8970903754234314,25,0.00358719287616712,17,50,semantic_katz_consensus
R_000133,J_002110,0.8283141255378723,34,0.004531410797932845,7,50,semantic_katz_consensus
R_005606,J_002110,0.8898661732673645,7,0.00430906131151016,14,50,semantic_katz_consensus
R_008066,J_002110,0.8199000954627991,39,0.00405610707314904,18,50,semantic_katz_consensus
R_004713,J_002111,0.8706259727478027,3,0.0038708404375391607,12,50,semantic_katz_consensus
R_009408,J_002111,0.8615416884422302,10,0.0031863794666541325,44,50,semantic_katz_consensus
R_000605,J_002112,0.787064254283905,45,0.0030393909504738952,47,50,semantic_katz_consensus
R_004484,J_002113,0.7803225517272949,48,0.0038672693935340617,13,50,semantic_katz_consensus
R_007275,J_002113,0.9003480672836304,10,0.0034063384158431412,42,50,semantic_katz_consensus
R_000324,J_002114,0.9076809883117676,3,0.00371188447334513,34,50,semantic_katz_consensus
R_005411,J_002114,0.8928689956665039,8,0.003612293517120717,43,50,semantic_katz_consensus
R_000134,J_002115,0.8398904800415039,23,0.0046497128673089715,9,50,semantic_katz_consensus
R_006506,J_002115,0.8501740097999573,20,0.0034664707458664885,49,50,semantic_katz_consensus
R_008374,J_002116,0.8314334154129028,34,0.00316967522970923,49,50,semantic_katz_consensus
R_008490,J_002116,0.8691322803497314,4,0.003153723552972643,50,50,semantic_katz_consensus
R_000786,J_002117,0.858473002910614,20,0.0034091273759490966,38,50,semantic_katz_consensus
R_001006,J_002117,0.787521481513977,44,0.0035776307272324167,26,50,semantic_katz_consensus
R_004180,J_002117,0.8562222123146057,24,0.0045090695933943745,2,50,semantic_katz_consensus
R_000427,J_002118,0.8644547462463379,43,0.003724634005258068,23,50,semantic_katz_consensus
R_000682,J_002118,0.8610671758651733,49,0.00374057092014924,20,50,semantic_katz_consensus
R_002911,J_002118,0.8927603960037231,19,0.0034724470889506785,43,50,semantic_katz_consensus
R_009677,J_002118,0.887900173664093,21,0.0034417832896305855,46,50,semantic_katz_consensus
R_003876,J_002119,0.8554525971412659,29,0.0033660829438975164,15,50,semantic_katz_consensus
R_004153,J_002119,0.8627405166625977,13,0.0029365978494258326,44,50,semantic_katz_consensus
R_009636,J_002119,0.8644590973854065,10,0.0030115013494143436,36,50,semantic_katz_consensus
R_004284,J_002120,0.8054028749465942,38,0.0035262341767083854,26,50,semantic_katz_consensus
R_005332,J_002120,0.802615761756897,40,0.004421032900466061,5,50,semantic_katz_consensus
R_006010,J_002120,0.8509916067123413,1,0.003549313179609756,24,50,semantic_katz_consensus
R_007917,J_002120,0.8316314220428467,7,0.003551305293971153,23,50,semantic_katz_consensus
R_008584,J_002121,0.8513121008872986,34,0.003745735655643457,9,50,semantic_katz_consensus
R_008639,J_002121,0.8941215872764587,5,0.0030242508813272816,42,50,semantic_katz_consensus
R_000625,J_002122,0.7947824001312256,20,0.0032397828933849746,31,50,semantic_katz_consensus
R_001496,J_002122,0.7869479656219482,26,0.0033174753534794404,22,50,semantic_katz_consensus
R_007681,J_002122,0.8254168033599854,5,0.0031142796886169917,39,50,semantic_katz_consensus
R_000133,J_002123,0.8833633065223694,7,0.003310731688341521,36,50,semantic_katz_consensus
R_001272,J_002123,0.8958813548088074,5,0.003804702240740795,10,50,semantic_katz_consensus
R_004433,J_002123,0.8673957586288452,24,0.0032135017456599545,47,50,semantic_katz_consensus
R_004922,J_002124,0.845736026763916,21,0.00349716406887741,29,50,semantic_katz_consensus
R_006241,J_002124,0.8500956892967224,14,0.003528624713942061,28,50,semantic_katz_consensus
R_009008,J_002124,0.859887957572937,7,0.003564482772447199,24,50,semantic_katz_consensus
R_009569,J_002124,0.8408416509628296,29,0.004006687875140992,7,50,semantic_katz_consensus
R_002612,J_002125,0.8681653141975403,22,0.0038612930504498717,4,50,semantic_katz_consensus
R_002324,J_002126,0.8659175038337708,32,0.003897121585264181,5,50,semantic_katz_consensus
R_007661,J_002126,0.8708392381668091,23,0.0037111171512914003,11,50,semantic_katz_consensus
R_000309,J_002127,0.8715624213218689,6,0.003209502755091747,38,50,semantic_katz_consensus
R_000915,J_002127,0.8783002495765686,4,0.003358896570351074,26,50,semantic_katz_consensus
R_008838,J_002127,0.8449451327323914,39,0.0038154596582923367,9,50,semantic_katz_consensus
R_006856,J_002128,0.8806824088096619,15,0.0034556985664695324,23,50,semantic_katz_consensus
R_009305,J_002128,0.8765268325805664,22,0.003115917665642352,41,50,semantic_katz_consensus
R_000786,J_002129,0.8648408651351929,9,0.004598714739657219,4,50,semantic_katz_consensus
R_003464,J_002129,0.8626937866210938,14,0.0033254438109250268,46,50,semantic_katz_consensus
R_004180,J_002129,0.839198112487793,35,0.0035597016979798477,31,50,semantic_katz_consensus
R_004973,J_002130,0.8750960230827332,21,0.004138580607710858,23,50,semantic_katz_consensus
R_006582,J_002130,0.9320286512374878,1,0.004245357937481714,17,50,semantic_katz_consensus
R_006702,J_002131,0.8782939910888672,19,0.0037154850410410583,11,50,semantic_katz_consensus
R_000485,J_002132,0.845767617225647,30,0.002991167021082684,40,50,semantic_katz_consensus
R_002792,J_002133,0.8772352933883667,22,0.0030803989826278357,30,50,semantic_katz_consensus
R_003296,J_002133,0.8270435929298401,37,0.00307520472344279,31,50,semantic_katz_consensus
R_000006,J_002134,0.7456527948379517,41,0.00307089588107479,45,50,semantic_katz_consensus
R_002714,J_002134,0.8610831499099731,11,0.0032429555145177943,33,50,semantic_katz_consensus
R_008374,J_002134,0.8063191175460815,36,0.004002703646418198,9,50,semantic_katz_consensus
R_002939,J_002135,0.8788302540779114,29,0.0034079025836414294,21,50,semantic_katz_consensus
R_005314,J_002135,0.8848624229431152,22,0.0031581209664131304,35,50,semantic_katz_consensus
R_007204,J_002136,0.8578191995620728,15,0.0034206816392451968,44,50,semantic_katz_consensus
R_004920,J_002137,0.8829458951950073,1,0.004113893151474955,34,50,semantic_katz_consensus
R_009751,J_002138,0.9103520512580872,3,0.00363340992935152,43,50,semantic_katz_consensus
R_003458,J_002139,0.8695619702339172,14,0.002901138213792974,22,50,semantic_katz_consensus
R_004980,J_002139,0.8604377508163452,28,0.0026935894210262817,40,50,semantic_katz_consensus
R_009392,J_002139,0.8733817338943481,10,0.003169247283146122,14,50,semantic_katz_consensus
R_005103,J_002140,0.8435725569725037,36,0.0030485546765363193,41,50,semantic_katz_consensus
R_000192,J_002141,0.8378860354423523,34,0.0034652754772496507,25,50,semantic_katz_consensus
R_007671,J_002141,0.7844264507293701,50,0.003743758303127475,14,50,semantic_katz_consensus
R_006655,J_002142,0.8652433156967163,21,0.003467267591611047,38,50,semantic_katz_consensus
R_003081,J_002143,0.8880823254585266,21,0.0025748446432416324,34,50,semantic_katz_consensus
R_004996,J_002143,0.8740071058273315,49,0.002831827395861788,21,50,semantic_katz_consensus
R_007023,J_002143,0.882012665271759,33,0.0026039147510726075,32,50,semantic_katz_consensus
R_008826,J_002143,0.8930725455284119,9,0.0031377866380814705,12,50,semantic_katz_consensus
R_009882,J_002143,0.8808861374855042,36,0.002975215344346097,16,50,semantic_katz_consensus
R_007597,J_002144,0.8867828249931335,11,0.0036712601022180547,21,50,semantic_katz_consensus
R_007700,J_002144,0.872901201248169,33,0.0035871781143217056,28,50,semantic_katz_consensus
R_003300,J_002145,0.8513555526733398,42,0.004633775952417799,7,50,semantic_katz_consensus
R_004082,J_002145,0.8497689366340637,44,0.005292737859476952,1,50,semantic_katz_consensus
R_000966,J_002146,0.8572389483451843,15,0.0038799894017561704,2,50,semantic_katz_consensus
R_005373,J_002146,0.8689041137695312,2,0.002889185527624595,26,50,semantic_katz_consensus
R_006582,J_002148,0.8665008544921875,19,0.004309105597046404,11,50,semantic_katz_consensus
R_001770,J_002149,0.7414194345474243,40,0.004478022133047417,14,50,semantic_katz_consensus
R_004344,J_002149,0.8458801507949829,20,0.004464062570672227,15,50,semantic_katz_consensus
R_007256,J_002149,0.8399233222007751,26,0.003803536495814786,50,50,semantic_katz_consensus
R_000548,J_002151,0.870024561882019,38,0.0024349982150715936,46,50,semantic_katz_consensus
R_009132,J_002151,0.8773059844970703,23,0.0030142607858294696,15,50,semantic_katz_consensus
R_001197,J_002152,0.8489602208137512,36,0.003925025948169147,33,50,semantic_katz_consensus
R_004082,J_002152,0.8449995517730713,39,0.004484411660849301,12,50,semantic_katz_consensus
R_008545,J_002152,0.8852212429046631,15,0.003999516263439964,30,50,semantic_katz_consensus
R_009850,J_002152,0.8888797163963318,9,0.003982398841777368,31,50,semantic_katz_consensus
R_000704,J_002153,0.8785223960876465,5,0.0035991160386446702,39,50,semantic_katz_consensus
R_004016,J_002153,0.8005231618881226,49,0.0036338083522237993,37,50,semantic_katz_consensus
R_004255,J_002153,0.8122146725654602,34,0.003488398765687265,50,50,semantic_katz_consensus
R_005732,J_002153,0.8444541096687317,27,0.0036509405357318097,35,50,semantic_katz_consensus
R_000026,J_002155,0.8547803163528442,1,0.0029369962722981123,37,50,semantic_katz_consensus
R_001116,J_002155,0.8075301647186279,32,0.003025431388098705,31,50,semantic_katz_consensus
R_002690,J_002155,0.7931913733482361,45,0.002894365024964226,44,50,semantic_katz_consensus
R_006792,J_002155,0.8316748738288879,10,0.0033397575106362525,16,50,semantic_katz_consensus
R_007821,J_002155,0.7942056059837341,44,0.0030190418602968213,33,50,semantic_katz_consensus
R_000133,J_002156,0.9041221141815186,3,0.004054528143505338,9,50,semantic_katz_consensus
R_003101,J_002156,0.8814053535461426,12,0.0035660617020909016,23,50,semantic_katz_consensus
R_004460,J_002156,0.8789265751838684,14,0.005910632687000507,1,50,semantic_katz_consensus
R_001247,J_002158,0.811943531036377,39,0.0035385852857490437,14,50,semantic_katz_consensus
R_000151,J_002159,0.7940264344215393,46,0.0032361823256890463,40,50,semantic_katz_consensus
R_000536,J_002160,0.8220678567886353,48,0.004031404855067724,5,50,semantic_katz_consensus
R_003633,J_002160,0.8804106712341309,19,0.003370052410774895,28,50,semantic_katz_consensus
R_003946,J_002160,0.8266699910163879,42,0.00316409730949732,40,50,semantic_katz_consensus
R_002612,J_002161,0.8169267773628235,48,0.003284819439797951,18,50,semantic_katz_consensus
R_003353,J_002161,0.8542563915252686,27,0.002811921014093237,42,50,semantic_katz_consensus
R_002406,J_002162,0.7477747797966003,38,0.0040126494563797665,31,50,semantic_katz_consensus
R_004601,J_002162,0.7778748273849487,25,0.004103106210232585,27,50,semantic_katz_consensus
R_005733,J_002162,0.7921901941299438,18,0.004592325211855337,11,50,semantic_katz_consensus
R_000016,J_002163,0.8523843288421631,33,0.004452139408194677,13,50,semantic_katz_consensus
R_005732,J_002164,0.869358241558075,8,0.0035664748868085958,23,50,semantic_katz_consensus
R_007463,J_002165,0.8486582040786743,16,0.0043752142701539406,8,50,semantic_katz_consensus
R_009226,J_002165,0.8360787630081177,28,0.003290766259191312,46,50,semantic_katz_consensus
R_006937,J_002166,0.8098350763320923,49,0.0028194615249757153,45,50,semantic_katz_consensus
R_006949,J_002166,0.8631603717803955,37,0.0031481308709153184,25,50,semantic_katz_consensus
R_009987,J_002166,0.8703905940055847,31,0.003600739253824616,10,50,semantic_katz_consensus
R_008710,J_002167,0.8553866147994995,37,0.0026182727363200774,50,50,semantic_katz_consensus
R_009987,J_002167,0.8683363199234009,34,0.0028286547747289684,36,50,semantic_katz_consensus
R_000207,J_002168,0.8178776502609253,47,0.004779613485517442,2,50,semantic_katz_consensus
R_004385,J_002168,0.8565908074378967,28,0.003847746672792375,20,50,semantic_katz_consensus
R_009742,J_002168,0.8560613989830017,30,0.004724203182579789,3,50,semantic_katz_consensus
R_004168,J_002169,0.8307716250419617,22,0.003643400024849332,20,50,semantic_katz_consensus
R_004423,J_002169,0.8036691546440125,45,0.003152129861483526,48,50,semantic_katz_consensus
R_003048,J_002171,0.8522843718528748,21,0.003527842630042917,38,50,semantic_katz_consensus
R_004078,J_002171,0.8480015397071838,26,0.0034935635011814816,41,50,semantic_katz_consensus
R_007062,J_002172,0.7901538610458374,37,0.003101515394858639,30,50,semantic_katz_consensus
R_003186,J_002173,0.8627907037734985,25,0.003369653987902616,45,50,semantic_katz_consensus
R_000275,J_002174,0.8835968971252441,7,0.003647723629062746,3,50,semantic_katz_consensus
R_001373,J_002174,0.8504188656806946,42,0.0031361634229015245,27,50,semantic_katz_consensus
R_007586,J_002174,0.8823351860046387,10,0.003068446296459456,30,50,semantic_katz_consensus
R_002436,J_002175,0.8789896965026855,25,0.0034740407804397955,14,50,semantic_katz_consensus
R_007755,J_002175,0.8685757517814636,45,0.00389752000813646,7,50,semantic_katz_consensus
R_008574,J_002175,0.8725587725639343,36,0.0033756303309868054,22,50,semantic_katz_consensus
R_008687,J_002175,0.8848727941513062,13,0.003111107067484171,44,50,semantic_katz_consensus
R_002302,J_002176,0.8417128324508667,33,0.0037493214614939705,19,50,semantic_katz_consensus
R_003426,J_002176,0.8667269349098206,7,0.004228993076027433,3,50,semantic_katz_consensus
R_007701,J_002176,0.8409132957458496,34,0.003563287503830361,30,50,semantic_katz_consensus
R_009406,J_002176,0.8665006756782532,8,0.0040927472155533225,8,50,semantic_katz_consensus
R_009476,J_002176,0.8259276747703552,47,0.0033561223720905337,44,50,semantic_katz_consensus
R_002214,J_002177,0.8463897705078125,35,0.002904310834925794,18,50,semantic_katz_consensus
R_005014,J_002178,0.8892248272895813,8,0.004332184599947775,13,50,semantic_katz_consensus
R_007076,J_002178,0.8998017907142639,1,0.003677649630019938,50,50,semantic_katz_consensus
R_005101,J_002179,0.7860038876533508,44,0.003209119094064882,45,50,semantic_katz_consensus
R_006607,J_002179,0.7855086326599121,45,0.0033537318348568577,35,50,semantic_katz_consensus
R_000444,J_002180,0.8910590410232544,7,0.0029728543308032503,44,50,semantic_katz_consensus
R_007405,J_002180,0.797238826751709,39,0.003452924368208992,14,50,semantic_katz_consensus
R_000016,J_002181,0.8622076511383057,38,0.005481959200118796,2,50,semantic_katz_consensus
R_003411,J_002182,0.8929097652435303,4,0.0032748293443001395,36,50,semantic_katz_consensus
R_003221,J_002183,0.8708308339118958,21,0.004315465601157458,8,50,semantic_katz_consensus
R_003624,J_002183,0.8004843592643738,44,0.00368597222480156,32,50,semantic_katz_consensus
R_005606,J_002183,0.805688202381134,36,0.004006687875140992,17,50,semantic_katz_consensus
R_007971,J_002183,0.8068361878395081,34,0.0042409310003503975,10,50,semantic_katz_consensus
R_008027,J_002183,0.8875744342803955,11,0.003388822571308266,46,50,semantic_katz_consensus
R_009487,J_002183,0.8934434056282043,6,0.0034549164825703883,42,50,semantic_katz_consensus
R_007655,J_002184,0.8292887210845947,35,0.0041489100786992915,31,50,semantic_katz_consensus
R_008498,J_002184,0.8278049826622009,37,0.005391148308929942,3,50,semantic_katz_consensus
R_009717,J_002184,0.8041766285896301,49,0.004314653993567485,18,50,semantic_katz_consensus
R_009779,J_002184,0.8075078129768372,45,0.004335755643952874,16,50,semantic_katz_consensus
R_002060,J_002185,0.8559058308601379,17,0.0029194804277632366,46,50,semantic_katz_consensus
R_004473,J_002185,0.8628973364830017,10,0.0030082844427452796,37,50,semantic_katz_consensus
R_003561,J_002186,0.7582694292068481,44,0.003470469736434696,45,50,semantic_katz_consensus
R_006175,J_002186,0.8520496487617493,10,0.004133002687498948,16,50,semantic_katz_consensus
R_004538,J_002187,0.8618998527526855,9,0.00286048431897507,30,50,semantic_katz_consensus
R_000439,J_002188,0.8892815709114075,18,0.0035975371090009676,28,50,semantic_katz_consensus
R_001274,J_002188,0.9051190614700317,6,0.003250938733808795,43,50,semantic_katz_consensus
R_003173,J_002188,0.8023324012756348,47,0.0037648451916674494,23,50,semantic_katz_consensus
R_004004,J_002188,0.8145875930786133,37,0.003262891419977175,42,50,semantic_katz_consensus
R_008528,J_002188,0.8077758550643921,44,0.003242970276363209,44,50,semantic_katz_consensus
R_001098,J_002189,0.803307056427002,45,0.005213466469738783,9,50,semantic_katz_consensus
R_002655,J_002189,0.8057068586349487,38,0.004157704905580265,47,50,semantic_katz_consensus
R_003221,J_002189,0.8767406940460205,12,0.005487153459303841,5,50,semantic_katz_consensus
R_003360,J_002189,0.8815736770629883,9,0.004677189283650829,24,50,semantic_katz_consensus
R_008027,J_002189,0.8880082368850708,5,0.005342157057485001,7,50,semantic_katz_consensus
R_008986,J_002190,0.8553090691566467,26,0.0030700547497939878,48,50,semantic_katz_consensus
R_006295,J_002191,0.875812828540802,16,0.0036788301367913613,26,50,semantic_katz_consensus
R_000283,J_002192,0.8673076033592224,34,0.0035668880715262895,21,50,semantic_katz_consensus
R_001342,J_002192,0.8733000755310059,30,0.0034600959799100193,31,50,semantic_katz_consensus
R_001512,J_002192,0.8191744089126587,42,0.003347342307054974,43,50,semantic_katz_consensus
R_002936,J_002192,0.8899572491645813,18,0.0034122999970819167,36,50,semantic_katz_consensus
R_008983,J_002192,0.8803057670593262,27,0.0034126836581087816,35,50,semantic_katz_consensus
R_001924,J_002193,0.8665361404418945,7,0.0037947416689338123,10,50,semantic_katz_consensus
R_006563,J_002194,0.8617710471153259,33,0.003993141497483495,5,50,semantic_katz_consensus
R_000207,J_002195,0.8923215270042419,2,0.0046911636078714345,3,50,semantic_katz_consensus
R_001032,J_002195,0.8436533212661743,37,0.003818647041270571,18,50,semantic_katz_consensus
R_008159,J_002195,0.868376612663269,26,0.0033389754267371084,42,50,semantic_katz_consensus
R_002826,J_002196,0.8801960349082947,36,0.003196753223178809,37,50,semantic_katz_consensus
R_003946,J_002196,0.8348187804222107,47,0.004078802415023547,3,50,semantic_katz_consensus
R_008498,J_002197,0.8908690214157104,4,0.004599526347247192,9,50,semantic_katz_consensus
R_002797,J_002198,0.8761990666389465,12,0.003455344429133497,20,50,semantic_katz_consensus
R_007113,J_002198,0.8785359263420105,10,0.0032238312166483875,41,50,semantic_katz_consensus
R_002612,J_002199,0.8644965291023254,23,0.0032242591632114957,18,50,semantic_katz_consensus
R_003353,J_002199,0.7918505072593689,50,0.003134614016948651,21,50,semantic_katz_consensus
R_004102,J_002200,0.7843363881111145,29,0.0033569044559896774,29,50,semantic_katz_consensus
R_005456,J_002201,0.8894680738449097,25,0.005656866841049414,1,50,semantic_katz_consensus
R_007539,J_002201,0.8841321468353271,29,0.0042576942846769585,7,50,semantic_katz_consensus
R_000171,J_002203,0.7780660390853882,46,0.002916278282939588,43,50,semantic_katz_consensus
R_004339,J_002203,0.8700453639030457,23,0.0035485753812468557,11,50,semantic_katz_consensus
R_005476,J_002203,0.8778710961341858,16,0.002971659062186412,39,50,semantic_katz_consensus
R_006271,J_002203,0.8730832934379578,19,0.0037202513536629955,8,50,semantic_katz_consensus
R_001433,J_002205,0.8836875557899475,10,0.004063278684850068,8,50,semantic_katz_consensus
R_002153,J_002205,0.8804096579551697,14,0.0034190879477560797,44,50,semantic_katz_consensus
R_003811,J_002206,0.7720049023628235,50,0.0031158586182606944,28,50,semantic_katz_consensus
R_006906,J_002206,0.8745854496955872,22,0.002997128602321459,35,50,semantic_katz_consensus
R_001423,J_002207,0.8797604441642761,5,0.0035286099520966466,22,50,semantic_katz_consensus
R_003105,J_002207,0.8739734292030334,14,0.003265650856392301,42,50,semantic_katz_consensus
R_006319,J_002207,0.8773272037506104,7,0.0035158604201837086,23,50,semantic_katz_consensus
R_007286,J_002207,0.8664926886558533,27,0.003993156259328909,8,50,semantic_katz_consensus
R_007354,J_002207,0.8585001230239868,37,0.003760078879045512,13,50,semantic_katz_consensus
R_009948,J_002207,0.8830627799034119,4,0.003377224022475923,32,50,semantic_katz_consensus
R_003763,J_002208,0.8292632699012756,30,0.004068030235626591,3,50,semantic_katz_consensus
R_006275,J_002208,0.8198297619819641,39,0.004105113086439396,2,50,semantic_katz_consensus
R_009590,J_002208,0.826444149017334,33,0.0038178649573714267,9,50,semantic_katz_consensus
R_004910,J_002209,0.8924881815910339,20,0.003469274467817858,40,50,semantic_katz_consensus
R_004963,J_002209,0.8708717226982117,38,0.0037075018217500575,21,50,semantic_katz_consensus
R_006767,J_002209,0.8185436129570007,45,0.003417081071549268,46,50,semantic_katz_consensus
R_000893,J_002210,0.8964477181434631,4,0.0037134634029888326,17,50,semantic_katz_consensus
R_001365,J_002210,0.8934508562088013,8,0.004114247288810991,5,50,semantic_katz_consensus
R_001617,J_002210,0.8956634998321533,5,0.00329436682688724,38,50,semantic_katz_consensus
R_003504,J_002210,0.8853961825370789,28,0.0036891743696252093,19,50,semantic_katz_consensus
R_006658,J_002210,0.8840188384056091,31,0.004074847709991583,6,50,semantic_katz_consensus
R_008650,J_002211,0.7484237551689148,40,0.003601122914851481,30,50,semantic_katz_consensus
R_000103,J_002212,0.8873218894004822,6,0.004212274077237116,23,50,semantic_katz_consensus
R_001098,J_002212,0.8726094961166382,20,0.004348549461402056,20,50,semantic_katz_consensus
R_001113,J_002212,0.8780817985534668,13,0.003816286027727724,47,50,semantic_katz_consensus
R_002932,J_002212,0.8202732801437378,44,0.0041035341567956934,27,50,semantic_katz_consensus
R_003399,J_002212,0.8664854764938354,24,0.0044290013579116475,17,50,semantic_katz_consensus
R_000875,J_002213,0.8876851201057434,10,0.0032724535689118784,32,50,semantic_katz_consensus
R_002249,J_002213,0.8737704753875732,23,0.003863668825838133,8,50,semantic_katz_consensus
R_004996,J_002213,0.8841222524642944,13,0.0039800083045436925,5,50,semantic_katz_consensus
R_001383,J_002215,0.8503535985946655,28,0.003281632056819717,44,50,semantic_katz_consensus
R_002172,J_002215,0.8853346109390259,5,0.003217471212537333,49,50,semantic_katz_consensus
R_001496,J_002216,0.7728894948959351,36,0.00444811089393564,2,50,semantic_katz_consensus
R_005332,J_002217,0.8404299020767212,30,0.004245726836663164,1,50,semantic_katz_consensus
R_007496,J_002217,0.8658348917961121,2,0.0029170751286841465,39,50,semantic_katz_consensus
R_008621,J_002217,0.8526034355163574,16,0.0030808121673455294,27,50,semantic_katz_consensus
R_009350,J_002217,0.8598194122314453,6,0.004200705052095602,2,50,semantic_katz_consensus
R_000129,J_002219,0.7751948237419128,46,0.003740954581176105,20,50,semantic_katz_consensus
R_006370,J_002219,0.7695375680923462,47,0.0033736529784708234,43,50,semantic_katz_consensus
R_004157,J_002220,0.8877562284469604,5,0.004775614494949234,8,50,semantic_katz_consensus
R_005288,J_002221,0.8964160084724426,3,0.002972455907930971,17,50,semantic_katz_consensus
R_005613,J_002221,0.8920685052871704,6,0.0026788182510611184,41,50,semantic_katz_consensus
R_009050,J_002221,0.874878466129303,19,0.002721051075522725,35,50,semantic_katz_consensus
R_005832,J_002222,0.8542273640632629,23,0.00349195504784695,18,50,semantic_katz_consensus
R_008374,J_002222,0.729497492313385,50,0.004573200913985929,3,50,semantic_katz_consensus
R_001302,J_002223,0.8082798719406128,28,0.004764458654525414,11,50,semantic_katz_consensus
R_009783,J_002223,0.8348219990730286,13,0.004395976545048709,22,50,semantic_katz_consensus
R_000238,J_002224,0.8959835171699524,8,0.004320261437470224,8,50,semantic_katz_consensus
R_001403,J_002224,0.8131224513053894,41,0.0034349953389564225,38,50,semantic_katz_consensus
R_001613,J_002224,0.8083201050758362,48,0.0032357986646621814,50,50,semantic_katz_consensus
R_004218,J_002224,0.8190085291862488,36,0.0032947652497595193,44,50,semantic_katz_consensus
R_006702,J_002224,0.8087361454963684,47,0.004529005498853754,6,50,semantic_katz_consensus
R_003573,J_002225,0.9009495973587036,11,0.004195540316601385,12,50,semantic_katz_consensus
R_007250,J_002225,0.8961475491523743,15,0.003406722076870006,49,50,semantic_katz_consensus
R_009305,J_002225,0.8342902660369873,45,0.004499935391022779,9,50,semantic_katz_consensus
R_009826,J_002225,0.8655642867088318,31,0.004543333960410395,6,50,semantic_katz_consensus
R_001496,J_002226,0.7836509943008423,42,0.003513484644795447,15,50,semantic_katz_consensus
R_003824,J_002226,0.8488192558288574,14,0.00342503476714944,17,50,semantic_katz_consensus
R_005161,J_002226,0.8403577208518982,20,0.003260500882743499,25,50,semantic_katz_consensus
R_005784,J_002226,0.8296393752098083,26,0.0029752448680369263,47,50,semantic_katz_consensus
R_002309,J_002227,0.8449508547782898,15,0.003129419757763605,32,50,semantic_katz_consensus
R_005668,J_002227,0.8506072759628296,12,0.0038664577859440887,4,50,semantic_katz_consensus
R_001310,J_002228,0.7805127501487732,42,0.003221027494697018,23,50,semantic_katz_consensus
R_005227,J_002229,0.8629246354103088,32,0.0035321809961017456,12,50,semantic_katz_consensus
R_008310,J_002229,0.8591772317886353,40,0.0031405608363420114,30,50,semantic_katz_consensus
R_009072,J_002229,0.8600655794143677,37,0.003359294993223354,14,50,semantic_katz_consensus
R_009077,J_002229,0.873823344707489,11,0.002977635405270602,46,50,semantic_katz_consensus
R_000794,J_002230,0.8819701075553894,4,0.0027876024570387846,30,50,semantic_katz_consensus
R_002089,J_002231,0.8667832612991333,5,0.0038752526128250624,22,50,semantic_katz_consensus
R_003058,J_002231,0.8464514017105103,15,0.004510309147547456,8,50,semantic_katz_consensus
R_006355,J_002231,0.8492595553398132,13,0.004677174521805415,3,50,semantic_katz_consensus
R_006630,J_002231,0.8340921998023987,25,0.004327374001789594,13,50,semantic_katz_consensus
R_008783,J_002231,0.8477767109870911,14,0.004442577259259973,10,50,semantic_katz_consensus
R_001808,J_002232,0.8922441601753235,16,0.004029014317834047,36,50,semantic_katz_consensus
R_003331,J_002232,0.8969539403915405,5,0.004086401973287683,32,50,semantic_katz_consensus
R_005096,J_002232,0.8747727274894714,49,0.004225820454894613,19,50,semantic_katz_consensus
R_007220,J_002232,0.8775344491004944,45,0.003809498077053561,44,50,semantic_katz_consensus
R_007763,J_002233,0.8530411720275879,27,0.004924595125490868,1,50,semantic_katz_consensus
R_000752,J_002234,0.8798585534095764,16,0.0028844044531572428,27,50,semantic_katz_consensus
R_004135,J_002234,0.845984160900116,43,0.0028517337776303394,30,50,semantic_katz_consensus
R_005103,J_002234,0.8619694113731384,38,0.0036971280652253807,4,50,semantic_katz_consensus
R_006498,J_002234,0.8649774789810181,36,0.0030198534678867947,22,50,semantic_katz_consensus
R_002797,J_002235,0.8720118403434753,24,0.003552958032841928,33,50,semantic_katz_consensus
R_002614,J_002236,0.8513165712356567,42,0.003461689671399137,40,50,semantic_katz_consensus
R_003331,J_002236,0.7731861472129822,46,0.0033067326977733137,48,50,semantic_katz_consensus
R_004052,J_002236,0.8956536650657654,4,0.0034345969160841433,41,50,semantic_katz_consensus
R_006658,J_002236,0.8805351257324219,23,0.0039083217112242455,16,50,semantic_katz_consensus
R_009488,J_002236,0.8810144662857056,22,0.0034210653002720616,43,50,semantic_katz_consensus
R_009719,J_002236,0.8848026990890503,16,0.0032991331395091777,50,50,semantic_katz_consensus
R_009563,J_002237,0.8694079518318176,42,0.004190774003979448,11,50,semantic_katz_consensus
R_000453,J_002238,0.7989793419837952,40,0.003394769390701627,18,50,semantic_katz_consensus
R_002452,J_002238,0.8116464018821716,37,0.003005510244484739,43,50,semantic_katz_consensus
R_007246,J_002239,0.8784877061843872,15,0.0033915672458779775,49,50,semantic_katz_consensus
R_009968,J_002239,0.8586835265159607,34,0.003739759312559267,21,50,semantic_katz_consensus
R_004748,J_002240,0.8258863687515259,38,0.003697939672815354,11,50,semantic_katz_consensus
R_005666,J_002240,0.8608654737472534,12,0.0030875853561742775,38,50,semantic_katz_consensus
R_006225,J_002240,0.8718764781951904,7,0.0031091001912773603,36,50,semantic_katz_consensus
R_008013,J_002240,0.8519110679626465,24,0.0032967426022755017,24,50,semantic_katz_consensus
R_003573,J_002241,0.8739521503448486,24,0.0039043227206560375,28,50,semantic_katz_consensus
R_007925,J_002241,0.8243382573127747,38,0.0036764248377122713,40,50,semantic_katz_consensus
R_009305,J_002241,0.8207661509513855,42,0.004595955303242093,7,50,semantic_katz_consensus
R_002011,J_002242,0.8299278616905212,35,0.0048573059456119075,4,50,semantic_katz_consensus
R_003386,J_002242,0.8339731097221375,33,0.0036593074160496753,38,50,semantic_katz_consensus
R_008030,J_002242,0.8555027842521667,24,0.003631034153963259,46,50,semantic_katz_consensus
R_009941,J_002242,0.8242968916893005,41,0.004070819195732546,20,50,semantic_katz_consensus
R_000786,J_002243,0.8760696053504944,7,0.00321629070576591,20,50,semantic_katz_consensus
R_003464,J_002243,0.872393012046814,16,0.0031724494279697707,21,50,semantic_katz_consensus
R_001016,J_002244,0.8131057024002075,46,0.004868048601318035,11,50,semantic_katz_consensus
R_002288,J_002244,0.877902626991272,24,0.004191954510750872,34,50,semantic_katz_consensus
R_009305,J_002244,0.8907557725906372,9,0.005003128716866136,8,50,semantic_katz_consensus
R_002043,J_002245,0.7828319668769836,48,0.002780017660620063,11,50,semantic_katz_consensus
R_009928,J_002245,0.7906768321990967,36,0.0028987476765592983,6,50,semantic_katz_consensus
R_003689,J_002246,0.8593356609344482,13,0.004046544924214337,18,50,semantic_katz_consensus
R_007749,J_002246,0.8607136011123657,8,0.0034557280901603617,46,50,semantic_katz_consensus
R_008500,J_002247,0.8766507506370544,1,0.003336201228476568,45,50,semantic_katz_consensus
R_009783,J_002247,0.8611977100372314,7,0.003405157909071718,38,50,semantic_katz_consensus
R_006396,J_002248,0.7973763942718506,33,0.003999147364258514,33,50,semantic_katz_consensus
R_007988,J_002248,0.8866855502128601,21,0.0037568914960672776,46,50,semantic_katz_consensus
R_003175,J_002250,0.8403978943824768,18,0.004092363554526458,15,50,semantic_katz_consensus
R_009595,J_002250,0.795735239982605,39,0.004217851997449027,10,50,semantic_katz_consensus
R_004153,J_002251,0.8567435145378113,35,0.0034704549745892817,35,50,semantic_katz_consensus
R_004969,J_002251,0.8563834428787231,38,0.004493132678503202,4,50,semantic_katz_consensus
R_005401,J_002251,0.8547393679618835,40,0.0040772234853798444,9,50,semantic_katz_consensus
R_006436,J_002251,0.8592047691345215,31,0.003748524615749412,22,50,semantic_katz_consensus
R_009785,J_002252,0.8413163423538208,50,0.003092779615359323,24,50,semantic_katz_consensus
R_001827,J_002253,0.8813059329986572,3,0.004404712324548024,2,50,semantic_katz_consensus
R_003716,J_002253,0.8747432827949524,9,0.003951307095894167,5,50,semantic_katz_consensus
R_005640,J_002253,0.8784662485122681,5,0.003358896570351074,30,50,semantic_katz_consensus
R_005194,J_002254,0.8686062693595886,11,0.0035465685050400445,17,50,semantic_katz_consensus
R_009935,J_002254,0.8783146739006042,5,0.0032377760171781638,38,50,semantic_katz_consensus
R_002110,J_002255,0.8775186538696289,30,0.002773244471791315,44,50,semantic_katz_consensus
R_005350,J_002255,0.8901585340499878,5,0.003136178184746939,17,50,semantic_katz_consensus
R_001022,J_002256,0.8242238759994507,35,0.003706321314978634,23,50,semantic_katz_consensus
R_002262,J_002256,0.9002922773361206,7,0.0035453732364232066,33,50,semantic_katz_consensus
R_009325,J_002257,0.8680636882781982,15,0.004466054685033623,2,50,semantic_katz_consensus
R_009632,J_002257,0.8602985739707947,23,0.003128608150173632,34,50,semantic_katz_consensus
R_009892,J_002257,0.8636385798454285,22,0.0031545499224080306,32,50,semantic_katz_consensus
R_005856,J_002258,0.8622729182243347,33,0.0024314124092210797,28,50,semantic_katz_consensus
R_008639,J_002258,0.8611457347869873,35,0.002380827466287022,32,50,semantic_katz_consensus
R_004102,J_002259,0.8126016855239868,6,0.002940183655276347,47,50,semantic_katz_consensus
R_002871,J_002260,0.8846529126167297,5,0.0030409846419630123,43,50,semantic_katz_consensus
R_007405,J_002260,0.7884733080863953,43,0.003110708644611892,37,50,semantic_katz_consensus
R_004910,J_002261,0.8115410208702087,43,0.0034262447976116926,48,50,semantic_katz_consensus
R_006451,J_002261,0.8881617784500122,21,0.0036437541621853675,38,50,semantic_katz_consensus
R_006767,J_002261,0.8894912004470825,17,0.00358121653308293,42,50,semantic_katz_consensus
R_004802,J_002262,0.8661743402481079,25,0.0035214678640864477,12,50,semantic_katz_consensus
R_008044,J_002262,0.874505877494812,12,0.0035119057151517443,13,50,semantic_katz_consensus
R_006808,J_002263,0.8689011335372925,9,0.0034939471622083464,9,50,semantic_katz_consensus
R_008559,J_002263,0.8508667945861816,29,0.0030720468641553846,27,50,semantic_katz_consensus
R_004636,J_002264,0.875247061252594,23,0.0033545286806014162,26,50,semantic_katz_consensus
R_008176,J_002264,0.8697922229766846,29,0.0031608804028282565,41,50,semantic_katz_consensus
R_008878,J_002264,0.8685302734375,30,0.004614282755366942,1,50,semantic_katz_consensus
R_002011,J_002265,0.8472497463226318,42,0.00478120717700656,3,50,semantic_katz_consensus
R_004910,J_002266,0.8903979659080505,18,0.00391428329246302,29,50,semantic_katz_consensus
R_004963,J_002266,0.8671127557754517,38,0.003651338958604089,48,50,semantic_katz_consensus
R_007669,J_002266,0.8964223265647888,11,0.003922236988063192,28,50,semantic_katz_consensus
R_000299,J_002267,0.8403889536857605,8,0.0031620904332905087,26,50,semantic_katz_consensus
R_006817,J_002267,0.8523067235946655,5,0.003453706452108136,10,50,semantic_katz_consensus
R_004112,J_002268,0.7910305261611938,50,0.003229409136860298,36,50,semantic_katz_consensus
R_006451,J_002268,0.8804104924201965,20,0.003683183264695605,12,50,semantic_katz_consensus
R_002767,J_002271,0.7934635281562805,50,0.00326568038008313,42,50,semantic_katz_consensus
R_007422,J_002271,0.8780310750007629,8,0.0038031233110970924,13,50,semantic_katz_consensus
R_006319,J_002272,0.8384138941764832,23,0.0032461428974960294,19,50,semantic_katz_consensus
R_007286,J_002272,0.8374167680740356,24,0.0033202643135853954,14,50,semantic_katz_consensus
R_007354,J_002272,0.852187991142273,8,0.002919465665917822,38,50,semantic_katz_consensus
R_000238,J_002273,0.887603223323822,23,0.004892337634681658,2,50,semantic_katz_consensus
R_000536,J_002273,0.813187837600708,48,0.0033322317615991897,31,50,semantic_katz_consensus
R_006702,J_002273,0.8134574294090271,46,0.0038465514041755374,9,50,semantic_katz_consensus
R_008565,J_002274,0.8960826992988586,3,0.0035246257233738534,43,50,semantic_katz_consensus
R_009563,J_002274,0.8596105575561523,45,0.003760123164581756,24,50,semantic_katz_consensus
R_002512,J_002275,0.866749107837677,32,0.0031660894238587168,50,50,semantic_katz_consensus
R_003879,J_002275,0.8586329221725464,40,0.0035258505156815206,26,50,semantic_katz_consensus
R_006581,J_002276,0.8046855926513672,17,0.004418214416669277,1,50,semantic_katz_consensus
R_006824,J_002276,0.8128102421760559,9,0.0027477454079654394,42,50,semantic_katz_consensus
R_001396,J_002277,0.8206639885902405,46,0.0028437653201847535,44,50,semantic_katz_consensus
R_007211,J_002277,0.8967419266700745,5,0.002892756571629694,37,50,semantic_katz_consensus
R_007520,J_002277,0.823093593120575,37,0.002814709974199192,48,50,semantic_katz_consensus
R_006658,J_002278,0.8823555111885071,23,0.003993185783019739,20,50,semantic_katz_consensus
R_009488,J_002278,0.8867697715759277,12,0.004567239332747154,9,50,semantic_katz_consensus
R_009069,J_002279,0.7860888242721558,49,0.0035445616288332336,26,50,semantic_katz_consensus
R_000006,J_002280,0.7578958868980408,50,0.0038617209970129803,22,50,semantic_katz_consensus
R_001106,J_002280,0.8150449991226196,32,0.003664472151543892,40,50,semantic_katz_consensus
R_001885,J_002280,0.8558880090713501,2,0.003729813502597699,34,50,semantic_katz_consensus
R_002328,J_002280,0.8516406416893005,4,0.0037911853867741273,28,50,semantic_katz_consensus
R_007604,J_002280,0.8421379327774048,13,0.003902330606294641,20,50,semantic_katz_consensus
R_009992,J_002280,0.8162384629249573,31,0.004136558969658633,15,50,semantic_katz_consensus
R_000702,J_002281,0.847113311290741,38,0.00329196152780815,5,50,semantic_katz_consensus
R_009552,J_002281,0.8829860687255859,12,0.003421434199453512,2,50,semantic_katz_consensus
R_000276,J_002282,0.8556318283081055,24,0.0032130737990968463,28,50,semantic_katz_consensus
R_007120,J_002283,0.8638234734535217,21,0.003204721680624395,44,50,semantic_katz_consensus
R_007661,J_002283,0.8640555739402771,19,0.00362148676687397,17,50,semantic_katz_consensus
R_009022,J_002284,0.8497060537338257,23,0.003675244330940848,20,50,semantic_katz_consensus
R_009531,J_002284,0.8530942797660828,20,0.003305139006284196,36,50,semantic_katz_consensus
R_000731,J_002285,0.8974101543426514,10,0.004446915625318802,7,50,semantic_katz_consensus
R_001724,J_002285,0.8770421147346497,37,0.003681987996078767,34,50,semantic_katz_consensus
R_006156,J_002285,0.8902857899665833,25,0.003983992533266485,18,50,semantic_katz_consensus
R_001061,J_002286,0.8634106516838074,9,0.003387169832437491,32,50,semantic_katz_consensus
R_006817,J_002286,0.8599246144294739,13,0.003116271802978388,47,50,semantic_katz_consensus
R_004642,J_002287,0.8296759128570557,23,0.003599927646234643,23,50,semantic_katz_consensus
R_005906,J_002287,0.8240954279899597,29,0.0034756049482380837,27,50,semantic_katz_consensus
R_008505,J_002287,0.8231882452964783,31,0.004087951379240557,8,50,semantic_katz_consensus
R_003544,J_002288,0.7249981164932251,41,0.0029027319052820915,47,50,semantic_katz_consensus
R_006581,J_002288,0.8149106502532959,10,0.00307724112334043,32,50,semantic_katz_consensus
R_008432,J_002288,0.7965332865715027,25,0.0029891749067212873,40,50,semantic_katz_consensus
R_004157,J_002289,0.8227747678756714,37,0.003454149160516659,40,50,semantic_katz_consensus
R_002136,J_002290,0.8152639269828796,21,0.002257729560598129,25,50,semantic_katz_consensus
R_007454,J_002290,0.8502998352050781,3,0.002097961988814125,40,50,semantic_katz_consensus
R_009595,J_002290,0.8410830497741699,10,0.0022991655393151773,22,50,semantic_katz_consensus
R_001407,J_002291,0.88582444190979,3,0.003518295242953628,28,50,semantic_katz_consensus
R_002089,J_002291,0.7965515851974487,46,0.0032035559356983863,49,50,semantic_katz_consensus
R_006671,J_002291,0.8171780109405518,27,0.0036354020437129164,17,50,semantic_katz_consensus
R_008352,J_002291,0.8171908855438232,26,0.0033549271034736955,41,50,semantic_katz_consensus
R_003653,J_002292,0.8558309078216553,33,0.0029517379185724467,17,50,semantic_katz_consensus
R_009042,J_002292,0.8543874621391296,36,0.0026780509290073883,34,50,semantic_katz_consensus
R_009785,J_002292,0.8781940937042236,7,0.004054085435096815,2,50,semantic_katz_consensus
R_004340,J_002293,0.8046931028366089,44,0.004468061561240435,23,50,semantic_katz_consensus
R_005014,J_002293,0.8074150681495667,42,0.004784365036293965,15,50,semantic_katz_consensus
R_008078,J_002293,0.8166922330856323,37,0.004189150788799502,41,50,semantic_katz_consensus
R_007661,J_002294,0.8816308975219727,9,0.004616274869728338,3,50,semantic_katz_consensus
R_002172,J_002295,0.8761661648750305,12,0.0032752425290178333,50,50,semantic_katz_consensus
R_004748,J_002295,0.880125880241394,9,0.00402742062634493,14,50,semantic_katz_consensus
R_005666,J_002295,0.8726713061332703,14,0.0037604773019177915,21,50,semantic_katz_consensus
R_002746,J_002296,0.8304885625839233,23,0.003751357861391611,14,50,semantic_katz_consensus
R_004340,J_002296,0.8192772269248962,31,0.0038122870371595165,13,50,semantic_katz_consensus
R_008358,J_002296,0.8377385139465332,18,0.004951318981624411,1,50,semantic_katz_consensus
R_005271,J_002297,0.8327592611312866,26,0.0035457273737592426,30,50,semantic_katz_consensus
R_001643,J_002298,0.7920297384262085,44,0.0044178307556424126,1,50,semantic_katz_consensus
R_006109,J_002298,0.7904520630836487,46,0.003548944280428306,17,50,semantic_katz_consensus
R_006267,J_002298,0.8322188854217529,32,0.003449722223385343,21,50,semantic_katz_consensus
R_006275,J_002299,0.8580710291862488,23,0.00380114595858111,14,50,semantic_katz_consensus
R_009590,J_002299,0.8430525064468384,40,0.0036708616793457755,20,50,semantic_katz_consensus
R_001433,J_002300,0.8705027103424072,13,0.00370553923107949,48,50,semantic_katz_consensus
R_004701,J_002300,0.7897804379463196,40,0.0037437435412820603,43,50,semantic_katz_consensus
R_006833,J_002302,0.8567708730697632,32,0.0034704402127438668,20,50,semantic_katz_consensus
R_008914,J_002303,0.8612315058708191,44,0.002890779219113712,43,50,semantic_katz_consensus
R_005725,J_002304,0.8632464408874512,33,0.0033290000930847113,12,50,semantic_katz_consensus
R_006016,J_002304,0.8728440999984741,22,0.003027054603278651,31,50,semantic_katz_consensus
R_006311,J_002304,0.8493134379386902,49,0.0032182532964364773,20,50,semantic_katz_consensus
R_000947,J_002305,0.8616006970405579,5,0.0035246257233738534,36,50,semantic_katz_consensus
R_001988,J_002305,0.8519418239593506,19,0.0038369597315500046,24,50,semantic_katz_consensus
R_008374,J_002305,0.8389266729354858,28,0.0035995439852077784,33,50,semantic_katz_consensus
R_003133,J_002306,0.8814826011657715,9,0.003210284838990891,38,50,semantic_katz_consensus
R_006557,J_002306,0.8489495515823364,46,0.0031481308709153184,40,50,semantic_katz_consensus
R_001642,J_002307,0.8623989820480347,33,0.0047194221081124366,14,50,semantic_katz_consensus
R_005492,J_002307,0.8747022151947021,25,0.004032201700812282,34,50,semantic_katz_consensus
R_006784,J_002308,0.757405698299408,49,0.004276818582546365,36,50,semantic_katz_consensus
R_009484,J_002308,0.8597625494003296,9,0.004541755030766693,23,50,semantic_katz_consensus
R_004920,J_002309,0.8806146383285522,4,0.0033143027323466207,43,50,semantic_katz_consensus
R_000196,J_002310,0.8929494619369507,2,0.003799906404428029,19,50,semantic_katz_consensus
R_006688,J_002310,0.8640152812004089,34,0.0037800147845048924,20,50,semantic_katz_consensus
R_008695,J_002310,0.7906611561775208,37,0.003911863231538516,13,50,semantic_katz_consensus
R_000800,J_002311,0.8949006199836731,4,0.0029019350595375325,50,50,semantic_katz_consensus
R_007670,J_002311,0.8933409452438354,5,0.003444527964200297,16,50,semantic_katz_consensus
R_009785,J_002311,0.8403218984603882,43,0.003124255022269389,35,50,semantic_katz_consensus
R_002513,J_002312,0.8823684453964233,11,0.003979624643516828,35,50,semantic_katz_consensus
R_002730,J_002312,0.7831230759620667,50,0.003985187801883323,34,50,semantic_katz_consensus
R_006607,J_002312,0.8891825079917908,5,0.004165274940153572,26,50,semantic_katz_consensus
R_007329,J_002312,0.8560230135917664,40,0.004168477084977222,25,50,semantic_katz_consensus
R_009552,J_002313,0.8808424472808838,10,0.003341764386843064,12,50,semantic_katz_consensus
R_003426,J_002314,0.8319898247718811,37,0.003960087160929727,14,50,semantic_katz_consensus
R_001016,J_002315,0.8733305335044861,24,0.0038680662392786202,17,50,semantic_katz_consensus
R_003931,J_002315,0.8675863146781921,33,0.0042636706277611475,8,50,semantic_katz_consensus
R_002011,J_002317,0.799900233745575,36,0.003965310943805601,27,50,semantic_katz_consensus
R_002766,J_002317,0.7861347198486328,46,0.003817451772653733,37,50,semantic_katz_consensus
R_006260,J_002317,0.8729180097579956,17,0.00434692624622211,17,50,semantic_katz_consensus
R_003619,J_002318,0.8827726244926453,13,0.0028501548479866363,26,50,semantic_katz_consensus
R_006102,J_002318,0.8838067054748535,11,0.0028915760648582705,24,50,semantic_katz_consensus
R_006454,J_002318,0.8718798160552979,24,0.0026521534423092335,40,50,semantic_katz_consensus
R_004980,J_002319,0.8319444060325623,40,0.002958924292118889,42,50,semantic_katz_consensus
R_006188,J_002319,0.8471439480781555,17,0.0029740495994200885,38,50,semantic_katz_consensus
R_005456,J_002320,0.8919066786766052,22,0.004180429771145601,8,50,semantic_katz_consensus
R_007539,J_002320,0.8846064209938049,28,0.004088379325803665,12,50,semantic_katz_consensus
R_000605,J_002321,0.8483192920684814,37,0.002919067243045543,29,50,semantic_katz_consensus
R_002253,J_002321,0.8547659516334534,33,0.003357302878861957,11,50,semantic_katz_consensus
R_005407,J_002321,0.8700823783874512,18,0.0027712671192753327,44,50,semantic_katz_consensus
R_003048,J_002322,0.8646533489227295,15,0.004155712791218869,10,50,semantic_katz_consensus
R_000103,J_002323,0.8353785276412964,29,0.003509101993200375,30,50,semantic_katz_consensus
R_001098,J_002323,0.8724169135093689,13,0.0037047423853349315,20,50,semantic_katz_consensus
R_005671,J_002323,0.8843826055526733,5,0.003315866900144909,43,50,semantic_katz_consensus
R_004475,J_002324,0.8107098340988159,47,0.002779619237747784,36,50,semantic_katz_consensus
R_009928,J_002324,0.8316854238510132,22,0.003909074271432561,2,50,semantic_katz_consensus
R_003922,J_002325,0.8172168135643005,17,0.0031162570411329736,32,50,semantic_katz_consensus
R_005784,J_002325,0.8081462979316711,24,0.0036983233338422185,10,50,semantic_katz_consensus
R_007681,J_002325,0.7747610211372375,47,0.0030971475051089813,33,50,semantic_katz_consensus
R_006355,J_002326,0.8023020029067993,45,0.003635387281867502,43,50,semantic_katz_consensus
R_006671,J_002326,0.8566352128982544,18,0.004048950223293428,21,50,semantic_katz_consensus
R_008352,J_002326,0.8329686522483826,32,0.004211875654364837,15,50,semantic_katz_consensus
R_009906,J_002327,0.8384585380554199,10,0.003313476362911233,8,50,semantic_katz_consensus
R_000006,J_002328,0.837460994720459,25,0.00434615892416838,9,50,semantic_katz_consensus
R_001926,J_002328,0.8346184492111206,30,0.0037684457593633778,33,50,semantic_katz_consensus
R_002541,J_002328,0.8165409564971924,41,0.005311448972628665,2,50,semantic_katz_consensus
R_007431,J_002328,0.8435899615287781,20,0.004200705052095602,14,50,semantic_katz_consensus
R_003331,J_002329,0.7741599082946777,45,0.004736967476338141,8,50,semantic_katz_consensus
R_004215,J_002329,0.8858880996704102,20,0.003774407340602153,47,50,semantic_katz_consensus
R_006658,J_002329,0.8834062814712524,27,0.0043254556966552705,13,50,semantic_katz_consensus
R_009488,J_002329,0.8856472373008728,21,0.00431427033254062,16,50,semantic_katz_consensus
R_002277,J_002330,0.8053662180900574,48,0.0029278325462356878,47,50,semantic_katz_consensus
R_005847,J_002330,0.8120445013046265,45,0.0030242361194818667,36,50,semantic_katz_consensus
R_006842,J_002330,0.858274519443512,18,0.003276039374762392,21,50,semantic_katz_consensus
R_008064,J_002330,0.8716326355934143,8,0.003402723086301799,17,50,semantic_katz_consensus
R_000138,J_002331,0.863853931427002,37,0.003273250414656437,43,50,semantic_katz_consensus
R_001143,J_002331,0.87068772315979,25,0.0032306191673225505,45,50,semantic_katz_consensus
R_002512,J_002331,0.8646828532218933,35,0.0032174859743827476,47,50,semantic_katz_consensus
R_003879,J_002331,0.8525096774101257,44,0.004452906730248406,3,50,semantic_katz_consensus
R_009446,J_002331,0.8737539649009705,21,0.00404254593364613,11,50,semantic_katz_consensus
R_002671,J_002332,0.8587589263916016,5,0.003052538905259113,28,50,semantic_katz_consensus
R_007671,J_002332,0.7251434326171875,47,0.003038992527601616,29,50,semantic_katz_consensus
R_000697,J_002333,0.872393786907196,7,0.0035437500212432606,35,50,semantic_katz_consensus
R_006402,J_002333,0.8307560682296753,26,0.003664870574416171,29,50,semantic_katz_consensus
R_000072,J_002334,0.8459627628326416,11,0.003399934126195843,25,50,semantic_katz_consensus
R_000308,J_002334,0.8506526350975037,9,0.0035250093844007182,18,50,semantic_katz_consensus
R_001760,J_002335,0.867424488067627,24,0.003000345508990523,28,50,semantic_katz_consensus
R_005075,J_002335,0.7712478637695312,50,0.0030318061540551737,26,50,semantic_katz_consensus
R_005260,J_002335,0.8314003348350525,36,0.002946956844105095,31,50,semantic_katz_consensus
R_006359,J_002335,0.8953393697738647,4,0.0027664860448079814,50,50,semantic_katz_consensus
R_002479,J_002336,0.8046004772186279,22,0.0032505255490911013,25,50,semantic_katz_consensus
R_004790,J_002337,0.7851322293281555,40,0.004525788592184691,4,50,semantic_katz_consensus
R_007520,J_002338,0.7996414303779602,47,0.003996343642307144,8,50,semantic_katz_consensus
R_004663,J_002340,0.8428856134414673,7,0.002849328478551249,43,50,semantic_katz_consensus
R_007176,J_002340,0.8408915400505066,9,0.003860850342041349,5,50,semantic_katz_consensus
R_007886,J_002341,0.7388163208961487,46,0.0033955367127553567,49,50,semantic_katz_consensus
R_008759,J_002341,0.8459333181381226,10,0.0035377736781590707,38,50,semantic_katz_consensus
R_009182,J_002341,0.8185608386993408,22,0.004126996820723929,14,50,semantic_katz_consensus
R_000118,J_002343,0.8273206353187561,39,0.0035413594840095846,37,50,semantic_katz_consensus
R_001139,J_002343,0.88558030128479,13,0.0037915542859555777,25,50,semantic_katz_consensus
R_006677,J_002343,0.8829692006111145,14,0.0035290378986597547,39,50,semantic_katz_consensus
R_009826,J_002343,0.8511416912078857,31,0.0042007198139410165,13,50,semantic_katz_consensus
R_002797,J_002344,0.8758292198181152,5,0.004569644631826244,7,50,semantic_katz_consensus
R_000283,J_002345,0.8050553798675537,48,0.0036023477071591486,19,50,semantic_katz_consensus
R_003630,J_002345,0.8858395218849182,11,0.003316678507734882,38,50,semantic_katz_consensus
R_004425,J_002346,0.878042995929718,2,0.0034680349136647767,21,50,semantic_katz_consensus
R_004802,J_002346,0.8639144897460938,21,0.003852527747259727,14,50,semantic_katz_consensus
R_006333,J_002346,0.8765397667884827,5,0.0031939495012274395,37,50,semantic_katz_consensus
R_001066,J_002347,0.8578606843948364,43,0.003677620106329109,8,50,semantic_katz_consensus
R_001144,J_002347,0.863608181476593,33,0.0030353919599056876,35,50,semantic_katz_consensus
R_001987,J_002347,0.8781008124351501,13,0.0032349870570722084,18,50,semantic_katz_consensus
R_009646,J_002347,0.8618867993354797,36,0.0031154749572338295,24,50,semantic_katz_consensus
R_006582,J_002348,0.8408908247947693,34,0.004022639551877578,6,50,semantic_katz_consensus
R_002457,J_002349,0.7919793725013733,50,0.004217055151704468,18,50,semantic_katz_consensus
R_003017,J_002349,0.8933218121528625,1,0.00349716406887741,49,50,semantic_katz_consensus
R_005281,J_002349,0.852751612663269,26,0.004031788516094589,23,50,semantic_katz_consensus
R_006412,J_002349,0.8564915060997009,21,0.006019062755642137,2,50,semantic_katz_consensus
R_001302,J_002350,0.7998751401901245,34,0.0037561094121681335,20,50,semantic_katz_consensus
R_007311,J_002350,0.79195237159729,36,0.0033529202272668847,42,50,semantic_katz_consensus
R_009783,J_002350,0.8429970741271973,9,0.004416266587844124,6,50,semantic_katz_consensus
R_003713,J_002351,0.8032499551773071,29,0.0033103037417784127,25,50,semantic_katz_consensus
R_001926,J_002352,0.7815308570861816,50,0.004154487998911202,20,50,semantic_katz_consensus
R_008352,J_002353,0.7166799306869507,39,0.0029613148293525645,46,50,semantic_katz_consensus
R_009328,J_002353,0.7134445905685425,43,0.0032859999465693745,33,50,semantic_katz_consensus
R_001390,J_002354,0.7903518080711365,41,0.0030831879427337906,44,50,semantic_katz_consensus
R_003248,J_002354,0.7805235385894775,48,0.0035724512298927853,15,50,semantic_katz_consensus
R_008475,J_002354,0.8529142141342163,29,0.003500749874727924,18,50,semantic_katz_consensus
R_005692,J_002355,0.8983574509620667,31,0.0045915431279561925,4,50,semantic_katz_consensus
R_007520,J_002355,0.8081146478652954,47,0.003756124174013548,23,50,semantic_katz_consensus
R_002452,J_002356,0.7877849340438843,42,0.002793165615405281,44,50,semantic_katz_consensus
R_004604,J_002356,0.8806679844856262,10,0.002705925768221526,48,50,semantic_katz_consensus
R_007763,J_002357,0.8727757334709167,13,0.004101542042434297,15,50,semantic_katz_consensus
R_009709,J_002357,0.8581689596176147,32,0.003470469736434696,40,50,semantic_katz_consensus
R_001572,J_002358,0.8558469414710999,22,0.003937377057209806,22,50,semantic_katz_consensus
R_004813,J_002358,0.8731662034988403,2,0.0035441632059609544,39,50,semantic_katz_consensus
R_007294,J_002358,0.7772817611694336,43,0.003917057490723561,23,50,semantic_katz_consensus
R_007129,J_002359,0.8833406567573547,12,0.0039485328976336265,33,50,semantic_katz_consensus
R_007425,J_002359,0.8665961027145386,30,0.003954110817845537,32,50,semantic_katz_consensus
R_008655,J_002359,0.9004929065704346,3,0.00429473284995352,17,50,semantic_katz_consensus
R_009741,J_002359,0.863621175289154,32,0.003798356998475155,43,50,semantic_katz_consensus
R_000029,J_002360,0.8120409250259399,44,0.004134965278169515,24,50,semantic_katz_consensus
R_002746,J_002360,0.8992487788200378,1,0.0058234076016621655,1,50,semantic_katz_consensus
R_008311,J_002360,0.8617921471595764,12,0.0042644822353511205,19,50,semantic_katz_consensus
R_008358,J_002360,0.8548857569694519,15,0.0040597519263812125,28,50,semantic_katz_consensus
R_009989,J_002360,0.8683521151542664,9,0.0037688589440810715,48,50,semantic_katz_consensus
R_000016,J_002361,0.869466245174408,31,0.004781192415161145,4,50,semantic_katz_consensus
R_000905,J_002362,0.8966457843780518,5,0.0027477454079654394,37,50,semantic_katz_consensus
R_001973,J_002362,0.8483900427818298,46,0.002751331213815953,36,50,semantic_katz_consensus
R_002110,J_002362,0.8706760406494141,38,0.0026019373985566255,50,50,semantic_katz_consensus
R_004719,J_002362,0.8842886686325073,27,0.002605523204407139,49,50,semantic_katz_consensus
R_005058,J_002363,0.8475179076194763,27,0.003463681785760533,24,50,semantic_katz_consensus
R_007952,J_002364,0.8701202869415283,4,0.0031716378203797977,30,50,semantic_katz_consensus
R_003811,J_002366,0.7774627804756165,46,0.003819827548041994,28,50,semantic_katz_consensus
R_005541,J_002366,0.8712083697319031,21,0.003660104261794234,42,50,semantic_katz_consensus
R_009618,J_002366,0.8841124176979065,6,0.003665652658315315,41,50,semantic_katz_consensus
R_004225,J_002367,0.8672221899032593,25,0.0033166637458894675,17,50,semantic_katz_consensus
R_005425,J_002368,0.8774603605270386,18,0.0037349782380919154,38,50,semantic_katz_consensus
R_004082,J_002369,0.841243326663971,45,0.003992388937275181,21,50,semantic_katz_consensus
R_007925,J_002369,0.8708406686782837,34,0.00351189095330633,42,50,semantic_katz_consensus
R_009305,J_002369,0.899935781955719,20,0.0036951949982456426,28,50,semantic_katz_consensus
R_005621,J_002372,0.8529273271560669,24,0.0034585170502663166,27,50,semantic_katz_consensus
R_007671,J_002372,0.8065574765205383,50,0.0039425565545494375,9,50,semantic_katz_consensus
R_009821,J_002372,0.8450211882591248,32,0.0031075507853244866,50,50,semantic_katz_consensus
R_009997,J_002372,0.8538702726364136,23,0.003797545390885182,14,50,semantic_katz_consensus
R_000283,J_002373,0.7712414860725403,44,0.0037812248149671447,15,50,semantic_katz_consensus
R_003908,J_002373,0.8495123982429504,34,0.003326225894824171,43,50,semantic_katz_consensus
R_002671,J_002374,0.8514472842216492,8,0.0036055203282919683,31,50,semantic_katz_consensus
R_003292,J_002374,0.7448605298995972,48,0.0034090978522582673,48,50,semantic_katz_consensus
R_002229,J_002376,0.881038248538971,5,0.003208676385656359,20,50,semantic_katz_consensus
R_007153,J_002376,0.8694540858268738,19,0.004167665477387248,1,50,semantic_katz_consensus
R_007755,J_002376,0.8653919100761414,26,0.0029338088893198777,32,50,semantic_katz_consensus
R_008111,J_002376,0.867217481136322,22,0.0032987199547914836,13,50,semantic_katz_consensus
R_003238,J_002377,0.881710410118103,7,0.0034696581288447227,45,50,semantic_katz_consensus
R_008030,J_002377,0.8785479664802551,12,0.004467648376522741,4,50,semantic_katz_consensus
R_003411,J_002378,0.7635594606399536,43,0.003308296865571602,40,50,semantic_katz_consensus
R_009226,J_002378,0.8339391946792603,11,0.003288375721957636,41,50,semantic_katz_consensus
R_007119,J_002379,0.8068045377731323,30,0.0038481598575100693,33,50,semantic_katz_consensus
R_002932,J_002380,0.9127357006072998,2,0.005739724036638097,4,50,semantic_katz_consensus
R_005456,J_002381,0.8948315978050232,30,0.005273613561607545,1,50,semantic_katz_consensus
R_007539,J_002381,0.9064168930053711,19,0.004129018458776155,12,50,semantic_katz_consensus
R_000877,J_002382,0.8420267701148987,3,0.002956932177757492,41,50,semantic_katz_consensus
R_002724,J_002382,0.815642774105072,36,0.003648151575625855,8,50,semantic_katz_consensus
R_007581,J_002382,0.8274492621421814,25,0.0041198399708683164,1,50,semantic_katz_consensus
R_000606,J_002383,0.8566601872444153,50,0.005251287118914489,2,50,semantic_katz_consensus
R_007084,J_002383,0.8781077861785889,28,0.004566472010693425,9,50,semantic_katz_consensus
R_003605,J_002384,0.7863540053367615,42,0.0031700441288906806,40,50,semantic_katz_consensus
R_001642,J_002385,0.810117781162262,46,0.003313092701884368,48,50,semantic_katz_consensus
R_002490,J_002385,0.8941617012023926,7,0.003896309977674208,13,50,semantic_katz_consensus
R_004973,J_002385,0.8080689311027527,47,0.004040568581130148,9,50,semantic_katz_consensus
R_005565,J_002385,0.8284147381782532,36,0.0034377695372169634,35,50,semantic_katz_consensus
R_003769,J_002386,0.8593236207962036,16,0.003284007832207978,22,50,semantic_katz_consensus
R_006045,J_002386,0.8483657240867615,27,0.0036648558125707566,7,50,semantic_katz_consensus
R_009932,J_002386,0.8634655475616455,13,0.0036210588203108617,9,50,semantic_katz_consensus
R_008309,J_002387,0.8791187405586243,5,0.00323379178845537,29,50,semantic_katz_consensus
R_004426,J_002388,0.8613154292106628,30,0.003686385409519254,32,50,semantic_katz_consensus
R_004484,J_002388,0.8667259216308594,19,0.004176430780577393,12,50,semantic_katz_consensus
R_006575,J_002388,0.8751497864723206,7,0.0034883840038418506,49,50,semantic_katz_consensus
R_001293,J_002389,0.8222144246101379,42,0.002888019782698586,39,50,semantic_katz_consensus
R_002429,J_002389,0.8672556281089783,8,0.003232611281683947,21,50,semantic_katz_consensus
R_005536,J_002389,0.8473961353302002,27,0.0032493302804742635,19,50,semantic_katz_consensus
R_000280,J_002390,0.7898380160331726,45,0.0033847940570492295,32,50,semantic_katz_consensus
R_000908,J_002390,0.846873939037323,8,0.003794756430779227,16,50,semantic_katz_consensus
R_001030,J_002390,0.8262500166893005,26,0.003166487846730996,47,50,semantic_katz_consensus
R_004319,J_002390,0.8641494512557983,3,0.003525865277526935,27,50,semantic_katz_consensus
R_002973,J_002391,0.8075801730155945,21,0.0028250394451876256,34,50,semantic_katz_consensus
R_005459,J_002391,0.7757004499435425,47,0.0027533233281773492,37,50,semantic_katz_consensus
R_006246,J_002391,0.796832263469696,27,0.0029234646564860302,26,50,semantic_katz_consensus
R_006332,J_002391,0.8225893974304199,12,0.0029847922551262153,23,50,semantic_katz_consensus
R_007377,J_002391,0.8187662959098816,16,0.002629428576743898,46,50,semantic_katz_consensus
R_003558,J_002392,0.8812236189842224,30,0.0044895468726526885,1,50,semantic_katz_consensus
R_004767,J_002392,0.8945822715759277,15,0.003470499260125525,36,50,semantic_katz_consensus
R_007594,J_002392,0.8839793801307678,27,0.0033298264625200987,47,50,semantic_katz_consensus
R_007613,J_002392,0.8976343274116516,10,0.0037584851875563947,21,50,semantic_katz_consensus
R_000875,J_002393,0.7971122860908508,50,0.003771234719469333,12,50,semantic_katz_consensus
R_007686,J_002393,0.847497284412384,18,0.0035353683790799806,20,50,semantic_katz_consensus
R_000652,J_002395,0.8654110431671143,27,0.003722641890896671,36,50,semantic_katz_consensus
R_001646,J_002395,0.8850888609886169,8,0.003800334350991137,30,50,semantic_katz_consensus
R_006523,J_002396,0.8620086908340454,16,0.003919846450829516,30,50,semantic_katz_consensus
R_006769,J_002396,0.8886135816574097,1,0.004238555224962136,16,50,semantic_katz_consensus
R_004033,J_002397,0.897260844707489,2,0.0035405626382650256,5,50,semantic_katz_consensus
R_000908,J_002398,0.8514335751533508,16,0.004200321391068737,15,50,semantic_katz_consensus
R_004168,J_002398,0.788651704788208,35,0.004893562426989325,6,50,semantic_katz_consensus
R_004319,J_002398,0.8391255736351013,24,0.0037931922629809386,31,50,semantic_katz_consensus
R_005633,J_002398,0.8402877449989319,22,0.003915449037389029,22,50,semantic_katz_consensus
R_008405,J_002398,0.7942726612091064,33,0.004512256976372609,9,50,semantic_katz_consensus
R_000776,J_002399,0.8070608973503113,48,0.003785991127589082,12,50,semantic_katz_consensus
R_003880,J_002399,0.8410159349441528,12,0.00395568974748924,7,50,semantic_katz_consensus
R_008524,J_002399,0.8243079781532288,30,0.003471635481360705,21,50,semantic_katz_consensus
R_002089,J_002400,0.8268619179725647,50,0.004703101532194399,5,50,semantic_katz_consensus
R_001302,J_002401,0.8395448327064514,29,0.0037784358548611898,41,50,semantic_katz_consensus
R_001368,J_002401,0.7953507304191589,42,0.0036776053444836946,45,50,semantic_katz_consensus
R_004985,J_002401,0.8650220036506653,6,0.0038967231623919015,32,50,semantic_katz_consensus
R_009783,J_002401,0.8560190200805664,13,0.004347368954630632,14,50,semantic_katz_consensus
R_000129,J_002402,0.712708055973053,48,0.0031067096540436847,35,50,semantic_katz_consensus
R_009328,J_002402,0.7366549968719482,38,0.0031401919371605615,31,50,semantic_katz_consensus
R_008259,J_002403,0.7851054668426514,48,0.003260500882743499,47,50,semantic_katz_consensus
R_001196,J_002404,0.8425337672233582,4,0.00312663079765765,42,50,semantic_katz_consensus
R_002219,J_002404,0.7764120697975159,29,0.003213914930377648,35,50,semantic_katz_consensus
R_007198,J_002404,0.7285271286964417,43,0.004080396106512664,9,50,semantic_katz_consensus
R_009783,J_002405,0.8693569302558899,11,0.0038310424358474733,26,50,semantic_katz_consensus
R_000646,J_002406,0.867417573928833,30,0.003569647507941416,13,50,semantic_katz_consensus
R_001827,J_002406,0.8695008754730225,27,0.004187586621001214,6,50,semantic_katz_consensus
R_004929,J_002406,0.8607650399208069,33,0.003074038978516781,36,50,semantic_katz_consensus
R_000366,J_002407,0.8101360201835632,42,0.0034748228643389396,19,50,semantic_katz_consensus
R_009072,J_002407,0.8057417869567871,48,0.003073256894617637,46,50,semantic_katz_consensus
R_009077,J_002407,0.8113604784011841,41,0.0031840036912658713,33,50,semantic_katz_consensus
R_004098,J_002408,0.8669716119766235,29,0.0036939406822471465,20,50,semantic_katz_consensus
R_002089,J_002409,0.7330106496810913,50,0.002958142208219745,48,50,semantic_katz_consensus
R_003248,J_002409,0.7853044271469116,32,0.003128637673864461,39,50,semantic_katz_consensus
R_007198,J_002409,0.8113541603088379,25,0.0031772452642825372,33,50,semantic_katz_consensus
R_007463,J_002410,0.8012082576751709,27,0.0038413719068359064,13,50,semantic_katz_consensus
R_001132,J_002411,0.7610772848129272,50,0.0031628872790350673,44,50,semantic_katz_consensus
R_000171,J_002412,0.8455185294151306,43,0.00437241054820257,11,50,semantic_katz_consensus
R_005852,J_002412,0.8645690679550171,28,0.003623434595699123,37,50,semantic_katz_consensus
R_009534,J_002412,0.8727493286132812,13,0.0034959540384151572,42,50,semantic_katz_consensus
R_003574,J_002413,0.7973189353942871,48,0.00287444388135026,42,50,semantic_katz_consensus
R_004180,J_002413,0.8761591911315918,4,0.002904340358616623,38,50,semantic_katz_consensus
R_004829,J_002413,0.8040686249732971,43,0.002950129465237915,35,50,semantic_katz_consensus
R_001116,J_002414,0.805852472782135,32,0.0038186322794251564,13,50,semantic_katz_consensus
R_006724,J_002414,0.8304132223129272,12,0.003539367369648188,31,50,semantic_katz_consensus
R_000283,J_002415,0.8594532012939453,27,0.0034628997018613895,15,50,semantic_katz_consensus
R_001342,J_002415,0.8580138683319092,31,0.0033664666049243812,20,50,semantic_katz_consensus
R_008983,J_002415,0.8581993579864502,29,0.0036700353099103876,9,50,semantic_katz_consensus
R_009405,J_002415,0.8691299557685852,18,0.003565264856346343,13,50,semantic_katz_consensus
R_000656,J_002416,0.8055430054664612,47,0.0031883863428609433,30,50,semantic_katz_consensus
R_006246,J_002416,0.80424565076828,50,0.0036636900676447477,12,50,semantic_katz_consensus
R_008404,J_002416,0.843941330909729,12,0.0031485292937875977,32,50,semantic_katz_consensus
R_003126,J_002417,0.9000275135040283,5,0.0030947569678753052,46,50,semantic_katz_consensus
R_003890,J_002417,0.8920087814331055,14,0.0033270227405687294,23,50,semantic_katz_consensus
R_005314,J_002417,0.8891040682792664,20,0.0031150912962069647,40,50,semantic_katz_consensus
R_008708,J_002417,0.9059448838233948,3,0.003190363695376925,34,50,semantic_katz_consensus
R_000966,J_002418,0.8105901479721069,32,0.003185612144600403,36,50,semantic_katz_consensus
R_002724,J_002418,0.7667744159698486,50,0.00432024667562481,4,50,semantic_katz_consensus
R_005373,J_002418,0.8149722814559937,26,0.0032182680582818917,35,50,semantic_katz_consensus
R_009494,J_002418,0.7899901866912842,41,0.0032652524335200217,33,50,semantic_katz_consensus
R_000836,J_002419,0.8904396891593933,4,0.0033983256728613116,47,50,semantic_katz_consensus
R_000702,J_002420,0.8870459198951721,13,0.0033609034465578854,23,50,semantic_katz_consensus
R_004475,J_002420,0.8919228911399841,5,0.0033863729866929326,19,50,semantic_katz_consensus
R_009552,J_002420,0.888478696346283,10,0.0038692467460500436,5,50,semantic_katz_consensus
R_009928,J_002420,0.841957151889801,39,0.0036891743696252093,7,50,semantic_katz_consensus
R_001293,J_002421,0.8134458661079407,34,0.0037322040398313746,7,50,semantic_katz_consensus
R_002429,J_002421,0.857772946357727,11,0.002931034691059337,30,50,semantic_katz_consensus
R_004223,J_002421,0.8391120433807373,30,0.0029031303281543707,32,50,semantic_katz_consensus
R_001415,J_002422,0.8628894090652466,38,0.0030170645077808394,40,50,semantic_katz_consensus
R_002630,J_002422,0.8880409598350525,14,0.0034688465212547497,19,50,semantic_katz_consensus
R_002125,J_002423,0.8398147225379944,27,0.003738977228660123,38,50,semantic_katz_consensus
R_002746,J_002423,0.8547033667564392,19,0.004876031820609035,8,50,semantic_katz_consensus
R_005014,J_002423,0.8300182223320007,37,0.003944947091783113,24,50,semantic_katz_consensus
R_008311,J_002423,0.8787312507629395,8,0.005448093255975055,2,50,semantic_katz_consensus
R_008358,J_002423,0.8684554100036621,13,0.005798720145426263,1,50,semantic_katz_consensus
R_002372,J_002424,0.7826680541038513,42,0.004327418287325838,9,50,semantic_katz_consensus
R_009769,J_002424,0.7914126515388489,35,0.003975212468230926,21,50,semantic_katz_consensus
R_004802,J_002425,0.8615849614143372,28,0.003355738711063669,37,50,semantic_katz_consensus
R_003253,J_002426,0.8505129814147949,36,0.0029688405783896282,38,50,semantic_katz_consensus
R_007299,J_002426,0.8413591980934143,48,0.002985589100870774,35,50,semantic_katz_consensus
R_000809,J_002429,0.8736688494682312,11,0.002452130398579604,48,50,semantic_katz_consensus
R_000006,J_002430,0.8377739191055298,27,0.003354558204292245,45,50,semantic_katz_consensus
R_002541,J_002430,0.81291663646698,42,0.0034565396977503347,40,50,semantic_katz_consensus
R_003008,J_002430,0.8480682969093323,12,0.003958906654158303,14,50,semantic_katz_consensus
R_007431,J_002430,0.8466977477073669,17,0.004130184203702164,9,50,semantic_katz_consensus
R_008287,J_002430,0.8629992008209229,2,0.003809099654181282,22,50,semantic_katz_consensus
R_002125,J_002431,0.8203669786453247,40,0.003633793590378385,15,50,semantic_katz_consensus
R_002746,J_002431,0.8827488422393799,2,0.004320261437470224,4,50,semantic_katz_consensus
R_008311,J_002431,0.8675598502159119,13,0.003847746672792375,11,50,semantic_katz_consensus
R_008766,J_002431,0.8227776288986206,34,0.003158106204567716,47,50,semantic_katz_consensus
R_001903,J_002432,0.8454920053482056,27,0.003718259239301599,19,50,semantic_katz_consensus
R_006601,J_002432,0.8725382089614868,5,0.003451743861437568,32,50,semantic_katz_consensus
R_003316,J_002433,0.8534234166145325,16,0.0034776413481357234,48,50,semantic_katz_consensus
R_005738,J_002433,0.8908913731575012,1,0.0038640672487104126,22,50,semantic_katz_consensus
R_001407,J_002434,0.8473946452140808,24,0.004958505355170853,4,50,semantic_katz_consensus
R_006671,J_002434,0.8523789048194885,22,0.004286793916198762,23,50,semantic_katz_consensus
R_002383,J_002435,0.7772518396377563,43,0.003816669688754589,7,50,semantic_katz_consensus
R_002395,J_002435,0.816998302936554,20,0.003806310694075327,8,50,semantic_katz_consensus
R_003876,J_002436,0.8540711998939514,23,0.003370864018364868,17,50,semantic_katz_consensus
R_006436,J_002436,0.8746622800827026,2,0.003269251424088229,23,50,semantic_katz_consensus
R_009760,J_002436,0.8606672883033752,13,0.002932200435985346,47,50,semantic_katz_consensus
R_001827,J_002437,0.8918519020080566,4,0.0036282599557027184,35,50,semantic_katz_consensus
R_002162,J_002437,0.7827721238136292,48,0.003423839498532602,44,50,semantic_katz_consensus
R_001573,J_002438,0.8277037739753723,24,0.0031859958056272676,33,50,semantic_katz_consensus
R_003748,J_002438,0.8444170951843262,6,0.003202345905236134,31,50,semantic_katz_consensus
R_007393,J_002438,0.8180164098739624,33,0.003370052410774895,16,50,semantic_katz_consensus
R_004426,J_002439,0.8675315976142883,25,0.003699931787176751,41,50,semantic_katz_consensus
R_004484,J_002439,0.8774884343147278,11,0.004348136276684362,6,50,semantic_katz_consensus
R_004910,J_002440,0.8930076360702515,14,0.00348878242671413,27,50,semantic_katz_consensus
R_007105,J_002440,0.8210251927375793,38,0.003846935065202402,13,50,semantic_katz_consensus
R_004319,J_002441,0.7975834012031555,46,0.003541005346673549,29,50,semantic_katz_consensus
R_007127,J_002442,0.8633891940116882,33,0.002676029290955163,23,50,semantic_katz_consensus
R_007772,J_002442,0.8898497819900513,4,0.0025059174863373114,44,50,semantic_katz_consensus
R_002383,J_002443,0.8363848924636841,4,0.0030927943772047373,35,50,semantic_katz_consensus
R_002395,J_002443,0.8015689253807068,29,0.003772046327059306,10,50,semantic_katz_consensus
R_001080,J_002444,0.8681250214576721,9,0.003374036639497688,48,50,semantic_katz_consensus
R_006919,J_002444,0.8378530144691467,43,0.0036939406822471465,28,50,semantic_katz_consensus
R_001001,J_002445,0.860713005065918,35,0.0039612676677011505,19,50,semantic_katz_consensus
R_002156,J_002445,0.8209922313690186,50,0.0037573046807849713,35,50,semantic_katz_consensus
R_003831,J_002445,0.8715067505836487,23,0.003727024542491744,37,50,semantic_katz_consensus
R_005014,J_002445,0.8786612749099731,17,0.0040883645639582505,13,50,semantic_katz_consensus
R_008766,J_002445,0.8753734230995178,20,0.003621840904210006,47,50,semantic_katz_consensus
R_000776,J_002446,0.866625964641571,11,0.0032553361472492824,34,50,semantic_katz_consensus
R_000811,J_002446,0.8699918389320374,9,0.00317602047197487,37,50,semantic_katz_consensus
R_003481,J_002446,0.86399906873703,15,0.004112653597321874,5,50,semantic_katz_consensus
R_004065,J_002446,0.8570181131362915,25,0.0034230426527880435,25,50,semantic_katz_consensus
R_006162,J_002446,0.8585290312767029,21,0.0030218603440936055,49,50,semantic_katz_consensus
R_007400,J_002446,0.8715165257453918,5,0.0031433497964479667,38,50,semantic_katz_consensus
R_003933,J_002447,0.7855237126350403,45,0.0028656785781601152,48,50,semantic_katz_consensus
R_002043,J_002448,0.8865530490875244,3,0.003568039054606884,3,50,semantic_katz_consensus
R_000908,J_002449,0.8174452781677246,37,0.0036075124426533647,27,50,semantic_katz_consensus
R_002554,J_002449,0.8072829246520996,46,0.0037820068988662888,20,50,semantic_katz_consensus
R_003804,J_002449,0.8336006999015808,30,0.00407123238045024,14,50,semantic_katz_consensus
R_004168,J_002449,0.8436331748962402,25,0.005787933204183893,2,50,semantic_katz_consensus
R_001022,J_002450,0.8924499154090881,3,0.003338208104683379,46,50,semantic_katz_consensus
R_001145,J_002450,0.8654473423957825,36,0.003635018382686052,24,50,semantic_katz_consensus
R_007520,J_002450,0.880932092666626,22,0.004631385415184123,3,50,semantic_katz_consensus
R_008585,J_002450,0.89105224609375,4,0.003389176708644302,39,50,semantic_katz_consensus
R_008704,J_002450,0.8811033964157104,21,0.0033485375756718123,44,50,semantic_katz_consensus
R_008126,J_002451,0.7819693684577942,47,0.002976823797680629,12,50,semantic_katz_consensus
R_006394,J_002452,0.8729727864265442,11,0.0026377954570617635,49,50,semantic_katz_consensus
R_007405,J_002452,0.8633001446723938,32,0.003007118697819271,20,50,semantic_katz_consensus
R_001643,J_002453,0.8326884508132935,15,0.0038345839561617434,5,50,semantic_katz_consensus
R_004506,J_002453,0.8166152238845825,28,0.0032083222483203235,22,50,semantic_katz_consensus
R_006332,J_002453,0.8400824666023254,9,0.0028836076074126842,48,50,semantic_katz_consensus
R_005456,J_002454,0.909360945224762,7,0.004658492932344532,2,50,semantic_katz_consensus
R_009461,J_002454,0.8839287757873535,28,0.0035158604201837086,27,50,semantic_katz_consensus
R_001599,J_002455,0.8788697719573975,5,0.003932197559870175,21,50,semantic_katz_consensus
R_005759,J_002455,0.8668665289878845,22,0.0038094833152081467,29,50,semantic_katz_consensus
R_008695,J_002455,0.7904267311096191,50,0.0035692490850691367,43,50,semantic_katz_consensus
R_001987,J_002456,0.8843811750411987,9,0.0032505255490911013,35,50,semantic_katz_consensus
R_007550,J_002456,0.8775023818016052,25,0.004334988321899144,4,50,semantic_katz_consensus
R_000055,J_002457,0.8116182088851929,45,0.0031999258443116286,20,50,semantic_katz_consensus
R_000900,J_002459,0.855387806892395,34,0.0036831980265410198,24,50,semantic_katz_consensus
R_004175,J_002459,0.8579549789428711,31,0.0040839819123631785,14,50,semantic_katz_consensus
R_006331,J_002459,0.8761239051818848,8,0.0033732545555985437,42,50,semantic_katz_consensus
R_007889,J_002460,0.885900616645813,11,0.003535383140925395,16,50,semantic_katz_consensus
R_001311,J_002461,0.8537575006484985,22,0.004605458404795139,9,50,semantic_katz_consensus
R_001849,J_002461,0.8466765880584717,27,0.0036393567487448806,37,50,semantic_katz_consensus
R_002058,J_002461,0.8691964149475098,9,0.0036529178882477916,36,50,semantic_katz_consensus
R_003175,J_002461,0.8703387975692749,7,0.004611479033415572,8,50,semantic_katz_consensus
R_006977,J_002461,0.8351779580116272,35,0.0034784234320348675,49,50,semantic_katz_consensus
R_008374,J_002462,0.8192185163497925,36,0.0038134823057763547,22,50,semantic_katz_consensus
R_005176,J_002463,0.8591048121452332,14,0.0029943396422155042,40,50,semantic_katz_consensus
R_002140,J_002465,0.8494042754173279,32,0.0032903530744736184,6,50,semantic_katz_consensus
R_008633,J_002465,0.8769521713256836,14,0.0026620992522708017,44,50,semantic_katz_consensus
R_008027,J_002466,0.8125616312026978,42,0.0038935800649499107,10,50,semantic_katz_consensus
R_009483,J_002467,0.8159761428833008,28,0.003129419757763605,31,50,semantic_katz_consensus
R_009328,J_002468,0.7299882769584656,39,0.00416406490969132,12,50,semantic_katz_consensus
R_001869,J_002469,0.866621196269989,18,0.00354414844411554,36,50,semantic_katz_consensus
R_002324,J_002469,0.8451756834983826,34,0.003704314438771823,25,50,semantic_katz_consensus
R_007661,J_002469,0.8511705994606018,28,0.0046425707792987735,2,50,semantic_katz_consensus
R_000611,J_002470,0.8361771106719971,41,0.0029226530488960572,14,50,semantic_katz_consensus
R_004363,J_002470,0.830261766910553,44,0.0026700677097163876,39,50,semantic_katz_consensus
R_007405,J_002470,0.86081862449646,15,0.0028039377948022364,23,50,semantic_katz_consensus
R_008750,J_002470,0.829460084438324,46,0.0028198599478479946,21,50,semantic_katz_consensus
R_002274,J_002471,0.8692628741264343,48,0.003942940215576301,20,50,semantic_katz_consensus
R_007795,J_002471,0.8989564776420593,5,0.0035521316634065407,46,50,semantic_katz_consensus
R_009563,J_002471,0.8627294898033142,50,0.004636579674369169,6,50,semantic_katz_consensus
R_004340,J_002472,0.8482939004898071,34,0.0039075101036342725,14,50,semantic_katz_consensus
R_000429,J_002473,0.8841652274131775,15,0.0028987476765592983,46,50,semantic_katz_consensus
R_006505,J_002473,0.8178883790969849,38,0.003082420620680061,30,50,semantic_katz_consensus
R_007550,J_002473,0.8076721429824829,46,0.003359324516914183,19,50,semantic_katz_consensus
R_009566,J_002473,0.8854646682739258,11,0.0033831856037146975,18,50,semantic_katz_consensus
R_000315,J_002475,0.8421137928962708,32,0.002466458860136245,50,50,semantic_katz_consensus
R_003458,J_002475,0.8778395056724548,2,0.002878826532945333,19,50,semantic_katz_consensus
R_009489,J_002476,0.7986390590667725,6,0.003279211995895212,27,50,semantic_katz_consensus
R_006910,J_002477,0.8132967352867126,40,0.0038935357794136673,29,50,semantic_katz_consensus
R_005373,J_002478,0.8263740539550781,31,0.003235001818917623,29,50,semantic_katz_consensus
R_009044,J_002478,0.8483428955078125,12,0.00339912251860587,21,50,semantic_katz_consensus
R_001407,J_002479,0.8019561171531677,34,0.0044620999800016594,5,50,semantic_katz_consensus
R_002089,J_002479,0.7585288286209106,45,0.00443060981124618,8,50,semantic_katz_consensus
R_006671,J_002479,0.8361125588417053,18,0.0042091014561042965,11,50,semantic_katz_consensus
R_008783,J_002479,0.7565051317214966,47,0.004458514174151145,6,50,semantic_katz_consensus
R_006260,J_002480,0.8298209309577942,35,0.004607480042847365,22,50,semantic_katz_consensus
R_006370,J_002481,0.7578456401824951,44,0.003106724415889099,45,50,semantic_katz_consensus
R_004461,J_002482,0.8447995185852051,18,0.004639737533656574,5,50,semantic_katz_consensus
R_004922,J_002482,0.8608931303024292,7,0.004074434525273889,14,50,semantic_katz_consensus
R_005781,J_002482,0.839297890663147,22,0.0037266261196194648,26,50,semantic_katz_consensus
R_006112,J_002482,0.8355914354324341,25,0.003374833485242247,45,50,semantic_katz_consensus
R_008568,J_002482,0.8665045499801636,4,0.004391180708735942,9,50,semantic_katz_consensus
R_008907,J_002482,0.8674103021621704,3,0.0038186618031159853,22,50,semantic_katz_consensus
R_009008,J_002482,0.8289780020713806,30,0.0034684776220732993,36,50,semantic_katz_consensus
R_009569,J_002482,0.8121973872184753,46,0.0046369485735506194,6,50,semantic_katz_consensus
R_000314,J_002483,0.8404377102851868,32,0.002566079340051487,50,50,semantic_katz_consensus
R_000625,J_002483,0.8377257585525513,37,0.0029154814371950295,20,50,semantic_katz_consensus
R_008925,J_002483,0.858219563961029,8,0.0028373905542282843,24,50,semantic_katz_consensus
R_001293,J_002484,0.8749825358390808,2,0.003699134941432192,1,50,semantic_katz_consensus
R_002759,J_002484,0.8538243770599365,24,0.003660074738103405,2,50,semantic_katz_consensus
R_007597,J_002484,0.7923361659049988,47,0.0027676960752702337,34,50,semantic_katz_consensus
R_001293,J_002485,0.8891759514808655,4,0.0033322169997537752,15,50,semantic_katz_consensus
R_002759,J_002485,0.8849807977676392,13,0.002973651176547809,30,50,semantic_katz_consensus
R_004283,J_002485,0.8711830973625183,35,0.003104717539682288,22,50,semantic_katz_consensus
R_006396,J_002486,0.7811874747276306,48,0.0030354214835965165,45,50,semantic_katz_consensus
R_008807,J_002487,0.8064934015274048,33,0.00414893960239012,16,50,semantic_katz_consensus
R_005626,J_002488,0.8828005194664001,5,0.0034983445756488333,49,50,semantic_katz_consensus
R_005673,J_002488,0.877902090549469,10,0.0035760222738978847,41,50,semantic_katz_consensus
R_006456,J_002488,0.8821538686752319,6,0.003583975969498056,40,50,semantic_katz_consensus
R_007615,J_002488,0.8831874132156372,4,0.003498329813803419,50,50,semantic_katz_consensus
R_000084,J_002489,0.8560351729393005,21,0.003744953571744313,16,50,semantic_katz_consensus
R_001001,J_002489,0.8259904980659485,43,0.003359693416095633,35,50,semantic_katz_consensus
R_001816,J_002489,0.8881531953811646,5,0.003278415150150653,45,50,semantic_katz_consensus
R_002746,J_002489,0.8551082015037537,22,0.0041573212445534,9,50,semantic_katz_consensus
R_006807,J_002489,0.8766182661056519,11,0.003313874785783512,43,50,semantic_katz_consensus
R_007076,J_002489,0.8300088047981262,38,0.0036915796687043,20,50,semantic_katz_consensus
R_008311,J_002489,0.8900884389877319,2,0.0035433811220618103,23,50,semantic_katz_consensus
R_008358,J_002489,0.8688127994537354,13,0.005264066174518255,1,50,semantic_katz_consensus
R_009889,J_002490,0.8818516731262207,24,0.004099549928072901,29,50,semantic_katz_consensus
R_005668,J_002491,0.8761159777641296,12,0.003461306010372272,32,50,semantic_katz_consensus
R_000510,J_002492,0.7766812443733215,45,0.003821037578504247,44,50,semantic_katz_consensus
R_005978,J_002492,0.7723221778869629,48,0.0038963395013650367,43,50,semantic_katz_consensus
R_006124,J_002492,0.814544141292572,25,0.0048341826571742935,8,50,semantic_katz_consensus
R_007119,J_002492,0.7841442823410034,39,0.0045788083578886685,13,50,semantic_katz_consensus
R_009328,J_002492,0.7974010109901428,34,0.0038015443814533897,45,50,semantic_katz_consensus
R_009942,J_002492,0.8174813985824585,23,0.003931002291253337,40,50,semantic_katz_consensus
R_008442,J_002494,0.8513445258140564,24,0.003661284768565657,39,50,semantic_katz_consensus
R_000611,J_002495,0.8541806936264038,35,0.004634558036316943,3,50,semantic_katz_consensus
R_007405,J_002495,0.8533370494842529,37,0.003982797264649647,12,50,semantic_katz_consensus
R_007991,J_002495,0.8534666895866394,36,0.0034943455850806257,35,50,semantic_katz_consensus
R_004636,J_002496,0.8689146637916565,33,0.0034075189226145646,28,50,semantic_katz_consensus
R_007636,J_002496,0.7893787026405334,48,0.0032700630316782023,42,50,semantic_katz_consensus
R_008878,J_002496,0.8709456920623779,29,0.00433103361686718,5,50,semantic_katz_consensus
R_003126,J_002497,0.8847043514251709,18,0.0030513288747968602,42,50,semantic_katz_consensus
R_003741,J_002497,0.8618197441101074,41,0.0032369939332790197,26,50,semantic_katz_consensus
R_006202,J_002497,0.8752802610397339,27,0.003534969956207701,14,50,semantic_katz_consensus
R_005428,J_002499,0.8583253026008606,42,0.003735789845681889,29,50,semantic_katz_consensus
R_006016,J_002499,0.8653099536895752,28,0.0034473759716879106,50,50,semantic_katz_consensus
