job_id,degree,bipartite_degree_centrality,pagerank,is_isolate,component_size,community_global,community_size
J_000000,30,0.003,0.00017872291476715745,0,3102,6,1531
J_000001,30,0.003,0.00018435280992214656,0,1505,7,1505
J_000002,30,0.003,0.00018380795472282087,0,3102,1,1571
J_000003,30,0.003,0.00020035652868529848,0,1628,0,1628
J_000004,30,0.003,0.0002023980396797485,0,1565,2,1565
J_000005,30,0.003,0.00018674247275361292,0,1559,4,1559
J_000006,30,0.003,0.00017789768706077236,0,1505,7,1505
J_000007,30,0.003,0.00018626321058053986,0,1562,3,1562
J_000008,30,0.003,0.0001968275489358585,0,1550,5,1550
J_000009,30,0.003,0.00019631905762534536,0,3102,6,1531
J_000010,30,0.003,0.0001839733638854065,0,3102,6,1531
J_000011,30,0.003,0.00018115233601147905,0,3102,1,1571
J_000012,30,0.003,0.00018406071912015153,0,1562,3,1562
J_000013,30,0.003,0.0001949281347112141,0,1562,3,1562
J_000014,30,0.003,0.00017782477187085283,0,3102,6,1531
J_000015,30,0.003,0.0001798783520632646,0,1505,7,1505
J_000016,30,0.003,0.0001784396026618683,0,3102,1,1571
J_000017,30,0.003,0.00017080769986072195,0,1505,7,1505
J_000018,30,0.003,0.00018076271434215653,0,1505,7,1505
J_000019,30,0.003,0.00018724793496964037,0,3102,6,1531
J_000020,30,0.003,0.00018039211920004643,0,1559,4,1559
J_000021,30,0.003,0.00018476729375754088,0,3102,6,1531
J_000022,30,0.003,0.00018092644620315245,0,3102,1,1571
J_000023,30,0.003,0.00018496304801084875,0,3102,6,1531
J_000024,30,0.003,0.00019449360276191415,0,1550,5,1550
J_000025,30,0.003,0.0001946460003017631,0,1628,0,1628
J_000026,30,0.003,0.00018856280011217264,0,1562,3,1562
J_000027,30,0.003,0.0001902797205165327,0,1559,4,1559
J_000028,30,0.003,0.00019167485349121625,0,1628,0,1628
J_000029,30,0.003,0.0001997268671026724,0,1562,3,1562
J_000030,30,0.003,0.0001915834747248083,0,1628,0,1628
J_000031,30,0.003,0.00019529166104527055,0,1562,3,1562
J_000032,30,0.003,0.00018848366676633039,0,1559,4,1559
J_000033,30,0.003,0.00019109668112784223,0,1628,0,1628
J_000034,30,0.003,0.00018772902284265721,0,1628,0,1628
J_000035,30,0.003,0.0002029459710294536,0,1565,2,1565
J_000036,30,0.003,0.00018949238591883775,0,1628,0,1628
J_000037,30,0.003,0.0001858045680051202,0,3102,6,1531
J_000038,30,0.003,0.00019097667054167347,0,1559,4,1559
J_000039,30,0.003,0.00019659306102969034,0,1559,4,1559
J_000040,30,0.003,0.00019334339912583824,0,1562,3,1562
J_000041,30,0.003,0.00020878653234035957,0,1565,2,1565
J_000042,30,0.003,0.00018215073014799546,0,1505,7,1505
J_000043,30,0.003,0.0001919827516761831,0,1559,4,1559
J_000044,30,0.003,0.00018409871199105742,0,1562,3,1562
J_000045,30,0.003,0.00019216819366607655,0,1562,3,1562
J_000046,30,0.003,0.00019929752264086304,0,1562,3,1562
J_000047,30,0.003,0.00018636384667549926,0,1562,3,1562
J_000048,30,0.003,0.00017685903332127995,0,3102,1,1571
J_000049,30,0.003,0.0001934592504982866,0,1550,5,1550
J_000050,30,0.003,0.00018859044656708462,0,1559,4,1559
J_000051,30,0.003,0.00019716607199108858,0,1565,2,1565
J_000052,30,0.003,0.00018972801223759203,0,3102,1,1571
J_000053,30,0.003,0.0001857663672241,0,1505,7,1505
J_000054,30,0.003,0.0001872537721779044,0,1562,3,1562
J_000055,30,0.003,0.0001860529924767072,0,1559,4,1559
J_000056,30,0.003,0.00018784427460154647,0,3102,6,1531
J_000057,30,0.003,0.00019004791789505824,0,1559,4,1559
J_000058,30,0.003,0.00017902375386041037,0,3102,1,1571
J_000059,30,0.003,0.00018073018076011056,0,3102,6,1531
J_000060,30,0.003,0.0001961780447912349,0,1562,3,1562
J_000061,30,0.003,0.00018261060640295323,0,1505,7,1505
J_000062,30,0.003,0.00018766929038038766,0,3102,1,1571
J_000063,30,0.003,0.0001837806472526956,0,1505,7,1505
J_000064,30,0.003,0.000180346894670279,0,3102,6,1531
J_000065,30,0.003,0.00018010935346167033,0,1559,4,1559
J_000066,30,0.003,0.0001983570242043769,0,1628,0,1628
J_000067,30,0.003,0.00018248739839628995,0,3102,6,1531
J_000068,30,0.003,0.00021263468710280497,0,1550,5,1550
J_000069,30,0.003,0.00018757173748108798,0,1505,7,1505
J_000070,30,0.003,0.0001791301576586857,0,1505,7,1505
J_000071,30,0.003,0.00018647170430288905,0,1559,4,1559
J_000072,30,0.003,0.00020265010137737394,0,1628,0,1628
J_000073,30,0.003,0.00019666545144657216,0,1562,3,1562
J_000074,30,0.003,0.00019357590843278988,0,1562,3,1562
J_000075,30,0.003,0.00018046473734292969,0,1505,7,1505
J_000076,30,0.003,0.00017409722644691044,0,3102,1,1571
J_000077,30,0.003,0.00018367755474722798,0,3102,6,1531
J_000078,30,0.003,0.00019460644640145142,0,1628,0,1628
J_000079,30,0.003,0.00020630767480920784,0,1565,2,1565
J_000080,30,0.003,0.0001783630409410773,0,3102,6,1531
J_000081,30,0.003,0.00020389047728827311,0,1562,3,1562
J_000082,30,0.003,0.00019804311273246463,0,1565,2,1565
J_000083,30,0.003,0.00021019783277543587,0,1628,0,1628
J_000084,30,0.003,0.0001854979839304687,0,3102,1,1571
J_000085,30,0.003,0.0002043535530122923,0,1565,2,1565
J_000086,30,0.003,0.00018433648055782227,0,3102,6,1531
J_000087,30,0.003,0.0001828024815975777,0,1505,7,1505
J_000088,30,0.003,0.000175771890549434,0,1505,7,1505
J_000089,30,0.003,0.00019542284881491378,0,1628,0,1628
J_000090,30,0.003,0.00017897033218973712,0,1505,7,1505
J_000091,30,0.003,0.00019003848860743867,0,1628,0,1628
J_000092,30,0.003,0.00020142398834013478,0,1550,5,1550
J_000093,30,0.003,0.00018218407528472458,0,1505,7,1505
J_000094,30,0.003,0.00019239947634054714,0,1628,0,1628
J_000095,30,0.003,0.00017951143015766324,0,3102,1,1571
J_000096,30,0.003,0.00019533135385748406,0,1565,2,1565
J_000097,30,0.003,0.0001970567230262744,0,1628,0,1628
J_000098,30,0.003,0.00017688166187964667,0,3102,1,1571
J_000099,30,0.003,0.00017762671198837384,0,1505,7,1505
J_000100,30,0.003,0.00019143893018166216,0,1628,0,1628
J_000101,30,0.003,0.00019528367987382063,0,1628,0,1628
J_000102,30,0.003,0.00017875046219210903,0,3102,1,1571
J_000103,30,0.003,0.00018095503202714697,0,3102,6,1531
J_000104,30,0.003,0.0001880673642886308,0,1562,3,1562
J_000105,30,0.003,0.00017441540013167457,0,3102,6,1531
J_000106,30,0.003,0.00018086420068666152,0,3102,6,1531
J_000107,30,0.003,0.00018804221527973168,0,1628,0,1628
J_000108,30,0.003,0.00019103533135346633,0,1562,3,1562
J_000109,30,0.003,0.0001812540862949119,0,3102,1,1571
J_000110,30,0.003,0.00020190878002956022,0,1565,2,1565
J_000111,30,0.003,0.00017929900835955315,0,3102,1,1571
J_000112,30,0.003,0.00020609248962218254,0,1565,2,1565
J_000113,30,0.003,0.00018080676373951395,0,3102,6,1531
J_000114,30,0.003,0.00019555254829321258,0,1550,5,1550
J_000115,30,0.003,0.00019152011557854547,0,1562,3,1562
J_000116,30,0.003,0.00019969166764556304,0,1628,0,1628
J_000117,30,0.003,0.0001900443321498133,0,1559,4,1559
J_000118,30,0.003,0.0001910258004094808,0,1559,4,1559
J_000119,30,0.003,0.0001907483752183661,0,1628,0,1628
J_000120,30,0.003,0.00018416391204225362,0,3102,1,1571
J_000121,30,0.003,0.00018036418100047226,0,1505,7,1505
J_000122,30,0.003,0.0001904561586186348,0,1559,4,1559
J_000123,30,0.003,0.0001885575271556302,0,1562,3,1562
J_000124,30,0.003,0.00018734635613386938,0,1628,0,1628
J_000125,30,0.003,0.0001985720348506783,0,1550,5,1550
J_000126,30,0.003,0.00018839550012770276,0,1562,3,1562
J_000127,30,0.003,0.00022167682130248175,0,1565,2,1565
J_000128,30,0.003,0.0001828036271164152,0,3102,6,1531
J_000129,30,0.003,0.00019963955354669713,0,1628,0,1628
J_000130,30,0.003,0.00019125454151720775,0,1628,0,1628
J_000131,30,0.003,0.00019464104818942986,0,1559,4,1559
J_000132,30,0.003,0.0001775059935842992,0,3102,1,1571
J_000133,30,0.003,0.00018136914361583794,0,3102,1,1571
J_000134,30,0.003,0.00019924727833397612,0,1550,5,1550
J_000135,30,0.003,0.00021136665186347167,0,1565,2,1565
J_000136,30,0.003,0.00018140602824123154,0,1505,7,1505
J_000137,30,0.003,0.00018562932521749747,0,3102,1,1571
J_000138,30,0.003,0.0001848634390168243,0,3102,6,1531
J_000139,30,0.003,0.00020307240883333846,0,1565,2,1565
J_000140,30,0.003,0.00017884543971205267,0,1505,7,1505
J_000141,30,0.003,0.00019003309769958357,0,1562,3,1562
J_000142,30,0.003,0.00020236505799295113,0,1550,5,1550
J_000143,30,0.003,0.0001732870078857176,0,1505,7,1505
J_000144,30,0.003,0.0001766265826943821,0,3102,1,1571
J_000145,30,0.003,0.00018338840143394816,0,1559,4,1559
J_000146,30,0.003,0.00019239340100728907,0,1559,4,1559
J_000147,30,0.003,0.0001803002277960528,0,3102,6,1531
J_000148,30,0.003,0.00018319374047149134,0,1505,7,1505
J_000149,30,0.003,0.00018096284889390486,0,1559,4,1559
J_000150,30,0.003,0.00019301562304502607,0,1628,0,1628
J_000151,30,0.003,0.00019910172529766633,0,1562,3,1562
J_000152,30,0.003,0.0001796352622819262,0,3102,1,1571
J_000153,30,0.003,0.00018538445431278262,0,3102,6,1531
J_000154,30,0.003,0.00018374282731364563,0,3102,1,1571
J_000155,30,0.003,0.00020783897931220843,0,1565,2,1565
J_000156,30,0.003,0.00017536219952693795,0,3102,6,1531
J_000157,30,0.003,0.00017379460256019386,0,1505,7,1505
J_000158,30,0.003,0.0001870340024984504,0,3102,6,1531
J_000159,30,0.003,0.00018427526487748515,0,3102,1,1571
J_000160,30,0.003,0.00018524923963605803,0,1559,4,1559
J_000161,30,0.003,0.00019794375375604295,0,1628,0,1628
J_000162,30,0.003,0.00019326325171867083,0,1550,5,1550
J_000163,30,0.003,0.00017955658921889767,0,1505,7,1505
J_000164,30,0.003,0.0001947039169825796,0,1559,4,1559
J_000165,30,0.003,0.00019069952594026534,0,3102,6,1531
J_000166,30,0.003,0.00017921193202139079,0,1505,7,1505
J_000167,30,0.003,0.00019862982444922493,0,1550,5,1550
J_000168,30,0.003,0.00017836417839370102,0,1505,7,1505
J_000169,30,0.003,0.000205444998902157,0,1565,2,1565
J_000170,30,0.003,0.00019882810763161826,0,1628,0,1628
J_000171,30,0.003,0.00018807061916940973,0,3102,1,1571
J_000172,30,0.003,0.00020157179668282556,0,1628,0,1628
J_000173,30,0.003,0.00020726945711006957,0,1565,2,1565
J_000174,30,0.003,0.00017953228941082556,0,3102,6,1531
J_000175,30,0.003,0.00019123439691200547,0,1628,0,1628
J_000176,30,0.003,0.00017640757100233597,0,1505,7,1505
J_000177,30,0.003,0.00020061865683894062,0,1550,5,1550
J_000178,30,0.003,0.0001871311273923235,0,1562,3,1562
J_000179,30,0.003,0.00018216616128933355,0,1505,7,1505
J_000180,30,0.003,0.00020181886653590408,0,1562,3,1562
J_000181,30,0.003,0.0001972735725925686,0,1562,3,1562
J_000182,30,0.003,0.00018492037089488632,0,3102,1,1571
J_000183,30,0.003,0.00018604327030958526,0,3102,6,1531
J_000184,30,0.003,0.0001841954745807884,0,1559,4,1559
J_000185,30,0.003,0.00017897379187472036,0,3102,1,1571
J_000186,30,0.003,0.00019153949405233773,0,1562,3,1562
J_000187,30,0.003,0.0002102186242825689,0,1565,2,1565
J_000188,30,0.003,0.0001837121388348477,0,1505,7,1505
J_000189,30,0.003,0.00019753457567473875,0,1628,0,1628
J_000190,30,0.003,0.0001765021967946656,0,3102,6,1531
J_000191,30,0.003,0.0001955367677002094,0,1562,3,1562
J_000192,30,0.003,0.0002090571963569737,0,1565,2,1565
J_000193,30,0.003,0.00019061144277947707,0,1505,7,1505
J_000194,30,0.003,0.00019113366821701898,0,1562,3,1562
J_000195,30,0.003,0.00018116131763842416,0,3102,1,1571
J_000196,30,0.003,0.00019176840103939287,0,1628,0,1628
J_000197,30,0.003,0.00019574490625069642,0,1628,0,1628
J_000198,30,0.003,0.0001732374272281856,0,1505,7,1505
J_000199,30,0.003,0.00018073545226113236,0,3102,6,1531
J_000200,30,0.003,0.00018692557323892928,0,1505,7,1505
J_000201,30,0.003,0.00017699903607985542,0,3102,1,1571
J_000202,30,0.003,0.00018569040954647702,0,3102,6,1531
J_000203,30,0.003,0.00019841967111692012,0,1550,5,1550
J_000204,30,0.003,0.00020373237608291804,0,1565,2,1565
J_000205,30,0.003,0.0001764723027141482,0,3102,1,1571
J_000206,30,0.003,0.0001843826030460074,0,1562,3,1562
J_000207,30,0.003,0.0001763369773029112,0,3102,1,1571
J_000208,30,0.003,0.00019180089892494368,0,1559,4,1559
J_000209,30,0.003,0.00018710575867917403,0,1562,3,1562
J_000210,30,0.003,0.00019316679749739477,0,1550,5,1550
J_000211,30,0.003,0.0001982375986775658,0,1562,3,1562
J_000212,30,0.003,0.00017792907089378196,0,3102,1,1571
J_000213,30,0.003,0.00018854131438903534,0,1562,3,1562
J_000214,30,0.003,0.00018876155157968315,0,1559,4,1559
J_000215,30,0.003,0.00017287372571269725,0,1505,7,1505
J_000216,30,0.003,0.000205537129599281,0,1565,2,1565
J_000217,30,0.003,0.00020052319529215572,0,1628,0,1628
J_000218,30,0.003,0.00019668552979592877,0,1562,3,1562
J_000219,30,0.003,0.0001839466520875668,0,3102,6,1531
J_000220,30,0.003,0.00019037303407765712,0,1559,4,1559
J_000221,30,0.003,0.00020496142256599322,0,1550,5,1550
J_000222,30,0.003,0.00017819808129077456,0,3102,6,1531
J_000223,30,0.003,0.00017301389054495767,0,1505,7,1505
J_000224,30,0.003,0.00019837179972632678,0,1550,5,1550
J_000225,30,0.003,0.0001744353077388567,0,3102,1,1571
J_000226,30,0.003,0.00019035788835356494,0,1562,3,1562
J_000227,30,0.003,0.00018813881656465776,0,1562,3,1562
J_000228,30,0.003,0.0001908168624888768,0,1628,0,1628
J_000229,30,0.003,0.00019271150084873028,0,1628,0,1628
J_000230,30,0.003,0.00018059609838834051,0,1559,4,1559
J_000231,30,0.003,0.0001978879228111964,0,1628,0,1628
J_000232,30,0.003,0.00017369235828569484,0,3102,1,1571
J_000233,30,0.003,0.00019140921368822128,0,1562,3,1562
J_000234,30,0.003,0.00019159333546671915,0,1562,3,1562
J_000235,30,0.003,0.0001760862017931712,0,1505,7,1505
J_000236,30,0.003,0.00019342393181179582,0,1550,5,1550
J_000237,30,0.003,0.00017951575518226936,0,3102,1,1571
J_000238,30,0.003,0.0001889271045217998,0,1628,0,1628
J_000239,30,0.003,0.00018783881153812724,0,1628,0,1628
J_000240,30,0.003,0.00019225702599525273,0,1559,4,1559
J_000241,30,0.003,0.00017523797012568908,0,1505,7,1505
J_000242,30,0.003,0.00017842038263295013,0,1505,7,1505
J_000243,30,0.003,0.00019215023987300913,0,1550,5,1550
J_000244,30,0.003,0.00020220119927459473,0,1562,3,1562
J_000245,30,0.003,0.0001733500515498565,0,1505,7,1505
J_000246,30,0.003,0.00021491918884231144,0,1565,2,1565
J_000247,30,0.003,0.00018560749454362666,0,1559,4,1559
J_000248,30,0.003,0.00017745899695072973,0,3102,1,1571
J_000249,30,0.003,0.00018340869323045658,0,3102,6,1531
J_000250,30,0.003,0.00017580908156890297,0,1505,7,1505
J_000251,30,0.003,0.00020565717525951132,0,1550,5,1550
J_000252,30,0.003,0.0001929354271305371,0,1628,0,1628
J_000253,30,0.003,0.00020379723760686742,0,1565,2,1565
J_000254,30,0.003,0.0002109924365052473,0,1565,2,1565
J_000255,30,0.003,0.00017881104385042968,0,1505,7,1505
J_000256,30,0.003,0.0001845450232861849,0,1559,4,1559
J_000257,30,0.003,0.00017938018471394085,0,3102,1,1571
J_000258,30,0.003,0.00020379226872247017,0,1628,0,1628
J_000259,30,0.003,0.00020935489964140638,0,3102,1,1571
J_000260,30,0.003,0.0002028674816865141,0,1628,0,1628
J_000261,30,0.003,0.00021581166540870963,0,1565,2,1565
J_000262,30,0.003,0.00018825350628729403,0,3102,6,1531
J_000263,30,0.003,0.00018836476408881105,0,1559,4,1559
J_000264,30,0.003,0.00018551638077284616,0,1505,7,1505
J_000265,30,0.003,0.00017885648866007036,0,3102,1,1571
J_000266,30,0.003,0.00018550265749767568,0,3102,6,1531
J_000267,30,0.003,0.00018592338566219554,0,3102,6,1531
J_000268,30,0.003,0.00019189959217837853,0,1628,0,1628
J_000269,30,0.003,0.0001992932695605054,0,1550,5,1550
J_000270,30,0.003,0.00020786913238788325,0,1565,2,1565
J_000271,30,0.003,0.00021210917715297237,0,1565,2,1565
J_000272,30,0.003,0.0001858924743060393,0,3102,6,1531
J_000273,30,0.003,0.00020052150823737127,0,1565,2,1565
J_000274,30,0.003,0.00018700958952618942,0,1559,4,1559
J_000275,30,0.003,0.00019661451146450832,0,1628,0,1628
J_000276,30,0.003,0.00017686137325802936,0,1505,7,1505
J_000277,30,0.003,0.0001914833091158024,0,1559,4,1559
J_000278,30,0.003,0.00018781282033229182,0,1559,4,1559
J_000279,30,0.003,0.00018413293155698413,0,1505,7,1505
J_000280,30,0.003,0.00018904986263281305,0,1562,3,1562
J_000281,30,0.003,0.0001827737682698437,0,3102,1,1571
J_000282,30,0.003,0.00019095178351207797,0,3102,6,1531
J_000283,30,0.003,0.00018110940385921472,0,1559,4,1559
J_000284,30,0.003,0.0001801800753971767,0,3102,1,1571
J_000285,30,0.003,0.00019598872727297618,0,1562,3,1562
J_000286,30,0.003,0.0001828104743951571,0,3102,6,1531
J_000287,30,0.003,0.00019409271047591547,0,1628,0,1628
J_000288,30,0.003,0.00018867830858025853,0,1628,0,1628
J_000289,30,0.003,0.00019336348540830592,0,1562,3,1562
J_000290,30,0.003,0.00018653522868195373,0,1559,4,1559
J_000291,30,0.003,0.00018427740352753785,0,1559,4,1559
J_000292,30,0.003,0.00018053279774520067,0,3102,1,1571
J_000293,30,0.003,0.00018360821685777692,0,1559,4,1559
J_000294,30,0.003,0.00020245770272430896,0,1565,2,1565
J_000295,30,0.003,0.00018383857894932896,0,3102,1,1571
J_000296,30,0.003,0.00018209020444315925,0,3102,1,1571
J_000297,30,0.003,0.00020759566093781696,0,1565,2,1565
J_000298,30,0.003,0.00020024542772635246,0,1550,5,1550
J_000299,30,0.003,0.0001881376785108463,0,1562,3,1562
J_000300,30,0.003,0.00019068687565403927,0,1559,4,1559
J_000301,30,0.003,0.00019474943769203393,0,1628,0,1628
J_000302,30,0.003,0.00020123888575047913,0,1550,5,1550
J_000303,30,0.003,0.00019278115823747878,0,1559,4,1559
J_000304,30,0.003,0.00018561141092153684,0,3102,6,1531
J_000305,30,0.003,0.00019097402056702611,0,1550,5,1550
J_000306,30,0.003,0.0001857941316591532,0,1559,4,1559
J_000307,30,0.003,0.00019011492087289033,0,3102,1,1571
J_000308,30,0.003,0.00019345802135586126,0,1562,3,1562
J_000309,30,0.003,0.00017591145960505752,0,3102,1,1571
J_000310,30,0.003,0.0001855320438181538,0,3102,1,1571
J_000311,30,0.003,0.00018006527930812115,0,1505,7,1505
J_000312,30,0.003,0.00019146687912543524,0,1628,0,1628
J_000313,30,0.003,0.00019321268637468835,0,1559,4,1559
J_000314,30,0.003,0.00022331077955982379,0,1565,2,1565
J_000315,30,0.003,0.00019553411071829605,0,1628,0,1628
J_000316,30,0.003,0.00018706932511905027,0,3102,6,1531
J_000317,30,0.003,0.00018713428202368608,0,1505,7,1505
J_000318,30,0.003,0.0001904907226857766,0,1628,0,1628
J_000319,30,0.003,0.00017877818122842543,0,3102,1,1571
J_000320,30,0.003,0.00017668986776155047,0,3102,1,1571
J_000321,30,0.003,0.00018779460247801642,0,3102,1,1571
J_000322,30,0.003,0.00019214562454115023,0,1550,5,1550
J_000323,30,0.003,0.0001830734694120127,0,3102,1,1571
J_000324,30,0.003,0.0001955700905259306,0,1628,0,1628
J_000325,30,0.003,0.00020193069912750392,0,1550,5,1550
J_000326,30,0.003,0.0001793880997434749,0,3102,1,1571
J_000327,30,0.003,0.0001854449956186928,0,1559,4,1559
J_000328,30,0.003,0.00020193405586321897,0,1565,2,1565
J_000329,30,0.003,0.00020439170775047894,0,1550,5,1550
J_000330,30,0.003,0.00017413312840858206,0,1505,7,1505
J_000331,30,0.003,0.00018398566462186759,0,1562,3,1562
J_000332,30,0.003,0.0001836006688024761,0,1562,3,1562
J_000333,30,0.003,0.0001873744504395666,0,1562,3,1562
J_000334,30,0.003,0.00020981128330435707,0,1565,2,1565
J_000335,30,0.003,0.00020076078622615902,0,1559,4,1559
J_000336,30,0.003,0.00020003417322113153,0,1559,4,1559
J_000337,30,0.003,0.0001967492835105154,0,1550,5,1550
J_000338,30,0.003,0.00017195709905556362,0,1505,7,1505
J_000339,30,0.003,0.0001914461891727425,0,3102,6,1531
J_000340,30,0.003,0.00019812517842267012,0,1628,0,1628
J_000341,30,0.003,0.00019808958183032896,0,1550,5,1550
J_000342,30,0.003,0.00018204793224609788,0,1562,3,1562
J_000343,30,0.003,0.00019314137340522381,0,1628,0,1628
J_000344,30,0.003,0.00019392819519256361,0,3102,6,1531
J_000345,30,0.003,0.00019560400663524473,0,1628,0,1628
J_000346,30,0.003,0.00018614474074228987,0,3102,1,1571
J_000347,30,0.003,0.00019038698540651964,0,1628,0,1628
J_000348,30,0.003,0.00017611328041412978,0,1505,7,1505
J_000349,30,0.003,0.00021485985950319575,0,1565,2,1565
J_000350,30,0.003,0.00019740812398046922,0,1562,3,1562
J_000351,30,0.003,0.00020617854809458085,0,1565,2,1565
J_000352,30,0.003,0.0001890827091106215,0,3102,6,1531
J_000353,30,0.003,0.00021193527724194217,0,1565,2,1565
J_000354,30,0.003,0.00019922744011164709,0,1550,5,1550
J_000355,30,0.003,0.00020526164178166756,0,1565,2,1565
J_000356,30,0.003,0.00019170225120954408,0,1562,3,1562
J_000357,30,0.003,0.00020704462341599383,0,1565,2,1565
J_000358,30,0.003,0.00017798147786839897,0,1505,7,1505
J_000359,30,0.003,0.00020587733421565136,0,1565,2,1565
J_000360,30,0.003,0.00018436508743406693,0,1559,4,1559
J_000361,30,0.003,0.00019541154761976785,0,1562,3,1562
J_000362,30,0.003,0.00018242618041121515,0,3102,6,1531
J_000363,30,0.003,0.0001833304723999092,0,3102,1,1571
J_000364,30,0.003,0.0001775302284048692,0,3102,6,1531
J_000365,30,0.003,0.00020218104687561177,0,1628,0,1628
J_000366,30,0.003,0.00018905543630491192,0,1559,4,1559
J_000367,30,0.003,0.00017550481426041413,0,3102,6,1531
J_000368,30,0.003,0.0001839275250303972,0,3102,6,1531
J_000369,30,0.003,0.00019311580114369703,0,1559,4,1559
J_000370,30,0.003,0.00019801949032804934,0,3102,6,1531
J_000371,30,0.003,0.00019790908585011415,0,1550,5,1550
J_000372,30,0.003,0.00020241392850780382,0,1565,2,1565
J_000373,30,0.003,0.00018522015310077703,0,1562,3,1562
J_000374,30,0.003,0.0001754851934035217,0,1505,7,1505
J_000375,30,0.003,0.00019087480249352248,0,1562,3,1562
J_000376,30,0.003,0.00018498845140863738,0,3102,1,1571
J_000377,30,0.003,0.00018438679146247738,0,3102,6,1531
J_000378,30,0.003,0.00017788380010384198,0,3102,1,1571
J_000379,30,0.003,0.00017348890984338693,0,1505,7,1505
J_000380,30,0.003,0.00017835773464603384,0,3102,1,1571
J_000381,30,0.003,0.0001813393578034734,0,3102,1,1571
J_000382,30,0.003,0.00017296590045342853,0,3102,1,1571
J_000383,30,0.003,0.00019388809636622676,0,1562,3,1562
J_000384,30,0.003,0.00018416145797368704,0,3102,6,1531
J_000385,30,0.003,0.0001758159299466501,0,1505,7,1505
J_000386,30,0.003,0.00018284906921530993,0,1505,7,1505
J_000387,30,0.003,0.0001784211458035585,0,3102,6,1531
J_000388,30,0.003,0.00018660587747236932,0,1559,4,1559
J_000389,30,0.003,0.0001768280290163088,0,3102,1,1571
J_000390,30,0.003,0.00019026562647658663,0,1562,3,1562
J_000391,30,0.003,0.0001922837642534483,0,1628,0,1628
J_000392,30,0.003,0.00019563349606995612,0,1628,0,1628
J_000393,30,0.003,0.0001941307140193831,0,1628,0,1628
J_000394,30,0.003,0.00019484898216409765,0,1562,3,1562
J_000395,30,0.003,0.000203819918980014,0,1565,2,1565
J_000396,30,0.003,0.0001805737255819341,0,1505,7,1505
J_000397,30,0.003,0.00017865925290578628,0,3102,1,1571
J_000398,30,0.003,0.00017971894826366745,0,1505,7,1505
J_000399,30,0.003,0.00017788329857685792,0,3102,6,1531
J_000400,30,0.003,0.0001843006583211211,0,1562,3,1562
J_000401,30,0.003,0.0001869158364174282,0,1562,3,1562
J_000402,30,0.003,0.00019464226236487727,0,1562,3,1562
J_000403,30,0.003,0.000191296606754363,0,1559,4,1559
J_000404,30,0.003,0.00021089231644213865,0,1550,5,1550
J_000405,30,0.003,0.000201221317039546,0,1565,2,1565
J_000406,30,0.003,0.00018518291671572323,0,3102,1,1571
J_000407,30,0.003,0.0001931723834771507,0,1559,4,1559
J_000408,30,0.003,0.0001853272923450709,0,3102,6,1531
J_000409,30,0.003,0.00019033508395610119,0,1550,5,1550
J_000410,30,0.003,0.0001909229989659404,0,1628,0,1628
J_000411,30,0.003,0.00018790749063640703,0,1559,4,1559
J_000412,30,0.003,0.0001853518832045584,0,3102,1,1571
J_000413,30,0.003,0.00020157089618198036,0,1628,0,1628
J_000414,30,0.003,0.0001857183368784085,0,3102,6,1531
J_000415,30,0.003,0.00017590098465835,0,1505,7,1505
J_000416,30,0.003,0.00018525571686394692,0,1559,4,1559
J_000417,30,0.003,0.00020266712964378696,0,1628,0,1628
J_000418,30,0.003,0.00018173111504041727,0,3102,1,1571
J_000419,30,0.003,0.00021557583507820512,0,1565,2,1565
J_000420,30,0.003,0.00020279908452686146,0,1550,5,1550
J_000421,30,0.003,0.0001835138131144991,0,1628,0,1628
J_000422,30,0.003,0.00019407089215634784,0,1628,0,1628
J_000423,30,0.003,0.00018697137435121802,0,1559,4,1559
J_000424,30,0.003,0.00017985122604609108,0,3102,6,1531
J_000425,30,0.003,0.00020451177744818246,0,1550,5,1550
J_000426,30,0.003,0.00017623807764635072,0,3102,1,1571
J_000427,30,0.003,0.00019210438879577898,0,1562,3,1562
J_000428,30,0.003,0.00020234437610390038,0,1550,5,1550
J_000429,30,0.003,0.00017863865014059536,0,3102,6,1531
J_000430,30,0.003,0.00018361024049172117,0,3102,6,1531
J_000431,30,0.003,0.00020652889547595525,0,1565,2,1565
J_000432,30,0.003,0.00017801209819017202,0,1505,7,1505
J_000433,30,0.003,0.000190289104572923,0,1562,3,1562
J_000434,30,0.003,0.00019534615142002612,0,1550,5,1550
J_000435,30,0.003,0.00018227350352183276,0,1505,7,1505
J_000436,30,0.003,0.00020892881850402426,0,1565,2,1565
J_000437,30,0.003,0.00019173707357756625,0,1550,5,1550
J_000438,30,0.003,0.00020774982263970965,0,1550,5,1550
J_000439,30,0.003,0.00020518573096108166,0,1565,2,1565
J_000440,30,0.003,0.00018814777788429525,0,3102,6,1531
J_000441,30,0.003,0.00020373956733437353,0,1628,0,1628
J_000442,30,0.003,0.00018548284906914358,0,3102,1,1571
J_000443,30,0.003,0.0001997452518118007,0,1550,5,1550
J_000444,30,0.003,0.00019769806310149932,0,1550,5,1550
J_000445,30,0.003,0.0001790944834243723,0,1505,7,1505
J_000446,30,0.003,0.00017891545056553646,0,3102,1,1571
J_000447,30,0.003,0.0001832869102476134,0,3102,6,1531
J_000448,30,0.003,0.00018444499532181254,0,3102,1,1571
J_000449,30,0.003,0.00019822057837048544,0,1550,5,1550
J_000450,30,0.003,0.00020402749307113353,0,1565,2,1565
J_000451,30,0.003,0.0001811381751070369,0,1559,4,1559
J_000452,30,0.003,0.0001915215048687599,0,1559,4,1559
J_000453,30,0.003,0.0001784642376904411,0,3102,6,1531
J_000454,30,0.003,0.0001843056214939485,0,3102,1,1571
J_000455,30,0.003,0.00017999564035755074,0,1505,7,1505
J_000456,30,0.003,0.00020458289132779524,0,1565,2,1565
J_000457,30,0.003,0.0001907007159744978,0,1559,4,1559
J_000458,30,0.003,0.00018419558065997703,0,1505,7,1505
J_000459,30,0.003,0.00018900615545876478,0,1628,0,1628
J_000460,30,0.003,0.00019148867022064598,0,1562,3,1562
J_000461,30,0.003,0.00019470354611738909,0,1550,5,1550
J_000462,30,0.003,0.00018984943023257625,0,1550,5,1550
J_000463,30,0.003,0.00020584747213716855,0,1565,2,1565
J_000464,30,0.003,0.00018444965088486683,0,1562,3,1562
J_000465,30,0.003,0.00019768833582218263,0,3102,6,1531
J_000466,30,0.003,0.00018782350165802612,0,1559,4,1559
J_000467,30,0.003,0.00020492011130396657,0,1565,2,1565
J_000468,30,0.003,0.00018216288634522747,0,3102,1,1571
J_000469,30,0.003,0.00018050099430499852,0,3102,1,1571
J_000470,30,0.003,0.00020485225513197815,0,1628,0,1628
J_000471,30,0.003,0.00020340404146292074,0,1565,2,1565
J_000472,30,0.003,0.0001921740306750633,0,1505,7,1505
J_000473,30,0.003,0.000212006382141867,0,1565,2,1565
J_000474,30,0.003,0.00019101625445028743,0,1628,0,1628
J_000475,30,0.003,0.0001962693410867168,0,1550,5,1550
J_000476,30,0.003,0.0001863563000229855,0,1559,4,1559
J_000477,30,0.003,0.00018622093387476616,0,1505,7,1505
J_000478,30,0.003,0.0001959570822400101,0,1559,4,1559
J_000479,30,0.003,0.0001918973583533587,0,1559,4,1559
J_000480,30,0.003,0.00020376673009283767,0,1550,5,1550
J_000481,30,0.003,0.00018081973183973045,0,3102,1,1571
J_000482,30,0.003,0.00018947074200827238,0,1559,4,1559
J_000483,30,0.003,0.00018953830062384252,0,1562,3,1562
J_000484,30,0.003,0.00020164605143394682,0,1628,0,1628
J_000485,30,0.003,0.00018311792444917997,0,3102,6,1531
J_000486,30,0.003,0.00020075096031788755,0,1628,0,1628
J_000487,30,0.003,0.00020408881812483866,0,1550,5,1550
J_000488,30,0.003,0.00020795878555200108,0,1565,2,1565
J_000489,30,0.003,0.00021827545731250108,0,1565,2,1565
J_000490,30,0.003,0.000190634867829568,0,1562,3,1562
J_000491,30,0.003,0.00020091970448570025,0,1550,5,1550
J_000492,30,0.003,0.00020930388509970047,0,1565,2,1565
J_000493,30,0.003,0.00017787116701230564,0,3102,1,1571
J_000494,30,0.003,0.00018046008792673937,0,3102,6,1531
J_000495,30,0.003,0.00018476829284488187,0,3102,6,1531
J_000496,30,0.003,0.00018958288597815994,0,1628,0,1628
J_000497,30,0.003,0.00018227262096526297,0,3102,6,1531
J_000498,30,0.003,0.0001989994112583479,0,1628,0,1628
J_000499,30,0.003,0.00020265986052760805,0,1559,4,1559
J_000500,30,0.003,0.00017973495284063536,0,1505,7,1505
J_000501,30,0.003,0.0001871152353728709,0,1628,0,1628
J_000502,30,0.003,0.0001900897709944508,0,1628,0,1628
J_000503,30,0.003,0.000204884686210285,0,1565,2,1565
J_000504,30,0.003,0.0001977806791118382,0,1565,2,1565
J_000505,30,0.003,0.00019459314464191524,0,1628,0,1628
J_000506,30,0.003,0.00017837655288164983,0,1505,7,1505
J_000507,30,0.003,0.00020025884292443826,0,1559,4,1559
J_000508,30,0.003,0.00017897295078919616,0,1505,7,1505
J_000509,30,0.003,0.00019797312441101867,0,1550,5,1550
J_000510,30,0.003,0.00018677975995367386,0,1628,0,1628
J_000511,30,0.003,0.00020361267342955652,0,1565,2,1565
J_000512,30,0.003,0.00020017819614247725,0,1562,3,1562
J_000513,30,0.003,0.0001916676914921931,0,1628,0,1628
J_000514,30,0.003,0.0002041715713138657,0,1550,5,1550
J_000515,30,0.003,0.00019765838331981095,0,1628,0,1628
J_000516,30,0.003,0.00018098780072405381,0,3102,1,1571
J_000517,30,0.003,0.00017083289302232565,0,1505,7,1505
J_000518,30,0.003,0.00020371017278359945,0,1565,2,1565
J_000519,30,0.003,0.0001999902486427092,0,1562,3,1562
J_000520,30,0.003,0.00019434932890702468,0,1550,5,1550
J_000521,30,0.003,0.00017803283268284879,0,1505,7,1505
J_000522,30,0.003,0.00019289473635962493,0,1559,4,1559
J_000523,30,0.003,0.00019184895724808337,0,1562,3,1562
J_000524,30,0.003,0.0001830239233441494,0,1559,4,1559
J_000525,30,0.003,0.0001922552529143374,0,1559,4,1559
J_000526,30,0.003,0.00018682793331874808,0,1559,4,1559
J_000527,30,0.003,0.00019685882778649335,0,1550,5,1550
J_000528,30,0.003,0.0001896413981407028,0,1562,3,1562
J_000529,30,0.003,0.00018913645053676497,0,1562,3,1562
J_000530,30,0.003,0.00019691441646880998,0,1550,5,1550
J_000531,30,0.003,0.00020807605988253607,0,1565,2,1565
J_000532,30,0.003,0.0001788093703320524,0,1505,7,1505
J_000533,30,0.003,0.00017784341383306538,0,3102,1,1571
J_000534,30,0.003,0.00018576543788381786,0,3102,6,1531
J_000535,30,0.003,0.00019141164452574446,0,1550,5,1550
J_000536,30,0.003,0.00020068269926960976,0,1550,5,1550
J_000537,30,0.003,0.00017922362495414874,0,1505,7,1505
J_000538,30,0.003,0.00018957635040885105,0,3102,6,1531
J_000539,30,0.003,0.00018077535469864894,0,3102,6,1531
J_000540,30,0.003,0.00018690253728079743,0,1559,4,1559
J_000541,30,0.003,0.00020359069816874503,0,1628,0,1628
J_000542,30,0.003,0.00018068489289353233,0,3102,6,1531
J_000543,30,0.003,0.00019077499500665983,0,1562,3,1562
J_000544,30,0.003,0.00018085932368412612,0,1505,7,1505
J_000545,30,0.003,0.00021672921292987694,0,1550,5,1550
J_000546,30,0.003,0.00020049108656657586,0,1565,2,1565
J_000547,30,0.003,0.00021110699026423158,0,1565,2,1565
J_000548,30,0.003,0.00018486711734673356,0,3102,6,1531
J_000549,30,0.003,0.00020310214033269382,0,1550,5,1550
J_000550,30,0.003,0.00018720709225115707,0,1559,4,1559
J_000551,30,0.003,0.00018896997061164942,0,1505,7,1505
J_000552,30,0.003,0.00018104639653847575,0,1505,7,1505
J_000553,30,0.003,0.00017411423730368073,0,1505,7,1505
J_000554,30,0.003,0.00019596048814902336,0,1628,0,1628
J_000555,30,0.003,0.00017751132879529905,0,1505,7,1505
J_000556,30,0.003,0.00019226083882340422,0,1562,3,1562
J_000557,30,0.003,0.00021470966759926932,0,1565,2,1565
J_000558,30,0.003,0.00017868188374466624,0,1505,7,1505
J_000559,30,0.003,0.00018523913237160824,0,3102,1,1571
J_000560,30,0.003,0.00018697950834913556,0,3102,6,1531
J_000561,30,0.003,0.00019607122110792708,0,3102,1,1571
J_000562,30,0.003,0.00021160160612638287,0,1565,2,1565
J_000563,30,0.003,0.00017278054020250614,0,3102,6,1531
J_000564,30,0.003,0.00018918972232819935,0,3102,6,1531
J_000565,30,0.003,0.00018436846748849517,0,3102,6,1531
J_000566,30,0.003,0.00019574633837813544,0,1550,5,1550
J_000567,30,0.003,0.0001880154334832074,0,1628,0,1628
J_000568,30,0.003,0.0001989196445209378,0,1628,0,1628
J_000569,30,0.003,0.00020000083149269326,0,1628,0,1628
J_000570,30,0.003,0.00018460687698424244,0,3102,6,1531
J_000571,30,0.003,0.00018058845803284706,0,3102,1,1571
J_000572,30,0.003,0.00018272845615719457,0,3102,1,1571
J_000573,30,0.003,0.00018764319950752387,0,1505,7,1505
J_000574,30,0.003,0.00018979863482479083,0,1562,3,1562
J_000575,30,0.003,0.00019179344949111184,0,1559,4,1559
J_000576,30,0.003,0.0001993226209700457,0,1559,4,1559
J_000577,30,0.003,0.00018735687508627505,0,1559,4,1559
J_000578,30,0.003,0.00017994804008307928,0,3102,1,1571
J_000579,30,0.003,0.00018878935064040156,0,1559,4,1559
J_000580,30,0.003,0.0002003984120682604,0,1550,5,1550
J_000581,30,0.003,0.00019153620435663897,0,1628,0,1628
J_000582,30,0.003,0.00017921971275837483,0,3102,6,1531
J_000583,30,0.003,0.00018686769411151228,0,3102,1,1571
J_000584,30,0.003,0.00020365225559659626,0,1550,5,1550
J_000585,30,0.003,0.00019556607931368015,0,1628,0,1628
J_000586,30,0.003,0.00018381803113627992,0,1562,3,1562
J_000587,30,0.003,0.0001836921410306159,0,3102,1,1571
J_000588,30,0.003,0.00018777782044921088,0,1559,4,1559
J_000589,30,0.003,0.00018278699487705058,0,3102,1,1571
J_000590,30,0.003,0.00019933736259610901,0,1562,3,1562
J_000591,30,0.003,0.0001956150909516825,0,1550,5,1550
J_000592,30,0.003,0.00019310434244952787,0,3102,6,1531
J_000593,30,0.003,0.00018250721271864526,0,1505,7,1505
J_000594,30,0.003,0.00020315302340070582,0,1550,5,1550
J_000595,30,0.003,0.0001920072541559768,0,1628,0,1628
J_000596,30,0.003,0.0002072265930184393,0,1565,2,1565
J_000597,30,0.003,0.0001950499613310822,0,1628,0,1628
J_000598,30,0.003,0.00019339669813268445,0,1550,5,1550
J_000599,30,0.003,0.00020138358976640479,0,1628,0,1628
J_000600,30,0.003,0.0001909168725315801,0,1628,0,1628
J_000601,30,0.003,0.00017568164490539258,0,3102,1,1571
J_000602,30,0.003,0.00020127982772363321,0,1565,2,1565
J_000603,30,0.003,0.00020637589609414077,0,1565,2,1565
J_000604,30,0.003,0.00018704868424941916,0,1628,0,1628
J_000605,30,0.003,0.00021798235564129216,0,1565,2,1565
J_000606,30,0.003,0.000171557544230916,0,1505,7,1505
J_000607,30,0.003,0.0001779140540114087,0,3102,1,1571
J_000608,30,0.003,0.00018829041630202145,0,1562,3,1562
J_000609,30,0.003,0.00018639686176709946,0,1559,4,1559
J_000610,30,0.003,0.00018273769607392594,0,1559,4,1559
J_000611,30,0.003,0.00017990039367255282,0,3102,1,1571
J_000612,30,0.003,0.00019323242016032642,0,1559,4,1559
J_000613,30,0.003,0.0002000432090597568,0,1565,2,1565
J_000614,30,0.003,0.00019006271815439214,0,1628,0,1628
J_000615,30,0.003,0.00018683505273311358,0,1562,3,1562
J_000616,30,0.003,0.00018450469133835732,0,3102,6,1531
J_000617,30,0.003,0.00018019444461303031,0,1505,7,1505
J_000618,30,0.003,0.00017887718735538544,0,3102,6,1531
J_000619,30,0.003,0.00018387981483116645,0,1628,0,1628
J_000620,30,0.003,0.00021870800462033688,0,1565,2,1565
J_000621,30,0.003,0.0001894408189522931,0,1562,3,1562
J_000622,30,0.003,0.00020927320791695102,0,1550,5,1550
J_000623,30,0.003,0.0001986645002938217,0,1550,5,1550
J_000624,30,0.003,0.00018711221874989973,0,1628,0,1628
J_000625,30,0.003,0.00019436882081753655,0,1562,3,1562
J_000626,30,0.003,0.0001832346360407243,0,3102,6,1531
J_000627,30,0.003,0.00020224052359478462,0,1550,5,1550
J_000628,30,0.003,0.00018361061155255064,0,1505,7,1505
J_000629,30,0.003,0.00019356462914073722,0,1628,0,1628
J_000630,30,0.003,0.00019540924188539202,0,1559,4,1559
J_000631,30,0.003,0.00019124365994557127,0,1628,0,1628
J_000632,30,0.003,0.00018855034101982634,0,1628,0,1628
J_000633,30,0.003,0.00018686997564027751,0,1562,3,1562
J_000634,30,0.003,0.0001811508389214194,0,3102,6,1531
J_000635,30,0.003,0.0001810642947826942,0,3102,6,1531
J_000636,30,0.003,0.0001929444530201548,0,1628,0,1628
J_000637,30,0.003,0.0001939391612768167,0,1628,0,1628
J_000638,30,0.003,0.00019698433073957422,0,1628,0,1628
J_000639,30,0.003,0.00019461252656564828,0,1550,5,1550
J_000640,30,0.003,0.00017720616260901226,0,3102,1,1571
J_000641,30,0.003,0.00021157292832017704,0,1565,2,1565
J_000642,30,0.003,0.0001908962037312085,0,1628,0,1628
J_000643,30,0.003,0.00017927323511769008,0,1505,7,1505
J_000644,30,0.003,0.00018255854629824764,0,1562,3,1562
J_000645,30,0.003,0.00020431249284952162,0,1565,2,1565
J_000646,30,0.003,0.0001786902350659465,0,1505,7,1505
J_000647,30,0.003,0.00017704965844715303,0,3102,1,1571
J_000648,30,0.003,0.00019742586585789703,0,1628,0,1628
J_000649,30,0.003,0.0001799627094154447,0,3102,6,1531
J_000650,30,0.003,0.00019912823576850853,0,1550,5,1550
J_000651,30,0.003,0.00018268452021494218,0,1559,4,1559
J_000652,30,0.003,0.00018687540428408644,0,1559,4,1559
J_000653,30,0.003,0.00017608539113633226,0,3102,1,1571
J_000654,30,0.003,0.00019869463561975273,0,1562,3,1562
J_000655,30,0.003,0.00018350165410723014,0,3102,1,1571
J_000656,30,0.003,0.00018847167681664494,0,1562,3,1562
J_000657,30,0.003,0.00019769580514247115,0,1550,5,1550
J_000658,30,0.003,0.00018655401468017495,0,1505,7,1505
J_000659,30,0.003,0.00019295383834207894,0,1628,0,1628
J_000660,30,0.003,0.0001926509516327,0,1628,0,1628
J_000661,30,0.003,0.00019397925958061142,0,1628,0,1628
J_000662,30,0.003,0.00018067833255013,0,3102,1,1571
J_000663,30,0.003,0.00018699396270596417,0,1628,0,1628
J_000664,30,0.003,0.00018853985906848463,0,1562,3,1562
J_000665,30,0.003,0.00019046785529675374,0,1550,5,1550
J_000666,30,0.003,0.00017247545915900818,0,3102,1,1571
J_000667,30,0.003,0.00017968837046183065,0,1505,7,1505
J_000668,30,0.003,0.00019219652430946192,0,1628,0,1628
J_000669,30,0.003,0.00020452154714773428,0,1565,2,1565
J_000670,30,0.003,0.00019281909830420847,0,1628,0,1628
J_000671,30,0.003,0.00017970715039075948,0,1505,7,1505
J_000672,30,0.003,0.00018989591213990734,0,1505,7,1505
J_000673,30,0.003,0.00018917651490970298,0,1628,0,1628
J_000674,30,0.003,0.00019841209186672836,0,1550,5,1550
J_000675,30,0.003,0.0001884656360006078,0,1505,7,1505
J_000676,30,0.003,0.00020408277044861947,0,1565,2,1565
J_000677,30,0.003,0.00020126564158369427,0,1550,5,1550
J_000678,30,0.003,0.00019970081453589186,0,1550,5,1550
J_000679,30,0.003,0.0002080520877564544,0,1550,5,1550
J_000680,30,0.003,0.00018230387082209388,0,1505,7,1505
J_000681,30,0.003,0.00019994406957727991,0,1550,5,1550
J_000682,30,0.003,0.00020247553298409875,0,1565,2,1565
J_000683,30,0.003,0.0001863855106978379,0,3102,1,1571
J_000684,30,0.003,0.00017339641678341074,0,3102,1,1571
J_000685,30,0.003,0.00018873795741565654,0,1628,0,1628
J_000686,30,0.003,0.00018544756017187467,0,1562,3,1562
J_000687,30,0.003,0.00020439865450720123,0,1550,5,1550
J_000688,30,0.003,0.00019903777720558182,0,1628,0,1628
J_000689,30,0.003,0.00020555072175512264,0,1550,5,1550
J_000690,30,0.003,0.00018950967119505115,0,1562,3,1562
J_000691,30,0.003,0.00021046549693378764,0,1550,5,1550
J_000692,30,0.003,0.00018450804266539853,0,1505,7,1505
J_000693,30,0.003,0.00020107211184152083,0,1565,2,1565
J_000694,30,0.003,0.00020701289274107802,0,1565,2,1565
J_000695,30,0.003,0.00018598336873131463,0,1505,7,1505
J_000696,30,0.003,0.00019809308871455414,0,1559,4,1559
J_000697,30,0.003,0.0001984212606839216,0,1550,5,1550
J_000698,30,0.003,0.00021203779810694535,0,1565,2,1565
J_000699,30,0.003,0.00018637602740642447,0,1559,4,1559
J_000700,30,0.003,0.0001876130889726397,0,3102,1,1571
J_000701,30,0.003,0.00021332848679113322,0,1565,2,1565
J_000702,30,0.003,0.00020202984796717106,0,1550,5,1550
J_000703,30,0.003,0.000192573560103825,0,1550,5,1550
J_000704,30,0.003,0.00017982917252748793,0,3102,1,1571
J_000705,30,0.003,0.00018113014200377776,0,1505,7,1505
J_000706,30,0.003,0.00020082052405167845,0,1565,2,1565
J_000707,30,0.003,0.00018278524502729861,0,1628,0,1628
J_000708,30,0.003,0.00018886643074798707,0,3102,1,1571
J_000709,30,0.003,0.00018222618973841702,0,3102,1,1571
J_000710,30,0.003,0.00019193483556211637,0,1562,3,1562
J_000711,30,0.003,0.0001840439049061652,0,3102,1,1571
J_000712,30,0.003,0.0001868184981375982,0,1628,0,1628
J_000713,30,0.003,0.00019453106841609314,0,1562,3,1562
J_000714,30,0.003,0.0001799901806788704,0,3102,1,1571
J_000715,30,0.003,0.00017102616548143315,0,3102,1,1571
J_000716,30,0.003,0.00019909514907078885,0,1565,2,1565
J_000717,30,0.003,0.00018628944493337052,0,3102,6,1531
J_000718,30,0.003,0.00021075008290323717,0,1565,2,1565
J_000719,30,0.003,0.00020515752606893307,0,1565,2,1565
J_000720,30,0.003,0.00019434548078537886,0,1550,5,1550
J_000721,30,0.003,0.00020640095591595523,0,1565,2,1565
J_000722,30,0.003,0.0001803196958481815,0,3102,1,1571
J_000723,30,0.003,0.00020306789316154456,0,1628,0,1628
J_000724,30,0.003,0.00018614043372530028,0,1628,0,1628
J_000725,30,0.003,0.00018493783797703768,0,1559,4,1559
J_000726,30,0.003,0.00020354635290525803,0,1565,2,1565
J_000727,30,0.003,0.0002104192870229628,0,1550,5,1550
J_000728,30,0.003,0.0001776238654724842,0,3102,6,1531
J_000729,30,0.003,0.00020053422541505532,0,1550,5,1550
J_000730,30,0.003,0.00019781836100985737,0,1559,4,1559
J_000731,30,0.003,0.00019171228863271915,0,1562,3,1562
J_000732,30,0.003,0.00019248593188102178,0,1628,0,1628
J_000733,30,0.003,0.00018433454257751734,0,3102,6,1531
J_000734,30,0.003,0.00021772310964496345,0,1565,2,1565
J_000735,30,0.003,0.0001915145760960022,0,1628,0,1628
J_000736,30,0.003,0.0001714036003646829,0,1505,7,1505
J_000737,30,0.003,0.0001856821059052471,0,3102,6,1531
J_000738,30,0.003,0.00017977066992097077,0,1505,7,1505
J_000739,30,0.003,0.0001731677900291737,0,3102,6,1531
J_000740,30,0.003,0.00020807621855266082,0,1565,2,1565
J_000741,30,0.003,0.00018368919586853535,0,3102,6,1531
J_000742,30,0.003,0.0002159902327348913,0,1550,5,1550
J_000743,30,0.003,0.00020040780845033664,0,1550,5,1550
J_000744,30,0.003,0.00017682180127468196,0,1505,7,1505
J_000745,30,0.003,0.00018207550078287951,0,3102,6,1531
J_000746,30,0.003,0.0002149718106194463,0,1565,2,1565
J_000747,30,0.003,0.00021476479885517398,0,1565,2,1565
J_000748,30,0.003,0.00017307814448981466,0,1505,7,1505
J_000749,30,0.003,0.00019834901075467456,0,1550,5,1550
J_000750,30,0.003,0.00019315082874250944,0,1559,4,1559
J_000751,30,0.003,0.0002008744811554722,0,1628,0,1628
J_000752,30,0.003,0.0002020272356131244,0,1550,5,1550
J_000753,30,0.003,0.0002049101246209408,0,1550,5,1550
J_000754,30,0.003,0.00018107240632303685,0,1505,7,1505
J_000755,30,0.003,0.0001881702405700533,0,1559,4,1559
J_000756,30,0.003,0.00019317423122738878,0,1559,4,1559
J_000757,30,0.003,0.0001829223042863055,0,3102,6,1531
J_000758,30,0.003,0.00018544104513913248,0,3102,6,1531
J_000759,30,0.003,0.00019716648973527507,0,1559,4,1559
J_000760,30,0.003,0.00019415537634938208,0,1562,3,1562
J_000761,30,0.003,0.00020201084452985628,0,1550,5,1550
J_000762,30,0.003,0.0001984530700337521,0,1550,5,1550
J_000763,30,0.003,0.00019031761213481328,0,1562,3,1562
J_000764,30,0.003,0.00018431317250944715,0,1559,4,1559
J_000765,30,0.003,0.00020612950364881289,0,1565,2,1565
J_000766,30,0.003,0.00021785587730440193,0,1565,2,1565
J_000767,30,0.003,0.0001989133069174195,0,1550,5,1550
J_000768,30,0.003,0.00018817307128597837,0,1562,3,1562
J_000769,30,0.003,0.00018960749473954502,0,1559,4,1559
J_000770,30,0.003,0.0001858841582019167,0,1559,4,1559
J_000771,30,0.003,0.00018741543252278998,0,1562,3,1562
J_000772,30,0.003,0.00018393081732095298,0,1559,4,1559
J_000773,30,0.003,0.0002069380306360838,0,1565,2,1565
J_000774,30,0.003,0.00018214500412399695,0,3102,1,1571
J_000775,30,0.003,0.0001857140850442508,0,1559,4,1559
J_000776,30,0.003,0.00020767754507054732,0,1562,3,1562
J_000777,30,0.003,0.00017722998597022733,0,3102,1,1571
J_000778,30,0.003,0.0001790163460112824,0,1505,7,1505
J_000779,30,0.003,0.000184855946381365,0,1559,4,1559
J_000780,30,0.003,0.00018959847320829159,0,3102,6,1531
J_000781,30,0.003,0.0001816656243584644,0,1562,3,1562
J_000782,30,0.003,0.00017705300258362284,0,1505,7,1505
J_000783,30,0.003,0.0001911428879556114,0,3102,6,1531
J_000784,30,0.003,0.00017822524272132178,0,3102,1,1571
J_000785,30,0.003,0.00019690954935163574,0,1628,0,1628
J_000786,30,0.003,0.00019863460904742227,0,1550,5,1550
J_000787,30,0.003,0.00018498404424362823,0,1559,4,1559
J_000788,30,0.003,0.00017921862774895086,0,1505,7,1505
J_000789,30,0.003,0.0001874242337933733,0,1559,4,1559
J_000790,30,0.003,0.0001861211935994899,0,3102,6,1531
J_000791,30,0.003,0.00018428975786115358,0,1505,7,1505
J_000792,30,0.003,0.00018728916501868076,0,1628,0,1628
J_000793,30,0.003,0.0001768272338319076,0,3102,6,1531
J_000794,30,0.003,0.00019886117777309783,0,1628,0,1628
J_000795,30,0.003,0.00018686202619204144,0,3102,1,1571
J_000796,30,0.003,0.00018521168784393414,0,3102,1,1571
J_000797,30,0.003,0.00017925859742387953,0,1505,7,1505
J_000798,30,0.003,0.00019392202466652736,0,1550,5,1550
J_000799,30,0.003,0.00019776504438091385,0,1559,4,1559
J_000800,30,0.003,0.00019797253391492858,0,1550,5,1550
J_000801,30,0.003,0.00019030775399836563,0,1562,3,1562
J_000802,30,0.003,0.00019467693233237872,0,1550,5,1550
J_000803,30,0.003,0.00017888607782999582,0,3102,1,1571
J_000804,30,0.003,0.00019568795407209154,0,1628,0,1628
J_000805,30,0.003,0.0002102765875099967,0,1565,2,1565
J_000806,30,0.003,0.00018500814823081165,0,1505,7,1505
J_000807,30,0.003,0.00018399977832371015,0,3102,6,1531
J_000808,30,0.003,0.0001785228155111862,0,3102,1,1571
J_000809,30,0.003,0.00019864951063793565,0,1628,0,1628
J_000810,30,0.003,0.00018826210612109086,0,1562,3,1562
J_000811,30,0.003,0.00019602156050057076,0,1628,0,1628
J_000812,30,0.003,0.00017837902912106463,0,1505,7,1505
J_000813,30,0.003,0.00019891663137780566,0,1565,2,1565
J_000814,30,0.003,0.0001948730523180729,0,1550,5,1550
J_000815,30,0.003,0.00020532370211071843,0,1565,2,1565
J_000816,30,0.003,0.000199809765240452,0,1565,2,1565
J_000817,30,0.003,0.00020894230970939593,0,1565,2,1565
J_000818,30,0.003,0.0001821576214425383,0,3102,1,1571
J_000819,30,0.003,0.00019366179672968307,0,1562,3,1562
J_000820,30,0.003,0.00018948430279309134,0,1628,0,1628
J_000821,30,0.003,0.00019785170036218754,0,1550,5,1550
J_000822,30,0.003,0.0001787315925406533,0,1505,7,1505
J_000823,30,0.003,0.0001803785110282861,0,3102,6,1531
J_000824,30,0.003,0.00018086943026903506,0,3102,1,1571
J_000825,30,0.003,0.0001785938559497741,0,3102,1,1571
J_000826,30,0.003,0.00019852274784798527,0,1562,3,1562
J_000827,30,0.003,0.00018821674627101482,0,3102,1,1571
J_000828,30,0.003,0.00019559676273284244,0,1550,5,1550
J_000829,30,0.003,0.00019123529725414382,0,1628,0,1628
J_000830,30,0.003,0.00017842060052469818,0,1505,7,1505
J_000831,30,0.003,0.00017644666110277728,0,3102,1,1571
J_000832,30,0.003,0.00017996498060349347,0,1505,7,1505
J_000833,30,0.003,0.0001913705341585235,0,1559,4,1559
J_000834,30,0.003,0.0002089198568465843,0,1550,5,1550
J_000835,30,0.003,0.00018520234201599848,0,1559,4,1559
J_000836,30,0.003,0.00018649449889674964,0,3102,6,1531
J_000837,30,0.003,0.00018459273918670162,0,1559,4,1559
J_000838,30,0.003,0.00018712494952158196,0,3102,6,1531
J_000839,30,0.003,0.00018246867235637915,0,3102,1,1571
J_000840,30,0.003,0.00018706947540423973,0,1562,3,1562
J_000841,30,0.003,0.00018986751545510392,0,1562,3,1562
J_000842,30,0.003,0.0001869070277265163,0,3102,6,1531
J_000843,30,0.003,0.0001812149779988496,0,1505,7,1505
J_000844,30,0.003,0.00018937689259777474,0,1628,0,1628
J_000845,30,0.003,0.0001860955104223013,0,3102,6,1531
J_000846,30,0.003,0.00018727375745082367,0,1559,4,1559
J_000847,30,0.003,0.00018330596162050827,0,3102,1,1571
J_000848,30,0.003,0.00020206003630935496,0,1565,2,1565
J_000849,30,0.003,0.00017635176180460073,0,3102,6,1531
J_000850,30,0.003,0.00019499907191641389,0,1562,3,1562
J_000851,30,0.003,0.00019810961300046275,0,1559,4,1559
J_000852,30,0.003,0.00018007310836458501,0,3102,1,1571
J_000853,30,0.003,0.00022062716553744742,0,1565,2,1565
J_000854,30,0.003,0.00018878406721777017,0,1562,3,1562
J_000855,30,0.003,0.00019264752527483212,0,3102,6,1531
J_000856,30,0.003,0.00018556309758361502,0,3102,6,1531
J_000857,30,0.003,0.00019981592992170583,0,1550,5,1550
J_000858,30,0.003,0.00019693798095876035,0,1565,2,1565
J_000859,30,0.003,0.00020358994797451218,0,1565,2,1565
J_000860,30,0.003,0.00021362941417978447,0,1550,5,1550
J_000861,30,0.003,0.00018048695896180406,0,3102,6,1531
J_000862,30,0.003,0.0001891522680545761,0,1562,3,1562
J_000863,30,0.003,0.0002053801206705765,0,1550,5,1550
J_000864,30,0.003,0.00018876067326121406,0,1559,4,1559
J_000865,30,0.003,0.00020405343414024022,0,1565,2,1565
J_000866,30,0.003,0.0001952608944830325,0,1550,5,1550
J_000867,30,0.003,0.00019247312063977744,0,1628,0,1628
J_000868,30,0.003,0.00017967633675557013,0,1559,4,1559
J_000869,30,0.003,0.00017984703237124199,0,3102,6,1531
J_000870,30,0.003,0.0001884645109259599,0,1505,7,1505
J_000871,30,0.003,0.0001819227714117836,0,1562,3,1562
J_000872,30,0.003,0.000183319058715871,0,3102,1,1571
J_000873,30,0.003,0.00018796107983279868,0,1562,3,1562
J_000874,30,0.003,0.00017927314941170827,0,3102,6,1531
J_000875,30,0.003,0.00018649470179760359,0,3102,6,1531
J_000876,30,0.003,0.00018969360074856662,0,1559,4,1559
J_000877,30,0.003,0.00018829608252670147,0,1562,3,1562
J_000878,30,0.003,0.00018350619876567569,0,3102,6,1531
J_000879,30,0.003,0.00020759953599297861,0,1565,2,1565
J_000880,30,0.003,0.0001914273631876091,0,1562,3,1562
J_000881,30,0.003,0.00018824257839405631,0,1562,3,1562
J_000882,30,0.003,0.00018862809467706882,0,1562,3,1562
J_000883,30,0.003,0.0001935488885772081,0,1562,3,1562
J_000884,30,0.003,0.00019865290648257868,0,1550,5,1550
J_000885,30,0.003,0.0001976663341163024,0,1550,5,1550
J_000886,30,0.003,0.00017949422524457181,0,3102,1,1571
J_000887,30,0.003,0.00019493335598178618,0,1550,5,1550
J_000888,30,0.003,0.00019727504205439093,0,1550,5,1550
J_000889,30,0.003,0.00018495612114868086,0,3102,1,1571
J_000890,30,0.003,0.00018427480372283972,0,1505,7,1505
J_000891,30,0.003,0.0001996890963467763,0,1562,3,1562
J_000892,30,0.003,0.00019797846537404517,0,1559,4,1559
J_000893,30,0.003,0.00018965041186439822,0,1628,0,1628
J_000894,30,0.003,0.00019370852280569352,0,1559,4,1559
J_000895,30,0.003,0.00019588444203790144,0,1550,5,1550
J_000896,30,0.003,0.0001834345150156133,0,3102,1,1571
J_000897,30,0.003,0.00020107799622687085,0,1565,2,1565
J_000898,30,0.003,0.00018739244250289783,0,1559,4,1559
J_000899,30,0.003,0.00017714307694131226,0,3102,1,1571
J_000900,30,0.003,0.00019521813753020805,0,1559,4,1559
J_000901,30,0.003,0.00019188875623401893,0,1505,7,1505
J_000902,30,0.003,0.0001867558952919742,0,1559,4,1559
J_000903,30,0.003,0.0002009454665511648,0,1565,2,1565
J_000904,30,0.003,0.00018307572323947698,0,3102,6,1531
J_000905,30,0.003,0.0001897279396825955,0,1562,3,1562
J_000906,30,0.003,0.00019308925489226246,0,1559,4,1559
J_000907,30,0.003,0.00018386191268080743,0,3102,6,1531
J_000908,30,0.003,0.00018323138442762386,0,3102,1,1571
J_000909,30,0.003,0.00021123694462274646,0,1565,2,1565
J_000910,30,0.003,0.00017755934772105872,0,1505,7,1505
J_000911,30,0.003,0.00019242819764570806,0,1550,5,1550
J_000912,30,0.003,0.00019367747365866617,0,1562,3,1562
J_000913,30,0.003,0.00018692035661382428,0,1559,4,1559
J_000914,30,0.003,0.00019899030827973615,0,1565,2,1565
J_000915,30,0.003,0.0001971253660633226,0,1550,5,1550
J_000916,30,0.003,0.00020858014928726168,0,1565,2,1565
J_000917,30,0.003,0.00018877135369009575,0,1559,4,1559
J_000918,30,0.003,0.0001915779016680716,0,1559,4,1559
J_000919,30,0.003,0.00018352337757252736,0,1559,4,1559
J_000920,30,0.003,0.00018996172640668035,0,1628,0,1628
J_000921,30,0.003,0.00019028988521089865,0,1628,0,1628
J_000922,30,0.003,0.00019674059584360475,0,1628,0,1628
J_000923,30,0.003,0.00018252316199901322,0,1505,7,1505
J_000924,30,0.003,0.00019466913395784565,0,1550,5,1550
J_000925,30,0.003,0.00017964703072862267,0,3102,1,1571
J_000926,30,0.003,0.00019648434758438047,0,1628,0,1628
J_000927,30,0.003,0.0001992926203300207,0,1559,4,1559
J_000928,30,0.003,0.00020575931708486823,0,1550,5,1550
J_000929,30,0.003,0.00017302682071169935,0,1505,7,1505
J_000930,30,0.003,0.00018831209663183236,0,1562,3,1562
J_000931,30,0.003,0.0001852478558793594,0,1559,4,1559
J_000932,30,0.003,0.00018890589024013121,0,1562,3,1562
J_000933,30,0.003,0.000202922814454933,0,1565,2,1565
J_000934,30,0.003,0.00019929357704083137,0,1628,0,1628
J_000935,30,0.003,0.00019626180822042406,0,1628,0,1628
J_000936,30,0.003,0.0001940087358374999,0,1550,5,1550
J_000937,30,0.003,0.0001852412563934282,0,3102,1,1571
J_000938,30,0.003,0.00017532568660050642,0,3102,1,1571
J_000939,30,0.003,0.00019045270718829244,0,1562,3,1562
J_000940,30,0.003,0.00018167085967808855,0,1559,4,1559
J_000941,30,0.003,0.0001980531792342468,0,1550,5,1550
J_000942,30,0.003,0.0001996972218235141,0,1550,5,1550
J_000943,30,0.003,0.00019190476758207387,0,1550,5,1550
J_000944,30,0.003,0.00018259990032415356,0,1505,7,1505
J_000945,30,0.003,0.0001975517972529758,0,1550,5,1550
J_000946,30,0.003,0.00019706737153601814,0,1562,3,1562
J_000947,30,0.003,0.000198110808421685,0,1550,5,1550
J_000948,30,0.003,0.0001947273263103056,0,1562,3,1562
J_000949,30,0.003,0.00020024957781204,0,1550,5,1550
J_000950,30,0.003,0.00018341746324948097,0,3102,6,1531
J_000951,30,0.003,0.00019016742964776695,0,1628,0,1628
J_000952,30,0.003,0.0001888190257505011,0,1562,3,1562
J_000953,30,0.003,0.00019447266255212097,0,3102,6,1531
J_000954,30,0.003,0.0001971151677982704,0,1559,4,1559
J_000955,30,0.003,0.00017758311992886812,0,3102,1,1571
J_000956,30,0.003,0.0001756036269532536,0,3102,6,1531
J_000957,30,0.003,0.00017588028951987352,0,3102,1,1571
J_000958,30,0.003,0.00019256741237615497,0,1628,0,1628
J_000959,30,0.003,0.0001878731140421706,0,1559,4,1559
J_000960,30,0.003,0.0001952310570254391,0,1550,5,1550
J_000961,30,0.003,0.00018108544676423606,0,3102,6,1531
J_000962,30,0.003,0.00019000677583838493,0,1505,7,1505
J_000963,30,0.003,0.00017561834676758415,0,1505,7,1505
J_000964,30,0.003,0.00018906563631819557,0,1628,0,1628
J_000965,30,0.003,0.00019258128905498323,0,1559,4,1559
J_000966,30,0.003,0.0002049263995840309,0,1550,5,1550
J_000967,30,0.003,0.00018618542898776557,0,1505,7,1505
J_000968,30,0.003,0.0001983797073849825,0,1559,4,1559
J_000969,30,0.003,0.0001910002821101895,0,1559,4,1559
J_000970,30,0.003,0.00018871766546760358,0,3102,6,1531
J_000971,30,0.003,0.00018247439302717023,0,3102,6,1531
J_000972,30,0.003,0.00020443720899276916,0,1550,5,1550
J_000973,30,0.003,0.00017232524804922341,0,1505,7,1505
J_000974,30,0.003,0.00020345846680094,0,1550,5,1550
J_000975,30,0.003,0.00018849963498887768,0,3102,1,1571
J_000976,30,0.003,0.00021017008010246405,0,1565,2,1565
J_000977,30,0.003,0.00018127996649108452,0,1505,7,1505
J_000978,30,0.003,0.00018944349576343765,0,1562,3,1562
J_000979,30,0.003,0.00019274571246098447,0,1562,3,1562
J_000980,30,0.003,0.00020141096650476954,0,3102,6,1531
J_000981,30,0.003,0.00019351091509243562,0,1628,0,1628
J_000982,30,0.003,0.0001936663410462506,0,1628,0,1628
J_000983,30,0.003,0.00019555205222428226,0,1628,0,1628
J_000984,30,0.003,0.00021435690400481647,0,1550,5,1550
J_000985,30,0.003,0.00018743416810331243,0,1628,0,1628
J_000986,30,0.003,0.00017695832330260564,0,3102,1,1571
J_000987,30,0.003,0.00019482483447055864,0,1559,4,1559
J_000988,30,0.003,0.00018510281979369975,0,1559,4,1559
J_000989,30,0.003,0.00018532022760044315,0,1559,4,1559
J_000990,30,0.003,0.00018375645446446683,0,3102,1,1571
J_000991,30,0.003,0.00019858007673433854,0,1628,0,1628
J_000992,30,0.003,0.0001932885724496579,0,1559,4,1559
J_000993,30,0.003,0.00018341506100662817,0,3102,1,1571
J_000994,30,0.003,0.0001841862177443856,0,3102,1,1571
J_000995,30,0.003,0.0001917043922520238,0,1559,4,1559
J_000996,30,0.003,0.0001772268514252059,0,1505,7,1505
J_000997,30,0.003,0.00017460111678170172,0,3102,6,1531
J_000998,30,0.003,0.00018633526609168938,0,1559,4,1559
J_000999,30,0.003,0.00017781459754212154,0,1505,7,1505
J_001000,30,0.003,0.00019528221802752658,0,1559,4,1559
J_001001,30,0.003,0.00019935416842601123,0,1628,0,1628
J_001002,30,0.003,0.0001906020312735345,0,1550,5,1550
J_001003,30,0.003,0.00021280972734488598,0,1565,2,1565
J_001004,30,0.003,0.00018149483505690154,0,1505,7,1505
J_001005,30,0.003,0.00018348033167930547,0,1562,3,1562
J_001006,30,0.003,0.00018856748854087214,0,1562,3,1562
J_001007,30,0.003,0.00020156856055948485,0,1565,2,1565
J_001008,30,0.003,0.00019384259063351752,0,1562,3,1562
J_001009,30,0.003,0.0002082385917044501,0,1565,2,1565
J_001010,30,0.003,0.00019605543465554928,0,1550,5,1550
J_001011,30,0.003,0.0001807075012383662,0,3102,1,1571
J_001012,30,0.003,0.0001925049204002641,0,1550,5,1550
J_001013,30,0.003,0.0001912787527829164,0,3102,1,1571
J_001014,30,0.003,0.00017985038789869673,0,1505,7,1505
J_001015,30,0.003,0.00019053772173179833,0,3102,1,1571
J_001016,30,0.003,0.00018358216829162877,0,1562,3,1562
J_001017,30,0.003,0.00018177041861746376,0,1505,7,1505
J_001018,30,0.003,0.00018544161739857557,0,1562,3,1562
J_001019,30,0.003,0.0002046467122112236,0,1550,5,1550
J_001020,30,0.003,0.0001898715813355359,0,3102,1,1571
J_001021,30,0.003,0.00018351935863262207,0,1562,3,1562
J_001022,30,0.003,0.00018445017799523036,0,1559,4,1559
J_001023,30,0.003,0.00018357009724605938,0,3102,6,1531
J_001024,30,0.003,0.00018965483646471014,0,1550,5,1550
J_001025,30,0.003,0.00019926811030617105,0,1565,2,1565
J_001026,30,0.003,0.00019662554424822217,0,1628,0,1628
J_001027,30,0.003,0.00017415536939557113,0,3102,1,1571
J_001028,30,0.003,0.0001885209380888319,0,1562,3,1562
J_001029,30,0.003,0.00020931950347734303,0,1565,2,1565
J_001030,30,0.003,0.000175164781045005,0,3102,1,1571
J_001031,30,0.003,0.0001964480349910612,0,1550,5,1550
J_001032,30,0.003,0.00017704362324671738,0,1505,7,1505
J_001033,30,0.003,0.00018316519821072154,0,3102,1,1571
J_001034,30,0.003,0.00017784795311720432,0,3102,1,1571
J_001035,30,0.003,0.0001854465542449051,0,1562,3,1562
J_001036,30,0.003,0.0001936757061500485,0,1550,5,1550
J_001037,30,0.003,0.00017561098691828116,0,3102,1,1571
J_001038,30,0.003,0.00018634374147490264,0,1562,3,1562
J_001039,30,0.003,0.00018488609904094818,0,3102,6,1531
J_001040,30,0.003,0.0001822046892894162,0,1559,4,1559
J_001041,30,0.003,0.0001783832767501369,0,1505,7,1505
J_001042,30,0.003,0.00017731675379903635,0,1505,7,1505
J_001043,30,0.003,0.0001949554121060916,0,1562,3,1562
J_001044,30,0.003,0.00019123996442811252,0,1562,3,1562
J_001045,30,0.003,0.00018639931292293934,0,1562,3,1562
J_001046,30,0.003,0.00018237264683791757,0,3102,1,1571
J_001047,30,0.003,0.00018570315406746962,0,1628,0,1628
J_001048,30,0.003,0.00019111849604531422,0,1628,0,1628
J_001049,30,0.003,0.0002040527285637554,0,1550,5,1550
J_001050,30,0.003,0.0001768892159082846,0,1505,7,1505
J_001051,30,0.003,0.00018384513883012104,0,3102,6,1531
J_001052,30,0.003,0.00019357785069841192,0,1550,5,1550
J_001053,30,0.003,0.00019862532772204272,0,1559,4,1559
J_001054,30,0.003,0.00018149585580750426,0,3102,6,1531
J_001055,30,0.003,0.00018528359857324342,0,1562,3,1562
J_001056,30,0.003,0.00018144547573503586,0,3102,1,1571
J_001057,30,0.003,0.00018045680138926108,0,3102,1,1571
J_001058,30,0.003,0.00019843927932335282,0,3102,6,1531
J_001059,30,0.003,0.00017861246395654688,0,1505,7,1505
J_001060,30,0.003,0.0002062037914724828,0,1565,2,1565
J_001061,30,0.003,0.00019238884200117672,0,1628,0,1628
J_001062,30,0.003,0.00018870477445973372,0,1562,3,1562
J_001063,30,0.003,0.00019290538623602962,0,1628,0,1628
J_001064,30,0.003,0.00021258469772733653,0,1565,2,1565
J_001065,30,0.003,0.00017758182696933633,0,1505,7,1505
J_001066,30,0.003,0.00018592326087467522,0,1562,3,1562
J_001067,30,0.003,0.00020661080889135193,0,1550,5,1550
J_001068,30,0.003,0.00017606919367856136,0,1505,7,1505
J_001069,30,0.003,0.00020143079752889302,0,1550,5,1550
J_001070,30,0.003,0.000195332078242487,0,1562,3,1562
J_001071,30,0.003,0.00018080858763854207,0,3102,1,1571
J_001072,30,0.003,0.00019704651485158463,0,1550,5,1550
J_001073,30,0.003,0.00018700915607325257,0,3102,1,1571
J_001074,30,0.003,0.00019365792829505312,0,1559,4,1559
J_001075,30,0.003,0.00019507347919199577,0,1628,0,1628
J_001076,30,0.003,0.00018196631382611758,0,3102,6,1531
J_001077,30,0.003,0.00019639169081525398,0,1628,0,1628
J_001078,30,0.003,0.00018293174581032507,0,1505,7,1505
J_001079,30,0.003,0.00017757369658903875,0,1505,7,1505
J_001080,30,0.003,0.0001918957712108487,0,1628,0,1628
J_001081,30,0.003,0.00018842878985193647,0,1559,4,1559
J_001082,30,0.003,0.00018416545601634838,0,1559,4,1559
J_001083,30,0.003,0.0001810070328695784,0,1505,7,1505
J_001084,30,0.003,0.0002104200948487689,0,1565,2,1565
J_001085,30,0.003,0.0001936052640649852,0,1562,3,1562
J_001086,30,0.003,0.00019162933723657874,0,1559,4,1559
J_001087,30,0.003,0.0002033140498921941,0,1565,2,1565
J_001088,30,0.003,0.0001824193984138595,0,1559,4,1559
J_001089,30,0.003,0.0001838768644547132,0,1559,4,1559
J_001090,30,0.003,0.0001907024675608035,0,1628,0,1628
J_001091,30,0.003,0.00018964593381507074,0,1628,0,1628
J_001092,30,0.003,0.000182624985267671,0,1505,7,1505
J_001093,30,0.003,0.00018531468102593696,0,1505,7,1505
J_001094,30,0.003,0.00018985310160672873,0,1562,3,1562
J_001095,30,0.003,0.00019296865671690854,0,3102,6,1531
J_001096,30,0.003,0.00018907969723324584,0,1559,4,1559
J_001097,30,0.003,0.00018751484885034988,0,1559,4,1559
J_001098,30,0.003,0.0001918394946932009,0,1562,3,1562
J_001099,30,0.003,0.00020142372412663292,0,1565,2,1565
J_001100,30,0.003,0.00018190917276408124,0,3102,6,1531
J_001101,30,0.003,0.0001799691799097698,0,3102,6,1531
J_001102,30,0.003,0.00017621991489569997,0,3102,1,1571
J_001103,30,0.003,0.00017865172686078127,0,3102,1,1571
J_001104,30,0.003,0.00018237115928513233,0,3102,1,1571
J_001105,30,0.003,0.0001809786043767974,0,3102,6,1531
J_001106,30,0.003,0.00019001540123659663,0,3102,1,1571
J_001107,30,0.003,0.0001793023339945639,0,3102,1,1571
J_001108,30,0.003,0.0001783340880865465,0,3102,1,1571
J_001109,30,0.003,0.0001894496908119303,0,1562,3,1562
J_001110,30,0.003,0.00019613702455396247,0,1550,5,1550
J_001111,30,0.003,0.00017546065261466446,0,3102,6,1531
J_001112,30,0.003,0.0001856123806731439,0,3102,6,1531
J_001113,30,0.003,0.00019051769774052014,0,3102,1,1571
J_001114,30,0.003,0.00019325538193667896,0,1562,3,1562
J_001115,30,0.003,0.00018957347723316052,0,1562,3,1562
J_001116,30,0.003,0.00019485466031266007,0,3102,6,1531
J_001117,30,0.003,0.00019592750157664739,0,1550,5,1550
J_001118,30,0.003,0.00017977438294705726,0,3102,6,1531
J_001119,30,0.003,0.00020744976807236706,0,1550,5,1550
J_001120,30,0.003,0.00020080394756296892,0,1628,0,1628
J_001121,30,0.003,0.0001942285286747323,0,1550,5,1550
J_001122,30,0.003,0.00018587101991040812,0,3102,6,1531
J_001123,30,0.003,0.0001799977176403888,0,1505,7,1505
J_001124,30,0.003,0.00019531679595517152,0,1628,0,1628
J_001125,30,0.003,0.00017959709186918593,0,3102,1,1571
J_001126,30,0.003,0.00020287921237406798,0,1565,2,1565
J_001127,30,0.003,0.0001791923033562006,0,1505,7,1505
J_001128,30,0.003,0.00018910905559137097,0,1628,0,1628
J_001129,30,0.003,0.0001888334114049238,0,1559,4,1559
J_001130,30,0.003,0.00019534174361290872,0,1550,5,1550
J_001131,30,0.003,0.00019069444882790132,0,1562,3,1562
J_001132,30,0.003,0.00019377362385368917,0,1562,3,1562
J_001133,30,0.003,0.00019045018267330858,0,1559,4,1559
J_001134,30,0.003,0.0001988040435756015,0,1562,3,1562
J_001135,30,0.003,0.00020425359107830753,0,1565,2,1565
J_001136,30,0.003,0.0001984535715700118,0,1562,3,1562
J_001137,30,0.003,0.0001857360402642085,0,3102,6,1531
J_001138,30,0.003,0.00017827512011489019,0,1505,7,1505
J_001139,30,0.003,0.0001868335900108481,0,3102,6,1531
J_001140,30,0.003,0.00017683572689606731,0,3102,1,1571
J_001141,30,0.003,0.00018879308125829358,0,3102,1,1571
J_001142,30,0.003,0.00018647380106420156,0,1562,3,1562
J_001143,30,0.003,0.00020424697822111646,0,1565,2,1565
J_001144,30,0.003,0.00018305205740368191,0,3102,1,1571
J_001145,30,0.003,0.00018573118659285495,0,1562,3,1562
J_001146,30,0.003,0.00019807492910990407,0,1550,5,1550
J_001147,30,0.003,0.00019381401595433963,0,3102,6,1531
J_001148,30,0.003,0.00017590107751195384,0,3102,1,1571
J_001149,30,0.003,0.00021078876842583986,0,1559,4,1559
J_001150,30,0.003,0.00018426542855794325,0,1559,4,1559
J_001151,30,0.003,0.00017846003009501548,0,3102,1,1571
J_001152,30,0.003,0.00017421900834473152,0,3102,1,1571
J_001153,30,0.003,0.0001848008308584522,0,3102,6,1531
J_001154,30,0.003,0.0001972906037196166,0,1628,0,1628
J_001155,30,0.003,0.00020001235646528246,0,1550,5,1550
J_001156,30,0.003,0.00019456529542412123,0,1559,4,1559
J_001157,30,0.003,0.0001796084833389873,0,3102,1,1571
J_001158,30,0.003,0.00019492838735091586,0,1628,0,1628
J_001159,30,0.003,0.00020003084355873184,0,1565,2,1565
J_001160,30,0.003,0.000208743223080386,0,1565,2,1565
J_001161,30,0.003,0.00018540353084702083,0,1559,4,1559
J_001162,30,0.003,0.00019589644738315885,0,1562,3,1562
J_001163,30,0.003,0.000179888200632112,0,1505,7,1505
J_001164,30,0.003,0.00020648099158417178,0,1550,5,1550
J_001165,30,0.003,0.00018570084511685558,0,1559,4,1559
J_001166,30,0.003,0.0002016543417235997,0,1628,0,1628
J_001167,30,0.003,0.0001766620360103794,0,1505,7,1505
J_001168,30,0.003,0.00017748245003807887,0,1505,7,1505
J_001169,30,0.003,0.0001859768312634083,0,3102,6,1531
J_001170,30,0.003,0.0001779129601104412,0,1505,7,1505
J_001171,30,0.003,0.00018781543463840315,0,1628,0,1628
J_001172,30,0.003,0.00019715345779973444,0,1628,0,1628
J_001173,30,0.003,0.0001756356675006786,0,1505,7,1505
J_001174,30,0.003,0.00017727425443199302,0,1505,7,1505
J_001175,30,0.003,0.00017217778244903243,0,1505,7,1505
J_001176,30,0.003,0.00018947445456628337,0,1559,4,1559
J_001177,30,0.003,0.00018463725047410974,0,3102,1,1571
J_001178,30,0.003,0.00018790289921404924,0,1562,3,1562
J_001179,30,0.003,0.0001835584635522447,0,1562,3,1562
J_001180,30,0.003,0.0001820141412090334,0,3102,6,1531
J_001181,30,0.003,0.00019019946197102833,0,1559,4,1559
J_001182,30,0.003,0.00019571082784761957,0,1565,2,1565
J_001183,30,0.003,0.00018314611611801383,0,1559,4,1559
J_001184,30,0.003,0.00019603796068664407,0,1559,4,1559
J_001185,30,0.003,0.00019383219604190356,0,1550,5,1550
J_001186,30,0.003,0.00019495875491429984,0,1559,4,1559
J_001187,30,0.003,0.00017245895152719174,0,1505,7,1505
J_001188,30,0.003,0.00018908257728915623,0,1559,4,1559
J_001189,30,0.003,0.00019015223224842304,0,1562,3,1562
J_001190,30,0.003,0.0001985688173438671,0,1550,5,1550
J_001191,30,0.003,0.00017798954607191385,0,3102,6,1531
J_001192,30,0.003,0.00018284799367385875,0,1505,7,1505
J_001193,30,0.003,0.00018438024541498686,0,3102,6,1531
J_001194,30,0.003,0.00020069939385002568,0,1565,2,1565
J_001195,30,0.003,0.00017376095012166617,0,1505,7,1505
J_001196,30,0.003,0.00019975561898104229,0,1562,3,1562
J_001197,30,0.003,0.00019701651870504154,0,1628,0,1628
J_001198,30,0.003,0.00017624538100282323,0,1505,7,1505
J_001199,30,0.003,0.00019152424521932826,0,1559,4,1559
J_001200,30,0.003,0.00018681647962479888,0,1562,3,1562
J_001201,30,0.003,0.0001959870597468445,0,1628,0,1628
J_001202,30,0.003,0.00020875085746924205,0,1565,2,1565
J_001203,30,0.003,0.00020149501100488225,0,1550,5,1550
J_001204,30,0.003,0.00018258839289413378,0,3102,6,1531
J_001205,30,0.003,0.0001822900390733823,0,1562,3,1562
J_001206,30,0.003,0.00019243201505621916,0,1628,0,1628
J_001207,30,0.003,0.00020983935881253922,0,1565,2,1565
J_001208,30,0.003,0.0001986056485126288,0,1565,2,1565
J_001209,30,0.003,0.0001935005698063181,0,1559,4,1559
J_001210,30,0.003,0.00019423589172371802,0,1628,0,1628
J_001211,30,0.003,0.00017974222188307126,0,3102,1,1571
J_001212,30,0.003,0.00018882985224712495,0,1562,3,1562
J_001213,30,0.003,0.00021077882404699428,0,1565,2,1565
J_001214,30,0.003,0.0001993363404048274,0,1562,3,1562
J_001215,30,0.003,0.00021410600533647395,0,1565,2,1565
J_001216,30,0.003,0.0001831707625507042,0,1628,0,1628
J_001217,30,0.003,0.00018034995369359505,0,3102,6,1531
J_001218,30,0.003,0.00018299136121426116,0,1505,7,1505
J_001219,30,0.003,0.00019340894169646777,0,1505,7,1505
J_001220,30,0.003,0.00018637916891728698,0,1628,0,1628
J_001221,30,0.003,0.00020379945851331014,0,1565,2,1565
J_001222,30,0.003,0.0001899134517541657,0,1559,4,1559
J_001223,30,0.003,0.00017939411049959725,0,3102,1,1571
J_001224,30,0.003,0.00017620248253979223,0,3102,6,1531
J_001225,30,0.003,0.00019382022216497623,0,1628,0,1628
J_001226,30,0.003,0.00019056397788679737,0,1562,3,1562
J_001227,30,0.003,0.000171506298896033,0,1505,7,1505
J_001228,30,0.003,0.00019326299178805314,0,1628,0,1628
J_001229,30,0.003,0.0001894265981847656,0,1562,3,1562
J_001230,30,0.003,0.0001924876264150378,0,1628,0,1628
J_001231,30,0.003,0.00020972530582605308,0,1562,3,1562
J_001232,30,0.003,0.00019846815895568568,0,1562,3,1562
J_001233,30,0.003,0.000189937171346848,0,1559,4,1559
J_001234,30,0.003,0.00019410783837810002,0,1628,0,1628
J_001235,30,0.003,0.00017656343461753852,0,3102,6,1531
J_001236,30,0.003,0.00018934211856756397,0,1562,3,1562
J_001237,30,0.003,0.00019327195370153432,0,1550,5,1550
J_001238,30,0.003,0.0001802597910172733,0,1562,3,1562
J_001239,30,0.003,0.00020602503634776175,0,1565,2,1565
J_001240,30,0.003,0.00018070271330245462,0,3102,6,1531
J_001241,30,0.003,0.00018846566065303916,0,1559,4,1559
J_001242,30,0.003,0.0001857075283776307,0,3102,1,1571
J_001243,30,0.003,0.00018489409910892466,0,1559,4,1559
J_001244,30,0.003,0.00020704276878676548,0,1550,5,1550
J_001245,30,0.003,0.0001898021932986847,0,1628,0,1628
J_001246,30,0.003,0.00019024659438833037,0,3102,1,1571
J_001247,30,0.003,0.0001939206946197568,0,1562,3,1562
J_001248,30,0.003,0.00018578709411644362,0,1559,4,1559
J_001249,30,0.003,0.0002081415604525843,0,1565,2,1565
J_001250,30,0.003,0.00018355943084487523,0,1505,7,1505
J_001251,30,0.003,0.00018121030610007065,0,3102,1,1571
J_001252,30,0.003,0.00018517899043171148,0,3102,6,1531
J_001253,30,0.003,0.00019798915364823447,0,1550,5,1550
J_001254,30,0.003,0.0001776306614416471,0,1505,7,1505
J_001255,30,0.003,0.00020065511372096542,0,1550,5,1550
J_001256,30,0.003,0.0001789329927290173,0,3102,1,1571
J_001257,30,0.003,0.0001866750369064738,0,1559,4,1559
J_001258,30,0.003,0.0002051072763674325,0,1565,2,1565
J_001259,30,0.003,0.00018025080251510487,0,3102,6,1531
J_001260,30,0.003,0.00017297795453042084,0,1505,7,1505
J_001261,30,0.003,0.000187279886296718,0,1505,7,1505
J_001262,30,0.003,0.00018809274748020471,0,1628,0,1628
J_001263,30,0.003,0.00018381295358616294,0,1505,7,1505
J_001264,30,0.003,0.0001849734652177021,0,3102,1,1571
J_001265,30,0.003,0.00020047114642618717,0,1550,5,1550
J_001266,30,0.003,0.00018375202481895388,0,3102,6,1531
J_001267,30,0.003,0.00020571736771621653,0,1565,2,1565
J_001268,30,0.003,0.0001864829790052218,0,1559,4,1559
J_001269,30,0.003,0.0001810790729949347,0,3102,1,1571
J_001270,30,0.003,0.00019557265936003668,0,1562,3,1562
J_001271,30,0.003,0.00019017081609001106,0,3102,6,1531
J_001272,30,0.003,0.00018446904887194584,0,1559,4,1559
J_001273,30,0.003,0.0001867991098238295,0,3102,6,1531
J_001274,30,0.003,0.00018434404043734997,0,1562,3,1562
J_001275,30,0.003,0.00019629663870708426,0,1550,5,1550
J_001276,30,0.003,0.00018290954819544299,0,3102,6,1531
J_001277,30,0.003,0.00018450081209223443,0,1559,4,1559
J_001278,30,0.003,0.00018719704463399984,0,3102,6,1531
J_001279,30,0.003,0.00018280367517970966,0,1505,7,1505
J_001280,30,0.003,0.00018124350894118652,0,3102,1,1571
J_001281,30,0.003,0.0002116493385087571,0,1565,2,1565
J_001282,30,0.003,0.00018685894704215873,0,1562,3,1562
J_001283,30,0.003,0.00019414411453428965,0,1550,5,1550
J_001284,30,0.003,0.00018372271000906843,0,1562,3,1562
J_001285,30,0.003,0.00018114799371921856,0,1559,4,1559
J_001286,30,0.003,0.00019377057686688172,0,1628,0,1628
J_001287,30,0.003,0.0001893436624486812,0,1628,0,1628
J_001288,30,0.003,0.0001844644499675844,0,3102,1,1571
J_001289,30,0.003,0.0001731397693585943,0,1505,7,1505
J_001290,30,0.003,0.00020135476749391716,0,1628,0,1628
J_001291,30,0.003,0.00019178829036561995,0,3102,1,1571
J_001292,30,0.003,0.00019342890673027614,0,3102,1,1571
J_001293,30,0.003,0.00018192870470170659,0,3102,6,1531
J_001294,30,0.003,0.00019660098026218597,0,1565,2,1565
J_001295,30,0.003,0.0002045768637957718,0,1559,4,1559
J_001296,30,0.003,0.00019269110001537723,0,1628,0,1628
J_001297,30,0.003,0.00020328772954732763,0,1565,2,1565
J_001298,30,0.003,0.00018110597208706585,0,1505,7,1505
J_001299,30,0.003,0.0001750641300718755,0,1505,7,1505
J_001300,30,0.003,0.00018935006591845973,0,1559,4,1559
J_001301,30,0.003,0.00019338424149353204,0,1559,4,1559
J_001302,30,0.003,0.00018118463107282337,0,3102,6,1531
J_001303,30,0.003,0.00018016924794052845,0,1505,7,1505
J_001304,30,0.003,0.00018609415904528073,0,3102,1,1571
J_001305,30,0.003,0.0002115961313062822,0,1565,2,1565
J_001306,30,0.003,0.00018458641318850366,0,1562,3,1562
J_001307,30,0.003,0.00018545500473913647,0,1559,4,1559
J_001308,30,0.003,0.00018399988505669445,0,3102,6,1531
J_001309,30,0.003,0.00020053187041009255,0,1565,2,1565
J_001310,30,0.003,0.00018000079344063062,0,3102,6,1531
J_001311,30,0.003,0.00017930779341392098,0,3102,6,1531
J_001312,30,0.003,0.00019445431990214722,0,1550,5,1550
J_001313,30,0.003,0.00018567492300805653,0,1559,4,1559
J_001314,30,0.003,0.00020653457274843627,0,1565,2,1565
J_001315,30,0.003,0.00020392156601525723,0,1550,5,1550
J_001316,30,0.003,0.00020524741057988932,0,1565,2,1565
J_001317,30,0.003,0.00018276991691725642,0,3102,1,1571
J_001318,30,0.003,0.00019775624971513122,0,1550,5,1550
J_001319,30,0.003,0.0001924218345328667,0,1628,0,1628
J_001320,30,0.003,0.00017480248711574306,0,1505,7,1505
J_001321,30,0.003,0.00019342503582715306,0,1562,3,1562
J_001322,30,0.003,0.0001917810648736098,0,1628,0,1628
J_001323,30,0.003,0.00017982689788035073,0,3102,1,1571
J_001324,30,0.003,0.00019285186137170567,0,1562,3,1562
J_001325,30,0.003,0.0001935556907430812,0,1562,3,1562
J_001326,30,0.003,0.00017454280957679508,0,1505,7,1505
J_001327,30,0.003,0.00020280131993426223,0,1565,2,1565
J_001328,30,0.003,0.00019649551052427724,0,1562,3,1562
J_001329,30,0.003,0.00020701173255308067,0,1565,2,1565
J_001330,30,0.003,0.00019972416143625054,0,1550,5,1550
J_001331,30,0.003,0.00018620210361319637,0,1562,3,1562
J_001332,30,0.003,0.00018244861847526326,0,3102,6,1531
J_001333,30,0.003,0.00019058662258380726,0,3102,6,1531
J_001334,30,0.003,0.00019399076136715636,0,1562,3,1562
J_001335,30,0.003,0.00019024066994945756,0,1559,4,1559
J_001336,30,0.003,0.00016886648535386492,0,1505,7,1505
J_001337,30,0.003,0.00019232382024530597,0,1562,3,1562
J_001338,30,0.003,0.0001848627615882614,0,1559,4,1559
J_001339,30,0.003,0.00018861312468329653,0,1559,4,1559
J_001340,30,0.003,0.00021203213979335437,0,1565,2,1565
J_001341,30,0.003,0.0001937499594687717,0,1628,0,1628
J_001342,30,0.003,0.0001791987238366925,0,1505,7,1505
J_001343,30,0.003,0.0002027258832150542,0,1565,2,1565
J_001344,30,0.003,0.00017850516152061757,0,3102,1,1571
J_001345,30,0.003,0.00017739119943665458,0,3102,6,1531
J_001346,30,0.003,0.00020190277303150993,0,1565,2,1565
J_001347,30,0.003,0.00019049742470993232,0,1628,0,1628
J_001348,30,0.003,0.00018419214221005082,0,1505,7,1505
J_001349,30,0.003,0.00017821658125410038,0,3102,1,1571
J_001350,30,0.003,0.00018487018391238753,0,1562,3,1562
J_001351,30,0.003,0.00019708978048137894,0,1550,5,1550
J_001352,30,0.003,0.00018324240015980483,0,1505,7,1505
J_001353,30,0.003,0.00017030843257746485,0,1505,7,1505
J_001354,30,0.003,0.00017723539577793148,0,3102,1,1571
J_001355,30,0.003,0.0001793604736127192,0,3102,1,1571
J_001356,30,0.003,0.00017345285340572057,0,3102,1,1571
J_001357,30,0.003,0.00019668076405031067,0,1628,0,1628
J_001358,30,0.003,0.00018930974596352196,0,1562,3,1562
J_001359,30,0.003,0.00019455221727598867,0,1559,4,1559
J_001360,30,0.003,0.00018848981786316604,0,3102,1,1571
J_001361,30,0.003,0.00019335752868052643,0,1559,4,1559
J_001362,30,0.003,0.00018203050183383292,0,3102,6,1531
J_001363,30,0.003,0.00017510977838700457,0,3102,6,1531
J_001364,30,0.003,0.00021199167069224778,0,1565,2,1565
J_001365,30,0.003,0.00020750663397950446,0,1565,2,1565
J_001366,30,0.003,0.00019709028540324945,0,1559,4,1559
J_001367,30,0.003,0.00018620770946166157,0,3102,1,1571
J_001368,30,0.003,0.00018697936478376988,0,1562,3,1562
J_001369,30,0.003,0.00018828312432145257,0,1562,3,1562
J_001370,30,0.003,0.0001759922259386711,0,3102,6,1531
J_001371,30,0.003,0.00018515989251374792,0,1559,4,1559
J_001372,30,0.003,0.00019012776000956467,0,1562,3,1562
J_001373,30,0.003,0.0001781177794725855,0,1505,7,1505
J_001374,30,0.003,0.00018028546342236057,0,3102,6,1531
J_001375,30,0.003,0.00018611929620929586,0,3102,1,1571
J_001376,30,0.003,0.00017935590443532215,0,1505,7,1505
J_001377,30,0.003,0.00020944514007669417,0,1550,5,1550
J_001378,30,0.003,0.00019507428990362904,0,1550,5,1550
J_001379,30,0.003,0.0001807890168738993,0,3102,6,1531
J_001380,30,0.003,0.00018041686958610698,0,3102,6,1531
J_001381,30,0.003,0.00017517496768730073,0,3102,6,1531
J_001382,30,0.003,0.00021212439491438513,0,1565,2,1565
J_001383,30,0.003,0.0001944794773383727,0,3102,6,1531
J_001384,30,0.003,0.0001853495528281862,0,3102,1,1571
J_001385,30,0.003,0.00020355863439509733,0,1550,5,1550
J_001386,30,0.003,0.0001908487288839127,0,1559,4,1559
J_001387,30,0.003,0.00020422604729397565,0,1565,2,1565
J_001388,30,0.003,0.00019124224544803527,0,1559,4,1559
J_001389,30,0.003,0.00017645897333030996,0,3102,6,1531
J_001390,30,0.003,0.0001989597667857802,0,1550,5,1550
J_001391,30,0.003,0.0001813243852052303,0,3102,6,1531
J_001392,30,0.003,0.0001848451810006357,0,3102,6,1531
J_001393,30,0.003,0.0001968943466377542,0,1562,3,1562
J_001394,30,0.003,0.00018218224504686778,0,3102,6,1531
J_001395,30,0.003,0.00020180468866781498,0,1550,5,1550
J_001396,30,0.003,0.00019646887062019341,0,1628,0,1628
J_001397,30,0.003,0.00019649160820599487,0,1550,5,1550
J_001398,30,0.003,0.0001880282900562659,0,1559,4,1559
J_001399,30,0.003,0.00017534940935457275,0,3102,1,1571
J_001400,30,0.003,0.0001874153204863851,0,3102,1,1571
J_001401,30,0.003,0.00018680935366792122,0,3102,6,1531
J_001402,30,0.003,0.00020670879329456028,0,1550,5,1550
J_001403,30,0.003,0.00018057150255058207,0,1505,7,1505
J_001404,30,0.003,0.00021525755562062387,0,1565,2,1565
J_001405,30,0.003,0.00019142581366495313,0,1628,0,1628
J_001406,30,0.003,0.00017954528127222264,0,1505,7,1505
J_001407,30,0.003,0.00019558618525333655,0,1628,0,1628
J_001408,30,0.003,0.0001880588270158873,0,1562,3,1562
J_001409,30,0.003,0.00018707282239939732,0,1628,0,1628
J_001410,30,0.003,0.00019658340428085558,0,1562,3,1562
J_001411,30,0.003,0.00021057781743972354,0,1565,2,1565
J_001412,30,0.003,0.00019090887105206546,0,1550,5,1550
J_001413,30,0.003,0.00019351478179466803,0,1550,5,1550
J_001414,30,0.003,0.00019503520044111749,0,1628,0,1628
J_001415,30,0.003,0.00019105119729582356,0,1628,0,1628
J_001416,30,0.003,0.0001881056722030719,0,1559,4,1559
J_001417,30,0.003,0.00018204010703236405,0,1559,4,1559
J_001418,30,0.003,0.00018386848596304732,0,1505,7,1505
J_001419,30,0.003,0.00020576530213685097,0,1565,2,1565
J_001420,30,0.003,0.00017604774707586697,0,1505,7,1505
J_001421,30,0.003,0.0001936674410548954,0,1559,4,1559
J_001422,30,0.003,0.00018074565108709969,0,1505,7,1505
J_001423,30,0.003,0.00018537620754534087,0,1559,4,1559
J_001424,30,0.003,0.0001999704397183106,0,1628,0,1628
J_001425,30,0.003,0.00018687976810238488,0,1562,3,1562
J_001426,30,0.003,0.00018361088652767832,0,1562,3,1562
J_001427,30,0.003,0.00020832167877025035,0,1565,2,1565
J_001428,30,0.003,0.00018525226867587057,0,1559,4,1559
J_001429,30,0.003,0.00019857684341076726,0,1550,5,1550
J_001430,30,0.003,0.00017900793292171827,0,3102,1,1571
J_001431,30,0.003,0.00017994961831890407,0,1505,7,1505
J_001432,30,0.003,0.00019360842702140772,0,1550,5,1550
J_001433,30,0.003,0.00018933334323856948,0,1559,4,1559
J_001434,30,0.003,0.00018994038029406112,0,1628,0,1628
J_001435,30,0.003,0.00018596683192889532,0,1562,3,1562
J_001436,30,0.003,0.00018816992247958254,0,1562,3,1562
J_001437,30,0.003,0.00018448084855431893,0,3102,6,1531
J_001438,30,0.003,0.0001967711879227002,0,1550,5,1550
J_001439,30,0.003,0.00019909765588403816,0,1565,2,1565
J_001440,30,0.003,0.0001897064165946657,0,1628,0,1628
J_001441,30,0.003,0.0001841004390386068,0,3102,6,1531
J_001442,30,0.003,0.00017611307270250958,0,3102,1,1571
J_001443,30,0.003,0.0001796433863642832,0,1505,7,1505
J_001444,30,0.003,0.0001809313568909489,0,1559,4,1559
J_001445,30,0.003,0.00020342610191470995,0,1550,5,1550
J_001446,30,0.003,0.0001850782894254191,0,3102,6,1531
J_001447,30,0.003,0.00019735787449558543,0,1550,5,1550
J_001448,30,0.003,0.00018877601227976123,0,3102,1,1571
J_001449,30,0.003,0.0002067720634412145,0,1565,2,1565
J_001450,30,0.003,0.00017272173831439584,0,1505,7,1505
J_001451,30,0.003,0.00019365393516547038,0,1562,3,1562
J_001452,30,0.003,0.0001853587714077251,0,1628,0,1628
J_001453,30,0.003,0.0002004088086137947,0,1562,3,1562
J_001454,30,0.003,0.00018077109766280783,0,1505,7,1505
J_001455,30,0.003,0.00017860991603974271,0,1505,7,1505
J_001456,30,0.003,0.000203183272568455,0,1565,2,1565
J_001457,30,0.003,0.00019409042493610104,0,1550,5,1550
J_001458,30,0.003,0.00018388773825607382,0,3102,6,1531
J_001459,30,0.003,0.00017248303082222769,0,3102,6,1531
J_001460,30,0.003,0.00018584826529959248,0,1562,3,1562
J_001461,30,0.003,0.00019102770189826135,0,1559,4,1559
J_001462,30,0.003,0.00018544652533481664,0,1505,7,1505
J_001463,30,0.003,0.0001952146142069108,0,1550,5,1550
J_001464,30,0.003,0.00018080832444725148,0,3102,6,1531
J_001465,30,0.003,0.00018249223434484531,0,3102,1,1571
J_001466,30,0.003,0.00018094848399971696,0,3102,6,1531
J_001467,30,0.003,0.0001867431326106732,0,1559,4,1559
J_001468,30,0.003,0.00019390824493906283,0,1559,4,1559
J_001469,30,0.003,0.00019901508870051864,0,1628,0,1628
J_001470,30,0.003,0.00018471189300669886,0,3102,1,1571
J_001471,30,0.003,0.00017108960742184183,0,3102,1,1571
J_001472,30,0.003,0.00020585835787252535,0,1562,3,1562
J_001473,30,0.003,0.0001884243476644526,0,1562,3,1562
J_001474,30,0.003,0.00019174657267096397,0,1550,5,1550
J_001475,30,0.003,0.00018515102804192261,0,1505,7,1505
J_001476,30,0.003,0.00019711516451381567,0,1550,5,1550
J_001477,30,0.003,0.0001878447899413039,0,1562,3,1562
J_001478,30,0.003,0.00018691972694385637,0,3102,6,1531
J_001479,30,0.003,0.00020476118975678044,0,1550,5,1550
J_001480,30,0.003,0.00019018704812403026,0,1628,0,1628
J_001481,30,0.003,0.0001924984716660172,0,1550,5,1550
J_001482,30,0.003,0.0001766188612633635,0,3102,1,1571
J_001483,30,0.003,0.00018479396753302233,0,3102,1,1571
J_001484,30,0.003,0.00019524932280820482,0,1559,4,1559
J_001485,30,0.003,0.00017940174498228226,0,3102,1,1571
J_001486,30,0.003,0.00018606479526594378,0,1628,0,1628
J_001487,30,0.003,0.00018438118547609185,0,3102,6,1531
J_001488,30,0.003,0.00018527085193989067,0,1559,4,1559
J_001489,30,0.003,0.0001885384580929054,0,1559,4,1559
J_001490,30,0.003,0.0002033411989100245,0,1628,0,1628
J_001491,30,0.003,0.00018354770438803723,0,3102,1,1571
J_001492,30,0.003,0.00019281664195235104,0,1562,3,1562
J_001493,30,0.003,0.00018856999695724853,0,1628,0,1628
J_001494,30,0.003,0.00021319253805850995,0,1550,5,1550
J_001495,30,0.003,0.000202784322026859,0,1550,5,1550
J_001496,30,0.003,0.00020006026528584926,0,1550,5,1550
J_001497,30,0.003,0.00020719227275946294,0,1565,2,1565
J_001498,30,0.003,0.00019898597097480524,0,1628,0,1628
J_001499,30,0.003,0.0001842723987917167,0,3102,1,1571
J_001500,30,0.003,0.0002046661341636634,0,1565,2,1565
J_001501,30,0.003,0.00020485276103986502,0,1565,2,1565
J_001502,30,0.003,0.00020531753352426906,0,1550,5,1550
J_001503,30,0.003,0.00017565616251255346,0,1505,7,1505
J_001504,30,0.003,0.00019693177043385556,0,1550,5,1550
J_001505,30,0.003,0.00017871271910364618,0,3102,6,1531
J_001506,30,0.003,0.00018732969534488865,0,1559,4,1559
J_001507,30,0.003,0.00018480111681111794,0,3102,1,1571
J_001508,30,0.003,0.00020428418029629056,0,1550,5,1550
J_001509,30,0.003,0.00017855242288991618,0,3102,1,1571
J_001510,30,0.003,0.00018314455397914066,0,1505,7,1505
J_001511,30,0.003,0.00019511002391875502,0,1559,4,1559
J_001512,30,0.003,0.00019833167423203123,0,1550,5,1550
J_001513,30,0.003,0.00018032970647360278,0,3102,1,1571
J_001514,30,0.003,0.00017817381224308315,0,3102,6,1531
J_001515,30,0.003,0.00019223963605265545,0,1628,0,1628
J_001516,30,0.003,0.0001940203936670775,0,1562,3,1562
J_001517,30,0.003,0.00017144381006835212,0,3102,1,1571
J_001518,30,0.003,0.00020134061752558242,0,1565,2,1565
J_001519,30,0.003,0.00018135860201660885,0,3102,1,1571
J_001520,30,0.003,0.00019816924570908808,0,1550,5,1550
J_001521,30,0.003,0.00018124388189724502,0,3102,6,1531
J_001522,30,0.003,0.00017378378681108148,0,1505,7,1505
J_001523,30,0.003,0.00020446742693613765,0,1628,0,1628
J_001524,30,0.003,0.0002094523616059316,0,1565,2,1565
J_001525,30,0.003,0.00018109185855682538,0,3102,1,1571
J_001526,30,0.003,0.0001899932835462603,0,1628,0,1628
J_001527,30,0.003,0.00019446580227309272,0,1550,5,1550
J_001528,30,0.003,0.00018840812888298067,0,1562,3,1562
J_001529,30,0.003,0.0002027957552367554,0,1565,2,1565
J_001530,30,0.003,0.00020744407656709575,0,1565,2,1565
J_001531,30,0.003,0.00017960963182913522,0,1559,4,1559
J_001532,30,0.003,0.00017431522499478634,0,3102,1,1571
J_001533,30,0.003,0.00018460292307511867,0,3102,1,1571
J_001534,30,0.003,0.00021301099558494288,0,1565,2,1565
J_001535,30,0.003,0.0002004232082271087,0,1550,5,1550
J_001536,30,0.003,0.00020855576728823693,0,1565,2,1565
J_001537,30,0.003,0.00020351350240392806,0,1550,5,1550
J_001538,30,0.003,0.00018280320303448112,0,3102,6,1531
J_001539,30,0.003,0.0001868609702536245,0,1628,0,1628
J_001540,30,0.003,0.0001828534061468374,0,3102,1,1571
J_001541,30,0.003,0.00020574572583995586,0,1565,2,1565
J_001542,30,0.003,0.00017656971450035762,0,1505,7,1505
J_001543,30,0.003,0.00019244486341557507,0,1628,0,1628
J_001544,30,0.003,0.00018865584711757292,0,1562,3,1562
J_001545,30,0.003,0.00019786568942120513,0,1559,4,1559
J_001546,30,0.003,0.0001764378269786198,0,1505,7,1505
J_001547,30,0.003,0.00018677102789009924,0,3102,6,1531
J_001548,30,0.003,0.00020613328048789954,0,1550,5,1550
J_001549,30,0.003,0.00018697027152162453,0,3102,6,1531
J_001550,30,0.003,0.0001918356712926339,0,1559,4,1559
J_001551,30,0.003,0.00019153391870763479,0,1550,5,1550
J_001552,30,0.003,0.00017768273905926127,0,1505,7,1505
J_001553,30,0.003,0.00017950015651115367,0,3102,1,1571
J_001554,30,0.003,0.00019107873893938707,0,3102,6,1531
J_001555,30,0.003,0.00018878390526993688,0,3102,6,1531
J_001556,30,0.003,0.00019113873570807135,0,1562,3,1562
J_001557,30,0.003,0.00018653452943867338,0,1628,0,1628
J_001558,30,0.003,0.00017821555209640956,0,1505,7,1505
J_001559,30,0.003,0.00019031405385019234,0,1559,4,1559
J_001560,30,0.003,0.00018252627399896658,0,3102,6,1531
J_001561,30,0.003,0.00020519614957472667,0,1565,2,1565
J_001562,30,0.003,0.0001872127119740523,0,1559,4,1559
J_001563,30,0.003,0.00019899315874445387,0,1565,2,1565
J_001564,30,0.003,0.00018601938731190837,0,1559,4,1559
J_001565,30,0.003,0.00017821289722505686,0,3102,6,1531
J_001566,30,0.003,0.00019490542224544365,0,1562,3,1562
J_001567,30,0.003,0.00020280306516207858,0,1550,5,1550
J_001568,30,0.003,0.00017927592113250578,0,3102,6,1531
J_001569,30,0.003,0.00019392074190580636,0,1628,0,1628
J_001570,30,0.003,0.00019268843109407192,0,1628,0,1628
J_001571,30,0.003,0.0001775848815099004,0,1505,7,1505
J_001572,30,0.003,0.00018990279897123722,0,1628,0,1628
J_001573,30,0.003,0.0001894524823845768,0,1562,3,1562
J_001574,30,0.003,0.00018782076727964848,0,1559,4,1559
J_001575,30,0.003,0.00019546838830101617,0,1550,5,1550
J_001576,30,0.003,0.00017331003835301969,0,1505,7,1505
J_001577,30,0.003,0.0001792074334520009,0,3102,6,1531
J_001578,30,0.003,0.00017859213212348805,0,3102,1,1571
J_001579,30,0.003,0.00018772601561805287,0,1505,7,1505
J_001580,30,0.003,0.00020772507782344782,0,1550,5,1550
J_001581,30,0.003,0.00020379894285128125,0,1550,5,1550
J_001582,30,0.003,0.00019035473041807512,0,1562,3,1562
J_001583,30,0.003,0.00018566026681577461,0,1562,3,1562
J_001584,30,0.003,0.0001715291069509562,0,1505,7,1505
J_001585,30,0.003,0.00020044969181222665,0,1565,2,1565
J_001586,30,0.003,0.00017949949740415788,0,3102,6,1531
J_001587,30,0.003,0.0001903354811872379,0,1562,3,1562
J_001588,30,0.003,0.00020582259638194723,0,1565,2,1565
J_001589,30,0.003,0.000182972748241799,0,3102,1,1571
J_001590,30,0.003,0.00018349616861285624,0,1559,4,1559
J_001591,30,0.003,0.00017198756801441612,0,1505,7,1505
J_001592,30,0.003,0.0001783183545910044,0,3102,1,1571
J_001593,30,0.003,0.00020205230586982872,0,1562,3,1562
J_001594,30,0.003,0.0001794240318182516,0,1505,7,1505
J_001595,30,0.003,0.0001957406868263873,0,1562,3,1562
J_001596,30,0.003,0.00018162639047248556,0,3102,6,1531
J_001597,30,0.003,0.0001957201304064055,0,1559,4,1559
J_001598,30,0.003,0.00018924095653594165,0,1562,3,1562
J_001599,30,0.003,0.00020058701333280975,0,1565,2,1565
J_001600,30,0.003,0.00018150807318322628,0,1562,3,1562
J_001601,30,0.003,0.00018055963679643603,0,3102,6,1531
J_001602,30,0.003,0.0001901549019135735,0,1562,3,1562
J_001603,30,0.003,0.00018973728062070673,0,1628,0,1628
J_001604,30,0.003,0.00019026662721720016,0,1550,5,1550
J_001605,30,0.003,0.00018773898931585118,0,3102,1,1571
J_001606,30,0.003,0.00018709837947764735,0,1562,3,1562
J_001607,30,0.003,0.00018045275048702992,0,3102,1,1571
J_001608,30,0.003,0.0001967247467285148,0,1628,0,1628
J_001609,30,0.003,0.00020289314820146748,0,1628,0,1628
J_001610,30,0.003,0.0002016620361504571,0,1550,5,1550
J_001611,30,0.003,0.00021200545959304488,0,1550,5,1550
J_001612,30,0.003,0.00019099178818750637,0,1562,3,1562
J_001613,30,0.003,0.00020249867334142197,0,1565,2,1565
J_001614,30,0.003,0.00018614073645779205,0,1559,4,1559
J_001615,30,0.003,0.00018176231550117998,0,3102,1,1571
J_001616,30,0.003,0.00018111199758512252,0,3102,1,1571
J_001617,30,0.003,0.00020449084080633213,0,1550,5,1550
J_001618,30,0.003,0.00018388579443477247,0,1505,7,1505
J_001619,30,0.003,0.00018497514359741213,0,1505,7,1505
J_001620,30,0.003,0.00018102277380445498,0,1559,4,1559
J_001621,30,0.003,0.00018682194469459988,0,1505,7,1505
J_001622,30,0.003,0.0001987328061851085,0,1550,5,1550
J_001623,30,0.003,0.00020194569575031303,0,1565,2,1565
J_001624,30,0.003,0.00021542221095030597,0,1628,0,1628
J_001625,30,0.003,0.00018778367927346548,0,1628,0,1628
J_001626,30,0.003,0.00019310514026994096,0,1628,0,1628
J_001627,30,0.003,0.00018584493922218012,0,3102,6,1531
J_001628,30,0.003,0.00019525007946182636,0,1562,3,1562
J_001629,30,0.003,0.0002003810636085468,0,1550,5,1550
J_001630,30,0.003,0.00019313459460575794,0,1550,5,1550
J_001631,30,0.003,0.00018757777963387276,0,1628,0,1628
J_001632,30,0.003,0.00018174857445017902,0,1505,7,1505
J_001633,30,0.003,0.00020024772053201559,0,1559,4,1559
J_001634,30,0.003,0.00018244385087530434,0,1505,7,1505
J_001635,30,0.003,0.00019345105803179216,0,1562,3,1562
J_001636,30,0.003,0.00019515908718688605,0,1628,0,1628
J_001637,30,0.003,0.00017724365948976005,0,3102,6,1531
J_001638,30,0.003,0.00019316104543472533,0,1550,5,1550
J_001639,30,0.003,0.00019581799973188849,0,1628,0,1628
J_001640,30,0.003,0.0001796238128255178,0,3102,1,1571
J_001641,30,0.003,0.00020068431180656523,0,1550,5,1550
J_001642,30,0.003,0.0001796697095531592,0,3102,1,1571
J_001643,30,0.003,0.00018447252734398562,0,3102,1,1571
J_001644,30,0.003,0.00017215724980119824,0,1505,7,1505
J_001645,30,0.003,0.00020230376544326889,0,1565,2,1565
J_001646,30,0.003,0.0001933111928790283,0,1562,3,1562
J_001647,30,0.003,0.00021669936892167041,0,1565,2,1565
J_001648,30,0.003,0.00018345847791534015,0,3102,6,1531
J_001649,30,0.003,0.00020889433555169238,0,1565,2,1565
J_001650,30,0.003,0.00018076139200236412,0,1505,7,1505
J_001651,30,0.003,0.0002032735244338774,0,1565,2,1565
J_001652,30,0.003,0.00019883286910493176,0,1559,4,1559
J_001653,30,0.003,0.00017756375397856138,0,3102,1,1571
J_001654,30,0.003,0.00020143283420437296,0,3102,6,1531
J_001655,30,0.003,0.0001931669381389907,0,1562,3,1562
J_001656,30,0.003,0.0002046227909745928,0,1565,2,1565
J_001657,30,0.003,0.00021009930217133905,0,1565,2,1565
J_001658,30,0.003,0.0001846309617119643,0,3102,1,1571
J_001659,30,0.003,0.00021267913089497554,0,1565,2,1565
J_001660,30,0.003,0.0001851227844699691,0,1559,4,1559
J_001661,30,0.003,0.00020612731472650472,0,1565,2,1565
J_001662,30,0.003,0.00022408717560359437,0,1565,2,1565
J_001663,30,0.003,0.0001919101827706146,0,1559,4,1559
J_001664,30,0.003,0.00019311425884970017,0,1559,4,1559
J_001665,30,0.003,0.00019006514927462096,0,1562,3,1562
J_001666,30,0.003,0.00018339630150754265,0,3102,1,1571
J_001667,30,0.003,0.00018038767356095745,0,3102,6,1531
J_001668,30,0.003,0.00020781869299481767,0,1565,2,1565
J_001669,30,0.003,0.00019163091974808852,0,1562,3,1562
J_001670,30,0.003,0.00019488129289092564,0,1628,0,1628
J_001671,30,0.003,0.00019188955378144102,0,1628,0,1628
J_001672,30,0.003,0.00018619454836284584,0,3102,1,1571
J_001673,30,0.003,0.00018287615139401451,0,1505,7,1505
J_001674,30,0.003,0.00018066406333568373,0,3102,6,1531
J_001675,30,0.003,0.00018613537330257446,0,1559,4,1559
J_001676,30,0.003,0.00017692884366332965,0,3102,1,1571
J_001677,30,0.003,0.00017423919500740763,0,3102,1,1571
J_001678,30,0.003,0.00020122169485746358,0,1565,2,1565
J_001679,30,0.003,0.00018320973066341463,0,3102,6,1531
J_001680,30,0.003,0.00017999688496560888,0,3102,6,1531
J_001681,30,0.003,0.00018089694429736827,0,1559,4,1559
J_001682,30,0.003,0.00017813965044009857,0,1505,7,1505
J_001683,30,0.003,0.00019440753697158616,0,1562,3,1562
J_001684,30,0.003,0.00021819880023094866,0,1565,2,1565
J_001685,30,0.003,0.00017661416244360066,0,1505,7,1505
J_001686,30,0.003,0.00017965041617793942,0,1505,7,1505
J_001687,30,0.003,0.00018812099487028054,0,1559,4,1559
J_001688,30,0.003,0.0002002761606160749,0,1565,2,1565
J_001689,30,0.003,0.00018413783663148703,0,1505,7,1505
J_001690,30,0.003,0.00019330318419227287,0,1628,0,1628
J_001691,30,0.003,0.0002047866328427805,0,1628,0,1628
J_001692,30,0.003,0.0001878368841467064,0,1628,0,1628
J_001693,30,0.003,0.00019307283601200796,0,1550,5,1550
J_001694,30,0.003,0.00020417850458346264,0,1565,2,1565
J_001695,30,0.003,0.00017857541457099496,0,1505,7,1505
J_001696,30,0.003,0.00018586334487610264,0,3102,6,1531
J_001697,30,0.003,0.00018946612632516206,0,1628,0,1628
J_001698,30,0.003,0.00018264982992570916,0,3102,1,1571
J_001699,30,0.003,0.00018086153883069693,0,3102,1,1571
J_001700,30,0.003,0.00019241049135784995,0,1628,0,1628
J_001701,30,0.003,0.00019123176838062406,0,1628,0,1628
J_001702,30,0.003,0.00018539670378514003,0,1562,3,1562
J_001703,30,0.003,0.00021710426347477572,0,1565,2,1565
J_001704,30,0.003,0.00017782342145441688,0,3102,6,1531
J_001705,30,0.003,0.00020921806372042653,0,1550,5,1550
J_001706,30,0.003,0.00020551667256456905,0,1565,2,1565
J_001707,30,0.003,0.00019148461557792757,0,1559,4,1559
J_001708,30,0.003,0.00020496614594122932,0,1565,2,1565
J_001709,30,0.003,0.00018113783056663248,0,1505,7,1505
J_001710,30,0.003,0.0002002446179757134,0,1559,4,1559
J_001711,30,0.003,0.0001935245714378327,0,1550,5,1550
J_001712,30,0.003,0.00019126026842452917,0,1628,0,1628
J_001713,30,0.003,0.00018694444964853084,0,1562,3,1562
J_001714,30,0.003,0.00017720640968471978,0,3102,1,1571
J_001715,30,0.003,0.0001747412944405306,0,1505,7,1505
J_001716,30,0.003,0.0001830943296696281,0,1505,7,1505
J_001717,30,0.003,0.000200772154382769,0,1550,5,1550
J_001718,30,0.003,0.0001926838899100376,0,1562,3,1562
J_001719,30,0.003,0.0001980967726342248,0,1565,2,1565
J_001720,30,0.003,0.0001906745381829485,0,1550,5,1550
J_001721,30,0.003,0.00017403358167272488,0,3102,1,1571
J_001722,30,0.003,0.0002035183918685728,0,1565,2,1565
J_001723,30,0.003,0.00019548747231003098,0,1628,0,1628
J_001724,30,0.003,0.0001994853789165384,0,1628,0,1628
J_001725,30,0.003,0.00020729526387631506,0,1565,2,1565
J_001726,30,0.003,0.00017665214278275856,0,1505,7,1505
J_001727,30,0.003,0.00018451158427560177,0,1562,3,1562
J_001728,30,0.003,0.0001954241213272404,0,1550,5,1550
J_001729,30,0.003,0.00018522960793010743,0,3102,6,1531
J_001730,30,0.003,0.00019931842336795807,0,1562,3,1562
J_001731,30,0.003,0.00017843718258648585,0,3102,1,1571
J_001732,30,0.003,0.00020782274372241224,0,1565,2,1565
J_001733,30,0.003,0.0001975605153913996,0,1628,0,1628
J_001734,30,0.003,0.0001792132974110465,0,1505,7,1505
J_001735,30,0.003,0.00017567632498495864,0,3102,6,1531
J_001736,30,0.003,0.0001983452388251527,0,1628,0,1628
J_001737,30,0.003,0.00019966149342815325,0,1628,0,1628
J_001738,30,0.003,0.00020893779959739553,0,1565,2,1565
J_001739,30,0.003,0.0002013339205399766,0,1628,0,1628
J_001740,30,0.003,0.00018652681483379883,0,1562,3,1562
J_001741,30,0.003,0.00018474400289151998,0,1562,3,1562
J_001742,30,0.003,0.00019244667094669437,0,1628,0,1628
J_001743,30,0.003,0.00018448381860299625,0,3102,6,1531
J_001744,30,0.003,0.00017937192348865347,0,1505,7,1505
J_001745,30,0.003,0.00019697769768878433,0,1559,4,1559
J_001746,30,0.003,0.00018297882822353908,0,3102,6,1531
J_001747,30,0.003,0.0001871491799540179,0,1505,7,1505
J_001748,30,0.003,0.0001783062988950752,0,1505,7,1505
J_001749,30,0.003,0.00019579954016206276,0,1550,5,1550
J_001750,30,0.003,0.00019195157592257568,0,1559,4,1559
J_001751,30,0.003,0.00019764622553913524,0,1550,5,1550
J_001752,30,0.003,0.00018827019201673594,0,1559,4,1559
J_001753,30,0.003,0.00017878411723895298,0,3102,6,1531
J_001754,30,0.003,0.00018347983668950073,0,3102,6,1531
J_001755,30,0.003,0.00020900837479080804,0,1565,2,1565
J_001756,30,0.003,0.0001925593570761904,0,1559,4,1559
J_001757,30,0.003,0.00018561099346680324,0,3102,1,1571
J_001758,30,0.003,0.00018845391043059365,0,1562,3,1562
J_001759,30,0.003,0.00018708485694399185,0,3102,6,1531
J_001760,30,0.003,0.00017949356109549984,0,3102,6,1531
J_001761,30,0.003,0.00017901649420205227,0,3102,1,1571
J_001762,30,0.003,0.00018231704334920057,0,1505,7,1505
J_001763,30,0.003,0.00018950317935395136,0,1559,4,1559
J_001764,30,0.003,0.00018425631628264303,0,1562,3,1562
J_001765,30,0.003,0.00020419377154646322,0,1565,2,1565
J_001766,30,0.003,0.0001911520830434472,0,1505,7,1505
J_001767,30,0.003,0.00018337207319331667,0,1559,4,1559
J_001768,30,0.003,0.0001877934690742414,0,1562,3,1562
J_001769,30,0.003,0.0002005996184035967,0,1628,0,1628
J_001770,30,0.003,0.00018011109040061012,0,3102,6,1531
J_001771,30,0.003,0.00017819084046355268,0,1505,7,1505
J_001772,30,0.003,0.000200514933142383,0,1565,2,1565
J_001773,30,0.003,0.00019534135542874543,0,1628,0,1628
J_001774,30,0.003,0.00020182758235728093,0,1628,0,1628
J_001775,30,0.003,0.0001881252829672728,0,1628,0,1628
J_001776,30,0.003,0.00020948604767486007,0,1565,2,1565
J_001777,30,0.003,0.00018279729087391554,0,3102,6,1531
J_001778,30,0.003,0.0001759417942369602,0,1505,7,1505
J_001779,30,0.003,0.00019679725948746826,0,1550,5,1550
J_001780,30,0.003,0.0001999809356242094,0,1565,2,1565
J_001781,30,0.003,0.00018902698069970888,0,1628,0,1628
J_001782,30,0.003,0.00018405452117478238,0,1559,4,1559
J_001783,30,0.003,0.00018492802507115707,0,1505,7,1505
J_001784,30,0.003,0.00019568290387423411,0,1550,5,1550
J_001785,30,0.003,0.00019234313668183657,0,1628,0,1628
J_001786,30,0.003,0.00019166670038323706,0,1562,3,1562
J_001787,30,0.003,0.0001970412071940047,0,1550,5,1550
J_001788,30,0.003,0.00019846579303232654,0,1550,5,1550
J_001789,30,0.003,0.00017852561457919858,0,3102,1,1571
J_001790,30,0.003,0.00018711243295695988,0,1559,4,1559
J_001791,30,0.003,0.00019530399118427249,0,1628,0,1628
J_001792,30,0.003,0.00017863506341383987,0,3102,6,1531
J_001793,30,0.003,0.0001928250869277986,0,1559,4,1559
J_001794,30,0.003,0.00019967000325973394,0,1628,0,1628
J_001795,30,0.003,0.00019465099418868192,0,1628,0,1628
J_001796,30,0.003,0.0002143258422739968,0,1565,2,1565
J_001797,30,0.003,0.0001842691561263856,0,3102,1,1571
J_001798,30,0.003,0.00018020605703578224,0,3102,6,1531
J_001799,30,0.003,0.00019893512127484858,0,1565,2,1565
J_001800,30,0.003,0.00017918546686415175,0,1505,7,1505
J_001801,30,0.003,0.00018168004288539118,0,3102,1,1571
J_001802,30,0.003,0.0001988081392412524,0,1628,0,1628
J_001803,30,0.003,0.00020109079372388963,0,1628,0,1628
J_001804,30,0.003,0.00018077747137215788,0,3102,1,1571
J_001805,30,0.003,0.0001947218974366387,0,1562,3,1562
J_001806,30,0.003,0.00017437416294687036,0,1505,7,1505
J_001807,30,0.003,0.00020520841365311091,0,1565,2,1565
J_001808,30,0.003,0.00019245413418543988,0,1550,5,1550
J_001809,30,0.003,0.00017392345249510015,0,3102,1,1571
J_001810,30,0.003,0.0002259356888309325,0,1559,4,1559
J_001811,30,0.003,0.00018994066136883184,0,1562,3,1562
J_001812,30,0.003,0.0001772309281876958,0,1505,7,1505
J_001813,30,0.003,0.00018622386724328937,0,1562,3,1562
J_001814,30,0.003,0.00018721901576845018,0,1559,4,1559
J_001815,30,0.003,0.0001853747371830306,0,1559,4,1559
J_001816,30,0.003,0.00021071707497271263,0,1565,2,1565
J_001817,30,0.003,0.0001956395066205943,0,1550,5,1550
J_001818,30,0.003,0.00019428139703350867,0,1550,5,1550
J_001819,30,0.003,0.00018129484855008377,0,3102,1,1571
J_001820,30,0.003,0.00018948832870342445,0,1628,0,1628
J_001821,30,0.003,0.00017598609572136683,0,3102,1,1571
J_001822,30,0.003,0.00017615427009312737,0,3102,1,1571
J_001823,30,0.003,0.00021446444325262862,0,1628,0,1628
J_001824,30,0.003,0.00018026421908992065,0,3102,6,1531
J_001825,30,0.003,0.00020438359482209884,0,1565,2,1565
J_001826,30,0.003,0.0001867064169533216,0,1628,0,1628
J_001827,30,0.003,0.00020172982894185384,0,1565,2,1565
J_001828,30,0.003,0.00020775571556743954,0,1628,0,1628
J_001829,30,0.003,0.00021471748130126662,0,1565,2,1565
J_001830,30,0.003,0.00019317087448057448,0,1628,0,1628
J_001831,30,0.003,0.00019137084102107557,0,1550,5,1550
J_001832,30,0.003,0.00019568622127569233,0,1550,5,1550
J_001833,30,0.003,0.00018232368148238384,0,3102,1,1571
J_001834,30,0.003,0.000203157444061335,0,1550,5,1550
J_001835,30,0.003,0.00019150983654073577,0,3102,6,1531
J_001836,30,0.003,0.00019045428940037484,0,1559,4,1559
J_001837,30,0.003,0.00017953144914705985,0,1505,7,1505
J_001838,30,0.003,0.0002071966762377673,0,1550,5,1550
J_001839,30,0.003,0.00018236287825296567,0,3102,1,1571
J_001840,30,0.003,0.00017623772299023283,0,3102,1,1571
J_001841,30,0.003,0.00018698154703085778,0,3102,1,1571
J_001842,30,0.003,0.00021250410783430675,0,1565,2,1565
J_001843,30,0.003,0.0002020107572057817,0,1550,5,1550
J_001844,30,0.003,0.00018708634196004182,0,1559,4,1559
J_001845,30,0.003,0.0001870431458464305,0,1562,3,1562
J_001846,30,0.003,0.00017716055885913789,0,3102,1,1571
J_001847,30,0.003,0.00018108753092655993,0,3102,6,1531
J_001848,30,0.003,0.00018633471502558382,0,1505,7,1505
J_001849,30,0.003,0.00018628369532712601,0,1505,7,1505
J_001850,30,0.003,0.0001828478236543381,0,1505,7,1505
J_001851,30,0.003,0.000193855980814983,0,3102,6,1531
J_001852,30,0.003,0.00020053514017936982,0,1562,3,1562
J_001853,30,0.003,0.0001819663335261251,0,3102,1,1571
J_001854,30,0.003,0.00018981435143009876,0,3102,1,1571
J_001855,30,0.003,0.00019145370481316393,0,1628,0,1628
J_001856,30,0.003,0.0001945472478118674,0,1559,4,1559
J_001857,30,0.003,0.00017342908373441196,0,1505,7,1505
J_001858,30,0.003,0.000195518900854577,0,1550,5,1550
J_001859,30,0.003,0.00019035523028999602,0,1559,4,1559
J_001860,30,0.003,0.00018555209358449515,0,3102,6,1531
J_001861,30,0.003,0.00018343546463954133,0,1505,7,1505
J_001862,30,0.003,0.00017819310999228022,0,3102,1,1571
J_001863,30,0.003,0.0002003627914453326,0,1550,5,1550
J_001864,30,0.003,0.0002072027358217033,0,1565,2,1565
J_001865,30,0.003,0.00019209698989496304,0,1562,3,1562
J_001866,30,0.003,0.0001757412685161067,0,3102,6,1531
J_001867,30,0.003,0.00020137758196288845,0,1562,3,1562
J_001868,30,0.003,0.00018036986305825523,0,1559,4,1559
J_001869,30,0.003,0.0001997509379483958,0,1550,5,1550
J_001870,30,0.003,0.00020756356955261342,0,1550,5,1550
J_001871,30,0.003,0.0001942993509852879,0,1550,5,1550
J_001872,30,0.003,0.00018906217964395237,0,1628,0,1628
J_001873,30,0.003,0.00018730335255302106,0,3102,6,1531
J_001874,30,0.003,0.00018372668740212908,0,1559,4,1559
J_001875,30,0.003,0.0001889805858487667,0,1628,0,1628
J_001876,30,0.003,0.00017954729931365004,0,3102,1,1571
J_001877,30,0.003,0.00019761143216546963,0,1562,3,1562
J_001878,30,0.003,0.00018082884562267983,0,1505,7,1505
J_001879,30,0.003,0.00018135428709524913,0,3102,1,1571
J_001880,30,0.003,0.00020544814688139436,0,1565,2,1565
J_001881,30,0.003,0.00019816674869839332,0,1550,5,1550
J_001882,30,0.003,0.00018397574931900099,0,1559,4,1559
J_001883,30,0.003,0.0001951633767141618,0,1559,4,1559
J_001884,30,0.003,0.00017315407964998048,0,3102,1,1571
J_001885,30,0.003,0.00017964336327123278,0,1505,7,1505
J_001886,30,0.003,0.0001817719683503591,0,3102,6,1531
J_001887,30,0.003,0.00018056851196060657,0,3102,1,1571
J_001888,30,0.003,0.00019423257691750107,0,1562,3,1562
J_001889,30,0.003,0.0001905877424341487,0,1628,0,1628
J_001890,30,0.003,0.00020480724184337534,0,1559,4,1559
J_001891,30,0.003,0.0001957441636752011,0,1628,0,1628
J_001892,30,0.003,0.00019149213071140768,0,1562,3,1562
J_001893,30,0.003,0.00020949792891694865,0,1565,2,1565
J_001894,30,0.003,0.0001834661493724863,0,1505,7,1505
J_001895,30,0.003,0.0002049288477495605,0,1550,5,1550
J_001896,30,0.003,0.0001993229680306324,0,1550,5,1550
J_001897,30,0.003,0.0002171277842018233,0,1565,2,1565
J_001898,30,0.003,0.00021228192218802696,0,1565,2,1565
J_001899,30,0.003,0.00018614761771153777,0,1562,3,1562
J_001900,30,0.003,0.00017399503013912007,0,3102,1,1571
J_001901,30,0.003,0.00018058618169156766,0,3102,6,1531
J_001902,30,0.003,0.0002028843434227033,0,1628,0,1628
J_001903,30,0.003,0.00018003622591403727,0,1559,4,1559
J_001904,30,0.003,0.00019939993698194766,0,1565,2,1565
J_001905,30,0.003,0.00018196680919046988,0,3102,6,1531
J_001906,30,0.003,0.00017863319145984438,0,3102,1,1571
J_001907,30,0.003,0.0001800712030681106,0,3102,6,1531
J_001908,30,0.003,0.00017682488437098588,0,3102,1,1571
J_001909,30,0.003,0.0001889849590101225,0,1562,3,1562
J_001910,30,0.003,0.00020909290867275406,0,1565,2,1565
J_001911,30,0.003,0.00018065184612350586,0,1505,7,1505
J_001912,30,0.003,0.00019099877051965636,0,1559,4,1559
J_001913,30,0.003,0.00019027761219666078,0,3102,6,1531
J_001914,30,0.003,0.00019447020249945053,0,1559,4,1559
J_001915,30,0.003,0.00020613762177852698,0,1565,2,1565
J_001916,30,0.003,0.00020791126395504938,0,1565,2,1565
J_001917,30,0.003,0.00018351992409954592,0,1559,4,1559
J_001918,30,0.003,0.0001769421107436625,0,3102,1,1571
J_001919,30,0.003,0.00019028671332134244,0,1559,4,1559
J_001920,30,0.003,0.00017962767177959568,0,3102,6,1531
J_001921,30,0.003,0.00018519953061375984,0,3102,6,1531
J_001922,30,0.003,0.00019473632597448047,0,1550,5,1550
J_001923,30,0.003,0.00019919061561021032,0,1565,2,1565
J_001924,30,0.003,0.00019527311219232134,0,1628,0,1628
J_001925,30,0.003,0.00019393388861064636,0,1628,0,1628
J_001926,30,0.003,0.00018104870618136448,0,1505,7,1505
J_001927,30,0.003,0.00020507730000354063,0,1550,5,1550
J_001928,30,0.003,0.00019084257332160535,0,1562,3,1562
J_001929,30,0.003,0.00017581233315702062,0,1505,7,1505
J_001930,30,0.003,0.0001952865632046746,0,1550,5,1550
J_001931,30,0.003,0.0001916718284423856,0,1559,4,1559
J_001932,30,0.003,0.00018015152559306511,0,1505,7,1505
J_001933,30,0.003,0.00018771039244017845,0,1562,3,1562
J_001934,30,0.003,0.00018364625830668763,0,3102,1,1571
J_001935,30,0.003,0.0001862194560827163,0,1562,3,1562
J_001936,30,0.003,0.0001909221113346665,0,3102,1,1571
J_001937,30,0.003,0.00020199296025073024,0,1565,2,1565
J_001938,30,0.003,0.0001975698070612729,0,1628,0,1628
J_001939,30,0.003,0.00021390440973965519,0,1565,2,1565
J_001940,30,0.003,0.00018527287081387974,0,3102,1,1571
J_001941,30,0.003,0.00019445436064015247,0,1628,0,1628
J_001942,30,0.003,0.00019194709314737185,0,1628,0,1628
J_001943,30,0.003,0.00018219203076391894,0,1562,3,1562
J_001944,30,0.003,0.00017704457173765693,0,3102,6,1531
J_001945,30,0.003,0.00019757931459323146,0,1628,0,1628
J_001946,30,0.003,0.00018962727580851304,0,1550,5,1550
J_001947,30,0.003,0.00020393179342889962,0,1628,0,1628
J_001948,30,0.003,0.0001899729983377826,0,1562,3,1562
J_001949,30,0.003,0.00019359800290913074,0,1559,4,1559
J_001950,30,0.003,0.00020610185558063494,0,1565,2,1565
J_001951,30,0.003,0.00018525901010263806,0,1562,3,1562
J_001952,30,0.003,0.00019775418065461886,0,1565,2,1565
J_001953,30,0.003,0.00018673364280670214,0,1559,4,1559
J_001954,30,0.003,0.00017599814005213796,0,3102,1,1571
J_001955,30,0.003,0.00017597415626314266,0,1505,7,1505
J_001956,30,0.003,0.00019162813448336138,0,1562,3,1562
J_001957,30,0.003,0.0001749779417896001,0,3102,1,1571
J_001958,30,0.003,0.00018834404852744114,0,3102,1,1571
J_001959,30,0.003,0.0001946695382778768,0,1559,4,1559
J_001960,30,0.003,0.00017839215199055248,0,3102,6,1531
J_001961,30,0.003,0.00019277257359935653,0,1562,3,1562
J_001962,30,0.003,0.0001822327316763121,0,3102,6,1531
J_001963,30,0.003,0.00018456465188029753,0,1505,7,1505
J_001964,30,0.003,0.00018218192117512404,0,3102,6,1531
J_001965,30,0.003,0.00019834477829155212,0,1550,5,1550
J_001966,30,0.003,0.00017806384170945475,0,3102,1,1571
J_001967,30,0.003,0.00019761193445582453,0,1628,0,1628
J_001968,30,0.003,0.00018926736438839103,0,1559,4,1559
J_001969,30,0.003,0.00018770685715263437,0,1628,0,1628
J_001970,30,0.003,0.00018075300746183177,0,3102,1,1571
J_001971,30,0.003,0.0001883101199972236,0,1559,4,1559
J_001972,30,0.003,0.00019482510268120567,0,1562,3,1562
J_001973,30,0.003,0.00017739904116632378,0,1505,7,1505
J_001974,30,0.003,0.000206755189056066,0,1550,5,1550
J_001975,30,0.003,0.00019728375035994603,0,1550,5,1550
J_001976,30,0.003,0.00019885083538473308,0,1565,2,1565
J_001977,30,0.003,0.00017759029051777727,0,3102,1,1571
J_001978,30,0.003,0.00018500205591493853,0,3102,6,1531
J_001979,30,0.003,0.00019470883887568106,0,1550,5,1550
J_001980,30,0.003,0.00017880821271250722,0,1505,7,1505
J_001981,30,0.003,0.0002014530806510433,0,1565,2,1565
J_001982,30,0.003,0.00018855413873222616,0,3102,1,1571
J_001983,30,0.003,0.0001927248832535017,0,3102,6,1531
J_001984,30,0.003,0.00020114382338118337,0,1565,2,1565
J_001985,30,0.003,0.0001847077375177871,0,3102,1,1571
J_001986,30,0.003,0.00019365285832970982,0,1628,0,1628
J_001987,30,0.003,0.00018871319399916062,0,1559,4,1559
J_001988,30,0.003,0.00019376831769582083,0,1562,3,1562
J_001989,30,0.003,0.0001916962597871766,0,1559,4,1559
J_001990,30,0.003,0.00019889595147010476,0,1550,5,1550
J_001991,30,0.003,0.00018688600413600722,0,3102,6,1531
J_001992,30,0.003,0.00018909974430225319,0,3102,6,1531
J_001993,30,0.003,0.00020287870871984936,0,1550,5,1550
J_001994,30,0.003,0.00017605460163667202,0,1505,7,1505
J_001995,30,0.003,0.00020832486187606004,0,1565,2,1565
J_001996,30,0.003,0.0001731895818676964,0,3102,1,1571
J_001997,30,0.003,0.00018515364021723656,0,3102,6,1531
J_001998,30,0.003,0.00018815781022349924,0,1628,0,1628
J_001999,30,0.003,0.0002129064219977357,0,1550,5,1550
J_002000,30,0.003,0.0001788883115230897,0,3102,6,1531
J_002001,30,0.003,0.000192706711018498,0,1628,0,1628
J_002002,30,0.003,0.00021754086267666291,0,1565,2,1565
J_002003,30,0.003,0.00017999116204237583,0,3102,6,1531
J_002004,30,0.003,0.0001828297962701806,0,1505,7,1505
J_002005,30,0.003,0.00021020453047547225,0,1550,5,1550
J_002006,30,0.003,0.00018807694061813936,0,1559,4,1559
J_002007,30,0.003,0.00018696161093624794,0,1562,3,1562
J_002008,30,0.003,0.0002119569944917378,0,1565,2,1565
J_002009,30,0.003,0.0002062644889102415,0,1565,2,1565
J_002010,30,0.003,0.00017614565276224,0,1505,7,1505
J_002011,30,0.003,0.0001972882795606842,0,1562,3,1562
J_002012,30,0.003,0.00018563260866200483,0,1559,4,1559
J_002013,30,0.003,0.00017960659781573592,0,1505,7,1505
J_002014,30,0.003,0.000189481112490493,0,1562,3,1562
J_002015,30,0.003,0.00018465940637239005,0,1559,4,1559
J_002016,30,0.003,0.0001846311226612516,0,1559,4,1559
J_002017,30,0.003,0.00018819492775914605,0,1559,4,1559
J_002018,30,0.003,0.00020129635234633332,0,1550,5,1550
J_002019,30,0.003,0.00020776512613382366,0,1550,5,1550
J_002020,30,0.003,0.00019631390516322117,0,3102,1,1571
J_002021,30,0.003,0.0001742114596444683,0,1505,7,1505
J_002022,30,0.003,0.0001788128393283444,0,1505,7,1505
J_002023,30,0.003,0.00019820264679128104,0,1562,3,1562
J_002024,30,0.003,0.0001845891278882067,0,1559,4,1559
J_002025,30,0.003,0.000186623619933439,0,3102,1,1571
J_002026,30,0.003,0.00018150742441305805,0,1562,3,1562
J_002027,30,0.003,0.0002036705996368168,0,1565,2,1565
J_002028,30,0.003,0.00018473199431601515,0,1559,4,1559
J_002029,30,0.003,0.00020594414516208592,0,1565,2,1565
J_002030,30,0.003,0.00020535553295682822,0,1550,5,1550
J_002031,30,0.003,0.0001947655545540285,0,1550,5,1550
J_002032,30,0.003,0.00017807627747600568,0,3102,1,1571
J_002033,30,0.003,0.00018955565508976805,0,3102,6,1531
J_002034,30,0.003,0.00020028879136825404,0,1565,2,1565
J_002035,30,0.003,0.000179687209420293,0,3102,6,1531
J_002036,30,0.003,0.0001898010476594929,0,1628,0,1628
J_002037,30,0.003,0.00019252035944801013,0,1628,0,1628
J_002038,30,0.003,0.00019711107156203484,0,1559,4,1559
J_002039,30,0.003,0.0001969962419059643,0,1550,5,1550
J_002040,30,0.003,0.00019412308986958745,0,1628,0,1628
J_002041,30,0.003,0.0002129176499134731,0,1565,2,1565
J_002042,30,0.003,0.00018640520012390465,0,1505,7,1505
J_002043,30,0.003,0.00020365379261544199,0,1565,2,1565
J_002044,30,0.003,0.00019683040475222877,0,1550,5,1550
J_002045,30,0.003,0.0001977894652411569,0,1628,0,1628
J_002046,30,0.003,0.00018826663533391756,0,1559,4,1559
J_002047,30,0.003,0.00017979841450359483,0,3102,1,1571
J_002048,30,0.003,0.00019252760148686193,0,1562,3,1562
J_002049,30,0.003,0.0001962154405180222,0,1562,3,1562
J_002050,30,0.003,0.0001782026353903173,0,3102,1,1571
J_002051,30,0.003,0.00019017564917399408,0,1628,0,1628
J_002052,30,0.003,0.0001901374563129683,0,1628,0,1628
J_002053,30,0.003,0.00017716771134556326,0,3102,1,1571
J_002054,30,0.003,0.00020670208378940956,0,1565,2,1565
J_002055,30,0.003,0.00017321773129246376,0,1505,7,1505
J_002056,30,0.003,0.00017561693154716183,0,1505,7,1505
J_002057,30,0.003,0.00017734296580330632,0,3102,1,1571
J_002058,30,0.003,0.0001792338078351069,0,3102,1,1571
J_002059,30,0.003,0.00017581071976905467,0,3102,1,1571
J_002060,30,0.003,0.0001917771171290665,0,1628,0,1628
J_002061,30,0.003,0.00017772808168503524,0,1505,7,1505
J_002062,30,0.003,0.00018478167492239124,0,1562,3,1562
J_002063,30,0.003,0.00021192029699775797,0,1565,2,1565
J_002064,30,0.003,0.00019325293737459842,0,1562,3,1562
J_002065,30,0.003,0.00017831201417140187,0,3102,6,1531
J_002066,30,0.003,0.0001864692635153604,0,1562,3,1562
J_002067,30,0.003,0.0001858264275270009,0,3102,6,1531
J_002068,30,0.003,0.00019075303279310547,0,1628,0,1628
J_002069,30,0.003,0.00019478671509245456,0,1559,4,1559
J_002070,30,0.003,0.00018680824082440274,0,3102,6,1531
J_002071,30,0.003,0.00019430795353543546,0,1628,0,1628
J_002072,30,0.003,0.0001884003455859244,0,1562,3,1562
J_002073,30,0.003,0.00020969198229690115,0,1565,2,1565
J_002074,30,0.003,0.00017893966108980288,0,1505,7,1505
J_002075,30,0.003,0.0002108626094874534,0,1565,2,1565
J_002076,30,0.003,0.00018683285089410323,0,1559,4,1559
J_002077,30,0.003,0.0001822595675458227,0,3102,1,1571
J_002078,30,0.003,0.0001818428516925283,0,3102,1,1571
J_002079,30,0.003,0.00017600875812227333,0,1505,7,1505
J_002080,30,0.003,0.0001828639282748997,0,3102,6,1531
J_002081,30,0.003,0.00019472899425035538,0,1562,3,1562
J_002082,30,0.003,0.00018432635780223718,0,1559,4,1559
J_002083,30,0.003,0.0001775289209868621,0,3102,6,1531
J_002084,30,0.003,0.0001937863794227618,0,1628,0,1628
J_002085,30,0.003,0.00018702640950222184,0,1505,7,1505
J_002086,30,0.003,0.00018099330577381296,0,1505,7,1505
J_002087,30,0.003,0.00019321584628644565,0,1628,0,1628
J_002088,30,0.003,0.00018667850940296232,0,3102,6,1531
J_002089,30,0.003,0.00017772802636148625,0,3102,6,1531
J_002090,30,0.003,0.00020535062722900827,0,1565,2,1565
J_002091,30,0.003,0.00020541788977223343,0,1565,2,1565
J_002092,30,0.003,0.00018416883938109443,0,1505,7,1505
J_002093,30,0.003,0.0001816321777437988,0,3102,6,1531
J_002094,30,0.003,0.00019288067356981923,0,1562,3,1562
J_002095,30,0.003,0.00019498223305595088,0,1550,5,1550
J_002096,30,0.003,0.00019863801221437405,0,1628,0,1628
J_002097,30,0.003,0.00018838274535008963,0,1562,3,1562
J_002098,30,0.003,0.00020273619018611717,0,1565,2,1565
J_002099,30,0.003,0.00018163881213909865,0,1505,7,1505
J_002100,30,0.003,0.00019642552353204204,0,1550,5,1550
J_002101,30,0.003,0.00019374908673126684,0,3102,1,1571
J_002102,30,0.003,0.0002074028626103473,0,1565,2,1565
J_002103,30,0.003,0.00018952354356286953,0,1562,3,1562
J_002104,30,0.003,0.00018265304659519752,0,3102,1,1571
J_002105,30,0.003,0.00020102116248141592,0,1565,2,1565
J_002106,30,0.003,0.0002187396736312618,0,1565,2,1565
J_002107,30,0.003,0.00020069567977751098,0,1628,0,1628
J_002108,30,0.003,0.00017824278203278147,0,3102,1,1571
J_002109,30,0.003,0.00018340895045633476,0,3102,1,1571
J_002110,30,0.003,0.00018103834007821714,0,1505,7,1505
J_002111,30,0.003,0.00018634214555420778,0,1562,3,1562
J_002112,30,0.003,0.00019506577178206755,0,1550,5,1550
J_002113,30,0.003,0.00018269390525543576,0,3102,1,1571
J_002114,30,0.003,0.00017717744392828897,0,1505,7,1505
J_002115,30,0.003,0.00017786337818741197,0,3102,6,1531
J_002116,30,0.003,0.00019028705215229887,0,1559,4,1559
J_002117,30,0.003,0.00018565886314311262,0,1562,3,1562
J_002118,30,0.003,0.00018033920078700755,0,1505,7,1505
J_002119,30,0.003,0.00019750822297230354,0,1550,5,1550
J_002120,30,0.003,0.0001882464737398155,0,1628,0,1628
J_002121,30,0.003,0.00020395070145124873,0,1565,2,1565
J_002122,30,0.003,0.00019498960002975447,0,1628,0,1628
J_002123,30,0.003,0.0001798045126864574,0,1505,7,1505
J_002124,30,0.003,0.00018739501386975184,0,1562,3,1562
J_002125,30,0.003,0.0001974047024448875,0,1550,5,1550
J_002126,30,0.003,0.0001873220390864147,0,3102,6,1531
J_002127,30,0.003,0.00019638093400940163,0,3102,6,1531
J_002128,30,0.003,0.0001858769464921344,0,1505,7,1505
J_002129,30,0.003,0.0001872665733166122,0,1562,3,1562
J_002130,30,0.003,0.00017917715411113367,0,1505,7,1505
J_002131,30,0.003,0.00019017868272868703,0,1562,3,1562
J_002132,30,0.003,0.0001938700259242888,0,1562,3,1562
J_002133,30,0.003,0.00020281456281807188,0,1565,2,1565
J_002134,30,0.003,0.00019302218458784257,0,1559,4,1559
J_002135,30,0.003,0.0002105636558972125,0,1565,2,1565
J_002136,30,0.003,0.00018758124410045288,0,1562,3,1562
J_002137,30,0.003,0.00017926407864647556,0,1559,4,1559
J_002138,30,0.003,0.00018287095989473522,0,1505,7,1505
J_002139,30,0.003,0.00021434234648623775,0,1565,2,1565
J_002140,30,0.003,0.00019634775499500524,0,1550,5,1550
J_002141,30,0.003,0.0001950994813909506,0,1559,4,1559
J_002142,30,0.003,0.00017831522217790508,0,3102,1,1571
J_002143,30,0.003,0.00020589190034584506,0,1565,2,1565
J_002144,30,0.003,0.00018436111640617503,0,1562,3,1562
J_002145,30,0.003,0.00018295822452933088,0,1505,7,1505
J_002146,30,0.003,0.00019968596843240746,0,1628,0,1628
J_002147,30,0.003,0.00017873631258529218,0,1505,7,1505
J_002148,30,0.003,0.0001750143974729386,0,1505,7,1505
J_002149,30,0.003,0.00017442767345632142,0,3102,1,1571
J_002150,30,0.003,0.00018175847710122058,0,1505,7,1505
J_002151,30,0.003,0.0002087118761727554,0,1565,2,1565
J_002152,30,0.003,0.00017544051774321529,0,1505,7,1505
J_002153,30,0.003,0.00017836436697256795,0,3102,6,1531
J_002154,30,0.003,0.00018827316560996357,0,1562,3,1562
J_002155,30,0.003,0.00019301509535042796,0,1628,0,1628
J_002156,30,0.003,0.00018440405809319973,0,1505,7,1505
J_002157,30,0.003,0.00020424204221880884,0,1550,5,1550
J_002158,30,0.003,0.00018671319851620272,0,1562,3,1562
J_002159,30,0.003,0.00019307974357391484,0,1559,4,1559
J_002160,30,0.003,0.00018969311398519837,0,1562,3,1562
J_002161,30,0.003,0.00020943486789913905,0,1550,5,1550
J_002162,30,0.003,0.00017831290266882345,0,3102,6,1531
J_002163,30,0.003,0.00018093379161504203,0,1559,4,1559
J_002164,30,0.003,0.0001840685837502825,0,3102,6,1531
J_002165,30,0.003,0.00018276133674569953,0,3102,6,1531
J_002166,30,0.003,0.0002052671182742153,0,1565,2,1565
J_002167,30,0.003,0.0002074374378213285,0,1565,2,1565
J_002168,30,0.003,0.0001920962525785392,0,3102,1,1571
J_002169,30,0.003,0.00018564206484811212,0,3102,6,1531
J_002170,30,0.003,0.00020493693998357878,0,1565,2,1565
J_002171,30,0.003,0.00017916918439202307,0,3102,1,1571
J_002172,30,0.003,0.00019021283489610035,0,1628,0,1628
J_002173,30,0.003,0.0001804123163902723,0,3102,1,1571
J_002174,30,0.003,0.0002029312210537648,0,1550,5,1550
J_002175,30,0.003,0.0001982740730571169,0,1565,2,1565
J_002176,30,0.003,0.00018985680001468391,0,1559,4,1559
J_002177,30,0.003,0.00020184669686929533,0,1562,3,1562
J_002178,30,0.003,0.00017752572855268361,0,1505,7,1505
J_002179,30,0.003,0.0001956558458659965,0,3102,1,1571
J_002180,30,0.003,0.0002072972291458415,0,1550,5,1550
J_002181,30,0.003,0.0001848797896862534,0,1559,4,1559
J_002182,30,0.003,0.00018742308655124684,0,3102,6,1531
J_002183,30,0.003,0.00018360279389773455,0,1505,7,1505
J_002184,30,0.003,0.00017620989108497475,0,1505,7,1505
J_002185,30,0.003,0.0001925784738295088,0,1562,3,1562
J_002186,30,0.003,0.00018572564565768146,0,3102,6,1531
J_002187,30,0.003,0.0002064141226937549,0,1565,2,1565
J_002188,30,0.003,0.00018018722631911224,0,1505,7,1505
J_002189,30,0.003,0.0001724175212793021,0,1505,7,1505
J_002190,30,0.003,0.00019545660053791526,0,1550,5,1550
J_002191,30,0.003,0.00018211159461458017,0,1505,7,1505
J_002192,30,0.003,0.0001918729296630869,0,1550,5,1550
J_002193,30,0.003,0.00018358187039311705,0,3102,6,1531
J_002194,30,0.003,0.00019182157783697524,0,1559,4,1559
J_002195,30,0.003,0.0001827761014671659,0,3102,1,1571
J_002196,30,0.003,0.00018920927054346773,0,1562,3,1562
J_002197,30,0.003,0.00017853400235398774,0,1505,7,1505
J_002198,30,0.003,0.00019212544807200086,0,1559,4,1559
J_002199,30,0.003,0.00020999637755384073,0,1550,5,1550
J_002200,30,0.003,0.0001872612850475969,0,1628,0,1628
J_002201,30,0.003,0.00017838239612585986,0,3102,1,1571
J_002202,30,0.003,0.00020244002369564982,0,1550,5,1550
J_002203,30,0.003,0.00019302203894575303,0,1559,4,1559
J_002204,30,0.003,0.00017652329995025107,0,1505,7,1505
J_002205,30,0.003,0.00017913939192422266,0,3102,1,1571
J_002206,30,0.003,0.0001986342780924435,0,1559,4,1559
J_002207,30,0.003,0.00019484943322954263,0,1550,5,1550
J_002208,30,0.003,0.00019305649311481002,0,1628,0,1628
J_002209,30,0.003,0.00018165277025031747,0,3102,1,1571
J_002210,30,0.003,0.00018264437433373096,0,3102,1,1571
J_002211,30,0.003,0.00019011188362521678,0,1559,4,1559
J_002212,30,0.003,0.00017421526943939625,0,1505,7,1505
J_002213,30,0.003,0.00019879927725278068,0,1565,2,1565
J_002214,30,0.003,0.00017909903956773554,0,1505,7,1505
J_002215,30,0.003,0.00018298002932923334,0,3102,6,1531
J_002216,30,0.003,0.00019148709968815628,0,1628,0,1628
J_002217,30,0.003,0.00019504844838129945,0,1628,0,1628
J_002218,30,0.003,0.00019224516685744007,0,1562,3,1562
J_002219,30,0.003,0.00018445521540729723,0,3102,6,1531
J_002220,30,0.003,0.00017512487084635713,0,1505,7,1505
J_002221,30,0.003,0.00020838674342368255,0,1550,5,1550
J_002222,30,0.003,0.00019582837244724885,0,1559,4,1559
J_002223,30,0.003,0.0001790536377975253,0,3102,6,1531
J_002224,30,0.003,0.00019083763615001208,0,1562,3,1562
J_002225,30,0.003,0.0001897652397458989,0,1505,7,1505
J_002226,30,0.003,0.0001909215771211693,0,1628,0,1628
J_002227,30,0.003,0.000190974377909299,0,1628,0,1628
J_002228,30,0.003,0.0001963774109609807,0,1550,5,1550
J_002229,30,0.003,0.0002003844396704248,0,1550,5,1550
J_002230,30,0.003,0.00020627669161653816,0,1550,5,1550
J_002231,30,0.003,0.00017912261323940013,0,3102,6,1531
J_002232,30,0.003,0.000176266986289272,0,3102,1,1571
J_002233,30,0.003,0.00019238019975805357,0,1559,4,1559
J_002234,30,0.003,0.0001989393253186796,0,1550,5,1550
J_002235,30,0.003,0.00018650458654841204,0,1559,4,1559
J_002236,30,0.003,0.00017820058279855076,0,3102,1,1571
J_002237,30,0.003,0.00018330208649579923,0,3102,1,1571
J_002238,30,0.003,0.00019623840228626685,0,1550,5,1550
J_002239,30,0.003,0.0001810165400543128,0,3102,6,1531
J_002240,30,0.003,0.00018919958452960357,0,3102,6,1531
J_002241,30,0.003,0.00018480952996640697,0,1505,7,1505
J_002242,30,0.003,0.00017770113730011125,0,1505,7,1505
J_002243,30,0.003,0.00019420912285441749,0,1562,3,1562
J_002244,30,0.003,0.0001726131647238273,0,1505,7,1505
J_002245,30,0.003,0.00021506615270685457,0,1565,2,1565
J_002246,30,0.003,0.00019192134589574933,0,1559,4,1559
J_002247,30,0.003,0.00018435480297856734,0,3102,6,1531
J_002248,30,0.003,0.000174060911511186,0,3102,1,1571
J_002249,30,0.003,0.00017840194694790268,0,1505,7,1505
J_002250,30,0.003,0.00018329869647733347,0,3102,6,1531
J_002251,30,0.003,0.00019351106089833658,0,1550,5,1550
J_002252,30,0.003,0.0002024990230776686,0,1565,2,1565
J_002253,30,0.003,0.0001922606859008051,0,1562,3,1562
J_002254,30,0.003,0.0001903650555387057,0,1628,0,1628
J_002255,30,0.003,0.00020560252408453403,0,1565,2,1565
J_002256,30,0.003,0.00018260292033461494,0,3102,1,1571
J_002257,30,0.003,0.00019840829978591507,0,1562,3,1562
J_002258,30,0.003,0.0002250282428903796,0,1565,2,1565
J_002259,30,0.003,0.00020269945881061274,0,1628,0,1628
J_002260,30,0.003,0.00019792520114192148,0,1550,5,1550
J_002261,30,0.003,0.00018294794508651603,0,3102,1,1571
J_002262,30,0.003,0.00019934751920538938,0,1559,4,1559
J_002263,30,0.003,0.00019504978950551493,0,1562,3,1562
J_002264,30,0.003,0.0001907699414290961,0,1559,4,1559
J_002265,30,0.003,0.00018171299523034784,0,1505,7,1505
J_002266,30,0.003,0.0001768960794325293,0,3102,1,1571
J_002267,30,0.003,0.00019189165692340204,0,1562,3,1562
J_002268,30,0.003,0.00019056345209835697,0,3102,1,1571
J_002269,30,0.003,0.00019425645058351312,0,1562,3,1562
J_002270,30,0.003,0.00018032527677483355,0,1562,3,1562
J_002271,30,0.003,0.00018156024015006118,0,3102,6,1531
J_002272,30,0.003,0.00021062131765672222,0,1550,5,1550
J_002273,30,0.003,0.00018750569861042803,0,1562,3,1562
J_002274,30,0.003,0.00017733506228477568,0,3102,1,1571
J_002275,30,0.003,0.0001848964083192782,0,3102,1,1571
J_002276,30,0.003,0.00019399619413448468,0,1628,0,1628
J_002277,30,0.003,0.0001883675887645307,0,3102,1,1571
J_002278,30,0.003,0.00017871645447507502,0,3102,1,1571
J_002279,30,0.003,0.00018298851089976835,0,3102,6,1531
J_002280,30,0.003,0.00018290050593045392,0,1559,4,1559
J_002281,30,0.003,0.00021104022995836036,0,1565,2,1565
J_002282,30,0.003,0.00019349145398583022,0,1562,3,1562
J_002283,30,0.003,0.00018696960393835066,0,3102,6,1531
J_002284,30,0.003,0.0001875802517661593,0,1559,4,1559
J_002285,30,0.003,0.0001776426074077234,0,3102,1,1571
J_002286,30,0.003,0.00019309666196942065,0,1562,3,1562
J_002287,30,0.003,0.00018922041684086037,0,1628,0,1628
J_002288,30,0.003,0.00019343323062365414,0,1628,0,1628
J_002289,30,0.003,0.00018038260021919453,0,1505,7,1505
J_002290,30,0.003,0.0001839843802026913,0,3102,6,1531
J_002291,30,0.003,0.00018378061342033854,0,3102,6,1531
J_002292,30,0.003,0.00021283434511152377,0,1565,2,1565
J_002293,30,0.003,0.00017387286515254733,0,1505,7,1505
J_002294,30,0.003,0.00017879322391813857,0,3102,6,1531
J_002295,30,0.003,0.00018088616002926602,0,3102,6,1531
J_002296,30,0.003,0.00018695853010798218,0,1505,7,1505
J_002297,30,0.003,0.00018640756973553886,0,3102,6,1531
J_002298,30,0.003,0.0001983541357887031,0,1628,0,1628
J_002299,30,0.003,0.0001890841020430228,0,1628,0,1628
J_002300,30,0.003,0.0001751232245440259,0,3102,1,1571
J_002301,30,0.003,0.00018783559631159227,0,1628,0,1628
J_002302,30,0.003,0.0001879059253603237,0,1562,3,1562
J_002303,30,0.003,0.00019286926120945996,0,1562,3,1562
J_002304,30,0.003,0.00019643436021927793,0,1628,0,1628
J_002305,30,0.003,0.00018661072580008846,0,1559,4,1559
J_002306,30,0.003,0.000190477531664315,0,1559,4,1559
J_002307,30,0.003,0.00017519457524669315,0,1505,7,1505
J_002308,30,0.003,0.00017461511371062719,0,3102,6,1531
J_002309,30,0.003,0.0001932848987134165,0,1559,4,1559
J_002310,30,0.003,0.00018906999537275895,0,1562,3,1562
J_002311,30,0.003,0.00020470419762014006,0,1565,2,1565
J_002312,30,0.003,0.000175121658321604,0,3102,1,1571
J_002313,30,0.003,0.00020593727695547052,0,1565,2,1565
J_002314,30,0.003,0.00018680322433392327,0,1559,4,1559
J_002315,30,0.003,0.000179224593591561,0,1505,7,1505
J_002316,30,0.003,0.00019342407102784635,0,1628,0,1628
J_002317,30,0.003,0.00017606563548779543,0,1505,7,1505
J_002318,30,0.003,0.00020796302655750338,0,1565,2,1565
J_002319,30,0.003,0.00020273485480345647,0,1565,2,1565
J_002320,30,0.003,0.0001779050904588984,0,3102,1,1571
J_002321,30,0.003,0.00021009739363873857,0,1550,5,1550
J_002322,30,0.003,0.00017791234608199383,0,3102,1,1571
J_002323,30,0.003,0.00018304886218586274,0,1505,7,1505
J_002324,30,0.003,0.00021216817870118836,0,1565,2,1565
J_002325,30,0.003,0.00019900123466668284,0,1628,0,1628
J_002326,30,0.003,0.00017660722356026973,0,3102,6,1531
J_002327,30,0.003,0.00020710876885364238,0,1628,0,1628
J_002328,30,0.003,0.0001847556236039951,0,1559,4,1559
J_002329,30,0.003,0.00017511870931434067,0,3102,1,1571
J_002330,30,0.003,0.00020015531286123357,0,1565,2,1565
J_002331,30,0.003,0.00018241965981786212,0,3102,1,1571
J_002332,30,0.003,0.00020207349958597436,0,1559,4,1559
J_002333,30,0.003,0.00019514572520827752,0,1559,4,1559
J_002334,30,0.003,0.00020600587866237205,0,1565,2,1565
J_002335,30,0.003,0.00019743100072439014,0,3102,6,1531
J_002336,30,0.003,0.00019096933980809514,0,1628,0,1628
J_002337,30,0.003,0.0001794114955364188,0,3102,1,1571
J_002338,30,0.003,0.00018451440878019585,0,3102,1,1571
J_002339,30,0.003,0.00017843391758643753,0,3102,1,1571
J_002340,30,0.003,0.0002064517591757489,0,1565,2,1565
J_002341,30,0.003,0.0001811519826995248,0,3102,6,1531
J_002342,30,0.003,0.000186535233328651,0,1559,4,1559
J_002343,30,0.003,0.0001792134931726676,0,1505,7,1505
J_002344,30,0.003,0.00018638200827422627,0,1559,4,1559
J_002345,30,0.003,0.00019138443136152458,0,1550,5,1550
J_002346,30,0.003,0.00019133412687320043,0,1559,4,1559
J_002347,30,0.003,0.0001985778180515199,0,1550,5,1550
J_002348,30,0.003,0.000183174237963887,0,1505,7,1505
J_002349,30,0.003,0.0001782102136336642,0,3102,6,1531
J_002350,30,0.003,0.00018129092833425495,0,3102,6,1531
J_002351,30,0.003,0.00019034014255780548,0,1628,0,1628
J_002352,30,0.003,0.0001844996468988634,0,1559,4,1559
J_002353,30,0.003,0.00018959713062894647,0,3102,6,1531
J_002354,30,0.003,0.0001860018727243678,0,3102,6,1531
J_002355,30,0.003,0.00018165971165960248,0,3102,1,1571
J_002356,30,0.003,0.00020568787682793686,0,1550,5,1550
J_002357,30,0.003,0.00018487836767407998,0,1559,4,1559
J_002358,30,0.003,0.00018586834789610936,0,1559,4,1559
J_002359,30,0.003,0.0001744740420121107,0,1505,7,1505
J_002360,30,0.003,0.0001752264865233121,0,1505,7,1505
J_002361,30,0.003,0.00018727926320005872,0,1559,4,1559
J_002362,30,0.003,0.00021865393793237797,0,1565,2,1565
J_002363,30,0.003,0.00018611708358260627,0,3102,6,1531
J_002364,30,0.003,0.00018683679160651093,0,3102,1,1571
J_002365,30,0.003,0.00018586838634556454,0,1505,7,1505
J_002366,30,0.003,0.0001860398299981576,0,1559,4,1559
J_002367,30,0.003,0.0001928693373249872,0,1628,0,1628
J_002368,30,0.003,0.00017940349934269663,0,1505,7,1505
J_002369,30,0.003,0.0001797692760940056,0,1505,7,1505
J_002370,30,0.003,0.0001717614258047491,0,1505,7,1505
J_002371,30,0.003,0.00019812816643816845,0,1550,5,1550
J_002372,30,0.003,0.00018627765212547365,0,1559,4,1559
J_002373,30,0.003,0.00019116478284169502,0,1550,5,1550
J_002374,30,0.003,0.00018536138863036545,0,1559,4,1559
J_002375,30,0.003,0.0002109671706541814,0,1565,2,1565
J_002376,30,0.003,0.00020478383128008776,0,1565,2,1565
J_002377,30,0.003,0.00017851383257975266,0,1505,7,1505
J_002378,30,0.003,0.00018573820891112886,0,3102,6,1531
J_002379,30,0.003,0.00018422411141657316,0,3102,6,1531
J_002380,30,0.003,0.00017678639861417854,0,1505,7,1505
J_002381,30,0.003,0.00017938273907571573,0,3102,1,1571
J_002382,30,0.003,0.00019128336477245258,0,1628,0,1628
J_002383,30,0.003,0.0001788171481732619,0,3102,1,1571
J_002384,30,0.003,0.00019025096933613357,0,1559,4,1559
J_002385,30,0.003,0.00018215584172022678,0,1505,7,1505
J_002386,30,0.003,0.00020107469979515363,0,1562,3,1562
J_002387,30,0.003,0.00019351868457297852,0,1559,4,1559
J_002388,30,0.003,0.0001786712444169555,0,3102,1,1571
J_002389,30,0.003,0.00019408374700027645,0,1562,3,1562
J_002390,30,0.003,0.0001876068424590684,0,3102,6,1531
J_002391,30,0.003,0.00019859301462981006,0,1628,0,1628
J_002392,30,0.003,0.0001888302329099063,0,1505,7,1505
J_002393,30,0.003,0.0002003865765515276,0,1565,2,1565
J_002394,30,0.003,0.0001843877248959798,0,1505,7,1505
J_002395,30,0.003,0.00018334143735397,0,1559,4,1559
J_002396,30,0.003,0.00017730439284221653,0,3102,6,1531
J_002397,30,0.003,0.00019947449820993232,0,1550,5,1550
J_002398,30,0.003,0.00017961745472742726,0,3102,6,1531
J_002399,30,0.003,0.0001929490045239317,0,1550,5,1550
J_002400,30,0.003,0.0001820104030424134,0,3102,6,1531
J_002401,30,0.003,0.00017527284846479457,0,3102,6,1531
J_002402,30,0.003,0.0001843303249298222,0,3102,6,1531
J_002403,30,0.003,0.0001879408519851574,0,1559,4,1559
J_002404,30,0.003,0.00018900431761157427,0,3102,6,1531
J_002405,30,0.003,0.0001820023385683562,0,3102,6,1531
J_002406,30,0.003,0.0001885353165844954,0,1562,3,1562
J_002407,30,0.003,0.00019706902440810625,0,1550,5,1550
J_002408,30,0.003,0.00019635336691281073,0,1565,2,1565
J_002409,30,0.003,0.00019454686450414796,0,3102,6,1531
J_002410,30,0.003,0.00019328795744843398,0,3102,6,1531
J_002411,30,0.003,0.00018997684771462187,0,1559,4,1559
J_002412,30,0.003,0.00018171795469728,0,1559,4,1559
J_002413,30,0.003,0.0002001566382272115,0,1562,3,1562
J_002414,30,0.003,0.00018993400914745775,0,1628,0,1628
J_002415,30,0.003,0.0001980458963660366,0,1550,5,1550
J_002416,30,0.003,0.00018932309725358485,0,1628,0,1628
J_002417,30,0.003,0.00020034272197685108,0,1565,2,1565
J_002418,30,0.003,0.00019983947885320733,0,1628,0,1628
J_002419,30,0.003,0.00019013881467678842,0,1550,5,1550
J_002420,30,0.003,0.0002005807961634825,0,1565,2,1565
J_002421,30,0.003,0.00019725739518197362,0,1562,3,1562
J_002422,30,0.003,0.0001983026597316051,0,1565,2,1565
J_002423,30,0.003,0.00018420329297276416,0,1505,7,1505
J_002424,30,0.003,0.00017957766517902375,0,1505,7,1505
J_002425,30,0.003,0.00019006147007973577,0,1559,4,1559
J_002426,30,0.003,0.00020181247380140683,0,1565,2,1565
J_002427,30,0.003,0.00018391309165359266,0,1562,3,1562
J_002428,30,0.003,0.00019072005217733143,0,1628,0,1628
J_002429,30,0.003,0.0002197479850582612,0,1565,2,1565
J_002430,30,0.003,0.00018650998748878376,0,1559,4,1559
J_002431,30,0.003,0.00018871235570930235,0,1505,7,1505
J_002432,30,0.003,0.00018893807849001542,0,1559,4,1559
J_002433,30,0.003,0.0001866283265320794,0,1562,3,1562
J_002434,30,0.003,0.00017747535693299202,0,3102,6,1531
J_002435,30,0.003,0.00019057135605936976,0,1628,0,1628
J_002436,30,0.003,0.00020028260441725898,0,1550,5,1550
J_002437,30,0.003,0.00018659193770556614,0,1562,3,1562
J_002438,30,0.003,0.0001912900742708072,0,1628,0,1628
J_002439,30,0.003,0.00017616665021303704,0,3102,1,1571
J_002440,30,0.003,0.00019096224228008928,0,3102,1,1571
J_002441,30,0.003,0.00017979450430730357,0,3102,6,1531
J_002442,30,0.003,0.00020474688633714252,0,1550,5,1550
J_002443,30,0.003,0.00018959805897450084,0,1628,0,1628
J_002444,30,0.003,0.00018838549465441032,0,1562,3,1562
J_002445,30,0.003,0.000177347622979105,0,1505,7,1505
J_002446,30,0.003,0.00019527914101835403,0,1550,5,1550
J_002447,30,0.003,0.00019955671891053715,0,1550,5,1550
J_002448,30,0.003,0.00021136335168455046,0,1565,2,1565
J_002449,30,0.003,0.00018185081643662306,0,3102,6,1531
J_002450,30,0.003,0.00018129314528959526,0,3102,1,1571
J_002451,30,0.003,0.00020372897187814258,0,1562,3,1562
J_002452,30,0.003,0.00020612682865689354,0,1550,5,1550
J_002453,30,0.003,0.00019004678029225095,0,1628,0,1628
J_002454,30,0.003,0.0001834562425724169,0,3102,1,1571
J_002455,30,0.003,0.00018610687948619466,0,1562,3,1562
J_002456,30,0.003,0.0001929351069629044,0,1550,5,1550
J_002457,30,0.003,0.00019484820726956925,0,1628,0,1628
J_002458,30,0.003,0.00019149383584211326,0,1562,3,1562
J_002459,30,0.003,0.0001840491567775347,0,1559,4,1559
J_002460,30,0.003,0.00019961770804921745,0,1565,2,1565
J_002461,30,0.003,0.00017819501645239527,0,3102,6,1531
J_002462,30,0.003,0.00018522921176797447,0,1559,4,1559
J_002463,30,0.003,0.00019327031280907953,0,1628,0,1628
J_002464,30,0.003,0.0001864170248383703,0,3102,1,1571
J_002465,30,0.003,0.0002094336072390907,0,1550,5,1550
J_002466,30,0.003,0.00018576852405803563,0,1505,7,1505
J_002467,30,0.003,0.00019239673900229253,0,3102,6,1531
J_002468,30,0.003,0.00018088335676834616,0,3102,6,1531
J_002469,30,0.003,0.00018306747417010238,0,3102,6,1531
J_002470,30,0.003,0.00020746456770894756,0,1550,5,1550
J_002471,30,0.003,0.0001762063627312486,0,3102,1,1571
J_002472,30,0.003,0.00018294996867658714,0,1505,7,1505
J_002473,30,0.003,0.00020153174838078458,0,1550,5,1550
J_002474,30,0.003,0.00017697895082810478,0,1505,7,1505
J_002475,30,0.003,0.00021426883456999218,0,1565,2,1565
J_002476,30,0.003,0.00018932583955295895,0,1628,0,1628
J_002477,30,0.003,0.00017831414742466213,0,3102,6,1531
J_002478,30,0.003,0.00019899636264361555,0,1628,0,1628
J_002479,30,0.003,0.00017577050843105613,0,3102,6,1531
J_002480,30,0.003,0.0001731517254123623,0,1505,7,1505
J_002481,30,0.003,0.0001955741291053458,0,3102,6,1531
J_002482,30,0.003,0.00018553194862054278,0,1562,3,1562
J_002483,30,0.003,0.00019865998130717688,0,1628,0,1628
J_002484,30,0.003,0.00019501135711346863,0,1562,3,1562
J_002485,30,0.003,0.00019722449363781104,0,1562,3,1562
J_002486,30,0.003,0.00018669487346949487,0,3102,1,1571
J_002487,30,0.003,0.00017946217630065213,0,1505,7,1505
J_002488,30,0.003,0.0001817808780772248,0,1559,4,1559
J_002489,30,0.003,0.00018223764360518921,0,1505,7,1505
J_002490,30,0.003,0.00017316912162968715,0,3102,1,1571
J_002491,30,0.003,0.00018735769952872434,0,1628,0,1628
J_002492,30,0.003,0.00017583796446925387,0,3102,6,1531
J_002493,30,0.003,0.00017593877758595927,0,3102,1,1571
J_002494,30,0.003,0.00018580243314581877,0,3102,1,1571
J_002495,30,0.003,0.00019163632766827957,0,1550,5,1550
J_002496,30,0.003,0.00019187718451491438,0,1559,4,1559
J_002497,30,0.003,0.00020209431670131133,0,1565,2,1565
J_002498,30,0.003,0.0002069951539476188,0,1565,2,1565
J_002499,30,0.003,0.00018545204264801572,0,1628,0,1628
